a,a
a capella,akapEla
a cappella,akapEla
a contrario,ak§tRaRjo
a fortiori,afORsjoRi
a giorno,adZjORno
a l'instar,al5staR
a posteriori,apOsteRjoRi
a priori,apRijoRi
aa,aa
ab absurdo,abapsuRdo
ab initio,abinisjo
ab ovo,abovo
abaca,abaka
abaissant,abEs@
abaisse,abEs
abaisse-langue,abEsl@g
abaissement,abEs°m@
abaisser,abese
abaissé,abese
abalone,abalOn
abandon,ab@d§
abandonner,ab@done
abandonnique,ab@donik
abandonné,ab@done
abaque,abak
abasourdi,abazuRdi
abasourdir,abazuRdiR
abasourdissant,abazuRdis@
abat,aba
abat-jour,abaZuR
abat-son,abas§
abatage,abataZ
abatis,abati
abattage,abataZ
abattant,abat@
abattement,abat°m@
abatteur,abat9R
abattis,abati
abattoir,abatwaR
abattre,abatR
abattu,abaty
abbatial,abasjal
abbatiale,abasjal
abbaye,abei
abbé,abe
abc,abese
abcès,apsE
abdication,abdikasj§
abdiquer,abdike
abdomen,abdomEn
abdominal,abdominal
abdos,abdo
abducteur,abdykt9R
abduction,abdyksj§
abeille,abEj
aber,abe
aberrant,abER@
aberration,abERasj§
abhorrer,abORe
abhorré,abORe
abject,abZEkt
abjectement,abZEkt°m@
abjection,abZEksj§
abjuration,abZyRasj§
abjurer,abZyRe
abkhaze,abkaz
ablatif,ablatif
ablation,ablasj§
able,abl
ablette,ablEt
ablution,ablysj§
abnégation,abnegasj§
aboi,abwa
aboiement,abwam@
aboli,aboli
abolir,aboliR
abolition,abolisj§
abolitionniste,abolisjonist
abominable,abominabl
abominablement,abominabl°m@
abomination,abominasj§
abominer,abomine
abondamment,ab§dam@
abondance,ab§d@s
abondant,ab§d@
abonder,ab§de
abonnement,abOn°m@
abonner,abone
abonné,abone
abord,abOR
abordable,abORdabl
abordage,abORdaZ
aborder,abORde
abordé,abORde
aborigène,aboRiZEn
abornement,abORn°m@
abortif,abORtif
aboucher,abuSe
abouler,abule
aboulie,abuli
aboulique,abulik
about,abu
abouti,abuti
aboutir,abutiR
aboutissant,abutis@
aboutissement,abutis°m@
aboyant,abwaj@
aboyer,abwaje
aboyeur,abwaj9R
abracadabra,abRakadabRa
abracadabrant,abRakadabR@
abrasif,abRazif
abrasion,abRazj§
abraxas,abRaksas
abreuvage,abR9vaZ
abreuver,abR9ve
abreuvoir,abR9vwaR
abreuvé,abR9ve
abri,abRi
abri-refuge,abRiR°fyZ
abribus,abRibys
abricot,abRiko
abricotier,abRikotje
abricotine,abRikotin
abritant,abRit@
abriter,abRite
abrité,abRite
abrogation,abRogasj§
abroger,abRoZe
abrogé,abRoZe
abrupt,abRypt
abruptement,abRypt°m@
abruti,abRyti
abrutir,abRytiR
abrutissant,abRytis@
abrutissement,abRytis°m@
abrutisseur,abRytis9R
abréger,abReZe
abrégé,abReZe
abréviatif,abRevjatif
abréviation,abRevjasj§
abscisse,apsis
abscission,apsisj§
abscons,apsk§
absence,aps@s
absent,aps@
absenter,aps@te
absentéisme,aps@teizm
absentéiste,aps@teist
abside,apsid
absidiole,apsidjOl
absinthe,aps5t
absolu,apsoly
absolument,apsolym@
absolution,apsolysj§
absolutisme,apsolytizm
absolvant,apsOlv@
absorbant,apsORb@
absorber,apsORbe
absorbeur,apsORb9R
absorbé,apsORbe
absorption,apsORpsj§
absoudre,apsudR
absous,apsu
absoute,apsut
abstenir,apst°niR
abstention,apst@sj§
abstentionniste,apst@sjonist
abstinence,apstin@s
abstinent,apstin@
abstraction,apstRaksj§
abstraire,apstRER
abstrait,apstRE
abstraitement,apstREt°m@
abstrus,apstRy
absurde,apsyRd
absurdement,apsyRd°m@
absurdité,apsyRdite
abus,aby
abuser,abyze
abuseur,abyz9R
abusif,abyzif
abusivement,abyziv°m@
abusé,abyze
abyme,abim
abyssal,abisal
abysse,abis
abyssin,abis5
abyssinien,abisinj5
abâtardir,abataRdiR
abécédaire,abesedER
abêti,abeti
abêtir,abetiR
abêtissement,abetis°m@
abîme,abim
abîmer,abime
acabit,akabi
acacia,akasja
acadien,akadj5
acadienne,akadjEn
académicien,akademisj5
académie,akademi
académique,akademik
académiquement,akademik°m@
académisme,akademizm
acagnarder,akaNaRde
acajou,akaZu
acanthe,ak@t
acariâtre,akaRjatR
accablant,akabl@
accablement,akabl°m@
accabler,akable
accablé,akable
accalmie,akalmi
accaparant,akapaR@
accaparer,akapaRe
accapareur,akapaR9R
accastillage,akastijaZ
accelerando,akseleRando
accent,aks@
accenteur,aks@t9R
accentuation,aks@t8asj§
accentuer,aks@t8e
accentué,aks@t8e
acceptable,aksEptabl
acceptant,aksEpt@
acceptation,aksEptasj§
accepter,aksEpte
acception,aksEpsj§
accessibilité,aksEsibilite
accessible,aksesibl
accession,aksEsj§
accessit,aksesit
accessoire,akseswaR
accessoirement,akseswaR°m@
accessoiriser,aksEswaRize
accessoiriste,akseswaRist
accident,aksid@
accidentel,aksid@tEl
accidentellement,aksid@tEl°m@
accidenter,aksid@te
accidenté,aksid@te
acclamation,aklamasj§
acclamer,aklame
acclimatation,aklimatasj§
acclimatement,aklimat°m@
acclimater,aklimate
accointance,akw5t@s
accolade,akolad
accolement,akOl°m@
accoler,akole
accommodant,akomod@
accommodation,akomodasj§
accommodement,akomOd°m@
accommoder,akomode
accompagnant,ak§paN@
accompagnateur,ak§paNat9R
accompagnement,ak§paN°m@
accompagner,ak§paNe
accompagné,ak§paNe
accompli,ak§pli
accomplir,ak§pliR
accomplissement,ak§plis°m@
accord,akOR
accordailles,akORdaj
accordement,akORd°m@
accorder,akORde
accordeur,akORd9R
accordo,akORdo
accordé,akORde
accordéon,akORde§
accordéoniste,akORdeonist
accore,akOR
accort,akOR
accostage,akOstaZ
accostant,akOst@
accoster,akOste
accotement,akOt°m@
accoter,akote
accouchant,akuS@
accouchement,akuS°m@
accoucher,akuSe
accoucheur,akuS9R
accouchée,akuSe
accouder,akude
accoudoir,akudwaR
accoudé,akude
accouplement,akupl°m@
accoupler,akuple
accourir,akuRiR
accoutrement,akutR°m@
accoutré,akutRe
accoutumance,akutym@s
accoutumer,akutyme
accoutumé,akutyme
accro,akRo
accroc,akRo
accrochage,akRoSaZ
accrochant,akRoS@
accroche,akROS
accroche-coeur,akROSk9R
accrocher,akRoSe
accrocheur,akRoS9R
accroché,akRoSe
accroire,akRwaR
accroissement,akRwas°m@
accroupi,akRupi
accroupir,akRupiR
accroupissement,akRupis°m@
accroître,akRwatR
accru,akRy
accrue,akRy
accréditation,akReditasj§
accréditer,akRedite
accréditif,akReditif
accrédité,akRedite
accrétion,akResj§
accu,aky
accueil,ak9j
accueillant,ak9j@
accueillir,ak9jiR
acculer,akyle
acculturation,akyltyRasj§
acculé,akyle
accumulateur,akymylat9R
accumulation,akymylasj§
accumuler,akymyle
accusateur,akyzat9R
accusatif,akyzatif
accusation,akyzasj§
accusatoire,akyzatwaR
accuser,akyze
accusé,akyze
accès,aksE
accéder,aksede
accélérant,akseleR@
accélérateur,akseleRat9R
accélération,akseleRasj§
accélérer,akseleRe
accéléré,akseleRe
ace,Ejs
acellulaire,aselylER
acerbe,asERb
acerbité,asERbite
acetabulum,asetabylOm
achalandage,aSal@daZ
achalandé,aSal@de
achaler,aSale
achards,aSaR
acharnement,aSaRn°m@
acharner,aSaRne
acharné,aSaRne
achat,aSa
ache,aS
acheminement,aS°min°m@
acheminer,aS°mine
achetable,aS°tabl
acheter,aS°te
acheteur,aS°t9R
achever,aS°ve
achevé,aS°ve
achillée,akile
achondroplasie,ak§dRoplazi
achoppement,aSOp°m@
achopper,aSOpe
achèvement,aSEv°m@
achélème,akelEm
acid jazz,asiddZaz
acide,asid
acidité,asidite
acidocétose,asidosetoz
acidose,asidoz
acidulé,asidyle
acier,asje
aciérie,asjeRi
acmé,akme
acné,akne
acolyte,akolit
acompte,ak§t
aconit,akonit
acoquiner,akokine
acouphène,akufEn
acoustique,akustik
acqua-toffana,akwatofana
acquiescement,akjEs°m@
acquiescer,akjese
acquis,aki
acquisition,akizisj§
acquit,aki
acquittement,akit°m@
acquitter,akite
acquitté,akite
acquéreur,akeR9R
acquérir,akeRiR
acquêt,akE
acra,akRa
acre,akR
acrimonie,akRimoni
acrimonieusement,akRimonj2z°m@
acrimonieux,akRimonj2
acrobate,akRobat
acrobatie,akRobasi
acrobatique,akRobatik
acrobatiquement,akRobatik°m@
acrocéphale,akRosefal
acromion,akRomj§
acronyme,akRonim
acrophobie,akRofobi
acropole,akRopOl
acrostiche,akROstiS
acrotère,akRotER
acrylique,akRilik
acrylonitrile,akRilonitRil
acré,akRe
acte,akt
acteur,akt9R
actif,aktif
actine,aktin
action,aksj§
action painting,akSj9npEjntiG
actionnaire,aksjonER
actionnariat,aksjOnaRja
actionnement,aksjOn°m@
actionner,aksjone
actionneur,aksjOn9R
activant,aktiv@
activateur,aktivat9R
activation,aktivasj§
activement,aktiv°m@
activer,aktive
activisme,aktivizm
activiste,aktivist
activité,aktivite
activé,aktive
actuaire,akt8ER
actualisation,akt8alizasj§
actualiser,akt8alize
actualité,akt8alite
actuariel,aktyaRjEl
actuation,akt8asj§
actuel,akt8El
actuellement,akt8El°m@
acuité,ak8ite
acumen,akymEn
acuponcteur,akyp§kt9R
acuponcture,akyp§ktyR
acupuncteur,akyp§kt9R
acupuncture,akyp§ktyR
acéphale,asefal
acéré,aseRe
acétate,asetat
acétique,asetik
acétone,asetOn
acétylcholine,asetilkolin
acétylsalicylique,asetilsalisilik
acétylène,asetilEn
ad hoc,adOk
ad infinitum,ad5finitOm
ad libitum,adlibitOm
ad limina,adlimina
ad majorem dei gloriam,admaZoREmdeigloRjam
ad nutum,adnutOm
ad patres,adpatREs
ad vitam aeternam,advitametERnam
ada,ada
adage,adaZ
adagio,adadZjo
adamantin,adam@t5
adamique,adamik
adaptabilité,adaptabilite
adaptable,adaptabl
adaptateur,adaptat9R
adaptatif,adaptatif
adaptation,adaptasj§
adapter,adapte
addenda,ad5da
addendum,ad5dOm
addiction,adiksj§
additif,aditif
addition,adisj§
additionnel,adisjonEl
additionner,adisjone
adducteur,adykt9R
adduction,adyksj§
adent,ad@
adepte,adEpt
adhérence,adeR@s
adhérent,adeR@
adhérer,adeRe
adhésif,adezif
adhésion,adezj§
adieu,adj2
adipeux,adip2
adipique,adipik
adiposité,adipozite
adja,adZa
adjacent,adZas@
adjectif,adZEktif
adjoindre,adZw5dR
adjoint,adZw5
adjonction,adZ§ksj§
adjudant,adZyd@
adjudant-chef,adZyd@SEf
adjudant-major,adZyd@maZOR
adjudication,adZydikasj§
adjuger,adZyZe
adjupète,adZypEt
adjuration,adZyRasj§
adjurer,adZyRe
adjutrice,adZytRis
admettre,admEtR
administrant,administR@
administrateur,administRat9R
administratif,administRatif
administration,administRasj§
administrativement,administRativ°m@
administrer,administRe
administré,administRe
admirable,admiRabl
admirablement,admiRabl°m@
admirateur,admiRat9R
admiratif,admiRatif
admiration,admiRasj§
admirativement,admiRativ°m@
admirer,admiRe
admis,admi
admissibilité,admisibilite
admissible,admisibl
admission,admisj§
admixtion,admiksj§
admonestation,admonEstasj§
admonester,admonEste
admonition,admonisj§
ado,ado
adobe,adOb
adolescence,adoles@s
adolescent,adoles@
adon,ad§
adonc,ad§k
adoncques,ad§k
adonies,adoni
adonis,adonis
adonner,adone
adoptable,adOptabl
adoptant,adOpt@
adopter,adOpte
adoptif,adOptif
adoption,adOpsj§
adopté,adOpte
adorable,adoRabl
adorablement,adoRabl°m@
adorant,adoR@
adorateur,adoRat9R
adoration,adoRasj§
adorer,adoRe
ados,ado
adosser,adose
adossé,adose
adoubement,adub°m@
adouber,adube
adouci,adusi
adoucir,adusiR
adoucissant,adusis@
adoucissement,adusis°m@
adoucisseur,adusis9R
adp,adepe
adressage,adResaZ
adresse,adREs
adresser,adRese
adret,adRE
adriatique,adRijatik
adroit,adRwa
adroitement,adRwat°m@
adrénaline,adRenalin
adulateur,adylat9R
adulation,adylasj§
aduler,adyle
adultat,adylta
adulte,adylt
adultère,adyltER
adultération,adylteRasj§
adultérin,adylteR5
advenir,adv°niR
adventiste,adv@tist
adverbe,advERb
adversaire,advERsER
adverse,advERs
adversité,advERsite
adénine,adenin
adénocarcinome,adenokaRsinom
adénome,adenom
adénopathie,adenopati
adénosine,adenozin
adénovirus,adenoviRys
adéquat,adekwa
adéquatement,adekwat°m@
adéquation,adekwasj§
affabilité,afabilite
affable,afabl
affablement,afabl°m@
affabulation,afabylasj§
affabuler,afabyle
affacturage,afaktyRaZ
affadir,afadiR
affadissement,afadis°m@
affaibli,afEbli
affaiblir,afebliR
affaiblissant,afeblis@
affaiblissement,afeblis°m@
affaire,afER
affairement,afER°m@
affairer,afERe
affairisme,afERizm
affairiste,afeRist
affairé,afeRe
affaissement,afEs°m@
affaisser,afese
affalement,afal°m@
affaler,afale
affamer,afame
affamé,afame
affect,afEkt
affectation,afEktasj§
affecter,afEkte
affectif,afEktif
affection,afEksj§
affectionner,afEksjone
affectionné,afEksjone
affectivement,afEktiv°m@
affectivité,afEktivite
affectueusement,afEkt82z°m@
affectueux,afEkt82
affecté,afEkte
affermir,afERmiR
affermissement,afERmis°m@
affichage,afiSaZ
affichant,afiS@
affiche,afiS
afficher,afiSe
affichette,afiSEt
afficheur,afiS9R
affichiste,afiSist
affidavit,afidavi
affidé,afide
affiler,afile
affiliation,afiljasj§
affilier,afilje
affilié,afilje
affilé,afile
affin,af5
affinage,afinaZ
affinement,afin°m@
affiner,afine
affinité,afinite
affiné,afine
affirmatif,afiRmatif
affirmation,afiRmasj§
affirmative,afiRmativ
affirmativement,afiRmativ°m@
affirmer,afiRme
affixé,afikse
affleurant,afl9R@
affleurement,afl9R°m@
affleurer,afl9Re
affliction,afliksj§
affligeant,afliZ@
affliger,afliZe
affligé,afliZe
affluence,afly@s
affluent,afly@
affluer,aflye
afflux,afly
affolant,afol@
affolement,afOl°m@
affoler,afole
affolé,afole
affouage,afwaZ
affouillement,afuj°m@
affranchi,afR@Si
affranchir,afR@SiR
affranchissement,afR@Sism@
affreusement,afR2z°m@
affreux,afR2
affriander,afRij@de
affriolant,afRijol@
affrioler,afRijole
affront,afR§
affrontement,afR§t°m@
affronter,afR§te
affrètement,afREt°m@
affréter,afRete
affréteur,afRet9R
affublement,afybl°m@
affubler,afyble
affublé,afyble
affurer,afyRe
afférent,afeR@
afféterie,afet°Ri
affût,afy
affûtage,afytaZ
affûter,afyte
affûteur,afyt9R
afghan,afg@
aficionado,afisjonado
afin,af5
afin d,af5d
afin de,af5d°
afin qu,af5k8y
afin que,af5k
africain,afRik5
africanisme,afRikanism
afrikaans,afRik@s
afrikaner,afRikan9R
afro,afRo
afro-américain,afRoameRik5
afro-asiatique,afRoazjatik
afro-cubain,afRokyb5
after-shave,aft9RSav
aga,aga
agace,agas
agacement,agas°m@
agacer,agase
agacerie,agas°Ri
agaceur,agas9R
agami,agami
agapanthe,agap@t
agape,agap
agar-agar,agaRagaR
agate,agat
agathe,agat
agave,agav
agaçant,agas@
age,aZ
agence,aZ@s
agencement,aZ@s°m@
agencer,aZ@se
agenda,aZ5da
agenouillement,aZnuj°m@
agenouiller,aZ°nuje
agenouillé,aZ°nuje
agent,aZ@
aggiornamento,aZjORnamEnto
agglo,aglo
agglomérat,aglomeRa
agglomération,aglomeRasj§
agglomérer,aglomeRe
aggloméré,aglomeRe
agglutinatif,aglytinatif
agglutination,aglytinasj§
agglutinement,aglytin°m@
agglutiner,aglytine
agglutinogène,aglytinoZEn
aggravation,agRavasj§
aggrave,agRav
aggraver,agRave
aggravée,agRave
agile,aZil
agilité,aZilite
agioteur,aZjot9R
agir,aZiR
agissant,aZis@
agissement,aZis°m@
agit-prop,aZitpROp
agitant,aZit@
agitateur,aZitat9R
agitation,aZitasj§
agitato,aZitato
agiter,aZite
agité,aZite
aglagla,aglagla
agnat,aNa
agneau,aNo
agnelage,aN2laZ
agnelet,aN2lE
agneline,aN2lin
agnosie,agnozi
agnostique,agnostik
agnus dei,agnusdei
agnus-dei,agnusdei
agonie,agoni
agonique,agonik
agonir,agoniR
agonisant,agoniz@
agoniser,agonize
agoniste,agonist
agora,agoRa
agoraphobe,agoRafOb
agoraphobie,agoRafobi
agouti,aguti
agoyate,agojat
agrafage,agRafaZ
agrafe,agRaf
agrafer,agRafe
agrafeur,agRaf9R
agrafeuse,agRaf2z
agrainage,agREnaZ
agraire,agRER
agrandir,agR@diR
agrandissement,agR@dis°m@
agrandisseur,agR@dis9R
agranulocytose,agRanylositoz
agrarien,agRaRj5
agresser,agRese
agresseur,agREs9R
agressif,agREsif
agression,agREsj§
agressivement,agResiv°m@
agressivité,agResivite
agreste,agREst
agricole,agRikOl
agriculteur,agRikylt9R
agriculture,agRikyltyR
agrippant,agRip@
agrippement,agRip°m@
agripper,agRipe
agro,agRo
agro-alimentaire,agRoalim@tER
agroalimentaire,agRoalim@tER
agronome,agRonom
agronomie,agRonomi
agronomique,agRonomik
agrume,agRym
agrès,agRE
agréable,agReabl
agréablement,agReabl°m@
agréer,agRee
agrég,agReg
agrégat,agRega
agrégatif,agRegatif
agrégation,agRegasj§
agrégative,agRegativ
agréger,agReZe
agrégé,agReZe
agrément,agRem@
agrémenter,agRem@te
agrémenté,agRem@te
agréé,agRee
aguardiente,agwaRdjEnte
aguerri,agERi
aguerrir,ageRiR
aguichage,agiSaZ
aguichant,agiS@
aguiche,agiS
aguicher,agiSe
aguicheur,agiS9R
ah,a
ahan,a@
ahanant,aan@
ahanement,aan°m@
ahaner,aane
ahi,ai
ahou,au
ahuri,ayRi
ahurir,ayRiR
ahurissant,ayRis@
ahurissement,ayRis°m@
aicher,ESe
aide,Ed
aide-bourreau,EdbuRo
aide-comptable,Edk§tabl
aide-cuisinier,Edk8izinje
aide-infirmier,Ed5fiRmje
aide-jardinier,EdZaRdinje
aide-major,EdmaZOR
aide-mémoire,EdmemwaR
aide-ménagère,EdmenaZER
aide-pharmacien,EdfaRmasj5
aide-soignant,EdswaN@
aider,ede
aigle,Egl
aiglefin,Egl°f5
aiglon,Egl§
aigre,EgR
aigre-doux,EgR°du
aigrelet,EgR°lE
aigrement,EgR°m@
aigrette,EgREt
aigreur,EgR9R
aigri,egRi
aigrir,egRiR
aigu,egy
aiguade,Egad
aiguail,Egaj
aigue-marine,EgmaRin
aiguillage,eg8ijaZ
aiguillat,eg8ija
aiguille,eg8ij
aiguiller,eg8ije
aiguilleur,eg8ij9R
aiguillon,eg8ij§
aiguillonner,eg8ijone
aiguillée,eg8ije
aiguiser,egize
aiguiseur,egiz9R
aiguisoir,egizwaR
aiguisé,egize
aiguière,EgjER
ail,aj
aile,El
aileron,El°R§
ailette,ElEt
ailier,elje
ailler,aje
ailleurs,aj9R
ailé,ele
aimable,Emabl
aimablement,Emabl°m@
aimant,Em@
aimantation,Em@tasj§
aimanter,Em@te
aimer,eme
aimé,eme
aine,En
ains,5s
ainsi,5si
air,ER
air bag,ERbag
air-air,ERER
air-mer,ERmER
air-sol,ERsOl
airain,ER5
airbag,ERbag
airbus,ERbys
aire,ER
airedale,ERdEl
airelle,EREl
ais,e
aisance,Ez@s
aise,Ez
aisseau,Eso
aisselle,EsEl
aisé,eze
aisément,ezem@
aixois,Ekswa
ajaccienne,aZaksjEn
ajax,aZaks
ajointer,aZw5te
ajonc,aZ§
ajournement,aZuRn°m@
ajourner,aZuRne
ajourné,aZuRne
ajouré,aZuRe
ajout,aZu
ajoute,aZut
ajouter,aZute
ajouté,aZute
ajustable,aZystabl
ajustage,aZystaZ
ajustement,aZyst°m@
ajuster,aZyste
ajusteur,aZyst9R
ajusture,aZystyR
ajusté,aZyste
ajutage,aZytaZ
akkadien,akadj5
akkadienne,akadjEn
ako,ako
akvavit,akvavit
al dente,aldEnte
alacrité,alakRite
alain,al5
alaire,alER
alaise,alEz
alambic,al@bik
alangui,al@gi
alanguir,al@giR
alanguissement,al@gis°m@
alarmant,alaRm@
alarme,alaRm
alarmer,alaRme
alarmisme,alaRmizm
alarmiste,alaRmist
alba,alba
albacore,albakOR
albanais,albanE
albanophone,albanofOn
albatros,albatRos
albe,alb
albertine,albERtin
albigeois,albiZwa
albinisme,albinism
albinos,albinos
alboche,albOS
albugo,albygo
album,albOm
albumine,albymin
albâtre,albatR
albène,albEn
alcade,alkad
alcalde,alkald
alcali,alkali
alcalin,alkal5
alcaliniser,alkalinize
alcalinité,alkalinite
alcalose,alkaloz
alcaloïde,alkaloid
alcatraz,alkatRaz
alcazar,alkazaR
alchimie,alSimi
alchimique,alSimik
alchimiste,alSimist
alcibiade,alsibjad
alcool,alkOl
alcoolique,alkolik
alcoolisme,alkolizm
alcoolisé,alkolize
alcoolo,alkolo
alcoolémie,alkolemi
alcoomètre,alkomEtR
alcootest,alkotEst
alcoran,alkoR@
alcyon,alsj§
alcôve,alkov
alde,ald
alderman,aldERman
aldol,aldOl
aldéhyde,aldeid
ale,al
alea jacta est,aleaZaktaEst
alentour,al@tuR
alençonnais,al@sonE
aleph,alEf
alerte,alERt
alertement,alERt°m@
alerter,alERte
alerté,alERte
alevin,al°v5
alexandra,alEks@dRa
alexandrin,alEks@dR5
alexie,alEksi
alexithymie,alEksitimi
alezan,al°z@
alfa,alfa
algarade,algaRad
algie,alZi
algonquin,alg§k5
algorithme,algoRitm
algorithmique,algoRitmik
algue,alg
algèbre,alZEbR
algébrique,alZebRik
algébriquement,alZebRik°m@
algébriste,alZebRist
algérien,alZeRj5
algérois,alZeRwa
alhambra,al@bRa
alias,aljas
alibi,alibi
alidade,alidad
alignement,aliN°m@
aligner,aliNe
aligné,aliNe
aligot,aligo
aligoté,aligote
alim,alim
aliment,alim@
alimentaire,alim@tER
alimentation,alim@tasj§
alimenter,alim@te
alinéa,alinea
alise,aliz
alisier,alizje
alitement,alit°m@
aliter,alite
alizé,alize
aliénant,aljen@
aliénation,aljenasj§
aliéner,aljene
aliéniste,aljenist
aliéné,aljene
alkali,alkali
all right,alRajt
allaitant,alEt@
allaitement,alEt°m@
allaiter,alete
allant,al@
allegretto,alEgREto
allegro,alEgRo
allemagne,al°maN
allemand,al°m@
aller,ale
aller-retour,aleR°tuR
allergie,alERZi
allergique,alERZik
allergologie,alERgOlOZi
allergologue,alERgolOg
allergène,alERZEn
alliacé,aljase
alliage,aljaZ
alliance,alj@s
allier,alje
alligator,aligatOR
allitératif,aliteRatif
allitération,aliteRasj§
allium,aljOm
allié,alje
allo,alo
allobarbital,alobaRbital
alloc,alOk
allocation,alokasj§
allocations,alokasj§
allochtone,alOktOn
allocution,alokysj§
allogreffe,alOgREf
allonge,al§Z
allongement,al§Z°m@
allonger,al§Ze
allongé,al§Ze
allopathie,alopati
allostérique,alOsteRik
allouer,alwe
allumage,alymaZ
allume-cigare,alymsigaR
allume-cigares,alymsigaR
allume-feu,alymf2
allume-gaz,alymgaz
allumer,alyme
allumette,alymEt
allumeur,alym9R
allumoir,alymwaR
allumé,alyme
allure,alyR
alluré,alyRe
allusif,alyzif
allusion,alyzj§
allusivement,alyziv°m@
alluvion,alyvj§
allègement,alEZ°m@
allègre,alEgR
allègrement,alEgR°m@
allèle,alEl
alléchant,aleS@
allécher,aleSe
allée,ale
allégation,alegasj§
allégeance,aleZ@s
allégement,alEZ°m@
alléger,aleZe
allégorie,alegoRi
allégorique,alegoRik
allégoriquement,alegoRik°m@
allégrement,alEgR°m@
allégresse,alegREs
alléguer,alege
alléluia,aleluja
allô,alo
alma,alma
almanach,almanak
almohade,almoad
almée,alme
aloi,alwa
alopécie,alopesi
alors,alOR
alose,aloz
alouette,alwEt
alourdir,aluRdiR
alourdissement,aluRdis°m@
aloyau,alwajo
aloès,aloEs
alpaga,alpaga
alpage,alpaZ
alpaguer,alpage
alpe,alp
alpenstock,alp@stOk
alpestre,alpEstR
alpha,alfa
alphabet,alfabE
alphabétique,alfabetik
alphabétiquement,alfabetik°m@
alphabétisation,alfabetizasj§
alphabétiser,alfabetize
alphabétisé,alfabetize
alphanumérique,alfanymeRik
alpin,alp5
alpinisme,alpinizm
alpiniste,alpinist
alsacien,alzasj5
alstonia,alstonja
alter,altER
alter ego,altERego
altercation,altERkasj§
alternance,altERn@s
alternant,altERn@
alternateur,altERnat9R
alternatif,altERnatif
alternative,altERnativ
alternativement,altERnativ°m@
alterne,altERn
alterner,altERne
alterné,altERne
altesse,altEs
althaea,altea
altier,altje
altimètre,altimEtR
altitude,altityd
altièrement,altjER°m@
alto,alto
altruisme,altR8izm
altruiste,altR8ist
altuglas,altyglas
altérable,alteRabl
altération,alteRasj§
altérer,alteRe
altérité,alteRite
altéré,alteRe
alu,aly
aluette,al8Et
aluminium,alyminjOm
alun,al1
alunir,alyniR
alunissage,alynisaZ
alvar,alvaR
alvin,alv5
alvéolaire,alveOlER
alvéole,alveOl
alvéolé,alveole
alysse,alis
alène,alEn
alèse,alEz
alèze,alEz
aléa,alea
aléatoire,aleatwaR
aléatoirement,aleatwaR°m@
aléoutien,aleusj5
aléser,aleze
am stram gram,amstRamgRam
amabilité,amabilite
amadou,amadu
amadouer,amadwe
amaigri,amegRi
amaigrissant,amegRis@
amaigrissement,amegRis°m@
amalgame,amalgam
amalgamer,amalgame
aman,am@
amande,am@d
amandier,am@dje
amandine,am@din
amanite,amanit
amant,am@
amante,am@t
amarante,amaR@t
amaro,amaRo
amarrage,amaRaZ
amarre,amaR
amarrer,amaRe
amaryllis,amaRilis
amas,ama
amasser,amase
amateur,amat9R
amateurisme,amat9Rizm
amaurose,amoRoz
amazone,amazon
amazonien,amazonj5
ambages,@baZ
ambassade,@basad
ambassadeur,@basad9R
ambiance,@bj@s
ambiant,@bj@
ambidextre,@bidEkstR
ambigu,@bigy
ambiguïté,@big8ite
ambitieux,@bisj2
ambition,@bisj§
ambitionner,@bisjone
ambivalence,@bival@s
ambivalent,@bival@
amble,@bl
ambler,@ble
amboine,@bwan
ambon,@b§
ambre,@bR
ambrer,@bRe
ambroisie,@bRwazi
ambré,@bRe
ambulance,@byl@s
ambulancier,@byl@sje
ambulant,@byl@
ambulatoire,@bylatwaR
amen,amEn
amende,am@d
amendement,am@d°m@
amender,am@de
amener,am°ne
amenuisement,am2n8iz°m@
amenuiser,am2n8ize
amenée,am°ne
amer,amER
amerlo,amERlo
amerloque,amERlOk
amerrir,ameRiR
amerrissage,amERisaZ
amertume,amERtym
ameublement,am9bl°m@
ameuter,am2te
amharique,amaRik
ami,ami
amiable,amjabl
amiante,amj@t
amibe,amib
amical,amikal
amicale,amikal
amicalement,amikal°m@
amidon,amid§
amidonner,amidone
amignoter,amiNote
amigo,amigo
aminci,am5si
amincir,am5siR
amincissant,am5sis@
amincissement,am5sis°m@
amine,amin
aminophylline,aminofilin
aminé,amine
amiral,amiRal
amirauté,amiRote
amish,amiS
amitié,amitje
ammoniac,amonjak
ammoniaque,amonjak
ammoniaqué,amonjake
ammonite,amonit
ammonitrate,amOnitRat
ammonium,amonjOm
amniocentèse,amnjos5tEz
amnios,amnjos
amniotique,amnjotik
amnistiable,amnistjabl
amnistie,amnisti
amnistier,amnistje
amnistié,amnistje
amnésie,amnezi
amnésique,amnezik
amocher,amoSe
amoindrir,amw5dRiR
amoindrissement,amw5dRis°m@
amok,amOk
amollir,amoliR
amollissant,amolis@
amollissement,amolis°m@
amonceler,am§s°le
amoncellement,am§sEl°m@
amont,am§
amontillado,am§tijado
amoral,amoRal
amoraliste,amORalist
amoralité,amoRalite
amorce,amORs
amorcer,amORse
amoroso,amoRozo
amorphe,amORf
amorti,amORti
amortir,amORtiR
amortissement,amORtis°m@
amortisseur,amORtis9R
amorçage,amORsaZ
amorçoir,amORswaR
amour,amuR
amour-goût,amuRgu
amour-passion,amuRpasj§
amour-propre,amuRpROpR
amouracher,amuRaSe
amourer,amuRe
amourette,amuREt
amoureusement,amuR2z°m@
amoureux,amuR2
amovible,amovibl
amphi,@fi
amphibie,@fibi
amphibien,@fibj5
amphigouri,@figuRi
amphigourique,@figuRik
amphithéâtre,@fiteatR
amphitrite,@fitRit
amphitryon,@fitRi§
amphore,@fOR
amphétamine,@fetamin
ample,@pl
amplement,@pl°m@
ampleur,@pl9R
ampli,@pli
ampli-tuner,@plitjyn9R
amplificateur,@plifikat9R
amplification,@plifikasj§
amplifier,@plifje
amplitude,@plityd
ampoule,@pul
ampoulé,@pule
amputation,@pytasj§
amputer,@pyte
amputé,@pyte
ampère,@pER
ampèremètre,@pER°mEtR
ampélopsis,@pelOpsis
ampérage,@peRaZ
amulette,amylEt
amure,amyR
amusant,amyz@
amuse-bouche,amyzbuS
amuse-gueule,amyzg9l
amusement,amyz°m@
amuser,amyze
amusette,amyzEt
amuseur,amyz9R
amygdale,amidal
amygdalectomie,amidalEktomi
amygdalien,amidalj5
amygdalite,amidalit
amylase,amilaz
amyle,amil
amylique,amilik
amyotrophique,amjotRofik
amène,amEn
amèrement,amER°m@
amé,ame
améliorable,ameljoRabl
améliorateur,ameljoRat9R
amélioration,ameljoRasj§
améliorer,ameljoRe
amélioré,ameljoRe
aménagement,amenaZ°m@
aménager,amenaZe
aménité,amenite
aménorrhée,amenoRe
américain,ameRik5
américanisation,ameRikanizasj§
américaniser,ameRikanize
américanisme,ameRikanizm
américanité,ameRikanite
américano,ameRikano
américano-britannique,ameRikanobRitanik
américano-russe,ameRikanoRys
américano-soviétique,ameRikanOsOvjetik
américanophile,ameRikanofil
américium,ameRisjOm
amérindien,ameR5dj5
amérique,ameRik
améthyste,ametist
an,@
ana,ana
anabaptiste,anabatist
anabase,anabaz
anabolisant,anabOliz@
anachorète,anakoREt
anachronique,anakRonik
anachroniquement,anakRonik°m@
anachronisme,anakRonizm
anacoluthe,anakolyt
anaconda,anak§da
anadyomène,anadjomEn
anaglyphe,anaglif
anagramme,anagRam
anal,anal
analgésie,analZezi
analgésique,analZezik
analogie,analoZi
analogique,analoZik
analogue,analOg
analphabète,analfabEt
analphabétisme,analfabetizm
analysant,analiz@
analyse,analiz
analyser,analize
analyseur,analiz9R
analyste,analist
analysé,analize
analytique,analitik
analytiquement,analitik°m@
anamnèse,anamnEz
anamorphose,anamORfoz
ananas,anana
anaphase,anafaz
anaphoriquement,anafoRik°m@
anaphylactique,anafilaktik
anaphylaxie,anafilaksi
anar,anaR
anarchie,anaRSi
anarchique,anaRSik
anarchiquement,anaRSik°m@
anarchisant,anaRSiz@
anarchisme,anaRSizm
anarchiste,anaRSist
anarcho-syndicalisme,anaRkos5dikalizm
anarcho-syndicaliste,anaRkos5dikalist
anas,ana
anastomose,anastomoz
anathème,anatEm
anatomie,anatomi
anatomique,anatomik
anatomiquement,anatomik°m@
anatomiser,anatomize
anatomiste,anatomist
anatomophysiologique,anatomofizjoloZik
anaérobie,anaeRobi
ancestral,@sEstRal
ancestralement,@sEstRal°m@
ancestralité,@sEstRalite
anch'io son pittore,@kjosOnpitORe
anche,@S
anchilops,@kilOps
anchois,@Swa
anchoïade,@Swajad
ancien,@sj5
anciennement,@sjEn°m@
ancienneté,@sjEn°te
ancillaire,@silER
ancolie,@koli
ancrage,@kRaZ
ancre,@kR
ancrer,@kRe
ancré,@kRe
ancêtre,@sEtR
anda,@da
andain,@d5
andalou,@dalu
andante,@d@t
andouille,@duj
andouiller,@duje
andouillette,@dujEt
andrinople,@dRinOpl
androgyne,@dRoZin
androgynie,@dRoZini
androgynique,@dRoZinik
andropause,@dRopoz
androïde,@dRoid
anecdote,anEkdOt
anecdotier,anEkdotje
anecdotique,anEkdotik
anecdotiquement,anEkdOtik°m@
anesthésiant,anEstezj@
anesthésie,anEstezi
anesthésier,anEstezje
anesthésique,anEstezik
anesthésiste,anEstezist
aneth,anEt
anfractuosité,@fRakt8ozite
ange,@Z
angelot,@Z°lo
angevin,@Z°v5
angine,@Zin
angiocholite,@ZjokOlit
angiographie,@ZjOgRafi
angiome,@Zjom
angioplastie,@Zjoplasti
anglais,@glE
angle,@gl
angler,@gle
angleterre,@gl2tER
anglican,@glik@
angliche,@gliS
anglicisation,@glisizasj§
angliciser,@glisize
anglo-albanais,@gloalbanE
anglo-allemand,@gloal°m@
anglo-américain,@gloameRik5
anglo-arabe,@gloaRab
anglo-chinois,@gloSinwa
anglo-français,@glofR@sE
anglo-hellénique,@gloelenik
anglo-irlandais,@gloiRl@dE
anglo-normand,@glonORm@
anglo-russe,@gloRus
anglo-saxon,@glosaks§
anglo-soviétique,@glosovjetik
anglo-égyptien,@gloeZipsj5
anglo-éthiopien,@gloetjopj5
anglomane,@gloman
anglomanie,@glomani
anglophile,@glofil
anglophobe,@glofOb
anglophobie,@glofobi
anglophone,@glofOn
angoissant,@gwas@
angoisse,@gwas
angoisser,@gwase
angoissé,@gwase
angolais,@golE
angon,@g§
angor,@gOR
angora,@goRa
angström,@gStR2m
anguille,@gij
anguis,@gi
angulaire,@gylER
anguleux,@gyl2
angulosité,@gylozite
angustura,@gystyRa
angéite,@Zeit
angélique,@Zelik
angéliquement,@Zelik°m@
angélisme,@Zelizm
angélus,@Zelys
anhydre,anidR
anhydride,anidRid
anicroche,anikROS
aniline,anilin
animal,animal
animal-roi,animalRwa
animalcule,animalkyl
animalement,animal°m@
animalerie,animal°Ri
animalier,animalje
animalité,animalite
animateur,animat9R
animation,animasj§
animaux,animo
animaux-espions,animoEspj§
animer,anime
animique,animik
animisme,animizm
animiste,animist
animosité,animozite
animus,animys
animé,anime
anionique,anjOnik
anis,anis
anisette,anizEt
anisé,anize
ankh,@k
ankylose,@kiloz
ankyloser,@kiloze
ankylosé,@kiloze
annales,anal
annamite,anamit
anneau,ano
annelé,an°le
annexe,anEks
annexer,anEkse
annexion,anEksj§
annihilant,aniil@
annihilateur,aniilat9R
annihilation,aniilasj§
annihiler,aniile
anniv,aniv
anniversaire,anivERsER
annonce,an§s
annoncer,an§se
annonceur,an§s9R
annonciateur,an§sjat9R
annonciation,an§sjasj§
annotation,anotasj§
annoter,anote
annuaire,an8ER
annuel,an8El
annuellement,an8El°m@
annulaire,anylER
annulation,anylasj§
annuler,anyle
annulé,anyle
année,ane
année-lumière,anelymjER
anobli,anobli
anoblir,anobliR
anoblissement,anoblis°m@
anode,anOd
anodin,anod5
anodique,anOdik
anomalie,anomali
anomoure,anomuR
anonymat,anonima
anonyme,anonim
anonymement,anonim°m@
anonymographe,anonimogRaf
anophèle,anofEl
anorak,anoRak
anorexie,anoREksi
anorexique,anoREksik
anormal,anORmal
anormalement,anORmal°m@
anormalité,anORmalite
anosmie,anOsmi
anosmique,anOsmik
anoxie,anOksi
anse,@s
antagonique,@tagonik
antagonisme,@tagonizm
antagoniste,@tagonist
antalgique,@talZik
antan,@t@
antarctique,@taRktik
ante,@t
antenne,@tEn
anthologie,@toloZi
anthonome,@tOnOm
anthracine,@tRasin
anthracite,@tRasit
anthracose,@tRakoz
anthracène,@tRasEn
anthraquinone,@tRakinOn
anthrax,@tRaks
anthropologie,@tRopoloZi
anthropologique,@tRopoloZik
anthropologiquement,@tRopoloZik°m@
anthropologiste,@tRopoloZist
anthropologue,@tRopolOg
anthropomorphe,@tRopomORf
anthropomorphique,@tRopomORfik
anthropomorphiser,@tROpOmORfize
anthropomorphisme,@tRopomORfizm
anthropométrie,@tRopometRi
anthropométrique,@tRopometRik
anthropophage,@tRopofaZ
anthropophagie,@tRopofaZi
anthropopithèque,@tRopopitEk
anthropoïde,@tRopoid
anthume,@tym
anti,@ti
anti-acné,@tiakne
anti-agression,@tiagREsj§
anti-allergie,@tialERZi
anti-anatomique,@tianatomik
anti-apartheid,@tiapaRtEd
anti-aphrodisiaque,@tiafRodizjak
anti-asthmatique,@tiasmatik
anti-atomique,@tiatomik
anti-avortement,@tiavORt°m@
anti-aérien,@tiaeRj5
anti-beauf,@tibof
anti-bison,@tibiz§
anti-blindage,@tibl5daZ
anti-blouson,@tibluz§
anti-bombe,@tib§b
anti-braquage,@tibRakaZ
anti-brouillard,@tibRujaR
anti-bruit,@tibR8i
anti-cancer,@tik@sER
anti-capitaliste,@tikapitalist
anti-castriste,@tikastRist
anti-cellulite,@tisElylit
anti-chambre,@tiS@bR
anti-char,@tiSaR
anti-cité,@tisite
anti-civilisation,@tisivilizasj§
anti-club,@tikl9b
anti-colère,@tikolER
anti-communisme,@tikomynizm
anti-communiste,@tikomynist
anti-conformisme,@tik§fORmizm
anti-conformiste,@tik§fORmist
anti-conglutinatif,@tik§glytinatif
anti-corps,@tikOR
anti-corruption,@tikoRypsj§
anti-crash,@tikRaS
anti-crime,@tikRim
anti-criminalité,@tikRiminalite
anti-desperado,@tidEspeRado
anti-dieu,@tidj2
anti-discrimination,@tidiskRiminasj§
anti-dopage,@tidopaZ
anti-douleur,@tidul9R
anti-drague,@tidRag
anti-dramatique,@tidRamatik
anti-drogue,@tidROg
anti-débauche,@tideboS
anti-démocratique,@tidemokRatik
anti-démon,@tidem§
anti-establishment,@tiEstabliSmEnt
anti-existence,@tiEgzist@s
anti-explosion,@tiEksplozj§
anti-fasciste,@tifaSist
anti-femme,@tifam
anti-flingage,@tifl5gaZ
anti-flip,@tiflip
anti-frigo,@tifRigo
anti-fusionnel,@tifyzjonEl
anti-féministe,@tifeminist
anti-g,@tiZe
anti-gang,@tig@g
anti-gel,@tiZEl
anti-gerce,@tiZERs
anti-gouvernement,@tiguvERn°m@
anti-graffiti,@tigRafiti
anti-gravité,@tigRavite
anti-gros,@tigRo
anti-hypertenseur,@tiipERt@s9R
anti-immigration,@tiimigRasj§
anti-impérialiste,@ti5peRjalist
anti-incendie,@ti5s@di
anti-inertie,@tiinERsi
anti-infectieux,@ti5fEksj2
anti-inflammatoire,@ti5flamatwaR
anti-insecte,@ti5sEkt
anti-instinct,@ti5st5
anti-insurrectionnel,@ti5syREksjonEl
anti-intimité,@ti5timite
anti-japon,@tiZap§
anti-jeunes,@tiZ9n
anti-mafia,@timafja
anti-maison,@timEz§
anti-manipulation,@timanipylasj§
anti-manoir,@timanwaR
anti-mariage,@timaRjaZ
anti-matière,@timatjER
anti-militariste,@timilitaRist
anti-mite,@timit
anti-monde,@tim§d
anti-moustique,@timustik
anti-métaphysique,@timetafizik
anti-nausée,@tinoze
anti-navire,@tinaviR
anti-nucléaire,@tinykleER
anti-odeur,@tiod9R
anti-origine,@tioRiZin
anti-panache,@tipanaS
anti-particule,@tipaRtikyl
anti-pasteur,@tipast9R
anti-patriote,@tipatRiOt
anti-patriotique,@tipatRiotik
anti-pelliculaire,@tipElikylER
anti-piratage,@tipiRataZ
anti-pirate,@tipiRat
anti-poison,@tipwaz§
anti-poisse,@tipwas
anti-pollution,@tipolysj§
anti-poux,@tipu
anti-psychotique,@tipsikotik
anti-pub,@tipyb
anti-racket,@tiRakEt
anti-rapt,@tiRapt
anti-rejet,@tiR°ZE
anti-religion,@tiR°liZj§
anti-rhume,@tiRym
anti-romain,@tiRom5
anti-romantique,@tiRom@tik
anti-rouille,@tiRuj
anti-russe,@tiRys
anti-sida,@tisida
anti-sociaux,@tisosjo
anti-société,@tisosjete
anti-somnolence,@tisomnol@s
anti-souffle,@tisufl
anti-sous-marin,@tisumaR5
anti-soviétique,@tisovjetik
anti-stress,@tistREs
anti-syndical,@tis5dikal
anti-sèche,@tisES
anti-sémite,@tisemit
anti-sémitisme,@tisemitizm
anti-tabac,@titaba
anti-tank,@tit@k
anti-tapisserie,@titapis°Ri
anti-temps,@tit@
anti-tension,@tit@sj§
anti-terrorisme,@titeRoRizm
anti-terroriste,@titeRoRist
anti-toux,@titu
anti-truie,@titR8i
anti-venin,@tiv°n5
anti-vieillissement,@tivjEjis°m@
anti-viol,@tivjOl
anti-violence,@tivjol@s
anti-viral,@tiviRal
anti-virus,@tiviRys
anti-vol,@tivOl
anti-âge,@tiaZ
anti-émeute,@tiem2t
anti-émotionnelle,@tiemosjonEl
anti-évasion,@tievazj§
antiacide,@tiasid
antialcoolique,@tialkolik
antiaméricain,@tiameRik5
antiaméricanisme,@tiameRikanizm
antiatomique,@tiatomik
antiaérien,@tiaeRj5
antibactérien,@tibakteRj5
antibiotique,@tibjotik
antiblocage,@tiblokaZ
antibois,@tibwa
antibolchevisme,@tibOlS°vizm
antibourgeois,@tibuRZwa
antibrouillard,@tibRujaR
antibruit,@tibR8i
anticalcaire,@tikalkER
anticapitaliste,@tikapitalist
anticastriste,@tikastRist
anticatholique,@tikatolik
antichambre,@tiS@bR
antichar,@tiSaR
antichoc,@tiSOk
anticholinergique,@tikOlinERZik
antichristianisme,@tikRistjanizm
antichrétien,@tikRetj5
anticipateur,@tisipat9R
anticipation,@tisipasj§
anticipatoire,@tisipatwaR
anticiper,@tisipe
anticipé,@tisipe
anticlérical,@tikleRikal
anticléricalisme,@tikleRikalizm
anticoagulant,@tikoagyl@
anticolonialisme,@tikolonjalizm
anticommunisme,@tikomynizm
anticommuniste,@tikomynist
anticonformisme,@tik§fORmizm
anticonformiste,@tik§fORmist
anticonstitutionnel,@tik§stitysjonEl
anticonstitutionnellement,@tik§stitysjonEl°m@
anticorps,@tikOR
anticyclique,@tisiklik
anticyclone,@tisiklon
antidater,@tidate
antidopage,@tidopaZ
antidote,@tidOt
antidouleur,@tidul9R
antidreyfusard,@tidREfyzaR
antidreyfusisme,@tidREfyzizm
antidrogue,@tidROg
antidémarrage,@tidemaRaZ
antidémocratique,@tidemokRatik
antidépresseur,@tidepRes9R
antidérapant,@tideRap@
antienne,@tjEn
antiesclavagiste,@tiEsklavaZist
antifading,@tifEjdiG
antifascisme,@tifaSizm
antifasciste,@tifaSist
antifongique,@tif§Zik
antifumée,@tifyme
antiféminisme,@tifeminizm
antigang,@tig@g
antigel,@tiZEl
antigermanisme,@tiZERmanism
antigravitation,@tigRavitasj§
antigravitationnel,@tigRavitasjOnEl
antigravité,@tigRavite
antigrippe,@tigRip
antigène,@tiZEn
antihistaminique,@tiistaminik
antihygiénique,@tiiZjenik
antihéros,@tieRo
antillais,@tijE
antilogique,@tilOZik
antilope,@tilOp
antimarxiste,@timaRksist
antimatière,@timatjER
antimicrobien,@timikRObj5
antimigraineux,@timigREn2
antimilitarisme,@timilitaRizm
antimilitariste,@timilitaRist
antimissile,@timisil
antimite,@timit
antimoine,@timwan
antimonde,@tim§d
antinationaliste,@tinasjonalist
antinaturel,@tinatyREl
antinomie,@tinomi
antinomique,@tinomik
antinucléaire,@tinykleER
antioxydant,@tiOksid@
antipape,@tipap
antiparasitage,@tipaRazitaZ
antiparasite,@tipaRazit
antipathie,@tipati
antipathique,@tipatik
antipatriote,@tipatRijOt
antipelliculaire,@tipElikylER
antipersonnel,@tipERsonEl
antiphrase,@tifRaz
antipodaire,@tipodER
antipode,@tipOd
antipodiste,@tipodist
antipoison,@tipwaz§
antipoliomyélitique,@tipoljomjelitik
antipollution,@tipolysj§
antipopulaire,@tipopylER
antiproton,@tipROt§
antiprotéase,@tipROteaz
antipsychiatrie,@tipsikjatRi
antipsychotique,@tipsikOtik
antiquaille,@tikaj
antiquaire,@tikER
antiquark,@tikwaRk
antique,@tik
antiquité,@tikite
antirabique,@tiRabik
antiracisme,@tiRasism
antiradiation,@tiRadjasj§
antireligieux,@tiR°liZj2
antirides,@tiRid
antirouille,@tiRuj
antirusse,@tiR9s
antirépublicain,@tiRepyblik5
antisatellite,@tisatElit
antiscientifique,@tisj@tifik
antisepsie,@tisEpsi
antiseptique,@tisEptik
antisexuel,@tiseksyEl
antiskating,@tiskEjtiG
antisocial,@tisosjal
antisolaire,@tisolER
antisoviétique,@tisovjetik
antisoviétisme,@tisovjetizm
antispasmodique,@tispasmodik
antisportif,@tispORtif
antistalinien,@tistalinj5
antistatique,@tistatik
antistress,@tistREs
antisèche,@tisES
antisémite,@tisemit
antisémitisme,@tisemitizm
antisérum,@tiseROm
antitabac,@titaba
antiterrorisme,@tit°RoRizm
antiterroriste,@titERoRist
antithèse,@titEz
antitout,@titu
antitoxine,@titOksin
antitoxique,@titOksik
antitrust,@titR9st
antituberculeux,@titybERkyl2
antitussif,@titysif
antityphoïdique,@titifOidik
antitétanique,@titetanik
antivariolique,@tivaRjOlik
antivenimeux,@tiv2nim2
antiviolence,@tivjol@s
antiviral,@tiviRal
antivirus,@tiviRys
antivol,@tivOl
antiémeute,@jem2t
antiémétique,@tiemetik
antonin,@ton5
antonomase,@tonomaz
antonyme,@tonim
antre,@tR
antéchrist,@tekRist
antécédent,@tesed@
antédiluvien,@tedilyvj5
antépénultième,@tepenyltjEm
antérieur,@teRj9R
antérieurement,@teRj9R°m@
antérograde,@teRogRad
anus,anys
anuscopie,anyskOpi
anxieusement,@ksj2z°m@
anxieux,@ksj2
anxiolytique,@ksjolitik
anxiété,@ksjete
anya,ania
anéantir,ane@tiR
anéantissement,ane@tis°m@
anémie,anemi
anémique,anemik
anémié,anemje
anémomètre,anemomEtR
anémométrique,anemometRik
anémone,anemOn
anévrisme,anevRizm
aoriste,aoRist
aorte,aORt
aortique,aORtik
août,ut
aoûtat,auta
aoûtien,ausj5
apache,apaS
apaisant,apEz@
apaisement,apEz°m@
apaiser,apeze
apanage,apanaZ
apartheid,apaRtEjd
aparté,apaRte
apathie,apati
apathique,apatik
apatride,apatRid
apax,apaks
ape,ap
apercevoir,apERs°vwaR
aperçu,apERsy
apesanteur,ap°z@t9R
apeurer,ap9Re
apeuré,ap9Re
apex,apEks
aphasie,afazi
aphasique,afazik
aphone,afOn
aphonie,afoni
aphorisme,afoRizm
aphrodisiaque,afRodizjak
aphrodisie,afRodizi
aphrodite,afROdit
aphteux,aft2
aphérèse,afeREz
api,api
apiculteur,apikylt9R
apiculture,apikyltyR
apion,apj§
apis,apis
apitoiement,apitwam@
apitoyer,apitwaje
apivore,apivOR
aplanir,aplaniR
aplanissement,aplanis°m@
aplasie,aplazi
aplat,apla
aplati,aplati
aplatir,aplatiR
aplatissement,aplatis°m@
aplomb,apl§
apnée,apne
apocalypse,apokalips
apocalyptique,apokaliptik
apocope,apokOp
apocryphe,apokRif
apodictique,apodiktik
apogée,apoZe
apolitique,apolitik
apolitisme,apolitizm
apollon,apol§
apologie,apoloZi
apologiste,apoloZist
apologue,apolOg
apologétique,apoloZetik
aponévrotique,aponevROtik
apoplectique,apoplEktik
apoplexie,apoplEksi
apoptose,apOptoz
apostasie,apostazi
apostat,aposta
apostolat,apostola
apostolique,apostolik
apostrophe,apostROf
apostropher,apostRofe
apostume,apOstym
apothicaire,apotikER
apothicairerie,apotikER°Ri
apothéose,apoteoz
apparaissant,apaREs@
apparat,apaRa
apparatchik,apaRatSik
apparaux,apaRo
apparaître,apaREtR
appareil,apaREj
appareil-photo,apaREjfOto
appareillage,apaREjaZ
appareiller,apaReje
apparemment,apaRam@
apparence,apaR@s
apparent,apaR@
apparentement,apaR@t°m@
apparenter,apaR@te
apparenté,apaR@te
apparier,apaRje
appariteur,apaRit9R
apparition,apaRisj§
appart,apaRt
appartement,apaRt°m@
appartement-roi,apaRt°m@Rwa
appartenance,apaRt°n@s
appartenant,apaRt°n@
appartenir,apaRt°niR
appas,apa
appauvrir,apovRiR
appauvrissant,apovRis@
appauvrissement,apovRis°m@
appeau,apo
appel,apEl
appelant,ap°l@
appeler,ap°le
appeleur,ap°l9R
appellation,apelasj§
appelé,ap°le
appendice,ap5dis
appendicectomie,ap5disektomi
appendicite,ap5disit
appendre,ap@dR
appentis,ap@ti
appert,apER
appesantir,ap°z@tiR
appesantissement,ap°z@tis°m@
applaudimètre,aplodimEtR
applaudir,aplodiR
applaudissement,aplodis°m@
applaudisseur,aplodis9R
applicabilité,aplikabilite
applicable,aplikabl
applicateur,aplikat9R
application,aplikasj§
applique,aplik
appliquer,aplike
appliqué,aplike
appoggiature,apOdZjatyR
appoint,apw5
appointer,apw5te
appointé,apw5te
appontage,ap§taZ
appontement,ap§t°m@
apponter,ap§te
apport,apOR
apporter,apORte
apposer,apoze
apposition,apozisj§
apprenant,apR°n@
apprendre,apR@dR
apprenti,apR@ti
apprenti-pilote,apR@tipilOt
apprenti-sorcier,apR@tisORsje
apprentissage,apR@tisaZ
appris,apRi
apprivoiser,apRivwaze
apprivoiseur,apRivwaz9R
approbateur,apRobat9R
approbatif,apRobatif
approbation,apRobasj§
approbativement,apRobativ°m@
approchant,apRoS@
approche,apROS
approcher,apRoSe
approché,apRoSe
approfondi,apRof§di
approfondir,apRof§diR
approfondissement,apRof§dis°m@
appropriation,apRopRijasj§
approprier,apRopRije
approprié,apRopRije
approuver,apRuve
approuvé,apRuve
approvisionnement,apRovizjOn°m@
approvisionner,apRovizjone
approximatif,apROksimatif
approximation,apROksimasj§
approximativement,apROksimativ°m@
appréciable,apResjabl
appréciateur,apResjat9R
appréciation,apResjasj§
apprécier,apResje
appréhender,apRe@de
appréhensif,apRe@sif
appréhension,apRe@sj§
apprêt,apRE
apprêter,apRete
apprêté,apRete
appui,ap8i
appui-main,ap8im5
appui-tête,ap8itEt°
appuie-tête,ap8itEt
appuyer,ap8ije
appuyé,ap8ije
appât,apa
appâter,apate
appétence,apet@s
appétissant,apetis@
appétit,apeti
aprèm,apREm
après,apRE
après-coup,apREku
après-demain,apREd°m5
après-déjeuner,apREdeZ9ne
après-dîner,apREdine
après-guerre,apREgER
après-mort,apREmOR
après-rasage,apRERazaZ
après-repas,apRER°pa
après-shampoing,apRES@pw5
après-shampooing,apRES@pw5
après-ski,apREski
après-vente,apREv@t
apte,apt
aptitude,aptityd
aptère,aptER
apurer,apyRe
apéritif,apeRitif
apéro,apeRo
apôtre,apotR
aquaculture,akwakyltyR
aquagym,akwaZim
aquaplane,akwaplan
aquarelle,akwaREl
aquarelliste,akwaRelist
aquariophilie,akwaRjOfili
aquarium,akwaRjOm
aquatinte,akwat5t
aquatique,akwatik
aquavit,akwavit
aqueduc,ak°dyk
aqueux,ak2
aquifère,akifER
aquilin,akil5
aquilon,akil§
aquitain,akit5
ara,aRa
arabe,aRab
arabesque,aRabEsk
arabica,aRabika
arabique,aRabik
arabisant,aRabiz@
arable,aRabl
arac,aRak
arachide,aRaSid
arachnide,aRaknid
arachnoïde,aRaknoid
arachnéen,aRakne5
aragonais,aRagonE
aragonite,aRagOnit
araigne,aREN
araignée,aRENe
araignée-crabe,aRENekRab
araire,aRER
arak,aRak
araldite,aRaldit
aralia,aRalja
aramide,aRamid
aramon,aRam§
araméen,aRame5
araser,aRaze
aratoire,aRatwaR
araucan,aRok@
araucanien,aRokanj5
araucaria,aRokaRja
arbalète,aRbalEt
arbalétrier,aRbaletRije
arbi,aRbi
arbitrage,aRbitRaZ
arbitraire,aRbitRER
arbitrairement,aRbitRER°m@
arbitre,aRbitR
arbitrer,aRbitRe
arbois,aRbwa
arborer,aRboRe
arborescence,aRboREs@s
arborescent,aRboREs@
arboretum,aRbORetOm
arboricole,aRboRikOl
arboriculteur,aRboRikylt9R
arboriculture,aRboRikyltyR
arbouse,aRbuz
arbre,aRbR
arbrisseau,aRbRiso
arbuste,aRbyst
arc,aRk
arc-boutant,aRkbut@
arc-boutement,aRkbut°m@
arc-bouter,aRkbute
arc-en-ciel,aRk@sjEl
arcade,aRkad
arcadien,aRkadj5
arcan,aRk@
arcane,aRkan
arceau,aRso
archange,aRk@Z
archangélique,aRk@Zelik
archaïque,aRkaik
archaïsant,aRkaiz@
archaïsme,aRkaizm
arche,aRS
archer,aRSe
archet,aRSE
archevêché,aRS°veSe
archevêque,aRS°vEk
archi,aRSi
archi-blet,aRSiblE
archi-connu,aRSikony
archi-dégueu,aRSideg2
archi-faux,aRSifo
archi-libre,aRSilibR
archi-mortels,aRSimORtEl
archi-méfiance,aRSimefj@s
archi-nul,aRSinyl
archi-nuls,aRSinyl
archi-plein,aRSipl5
archi-prouvé,aRSipRuve
archi-prudent,aRSipRyd@
archi-ringard,aRSiR5gaR
archi-usé,aRSiyze
archi-vieux,aRSivj2
archiatre,aRSiatR
archicomble,aRSik§bl
archiconnu,aRSikony
archidiacre,aRSidjakR
archidiocèse,aRSidjosEz
archiduc,aRSidyk
archifaux,aRSifo
archimandrite,aRSim@dRit
archipel,aRSipEl
archiprêtre,aRSipREtR
architecte,aRSitEkt
architectonie,aRSitEktOni
architectonique,aRSitEktonik
architectural,aRSitEktyRal
architecturalement,aRSitEktyRal°m@
architecture,aRSitEktyR
architrave,aRSitRav
archivage,aRSivaZ
archive,aRSiv
archiver,aRSive
archiviste,aRSivist
archiviste-paléographe,aRSivistpaleOgRaf
archivolte,aRSivOlt
archiépiscopal,aRSiepiskopal
archonte,aRk§t
archéologie,aRkeoloZi
archéologique,aRkeoloZik
archéologue,aRkeolOg
archéoptéryx,aRkeOpteRiks
archétype,aRketip
arctique,aRktik
ardemment,aRdam@
ardennais,aRd°nE
ardent,aRd@
arder,aRde
ardeur,aRd9R
ardillon,aRdij§
ardin,aRd5
ardito,aRdito
ardoise,aRdwaz
ardre,aRdR°
ardu,aRdy
ardéchois,aRdeSwa
ardûment,aRdym@
are,aR
area,aRea
arec,aREk
arganier,aRganje
argent,aRZ@
argenterie,aRZ@t°Ri
argentier,aRZ@tje
argentin,aRZ@t5
argenton,aRZ@t§
argenté,aRZ@te
argile,aRZil
argileux,aRZil2
argilière,aRZiljER
argol,aRgOl
argon,aRg§
argonaute,aRgonot
argot,aRgo
argotique,aRgotik
argousin,aRguz5
arguer,aRge
argument,aRgym@
argumentaire,aRgym@tER
argumentateur,aRgym@tat9R
argumentatif,aRgym@tatif
argumentation,aRgym@tasj§
argumenter,aRgym@te
argus,aRgys
argutie,aRgysi
aria,aRja
arianisme,aRjanizm
aride,aRid
aridité,aRidite
arien,aRj5
arioso,aRjozo
aristarque,aRistaRk
aristo,aRisto
aristocrate,aRistokRat
aristocratie,aRistokRasi
aristocratique,aRistokRatik
aristocratiquement,aRistokRatik°m@
aristocratisme,aRistokRatizm
aristoloche,aRistolOS
aristotélicien,aRistotelisj5
arithmomètre,aRitmomEtR
arithmétique,aRitmetik
arithmétiquement,aRitmetik°m@
ariégeois,aRjeZwa
arkose,aRkoz
arlequin,aRl°k5
arlésien,aRlezj5
arlésienne,aRlezjEn
armada,aRmada
armadille,aRmadil
armagnac,aRmaNak
armateur,aRmat9R
armature,aRmatyR
arme,aRm
arme-miracle,aRmmiRakl
armement,aRm°m@
armer,aRme
armistice,aRmistis
armoire,aRmwaR
armoirie,aRmwaRi
armoise,aRmwaz
armon,aRm§
armorial,aRmoRjal
armure,aRmyR
armurerie,aRmyR°Ri
armurier,aRmyRje
armé,aRme
armée,aRme
arménien,aRmenj5
arménoïde,aRmenoid
arméria,aRmeRja
arnaque,aRnak
arnaquer,aRnake
arnaqueur,aRnak9R
arnica,aRnika
arobase,aRObaz
aromate,aRomat
aromathérapie,aRomateRapi
aromatique,aRomatik
aromatiser,aRomatize
aronde,aR§d
arousal,aRuzal
arpent,aRp@
arpentage,aRp@taZ
arpenter,aRp@te
arpenteur,aRp@t9R
arpette,aRpEt
arpion,aRpj§
arpège,aRpEZ
arpète,aRpEt
arquebusade,aRk°byzad
arquebuse,aRk°byz
arquer,aRke
arqué,aRke
arrachage,aRaSaZ
arrache-clou,aRaSklu
arrachement,aRaS°m@
arracher,aRaSe
arracheur,aRaS9R
arraché,aRaSe
arraisonner,aREzone
arrangeant,aR@Z@
arrangement,aR@Z°m@
arranger,aR@Ze
arrangeur,aR@Z9R
arrestation,aREstasj§
arrimage,aRimaZ
arrimer,aRime
arrivage,aRivaZ
arrivant,aRiv@
arriver,aRive
arrivisme,aRivizm
arriviste,aRivist
arrivé,aRive
arrivée,aRive
arrière,aRjER
arrière-automne,aRjERotOn
arrière-ban,aRjERb@
arrière-boutique,aRjERbutik
arrière-cour,aRjERkuR
arrière-cousin,aRjERkuz5
arrière-cuisine,aRjERk8izin
arrière-fond,aRjERf§
arrière-garde,aRjERgaRd
arrière-gorge,aRjERgORZ
arrière-goût,aRjERgu
arrière-grand-mère,aRjERgR@mER
arrière-grand-oncle,aRjERgR@§kl
arrière-grand-père,aRjERgR@pER
arrière-grand-tante,aRjERgR@t@t
arrière-loge,aRjERlOZ
arrière-magasin,aRjERmagaz5
arrière-main,aRjERm5
arrière-monde,aRjERm§d
arrière-neveux,aRjERn°v2
arrière-pays,aRjERpei
arrière-pensée,aRjERp@se
arrière-petit-fils,aRjERp°tifis
arrière-petit-neveu,aRjERp°tin°v2
arrière-petite-fille,aRjERp°titfij
arrière-petite-nièce,aRjERp°titnjEs
arrière-petits-fils,aRjERp°tifis
arrière-petits-neveux,aRjERp°tin°v2
arrière-plan,aRjERpl@
arrière-saison,aRjERsEz§
arrière-salle,aRjERsal
arrière-train,aRjERtR5
arriération,aRjeRasj§
arriéré,aRjeRe
arrogamment,aRogam@
arrogance,aRog@s
arrogant,aRog@
arroger,aRoZe
arroi,aRwa
arrondi,aR§di
arrondir,aR§diR
arrondissement,aR§dis°m@
arrosage,aRozaZ
arroser,aRoze
arroseur,aRoz9R
arrosoir,aRozwaR
arrosé,aRoze
arrêt,aRE
arrêt-buffet,aREbyfE
arrête-boeuf,aREtb9f
arrêter,aRete
arrêté,aRete
ars,aR
arsacide,aRsasid
arsenal,aRs2nal
arsenic,aRs2nik
arsouille,aRsuj
arsouiller,aRsuje
arsénieux,aRsenj2
art,aR
artefact,aRtefakt
arthrite,aRtRit
arthritique,aRtRitik
arthrodèse,aRtRodEz
arthropathie,aRtROpati
arthroplastie,aRtROplasti
arthroscopie,aRtROskOpi
arthrose,aRtRoz
arthurien,aRtyRj5
artichaut,aRtiSo
artiche,aRtiS
article,aRtikl
article-choc,aRtikl°SOk
articulaire,aRtikylER
articulation,aRtikylasj§
articuler,aRtikyle
articulet,aRtikylE
articulé,aRtikyle
artifice,aRtifis
artificialité,aRtifisjalite
artificiel,aRtifisjEl
artificiellement,aRtifisjEl°m@
artificier,aRtifisje
artiflot,aRtiflo
artillerie,aRtij°Ri
artilleur,aRtij9R
artimon,aRtim§
artisan,aRtiz@
artisanal,aRtizanal
artisanalement,aRtizanal°m@
artisanat,aRtizana
artison,aRtiz§
artiste,aRtist
artiste-peintre,aRtist2p5tR
artistement,aRtist°m@
artistique,aRtistik
artistiquement,aRtistik°m@
artère,aRtER
artéfact,aRtefakt
artériectomie,aRteRjEktomi
artériel,aRteRjEl
artériographie,aRteRjOgRafi
artériole,aRteRjOl
artériopathie,aRteRjopati
artériosclérose,aRteRjoskleRoz
artérite,aRteRit
artésien,aRtezj5
arum,aROm
aruspice,aRyspis
arverne,aRvERn
aryen,aRj5
aryenne,aRjEn
arythmie,aRitmi
arythmique,aRitmik
arçon,aRs§
arène,aREn
aréflexie,aReflEksi
aréna,aRena
aréole,aReOl
aréopage,aReopaZ
aréopagite,aReopaZit
aréquier,aRekie
arétin,aRet5
arête,aREt
arôme,aRom
as,as
as-rois,asRwa
asa,aza
asana,azana
asbeste,asbEst
asbestose,asbEstoz
ascaris,askaRis
ascendance,as@d@s
ascendant,as@d@
ascendre,as@dR
ascenseur,as@s9R
ascension,as@sj§
ascensionnel,as@sjonEl
ascensionner,as@sjone
ascite,asit
asclépias,asklepja
ascorbique,askORbik
ascot,askOt
ascèse,asEz
ascète,asEt
ascétique,asetik
ascétisme,asetizm
asdic,asdik
asepsie,asEpsi
aseptique,asEptik
aseptisation,asEptizasj§
aseptisé,asEptize
asexualité,asEksyalite
asexué,aseks8e
ashanti,aS@ti
ashkénaze,aSkenaz
ashram,aSRam
asiate,azjat
asiatique,azjatik
asilaire,azilER
asile,azil
asociabilité,asosjabilite
asocial,asosjal
asparagus,aspaRagys
aspartam,aspaRtam
aspartame,aspaRtam
aspartique,aspaRtik
aspect,aspE
asperge,aspERZ
asperger,aspERZe
aspergillose,aspERZiloz
aspergillus,aspERZilys
aspersion,aspERsj§
asphalte,asfalt
asphalter,asfalte
asphodèle,asfodEl
asphyxiant,asfiksj@
asphyxie,asfiksi
asphyxier,asfiksje
asphyxié,asfiksje
aspi,aspi
aspic,aspik
aspidistra,aspidistRa
aspirant,aspiR@
aspirateur,aspiRat9R
aspirateurs-traîneaux,aspiRat9RtREno
aspiration,aspiRasj§
aspirer,aspiRe
aspirine,aspiRin
aspiré,aspiRe
aspre,aspR
aspécifique,aspesifik
aspérité,aspeRite
assa-foetida,asafetida
assagi,asaZi
assagir,asaZiR
assaillant,asaj@
assaillir,asajiR
assainir,aseniR
assainissement,asenis°m@
assaisonnement,asEzOn°m@
assaisonner,asEzone
assassin,asas5
assassinat,asasina
assassiner,asasine
assassiné,asasine
assaut,aso
assavoir,asavwaR
asse,as
asseau,aso
assemblage,as@blaZ
assembler,as@ble
assembleur,as@bl9R
assemblé,as@ble
assemblée,as@ble
assener,asene
assentiment,as@tim@
asseoir,aswaR
assermenter,asERm@te
assermenté,asERm@te
assertion,asERsj§
asservi,asERvi
asservir,asERviR
asservissant,asERvis@
asservissement,asERvis°m@
assesseur,ases9R
assez,ase
assidu,asidy
assiduité,asid8ite
assidûment,asidym@
assiette,asjEt
assiettée,asjete
assignation,asiNasj§
assignement,asiN°m@
assigner,asiNe
assimilable,asimilabl
assimilant,asimil@
assimilation,asimilasj§
assimiler,asimile
assimilé,asimile
assis,asi
assise,asiz
assistanat,asistana
assistance,asist@s
assistant,asist@
assister,asiste
assisté,asiste
assiégeant,asjeZ@
assiéger,asjeZe
assiégé,asjeZe
association,asosjasj§
associer,asosje
associé,asosje
assoiffer,aswafe
assoiffé,aswafe
assombrir,as§bRiR
assombrissement,as§bRis°m@
assommant,asom@
assommer,asome
assommeur,asom9R
assommoir,asomwaR
assomption,as§psj§
assonance,ason@s
assorti,asORti
assortiment,asORtim@
assortir,asORtiR
assoupi,asupi
assoupir,asupiR
assoupissant,asupis@
assoupissement,asupis°m@
assouplir,asupliR
assouplissant,asuplis@
assouplissement,asuplis°m@
assourdi,asuRdi
assourdir,asuRdiR
assourdissant,asuRdis@
assourdissement,asuRdis°m@
assouvir,asuviR
assouvissement,asuvis°m@
assujetti,asyZEti
assujettir,asyZetiR
assujettissant,asyZetis@
assujettissement,asyZetis°m@
assumer,asyme
assurable,asyRabl
assurage,asyRaZ
assurance,asyR@s
assurance-accidents,asyR@saksid@
assurance-chômage,asyR@sSomaZ
assurance-maladie,asyR@smaladi
assurance-vie,asyR@svi
assurer,asyRe
assureur,asyR9R
assureur-conseil,asyR9Rk§sEj
assuré,asyRe
assurément,asyRem@
assuétude,as8etyd
assyrien,asiRj5
assyro,asiRo
assèchement,asES°m@
assécher,aseSe
asséner,asene
astarté,astaRte
aste,ast
aster,astER
asthmatique,asmatik
asthme,asm
asthénie,asteni
asti,asti
astic,astik
asticot,astiko
asticoter,astikote
astigmate,astigmat
astigmatisme,astigmatizm
astiquage,astikaZ
astiquer,astike
astiqueur,astik9R
astragale,astRagal
astrakan,astRak@
astral,astRal
astre,astR
astreignant,astREN@
astreindre,astR5dR
astreint,astR5
astreinte,astR5t
astringent,astR5Z@
astro,astRo
astrochimie,astRoSimi
astrolabe,astRolab
astrologie,astRoloZi
astrologique,astRoloZik
astrologiquement,astROlOZik°m@
astrologue,astRolOg
astrométrie,astRometRi
astronaute,astRonot
astronautique,astRonotik
astronef,astRonEf
astronome,astRonOm
astronomie,astRonomi
astronomique,astRonomik
astronomiquement,astROnOmik°m@
astrophore,astRofOR
astrophysicien,astRofizisj5
astrophysique,astRofizik
astroport,astRopOR
astroscope,astRoskOp
astuce,astys
astucieusement,astysj2z°m@
astucieux,astysj2
asturienne,astyRjEn
astérisme,asteRism
astérisque,asteRisk
astéroïde,asteRoid
asymptomatique,as5ptomatik
asymétrie,asimetRi
asymétrique,asimetRik
asymétriquement,asimetRik°m@
asynchrone,as5kRon
asystolie,asistoli
atabeg,atab°g
ataman,atam@
ataraxie,ataRaksi
atavique,atavik
atavisme,atavizm
ataxie,ataksi
atchoum,atSum
atelier,at°lje
atermoiement,atERmwam@
athanor,atanOR
athlète,atlEt
athlétique,atletik
athlétisme,atletizm
athée,ate
athéisme,ateizm
athéiste,ateist
athénien,atenj5
athénienne,atenjEn
athénée,atene
atlante,atl@t
atlantique,atl@tik
atlas,atlas
atmosphère,atmosfER
atmosphérique,atmosfeRik
atoll,atOl
atome,atom
atomique,atomik
atomiser,atomize
atomiseur,atomiz9R
atomiste,atomist
atomisé,atomize
atonal,atonal
atone,aton
atonie,atoni
atour,atuR
atout,atu
atrabilaire,atRabilER
atrium,atRijOm
atroce,atROs
atrocement,atROs°m@
atrocité,atRosite
atrophie,atRofi
atrophier,atRofje
atrophié,atRofje
atropine,atRopin
atrésie,atRezi
attabler,atable
attablé,atable
attachant,ataS@
attache,ataS
attachement,ataS°m@
attacher,ataSe
attaché,ataSe
attaché-case,ataSekaz
attaquable,atakabl
attaquant,atak@
attaque,atak
attaquer,atake
attaqueur,atak9R
attardement,ataRd°m@
attarder,ataRde
attardé,ataRde
atteignable,atENabl
atteindre,at5dR
atteint,at5
atteinte,at5t
attelage,at°laZ
atteler,at°le
attelle,atEl
attenant,at°n@
attendant,at@d@
attendre,at@dR
attendrir,at@dRiR
attendrissant,at@dRis@
attendrissement,at@dRis°m@
attendrisseur,at@dRis9R
attendu,at@dy
attentat,at@ta
attentatoire,at@tatwaR
attente,at@t
attenter,at@te
attentif,at@tif
attention,at@sj§
attentionné,at@sjone
attentisme,at@tizm
attentiste,at@tist
attentivement,at@tiv°m@
atterrant,atER@
atterrir,ateRiR
atterrissage,ateRisaZ
atterré,ateRe
attestation,atEstasj§
attester,atEste
attesté,atEste
attifer,atife
attifiaux,atifjo
attique,atik
attirail,atiRaj
attirance,atiR@s
attirant,atiR@
attirer,atiRe
attisement,atiz°m@
attiser,atize
attisoir,atizwaR
attitré,atitRe
attitude,atityd
attorney,atORnE
attouchement,atuS°m@
attracteur,atRakt9R
attractif,atRaktif
attraction,atRaksj§
attraction-vedette,atRaksj§v°dEt
attrait,atRE
attrapage,atRapaZ
attrape,atRap
attrape-couillon,atRapkuj§
attrape-mouche,atRapmuS
attrape-nigaud,atRapnigo
attraper,atRape
attrapeur,atRap9R
attrayant,atREj@
attribuable,atRib8abl
attribuer,atRib8e
attribut,atRiby
attribution,atRibysj§
attribué,atRib8e
attriquer,atRike
attristant,atRist@
attrister,atRiste
attristé,atRiste
attrition,atRisj§
attroupement,atRup°m@
attrouper,atRupe
atténuateur,aten8at9R
atténuation,aten8asj§
atténuer,aten8e
atténué,aten8e
atypique,atipik
atèle,atEl
atélectasie,atelEktazi
atémi,atemi
au,o
au-dedans,od°d@
au-dehors,od2OR
au-delà,od°la
au-dessous,od°su
au-dessus,od°sy
au-devant,od°v@
aubade,obad
aubain,ob5
aubaine,obEn
aube,ob
auberge,obERZ
aubergine,obERZin
aubergiste,obERZist
aubette,obEt
aubier,obje
aubour,obuR
auburn,ob9Rn
aubusson,obys§
aubère,obER
aubépine,obepin
aucun,ok1
aucune,okyn
aucunement,okyn°m@
aucunes,okyn
aucuns,ok1
audace,odas
audacieusement,odasj2z°m@
audacieux,odasj2
audible,odibl
audience,odj@s
audiencia,odj@sja
audimat,odimat
audio,odjo
audio-visuel,odjoviz8El
audioconférence,odjok§feR@s
audiogramme,odjogRam
audiométrie,odjometRi
audiophile,odjofil
audiophone,odjofOn
audiovisuel,odjoviz8El
audit,odit
auditer,odite
auditeur,odit9R
auditif,oditif
audition,odisj§
auditionner,odisjone
auditoire,oditwaR
auditorium,oditoRjOm
auge,oZ
augment,Ogm@
augmentation,ogm@tasj§
augmenter,ogm@te
augural,ogyRal
augure,ogyR
augurer,ogyRe
auguste,ogyst
augustin,ogyst5
augustinien,ogystinj5
aujourd'hui,oZuRd8i
aula,ola
aulique,olik
aulnaie,OnE
aulne,on
auloffée,olofe
aulos,olo
aulx,o
aumône,omon
aumônerie,omon°Ri
aumônier,omonje
aune,on
auner,one
auparavant,opaRav@
auprès,opRE
auquel,okEl
aura,oRa
aurai,oRE
aureus,oReys
auriculaire,oRikylER
auricule,oRikyl
aurifère,oRifER
aurige,oRiZ
aurochs,oROk
aurone,oROn
auroral,oRoRal
aurore,oROR
auréolaire,oReolER
auréole,oReOl
auréoler,oReole
auréolé,oReole
auréomycine,oReomisin
auscultation,oskyltasj§
ausculter,oskylte
aussi,osi
aussitôt,osito
aussière,osjER
austral,ostRal
australien,ostRalj5
australienne,ostRaljEn
australopithèque,ostRalopitEk
austro,ostRo
austro-hongrois,ostRo§gRwa
austère,ostER
austèrement,ostER°m@
austérité,osteRite
ausweis,oswE
autan,ot@
autant,ot@
autarcie,otaRsi
autarcique,otaRsik
autel,otEl
auteur,ot9R
authenticité,ot@tisite
authentification,ot@tifikasj§
authentifier,ot@tifje
authentique,ot@tik
authentiquement,ot@tik°m@
autisme,otizm
autiste,otist
autistique,otistik
auto,oto
auto-analyse,otoanaliz
auto-immun,otoimm1
auto-intoxication,oto5tOksikasj§
auto-pilote,otopilOt
auto-stop,otostOp
auto-stoppeur,otostop9R
auto-tamponneuse,otot@pon2z
auto-école,otoekOl
auto-érotisme,otoeRotizm
autobiographe,otobjogRaf
autobiographie,otobjogRafi
autobiographique,otobjogRafik
autobronzant,otobR§z@
autobus,otobys
autocar,otokaR
autocensure,otos@syR
autocensurer,otos@syRe
autochenille,otoS°nij
autochtone,otoktOn
autoclave,otoklav
autocollant,otokol@
autoconservation,otok§sERvasj§
autocrate,otokRat
autocratie,otokRasi
autocratique,otokRatik
autocritique,otokRitik
autocritiquer,otok°Ritike
autocréation,otokReasj§
autocuiseur,otok8iz9R
autodafé,otodafe
autodestructeur,otodEstRykt9R
autodestructible,otodEstRyktibl
autodestruction,otodEstRyksj§
autodidacte,otodidakt
autodidactique,otodidaktik
autodirecteur,otodiREkt9R
autodiscipline,otodisiplin
autodrome,otodRom
autodéfense,otodef@s
autodénigrement,otodenigR°m@
autodérision,otodeRizj§
autodétermination,otodetERminasj§
autodétruire,otodetR8iR
autofinancement,otofin@s°m@
autofocus,otofokys
autogenèse,otoZ°nEz
autogestion,otoZEstj§
autogire,otoZiR
autographe,otogRaf
autographier,otogRafje
autoguidage,otogidaZ
autoguidé,otogide
autogène,otoZEn
autogérer,otoZeRe
autolysat,otoliza
autolyse,otoliz
automate,otomat
automatico,otomatiko
automation,otomasj§
automatique,otomatik
automatiquement,otomatik°m@
automatisation,otomatizasj§
automatisme,otomatizm
automatisé,otomatize
automnal,otonal
automne,otOn
automobile,otomobil
automobile-club,otomobilkl9b
automobiliste,otomobilist
automoteur,otomot9R
automutilation,otomytilasj§
automutiler,otomytile
automédication,otomedikasj§
autoneige,otonEZ
autonettoyant,otonEtwaj@
autonome,otonom
autonomie,otonomi
autonomique,OtOnOmik
autopilote,otopilOt
autoplastie,otoplasti
autoportrait,otopORtRE
autoproduit,otopRod8i
autopropulseur,otopROpyls9R
autopropulsé,otopRopylse
autopsie,otOpsi
autopsier,otOpsje
autopunition,otopynisj§
autoradio,otoRadjo
autorail,otoRaj
autoreproduction,otoRpROdyksj§
autorisation,otoRizasj§
autoriser,otoRize
autorisé,otoRize
autoritaire,otoRitER
autoritairement,OtORitER°m@
autoritarisme,otoRitaRizm
autorité,otoRite
autoroute,otoRut
autoroutière,otoRutjER
autorégulateur,otoRegylat9R
autorégulation,otoRegylasj§
autosatisfaction,otosatisfaksj§
autostop,otostOp
autostrade,otostRad
autosubsistance,otosybzist@s
autosuffisance,otosyfiz@s
autosuffisant,otosyfiz@
autosuggestion,otosygZEstj§
autosurveillance,otosyRvEj@s
autour,otuR
autoérotique,otoeROtik
autre,otR
autrefois,otR°fwa
autrement,otR°m@
autres,otR
autrichien,otRiSj5
autrichiens,otRiSj5
autruche,otRyS
autrui,otR8i
auvent,ov@
auvergnat,ovERNa
auvergne,ovERN
auverpin,ovERp5
aux,o
aux aguets,ozagE
auxdits,odi
auxerrois,osERwa
auxiliaire,oksiljER
auxquelles,okEl
auxquels,okEl
avachi,avaSi
avachir,avaSiR
avachissement,avaSis°m@
aval,aval
avalage,avalaZ
avalanche,aval@S
avalant,aval@
avalement,aval°m@
avaler,avale
avaleur,aval9R
avaliser,avalize
avaliseur,avaliz9R
avance,av@s
avancement,av@s°m@
avancer,av@se
avancé,av@se
avancée,av@se
avanie,avani
avant,av@
avant-avant-dernier,av@av@dERnje
avant-bec,av@bEk
avant-bras,av@bRa
avant-centre,av@s@tR
avant-corps,av@kOR
avant-coureur,av@kuR9R
avant-dernier,av@dERnje
avant-dîner,av@dine
avant-garde,av@gaRd
avant-gardiste,av@gaRdist
avant-gauche,av@goS
avant-goût,av@gu
avant-guerre,av@gER
avant-hier,av@tjER
avant-papier,av@papje
avant-plan,av@pl@
avant-port,av@pOR
avant-poste,av@pOst
avant-première,av@pR°mjER
avant-printemps,av@pR5t@
avant-projet,av@pRoZE
avant-propos,av@pRopo
avant-scène,av@sEn
avant-toit,av@twa
avant-train,av@tR5
avant-trou,av@tRu
avant-veille,av@vEj
avantage,av@taZ
avantager,av@taZe
avantageusement,av@taZ2z°m@
avantageux,av@taZ2
avare,avaR
avarement,avaR°m@
avarice,avaRis
avaricieusement,avaRisj2z°m@
avaricieux,avaRisj2
avarie,avaRi
avarié,avaRje
avaro,avaRo
avatar,avataR
ave,ave
avec,avEk
avenant,av°n@
avenir,av°niR
avent,av@
aventure,av@tyR
aventurer,av@tyRe
aventureux,av@tyR2
aventurier,av@tyRje
aventuré,av@tyRe
avenu,av°ny
avenue,av°ny
avers,avER
averse,avERs
aversion,avERsj§
averti,avERti
avertir,avERtiR
avertissement,avERtis°m@
avertisseur,avERtis9R
aveu,av2
aveuglant,av9gl@
aveugle,av9gl
aveugle-né,av9gl°ne
aveuglement,av9gl°m@
aveugler,av9gle
aveuglément,av9glem@
aviaire,avjER
aviateur,avjat9R
aviation,avjasj§
avicole,avikOl
aviculture,avikyltyR
avide,avid
avidement,avid°m@
avidité,avidite
avignonnais,aviNonE
avilir,aviliR
avilissant,avilis@
avilissement,avilis°m@
aviné,avine
avion,avj§
avion-cargo,avj§kaRgo
avion-citerne,avj§sitERn
avion-suicide,avj§s8isid
avion-école,avj§ekOl
avionique,avjonik
avions-espions,avj§Espj§
aviron,aviR§
avis,avi
aviser,avize
aviso,avizo
avisé,avize
avitailler,avitaje
avitaminose,avitaminoz
aviver,avive
avivé,avive
avocaillon,avokaj§
avocat,avoka
avocat-conseil,avokak§sEj
avocatier,avokatje
avocette,avosEt
avoine,avwan
avoiner,avwane
avoir,avwaR
avoisinant,avwazin@
avoisiner,avwazine
avortement,avORt°m@
avorter,avORte
avorteur,avORt9R
avorton,avORt§
avorté,avORte
avouable,avwabl
avouer,avwe
avoué,avwe
avoyer,avwaje
avril,avRil
avrillée,avRije
avulsion,avylsj§
avunculaire,av§kylER
avunculat,av§kyla
avènement,avEn°m@
avé,ave
avérer,aveRe
avéré,aveRe
awacs,awak
axe,aks
axel,aksEl
axer,akse
axial,aksjal
axillaire,aksilER
axiomatisation,aksijomatizasj§
axiome,aksjom
axis,aksis
axolotl,aksolOtl
axonge,aks§Z
aya,aja
ayants droit,Ej@dRwa
ayatollah,ajatola
aye-aye,ajaj
ayuntamiento,ajuntamjEnto
azalée,azale
azerbaïdjanais,azERbaidZanE
azimut,azimyt
azimutal,azimytal
azimuté,azimyte
azoospermie,azoospERmi
azote,azOt
azoture,azOtyR
azoïque,azOik
aztèque,astEk
azulejo,azulexo
azur,azyR
azuré,azyRe
azygos,azigOs
azyme,azim
azéri,azeRi
aède,aEd
aérage,aeRaZ
aérateur,aeRat9R
aération,aeRasj§
aérer,aeRe
aérien,aeRj5
aéro,aeRo
aéro-club,aeRokl9b
aérobic,aeRobik
aérodrome,aeRodRom
aérodynamique,aeRodinamik
aérodynamisme,aeRodinamizm
aérofrein,aeRofR5
aérogare,aeRogaR
aéroglisseur,aeRoglis9R
aérographe,aeRogRaf
aérolithe,aeRolit
aérologie,aeROlOZi
aéromobile,aeRomobil
aéromodélisme,aeRomodelizm
aéronaute,aeRonot
aéronautique,aeRonotik
aéronaval,aeRonaval
aéronavale,aeRonaval
aéronef,aeRonEf
aéropathie,aeROpati
aérophagie,aeRofaZi
aéroplane,aeRoplan
aéroport,aeRopOR
aéroporté,aeRopORte
aéropostale,aeRopOstal
aérosol,aeRosOl
aérospatial,aeRospasjal
aérospatiale,aeRospasjal
aérostat,aeRosta
aérostier,aeRostje
aéré,aeRe
aînesse,EnEs
aîné,ene
aître,EtR
aï,ai
aïd,aid
aïe,aj
aïeul,aj9l
aïkido,ajkido
aïoli,ajoli
b,be
baba,baba
baballe,babal
babasse,babas
babel,babEl
babeurre,bab9R
babi,babi
babil,babil
babillage,babijaZ
babillard,babijaR
babiller,babije
babine,babin
babiole,babjOl
babiroussa,babiRusa
babouche,babuS
babouchka,babuSka
babouin,babw5
baby,bejbi
baby-boom,babibum
baby-foot,babifut
baby-sitter,babisit9R
baby-sitting,babisitiG
babylonien,babilonj5
bac,bak
baccalauréat,bakaloRea
baccara,bakaRa
baccarat,bakaRa
bacchanal,bakanal
bacchanale,bakanal
bacchante,bak@t
bachelier,baS2lje
bachi-bouzouk,baSibuzuk
bachique,baSik
bachot,baSo
bachotage,baSotaZ
bachoter,baSote
bacille,basil
back,bak
back up,bak9p
backgammon,bakgamon
background,bakgRawnd
bacon,bekon
bactéricide,bakteRisid
bactérie,bakteRi
bactérien,bakteRj5
bactériologie,bakteRjoloZi
bactériologique,bakteRjoloZik
bactériologiste,bakteRjOlOZist
bactériophage,bakteRjOfaZ
bactériémie,bakteRjemi
badabam,badabam
badaboum,badabum
badamier,badamje
badaud,bado
badauder,badode
badauderie,badod°Ri
bader,bade
baderne,badERn
badge,badZ
badigeon,badiZ§
badigeonnage,badiZonaZ
badigeonner,badiZone
badigeonneur,badiZon9R
badigoinces,badigw5s
badin,bad5
badinage,badinaZ
badine,badin
badiner,badine
badminton,badmintOn
badois,badwa
baffe,baf
baffer,bafe
baffle,bafl
bafouer,bafwe
bafouillage,bafujaZ
bafouillant,bafuj@
bafouille,bafuj
bafouiller,bafuje
bafouilleur,bafuj9R
bafouillis,bafuji
bafoué,bafwe
bagage,bagaZ
bagagerie,bagaZ°Ri
bagagiste,bagaZist
bagarre,bagaR
bagarrer,bagaRe
bagarreur,bagaR9R
bagasse,bagas
bagatelle,bagatEl
bagnard,baNaR
bagne,baN
bagnole,baNOl
bagoter,bagote
bagotter,bagote
bagou,bagu
bagouse,baguz
bagout,bagu
bagouze,baguz
baguage,bagaZ
bague,bag
baguenaude,bag°nod
baguenauder,bag°node
baguer,bage
baguette,bagEt
bagué,bage
bah,ba
baht,bat
bahut,bay
bai,bE
baie,bE
baignade,bENad
baigner,beNe
baigneur,bEN9R
baignoire,bENwaR
bail,baj
baile,bel
baille,baj
bailler,baje
bailleur,baj9R
bailli,baji
bailliage,bajaZ
baillive,bajiv
bain,b5
bain-marie,b5maRi
baisable,bEzabl
baisade,b°zad
baise,bEz
baise-en-ville,bEz@vil
baisemain,bEz°m5
baisement,bEz°m@
baiser,beze
baiseur,bEz9R
baisodrome,bEzodRom
baisouiller,bEzuje
baisse,bEs
baissement,bEs°m@
baisser,bese
baissier,besje
bajoue,baZu
bakchich,bakSiS
baklava,baklava
bakélite,bakelit
bal,bal
balade,balad
balader,balade
baladeur,balad9R
baladin,balad5
balafon,balaf§
balafre,balafR
balafrer,balafRe
balafré,balafRe
balai,balE
balai-brosse,balEbROs
balais,balE
balaise,balEz
balalaïka,balalaika
balan,bal@
balance,bal@s
balancelle,bal@sEl
balancement,bal@s°m@
balancer,bal@se
balancier,bal@sje
balancé,bal@se
balandras,bal@dRa
balanstiquer,bal@stike
balançage,bal@saZ
balançoire,bal@swaR
balatum,balatOm
balayage,balEjaZ
balayant,balEj@
balayer,baleje
balayette,balEjEt
balayeur,balEj9R
balayure,balEjyR
balboa,balboa
balbutiant,balbysj@
balbutiement,balbysim@
balbutier,balbysje
balbuzard,balbyzaR
balcon,balk§
balconnet,balkonE
baldaquin,baldak5
bale,bal
baleine,balEn
baleineau,balEno
baleinier,balenje
baleiné,balene
balinais,balinE
balisage,balizaZ
balise,baliz
baliser,balize
baliste,balist
balistique,balistik
balistiquement,balistik°m@
baliveau,balivo
baliverne,balivERn
balkanique,balkanik
ball-trap,baltRap
ballade,balad
ballant,bal@
ballast,balast
balle,bal
balle-peau,balpo
baller,bale
ballerine,bal°Rin
ballet,balE
ballon,bal§
ballon-sonde,bal§s§d
ballonnant,balon@
ballonnement,balOn°m@
ballonner,balone
ballonné,balone
ballot,balo
ballote,balOt
ballottage,balotaZ
ballottement,balot°m@
ballotter,balote
ballottine,balotin
ballotté,balote
balluche,balyS
balluchon,balyS§
balluchonnage,balySonaZ
balnéaire,balneER
balnéothérapie,balneoteRapi
balourd,baluR
balourdise,baluRdiz
balpeau,balpo
balsa,balza
balsamier,balzamje
balsamine,balzamin
balsamique,balzamik
balte,balt
balthazar,baltazaR
baltique,baltik
balto,balto
baluba,balyba
baluchon,balyS§
baluchonnage,balySonaZ
baluchonner,balySone
baluchonneur,balySon9R
balustrade,balystRad
balustre,balystR
balzacien,balzasj5
balèze,balEz
bambara,b@baRa
bambin,b@b5
bambinette,b@binEt
bambino,b@bino
bamboche,b@bOS
bambocher,b@boSe
bambou,b@bu
bamboula,b@bula
ban,b@
banal,banal
banalement,banal°m@
banalisation,banalizasj§
banaliser,banalize
banalité,banalite
banane,banan
bananer,banane
bananeraie,banan°RE
bananier,bananje
banc,b@
banc-titre,b@titR
bancaire,b@kER
bancal,b@kal
banco,b@ko
bancroche,b@kROS
bandage,b@daZ
bandagiste,b@daZist
bandaison,b@dEz§
bandana,b@dana
bandant,b@d@
bande,b@d
bande-annonce,b@dan§s
bande-son,b@ds§
bandeau,b@do
bandelette,b@d°lEt
bander,b@de
bandera,b@d°Ra
banderille,b@d°Rij
banderillero,b@d°RijeRo
banderole,b@d°ROl
bandeur,b@d9R
bandit,b@di
banditisme,b@ditizm
bandoline,b@dolin
bandonéon,b@done§
bandothèque,b@dOtEk
bandoulière,b@duljER
bandé,b@de
bang,b@g
bangladais,b@gladE
banian,banj@
banjo,b@dZo
bank-note,b@knOt
banlieue,b@lj2
banlieusard,b@lj2zaR
banner,bane
banni,bani
bannir,baniR
bannissement,banis°m@
bannière,banjER
banque,b@k
banquer,b@ke
banqueroute,b@k°Rut
banqueroutier,b@k°Rutje
banquet,b@kE
banquette,b@kEt
banquier,b@kje
banquise,b@kiz
bantou,b@tu
bantu,b@tu
banyan,banjan
banyuls,banjyl
baobab,baobab
baou,bau
baptiser,batize
baptiseur,batiz9R
baptismal,batismal
baptiste,batist
baptistère,batistER
baptême,batEm
baquet,bakE
bar,baR
bar-hôtel,baRotEl
bar-mitsva,baRmisva
bar-restaurant,baRREstoR@
bar-tabac,baRtaba
baragouin,baRagw5
baragouinage,baRagwinaZ
baragouiner,baRagwine
baragouineur,baRagwin9R
baraka,baRaka
baralipton,baRalipt§
baraque,baRak
baraquement,baRak°m@
baraqué,baRake
baraterie,baRat°Ri
baratin,baRat5
baratiner,baRatine
baratineur,baRatin9R
barattage,baRataZ
baratte,baRat
baratter,baRate
barbacane,baRbakan
barbant,baRb@
barbaque,baRbak
barbara,baRbaRa
barbare,baRbaR
barbarement,baRbaR°m@
barbaresque,baRbaREsk
barbarie,baRbaRi
barbarisme,baRbaRizm
barbe,baRb
barbe-de-capucin,baRbdkapys5
barbeau,baRbo
barbecue,baRb°kju
barbelé,baRb°le
barber,baRbe
barbet,baRbE
barbette,baRbEt
barbiche,baRbiS
barbichette,baRbiSEt
barbichu,baRbiSy
barbier,baRbje
barbillon,baRbij§
barbiquet,baRbikE
barbiturique,baRbityRik
barbon,baRb§
barbot,baRbo
barbote,baRbOt
barboter,baRbote
barbotière,baRbotjER
barbotte,baRbOt
barbouillage,baRbujaZ
barbouille,baRbuj
barbouiller,baRbuje
barbouilleur,baRbuj9R
barbouillis,baRbuji
barbouillé,baRbuje
barbouze,baRbuz
barbu,baRby
barbue,baRby
barca,baRka
barcarolle,baRkaROl
barcasse,baRkas
barda,baRda
bardage,baRdaZ
bardane,baRdan
barde,baRd
bardeau,baRdo
barder,baRde
bardo,baRdo
bardolino,baRdolino
bardot,baRdo
baret,baRE
barge,baRZ
barguigner,baRgiNe
baril,baRil
barillet,baRijE
barine,baRin
bariolage,baRjolaZ
bariolé,baRjole
barje,baRZ
barjo,baRZo
barjot,baRZo
barmaid,baRmEd
barman,baRman
barnum,baRnOm
barolo,baRolo
baromètre,baRomEtR
barométrique,baRometRik
baron,baR§
baronet,baRonE
baronner,baRone
baronnet,baRonE
baronnie,baRoni
baroque,baROk
barotraumatisme,baRotRomatism
baroud,baRud
baroudeur,baRud9R
barouf,baRuf
barque,baRk
barquette,baRkEt
barracuda,baRakyda
barrage,baRaZ
barre,baR
barreau,baRo
barrer,baRe
barrette,baREt
barreur,baR9R
barricade,baRikad
barricader,baRikade
barricadier,baRikadje
barrique,baRik
barrissement,baRis°m@
barriste,baRist
barrière,baRjER
barré,baRe
barrésien,baRezj5
bartavelle,baRtavEl
barye,baRi
baryon,baRj§
baryte,baRit
baryton,baRit§
barytonner,baRitone
baryté,baRite
baryum,baRjOm
barzoï,baRzOj
barème,baREm
bas,ba
bas-bleu,babl2
bas-côté,bakote
bas-empire,baz@piR
bas-flanc,bafl@
bas-fond,baf§
bas-relief,baR°ljEf
bas-ventre,bav@tR
basal,bazal
basalte,bazalt
basaltique,bazaltik
basane,bazan
basané,bazane
basculant,baskyl@
bascule,baskyl
basculement,baskyl°m@
basculer,baskyle
base,baz
base-ball,bEzbol
baseball,bezbol
baser,baze
basic,bazik
basilaire,bazilER
basileus,bazil2
basilic,bazilik
basilicum,bazilikOm
basilique,bazilik
basin,baz5
basique,bazik
basket,baskEt
basket-ball,baskEtbOl
basketteur,baskEt9R
basmati,basmati
basoche,bazOS
basque,bask
bassa,basa
basse,bas
basse-cour,baskuR
basse-fosse,basfos
basse-taille,bastaj
bassement,bas°m@
bassesse,basEs
basset,basE
bassette,basEt
bassin,bas5
bassine,basin
bassiner,basine
bassinet,basinE
bassinoire,basinwaR
bassiste,basist
basson,bas§
basta,basta
baste,bast
baster,baste
bastide,bastid
bastille,bastij
bastingage,bast5gaZ
bastion,bastj§
baston,bast§
bastonnade,bastonad
bastonner,bastone
bastos,bastOs
bastringue,bastR5g
basé,baze
bat-flanc,bafl@
bat-l'eau,balo
bataclan,batakl@
bataille,bataj
batailler,bataje
batailleur,bataj9R
bataillon,bataj§
bataillonnaire,batajonER
batak,batak
batardeau,bataRdo
batave,batav
bateau,bato
bateau-citerne,batositERn
bateau-lavoir,batolavwaR
bateau-mouche,batomuS
bateau-pilote,batopilOt
bateau-pompe,batop§p
bateleur,bat°l9R
batelier,bat°lje
batellerie,batEl°Ri
bath,bat
bathymètre,batimEtR
bathymétrique,batimetRik
bathyscaphe,batiskaf
bathysphère,batisfER
batifolage,batifolaZ
batifoler,batifole
batik,batik
batiste,batist
batracien,batRasj5
battage,bataZ
battant,bat@
batte,bat
battement,bat°m@
batterie,bat°Ri
batteur,bat9R
battle-dress,bat9ldREs
battoir,batwaR
battre,batR
battu,baty
battue,baty
batée,bate
bau,bo
baud,bo
baudelairien,bod°lERj5
baudet,bodE
baudrier,bodRije
baudroie,bodRwa
baudruche,bodRyS
bauge,boZ
baume,bom
baumier,bomje
bauxite,boksit
bavard,bavaR
bavardage,bavaRdaZ
bavarder,bavaRde
bavarois,bavaRwa
bavasser,bavase
bavasseur,bavas9R
bave,bav
baver,bave
bavette,bavEt
baveur,bav9R
baveux,bav2
bavocher,bavoSe
bavoir,bavwaR
bavure,bavyR
bayadère,bajadER
bayard,bajaR
bayer,baje
bayou,baju
bazar,bazaR
bazard,bazaR
bazarder,bazaRde
bazardeur,bazaRd9R
bazooka,bazuka
baïonnette,bajonEt
bcbg,besebeZe
be-bop,bibOp
beagle,big9l
beat,bit
beat generation,bitZeneRasj§
beatnik,bitnik
beau,bo
beau-fils,bofis
beau-frère,bofRER
beau-papa,bopapa
beau-parent,bopaR@
beau-père,bopER
beauceron,bos°R§
beaucoup,boku
beauf,bof
beaujolais,boZolE
beaujolpif,boZOlpif
beaupré,bopRe
beauté,bote
beauvais,bovE
beaux-arts,bozaR
beaux-enfants,boz@f@
beaux-parents,bopaR@
bec,bEk
bec-de-cane,bEkd2kan
bec-de-lièvre,bEkd2ljEvR
because,bikoz
becfigue,bEkfig
becquer,beke
becquet,bekE
becquetance,bEk°t@s
becqueter,bEk°te
becquée,bEke
bectance,bEkt@s
becter,bEkte
bedaine,b2dEn
bedeau,b2do
bedon,b2d§
bedonnant,b2don@
beefsteak,biftEk
beeper,bip9R
beethovénien,betovenj5
beffroi,befRwa
behavioriste,beavjoRist
beige,bEZ
beigne,bEN
beignet,bENE
bel,bEl
bel canto,bElk@to
belette,b°lEt
belge,bElZ
belgique,bElZik
belladone,beladOn
belle lurette,bEllyREt
belle-doche,bEldOS
belle-famille,bElfamij
belle-fille,bElfij
belle-maman,bElmam@
belle-à-voir,bElavwaR
bellement,bEl°m@
bellevillois,bel°vilwa
belliciste,bElisist
belligérance,bEliZeR@s
belligérant,beliZeR@
belliqueusement,belik2z°m@
belliqueux,belik2
bellissime,bElisim
bellot,bElo
belluaire,bEl8ER
bellâtre,bElatR
belon,b°l§
belote,b°lOt
beloter,b°lote
beluga,belyga
belvédère,bElvedER
ben,b5
benedictus,benediktys
bengalais,b5galE
bengali,b5gali
benjamin,b5Zam5
benjoin,b5Zw5
benne,bEn
benoît,b°nwa
benoîte,b°nwat
benoîtement,b°nwat°m@
benthique,b5tik
benzidine,b5zidin
benzine,b5zin
benzoate,b5zOat
benzodiazépine,b5zodjazepin
benzonaphtol,b5zonaftOl
benzylique,b5zilik
benzène,b5zEn
benzédrine,b5zedRin
benêt,b°nE
ber,b9R
berbère,bERbER
bercail,bERkaj
berce,bERs
berceau,bERso
bercelonnette,bERs°lonEt
bercement,bERs°m@
bercer,bERse
berceur,bERs9R
berdouillette,bERdujEt
berg,bERg
bergamote,bERgamOt
berge,bERZ
berger,bERZe
bergerie,bERZ°Ri
bergeronnette,bERZ°RonEt
berk,bERk
berle,bERl
berlin,bERl5
berline,bERlin
berlingot,bERl5go
berlingue,bERl5g
berlinois,bERlinwa
berloque,bERlOk
berlue,bERly
berlure,bERlyR
berlurer,bERlyRe
berme,bERm
bermuda,bERmyda
bernache,bERnaS
bernard-l'ermite,bERnaRlERmit
bernard-l'hermite,bERnaRlERmit
berne,bERn
berner,bERne
bernicle,bERnikl
bernique,bERnik
bernois,bERnwa
berrichon,bERiS§
bersaglier,bERsaglije
bertha,bERta
berthe,bERt
berzingue,bERz5g
besace,b°zas
besaiguë,b°zegy
besant,b°z@
besef,b°zEf
besicles,bezikl
besogne,b2zON
besogner,b2zoNe
besogneux,b2zoN2
besoin,b°zw5
besson,bes§
best,bEst
best of,bEstOf
best-seller,bEstsel9R
bestiaire,bEstjER
bestial,bEstjal
bestialement,bEstjal°m@
bestialité,bEstjalite
bestiasse,bEstjas
bestiau,bEstjo
bestiole,bEstjOl
bette,bEt
betterave,bEt°Rav
betteravier,bEt°Ravje
betting,bEtiG
beu,b2
beuark,b2aRk
beuglant,b2gl@
beuglement,b2gl°m@
beugler,b2gle
beuh,b2
beur,b9R
beurk,b9Rk
beurrage,b9RaZ
beurre,b9R
beurrer,b9Re
beurrier,b9Rje
beurré,b9Re
beuverie,b9v°Ri
bey,bE
bezef,bezEf
bi,bi
biafrais,bjafRE
biais,bjE
biaiser,bjeze
biaisé,bjeze
biathlon,biatl§
bib,bib
bibard,bibaR
bibelot,bib°lo
bibendum,bib5dOm
biberon,bib°R§
biberonner,bib°Rone
bibi,bibi
bibiche,bibiS
bibine,bibin
bibite,bibit
bible,bibl
bibliobus,biblijobys
bibliographe,biblijogRaf
bibliographie,biblijogRafi
bibliographique,biblijOgRafik
bibliophile,biblijofil
bibliophilie,biblijofili
bibliophilique,biblijofilik
bibliothèque,biblijotEk
bibliothécaire,biblijotekER
biblique,biblik
bibliquement,biblik°m@
bic,bik
bicarbonate,bikaRbonat
bicause,bikoz
bicentenaire,bis@t°nER
biceps,bisEps
biche,biS
bicher,biSe
bichette,biSEt
bichon,biS§
bichonner,biSone
biclou,biklu
bicolore,bikolOR
bicoque,bikOk
bicorne,bikORn
bicot,biko
bicuspide,bikyspid
bicycle,bisikl
bicyclette,bisiklEt
bicycliste,bisiklist
bicéphale,bisefal
bicéphalie,bisefali
bidasse,bidas
bide,bid
bidet,bidE
bidimensionnel,bidim@sjonEl
bidoche,bidOS
bidon,bid§
bidonnage,bidonaZ
bidonnant,bidon@
bidonner,bidone
bidonville,bid§vil
bidouillage,bidujaZ
bidouille,biduj
bidouiller,biduje
bidule,bidyl
bief,bjEf
bielle,bjEl
bien,bj5
bien-aimé,bj5neme
bien-fonds,bj5f§
bien-fondé,bj5f§de
bien-manger,bj5m@Ze
bien-pensant,bj5p@s@
bien-portant,bj5pORt@
bien-être,bj5nEtR
bienfaisance,bj5f°z@s
bienfaisant,bj5f°z@
bienfait,bj5fE
bienfaiteur,bj5fEt9R
bienheureusement,bj5n2R2z°m@
bienheureux,bj5n2R2
biennale,bjenal
bienséance,bj5se@s
bienséant,bj5se@
bientôt,bj5to
bienveillamment,bj5vEjam@
bienveillance,bj5vEj@s
bienveillant,bj5vEj@
bienvenu,bj5v°ny
bienvenue,bj5v°ny
bif,bif
biface,bifas
biffe,bif
biffer,bife
biffeton,bif°t§
biffin,bif5
bifide,bifid
bifteck,biftEk
bifton,bift§
biftèque,biftEk
bifurcation,bifyRkasj§
bifurquer,bifyRke
big band,bigb@d
big bang,bigb@g
big-bang,bigb@g
bigaille,bigaj
bigame,bigam
bigamie,bigami
bigarreau,bigaRo
bigarrer,bigaRe
bigarrure,bigaRyR
bigarré,bigaRe
bighorn,bigORn
bigle,bigl
bigler,bigle
bigleux,bigl2
bigne,biN
bignole,biNOl
bignolle,biNOl
bignon,biN§
bigo,bigo
bigophone,bigofOn
bigophoner,bigofone
bigorne,bigORn
bigorneau,bigORno
bigorner,bigORne
bigot,bigo
bigoterie,bigOt°Ri
bigouden,bigudEn
bigoudi,bigudi
bigre,bigR
bigrement,bigR°m@
bigue,big
biguine,bigin
bihebdomadaire,biEbdomadER
bihoreau,bioRo
bijou,biZu
bijouterie,biZut°Ri
bijoutier,biZutje
bijoux,biZu
bikini,bikini
bilan,bil@
bilatéral,bilateRal
bilatéralement,bilateRal°m@
bilbergia,bilbERZja
bilboquet,bilbokE
bile,bil
biler,bile
bileux,bil2
bilharziose,bilaRzjoz
biliaire,biljER
bilieux,bilj2
bilingue,bil5g
bilinguisme,bil5g8izm
bilirubine,biliRybin
bill,bil
billard,bijaR
bille,bij
biller,bije
billet,bijE
billetterie,bijEt°Ri
billevesée,bil°v°ze
billion,bilj§
billon,bij§
billot,bijo
bim,bim
bimbeloterie,b5b°lOt°Ri
bimensuel,bim@s8El
bimestre,bimEstR
bimoteur,bimot9R
bimétallisme,bimetalizm
bin's,bins
binaire,binER
biner,bine
binet-simon,binEsim§
binette,binEt
bing,biG
bingo,biGo
biniou,binju
binoclard,binoklaR
binocle,binOkl
binoculaire,binokylER
bintje,bintS
binz,binz
binôme,binom
bio,bjo
biochimie,bjoSimi
biochimique,bjoSimik
biochimiquement,bjoSimik°m@
biochimiste,bjoSimist
biodiversité,bjodivERsite
biodégradable,bjodegRadabl
biographe,bjogRaf
biographie,bjogRafi
biographique,bjogRafik
biogénique,bjoZenik
biogénétique,bjoZenetik
biologie,bjoloZi
biologique,bjoloZik
biologiquement,bjoloZik°m@
biologiste,bjoloZist
bioluminescence,bjolymines@s
biomasse,bjomas
biomécanique,bjomekanik
biomécanisme,bjomekanizm
biomédical,bjomedikal
biométrie,bjOmetRi
biométrique,bjometRik
bionique,bjonik
biophysique,bjofizik
biopsie,bjOpsi
biorythme,bjoRitm
biosphère,bjosfER
biotechnique,bjotEknik
biotechnologie,bjotEknoloZi
biotique,bjotik
biotite,bjOtit
biotope,bjotOp
bioxyde,bjOksid
bioélectrique,bjoelEktRik
bip,bip
bip-bip,bipbip
bipartisan,bipaRtiz@
bipartisme,bipaRtism
bipartite,bipaRtit
biper,bipe
biphényle,bifenil
biplace,biplas
biplan,bipl@
bipolaire,bipolER
bipolarité,bipolaRite
bipède,bipEd
bique,bik
biquet,bikE
biquette,bikEt
birbe,biRb
bire,biR
biribi,biRibi
birman,biRm@
biroute,biRut
birth control,b9Rsk§tROl
biréfringence,biRefR5Z@s
bis,bis
bisannuel,bizan8El
bisaïeul,bizaj9l
bisbille,bisbij
biscaïen,biskaj5
bischof,biSOf
biscornu,biskORny
biscotte,biskOt
biscuit,bisk8i
biscuiterie,bisk8it°Ri
bise,biz
biseau,bizo
biseness,biznEs
biser,bize
bisette,bizEt
bisexualité,biseks8alite
bisexuel,biseks8El
bisexué,biseks8e
bishop,biSOp
bismarckien,bismaRkj5
bismuth,bismyt
bisness,biznEs
bison,biz§
bisou,bizu
bisou-éclair,bizueklER
bisque,bisk
bisquer,biske
bissac,bisak
bissel,bisEl
bisser,bise
bissextile,bisekstil
bistorte,bistORt
bistouille,bistuj
bistouquette,bistukEt
bistouri,bistuRi
bistouriser,bistuRize
bistre,bistR
bistro,bistRo
bistroquet,bistRokE
bistrot,bistRo
bistrotier,bistRotje
bistrouille,bistRuj
bisulfite,bisylfit
bit,bit
bite,bit
bithynien,bitinj5
bitoniau,bitonjo
bitos,bitOs
bitte,bit
bitter,bitER
bitume,bitym
bitumeux,bitym2
bitumineux,bitymin2
biture,bityR
biturer,bityRe
biturin,bityR5
bivalve,bivalv
bivouac,bivwak
bivouaquer,bivwake
bizarde,bizaRd
bizarre,bizaR
bizarrement,bizaR°m@
bizarrerie,bizaR°Ri
bizarroïde,bizaRoid
bizness,biznEs
bizou,bizu
bizut,bizy
bizutage,bizytaZ
bizuter,bizyte
bizuth,bizy
bière,bjER
bla-bla,blabla
bla-bla-bla,blablabla
blabla,blabla
blablabla,blablabla
blablater,blablate
black,blak
black-bass,blakbas
black-jack,blakdZak
black-out,blakaut
blackbouler,blakbule
blafard,blafaR
blague,blag
blaguer,blage
blagueur,blag9R
blair,blER
blaireau,blERo
blairer,bleRe
blaisois,blEzwa
blanc,bl@
blanc-bec,bl@bEk
blanc-bleu,bl@bl2
blanc-gris,bl@gRi
blanc-seing,bl@s5
blanche,bl@S°
blanchecaille,bl@Skaj
blanchement,bl@S°m@
blanchet,bl@SE
blancheur,bl@S9R
blanchi,bl@Si
blanchiment,bl@Sim@
blanchir,bl@SiR
blanchissage,bl@SisaZ
blanchissant,bl@Sis@
blanchissement,bl@Sis°m@
blanchisserie,bl@Sis°Ri
blanchisseur,bl@Sis9R
blanchoiement,bl@Swam@
blanchon,bl@S§
blanchâtre,bl@SatR
blancs-manteaux,bl@m@to
blanque,bl@k
blanquette,bl@kEt
blase,blaz
blaser,blaze
blason,blaz§
blasphème,blasfEm
blasphémateur,blasfemat9R
blasphématoire,blasfematwaR
blasphémer,blasfeme
blastula,blastyla
blasé,blaze
blatte,blat
blaze,blaz
blazer,blazER
bled,blEd
blennorragie,blenoRaZi
blessant,blEs@
blesser,blese
blessing,blEsiG
blessure,blesyR
blessé,blese
blet,blE
blettir,bletiR
blettissement,bletis°m@
bleu,bl2
bleu-ciel,bl2sjEl
bleu-noir,bl2nwaR
bleu-roi,bl2Rwa
bleu-vert,bl2vER
bleubite,bl9bit
bleuet,bl2E
bleuette,bl2Et
bleui,bl2i
bleuir,bl2iR
bleusaille,bl2zaj
bleuté,bl2te
bleuâtre,bl2atR
bliaut,blijo
blindage,bl5daZ
blinde,bl5d
blinder,bl5de
blindé,bl5de
blini,blini
blitzkrieg,blitskRik
blizzard,blizaR
blob,blOb
bloc,blOk
bloc-cylindres,blOksil5dR
bloc-moteur,blOkmot9R
bloc-notes,blOknOt
blocage,blokaZ
blocaille,blokaj
block,blOk
blockhaus,blOkos
blocs-notes,blOknOt
blocus,blokys
blond,bl§
blondasse,bl§das
blondeur,bl§d9R
blondin,bl§d5
blondinet,bl§dinE
blondir,bl§diR
bloody mary,blOdimaRi
bloom,blum
bloomer,blume
bloquant,blok@
bloquer,bloke
bloqueur,blok9R
bloqué,bloke
blot,blo
blotti,bloti
blottir,blotiR
blottissement,blOtis°m@
bloum,blum
blouse,bluz
blouser,bluze
blouson,bluz§
blue note,blunOt
blue-jean,bludZin
blues,bluz
bluette,blyEt
bluff,bl9f
bluffer,bl9fe
bluffeur,bl9f9R
blush,bl9S
bluter,blyte
blutoir,blytwaR
blâmable,blamabl
blâme,blam
blâmer,blame
blèche,blES
blèsement,blEzm@
blé,ble
blédard,bledaR
blépharite,blefaRit
blême,blEm
blêmir,blemiR
boa,boa
boat people,bOwtpip9l
bob,bOb
bobard,bobaR
bobbies,bobi
bobby,bobi
bobinage,bobinaZ
bobinard,bobinaR
bobine,bobin
bobineau,bobino
bobinette,bobinEt
bobino,bobino
bobo,bobo
bobonne,bobOn
bobosse,bobOs
bobsleigh,bObslEg
bobèche,bobES
boc,bOk
bocage,bokaZ
bocal,bokal
bocard,bokaR
boche,bOS
bochiman,boSim@
bock,bOk
bocson,bOks§
bodega,bod°ga
bodhi,bOdi
bodhisattva,bodizatva
bodo,bodo
body,bOdi
body-building,bOdibildiG
bodybuilding,bOdibildiG
boer,b9R
boeuf,b9f
bof,bOf
boggie,bogi
boghei,bogEj
bogie,bOZi
bogue,bOg
boguer,boge
boguet,bOgE
bohème,boEm
bohémien,boemj5
bohême,boEm
boire,bwaR
bois,bwa
boiserie,bwaz°Ri
boiseur,bwaz9R
boisseau,bwaso
boisselier,bwas2lje
boisson,bwas§
boisé,bwaze
boitement,bwat°m@
boiter,bwate
boiterie,bwat°Ri
boiteux,bwat2
boitillant,bwatij@
boitillement,bwatij°m@
boitiller,bwatije
bol,bOl
bola,bola
bolchevik,bOlS°vik
bolchevique,bOlS°vik
bolchevisme,bOlS°vizm
bolcheviste,bOlS°vist
bolcho,bOlSo
bold,bOld
boldo,bOldo
bolduc,bOldyk
bolet,bolE
bolge,bOlZ
bolide,bolid
bolivar,bolivaR
bolivien,bOlivj5
bolognais,boloNE
bolée,bole
boléro,boleRo
bombage,b§baZ
bombance,b§b@s
bombarde,b§baRd
bombardement,b§baRd°m@
bombarder,b§baRde
bombardier,b§baRdje
bombardon,b§baRd§
bombardé,b§baRde
bombe,b§b
bomber,b§be
bombeur,b§b9R
bombillement,b§bij°m@
bombinette,b§binEt
bombonne,b§bOn
bombyx,b§biks
bombé,b§be
bon,b§
bon-papa,b§papa
bonace,bonas
bonapartiste,bonapaRtist
bonard,bonaR
bonasse,bonas
bonassement,bonas°m@
bonasserie,bonas°Ri
bonbon,b§b§
bonbonne,b§bOn
bonbonnière,b§bonjER
bond,b§
bondage,b§daZ
bonde,b§d
bonder,b§de
bondieusard,b§dj2zaR
bondieuserie,b§dj2z°Ri
bondir,b§diR
bondissant,b§dis@
bondissement,b§dis°m@
bondrée,b§dRe
bondé,b§de
bongo,b§go
bonheur,bon9R
bonheur-du-jour,bon9RdyZuR
bonhomie,bonomi
bonhomme,bonOm
boni,boni
boniche,boniS
bonification,bonifikasj§
bonifier,bonifje
boniment,bonim@
bonimenter,bonim@te
bonimenteur,bonim@t9R
bonir,boniR
bonjour,b§ZuR
bonnard,bonaR
bonne,bOn
bonne-maman,bOnmam@
bonnement,bOn°m@
bonnet,bonE
bonneteau,bOn°to
bonneter,bOnEte
bonneterie,bonEt°Ri
bonneteur,bOn°t9R
bonnette,bOnEt
bonniche,boniS
bonnir,boniR
bonsaï,b§zaj
bonsoir,b§swaR
bonté,b§te
bonus,bonys
bonzaï,b§zaj
bonze,b§z
boogie-woogie,bugiwugi
book,buk
bookmaker,bukmEk9R
boom,bum
boomer,bum9R
boomerang,bum°R@g
booster,buste
bootlegger,butleg9R
boots,buts
bop,bOp
boqueteau,bOk°to
bora,boRa
borax,boRaks
borborygme,bORboRigm
borchtch,bORtS
bord,bOR
bordage,bORdaZ
bordeau,bORdo
bordeaux,bORdo
bordel,bORdEl
bordelais,bORd°lE
border,bORde
bordereau,bORd°Ro
borderie,bORd2Ri
borderline,bORdERlin
bordier,bORdje
bordille,bORdij
bordj,bORdZ
bordure,bORdyR
bordurer,bORdyRe
bordé,bORde
bordée,bORde
bordélique,bORdelik
bordéliser,bORdelize
bore,bOR
borgne,bORN
borie,boRi
borique,boRik
bornage,bORnaZ
borne,bORn
borne-fontaine,bORnf§tEn
borner,bORne
borné,bORne
borough,boRO
borsalino,bORsalino
bortch,bORtS
bortsch,bORtS
boréal,boReal
borée,bORe
bosco,bOsko
boskoop,bOskup
bosniaque,bOsnjak
bosnien,bOsnj5
bosquet,bOskE
boss,bOs
bossa-nova,bosanova
bossage,bosaZ
bosse,bOs
bosseler,bOs°le
bossellement,bosEl°m@
bosselure,bOs°lyR
bosselé,bOs°le
bosser,bose
bosseur,bos9R
bossoir,boswaR
bosson,bos§
bossu,bosy
bossué,bos8e
boston,bOstOn
bostonien,bOstonj5
bostonner,bOstone
bot,bo
botanique,botanik
botaniquement,bOtanik°m@
botaniste,botanist
botte,bOt
botteler,bOt°le
bottelé,bOt°le
botter,bote
botteur,bot9R
bottier,botje
bottillon,botij§
bottin,bot5
bottine,botin
botté,bote
botulique,bOtylik
botulisme,botylizm°
boubou,bubu
bouc,buk
boucan,buk@
boucaner,bukane
boucanerie,bukan°Ri
boucanier,bukanje
bouchage,buSaZ
boucharde,buSaRd
boucharder,buSaRde
bouche,buS
bouche-trou,buStRu
bouche-à-bouche,buSabuS
bouche-à-oreille,buSaoREj
boucher,buSe
boucherie,buS°Ri
bouchon,buS§
bouchonner,buSone
bouchonné,buSone
bouchot,buSo
bouchure,buSyR
bouché,buSe
bouchée,buSe
bouclage,buklaZ
boucle,bukl
boucler,bukle
bouclette,buklEt
bouclier,buklije
bouclé,bukle
bouddha,buda
bouddhique,budik
bouddhisme,budizm
bouddhiste,budist
bouder,bude
bouderie,bud°Ri
boudeur,bud9R
boudi,budi
boudin,bud5
boudine,budin
boudiné,budine
boudiou,budju
boudoir,budwaR
boudu,budy
boue,bu
boueur,bw9R
boueux,bw2
bouf,buf
bouffable,bufabl
bouffant,buf@
bouffarde,bufaRd
bouffe,buf
bouffer,bufe
bouffetance,buf°t@s
bouffeur,buf9R
bouffi,bufi
bouffissure,bufisyR
bouffon,buf§
bouffonnant,bufon@
bouffonnement,bufOn°m@
bouffonner,bufone
bouffonnerie,bufOn°Ri
bouffée,bufe
bouftance,buft@s
bougainvillier,bug5vilje
bougainvillée,bug5vile
bouge,buZ
bougeoir,buZwaR
bougeotte,buZOt
bouger,buZe
bougie,buZi
bougnat,buNa
bougnoul,buNul
bougnoule,buNul
bougon,bug§
bougonnement,bugOn°m@
bougonner,bugone
bougran,bugR@
bougre,bugR
bougrement,bugR°m@
bougrerie,bugR°Ri
bougresse,bugREs
bougé,buZe
boui-boui,bwibwi
bouiboui,bwibwi
bouif,bwif
bouillabaisse,bujabEs
bouillant,buj@
bouillasse,bujas
bouille,buj
bouilleur,buj9R
bouilli,buji
bouillie,buji
bouillir,bujiR
bouilloire,bujwaR
bouillon,buj§
bouillonnant,bujon@
bouillonnement,bujOn°m@
bouillonner,bujone
bouillonneux,bujOn2
bouillonné,bujone
bouillotte,bujOt
bouillu,bujy
boukha,buka
boulange,bul@Z
boulanger,bul@Ze
boulanger-pâtissier,bul@Zepatisje
boulangerie,bul@Z°Ri
boulangisme,bul@Zizm
boulder,buld9R
boule,bul
boule-de-neige,buld°nEZ
bouleau,bulo
bouledogue,bul°dOg
bouler,bule
boulet,bulE
boulette,bulEt
boulevard,bul°vaR
boulevardier,bul°vaRdje
bouleversant,bul°vERs@
bouleversement,bul°vERs°m@
bouleverser,bul°vERse
bouleversé,bul°vERse
boulgour,bulguR
boulier,bulje
boulimie,bulimi
boulimique,bulimik
bouline,bulin
bouliste,bulist
boulle,bul
boulodrome,bulodRom
bouloir,bulwaR
boulon,bul§
boulonnage,bulOnaZ
boulonnais,bulonE
boulonner,bulone
boulonnerie,bulOn°Ri
boulot,bulo
boulot-refuge,buloR°fyZ
boulotte,bulOt
boulotter,bulote
boulu,buly
boum,bum
bouquet,bukE
bouquetier,buk°tje
bouquetin,buk°t5
bouqueté,buk°te
bouquin,buk5
bouquinage,bukinaZ
bouquiner,bukine
bouquineur,bukin9R
bouquiniste,bukinist
bour,buR
bourbe,buRb
bourbeux,buRb2
bourbier,buRbje
bourbon,buRb§
bourbonien,buRbonj5
bourdaine,buRdEn
bourde,buRd
bourdillon,buRdij§
bourdon,buRd§
bourdonnant,buRdon@
bourdonnement,buRdOn°m@
bourdonner,buRdone
bourg,buR
bourgade,buRgad
bourge,buRZ
bourgeois,buRZwa
bourgeoisement,buRZwaz°m@
bourgeoisie,buRZwazi
bourgeoisisme,buRZwazizm
bourgeon,buRZ§
bourgeonnant,buRZon@
bourgeonnement,buRZOn°m@
bourgeonner,buRZone
bourgeron,buRZ°R§
bourgmestre,buRgmEstR
bourgogne,buRgON
bourgueil,buRg9j
bourguignon,buRgiN§
bourlingue,buRl5g
bourlinguer,buRl5ge
bourlingueur,buRl5g9R
bourrache,buRaS
bourrade,buRad
bourrage,buRaZ
bourrasque,buRask
bourratif,buRatif
bourre,buR
bourre-mou,buRmu
bourre-pif,buRpif
bourreau,buRo
bourrelet,buR°lE
bourrelier,buR°lje
bourrellerie,buREl°Ri
bourrer,buRe
bourreur,buR9R
bourriche,buRiS
bourrichon,buRiS§
bourricot,buRiko
bourrier,buRje
bourrin,buR5
bourrine,buRin
bourrique,buRik
bourriquet,buRikE
bourru,buRy
bourré,buRe
bourse,buRs
boursicot,buRsiko
boursicotage,buRsikotaZ
boursicoteur,buRsikot9R
boursier,buRsje
boursouflement,buRsufl°m@
boursoufler,buRsufle
boursouflure,buRsuflyR
boursouflé,buRsufle
bousbir,busbiR
bousculade,buskylad
bousculer,buskyle
bouse,buz
bouseux,buz2
bousier,buzje
bousillage,buzijaZ
bousiller,buzije
bousilleur,buzij9R
bousillé,buzije
bousin,buz5
bousine,buzin
boussole,busOl
boustifaille,bustifaj
boustrophédon,bustRofed§
bout,bu
bout-dehors,bud2OR
bout-rimé,buRime
boutade,butad
boutanche,but@S
boutargue,butaRg
boute-en-train,but@tR5
boutefeu,but°f2
boutefeux,but°f2
bouteille,butEj
bouteillon,butEj§
bouter,bute
bouteur,but9R
bouthéon,bute§
boutillier,butije
boutique,butik
boutique-cadeaux,butikkado
boutiquer,butike
boutiquier,butikje
boutoir,butwaR
bouton,but§
bouton-d'or,but§dOR
bouton-pression,but§pREsj§
boutonnage,butonaZ
boutonnant,buton@
boutonner,butone
boutonneux,buton2
boutonnière,butonjER
boutonné,butone
boutre,butR
bouture,butyR
bouvet,buvE
bouvier,buvje
bouvillon,buvij§
bouvreuil,buvR9j
bouzine,buzin
bouzouki,buzuki
bouzy,buzi
bouée,bwe
bovidé,bovide
bovin,bov5
bow-window,bowindo
bowling,buliG
box,bOks
box-calf,bOkskalf
box-office,bOksofis
boxe,bOks
boxer,bOksER
boxer,bOkse
boxer-short,bOks9RSORt
boxeur,bOks9R
boxon,bOks§
boy,bOj
boy-friend,bOjfR5nd
boy-scout,bOjskut
boy-scoutesque,bOjskutEsk
boyard,bwajaR
boyau,bwajo
boyauter,bwajOte
boycott,bOjkOt
boycotter,bOjkote
bozo,bozo
boîte,bwat
boîtier,bwatje
brabant,bRab@
brabançon,bRab@s§
bracelet,bRas°lE
bracelet-montre,bRas°lEm§tR
brachial,bRakjal
brachiocéphalique,bRakjOsefalik
brachiosaure,bRakjozOR
brachycéphale,bRakisefal
braco,bRako
braconnage,bRakonaZ
braconner,bRakone
braconnier,bRakonje
brader,bRade
braderie,bRad°Ri
bradillon,bRadij§
bradycardie,bRadikaRdi
bragard,bRagaR
braguette,bRagEt
brahmane,bRaman
brahmanique,bRamanik
brahmanisme,bRamanizm
brai,bRE
braiement,bREm@
braillard,bRajaR
braille,bRaj
braillement,bRaj°m@
brailler,bRaje
brailleur,bRaj9R
braiment,bREm@
brain-trust,bREjntR9st
brainstorming,bREjnstORmiG
braire,bRER
braise,bREz
braiser,bREze
braisillant,bREzij@
braisé,bReze
brame,bRam
bramement,bRam°m@
bramer,bRame
bran,bR@
brancard,bR@kaR
brancarder,bR@kaRde
brancardier,bR@kaRdje
branchage,bR@SaZ
branche,bR@S
branchement,bR@S°m@
brancher,bR@Se
branchette,bR@SEt
branchie,bR@Si
branchu,bR@Sy
branché,bR@Se
brand,bR@
brandade,bR@dad
brandebourgeois,bR@d°buRZwa
brandevin,bR@d°v5
brandevinier,bR@d°vinje
brandillon,bR@dij§
brandir,bR@diR
brandon,bR@d§
brandy,bR@di
branlage,bR@laZ
branlant,bR@l@
branle,bR@l
branle-bas,bR@lba
branlement,bR@l°m@
branler,bR@le
branlette,bR@lEt
branleur,bR@l9R
branlée,bR@le
branque,bR@k
branquignol,bR@kiNOl
braquage,bRakaZ
braque,bRak
braquemart,bRak°maR
braquer,bRake
braquet,bRakE
braqueur,bRak9R
bras,bRa
brasage,bRazaZ
braser,bRaze
brasero,bRazeRo
brasier,bRazje
brasillement,bRazij°m@
brasiller,bRazije
brassage,bRasaZ
brassard,bRasaR
brasse,bRas
brasser,bRase
brasserie,bRas°Ri
brasserie-hôtel,bRas°RiotEl
brasseur,bRas9R
brassicourt,bRasikuR
brassière,bRasjER
brassée,bRase
brasure,bRazyR
bravache,bRavaS
bravade,bRavad
brave,bRav
bravement,bRav°m@
braver,bRave
bravissimo,bRavisimo
bravo,bRavo
bravoure,bRavuR
braye,bREj
break,bREk
break-down,bREkdawn
breakdance,bREkdEns
breakfast,bREkf9st
brebis,bR°bi
bredin,bR°d5
bredouillage,bR°dujaZ
bredouillant,bR°duj@
bredouille,bR°duj
bredouillement,bR°duj°m@
bredouiller,bR°duje
bredouillis,bR°duji
bref,bREf
bregma,bREgma
breitschwanz,bRajtSvants
brelan,bR2l@
breloque,bR2lOk
breneux,bR2n2
bressan,bREs@
brestois,bREstwa
bretelle,bR°tEl
breton,bR°t§
bretonnant,bR°ton@
brette,bREt
bretteur,bREt9R
bretzel,bREdzEl
breuil,bR9j
breuvage,bR9vaZ
brevet,bR2vE
breveter,bR2v°te
breveté,bR2v°te
bri,bRi
briard,bRijaR
bribe,bRib
bric et de broc,bRiked2bRo
bric-à-brac,bRikabRak
bricheton,bRiS°t§
brick,bRik
bricolage,bRikolaZ
bricole,bRikOl
bricoler,bRikole
bricoleur,bRikol9R
bricolo,bRikolo
bride,bRid
brider,bRide
bridge,bRidZ
bridger,bRidZe
bridon,bRid§
bridé,bRide
brie,bRi
briefer,bRife
briefing,bRifiG
briffer,bRife
brigade,bRigad
brigadier,bRigadje
brigadier-chef,bRigadjeSEf
brigadiste,bRigadist
brigand,bRig@
brigandage,bRig@daZ
brigantin,bRig@t5
brigantine,bRig@tin
brignolet,bRiNolE
briguer,bRige
brillamment,bRijam@
brillance,bRij@s
brillant,bRij@
brillantage,bRij@taZ
brillantine,bRij@tin
brillantiner,bRij@tine
briller,bRije
brimade,bRimad
brimbalement,bR5bal°m@
brimbaler,bR5bale
brimborion,bR5boRj§
brimer,bRime
brin,bR5
brindezingue,bR5dz5g
brindille,bR5dij
bringue,bR5g
bringuebalant,bR5g°bal@
bringuebaler,bR5g°bale
brinquebaler,bR5k°bale
brio,bRijo
brioche,bRijOS
brioché,bRijoSe
briquage,bRikaZ
brique,bRik
briquer,bRike
briquet,bRikE
briquetage,bRik°taZ
briqueterie,bRikEt°Ri
briquetier,bRik°tje
briquette,bRikEt
bris,bRi
brisant,bRiz@
briscard,bRiskaR
brise,bRiz
brise-bise,bRizbiz
brise-fer,bRizfER
brise-glace,bRizglas
brise-jet,bRizdZEt
brise-lame,bRizlam
brise-vent,bRizv@
briser,bRize
briseur,bRiz9R
brisis,bRizi
brisque,bRisk
bristol,bRistOl
brisure,bRizyR
brisé,bRize
brisée,bRize
britannique,bRitanik
british,bRitiS
brivadois,bRivadwa
brize,bRiz
brièvement,bRijEv°m@
brièveté,bRijEv°te
broc,bRo
brocante,bRok@t
brocanteur,bRok@t9R
brocard,bRokaR
brocarder,bRokaRde
brocart,bRokaR
brocatelle,bRokatEl
brochage,bRoSaZ
brochant,bRoS@
broche,bROS
brocher,bRoSe
brochet,bRoSE
brochette,bRoSEt
brocheur,bRoS9R
brochure,bRoSyR
broché,bRoSe
brocoli,bRokoli
brodequin,bROd°k5
broder,bRode
broderie,bROd°Ri
brodé,bRode
broiement,bRwam@
broker,bRok9R
brol,bROl
brome,bRom
bromure,bRomyR
bronche,bR§S
broncher,bR§Se
bronchique,bR§Sik
bronchite,bR§Sit
bronchitique,bR§Sitik
broncho,bR§ko
broncho-pneumonie,bR§kopn2moni
broncho-pneumopathie,bR§kopn2mopati
bronchoscope,bR§kOskOp
bronchoscopie,bR§kOskOpi
brontosaure,bR§tozoR
bronzage,bR§zaZ
bronzant,bR§z@
bronze,bR§z
bronzer,bR§ze
bronzette,bR§zEt
bronzier,bR§zje
bronzé,bR§ze
brook,bRuk
broque,bROk
broquille,bRokij
brossage,bRosaZ
brosse,bROs
brosser,bRose
brosseur,bRos9R
brossier,bRosje
brou,bRu
brouet,bRuE
brouette,bRuEt
brouetter,bRuEte
brouettée,bRuEte
brouhaha,bRuaa
brouillade,bRujad
brouillage,bRujaZ
brouillamini,bRujamini
brouillard,bRujaR
brouillardeux,bRujaRd2
brouillasse,bRujas
brouille,bRuj
brouiller,bRuje
brouilleur,bRuj9R
brouillon,bRuj§
brouillé,bRuje
broum,bRum
broussaille,bRusaj
broussailleux,bRusaj2
broussard,bRusaR
brousse,bRus
brout,bRu
broutage,bRutaZ
broutard,bRutaR
brouter,bRute
brouteur,bRut9R
broutille,bRutij
brown sugar,bRawnSugaR
browning,bRoniG
broyage,bRwajaZ
broyer,bRwaje
broyeur,bRwaj9R
broyé,bRwaje
brrr,bR
bru,bRy
bruant,bRy@
brucellose,bRysEloz
brugeois,bRyZwa
bruges,bRyZ
brugnon,bRyN§
bruine,bR8in
bruiner,bR8ine
bruire,bR8iR
bruissant,bR8is@
bruissement,bR8is°m@
bruit,bR8i
bruitage,bR8itaZ
bruiter,bR8ite
bruiteur,bR8it9R
brumaille,bRymaj
brumaire,bRymER
brume,bRym
brumeux,bRym2
brumisateur,bRymizat9R
brun,bR1
brunch,bR9nS
brune,bRyn
brunet,bRynE
brunette,bRynEt
bruni,bRyni
brunir,bRyniR
brunissage,bRynisaZ
brunissoir,bRyniswaR
brunâtre,bRynatR
brushing,bR9SiG
brusque,bRysk
brusquement,bRysk°m@
brusquer,bRyske
brusquerie,bRysk°Ri
brut,bRyt
brutal,bRytal
brutalement,bRytal°m@
brutaliser,bRytalize
brutalité,bRytalite
brute,bRyt
bruxellois,bRysElwa
bruyamment,bR8ijam@
bruyant,bR8ij@
bruyère,bR8ijER
brèche,bRES
brème,bREm
brève,bREv
bréchet,bReSE
bréhaigne,bReEN
brésil,bRezil
brésilien,bRezilj5
bréviaire,bRevjER
brûlage,bRylaZ
brûlant,bRyl@
brûle-gueule,bRylg9l
brûler,bRyle
brûleur,bRyl9R
brûlis,bRyli
brûlot,bRylo
brûlure,bRylyR
brûlé,bRyle
bu,by
buanderie,b8@d°Ri
bubble-gum,b9b9lgOm
bubon,byb§
bubonique,bybonik
buccal,bykal
buccin,byks5
buccinateur,byksinat9R
bucco,buko
bucco-génital,bykoZenital
bucolique,bykolik
buddha,byda
budget,bydZE
budgétaire,bydZetER
budgétairement,bydZetER°m@
budgétisation,bydZetizasj§
buen retiro,b8EnR2tiRo
buffalo,byfalo
buffet,byfE
buffle,byfl
buffleterie,byflEt°Ri
bufo,bufo
bug,b9g
buggy,b9gi
bugle,bygl
bugler,bygle
bugne,byN
building,bildiG
buis,b8i
buisson,b8is§
buisson-ardent,b8is§aRd@
buissonnant,b8ison@
buissonner,b8isone
buissonneux,b8ison2
bulbe,bylb
bulbeux,bylb2
bulbul,bylbyl
bulgare,bylgaR
bulgaro,bylgaRo
bulge,b9ldZ
bull,byl
bull-dog,buldOg
bull-finch,bylfinS
bull-terrier,byltERje
bullaire,bylER
bulldog,buldOg
bulldozer,byldozER
bulle,byl
buller,byle
bulletin,byl°t5
bulleux,byl2
bulot,bylo
bumper,b9mp9R
buna,byna
bungalow,b1galo
bunker,bunkER
bunraku,b1Raky
bunsen,b1zEn
buraliste,byRalist
bure,byR
bureau,byRo
bureaucrate,byRokRat
bureaucratie,byRokRasi
bureaucratique,byRokRatik
bureaucratiquement,byRokRatik°m@
bureautique,byRotik
burette,byREt
burg,b9Rg
burger,b9Rg9R
burgraviat,byRgRavja
burin,byR5
buriner,byRine
buriné,byRine
burkinabé,byRkinabe
burlesque,byRlEsk
burlingue,byRl5g
burne,byRn
burnous,byRnus
bursite,byRsit
burundais,byRyndE
bus,bys
busard,byzaR
buse,byz
bush,buS
bushi,buSi
bushido,buSido
bushman,buSman
business,biznEs
businessman,biznEsman
busqué,byske
buste,byst
bustier,bystje
but,byt
butadiène,bytadjEn
butagaz,bytagaz
butane,bytan
bute,byt
buter,byte
buteur,byt9R
butin,byt5
butiner,bytine
butineur,bytin9R
butoir,bytwaR
butor,bytOR
butte,byt
butter,byte
butteur,byt9R
buttoir,bytwaR
buté,byte
butée,byte
buvable,byvabl
buvant,byv@
buvard,byvaR
buvette,byvEt
buveur,byv9R
buée,b8e
by,bi
by night,bajnajt
by-pass,bajpas
bye,baj
bye-bye,bajbaj
byronien,biRonj5
byzantin,biz@t5
byzantinisant,biz@tiniz@
byzantinisme,biz@tinizm
bâbord,babOR
bâche,baS
bâcher,baSe
bâché,baSe
bâcler,bakle
bâfrer,bafRe
bâfreur,bafR9R
bâillant,baj@
bâillement,baj°m@
bâiller,baje
bâillon,baj§
bâillonner,bajone
bât,ba
bâtard,bataR
bâtardise,bataRdiz
bâter,bate
bâti,bati
bâtiment,batim@
bâtir,batiR
bâtisse,batis
bâtisseur,batis9R
bâton,bat§
bâtonner,batone
bâtonnet,batonE
bâtonnier,batonje
bâté,bate
bègue,bEg
bé,be
béance,be@s
béant,be@
béarnais,beaRnE
béat,bea
béatement,beat°m@
béatification,beatifikasj§
béatifier,beatifje
béatifique,beatifik
béatitude,beatityd
bébé,bebe
bébête,bebEt
bécabunga,bekabuGa
bécane,bekan
bécard,bekaR
bécarre,bekaR
bécasse,bekas
bécassine,bekasin
béchamel,beSamEl
bécher,beSe
bécot,beko
bécoter,bekote
bécoteur,bekot9R
bédane,bedan
bédouin,bedw5
bédé,bede
bée,be
béer,bee
bégaiement,begEm@
bégayant,begej@
bégayer,begeje
bégayeur,begEj9R
bégueule,beg9l
bégueulerie,beg9l°Ri
béguin,beg5
béguinage,beginaZ
béguine,begin
béguineuse,begin2z
bégum,begOm
béhème,beEm
béhémoth,beemOt
béjaune,beZon
bélier,belje
bélinogramme,belinogRam
bélouga,beluga
béluga,belyga
bélître,belitR
bémol,bemOl
bénard,benaR
bénef,benEf
bénignement,beniN°m@
bénignité,beniNite
bénin,ben5
béninois,beninwa
bénir,beniR
bénisseur,benis9R
bénit,beni
bénitier,benitje
bénouze,benuz
bénédicité,benedisite
bénédictin,benedikt5
bénédiction,benediksj§
bénéfice,benefis
bénéficiaire,benefisjER
bénéficier,benefisje
bénéfique,benefik
bénévolat,benevola
bénévole,benevOl
bénévolement,benevOl°m@
bénévolence,benevOl@s
béotien,beosj5
béquillard,bekijaR
béquille,bekij
béquilleux,bekj2
béret,beRE
béribéri,beRibeRi
béryl,beRil
béryllium,beRiljOm
bérézina,beRezina
bésef,bezEf
bésiclard,beziklaR
bésicles,bezikl
bésigue,bezig
bétail,betaj
bétaillère,betajER
bétel,betEl
bétoine,betwan
béton,bet§
bétonnage,betonaZ
bétonner,betone
bétonnière,betonjER
bétonné,betone
bévue,bevy
bézef,bezEf
bézoard,bezoaR
bêche,bES
bêcher,beSe
bêcheur,bES9R
bêlant,bEl@
bêlement,bEl°m@
bêler,bele
bêta,bEta
bêtatron,bEtatR§
bête,bEt
bêtement,bEt°m@
bêtifiant,betifj@
bêtifier,betifje
bêtise,betiz
bêtisier,betizje
bôme,bom
bûche,byS
bûcher,bySe
bûcheron,byS°R§
bûcheronner,byS°Rone
bûchette,bySEt
bûcheur,byS9R
c,s
c'est-à-dire,sEtadiR
cab,kab
cabale,kabal
cabaliste,kabalist
cabalistique,kabalistik
caballero,kabajeRo
caban,kab@
cabane,kaban
cabanon,kaban§
cabaret,kabaRE
cabaretier,kabaR°tje
cabas,kaba
caberlot,kabERlo
cabernet,kabERnE
cabestan,kabEst@
cabillaud,kabijo
cabine,kabin
cabiner,kabine
cabinet,kabinE
cabochard,kaboSaR
caboche,kabOS
cabochon,kaboS§
cabosse,kabOs
cabosser,kabose
cabot,kabo
cabotage,kabotaZ
caboter,kabote
caboteur,kabot9R
cabotin,kabot5
cabotinage,kabotinaZ
caboulot,kabulo
cabrade,kabRad
cabrage,kabRaZ
cabrer,kabRe
cabrette,kabREt
cabri,kabRi
cabriole,kabRijOl
cabrioler,kabRijole
cabriolet,kabRijolE
cabus,kaby
cabèche,kabES
caca,kaka
cacahouète,kakawEt
cacahuète,kakawEt
cacao,kakao
cacaotier,kakaotje
cacaoyer,kakawaje
cacatois,kakatwa
cacatoès,kakatoEs
cachalot,kaSalo
cache,kaS
cache-brassière,kaSbRasjER
cache-cache,kaSkaS
cache-coeur,kaSk9R
cache-col,kaSkOl
cache-corset,kaSkORsE
cache-nez,kaSne
cache-pot,kaSpo
cache-poussière,kaSpusjER
cache-sexe,kaSseks
cache-tampon,kaSt@p§
cachectique,kaSEktik
cachemire,kaS°miR
cacher,kaSe
cachet,kaSE
cacheter,kaS°te
cacheton,kaS°t§
cachette,kaSEt
cachexie,kaSEksi
cachot,kaSo
cachotterie,kaSOt°Ri
cachottier,kaSotje
cachou,kaSu
cachère,kaSER
caché,kaSe
cacique,kasik
cacochyme,kakoSim
cacodylate,kakodilat
cacophonie,kakofoni
cacophonique,kakofonik
cactus,kaktys
cadastral,kadastRal
cadastre,kadastR
cadavre,kadavR
cadavéreux,kadaveR2
cadavérique,kadaveRik
caddie,kadi
caddy,kadi
cade,kad
cadeau,kado
cadenas,kad°na
cadenasser,kad°nase
cadence,kad@s
cadencer,kad@se
cadencé,kad@se
cadet,kadE
cadi,kadi
cadmium,kadmjOm
cadogan,kadog@
cador,kadOR
cadrage,kadRaZ
cadran,kadR@
cadratin,kadRat5
cadre,kadR
cadrer,kadRe
cadreur,kadR9R
caduc,kadyk
caducité,kadysite
caducée,kadyse
caduque,kadyk
caecum,sekOm
caesium,sezjOm
caf,kaf
cafard,kafaR
cafardage,kafaRdaZ
cafarder,kafaRde
cafardeur,kafaRd9R
cafardeuse,kafaRd2z
cafardeux,kafaRd2
cafetan,kaf°t@
cafeter,kafte
cafeteria,kafeteRja
cafeteur,kaf°t9R
cafetier,kaf°tje
cafetière,kaf°tjER
cafeton,kaf°t§
cafouillage,kafujaZ
cafouiller,kafuje
cafouilleux,kafuj2
cafouillis,kafuji
cafre,kafR
caftage,kaftaZ
caftan,kaft@
cafter,kafte
cafteur,kaft9R
café,kafe
café-concert,kafek§sER
café-crème,kafekREm
café-hôtel,kafeotEl
café-restaurant,kafeREstOR@
café-tabac,kafetaba
café-théâtre,kafeteatR
caféier,kafeje
caféine,kafein
cafétéria,kafeteRja
cagade,kagad
cage,kaZ
cageot,kaZo
cagette,kaZEt
cagibi,kaZibi
cagna,kaNa
cagnard,kaNaR
cagne,kaN
cagneux,kaN2
cagnotte,kaNOt
cagot,kago
cagou,kagu
cagoulard,kagulaR
cagoule,kagul
cagoulé,kagule
caguer,kage
cahier,kaje
cahin-caha,ka5kaa
cahors,kaOR
cahot,kao
cahotant,kaot@
cahotement,kaOt°m@
cahoter,kaote
cahoteux,kaot2
cahute,kayt
caillasse,kajas
caillasser,kajase
caille,kaj
caillebotis,kaj°boti
cailler,kaje
caillera,kaj°Ra
caillette,kajEt
caillot,kajo
caillou,kaju
cailloutage,kajutaZ
caillouteux,kajut2
cailloutis,kajuti
caillé,kaje
cairn,kERn
cairote,kEROt
caisse,kEs
caissette,kEsEt
caissier,kesje
caisson,kEs§
cajoler,kaZole
cajolerie,kaZOl°Ri
cajoleur,kaZol9R
cajou,kaZu
cajun,kaZ1
cake,kEk
cake-walk,kEkwOk
cal,kal
calabrais,kalabRE
calade,kalad
calaison,kalEz§
calamar,kalamaR
calame,kalam
calamine,kalamin
calamistré,kalamistRe
calamiteux,kalamit2
calamité,kalamite
calancher,kal@Se
calandre,kal@dR
calanque,kal@k
calao,kalao
calbar,kalbaR
calbombe,kalb§b
calcaire,kalkER
calcer,kalse
calcif,kalsif
calcification,kalsifikasj§
calcifié,kalsifje
calcination,kalsinasj§
calciner,kalsine
calciné,kalsine
calcite,kalsit
calcium,kalsjOm
calcul,kalkyl
calculant,kalkyl@
calculateur,kalkylat9R
calculatrice,kalkylatRis
calculer,kalkyle
calculette,kalkylEt
calcémie,kalsemi
caldarium,kaldaRjOm
caldeira,kaldeRa
cale,kal
cale-pied,kalpje
calebar,kal°baR
calebasse,kal°bas
calebassier,kal°basje
calebombe,kal°b§b
calecif,kal°sif
calembour,kal@buR
calembredaine,kal@bR°dEn
calendaire,kal@dER
calendes,kal@d
calendo,kal@do
calendos,kal@do
calendre,kal@dR
calendrier,kal@dRije
calendula,kal@dyla
calepin,kal°p5
caler,kale
caleçon,kals§
caleçonnade,kalsonad
calf,kalf
calfat,kalfa
calfatage,kalfataZ
calfater,kalfate
calfeutrage,kalf2tRaZ
calfeutrer,kalf2tRe
calibrage,kalibRaZ
calibration,kalibRasj§
calibre,kalibR
calibrer,kalibRe
calice,kalis
calicot,kaliko
califat,kalifa
calife,kalif
californie,kalifORni
californien,kalifORnj5
californium,kalifORnijOm
califourchon,kalifuRS§
calisson,kalis§
call-girl,kOlg9Rl
calla,kala
caller,kale
calleux,kal2
calligraphe,kaligRaf
calligraphie,kaligRafi
calligraphier,kaligRafje
calligraphique,kaligRafik
calligraphiquement,kaligRafik°m@
callipyge,kalipiZ
callosité,kalozite
calmant,kalm@
calmar,kalmaR
calme,kalm
calmement,kalm°m@
calmer,kalme
calmir,kalmiR
calmos,kalmOs
calo,kalo
calomel,kalomEl
calomniateur,kalOmnjat9R
calomnie,kalOmni
calomnier,kalOmnje
calomnieux,kalOmnj2
caloporteur,kalopORt9R
calorie,kaloRi
calorifique,kaloRifik
calorifère,kaloRifER
calorique,kaloRik
calot,kalo
calotin,kalot5
calotte,kalOt
calque,kalk
calquer,kalke
calter,kalte
calumet,kalymE
calus,kaly
calva,kalva
calvados,kalvados
calvaire,kalvER
calville,kalvil
calvinisme,kalvinizm
calviniste,kalvinist
calvitie,kalvisi
calypso,kalipso
calèche,kalES
calé,kale
calédonien,kaledonj5
caléidoscope,kaleidOskOp
camail,kamaj
camarade,kamaRad
camaraderie,kamaRad°Ri
camard,kamaR
camarero,kamaReRo
camarguais,kamaRgE
camarilla,kamaRija
camarin,kamaR5
camarluche,kamaRlyS
camaro,kamaRo
camaïeu,kamaj2
camaïeux,kamaj2
camber,k@be
cambiste,k@bist
cambodgien,k@bOdZj5
cambouis,k@bwi
cambrement,k@bR°m@
cambrer,k@bRe
cambriolage,k@bRijolaZ
cambrioler,k@bRijole
cambrioleur,k@bRijol9R
cambrousse,k@bRus
cambrure,k@bRyR
cambré,k@bRe
cambuse,k@byz
cambusier,k@byzje
came,kam
camellia,kamelja
camelot,kam°lo
camelote,kam°lOt
camembert,kam@bER
camer,kame
cameraman,kameRaman
camerounais,kam°RunE
camion,kamj§
camion-benne,kamj§bEn
camion-citerne,kamj§sitERn
camion-grue,kamj§gRy
camionnage,kamjonaZ
camionnette,kamjonEt
camionneur,kamjon9R
camisole,kamizOl
camomille,kamomij
camorra,kamoRa
camouflage,kamuflaZ
camoufler,kamufle
camouflet,kamuflE
camp,k@
campagnard,k@paNaR
campagne,k@paN
campagnol,k@paNOl
campanaire,k@panER
campanile,k@panil
campanule,k@panyl
campement,k@p°m@
camper,k@pe
campeur,k@p9R
camphre,k@fR
camphrier,k@fRije
camping,k@piG
camping-car,k@piGkaR
camping-gaz,k@piGgaz
campo,k@po
campus,k@pys
campé,k@pe
campêche,k@pES
camus,kamy
camé,kame
camée,kame
camélia,kamelja
camélidé,kamelide
caméléon,kamele§
caméra,kameRa
caméra-espion,kameRaEspj§
caméraman,kameRaman
camériste,kameRist
caméscope,kameskOp
canada,kanada
canadair,kanadER
canadian river,kanadj@Rive
canadien,kanadj5
canadienne,kanadjEn
canado,kanado
canaille,kanaj
canaillement,kanaj°m@
canaillerie,kanaj°Ri
canal,kanal
canalisateur,kanalizat9R
canalisation,kanalizasj§
canaliser,kanalize
cananéen,kanane5
canapé,kanape
canapé-lit,kanapeli
canaque,kanak
canard,kanaR
canarder,kanaRde
canari,kanaRi
canasson,kanas§
canasta,kanasta
cancan,k@k@
cancaner,k@kane
cancanier,k@kanje
cancel,k@sEl
cancer,k@sER
canche,k@S
cancoillotte,k@kwajOt
cancre,k@kR
cancrelat,k@kR°la
cancéreux,k@seR2
cancérigène,k@seRiZEn
cancériser,k@seRize
cancérogène,k@seROZEn
cancérologie,k@seROlOZi
cancérologue,k@seROlOg
candeur,k@d9R
candi,k@di
candida,k@dida
candidat,k@dida
candidature,k@didatyR
candide,k@did
candidement,k@did°m@
candidose,k@didoz
candélabre,k@delabR
canebière,kan°bjER
canepetière,kan°p°tjER
caner,kane
canetille,kan°til
caneton,kan°t§
canette,kanEt
canevas,kan°va
canfouine,k@fwin
cangue,k@g
caniche,kaniS
caniculaire,kanikylER
canicule,kanikyl
canif,kanif
canin,kan5
canine,kanin
caninette,kaninEt
caniveau,kanivo
canna,kana
cannabis,kanabis
cannage,kanaZ
canne,kan
canne-épée,kanepe
canneberge,kan°bERZ
cannelle,kanEl
cannelloni,kaneloni
cannelure,kan°lyR
cannelé,kan°le
canner,kane
cannette,kanEt
cannibale,kanibal
cannibalisme,kanibalizm
canné,kane
canon,kan§
canonique,kanonik
canoniquement,kanonik°m@
canonisation,kanonizasj§
canoniser,kanonize
canonnade,kanonad
canonnage,kanonaZ
canonner,kanone
canonnier,kanonje
canonnière,kanonjER
canope,kanOp
canot,kano
canotage,kanotaZ
canoter,kanote
canotier,kanotje
canoë,kanoe
cantabile,k@tabil
cantabrique,k@tabRik
cantal,k@tal
cantaloup,k@talu
cantate,k@tat
cantatrice,k@tatRis
canter,k@t9R
canthare,k@taR
cantharide,k@taRid
cantilever,k@til°ve
cantilène,k@tilEn
cantine,k@tin
cantiner,k@tine
cantinier,k@tinje
cantique,k@tik
canton,k@t§
cantonade,k@tonad
cantonais,k@tonE
cantonal,k@tonal
cantonnement,k@tOn°m@
cantonner,k@tone
cantonnier,k@tonje
cantre,k@tR
canular,kanylaR
canularesque,kanylaREsk
canule,kanyl
canut,kany
canyon,kanjOn
caoua,kawa
caoutchouc,kautSu
caoutchouteux,kautSut2
caoutchouté,kautSute
cap,kap
cap-hornier,kapORnje
capable,kapabl
capacité,kapasite
capacités,kapasite
caparaçon,kapaRas§
cape,kap
capelage,kap°laZ
capeline,kap°lin
caper,kape
capharnaüm,kafaRnaOm
capillaire,kapilER
capillarité,kapilaRite
capilliculteur,kapilikylt9R
capilotade,kapilotad
capisco,kapisko
capitaine,kapitEn
capitainerie,kapitEn°Ri
capital,kapital
capital-risque,kapitalRisk
capitale,kapital
capitalement,kapital°m@
capitalisation,kapitalizasj§
capitaliser,kapitalize
capitalisme,kapitalizm
capitaliste,kapitalist
capitan,kapit@
capitanat,kapitana
capitane,kapitan
capiteux,kapit2
capitole,kapitOl
capiton,kapit§
capitonnage,kapitonaZ
capitonner,kapitone
capitonné,kapitone
capitulaire,kapitylER
capitulard,kapitylaR
capitulation,kapitylasj§
capitule,kapityl
capituler,kapityle
capo,kapo
capoc,kapo
capon,kap§
caporal,kapoRal
caporal-chef,kapoRalSEf
capot,kapo
capote,kapOt
capoter,kapote
cappa,kapa
cappuccino,kaputSino
capricant,kapRik@
caprice,kapRis
capricieusement,kapRisj2z°m@
capricieux,kapRisj2
capricorne,kapRikORn
capsulaire,kapsylER
capsule,kapsyl
captage,kaptaZ
captation,kaptasj§
capter,kapte
capteur,kapt9R
captieux,kapsj2
captif,kaptif
captivant,kaptiv@
captiver,kaptive
captivité,kaptivite
capture,kaptyR
capturer,kaptyRe
capuccino,kaputSino
capuche,kapyS
capuchon,kapyS§
capucin,kapys5
capucinade,kapysinad
capucine,kapysin
capucino,kaputSino
capulet,kapylE
caput mortuum,kaputmORtuOm
capétien,kapesj5
caque,kak
caquelon,kakEl§
caquet,kakE
caquetage,kak°taZ
caquetant,kak°t@
caqueter,kak°te
caquètement,kakEt°m@
car,kaR
carabas,kaRaba
carabe,kaRab
carabin,kaRab5
carabine,kaRabin
carabinier,kaRabinje
carabiné,kaRabine
carabosse,kaRabOs
caracal,kaRakal
caraco,kaRako
caracolade,kaRakolad
caracolant,kaRakol@
caracole,kaRakOl
caracoler,kaRakole
caractère,kaRaktER
caractériel,kaRakteRjEl
caractérisant,kaRakteRiz@
caractérisation,kaRakteRizasj§
caractériser,kaRakteRize
caractéristique,kaRakteRistik
caractérisé,kaRakteRize
caractérologie,kaRakteRoloZi
caracul,kaRakyl
carafe,kaRaf
carafon,kaRaf§
caramba,kaR@ba
carambar,kaR@baR
carambolage,kaR@bolaZ
carambole,kaR@bOl
caramboler,kaR@bole
carambouillage,kaR@bujaZ
carambouille,kaR@buj
caramel,kaRamEl
caraméliser,kaRamelize
caramélisé,kaRamelize
carapace,kaRapas
carapater,kaRapate
caraque,kaRak
carat,kaRa
caravane,kaRavan
caravanier,kaRavanje
caravaning,kaRavaniG
caravansérail,kaRav@seRaj
caravelle,kaRavEl
caraïbe,kaRaib
carboglace,kaRboglas
carbonade,kaRbOnad
carbonari,kaRbonaRi
carbonate,kaRbonat
carbone,kaRbOn
carbonique,kaRbonik
carbonisation,kaRbonizasj§
carboniser,kaRbonize
carboné,kaRbone
carboxyhémoglobine,kaRbOksiemoglObin
carburant,kaRbyR@
carburateur,kaRbyRat9R
carburation,kaRbyRasj§
carbure,kaRbyR
carburer,kaRbyRe
carcajou,kaRkaZu
carcan,kaRk@
carcasse,kaRkas
carcharodon,kaRkaRod§
carcinome,kaRsinOm
carcinoïde,kaRsinOid
carcéral,kaRseRal
cardage,kaRdaZ
cardamome,kaRdamOm
cardan,kaRd@
carde,kaRd
carder,kaRde
carderie,kaRd°Ri
cardeur,kaRd9R
cardia,kaRdja
cardiaque,kaRdjak
cardigan,kaRdig@
cardinal,kaRdinal
cardinal-archevêque,kaRdinalaRS2vEk
cardinal-légat,kaRdinalega
cardinalice,kaRdinalis
cardio-pulmonaire,kaRdjOpylmOnER
cardio-respiratoire,kaRdjoREspiRatwaR
cardio-vasculaire,kaRdjovaskylER
cardiogramme,kaRdijogRam
cardiographe,kaRdjOgRaf
cardiographie,kaRdjogRafi
cardiologie,kaRdjoloZi
cardiologue,kaRdjolOg
cardiomyopathie,kaRdjomjopati
cardiomégalie,kaRdjOmegali
cardiotonique,kaRdjotonik
cardiovasculaire,kaRdjovaskylER
cardioïde,kaRdjoid
cardite,kaRdit
cardium,kaRdjOm
cardon,kaRd§
care,kaR
carence,kaR@s
caressant,kaREs@
caresse,kaREs
caresser,kaRese
caret,kaRE
carex,kaREks
cargaison,kaRgEz§
cargo,kaRgo
carguer,kaRge
cari,kaRi
cariatide,kaRjatid
caribou,kaRibu
caricatural,kaRikatyRal
caricature,kaRikatyR
caricaturer,kaRikatyRe
caricaturiste,kaRikatyRist
carie,kaRi
carien,kaRj5
carier,kaRje
carillon,kaRij§
carillonner,kaRijone
carillonneur,kaRijon9R
carillonné,kaRijone
carioca,kaRjoka
carissime,kaRisim
cariste,kaRist
caritatif,kaRitatif
carié,kaRje
carlin,kaRl5
carlingue,kaRl5g
carlisme,kaRlism
carliste,kaRlist
carmagnole,kaRmaNOl
carme,kaRm
carmel,kaRmEl
carmer,kaRme
carmin,kaRm5
carminé,kaRmine
carmélite,kaRmelit
carnage,kaRnaZ
carnassier,kaRnasje
carnation,kaRnasj§
carnaval,kaRnaval
carnavalesque,kaRnavalEsk
carne,kaRn
carnet,kaRnE
carnier,kaRnje
carnivore,kaRnivOR
carné,kaRne
carogne,kaRON
carole,kaROl
carolingien,kaRol5Zj5
carolus,kaRolys
caroncule,kaR§kyl
carotide,kaRotid
carotidien,kaROtidj5
carottage,kaRotaZ
carotte,kaROt
carotter,kaRote
carotteur,kaRot9R
carottier,kaRotje
carotène,kaRotEn
caroube,kaRub
caroubier,kaRubje
carouble,kaRubl
caroubler,kaRuble
caroubleur,kaRubl9R
carousse,kaRus
carpaccio,kaRpatSo
carpe,kaRp
carpette,kaRpEt
carpien,kaRpj5
carpillon,kaRpij§
carpé,kaRpe
carquois,kaRkwa
carrare,kaRaR
carre,kaR
carreau,kaRo
carrefour,kaR°fuR
carrelage,kaR°laZ
carreler,kaR°le
carrelet,kaR°lE
carreleur,kaR°l9R
carrer,kaRe
carrick,kaRik
carrier,kaRje
carriole,kaRjOl
carrière,kaRjER
carriérisme,kaRjeRizm
carriériste,kaRjeRist
carron,kaR§
carrossable,kaRosabl
carrosse,kaROs
carrosser,kaRose
carrosserie,kaROs°Ri
carrossier,kaRosje
carrousel,kaRusEl
carrure,kaRyR
carry,kaRi
carré,kaRe
carrée,kaRe
carrément,kaRem@
cartable,kaRtabl
carte,kaRt
carte-clé,kaRt°kle
carte-lettre,kaRt°lEtR
cartel,kaRtEl
carter,kaRtER
carter,kaRte
carterie,kaRt2Ri
carthaginois,kaRtaZinwa
carthame,kaRtam
cartilage,kaRtilaZ
cartilagineux,kaRtilaZin2
cartographe,kaRtogRaf
cartographie,kaRtogRafi
cartographier,kaRtogRafje
cartographique,kaRtogRafik
cartomancie,kaRtom@si
cartomancien,kaRtom@sj5
carton,kaRt§
carton-pâte,kaRt§pat
cartonnage,kaRtonaZ
cartonner,kaRtone
cartonneux,kaRton2
cartonnier,kaRtonje
cartoon,kaRtun
cartothèque,kaRtOtEk
cartouche,kaRtuS
cartoucherie,kaRtuS°Ri
cartouchière,kaRtuSjER
cartésianisme,kaRtezjanizm
cartésien,kaRtezj5
carvi,kaRvi
cary,kaRi
caryotype,kaRjotip
carène,kaREn
carénage,kaRenaZ
caréner,kaRene
caréné,kaRene
carême,kaREm
carême-prenant,kaREmpR°n@
cas,ka
casa,kaza
casanier,kazanje
casaque,kazak
casaquin,kazak5
casbah,kasba
cascade,kaskad
cascader,kaskade
cascadeur,kaskad9R
cascara,kaskaRa
cascatelle,kaskatEl
cascher,kaSER
case,kaz
casemate,kaz°mat
caser,kaze
caserne,kazERn
casernement,kazERn°m@
caserner,kazERne
casette,kazEt
cash,kaS
casher,kaSER
cashmere,kaSmER
casier,kazje
casimir,kazimiR
casino,kazino
casoar,kazoaR
casque,kask
casquer,kaske
casquette,kaskEt
casqué,kaske
cassable,kasabl
cassage,kasaZ
cassandre,kas@dR
cassant,kas@
cassate,kasat
cassation,kasasj§
casse,kas
casse-burnes,kasbyRn
casse-cou,kasku
casse-couilles,kaskuj
casse-croûte,kaskRut
casse-cul,kasky
casse-dalle,kasdal
casse-graine,kasgREn
casse-gueule,kasg9l
casse-noisette,kasnwazEt
casse-noisettes,kasnwazEt
casse-noix,kasnwa
casse-pattes,kaspat
casse-pieds,kaspje
casse-pipe,kaspip
casse-pipes,kaspip
casse-tête,kastEt
cassement,kas°m@
casser,kase
casserole,kas°ROl
casserolée,kas°Role
cassette,kasEt
casseur,kas9R
cassier,kasje
cassine,kasin
cassis,kasi
cassitérite,kasiteRit
cassolette,kasolEt
cassonade,kasonad
cassoulet,kasulE
cassure,kasyR
cassé,kase
castagne,kastaN
castagner,kastaNe
castagnette,kastaNEt
castard,kastaR
caste,kast
castel,kastEl
castelet,kastElE
castillan,kastij@
castille,kastij
castine,kastin
casting,kastiG
castor,kastOR
castrat,kastRa
castrateur,kastRat9R
castration,kastRasj§
castrer,kastRe
castreur,kastR9R
castrisme,kastRism
castriste,kastRist
casuel,kaz8El
casuistique,kaz8istik
casus belli,kazysbElli
caséine,kazein
cata,kata
catabolique,katabOlik
catachrèse,katakREz
cataclysme,kataklizm
cataclysmique,kataklismik
catacombe,katak§b
catadioptre,katadjOptR
catafalque,katafalk
catalan,katal@
catalepsie,katalEpsi
cataleptique,katalEptik
catalogage,katalOgaZ
catalogne,katalON
catalogue,katalOg
cataloguer,kataloge
catalpa,katalpa
catalyser,katalize
catalyseur,kataliz9R
catalytique,katalitik
catamaran,katamaR@
cataplasme,kataplasm
cataplexie,kataplEksi
catapulte,katapylt
catapulter,katapylte
cataracte,kataRakt
catarrhal,kataRal
catarrhe,kataR
catarrheux,kataR2
catastrophe,katastROf
catastropher,katastRofe
catastrophique,katastRofik
catastrophiquement,katastRofik°m@
catastrophisme,katastRofizm
catastrophiste,katastRofist
catatonie,katatoni
catatonique,katatonik
catch,katS
catcher,katSe
catcheur,katS9R
caterpillar,katERpilaR
catgut,katg9t
cathare,kataR
catharsis,kataRsis
cathartique,kataRtik
catherinette,katRinEt
cathexis,katEksi
catho,kato
cathode,katod
cathodique,katodik
catholicisme,katolisizm
catholicité,katolisite
catholique,katolik
catholiquement,katolik°m@
cathèdre,katEdR
cathédral,katedRal
cathédrale,katedRal
cathéter,katetER
cathétérisme,kateteRism
cati,kati
catiche,katiS
catin,kat5
cation,katj§
cato,kato
catoblépas,katoblepa
catogan,katog@
caté,kate
catéchisme,kateSizm
catéchiste,kateSist
catécholamine,katekOlamin
catéchumène,katekymEn
catéchèse,kateSEz
catégorie,kategoRi
catégorique,kategoRik
catégoriquement,kategoRik°m@
catégorisation,kategORizasj§
catégoriser,kategoRize
caténaire,katenER
caucasien,kokazj5
caucasique,kOkazik
cauchemar,koS°maR
cauchemarder,koS°maRde
cauchemardesque,koS°maRdEsk
cauchemardeux,koS°maRd2
cauchois,koSwa
caudal,kodal
caudebec,kod°bEk
caudillo,kodijo
caudines,kodin
cauri,koRi
causa,koza
causal,kozal
causaliste,kozalist
causalité,kozalite
causant,koz@
cause,koz
causer,koze
causerie,koz°Ri
causette,kozEt
causeur,koz9R
causse,kos
caussenard,kosnaR
causticité,kostisite
caustique,kostik
cauteleusement,kot°l2z°m@
cauteleux,kot°l2
caution,kosj§
cautionnaire,kosjonER
cautionnement,kosjOn°m@
cautionner,kosjone
cautèle,kotEl
cautère,kotER
cautérisation,koteRizasj§
cautériser,koteRize
cavaillon,kavaj§
cavalcade,kavalkad
cavalcader,kavalkade
cavale,kaval
cavaler,kavale
cavalerie,kaval°Ri
cavaleur,kaval9R
cavalier,kavalje
cavalièrement,kavaljER°m@
cave,kav
caveau,kavo
caver,kave
caverne,kavERn
caverneux,kavERn2
cavette,kavEt
caviar,kavjaR
cavillon,kavij§
caviste,kavist
cavitation,kavitasj§
cavité,kavite
cavum,kavOm
cavée,kave
cayenne,kajEn
caïd,kaid
caïman,kaim@
caïque,kaik
cañon,kaNOn
ce,s2
ceci,s°si
ceindre,s5dR
ceint,s5
ceinture,s5tyR
ceinturer,s5tyRe
ceinturon,s5tyR§
cela,s°la
celer,sele
cella,sEla
celle,sEl
celle-ci,sElsi
celle-là,sElla
celles,sEl
celles-ci,sElsi
celles-là,sElla
cellier,selje
cellophane,selofan
cellulaire,selylER
cellulairement,selylER°m@
cellular,selylaR
cellule,selyl
cellules,selyl
cellulite,selylit
celluliteux,sElylit2
cellulose,selyloz
celluloïd,selyloid
cellérier,seleRje
celte,sElt
celtique,sEltik
celtisme,sEltizm
celui,s°l8i
celui-ci,s°l8isi
celui-là,s°l8ila
cendre,s@dR
cendreux,s@dR2
cendrier,s@dRije
cendrillon,s@dRij§
cendré,s@dRe
cendrée,s@dRe
cens,s@s
censeur,s@s9R
censier,s@sje
censitaire,s@sitER
censure,s@syR
censurer,s@syRe
censé,s@se
censément,s@sem@
cent,s@
centaine,s@tEn
centaines,s@tEn
centaure,s@toR
centaurée,s@toRe
centavo,s@tavo
centenaire,s@t°nER
centenaires,s@t°nER
centigrade,s@tigRad
centile,s@til
centime,s@tim
centimètre,s@timEtR
centième,s@tjEm
centon,s@t§
centrafricain,s@tRafRik5
centrage,s@tRaZ
central,s@tRal
centrale,s@tRal
centrales,s@tRal
centralisation,s@tRalizasj§
centraliser,s@tRalize
centralisme,s@tRalizm
centre,s@tR
centre-ville,s@tR°vil
centrer,s@tRe
centrifugation,s@tRifygasj§
centrifuge,s@tRifyZ
centrifugeur,s@tRifyZ9R
centriole,s@tRijOl
centripète,s@tRipEt
centriste,s@tRist
centrouse,s@tRuz
centrum,s@tROm
centré,s@tRe
cents,s@
centuple,s@typl
centurie,s@tyRi
centurion,s@tyRj§
cep,sEp
cependant,s°p@d@
cerbère,sERbER
cerceau,sERso
cerclage,sERklaZ
cercle,sERkl
cercler,sERkle
cercleux,sERkl2
cercueil,sERk9j
cerf,sER
cerf-roi,sERRwa
cerf-volant,sERvol@
cerfeuil,sERf9j
cerisaie,s°RizE
cerise,s°Riz
cerisier,s°Rizje
cernable,sERnabl
cerne,sERn
cerneau,sERno
cerner,sERne
cerné,sERne
cerque,sERk
certain,sERt5
certaine,sERtEn
certainement,sERtEn°m@
certaines,sERtEn
certains,sERt5
certes,sERt
certif,sERtif
certificat,sERtifika
certification,sERtifikasj§
certifier,sERtifje
certifié,sERtifje
certitude,sERtityd
cerveau,sERvo
cervelas,sERv°la
cervelet,sERv°lE
cervelle,sERvEl
cervical,sERvikal
cervoise,sERvwaz
ces,se
cessant,sEs@
cessation,sEsasj§
cesse,sEs
cesser,sese
cessez-le-feu,sEsel°f2
cession,sEsj§
cessionnaire,sEsjonER
ceste,sEst
cet,sEt
cette,sEt
ceux,s2
ceux-ci,s2si
ceux-là,s2la
ch'timi,Stimi
cha-cha-cha,tSatSatSa
chabanais,SabanE
chabichou,SabiSu
chabler,Sable
chablis,Sabli
chabot,Sabo
chabraque,SabRak
chabrot,SabRo
chacal,Sakal
chachlik,SaSlik
chaconne,SakOn
chacun,Sak1
chacune,Sakyn
chafaud,Safo
chafouin,Safw5
chagatte,Sagat
chagrin,SagR5
chagriner,SagRine
chagriné,SagRine
chah,Sa
chahut,Say
chahuter,Sayte
chahuteur,Sayt9R
chai,SE
chair,SER
chaire,SER
chairman,SERm@
chaise,SEz
chaix,SE
chaland,Sal@
chaldéen,kalde5
chalet,SalE
chaleur,Sal9R
chaleureusement,Sal2R2z°m@
chaleureux,Sal2R2
challenge,tSalEndZ
challenger,Sal@Ze
challenger,tSalEndZe
challengeur,SalEndZ9R
chalon,Sal§
chaloupe,Salup
chalouper,Salupe
chaloupé,Salupe
chalumeau,Salymo
chalut,Saly
chalutier,Salytje
chalutier-patrouilleur,SalytjepatRuj9R
chamade,Samad
chamaille,Samaj
chamailler,Samaje
chamaillerie,Samaj°Ri
chamailleur,Samaj9R
chamaillis,Samaji
chaman,Saman
chamane,Saman
chamanisme,Samanizm
chamarré,SamaRe
chambard,S@baR
chambardement,S@baRd°m@
chambarder,S@baRde
chambellan,S@bEl@
chambertin,S@bERt5
chamboulement,S@bul°m@
chambouler,S@bule
chambranle,S@bR@l
chambre,S@bR
chambre-salon,S@bRsal§
chambrer,S@bRe
chambrette,S@bREt
chambrière,S@bRijER
chambrée,S@bRe
chameau,Samo
chamelier,Sam2lje
chamois,Samwa
chamoisine,Samwazin
champ,S@
champagne,S@paN
champenois,S@p°nwa
champi,S@pi
champignon,S@piN§
champignonnière,S@piNoNER
champion,S@pj§
championnat,S@pjona
champs élysées,S@elize
champêtre,S@pEtR
chance,S@s
chancel,S@sEl
chancelant,S@s°l@
chanceler,S@s°le
chancelier,S@s2lje
chancelière,S@s2ljER
chancellerie,S@sEl°Ri
chanceux,S@s2
chanci,S@si
chancre,S@kR
chand,S@
chandail,S@daj
chandeleur,S@d°l9R
chandelier,S@d°lje
chandelle,S@dEl
chanfrein,S@fR5
change,S@Z
changeant,S@Z@
changement,S@Z°m@
changer,S@Ze
changeur,S@Z9R
changé,S@Ze
chanoine,Sanwan
chanoinesse,SanwanEs
chanson,S@s§
chansonner,S@sOne
chansonnette,S@sonEt
chansonnier,S@sonje
chanstiquer,S@stike
chant,S@
chantage,S@taZ
chantant,S@t@
chanteau,S@to
chanter,S@te
chanterelle,S@t°REl
chanteur,S@t9R
chanteuse-vedette,S@t2zv2dEt
chantier,S@tje
chantilly,S@tiji
chantonnant,S@ton@
chantonnement,S@tOn°m@
chantonner,S@tone
chantoung,S@tuG
chantourner,S@tuRne
chantre,S@tR
chantrerie,S@tR°Ri
chanvre,S@vR
chançard,S@saR
chao,kao
chaos,kao
chaotique,kaotik
chaotiquement,kaotik°m@
chaouch,SauS
chapardage,SapaRdaZ
chaparder,SapaRde
chapardeur,SapaRd9R
chaparral,SapaRal
chape,Sap
chapeau,Sapo
chapeauter,Sapote
chapeauté,Sapote
chapelain,Sap°l5
chapelet,Sap°lE
chapelier,Sap°lje
chapelle,SapEl
chapellerie,SapEl°Ri
chapelure,Sap°lyR
chaperon,Sap°R§
chaperonner,Sap°Rone
chapiteau,Sapito
chapitre,SapitR
chapitrer,SapitRe
chapka,Sapka
chaplinesque,SaplinEsk
chapon,Sap§
chappe,Sap
chapska,Sapska
chaque,Sak
char,SaR
charabia,SaRabja
charade,SaRad
charale,SaRal
charançon,SaR@s§
charançonné,SaR@sone
charbon,SaRb§
charbonner,SaRbone
charbonnette,SaRbonEt
charbonneux,SaRbon2
charbonnier,SaRbonje
charbonnière,SaRbonjER
charca,SaRka
charcutage,SaRkytaZ
charcutaille,SaRkytaj
charcuter,SaRkyte
charcuterie,SaRkyt°Ri
charcutier,SaRkytje
chardon,SaRd§
chardonay,SaRdOnE
chardonnay,SaRdonE
chardonneret,SaRdOn°RE
charge,SaRZ
chargement,SaRZ°m@
charger,SaRZe
chargeur,SaRZ9R
chargé,SaRZe
charia,SaRja
chariot,SaRjo
charismatique,kaRismatik
charisme,kaRizm
charitable,SaRitabl
charitablement,SaRitabl°m@
charité,SaRite
charivari,SaRivaRi
charlatan,SaRlat@
charlataner,SaRlatane
charlatanerie,SaRlatan°Ri
charlatanisme,SaRlatanizm
charleston,SaRlEstOn
charlot,SaRlo
charlotte,SaRlOt
charmant,SaRm@
charme,SaRm
charmer,SaRme
charmeur,SaRm9R
charmille,SaRmij
charmé,SaRme
charnel,SaRnEl
charnellement,SaRnEl°m@
charnier,SaRnje
charnière,SaRnjER
charnu,SaRny
charognard,SaRoNaR
charogne,SaRON
charognerie,SaRON°Ri
charpente,SaRp@t
charpenter,SaRp@te
charpenterie,SaRp@t°Ri
charpentier,SaRp@tje
charpenté,SaRp@te
charpie,SaRpi
charre,SaR
charretier,SaR°tje
charreton,SaR°t§
charrette,SaREt
charretée,SaR°te
charriage,SaRjaZ
charriant,SaRj@
charrier,SaRje
charrié,SaRje
charroi,SaRwa
charron,SaR§
charrue,SaRy
charte,SaRt
charter,SaRtER
chartiste,SaRtist
chartre,SaRtR
chartreux,SaRtR2
charybde,SaRibd
chas,Sa
chassant,Sas@
chasse,Sas
chasse-d'eau,Sasdo
chasse-mouche,SasmuS
chasse-mouches,SasmuS
chasse-neige,SasnEZ
chasse-pierres,SaspjER
chasselas,Sas°la
chasser,Sase
chasseur,Sas9R
chassie,Sasi
chassieux,Sasj2
chassé,Sase
chassé-croisé,SasekRwaze
chaste,Sast
chastement,Sast°m@
chasteté,Sast°te
chasuble,Sazybl
chat,Sa
chat-huant,Sa8@
chat-tigre,SatigR
chateaubriand,SatobRij@
chatière,SatjER
chatoiement,Satwam@
chaton,Sat§
chatouille,Satuj
chatouillement,Satuj°m@
chatouiller,Satuje
chatouilleux,Satuj2
chatouillis,Satuji
chatoyant,Satwaj@
chatoyer,Satwaje
chattemite,Sat°mit
chatter,tSate
chatterie,Sat°Ri
chatterton,SatERtOn
chaud,So
chaud-froid,SofRwa
chaude-pisse,Sodpis
chaudement,Sod°m@
chaudière,SodjER
chaudron,SodR§
chaudronnerie,SodROn°Ri
chaudronnier,SodRonje
chaudronnée,SodRone
chauffage,SofaZ
chauffagiste,SofaZist
chauffant,Sof@
chauffard,SofaR
chauffe,Sof
chauffe-biberon,Sofbib°R§
chauffe-eau,Sofo
chauffe-plats,Sofpla
chauffer,Sofe
chaufferette,Sof°REt
chaufferie,Sof°Ri
chauffeur,Sof9R
chauffeur-livreur,Sof9RlivR9R
chauler,Sole
chaume,Som
chaumine,Somin
chaumière,SomjER
chaussant,Sos@
chausse-pied,Sospje
chausse-trape,SostRap
chausse-trappe,SostRap
chausser,Sose
chaussette,SosEt
chausseur,Sos9R
chausson,Sos§
chaussure,SosyR
chaussures,SosyR
chaussé,Sose
chaussée,Sose
chaut,So
chauve,Sov
chauve-souris,SovsuRi
chauvin,Sov5
chauvinisme,Sovinizm
chauviniste,Sovinist
chaux,So
chavignol,SaviNOl
chavirant,SaviR@
chavirement,SaviR°m@
chavirer,SaviRe
chaîne,SEn
chaînette,SEnEt
chaînon,SEn§
cheap,tSip
check-list,tSEklist
check-up,tSEk9p
cheddar,SEdaR
cheddite,SEdit
cheese-cake,tSizkEk
cheeseburger,tSizb9Rg9R
chef,SEf
chef-adjoint,SEfadZw5
chef-d'oeuvre,SEd9vR
chef-d'oeuvres,SEd9vR
chef-lieu,SEflj2
chefs-lieux,SEflj2
cheftaine,SEftEn
cheik,SEk
cheikh,SEk
chelem,SelEm
chemin,S°m5
chemineau,S°mino
cheminement,S°min°m@
cheminer,S°mine
cheminot,S°mino
cheminée,S°mine
chemise,S°miz
chemiser,S°mize
chemiserie,S°miz°Ri
chemisette,S°mizEt
chemisier,S°mizje
chenal,S°nal
chenapan,S°nap@
chenet,S°nE
chenil,S°nil
chenille,S°nij
chenillette,S°nijEt
chenillé,S°nije
chenu,S°ny
cheptel,SEptEl
cher,SER
cherche-midi,SERSmidi
chercher,SERSe
chercheur,SERS9R
chergui,SERgi
cherokee,SeRoki
cherry,SeRi
cherté,SERte
chester,SEstER
cheval,S°val
cheval-vapeur,S°valvap9R
chevaler,S°vale
chevaleresque,S°val°REsk
chevaleresquement,S°val°REsk°m@
chevalerie,S°val°Ri
chevalet,S°valE
chevalier,S°valje
chevalin,S°val5
chevalière,S°valjER
chevance,S°v@s
chevau-léger,S°voleZe
chevauchant,S°voS@
chevauchement,S°voS°m@
chevaucher,S°voSe
chevaucheur,S°voS9R
chevauchée,S°voSe
chevelu,S°v°ly
chevelure,S°v°lyR
chevesne,S°vEn
chevet,S°vE
cheveu,S°v2
chevillage,S°vijaZ
chevillard,S°vijaR
cheville,S°vij
chevillette,S°vijEt
cheviotte,S°vjOt
chevir,S2viR
chevreau,S°vRo
chevrette,S°vREt
chevreuil,S°vR9j
chevrier,S°vRije
chevron,S°vR§
chevronné,S°vRone
chevrotement,S°vROt°m@
chevroter,S°vRote
chevrotine,S°vRotin
chevêche,S°vES
chewing-gum,SwiGgOm
chez,Se
chez-soi,Seswa
chi,ki
chiader,Sjade
chialer,Sjale
chialeur,Sjal9R
chiant,Sj@
chianti,kj@ti
chiard,SjaR
chiasma,kjasma
chiasme,kjasm
chiasse,Sjas
chiasseux,Sjas2
chiatique,Sjatik
chibouk,Sibuk
chibre,SibR
chic,Sik
chic-type,Siktip
chica,Sika
chicane,Sikan
chicaner,Sikane
chicaneur,Sikan9R
chicanier,Sikanje
chicano,Sikano
chiche,SiS
chiche-kebab,SiSkebab
chichement,SiS°m@
chichi,SiSi
chichiteux,SiSit2
chicon,Sik§
chicorer,SikoRe
chicorée,SikoRe
chicot,Siko
chicoter,Sikote
chicotin,Sikot5
chicotte,SikOt
chien,Sj5
chien-assis,Sj5asi
chien-loup,Sj5lu
chien-robot,Sj5Robo
chien-étoile,Sj5etwal
chienchien,Sj5Sj5
chiendent,Sj5d@
chienlit,Sj@li
chiennerie,SjEn°Ri
chiens,Sj5
chier,Sje
chierie,SiRi
chieur,Sj9R
chiffe,Sif
chiffon,Sif§
chiffonnade,Sifonad
chiffonner,Sifone
chiffonnier,Sifonje
chiffonné,Sifone
chiffrable,SifRabl
chiffrage,SifRaZ
chiffre,SifR
chiffrement,SifR°m@
chiffrer,SifRe
chiffreur,SifR9R
chiffré,SifRe
chignole,SiNOl
chignon,SiN§
chihuahua,Siwawa
chili,Sili
chilien,Silj5
chilienne,SiljEn
chilom,SilOm
chimie,Simi
chimiothérapie,SimjoteRapi
chimique,Simik
chimiquement,Simik°m@
chimiste,Simist
chimpanzé,S5p@ze
chimère,SimER
chimérique,SimeRik
chimériquement,SimeRik°m@
chinchard,S5SaR
chinchilla,S5Sila
chine,Sin
chiner,Sine
chinetoque,Sin°tOk
chineur,Sin9R
chinois,Sinwa
chinoiser,Sinwaze
chinoiserie,Sinwaz°Ri
chinook,Sinuk
chintz,Sints
chiné,Sine
chiot,Sjo
chiotte,SjOt
chiourme,SjuRm
chip,Sip
chiper,Sipe
chipeur,Sip9R
chipie,Sipi
chipolata,Sipolata
chipotage,SipotaZ
chipoter,Sipote
chipoteur,Sipot9R
chippendale,Sip9ndEjl
chips,Sips
chique,Sik
chiquement,Sik°m@
chiquenaude,Sik°nod
chiquer,Sike
chiqueur,Sik9R
chiqué,Sike
chiraquien,SiRakj5
chiricahua,SiRikaua
chiromancie,kiRom@si
chiromancien,kiRom@sj5
chiropracteur,kiRopRakt9R
chiropraticien,kiROpRatisj5
chiropratique,kiROpRatik
chiropraxie,kiROpRaksi
chiroptère,kiROptER
chiroubles,SiRubl
chirurgical,SiRyRZikal
chirurgicalement,SiRyRZikal°m@
chirurgie,SiRyRZi
chirurgien,SiRyRZj5
chirurgien-dentiste,SiRyRZj5d@tist
chisel,SizEl
chistera,Sist°Ra
chitine,Sitin
chitineux,Sitin2
chiton,Sit§
chiure,SjyR
chiée,Sje
chlamyde,klamid
chlamydia,klamidja
chlass,Slas
chleuh,Sl2
chlinguer,Sl5ge
chloral,kloRal
chloramphénicol,klOR@fenikOl
chlorate,kloRat
chlore,klOR
chlorer,klORe
chlorhydrate,kloRidRat
chlorhydrique,kloRidRik
chlorique,klORik
chloroforme,kloRofORm
chloroformer,kloRofORme
chloroformisation,kloRofORmizasj§
chlorophylle,kloRofil
chlorophyllien,kloRofilj5
chloroplaste,kloRoplast
chloroquine,klOROkin
chlorotique,kloRotik
chlorpromazine,klORpRomazin
chlorure,kloRyR
chloré,kloRe
chnoque,SnOk
chnord,knOR
chnouf,Snuf
choc,SOk
chocard,SokaR
chochotte,SoSOt
chocolat,Sokola
chocolaterie,Sokolat°Ri
chocolatier,Sokolatje
chocolaté,Sokolate
choeur,k9R
choir,SwaR
choisi,Swazi
choisir,SwaziR
choix,Swa
choke,SOk
cholestérol,kolEsteROl
choline,kOlin
cholinestérase,kOlinEsteRaz
cholique,kOlik
cholécystectomie,kOlesistEktOmi
cholécystite,kOlesistit
cholédoque,koledOk
choléra,koleRa
chop suey,SOps8Ej
chope,SOp
choper,Sope
chopine,Sopin
chopper,SOpER
chopper,SOpe
choquant,Sok@
choquer,Soke
choqué,Soke
choral,koRal
chorale,koRal
chorba,SORba
choriste,koRist
chorizo,tSoRizo
chorus,koRys
chorée,koRe
chorégraphe,koRegRaf
chorégraphie,koRegRafi
chorégraphier,kORegRafje
chorégraphique,koRegRafik
chose,Soz
choser,Soze
choses,Soz
chosification,Sozifikasj§
chosifier,Sozifje
chou,Su
chou-fleur,Sufl9R
chou-palmiste,Supalmist
chou-rave,SuRav
chouan,Sw@
chouannerie,Swan°Ri
choucard,SukaR
choucas,Suka
chouchou,SuSu
chouchoutage,SuSutaZ
chouchoute,SuSut
chouchouter,SuSute
choucroute,SukRut
chouette,SwEt
chouettement,SwEt°m@
chouia,Suja
chouiner,Swine
choupette,SupEt
chouquet,SukE
chouquette,SukEt
chouraver,SuRave
chouraveur,SuRav9R
chourer,SuRe
choux-fleurs,Sufl9R
choux-raves,SuRav
chouya,Suja
chouïa,Suja
choyer,Swaje
choyé,Swaje
christ,kRist
christiania,kRistjanja
christianisme,kRistjanizm
christique,kRistik
christmas,kRismas
christocentrisme,kRistos@tRizm
christologique,kRistoloZik
chromage,kRomaZ
chromatique,kRomatik
chromatisme,kRomatizm
chromatogramme,kROmatOgRam
chromatographie,kROmatOgRafi
chrome,kRom
chromo,kRomo
chromosome,kRomozom
chromosomique,kRomozomik
chromosphère,kRomosfER
chronique,kRonik
chroniquement,kRonik°m@
chroniquer,kRonike
chroniqueur,kRonik9R
chrono,kRono
chronographe,kRonogRaf
chronologie,kRonoloZi
chronologique,kRonoloZik
chronologiquement,kRonoloZik°m@
chronomètre,kRonomEtR
chronométrage,kRonometRaZ
chronométrer,kRonometRe
chronométreur,kRonometR9R
chronophotographie,kRonofOtOgRafi
chronophotographique,kROnofOtOgRafik
chrysalide,kRizalid
chrysanthème,kRiz@tEm
chrysolite,kRizOlit
chrysolithe,kRizOlit
chrysostome,kRizostom
chrétien,kRetj5
chrétien-démocrate,kRetj5demokRat
chrétiennement,kRetjEn°m@
chrétienté,kRetj5te
chrême,kREm
chtar,StaR
chtarbé,StaRbe
chtibe,Stib
chtimi,Stimi
chtouille,Stuj
chtourbe,ktuRb
chuchotant,SySot@
chuchotement,SySOt°m@
chuchoter,SySote
chuchoteur,SySot9R
chuchotis,SySoti
chuintant,S85t@
chuintante,S85t@t
chuintement,S85t°m@
chuinter,S85te
chulo,Sylo
chum,Sum
churrigueresque,SyRig°REsk
chut,Syt
chute,Syt
chuter,Syte
chutney,S9tnE
chyle,Sil
chypre,SipR
chypriote,SipRijOt
châle,Sal
châlit,Sali
châlonnais,SalonE
châsse,Sas
châssis,Sasi
châtaigne,SatEN
châtaigner,SatENe
châtaigneraie,SatEN°RE
châtaignier,SateNe
châtain,Sat5
château,Sato
château-fort,SatofOR
châteaubriant,SatobRij@
châtel,SatEl
châtelain,Sat°l5
châtelet,Sat°lE
châtellenie,SatEl°ni
châtier,Satje
châtiment,Satim@
châtrage,SatRaZ
châtrer,SatRe
châtron,SatR§
châtré,SatRe
chèche,SES
chènevis,SEn°vi
chèque,SEk
chèque-cadeau,SEkkado
chèrement,SER°m@
chèvre,SEvR
chèvre-pied,SEvR°pje
chèvrefeuille,SEvR°f9j
chébran,SebR@
chéchia,SeSja
chéfesse,SefEs
chélate,kelat
chélidoine,kelidwan
chéloïde,kelOid
chéneau,Seno
chéquier,Sekje
chéri,SeRi
chérif,SeRif
chérir,SeRiR
chérot,SeRo
chérubin,SeRyb5
chérubinique,SeRybinik
chétif,Setif
chétivement,Setiv°m@
chétivité,Setivite
chênaie,SEnE
chêne,SEn
chêne-liège,SEnljEZ
chêneteau,SEn°to
chômage,SomaZ
chômedu,Som°dy
chômer,Some
chômeur,Som9R
chômé,Some
ci,si
ci-après,siapRE
ci-contre,sik§tR
ci-dessous,sid°su
ci-dessus,sid°sy
ci-gît,siZi
ci-inclus,si5kly
ci-joint,siZw5
ciao,tSao
cibiche,sibiS
cibiste,sibist
ciblage,siblaZ
cible,sibl
cibler,sible
ciboire,sibwaR
ciboule,sibul
ciboulette,sibulEt
ciboulot,sibulo
cicatrice,sikatRis
cicatriciel,sikatRisjEl
cicatrisable,sikatRizabl
cicatrisation,sikatRizasj§
cicatriser,sikatRize
cicero,siseRo
cicindèle,sis5dEl
cicérone,siseROn
cidre,sidR
cidrerie,sidR°Ri
ciel,sjEl
cierge,sjERZ
cieux,sj2
cigale,sigal
cigalon,sigal§
cigalou,sigalu
cigare,sigaR
cigarette,sigaREt
cigarettier,sigaREtje
cigarillo,sigaRijo
cigler,sigle
cigogne,sigON
ciguë,sigy
cil,sil
cilice,silis
cillement,sij°m@
ciller,sije
cimaise,simEz
cimarron,simaR§
cime,sim
ciment,sim@
cimenter,sim@te
cimenterie,sim@t°Ri
cimeterre,sim°tER
cimetière,sim°tjER
cimier,simje
cinabre,sinabR
cinghalais,s5galE
cinglage,s5glaZ
cinglant,s5gl@
cinglement,s5gl°m@
cingler,s5gle
cinglé,s5gle
cinname,sinam
cinoche,sinOS
cinoque,sinOk
cinq,s5k
cinquantaine,s5k@tEn
cinquante,s5k@t
cinquante-cinq,s5k@ts5k
cinquante-deux,s5k@td2
cinquante-huit,s5k@t8it
cinquante-huitième,s5k@t8itjEm
cinquante-neuf,s5k@tn9f
cinquante-neuvième,s5k@tn9vjEm
cinquante-quatre,s5k@tkatR
cinquante-sept,s5k@tsEt
cinquante-septième,s5k@tsEtjEm
cinquante-six,s5k@tsis
cinquante-sixième,s5k@tsizjEm
cinquante-trois,s5k@ttRwa
cinquante-troisième,s5k@ttRwazjEm
cinquantenaire,s5k@t°nER
cinquantième,s5k@tjEm
cinquième,s5kjEm
cinquièmement,s5kjEm°m@
cintrage,s5tRaZ
cintre,s5tR
cintrer,s5tRe
cintré,s5tRe
cinzano,tSinzano
ciné,sine
ciné-club,sinekl9b
ciné-roman,sineRom@
cinéaste,sineast
cinéma,sinema
cinéma-vérité,sinemaveRite
cinémascope,sinemaskOp
cinémathèque,sinematEk
cinématique,sinematik
cinématographe,sinematogRaf
cinématographie,sinematogRafi
cinématographique,sinematogRafik
cinématographiquement,sinematogRafik°m@
cinéphile,sinefil
cinéraire,sineRER
cinérama,sineRama
cinétique,sinetik
cipal,sipal
cipaye,sipaj
cipolin,sipol5
cirage,siRaZ
circadien,siRkadj5
circassien,siRkasj5
circassienne,siRkasjEn
circaète,siRkaEt
circoncire,siRk§siR
circoncis,siRk§si
circoncision,siRk§sizj§
circonflexe,siRk§flEks
circonférence,siRk§feR@s
circonscription,siRk§skRipsj§
circonscrire,siRk§skRiR
circonspect,siRk§spE
circonspection,siRk§spEksj§
circonstance,siRk§st@s
circonstanciel,siRk§st@sjEl
circonstancié,siRk§st@sje
circonvallation,siRk§valasj§
circonvenir,siRk§v°niR
circonvolution,siRk§volysj§
circuit,siRk8i
circulaire,siRkylER
circulairement,siRkylER°m@
circulant,siRkyl@
circularité,siRkylaRite
circulation,siRkylasj§
circulatoire,siRkylatwaR
circuler,siRkyle
circumnavigation,siRk§navigasj§
cire,siR
cirer,siRe
cireur,siR9R
cireux,siR2
ciron,siR§
cirque,siRk
cirrhose,siRoz
cirrhotique,siRotik
cirrus,siRys
ciré,siRe
cis,si
cisaillage,sizajaZ
cisaillant,sizaj@
cisaille,sizaj
cisaillement,sizaj°m@
cisailler,sizaje
ciseau,sizo
ciseler,siz°le
ciselet,siz°lE
ciselure,siz°lyR
ciselé,siz°le
ciste,sist
cistercien,sistERsj5
citadelle,sitadEl
citadin,sitad5
citation,sitasj§
citer,site
citerne,sitERn
cithare,sitaR
citizen band,sitiz2nb@d
citoyen,sitwaj5
citoyenneté,sitwajEn°te
citrate,sitRat
citrine,sitRin
citrique,sitRik
citron,sitR§
citronnade,sitRonad
citronnelle,sitRonEl
citronnier,sitRonje
citronné,sitRone
citrouille,sitRuj
citrus,sitRys
city,siti
cité,site
cité-dortoir,sitedORtwaR
cité-jardin,siteZaRd5
civadière,sivadjER
civet,sivE
civette,sivEt
civil,sivil
civilement,sivil°m@
civilisateur,sivilizat9R
civilisation,sivilizasj§
civiliser,sivilize
civilisé,sivilize
civilité,sivilite
civique,sivik
civisme,sivizm
civière,sivjER
clabaudage,klabodaZ
clabauder,klabode
claboter,klabote
clac,klak
clafouti,klafuti
clafoutis,klafuti
claie,klE
claim,klEm
clair,klER
clair-obscur,klEROpskyR
claire,klER
claire-voie,klERvwa
clairement,klER°m@
clairet,klERE
clairette,klEREt
clairière,klERjER
clairon,klER§
claironnant,klERon@
claironner,klERone
clairsemé,klERs°me
clairvoyance,klERvwaj@s
clairvoyant,klERvwaj@
clam,klam
clamecer,klam°se
clamer,klame
clameur,klam9R
clamp,kl@p
clamper,kl@pe
clampin,kl@p5
clamser,klamse
clan,kl@
clandestin,kl@dEst5
clandestinement,kl@dEstin°m@
clandestinité,kl@dEstinite
clandé,kl@de
clap,klap
claper,klape
clapet,klapE
clapette,klapEt
clapier,klapje
clapir,klapiR
clapot,klapo
clapotant,klapot@
clapotement,klapOt°m@
clapoter,klapote
clapotis,klapoti
clappement,klap°m@
clapper,klape
claquage,klakaZ
claquant,klak@
claque,klak
claque-merde,klakmERd
claquement,klak°m@
claquemurer,klak°myRe
claquer,klake
claquet,klakE
claquette,klakEt
clarification,klaRifikasj§
clarifier,klaRifje
clarine,klaRin
clarinette,klaRinEt
clarinettiste,klaRinetist
clarisse,klaRis
clarté,klaRte
clash,klaS
class,klas
classable,klasabl
classe,klas
classement,klas°m@
classer,klase
classeur,klas9R
classicisme,klasisizm
classico,klasiko
classieux,klasj2
classificateur,klasifikat9R
classification,klasifikasj§
classifier,klasifje
classique,klasik
classiquement,klasik°m@
classé,klase
claude,klod
claudicant,klodik@
claudication,klodikasj§
claudiquer,klodike
clause,kloz
claustration,klostRasj§
claustrophobe,klostRofOb
claustrophobie,klostRofobi
clavaire,klavER
clavecin,klav°s5
claveciniste,klav°sinist
clavette,klavEt
clavicule,klavikyl
clavier,klavje
claymore,klEjmoR
clayon,klEj§
clayonnage,klEjonaZ
clean,klin
clearing,kliRiG
clebs,klEps
clef,kle
clenche,kl@S
clepsydre,klEpsidR
cleptomane,klEptoman
cleptomanie,klEptomani
clerc,klER
clergeon,klERZ§
clergyman,klERZiman
clergé,klERZe
clermontois,klERm§twa
clic,klik
clic-clac,klikklak
clichage,kliSaZ
clicher,kliSe
clicherie,kliS°Ri
clicheur,kliS9R
cliché,kliSe
click,klik
client,klij@
client-roi,klij@Rwa
clientèle,klij@tEl
clignement,kliN°m@
cligner,kliNe
clignotant,kliNot@
clignotement,kliNOt°m@
clignoter,kliNote
clignoteur,kliNot9R
climat,klima
climatique,klimatik
climatisation,klimatizasj§
climatiser,klimatize
climatiseur,klimatiz9R
climatisé,klimatize
climatologue,klimatOlOg
climax,klimaks
clin,kl5
clin-d'oeil,kl5d9j
clinche,kl5S
clinicat,klinika
clinicien,klinisj5
clinique,klinik
cliniquement,klinik°m@
clinker,klink9R
clinquant,kl5k@
clip,klip
clipper,klip9R
clique,klik
cliquer,klike
cliquet,klikE
cliquetant,klik°t@
cliqueter,klik°te
cliquetis,klik°ti
cliquettement,klikEt°m@
cliquètement,klikEt°m@
clito,klito
clitoridectomie,klitORidEktOmi
clitoridien,klitoRidj5
clitoris,klitoRis
clivage,klivaZ
cliver,klive
cloacal,kloakal
cloaque,kloak
cloc,klOk
clochard,kloSaR
clochardisation,kloSaRdizasj§
clochardiser,kloSaRdize
cloche,klOS
cloche-pied,klOSpje
clocher,kloSe
clocheton,klOS°t§
clochette,kloSEt
clodo,klodo
cloison,klwaz§
cloisonnement,klwazOn°m@
cloisonner,klwazone
cloisonné,klwazone
clonage,klonaZ
clone,klon
cloner,klOne
clonique,klOnik
clope,klOp
cloper,klOpe
clopeur,klop9R
clopin-clopant,klop5klop@
clopiner,klopine
clopinettes,klopinEt
cloporte,klopORt
cloque,klOk
cloquer,kloke
cloqué,kloke
clore,klOR
clos,klo
close-combat,klozk§ba
close-up,kloz9p
closerie,kloz°Ri
clou,klu
clouage,kluaZ
clouer,klue
cloueur,klu9R
cloutage,klutaZ
cloutier,klutje
clouté,klute
cloué,klue
clown,klun
clownerie,klun°Ri
clownesque,klunEsk
cloître,klwatR
cloîtrer,klwatRe
cloîtré,klwatRe
club,kl9b
club-house,kl9baws
clubhouse,kl9baws
clubiste,klybist
clubman,kl9bman
clunisien,klynizj5
cluse,klyz
cluster,kl9st9R
clystère,klistER
clé,kle
clébard,klebaR
clématite,klematit
clémence,klem@s
clément,klem@
clémentine,klem@tin
clérical,kleRikal
cléricalisme,kleRikalizm
cléricature,kleRikatyR
clôture,klotyR
clôturer,klotyRe
cm,s@timEtR
co,ko
co-animateur,koanimat9R
co-auteur,koot9R
co-avocat,koavoka
co-capitaine,kokapitEn
co-dépendance,kodep@d@s
co-existence,koEgzist@s
co-exister,koEgziste
co-habiter,koabite
co-locataire,kolokatER
co-pilote,kopilOt
co-production,kopRodyksj§
co-proprio,kopRopRio
co-propriétaire,kopRopRietER
co-propriété,kopRopRiete
co-président,kopRezid@
co-responsable,koREsp§sabl
co-signer,kosiNe
co-tuteur,kotyt9R
co-vedette,kov2dEt
co-voiturage,kovwatyRaZ
co-équipier,koekipje
coaccusé,koakyze
coach,kotS
coacher,kotSe
coadjuteur,koadZyt9R
coagulant,koagyl@
coagulation,koagylasj§
coaguler,koagyle
coaliser,koalize
coalition,koalisj§
coaltar,kOltaR
coassement,koas°m@
coasser,koase
coati,koati
coauteur,koot9R
coaxial,koaksjal
cob,kOb
cobalt,kobalt
cobaye,kobaj
cobol,kobOl
cobra,kobRa
coca,koka
coca-cola,kokakola
cocagne,kokaN
cocard,kokaR
cocarde,kokaRd
cocarder,kOkaRde
cocardier,kokaRdje
cocasse,kokas
cocassement,kOkas°m@
cocasserie,kokas°Ri
cocaïne,kokain
cocaïnomane,kokainoman
coccinelle,koksinEl
coccyx,kOksis
coche,kOS
cochelet,koS°lE
cochenille,kOS°nij
cocher,koSe
cochléaire,kOkleER
cochlée,kokle
cochon,koS§
cochonceté,koS§s°te
cochonnaille,koSonaj
cochonner,koSone
cochonnerie,koSOn°Ri
cochonnet,koSonE
cochonnée,kOSOne
cochylis,kokilis
cocker,kokER
cockney,koknE
cockpit,kOkpit
cocktail,kOktEl
coco,koko
cocon,kok§
cocoon,kokun
cocorico,kokoRiko
cocoter,kokote
cocotier,kokotje
cocotte,kokOt
cocotte-minute,kokOtminyt
coction,koksj§
cocu,koky
cocuage,kok8aZ
cocufier,kokyfje
cocufié,kokyfje
coda,koda
codage,kodaZ
code,kOd
code-barre,kOdbaR
code-barres,kOdbaR
code-clé,kOdkle
coder,kode
codeur,kod9R
codex,kodEks
codicille,kodisil
codification,kodifikasj§
codifier,kodifje
codon,kod§
codé,kode
codéine,kodein
codétenu,kodet°ny
coefficient,koefisj@
coelacanthe,selak@t
coeliaque,seljak
coentreprise,ko@tR°pRiz
coenzyme,ko@zim
coercitif,koERsitif
coercition,koERsisj§
coeur,k9R
coexistence,koEgzist@s
coexister,koEgziste
coffee shop,kOfiSOp
coffin,kof5
coffio,kOfjo
coffiot,kOfjo
coffrage,kofRaZ
coffre,kOfR
coffre-fort,kOfR°fOR
coffrer,kofRe
coffret,kofRE
cofinancement,kofin@s°m@
cofondateur,kof§dat9R
cofondé,kof§de
cogitation,koZitasj§
cogiter,koZite
cogito,koZito
cognac,koNak
cognassier,koNasje
cogne,kON
cognement,kON°m@
cogner,koNe
cogneur,koN9R
cognitif,kognitif
cognition,kOgnisj§
cognée,koNe
cogérant,koZeR@
cohabitant,kOabit@
cohabitation,koabitasj§
cohabiter,koabite
cohorte,koORt
cohue,koy
cohérence,koeR@s
cohérent,koeR@
cohéritier,koeRitje
cohésion,koezj§
coi,kwa
coiffant,kwaf@
coiffe,kwaf
coiffer,kwafe
coiffeur,kwaf9R
coiffure,kwafyR
coiffé,kwafe
coin,kw5
coin-coin,kw5kw5
coin-repas,kw5R°pa
coincer,kw5se
coinceur,kw5s9R
coincher,kw5Se
coincé,kw5se
coing,kw5
coinstot,kw5sto
coinçage,kw5saZ
coir,kwaR
coke,kok
col,kOl
col-de-cygne,kOld°siN
col-vert,kOlvER
cola,kola
colback,kOlbak
colchicine,kOlSisin
colchique,kOlSik
colcotar,kOlkotaR
cold,kold
cold-cream,koldkRim
colectomie,kOlEktomi
colibri,kolibRi
colifichet,kolifiSE
colimaçon,kolimas§
colin,kol5
colin-maillard,kol5majaR
colique,kolik
colis,koli
colis-cadeau,kolikado
colis-repas,koliR°pa
colistier,kolistje
colite,kolit
collabo,kolabo
collaborateur,kolaboRat9R
collaboration,kolaboRasj§
collaborationniste,kolaboRasjonist
collaborer,kolaboRe
collage,kolaZ
collagène,kolaZEn
collant,kol@
collapsus,kolapsys
collation,kolasj§
collationnement,kolasjOn°m@
collationner,kolasjone
collatéral,kolateRal
colle,kOl
collecte,kolEkt
collecter,kolEkte
collecteur,kolEkt9R
collectif,kolEktif
collection,kolEksj§
collectionner,kolEksjone
collectionneur,kolEksjon9R
collectivement,kolEktiv°m@
collectivisation,kolEktivizasj§
collectiviser,kolEktivize
collectivisme,kolEktivizm
collectiviste,kolEktivist
collectivité,kolEktivite
collector,kOlEktOR
coller,kole
collerette,kOl°REt
collet,kolE
colletage,kOl°taZ
colleter,kOl°te
colletin,kOl°t5
colleur,kol9R
colleuse,kol2z
colley,kolE
collier,kolje
collignon,koliN§
collimateur,kolimat9R
collimation,kolimasj§
colline,kolin
collision,kolizj§
collodion,kolodj§
colloque,kolOk
colloquer,koloke
colloïde,koloid
collure,kolyR
collusion,kolyzj§
collutoire,kolytwaR
collyre,koliR
collège,kolEZ
collègue,kolEg
collégial,koleZjal
collégiale,koleZjal
collégialité,koleZjalite
collégien,koleZj5
colmatage,kOlmataZ
colmater,kOlmate
colo,kolo
colocataire,kolokatER
colocation,kolokasj§
colombe,kol§b
colombelle,kol§bEl
colombien,kol§bj5
colombier,kol§bje
colombin,kol§b5
colombo,kol§bo
colombophile,kol§bofil
colombophilie,kol§bofili
colon,kol§
colonel,kolonEl
colonial,kolonjal
colonialisme,kolonjalizm
colonialiste,kolonjalist
colonie,koloni
colonisateur,kolonizat9R
colonisation,kolonizasj§
coloniser,kolonize
colonisé,kolonize
colonnade,kolonad
colonne,kolOn
colonnette,kolonEt
colonoscopie,kOlOnOskOpi
colopathie,kolopati
colophane,kolofan
coloquinte,kolok5t
colorant,koloR@
coloration,koloRasj§
colorature,koloRatyR
colorectal,koloREktal
colorer,koloRe
coloriage,koloRjaZ
colorier,koloRje
coloris,koloRi
colorisation,koloRizasj§
coloriste,koloRist
coloré,koloRe
coloscopie,kolOskopi
colossal,kolosal
colosse,kolOs
colostomie,kolostomi
colostrum,kOlOstROm
colportage,kOlpORtaZ
colporter,kOlpORte
colporteur,kOlpORt9R
colposcopie,kOlposkOpi
cols-de-cygne,kOld°siN
colt,kOlt
coltin,kOlt5
coltinage,kOltinaZ
coltiner,kOltine
coltineur,kOltin9R
columbarium,kol§baRjOm
colvert,kOlvER
colza,kOlza
colère,kolER
colée,kole
coléoptère,koleOptER
colérer,kOleRe
coléreusement,kOleR2z°m@
coléreux,koleR2
colérique,koleRik
com,kOm
coma,koma
comac,komak
comanche,kOm@S
comandant,kom@d@
comateux,komat2
combat,k§ba
combatif,k§batif
combativité,k§bativite
combattant,k§bat@
combattre,k§batR
combe,k§b
combette,k§bEt
combi,k§bi
combien,k§bj5
combientième,k§bj@tjEm
combinaison,k§binEz§
combinard,k§binaR
combinat,k§bina
combinatoire,k§binatwaR
combine,k§bin
combiner,k§bine
combiné,k§bine
combisme,k§bizm
comblant,k§bl@
comble,k§bl
combler,k§ble
comblé,k§ble
combo,k§bo
combourgeois,k§buRZwa
comburant,k§byR@
combustible,k§bystibl
combustion,k§bystj§
comestibilité,kOmEstibilite
comestible,komEstibl
comic book,kOmikbuk
comice,komis
comics,komik
comique,komik
comiquement,komik°m@
comitadji,komitadZi
comite,kOmit
comité,komite
comma,kOma
command,komand
commandant,kom@d@
commande,kom@d
commandement,kom@d°m@
commander,kom@de
commanderie,kom@d°Ri
commandeur,kom@d9R
commanditaire,kom@ditER
commandite,kom@dit
commanditer,kom@dite
commandité,kom@dite
commando,kom@do
commandé,kom@de
comme,kOm
commedia dell'arte,komedjadElaRte
commencement,kom@s°m@
commencer,kom@se
commensal,kom@sal
commensalisme,kom@salizm
commensurable,kom@syRabl
comment,kom@
commentaire,kom@tER
commentateur,kom@tat9R
commenter,kom@te
commençant,kom@s@
commerce,komERs
commercer,komERse
commercial,komERsjal
commercialement,komERsjal°m@
commercialisable,kOmERsjalizabl
commercialisation,komERsjalizasj§
commercialiser,komERsjalize
commerçant,komERs@
commettant,komEt@
commettre,komEtR
comminatoire,kominatwaR
commis,komi
commis-voyageur,komivwajaZ9R
commissaire,komisER
commissaire-adjoint,kOmisERadZw5
commissaire-priseur,komisERpRiz9R
commissariat,komisaRja
commission,komisj§
commissionnaire,komisjonER
commissure,komisyR
commisération,komizeRasj§
commode,komOd
commode-toilette,kOmOdtwalEt
commodité,komodite
commodore,komodOR
commodément,komodem@
commotion,komosj§
commuer,kom8e
commun,kom1
communal,komynal
communard,komynaR
communautaire,komynotER
communauté,komynote
commune,komyn
communiant,komynj@
communicabilité,komynikabilite
communicable,komynikabl
communicant,komynik@
communicateur,komynikat9R
communicatif,komynikatif
communication,komynikasj§
communier,komynje
communion,komynj§
communiquer,komynike
communiqué,komynike
communisant,komyniz@
communisme,komynizm
communiste,komynist
communément,komynem@
commutateur,komytat9R
commutation,komytasj§
commuter,komyte
commère,komER
commémoratif,komemoRatif
commémoration,komemoRasj§
commémorer,komemoRe
commérage,komeRaZ
commérer,komeRe
comnène,kOmnEn
compacité,k§pasite
compact,k§pakt
compactage,k§paktaZ
compacteur,k§pakt9R
compadre,k§padR
compagnie,k§paNi
compagnon,k§paN§
compagnonnage,k§paNonaZ
comparabilité,k§paRabilite
comparable,k§paRabl
comparaison,k§paREz§
comparant,k§paR@
comparateur,k§paRat9R
comparatif,k§paRatif
comparativement,k§paRativ°m@
comparaître,k§paREtR
comparer,k§paRe
comparoir,k§paRwaR
comparse,k§paRs
compartiment,k§paRtim@
compartimentage,k§paRtim@taZ
compartimenter,k§paRtim@te
compartimenté,k§paRtim@te
comparution,k§paRysj§
comparé,k§paRe
compas,k§pa
compassion,k§pasj§
compassé,k§pase
compatibilité,k§patibilite
compatible,k§patibl
compatir,k§patiR
compatissant,k§patis@
compatriote,k§patRijOt
compendium,k§p5djOm
compensateur,k§p@sat9R
compensation,k§p@sasj§
compensatoire,k§p@satwaR
compenser,k§p@se
compensé,k§p@se
compil,k§pil
compilateur,k§pilat9R
compilation,k§pilasj§
compiler,k§pile
compisser,k§pise
complainte,k§pl5t
complaire,k§plER
complaisamment,k§plEzam@
complaisance,k§plEz@s
complaisant,k§plEz@
complet,k§plE
complet-veston,k§plEvEst§
complexe,k§plEks
complexer,k§plEkse
complexion,k§plEksj§
complexité,k§plEksite
complexé,k§plEkse
complication,k§plikasj§
complice,k§plis
complicité,k§plisite
complies,k§pli
compliment,k§plim@
complimenter,k§plim@te
compliquer,k§plike
compliqué,k§plike
complot,k§plo
comploter,k§plote
comploteur,k§plot9R
complu,k§ply
complètement,k§plEt°m@
complément,k§plem@
complémentaire,k§plem@tER
complémentairement,k§plem@tER°m@
complémentarité,k§plem@taRite
compléter,k§plete
complétude,k§pletyd
compo,k§po
componction,k§p§ksj§
comporte,k§pORt
comportement,k§pORt°m@
comportemental,k§pORt°m@tal
comportementalisme,k§pORt°m@talizm
comportementaliste,k§pORt°m@talist
comporter,k§pORte
composant,k§poz@
composer,k§poze
composeur,k§poz9R
composite,k§pozit
compositeur,k§pozit9R
composition,k§pozisj§
compost,k§pOst
composter,k§poste
composteur,k§post9R
composé,k§poze
compote,k§pOt
compotier,k§potje
compound,k§pund
comprador,k§pRadOR
comprendre,k§pR@dR
comprenette,k§pR°nEt
compresse,k§pREs
compresser,k§pREse
compresseur,k§pREs9R
compressible,k§pREsibl
compressif,k§pREsif
compression,k§pREsj§
compressé,k§pREse
comprimant,k§pRim@
comprimer,k§pRime
comprimé,k§pRime
compris,k§pRi
compromettant,k§pRomEt@
compromettre,k§pRomEtR
compromis,k§pRomi
compromission,k§pRomisj§
compromissoire,k§pROmiswaR
compréhensible,k§pRe@sibl
compréhensif,k§pRe@sif
compréhension,k§pRe@sj§
comptabilisation,k§tabilizasj§
comptabiliser,k§tabilize
comptabilité,k§tabilite
comptable,k§tabl
comptage,k§taZ
comptant,k§t@
compte,k§t
compte-fils,k§tfis
compte-gouttes,k§tgut
compte-rendu,k§tR@dy
compte-tours,k§ttuR
compter,k§te
compteur,k§t9R
comptine,k§tin
comptoir,k§twaR
compulser,k§pylse
compulsif,k§pylsif
compulsion,k§pylsj§
compulsivement,k§pylsiv°m@
compulsoire,k§pylswaR
comput,k§pyt
computer,k§pyte
computeur,k§pyt9R
compère,k§pER
compétence,k§pet@s
compétent,k§pet@
compétiteur,k§petit9R
compétitif,k§petitif
compétition,k§petisj§
compétitivité,k§petitivite
comtal,k§tal
comte,k§t
comtois,k§twa
comté,k§te
comète,komEt
comédie,komedi
comédien,komedj5
con,k§
conard,konaR
conasse,konas
concassage,k§kasaZ
concasser,k§kase
concasseur,k§kas9R
concaténation,k§katenasj§
concave,k§kav
concavité,k§kavite
concentrateur,k§s@tRat9R
concentration,k§s@tRasj§
concentrationnaire,k§s@tRasjonER
concentrer,k§s@tRe
concentrique,k§s@tRik
concentré,k§s@tRe
concept,k§sEpt
concepteur,k§sEpt9R
conception,k§sEpsj§
conceptualiser,k§sEpt8alize
conceptuel,k§sEpt8El
conceptuellement,k§sEptyEl°m@
concernant,k§sERn@
concerner,k§sERne
concert,k§sER
concertation,k§sERtasj§
concerter,k§sERte
concertina,k§sERtina
concertiste,k§sERtist
concerto,k§sERto
concerté,k§sERte
concession,k§sesj§
concessionnaire,k§sesjonER
concetto,k§sEto
concevable,k§s°vabl
concevoir,k§s°vwaR
conchier,k§Sje
concierge,k§sjERZ
conciergerie,k§sjERZ°Ri
concile,k§sil
conciliable,k§siljabl
conciliabule,k§siljabyl
conciliant,k§silj@
conciliateur,k§siljat9R
conciliation,k§siljasj§
concilier,k§silje
concis,k§si
concision,k§sizj§
concitoyen,k§sitwaj5
conclave,k§klav
conclaviste,k§klavist
concluant,k§kly@
conclure,k§klyR
conclusion,k§klyzj§
concocter,k§kOkte
concoction,k§kOksj§
concombre,k§k§bR
concomitance,k§komit@s
concomitant,k§komit@
concordance,k§kORd@s
concordant,k§kORd@
concordat,k§kORda
concorde,k§kORd
concorder,k§kORde
concourant,k§kuR@
concourir,k§kuRiR
concours,k§kuR
concret,k§kRE
concrètement,k§kREt°m@
concrétion,k§kResj§
concrétisation,k§kRetizasj§
concrétiser,k§kRetize
concubin,k§kyb5
concubinage,k§kybinaZ
concupiscence,k§kypis@s
concupiscent,k§kypis@
concurremment,k§kyRam@
concurrence,k§kyR@s
concurrencer,k§kyR@se
concurrent,k§kyR@
concurrentiel,k§kyR@sjEl
concussion,k§kysj§
concussionnaire,k§kysjonER
concédant,k§sed@
concéder,k§sede
condamnable,k§danabl
condamnation,k§danasj§
condamner,k§dane
condamné,k§dane
condensateur,k§d@sat9R
condensation,k§d@sasj§
condenser,k§d@se
condenseur,k§d@s9R
condensé,k§d@se
condescendance,k§des@d@s
condescendant,k§des@d@
condescendre,k§des@dR
condiment,k§dim@
condisciple,k§disipl
condition,k§disj§
conditionnel,k§disjonEl
conditionnellement,k§disjonEl°m@
conditionnement,k§disjOn°m@
conditionner,k§disjone
conditionneur,k§disjon9R
conditionné,k§disjone
condo,k§do
condoléance,k§dole@s
condom,k§dOm
condominium,k§dominjOm
condor,k§dOR
condottiere,k§dotjeR
condottieri,k§dotiRi
conductance,k§dykt@s
conducteur,k§dykt9R
conductibilité,k§dyktibilite
conduction,k§dyksj§
conductivité,k§dyktivite
conduire,k§d8iR
conduit,k§d8i
conduite,k§d8it
conduite-intérieure,k§d8it5teRj9R
condyle,k§dil
condé,k§de
confection,k§fEksj§
confectionner,k§fEksjone
confectionneur,k§fEksjon9R
confesse,k§fEs
confesser,k§fese
confesseur,k§fEs9R
confession,k§fesj§
confessionnal,k§fEsjonal
confessionnel,k§fEsjonEl
confetti,k§feti
confiance,k§fj@s
confiant,k§fj@
confidence,k§fid@s
confident,k§fid@
confidentialité,k§fid@sjalite
confidentiel,k§fid@sjEl
confidentiellement,k§fid@sjEl°m@
confier,k§fje
configuration,k§figyRasj§
configurer,k§figyRe
confinement,k§fin°m@
confiner,k§fine
confins,k§f5
confiné,k§fine
confiote,k§fjOt
confire,k§fiR
confirmation,k§fiRmasj§
confirmer,k§fiRme
confirmé,k§fiRme
confiscation,k§fiskasj§
confiserie,k§fiz°Ri
confiseur,k§fiz9R
confisquer,k§fiske
confisqué,k§fiske
confit,k§fi
confiteor,k§fiteOR
confiture,k§fityR
conflagration,k§flagRasj§
conflictuel,k§flikt8El
conflit,k§fli
confluence,k§fly@s
confluent,k§fly@
confluer,k§fl8e
confondant,k§f§d@
confondre,k§f§dR
confondu,k§f§dy
conformation,k§fORmasj§
conforme,k§fORm
conformer,k§fORme
conformisme,k§fORmizm
conformiste,k§fORmist
conformité,k§fORmite
conformé,k§fORme
conformément,k§fORmem@
confort,k§fOR
confortable,k§fORtabl
confortablement,k§fORtabl°m@
conforter,k§fORte
confraternel,k§fRatERnEl
confraternellement,k§fRatERnEl°m@
confraternité,k§fRatERnite
confrontation,k§fR§tasj§
confronter,k§fR§te
confronté,k§fR§te
confrère,k§fRER
confrérie,k§fReRi
confucianisme,k§fysjanizm
confus,k§fy
confusion,k§fyzj§
confusionnisme,k§fyzjonizm
confusément,k§fyzem@
confédéral,k§fedeRal
confédération,k§fedeRasj§
confédérer,k§fedeRe
confédéré,k§fedeRe
conférence,k§feR@s
conférencier,k§feR@sje
conférer,k§feRe
conféré,k§feRe
conga,k§ga
congeler,k§Z°le
congelé,k§Z°le
congestif,k§ZEstif
congestion,k§ZEstj§
congestionné,k§ZEstjone
conglobation,k§globasj§
conglomérat,k§glomeRa
congolais,k§golE
congratuler,k§gRatyle
congre,k§gR
congrès,k§gRE
congréganiste,k§gReganist
congrégation,k§gRegasj§
congrégationaliste,k§gRegasjOnalist
congrûment,k§gRym@
congère,k§ZER
congé,k§Ze
congédiement,k§Zedim@
congédier,k§Zedje
congédié,k§Zedje
congélateur,k§Zelat9R
congélation,k§Zelasj§
congénital,k§Zenital
congénitalement,k§Zenital°m@
congénère,k§ZenER
conifère,konifER
conique,konik
conjectural,k§ZEktyRal
conjecture,k§ZEktyR
conjecturer,k§ZEktyRe
conjoindre,k§Zw5dR
conjoint,k§Zw5
conjointement,k§Zw5t°m@
conjoncteur,k§Z§kt9R
conjonctif,k§Z§ktif
conjonction,k§Z§ksj§
conjonctive,k§Z§ktiv
conjonctivite,k§Z§ktivit
conjoncture,k§Z§ktyR
conjugaison,k§ZygEz§
conjugal,k§Zygal
conjugalement,k§Zygal°m@
conjugalité,k§Zygalite
conjuguer,k§Zyge
conjugué,k§Zyge
conjungo,k§j§Go
conjurateur,k§ZyRat9R
conjuration,k§ZyRasj§
conjuratoire,k§ZyRatwaR
conjurer,k§ZyRe
conjuré,k§ZyRe
connais,konE
connaissable,konEsabl
connaissance,konEs@s
connaissant,konEs@
connaissement,konEs°m@
connaisseur,konEs9R
connard,konaR
connasse,konas
connaître,konEtR
conneau,kono
connecter,konEkte
connecteur,konEkt9R
connectivité,konEktivite
connement,kOn°m@
connerie,kOn°Ri
connexe,konEks
connexion,konEksj§
connivence,koniv@s
connotation,konotasj§
connu,kony
connétable,konetabl
conoïde,konoid
conque,k§k
conquis,k§ki
conquistador,k§kistadOR
conquérant,k§keR@
conquérir,k§keRiR
conquête,k§kEt
consacrant,k§sakR@
consacrer,k§sakRe
consacré,k§sakRe
consanguin,k§s@g5
consanguinité,k§s@ginite
consciemment,k§sjam@
conscience,k§sj@s
consciencieusement,k§sj@sj2z°m@
consciencieux,k§sj@sj2
conscient,k§sj@
conscription,k§skRipsj§
conscrit,k§skRi
conseil,k§sEj
conseiller,k§seje
consensuel,k§s@s8El
consensus,k§s5sys
consentant,k§s@t@
consentement,k§s@t°m@
consentir,k§s@tiR
conservateur,k§sERvat9R
conservation,k§sERvasj§
conservatisme,k§sERvatizm
conservatoire,k§sERvatwaR
conservatrice,k§sERvatRis
conserve,k§sERv
conserver,k§sERve
conserverie,k§sERv°Ri
conservé,k§sERve
considérable,k§sideRabl
considérablement,k§sideRabl°m@
considérant,k§sideR@
considération,k§sideRasj§
considérer,k§sideRe
consignataire,k§siNatER
consignation,k§siNasj§
consigne,k§siN
consigner,k§siNe
consigné,k§siNe
consistance,k§sist@s
consistant,k§sist@
consister,k§siste
consistoire,k§sistwaR
consistorial,k§sistoRjal
conso,k§so
consoeur,k§s9R
consolant,k§sol@
consolateur,k§solat9R
consolation,k§solasj§
console,k§sOl
consoler,k§sole
consolidation,k§solidasj§
consolider,k§solide
consolidé,k§solide
consommable,k§somabl
consommateur,k§somat9R
consommation,k§somasj§
consommer,k§some
consommé,k§some
consomption,k§s§psj§
consonance,k§son@s
consonne,k§sOn
consort,k§sOR
consortium,k§sORsjOm
consoude,k§sud
conspirateur,k§spiRat9R
conspiratif,k§spiRatif
conspiration,k§spiRasj§
conspirer,k§spiRe
conspuer,k§sp8e
constable,k§stabl
constamment,k§stam@
constance,k§st@s
constant,k§st@
constante,k§st@t
constat,k§sta
constatation,k§statasj§
constater,k§state
constellation,k§stElasj§
constellé,k§stEle
consternant,k§stERn@
consternation,k§stERnasj§
consterné,k§stERne
constipant,k§stip@
constipation,k§stipasj§
constipé,k§stipe
constituant,k§stit8@
constituer,k§stit8e
constitutif,k§stitytif
constitution,k§stitysj§
constitutionnaliste,k§stitysjOnalist
constitutionnalité,k§stitysjOnalite
constitutionnel,k§stitysjonEl
constitutionnellement,k§stitysjonEl°m@
constitué,k§stit8e
constricteur,k§stRikt9R
constriction,k§stRiksj§
constrictor,k§stRiktOR
constructeur,k§stRykt9R
constructif,k§stRyktif
construction,k§stRyksj§
constructivisme,k§stRyktivizm
construire,k§stR8iR
consubstantiel,k§sypst@sjEl
consul,k§syl
consulaire,k§sylER
consulat,k§syla
consultable,k§syltabl
consultant,k§sylt@
consultatif,k§syltatif
consultation,k§syltasj§
consulte,k§sylt
consulter,k§sylte
consumable,k§symabl
consumation,k§symasj§
consumer,k§syme
consumérisme,k§symeRizm
consumériste,k§symeRist
consécration,k§sekRasj§
consécutif,k§sekytif
consécution,k§sekysj§
consécutivement,k§sekytiv°m@
conséquemment,k§sekam@
conséquence,k§sek@s
conséquent,k§sek@
contact,k§takt
contacter,k§takte
contacteur,k§takt9R
contagieux,k§taZj2
contagion,k§taZj§
container,k§tEnER
containeur,k§tEn9R
contaminant,k§tamin@
contaminateur,k§taminat9R
contamination,k§taminasj§
contaminer,k§tamine
conte,k§t
contemplateur,k§t@plat9R
contemplatif,k§t@platif
contemplation,k§t@plasj§
contemplativement,k§t@plativ°m@
contempler,k§t@ple
contemporain,k§t@poR5
contempteur,k§t@pt9R
contenance,k§t°n@s
contenant,k§t°n@
conteneur,k§t°n9R
contenir,k§t°niR
content,k§t@
contentement,k§t@t°m@
contenter,k§t@te
contentieux,k§t@sj2
contention,k§t@sj§
contenu,k§t°ny
conter,k§te
contestable,k§tEstabl
contestataire,k§tEstatER
contestation,k§tEstasj§
conteste,k§tEst
contester,k§tEste
conteur,k§t9R
contexte,k§tEkst
contextualiser,k§tEkst8alize
contextuel,k§tEkstyEl
contigu,k§tigy
contiguïté,k§tig8ite
continence,k§tin@s
continent,k§tin@
continental,k§tin@tal
contingence,k§t5Z@s
contingent,k§t5Z@
contingentement,k§t5Z@t°m@
continu,k§tiny
continuateur,k§tin8at9R
continuation,k§tin8asj§
continue,k§tiny
continuel,k§tin8El
continuellement,k§tin8El°m@
continuer,k§tin8e
continuité,k§tin8ite
continuum,k§tin8Om
continûment,k§tinym@
contondant,k§t§d@
contorsion,k§tORsj§
contorsionner,k§tORsjone
contorsionniste,k§tORsjonist
contour,k§tuR
contournement,k§tuRn°m@
contourner,k§tuRne
contourné,k§tuRne
contra,k§tRa
contraceptif,k§tRasEptif
contraception,k§tRasEpsj§
contractant,k§tRakt@
contracte,k§tRakt
contracter,k§tRakte
contractile,k§tRaktil
contraction,k§tRaksj§
contractuel,k§tRakt8El
contractuellement,k§tRakt8El°m@
contracture,k§tRaktyR
contracté,k§tRakte
contradicteur,k§tRadikt9R
contradiction,k§tRadiksj§
contradictoire,k§tRadiktwaR
contradictoirement,k§tRadiktwaR°m@
contraignant,k§tREN@
contraindre,k§tR5dR
contraint,k§tR5
contrainte,k§tR5t
contraire,k§tRER
contrairement,k§tRER°m@
contralto,k§tRalto
contrapunctique,k§tRap§ktik
contrapuntique,k§tRap§tik
contrariant,k§tRaRj@
contrarier,k§tRaRje
contrarié,k§tRaRje
contrariété,k§tRaRjete
contrastant,k§tRast@
contraste,k§tRast
contraster,k§tRaste
contrasté,k§tRaste
contrat,k§tRa
contrat-type,k§tRatip
contravention,k§tRav@sj§
contre,k§tR
contre-allée,k§tRale
contre-amiral,k§tRamiRal
contre-appel,k§tRapEl
contre-assurance,k§tRasyR@s
contre-attaque,k§tRatak
contre-attaquer,k§tRatake
contre-champ,k§tR°S@
contre-chant,k§tR°S@
contre-courant,k§tR°kuR@
contre-culture,k§tR°kyltyR
contre-emploi,k§tR@plwa
contre-espionnage,k§tREspjonaZ
contre-exemple,k§tREgz@pl
contre-expertise,k§tREkspERtiz
contre-feu,k§tR2f2
contre-feux,k§tR°f2
contre-fil,k§tR°fil
contre-gré,k§tR2gRe
contre-indication,k§tR5dikasj§
contre-indiqué,k§tR5dike
contre-interrogatoire,k§tR5tERogatwaR
contre-jour,k§tR°ZuR
contre-la-montre,k§tR2lam§tR
contre-lame,k§tR°lam
contre-lettre,k§tR°lEtR
contre-mesure,k§tR2m2zyR
contre-mine,k§tR°min
contre-nature,k§tR°natyR
contre-offensive,k§tRof@siv
contre-ordre,k§tRORdR
contre-pente,k§tR°p@t
contre-performance,k§tR2pERfORm@s
contre-pied,k§tR°pje
contre-plaqué,k§tR°plake
contre-plongée,k§tR°pl§Ze
contre-pression,k§tR°pREsj§
contre-productif,k§tR2pROdyktif
contre-propagande,k§tR°pRopag@d
contre-proposition,k§tR°pRopozisj§
contre-réaction,k§tR°Reaksj§
contre-réforme,k§tR°RefORm
contre-révolution,k§tR°Revolysj§
contre-révolutionnaire,k§tR°RevolysjonER
contre-terrorisme,k§tR°tERoRism
contre-terroriste,k§tR°tERoRist
contre-test,k§tR°tEst
contre-torpilleur,k§tR°tORpij9R
contre-transfert,k§tR2tR@sfER
contre-ut,k§tR°yt
contre-voie,k§tR°vwa
contre-vérité,k§tR°veRite
contre-épreuve,k§tRepR9v
contrebalancer,k§tR°bal@se
contrebande,k§tR°b@d
contrebandier,k§tR°b@dje
contrebas,k§tR°ba
contrebasse,k§tR°bas
contrebassiste,k§tR°basist
contrecarrer,k§tR°kaRe
contrechamp,k§tR°S@
contrecoeur,k§tR°k9R
contrecollé,k§tR°kole
contrecoup,k§tR°ku
contredanse,k§tR°d@s
contredire,k§tR°diR
contredit,k§tR°di
contrefaire,k§tR°fER
contrefait,k§tR°fE
contrefaçon,k§tR°fas§
contrefiche,k§tR°fiS
contrefort,k§tR°fOR
contrefoutre,k§tR°futR
contremander,k§tR°m@de
contremaître,k§tR°mEtR
contremaîtresse,k§tR°mEtREs
contrepartie,k§tR°paRti
contreplaqué,k§tR°plake
contrepoids,k§tR°pwa
contrepoint,k§tR°pw5
contrepoison,k§tR°pwaz§
contreproposition,k§tR°pRopozisj§
contrepèterie,k§tR°pEt°Ri
contrer,k§tRe
contrescarpe,k§tREskaRp
contreseing,k§tR°s5
contresens,k§tR°s@s
contresigner,k§tR°siNe
contretemps,k§tR°t@
contrevallation,k§tR2valasj§
contrevenant,k§tR°v°n@
contrevenir,k§tR°v°niR
contrevent,k§tR°v@
contrevérité,k§tR°veRite
contribuable,k§tRib8abl
contribuer,k§tRib8e
contributeur,k§tRibyt9R
contribution,k§tRibysj§
contrit,k§tRi
contrition,k§tRisj§
control,k§tRol
contrordre,k§tRORdR
controverse,k§tRovERs
controversé,k§tRovERse
contrée,k§tRe
contrôlable,k§tRolabl
contrôle,k§tRol
contrôler,k§tRole
contrôleur,k§tRol9R
contumace,k§tymas
contumax,k§tymaks
contusion,k§tyzj§
contusionné,k§tyzjone
convaincant,k§v5k@
convaincre,k§v5kR
convaincu,k§v5ky
convalescence,k§vales@s
convalescent,k§vales@
convalo,k§valo
convecteur,k§vEkt9R
convection,k§vEksj§
convenable,k§v°nabl
convenablement,k§v°nabl°m@
convenance,k§v°n@s
convenant,k§v°n@
convenir,k§v°niR
convent,k§v@
conventicule,k§v@tikyl
convention,k§v@sj§
conventionnel,k§v@sjonEl
conventionnellement,k§v@sjonEl°m@
conventuel,k§v@t8El
conventuellement,k§v@t8El°m@
convenu,k§v°ny
convergence,k§vERZ@s
convergent,k§vERZ@
converger,k§vERZe
convers,k§vER
conversation,k§vERsasj§
converse,k§vERs
converser,k§vERse
conversion,k§vERsj§
converti,k§vERti
convertible,k§vERtibl
convertir,k§vERtiR
convertisseur,k§vERtis9R
convexe,k§vEks
convexité,k§vEksite
convict,k§vikt
conviction,k§viksj§
convier,k§vje
convive,k§viv
convivial,k§vivjal
convivialité,k§vivjalite
convié,k§vje
convocable,k§vOkabl
convocation,k§vokasj§
convoi,k§vwa
convoiter,k§vwate
convoiteur,k§vwat9R
convoiteux,k§vwat2
convoitise,k§vwatiz
convoler,k§vole
convoquer,k§voke
convoyage,k§vwajaZ
convoyer,k§vwaje
convoyeur,k§vwaj9R
convulser,k§vylse
convulsif,k§vylsif
convulsion,k§vylsj§
convulsionnaire,k§vylsjonER
convulsivement,k§vylsiv°m@
convulsé,k§vylse
conçu,k§sy
cooccupant,kookyp@
cookie,kuki
cool,kul
coolie,kuli
coolie-pousse,kulipus
coolos,kulos
cooptation,koOptasj§
coopter,koOpte
coopé,koope
coopérant,koopeR@
coopérateur,kOOpeRat9R
coopératif,koopeRatif
coopération,koopeRasj§
coopératisme,koopeRatism
coopérative,koopeRativ
coopérer,koopeRe
coordinateur,koORdinat9R
coordination,koORdinasj§
coordonnateur,koORdonat9R
coordonner,koORdone
coordonné,koORdone
coordonnée,koORdone
cop,kOp
copain,kop5
copal,kOpal
copaïba,kopaiba
copeau,kopo
copiable,kopjabl
copiage,kopjaZ
copie,kopi
copier,kopje
copieur,kopj9R
copieusement,kopj2z°m@
copieux,kopj2
copilote,kopilOt
copinage,kopinaZ
copiner,kopine
copineur,kopin9R
copiste,kopist
copla,kopla
coppa,kOpa
copra,kopRa
coproculture,kOpROkyltyR
coproducteur,kopRodykt9R
coproduction,kopRodyksj§
coproduire,kopRod8iR
coprologie,kopRoloZi
coprologique,kopRoloZik
coprophage,kopRofaZ
coprophagie,kopRofaZi
coprophile,kopRofil
coprophilie,kOpROfili
copropriétaire,kopRopRijetER
copropriété,kopRopRijete
coprésidence,kopRezid@s
cops,kOp
copte,kOpt
copulant,kopyl@
copulation,kopylasj§
copule,kopyl
copuler,kopyle
copyright,kopiRajt
coq,kOk
coq-à-l'âne,kOkalan
coquard,kokaR
coquart,kokaR
coque,kOk
coquebin,kOk°b5
coquelet,kOk°lE
coquelicot,kOk°liko
coquelle,kokEl
coqueluche,kOk°lyS
coquemar,kOk°maR
coquerelle,kOk°REl
coquerie,kOk°Ri
coqueron,kOk°R§
coquet,kokE
coquetel,kOk°tEl
coqueter,kOk°te
coquetier,kOk°tje
coquette,kokEt
coquettement,kokEt°m@
coquetterie,kokEt°Ri
coquillage,kokijaZ
coquillard,kokijaR
coquillart,kokijaR
coquille,kokij
coquilleux,kokij2
coquin,kok5
coquinement,kokin°m@
coquinerie,kokin°Ri
coquinet,kokinE
cor,kOR
cora,koRa
corail,koRaj
corallien,koRalj5
coramine,kORamin
coran,koR@
coranique,koRanik
corbeau,kORbo
corbeille,kORbEj
corbillard,kORbijaR
corbin,kORb5
corbières,kORbjER
cordage,kORdaZ
corde,kORd
cordeau,kORdo
cordelette,kORd°lEt
cordelier,kORd°lje
corder,kORde
corderie,kORd°Ri
cordial,kORdjal
cordialement,kORdjal°m@
cordialité,kORdjalite
cordiforme,kORdifORm
cordillère,kORdijER
cordite,kORdit
cordon,kORd§
cordon-bleu,kORd§bl2
cordonner,kORdOne
cordonnerie,kORdOn°Ri
cordonnet,kORdonE
cordonnier,kORdonje
cordouan,kORdu@
cordé,kORde
cordée,kORde
coriace,koRjas
coriacité,koRjasite
coriandre,koRj@dR
corindon,koR5d§
corinthe,kOR5t
corinthien,koR5tj5
cormier,kORmje
cormoran,kORmoR@
corn flakes,kORnflEks
corn-flakes,kORnflEks
cornac,kORnak
cornaline,kORnalin
cornard,kORnaR
corne,kORn
cornecul,kORn°ky
corneille,kORnEj
cornemuse,kORn°myz
cornemuseur,kORn°myz9R
corner,koRnER
corner,koRne
cornet,kORnE
cornette,kORnEt
corniaud,kORnjo
corniche,kORniS
cornichon,kORniS§
cornillon,kORnij§
cornouaillais,kORnuajE
cornouille,kORnuj
cornouiller,kORnuje
cornu,kORny
cornue,kORny
corné,kORne
cornée,kORne
cornéen,kORne5
cornélien,kORnelj5
corollaire,koRolER
corolle,koROl
coron,koR§
corona,koRona
coronaire,koRonER
coronal,koRonal
coronarien,kOROnaRj5
coroner,koRonER
corozo,koRozo
corporal,kORpoRal
corporalité,kORpoRalite
corporatif,kORpoRatif
corporation,kORpoRasj§
corporatisme,kORpoRatizm
corporatiste,kORpoRatist
corporel,kORpoREl
corps,kOR
corps-mort,kORmOR
corpsard,kORpsaRd
corpulence,kORpyl@s
corpulent,kORpyl@
corpus,kORpys
corpus delicti,kORpysdelikti
corpuscule,kORpyskyl
corral,koRal
correct,koREkt
correctement,koREkt°m@
correcteur,koREkt9R
correctif,koREktif
correction,koREksj§
correctionnaliser,koREksjonalize
correctionnel,koREksjonEl
corrector,koREktOR
corregidor,koReZidOR
correspondance,koREsp§d@s
correspondancier,koREsp§d@sje
correspondant,koREsp§d@
correspondre,koREsp§dR
corrida,koRida
corridor,koRidOR
corriger,koRiZe
corrigé,koRiZe
corroboration,koRoboRasj§
corroborer,koRoboRe
corrodant,koRod@
corroder,koRode
corroierie,koRwaRi
corrompre,koR§pR
corrompu,koR§py
corrosif,koRozif
corrosion,koRozj§
corrupteur,koRypt9R
corruptible,koRyptibl
corruption,koRypsj§
corrélatif,koRelatif
corrélation,koRelasj§
corrélativement,koRelativ°m@
corréler,koRele
corsage,kORsaZ
corsaire,kORsER
corse,kORs
corselet,kORs°lE
corser,kORse
corset,kORsE
corseter,kORs2te
corso,kORso
corsé,kORse
cortex,kORtEks
cortical,kORtikal
cortine,kORtin
cortisol,kORtizOl
cortisone,kORtizOn
corton,kORt§
cortège,kORtEZ
cortès,kORtEz
coruscant,koRysk@
coruscation,koRyskasj§
corvette,kORvEt
corvéable,kORveabl
corvée,kORve
coryphène,koRifEn
coryphée,koRife
coryste,koRist
coryza,koRiza
coré,koRe
coréen,koRe5
cosaque,kozak
cosigner,kosiNe
cosinus,kosinys
cosmique,kOsmik
cosmiquement,kOsmik°m@
cosmo,kOsmo
cosmogonie,kOsmogoni
cosmogonique,kOsmogonik
cosmographie,kOsmogRafi
cosmologie,kOsmoloZi
cosmologique,kOsmOlOZik
cosmologue,kOsmolOg
cosmonaute,kOsmonot
cosmopolite,kOsmopolit
cosmopolitisme,kOsmopolitizm
cosmos,kOsmos
cosmétique,kOsmetik
cosmétologie,kOsmetoloZi
cosmétologue,kOsmetOlOg
cossard,kosaR
cosse,kOs
cossu,kosy
cossus,kosy
costal,kOstal
costar,kOstaR
costard,kOstaR
costaricain,kOstaRik5
costaud,kOsto
costume,kOstym
costumer,kOstyme
costumier,kOstymje
costumé,kOstyme
cosy,kozi
cosy-corner,kozikORnER
cot cot codec,kOtkOtkOdEk
cotation,kotasj§
cote,kOt
coteau,koto
coter,kote
coterie,kOt°Ri
cothurne,kotyRn
cotillon,kotij§
cotisant,kotiz@
cotisation,kotizasj§
cotiser,kotize
coton,kot§
coton-tige,kot§tiZ
cotonnade,kotonad
cotonnerie,kOtOn°Ri
cotonneux,koton2
cotonnier,kotonje
cotonnière,kOtonjER
cotre,kOtR
cotriade,kotRijad
cottage,kotaZ
cotte,kOt
coturne,kotyRn
coté,kote
cou,ku
cou-de-pied,kud°pje
couac,kwak
couaille,kwaj
couaquer,kwake
couard,kwaR
couardise,kwaRdiz
couchage,kuSaZ
couchailler,kuSaje
couchant,kuS@
couche,kuS
couche-culotte,kuSkylOt
coucher,kuSe
coucherie,kuS°Ri
couchette,kuSEt
coucheur,kuS9R
couchoir,kuSwaR
couché,kuSe
couci-couça,kusikusa
coucou,kuku
coude,kud
coudoyer,kudwaje
coudre,kudR
coudreuse,kudR2z
coudrier,kudRije
coudé,kude
coudée,kude
couenne,kwan
couette,kwEt
couffin,kuf5
couguar,kugaR
couic,kwik
couillard,kujaR
couille,kuj
couillon,kuj§
couillonnade,kujonad
couillonner,kujone
couillu,kujy
couinant,kwin@
couinement,kwin°m@
couiner,kwine
coulage,kulaZ
coulant,kul@
coule,kul
coulemelle,kul°mEl
couler,kule
couleur,kul9R
couleuvre,kul9vR
couleuvrine,kul9vRin
coulis,kuli
coulissant,kulis@
coulisse,kulis
coulisser,kulise
coulissier,kulisje
couloir,kulwaR
couloir-symbole,kulwaRs5bOl
coulpe,kulp
coulure,kulyR
coulé,kule
coulée,kule
coumarine,kumaRin
countries,kawntRi
country,kawntRi
coup,ku
coup-de-poing,kud°pw5
coupable,kupabl
coupablement,kupabl°m@
coupage,kupaZ
coupailler,kupaje
coupant,kup@
coupe,kup
coupe-chou,kupSu
coupe-choux,kupSu
coupe-cigare,kupsigaR
coupe-circuit,kupsiRk8i
coupe-coupe,kupkup
coupe-faim,kupf5
coupe-feu,kupf2
coupe-file,kupfil
coupe-gorge,kupgORZ
coupe-jarret,kupZaRE
coupe-ongle,kup§gl
coupe-ongles,kup§gl
coupe-papier,kuppapje
coupe-pâte,kuppat
coupe-vent,kupv@
coupelle,kupEl
couper,kupe
couperet,kup°RE
couperose,kup°Roz
couperosé,kup°Roze
coupeur,kup9R
couplage,kuplaZ
couple,kupl
coupler,kuple
couplet,kuplE
coupleur,kupl9R
couplé,kuple
coupole,kupOl
coupon,kup§
coupon-cadeau,kup§kado
coups-de-poing,kud°pw5
coupure,kupyR
coupé,kupe
coupée,kupe
cour,kuR
cour-jardin,kuRZaRd5
courage,kuRaZ
courageusement,kuRaZ2z°m@
courageux,kuRaZ2
courailler,kuRaje
couramment,kuRam@
courant,kuR@
courante,kuR@t
courbatu,kuRbaty
courbature,kuRbatyR
courbaturé,kuRbatyRe
courbe,kuRb
courber,kuRbe
courbette,kuRbEt
courbure,kuRbyR
courbé,kuRbe
courette,kuREt
coureur,kuR9R
courge,kuRZ
courgette,kuRZEt
courir,kuRiR
courlis,kuRli
couronne,kuROn
couronnement,kuROn°m@
couronner,kuRone
couronné,kuRone
courre,kuR
courriel,kuRjEl
courrier,kuRje
courriériste,kuRjeRist
courroie,kuRwa
courroucer,kuRuse
courroux,kuRu
cours,kuR
course,kuRs
course-poursuite,kuRspuRs8it
courser,kuRse
coursier,kuRsje
coursive,kuRsiv
court,kuR
court-bouillon,kuRbuj§
court-circuit,kuRsiRk8i
court-circuiter,kuRsiRk8ite
court-circuits,kuRsiRk8i
court-courrier,kuRkuRje
court-jus,kuRZy
court-métrage,kuRmetRaZ
courtage,kuRtaZ
courtaud,kuRto
courtelinesque,kuRtElinEsk
courtement,kuRt°m@
courtepointe,kuRt°pw5t
courtier,kuRtje
courtilière,kuRtiljER
courtine,kuRtin
courtisan,kuRtiz@
courtisanerie,kuRtizan°Ri
courtiser,kuRtize
courtois,kuRtwa
courtoisement,kuRtwaz°m@
courtoisie,kuRtwazi
couru,kuRy
cous-de-pied,kud°pje
couscous,kuskus
couscoussier,kuskusje
cousette,kuzEt
cousin,kuz5
cousinage,kuzinaZ
coussin,kus5
coussinet,kusinE
cousu,kuzy
couteau,kuto
couteau-scie,kutosi
coutelas,kut°la
coutelier,kutElje
coutellerie,kutEl°Ri
coutil,kuti
coutume,kutym
coutumier,kutymje
coutumièrement,kutymjER°m@
couture,kutyR
couturier,kutyRje
couturé,kutyRe
couvade,kuvad
couvaison,kuvEz§
couvent,kuv@
couventine,kuv@tin
couver,kuve
couvercle,kuvERkl
couvert,kuvER
couverture,kuvERtyR
couvet,kuvE
couveuse,kuv2z
couvrant,kuvR@
couvre-chef,kuvR°Sef
couvre-feu,kuvR°f2
couvre-feux,kuvR°f2
couvre-lit,kuvR°li
couvre-pied,kuvR°pje
couvre-pieds,kuvR°pje
couvreur,kuvR9R
couvrir,kuvRiR
couvée,kuve
covalent,koval@
covenant,kov°n@
cover-girl,kOv9Rg9Rl
covoiturage,kovwatyRaZ
cow-boy,kobOj
coxalgie,kOksalZi
coxalgique,kOksalZik
coyote,kojOt
coéquipier,koekipje
coïncidence,ko5sid@s
coïncident,kO5sid@
coïncider,ko5side
coït,koit
coût,ku
coûtant,kut@
coûter,kute
coûteusement,kut2z°m@
coûteux,kut2
crabe,kRab
crabillon,kRabij§
crabs,kRabs
crac,kRak
crachat,kRaSa
crachement,kRaS°m@
cracher,kRaSe
cracheur,kRaS9R
crachin,kRaS5
crachiner,kRaSine
crachoir,kRaSwaR
crachotant,kRaSot@
crachotement,kRaSOt°m@
crachoter,kRaSote
crachoteux,kRaSot2
crachouillis,kRaSuji
craché,kRaSe
crack,kRak
cracker,kRakER
cracking,kRakiG
cracra,kRakRa
crade,kRad
cradingue,kRad5g
crado,kRado
cradoque,kRadOk
craie,kRE
craignos,kRENos
craindre,kR5dR
crainte,kR5t
craintif,kR5tif
craintivement,kR5tiv°m@
cramer,kRame
cramoisi,kRamwazi
cramouille,kRamuj
crampe,kR@p
crampette,kR@pEt
crampon,kR@p§
cramponner,kR@pone
cran,kR@
crane,kRan
craniométrie,kRanjometRi
craniotomie,kRanjotomi
cranter,kR@te
craonnais,kRaonE
crapahuter,kRapayte
crapaud,kRapo
crapaud-buffle,kRapobyfl
crapoter,kRapOte
crapoteux,kRapot2
crapouillot,kRapujo
craps,kRap
crapule,kRapyl
crapulerie,kRapyl°Ri
crapuleusement,kRapyl2z°m@
crapuleux,kRapyl2
craquage,kRakaZ
craquant,kRak@
craque,kRak
craqueler,kRak°le
craquelin,kRak°l5
craquelure,kRak°lyR
craquelé,kRak°le
craquement,kRak°m@
craquer,kRake
craquèlement,kRakEl°m@
craquée,kRake
crase,kRaz
crash,kRaS
crash-test,kRaStEst
crasher,kRaSe
craspec,kRaspEk
crasse,kRas
crasseux,kRas2
crassier,kRasje
crassula,kRasyla
crataegus,kRategys
cratère,kRatER
cravache,kRavaS
cravacher,kRavaSe
cravant,kRav@
cravatage,kRavataZ
cravate,kRavat
cravater,kRavate
cravateur,kRavat9R
crawl,kRol
crawlé,kRole
crayeux,kREj2
crayon,kREj§
crayon-encre,kREj§@kR
crayonnage,kREjonaZ
crayonner,kREjone
crayonneur,kREjon9R
credo,kRedo
creek,kRik
crematorium,kRematORjOm
crescendo,kReSEndo
cresson,kRes§
cressonnette,kREsonEt
cressonnière,kResonjER
creton,kR2t§
creusement,kR2z°m@
creuser,kR2ze
creuset,kR2zE
creuseur,kR2z9R
creux,kR2
crevage,kR°vaZ
crevaison,kR°vEz§
crevant,kR°v@
crevard,kR°vaR
crevasse,kR°vas
crevasser,kR°vase
crever,kR°ve
crevette,kR°vEt
crevettier,kR°v°tje
crevure,kR°vyR
crevé,kR°ve
cri,kRi
criaillement,kRiaj°m@
criailler,kRiaje
criaillerie,kRiaj°Ri
criant,kRij@
criard,kRijaR
crib,kRib
criblage,kRiblaZ
crible,kRibl
cribler,kRible
cric,kRik
cric-crac,kRikkRak
cricket,kRikEt
cricoïde,kRikoid
cricri,kRikRi
crier,kRije
crieur,kRij9R
crime,kRim
criminaliser,kRiminalize
criminaliste,kRiminalist
criminalistique,kRiminalistik
criminalité,kRiminalite
criminel,kRiminEl
criminellement,kRiminEl°m@
criminologie,kRiminoloZi
criminologiste,kRiminoloZist
criminologue,kRiminolOg
crin,kR5
crincrin,kR5kR5
crinière,kRinjER
crinoline,kRinolin
crique,kRik
criquet,kRikE
cris-craft,kRikRaft
crise,kRiz
crispant,kRisp@
crispation,kRispasj§
crisper,kRispe
crispin,kRisp5
crissement,kRis°m@
crisser,kRise
cristal,kRistal
cristallerie,kRistal°Ri
cristallin,kRistal5
cristallisation,kRistalizasj§
cristalliser,kRistalize
cristallisé,kRistalize
cristallographie,kRistalogRafi
cristallomancie,kRistalOm@si
cristalloïde,kRistaloid
cristi,kRisti
critiquable,kRitikabl
critique,kRitik
critiquer,kRitike
critère,kRitER
critérium,kRiteRjOm
criée,kRije
croa-croa,kRoakRoa
croassant,kRoas@
croassement,kRoas°m@
croasser,kRoase
croate,kRoat
crobard,kRObaR
croc,kRo
croc-en-jambe,kRok@Z@b
croche,kROS
croche-patte,kROSpat
croche-pied,kROSpje
crocher,kRoSe
crochet,kRoSE
crochetage,kROS°taZ
crocheter,kROS°te
crocheteur,kROS°t9R
crochu,kRoSy
croco,kRoko
crocodile,kRokodil
crocs-en-jambe,kRok@Z@b
crocus,kRokys
croire,kRwaR
croisade,kRwazad
croisement,kRwaz°m@
croiser,kRwaze
croisette,kRwazEt
croiseur,kRwaz9R
croisillon,kRwazij§
croisière,kRwazjER
croissance,kRwas@s
croissant,kRwas@
croisé,kRwaze
croisée,kRwaze
croix,kRwa
cromlech,kROmlEk
cromorne,kRomORn
cronstadt,kR§stat
crooner,kRun9R
croquant,kRok@
croque-madame,kROkmadam
croque-mitaine,kROkmitEn
croque-monsieur,kROkm°sj2
croque-mort,kROkmOR
croquemitaine,kROk°mitEn
croquemort,kROk°mOR
croquer,kRoke
croquet,kRokE
croqueton,kROk°t§
croquette,kRokEt
croqueur,kROk9R
croquignol,kRokiNOl
croquignolet,kRokiNolE
croquis,kRoki
croquis-minute,kRokiminyt
crosne,kROn
cross,kROs
cross-country,kROskawntRi
crosse,kROs
crosser,kROse
crossman,kROsman
crossé,kRose
crotale,kRotal
croton,kRot§
crotte,kROt
crotter,kRote
crottin,kRot5
crotté,kRote
crouillat,kRuja
crouille,kRuj
croulant,kRul@
croule,kRul
croulement,kRul°m@
crouler,kRule
croup,kRup
croupade,kRupad
croupe,kRup
croupi,kRupi
croupier,kRupje
croupion,kRupj§
croupir,kRupiR
croupissant,kRupis@
croupissoir,kRupiswaR
croupissure,kRupisyR
croupière,kRupjER
croupon,kRup§
croustade,kRustad
croustillance,kRustij@s
croustillant,kRustij@
croustille,kRustij
croustillon,kRustij§
crown,kRawn
croyable,kRwajabl
croyance,kRwaj@s
croyant,kRwaj@
croît,kRwa
croître,kRwatR
croûte,kRut
croûter,kRute
croûteux,kRut2
croûton,kRut§
cru,kRy
cruauté,kRyote
cruche,kRyS
cruchon,kRyS§
crucial,kRysjal
crucialement,kRysjal°m@
crucifiant,kRysifj@
crucifiement,kRysifim@
crucifier,kRysifje
crucifix,kRysifi
crucifixion,kRysifiksj§
crucifié,kRysifje
cruciforme,kRysifORm
crucifère,kRysifER
cruciverbiste,kRysivERbist
crudité,kRydite
crue,kRy
cruel,kRyEl
cruellement,kRyEl°m@
cruiser,kRuze
crumble,kR9mb9l
crustacé,kRystase
cruzeiro,kRuzERo
cryofracture,kRijofRaktyR
cryogène,kRijoZEn
cryogénie,kRijoZeni
cryogénique,kRijoZenik
cryogénisation,kRijoZenizasj§
cryonique,kRijonik
cryotechnique,kRiotEknik
cryptage,kRiptaZ
crypte,kRipt
crypter,kRipte
cryptique,kRiptik
crypto,kRipto
cryptogame,kRiptogam
cryptogamique,kRiptogamik
cryptogramme,kRiptogRam
cryptographe,kRiptogRaf
cryptographie,kRiptogRafi
cryptographique,kRiptogRafik
cryptologie,kRiptOlOZi
cryptomère,kRiptomER
crâne,kRan
crânement,kRan°m@
crâner,kRane
crânerie,kRan°Ri
crâneur,kRan9R
crânien,kRanj5
crèche,kRES
crème,kREm
crève,kREv
cré,kRe
créance,kRe@s
créancier,kRe@sje
créateur,kReat9R
créatif,kReatif
créatine,kReatin
créatinine,kReatinin
création,kReasj§
créationnisme,kReasjonizm
créative,kReativ
créativité,kReativite
créature,kReatyR
crécelle,kResEl
crécerelle,kRes°REl
crécher,kReSe
crécy,kResi
crédence,kRed@s
crédibilité,kRedibilite
crédible,kRedibl
crédit,kRedi
crédit-bail,kRedibaj
créditer,kRedite
créditeur,kRedit9R
crédié,kRedje
crédule,kRedyl
crédulité,kRedylite
créer,kRee
crémaillère,kRemajER
crémant,kRem@
crémation,kRemasj§
crématoire,kRematwaR
crématorium,kRematORjOm
crémer,kReme
crémerie,kREm°Ri
crémeux,kRem2
crémier,kRemje
crémone,kRemOn
créneau,kReno
crénelé,kRen°le
crénom,kRen§
créole,kReOl
créolophone,kReOlOfOn
créosote,kReozOt
crépi,kRepi
crépine,kRepin
crépinette,kRepinEt
crépir,kRepiR
crépissage,kRepisaZ
crépitant,kRepit@
crépitation,kRepitasj§
crépitement,kRepit°m@
crépiter,kRepite
crépon,kRep§
crépu,kRepy
crépusculaire,kRepyskylER
crépuscule,kRepyskyl
créquier,kRekje
crésol,kRezOl
crésus,kRezys
crésyl,kRezil
crétacé,kRetase
crételle,kRetEl
crétin,kRet5
crétinerie,kRetin°Ri
crétineux,kRetin2
crétinisant,kRetiniz@
crétinisation,kRetinizasj§
crétiniser,kRetinize
crétinisme,kRetinizm
crétois,kRetwa
crêpage,kREpaZ
crêpe,kREp
crêpelure,kREp°lyR
crêper,kRepe
crêt,kRE
crête,kREt
crêtes-de-coq,kREtd2kOk
crûment,kRym@
csardas,ksaRdas
cuadrilla,kwadRija
cubage,kybaZ
cubain,kyb5
cube,kyb
cubique,kybik
cubisme,kybizm
cubiste,kybist
cubitainer,kybitEn9R
cubital,kybital
cubitus,kybitys
cucaracha,kukaRatSa
cucu,kyky
cucul,kyky
cucurbitacée,kykyRbitase
cucurbite,kykyRbit
cucuterie,kykyt°Ri
cueillaison,k9jEz§
cueillette,k9jEt
cueilleur,k9j9R
cueillir,k9jiR
cuesta,kwEsta
cueva,kueva
cui-cui,k8ik8i
cuiller,k8ijER
cuilleron,k8ij°R§
cuillerée,k8ijeRe
cuillère,k8ijER
cuir,k8iR
cuirasse,k8iRas
cuirasser,k8iRase
cuirassier,k8iRasje
cuirassé,k8iRase
cuire,k8iR
cuisant,k8iz@
cuisine,k8izin
cuisiner,k8izine
cuisinette,k8izinEt
cuisinier,k8izinje
cuisiné,k8izine
cuissage,k8isaZ
cuissard,k8isaR
cuisse,k8is
cuisse-madame,k8ismadam
cuisseau,k8iso
cuissette,k8isEt
cuisson,k8is§
cuissot,k8iso
cuistance,k8ist@s
cuistot,k8isto
cuistre,k8istR
cuistrerie,k8istR°Ri
cuit,k8i
cuite,k8it
cuiter,k8ite
cuivre,k8ivR
cuivreux,k8ivR2
cuivré,k8ivRe
cul,ky
cul-blanc,kybl@
cul-bénit,kybeni
cul-cul,kyky
cul-de-basse-fosse,kyd°basfos
cul-de-four,kyd°fuR
cul-de-jatte,kyd°Zat
cul-de-lampe,kyd°l@p
cul-de-plomb,kydpl§
cul-de-porc,kydpOR
cul-de-poule,kydpul
cul-de-sac,kydsak
cul-terreux,kytER2
culasse,kylas
culbute,kylbyt
culbuter,kylbyte
culbuteur,kylbyt9R
culbuto,kylbyto
culer,kyle
culex,kylEks
culinaire,kylinER
culminance,kylmin@s
culminant,kylmin@
culmination,kylminasj§
culminer,kylmine
culot,kylo
culotte,kylOt
culotter,kylote
culottier,kylotje
culotté,kylote
culpabilisant,kylpabiliz@
culpabilisation,kylpabilizasj§
culpabiliser,kylpabilize
culpabilité,kylpabilite
culs-de-basse-fosse,kyd°basfos
culte,kylt
cultivable,kyltivabl
cultivateur,kyltivat9R
cultiver,kyltive
cultivé,kyltive
cultural,kyltyRal
culture,kyltyR
culturel,kyltyREl
culturellement,kyltyREl°m@
culturisme,kyltyRizm
culturiste,kyltyRist
culée,kyle
cumin,kym5
cumul,kymyl
cumulard,kymylaR
cumulatif,kymylatif
cumulation,kymylasj§
cumuler,kymyle
cumulo-nimbus,kymylon5bys
cumulus,kymylys
cunnilinctus,kynil5ktys
cunnilingus,kynil5gys
cunéiforme,kyneifORm
cupide,kypid
cupidement,kypid°m@
cupidité,kypidite
cupidon,kypid§
cupressus,kypREsy
cupronickel,kypRonikEl
cupule,kypyl
curable,kyRabl
curage,kyRaZ
curaille,kyRaj
curaillon,kyRaj§
curare,kyRaR
curarisant,kyRaRiz@
curariser,kyRaRize
curateur,kyRat9R
curatif,kyRatif
curaçao,kyRasao
curcuma,kyRkyma
cure,kyR
cure-dent,kyRd@
cure-pipe,kyRpip
curer,kyRe
curetage,kyR°taZ
cureter,kyR°te
cureton,kyR°t§
curette,kyREt
curial,kyRjal
curie,kyRi
curieusement,kyRj2z°m@
curieux,kyRj2
curiosité,kyRjozite
curiste,kyRist
curling,k9RliG
curriculum,kyRikylOm
curriculum vitae,kyRikylOmvite
curry,kyRi
curseur,kyRs9R
cursif,kyRsif
cursive,kyRsiv
cursus,kyRsys
curve,kyRv
curviligne,kyRviliN
curé,kyRe
curée,kyRe
custode,kystOd
custom,k9stOm
cutané,kytane
cuti,kyti
cuti-réaction,kytiReaksj§
cuticule,kytikyl
cutter,kytER
cuve,kyv
cuveau,kyvo
cuver,kyve
cuvette,kyvEt
cuvier,kyvje
cuvée,kyve
cyan,sj@
cyanhydrique,sjanidRik
cyanoacrylate,sjanoakRilat
cyanobactérie,sjanobakteRi
cyanogène,sjanOZEn
cyanose,sjanoz
cyanure,sjanyR
cybercafé,sibERkafe
cyberespace,sibERespas
cybermonde,sibERm§d
cybernéticien,sibERnetisj5
cybernétique,sibERnetik
cybernétiser,sibERnetize
cyberspace,sibERspes
cycas,sikas
cyclable,siklabl
cyclamen,siklamEn
cycle,sikl
cyclique,siklik
cycliquement,siklik°m@
cyclisme,siklizm
cycliste,siklist
cyclo,siklo
cyclo-cross,siklokROs
cyclo-pousse,siklopus
cyclomoteur,siklomot9R
cyclone,siklon
cyclonique,siklonik
cyclope,siklOp
cyclopéen,siklope5
cyclorama,siklORama
cyclosporine,siklospoRin
cyclothymie,siklotimi
cyclothymique,siklotimik
cyclotron,siklotR§
cycloïdal,sikloidal
cygne,siN
cylindre,sil5dR
cylindrique,sil5dRik
cylindrée,sil5dRe
cymbale,s5bal
cymbaliste,s5balist
cymbalum,s5balOm
cynips,sinips
cynique,sinik
cyniquement,sinik°m@
cynisme,sinizm
cynocéphale,sinosefal
cynodrome,sinodRom
cynophile,sinOfil
cynégétique,sineZetik
cyphoscoliose,sifoskOljoz
cyphose,sifoz
cyprin,sipR5
cyprinidé,sipRinide
cypriote,sipRijOt
cyprès,sipRE
cyrard,siRaR
cyrillique,siRilik
cystique,sistik
cystite,sistit
cystotomie,sistOtOmi
cytologie,sitoloZi
cytomégalovirus,sitomegaloviRys
cytoplasme,sitoplasm
cytoplasmique,sitOplasmik
cytosine,sitozin
cytotoxique,sitotOksik
czar,kzaR
czardas,kzaRdas
câblage,kablaZ
câble,kabl
câbler,kable
câblerie,kabl°Ri
câbleur,kabl9R
câblier,kablije
câblogramme,kablogRam
câblé,kable
câlin,kal5
câlinement,kalin°m@
câliner,kaline
câlinerie,kalin°Ri
câpre,kapR
cèdre,sEdR
cène,sEn
cèpe,sEp
céans,se@
céara,seaRa
cécité,sesite
cédant,sed@
céder,sede
cédrat,sedRa
cédratier,sedRatje
cédulaire,sedylER
cédule,sedyl
cégep,seZEp
cégétiste,seZetist
céladon,selad§
céleri,sEl°Ri
céleste,selEst
célestin,selEst5
célibat,seliba
célibataire,selibatER
célimène,selimEn
célinien,selinj5
célèbre,selEbR
célébrant,selebR@
célébration,selebRasj§
célébrer,selebRe
célébrissime,selebRisim
célébrité,selebRite
célérifère,seleRifER
célérité,seleRite
cénacle,senakl
cénobite,senobit
cénotaphe,senotaf
cépage,sepaZ
céphaline,sefalin
céphalique,sefalik
céphalo-rachidien,sefaloRaSidj5
céphalopode,sefalopOd
céphalorachidien,sefaloRaSidj5
céphalosporine,sefalospORin
cépée,sepe
céramique,seRamik
céramiste,seRamist
céruléen,seRyle5
cérumen,seRymEn
céruse,seRyz
cérusé,seRyze
céréale,seReal
céréalier,seRealje
cérébral,seRebRal
cérébralement,seRebRal°m@
cérébralité,seRebRalite
cérémonial,seRemonjal
cérémonie,seRemoni
cérémoniel,seRemonjEl
cérémonieusement,seRemonj2z°m@
cérémonieux,seRemonj2
césar,sezaR
césarien,sezaRj5
césarienne,sezaRjEn
césium,sezjOm
césure,sezyR
cétacé,setase
cétoine,setwan
cétone,setOn
cévadille,sevadil
cévenol,sev°nOl
cézigue,sezig
côlon,kol§
cône,kon
côte,kot
côtelette,kot°lEt
côtelé,kot°le
côtes-du-rhône,kotdyRon
côtier,kotje
côtoyer,kotwaje
côté,kote
d,d
d',d
d'abord,dabOR
d'autres,dotR
d'emblée,d@ble
d'ores et déjà,dORzedeZa
da,da
dab,dab
daba,daba
dabe,dab
dabuche,dabyS
dace,das
dache,daS
dacique,dasik
dacron,dakR§
dactyle,daktil
dactylo,daktilo
dactylographe,daktilogRaf
dactylographie,daktilogRafi
dactylographier,daktilogRafje
dactylographié,daktilogRafje
dactyloscopie,daktilOskOpi
dada,dada
dadais,dadE
dadaïsme,dadaizm
dadaïste,dadaist
dague,dag
daguerréotype,dagEReotip
daguet,dagE
dahlia,dalja
dahu,day
daigner,deNe
daim,d5
daine,dEn
daiquiri,dajkiRi
dais,dE
dakarois,dakaRwa
dakin,dak5
dal,dal
dalaï-lama,dalailama
dale,dal
dallage,dalaZ
dalle,dal
daller,dale
dalmate,dalmat
dalmatien,dalmasj5
dalmatique,dalmatik
daltonien,daltonj5
daltonisme,daltonizm
dam,d@
damage,damaZ
damas,dama
damasquin,damask5
damasquinage,damaskinaZ
damasquinerie,damaskin°Ri
damasquinure,damaskinyR
damasquiné,damaskine
damassé,damase
dame,dam
dame-jeanne,damZan
damer,dame
dameret,dam°RE
dames,dam
damier,damje
damnable,danabl
damnation,danasj§
damned,damnEd
damner,dane
damné,dane
damoiseau,damwazo
damoiselle,damwazEl
dan,dan
danaïde,danaid
dancing,d@siG
dandinement,d@din°m@
dandiner,d@dine
dandy,d@di
dandysme,d@dizm
danger,d@Ze
dangereusement,d@Z°R2z°m@
dangereux,d@Z°R2
dangerosité,d@Z°Rozite
dano,dano
danois,danwa
dans,d@
dansant,d@s@
danse,d@s
danser,d@se
danseur,d@s9R
dansotter,d@sote
dantesque,d@tEsk
danubien,danybj5
dao,dao
daphné,dafne
darce,daRs
dard,daR
darder,daRde
dare-dare,daRdaR
darne,daRn
daron,daR§
darse,daRs
dasein,daz5
datable,databl
datage,dataZ
datation,datasj§
datcha,datSa
date,dat
dater,date
dateur,dat9R
datif,datif
datte,dat
dattier,datje
datura,datyRa
daube,dob
dauber,dobe
daubière,dobjER
dauphin,dof5
dauphinat,dofina
dauphinois,dofinwa
daurade,doRad
davantage,dav@taZ
davier,davje
daya,daja
daïquiri,dajkiRi
dc,dese
de,d°
de amicis,deamikis
de auditu,deodity
de facto,defakto
de guingois,d2g5gwa
de plano,deplano
de profundis,depRofundis
de santis,des@tis
de traviole,d°tRavjOl
de visu,d2vizy
deadline,dEdlajn
deal,dil
dealer,dil9R
debater,d°bate
debout,d°bu
decca,deka
deck,dEk
decrescendo,dEkReSEndo
dedans,d°d@
degré,d°gRe
dehors,d2OR
delco,dElko
delirium,deliRjOm
delirium tremens,deliRjOmtRemEns
della francesca,dElafR@sEska
della porta,dElapORta
della robbia,dElaRObja
delphinium,dElfinjOm
delta,dElta
delta-plane,dEltaplan
deltaplane,dEltaplan
deltoïde,dEltoid
delà,d°la
demain,d°m5
demande,d°m@d
demander,d°m@de
demandeur,d°m@d9R
demeure,d°m9R
demeurer,d°m9Re
demeuré,d°m9Re
demi,d°mi
demi-barbare,d2mibaRbaR
demi-bas,d°miba
demi-bonheur,d2mibOn9R
demi-bouteille,d°mibutEj
demi-brigade,d°mibRigad
demi-cent,d2mis@
demi-centimètre,d2mis@timEtR
demi-centre,d2mis@tR
demi-cercle,d°misERkl
demi-chagrin,d°miSagR5
demi-clair,d2miklER
demi-clarté,d2miklaRte
demi-cloison,d2miklwaz§
demi-coma,d2mikOma
demi-confidence,d2mik§fid@s
demi-conscience,d2mik§sj@s
demi-cylindre,d2misil5dR
demi-degré,d2mid2gRe
demi-deuil,d°mid9j
demi-dieu,d°midj2
demi-dieux,d°midj2
demi-dose,d2midoz
demi-douzaine,d°miduzEn
demi-dévêtu,d°midevEty
demi-figure,d°mifigyR
demi-finale,d°mifinal
demi-finaliste,d2mifinalist
demi-fond,d°mif§
demi-fou,d2mifu
demi-frère,d°mifRER
demi-gros,d°migRo
demi-heure,d°mi9R
demi-jour,d°miZuR
demi-journée,d°miZuRne
demi-juif,d2miZ8if
demi-kilomètre,d2mikilOmEtR
demi-liberté,d2milibERte
demi-lieue,d2milj2
demi-litre,d°militR
demi-livre,d2milivR
demi-longueur,d°mil§g9R
demi-louis,d2milwi
demi-lueur,d2mily9R
demi-lumière,d2milymjER
demi-lune,d°milyn
demi-luxe,d2milyks
demi-mal,d°mimal
demi-mensonge,d2mim5s§Z
demi-mesure,d°mim°zyR
demi-mille,d2mimil
demi-milliard,d2mimiljaR
demi-millimètre,d2mimilimEtR
demi-million,d2mimilj§
demi-minute,d°miminyt
demi-mois,d2mimwa
demi-monde,d°mim§d
demi-mort,d°mimOR
demi-mot,d°mimo
demi-muid,d°mim8i
demi-mètre,d2mimEtR
demi-nu,d2miny
demi-nuit,d2min8i
demi-obscurité,d2miOpskyRite
demi-ouvrier,d°miuvRije
demi-page,d2mipaZ
demi-paralysé,d2mipaRalize
demi-part,d2mipaR
demi-pas,d2mipa
demi-pension,d°mip@sj§
demi-pensionnaire,d°mip@sjonER
demi-personne,d2mipERsOn
demi-pied,d2mipje
demi-pinte,d2mip5t
demi-pièce,d°mipjEs
demi-place,d°miplas
demi-plein,d2mipl5
demi-point,d2mipw5
demi-porte,d2mipORt
demi-portion,d°mipORsj§
demi-pouce,d2mipus
demi-quart,d°mikaR
demi-queue,d°mik2
demi-réussite,d2miReysit
demi-révérence,d2miReveR@s
demi-rêve,d2miREve
demi-saison,d°misEz§
demi-sang,d°mis@
demi-seconde,d2mis2g§d
demi-section,d2misEksj§
demi-sel,d°misEl
demi-siècle,d°misjEkl
demi-soeur,d°mis9R
demi-solde,d°misOld
demi-sommeil,d°misomEj
demi-somnolence,d2misOmnOl@s
demi-sourire,d°misuRiR
demi-succès,d°misyksE
demi-suicide,d°mis8isid
demi-talent,d2mital@
demi-tarif,d°mitaRif
demi-tasse,d°mitas
demi-teinte,d°mit5t
demi-ton,d°mit§
demi-tonneau,d°mitono
demi-tour,d°mituR
demi-tête,d2mitEt
demi-verre,d2mivER
demi-vertu,d2mivERty
demi-vie,d°mivi
demi-vierge,d°mivjERZ
demi-volte,d2mivOlt
demi-volume,d2mivOlym
demi-volée,d°mivole
demi-vérité,d°miveRite
demi-échec,d°mieSEk
dendrite,d@dRit
dengue,d@g
denier,d°nje
denim,d2nim
denrée,d@Re
dense,d@s
densimètre,d@simEtR
densité,d@site
dent,d@
dent-de-lion,d@d°lj§
dentaire,d@tER
dental,d@tal
dentelle,d@tEl
dentellière,d@t2ljER
dentelure,d@t°lyR
dentelé,d@t°le
dentier,d@tje
dentifrice,d@tifRis
dentiste,d@tist
dentisterie,d@tist°Ri
dentition,d@tisj§
denture,d@tyR
denté,d@te
deo gratias,deogRatja
depuis,d°p8i
der,dER
derby,dERbi
derche,dERS
derechef,d°R°SEf
dermatite,dERmatit
dermatologie,dERmatoloZi
dermatologique,dERmatoloZik
dermatologiste,dERmatOlOZist
dermatologue,dERmatolOg
dermatose,dERmatoz
derme,dERm
dermeste,dERmEst
dermique,dERmik
dermite,dERmit
dermographie,dERmogRafi
dernier,dERnje
dernier-né,dERnjene
dernière-née,dERnjERne
dernièrement,dERnjER°m@
derrick,dERik
derrière,dERjER
derviche,dERviS
des,de
desceller,desEle
descendance,des@d@s
descendant,des@d@
descendeur,des@d9R
descendre,des@dR
descenseur,des@s9R
descente,des@t
descriptible,deskRiptibl
descriptif,deskRiptif
description,deskRipsj§
desdites,dedit
desdits,dedi
desiderata,dezideRata
design,dizajn
designer,deziNe
desk,dEsk
desperado,despeRado
despote,despOt
despotique,despotik
despotisme,despotizm
desquamation,deskwamasj§
desquelles,dekEl
desquels,dekEl
dessaisir,deseziR
dessaisissement,desezis°m@
dessaler,desale
dessalé,desale
dessaouler,desule
dessaper,dsape
dessein,des5
desseller,desele
desserrage,desERaZ
desserre,desER
desserrer,deseRe
dessert,desER
desserte,desERt
dessertir,desERtiR
desservant,desERv@
desservir,desERviR
dessiccation,desikasj§
dessiller,desije
dessin,des5
dessinateur,desinat9R
dessiner,desine
dessiné,desine
dessouder,desude
dessouler,desule
dessous,d°su
dessous-de-bras,d°sud°bRa
dessous-de-plat,d°sud°pla
dessous-de-table,d°sud°tabl
dessous-de-verre,d°sud°vER
dessoûler,desule
dessus,d°sy
dessus-de-lit,d°syd°li
dessèchement,desES°m@
desséchant,deseS@
dessécher,deseSe
destin,dest5
destinataire,destinatER
destination,destinasj§
destiner,destine
destiné,destine
destinée,destine
destituer,destit8e
destitution,destitysj§
destrier,destRije
destroy,destRwaj
destroyer,destRwaje
destructeur,destRykt9R
destructible,destRyktibl
destructif,destRyktif
destruction,destRyksj§
dette,dEt
deuche,d2S
deuil,d9j
deus ex machina,deuseksmakina
deusio,d2zjo
deutsche mark,dOjtSmaRk
deutérium,d2teRjOm
deutéronome,d2teRonom
deux,d2
deux-chevaux,d2S°vo
deux-deux,d2d2
deux-mâts,d2ma
deux-pièces,d2pjEs
deux-points,d2pw5
deux-ponts,d2p§
deux-quatre,d2katR
deux-roues,d2Ru
deuxième,d2zjEm
deuxièmement,d2zjEm°m@
deuzio,d2zjo
devancer,d°v@se
devant,d°v@
devanture,d°v@tyR
devenir,d°v°niR
devers,d°vER
devin,d°v5
deviner,d°vine
devinette,d°vinEt
devineur,d2vin9R
devis,d°vi
devise,d°viz
deviser,d°vize
devoir,d°vwaR
devon,dev§
dexaméthasone,dEgzametazOn
dextre,dEkstR
dextrement,dEkstR°m@
dextrose,dEkstRoz
dextérité,dEksteRite
dey,dE
deçà,d°sa
dharma,daRma
dhole,dol2
dia,dja
diable,djabl
diablement,djabl°m@
diablerie,djabl°Ri
diablesse,djablEs
diablotin,djablot5
diabolique,djabolik
diaboliquement,djabolik°m@
diaboliser,djabolize
diabolisme,djabOlism
diabolo,djabolo
diabète,djabEt
diabétique,djabetik
diachronique,djakRonik
diaclase,djaklaz
diaconesse,djakonEs
diaconie,djakoni
diacre,djakR
diacritique,djakRitik
diacétylmorphine,diasetilmORfin
diadème,djadEm
diagnose,djagnoz
diagnostic,djagnostik
diagnostique,djagnostik
diagnostiquer,djagnostike
diagnostiqueur,djagnOstik9R
diagonal,djagonal
diagonale,djagonal
diagonalement,djagonal°m@
diagramme,djagRam
dialectal,djalEktal
dialecte,djalEkt
dialecticien,djalEktisj5
dialectique,djalEktik
dialogique,djaloZik
dialogue,djalOg
dialoguer,djaloge
dialoguiste,djalogist
dialyse,djaliz
dialyser,djalize
diam,djam
diamant,djam@
diamantaire,djam@tER
diamantifère,djam@tifER
diamantin,djam@t5
diamanté,djam@te
diamine,djamin
diamorphine,djamORfin
diamètre,djamEtR
diamétralement,djametRal°m@
diane,djan
diantre,dj@tR
diapason,djapaz§
diaphane,djafan
diaphorétique,djafORetik
diaphragmatique,djafRagmatik
diaphragme,djafRagm
diapo,djapo
diaporama,djapORama
diapositive,djapozitiv
diapré,djapRe
diarrhée,djaRe
diarrhéique,djaReik
diaspora,djaspoRa
diastole,djastOl
diastolique,djastolik
diatomée,djatome
diatonique,djatonik
diatribe,djatRib
dichotomie,dikotomi
dichroïque,dikROik
dichroïsme,dikRoizm
dicible,disibl
dico,diko
dictaphone,diktafOn
dictateur,diktat9R
dictatorial,diktatoRjal
dictature,diktatyR
dicter,dikte
diction,diksj§
dictionnaire,diksjonER
dicton,dikt§
dictée,dikte
didactique,didaktik
didactiquement,didaktik°m@
die,di
dieffenbachia,dif9nbaRja
diem,djEm
dies irae,djEsiRe
diesel,djezEl
dieu,dj2
dieu-roi,dj2Rwa
diffamateur,difamat9R
diffamation,difamasj§
diffamatoire,difamatwaR
diffamer,difame
diffamé,difame
difficile,difisil
difficilement,difisil°m@
difficultueux,difikylt82
difficulté,difikylte
difforme,difORm
difformité,difORmite
diffraction,difRaksj§
diffus,dify
diffusant,difyz@
diffuser,difyze
diffuseur,difyz9R
diffusion,difyzj§
différemment,difeRam@
différence,difeR@s
différenciation,difeR@sjasj§
différencier,difeR@sje
différencié,difeR@sje
différend,difeR@
différent,difeR@
différentiel,difeR@sjEl
différents,difeR@
différer,difeRe
différé,difeRe
difracter,difRakte
dig,dig
digest,diZEst
digeste,diZEst
digestif,diZEstif
digestion,diZEstj§
digicode,diZikOd
digit,diZit
digital,diZital
digitale,diZital
digitaline,diZitalin
digitaliseur,diZitaliz9R
digne,diN
dignement,diN°m@
dignitaire,diNitER
dignité,diNite
dignus est intrare,dignusEstintRaRe
digression,digResj§
digue,dig
digérer,diZeRe
dijonnais,diZonE
diktat,dikta
dilapidation,dilapidasj§
dilapider,dilapide
dilatable,dilatabl
dilatateur,dilatat9R
dilatation,dilatasj§
dilater,dilate
dilation,dilasj§
dilatoire,dilatwaR
dilaté,dilate
dilection,dilEksj§
dilemme,dilEm
dilettante,dilet@t
dilettantisme,dilet@tizm
diligemment,diliZam@
diligence,diliZ@s
diligent,diliZ@
diligenter,diliZ@te
diluant,dil8@
diluer,dil8e
dilution,dilysj§
diluvien,dilyvj5
dimanche,dim@S
dimension,dim@sj§
dimensionnel,dim@sjonEl
dimensionnement,dim@sjOn°m@
diminuant,dimin8@
diminuendo,dimin85do
diminuer,dimin8e
diminutif,diminytif
diminution,diminysj§
diminué,dimin8e
dinanderie,din@d°Ri
dinar,dinaR
dinde,d5d
dindon,d5d§
dindonneau,d5dono
dine,din
ding,diG
dingo,d5go
dingue,d5g
dinguer,d5ge
dinguerie,d5g°Ri
dinosaure,dinozoR
diocèse,djosEz
diocésain,djosez5
diode,djOd
diodon,djod§
dionysiaque,djonizjak
dionysien,djonizj5
dionée,djone
dioptre,djOptR
diorama,djoRama
diorite,djORit
dioxine,diOksin
dioxyde,djOksid
diphtongue,dift§g
diphtérie,difteRi
diphényle,difenil
diplodocus,diplodokys
diplomate,diplomat
diplomatie,diplomasi
diplomatique,diplomatik
diplomatiquement,diplomatik°m@
diplopie,diplOpi
diplôme,diplom
diplômer,diplOme
diplômé,diplome
dipneuste,dipn2st
dipsomane,dipsOman
dipsomanie,dipsOmani
diptyque,diptik
dipôle,dipol
dire,diR
direct,diREkt
directement,diREkt°m@
directeur,diREkt9R
directeur-adjoint,diREkt9RadZw5
directif,diREktif
direction,diREksj§
directionnel,diREksjonEl
directive,diREktiv
directo,diREkto
directoire,diREktwaR
directorat,diREktoRa
directorial,diREktoRjal
directos,diREkto
dirham,diRam
dirigeable,diRiZabl
dirigeant,diRiZ@
diriger,diRiZe
dirigé,diRiZe
dirimant,diRim@
dirlo,diRlo
disant,diz@
disc-jockey,diskZokE
discal,diskal
discernable,disERnabl
discernement,disERn°m@
discerner,disERne
disciple,disipl
disciple-roi,disipl°Rwa
disciplinaire,disiplinER
discipline,disiplin
discipliner,disipline
discipliné,disipline
disco,disko
discobole,diskobOl
discographie,diskOgRafi
discontinu,disk§tiny
discontinuer,disk§tin8e
discontinuité,disk§tin8ite
discordance,diskORd@s
discordant,diskORd@
discorde,diskORd
discothèque,diskotEk
discount,diskunt
discoureur,diskuR9R
discourir,diskuRiR
discours,diskuR
discourtois,diskuRtwa
discret,diskRE
discriminant,diskRimin@
discrimination,diskRiminasj§
discriminatoire,diskRiminatwaR
discriminer,diskRimine
discrètement,diskREt°m@
discrédit,diskRedi
discréditer,diskRedite
discrétion,diskResj§
discrétionnaire,diskResjonER
disculpation,diskylpasj§
disculper,diskylpe
discussion,diskysj§
discutable,diskytabl
discutailler,diskytaje
discutailleur,diskytaj9R
discuter,diskyte
discuté,diskyte
disert,dizER
disette,dizEt
diseur,diz9R
disfonctionnement,disf§ksjOn°m@
disgracier,disgRasje
disgracieusement,disgRasj2z°m@
disgracieux,disgRasj2
disgracié,disgRasje
disgrâce,disgRas
disharmonie,dizaRmoni
disjoindre,disZw5dR
disjoint,disZw5
disjoncter,disZ§kte
disjoncteur,disZ§kt9R
disjonction,disZ§ksj§
diskette,diskEt
dislocation,dislokasj§
disloquer,disloke
disloqué,disloke
disparaissant,dispaREs@
disparate,dispaRat
disparaître,dispaREtR
disparition,dispaRisj§
disparité,dispaRite
disparu,dispaRy
dispatcher,dispatSe
dispatching,dispatSiG
dispendieusement,disp@dj2z°m@
dispendieux,disp@dj2
dispensable,disp@sabl
dispensaire,disp@sER
dispensateur,disp@sat9R
dispensation,disp@sasj§
dispense,disp@s
dispenser,disp@se
dispensé,disp@se
dispersant,dispERs@
dispersement,dispERs°m@
disperser,dispERse
dispersif,dispERsif
dispersion,dispERsj§
dispersé,dispERse
dispo,dispo
disponibilité,disponibilite
disponible,disponibl
dispos,dispo
disposant,dispoz@
disposer,dispoze
dispositif,dispozitif
disposition,dispozisj§
disposé,dispoze
disproportion,dispRopORsj§
disproportionné,dispRopORsjone
dispute,dispyt
disputer,dispyte
disputeur,dispyt9R
disputé,dispyte
disquaire,diskER
disqualification,diskalifikasj§
disqualifier,diskalifje
disqualifié,diskalifje
disque,disk
disque-jockey,diskZokE
disquette,diskEt
disruptif,disRyptif
disruption,disRypsj§
dissection,diseksj§
dissemblable,dis@blabl
dissemblance,dis@bl@s
dissension,dis@sj§
dissentiment,dis@tim@
dissertation,disERtasj§
disserter,disERte
dissidence,disid@s
dissident,disid@
dissimiler,disimile
dissimulateur,disimylat9R
dissimulation,disimylasj§
dissimuler,disimyle
dissimulé,disimyle
dissipateur,disipat9R
dissipation,disipasj§
dissiper,disipe
dissipé,disipe
dissociatif,disosjatif
dissociation,disosjasj§
dissocier,disosje
dissolu,disoly
dissolution,disolysj§
dissolvant,disOlv@
dissonance,dison@s
dissonant,dison@
dissoudre,disudR
dissous,disu
dissoute,disut
dissuader,dis8ade
dissuasif,dis8azif
dissuasion,dis8azj§
dissymétrie,disimetRi
dissymétrique,disimetRik
dissémination,diseminasj§
disséminer,disemine
disséminé,disemine
disséquer,diseke
disséqueur,disek9R
distal,distal
distance,dist@s
distancer,dist@se
distanciation,dist@sjasj§
distancier,dist@sje
distant,dist@
distendre,dist@dR
distendu,dist@dy
distension,dist@sj§
distillat,distila
distillateur,distilat9R
distillation,distilasj§
distiller,distile
distillerie,distil°Ri
distinct,dist5
distinctement,dist5kt°m@
distinctif,dist5ktif
distinction,dist5ksj§
distinguer,dist5ge
distinguo,dist5go
distingué,dist5ge
distordre,distORdR
distorsion,distORsj§
distraction,distRaksj§
distraire,distRER
distrait,distRE
distraitement,distREt°m@
distrayant,distREj@
distribuer,distRib8e
distributeur,distRibyt9R
distribution,distRibysj§
distribué,distRib8e
district,distRikt
dit,di
dithyrambe,ditiR@b
dithyrambique,ditiR@bik
dito,dito
diurnal,djyRnal
diurne,djyRn
diurèse,djyREz
diurétique,djyRetik
diva,diva
divagant,divag@
divagation,divagasj§
divaguer,divage
divan,div@
dive,div
divergence,divERZ@s
divergent,divERZ@
diverger,divERZe
divers,divER
diversement,divERs°m@
diverses,divERs
diversification,divERsifikasj§
diversifier,divERsifje
diversion,divERsj§
diversité,divERsite
diverticule,divERtikyl
diverticulose,divERtikyloz
divertimento,divERtimEnto
divertir,divERtiR
divertissant,divERtis@
divertissement,divERtis°m@
dividende,divid@d
divin,div5
divination,divinasj§
divinatoire,divinatwaR
divinement,divin°m@
divinisant,diviniz@
divinité,divinite
diviser,divize
diviseur,diviz9R
divisible,divizibl
division,divizj§
divisionnaire,divizjonER
divisionnisme,divizjonizm
divisé,divize
divorce,divORs
divorcer,divORse
divorcé,divORse
divulgation,divylgasj§
divulguer,divylge
dix,dis
dix-cors,dikOR
dix-huit,diz8it
dix-huitième,diz8itjEm
dix-neuf,dizn9f
dix-neuvième,dizn9vjEm
dix-sept,disEt
dix-septième,disEtjEm
dixie,diksi
dixieland,diksil@d
dixit,diksit
dixième,dizjEm
dixièmement,dizjEm°m@
dizain,diz5
dizaine,dizEn
dièdre,djEdR
dièse,djEz
diète,djEt
diéthylénique,djetilenik
diététicien,djetetisj5
diététique,djetetik
diététiste,djetetist
djebel,dZebEl
djellaba,dZElaba
djemââ,dZemaa
djihad,dZiad
djinn,dZin
dm,desimEtR
dna,deEna
do,do
doberman,dobERman
doc,dOk
doche,dOS
docile,dosil
docilement,dosil°m@
docilité,dosilite
dock,dOk
docker,dok9R
docte,dOkt
doctement,dOkt°m@
docteur,dOkt9R
doctissime,dOktisim
doctoral,dOktoRal
doctorat,dOktoRa
doctrinaire,dOktRinER
doctrinal,dOktRinal
doctrine,dOktRin
docudrame,dokydRam
document,dokym@
documentaire,dokym@tER
documentaliste,dokym@talist
documentariste,dokym@taRist
documentation,dokym@tasj§
documenter,dokym@te
documenté,dokym@te
dodelinant,dod°lin@
dodeliner,dod°line
dodo,dodo
dodu,dody
dodécagone,dodekagon
dodécaphoniste,dodekafonist
dodécaèdre,dodekaEdR
dog-cart,dOgkaRt
dogaresse,dogaREs
doge,dOZ
dogger,dOg9R
dogmatique,dOgmatik
dogmatisme,dOgmatizm
dogme,dOgm
dogue,dOg
doguin,dog5
doigt,dwa
doigter,dwate
doigtier,dwatje
doigté,dwate
doit,dwa
dojo,doZo
dol,dOl
dolby,dOlbi
dolce,dOltSe
dolent,dOl@
dolichocéphale,dolikosefal
dolichocéphalie,dolikosefali
doline,dOlin
dolique,dOlik
dollar,dolaR
dolman,dOlm@
dolmen,dOlmEn
dolomite,dolomit
dolorisme,doloRizm
doloriste,doloRist
doléance,dole@s
dom,d§
domaine,domEn
domanial,domanjal
domestication,domEstikasj§
domesticité,domEstisite
domestique,domEstik
domestiquement,dOmEstik°m@
domestiquer,domEstike
domicile,domisil
domiciliation,domisiljasj§
domicilier,domisilje
domicilié,domisilje
dominance,domin@s
dominant,domin@
dominante,domin@t
dominateur,dominat9R
domination,dominasj§
dominer,domine
dominicain,dominik5
dominical,dominikal
dominion,dominjOn
domino,domino
dommage,domaZ
dommageable,domaZabl
dommages-intérêts,domaZze5teRE
domotique,domotik
domptage,d§ptaZ
dompter,d§pte
dompteur,d§pt9R
dompté,d§pte
don,d§
dona,dona
donateur,donat9R
donation,donasj§
donc,d§k
dondaine,d§dEn
dondon,d§d§
dong,d§g
donjon,d§Z§
donjuanesque,d§Z8anEsk
donjuanisme,d§Z8anizm
donnant,don@
donnant-donnant,don@don@
donne,dOn
donner,done
donneur,don9R
donné,done
donnée,done
donquichottesque,d§kiSOtEsk
donquichottisme,d§kiSOtizm
dont,d§
donzelle,d§zEl
dopage,dopaZ
dopamine,dopamin
dopant,dOp@
dope,dOp
doper,dope
doping,dOpiG
doppler,dOplER
dorade,doRad
dorage,doRaZ
dorer,doRe
dorique,doRik
dorloter,dORlote
dormance,dORm@s
dormant,dORm@
dormeur,dORm9R
dormir,dORmiR
dormitif,dORmitif
dormition,dORmisj§
dorsal,dORsal
dorsale,dORsal
dortoir,dORtwaR
dorure,dORyR
doryphore,doRifOR
doré,doRe
dorée,doRe
dorénavant,doRenav@
dos,do
dos-d'âne,dodan
dosage,dozaZ
dose,doz
doser,doze
doseur,doz9R
dosimètre,dozimEtR
dossard,dosaR
dosseret,dos°RE
dossier,dosje
dossière,dosjER
dot,dOt
dotation,dotasj§
doter,dote
doté,dote
douaire,dwER
douane,dwan
douanier,dwanje
douar,dwaR
doublage,dublaZ
doublard,dublaR
double,dubl
double-cliquer,dubl2klike
double-croche,dubl2kROS
double-décimètre,dubl°desimEtR
double-fond,dubl2f§
double-six,dubl2sis
doubleau,dublo
doublement,dubl°m@
doubler,duble
doublet,dublE
doublette,dublEt
doubleur,dubl9R
doublon,dubl§
doublonner,dublone
doublure,dublyR
doublé,duble
douce,dus
douce-amère,dusamER
doucement,dus°m@
doucereusement,dus°R2z°m@
doucereux,dus°R2
doucet,dusE
doucette,dusEt
doucettement,dusEt°m@
douceur,dus9R
douceâtre,dusatR
douche,duS
doucher,duSe
doucheur,duS9R
doucin,dus5
doucine,dusin
doudou,dudu
doudoune,dudun
douelle,dwEl
douer,dwe
douglas,dugla
douille,duj
douiller,duje
douillet,dujE
douillette,dujEt
douillettement,dujEt°m@
douleur,dul9R
douloureusement,duluR2z°m@
douloureux,duluR2
douma,duma
doura,duRa
douro,duRo
doutance,dut@s
doute,dut
douter,dute
douteusement,dut2z°m@
douteux,dut2
douve,duv
doux,du
doux-amer,duamER
douzaine,duzEn
douze,duz
douzième,duzjEm
douçâtre,dusatR
doué,dwe
down,dawn
downing street,dawniGstRit
doyen,dwaj5
doyenné,dwajEne
doña,dONa
drachme,dRakm
draconien,dRakonj5
drag,dRag
dragage,dRagaZ
drageoir,dRaZwaR
dragon,dRag§
dragonnier,dRagOnje
dragster,dRagstER
drague,dRag
draguer,dRage
dragueur,dRag9R
dragée,dRaZe
drain,dR5
drainage,dREnaZ
drainer,dRene
draisienne,dREzjEn
draisine,dREzin
drakkar,dRakaR
dramatique,dRamatik
dramatiquement,dRamatik°m@
dramatisation,dRamatizasj§
dramatiser,dRamatize
dramaturge,dRamatyRZ
dramaturgie,dRamatyRZi
drame,dRam
drap,dRa
drapeau,dRapo
draper,dRape
draperie,dRap°Ri
drapier,dRapje
drapé,dRape
drastique,dRastik
drastiquement,dRastik°m@
drave,dRav
dreadlocks,dREdlOk
dream team,dRimtim
drelin,dR2l5
drepou,dREpu
dressage,dREsaZ
dressant,dREs@
dressement,dREs°m@
dresser,dRese
dresseur,dREs9R
dressing,dResiG
dressing-room,dResiGRum
dressoir,dREswaR
dressé,dRese
dreyfusard,dREfyzaR
dreyfusisme,dREfyzizm
dribble,dRibl
dribbler,dRible
dribbleur,dRibl9R
dribler,dRible
drift,dRift
drifter,dRift9R
drill,dRil
drille,dRij
dring,dRiG
drink,dR5k
drisse,dRis
drive,dRajv
drive-in,dRajvin
driver,dRajv9R
driver,dRajve
drogman,dROgman
drogue,dROg
droguer,dRoge
droguerie,dROg°Ri
droguet,dRogE
droguiste,dRogist
drogué,dRoge
droit,dRwa
droit-fil,dRwafil
droite,dRwat
droitement,dRwat°m@
droitier,dRwatje
droiture,dRwatyR
drolatique,dRolatik
dromadaire,dRomadER
drome,dRom
drone,dRon
drone-espion,dRonEspj§
dronte,dR§t
drop,dROp
droppage,dRopaZ
drosophile,dRozofil
dross,dROs
drossart,dRosaR
drosser,dRose
droséra,dRozeRa
dru,dRy
drugstore,dR9gstOR
druide,dR8id
druidesse,dR8idEs
druidique,dR8idik
druidisme,dR8idizm
drumlin,dR9mlin
drummer,dR9m9R
drums,dR9m
druze,dRyz
dry,dRaj
dryade,dRijad
drège,dREZ
drépanocytose,dRepanOsitoz
drôle,dRol
drôlement,dRol°m@
drôlerie,dRol°Ri
drôlesse,dRolEs
drôlet,dRolE
du,dy
dual,d8al
dualisme,d8alizm
dualiste,d8alist
dualité,d8alite
dubitatif,dybitatif
dubitation,dybitasj§
dubitativement,dybitativ°m@
duc,dyk
ducal,dykal
ducasse,dykas
ducat,dyka
ducaton,dykat§
duce,dutSe
duchnoque,dySnOk
duché,dySe
ducon,dyk§
ductile,dyktil
dudit,dydit
duel,d8El
duelliste,d8Elist
duffel-coat,d9f9lkOwt
duffle-coat,d9f9lkOwt
dugong,dyg§
duit,d8i
dulcinée,dylsine
dum-dum,dumdum
dumper,d9mp9R
dumping,d9mpiG
dundee,d9ndi
dune,dyn
dunette,dynEt
dunkerque,d1kERk
duo,d8o
duodi,d8odi
duodénal,d8odenal
duodénum,d8odenOm
duopole,d8OpOl
dupe,dyp
duper,dype
duperie,dyp°Ri
dupeur,dyp9R
duplex,dyplEks
duplicata,dyplikata
duplicate,dyplikat
duplicateur,dyplikat9R
duplication,dyplikasj§
duplice,dyplis
duplicité,dyplisite
dupliquer,dyplike
duquel,dykEl
dur,dyR
durabilité,dyRabilite
durable,dyRabl
durablement,dyRabl°m@
duraille,dyRaj
duralumin,dyRalym5
durant,dyR@
durci,dyRsi
durcir,dyRsiR
durcissement,dyRsis°m@
durcisseur,dyRsis9R
dure,dyR
dure-mère,dyRmER
durement,dyR°m@
durer,dyRe
dureté,dyR°te
durham,dyRam
durian,dyRj@
durillon,dyRij§
durit,dyRit
durite,dyRit
durée,dyRe
duvet,dyvE
duveteux,dyv°t2
duveté,dyv°te
duègne,d8EN
dyke,dik
dynamique,dinamik
dynamiser,dinamize
dynamisme,dinamizm
dynamitage,dinamitaZ
dynamite,dinamit
dynamiter,dinamite
dynamiteur,dinamit9R
dynamo,dinamo
dynamomètre,dinamomEtR
dynamométrique,dinamometRik
dynastie,dinasti
dynastique,dinastik
dyscinésie,disinezi
dyscrasie,diskRazi
dysenterie,dis@t°Ri
dysentérique,dis@teRik
dysfonction,disf§ksj§
dysfonctionnement,disf§ksjOn°m@
dyslexie,dislEksi
dyslexique,dislEksik
dysménorrhée,dismenORe
dyspepsie,dispEpsi
dyspepsique,dispEpsik
dyspeptique,dispEptik
dysphonie,disfOni
dysphorie,disfoRi
dysplasie,displazi
dyspnée,dispne
dyspnéique,dispneik
dysthymie,distimi
dystocie,distOsi
dystrophie,distROfi
dysurie,dizyRi
dytique,ditik
dèche,dES
dès,dE
dé,de
déambulant,de@byl@
déambulateur,de@bylat9R
déambulation,de@bylasj§
déambulatoire,de@bylatwaR
déambuler,de@byle
débagoulage,debagulaZ
débagouler,debagule
déballage,debalaZ
déballer,debale
déballonnage,debalonaZ
déballonner,debalone
débandade,deb@dad
débander,deb@de
débaptiser,debatize
débarbot,debaRbo
débarbouiller,debaRbuje
débarbouillette,debaRbujEt
débarcadère,debaRkadER
débardage,debaRdaZ
débarder,debaRde
débardeur,debaRd9R
débarquement,debaRk°m@
débarquer,debaRke
débarqué,debaRke
débarras,debaRa
débarrasser,debaRase
débarrer,debaRe
débat,deba
débatteur,debat9R
débattre,debatR
débattue,debaty
débauche,deboS
débaucher,deboSe
débaucheur,deboS9R
débauché,deboSe
débectage,debEktaZ
débectance,debEkt@s
débecter,debEkte
débile,debil
débilement,debil°m@
débilitant,debilit@
débilitation,debilitasj§
débilité,debilite
débiller,debije
débine,debin
débiner,debine
débit,debi
débitage,debitaZ
débitant,debit@
débite,debit
débiter,debite
débiteur,debit9R
déblai,deblE
déblaiement,deblEm@
déblatérer,deblateRe
déblayage,deblEjaZ
déblayer,debleje
déblayeur,deblEj9R
déblocage,deblokaZ
débloquer,debloke
débobinage,debobinaZ
débobiner,debobine
débogage,debOgaZ
déboguer,deboge
déboire,debwaR
déboisement,debwaz°m@
déboiser,debwaze
débonder,deb§de
débonnaire,debonER
débord,debOR
débordant,debORd@
débordement,debORd°m@
déborder,debORde
débotté,debote
débouchage,debuSaZ
déboucher,debuSe
déboucheur,debuS9R
débouchoir,debuSwaR
débouché,debuSe
déboucler,debukle
débouler,debule
déboulonner,debulone
déboulé,debule
débourrage,debuRaZ
débourrer,debuRe
débours,debuR
déboursement,debuRs2m@
débourser,debuRse
déboussoler,debusole
débouter,debute
déboutonnage,debutonaZ
déboutonner,debutone
déboîtement,debwat°m@
déboîter,debwate
débraguetter,debRagEte
débraillé,debRaje
débranchement,debR@S°m@
débrancher,debR@Se
débrayage,debREjaZ
débrayer,debReje
débridement,debRid°m@
débrider,debRide
débridé,debRide
débriefer,debRife
débriefing,debRifiG
débris,debRi
débronzer,debR§ze
débrouillage,debRujaZ
débrouillard,debRujaR
débrouillardise,debRujaRdiz
débrouille,debRuj
débrouiller,debRuje
débroussaillage,debRusajaZ
débroussailler,debRusaje
débucher,debySe
débusquer,debyske
début,deby
débutant,debyt@
débuter,debyte
débâcle,debakl
déc,dek
déca,deka
décabosser,dekabOse
décachetage,dekaS°taZ
décacheter,dekaS°te
décade,dekad
décadence,dekad@s
décadent,dekad@
décadentisme,dekad@tizm
décadi,dekadi
décaféiné,dekafeine
décaissement,dekEs°m@
décaisser,dekEse
décalage,dekalaZ
décalcification,dekalsifikasj§
décalcomanie,dekalkomani
décalcomanies,dekalkomani
décaler,dekale
décalitre,dekalitR
décalogue,dekalOg
décalotter,dekalote
décalque,dekalk
décalquer,dekalke
décalé,dekale
décambuter,dek@byte
décamper,dek@pe
décamètre,dekamEtR
décan,dek@
décaniller,dekanije
décantation,dek@tasj§
décanter,dek@te
décanteur,dek@t9R
décapage,dekapaZ
décapant,dekap@
décaper,dekape
décapeur,dekap9R
décapitation,dekapitasj§
décapiter,dekapite
décapode,dekapOd
décapotable,dekapotabl
décapotage,dekapotaZ
décapoter,dekapote
décapoté,dekapOte
décapsuler,dekapsyle
décapsuleur,dekapsyl9R
décapuchonner,dekapySone
décarcasser,dekaRkase
décarpillage,dekaRpijaZ
décarpiller,dekaRpije
décarrade,dekaRad
décarrer,dekaRe
décathlon,dekatl§
décati,dekati
décatir,dekatiR
décavé,dekave
décelable,des°labl
déceler,dEs°le
décembre,des@bR
décembriste,des@bRist
décemment,desam@
décence,des@s
décennal,desenal
décennie,deseni
décent,des@
décentralisation,des@tRalizasj§
décentrement,des@tR2m@
déception,desEpsj§
décerner,desERne
décervelage,desERv°laZ
décerveler,desERv2le
décevant,dEs°v@
décevoir,dEs°vwaR
déchanter,deS@te
déchard,deSaR
décharge,deSaRZ
déchargement,deSaRZ°m@
décharger,deSaRZe
déchargeur,deSaRZ9R
décharnement,deSaRn°m@
décharner,deSaRne
décharné,deSaRne
déchausser,deSose
déchaussé,deSose
déchaînement,deSEn°m@
déchaîner,deSEne
déchaîné,deSEne
décher,deSe
déchet,deSE
déchetterie,deSEt°Ri
déchiffrable,deSifRabl
déchiffrage,deSifRaZ
déchiffrement,deSifR°m@
déchiffrer,deSifRe
déchiffreur,deSifR9R
déchiquetage,deSik°taZ
déchiqueter,deSik°te
déchiqueteur,deSik°t9R
déchiqueté,deSik°te
déchirage,deSiRaZ
déchirant,deSiR@
déchirement,deSiR°m@
déchirer,deSiRe
déchireur,deSiR9R
déchirure,deSiRyR
déchiré,deSiRe
déchoir,deSwaR
déchouer,deSue
déchu,deSy
déchéance,deSe@s
déci,desi
décibel,desibEl
décider,deside
décideur,desid9R
décidé,deside
décidément,desidem@
décigramme,desigRam
décile,desil
décilitre,desilitR
décimal,desimal
décimalisation,desimalizasj§
décimalité,desimalite
décimateur,desimat9R
décimation,desimasj§
décimer,desime
décimètre,desimEtR
décisif,desizif
décision,desizj§
décision-clé,desizj§kle
décisionnaire,desizjonER
décisionnel,desizjonEl
déclamation,deklamasj§
déclamatoire,deklamatwaR
déclamer,deklame
déclancher,dekl@Se
déclarant,deklaR@
déclaration,deklaRasj§
déclaratoire,deklaRatwaR
déclarer,deklaRe
déclaré,deklaRe
déclassement,deklas°m@
déclasser,deklase
déclassé,deklase
déclenchant,dekl@S@
déclenche,dekl@S
déclenchement,dekl@S°m@
déclencher,dekl@Se
déclencheur,dekl@S9R
déclic,deklik
déclin,dekl5
déclinaison,deklinEz§
déclinant,deklin@
décliner,dekline
déclive,dekliv
déclivité,deklivite
déclouer,deklue
déco,deko
décocher,dekoSe
décoction,dekOksj§
décodage,dekodaZ
décoder,dekode
décodeur,dekod9R
décoffrage,dekOfRaZ
décoiffer,dekwafe
décoincer,dekw5se
décoinçage,dekw5saZ
décollage,dekolaZ
décollation,dekolasj§
décollement,dekOl°m@
décoller,dekole
décolleter,dekOl°te
décolleté,dekOl°te
décolonisation,dekolonizasj§
décolorant,dekoloR@
décoloration,dekoloRasj§
décolorer,dekoloRe
décoloré,dekoloRe
décolérer,dekoleRe
décommander,dekom@de
décompensation,dek§p@sasj§
décompenser,dek§p@se
décompliquer,dek§plike
décomposable,dek§pozabl
décomposer,dek§poze
décomposeur,dek§poz9R
décomposition,dek§pozisj§
décomposé,dek§poze
décompresser,dek§pRese
décompression,dek§pREsj§
décomprimer,dek§pRime
décompte,dek§t
décompter,dek§te
déconcentration,dek§s@tRasj§
déconcentrer,dek§s@tRe
déconcertant,dek§sERt@
déconcerter,dek§sERte
déconcerté,dek§sERte
déconditionnement,dek§disjOn°m@
déconditionner,dek§disjone
déconfire,dek§fiR
déconfit,dek§fi
déconfiture,dek§fityR
décongeler,dek§Z°le
décongestif,dek§ZEstif
décongestion,dek§ZEstj§
décongestionner,dek§ZEstjone
décongélation,dek§Zelasj§
déconnage,dekonaZ
déconnecter,dekonEkte
déconnection,dekonEksj§
déconner,dekone
déconneur,dekon9R
déconnexion,dekonEksj§
déconomètre,dekonomEtR
déconophone,dekonofOn
déconseiller,dek§seje
déconsidération,dek§sideRasj§
déconsidérer,dek§sideRe
déconsigner,dek§siNe
déconstiper,dek§stipe
déconstruction,dek§stRyksj§
décontamination,dek§taminasj§
décontaminer,dek§tamine
décontenancer,dek§t°n@se
décontenancé,dek§t°n@se
décontract,dek§tRakt
décontracter,dek§tRakte
décontraction,dek§tRaksj§
décontracté,dek§tRakte
déconvenue,dek§v°ny
décor,dekOR
décorateur,dekoRat9R
décoratif,dekoRatif
décoration,dekoRasj§
décorer,dekoRe
décorner,dekORne
décorticage,dekORtikaZ
décortication,dekORtikasj§
décortiquer,dekORtike
décortiqué,dekORtike
décorum,dekoROm
décoré,dekoRe
découcher,dekuSe
découdre,dekudR
découler,dekule
découpage,dekupaZ
découpe,dekup
découper,dekupe
découpeur,dekup9R
découplage,dekuplaZ
découpler,dekuple
découplé,dekuple
découpure,dekupyR
découpé,dekupe
décourageant,dekuRaZ@
découragement,dekuRaZ°m@
décourager,dekuRaZe
découragé,dekuRaZe
décours,dekuR
décousu,dekuzy
découvert,dekuvER
découverte,dekuvERt
découvreur,dekuvR9R
découvrir,dekuvRiR
décramponner,dekR@pone
décrassage,dekRasaZ
décrasser,dekRase
décret,dekRE
décret-loi,dekRElwa
décrier,dekRije
décriminaliser,dekRiminalise
décrire,dekRiR
décrisper,dekRispe
décrit,dekRi
décrié,dekRije
décrochage,dekRoSaZ
décrochant,dekRoS@
décrochement,dekROS°m@
décrocher,dekRoSe
décrochez-moi-ça,dekRoSemwasa
décroiser,dekRwaze
décroissance,dekRwas@s
décroissant,dekRwas@
décrotter,dekRote
décrottoir,dekRotwaR
décroît,dekRwa
décroître,dekRwatR
décrue,dekRy
décryptage,dekRiptaZ
décrypter,dekRipte
décrypteur,dekRipt9R
décrédibiliser,dekRedibilize
décrépit,dekRepi
décrépitude,dekRepityd
décréter,dekRete
décrêpage,dekREpaZ
décrêper,dekREpe
déculotter,dekylote
déculotté,dekylote
déculottée,dekylote
déculpabiliser,dekylpabilize
décuple,dekypl
décupler,dekyple
décuplé,dekyple
décuver,dekyve
décès,desE
décéder,desede
décédé,desede
décélération,deseleRasj§
décélérer,deseleRe
décérébration,deseRebRasj§
décérébrer,deseRebRe
dédaigner,dedeNe
dédaigneuse,dedEN2z
dédaigneusement,dedEN2z°m@
dédaigneux,dedEN2
dédain,ded5
dédale,dedal
dédicace,dedikas
dédicacer,dedikase
dédicacé,dedikase
dédicatoire,dedikatwaR
dédier,dedje
dédire,dediR
dédit,dedi
dédié,dedje
dédommagement,dedomaZ°m@
dédommager,dedomaZe
dédouanement,dedwan°m@
dédouaner,dedwane
dédoublement,dedubl°m@
dédoubler,deduble
dédramatiser,dedRamatize
déducteur,dedykt9R
déductibilité,dedyktibilite
déductible,dedyktibl
déductif,dedyktif
déduction,dedyksj§
déduire,ded8iR
déduit,ded8i
déesse,deEs
défaillance,defaj@s
défaillant,defaj@
défaillir,defajiR
défaire,defER
défait,defE
défaite,defEt
défaitisme,defetizm
défaitiste,defetist
défalquer,defalke
défarguer,defaRge
défausser,defose
défaut,defo
défaveur,defav9R
défavorable,defavoRabl
défavorablement,defavoRabl°m@
défavorisé,defavoRize
défectible,defEktibl
défectif,defEktif
défection,defEksj§
défectueusement,defEkt82z°m@
défectueux,defEkt82
défectuosité,defEkt8ozite
défendable,def@dabl
défendeur,def@d9R
défendre,def@dR
défends,def@
défendu,def@dy
défenestration,def°nEstRasj§
défenestrer,def°nEstRe
défens,def@
défense,def@s
défenseur,def@s9R
défensif,def@sif
défensive,def@siv
déferlant,defERl@
déferlante,defERl@t
déferlement,defERl°m@
déferler,defERle
déferrer,defeRe
déferré,defERe
défi,defi
défiance,defj@s
défiant,defj@
défibreur,defibR9R
défibrillateur,defibRilat9R
défibrillation,defibRilasj§
déficeler,defis°le
déficience,defisj@s
déficient,defisj@
déficit,defisit
déficitaire,defisitER
défier,defje
défiger,defiZe
défiguration,defigyRasj§
défigurement,defigyR°m@
défigurer,defigyRe
défiguré,defigyRe
défilement,defil°m@
défiler,defile
défilé,defile
défini,defini
définir,definiR
définissable,definisabl
définitif,definitif
définition,definisj§
définitivement,definitiv°m@
déflagration,deflagRasj§
déflationniste,deflasjOnist
déflecteur,deflEkt9R
déflexion,deflEksj§
défloraison,defloREz§
défloration,defloRasj§
déflorer,defloRe
défoliant,defOlj@
défonce,def§s
défoncement,def§s°m@
défoncer,def§se
défonceuse,def§s2z
défoncé,def§se
déforestation,defoREstasj§
déformant,defORm@
déformation,defORmasj§
déformer,defORme
déformé,defORme
défoulement,deful°m@
défouler,defule
défouloir,defulwaR
défourailler,defuRaje
défragmenteur,defRagm@t9R
défraiement,defREm@
défrayer,defReje
défraîchi,defRESi
défraîchir,defReSiR
défrichage,defRiSaZ
défrichement,defRiS°m@
défricher,defRiSe
défrisage,defRizaZ
défriser,defRize
défroisser,defRwase
défroque,defROk
défroquer,defROke
défroqué,defRoke
défunt,def1
défunter,def1te
défécation,defekasj§
défécatoire,defekatwaR
déféminiser,defeminize
déféquer,defeke
déférence,defeR@s
déférent,defeR@
déférer,defeRe
dégagement,degaZ°m@
dégager,degaZe
dégagé,degaZe
dégaine,degEn
dégainer,degene
dégarni,degaRni
dégarnir,degaRniR
dégauchir,degoSiR
dégauchisseuse,degoSis2z
dégazage,degazaZ
dégazer,degaze
dégel,deZEl
dégeler,deZ°le
dégelée,deZ°le
dégingandé,deZ5g@de
dégivrage,deZivRaZ
dégivrer,deZivRe
déglacer,deglase
déglingue,degl5g
déglinguer,degl5ge
déglingué,degl5ge
déglutir,deglytiR
déglutition,deglytisj§
dégobillage,degobijaZ
dégobiller,degobije
dégoiser,degwaze
dégommage,degomaZ
dégommer,degome
dégonflage,deg§flaZ
dégonflard,deg§flaR
dégonflement,deg§fl2m@
dégonfler,deg§fle
dégonflé,deg§fle
dégorgement,degORZ°m@
dégorger,degORZe
dégoter,degote
dégotter,degote
dégoulinade,degulinad
dégoulinant,degulin@
dégoulinement,degulin°m@
dégouliner,deguline
dégoupiller,degupije
dégourdi,deguRdi
dégourdir,deguRdiR
dégouttant,degut@
dégoutter,degute
dégoût,degu
dégoûtant,degut@
dégoûtation,degutasj§
dégoûter,degute
dégoûté,degute
dégradable,degRadabl
dégradant,degRad@
dégradation,degRadasj§
dégrader,degRade
dégradé,degRade
dégrafer,degRafe
dégrafeur,degRaf9R
dégraissage,degREsaZ
dégraissant,degREs@
dégraisser,degRese
dégriffer,degRife
dégriffeur,degRif9R
dégriffé,degRife
dégringolade,degR5golad
dégringoler,degR5gole
dégripper,degRipe
dégrisement,degRiz°m@
dégriser,degRize
dégrossi,degRosi
dégrossir,degRosiR
dégrossissage,degRosisaZ
dégrouiller,degRuje
dégrèvement,degREv°m@
dégréner,degRene
déguenillé,dEg°nije
déguerpir,degERpiR
dégueu,deg2
dégueulando,deg2l@do
dégueulasse,deg2las
dégueulassement,deg2las°m@
dégueulasser,deg2lase
dégueulasserie,deg2las°Ri
dégueuler,deg2le
dégueulis,deg2li
déguisement,degiz°m@
déguiser,degize
déguisé,degize
dégustateur,degystat9R
dégustation,degystasj§
déguster,degyste
dégât,dega
dégénératif,deZeneRatif
dégénération,deZeneRasj§
dégénérer,deZeneRe
dégénérescence,deZeneRes@s
dégénéré,deZeneRe
déhaler,deale
déhanchement,de@S°m@
déhancher,de@Se
déhanché,de@Se
déhiscence,deis@s
déhotter,deote
déicide,deisid
déification,deifikasj§
déifier,deifje
déisme,deism
déité,deite
déjanter,deZ@te
déjanté,deZ@te
déjection,deZEksj§
déjeté,dEZ°te
déjeuner,deZ9ne
déjouer,deZwe
déjuger,deZyZe
déjà,deZa
déjà-vu,deZavy
dékoulakisation,dekulakizasj§
délabrement,delabR°m@
délabrer,delabRe
délabré,delabRe
délacer,delase
délai,delE
délaissement,delEs°m@
délaisser,delese
délaissé,delEse
délassant,delas@
délassement,delas°m@
délasser,delase
délateur,delat9R
délation,delasj§
délaver,delave
délavé,delave
délayage,delEjaZ
délayer,deleje
délayé,deleje
délectable,delEktabl
délectation,delEktasj§
délecter,delEkte
délestage,delEstaZ
délester,delEste
délibération,delibeRasj§
délibératoire,delibeRatwaR
délibérer,delibeRe
délibéré,delibeRe
délibérément,delibeRem@
délicat,delika
délicatement,delikat°m@
délicatesse,delikatEs
délice,delis
délicieusement,delisj2z°m@
délicieux,delisj2
délictueux,delikt82
délier,delje
délimitant,delimit@
délimitation,delimitasj§
délimiter,delimite
délinquance,del5k@s
délinquant,del5k@
déliquescence,delikes@s
déliquescent,delikes@
délirant,deliR@
délire,deliR
délirer,deliRe
délit,deli
délivrance,delivR@s
délivre,delivR
délivrer,delivRe
délié,delje
délocalisation,delokalizasj§
délocaliser,delOkalize
déloger,deloZe
déloquer,deloke
délourder,deluRde
déloyal,delwajal
déloyalement,delwajal°m@
déloyauté,delwajote
déluge,delyZ
déluré,delyRe
délustrer,delystRe
délégation,delegasj§
déléguer,delege
délégué,delege
délégué-général,delegeZeneRal
délétère,deletER
démagnétiser,demaNetize
démago,demago
démagogie,demagoZi
démagogique,demagoZik
démagogue,demagOg
démailler,demaje
démailloter,demajote
démancher,dem@Se
démangeaison,dem@Zez§
démanger,dem@Ze
démanteler,dem@t°le
démantibuler,dem@tibyle
démantèlement,dem@tEl°m@
démaquillage,demakijaZ
démaquillant,demakij@
démaquiller,demakije
démarcation,demaRkasj§
démarchage,demaRSaZ
démarche,demaRS
démarcher,demaRSe
démarcheur,demaRS9R
démarier,demaRje
démarquer,demaRke
démarrage,demaRaZ
démarrer,demaRe
démarreur,demaR9R
démasquage,demaskaZ
démasquer,demaske
dématérialisation,demateRjalizasj§
dématérialiser,demateRijalize
démembrement,dem@bR°m@
démembrer,dem@bRe
démence,dem@s
démener,demne
dément,dem@
démenti,dem@ti
démentiel,dem@sjEl
démentir,dem@tiR
démerdard,demERdaR
démerde,demERd
démerder,demERde
démesure,dem°zyR
démesuré,dem°zyRe
démesurément,dem°zyRem@
démettre,demEtR
démilitarisation,demilitaRizasj§
déminage,deminaZ
déminer,demine
démineur,demin9R
démis,demi
démission,demisj§
démissionnaire,demisjonER
démissionner,demisjone
démiurge,demjyRZ
démobilisateur,demobilizat9R
démobilisation,demobilizasj§
démobiliser,demobilize
démobilisé,demobilize
démocrate,demokRat
démocrate-chrétien,demokRatkRetj5
démocratie,demokRasi
démocratique,demokRatik
démocratiquement,demokRatik°m@
démocratisation,demokRatizasj§
démocratiser,demokRatize
démoder,demode
démodulateur,demodylat9R
démodé,demode
démographie,demogRafi
démographique,demogRafik
démographiquement,demogRafik°m@
démolir,demoliR
démolisseur,demolis9R
démolition,demolisj§
démon,dem§
démoniaque,demonjak
démoniaquement,demOnjak°m@
démonique,demOnik
démonologie,demonoloZi
démonomanie,demonomani
démonstrateur,dem§stRat9R
démonstratif,dem§stRatif
démonstration,dem§stRasj§
démonstrativement,dem§stRativ°m@
démontable,dem§tabl
démontage,dem§taZ
démonte-pneu,dem§tpn2
démonter,dem§te
démontrable,dem§tRabl
démontrer,dem§tRe
démonté,dem§te
démoralisant,demoRaliz@
démoralisateur,demORalizat9R
démoralisation,demoRalizasj§
démoraliser,demoRalize
démoralisé,demoRalize
démordre,demORdR
démotique,demotik
démotivation,demotivasj§
démotiver,demOtive
démouler,demule
démultiplicateur,demyltiplikat9R
démultiplication,demyltiplikasj§
démultiplier,demyltiplije
démuni,demyni
démunir,demyniR
démurger,demyRZe
démuseler,demyz°le
démystificateur,demistifikat9R
démystification,demistifikasj§
démystifier,demistifje
démâter,demate
déménagement,demenaZ°m@
déménager,demenaZe
déménageur,demenaZ9R
démérite,demeRit
démériter,demeRite
démêlage,demElaZ
démêlant,demEl@
démêler,demele
démêloir,demElwaR
dénatalité,denatalite
dénaturation,denatyRasj§
dénaturer,denatyRe
dénaturé,denatyRe
dénazification,denazifikasj§
dénazifier,denazifje
déneigement,denEZ°m@
déneiger,denEZe
dénervation,den2Rvasj§
déni,deni
déniaisement,denjEz°m@
déniaiser,denjeze
dénicher,deniSe
dénicheur,deniS9R
dénier,denje
dénigrant,denigR@
dénigrement,denigR°m@
dénigrer,denigRe
dénivellation,denivElasj§
dénivelé,deniv°le
dénombrement,den§bR°m@
dénombrer,den§bRe
dénominateur,denominat9R
dénominatif,denominatif
dénomination,denominasj§
dénominer,denOmine
dénommer,denome
dénommé,denome
dénoncer,den§se
dénonciateur,den§sjat9R
dénonciation,den§sjasj§
dénoter,denote
dénouement,denum@
dénouer,denwe
dénoyauter,denwajote
dénoyauteur,denwajot9R
dénudation,denydasj§
dénuder,denyde
dénudé,denyde
dénuement,denym@
dénué,den8e
dénégation,denegasj§
déodorant,deodoR@
déontologie,de§toloZi
déontologique,de§toloZik
dépannage,depanaZ
dépanner,depane
dépanneur,depan9R
dépareiller,depaREje
dépareillé,depaREje
déparer,depaRe
déparler,depaRle
départ,depaR
départager,depaRtaZe
département,depaRt°m@
départemental,depaRt°m@tal
départementale,depaRt°m@tal
départir,depaRtiR
dépassant,depas@
dépassement,depas°m@
dépasser,depase
dépassé,depase
dépatouiller,depatuje
dépaver,depave
dépaysant,depeiz@
dépaysement,depeiz°m@
dépayser,depeize
dépecer,dep°se
dépeceur,dep°s9R
dépeindre,dep5dR
dépeint,dep5
dépenaillement,dep°naj°m@
dépenaillé,dep°naje
dépendance,dep@d@s
dépendant,dep@d@
dépendeur,dep@d9R
dépendre,dep@dR
dépens,dep@
dépense,dep@s
dépenser,dep@se
dépensier,dep@sje
déperdition,depERdisj§
dépersonnalisation,depERsOnalizasj§
dépersonnaliser,depERsonalize
dépeupler,dep9ple
dépeuplé,dep9ple
dépeçage,dep°saZ
déphasage,defazaZ
déphasé,defaze
dépiauter,depjote
dépigmentation,depigm@tasj§
dépilatoire,depilatwaR
dépiler,depile
dépiquage,depikaZ
dépiquer,depike
dépistage,depistaZ
dépister,depiste
dépit,depi
dépiter,depite
dépité,depite
déplacement,deplas°m@
déplacer,deplase
déplacé,deplase
déplaire,deplER
déplaisant,deplEz@
déplaisir,depleziR
déplantoir,depl@twaR
dépliable,deplijabl
dépliant,deplij@
dépliement,deplim@
déplier,deplije
déplisser,deplise
déploiement,deplwam@
déplorable,deploRabl
déplorablement,deploRabl°m@
déploration,deploRasj§
déplorer,deploRe
déployer,deplwaje
déployé,deplwaje
déplumer,deplyme
déplumé,deplyme
dépoiler,depwale
dépoitraillé,depwatRaje
dépoli,depoli
dépolluer,depOl8e
dépollution,depOlysj§
dépopulation,depopylasj§
déport,depOR
déportation,depORtasj§
déporter,depORte
déporté,depORte
déposant,depoz@
dépose,depoz
déposer,depoze
dépositaire,depozitER
déposition,depozisj§
dépossession,deposesj§
déposséder,deposede
dépoter,depote
dépotoir,depotwaR
dépoudrer,depudRe
dépouillage,depujaZ
dépouille,depuj
dépouillement,depuj°m@
dépouiller,depuje
dépouillé,depuje
dépourvu,depuRvy
dépoussiérage,depusjeRaZ
dépoussiérer,depusjeRe
dépravation,depRavasj§
dépraver,depRave
dépravé,depRave
déprendre,depR@dR
dépressif,depResif
dépression,depResj§
dépressionnaire,depREsjonER
dépressurisation,depREsyRizasj§
dépressuriser,depResyRize
déprimant,depRim@
déprime,depRim
déprimer,depRime
déprimé,depRime
déprogrammation,depROgRamasj§
déprogrammer,depRogRame
dépréciation,depResjasj§
déprécier,depResje
déprédateur,depRedat9R
déprédation,depRedasj§
dépucelage,depys°laZ
dépuceler,depys°le
dépuceleur,depys°l9R
députation,depytasj§
députer,depyte
député,depyte
député-maire,depytemER
dépénaliser,depenalize
dépérir,depeRiR
dépérissement,depeRis°m@
dépêche,depES
dépêcher,depeSe
dépêtrer,depetRe
dépôt,depo
dépôt-vente,depov@t
déqualifier,dekalifje
déquiller,dekije
déracinant,deRasin@
déracinement,deRasin°m@
déraciner,deRasine
déraciné,deRasine
déraillement,deRaj°m@
dérailler,deRaje
dérailleur,deRaj9R
déraison,deREz§
déraisonnable,deREzonabl
déraisonnablement,deREzonabl°m@
déraisonner,deREzone
dérangeant,deR@Z@
dérangement,deR@Z°m@
déranger,deR@Ze
dérangé,deR@Ze
dérapage,deRapaZ
déraper,deRape
dératisation,deRatizasj§
dératiser,deRatize
dératé,deRate
dérayer,deReje
déresponsabilisation,deREsp§sabilizasj§
dérider,deRide
dérision,deRizj§
dérisoire,deRizwaR
dérisoirement,deRizwaR°m@
dérivant,deRiv@
dérivatif,deRivatif
dérivation,deRivasj§
dérive,deRiv
dériver,deRive
dériveur,deRiv9R
dérivé,deRive
dérobade,deRobad
dérober,deRobe
dérobé,deRobe
dérogation,deRogasj§
dérogatoire,deROgatwaR
déroger,deRoZe
dérouillement,deRuj°m@
dérouiller,deRuje
dérouillée,deRuje
déroulant,deRul@
déroulement,deRul°m@
dérouler,deRule
dérouleur,deRul9R
déroutage,deRutaZ
déroutant,deRut@
déroute,deRut
déroutement,deRut°m@
dérouter,deRute
dérèglement,deREgl°m@
déréglage,deReglaZ
déréglementation,deRegl°m@tasj§
dérégler,deRegle
déréglé,deRegle
dérégulation,deRegylasj§
déréguler,deRegyle
déréliction,deReliksj§
désabusement,dezabyz°m@
désabuser,dezabyze
désabusé,dezabyze
désaccord,dezakOR
désaccorder,dezakORde
désaccoupler,dezakuple
désaccoutumer,dezakutyme
désacralisation,desakRalizasj§
désacraliser,desakRalize
désactivation,dezaktivasj§
désactiver,dezaktive
désadopter,dezadOpte
désaffectation,dezafEktasj§
désaffecter,dezafEkte
désaffection,dezafEksj§
désaffecté,dezafEkte
désagréable,dezagReabl
désagréablement,dezagReabl°m@
désagrégation,dezagRegasj§
désagréger,dezagReZe
désagrément,dezagRem@
désalinisation,dezalinizasj§
désaliénation,dezaljenasj§
désaltérer,dezalteRe
désamiantage,dezamj@taZ
désaminase,dezaminaz
désamorcer,dezamORse
désamorçage,dezamORsaZ
désamour,dezamuR
désangler,des@gle
désaper,desape
désapeurer,dezap9Re
désappointement,dezapw5t°m@
désappointer,dezapw5te
désappointé,dezapw5te
désapprendre,dezapR@dR
désapprobateur,dezapRobat9R
désapprobation,dezapRobasj§
désapprouver,dezapRuve
désargenté,dezaRZ@te
désarmant,dezaRm@
désarmement,dezaRm°m@
désarmer,dezaRme
désarmé,dezaRme
désarrimage,dezaRimaZ
désarroi,dezaRwa
désarticulation,dezaRtikylasj§
désarticuler,dezaRtikyle
désarçonner,dezaRsone
désarçonné,dezaRsone
désassembler,dezas@ble
désastre,dezastR
désastreusement,dezastR2z°m@
désastreux,dezastR2
désavantage,dezav@taZ
désavantager,dezav@taZe
désaveu,dezav2
désaveux,dezav2
désavouer,dezavwe
désaxement,dezaks°m@
désaxé,dezakse
désembourber,dez@buRbe
désembrouiller,dez@bRuje
désembuer,dez@b8e
désemparer,dez@paRe
désemparé,dez@paRe
désenchantement,dez@S@t°m@
désenchanter,dez@S@te
désenchanté,dez@S@te
désenchaînement,dez@SEn°m@
désenchaîner,dez@SEne
désenclavement,dez@klav°m@
désencrasser,dez@kRase
désenfler,dez@fle
désengagement,dez@gaZ°m@
désengager,dez@gaZe
désengluer,dez@glye
désengourdir,dez@guRdiR
désennuyer,dez@n8ije
désenrouler,dez@Rule
désensabler,dez@sable
désensibilisation,des@sibilizasj§
désensorceler,dez@sORs°le
désenvoûter,dez@vute
désert,dezER
déserter,dezERte
déserteur,dezERt9R
désertion,dezERsj§
désertique,dezERtik
déserté,dezERte
désespoir,dezEspwaR
désespérance,dezEspeR@s
désespérant,dezEspeR@
désespérer,dezEspeRe
désespéré,dezEspeRe
désespérément,dezEspeRem@
déshabillage,dezabijaZ
déshabillage-éclair,dezabijaZeklER
déshabiller,dezabije
déshabillé,dezabije
déshabité,dezabite
désharmonie,dezaRmoni
désherbage,dezERbaZ
désherbant,dezERb@
désherber,dezERbe
déshonneur,dezon9R
déshonnête,dezonEt
déshonorant,dezonoR@
déshonorer,dezonoRe
déshumanisation,dezymanizasj§
déshumaniser,dezymanize
déshumidification,dezymidifikasj§
déshydratation,dezidRatasj§
déshydrater,dezidRate
déshydraté,dezidRate
déshérence,dezeR@s
déshériter,dezeRite
déshérité,dezeRite
désignation,deziNasj§
désigner,deziNe
désigné,deziNe
désillusion,dezilyzj§
désillusionnement,dezilyzjOn°m@
désillusionner,dezilyzjone
désincarcération,dez5kaRseRasj§
désincarnation,dez5kaRnasj§
désincarner,dez5kaRne
désincarné,dez5kaRne
désincruster,dez5kRyste
désindividualisation,dez5divid8alizasj§
désinence,dezin@s
désinfectant,dez5fEkt@
désinfecter,dez5fEkte
désinfection,dez5fEksj§
désinformation,dez5fORmasj§
désinformer,dez5fORme
désinsectisation,dez5sektizasj§
désinsectiser,dez5sEktize
désinstaller,dez5stale
désintellectualiser,dez5tElEktyalize
désintoxication,dez5tOksikasj§
désintoxiquer,dez5tOksike
désintégrateur,dez5tegRat9R
désintégration,dez5tegRasj§
désintégrer,dez5tegRe
désintéressement,dez5teREs°m@
désintéresser,dez5teRese
désintéressé,dez5teRese
désintérêt,dez5teRE
désinviter,dez5vite
désinvolte,dez5vOlt
désinvolture,dez5vOltyR
désir,deziR
désirabilité,deziRabilite
désirable,deziRabl
désirant,deziR@
désirer,deziRe
désireux,deziR2
désiré,deziRe
désistement,dezist°m@
désister,deziste
désobligeance,dezobliZ@s
désobligeant,dezobliZ@
désobliger,dezobliZe
désobéir,dezobeiR
désobéissance,dezobeis@s
désobéissant,dezobeis@
désodorisant,dezodoRiz@
désodoriser,dezodoRize
désodé,dezode
désoeuvre,dez9vR
désoeuvrement,dez9vR°m@
désoeuvré,dez9vRe
désolant,dezol@
désolation,dezolasj§
désoler,dezole
désolidariser,desolidaRize
désolé,dezole
désopilant,dezopil@
désorbitation,dezORbitasj§
désorbiter,dezORbite
désordonné,dezORdone
désordonnément,dezORdonem@
désordre,dezORdR
désorganisateur,dezORganizat9R
désorganisation,dezORganizasj§
désorganiser,dezORganize
désorientation,dezoRj@tasj§
désorienter,dezoRj@te
désorienté,dezoRj@te
désormais,dezORmE
désossage,dezosaZ
désossement,dezOs°m@
désosser,dezose
désosseur,dezos9R
désoxygénation,dezOksiZenasj§
désoxyribonucléique,dezOksiRibonykleik
déspiritualisation,despiRit8alizasj§
déspiritualiser,despiRit8alize
déstabilisant,destabiliz@
déstabilisation,destabilizasj§
déstabiliser,destabilize
déstalinisation,destalinizasj§
déstockage,destOkaZ
déstructuration,destRyktyRasj§
déstructurer,destRyktyRe
désubjectiviser,desybZEktivize
désuet,dez8E
désuni,dezyni
désunion,dezynj§
désunir,dezyniR
désuétude,des8etyd
désynchronisation,des5kROnizasj§
déségrégation,desegRegasj§
désépaissir,dezepesiR
déséquilibre,dezekilibR
déséquilibrer,dezekilibRe
déséquilibré,dezekilibRe
déséquiper,dezekipe
détachable,detaSabl
détachant,detaS@
détachement,detaS°m@
détacher,detaSe
détacheur,detaS9R
détaché,detaSe
détail,detaj
détaillant,detaj@
détailler,detaje
détaillé,detaje
détaler,detale
détalonner,detalOne
détartrage,detaRtRaZ
détartrant,detaRtR@
détaxe,detaks
détectable,detEktabl
détecter,detEkte
détecteur,detEkt9R
détection,detEksj§
détective,detEktiv
détective-conseil,detEktivk§sEj
déteindre,det5dR
dételage,det°laZ
dételer,det°le
détendeur,det@d9R
détendre,det@dR
détendu,det@dy
détenir,dEt°niR
détente,det@t
détenteur,det@t9R
détention,det@sj§
détenu,dEt°ny
détergent,detERZ@
déterminant,detERmin@
détermination,detERminasj§
déterminer,detERmine
déterminisme,detERminizm
déterministe,detERminist
déterminé,detERmine
déterminément,detERminem@
déterrage,detERaZ
déterrer,deteRe
déterreur,detER9R
déterré,deteRe
détestable,detEstabl
détestablement,detEstabl°m@
détestation,detEstasj§
détester,detEste
détesté,detEste
détonant,deton@
détonateur,detonat9R
détonation,detonasj§
détoner,detone
détonner,detone
détour,detuR
détourage,detuRaZ
détournement,detuRn°m@
détourner,detuRne
détourneur,detuRn9R
détourné,detuRne
détracteur,detRakt9R
détraquement,detRak°m@
détraquer,detRake
détraqué,detRake
détrempe,detR@p
détremper,detR@pe
détresse,detREs
détricoter,detRikote
détriment,detRim@
détritus,detRitys
détroit,detRwa
détromper,detR§pe
détroncher,detR§Se
détrousser,detRuse
détrousseur,detRus9R
détruire,detR8iR
détrônement,detRon°m@
détrôner,detRone
détrôné,detRone
détérioration,deteRjoRasj§
détériorer,deteRjoRe
dévalement,deval°m@
dévaler,devale
dévaliser,devalize
dévalorisant,devalORiz@
dévalorisation,devaloRizasj§
dévaloriser,devaloRize
dévaluation,deval8asj§
dévaluer,deval8e
dévastateur,devastat9R
dévastation,devastasj§
dévaster,devaste
dévasté,devaste
déveine,devEn
développement,dev°lOp°m@
développer,dev°lope
développeur,dev°lop9R
développé,dev°lope
développée,dev°lope
déventer,dev@te
dévergondage,devERg§daZ
dévergonder,devERg§de
dévergondé,devERg§de
dévernir,devERniR
déverrouillage,devERujaZ
déverrouiller,devERuje
déversant,devERs@
déversement,devERs°m@
déverser,devERse
déversoir,devERswaR
déviance,devj@s
déviant,devj@
déviateur,devjat9R
déviation,devjasj§
déviationnisme,devjasjonizm
déviationniste,devjasjonist
dévider,devide
dévideur,devid9R
dévidoir,devidwaR
dévier,devje
dévirginiser,deviRZinize
dévirilisation,deviRilizasj§
dévisager,devizaZe
dévissable,devisabl
dévissage,devisaZ
dévisser,devise
dévissé,devise
dévitalisation,devitalizasj§
dévitaliser,devitalize
dévoiement,devwam@
dévoilant,devwal@
dévoilement,devwal°m@
dévoiler,devwale
dévolu,devoly
dévolution,devolysj§
dévonien,devonj5
dévorant,devoR@
dévorateur,devoRat9R
dévoration,devoRasj§
dévorer,devoRe
dévoreur,devoR9R
dévot,devo
dévotement,devOt°m@
dévotieusement,devosj2z°m@
dévotion,devosj§
dévouement,devum@
dévouer,devwe
dévoué,devwe
dévoyer,devwaje
dévoyé,devwaje
dévêtir,devetiR
dézinguer,dez5ge
déçu,desy
dîme,dim
dînatoire,dinatwaR
dîner,dine
dînette,dinEt
dîneur,din9R
dôle,dol
dôme,dom
dû,dy
dûment,dym@
e,2
e-commerce,ikomERs
e-mail,imEjl
east river,istRiv9R
eau,o
eau-de-vie,od°vi
eau-forte,ofORt
eau-minute,ominyt
eaux-fortes,ofORt
ecce homo,EtSeomo
ecchymose,ekimoz
ecchymosé,ekimoze
ecclésiastique,eklezjastik
ecsta,2ksta
ecstasy,Ekstazi
ectasie,2ktazi
ecthyma,Ektima
ectodermique,EktOdERmik
ectopie,EktOpi
ectopique,EktOpik
ectoplasme,Ektoplasm
ectoplasmique,Ektoplasmik
eczéma,Egzema
eczémateux,Egzemat2
edelweiss,edElvajs
effacement,efas°m@
effacer,efase
effaceur,efas9R
effacé,efase
effarant,efaR@
effarement,efaR°m@
effarer,efaRe
effarouchement,efaRuS°m@
effaroucher,efaRuSe
effarouché,efaRuSe
effarvatte,efaRvat
effaré,efaRe
effaçable,efasabl
effaçage,efasaZ
effectif,efEktif
effectivement,efEktiv°m@
effectivité,efEktivite
effectuer,efEkt8e
effendi,ef5di
effervescence,efERves@s
effervescent,efERves@
effet,efE
effeuillage,ef9jaZ
effeuiller,ef9je
efficace,efikas
efficacement,efikas°m@
efficacité,efikasite
efficience,efisj@s
efficient,efisj@
effigie,efiZi
effilement,efil°m@
effiler,efile
effilochage,efiloSaZ
effilocher,efiloSe
effilochure,efiloSyR
effilure,efilyR
effilé,efile
efflanqué,efl@ke
effleurage,efl9RaZ
effleurement,efl9R°m@
effleurer,efl9Re
efflorescence,efloRes@s
effluent,efly@
effluve,eflyv
effondrement,ef§dR°m@
effondrer,ef§dRe
effondré,ef§dRe
efforcer,efORse
effort,efOR
effraction,efRaksj§
effraie,efRE
effrayamment,efREjam@
effrayant,efREj@
effrayer,efREje
effrayé,efREje
effritement,efRit°m@
effriter,efRite
effroi,efRwa
effronterie,efR§t°Ri
effronté,efR§te
effrontément,efR§tem@
effroyable,efRwajabl
effroyablement,efRwajabl°m@
effréné,efRene
effusion,efyzj§
effusionniste,efyzjonist
efféminé,efemine
efrit,EfRit
ego,ego
eh,e
eider,edER
eidétique,Edetik
eldorado,EldoRado
elfe,Elf
elle,El
elle-même,ElmEm
elles,El
elles-mêmes,ElmEm
ellipse,elips
ellipsoïde,elipsoid
elliptique,eliptik
ellébore,elebOR
elzévir,ElzeviR
embabouiner,@babwine
emballage,@balaZ
emballement,@bal°m@
emballer,@bale
emballeur,@bal9R
emballé,@bale
embarcadère,@baRkadER
embarcation,@baRkasj§
embardée,@baRde
embargo,@baRgo
embarquement,@baRk°m@
embarquer,@baRke
embarras,@baRa
embarrassant,@baRas@
embarrasser,@baRase
embarrassé,@baRase
embarrure,@baRyR
embase,@baz
embastiller,@bastije
embauchage,@boSaZ
embauche,@boS
embaucher,@boSe
embauchoir,@boSwaR
embaumant,@bom@
embaumement,@bom°m@
embaumer,@bome
embaumeur,@bom9R
embellie,@bEli
embellir,@beliR
embellissement,@belis°m@
emberlificoter,@bERlifikote
emberlificoté,@bERlifikote
emberlucoquer,@bERlykoke
emblaver,@blave
emblavure,@blavyR
emblème,@blEm
emblématique,@blematik
embobeliner,@bOb°line
embobiner,@bobine
embole,@bOl
embolie,@boli
embolique,@bOlik
embonpoint,@b§pw5
embosser,@bose
embouche,@buS
emboucher,@buSe
embouchoir,@buSwaR
embouchure,@buSyR
embouché,@buSe
embouquer,@buke
embourber,@buRbe
embourbé,@buRbe
embourgeoisement,@buRZwaz°m@
embourgeoiser,@buRZwaze
embourgeoisé,@buRZwaze
embout,@bu
embouteillage,@butEjaZ
embouteiller,@buteje
embouti,@buti
emboutir,@butiR
emboutisseur,@butis9R
emboîtage,@bwataZ
emboîtement,@bwat°m@
emboîter,@bwate
embranchement,@bR@S°m@
embraquer,@bRake
embrasement,@bRaz°m@
embraser,@bRaze
embrassade,@bRasad
embrassant,@bRas@
embrasse,@bRas
embrassement,@bRas°m@
embrasser,@bRase
embrasseur,@bRas9R
embrassé,@bRase
embrasure,@bRazyR
embrasé,@bRaze
embrayage,@bREjaZ
embrayer,@bReje
embrigadé,@bRigade
embringuer,@bR5ge
embrocation,@bRokasj§
embrocher,@bRoSe
embrouillage,@bRujaZ
embrouillamini,@bRujamini
embrouille,@bRuj
embrouillement,@bRuj°m@
embrouiller,@bRuje
embrouilleur,@bRuj9R
embrouillé,@bRuje
embroussailler,@bRusaje
embroussaillé,@bRusaje
embruiné,@bR8ine
embrumer,@bRyme
embrumé,@bRyme
embrun,@bR1
embryologie,@bRijoloZi
embryologiste,@bRijOlOZist
embryon,@bRij§
embryonnaire,@bRijonER
embu,@by
embuer,@b8e
embuscade,@byskad
embusquer,@byske
embusqué,@byske
embué,@b8e
embâcle,@bakl
embêtant,@bEt@
embêtement,@bEt°m@
embêter,@bete
embêté,@bEte
embûche,@byS
emergency,im9RdZansi
emmagasiner,@magazine
emmaillotement,@majOt°m@
emmailloter,@majote
emmailloté,@majote
emmanchage,@m@SaZ
emmancher,@m@Se
emmanchure,@m@SyR
emmener,@m°ne
emmental,em5tal
emmenthal,em@tal
emmerdant,@mERd@
emmerde,@mERd
emmerdement,@mERd°m@
emmerder,@mERde
emmerdeur,@mERd9R
emmi,@mi
emmitoufler,@mitufle
emmitouflé,@mitufle
emmurement,@myR°m@
emmurer,@myRe
emmuré,@myRe
emménagement,@menaZ°m@
emménager,@menaZe
emmêlement,@mEl°m@
emmêler,@mele
emmêlé,@mele
empaffer,@pafe
empaffé,@pafe
empailler,@paje
empailleur,@paj9R
empaillé,@paje
empalement,@pal°m@
empaler,@pale
empalé,@pale
empan,@p@
empanaché,@panaSe
empanner,@pane
empapaouter,@papaute
empaquetage,@pak°taZ
empaqueter,@pak°te
empaqueteur,@pak°t9R
empaqueté,@pak°te
emparer,@paRe
empathie,@pati
empathique,@patik
empattement,@pat°m@
empaumer,@pome
empaumure,@pomyR
empeigne,@pEN
empennage,@p°naZ
empenne,@pEn
empereur,@p°R9R
emperler,@pERle
emperlé,@pERle
empesage,@p°zaZ
empester,@pEste
empesé,@p°ze
emphase,@faz
emphatique,@fatik
emphatiquement,@fatik°m@
emphysème,@fizEm
empierrage,@pjeRaZ
empierrement,@pjER°m@
empierrer,@pjERe
empierré,@pjeRe
empiffrer,@pifRe
empilage,@pilaZ
empilement,@pil°m@
empiler,@pile
empire,@piR
empirer,@piRe
empirique,@piRik
empiriquement,@piRik°m@
empirisme,@piRizm
empiècement,@pjEs°m@
empiétement,@pjEt°m@
empiéter,@pjete
emplacement,@plas°m@
emplafonner,@plafone
emplanture,@pl@tyR
emplette,@plEt
empli,@pli
emplir,@pliR
emploi,@plwa
employer,@plwaje
employeur,@plwaj9R
employé,@plwaje
emplumé,@plyme
emplâtrage,@platRaZ
emplâtre,@platR
emplâtrer,@platRe
empocher,@poSe
empoignade,@pwaNad
empoignant,@pwaN@
empoigne,@pwaN
empoigner,@pwaNe
empoiler,@pwale
empois,@pwa
empoisonnant,@pwazon@
empoisonnement,@pwazOn°m@
empoisonner,@pwazone
empoisonneur,@pwazon9R
empoisser,@pwase
empoissonner,@pwasone
emporium,@poRjOm
emport,@pOR
emporte-pièce,@pORt°pjEs
emportement,@pORt°m@
emporter,@pORte
emporté,@pORte
empoté,@pote
empourprer,@puRpRe
empoussiéré,@pusjeRe
empreint,@pR5
empreinte,@pR5t
empressement,@pREs°m@
empresser,@pREse
empressé,@pRese
emprise,@pRiz
emprisonnement,@pRizOn°m@
emprisonner,@pRizone
emprisonné,@pRizone
emprunt,@pR1
emprunter,@pR1te
emprunteur,@pR1t9R
emprunté,@pR1te
empuanti,@p8@ti
empuantir,@p8@tiR
empyrée,@piRe
empâtement,@pat°m@
empâter,@pate
empâté,@pate
empêchement,@pES°m@
empêcher,@peSe
empêcheur,@pES9R
empêché,@peSe
empêtrer,@petRe
empêtré,@petRe
en,@
en catimini,@katimini
en loucedé,@lusde
en tapinois,@tapinwa
en-avant,@nav@
en-but,@byt
en-cas,@ka
en-cours,@kuR
en-dehors,@d2OR
en-tête,@tEt
encablure,@kablyR
encadrant,@kadR@
encadrement,@kadR°m@
encadrer,@kadRe
encadreur,@kadR9R
encadré,@kadRe
encager,@kaZe
encagé,@kaZe
encaissable,@kEsabl
encaissant,@kEs@
encaisse,@kEs
encaissement,@kEs°m@
encaisser,@kese
encaisseur,@kEs9R
encaissé,@kese
encalminé,@kalmine
encanaillement,@kanaj°m@
encanailler,@kanaje
encapsuler,@kapsyle
encapuchonné,@kapySone
encart,@kaR
encartage,@kaRtaZ
encarter,@kaRte
encas,@ka
encaserner,@kazERne
encastrement,@kastR°m@
encastrer,@kastRe
encastré,@kastRe
encaustique,@kostik
encaustiquer,@kostike
encaustiqué,@kostike
encaver,@kave
enceinte,@s5t
enceinter,@s5te
encellulement,@sElyl°m@
encens,@s@
encensement,@s@s°m@
encenser,@s@se
encensoir,@s@swaR
encerclement,@sERkl°m@
encercler,@sERkle
enchantement,@S@t°m@
enchanter,@S@te
enchanteur,@S@t9R
enchanté,@S@te
enchaînement,@SEn°m@
enchaîner,@Sene
enchaîné,@Sene
enchevêtrement,@S°vEtR°m@
enchevêtré,@S°vEtRe
enchrister,@kRiste
enchtiber,@tibe
enchâsser,@Sase
enchâssé,@Sase
enchère,@SER
enchérir,@SeRiR
enchérisseur,@SeRis9R
enclave,@klav
enclavé,@klave
enclenche,@kl@S
enclenchement,@kl@S°m@
enclencher,@kl@Se
enclenché,@kl@Se
enclin,@kl5
encliqueter,@klik°te
enclore,@klOR
enclos,@klo
enclosure,@klozyR
enclouer,@klue
encloîtrer,@klwatRe
enclume,@klym
encoche,@kOS
encoconner,@kokone
encodage,@kodaZ
encoder,@kode
encodeur,@kod9R
encoignure,@kONyR
encollage,@kolaZ
encoller,@kole
encolure,@kolyR
encombrant,@k§bR@
encombre,@k§bR
encombrement,@k§bR°m@
encombrer,@k§bRe
encombré,@k§bRe
encor,@kOR
encorbellement,@kORbEl°m@
encorder,@kORde
encordé,@kORde
encore,@kOR
encorner,@kORne
encornet,@kORnE
encorné,@kORne
encotonner,@kotone
encourageant,@kuRaZ@
encouragement,@kuRaZ°m@
encourager,@kuRaZe
encourir,@kuRiR
encours,@kuR
encrage,@kRaZ
encrasser,@kRase
encrassé,@kRase
encre,@kR
encrer,@kRe
encreur,@kR9R
encrier,@kRije
encroûtement,@kRut°m@
encroûter,@kRute
encroûté,@kRute
encryptage,@kRiptaZ
enculade,@kylad
enculage,@kylaZ
enculer,@kyle
enculerie,@kyl°Ri
enculeur,@kyl9R
enculé,@kyle
encyclique,@siklik
encyclopédie,@siklopedi
encyclopédique,@siklopedik
encéphale,@sefal
encéphalique,@sefalik
encéphalite,@sefalit
encéphalogramme,@sefalogRam
encéphalographie,@sefalogRafi
encéphalopathie,@sefalopati
endettement,@dEt°m@
endetter,@dete
endetté,@dete
endeuiller,@d9je
endeuillé,@d9je
endiablé,@djable
endiamanté,@djam@te
endiguement,@dig°m@
endiguer,@dige
endimanchement,@dim@S°m@
endimancher,@dim@Se
endimanché,@dim@Se
endive,@div
endocarde,@dokaRd
endocardite,@dOkaRdit
endocrine,@dokRin
endocrinien,@dokRinj5
endocrinologie,@dokRinoloZi
endocrinologiste,@dOkRinOlOZist
endocrinologue,@dokRinolOg
endoctrinement,@dOktRin°m@
endoctriner,@dOktRine
endogamie,@dogami
endogène,@doZEn
endolori,@doloRi
endolorir,@doloRiR
endolorissement,@doloRis°m@
endommagement,@dOmaZ°m@
endommager,@domaZe
endommagé,@domaZe
endomorphe,@dOmORf
endomorphine,@domORfin
endométriose,@dOmetRijoz
endométrite,@dOmetRit
endoplasmique,@dOplasmik
endormant,@dORm@
endormeur,@dORm9R
endormi,@dORmi
endormir,@dORmiR
endormissement,@dORmis°m@
endorphine,@dORfin
endoscope,@doskOp
endoscopie,@doskopi
endoscopique,@dOskOpik
endosquelette,@dosk°lEt
endosse,@dos
endossement,@dos°m@
endosser,@dose
endosseur,@dos9R
endothermique,@dotERmik
endroit,@dRwa
enduire,@d8iR
enduit,@d8i
endurable,@dyRabl
endurance,@dyR@s
endurant,@dyR@
endurci,@dyRsi
endurcir,@dyRsiR
endurcissement,@dyRsis°m@
endurer,@dyRe
endémique,@demik
endêver,@dEve
enfance,@f@s
enfant,@f@
enfant-robot,@f@Robo
enfant-roi,@f@Rwa
enfantement,@f@t°m@
enfanter,@f@te
enfantillage,@f@tijaZ
enfantin,@f@t5
enfantinement,@f@tin°m@
enfançon,@f@s§
enfariner,@faRine
enfariné,@faRine
enfer,@fER
enfermement,@fERm°m@
enfermer,@fERme
enfermé,@fERme
enferrer,@fERe
enfilade,@filad
enfilage,@filaZ
enfiler,@file
enfileur,@fil9R
enfilé,@file
enfin,@f5
enfiévré,@fjevRe
enflammer,@flame
enflammé,@flame
enfler,@fle
enflure,@flyR
enflé,@fle
enfoiré,@fwaRe
enfoncement,@f§s°m@
enfoncer,@f§se
enfonceur,@f§s9R
enfoncé,@f§se
enfonçage,@f§saZ
enfoui,@fwi
enfouiller,@fuje
enfouir,@fwiR
enfouissement,@fwis°m@
enfouraillé,@fuRaje
enfourchement,@fuRS°m@
enfourcher,@fuRSe
enfourchure,@fuRSyR
enfournage,@fuRnaZ
enfourner,@fuRne
enfreindre,@fR5dR
enfuir,@f8iR
enfumer,@fyme
enfumé,@fyme
engageable,@gaZabl
engageant,@gaZ@
engagement,@gaZ°m@
engager,@gaZe
engagé,@gaZe
engeance,@Z@s
engelure,@Z°lyR
engendrement,@Z@dR°m@
engendrer,@Z@dRe
engin,@Z5
engineering,EnZiniRiG
englander,@gl@d9R
engliche,@gliS
englobant,@glob@
englober,@globe
engloutir,@glutiR
engloutissement,@glutis°m@
engluer,@glye
englué,@gl8e
engoncement,@g§s°m@
engoncé,@g§se
engorgement,@gORZ°m@
engorger,@gORZe
engorgé,@gORZe
engouement,@gum@
engouffrement,@gufR°m@
engouffrer,@gufRe
engoulevent,@gul°v@
engourdi,@guRdi
engourdir,@guRdiR
engourdissant,@guRdis@
engourdissement,@guRdis°m@
engrais,@gRE
engraissement,@gREs°m@
engraisser,@gRese
engrangement,@gR@Z°m@
engranger,@gR@Ze
engravement,@gRav°m@
engraver,@gRave
engrenage,@gR°naZ
engrener,@gR°ne
engrosser,@gRose
engueulade,@g2lad
engueuler,@g2le
enguirlander,@giRl@de
enhardir,@aRdiR
enhardissement,@aRdis°m@
enivrant,@nivR@
enivrement,@nivR°m@
enivrer,@nivRe
enjamber,@Z@be
enjambeur,@Z@b9R
enjambée,@Z@be
enjeu,@Z2
enjoindre,@Zw5dR
enjoint,@Zw5
enjoliver,@Zolive
enjoliveur,@Zoliv9R
enjouement,@Zum@
enjoué,@Zwe
enjuiver,@Z8ive
enjôlement,@Zol°m@
enjôler,@Zole
enjôleur,@Zol9R
enkyster,@kiste
enlacement,@las°m@
enlacer,@lase
enlaidir,@lediR
enlaidissement,@ledis°m@
enlaçant,@las@
enlever,@l°ve
enlevé,@l°ve
enliasser,@ljase
enlisement,@liz°m@
enliser,@lize
enluminer,@lymine
enlumineur,@lymin9R
enluminure,@lyminyR
enluminé,@lymine
enlèvement,@lEv°m@
enneigement,@nEZ°m@
enneiger,@nEZe
enneigé,@neZe
ennemi,En°mi
ennoblir,@nobliR
ennoblissement,@noblis°m@
ennuager,@n8aZe
ennui,@n8i
ennuyant,@n8ij@
ennuyer,@n8ije
ennuyeux,@n8ij2
ennuyé,@n8ije
enorgueillir,@nORg9jiR
enquiller,@kije
enquiquinant,@kikin@
enquiquinement,@kikin°m@
enquiquiner,@kikine
enquiquineur,@kikin9R
enquérir,@keRiR
enquête,@kEt
enquêter,@kete
enquêteur,@kEt9R
enracinement,@Rasin°m@
enraciner,@Rasine
enraciné,@Rasine
enragement,@RaZ°m@
enrager,@RaZe
enragé,@RaZe
enrayage,@REjaZ
enrayement,@REjm@
enrayer,@Reje
enregistrable,@R°ZistRabl
enregistrement,@R°ZistR°m@
enregistrer,@R°ZistRe
enregistreur,@R°ZistR9R
enrhumer,@Ryme
enrhumé,@Ryme
enrichi,@RiSi
enrichir,@RiSiR
enrichissant,@RiSis@
enrichissement,@RiSis°m@
enrobage,@RobaZ
enrober,@Robe
enrobé,@Robe
enrouement,@Rum@
enrouer,@Rwe
enroulage,@RulaZ
enroulement,@Rul°m@
enrouler,@Rule
enroué,@Rwe
enrubanner,@Rybane
enrubanné,@Rybane
enrégimenter,@ReZim@te
enrôlement,@Rol°m@
enrôler,@Role
enrôlé,@Role
ensablement,@sabl°m@
ensabler,@sable
ensablé,@sable
ensacher,@saSe
ensanglantement,@s@gl@t°m@
ensanglanter,@s@gl@te
ensanglanté,@s@gl@te
ensauvagement,@sovaZ°m@
enseignant,@sEN@
enseignant-robot,@sEN@Robo
enseigne,@sEN
enseignement,@sEN°m@
enseigner,@seNe
enseigneur,@sEN9R
enseigné,@seNe
ensellement,@sEl°m@
ensellure,@selyR
ensellé,@sele
ensemble,@s@bl
ensemencement,@s°m@s°m@
ensemencer,@s°m@se
enserrer,@seRe
enseveli,@s°v°li
ensevelir,@s°v°liR
ensevelissement,@s°v°lis°m@
ensoleillement,@solEj°m@
ensoleiller,@soleje
ensoleillé,@solEje
ensommeiller,@somEje
ensommeillé,@somEje
ensorcelant,@sORs°l@
ensorceler,@sORs°le
ensorceleur,@sORs°l9R
ensorcellement,@sORsEl°m@
ensorcelé,@sORs°le
ensouple,@supl
ensuite,@s8it
ensuivre,@s8ivR
entablement,@tabl°m@
entacher,@taSe
entaché,@taSe
entaille,@taj
entailler,@taje
entaillé,@taje
entame,@tam
entamer,@tame
entassement,@tas°m@
entasser,@tase
ente,@t
entement,@t°m@
entendant,@t@d@
entendement,@t@d°m@
entendeur,@t@d9R
entendre,@t@dR
entendu,@t@dy
entente,@t@t
enter,@te
enterrement,@tER°m@
enterrer,@teRe
enterreur,@tER9R
enterré,@teRe
enthalpie,@talpi
enthousiasmant,@tuzjasm@
enthousiasme,@tuzjasm
enthousiasmer,@tuzjasme
enthousiaste,@tuzjast
entichement,@tiS°m@
enticher,@tiSe
entier,@tje
entifler,@tifle
entité,@tite
entièrement,@tjER°m@
entièreté,@tjER°te
entoilage,@twalaZ
entoiler,@twale
entolome,@tolOm
entomologie,@tomoloZi
entomologique,@tomoloZik
entomologiste,@tomoloZist
entonner,@tone
entonnoir,@tonwaR
entorse,@tORs
entortillage,@tORtijaZ
entortillement,@tORtij°m@
entortiller,@tORtije
entortillé,@tORtije
entour,@tuR
entourage,@tuRaZ
entourer,@tuRe
entourloupe,@tuRlup
entourlouper,@tuRlupe
entourloupette,@tuRlupEt
entouré,@tuRe
entr'acte,@tRakt
entr'aimer,@tREme
entr'apercevoir,@tRapERs°vwaR
entr'ouvert,@tRuvER
entr'égorger,@tRegORZe
entracte,@tRakt
entraide,@tREd
entraider,@tREde
entrailles,@tRaj
entrain,@tR5
entrant,@tR@
entrapercevoir,@tRapERs°vwaR
entrave,@tRav
entraver,@tRave
entravé,@tRave
entraînant,@tREn@
entraînement,@tREn°m@
entraîner,@tRene
entraîneur,@tREn9R
entraîné,@tRene
entre,@tR
entre-deux,@tR°d2
entre-deux-guerres,@tR°d2gER
entre-déchirer,@tR°deSiRe
entre-dévorer,@tR°devoRe
entre-jambe,@tR°Z@b
entre-jambes,@tR°Z@b
entre-rail,@tR°Raj
entre-temps,@tR°t@
entre-tuer,@tR°t8e
entrebattre,@tR°batR
entrebâillement,@tR°baj°m@
entrebâiller,@tR°baje
entrebâilleur,@tR2baj9R
entrebâillé,@tR°baje
entrechat,@tR°Sa
entrechoc,@tR°SOk
entrechoquement,@tR°SOk°m@
entrechoquer,@tR°Soke
entrecouper,@tR°kupe
entrecoupé,@tR°kupe
entrecroisement,@tR°kRwaz°m@
entrecroiser,@tR°kRwaze
entrecuisse,@tR°k8is
entrecôte,@tR°kot
entredévorer,@tR°devoRe
entrefilet,@tR°filE
entregent,@tR°Z@
entrejambe,@tR°Z@b
entrelacement,@tR°las°m@
entrelacer,@tR°lase
entrelacs,@tR°la
entrelacé,@tR°lase
entrelarder,@tR°laRde
entrelardé,@tR°laRde
entremets,@tR°mE
entremetteur,@tR°mEt9R
entremettre,@tR°mEtR
entremise,@tR°miz
entremêlement,@tR°mEl°m@
entrepont,@tR°p§
entreposage,@tR°pozaZ
entreposer,@tR°poze
entreposé,@tR°poze
entreprenant,@tR°pR°n@
entreprendre,@tR°pR@dR
entrepreneur,@tR°pR°n9R
entreprise,@tR°pRiz
entrepôt,@tR°po
entrer,@tRe
entresol,@tR°sOl
entreteneur,@tR°t°n9R
entretenir,@tR°t°niR
entretenu,@tR°t°ny
entretien,@tR°tj5
entretoise,@tR°twaz
entretoisement,@tR°twaz°m@
entretuer,@tR°tye
entrevoir,@tR°vwaR
entrevous,@tR°vu
entrevue,@tR°vy
entrisme,@tRizm
entropie,@tRopi
entropique,@tRopik
entrouvert,@tRuvER
entrouverture,@tRuvERtyR
entrouvrir,@tRuvRiR
entrée,@tRe
entrée-sortie,@tResORti
entuber,@tybe
enturbanner,@tyRbane
enturbanné,@tyRbane
enture,@tyR
enténébrer,@tenebRe
entérinement,@teRin°m@
entériner,@teRine
entérique,@teRik
entérite,@teRit
entérocolite,@teRokolit
entérovirus,@teRoviRys
entêtant,@tEt@
entêtement,@tEt°m@
entêter,@tete
entêté,@tete
entôlage,@tolaZ
entôler,@tole
entôleur,@tol9R
envahi,@vai
envahir,@vaiR
envahissant,@vais@
envahissement,@vais°m@
envahisseur,@vais9R
envasement,@vaz°m@
envaser,@vaze
enveloppant,@v°lop@
enveloppe,@v°lOp
enveloppement,@v°lOp°m@
envelopper,@v°lope
enveloppeur,@v°lop9R
enveloppé,@v°lope
envenimer,@v°nime
envenimé,@v°nime
envergure,@vERgyR
envers,@vER
enviable,@vjabl
enviandé,@vj@de
envie,@vi
envier,@vje
envieux,@vj2
environ,@viR§
environnant,@viRon@
environnement,@viROn°m@
environnemental,@viROn°m@tal
environner,@viRone
envisageable,@vizaZabl
envisager,@vizaZe
envisagé,@vizaZe
envoi,@vwa
envol,@vOl
envoler,@vole
envolée,@vole
envoyer,@vwaje
envoyeur,@vwaj9R
envoyé,@vwaje
envoûtant,@vut@
envoûtement,@vut°m@
envoûter,@vute
envoûteur,@vut9R
envoûté,@vute
enzymatique,@zimatik
enzyme,@zim
epsilon,Epsil§
erg,ERg
ergastule,ERgastyl
ergo,ERgo
ergol,ERgOl
ergonomie,ERgonomi
ergonomique,ERgonomik
ergot,ERgo
ergotage,ERgotaZ
ergotamine,ERgotamin
ergoter,ERgote
ergoteur,ERgot9R
ergothérapeute,ERgoteRap2t
ergothérapie,ERgoteRapi
ergoté,ERgote
ermitage,ERmitaZ
ermite,ERmit
erpétologiste,ERpetOlOZist
errance,ER@s
errant,ER@
erratique,ERatik
erratum,eRatOm
erre,ER
errements,ER°m@
errer,ERe
erreur,ER9R
erroné,ERone
ers,ER
ersatz,ERzats
esbaudir,EzbodiR
esbigner,EsbiNe
esbroufe,EsbRuf
esbroufer,EsbRufe
esbroufeur,EzbRuf9R
escabeau,Eskabo
escadre,EskadR
escadrille,EskadRij
escadrin,EskadR5
escadron,EskadR§
escagasser,Eskagase
escalade,Eskalad
escalader,Eskalade
escaladeur,Eskalad9R
escalator,EskalatOR
escale,Eskal
escalier,Eskalje
escalope,EskalOp
escamotable,Eskamotabl
escamotage,EskamotaZ
escamoter,Eskamote
escamoteur,Eskamot9R
escampette,Esk@pEt
escapade,Eskapad
escape,Eskap
escarbille,EskaRbij
escarboucle,EskaRbukl
escarcelle,EskaRsEl
escargot,EskaRgo
escarmouche,EskaRmuS
escarpement,EskaRp°m@
escarpin,EskaRp5
escarpolette,EskaRpolEt
escarpé,EskaRpe
escarre,EskaR
eschatologie,EskatoloZi
esche,ES
escher,ESe
escient,esj@
esclaffement,Esklafm@
esclaffer,Esklafe
esclandre,Eskl@dR
esclavage,EsklavaZ
esclavager,EsklavaZe
esclavagisme,EsklavaZizm
esclavagiste,EsklavaZist
esclave,Esklav
escogriffe,EskogRif
escompte,Esk§t
escompter,Esk§te
escopette,EskopEt
escorte,EskORt
escorter,EskORte
escorteur,EskORt9R
escot,Esko
escouade,Eskwad
escrime,EskRim
escrimer,EskRime
escrimeur,EskRim9R
escroc,EskRo
escroquer,EskRoke
escroquerie,EskROk°Ri
escudo,Eskydo
esgourde,EsguRd
esgourder,EsguRde
eskimo,Eskimo
espace,Espas
espace-temps,Espast@
espacement,Espas°m@
espacer,Espase
espacé,Espase
espada,Espada
espadon,Espad§
espadrille,EspadRij
espagnol,EspaNOl
espagnolette,EspaNolEt
espalier,Espalje
espar,EspaR
espars,EspaR
esperanto,EspeR@to
espingo,Esp5go
espingole,Esp5gOl
espingouin,Esp5gw5
espion,Espj§
espionite,Espjonit
espionnage,EspjonaZ
espionner,Espjone
espionnite,Espjonit
espiègle,EspjEgl
espièglement,EspjEgl2m@
espièglerie,EspjEgl°Ri
esplanade,Esplanad
espoir,EspwaR
esprit,EspRi
esprit-de-sel,EspRid°sEl
esprit-de-vin,EspRid°v5
espèce,EspEs
espérance,EspeR@s
espérantiste,EspeR@tist
espéranto,EspeR@to
espérer,EspeRe
esquif,Eskif
esquille,Eskij
esquimau,Eskimo
esquintement,Esk5t°m@
esquinter,Esk5te
esquinté,Esk5te
esquire,EskiR
esquisse,Eskis
esquisser,Eskise
esquive,Eskiv
esquiver,Eskive
essai,esE
essaim,es5
essartage,EsaRtaZ
essayage,esEjaZ
essayer,eseje
essayeur,esEj9R
essayiste,esejist
esse,Es
essence,es@s
essential,Es@tjal
essentialisme,Es@sjalizm
essentiel,es@sjEl
essentiellement,es@sjEl°m@
esseulement,s9l°m@
esseulé,es9le
essieu,Esj2
essieux,Esj2
essor,esOR
essorage,esoRaZ
essorer,esoRe
essoreuse,esoR2z
essoré,EsoRe
essoufflement,esufl°m@
essouffler,esufle
essoufflé,esufle
essuie,Es8i
essuie-glace,Es8iglas
essuie-mains,Es8im5
essuie-tout,Es8itu
essuyage,es8ijaZ
essuyer,es8ije
essuyeur,es8ij9R
est,Est
est-africain,EstafRik5
est-allemand,Estal°m@
est-ce,Es°
est-ce qu,Es°k°
est-ce que,Es°k°
est-ce-que,Es°k°
est-ouest,EstwEst
establishment,EstabliSmEnt
estacade,Estakad
estafette,EstafEt
estafier,Estafje
estafilade,Estafilad
estagnon,EstaN§
estaminet,EstaminE
estampage,Est@paZ
estampe,Est@p
estamper,Est@pe
estampille,Est@pij
estampiller,Est@pije
estampillé,Est@pije
estancia,Est@sja
este,Est
ester,estER
ester,este
esthète,EstEt
esthésiomètre,EstezjomEtR
esthéticien,Estetisj5
esthétique,Estetik
esthétiquement,Estetik°m@
esthétisme,Estetizm
estimable,Estimabl
estimation,Estimasj§
estime,Estim
estimer,Estime
estival,Estival
estivant,Estiv@
estoc,EstOk
estocade,Estokad
estom,EstOm
estomac,Estoma
estomaquer,Estomake
estompe,Est§p
estomper,Est§pe
estompé,Est§pe
estonien,Estonj5
estonienne,EstOnjEn
estoquer,Estoke
estouffade,Estufad
estourbir,EstuRbiR
estrade,EstRad
estragon,EstRag§
estrapade,EstRapad
estrogène,EstROZEn
estropier,EstRopje
estropié,EstRopje
estuaire,Est8ER
estudiantin,Estydj@t5
esturgeon,EstyRZ§
et,e
et caetera,etseteRa
et cetera,etseteRa
et seq,Etsek
etc,EtseteRa
etc.,EtseteRa
etcetera,EtseteRa
ethmoïdal,EtmOidal
ethnicité,Etnisite
ethnie,Etni
ethnique,Etnik
ethniquement,Etnik°m@
ethnobotaniste,Etnobotanist
ethnographe,EtnogRaf
ethnographie,EtnogRafi
ethnographique,EtnogRafik
ethnologie,EtnoloZi
ethnologique,EtnoloZik
ethnologue,EtnolOg
eubage,2baZ
eubine,2bin
eucalyptus,2kaliptys
eucharistie,2kaRisti
eucharistique,2kaRistik
euclidien,2klidj5
eugénique,2Zenik
eugénisme,2Zenizm
euh,2
eulogie,2loZi
eunuque,2nyk
euphonie,2foni
euphonique,2fonik
euphoniquement,2fonik°m@
euphorbe,2fORb
euphorie,2foRi
euphorique,2foRik
euphorisant,2foRiz@
euphémisme,2femizm
eurasien,2Razj5
eurasienne,2RazjEn
euro,2Ro
eurodollar,2RodolaR
euromarché,2RomaRSe
européen,2Rope5
eurêka,2REka
euskera,2skeRa
eustache,2staS
euthanasie,2tanazi
eux,2
eux-mêmes,2mEm
event,ivEnt
ex abrupto,EksabRypto
ex nihilo,Eksnajilo
ex-abbé,Eksabe
ex-acteur,Eksakt9R
ex-adjudant,EksadZyd@
ex-agent,EksaZ@
ex-alcoolo,Eksalkolo
ex-allée,Eksale
ex-amant,Eksam@
ex-ambassadeur,Eks@basad9R
ex-amour,EksamuR
ex-appartement,EksapaRt°m@
ex-apprenti,EksapR@ti
ex-arriviste,EksaRivist
ex-artiste,EksaRtist
ex-assistant,Eksasist@
ex-associé,Eksasosje
ex-ballerine,Eksbal°Rin
ex-banquier,Eksb@kje
ex-barman,EksbaRman
ex-basketteur,EksbaskEt9R
ex-batteur,Eksbat9R
ex-beatnik,Eksbitnik
ex-belle-mère,EksbElmER
ex-bibliothécaire,EksbibliotekER
ex-boss,EksbOs
ex-boxeur,EksbOks9R
ex-buteur,Eksbyt9R
ex-capitaine,EkskapitEn
ex-caïd,Ekskaid
ex-champion,EksS@pj§
ex-chanteur,EksS@t9R
ex-chauffeur,EksSof9R
ex-chef,EksSEf
ex-chiropracteur,EkskiRopRakt9R
ex-citation,Ekssitasj§
ex-citoyen,Ekssitwaj5
ex-collabo,Ekskolabo
ex-collègue,EkskolEg
ex-colonel,EkskolonEl
ex-commando,Ekskom@do
ex-concierge,Eksk§sjERZ
ex-contrebandier,Eksk§tR°b@dje
ex-copain,Ekskop5
ex-copine,Ekskopin
ex-corps,EkskOR
ex-couple,Ekskupl
ex-dealer,EksdilER
ex-dieu,Eksdj2
ex-diva,Eksdiva
ex-drifter,EksdRift9R
ex-drôlesse,EksdRolEs
ex-dulcinée,Eksdylsine
ex-démon,Eksdem§
ex-enseigne,Eks@sEN
ex-femme,Eksfam
ex-fiancé,Eksfj@se
ex-fils,Eksfis
ex-flic,Eksflik
ex-gang,Eksg@g
ex-garde,EksgaRd
ex-gauchiste,EksgoSist
ex-gendre,EksZ@dR
ex-gonzesse,Eksg§zEs
ex-gouverneur,EksguvERn9R
ex-gravosse,EksgRavos
ex-griot,EksgRio
ex-griveton,EksgRiv°t§
ex-grognasse,EksgRoNas
ex-groupe,EksgRup
ex-guitariste,EksgitaRist
ex-génie,EksZeni
ex-homme,EksOm
ex-homme-grenouille,EksOmgR°nuj
ex-hôpital,Eksopital
ex-immeuble,Eksim9bl
ex-inspecteur,Eks5spEkt9R
ex-journaliste,EksZuRnalist
ex-junkie,EksdZ9nki
ex-kid,Ekskid
ex-leader,Ekslid9R
ex-libris,EkslibRi
ex-lieutenant,Ekslj2t°n@
ex-lit,Eksli
ex-lycée,Ekslise
ex-légionnaire,EksleZjonER
ex-madame,Eksmadam
ex-maire,EksmER
ex-mari,EksmaRi
ex-marine,EksmaRin
ex-maître,EksmEtR
ex-membre,Eksm@bR
ex-militaire,EksmilitER
ex-ministre,EksministR
ex-miss,Eksmis
ex-monteur,Eksm§t9R
ex-motard,EksmotaR
ex-nana,Eksnana
ex-officier,Eksofisje
ex-opérateur,EksopeRat9R
ex-para,EkspaRa
ex-partenaire,EkspaRt°nER
ex-patron,EkspatR§
ex-perroquet,EkspERokE
ex-petit,Eksp°ti
ex-pilote,EkspilOt
ex-planton,Ekspl@t§
ex-planète,EksplanEt
ex-plâtrier,EksplatRie
ex-premier,EkspR°mje
ex-primaire,EkspRimER
ex-prison,EkspRiz§
ex-procureur,EkspRokyR9R
ex-profession,EkspRofEsj§
ex-profileur,EkspRofil9R
ex-promoteur,EkspRomot9R
ex-propriétaire,EkspRopRietER
ex-présentateur,EkspRez@tat9R
ex-président,EkspRezid@
ex-prêtre,EkspREtR
ex-putain,Ekspyt5
ex-quincaillerie,Eksk5kaj°Ri
ex-quincaillier,Eksk5kaje
ex-rebelle,EksR°bEl
ex-reine,EksREn
ex-roi,EksRwa
ex-résidence,EksRezid@s
ex-révolutionnaire,EksRevolysjonER
ex-secrétaire,Ekss°kREtER
ex-sergent,EkssERZ@
ex-standardiste,Eksst@daRdist
ex-star,EksstaR
ex-super,EkssypER
ex-séminariste,EksseminaRist
ex-sénateur,Ekssenat9R
ex-sévère,EkssevER
ex-taulard,EkstolaR
ex-teinturier,Ekst5tyRje
ex-tirailleur,EkstiRaj9R
ex-tueur,Eksty9R
ex-tuteur,Ekstyt9R
ex-union,Eksynj§
ex-usine,Eksyzin
ex-vedette,Eksv°dEt
ex-voto,Eksvoto
ex-élève,EkselEv
ex-épouse,Eksepuz
ex-équipier,Eksekipje
exacerbation,EgzasERbasj§
exacerber,EgzasERbe
exacerbé,EgzasERbe
exact,Egzakt
exactement,Egzakt°m@
exaction,Egzaksj§
exactitude,Egzaktityd
exagération,EgzaZeRasj§
exagérer,EgzaZeRe
exagéré,EgzaZeRe
exagérément,EgzaZeRem@
exaltant,Egzalt@
exaltation,Egzaltasj§
exalter,Egzalte
exalté,Egzalte
exam,Egzam
examen,Egzam5
examinateur,Egzaminat9R
examiner,Egzamine
exarque,EgzaRk
exaspérant,EgzaspeR@
exaspération,EgzaspeRasj§
exaspérer,EgzaspeRe
exaucement,Egzos°m@
exaucer,Egzose
excavateur,Ekskavat9R
excavation,Ekskavasj§
excaver,Ekskave
excellemment,EksElam@
excellence,EksEl@s
excellent,eksEl@
excellentissime,EksEl@tisim
exceller,Eksele
excentrer,Eks@tRe
excentricité,Eks@tRisite
excentrique,Eks@tRik
excentré,Eks@tRe
excepter,EksEpte
exception,EksEpsj§
exceptionnel,EksEpsjonEl
exceptionnellement,EksEpsjonEl°m@
excepté,EksEpte
excessif,Eksesif
excessivement,Eksesiv°m@
exciper,Eksipe
exciser,Eksize
excision,Eksizj§
excitable,Eksitabl
excitant,Eksit@
excitation,Eksitasj§
exciter,Eksite
exciteur,Eksit9R
excité,Eksite
exclamatif,Eksklamatif
exclamation,Eksklamasj§
exclamer,Eksklame
exclu,Ekskly
exclure,EksklyR
exclusif,Eksklyzif
exclusion,Eksklyzj§
exclusivement,Eksklyziv°m@
exclusivité,Eksklyzivite
excommunication,Ekskomynikasj§
excommunier,Ekskomynje
excommunié,Ekskomynje
excroissance,EkskRwas@s
excrément,EkskRem@
excrémentiel,EkskRem@sjEl
excréter,EkskRete
excrétion,EkskResj§
excursion,EkskyRsj§
excursionner,EkskyRsjone
excursionniste,EkskyRsjonist
excusable,Ekskyzabl
excuse,Ekskyz
excuser,Ekskyze
excès,EksE
excédant,Eksed@
excédent,Eksed@
excédentaire,Eksed@tER
excéder,Eksede
exeat,Egzeat
exemplaire,Egz@plER
exemplairement,Egz@plER°m@
exemplarité,Egz@plaRite
exemple,Egz@pl
exemplifier,Egz@plifje
exempt,Egz@
exempter,Egz@te
exemption,Egz@psj§
exempté,Egz@te
exequatur,EgzekwatyR
exercer,EgzERse
exercice,EgzERsis
exercé,EgzERse
exergue,EgzERg
exerçant,EgzERs@
exfiltration,EksfiltRasj§
exfiltrer,EksfiltRe
exfoliant,Eksfolj@
exfolier,Eksfolje
exhalaison,EgzalEz§
exhalant,Egzal@
exhalation,Egzalasj§
exhaler,Egzale
exhaussement,Egzos°m@
exhausser,Egzose
exhaustif,Egzostif
exhaustion,Egzostj§
exhaustivement,Egzostiv°m@
exhaustivité,Egzostivite
exhiber,Egzibe
exhibition,Egzibisj§
exhibitionnisme,Egzibisjonizm
exhibitionniste,Egzibisjonist
exhortation,EgzORtasj§
exhorter,EgzORte
exhumation,Egzymasj§
exhumer,Egzyme
exigeant,EgziZ@
exigence,EgziZ@s
exiger,EgziZe
exigible,EgziZibl
exigu,Egzigy
exiguïté,Egzig8ite
exil,Egzil
exiler,Egzile
exilé,Egzile
existant,Egzist@
existence,Egzist@s
existentialisme,Egzist@sjalizm
existentialiste,Egzist@sjalist
existentiel,Egzist@sjEl
exister,Egziste
exit,Egzit
exo,Ekso
exobiologie,EgzobjolOZi
exocet,EgzosE
exode,EgzOd
exogamie,Egzogami
exogamique,Egzogamik
exogène,EgzoZEn
exonération,EgzoneRasj§
exonérer,EgzoneRe
exophtalmique,EgzOftalmik
exorable,EgzoRabl
exorbitant,EgzORbit@
exorbiter,EgzORbite
exorbité,EgzORbite
exorciser,EgzORsize
exorcisme,EgzORsizm
exorciste,EgzORsist
exorde,EgzORd
exosphère,EgzosfER
exosquelette,Egzosk2lEt
exostose,Egzostoz
exothermique,EgzotERmik
exotique,Egzotik
exotiquement,Egzotik°m@
exotisme,Egzotizm
expansible,Eksp@sibl
expansif,Eksp@sif
expansion,Eksp@sj§
expansionnisme,Eksp@sjonizm
expansionniste,Eksp@sjonist
expansé,Eksp@se
expatriation,EkspatRijasj§
expatrier,EkspatRije
expatrié,EkspatRije
expectatif,EkspEktatif
expectation,EkspEktasj§
expectative,EkspEktativ
expectorant,EkspEktoR@
expectoration,EkspEktoRasj§
expectorer,EkspEktoRe
expert,EkspER
expert-comptable,EkspERk§tabl
expertement,EkspERt°m@
expertise,EkspERtiz
expertiser,EkspERtize
expiation,Ekspjasj§
expiatoire,EkspjatwaR
expier,Ekspje
expirant,EkspiR@
expiration,EkspiRasj§
expirer,EkspiRe
explicable,Eksplikabl
explicatif,Eksplikatif
explication,Eksplikasj§
explicite,Eksplisit
explicitement,Eksplisit°m@
expliciter,Eksplisite
expliquer,Eksplike
exploit,Eksplwa
exploitable,Eksplwatabl
exploitant,Eksplwat@
exploitation,Eksplwatasj§
exploiter,Eksplwate
exploiteur,Eksplwat9R
exploité,Eksplwate
explorateur,EksploRat9R
exploration,EksploRasj§
exploratoire,EksploRatwaR
explorer,EksploRe
exploreur,EksploR9R
exploser,Eksploze
exploseur,Eksploz9R
explosif,Eksplozif
explosion,Eksplozj§
explétif,Ekspletif
expo,Ekspo
exponentiel,Ekspon@sjEl
exponentiellement,Ekspon@sjEl°m@
export,EkspOR
exportateur,EkspORtat9R
exportation,EkspORtasj§
exporter,EkspORte
exposant,Ekspoz@
exposer,Ekspoze
exposition,Ekspozisj§
exposé,Ekspoze
express,EkspREs
expressif,EkspResif
expression,EkspREsj§
expressionnisme,EkspREsjonizm
expressionniste,EkspREsjonist
expressivement,EkspResiv°m@
expressément,EkspREsem@
exprimable,EkspRimabl
exprimer,EkspRime
expropriation,EkspRopRijasj§
exproprier,EkspRopRije
exprès,EkspRE
expulser,Ekspylse
expulsion,Ekspylsj§
expulsé,Ekspylse
expurger,EkspyRZe
expédient,Ekspedj@
expédient,ekspedj@
expédier,Ekspedje
expéditeur,Ekspedit9R
expéditif,Ekspeditif
expédition,Ekspedisj§
expéditionnaire,EkspedisjonER
expédiée,Ekspedje
expérience,EkspeRj@s
expérimental,EkspeRim@tal
expérimentalement,EkspeRim@tal°m@
expérimentateur,EkspeRim@tat9R
expérimentation,EkspeRim@tasj§
expérimenter,EkspeRim@te
expérimenté,EkspeRim@te
exquis,Ekski
exsangue,Eks@g
exsudat,Eksyda
exsudation,Eksydasj§
exsuder,Eksyde
extase,Ekstaz
extasiant,Ekstazj@
extasier,Ekstazje
extasié,Ekstazje
extatique,Ekstatik
extatiquement,Ekstatik°m@
extenseur,Ekst@s9R
extensible,Ekst@sibl
extension,Ekst@sj§
exterminateur,EkstERminat9R
extermination,EkstERminasj§
exterminer,EkstERmine
externalité,EkstERnalite
externat,EkstERna
externe,EkstERn
exterritorialité,EkstERitoRjalite
extincteur,Ekst5kt9R
extinction,Ekst5ksj§
extinctrice,Ekst5ktRis
extirpation,EkstiRpasj§
extirper,EkstiRpe
extorquer,EkstORke
extorqueur,EkstORk9R
extorsion,EkstORsj§
extra,EkstRa
extra-dry,EkstRadRaj
extra-fin,EkstRaf5
extra-fort,EkstRafOR
extra-lucide,EkstRalysid
extra-muros,EkstRamyRo
extra-sensoriel,EkstRas@soRjEl
extra-terrestre,EkstRatEREstR
extra-utérin,EkstRayteR5
extraconjugal,EkstRak§Zygal
extracteur,EkstRakt9R
extraction,EkstRaksj§
extrader,EkstRade
extradition,EkstRadisj§
extradé,EkstRade
extragalactique,EkstRagalaktik
extraire,EkstRER
extrait,EkstRE
extralucide,EkstRalysid
extraordinaire,EkstRaORdinER
extraordinairement,EkstRaORdinER°m@
extrapolation,EkstRapolasj§
extrapoler,EkstRapole
extrascolaire,EkstRaskOlER
extrasensoriel,EkstRas@soRjEl
extrasystole,EkstRasistOl
extraterrestre,EkstRatEREstR
extravagance,EkstRavag@s
extravagant,EkstRavag@
extravaguer,EkstRavage
extravasation,EkstRavazasj§
extraverti,EkstRavERti
extravéhiculaire,EkstRaveikylER
extroverti,EkstRovERti
extrusion,EkstRyzj§
extrémisme,EkstRemizm
extrémiste,EkstRemist
extrémité,EkstRemite
extrême,EkstREm
extrême-onction,EkstREm§ksj§
extrême-orient,EkstREmORj@
extrêmement,EkstREm°m@
exténuant,Eksten8@
exténuation,Eksten8asj§
exténuement,Ekstenym@
exténuer,Eksten8e
exténué,Eksten8e
extérieur,EksteRj9R
extérieurement,EksteRj9R°m@
extériorisation,EksteRjoRizasj§
extérioriser,EksteRjoRize
extériorité,EksteRjoRite
exubérance,EgzybeR@s
exubérant,EgzybeR@
exultant,Egzylt@
exultation,Egzyltasj§
exulter,Egzylte
exutoire,EgzytwaR
exécrable,EgzekRabl
exécration,EgzekRasj§
exécrer,EgzekRe
exécutant,Egzekyt@
exécuter,Egzekyte
exécuteur,Egzekyt9R
exécutif,Egzekytif
exécution,Egzekysj§
exécutoire,EgzekytwaR
exégèse,EgzeZEz
exégète,EgzeZEt
eye-liner,ajlajn9R
eyeliner,ajlajn9R
f,Ef
fa,fa
fable,fabl
fabliau,fablijo
fabricant,fabRik@
fabrication,fabRikasj§
fabrique,fabRik
fabriquer,fabRike
fabulateur,fabylat9R
fabulation,fabylasj§
fabuler,fabyle
fabuleusement,fabyl2z°m@
fabuleux,fabyl2
fabuliste,fabylist
fac,fak
fac-similé,faksimile
face,fas
face-à-face,fasafas
face-à-main,fasam5
faces-à-main,fasam5
facette,fasEt
facho,faSo
facial,fasjal
facile,fasil
facilement,fasil°m@
facilitateur,fasilitat9R
facilitation,fasilitasj§
faciliter,fasilite
facilité,fasilite
faciès,fasjEs
faconde,fak§d
facteur,fakt9R
factice,faktis
factieux,faksj2
faction,faksj§
factionnaire,faksjonER
factor,faktOR
factorisation,faktoRizasj§
factoriser,faktORize
factotum,faktotOm
factuel,faktyEl
factum,faktOm
facturation,faktyRasj§
facture,faktyR
facturer,faktyRe
facturette,faktyREt
facturier,faktyRje
facturé,faktyRe
facultatif,fakyltatif
faculté,fakylte
facétie,fasesi
facétieusement,fasesj2z°m@
facétieux,fasesj2
fada,fada
fadaise,fadEz
fadasse,fadas
fade,fad
fadement,fad°m@
fader,fade
fadette,fadEt
fadeur,fad9R
fading,fEjdiG
fado,fado
fadé,fade
faena,fena
faf,faf
fafiot,fafjo
fagne,faN
fagot,fago
fagotage,fagotaZ
fagoter,fagote
fagotin,fagot5
fagoté,fagote
fahrenheit,faREnajt
faiblard,fEblaR
faible,fEbl
faiblement,fEbl°m@
faiblesse,fEblEs
faibli,fEbli
faiblir,febliR
faignant,fEN@
faille,faj
failli,faji
faillibilité,fajibilite
faillible,fajibl
faillie,faji
faillir,fajiR
faillite,fajit
faim,f5
faine,fEn
fainéant,fene@
fainéanter,fene@te
fainéantise,fene@tiz
fair-play,fERplE
faire,fER
faire-part,fERpaR
faire-valoir,fERvalwaR
faisabilité,f°zabilite
faisable,f°zabl
faisan,f2z@
faisander,f°z@de
faisanderie,f°z@d°Ri
faisandé,f°z@de
faisceau,fEso
faiseur,f°z9R
fait,fE
fait-divers,fEdivER
fait-tout,fEtu
faitout,fEtu
faits-divers,fEdivER
faix,fE
fakir,fakiR
falaise,falEz
falbala,falbala
falciforme,falsifORm
falerne,falERn
fallacieusement,falasj2z°m@
fallacieux,falasj2
falloir,falwaR
falot,falo
falsification,falsifikasj§
falsifier,falsifje
faluche,falyS
falzar,falzaR
fameusement,fam2z°m@
fameux,fam2
familial,familjal
familiale,familjal
familialiste,familjalist
familiariser,familjaRize
familiarité,familjaRite
familier,familje
familistère,familistER
familièrement,familjER°m@
famille,famij
famine,famin
famulus,famylys
famé,fame
famélique,famelik
fan,fan
fan-club,fankl9b
fana,fana
fanal,fanal
fanatique,fanatik
fanatiquement,fanatik°m@
fanatiser,fanatize
fanatisme,fanatizm
fanchon,f@S§
fandango,f@d@go
fane,fan
faner,fane
fanfan,f@f@
fanfare,f@faR
fanfaron,f@faR§
fanfaronnade,f@faRonad
fanfaronner,f@faRone
fanfreluche,f@fR°lyS
fang,f@g
fange,f@Z
fangeux,f@Z2
fanion,fanj§
fanny,fani
fanon,fan§
fantaisie,f@tezi
fantaisiste,f@tezist
fantasia,f@tazja
fantasmagorie,f@tasmagoRi
fantasmagorique,f@tasmagoRik
fantasmatique,f@tasmatik
fantasmatiquement,f@tasmatik°m@
fantasme,f@tasm
fantasmer,f@tasme
fantasque,f@task
fantasquement,f@task2m@
fantassin,f@tas5
fantastique,f@tastik
fantastiquement,f@tastik°m@
fanti,f@ti
fantoche,f@tOS
fantomatique,f@tomatik
fantomatiquement,f@tomatik°m@
fantôme,f@tom
fanzine,f@zin
fané,fane
faon,f@
faquin,fak5
far,faR
far-west,faRwEst
farad,faRad
faramineux,faRamin2
farandole,faR@dOl
faraud,faRo
farauder,faRode
farce,faRs
farceur,faRs9R
farci,faRsi
farcir,faRsiR
fard,faR
fardeau,faRdo
farder,faRde
fardier,faRdje
fare,faR
farfadet,faRfadE
farfelu,faRf°ly
farfouiller,faRfuje
faribole,faRibOl
fariboler,faRibole
farigoule,faRigul
farine,faRin
farineux,faRin2
farniente,faRnjEnte
faro,faRo
farouche,faRuS
farouchement,faRuS°m@
farsi,faRsi
fart,faR
farter,faRte
fascia,fasja
fascicule,fasikyl
fascinant,fasin@
fascination,fasinasj§
fascine,fasin
fasciner,fasine
fascisme,faSizm
fasciste,faSist
fashion,faSOn
fashionable,faSonabl
fast-food,fastfud
faste,fast
fastidieusement,fastidj2z°m@
fastidieux,fastidj2
fastoche,fastOS
fastueusement,fast82z°m@
fastueux,fast82
fat,fat
fatal,fatal
fatalement,fatal°m@
fataliser,fatalize
fatalisme,fatalizm
fataliste,fatalist
fatalité,fatalite
fathma,fatma
fathom,fazOm
fatidique,fatidik
fatigant,fatig@
fatigue,fatig
fatiguer,fatige
fatigué,fatige
fatma,fatma
fatras,fatRa
fatuité,fat8ite
fatum,fatOm
fau,fo
faubert,fobER
faubourg,fobuR
faubourien,fobuRj5
fauchage,foSaZ
fauchaison,foSEz§
fauchard,foSaR
fauche,foS
faucher,foSe
faucheur,foS9R
faucheux,foS2
fauchon,foS§
fauché,foSe
faucille,fosij
faucillon,fosij§
faucon,fok§
fauconneau,fokono
fauconnerie,fokOn°Ri
fauconnier,fokonje
faufil,fofil
faufiler,fofile
faune,fon
faunesque,fonEsk
faunesse,fonEs
faussaire,fosER
fausse-couche,foskuS
faussement,fos°m@
fausser,fose
fausses,fos
fausset,fosE
fausseté,foste
faustien,fostj5
faute,fot
fauter,fote
fauteuil,fot9j
fauteuil-club,fot9jkl9b
fauteuils-club,fot9jkl9b
fauteur,fot9R
fautif,fotif
fauve,fov
fauverie,fov°Ri
fauvette,fovEt
fauvisme,fovism
faux,fo
faux-bond,fob§
faux-bourdon,fobuRd§
faux-col,fokOl
faux-cul,foky
faux-filet,fofilE
faux-frère,fofRER
faux-fuyant,fof8ij@
faux-monnayeur,fomonEj9R
faux-pas,fopa
faux-pont,fop§
faux-semblant,fos@bl@
favela,favela
faveur,fav9R
favorable,favoRabl
favorablement,favoRabl°m@
favori,favoRi
favoriser,favoRize
favorite,favoRit
favoritisme,favoRitizm
fax,faks
faxer,fakse
fayard,fajaR
fayot,fajo
fayotage,fajotaZ
fayoter,fajote
fazenda,fazEnda
façade,fasad
façon,fas§
façonnable,fasOnabl
façonner,fasone
façonné,fasone
faîtage,fEtaZ
faîte,fEt
faîtes-la-moi,fEtlamwa
faîtière,fEtjER
faïence,faj@s
faïencerie,faj@s°Ri
faïencier,faj@sje
fedayin,fedaj5
feed-back,fidbak
feedback,fidbak
feeder,fid9R
feeling,filiG
feignant,fEN@
feignasse,fENas
feindre,f5dR
feint,f5
feinte,f5t
feinter,f5te
feinteur,f5t9R
feintise,f5tiz
feld-maréchal,fEldmaReSal
feldgrau,fEldgRo
feldspath,fEldspat
feldwebel,fEldvebEl
fellaga,fElaga
fellagha,fElaga
fellah,fela
fellation,fElasj§
fellinien,f°linj5
felouque,f°luk
femelle,f°mEl
femme,fam
femme-enfant,fam@f@
femme-fleur,famfl9R
femme-objet,famObZE
femme-refuge,famR°fyZ
femme-robot,famRobo
femmelette,fam°lEt
fenaison,f°nEz§
fendant,f@d@
fendard,f@daR
fendeur,f@d9R
fendillement,f@dij°m@
fendiller,f@dije
fendillé,f@dije
fendoir,f@dwaR
fendre,f@dR
fendu,f@dy
fenestrelle,f2nEstREl
fenil,f°nil
fennec,fenEk
fenouil,f°nuj
fente,f@t
fenton,f@t§
fenugrec,f°nygREk
fenêtre,f°nEtR
fer,fER
fer-blanc,fERbl@
ferblanterie,fERbl@t°Ri
ferblantier,fERbl@tje
feria,f°Rja
ferlage,fERlaZ
fermage,fERmaZ
fermant,fERm@
ferme,fERm
fermement,fERm°m@
ferment,fERm@
fermentation,fERm@tasj§
fermenter,fERm@te
fermenté,fERm@te
fermer,fERme
fermette,fERmEt
fermeture,fERm°tyR
fermeté,fERm°te
fermi,fERmi
fermier,fERmje
fermium,fERmjOm
fermoir,fERmwaR
fermé,fERme
ferrage,fERaZ
ferraillant,fERaj@
ferraille,fERaj
ferraillement,fERaj°m@
ferrailler,fERaje
ferrailleur,fERaj9R
ferrer,fERe
ferreux,fER2
ferrite,feRit
ferro,fERo
ferrocyanure,fERosjanyR
ferrocérium,fERoseRjOm
ferronnerie,fEROn°Ri
ferronnier,fERonje
ferroviaire,fERovjER
ferrugineux,fERyZin2
ferrure,fERyR
ferry,fERi
ferry-boat,fERibOwt
ferré,fERe
fertile,fERtil
fertilisable,fERtilizabl
fertilisant,fERtiliz@
fertilisateur,fERtilizat9R
fertilisation,fERtilizasj§
fertiliser,fERtilize
fertilité,fERtilite
ferté,fERte
fervent,fERv@
ferveur,fERv9R
fesse,fEs
fesse-mathieu,fEsmatj2
fesser,fese
fesseur,fEs9R
fessier,fesje
fessu,fEsy
fessée,fese
festif,fEstif
festin,fEst5
festival,fEstival
festivalier,fEstivalje
festivité,fEstivite
feston,fEst§
festonner,fEstone
festoyer,fEstwaje
feta,fEta
fettucine,fetutSine
feu,f2
feudataire,f2datER
feuillage,f9jaZ
feuillaison,f9jEz§
feuille,f9j
feuille-morte,f9jmORt
feuillet,f9jE
feuilletage,f9j°taZ
feuilleter,f9j°te
feuilleton,f9j°t§
feuilletoniste,f9j°tonist
feuillette,f9jEt
feuillettement,f9jEt°m@
feuilleté,f9j°te
feuillu,f9jy
feuillure,f9jyR
feuillée,f9je
feuj,f2Z
feulement,f9l°m@
feuler,f9le
feurre,f9R
feutrage,f2tRaZ
feutre,f2tR
feutrer,f2tRe
feutrine,f2tRin
feutré,f2tRe
fez,fEz
fi,fi
fiabilité,fjabilite
fiable,fjabl
fiacre,fjakR
fiancer,fj@se
fiancé,fj@se
fiançailles,fij@saj
fiasco,fjasko
fiasque,fjask
fiat,fjat
fibre,fibR
fibreux,fibR2
fibrillation,fibRilasj§
fibrille,fibRij
fibrilleux,fibRij2
fibrillé,fibRije
fibrine,fibRin
fibrinogène,fibRinOZEn
fibrociment,fibRosim@
fibrome,fibRom
fibroscope,fibRoskOp
fibroscopie,fibRoskOpi
fibrose,fibRoz
fibrotoxine,fibRotOksin
fibré,fibRe
fibule,fibyl
fic,fik
ficeler,fis°le
ficelle,fisEl
ficelé,fis°le
fichage,fiSaZ
fichaise,fiSEz
fichant,fiS@
fiche,fiS
ficher,fiSe
fichier,fiSje
fichtre,fiStR
fichtrement,fiStR°m@
fichu,fiSy
fictif,fiktif
fiction,fiksj§
fictionnel,fiksjonEl
fictivement,fiktiv°m@
ficus,fikys
fiduciaire,fidysjER
fiducie,fidysi
fidèle,fidEl
fidèlement,fidEl°m@
fidéicommis,fideikomi
fidéliser,fidElize
fidélité,fidelite
fief,fjEf
fieffé,fjefe
fiel,fjEl
field,fild
fielleusement,fjEl2z°m@
fielleux,fjEl2
fiente,fj@t
fienteux,fj@t2
fier,fjER
fier,fje
fier-à-bras,fjERabRa
fiers-à-bras,fjERabRa
fierté,fjERte
fiesta,fjEsta
fieu,fj2
fieux,fj2
fifi,fifi
fifille,fifij
fifre,fifR
fifrelin,fifR°l5
fifties,fifti
fifty,fifti
fifty-fifty,fiftififti
figaro,figaRo
figer,fiZe
fignard,fiNaR
fignolage,fiNolaZ
fignoler,fiNole
fignoleur,fiNol9R
figue,fig
figuier,figje
figurant,figyR@
figuratif,figyRatif
figuration,figyRasj§
figurativement,figyRativ°m@
figure,figyR
figurer,figyRe
figurine,figyRin
figuré,figyRe
figé,fiZe
fil,fil
fil-à-fil,filafil
filage,filaZ
filaire,filER
filament,filam@
filamenteux,filam@t2
filandreux,fil@dR2
filant,fil@
filariose,filaRjoz
filasse,filas
filateur,filat9R
filature,filatyR
file,fil
file-la-moi,fillamwa
filer,file
filet,filE
filetage,fil°taZ
fileté,fil°te
fileur,fil9R
filial,filjal
filiale,filjal
filialement,filjal°m@
filiation,filjasj§
filiforme,filifORm
filigrane,filigRan
filin,fil5
filioque,filjOk
filière,filjER
fille,fij
fille-mère,fijmER
fillette,fijEt
filleul,fij9l
fillér,fjeR
film,film
film-livre,filmlivR
filmage,filmaZ
filmer,filme
filmique,filmik
filmographie,filmogRafi
filmothèque,filmOtEk
filochard,filoSaR
filoche,filOS
filocher,filoSe
filoguidé,filogide
filon,fil§
filoselle,filozEl
filou,filu
filouter,filute
filouterie,filut°Ri
fils,fis
filtrage,filtRaZ
filtrant,filtR@
filtration,filtRasj§
filtre,filtR
filtrer,filtRe
filé,file
fin,f5
finage,finaZ
final,final
finale,final
finalement,final°m@
finalisation,finalizasj§
finaliser,finalize
finaliste,finalist
finalité,finalite
finance,fin@s
financement,fin@s°m@
financer,fin@se
financier,fin@sje
financièrement,fin@sjER°m@
finasser,finase
finasserie,finas°Ri
finaud,fino
fine,fin
finement,fin°m@
finesse,finEs
finet,finE
finette,finEt
fini,fini
finir,finiR
finish,finiS
finissant,finis@
finisseur,finis9R
finition,finisj§
finitude,finityd
finlandais,f5l@dE
finlandisation,f5l@dizasj§
finnois,finwa
fiole,fjOl
fion,fj§
fiord,fjORd
fioriture,fjoRityR
fioul,fjul
firmament,fiRmam@
firman,fiRm@
firme,fiRm
fisc,fisk
fiscal,fiskal
fiscalement,fiskal°m@
fiscaliste,fiskalist
fiscalité,fiskalite
fissa,fisa
fissible,fisibl
fission,fisj§
fissionner,fisjone
fissure,fisyR
fissurer,fisyRe
fiston,fist§
fistule,fistyl
fitness,fitnEs
five o'clock,fajvoklOk
fivete,fivEt
fixage,fiksaZ
fixateur,fiksat9R
fixatif,fiksatif
fixation,fiksasj§
fixe,fiks
fixement,fiks°m@
fixer,fikse
fixette,figzEt
fixing,fiksiG
fixité,fiksite
fixé,fikse
fièrement,fjER°m@
fièvre,fjEvR
fiérot,fjeRo
fiévreusement,fjevR2z°m@
fiévreux,fjevR2
fjord,fjORd
fla,fla
flac,flak
flaccide,flaksid
flaccidité,flaksidite
flache,flaS
flacon,flak§
flafla,flafla
flag,flag
flagada,flagada
flagellant,flaZ2l@
flagellateur,flaZElat9R
flagellation,flaZElasj§
flagelle,flaZEl
flageller,flaZele
flagellé,flaZEle
flageolant,flaZol@
flageoler,flaZole
flageolet,flaZolE
flagorner,flagORne
flagornerie,flagORn°Ri
flagorneur,flagORn9R
flagrance,flagR@s
flagrant,flagR@
flair,flER
flairer,fleRe
flaireur,flER9R
flamand,flam@
flamant,flam@
flambant,fl@b@
flambard,fl@baR
flambe,fl@b
flambeau,fl@bo
flamber,fl@be
flamberge,fl@bERZ
flambeur,fl@b9R
flamboiement,fl@bwam@
flamboyance,fl@bwaj@s
flamboyant,fl@bwaj@
flamboyer,fl@bwaje
flambé,fl@be
flambée,fl@be
flamenco,flamEnko
flamine,flamin
flamme,flam
flammèche,flamES
flammé,flame
flan,fl@
flanc,fl@
flanc-garde,fl@gaRd
flancher,fl@Se
flanchet,fl@SE
flandrin,fl@dR5
flanelle,flanEl
flanquement,fl@k°m@
flanquer,fl@ke
flapi,flapi
flaque,flak
flash,flaS
flash-back,flaSbak
flashage,flaSaZ
flasher,flaSe
flasheur,flaS9R
flask,flask
flasque,flask
flat,fla
flatter,flate
flatterie,flat°Ri
flatteur,flat9R
flatulence,flatyl@s
flatulent,flatyl@
flatuosité,flat8ozite
flatus vocis,flatyvosi
flave,flav
flaveur,flav9R
flegmatique,flEgmatik
flegmatiquement,flEgmatik°m@
flegmatisme,flEgmatizm
flegme,flEgm
flemmard,flemaR
flemmarder,flemaRde
flemmardise,flEmaRdiz
flemme,flEm
flemmer,fleme
fleur,fl9R
fleurage,fl9RaZ
fleurdelisé,fl9Rd°lize
fleurer,fl9Re
fleuret,fl9RE
fleurette,fl9REt
fleuri,fl9Ri
fleurir,fl9RiR
fleurissant,fl9Ris@
fleurissement,fl9Ris°m@
fleuriste,fl9Rist
fleuron,fl9R§
fleuronner,fl9ROne
fleuve,fl9v
flexibilité,flEksibilite
flexible,flEksibl
flexion,flEksj§
flexuosité,flEks8ozite
flibuste,flibyst
flibustier,flibystje
flic,flik
flicage,flikaZ
flicaille,flikaj
flicard,flikaR
flingage,fl5gaZ
flingot,fl5go
flingue,fl5g
flinguer,fl5ge
flingueur,fl5g9R
flint,flint
flip,flip
flip-flap,flipflap
flip-flop,flipflOp
flipper,flipe
flippé,flipe
fliquer,flike
fliquesse,flikEs
fliqué,flike
flirt,fl9Rt
flirtation,fl9Rtasj§
flirter,fl9Rte
flirteur,fl9Rt9R
floc,flOk
floche,flOS
flocon,flok§
floconneux,flokon2
floculation,flokylasj§
flonflon,fl§fl§
flood,flud
flop,flOp
flopée,flope
floraison,floREz§
floral,floRal
floralies,floRali
flore,flOR
florence,floR@s
florentin,floR@t5
florilège,floRilEZ
florin,floR5
florissaient,floRisE
florissait,floRisE
florissant,floRis@
florès,floREs
floréal,floReal
flot,flo
flottabilité,flotabilite
flottage,flotaZ
flottaison,flotEz§
flottant,flot@
flottation,flOtasj§
flotte,flOt
flottement,flOt°m@
flotter,flote
flotteur,flot9R
flottille,flotij
flou,flu
flouer,flue
flouerie,fluRi
flouse,fluz
flouve,fluv
flouzaille,fluzaj
flouze,fluz
fluctuant,flykt8@
fluctuation,flykt8asj§
fluctuer,flykt8e
fluence,fly@s
fluet,flyE
fluide,fl8id
fluidement,fl8id°m@
fluidifiant,fl8idifj@
fluidifier,fl8idifje
fluidité,fl8idite
fluo,flyo
fluor,flyOR
fluorescence,flyoRes@s
fluorescent,flyoRes@
fluorescéine,flyOResein
fluorhydrique,flyoRidRik
fluorite,flyORit
fluorure,flyoRyR
flush,fl9S
fluvial,flyvjal
fluviatile,flyvjatil
flux,fly
fluxion,flyksj§
flâne,flan
flâner,flane
flânerie,flan°Ri
flâneur,flan9R
flâneuse,flan2z
flânocher,flanoSe
flèche,flES
fléau,fleo
flécher,fleSe
fléchette,fleSEt
fléchir,fleSiR
fléchissement,fleSis°m@
fléchisseur,fleSis9R
fléché,fleSe
fléole,fleOl
flétan,flet@
flétrir,fletRiR
flétrissant,fletRis@
flétrissement,fletRis°m@
flétrissure,fletRisyR
flûte,flyt
flûter,flyte
flûtiau,flytjo
flûtiste,flytist
flûté,flyte
foc,fOk
focal,fokal
focale,fokal
focalisation,fokalizasj§
focaliser,fokalize
foehn,f2n
foetal,fetal
foetus,fetys
fofolle,fofOl
foi,fwa
foie,fwa
foil,fOjl
foin,fw5
foirade,fwaRad
foirail,fwaRaj
foire,fwaR
foirer,fwaRe
foireux,fwaR2
foiridon,fwaRid§
fois,fwa
foison,fwaz§
foisonnant,fwazon@
foisonnement,fwazOn°m@
foisonner,fwazone
fol,fOl
folasse,folas
foldingue,fold5g
folichon,fOliS§
folie,foli
folingue,fol5g
folio,foljo
folique,fOlik
folk,fOlk
folklo,fOlklo
folklore,fOlklOR
folklorique,fOlkloRik
folkloriste,fOlkloRist
folledingue,fOl°d5g
follement,fOl°m@
follet,folE
folliculaire,folikylER
follicule,folikyl
folliculite,fOlikylit
follingue,fol5g
folâtre,folatR
folâtrer,folatRe
fomenter,fom@te
foncer,f§se
fonceur,f§s9R
foncier,f§sje
foncièrement,f§sjER°m@
foncteur,f§kt9R
fonction,f§ksj§
fonctionnaire,f§ksjonER
fonctionnaliste,f§ksjonalist
fonctionnalité,f§ksjOnalite
fonctionnel,f§ksjonEl
fonctionnellement,f§ksjonEl°m@
fonctionnement,f§ksjOn°m@
fonctionner,f§ksjone
foncé,f§se
fond,f§
fondamental,f§dam@tal
fondamentalement,f§dam@tal°m@
fondamentalisme,f§dam@talism
fondamentaliste,f§dam@talist
fondant,f§d@
fondateur,f§dat9R
fondation,f§dasj§
fondement,f§d°m@
fonder,f§de
fonderie,f§d°Ri
fondeur,f§d9R
fondouk,f§duk
fondre,f§dR
fondrière,f§dRijER
fonds,f§
fondu,f§dy
fondue,f§dy
fondé,f§de
fongible,f§Zibl
fongicide,f§Zisid
fongique,f§Zik
fongus,f§gy
fontaine,f§tEn
fontainette,f§tEnEt
fontainier,f§tEnje
fontanelle,f§tanEl
fonte,f§t
fonts,f§
foot,fut
football,futbOl
footballeur,futbOl9R
footballeur-vedette,futbOl9Rv°dEt
footballistique,futbalistik
footeux,fut2
footing,futiG
for,fOR
forage,foRaZ
forain,foR5
foramen,foRamEn
forban,fORb@
force,fORs
forcement,fORs°m@
forcené,fORs°ne
forceps,fORsEps
forcer,fORse
forceur,fORs9R
forcing,fORsiG
forcir,fORsiR
forcé,fORse
forcément,fORsem@
foreign office,foRENnOfis
forer,foRe
forestier,foREstje
foret,foRE
foreur,foR9R
forfait,fORfE
forfaitaire,fORfEtER
forfaiture,fORfetyR
forfanterie,fORf@t°Ri
forge,fORZ
forgeage,fORZaZ
forger,fORZe
forgeron,fORZ°R§
forgeur,fORZ9R
forlane,fORlan
forlonger,fORl§Ze
formage,fORmaZ
formaldéhyde,fORmaldeid
formaliser,fORmalize
formalisme,fORmalizm
formaliste,fORmalist
formalisé,fORmalize
formalité,fORmalite
formant,fORm@
format,fORma
formatage,fORmataZ
formater,fORmate
formateur,fORmat9R
formation,fORmasj§
forme,fORm
formel,fORmEl
formellement,fORmEl°m@
former,fORme
formica,fORmika
formid,fORmid
formidable,fORmidabl
formidablement,fORmidabl°m@
formide,fORmid
formique,fORmik
formol,fORmOl
formulaire,fORmylER
formulation,fORmylasj§
formule,fORmyl
formuler,fORmyle
formulé,fORmyle
formé,fORme
fornicateur,fORnikat9R
fornication,fORnikasj§
forniquer,fORnike
fors,fOR
fort,fOR
forte,fORt
fortement,fORt°m@
forteresse,fORt°REs
fortiche,fORtiS
fortifiant,fORtifj@
fortification,fORtifikasj§
fortifier,fORtifje
fortifié,fORtifje
fortin,fORt5
fortissimo,fORtisimo
fortitude,fORtityd
fortraiture,fORtREtyR
fortuit,fORt8i
fortuitement,fORt8it°m@
fortune,fORtyn
fortuné,fORtyne
forum,foROm
forçage,fORsaZ
forçat,fORsa
forêt,foRE
fosse,fOs
fossette,fosEt
fossile,fosil
fossilisation,fosilizasj§
fossoyeur,foswaj9R
fossoyeuse,foswaj2z
fossé,fose
fou,fu
fou-fou,fufu
fou-rire,fuRiR
fouaille,fwaj
fouailler,fwaje
foucade,fukad
fouchtra,fuStRa
foudre,fudR
foudroiement,fudRwam@
foudroyant,fudRwaj@
foudroyer,fudRwaje
fouet,fwE
fouettard,fwEtaR
fouettement,fwEt°m@
fouetter,fwete
fouetteur,fuEt9R
fouetté,fwete
foufou,fufu
foufoune,fufun
foufounette,fufunEt
fougasse,fugas
fougeraie,fuZ°RE
fougue,fug
fougueusement,fug2z°m@
fougueux,fug2
fougère,fuZER
fouille,fuj
fouiller,fuje
fouillette,fujEt
fouilleur,fuj9R
fouillis,fuji
fouinard,fwinaR
fouine,fwin
fouiner,fwine
fouineur,fwin9R
fouir,fwiR
fouisseur,fwis9R
foulage,fulaZ
foulant,ful@
foulard,fulaR
foulbé,fulbe
foule,ful
fouler,fule
fouleur,ful9R
fouloir,fulwaR
foulon,ful§
foulque,fulk
foulure,fulyR
foulée,fule
four,fuR
fourbe,fuRb
fourber,fuRbe
fourberie,fuRb°Ri
fourbi,fuRbi
fourbir,fuRbiR
fourbu,fuRby
fourche,fuRS
fourcher,fuRSe
fourchet,fuRSE
fourchette,fuRSEt
fourchu,fuRSy
fourchée,fuRSe
fourgon,fuRg§
fourgonner,fuRgone
fourgonnette,fuRgonEt
fourgue,fuRg
fourguer,fuRge
fourme,fuRm
fourmi,fuRmi
fourmi-lion,fuRmilj§
fourmilier,fuRmilje
fourmilion,fuRmilj§
fourmillant,fuRmij@
fourmillement,fuRmij°m@
fourmiller,fuRmije
fournaise,fuRnEz
fourneau,fuRno
fourni,fuRni
fournier,fuRnje
fournil,fuRni
fourniment,fuRnim@
fournir,fuRniR
fournisseur,fuRnis9R
fourniture,fuRnityR
fournée,fuRne
fourrage,fuRaZ
fourragement,fuRaZ°m@
fourrager,fuRaZe
fourre,fuR
fourre-tout,fuRtu
fourreau,fuRo
fourrer,fuRe
fourreur,fuR9R
fourrier,fuRje
fourrière,fuRjER
fourrure,fuRyR
fourré,fuRe
fourvoiement,fuRvwam@
fourvoyer,fuRvwaje
fourvoyé,fuRvwaje
fouta,futa
foutaise,futEz
fouterie,fut°Ri
fouteur,fut9R
foutoir,futwaR
foutral,futRal
foutraque,futRak
foutre,futR
foutrement,futR°m@
foutrerie,futR°Ri
foutriquet,futRikE
foutu,futy
foutument,futym@
fox,fOks
fox-terrier,fOkstERje
fox-trot,fOkstRo
foyard,fwajaR
foyer,fwaje
foëne,fwEn
fra,fRa
frac,fRak
fracas,fRaka
fracassant,fRakas@
fracasser,fRakase
fracassé,fRakase
fractal,fRaktal
fraction,fRaksj§
fractionnel,fRaksjonEl
fractionnement,fRaksjOn°m@
fractionner,fRaksjone
fracture,fRaktyR
fracturer,fRaktyRe
fracturé,fRaktyRe
fractus,fRaktys
fragile,fRaZil
fragilement,fRaZil°m@
fragiliser,fRaZilize
fragilisé,fRaZilize
fragilité,fRaZilite
fragment,fRagm@
fragmentaire,fRagm@tER
fragmentation,fRagm@tasj§
fragmenter,fRagm@te
fragmenté,fRagm@te
fragrance,fRagR@s
fragrant,fRagR@
frai,fRE
frairie,fRERi
frais,fRE
fraise,fREz
fraiser,fREze
fraiseur,fREz9R
fraiseur-outilleur,fREz9Rutij9R
fraisier,fRezje
fraisil,fREzil
framboise,fR@bwaz
framboisier,fR@bwazje
franc,fR@
franc-comtois,fR@k§twa
franc-jeu,fR@Z2
franc-maçon,fR@mas§
franc-maçonnerie,fR@masOn°Ri
franc-parler,fR@paRle
franc-tireur,fR@tiR9R
francatu,fR@katy
francfort,fR@kfOR
franchement,fR@S°m@
franchir,fR@SiR
franchisage,fR@SizaZ
franchise,fR@Siz
franchiser,fR@Size
franchissement,fR@Sis°m@
franchouillard,fR@SujaR
francisation,fR@sizasj§
franciscain,fR@sisk5
franciser,fR@size
francisque,fR@sisk
francité,fR@site
franco,fR@ko
franco-africain,fR@koafRik5
franco-allemand,fR@koal°m@
franco-américain,fR@koameRik5
franco-anglais,fR@ko@glE
franco-belge,fR@kobElZ
franco-britannique,fR@kobRitanik
franco-canadien,fR@kokanadj5
franco-italienne,fR@koitaljEn
franco-libanais,fR@kolibanE
franco-russe,fR@koRys
franco-soviétique,fR@kosovjetik
franco-syrien,fR@kosiRj5
franco-turque,fR@kotyRk
franco-vietnamien,fR@kovjEtnamj5
francomanie,fR@komani
francophile,fR@kofil
francophilie,fR@kofili
francophobie,fR@kofobi
francophone,fR@kofOn
francophonie,fR@kofoni
francs-bourgeois,fR@buRZwa
frange,fR@Z
frangin,fR@Z5
frangipane,fR@Zipan
franglais,fR@glE
frankaoui,fR@kawi
franklin,fR@kl5
franque,fR@k
franquette,fR@kEt
franquisme,fR@kizm
franquiste,fR@kist
français,fR@sE
frapadingue,fRapad5g
frappadingue,fRapad5g
frappant,fRap@
frappe,fRap
frappement,fRap°m@
frapper,fRape
frappeur,fRap9R
frappé,fRape
fraser,fRaze
frasque,fRask
frater,fRatER
fraternel,fRatERnEl
fraternellement,fRatERnEl°m@
fraternisation,fRatERnizasj§
fraterniser,fRatERnize
fraternité,fRatERnite
fratricide,fRatRisid
fratrie,fRatRi
fraude,fRod
frauder,fRode
fraudeur,fRod9R
frauduleusement,fRodyl2z°m@
frauduleux,fRodyl2
frayer,fReje
frayeur,fREj9R
frayée,fReje
fraîchement,fRES°m@
fraîcheur,fRES9R
fraîchir,fReSiR
freak,fREk
fredonnement,fR°dOn°m@
fredonner,fR°done
free jazz,fRidZaz
free-jazz,fRidZaz
free-lance,fRil@s
freelance,fRil@s
freesia,fRizja
freezer,fRiz9R
frein,fR5
freinage,fREnaZ
freiner,fRene
frelater,fR2late
frelaté,fR°late
frelon,fR°l§
freluquet,fR°lykE
french,fREnS
fresque,fREsk
fresquiste,fREskist
fret,fRE
fretin,fR°t5
frette,fREt
freudien,fR2dj5
freudisme,fR2dizm
freux,fR2
friabilité,fRijabilite
friable,fRijabl
friand,fRij@
friandise,fRij@diz
fric,fRik
fric-frac,fRikfRak
fricadelle,fRikadEl
fricandeau,fRik@do
fricasse,fRikas
fricassée,fRikase
fricatif,fRikatif
friche,fRiS
frichti,fRiSti
fricot,fRiko
fricotage,fRikotaZ
fricoter,fRikote
fricoteur,fRikot9R
friction,fRiksj§
frictionner,fRiksjone
fridolin,fRidOl5
frigidaire,fRiZidER
frigide,fRiZid
frigidité,fRiZidite
frigo,fRigo
frigorifier,fRigoRifje
frigorifique,fRigoRifik
frigorifié,fRigoRifje
frigorigène,fRigORiZEn
frileusement,fRil2z°m@
frileux,fRil2
frilosité,fRilozite
frimaire,fRimER
frimas,fRima
frime,fRim
frimer,fRime
frimeur,fRim9R
frimousse,fRimus
fringale,fR5gal
fringant,fR5g@
fringillidé,fR5Zilide
fringue,fR5g
fringuer,fR5ge
frio,fRijo
fripe,fRip
friper,fRipe
friperie,fRip°Ri
fripier,fRipje
fripon,fRip§
friponnerie,fRipOn°Ri
fripouille,fRipuj
fripouillerie,fRipuj°Ri
frippe,fRip
fripé,fRipe
friqué,fRike
frire,fRiR
frisant,fRiz@
frisbee,fRisbi
frise,fRiz
frise-poulet,fRizpulE
friseler,fRiz°le
friselis,fRiz°li
friselée,fRiz°le
friser,fRize
frisette,fRizEt
friseur,fRiz9R
frison,fRiz§
frisottant,fRizot@
frisottement,fRizOt°m@
frisotter,fRizote
frisottis,fRizoti
frisotté,fRizote
frisquet,fRiskE
frisselis,fRis°li
frisson,fRis§
frissonnant,fRison@
frissonnement,fRisOn°m@
frissonner,fRisone
frisure,fRizyR
frisé,fRize
frite,fRit
friterie,fRit°Ri
fritte,fRit
fritter,fRite
friture,fRityR
friturier,fRityRje
fritz,fRits
frivole,fRivOl
frivolité,fRivolite
froc,fROk
frocard,fRokaR
froid,fRwa
froidasse,fRwadas
froidement,fRwad°m@
froideur,fRwad9R
froidir,fRwadiR
froidure,fRwadyR
froissement,fRwas°m@
froisser,fRwase
froissé,fRwase
fromage,fRomaZ
fromager,fRomaZe
fromagerie,fRomaZ°Ri
fromegi,fRomZi
froment,fRom@
fromental,fRom@tal
frometon,fROm°t§
fronce,fR§s
froncement,fR§s°m@
froncer,fR§se
froncé,fR§se
frondaison,fR§dEz§
fronde,fR§d
frondeur,fR§d9R
front,fR§
frontal,fR§tal
frontalier,fR§talje
fronteau,fR§to
frontispice,fR§tispis
frontière,fR§tjER
fronton,fR§t§
frottage,fRotaZ
frottant,fRot@
frottement,fROt°m@
frotter,fRote
frotteur,fRot9R
frotti-frotta,fRotifRota
frottin,fRot5
frottis,fRoti
frottoir,fRotwaR
frotté,fRote
frou-frou,fRufRu
frouement,fRum@
froufrou,fRufRu
froufroutant,fRufRut@
froufroutement,fRufRut°m@
froufrouter,fRufRute
froussard,fRusaR
frousse,fRus
fructidor,fRyktidOR
fructification,fRyktifikasj§
fructifier,fRyktifje
fructose,fRyktoz
fructueux,fRykt82
frugal,fRygal
frugalement,fRygal°m@
frugalité,fRygalite
frugivore,fRyZivOR
fruit,fR8i
fruiter,fR8ite
fruiteux,fR8it2
fruitier,fR8itje
fruité,fR8ite
frusquer,fRyske
fruste,fRyst
frustrant,fRystR@
frustration,fRystRasj§
frustrer,fRystRe
frustré,fRystRe
frère,fRER
frégate,fRegat
frémir,fRemiR
frémissant,fRemis@
frémissement,fRemis°m@
frénésie,fRenezi
frénétique,fRenetik
frénétiquement,fRenetik°m@
fréon,fRe§
fréquemment,fRekam@
fréquence,fRek@s
fréquent,fRek@
fréquentable,fRek@tabl
fréquentation,fRek@tasj§
fréquenter,fRek@te
fréquenté,fRek@te
frérot,fReRo
fréter,fRete
frétillant,fRetij@
frétillard,fRetijaR
frétillement,fRetij°m@
frétiller,fRetije
frétillon,fRetij§
frêle,fREl
frêne,fREn
frôlement,fRol°m@
frôler,fRole
frôleur,fRol9R
fuchsia,fySja
fuel,fjul
fuel-oil,fjulOjl
fugace,fygas
fugacement,fygas°m@
fugacité,fygasite
fugitif,fyZitif
fugitivement,fyZitiv°m@
fugu,fygy
fugue,fyg
fuguer,fyge
fugueur,fyg9R
fui,f8i
fuie,f8i
fuir,f8iR
fuite,f8it
fuiter,f8ite
fulgurance,fylgyR@s
fulgurant,fylgyR@
fulguration,fylgyRasj§
fulgurer,fylgyRe
fuligineux,fyliZin2
fuligule,fyligyl
full,ful
full-contact,fulk§takt
fullerène,fyl°REn
fulmicoton,fylmikot§
fulminant,fylmin@
fulminate,fylminat
fulmination,fylminasj§
fulminement,fylmin°m@
fulminer,fylmine
fumaga,fymaga
fumage,fymaZ
fumailler,fymaje
fumaison,fymEz§
fumant,fym@
fumasse,fymas
fume-cigarette,fymsigaREt
fumer,fyme
fumerie,fym°Ri
fumeron,fym°R§
fumet,fymE
fumette,fymEt
fumeur,fym9R
fumeux,fym2
fumier,fymje
fumigateur,fymigat9R
fumigation,fymigasj§
fumiger,fymiZe
fumigène,fymiZEn
fumiste,fymist
fumisterie,fymist°Ri
fumoir,fymwaR
fumure,fymyR
fumé,fyme
fumée,fyme
fun,fyn
funambule,fyn@byl
funambulesque,fyn@bylEsk
funeste,fynEst
funestement,fynEst°m@
fung,fuG
funiculaire,fynikylER
funk,f1k
funky,f9nki
funèbre,fynEbR
funérailles,fyneRaj
funéraire,fyneRER
funérarium,fyneRaRjOm
fur et à mesure,fyReam°zyR
furax,fyRaks
furet,fyRE
furetage,fyR°taZ
fureter,fyR°te
fureteur,fyR°t9R
furette,fyREt
fureur,fyR9R
furia,fyRja
furibard,fyRibaR
furibond,fyRib§
furie,fyRi
furieusement,fyRj2z°m@
furieux,fyRj2
furioso,fyRjozo
furoncle,fyR§kl
furonculeux,fyR§kyl2
furonculose,fyR§kyloz
furtif,fyRtif
furtivement,fyRtiv°m@
furtivité,fyRtivite
fusain,fyz5
fusant,fyz@
fuseau,fyzo
fuselage,fyz°laZ
fuselé,fyz°le
fuser,fyze
fusible,fyzibl
fusiforme,fyzifORm
fusil,fyzi
fusil-mitrailleur,fyzimitRaj9R
fusilier,fyzilje
fusillade,fyzijad
fusiller,fyzije
fusillé,fyzije
fusion,fyzj§
fusionnel,fyzjonEl
fusionnement,fyzjOn°m@
fusionner,fyzjone
fustanelle,fystanEl
fustigation,fystigasj§
fustiger,fystiZe
fusée,fyze
futaie,fytE
futaille,fytaj
futaine,fytEn
futal,fytal
futile,fytil
futilement,fytil°m@
futilité,fytilite
futon,fyt§
futur,fytyR
futurisme,fytyRizm
futuriste,fytyRist
futurologue,fytyRolOg
futé,fyte
fuyant,f8ij@
fuyard,f8ijaR
fuégien,f8eZj5
fy,fi
fâcher,faSe
fâcherie,faS°Ri
fâcheusement,faS2z°m@
fâcheux,faS2
fâché,faSe
fèces,fEs
fève,fEv
féal,feal
fébrile,febRil
fébrilement,febRil°m@
fébrilité,febRilite
fécal,fekal
fécalome,fekalom
fécond,fek§
fécondant,fek§d@
fécondateur,fek§dat9R
fécondation,fek§dasj§
féconder,fek§de
fécondité,fek§dite
fécule,fekyl
féculent,fekyl@
fédéral,fedeRal
fédéralisme,fedeRalizm
fédéraliste,fedeRalist
fédérateur,fedeRat9R
fédération,fedeRasj§
fédérer,fedeRe
fédéré,fedeRe
fée,fe
féerie,feRi
féerique,feRik
féeriquement,feeRik°m@
félibre,felibR
félibrige,felibRiZ
félicitation,felisitasj§
féliciter,felisite
félicité,felisite
félidé,felide
félin,fel5
félinement,felin°m@
félinité,felinite
félon,fel§
félonie,feloni
féminin,femin5
féminisation,feminizasj§
féminiser,feminize
féminisme,feminizm
féministe,feminist
féminitude,feminityd
féminité,feminite
fémoral,femoRal
fémur,femyR
féodal,feodal
féodalisme,feodalizm
féodalité,feodalite
féra,feRa
féria,feRja
férir,feRiR
férié,feRje
féroce,feROs
férocement,feROs°m@
férocité,feRosite
féru,feRy
férule,feRyl
fétiche,fetiS
féticheur,fetiS9R
fétichisme,fetiSizm
fétichiste,fetiSist
fétide,fetid
fétidité,fetidite
fétu,fety
fétuque,fetyk
février,fevRije
fêle,fEl
fêler,fele
fêlure,felyR
fêlé,fele
fêtard,fEtaR
fête,fEt
fête-dieu,fEtdj2
fêter,fete
fût,fy
führer,fyR9R
g,Ze
gaba,gaba
gabardine,gabaRdin
gabare,gabaR
gabarit,gabaRi
gabbro,gabRo
gabegie,gabZi
gabelle,gabEl
gabelou,gab°lu
gabier,gabje
gabion,gabj§
gable,gabl
gabonais,gabonE
gade,gad
gadget,gadZEt
gadin,gad5
gadjo,gadZo
gadolinium,gadOlinjOm
gadoue,gadu
gadouille,gaduj
gaffe,gaf
gaffer,gafe
gaffeur,gaf9R
gag,gag
gaga,gaga
gage,gaZ
gager,gaZe
gageure,gaZyR
gagnage,gaNaZ
gagnant,gaN@
gagne-pain,gaNp5
gagne-petit,gaNp°ti
gagner,gaNe
gagneur,gaN9R
gagné,gaNe
gagé,gaZe
gai,gE
gaiement,gem@
gaieté,gete
gail,gEl
gaillard,gajaR
gaillardement,gajaRd°m@
gaillardise,gajaRdiz
gaillet,gajE
gaillette,gajEt
gain,g5
gaine,gEn
gaine-culotte,gEnkylOt
gainer,gene
gal,gal
gala,gala
galactique,galaktik
galactophore,galaktOfOR
galago,galago
galalithe,galalit
galamment,galam@
galant,gal@
galanterie,gal@t°Ri
galantine,gal@tin
galapiat,galapja
galate,galat
galathée,galate
galaxie,galaksi
galbe,galb
galber,galbe
galbé,galbe
gale,gal
galerie,gal°Ri
galerie-refuge,gal°RiR°fyZ
galeriste,gal°Rist
galet,galE
galetas,gal°ta
galetouse,gal°tuz
galette,galEt
galetteux,galEt2
galeux,gal2
galibot,galibo
galicien,galisj5
galiléen,galile5
galimatias,galimatja
galion,galj§
galiote,galjOt
galipette,galipEt
galle,gal
gallicanisme,galikanizm
gallinacé,galinase
galline,galin
gallique,galik
gallium,galjOm
gallo,galo
gallo-romain,galoRom5
gallois,galwa
galloise,galwaz
gallon,gal§
galoche,galOS
galon,gal§
galonnage,galonaZ
galonné,galone
galop,galo
galopade,galopad
galopant,galop@
galope,galOp
galoper,galope
galopin,galop5
galopiner,galopine
galoubet,galubE
galoup,galu
galtouse,galtuz
galuchat,galySa
galure,galyR
galurin,galyR5
galvanique,galvanik
galvaniser,galvanize
galvanisme,galvanizm
galvauder,galvode
galvaudeux,galvod2
galène,galEn
galée,gale
galéjade,galeZad
galéjeur,galeZ9R
galéniste,galenist
galérer,galeRe
galérien,galeRj5
gamay,gamE
gambadant,g@bad@
gambade,g@bad
gambader,g@bade
gambe,g@b
gamberge,g@bERZ
gambergeailler,g@bERZaje
gamberger,g@bERZe
gambette,g@bEt
gambiller,g@bije
gambit,g@bi
game,gEjm
gamelan,gam°l@
gamelle,gamEl
gamin,gam5
gaminement,gamin°m@
gaminerie,gamin°Ri
gamma,gama
gammaglobuline,gamaglobylin
gammas,gama
gamme,gam
gammée,game
gamète,gamEt
gan,gan
ganache,ganaS
ganaderia,ganadeRja
gandin,g@d5
gandoura,g@duRa
gandourah,g@duRa
gang,g@g
ganglion,g@glij§
gangrener,g@gR°ne
gangreneux,g@gR°n2
gangrené,g@gR°ne
gangrène,g@gREn
gangster,g@gstER
gangstérisme,g@gsteRizm
gangue,g@g
ganja,g@Za
ganse,g@s
gant,g@
gantelet,g@t°lE
ganterie,g@t°Ri
gantier,g@tje
ganté,g@te
gap,gap
gaperon,gap°R§
gapette,gapEt
garage,gaRaZ
garagiste,gaRaZist
garance,gaR@s
garancière,gaR@sjER
garant,gaR@
garanti,gaR@ti
garantie,gaR@ti
garantir,gaR@tiR
garbure,gaRbyR
garce,gaRs
garcette,gaRsEt
garde,gaRd
garde-barrière,gaRd°baRjER
garde-boue,gaRd°bu
garde-champêtre,gaRd°S@pEtR
garde-chasse,gaRd°Sas
garde-chiourme,gaRd°SjuRm
garde-corps,gaRd°kOR
garde-côte,gaRd°kot
garde-feu,gaRd°f2
garde-forestier,gaRd2fOREstje
garde-fou,gaRd°fu
garde-frontière,gaRd°fR§tjER
garde-malade,gaRdmalad
garde-manger,gaRdm@Ze
garde-meuble,gaRd°m9bl
garde-meubles,gaRd°m9bl
garde-pêche,gaRd°pES
garde-robe,gaRd°ROb
garde-voie,gaRd°vwa
garde-vue,gaRd°vy
garde-à-vous,gaRdavu
garden-party,gaRdEnpaRti
garder,gaRde
garderie,gaRd°Ri
gardes-chasse,gaRd°Sas
gardeur,gaRd9R
gardian,gaRdj@
gardien,gaRdj5
gardien-chef,gaRdj5SEf
gardiennage,gaRdjEnaZ
gardois,gaRdwa
gardon,gaRd§
gardé,gaRde
gardénal,gaRdenal
gardénia,gaRdenja
gare,gaR
garenne,gaREn
garer,gaRe
gargamelle,gaRgamEl
gargantua,gaRg@t8a
gargantuesque,gaRg@t8Esk
gargariser,gaRgaRize
gargarisme,gaRgaRizm
gargote,gaRgOt
gargotier,gaRgotje
gargouillant,gaRguj@
gargouille,gaRguj
gargouillement,gaRguj°m@
gargouiller,gaRguje
gargouillette,gaRgujEt
gargouillis,gaRguji
gargoulette,gaRgulEt
gari,gaRi
garibaldien,gaRibaldj5
garnement,gaRn°m@
garni,gaRni
garnir,gaRniR
garnison,gaRniz§
garnissage,gaRnisaZ
garniture,gaRnityR
garno,gaRno
garou,gaRu
garrick,gaRik
garrigue,gaRig
garrot,gaRo
garrotte,gaROt
garrotter,gaRote
gars,ga
garçon,gaRs§
garçonne,gaRsOn
garçonnet,gaRsonE
garçonnier,gaRsonje
garçonnière,gaRsonjER
gas-oil,gazOjl
gascon,gask§
gasoil,gazwal
gaspacho,gaspatSo
gaspard,gaspaR
gaspillage,gaspijaZ
gaspiller,gaspije
gaspilleur,gaspij9R
gaster,gastER
gastralgie,gastRalZi
gastrectomie,gastREktOmi
gastrique,gastRik
gastrite,gastRit
gastro,gastRo
gastro-entérite,gastRo@teRit
gastro-entérologue,gastRo@teRolOg
gastro-intestinal,gastRo5tEstinal
gastroentérologue,gastRo@teRolOg
gastrolâtre,gastRolatR
gastronome,gastRonOm
gastronomie,gastRonomi
gastronomique,gastRonomik
gastrula,gastRyla
gastéropode,gasteRopOd
gatte,gEt
gauche,goS
gauchement,goS°m@
gaucher,goSe
gaucherie,goS°Ri
gauchir,goSiR
gauchisme,goSizm
gauchissement,goSis°m@
gauchiste,goSist
gaucho,goSo
gaudriole,godRijOl
gaufre,gofR
gaufrette,gofREt
gaufrier,gofRije
gaufré,gofRe
gauldo,goldo
gaule,gol
gauleiter,golajt9R
gauler,gole
gaulis,goli
gaulle,gol
gaullisme,golizm
gaulliste,golist
gaulois,golwa
gauloisement,golwaz°m@
gaulthérie,golteRi
gaulée,gole
gaupe,gop
gauss,gos
gausser,gose
gavage,gavaZ
gave,gav
gaver,gave
gavial,gavjal
gaviot,gavjo
gavroche,gavROS
gay,gE
gayac,gajak
gaz,gaz
gazage,gazaZ
gaze,gaz
gazelle,gazEl
gazer,gaze
gazette,gazEt
gazeux,gaz2
gazier,gazje
gazinière,gazinjER
gazoduc,gazodyk
gazogène,gazoZEn
gazole,gazOl
gazoline,gazolin
gazomètre,gazomEtR
gazométrie,gazometRi
gazon,gaz§
gazonné,gazone
gazouillant,gazuj@
gazouillement,gazuj°m@
gazouiller,gazuje
gazouillis,gazuji
gazpacho,gaspatSo
gazé,gaze
gazéifier,gazeifje
gaélique,gaelik
gaîment,gem@
gaîté,gete
geai,ZE
gecko,ZEko
geez,dZiz
geignant,ZEN@
geignard,ZENaR
geignement,ZEN°m@
geindre,Z5dR
geisha,geSa
gel,ZEl
geler,Z°le
geline,Z°lin
gelinotte,ZelinOt
gelure,Z°lyR
gelé,Z°le
gelée,Z°le
gemme,ZEm
gemmologie,ZEmOlOZi
gencive,Z@siv
gendarme,Z@daRm
gendarmer,Z@daRme
gendarmerie,Z@daRm°Ri
gendre,Z@dR
genet,Z2nE
genevois,Z°n°vwa
gengis khan,dZEndZiskan
gengiskhanide,Z@Ziskanid
genièvre,Z°njEvR
genou,Z°nu
genouillère,Z°nujER
genre,Z@R
genreux,Z@R2
gens,Z@
gent,Z@
gentamicine,Z@tamisin
gente,Z@t
gentiane,Z@sjan
gentil,Z@ti
gentilhomme,Z@tijOm
gentilice,Z@tilis
gentillesse,Z@tijEs
gentillet,Z@tijE
gentiment,Z@tim@
gentleman,dZEntl°man
gentleman-farmer,ZEntl°manfaRm9R
gentry,dZEntRi
genèse,Z°nEz
genévrier,Z°nevRije
genêt,Z°nE
genêtière,Z°nEtjER
gerbe,ZERb
gerber,ZERbe
gerbier,ZERbje
gerbille,ZERbij
gerboise,ZERbwaz
gercer,ZERse
gerfaut,ZERfo
germain,ZERm5
germanique,ZERmanik
germanisation,ZERmanizasj§
germanisme,ZERmanizm
germaniste,ZERmanist
germanité,ZERmanite
germanium,ZERmanjOm
germano,ZERmano
germano-belge,ZERmanobElZ
germano-irlandais,ZERmanoiRl@dE
germano-russe,ZERmanoRys
germano-soviétique,ZERmanosovjetik
germanophile,ZERmanofil
germanophilie,ZERmanofili
germanophone,ZERmanOfOn
germant,ZERm@
germe,ZERm
germen,ZERmEn
germer,ZERme
germinal,ZERminal
germination,ZERminasj§
germé,ZERme
gerris,ZERi
gestapiste,gEstapist
gestapo,gEstapo
gestation,ZEstasj§
geste,ZEst
gesticulant,ZEstikyl@
gesticulation,ZEstikylasj§
gesticulatoire,ZEstikylatwaR
gesticuler,ZEstikyle
gestion,ZEstj§
gestionnaire,ZEstjonER
gestuel,ZEst8El
geyser,ZEzER
geôle,Zol
geôlier,Zolje
ghetto,gEto
ghât,ga
gi,Zi
giaour,ZjauR
gibbeux,Zib2
gibbon,Zib§
gibbosité,Zibozite
gibecière,Zib°sjER
gibelet,Zib°lE
gibelin,Zib°l5
gibelotte,Zib°lOt
giberne,ZibERn
gibet,ZibE
gibier,Zibje
giboulée,Zibule
giboyeux,Zibwaj2
gibus,Zibys
giclement,Zikl°m@
gicler,Zikle
gicleur,Zikl9R
giclée,Zikle
gidien,Zidj5
gidouille,Ziduj
gifle,Zifl
gifler,Zifle
gig,Zig
giga,Ziga
gigahertz,ZigaERts
gigantesque,Zig@tEsk
gigantisme,Zig@tizm
gigantomachie,Zig@tomaSi
gigogne,ZigON
gigolette,ZigolEt
gigolo,Zigolo
gigolpince,ZigOlp5s
gigot,Zigo
gigoter,Zigote
gigoté,ZigOte
gigue,Zig
gilbert,ZilbER
gilet,ZilE
gimmick,Z5mik
gin,dZin
gin-fizz,dZinfidz
gin-rami,dZinRami
gin-rummy,dZinRymi
gineste,ZinEst
gingembre,Z5Z@bR
gingin,Z5Z5
gingivite,Z5Zivit
ginkgo,Z5ko
ginseng,Zins@G
giocoso,dZjokozo
gipsy,Zipsi
girafe,ZiRaf
girafeau,ZiRafo
girafon,ZiRaf§
girandole,ZiR@dOl
giration,ZiRasj§
giratoire,ZiRatwaR
gire,ZiR
girer,ZiRe
girie,ZiRi
girl,g9Rl
girl friend,g9RlfR5d
girl-scout,g9Rlskut
girofle,ZiROfl
giroflier,ZiROflije
giroflée,ZiRofle
girolle,ZiROl
giron,ZiR§
girond,ZiR§
girondin,ZiR§d5
girouette,ZiRwEt
gisant,Ziz@
gisement,Ziz°m@
gisquette,ZiskEt
gitan,Zit@
giton,Zit§
givrage,ZivRaZ
givre,ZivR
givrer,ZivRe
givré,ZivRe
gla-gla,glagla
glabelle,glabEl
glabre,glabR
glace,glas
glacer,glase
glaciaire,glasjER
glacial,glasjal
glacialement,glasjal°m@
glaciation,glasjasj§
glacier,glasje
glaciologue,glasjOlOg
glacis,glasi
glacière,glasjER
glacé,glase
gladiateur,gladjat9R
glaglater,glaglate
glaire,glER
glaireux,glER2
glaise,glEz
glaiseux,glEz2
glaive,glEv
glamour,glamuR
glanage,glanaZ
gland,gl@
glandage,gl@daZ
glande,gl@d
glander,gl@de
glandeur,gl@d9R
glandilleuse,gl@dij2z
glandilleux,gl@dij2
glandouiller,gl@duje
glandouilleur,gl@duj9R
glandu,gl@dy
glandulaire,gl@dylER
glane,glan
glaner,glane
glaneur,glan9R
glanure,glanyR
glapir,glapiR
glapissant,glapis@
glapissement,glapis°m@
glaréole,glaReOl
glas,gla
glasnost,glasnOst
glass,glas
glaucome,glokom
glauque,glok
glauquement,glok°m@
glaviot,glavjo
glavioter,glavjote
glaçage,glasaZ
glaçant,glas@
glaçon,glas§
glaçure,glasyR
glaïeul,glaj9l
glide,glid
glioblastome,glijOblastom
gliome,gliom
glissade,glisad
glissando,glis@do
glissant,glis@
glisse,glis
glisse-la-moi,glislamwa
glissement,glis°m@
glisser,glise
glissière,glisjER
glissoire,gliswaR
global,global
globalement,global°m@
globalisation,globalizasj§
globalité,globalite
globe,glOb
globe-trotter,glObtROt9R
globulaire,globylER
globule,glObyl
globuleux,globyl2
globuline,globylin
glockenspiel,glokEnSpil
gloire,glwaR
glomérule,glomeRyl
glop,glOp
gloria,gloRja
gloriette,gloRjEt
glorieuse,gloRj2z
glorieusement,gloRj2z°m@
glorieux,gloRj2
glorification,gloRifikasj§
glorifier,gloRifje
gloriole,gloRjOl
glose,gloz
gloser,gloze
glossaire,glosER
glossématique,glosematik
glotte,glOt
glottique,glotik
glouglou,gluglu
glougloutement,gluglut°m@
glouglouter,gluglute
gloussant,glus@
gloussement,glus°m@
glousser,gluse
glouton,glut§
gloutonnement,glutOn°m@
gloutonnerie,glutOn°Ri
glu,gly
gluant,gly@
glucagon,glykag§
glucide,glysid
gluconique,glykOnik
glucose,glykoz
gluon,gly§
glutamate,glytamat
gluten,glytEn
glycine,glisin
glycol,glikOl
glycoprotéine,glikopROtein
glycémie,glisemi
glycérine,gliseRin
glycérol,gliseROl
glyphe,glif
glèbe,glEb
glène,glEn
glénoïde,glenOid
gna gna,NaNa
gnafron,NafR§
gnagnagna,NaNaNa
gnangnan,N@N@
gnard,NaR
gnaule,Nol
gnian-gnian,N@N@
gniard,NaR
gniouf,Nuf
gnocchi,NOki
gnognote,NoNOt
gnognotte,NoNOt
gnole,Nol
gnome,gnom
gnon,N§
gnose,gnoz
gnosticisme,gnostisizm
gnostique,gnostik
gnou,gnu
gnouf,Nuf
gnôle,Nol
go,go
goal,gol
gobage,gobaZ
gobe-mouches,gObmuS
gobelet,gOb°lE
gobelin,gOb°l5
gober,gobe
goberger,gobERZe
gobet,gobE
gobeur,gob9R
godasse,godas
goddam,gOdam
godelureau,god°lyRo
godemiché,god°miSe
goder,gode
godet,godE
godiche,godiS
godille,godij
godiller,godije
godilleur,godij9R
godillot,godijo
goglu,gOgly
gogo,gogo
gogol,gogOl
goguenard,gOg°naR
gogues,gOg
goguette,gogEt
goinfre,gw5fR
goinfrer,gw5fRe
goinfrerie,gw5fR°Ri
goitre,gwatR
goitreux,gwatR2
gold,gOld
golden,gOldEn
goldo,gOldo
golem,golEm
golf,gOlf
golf-club,gOlfkl9b
golfe,gOlf
golfeur,gOlf9R
golgotha,gOlgOta
goliath,gOliat
gombo,g§bo
gomina,gomina
gominer,gomine
gommage,gomaZ
gomme,gOm
gommer,gome
gommette,gOmEt
gommeux,gom2
gommier,gomje
gommé,gome
goménol,gomenOl
gon,gon
gonade,gonad
gonadotrophine,gOnadOtROfin
goncier,g§sje
gond,g§
gonder,g§de
gondolant,g§dol@
gondole,g§dOl
gondolement,g§dOl°m@
gondoler,g§dole
gondolier,g§dolje
gondolé,g§dole
gone,gon
gonelle,gonEl
gonfalon,g§fal§
gonfanon,g§fan§
gonflable,g§flabl
gonflage,g§flaZ
gonflant,g§fl@
gonfle,g§fl
gonflement,g§fl°m@
gonfler,g§fle
gonflette,g§flEt
gonfleur,g§fl9R
gonflé,g§fle
gong,g§g
gongoriste,g§goRist
goniomètre,gonjomEtR
gonococcie,gOnOkOksi
gonococcique,gOnOkOksik
gonocoque,gonokOk
gonorrhée,gonoRe
gonze,g§z
gonzesse,g§zEs
gopak,gopak
gopher,gOf9R
gord,gOR
gordien,gORdj5
gore,gOR
goret,goRE
gorge,gORZ
gorge-de-pigeon,gORZd2piZ§
gorgeon,gORZ§
gorger,gORZe
gorgerette,gORZ°REt
gorgerin,gORZ°R5
gorget,gORZE
gorgone,gORgOn
gorgonzola,gORg§zola
gorgé,gORZe
gorgée,gORZe
gorille,goRij
gosier,gozje
gospel,gospEl
gosplan,gospl@
gosse,gOs
gosseline,gOs°lin
goth,go
gotha,gota
gothique,gotik
goton,got§
gouache,gwaS
gouaille,gwaj
gouailleur,gwaj9R
goualante,gwal@t
goualer,gwale
gouape,gwap
gouda,guda
goudou,gudu
goudron,gudR§
goudronnage,gudRonaZ
goudronner,gudRone
goudronneux,gudRon2
goudronné,gudRone
gouet,gwE
gouffre,gufR
gouge,guZ
gougnafier,guNafje
gougoutte,gugut
gougère,guZER
gouine,gwin
goujat,guZa
goujaterie,guZat°Ri
goujon,guZ§
goulache,gulaS
goulafre,gulafR
goulag,gulag
goulasch,gulaS
goule,gul
goulet,gulE
goulette,gulEt
gouleyant,gulEj@
goulot,gulo
goulotte,gulOt
goulu,guly
goulée,gule
goulûment,gulym@
goum,gum
goumi,gumi
goumier,gumje
goupil,gupil
goupille,gupij
goupiller,gupije
goupillon,gupij§
gour,guR
goura,guRa
gourance,guR@s
gourbi,guRbi
gourd,guR
gourde,guRd
gourdin,guRd5
gourer,guRe
gourgandine,guRg@din
gourmand,guRm@
gourmandement,guRm@d°m@
gourmander,guRm@de
gourmandise,guRm@diz
gourme,guRm
gourmet,guRmE
gourmette,guRmEt
gourmé,guRme
gourou,guRu
gousse,gus
gousset,gusE
goutte,gut
gouttelette,gut°lEt
goutter,gute
gouttereau,gut°Ro
goutteux,gut2
gouttière,gutjER
gouvernable,guvERnabl
gouvernail,guvERnaj
gouvernance,guvERn@s
gouvernant,guvERn@
gouvernante,guvERn@t
gouverne,guvERn
gouvernement,guvERn°m@
gouvernemental,guvERn°m@tal
gouverner,guvERne
gouverneur,guvERn9R
gouvernorat,guvERnORa
gouzi-gouzi,guziguzi
goy,gOj
goyave,gojav
goyesque,gojEsk
goéland,goel@
goélette,goelEt
goémon,goem§
goétie,gOesi
goût,gu
goûter,gute
goûteur,gut9R
goûteux,gut2
graal,gRal
grabat,gRaba
grabataire,gRabatER
graben,gRab9n
grabuge,gRabyZ
gracier,gRasje
gracieusement,gRasj2z°m@
gracieuseté,gRasj2z°te
gracieusé,gRasj2ze
gracieux,gRasj2
gracile,gRasil
gracilité,gRasilite
gracié,gRasje
gradaille,gRadaj
gradation,gRadasj§
grade,gRad
grader,gRade
gradient,gRadj@
gradin,gRad5
graduation,gRad8asj§
graduel,gRad8El
graduellement,gRad8El°m@
graduer,gRad8e
gradus,gRadys
gradué,gRad8e
gradé,gRade
graff,gRaf
graffeur,gRaf9R
graffiter,gRafite
graffiteur,gRafit9R
graffiti,gRafiti
graffito,gRafito
grafigner,gRafiNe
grailler,gRaje
graillon,gRaj§
graillonnant,gRajon@
graillonneux,gRajon2
grain,gR5
graine,gREn
grainer,gREne
graineterie,gREn°t°Ri
grainetier,gREn°tje
graissage,gREsaZ
graisse,gREs
graisser,gRese
graisseur,gREs9R
graisseux,gREs2
graissé,gREse
gram,gRam
gramen,gRamEn
graminée,gRamine
grammage,gRamaZ
grammaire,gRamER
grammairien,gRamERj5
grammatical,gRamatikal
grammaticalement,gRamatikal°m@
gramme,gRam
grammer,gRame
gramophone,gRamofOn
grana,gRana
grand,gR@
grand-angle,gR@t@gl
grand-chose,gR@Soz
grand-duc,gR@dyk
grand-duché,gR@dySe
grand-faim,gR@f5
grand-guignol,gR@giNOl
grand-guignolesque,gR@giNOlEsk
grand-hâte,gR@at
grand-hôtel,gR@totEl
grand-maître,gR@mEtR
grand-messe,gR@mEs
grand-mère,gR@mER
grand-neige,gR@nEZ
grand-officier,gR@tofisje
grand-oncle,gR@t§kl
grand-papa,gR@papa
grand-peine,gR@pEn
grand-peur,gR@p9R
grand-place,gR@plas
grand-prêtre,gR@pREtR
grand-père,gR@pER
grand-quartier,gR@kaRtje
grand-route,gR@Rut
grand-rue,gR@Ry
grand-salle,gR@sal
grand-tante,gR@t@t
grand-vergue,gR@vERg
grand-voile,gR@vwal
grandement,gR@d°m@
grandesse,gR@dEs
grandet,gR@dE
grandeur,gR@d9R
grandiloque,gR@dilOk
grandiloquence,gR@dilok@s
grandiloquent,gR@dilok@
grandiose,gR@djoz
grandiosement,gR@djoz°m@
grandir,gR@diR
grandissant,gR@dis@
grandissement,gR@dis°m@
grandissime,gR@disim
grands-parents,gR@paR@
grange,gR@Z
grangette,gR@ZEt
granit,gRanit
granite,gRanit
granitique,gRanitik
granito,gRanito
granité,gRanite
granulaire,gRanylER
granulation,gRanylasj§
granuleux,gRanyl2
granulie,gRanyli
granulome,gRanylom
granulé,gRanyle
grape-fruit,gRapfR8i
graphe,gRaf
graphie,gRafi
graphique,gRafik
graphisme,gRafizm
graphiste,gRafist
graphite,gRafit
graphologie,gRafoloZi
graphologique,gRafoloZik
graphologue,gRafolOg
graphomane,gRafOman
graphomanie,gRafomani
graphomètre,gRafomEtR
graphophone,gRafofOn
grappa,gRapa
grappe,gRap
grappillage,gRapijaZ
grappiller,gRapije
grappilleur,gRapij9R
grappillon,gRapij§
grappin,gRap5
gras,gRa
gras-double,gRadubl
grassement,gRas°m@
grasseyant,gRasEj@
grasseyement,gRasEjm@
grasseyer,gRasEje
grassouillet,gRasujE
gratifiant,gRatifj@
gratification,gRatifikasj§
gratifier,gRatifje
gratin,gRat5
gratiner,gRatine
gratiné,gRatine
gratinée,gRatine
gratis,gRatis
gratis pro deo,gRatispRodeo
gratitude,gRatityd
gratos,gRatos
gratouillis,gRatuji
grattage,gRataZ
grattant,gRat@
gratte,gRat
gratte-ciel,gRatsjEl
gratte-cul,gRatky
gratte-dos,gRatdo
gratte-papier,gRatpapje
gratte-pieds,gRatpje
grattement,gRat°m@
gratter,gRate
gratteur,gRat9R
grattoir,gRatwaR
grattouiller,gRatuje
grattouillis,gRatuji
gratture,gRatyR
gratuit,gRat8i
gratuitement,gRat8it°m@
gratuité,gRat8ite
grau,gRo
gravats,gRava
grave,gRav
graveleux,gRav°l2
gravelle,gRavEl
gravement,gRav°m@
graver,gRave
graveur,gRav9R
gravide,gRavid
gravidité,gRavidite
gravier,gRavje
gravillon,gRavij§
gravir,gRaviR
gravissime,gRavisim
gravitation,gRavitasj§
gravitationnel,gRavitasjonEl
graviter,gRavite
gravité,gRavite
gravos,gRavos
gravosse,gRavos
gravure,gRavyR
gravé,gRave
gray,gRE
grec,gREk
gredin,gR°d5
green,gRin
greffage,gREfaZ
greffe,gREf
greffer,gRefe
greffier,gRefje
greffon,gREf§
greffé,gRefe
grelot,gR°lo
grelottant,gR°lot@
grelottement,gR°lOt°m@
grelotter,gR°lote
grelotteux,gR°lot2
greluche,gR°lyS
greluchon,gR°lyS§
grenache,gR°naS
grenadage,gR°nadaZ
grenade,gR°nad
grenader,gR°nade
grenadeur,gR2nad9R
grenadier,gR°nadje
grenadine,gR°nadin
grenaille,gR°naj
grenat,gR°na
grenier,gR°nje
grenoblois,gR°noblwa
grenouillage,gR°nujaZ
grenouillard,gR°nujaR
grenouille,gR°nuj
grenouille-taureau,gR°nujtoRo
grenouillère,gR2nujER
grenu,gR°ny
gressin,gRes5
gretchen,gR°tSEn
grever,gR°ve
gri-gri,gRigRi
gribiche,gRibiS
gribouillage,gRibujaZ
gribouille,gRibuj
gribouiller,gRibuje
gribouilleur,gRibuj9R
gribouillis,gRibuji
grief,gRijEf
griffage,gRifaZ
griffe,gRif
griffer,gRife
griffeur,gRif9R
griffon,gRif§
griffonnage,gRifonaZ
griffonner,gRifone
griffonneur,gRifOn9R
griffu,gRify
griffure,gRifyR
griffé,gRife
grifton,gRift§
grignotage,gRiNotaZ
grignotement,gRiNOt°m@
grignoter,gRiNote
grignotis,gRiNoti
grigou,gRigu
grigri,gRigRi
gril,gRil
grill,gRil
grill-room,gRilRum
grillade,gRijad
grilladerie,gRijad°Ri
grillage,gRijaZ
grillagé,gRijaZe
grille,gRij
grille-pain,gRijp5
griller,gRije
grillon,gRij§
grillé,gRije
grimace,gRimas
grimace-éclair,gRimaseklER
grimacement,gRimas°m@
grimacer,gRimase
grimacier,gRimasje
grimage,gRimaZ
grimaçant,gRimas@
grimer,gRime
grimoire,gRimwaR
grimpant,gR5p@
grimpe,gR5p
grimper,gR5pe
grimpette,gR5pEt
grimpeur,gR5p9R
grimpée,gR5pe
grincement,gR5s°m@
grincer,gR5se
grinche,gR5S
grincheux,gR5S2
grinchir,gR5SiR
gringalet,gR5galE
gringo,gRiGo
gringue,gR5g
gringuer,gR5ge
grinçant,gR5s@
griot,gRijo
griotte,gRijOt
grip,gRip
grippal,gRipal
grippe,gRip
grippe-sou,gRipsu
gripper,gRipe
grippé,gRipe
gris,gRi
gris-blanc,gRibl@
gris-bleu,gRibl2
gris-gris,gRigRi
gris-jaune,gRiZon
gris-perle,gRipERl
gris-rose,gRiRoz
gris-vert,gRivER
grisaille,gRizaj
grisant,gRiz@
grisbi,gRisbi
griser,gRize
griserie,gRiz°Ri
grisette,gRizEt
grison,gRiz§
grisonnant,gRizon@
grisonner,gRizone
grisotte,gRizOt
grisou,gRizu
grisâtre,gRizatR
grisé,gRize
grive,gRiv
grivet,gRivE
griveton,gRiv°t§
grivois,gRivwa
grivoiserie,gRivwaz°Ri
grivèlerie,gRivEl°Ri
grizzli,gRizli
grizzly,gRizli
grièvement,gRijEv°m@
groenlandais,gRoenl@dE
grog,gROg
groggy,gRogi
grognant,gRoN@
grognard,gRoNaR
grognasse,gRoNas
grognasser,gRoNase
grogne,gRON
grognement,gRON°m@
grogner,gRoNe
grognon,gRoN§
grognonner,gRoNone
groin,gRw5
grole,gROl
grolle,gROl
grommeler,gROm°le
grommellement,gRomEl°m@
grondant,gR§d@
grondement,gR§d°m@
gronder,gR§de
grondeur,gR§d9R
grondin,gR§d5
groom,gRum
gros,gRo
gros-bec,gRobEk
gros-cul,gRoky
gros-grain,gRogR5
gros-porteur,gRopORt9R
groschen,gRoS°n
groseille,gRozEj
groseillier,gRozEje
grossesse,gRosEs
grosseur,gRos9R
grossi,gRosi
grossier,gRosje
grossir,gRosiR
grossissant,gRosis@
grossissement,gRosis°m@
grossiste,gRosist
grossium,gRosjOm
grossièrement,gRosjER°m@
grossièreté,gRosjER°te
grosso modo,gRosomodo
grotesque,gRotEsk
grotesquement,gRotEsk°m@
grotte,gROt
grouillant,gRuj@
grouillement,gRuj°m@
grouiller,gRuje
grouillis,gRuji
grouillot,gRujo
grouiner,gRwine
groumer,gRum9R
ground,gRawnd
group,gRup
groupage,gRupaZ
groupe,gRup
groupement,gRup°m@
grouper,gRupe
groupie,gRupi
groupuscule,gRupyskyl
groupé,gRupe
grouse,gRuz
gruau,gRyo
grue,gRy
gruger,gRyZe
grume,gRym
grumeau,gRymo
grumeleux,gRym°l2
grumier,gRymje
grunge,gR9nZ
gruppetto,gRupEto
grutier,gRytje
gruyère,gRyjER
grâce,gRas
grèbe,gREb
grège,gREZ
grègues,gREg
grès,gRE
grève,gREv
gré,gRe
gréage,gReaZ
grébiche,gRebiS
gréco,gReko
gréco-romain,gRekoRom5
gréement,gRem@
gréer,gRee
grégaire,gRegER
grégeois,gReZwa
grégorien,gRegoRj5
grésil,gRezil
grésillant,gRezij@
grésillement,gRezij°m@
grésiller,gRezije
gréviste,gRevist
grêle,gREl
grêler,gRele
grêlon,gREl§
grêlé,gRele
guacamole,gwakamole
guadeloupéenne,gwad°lupeEn
guanaco,gwanako
guanine,gwanin
guano,gwano
guaracha,gaRaSa
guarani,gwaRani
guatémaltèque,gwatemaltEk
guelfe,gElf
guenille,g°nij
guenilleux,g°nij2
guenipe,g°nip
guenon,g°n§
guerre,gER
guerre-éclair,gEReklER
guerrier,gERje
guerroyer,gERwaje
guerroyeur,gERwaj9R
guet,gE
guet-apens,gEtap@
guets-apens,gEap@
guette,gEt
guetter,gete
guetteur,gEt9R
gueugueule,g2g9l
gueulante,g2l@t
gueulard,g2laR
gueule,g9l
gueule-de-loup,g9ld2lu
gueulement,g9l°m@
gueuler,g9le
gueules-de-loup,g9ld°lu
gueuleton,g9l°t§
gueuletonner,g9l°tone
gueulette,g9lEt
gueuloir,g9lwaR
gueuserie,g2z°Ri
gueux,g2
gueuze,g2z
gugusse,gygys
gui,gi
guibole,gibOl
guibolle,gibOl
guiche,giS
guichet,giSE
guichetier,giS°tje
guidage,gidaZ
guidance,gid@s
guide,gid
guide-interprète,gid5tERpREt
guider,gide
guidon,gid§
guigne,giN
guigner,giNe
guignol,giNOl
guignolesque,giNolEsk
guignolet,giNolE
guignon,giN§
guilde,gild
guili-guili,giligili
guillaume,gijom
guilledou,gijdu
guillemet,gij°mE
guillemot,gij°mo
guilleret,gij°RE
guillotine,gijotin
guillotiner,gijotine
guillotineur,gijotin9R
guillotiné,gijotine
guimauve,gimov
guimbarde,g5baRd
guimpe,g5p
guinche,g5S
guincher,g5Se
guindal,g5dal
guindant,g5d@
guindeau,g5do
guinder,g5de
guindé,g5de
guinguette,g5gEt
guinée,gine
guinéen,gine5
guipure,gipyR
guirlande,giRl@d
guise,giz
guitare,gitaR
guitariste,gitaRist
guitoune,gitun
gulden,gyldEn
gun,g9n
guna,gyna
guppy,gypi
guru,guRu
gus,gys
gusse,gys
gustatif,gystatif
gustation,gystasj§
gusto,gysto
gut,gyt
gutta-percha,gytapERka
guttural,gytyRal
guyanais,g8ijanE
guzla,gyzla
guède,gEd
guère,gER
gué,ge
guéable,geabl
guéguerre,gegER
guépard,gepaR
guéret,geRE
guéri,geRi
guéridon,geRid§
guérilla,geRija
guérillero,geRijeRo
guérir,geRiR
guérison,geRiz§
guérissable,geRisabl
guérisseur,geRis9R
guérite,geRit
guévariste,gevaRist
guêpe,gEp
guêpier,gepje
guêpière,gEpjER
guêtre,gEtR
guêtré,getRe
gy,Zi
gym,Zim
gymkhana,Zimkana
gymnase,Zimnaz
gymnasium,ZimnazjOm
gymnaste,Zimnast
gymnastique,Zimnastik
gymnique,Zimnik
gymnopédie,Zimnopedi
gymnosophiste,Zimnosofist
gynéco,Zineko
gynécologie,ZinekoloZi
gynécologique,ZinekoloZik
gynécologue,ZinekolOg
gynécomastie,Zinekomasti
gynécée,Zinese
gypaète,ZipaEt
gypse,Zips
gypseux,Zips2
gypsophile,Zipsofil
gyrocompas,ZiRok§pa
gyrophare,ZiRofaR
gyroscope,ZiRoskOp
gyroscopique,ZiRoskopik
gyrus,ZiRys
gâchage,gaSaZ
gâche,gaS
gâcher,gaSe
gâchette,gaSEt
gâcheur,gaS9R
gâchis,gaSi
gâpette,gapEt
gâte-bois,gatbwa
gâte-sauce,gatsos
gâteau,gato
gâter,gate
gâterie,gat°Ri
gâteux,gat2
gâtine,gatin
gâtisme,gatizm
gâté,gate
gène,ZEn
géant,Ze@
gégène,ZeZEn
géhenne,ZeEn
gélatine,Zelatin
gélatineux,Zelatin2
gélatino-bromure,ZelatinobRomyR
gélifiant,Zelifj@
gélification,Zelifikasj§
géline,Zelin
gélinotte,ZelinOt
gélolevure,Zelol°vyR
gélose,Zeloz
gélule,Zelyl
gémeau,Zemo
gémellaire,ZemelER
gémellité,Zemelite
gémir,ZemiR
gémissant,Zemis@
gémissement,Zemis°m@
gémisseur,Zemis9R
gémonies,Zemoni
génial,Zenjal
génialement,Zenjal°m@
génialité,Zenjalite
génie,Zeni
génique,Zenik
génisse,Zenis
génital,Zenital
génitalité,Zenitalite
géniteur,Zenit9R
génocidaire,ZenOsidER
génocide,Zenosid
génois,Zenwa
génome,Zenom
génomique,Zenomik
génotype,Zenotip
génuflexion,ZenyflEksj§
génuine,Zen8in
généalogie,ZenealoZi
généalogique,ZenealoZik
généalogiste,ZenealoZist
général,ZeneRal
généralement,ZeneRal°m@
généralife,ZeneRalif
généralisable,ZeneRalizabl
généralisation,ZeneRalizasj§
généraliser,ZeneRalize
généralissime,ZeneRalisim
généraliste,ZeneRalist
généralisé,ZeneRalize
généralité,ZeneRalite
générateur,ZeneRat9R
génératif,ZeneRatif
génération,ZeneRasj§
générationnel,ZeneRasjOnEl
générer,ZeneRe
généreusement,ZeneR2z°m@
généreux,ZeneR2
générique,ZeneRik
générosité,ZeneRozite
généré,ZeneRe
génésique,Zenezik
généticien,Zenetisj5
génétique,Zenetik
génétiquement,Zenetik°m@
géo,Zeo
géode,ZeOd
géodésigraphe,ZeodezigRaf
géodésique,Zeodezik
géographe,ZeogRaf
géographie,ZeogRafi
géographique,ZeogRafik
géographiquement,ZeogRafik°m@
géologie,ZeoloZi
géologique,ZeoloZik
géologiquement,ZeoloZik°m@
géologue,ZeolOg
géomagnétique,ZeomaNetik
géomancie,Zeom@si
géomètre,ZeomEtR
géométrie,ZeometRi
géométrique,ZeometRik
géométriquement,ZeometRik°m@
géophysique,Zeofizik
géopolitique,Zeopolitik
géorgien,ZeORZj5
géostationnaire,ZeostasjonER
géostratégie,ZeostRateZi
géosynchrone,Zeos5kRon
géothermie,ZeotERmi
géothermique,ZeotERmik
géotropique,ZeotRopik
gérable,ZeRabl
gérance,ZeR@s
géranium,ZeRanjOm
gérant,ZeR@
gérer,ZeRe
gériatrie,ZeRjatRi
gériatrique,ZeRjatRik
géronte,ZeR§t
gérontisme,ZeR§tism
gérontologie,ZeR§toloZi
gérontologue,ZeR§tolOg
géré,ZeRe
gésier,Zezje
gésine,Zezin
gésir,ZeziR
gênant,ZEn@
gêne,ZEn
gêner,Zene
gêneur,ZEn9R
gêné,ZEne
gîte,Zit
gîter,Zite
ha,a
habanera,abanERa
habile,abil
habilement,abil°m@
habileté,abil°te
habilitation,abilitasj§
habilité,abilite
habillage,abijaZ
habillement,abij°m@
habiller,abije
habilleur,abij9R
habillé,abije
habit,abi
habitabilité,abitabilite
habitable,abitabl
habitacle,abitakl
habitant,abit@
habitat,abita
habitation,abitasj§
habiter,abite
habitude,abityd
habituel,abit8El
habituellement,abit8El°m@
habituer,abit8e
habitus,abitys
habitué,abit8e
habité,abite
hachage,aSaZ
hachard,aSaR
hache,aS
hache-paille,aSpaj
hacher,aSe
hachette,aSEt
hacheur,aS9R
hachis,aSi
hachisch,aSiS
hachoir,aSwaR
hachure,aSyR
haché,aSe
hacienda,asjEnda
hack,ak
hacker,ak9R
haddock,adOk
hadith,adit
hadj,adZ
hadji,adZi
hagard,agaR
haggadah,agada
haggis,agis
hagiographe,aZjogRaf
hagiographie,aZjogRafi
haha,aa
hai,E
haie,E
haillon,aj§
haillonneux,ajon2
haine,En
haineusement,En2z°m@
haineux,En2
haire,ER
haka,aka
hakka,aka
halage,alaZ
halal,alal
halcyon,alsj§
hale,al
haleine,alEn
haler,ale
haletant,al°t@
haleter,al°te
haleur,al9R
half-track,alftRak
hall,ol
hallali,alali
halle,al
hallebarde,al°baRd
hallebardier,al°baRdje
hallier,alje
halloween,alowin
hallucinant,alysin@
hallucination,alysinasj§
hallucinatoire,alysinatwaR
halluciner,alysine
hallucinogène,alysinoZEn
halluciné,alysine
halo,alo
halogène,aloZEn
halogénure,alOZenyR
halon,al§
halopéridol,alopeRidOl
halothane,alotan
halte,alt
halte-garderie,altgaRd2Ri
halter,alte
haltère,altER
haltérophile,alteRofil
haltérophilie,alteRofili
halva,alva
halètement,alEt°m@
hamac,amak
hamada,amada
hamadryade,amadRijad
hamadryas,amadRijas
hamamélis,amamelis
hambourgeois,@buRZwa
hamburger,@buRg9R
hameau,amo
hameçon,am°s§
hammam,amam
hammerless,amERlEs
hampe,@p
hamster,amstER
han,@
hanap,anap
hanche,@S
hand-ball,@dbOl
handball,@dbal
handicap,@dikap
handicapant,@dikap@
handicaper,@dikape
handicapeur,@dikap9R
handicapé,@dikape
hangar,@gaR
hanneton,an°t§
hanoukka,anuka
hanovrien,anOvRi5
hanséatique,@seatik
hantavirus,@taviRys
hanter,@te
hanteur,@t9R
hantise,@tiz
hanté,@te
happe,ap
happement,ap°m@
happening,ap°niG
happer,ape
happy end,apiEnd
happy few,apifju
haptoglobine,aptoglObin
haque,ak
haquenée,ak°ne
haquet,akE
hara-kiri,aRakiRi
harangue,aR@g
haranguer,aR@ge
harari,aRaRi
haras,aRa
harassant,aRas@
harassement,aRas°m@
harasser,aRase
harassé,aRase
harcelant,aRs°l@
harceler,aRs°le
harceleur,aRs°l9R
harcèlement,aRsEl°m@
hard,aRd
hard edge,aRdEdZ
hard-top,aRdtOp
harde,aRd
harder,aRde
hardi,aRdi
hardiesse,aRdjEs
hardiment,aRdim@
hare,aR
harem,aREm
hareng,aR@
harenguet,aR@gE
harenguier,aR@gje
harengère,aR@ZER
haret,aRE
harfang,aRf@
hargne,aRN
hargneusement,aRN2z°m@
hargneux,aRN2
haricot,aRiko
haridelle,aRidEl
harissa,aRisa
harki,aRki
harmattan,aRmat@
harmonica,aRmonika
harmoniciste,aRmonisist
harmonie,aRmoni
harmonieusement,aRmonj2z°m@
harmonieux,aRmonj2
harmonique,aRmonik
harmoniquement,aRmOnik°m@
harmonisation,aRmonizasj§
harmoniser,aRmonize
harmonium,aRmonjOm
harnachement,aRnaS°m@
harnacher,aRnaSe
harnaché,aRnaSe
harnais,aRnE
harnois,aRnwa
haro,aRo
harpagon,aRpag§
harpe,aRp
harper,aRpe
harpie,aRpi
harpin,aRp5
harpiste,aRpist
harpon,aRp§
harponnage,aRponaZ
harponner,aRpone
harponneur,aRpon9R
hart,aR
has been,abij5n
hasard,azaR
hasarder,azaRde
hasardeusement,azaRd2z°m@
hasardeux,azaRd2
hasch,aS
haschich,aSiS
haschisch,aSiS
hase,az
haseki,aski
hassidim,asidim
hassidique,asidik
hassidisme,asidizm
hauban,ob@
haubert,obER
hausse,os
haussement,os°m@
hausser,ose
haussier,osje
haussière,osjER
haut,o
haut-commandement,okOm@nd°m@
haut-commissaire,okomisER
haut-commissariat,okomisaRja
haut-de-chausse,od°Sos
haut-de-chausses,od°Sos
haut-de-forme,od°fORm
haut-fond,of§
haut-le-coeur,ol°k9R
haut-le-corps,ol°kOR
haut-parleur,opaRl9R
haut-relief,oR°ljEf
hautain,ot5
hautainement,otEn°m@
hautbois,obwa
haute,ot
haute-fidélité,otfidelite
hautement,ot°m@
hautesse,otEs
hauteur,ot9R
hautin,ot5
havanais,avanE
havanaise,avanEz
havane,avan
haveneau,av°no
haver,ave
havrais,avRE
havre,avR
havresac,avR°sak
hawaïen,awaj5
hayon,Ej§
haï,ai
haïk,aik
haïkaï,aikai
haïku,aiky
haïr,aiR
haïssable,aisabl
haïtien,aisj5
heaume,om
hebdo,Ebdo
hebdomadaire,EbdomadER
hebdomadairement,EbdomadER°m@
hectare,EktaR
hecto,Ekto
hein,5
hello,Elo
hellène,ElEn
hellénique,Elenik
helléniser,Elenize
hellénisme,Elenizm
helléniste,Elenist
hellénistique,Elenistik
helminthe,Elm5t
helvète,ElvEt
helvétien,Elvesj5
helvétique,Elvetik
hem,Em
hemlock,EmlOk
hennin,en5
hennir,eniR
hennissant,enis@
hennissement,enis°m@
henné,ene
henry,@Ri
hep,Ep
heptagone,Eptagon
heptaméron,EptameR§
heptane,Eptan
herbage,ERbaZ
herbe,ERb
herber,ERbe
herbette,ERbEt
herbeux,ERb2
herbicide,ERbisid
herbier,ERbje
herbivore,ERbivOR
herboriser,ERboRize
herboriste,ERboRist
herboristerie,ERboRist°Ri
herbu,ERby
hercher,ERSe
hercule,ERkyl
herculéen,ERkyle5
hercynien,ERsinj5
hermaphrodisme,ERmafRodizm
hermaphrodite,ERmafRodit
hermaphroditisme,ERmafRoditizm
hermine,ERmin
herminette,ERminEt
herminé,ERmine
hermès,ERmEz
herméneutique,ERmen2tik
hermétique,ERmetik
hermétiquement,ERmetik°m@
hermétisme,ERmetizm
herniaire,ERnjER
hernie,ERni
hernieux,ERnj2
herpès,ERpEs
herpétique,ERpetik
herpétologie,ERpetOlOZi
herpétologiste,ERpetOlOZist
herse,ERs
herser,ERse
hertz,ERts
hessois,Eswa
hetman,Etm@
heu,2
heur,9R
heure,9R
heureusement,2R2z°m@
heureux,2R2
heuristique,2Ristik
heurt,9R
heurter,9Rte
heurtoir,9RtwaR
heurté,9Rte
hexagonal,Egzagonal
hexagone,Egzagon
hi,i
hi-fi,ifi
hi-han,i@
hiatus,jatys
hibernation,ibERnasj§
hiberner,ibERne
hibiscus,ibiskys
hibou,ibu
hic,ik
hic et nunc,ikEtnunk
hickory,ikoRi
hidalgo,idalgo
hideur,id9R
hideusement,id2z°m@
hideux,id2
hier,jER
high life,ajlajf
high-life,ajlajf
high-tech,ajtEk
highlander,ajl@d9R
higoumène,igumEn
hilaire,ilER
hilarant,ilaR@
hilare,ilaR
hilarité,ilaRite
hile,il
hiloire,ilwaR
himalaya,imalaja
himalayenne,imalajEn
hindi,indi
hindou,5du
hindouisme,5duizm
hindoustani,5dustani
hip,ip
hip-hop,ipOp
hippie,ipi
hippique,ipik
hippisme,ipism
hippo,ipo
hippocampe,ipok@p
hippocratique,ipokRatik
hippodrome,ipodRom
hippogriffe,ipogRif
hippomobile,ipomobil
hippophagique,ipofaZik
hippopotame,ipopotam
hippopotamesque,ipopotamEsk
hippy,ipi
hirsute,iRsyt
hirsutisme,iRsytizm
hirudine,iRydin
hispanique,ispanik
hispano,ispano
hispano-américain,ispanoameRik5
hispano-cubain,ispanokyb5
hispano-mauresque,ispanomoREsk
hispanophone,ispanofOn
hisse,is
hisser,ise
histamine,istamin
histaminique,istaminik
hister,istER
histocompatibilité,istok§patibilite
histoire,istwaR
histologie,istoloZi
histologique,istoloZik
histopathologie,istopatOlOZi
histoplasmose,istoplasmoz
historicité,istoRisite
historien,istoRj5
historiette,istoRjEt
historiographe,istORjogRaf
historiographie,istoRjogRafi
historique,istoRik
historiquement,istoRik°m@
histrion,istRij§
hit,it
hit-parade,itpaRad
hitchcockien,itSkOkj5
hitlérien,itleRj5
hitlérisme,itleRizm
hittite,itit
hiv,aSive
hiver,ivER
hivernage,ivERnaZ
hivernal,ivERnal
hivernant,ivERn@
hiverner,ivERne
hiérarchie,jeRaRSi
hiérarchique,jeRaRSik
hiérarchiquement,jeRaRSik°m@
hiérarchisation,jeRaRSizasj§
hiérarchisé,jeRaRSize
hiératique,jeRatik
hiératiquement,jeRatik°m@
hiératisme,jeRatizm
hiéroglyphe,jeRoglif
hiéroglyphique,jeRoglifik
hiérophante,jeRof@t
ho,o
hobby,Obi
hobereau,Ob°Ro
hochement,OS°m@
hochepot,OSpo
hocher,oSe
hochet,oSE
hockey,OkE
hockeyeur,OkEj9R
hodgkinien,OdZkinj5
hodja,OdZa
hoirie,waRi
hold-up,Old9p
holding,OldiG
holistique,olistik
hollandais,ol@dE
hollandaise,ol@dEz
hollande,ol@d
hollywoodien,Oliwudj5
holocauste,olokost
hologramme,ologRam
holographe,ologRaf
holographie,ologRafi
holographique,ologRafik
holster,Olst9R
holà,ola
hom,Om
homard,omaR
hombre,§bR
home,om
home-trainer,omtREjn9R
homeland,omEl@d
homicide,omisid
hominien,ominj5
hominisation,ominizasj§
hommage,omaZ
hommasse,omas
homme,Om
homme-chien,OmSj5
homme-clé,Omkle
homme-femme,Omfam
homme-grenouille,OmgR°nuj
homme-loup,Omlu
homme-machine,OmmaSin
homme-oiseau,Omwazo
homme-orchestre,OmORkEstR
homme-poisson,Ompwas§
homme-robot,OmRobo
homme-sandwich,Oms@dwitS
homme-serpent,OmsERp@
homo,omo
homo erectus,omoeRektys
homo habilis,omoabilis
homogène,omoZEn
homogénéisateur,OmOZeneizat9R
homogénéisation,omoZeneizasj§
homogénéisé,omoZeneize
homogénéité,omoZeneite
homologable,omologabl
homologation,omologasj§
homologue,omolOg
homologuer,omologe
homologué,omologe
homoncule,om§kyl
homonyme,omonim
homonymie,omonimi
homonymique,omonimik
homophile,omofil
homophilie,omofili
homophobe,omofOb
homophone,OmOfOn
homophonie,omofoni
homosexualité,omoseks8alite
homosexuel,omoseks8El
homosexuelle,omoseks8El
homozygote,omozigOt
homuncule,Om§kyl
homélie,omeli
homéopathe,omeopat
homéopathie,omeopati
homéopathique,omeopatik
homéostatique,OmeOstatik
homéothermie,OmeOtERmi
homérique,omeRik
hon,§
hondurien,§dyRj5
hong kong,§gk§g
hongkongais,§gk§gE
hongre,§gR
hongrois,§gRwa
hongroise,§gRwaz
honneur,on9R
honni,oni
honnir,oniR
honnête,onEt
honnêtement,onEt°m@
honnêteté,onEtte
honorabilité,onoRabilite
honorable,onoRabl
honorablement,onoRabl°m@
honoraire,onoRER
honorer,onoRe
honorifique,onoRifik
honoris causa,onoRiskoza
honoré,onoRe
honte,§t
honteusement,§t2z°m@
honteux,§t2
hooligan,uligan
hop,Op
hopak,Opak
hopi,opi
hoplite,oplit
hoquet,okE
hoqueter,Ok°te
horaire,oRER
horde,ORd
horion,oRj§
horizon,oRiz§
horizontal,oRiz§tal
horizontale,oRiz§tal
horizontalement,oRiz§tal°m@
horizontalité,oRiz§talite
horloge,ORlOZ
horloger,ORloZe
horlogerie,ORlOZ°Ri
hormis,ORmi
hormonal,ORmonal
hormone,ORmOn
hornblende,ORnbl5nd
horoscope,oRoskOp
horreur,oR9R
horrible,oRibl
horriblement,oRibl°m@
horrifiant,oRifj@
horrifier,oRifje
horrifique,oRifik
horrifié,oRifje
horripilant,oRipil@
horripilation,oRipilasj§
horripiler,oRipile
hors,OR
hors-bord,ORbOR
hors-cote,ORkOt
hors-d'oeuvre,ORd9vR
hors-jeu,ORZ2
hors-la-loi,ORlalwa
hors-piste,ORpist
hors-série,ORseRi
horse-guard,ORsgwaRd
hortensia,ORt@sja
horticulteur,ORtikylt9R
horticultrice,ORtikyltRis
horticulture,ORtikyltyR
hortillonnage,ORtijonaZ
hosanna,ozana
hosannah,ozana
hospice,Ospis
hospitalier,Ospitalje
hospitalisation,Ospitalizasj§
hospitaliser,Ospitalize
hospitalité,Ospitalite
hospodar,OspodaR
hostau,Osto
hostellerie,OtEl°Ri
hostie,Osti
hostile,Ostil
hostilement,Ostil°m@
hostilité,Ostilite
hosto,Osto
hot,Ot
hot dog,OtdOg
hot-dog,OtdOg
hotline,Otlajn
hotte,Ot
hotter,Ote
hottée,ote
hotu,oty
hou,u
houari,waRi
houblon,ubl§
houe,u
houhou,uu
houille,uj
houiller,uje
houillère,ujER
houle,ul
houler,ule
houlette,ulEt
houleux,ul2
houligan,uligan
houliganisme,uliganizm
houlque,ulk
houlà,ula
houp,up
houppe,up
houppelande,up°l@d
houppette,upEt
hourdis,uRdi
houri,uRi
hourra,uRa
hourrah,uRa
hourvari,uRvaRi
house,awz
house music,awzmjyzik
house-boat,awsbOwt
houseau,uzo
houspiller,uspije
housse,us
houx,u
hovercraft,Ov9RkRaft
hoyau,wajo
huard,8aR
huart,8aR
hublot,yblo
huche,yS
huchet,ySE
hue,y
huer,8e
huerta,wERta
hugh,yg
hugolien,ygolj5
huguenot,yg°no
hui,8i
huile,8il
huiler,8ile
huileux,8il2
huilier,8ilje
huilé,8ile
huipil,8ipil
huis,8i
huisserie,8is°Ri
huissier,8isje
huit,8it
huit-reflets,8itR°flE
huitaine,8itEn
huitième,8itjEm
hulotte,ylOt
hululement,ylyl°m@
hululer,ylyle
hum,9m
humain,ym5
humain-robot,ym5Robo
humainement,ymEn°m@
humanisation,ymanizasj§
humaniser,ymanize
humanisme,ymanizm
humaniste,ymanist
humanitaire,ymanitER
humanitarisme,ymanitaRizm
humanité,ymanite
humano,ymano
humanoïde,ymanoid
humble,1bl
humblement,1bl°m@
humbug,9mb9g
humectage,ymEktaZ
humectant,ymEkt@
humecter,ymEkte
humer,yme
humeur,ym9R
humide,ymid
humidement,ymid°m@
humidificateur,ymidifikat9R
humidification,ymidifikasj§
humidifier,ymidifje
humidité,ymidite
humiliant,ymilj@
humiliation,ymiljasj§
humilier,ymilje
humilité,ymilite
humilié,ymilje
humoral,ymoRal
humoriste,ymoRist
humoristique,ymoRistik
humour,ymuR
humus,ymys
humérus,ymeRys
hun,1
hune,yn
hunier,ynje
hunter,9nt9R
huppe,yp
huppé,ype
hure,yR
hurlant,yRl@
hurlement,yRl°m@
hurler,yRle
hurleur,yRl9R
hurluberlu,yRlybERly
huron,yR§
hurrah,yRa
hurricane,9Rikan
huskies,yski
husky,yski
hussard,ysaR
hussite,ysit
hutte,yt
hutter,yt9R
huée,8e
huître,8itR
huîtrier,8itRie
huîtrière,8itRijER
hyacinthe,jas5t
hybridation,ibRidasj§
hybride,ibRid
hydatique,idatik
hydne,idn
hydratant,idRat@
hydratation,idRatasj§
hydrate,idRat
hydrater,idRate
hydraulicien,idRolisj5
hydraulique,idRolik
hydravion,idRavj§
hydre,idR
hydrique,idRik
hydro,idRo
hydro-électrique,idRoelEktRik
hydrocarbure,idRokaRbyR
hydrochlorique,idRoklORik
hydrocortisone,idRokORtizOn
hydrocution,idRokysj§
hydrocèle,idRosEl
hydrocéphale,idRosefal
hydrocéphalie,idRosefali
hydrodynamique,idRodinamik
hydrofoil,idRofOjl
hydroglisseur,idRoglis9R
hydrographe,idRogRaf
hydrographie,idRogRafi
hydrographique,idRogRafik
hydrogène,idRoZEn
hydrogénisation,idRoZenizasj§
hydrogéné,idRoZene
hydrolase,idRolaz
hydrologie,idRoloZi
hydrolyse,idRoliz
hydromel,idRomEl
hydrophile,idRofil
hydrophobe,idRofOb
hydrophobie,idRofobi
hydrophone,idRofOn
hydrophyte,idRofit
hydropique,idRopik
hydropisie,idRopizi
hydropneumatique,idRopn2matik
hydroponique,idRoponik
hydroptère,idROptER
hydroquinone,idRokinOn
hydrostatique,idRostatik
hydrothérapie,idRoteRapi
hydrox,idROks
hydroxyde,idROksid
hydroélectrique,idRoelEktRik
hygiaphone,iZjafOn
hygiène,iZjEn
hygiénique,iZjenik
hygiéniquement,iZjenik°m@
hygiéniste,iZjenist
hygroma,igROma
hygromètre,igRomEtR
hygrométrie,igRometRi
hygrométrique,igRometRik
hylémorphique,ilemoRfik
hymen,imEn
hymne,imn
hyménoptère,imenOptER
hyménée,imene
hyoïde,ioid
hypallage,ipalaZ
hyper,ipER
hyperacidité,ipERasidite
hyperactif,ipERaktif
hyperactivité,ipERaktivite
hyperbare,ipERbaR
hyperbole,ipERbOl
hyperbolique,ipERbolik
hyperboliquement,ipERbolik°m@
hyperborée,ipERboRe
hyperboréen,ipERboRe5
hypercalcémie,ipERkalsemi
hypercholestérolémie,ipERkOlEsteROlemi
hypercoagulabilité,ipERkOagylabilite
hyperespace,ipERspas
hyperesthésie,ipEREstezi
hyperkaliémie,ipERkaliemi
hyperlipidémie,ipERlipidemi
hyperlipémie,ipERlipemi
hypermarché,ipERmaRSe
hypermnésie,ipERmnezi
hypernerveux,ipERnERv2
hyperplan,ipERpl@
hyperplasie,ipERplazi
hyperréactivité,ipEReaktivite
hyperréalisme,ipERRealizm
hyperréaliste,ipERRealist
hypersensibilité,ipERs@sibilite
hypersensible,ipERs@sibl
hypersomnie,ipERsOmni
hypersonique,ipERsOnik
hypersustentateur,ipERsyst@tat9R
hypertendu,ipERt@dy
hypertension,ipERt@sj§
hyperthermie,ipERtERmi
hyperthyroïdien,ipERtiRoidj5
hypertonique,ipERtonik
hypertrichose,ipERtRikOz
hypertrophie,ipERtRofi
hypertrophique,ipERtRofik
hypertrophié,ipERtRofje
hyperventilation,ipERv@tilasj§
hyperémotivité,ipERemotivite
hypnagogique,ipnagOZik
hypnogène,ipnoZEn
hypnose,ipnoz
hypnotique,ipnotik
hypnotiquement,ipnOtik°m@
hypnotiser,ipnotize
hypnotiseur,ipnotiz9R
hypnotisme,ipnotizm
hypo,ipo
hypoallergénique,ipoalERZenik
hypocalcémie,ipokalsemi
hypocapnie,ipokapni
hypocauste,ipokost
hypocentre,ipos@tR
hypochlorite,ipoklORit
hypochondriaque,ipok§dRiak
hypocondre,ipok§dR
hypocondriaque,ipok§dRijak
hypocondrie,ipok§dRi
hypocras,ipokRas
hypocrisie,ipokRizi
hypocrite,ipokRit
hypocritement,ipokRit°m@
hypoderme,ipodERm
hypodermique,ipodERmik
hypoglycémie,ipoglisemi
hypoglycémique,ipoglisemik
hypogonadisme,ipogOnadism
hypogée,ipoZe
hypokhâgne,ipokaN
hyponatrémie,iponatRemi
hypophysaire,ipofizER
hypophyse,ipofiz
hypoplasie,ipoplazi
hypospadias,ipospadjas
hypostase,ipostaz
hyposulfite,ipozylfit
hypotaupe,ipotop
hypotendu,ipot@dy
hypotensif,ipot@sif
hypotension,ipot@sj§
hypothalamus,ipotalamys
hypothermie,ipotERmi
hypothermique,ipotERmik
hypothyroïdie,ipotiRoidi
hypothèque,ipotEk
hypothèse,ipotEz
hypothécaire,ipotekER
hypothéquer,ipoteke
hypothétique,ipotetik
hypothétiquement,ipotetik°m@
hypotonie,ipOtOni
hypoténuse,ipotenyz
hypoxie,ipOksi
hypoxique,ipOksik
hysope,izOp
hystérectomie,isteREktomi
hystérie,isteRi
hystérique,isteRik
hystériquement,isteRik°m@
hystéro,isteRo
hyène,jEn
hâblerie,abl°Ri
hâbleur,abl9R
hâle,al
hâlé,ale
hâte,at
hâter,ate
hâtif,atif
hâtivement,ativ°m@
hâve,av
hère,ER
hé,e
héberge,ebERZ
hébergement,ebERZ°m@
héberger,ebERZe
hébertisme,ebERtizm
hébraïque,ebRaik
hébraïquement,ebRaik°m@
hébraïsant,ebRaiz@
hébreu,ebR2
hébreux,ebR2
hébéphrénique,ebefRenik
hébétement,ebEt°m@
hébétude,ebetyd
hébété,ebete
hécatombe,ekat§b
hédonisme,edonizm
hédoniste,edonist
hégire,eZiR
hégélianisme,eZeljanizm
hégélien,eZelj5
hégémonie,eZemoni
hélas,elas
héler,ele
hélice,elis
hélico,eliko
hélicoptère,elikOptER
hélicoïdal,elikoidal
hélio,eljo
héliographe,eljOgRaf
héliogravure,eljogRavyR
héliophanie,eljofani
héliotrope,eljotROp
héliport,elipOR
héliporter,elipORte
héliporté,elipORte
hélitreuiller,elitR9je
hélium,eljOm
hélix,eliks
hématie,emasi
hématine,ematin
hématite,ematit
hématocrite,ematokRit
hématocèle,ematosEl
hématologie,ematoloZi
hématologique,ematOlOZik
hématologue,ematolOg
hématome,ematom
hématopoïèse,ematopojEz
hématose,ematoz
hématurie,ematyRi
hémi,emi
hémicycle,emisikl
hémiplégie,emipleZi
hémiplégique,emipleZik
hémiptère,emiptER
hémisphère,emisfER
hémisphérique,emisfeRik
hémistiche,emistiS
hémoculture,emokyltyR
hémodialyse,emodjaliz
hémodynamique,emodinamik
hémoglobine,emoglobin
hémogramme,emogRam
hémolyse,emoliz
hémolytique,emolitik
hémophile,emofil
hémophilie,emofili
hémoptysie,emoptizi
hémorragie,emoRaZi
hémorragique,emoRaZik
hémorroïdaire,emOROidER
hémorroïde,emoRoid
hémostase,emOstaz
hémostatique,emostatik
héparine,epaRin
hépatique,epatik
hépatite,epatit
hépatomégalie,epatOmegali
héraclitéen,eRaklite5
héraldique,eRaldik
héraut,eRo
hérissement,eRis°m@
hérisser,eRise
hérisson,eRis§
hérissé,eRise
héritage,eRitaZ
hériter,eRite
héritier,eRitje
héro,eRo
héron,eR§
héros,eRo
héroïde,eRoid
héroïnomane,eRoinoman
héroïque,eRoik
héroïquement,eRoik°m@
héroïsme,eRoizm
héréditaire,eReditER
héréditairement,eReditER°m@
hérédité,eRedite
hérédo,eRedo
hérésiarque,eRezjaRk
hérésie,eRezi
hérétique,eRetik
hésitant,ezit@
hésitation,ezitasj§
hésiter,ezite
hétaïre,etaiR
hétéro,eteRo
hétérochromie,eteRokROmi
hétéroclite,eteRoklit
hétérodoxie,eteRodOksi
hétérogène,eteRoZEn
hétérogénéité,eteRoZeneite
hétéroptère,eteROptER
hétérosexualité,eteRoseks8alite
hétérosexuel,eteRoseks8El
hétérozygote,eteRozigOt
hévéa,evea
hêtraie,EtRE
hêtre,EtR
hôpital,opital
hôte,ot
hôtel,otEl
hôtel-dieu,otEldj2
hôtel-restaurant,otElREstOR@
hôtelier,ot°lje
hôtellerie,otEl°Ri
hôtesse,otEs
i,i
i.e.,idEst
iambe,j@b
iambique,j@bik
ibex,ibeks
ibis,ibis
ibm,ibeEm
ibo,ibo
iboga,ibOga
ibère,ibER
ibérique,ibeRik
icarienne,ikaRjEn
ice-cream,ajskRim
iceberg,ajsbERg
icelle,isEl
icelles,isEl
icelui,is°l8i
ichtyologie,iktjoloZi
ichtyologiste,iktjoloZist
ici,isi
ici-bas,isiba
icoglan,ikogl@
iconoclaste,ikonoklast
iconographe,ikonogRaf
iconographie,ikonogRafi
iconographique,ikonogRafik
iconostase,ikonostaz
icosaèdre,ikozaEdR
ictus,iktys
ictère,iktER
ictérique,ikteRik
icône,ikon
ide,id
idem,idEm
identifiable,id@tifjabl
identifiant,id@tifj@
identificateur,id@tifikat9R
identification,id@tifikasj§
identifier,id@tifje
identique,id@tik
identiquement,id@tik°m@
identitaire,id@titER
identitarisme,id@titaRizm
identité,id@tite
ides,id
idiomatique,idjomatik
idiome,idjom
idiopathique,idjopatik
idiosyncrasie,idjos5kRazi
idiosyncrasique,idjOs5kRazik
idiot,idjo
idiotement,idjOt°m@
idiotie,idjosi
idiotisme,idjotizm
idoine,idwan
idole,idOl
idolâtre,idolatR
idolâtrer,idolatRe
idolâtrie,idolatRi
idylle,idil
idyllique,idilik
idéal,ideal
idéalement,ideal°m@
idéalisation,idealizasj§
idéaliser,idealize
idéalisme,idealizm
idéaliste,idealist
idéation,ideasj§
idée,ide
idée-clé,idekle
idée-force,idefORs
idéel,ideEl
idéogramme,ideogRam
idéographie,ideOgRafi
idéographique,ideogRafik
idéologie,ideoloZi
idéologique,ideoloZik
idéologiquement,ideoloZik°m@
idéologue,ideolOg
if,if
iftar,iftaR
igloo,iglu
igname,iNam
ignare,iNaR
ignifuge,iNifyZ
ignifugeant,iNifyZ@
ignifuger,iNifyZe
ignifugé,iNifyZe
ignition,iNisj§
ignoble,iNObl
ignoblement,iNObl°m@
ignominie,iNomini
ignominieusement,iNomiN2z°m@
ignominieux,iNomiN2
ignorance,iNoR@s
ignorant,iNoR@
ignorer,iNoRe
ignoré,iNoRe
igné,iNe
iguane,igwan
iguanodon,igwanod§
igue,ig
ikebana,ikebana
il,il
iliaque,iljak
ilium,iljOm
illettrisme,ilEtRizm
illettré,iletRe
illicite,ilisit
illicitement,ilisit°m@
illico,iliko
illimité,ilimite
illisible,ilizibl
illogique,iloZik
illogiquement,iloZik°m@
illogisme,iloZizm
illuminant,ilymin@
illumination,ilyminasj§
illuminer,ilymine
illuminé,ilymine
illusion,ilyzj§
illusionner,ilyzjone
illusionnisme,ilyzjonizm
illusionniste,ilyzjonist
illusoire,ilyzwaR
illusoirement,ilyzwaR°m@
illustrateur,ilystRat9R
illustration,ilystRasj§
illustre,ilystR
illustrement,ilystR2m@
illustrer,ilystRe
illustrissime,ilystRisim
illustré,ilystRe
illégal,ilegal
illégalement,ilegal°m@
illégalité,ilegalite
illégitime,ileZitim
illégitimement,ileZitim°m@
illégitimité,ileZitimite
ilote,ilOt
ilotisme,ilOtism
ils,il
iléus,ileys
image,imaZ
imager,imaZe
imagerie,imaZ°Ri
imageur,imaZ9R
imagier,imaZje
imaginable,imaZinabl
imaginaire,imaZinER
imaginairement,imaZinER°m@
imaginant,imaZin@
imaginatif,imaZinatif
imagination,imaZinasj§
imaginative,imaZinativ
imaginer,imaZine
imago,imago
imagé,imaZe
imam,imam
iman,im@
imbaisable,5bEzabl
imbattable,5batabl
imberbe,5bERb
imbiber,5bibe
imbibition,5bibisj§
imbibé,5bibe
imbitable,5bitabl
imbittable,5bitabl
imbrication,5bRikasj§
imbriquer,5bRike
imbriqué,5bRike
imbrisable,5bRizabl
imbroglio,5bRoglijo
imbu,5by
imbuvable,5byvabl
imbécile,5besil
imbécilement,5besil°m@
imbécillité,5besilite
imidazole,imidazOl
imitable,imitabl
imitateur,imitat9R
imitation,imitasj§
imiter,imite
imité,imite
immaculation,imakylasj§
immaculé,imakyle
immanence,iman@s
immanent,iman@
immanentisme,iman@tizm
immangeable,5m@Zabl
immanquable,5m@kabl
immanquablement,5m@kabl°m@
immarcescible,5maRsEsibl
immatriculation,imatRikylasj§
immatriculer,imatRikyle
immatriculé,imatRikyle
immature,imatyR
immaturité,imatyRite
immatérialité,imateRjalite
immatériel,imateRjEl
immense,im@s
immensité,im@site
immensurable,im@syRabl
immensément,im@sem@
immerger,imERZe
immergé,imERZe
immersion,imERsj§
immettable,5mEtabl
immeuble,im9bl
immigrant,imigR@
immigration,imigRasj§
immigrer,imigRe
immigré,imigRe
imminence,imin@s
imminent,imin@
immiscer,imise
immixtion,imiksj§
immobile,imobil
immobilier,imobilje
immobilisant,imobiliz@
immobilisation,imobilizasj§
immobiliser,imobilize
immobilisme,imobilizm
immobilité,imobilite
immodeste,imodEst
immodestie,imodEsti
immodéré,imodeRe
immodérément,imodeRem@
immolation,imolasj§
immoler,imole
immonde,im§d
immondice,im§dis
immoral,imoRal
immoralement,imoRal°m@
immoralisme,imoRalizm
immoraliste,imoRalist
immoralité,imoRalite
immortalisation,imORtalizasj§
immortaliser,imORtalize
immortalité,imORtalite
immortel,imORtEl
immuabilité,im8abilite
immuable,im8abl
immuablement,im8abl°m@
immunisation,imynizasj§
immuniser,imynize
immunitaire,imynitER
immunité,imynite
immunodéficience,imynodefisj@s
immunodéficitaire,imynodefisitER
immunodéprimé,imynodepRime
immunogène,imynoZEn
immunologie,imynoloZi
immunologique,imynoloZik
immunologiste,imynolOZist
immunostimulant,imynostimyl@
immunothérapie,imynoteRapi
immutabilité,imytabilite
immédiat,imedja
immédiatement,imedjat°m@
immédiateté,imedjat°te
immémorial,imemoRjal
immérité,imeRite
impact,5pakt
impair,5pER
impala,5pala
impalpabilité,5palpabilite
impalpable,5palpabl
impalpablement,5palpabl2m@
imparable,5paRabl
imparablement,5paRabl°m@
impardonnable,5paRdonabl
impardonnablement,5paRdOnabl2m@
imparfait,5paRfE
imparfaitement,5paRfEt°m@
impartageable,5paRtaZabl
imparti,5paRti
impartial,5paRsjal
impartialement,5paRsjal°m@
impartialité,5paRsjalite
impartir,5paRtiR
impassable,5pasabl
impasse,5pas
impassibilité,5pasibilite
impassible,5pasibl
impassiblement,5pasibl°m@
impatiemment,5pasjam@
impatience,5pasj@s
impatiens,5pasj@s
impatient,5pasj@
impatienter,5pasj@te
impatroniser,5patRonize
impavide,5pavid
impayable,5pEjabl
impayé,5pEje
impeachment,impitSmEnt
impec,5pEk
impeccabilité,5pEkabilite
impeccable,5pekabl
impeccablement,5pekabl°m@
impedimenta,5pedim@ta
impensable,5p@sabl
impensé,5p@se
imper,5pER
imperator,5peRatOR
imperceptible,5pERsEptibl
imperceptiblement,5pERsEptibl°m@
imperfectible,5pERfEktibl
imperfection,5pERfEksj§
imperium,5p°RjOm
imperméabilisant,5pERmeabiliz@
imperméabiliser,5pERmeabilize
imperméabilité,5pERmeabilite
imperméable,5pERmeabl
impersonnaliser,5pERsOnalize
impersonnalité,5pERsonalite
impersonnel,5pERsonEl
impertinemment,5pERtinam@
impertinence,5pERtin@s
impertinent,5pERtin@
imperturbable,5pERtyRbabl
imperturbablement,5pERtyRbabl°m@
impie,5pi
impitoyable,5pitwajabl
impitoyablement,5pitwajabl°m@
impiété,5pjete
implacabilité,5plakabilite
implacable,5plakabl
implacablement,5plakabl°m@
implant,5pl@
implantable,5pl@tabl
implantation,5pl@tasj§
implanter,5pl@te
implanté,5pl@te
implication,5plikasj§
implicite,5plisit
implicitement,5plisit°m@
impliquer,5plike
implorant,5ploR@
imploration,5ploRasj§
implorer,5ploRe
imploser,5ploze
implosif,5plozif
implosion,5plozj§
implosive,5ploziv
implémentation,5plem@tasj§
implémenter,5plem@te
impoli,5poli
impoliment,5polim@
impolitesse,5politEs
impollu,5pOly
impolluable,5pOl8abl
impollué,5pol8e
impondérable,5p§deRabl
impopulaire,5popylER
impopularité,5popylaRite
import,5pOR
import-export,5pOREkspOR
importable,5pORtabl
importance,5pORt@s
important,5pORt@
importateur,5pORtat9R
importation,5pORtasj§
importer,5pORte
importun,5pORt1
importuner,5pORtyne
importé,5pORte
imposable,5pozabl
imposant,5poz@
imposer,5poze
imposition,5pozisj§
impossibilité,5posibilite
impossible,5posibl
imposte,5pOst
imposteur,5pOst9R
imposture,5pOstyR
imposé,5poze
impotence,5pot@s
impotent,5pot@
impraticabilité,5pRatikabilite
impraticable,5pRatikabl
impratique,5pRatik
imprenable,5pR2nabl
impresario,5pResaRjo
imprescriptible,5pREskRiptibl
impression,5pResj§
impressionnable,5pResjonabl
impressionnant,5pResjon@
impressionner,5pResjone
impressionnisme,5pResjonizm
impressionniste,5pResjonist
imprimable,5pRimabl
imprimante,5pRim@t
imprimatur,5pRimatyR
imprimer,5pRime
imprimerie,5pRim°Ri
imprimeur,5pRim9R
imprimé,5pRime
impro,5pRo
improbabilité,5pRobabilite
improbable,5pRobabl
improductif,5pRodyktif
impromptu,5pR§pty
imprononcé,5pROn§se
imprononçable,5pRon§sabl
impropre,5pROpR
improprement,5pROpR°m@
improuvable,5pRuvabl
improvisade,5pROvizad
improvisateur,5pRovizat9R
improvisation,5pRovizasj§
improviser,5pRovize
improvisé,5pRovize
imprudemment,5pRydam@
imprudence,5pRyd@s
imprudent,5pRyd@
imprécateur,5pRekat9R
imprécation,5pRekasj§
imprécis,5pResi
imprécisable,5pResizabl
imprécision,5pResizj§
imprégnant,5pReN@
imprégnation,5pReNasj§
imprégner,5pReNe
imprégné,5pReNe
impréparation,5pRepaRasj§
imprésario,5pResaRjo
imprésentable,5pRez@tabl
imprévisibilité,5pRevizibilite
imprévisible,5pRevizibl
imprévisiblement,5pRevizibl2m@
imprévision,5pRevizj§
imprévoyance,5pRevwaj@s
imprévoyant,5pRevwaj@
imprévu,5pRevy
impubliable,5pyblijabl
impubère,5pybER
impudemment,5pydam@
impudence,5pyd@s
impudent,5pyd@
impudeur,5pyd9R
impudicité,5pydisite
impudique,5pydik
impudiquement,5pydik°m@
impuissance,5p8is@s
impuissant,5p8is@
impulsif,5pylsif
impulsion,5pylsj§
impulsive,5pylsiv
impulsivement,5pylsiv°m@
impulsivité,5pylsivite
impuni,5pyni
impunité,5pynite
impunément,5pynem@
impur,5pyR
impureté,5pyR°te
imputable,5pytabl
imputation,5pytasj§
imputer,5pyte
imputrescible,5pytResibl
impécunieux,5pekynj2
impécuniosité,5pekynjozite
impédance,5ped@s
impénitent,5penit@
impénétrabilité,5penetRabilite
impénétrable,5penetRabl
impératif,5peRatif
impérativement,5peRativ°m@
impératrice,5peRatRis
impérial,5peRjal
impériale,5peRjal
impérialisation,5peRjalizasj§
impérialisme,5peRjalizm
impérialiste,5peRjalist
impérieusement,5peRj2z°m@
impérieux,5peRj2
impérissable,5peRisabl
impéritie,5peRisi
impétigo,5petigo
impétrant,5petR@
impétueusement,5pet82z°m@
impétueux,5pet82
impétuosité,5pet8ozite
impôt,5po
in,in
in absentia,inabsEntja
in abstracto,inapstRakto
in anima vili,inanimavili
in cauda venenum,inkodavenenOm
in extenso,inEkst5so
in extremis,inEkstRemis
in memoriam,inm°moRjam
in pace,inpas
in petto,inpeto
in utero,inyteRo
in vino veritas,invinovERitas
in vitro,invitRo
in vivo,invivo
in-bord,inbORd
in-folio,infoljo
in-folios,infoljo
in-octavo,inOktavo
in-octavos,inOktavo
in-quarto,inkwaRto
in-seize,insEz
inabordable,inabORdabl
inabouti,inabuti
inacceptable,inaksEptabl
inaccessibilité,inaksEsibilite
inaccessible,inaksesibl
inaccompli,inak§pli
inaccomplissement,inak§plis°m@
inaccoutumé,inakutyme
inachevé,inaS°ve
inachèvement,inaSEv°m@
inactif,inaktif
inaction,inaksj§
inactivation,inaktivasj§
inactivité,inaktivite
inactivé,inaktive
inactuel,inakt8El
inadaptable,inadaptabl
inadaptation,inadaptasj§
inadapté,inadapte
inadmissible,inadmisibl
inadvertance,inadvERt@s
inadéquat,inadekwa
inadéquatement,inadekwat°m@
inadéquation,inadekwasj§
inaliénable,inaljenabl
inaltérable,inalteRabl
inaltéré,inalteRe
inamical,inamikal
inamovible,inamovibl
inanalysable,inanalizabl
inane,inan
inanimation,inanimasj§
inanimé,inanime
inanition,inanisj§
inanité,inanite
inapaisable,inapEzabl
inaperçu,inapERsy
inapplicable,inaplikabl
inapplication,inaplikasj§
inapprochable,inapROSabl
inapproprié,inapRopRije
inappréciable,inapResjabl
inappétence,inapet@s
inapte,inapt
inaptitude,inaptityd
inarrangeable,inaR@Zabl
inarticulé,inaRtikyle
inassimilable,inasimilabl
inassouvi,inasuvi
inassouvissable,inasuvisabl
inassouvissement,inasuvis°m@
inassurable,inasyRabl
inattaquable,inatakabl
inatteignable,inatENabl
inattendu,inat@dy
inattentif,inat@tif
inattention,inat@sj§
inattrapable,inatRapabl
inaudible,inodibl
inaugural,inogyRal
inauguration,inogyRasj§
inaugurer,inogyRe
inauthenticité,inot@tisite
inaverti,inavERti
inavouable,inavwabl
inavouablement,inavwabl2m@
inavoué,inavwe
inca,5ka
incalculable,5kalkylabl
incandescence,5k@des@s
incandescent,5k@des@
incantation,5k@tasj§
incantatoire,5k@tatwaR
incapable,5kapabl
incapacitant,5kapasit@
incapacité,5kapasite
incarcération,5kaRseRasj§
incarcérer,5kaRseRe
incarcéré,5kaRseRe
incarnat,5kaRna
incarnation,5kaRnasj§
incarner,5kaRne
incarné,5kaRne
incartade,5kaRtad
incassable,5kasabl
incendiaire,5s@djER
incendie,5s@di
incendier,5s@dje
incendié,5s@dje
incernable,5sERnabl
incertain,5sERt5
incertitude,5sERtityd
incessamment,5sesam@
incessant,5ses@
inceste,5sEst
incestueux,5sEst82
inch allah,inSala
inchangeable,5S@Zabl
inchangé,5S@Ze
inchavirable,5SaviRabl
inchiffrable,5SifRabl
incidemment,5sidam@
incidence,5sid@s
incident,5sid@
incinérateur,5sineRat9R
incinération,5sineRasj§
incinérer,5sineRe
incirconcis,5siRk§si
incise,5siz
inciser,5size
incisif,5sizif
incision,5sizj§
incisive,5siziv
incitant,5sit@
incitateur,5sitat9R
incitatif,5sitatif
incitation,5sitasj§
inciter,5site
incivil,5sivil
inclassable,5klasabl
inclinable,5klinabl
inclinaison,5klinEz§
inclination,5klinasj§
incliner,5kline
inclinomètre,5klinomEtR
incliné,5kline
inclure,5klyR
inclus,5kly
inclusion,5klyzj§
inclusivement,5klyziv°m@
inclémence,5klem@s
inclément,5klem@
incoercible,5koERsibl
incoerciblement,5kOERsibl2m@
incognito,5koNito
incohérence,5koeR@s
incohérent,5koeR@
incollable,5kolabl
incolore,5kolOR
incomber,5k§be
incombustible,5k§bystibl
incomestible,5komEstibl
incommensurable,5kom@syRabl
incommensurablement,5kom@syRabl°m@
incommodant,5komOd@
incommode,5komOd
incommoder,5komode
incommodité,5komodite
incommodé,5komode
incommunicabilité,5komynikabilite
incommunicable,5komynikabl
incomparable,5k§paRabl
incomparablement,5k§paRabl°m@
incompatibilité,5k§patibilite
incompatible,5k§patibl
incomplet,5k§plE
incomplètement,5k§plEt°m@
incomplétude,5k§pletyd
incompressible,5k§pResibl
incompris,5k§pRi
incompréhensible,5k§pRe@sibl
incompréhensiblement,5k§pRe@sibl2m@
incompréhensif,5k§pRe@sif
incompréhension,5k§pRe@sj§
incompétence,5k§pet@s
incompétent,5k§pet@
inconcevable,5k§s°vabl
inconcevablement,5k§s°vabl°m@
inconciliable,5k§siljabl
inconditionnel,5k§disjonEl
inconditionnellement,5k§disjonEl°m@
inconditionné,5k§disjone
inconduite,5k§d8it
inconfiance,5k§fj@s
inconfort,5k§fOR
inconfortable,5k§fORtabl
inconfortablement,5k§fORtabl°m@
incongru,5k§gRy
incongruité,5k§gR8ite
inconnaissable,5konEsabl
inconnaissance,5konEs@s
inconnu,5kony
inconsciemment,5k§sjam@
inconscience,5k§sj@s
inconscient,5k§sj@
inconsidéré,5k§sideRe
inconsidérément,5k§sideRem@
inconsistance,5k§sist@s
inconsistant,5k§sist@
inconsolable,5k§solabl
inconsolé,5k§sole
inconsommable,5k§somabl
inconstance,5k§st@s
inconstant,5k§st@
inconstitutionnel,5k§stitysjonEl
inconséquence,5k§sek@s
inconséquent,5k§sek@
incontestable,5k§tEstabl
incontestablement,5k§tEstabl°m@
incontesté,5k§tEste
incontinence,5k§tin@s
incontinent,5k§tin@
incontournable,5k§tuRnabl
incontrôlable,5k§tRolabl
incontrôlé,5k§tRole
inconvenance,5k§v°n@s
inconvenant,5k§v°n@
inconvertible,5k§vERtibl
inconvertissable,5k§vERtisabl
inconvénient,5k§venj@
incoordination,5koORdinasj§
incorporable,5kORpoRabl
incorporation,5kORpoRasj§
incorporel,5kORpoREl
incorporer,5kORpoRe
incorrect,5koREkt
incorrectement,5koREkt°m@
incorrection,5koREksj§
incorrigible,5koRiZibl
incorrigiblement,5koRiZibl°m@
incorruptibilité,5koRyptibilite
incorruptible,5koRyptibl
increvable,5kR°vabl
incrimination,5kRiminasj§
incriminer,5kRimine
incrochetable,5kROS°tabl
incroyable,5kRwajabl
incroyablement,5kRwajabl°m@
incroyance,5kRwaj@s
incroyant,5kRwaj@
incrustation,5kRystasj§
incruster,5kRyste
incrédibilité,5kRedibilite
incrédule,5kRedyl
incrédulité,5kRedylite
incréé,5kRee
incubateur,5kybat9R
incubation,5kybasj§
incube,5kyb
incuber,5kybe
inculcation,5kylkasj§
inculpation,5kylpasj§
inculper,5kylpe
inculpé,5kylpe
inculquer,5kylke
inculte,5kylt
incultivable,5kyltivabl
inculture,5kyltyR
incurable,5kyRabl
incurablement,5kyRabl°m@
incurie,5kyRi
incurieux,5kyRj2
incuriosité,5kyRjozite
incursion,5kyRsj§
incurvation,5kyRvasj§
incurver,5kyRve
incurvé,5kyRve
incus,5ky
indansable,5d@sabl
inde,5d
indemne,5dEmn
indemnisable,5dEmnizabl
indemnisation,5dEmnizasj§
indemniser,5dEmnize
indemnité,5dEmnite
indentation,5d@tasj§
indenter,5d@te
indentification,5d@tifikasj§
indescriptible,5dEskRiptibl
indescriptiblement,5dEskRiptibl2m@
indestructibilité,5dEstRyktibilite
indestructible,5dEstRyktibl
index,5dEks
indexation,5dEksasj§
indexer,5dEkse
indexeur,5dEks9R
indic,5dik
indicateur,5dikat9R
indicatif,5dikatif
indication,5dikasj§
indice,5dis
indiciaire,5disjER
indicible,5disibl
indiciblement,5disibl°m@
indien,5dj5
indifféremment,5difeRam@
indifférence,5difeR@s
indifférenciation,5difeR@sjasj§
indifférencié,5difeR@sje
indifférent,5difeR@
indifférentisme,5difeR@tizm
indigence,5diZ@s
indigent,5diZ@
indigeste,5diZEst
indigestion,5diZEstj§
indigestionner,5diZEstjOne
indignation,5diNasj§
indigne,5diN
indignement,5diN°m@
indigner,5diNe
indignité,5diNite
indigné,5diNe
indigo,5digo
indigène,5diZEn
indiquer,5dike
indiqué,5dike
indirect,5diREkt
indirectement,5diREkt°m@
indiscernable,5disERnabl
indiscipline,5disiplin
indiscipliné,5disipline
indiscret,5diskRE
indiscrète,5diskREt
indiscrètement,5diskREt°m@
indiscrétion,5diskResj§
indiscutable,5diskytabl
indiscutablement,5diskytabl°m@
indiscuté,5diskyte
indispensable,5disp@sabl
indisponibilité,5disponibilite
indisponible,5disponibl
indisposer,5dispoze
indisposition,5dispozisj§
indisposé,5dispoze
indissociable,5disosjabl
indissoluble,5disolybl
indissolublement,5disolybl°m@
indistinct,5dist5
indistinctement,5dist5kt°m@
indistinction,5dist5ksj§
individu,5dividy
individualiser,5divid8alize
individualisme,5divid8alizm
individualiste,5divid8alist
individualisé,5divid8alize
individualité,5divid8alite
individuel,5divid8El
individuellement,5divid8El°m@
indivis,5divi
indivisibilité,5divizibilite
indivisible,5divizibl
indivision,5divizj§
indivisé,5divize
indo,5do
indo-européen,5do2Rope5
indochinois,5doSinwa
indocile,5dosil
indocilité,5dosilite
indole,5dOl
indolemment,5dolam@
indolence,5dol@s
indolent,5dol@
indolore,5dolOR
indomptable,5d§tabl
indompté,5d§te
indonésien,5donezj5
indoor,indOR
indosable,5dozabl
indou,5du
indu,5dy
indubitable,5dybitabl
indubitablement,5dybitabl°m@
inducteur,5dykt9R
inductif,5dyktif
induction,5dyksj§
induire,5d8iR
induit,5d8i
indulgence,5dylZ@s
indulgent,5dylZ@
industrialisation,5dystRijalizasj§
industrialiser,5dystRijalize
industrialisé,5dystRijalize
industrie,5dystRi
industrie-clé,5dystRikle
industriel,5dystRijEl
industriellement,5dystRijEl°m@
industrieusement,5dystRij2z°m@
industrieux,5dystRij2
indécelable,5des°labl
indécemment,5desam@
indécence,5des@s
indécent,5des@
indéchiffrable,5deSifRabl
indéchirable,5deSiRabl
indécidable,5desidabl
indécis,5desi
indécise,5desiz
indécises,5desiz
indécision,5desizj§
indécodable,5dekOdabl
indécollable,5dekolabl
indécrottable,5dekRotabl
indécrottablement,5dekROtabl2m@
indéfectible,5defEktibl
indéfectiblement,5defEktibl°m@
indéfendable,5def@dabl
indéfini,5defini
indéfiniment,5definim@
indéfinissable,5definisabl
indéfinissablement,5definisabl2m@
indéfinition,5definisj§
indéfriché,5defRiSe
indéfrisable,5defRizabl
indélicat,5delika
indélicatesse,5delikatEs
indélivrable,5delivRabl
indélogeable,5deloZabl
indélébile,5delebil
indémaillable,5demajabl
indémodable,5demodabl
indémontrable,5dem§tRabl
indéniable,5denjabl
indéniablement,5denjabl°m@
indénouable,5denuabl
indépassable,5depasabl
indépendamment,5dep@dam@
indépendance,5dep@d@s
indépendant,5dep@d@
indépendantisme,5dep@d@tism
indépendantiste,5dep@d@tist
indéracinable,5deRasinabl
indésirable,5deziRabl
indétectable,5detEktabl
indéterminable,5detERminabl
indétermination,5detERminasj§
indéterminé,5detERmine
indûment,5dym@
ineffable,inefabl
ineffablement,inefabl°m@
ineffaçable,inefasabl
ineffaçablement,inefasabl°m@
inefficace,inefikas
inefficacité,inefikasite
inemploi,in@plwa
inemployable,in@plwajabl
inemployé,in@plwaje
inentamable,in@tamabl
inentamé,in@tame
inenvisageable,in@vizaZabl
inepte,inEpt
ineptement,inEpt2m@
ineptie,inEpsi
inerte,inERt
inertie,inERsi
inertiel,inERsjEl
inespoir,inEspwaR
inespérable,inEspeRabl
inespéré,inEspeRe
inespérément,inEspeRem@
inessentiel,inEs@sjEl
inesthétique,inEstetik
inestimable,inEstimabl
inexact,inEgzakt
inexactement,inEgzakt°m@
inexactitude,inEgzaktityd
inexcusable,inEkskyzabl
inexistant,inEgzist@
inexistence,inEgzist@s
inexorabilité,inEgzoRabilite
inexorable,inEgzoRabl
inexorablement,inEgzoRabl°m@
inexpiable,inEkspjabl
inexplicable,inEksplikabl
inexplicablement,inEksplikabl°m@
inexpliqué,inEksplike
inexploitable,inEksplwatabl
inexploité,inEksplwate
inexploré,inEksploRe
inexplosible,inEksplozibl
inexpressif,inEkspResif
inexpression,inEkspREsj§
inexprimable,inEkspRimabl
inexprimablement,inEkspRimabl2m@
inexprimé,inEkspRime
inexpugnable,inEkspyNabl
inexpugnablement,inEkspyNabl2m@
inexpérience,inEkspeRj@s
inexpérimenté,inEkspeRim@te
inextinguible,inEkst5gibl
inextirpable,inEkstiRpabl
inextricable,inEkstRikabl
inextricablement,inEkstRikabl°m@
infaillibilité,5fajibilite
infaillible,5fajibl
infailliblement,5fajibl°m@
infaisable,5f°zabl
infalsifiable,5falsifjabl
infamant,5fam@
infamie,5fami
infant,5f@
infanterie,5f@t°Ri
infanticide,5f@tisid
infantile,5f@til
infantilement,5f@til°m@
infantiliser,5f@tilize
infantilisme,5f@tilizm
infarctus,5faRktys
infatigable,5fatigabl
infatigablement,5fatigabl°m@
infatuation,5fat8asj§
infatuer,5fat8e
infatué,5fat8e
infect,5fEkt
infectement,5fEkt2m@
infecter,5fEkte
infectieux,5fEksj2
infectiologie,5fEksjOlOZi
infection,5fEksj§
infecté,5fEkte
infernal,5fERnal
infernalement,5fERnal°m@
infertile,5fERtil
infertilité,5fERtilite
infestation,5fEstasj§
infester,5fEste
infibulation,5fibylasj§
infidèle,5fidEl
infidélité,5fidelite
infigurable,5figyRabl
infiltrat,5filtRa
infiltration,5filtRasj§
infiltrer,5filtRe
infime,5fim
infini,5fini
infiniment,5finim@
infinitif,5finitif
infinitude,5finityd
infinité,5finite
infinitésimal,5finitezimal
infinitésimalement,5finitezimal°m@
infirme,5fiRm
infirmer,5fiRme
infirmerie,5fiRm°Ri
infirmier,5fiRmje
infirmité,5fiRmite
infirmière-major,5fiRmjERmaZOR
inflammabilité,5flamabilite
inflammable,5flamabl
inflammation,5flamasj§
inflammatoire,5flamatwaR
inflation,5flasj§
inflationniste,5flasjonist
inflexibilité,5flEksibilite
inflexible,5flEksibl
inflexiblement,5flEksibl°m@
inflexion,5flEksj§
infliction,5fliksj§
infliger,5fliZe
inflorescence,5floRes@s
influence,5fly@s
influencer,5fly@se
influent,5fly@
influenza,5fly@za
influençable,5fly@sabl
influer,5flye
influx,5fly
infléchi,5fleSi
infléchir,5fleSiR
infléchissement,5fleSis°m@
info,5fo
infographie,5fogRafi
infondé,5f§de
informant,5fORm@
informateur,5fORmat9R
informaticien,5fORmatisj5
informatif,5fORmatif
information,5fORmasj§
informatique,5fORmatik
informatiquement,5fORmatik°m@
informatiser,5fORmatize
informatisé,5fORmatize
informe,5fORm
informel,5fORmEl
informer,5fORme
informulable,5fORmylabl
informulé,5fORmyle
informé,5fORme
infortune,5fORtyn
infortuné,5fORtyne
infoutu,5futy
infra,5fRa
infraction,5fRaksj§
infranchi,5fR@Si
infranchissable,5fR@Sisabl
infrangible,5fR@Zibl
infrarouge,5fRaRuZ
infrason,5fRas§
infrastructure,5fRastRyktyR
infroissable,5fRwasabl
infructueux,5fRykt82
infréquentable,5fRek@tabl
infus,5fy
infuser,5fyze
infusion,5fyzj§
infâme,5fam
infécondité,5fek§dite
inféoder,5feode
inférer,5feRe
inférieur,5feRj9R
inférioriser,5feRjoRize
infériorité,5feRjoRite
ingagnable,5gaNabl
ingambe,5g@b
ingestion,5ZEstj§
inglorieusement,5glORj2z°m@
inglorieux,5glORj2
ingouvernable,5guvERnabl
ingrat,5gRa
ingratement,5gRat°m@
ingratitude,5gRatityd
ingrédient,5gRedj@
inguinal,5g8inal
ingurgitation,5gyRZitasj§
ingurgiter,5gyRZite
inguérissable,5geRisabl
ingénier,5Zenje
ingénierie,5ZeniRi
ingénieur,5Zenj9R
ingénieur-chimiste,5Zenj9RSimist
ingénieur-conseil,5Zenj9Rk§sEj
ingénieusement,5Zenj2z°m@
ingénieux,5Zenj2
ingéniosité,5Zenjozite
ingénu,5Zeny
ingénuité,5Zen8ite
ingénument,5Zenym@
ingérable,5ZeRabl
ingérence,5ZeR@s
ingérer,5ZeRe
inhabile,inabil
inhabitable,inabitabl
inhabituel,inabit8El
inhabituellement,inabityEl°m@
inhabité,inabite
inhalant,inal@
inhalateur,inalat9R
inhalation,inalasj§
inhaler,inale
inharmonieux,inaRmOnj2
inhiber,inibe
inhibiteur,inibit9R
inhibition,inibisj§
inhibé,inibe
inhospitalier,inOspitalje
inhospitalité,inOspitalite
inhumain,inym5
inhumainement,inymEn°m@
inhumanité,inymanite
inhumation,inymasj§
inhumer,inyme
inhérent,ineR@
inidentifiable,inid@tifjabl
inimaginable,inimaZinabl
inimaginablement,inimaZinabl2m@
inimitable,inimitabl
inimitablement,inimitabl2m@
inimitié,inimitje
inimité,inimite
ininflammable,in5flamabl
inintelligence,in5teliZ@s
inintelligent,in5teliZ@
inintelligible,in5teliZibl
ininterrompu,in5tER§py
inintéressant,in5teREs@
inintérêt,in5teRE
inique,inik
iniquité,inikite
initial,inisjal
initiale,inisjal
initialement,inisjal°m@
initialisation,inisjalizasj§
initialiser,inisjalize
initialisé,inisjalize
initiateur,inisjat9R
initiation,inisjasj§
initiatique,inisjatik
initiative,inisjativ
initier,inisje
initié,inisje
injectable,5ZEktabl
injecter,5ZEkte
injecteur,5ZEkt9R
injection,5ZEksj§
injecté,5ZEkte
injoignable,5ZwaNabl
injonction,5Z§ksj§
injouable,5Zwabl
injure,5ZyR
injurier,5ZyRje
injurieusement,5ZyRj2z°m@
injurieux,5ZyRj2
injuste,5Zyst
injustement,5Zyst°m@
injustice,5Zystis
injustifiable,5Zystifjabl
injustifié,5Zystifje
inlassable,5lasabl
inlassablement,5lasabl°m@
innervation,inERvasj§
innerver,inERve
innocemment,inosam@
innocence,inos@s
innocent,inos@
innocenter,inos@te
innocuité,inok8ite
innombrable,in§bRabl
innombrablement,in§bRabl2m@
innommable,inomabl
innommé,inome
innovant,inov@
innovateur,inovat9R
innovation,inovasj§
innover,inove
inné,ine
inoccupé,inokype
inoculation,inokylasj§
inoculer,inokyle
inodore,inodOR
inoffensif,inof@sif
inondable,in§dabl
inondation,in§dasj§
inonder,in§de
inondé,in§de
inopiné,inopine
inopinément,inopinem@
inopportun,inopORt1
inopportunité,inopORtynite
inopportunément,inopORtynem@
inopérable,inopeRabl
inopérant,inopeR@
inorganique,inORganik
inorganisé,inORganize
inoubliable,inublijabl
inoubliablement,inublijabl2m@
inoublié,inublje
inouï,inwi
inox,inOks
inoxydable,inOksidabl
input,input
inqualifiable,5kalifjabl
inquiet,5kjE
inquilisme,5kilism
inquisiteur,5kizit9R
inquisition,5kizisj§
inquisitionner,5kizisjOne
inquisitorial,5kizitoRjal
inquiétant,5kjet@
inquiéter,5kjete
inquiéteur,5kjet9R
inquiétude,5kjetyd
insaisissable,5sezisabl
insalissable,5salisabl
insalubre,5salybR
insalubrité,5salybRite
insane,5san
insanité,5sanite
insatiable,5sasjabl
insatiablement,5sasjabl°m@
insatisfaction,5satisfaksj§
insatisfaisant,5satisf°z@
insatisfait,5satisfE
inscription,5skRipsj§
inscrire,5skRiR
inscrit,5skRi
inscrivant,5skRiv@
inscrutable,5skRytabl
insecte,5sEkt
insecticide,5sEktisid
insectivore,5sEktivOR
insensibiliser,5s@sibilize
insensibilité,5s@sibilite
insensible,5s@sibl
insensiblement,5s@sibl°m@
insensé,5s@se
insensément,5s@sem@
insert,5sER
insertion,5sERsj§
insidieusement,5sidj2z°m@
insidieux,5sidj2
insight,insajt
insigne,5siN
insignifiance,5siNifj@s
insignifiant,5siNifj@
insincère,5s5sER
insincérité,5s5seRite
insinuant,5sin8@
insinuation,5sin8asj§
insinuer,5sin8e
insipide,5sipid
insipidité,5sipidite
insistance,5sist@s
insistant,5sist@
insister,5siste
insociable,5sosjabl
insolation,5solasj§
insolemment,5solam@
insolence,5sol@s
insolent,5sOl
insolent,5sOl@
insolite,5solit
insolitement,5sOlit°m@
insoluble,5solybl
insolvable,5sOlvabl
insomniaque,5sOmnjak
insomnie,5sOmni
insomnieux,5sOmnj2
insondable,5s§dabl
insondablement,5s§dabl2m@
insonore,5sonOR
insonorisation,5sonoRizasj§
insonoriser,5sonoRize
insonorité,5sonoRite
insortable,5sORtabl
insouciance,5susj@s
insouciant,5susj@
insoucieusement,5susj2z°m@
insoucieux,5susj2
insoumis,5sumi
insoumission,5sumisj§
insoupçonnable,5supsonabl
insoupçonné,5supsone
insoutenable,5sut°nabl
inspecter,5spEkte
inspecteur,5spEkt9R
inspection,5spEksj§
inspirant,5spiR@
inspirateur,5spiRat9R
inspiration,5spiRasj§
inspiratoire,5spiRatwaR
inspirer,5spiRe
inspiré,5spiRe
instabilité,5stabilite
instable,5stabl
installateur,5stalat9R
installation,5stalasj§
installer,5stale
installeur,5stal9R
instamment,5stam@
instance,5st@s
instant,5st@
instantané,5st@tane
instantanéité,5st@taneite
instantanément,5st@tanem@
instauration,5stoRasj§
instaurer,5stoRe
instigateur,5stigat9R
instigation,5stigasj§
instiller,5stile
instinct,5st5
instinctif,5st5ktif
instinctivement,5st5ktiv°m@
instinctivo,5st5ktivo
instinctuel,5st5kt8El
instit,5stit
instituer,5stit8e
institut,5stity
instituteur,5stityt9R
institution,5stitysj§
institutionnel,5stitysjonEl
instructeur,5stRykt9R
instructif,5stRyktif
instruction,5stRyksj§
instruire,5stR8iR
instruit,5stR8i
instrument,5stRym@
instrumental,5stRym@tal
instrumentation,5stRym@tasj§
instrumenter,5stRym@te
instrumentiste,5stRym@tist
insu,5sy
insubmersible,5sybmERsibl
insubordination,5sybORdinasj§
insubordonné,5sybORdone
insuccès,5syksE
insuffisamment,5syfizam@
insuffisance,5syfiz@s
insuffisant,5syfiz@
insufflateur,5syflat9R
insuffler,5syfle
insula,5syla
insulaire,5sylER
insularité,5sylaRite
insulation,5sylasj§
insuline,5sylin
insulinique,5sylinik
insultant,5sylt@
insulte,5sylt
insulter,5sylte
insulteur,5sylt9R
insulté,5sylte
insupportable,5sypORtabl
insupportablement,5sypORtabl°m@
insurger,5syRZe
insurgé,5syRZe
insurmontable,5syRm§tabl
insurpassable,5syRpasabl
insurpassé,5syRpase
insurrection,5syREksj§
insurrectionnel,5syREksjonEl
insécable,5sekabl
insécurité,5sekyRite
inséminateur,5seminat9R
insémination,5seminasj§
inséminer,5semine
inséparabilité,5sepaRabilite
inséparable,5sepaRabl
inséparablement,5sepaRabl°m@
insérer,5seRe
intact,5takt
intaille,5taj
intangibilité,5t@Zibilite
intangible,5t@Zibl
intarissable,5taRisabl
intarissablement,5taRisabl°m@
intellect,5telEkt
intellectualisation,5tElEkt8alizasj§
intellectualiser,5tElEkt8alize
intellectualisme,5telEkt8alizm
intellectualiste,5telEkt8alist
intellectuel,5telEkt8El
intellectuel-phare,5telEkt8ElfaR
intellectuellement,5telEkt8El°m@
intelligemment,5teliZam@
intelligence,5teliZ@s
intelligent,5teliZ@
intelligentsia,5teliZEnsja
intelligibilité,5teliZibilite
intelligible,5teliZibl
intelligiblement,5teliZibl°m@
intello,5tElo
intempestif,5t@pEstif
intempestivement,5t@pEstiv°m@
intemporalité,5t@poRalite
intemporel,5t@poREl
intempérance,5t@peR@s
intenable,5t°nabl
intendance,5t@d@s
intendant,5t@d@
intense,5t@s
intensif,5t@sif
intensification,5t@sifikasj§
intensifier,5t@sifje
intension,5t@sj§
intensité,5t@site
intensivement,5t@siv°m@
intensément,5t@sem@
intenter,5t@te
intention,5t@sj§
intentionnalité,5t@sjOnalite
intentionnel,5t@sjonEl
intentionnellement,5t@sjonEl°m@
intentionné,5t@sjone
inter,5tER
interactif,5tERaktif
interaction,5tERaksj§
interactivité,5tERaktivite
interagir,5tERaZiR
interallié,5tERalje
interarmes,5tERaRm
interarmées,5tERaRme
intercalaire,5tERkalER
intercaler,5tERkale
intercellulaire,5tERsElylER
intercepter,5tERsEpte
intercepteur,5tERsEpt9R
interception,5tERsEpsj§
intercesseur,5tERses9R
intercession,5tERsesj§
interchangeable,5tERS@Zabl
interchanger,5tERS@Ze
interclasse,5tERklas
interclubs,5tERklyb
intercommunal,5tERkOmynal
intercommunautaire,5tERkOmynotER
intercommunication,5tERkomynikasj§
interconnexion,5tERkOnEksj§
intercontinental,5tERk§tin@tal
intercostal,5tERkOstal
intercours,5tERkuR
intercourse,5tERkuRs
interculturel,5tERkyltyREl
intercéder,5tERsede
interdiction,5tERdiksj§
interdire,5tERdiR
interdit,5tERdi
interdépendance,5tERdep@d@s
interdépendant,5tERdep@d@
interethnique,5tEREtnik
interface,5tERfas
interfacer,5tERfase
interférence,5tERfeR@s
interférent,5tERfeR@
interférer,5tERfeRe
interférométrie,5tERfeROmetRi
interféron,5tERfeR§
intergalactique,5tERgalaktik
interglaciaire,5tERglasjER
intergouvernemental,5tERguvERn2m@tal
interjecter,5tERZEkte
interjection,5tERZEksj§
interjeter,5tERZ2te
interligne,5tERliN
interlocuteur,5tERlokyt9R
interlocutoire,5tERlOkytwaR
interlope,5tERlOp
interloqué,5tERloke
interlude,5tERlyd
intermezzo,5tERmEdzo
interminable,5tERminabl
interminablement,5tERminabl°m@
intermission,5tERmisj§
intermittence,5tERmit@s
intermittent,5tERmit@
intermède,5tERmEd
intermédiaire,5tERmedjER
internat,5tERna
international,5tERnasjonal
internationalement,5tERnasjonal°m@
internationalisation,5tERnasjonalizasj§
internationalisme,5tERnasjonalizm
internationaliste,5tERnasjonalist
internaute,5tERnot
interne,5tERn
internement,5tERn°m@
interner,5tERne
internet,5tERnEt
interniste,5tERnist
interné,5tERne
interpellateur,5tERpelat9R
interpellation,5tERpelasj§
interpeller,5tERpEle
interphase,5tERfaz
interphone,5tERfOn
interplanétaire,5tERplanetER
interpolateur,5tERpOlat9R
interpolation,5tERpolasj§
interposer,5tERpoze
interposition,5tERpozisj§
interposé,5tERpoze
interprète,5tERpREt
interprétable,5tERpRetabl
interprétatif,5tERpRetatif
interprétation,5tERpRetasj§
interpréter,5tERpRete
interpréteur,5tERpRet9R
interpénétration,5tERpenetRasj§
interpénétrer,5tERpenetRe
interracial,5tERRasjal
interrogateur,5tERogat9R
interrogatif,5tERogatif
interrogation,5tERogasj§
interrogative,5tERogativ
interrogativement,5tERogativ°m@
interrogatoire,5tERogatwaR
interrogeant,5tERoZ@
interroger,5tERoZe
interrompre,5tER§pR
interrompu,5tER§py
interrupteur,5tERypt9R
interruption,5tERypsj§
interrègne,5tERREN
intersaison,5tERsEz§
interscolaire,5tERskOlER
intersection,5tERseksj§
interservices,5tERsERvis
intersidéral,5tERsideRal
interstellaire,5tERstElER
interstice,5tERstis
intersubjectif,5tERsybZEktif
intertitre,5tERtitR
intertribal,5tERtRibal
interurbain,5tERyRb5
intervalle,5tERval
intervenant,5tERv°n@
intervenir,5tERv°niR
intervention,5tERv@sj§
interventionnisme,5tERv@sjOnism
interventionniste,5tERv@sjOnist
interventriculaire,5tERv@tRikylER
interversion,5tERvERsj§
intervertir,5tERvERtiR
intervertébral,5tERvERtebRal
interview,5tERvju
interviewer,5tERvjuv9R
interviewer,5tERvjuve
intervieweur,5tERvjuv9R
interviewé,5tERvjuve
interétatique,5tERetatik
intestat,5tEsta
intestin,5tEst5
intestinal,5tEstinal
inti,5ti
intifada,5tifada
intimation,5timasj§
intime,5tim
intimement,5tim°m@
intimer,5time
intimidable,5timidabl
intimidant,5timid@
intimidateur,5timidat9R
intimidation,5timidasj§
intimider,5timide
intimiste,5timist
intimité,5timite
intimé,5time
intirable,5tiRabl
intituler,5tityle
intitulé,5tityle
intolérable,5toleRabl
intolérablement,5toleRabl°m@
intolérance,5toleR@s
intolérant,5toleR@
intonation,5tonasj§
intouchable,5tuSabl
intouché,5tuSe
intox,5tOks
intoxicant,5tOksik@
intoxication,5tOksikasj§
intoxiquer,5tOksike
intoxiqué,5tOksike
intra,5tRa
intra muros,5tRamyRo
intra-atomique,5tRaatomik
intra-muros,5tRamyRos
intracardiaque,5tRakaRdjak
intracrânien,5tRakRanj5
intradermique,5tRadERmik
intrados,5tRado
intraduisible,5tRad8izibl
intrait,5tRE
intraitable,5tREtabl
intramusculaire,5tRamyskylER
intranet,5tRanEt
intransgressible,5tR@zgREsibl
intransigeance,5tR@ziZ@s
intransigeant,5tR@ziZ@
intransitif,5tR@zitif
intransmissible,5tR@smisibl
intransportable,5tR@spORtabl
intraoculaire,5tRaOkylER
intravasculaire,5tRavaskylER
intraveineux,5tRavEn2
intrigant,5tRig@
intrigue,5tRig
intriguer,5tRige
intrinsèque,5tR5sEk
intrinsèquement,5tR5sEk°m@
introducteur,5tRodykt9R
introductif,5tRodyktif
introduction,5tRodyksj§
introduire,5tRod8iR
intromission,5tRomisj§
intronisation,5tRonizasj§
introniser,5tRonize
introspecter,5tROspEkte
introspectif,5tRospEktif
introspection,5tRospEksj§
introuvable,5tRuvabl
introverti,5tRovERti
introït,5tRoit
intrus,5tRy
intrusif,5tRyzif
intrusion,5tRyzj§
intrépide,5tRepid
intrépidement,5tRepid°m@
intrépidité,5tRepidite
intubation,5tybasj§
intuber,5tybe
intuitif,5t8itif
intuition,5t8isj§
intuitive,5t8itiv
intuitivement,5t8itiv°m@
intumescence,5tymes@s
intussusception,5tyssysEpsj§
intègre,5tEgR
intégral,5tegRal
intégrale,5tegRal
intégralement,5tegRal°m@
intégralisme,5tegRalism
intégralité,5tegRalite
intégrateur,5tegRat9R
intégration,5tegRasj§
intégrer,5tegRe
intégrisme,5tegRism
intégriste,5tegRist
intégrité,5tegRite
intégré,5tegRe
intéressant,5teREs@
intéressement,5teREs°m@
intéresser,5teRese
intéressé,5teRese
intérieur,5teRj9R
intérieurement,5teRj9R°m@
intérim,5teRim
intérimaire,5teRimER
intériorisation,5teRjoRizasj§
intérioriser,5teRjoRize
intériorité,5teRjoRite
intérêt,5teRE
inuit,in8it
inupik,inypik
inusabilité,inyzabilite
inusable,inyzabl
inusité,inyzite
inutile,inytil
inutilement,inytil°m@
inutilisable,inytilizabl
inutilisation,inytilizasj§
inutilisé,inytilize
inutilité,inytilite
invagination,5vaZinasj§
invaincu,5v5ky
invalidant,5valid@
invalidation,5validasj§
invalide,5valid
invalider,5valide
invalidité,5validite
invariable,5vaRjabl
invariablement,5vaRjabl°m@
invariance,5vaRj@s
invasif,5vazif
invasion,5vazj§
invective,5vEktiv
invectiver,5vEktive
invendable,5v@dabl
invendu,5v@dy
inventaire,5v@tER
inventer,5v@te
inventeur,5v@t9R
inventif,5v@tif
invention,5v@sj§
inventivité,5v@tivite
inventorier,5v@toRje
inverse,5vERs
inversement,5vERs°m@
inverser,5vERse
inverseur,5vERs9R
inversible,5vERsibl
inversion,5vERsj§
inverti,5vERti
invertébré,5vERtebRe
investi,5vEsti
investigateur,5vEstigat9R
investigation,5vEstigasj§
investiguer,5vEstige
investir,5vEstiR
investissement,5vEstis°m@
investisseur,5vEstis9R
investiture,5vEstityR
invincibilité,5v5sibilite
invincible,5v5sibl
invinciblement,5v5sibl°m@
inviolabilité,5vjolabilite
inviolable,5vjolabl
inviolé,5vjole
invisibilité,5vizibilite
invisible,5vizibl
invisiblement,5vizibl°m@
invitant,5vit@
invitation,5vitasj§
invite,5vit
inviter,5vite
inviteur,5vit9R
invité,5vite
invivable,5vivabl
invocation,5vokasj§
invocatoire,5vokatwaR
involontaire,5vol§tER
involontairement,5vol§tER°m@
involutif,5volytif
involution,5volysj§
invoquer,5voke
invraisemblable,5vREs@blabl
invraisemblablement,5vREs@blabl°m@
invraisemblance,5vREs@bl@s
invulnérabilité,5vylneRabilite
invulnérable,5vylneRabl
invérifiable,5veRifjabl
invétéré,5veteRe
inébranlable,inebR@labl
inébranlablement,inebR@labl°m@
inébranlé,inebR@le
inéchangeable,ineS@Zabl
inédit,inedi
inéducable,inedykabl
inégal,inegal
inégalable,inegalabl
inégalement,inegal°m@
inégalité,inegalite
inégalé,inegale
inéligibilité,ineliZibilite
inéligible,ineliZibl
inéluctabilité,inelyktabilite
inéluctable,inelyktabl
inéluctablement,inelyktabl°m@
inélégamment,inelegam@
inélégance,ineleg@s
inélégant,ineleg@
inénarrable,inenaRabl
inépuisable,inep8izabl
inépuisablement,inep8izabl°m@
inéquitable,inekitabl
inévaluable,ineval8abl
inévitabilité,inevitabilite
inévitable,inevitabl
inévitablement,inevitabl°m@
iode,jOd
iodler,jOdle
iodoforme,jodofORm
iodure,jodyR
iodé,jode
ion,j§
ionien,jonj5
ionienne,jonjEn
ionique,jonik
ionisant,jOniz@
ionisation,jonizasj§
ioniser,jonize
ionisé,jonize
ionosphère,jonosfER
iota,jota
ipomée,ipome
ippon,ip§
ipse,ipse
ipso facto,ipsofakto
ipéca,ipeka
ira,iRa
irakien,iRakj5
iranien,iRanj5
iraquien,iRakj5
irascible,iRasibl
ire,iR
iridescence,iRidEs@s
iridescent,iRidEs@
iridium,iRidjOm
iridologie,iRidOlOZi
iris,iRis
irisation,iRizasj§
iriser,iRize
irish coffee,ajRiSkOfi
irisé,iRize
irlandais,iRl@dE
ironie,iRoni
ironique,iRonik
ironiquement,iRonik°m@
ironiser,iRonize
ironisme,iROnism
ironiste,iRonist
iroquois,iRokwa
irradiant,iRadj@
irradiation,iRadjasj§
irradier,iRadje
irraisonnable,iREzonabl
irraisonné,iREzone
irrationalité,iRasjonalite
irrationnel,iRasjonEl
irrationnellement,iRasjonEl°m@
irrattrapable,iRatRapabl
irrecevabilité,iR2s°vabilite
irrecevable,iR2s°vabl
irremplaçable,iR@plasabl
irreprésentable,iR2pRez@tabl
irrespect,iREspE
irrespectueusement,iREspEkt82z°m@
irrespectueux,iREspEkt82
irrespirable,iREspiRabl
irresponsabilité,iREsp§sabilite
irresponsable,iREsp§sabl
irrigateur,iRigat9R
irrigation,iRigasj§
irriguer,iRige
irritabilité,iRitabilite
irritable,iRitabl
irritant,iRit@
irritation,iRitasj§
irriter,iRite
irroration,iRoRasj§
irruption,iRypsj§
irréalisable,iRealizabl
irréalisme,iRealizm
irréaliste,iRealist
irréalisé,iRealize
irréalité,iRealite
irréconciliable,iRek§siljabl
irrécupérable,iRekypeRabl
irrécusable,iRekyzabl
irréductible,iRedyktibl
irréductiblement,iRedyktibl°m@
irréel,iReEl
irréellement,iReEl°m@
irréfléchi,iRefleSi
irréfragable,iRefRagabl
irréfutable,iRefytabl
irréfutablement,iRefytabl°m@
irrégularité,iRegylaRite
irrégulier,iRegylje
irrégulièrement,iRegyljER°m@
irréligieux,iReliZj2
irréligiosité,iReliZjozite
irrémissible,iRemisibl
irrémédiable,iRemedjabl
irrémédiablement,iRemedjabl°m@
irréparable,iRepaRabl
irréparablement,iRepaRabl°m@
irrépressible,iRepResibl
irréprochable,iRepRoSabl
irréprochablement,iRepRoSabl°m@
irrésistible,iRezistibl
irrésistiblement,iRezistibl°m@
irrésolu,iRezoly
irrésolution,iRezolysj§
irrétrécissable,iRetResisabl
irréversibilité,iRevERsibilite
irréversible,iRevERsibl
irréversiblement,iRevERsibl°m@
irrévocabilité,iRevOkabilite
irrévocable,iRevokabl
irrévocablement,iRevokabl°m@
irrévérence,iReveR@s
irrévérencieusement,iReveR@sj2z°m@
irrévérencieux,iReveR@sj2
isabelle,izabEl
isard,izaR
isatis,izatis
isba,izba
ischion,iskj§
ischémie,iskemi
ischémique,iskemik
islam,islam
islamique,islamik
islamiser,islamize
islamisme,islamizm
islamiste,islamist
islandais,isl@dE
ismaélien,ismaelj5
ismaélite,ismaelit
isme,ism
isochronisme,izOkROnism
isocèle,izosEl
isolant,izol@
isolateur,izolat9R
isolation,izolasj§
isolationnisme,izolasjonizm
isolationniste,izolasjonist
isolement,izOl°m@
isoler,izole
isoloir,izolwaR
isolé,izole
isolément,izolem@
isomère,izomER
isométrique,izOmetRik
isoniazide,izOnjazid
isorel,izoREl
isotherme,izOtERm
isothermique,izOtERmik
isotonique,izOtOnik
isotope,izotOp
isotopique,izotopik
israélien,isRaelj5
israélite,isRaelit
israélo-arabe,isRaeloaRab
issu,isy
issue,isy
isthme,izm
isthmique,ismik
italianisme,italjanizm
italiano,italjano
italien,italj5
italique,italik
italo-américain,italoameRik5
italo-brésilien,italobRezilj5
italo-français,italofR@sE
italo-irlandais,italoiRl@dE
italo-polonais,italopolonE
italo-égyptien,italoeZipsj5
ite missa est,itemisaEst
item,itEm
ithos,itOs
ithyphallique,itifalik
itinéraire,itineRER
itinérant,itineR@
itou,itu
ive,iv
ivoire,ivwaR
ivoirien,ivwaRj5
ivoirienne,ivwaRjEn
ivoirin,ivwaR5
ivraie,ivRE
ivre,ivR
ivresse,ivREs
ivrogne,ivRON
ivrogner,ivRoNe
ivrognerie,ivRON°Ri
ivrognesse,ivRoNEs
ixième,iksjEm
j,Z
jabadao,Zabadao
jabot,Zabo
jaboter,Zabote
jacassant,Zakas@
jacasse,Zakas
jacassement,Zakas°m@
jacasser,Zakase
jacasserie,Zakas°Ri
jacasseur,Zakas9R
jachère,ZaSER
jacinthe,Zas5t
jack,dZak
jacket,ZakEt
jackpot,Zakpo
jacob,ZakOb
jacobin,Zakob5
jacobite,Zakobit
jacot,Zako
jacquard,ZakaR
jacqueline,Zak°lin
jacquemart,Zak°maR
jacques,Zak
jacquet,ZakE
jacquier,Zakje
jacquot,Zako
jactance,Zakt@s
jactancier,Zakt@sje
jacter,Zakte
jacteur,Zakt9R
jaculatoire,ZakylatwaR
jacuzzi,Zakyzi
jade,Zad
jadis,Zadis
jaffe,Zaf
jaffer,Zafe
jaguar,ZagwaR
jaguarondi,ZagwaR§di
jaillir,ZajiR
jaillissant,Zajis@
jaillissement,Zajis°m@
jais,ZE
jaja,ZaZa
jalmince,Zalm5s
jalon,Zal§
jalonner,Zalone
jalonné,Zalone
jalousement,Zaluz°m@
jalouser,Zaluze
jalousie,Zaluzi
jaloux,Zalu
jam,dZam
jam-session,dZamsesj9n
jamais,ZamE
jamais-vu,ZamEvy
jamaïcain,Zamaik5
jamaïquain,Zamaik5
jambage,Z@baZ
jambart,Z@baR
jambe,Z@b
jambier,Z@bje
jambière,Z@bjER
jambon,Z@b§
jambonneau,Z@bono
jamboree,ZamboRi
janissaire,ZanisER
jansénisme,Z@senizm
janséniste,Z@senist
jante,Z@t
janvier,Z@vje
jap,Zap
japon,Zap§
japonais,ZaponE
japonaiserie,ZaponEz°Ri
japonerie,ZapOn°Ri
japoniser,Zaponize
jappement,Zap°m@
japper,Zape
jappeur,Zap9R
jaquelin,ZakEl5
jaquemart,Zak°maR
jaquet,ZakE
jaquette,ZakEt
jar,ZaR
jardin,ZaRd5
jardinage,ZaRdinaZ
jardiner,ZaRdine
jardinerie,ZaRdin°Ri
jardinet,ZaRdinE
jardinier,ZaRdinje
jardinière,ZaRdinjER
jargon,ZaRg§
jargonner,ZaRgone
jarnicoton,ZaRnikot§
jarre,ZaR
jarret,ZaRE
jarretelle,ZaR°tEl
jarretière,ZaR°tjER
jars,ZaR
jas,Za
jaser,Zaze
jaseur,Zaz9R
jasmin,Zasm5
jaspe,Zasp
jasper,Zaspe
jaspin,Zasp5
jaspiner,Zaspine
jatte,Zat
jauge,ZoZ
jauger,ZoZe
jaunasse,Zonas
jaune,Zon
jaune-vert,ZonvER
jauni,Zoni
jaunir,ZoniR
jaunissant,Zonis@
jaunisse,Zonis
jaunissement,Zonis°m@
jaunâtre,ZonatR
java,Zava
javanais,ZavanE
javel,ZavEl
javeline,Zav°lin
javelle,ZavEl
javelliser,Zavelize
javelot,Zav°lo
javotte,ZavOt
jazz,dZaz
jazz-band,dZazb@d
jazz-rock,dZazROk
jazzman,dZazman
jazzy,dZazi
je,Z°
je-m'en-fichiste,Z°m@fiSist
je-m'en-foutisme,Z2m@futizm
je-m'en-foutiste,Z2m@futist
je-ne-sais-quoi,Z°n°sekwa
jean,dZin
jean-foutre,Z@futR
jean-le-blanc,Z@l°bl@
jeanneton,Zan°t§
jeannette,ZanEt
jeannot,Zano
jeep,dZip
jellaba,dZElaba
jenny,Zeni
jerez,xeREs
jerk,dZERk
jerrican,ZeRikan
jerricane,ZERikan
jerrycan,ZeRikan
jersey,ZERzE
jet,dZEt
jet society,dZEtsosajti
jet-set,dZEtsEt
jet-stream,dZEtstRim
jetable,Z°tabl
jeter,Z°te
jeteur,Z°t9R
jeton,Z°t§
jette,ZEt
jeté,Z°te
jetée,Z°te
jeu,Z2
jeu-concours,Z2k§kuR
jeudi,Z2di
jeune,Z9n
jeune-homme,Z9nOm
jeunement,Z9n°m@
jeunesse,Z9nEs
jeunet,Z9nE
jeunette,Z9nEt
jeunot,Z9no
jeûne,Z2n
jeûner,Z2ne
jigger,dZig9R
jihad,dZijad
jingle,dZing9l
jinjin,dZindZin
jiu-jitsu,ZjyZitsy
jivaro,ZivaRo
joaillerie,Zoaj°Ri
joaillier,Zoaje
job,dZOb
jobard,ZobaR
jobardise,ZobaRdiz
jociste,Zosist
jockey,ZokE
jocko,ZOko
jocrisse,ZokRis
jodler,jOdl9R
jogger,dZOge
joggeur,dZOg9R
jogging,dZOgiG
johannisberg,ZOanisb9Rg
joice,Zwas
joie,Zwa
joignable,ZwaNabl
joindre,Zw5dR
joint,Zw5
joint-venture,dZOjntvEntS9R
jointif,Zw5tif
jointure,Zw5tyR
jojo,ZoZo
jojoba,ZoZoba
jokari,ZokaRi
joker,ZokER
joli,Zoli
joli-coeur,ZOlik9R
joli-joli,ZOliZOli
jolibois,ZOlibwa
jolie,Zoli
joliesse,ZoljEs
joliet,ZOljE
joliment,Zolim@
jonc,Z§
joncaille,Z§kaj
jonchaie,Z§SE
joncher,Z§Se
jonchet,Z§SE
jonchère,Z§SER
jonché,Z§Se
jonchée,Z§Se
jonction,Z§ksj§
jonglage,Z§glaZ
jongler,Z§gle
jonglerie,Z§gl°Ri
jongleur,Z§gl9R
jonkheer,jOnkER
jonque,Z§k
jonquille,Z§kij
jordanienne,ZORdanjEn
jordonner,ZORdOne
joseph,ZozEf
jouable,Zwabl
jouasse,Zwas
joubarbe,ZubaRb
joue,Zu
jouer,Zwe
jouet,ZwE
joueur,Zw9R
joufflu,Zufly
joug,Zu
jouir,ZwiR
jouissance,Zwis@s
jouisseur,Zwis9R
jouissif,Zwisif
joujou,ZuZu
joujoux,ZuZu
jour,ZuR
journal,ZuRnal
journaleux,ZuRnal2
journalier,ZuRnalje
journalisme,ZuRnalizm
journaliste,ZuRnalist
journalistique,ZuRnalistik
journellement,ZuRnEl°m@
journée,ZuRne
joute,Zut
jouter,Zute
jouteur,Zut9R
jouvence,Zuv@s
jouvenceau,Zuv@so
jouxte,Zukst
joué,Zwe
jovial,Zovjal
jovialement,Zovjal°m@
jovialité,Zovjalite
joyau,Zwajo
joyeusement,Zwaj2z°m@
joyeuseté,Zwaj2z°te
joyeux,Zwaj2
joystick,ZOjstik
juan,xwan
jubilaire,ZybilER
jubilant,Zybil@
jubilation,Zybilasj§
jubilatoire,ZybilatwaR
jubiler,Zybile
jubilé,Zybile
jubé,Zybe
jucher,ZySe
juchée,ZySe
judas,Zyda
judaïcité,Zydaisite
judaïque,Zydaik
judaïsant,Zydaiz@
judaïser,Zydaize
judaïsme,Zydaizm
judaïté,Zydaite
judiciaire,ZydisjER
judicieusement,Zydisj2z°m@
judicieux,Zydisj2
judo,Zydo
judoka,Zydoka
judéen,Zyde5
judéenne,ZydeEn
judéité,Zydeite
judéo,Zydeo
judéo-christianisme,ZydeokRistjanism
juge,ZyZ
jugement,ZyZ°m@
jugeote,ZyZOt
juger,ZyZe
jugeur,ZyZ9R
jugulaire,ZygylER
juguler,Zygyle
jugé,ZyZe
juif,Z8if
juillet,Z8ijE
juin,Z85
juiverie,Z8iv°Ri
jujube,ZyZyb
juke-box,dZukbOks
julep,ZylEp
jules,Zyl
julien,Zylj5
julienne,ZyljEn
julot,Zylo
jumbo,dZ9mbo
jumeau,Zymo
jumelage,Zym°laZ
jumeler,Zym°le
jumelle,ZymEl
jument,Zym@
jumenterie,Zym@t°Ri
jumper,dZ9mp9R
jumping,dZ9mpiG
jungien,juGj5
jungle,Z1gl
junior,ZynjOR
junker,Z9nkER
junkie,Z9nki
junky,Zynki
junte,Z1t
jupe,Zyp
jupe-culotte,ZypkylOt
jupette,ZypEt
jupitérien,ZypiteRj5
jupon,Zyp§
jurançon,ZyR@s§
jurassien,ZyRasj5
jurassique,ZyRasik
jurer,ZyRe
juridiction,ZyRidiksj§
juridictionnel,ZyRidiksjOnEl
juridique,ZyRidik
juridiquement,ZyRidik°m@
jurisprudence,ZyRispRyd@s
juriste,ZyRist
juron,ZyR§
jury,ZyRi
juré,ZyRe
jus,Zy
jusant,Zyz@
jusqu,Zysk
jusqu'au,Zysko
jusqu'à,Zyska
jusque,Zysk
jusque-là,Zysk°la
jusques,Zysk
jusquiame,Zyskjam
justaucorps,ZystokOR
juste,Zyst
juste-milieu,Zyst°milj2
justement,Zyst°m@
justesse,ZystEs
justice,Zystis
justiciable,Zystisjabl
justicier,Zystisje
justifiable,Zystifjabl
justifiant,Zystifj@
justificatif,Zystifikatif
justification,Zystifikasj§
justifier,Zystifje
justinien,Zystinj5
jute,Zyt
juter,Zyte
juteux,Zyt2
juvénile,Zyvenil
juvénilité,Zyvenilite
juxtaposer,Zykstapoze
juxtaposition,Zykstapozisj§
jà,Za
jèze,ZEz
jéjunum,ZeZynOm
jéroboam,ZeRoboam
jérémiade,ZeRemjad
jésuite,Zez8it
jésuitique,Zez8itik
jésuitière,Zez8itjER
jésus,Zezy
k,ka
k-o,kao
k-way,kawe
ka,ka
kabarde,kabaRd
kabbale,kabal
kabbalistique,kabalistik
kabuki,kabuki
kabyle,kabil
kacha,kaSa
kacher,kaSe
kachoube,kaSub
kaddisch,kadiS
kaddish,kadiS
kadi,kadi
kafir,kafiR
kafkaïen,kafkaj5
kaftan,kaft@
kaiser,kajz9R
kaki,kaki
kala-azar,kalaazaR
kali,kali
kaliémie,kaljemi
kalmouk,kalmuk
kalpa,kalpa
kaléidoscope,kaleidoskOp
kama,kama
kamala,kamala
kami,kami
kamikaze,kamikaz
kan,kan
kana,kana
kandjar,k@djaR
kangourou,k@guRu
kanji,k@Zi
kantien,k@tj5
kantisme,k@tizm
kaolin,kaol5
kaori,kaORi
kapo,kapo
kapok,kapOk
kapokier,kapOkje
kaposi,kapozi
kapout,kaput
kappa,kapa
karaoké,kaRaoke
karaté,kaRate
karatéka,kaRateka
karen,kaREn
kari,kaRi
karité,kaRite
karma,kaRma
karmique,kaRmik
kart,kaRt
karting,kaRtiG
kasbah,kasba
kascher,kaSER
kasher,kaSER
kastro,kastRo
kata,kata
katal,katal
katangais,kat@gE
katiba,katiba
kava,kava
kawa,kawa
kayac,kajak
kayak,kajak
kayakiste,kajakist
kazakh,kazak
kebab,kebab
kebla,k°bla
keepsake,kipsEk
keffieh,kefje
keiretsu,keREtsu
kekchose,kEkSoz
kendo,kEndo
kermesse,kERmEs
kerrie,kERi
ket,kEt
ketch,kEtS
ketchup,kEtS9p
keuf,k9f
keum,k2m
kevlar,k°vlaR
khalife,kalif
khamsin,kamsin
khan,kan
khanat,kana
khat,kat
khazar,kazaR
khmer,kmER
khâgne,kaN
khâgneux,kaN2
khédival,kedival
khédive,kediv
khôl,kol
kibboutz,kibuts
kibboutzim,kibutsim
kick,kik
kicker,kike
kid,kid
kidnapper,kidnape
kidnappeur,kidnap9R
kidnapping,kidnapiG
kief,kjEf
kif,kif
kif-kif,kifkif
kiki,kiki
kil,kil
kilbus,kilbus
kilim,kilim
killer,kil9R
kilo,kilo
kilogramme,kilogRam
kilohertz,kiloERts
kilomètre,kilomEtR
kilométrage,kilometRaZ
kilométrique,kilometRik
kilowattheure,kilowat9R
kilt,kilt
kimono,kimono
kinase,kinaz
kinescope,kinEskOp
kinesthésie,kinEstezi
king-charles,kiGSaRl
kinnor,kinOR
kino,kino
kiné,kine
kinésithérapeute,kineziteRap2t
kinésithérapie,kineziteRapi
kiosk,kjOsk
kiosque,kjOsk
kip,kip
kipa,kipa
kippa,kipa
kipper,kip9R
kir,kiR
kirghiz,kiRgiz
kirghize,kiRgiz
kirsch,kiRS
kit,kit
kitch,kitS
kitchenette,kitS°nEt
kitsch,kitS
kiva,kiva
kiwi,kiwi
klaxon,klaks§
klaxonner,klaksone
klebs,klEps
kleenex,klinEks
kleptomane,klEptoman
kleptomanie,klEptomani
klystron,klistR§
km,kilomEtR
knock-out,nOkawt
knout,knut
koala,koala
kobold,kobOld
kodak,kodak
kodiak,kodjak
kohl,kol
kola,kola
kolkhoze,kOlkoz
kolkhozien,kOlkozj5
komi,komi
komintern,kOmintERn
kommandantur,kom@d@ntuR
kommando,kOm@do
komsomol,kOmsomOl
kondo,k§do
kopeck,kopEk
kora,kORa
koran,kOR@
korrigan,koRig@
korè,koRE
koré,kORe
kosovar,kOsOvaR
kot,kOt
koto,koto
kouglof,kuglOf
koulak,kulak
kouros,kuRos
kraal,kRal
krach,kRak
kraft,kRaft
krak,kRak
kraken,kRakEn
kremlin,kREml5
kreutzer,kROjts9R
kriegspiel,kRikSpil
krill,kRil
kriss,kRis
kroumir,kRumiR
krypton,kRipt§
ksar,ksaR
kugelhof,kuglOf
kula,kyla
kummel,kymEl
kumquat,kOmkwat
kung-fu,kuGfu
kurde,kyRd
kursaal,kyRsal
kvas,kvas
kyrie,kiRje
kyrie eleison,kiRjeeleisOn
kyrielle,kiRjEl
kyste,kist
kystique,kistik
kébour,kebuR
kéfir,kefiR
kényan,kenj@
képi,kepi
kérabau,keRabo
kératoplastie,keRatoplasti
kératose,keRatoz
kérosène,keRozEn
l,l
l',l
l'un,l1
l'une,lyn
l-dopa,Eldopa
la,la
la plata,laplata
la plupart,laplypaR
la plupart de,laplypaRd2
la plupart des,laplypaRdE
la plupart du,laplypaRdy
la-la-la,lalala
labbe,lab
label,labEl
labelle,labEl
labeur,lab9R
labial,labjal
labile,labil
labo,labo
laborantin,laboR@t5
laboratoire,laboRatwaR
laborieusement,laboRj2z°m@
laborieux,laboRj2
labour,labuR
labourable,labuRabl
labourage,labuRaZ
labourer,labuRe
laboureur,labuR9R
labrador,labRadOR
labre,labR
labri,labRi
labyrinthe,labiR5t
labyrinthique,labiR5tik
lac,lak
lacandon,lak@d§
lacanien,lakanj5
lacer,lase
lacet,lasE
lacis,lasi
lack,lak
laconique,lakonik
laconiquement,lakonik°m@
laconisme,lakonizm
lacrima-christi,lakRimakRisti
lacryma-christi,lakRimakRisti
lacrymal,lakRimal
lacrymogène,lakRimoZEn
lacs,lak
lactate,laktat
lactation,laktasj§
lactescent,laktEs@
lactifère,laktifER
lactique,laktik
lactose,laktoz
lacté,lakte
lacunaire,lakynER
lacune,lakyn
lacustre,lakystR
lacération,laseRasj§
lacérer,laseRe
lacéré,laseRe
lad,lad
ladies,lEjdiz
ladino,ladino
ladite,ladit
ladre,ladR
ladrerie,ladR°Ri
lady,lEjdi
lagan,lag@
lagon,lag§
laguiole,lagjOl
lagunaire,lagynER
lagune,lagyn
lai,lE
laid,lE
laidement,lEd°m@
laideron,lEd°R§
laideur,lEd9R
laie,lE
lainage,lEnaZ
laine,lEn
laineux,lEn2
lainier,lEnje
lainière,lEnjER
laird,lER
laisse,lEs
laisse-la-moi,lEslamwa
laisser,lese
laisser-aller,leseale
laisser-faire,lesefER
laissez-faire,lEsefER
laissez-passer,lEsepase
laissé,lese
laissé-pour-compte,lesepuRk§t
laissés-pour-compte,lesepuRk§t
lait,lE
laitage,lEtaZ
laitance,lEt@s
laiterie,lEt°Ri
laiteux,lEt2
laitier,letje
laiton,lEt§
laitue,lety
lala,lala
lama,lama
lamantin,lam@t5
lamaïsme,lamaizm
lambada,l@bada
lambda,l@bda
lambeau,l@bo
lambel,l@bEl
lambi,l@bi
lambic,l@bik
lambin,l@b5
lambine,l@bin
lambiner,l@bine
lambris,l@bRi
lambrissage,l@bRisaZ
lambswool,l@bswul
lame,lam
lamedu,lam°dy
lamedé,lam°de
lamelle,lamEl
lamelliforme,lamElifORm
lamentable,lam@tabl
lamentablement,lam@tabl°m@
lamentation,lam@tasj§
lamenter,lam@te
lamento,lamEnto
lamer,lame
lamie,lami
lamifié,lamifje
laminage,laminaZ
laminaire,laminER
laminectomie,laminEktOmi
laminer,lamine
laminoir,laminwaR
lampadaire,l@padER
lampadophore,l@padofOR
lampas,l@pa
lampe,l@p
lampe-phare,l@pfaR
lampe-tempête,l@pt@pEt
lamper,l@pe
lampion,l@pj§
lampiste,l@pist
lampisterie,l@pist°Ri
lamproie,l@pRwa
lampée,l@pe
lamé,lame
lance,l@s
lance-engins,l@s@Z5
lance-flamme,l@sflam
lance-flammes,l@sflam
lance-fusée,l@sfyze
lance-fusées,l@sfyze
lance-grenade,l@sgR°nad
lance-grenades,l@sgR°nad
lance-missiles,l@smisil
lance-pierre,l@spjER
lance-pierres,l@spjER
lance-roquette,l@sRokEt
lance-roquettes,l@sRokEt
lance-torpille,l@stORpij
lance-torpilles,l@stORpij
lancelot,l@s°lo
lancement,l@s°m@
lancequiner,l@skine
lancer,l@se
lancette,l@sEt
lanceur,l@s9R
lancier,l@sje
lancinance,l@sin@s
lancinant,l@sin@
lancée,l@se
land,l@d
landais,l@dE
landau,l@do
landaulet,l@dolE
lande,l@d
landerneau,l@dERno
landing,l@diG
landlord,l@dlOR
landsturm,l@dstuRm
landwehr,l@dvER
langage,l@gaZ
lange,l@Z
langer,l@Ze
langoureusement,l@guR2z°m@
langoureux,l@guR2
langouste,l@gust
langoustine,l@gustin
langue,l@g
languette,l@gEt
langueur,l@g9R
languide,l@gid
languir,l@giR
languissamment,l@gisam@
languissant,l@gis@
lanière,lanjER
lanlaire,l@lER
lanoline,lanolin
lansquenet,l@sk°nE
lansquine,l@skin
lansquiner,l@skine
lanterne,l@tERn
lanterne-tempête,l@tERnt@pEt
lanterner,l@tERne
lanternier,l@tERnje
lanthane,l@tan
lançant,l@s@
lao,lao
laotien,laosj5
lap,lap
lapalissade,lapalisad
laparoscopie,lapaRoskopi
laparotomie,lapaRotomi
lapement,lap°m@
laper,lape
lapereau,lap°Ro
lapidaire,lapidER
lapidation,lapidasj§
lapider,lapide
lapidification,lapidifikasj§
lapin,lap5
lapiner,lapine
lapinière,lapinjER
lapis,lapis
lapis-lazuli,lapizlazyli
lapon,lap§
lapper,lape
laps,laps
lapsus,lapsys
laquais,lakE
laque,lak
laquelle,lakEl
laquer,lake
laqué,lake
larbin,laRb5
larcin,laRs5
lard,laR
lardage,laRdaZ
larder,laRde
lardeuss,laRdeus
lardeux,laRd2
lardon,laRd§
lardu,laRdy
lare,laR
larfeuil,laRf9j
larfeuille,laRf9j
largable,laRgabl
largage,laRgaZ
large,laRZ
largement,laRZ°m@
largesse,laRZEs
largeur,laRZ9R
larghetto,laRgEto
largo,laRgo
largue,laRg
larguer,laRge
largueur,laRg9R
largué,laRge
larigot,laRigo
larme,laRm
larmichette,laRmiSEt
larmoiement,laRmwam@
larmoyant,laRmwaj@
larmoyer,laRmwaje
larmoyeur,laRmwaj9R
larron,laR§
larsen,laRsEn
larvaire,laRvER
larve,laRv
larvicide,laRvisid
larvé,laRve
laryngite,laR5Zit
laryngologique,laR5gOlOZik
laryngologiste,laR5goloZist
laryngoscope,laR5gOskOp
laryngoscopie,laR5gOskOpi
laryngé,laR5Ze
larynx,laR5ks
las,la
lasagne,lazaN
lascar,laskaR
lascif,lasif
lascivement,lasiv°m@
lascivité,lasivite
laser,lazER
lassant,las@
lasser,lase
lassitude,lasityd
lasso,laso
lasure,lasyR
latence,lat@s
latent,lat@
latex,latEks
laticlave,latiklav
latin,lat5
latiniste,latinist
latinité,latinite
latino,latino
latino-américain,latinoameRik5
latitude,latityd
latrine,latRin
lats,lats
latte,lat
latter,late
lattis,lati
latéral,lateRal
latéralement,lateRal°m@
latéralité,lateRalite
latérite,lateRit
laubé,lobe
laudanum,lodanOm
laudateur,lodat9R
laurier,loRje
laurier-cerise,loRjes°Riz
laurier-rose,loRjeRoz
lauréat,loRea
lav,lav
lavable,lavabl
lavabo,lavabo
lavage,lavaZ
lavallière,lavaljER
lavande,lav@d
lavandin,lav@d5
lavandière,lav@djER
lavasse,lavas
lave,lav
lave-auto,lavoto
lave-glace,lavglas
lave-linge,lavl5Z
lave-mains,lavm5
lave-pont,lavp§
lave-vaisselle,lavvEsEl
lavedu,lavdy
lavement,lav°m@
laver,lave
laverie,lav°Ri
lavette,lavEt
laveur,lav9R
lavis,lavi
lavoir,lavwaR
lavure,lavyR
lavé,lave
laxatif,laksatif
laxisme,laksizm
laxiste,laksist
laxité,laksite
layer,leje
layette,lEjEt
layon,lEj§
lazaret,lazaRE
lazaro,lazaRo
lazingue,laz5g
lazzi,ladzi
laçage,lasaZ
laîche,lES
laïc,laik
laïciser,laisize
laïcité,laisite
laïque,laik
laïus,lajys
le,l°
leader,lid9R
leadership,lid9RSip
leasing,liziG
lebel,l°bEl
leben,l°b@
lecteur,lEkt9R
lectorat,lEktoRa
lecture,lEktyR
ledit,l°di
legato,legato
leggins,legins
lego,lego
legs,lEg
lei,lE
leishmaniose,lESmanjoz
leitmotiv,lEjtmotiv
leitmotive,lajtmotiv
lek,lEk
lem,lEm
lemming,lEmiG
lendemain,l@d°m5
lent,l@
lente,l@t
lentement,l@t°m@
lenteur,l@t9R
lentille,l@tij
lentisque,l@tisk
lento,lEnto
lepton,lEpt§
leptonique,lEptOnik
lequel,l°kEl
lerch,lERS
lerche,lERS
les,le
lesbianisme,lEsbjanizm
lesbien,lEzbj5
lesdites,lEdit
lesdits,lEdi
lesquelles,lEkEl
lesquels,lEkEl
lessivage,lesivaZ
lessive,lesiv
lessiver,lesive
lest,lEst
leste,lEst
lestement,lEst°m@
lester,lEste
lesté,lEste
let,lE
lette,lEt
letton,lEt§
lettone,lEtOn
lettrage,lEtRaZ
lettre,lEtR
lettre-clé,lEtRkle
lettreur,lEtR9R
lettrine,lEtRin
lettré,letRe
leu,l2
leucocytaire,l2kositER
leucocyte,l2kosit
leucocytose,l2kOsitoz
leucoplasie,l2koplazi
leucopénie,l2kopeni
leucose,l2koz
leucotomie,l2kotomi
leucémie,l2semi
leucémique,l2semik
leur,l9R
leurre,l9R
leurrer,l9Re
leurs,l9R
lev,lEv
leva,l°va
levage,l°vaZ
levain,l°v5
levant,l°v@
levantin,l°v@t5
lever,l°ve
leveur,l°v9R
levier,l°vje
levreau,l°vRo
levrette,l°vREt
levure,l°vyR
levé,l°ve
levée,l°ve
lexical,lEksikal
lexie,lEksi
lexique,lEksik
lez,lE
leçon,l°s§
li,li
liage,ljaZ
liaison,ljEz§
liane,ljan
liant,lj@
liard,ljaR
liasse,ljas
libanais,libanE
libation,libasj§
libeccio,libEksjo
libelle,libEl
libeller,libele
libellule,libelyl
libellé,libele
liber,libER
libera,lib°Ra
libero,lib°Ro
libertaire,libERtER
liberticide,libERtisid
libertin,libERt5
libertinage,libERtinaZ
liberté,libERte
libidinal,libidinal
libidineux,libidin2
libido,libido
libraire,libRER
librairie,libReRi
librairie-papeterie,libReRipapet°Ri
libre,libR
libre-arbitre,libRaRbitR
libre-penseur,libR°p@s9R
libre-service,libR°sERvis
libre-échange,libReS@Z
libre-échangiste,libReS@Zist
librement,libR°m@
librettiste,libRetist
libretto,libREto
libyen,libj5
libérable,libeRabl
libéral,libeRal
libéralement,libeRal°m@
libéralisation,libeRalizasj§
libéralisme,libeRalizm
libéralité,libeRalite
libérateur,libeRat9R
libération,libeRasj§
libératoire,libeRatwaR
libérer,libeRe
libérien,libeRj5
libéro,libeRo
libéré,libeRe
lice,lis
licence,lis@s
licenciement,lis@sim@
licencier,lis@sje
licencieux,lis@sj2
licencié,lis@sje
liche,liS
lichen,likEn
licher,liSe
lichette,liSEt
lichotter,liSOte
licite,lisit
licol,likOl
licorne,likORn
licou,liku
licteur,likt9R
licéité,liseite
lido,lido
lidocaïne,lidokain
lie,li
lie-de-vin,lid°v5
lied,lid
lien,lj5
lier,lje
lierre,ljER
liesse,ljEs
lieu,lj2
lieu-dit,lj2di
lieudit,lj2di
lieue,lj2
lieur,lj9R
lieutenant,lj2t°n@
lieutenant-colonel,lj2t°n@kolonEl
lieutenant-pilote,lj2t°n@pilOt
lieux-dits,lj2di
lift,lift
lifter,lifte
liftier,liftje
lifting,liftiG
lifté,lifte
ligament,ligam@
ligamentaire,ligam@tER
ligature,ligatyR
ligaturer,ligatyRe
lige,liZ
light,lajt
lignage,liNaZ
ligne,liN
ligner,liNe
ligneux,liN2
lignite,liNit
lignée,liNe
ligot,ligo
ligotage,ligotaZ
ligoter,ligote
ligoté,ligote
ligue,lig
liguer,lige
ligueur,lig9R
ligure,ligyR
lilas,lila
lilial,liljal
lilium,liljOm
lilliputien,lilipysj5
lillois,lilwa
limace,limas
limage,limaZ
limaille,limaj
liman,lim@
limande,lim@d
limaçon,limas§
limbe,l5b
limbique,l5bik
limbo,limbo
lime,lim
limer,lime
limerick,lim°Rik
limette,limEt
limier,limje
liminaire,liminER
limitatif,limitatif
limitation,limitasj§
limite,limit
limiter,limite
limiteur,limit9R
limitrophe,limitROf
limité,limite
limogeage,limoZaZ
limoger,limoZe
limogé,limoZe
limon,lim§
limonade,limonad
limonadier,limonadje
limonaire,limonER
limoneux,limon2
limonier,limonje
limoselle,limozEl
limousin,limuz5
limpide,l5pid
limpidité,l5pidite
lin,l5
linaire,linER
linceul,l5s9l
lindor,l5dOR
line,lin
linga,linga
lingala,lingala
lingam,lingam
linge,l5Z
linger,l5Ze
lingerie,l5Z°Ri
lingette,l5ZEt
lingot,l5go
lingual,l5gwal
linguiste,l5g8ist
linguistique,l5g8istik
linguistiquement,l5g8istik°m@
lingère,l5ZER
liniment,linim@
lino,lino
linoléum,linoleOm
linon,lin§
linotte,linOt
linotype,linotip
linteau,l5to
linter,lint9R
linéaire,lineER
linéairement,lineER°m@
lion,lj§
lionceau,lj§so
lipase,lipaz
lipide,lipid
lipiodol,lipjOdOl
lipome,lipom
liposome,lipozom
liposuccion,liposyksj§
liposucer,lipOsyse
lipothymie,lipotimi
lippe,lip
lippu,lipy
liquette,likEt
liqueur,lik9R
liquidateur,likidat9R
liquidation,likidasj§
liquide,likid
liquider,likide
liquidité,likidite
liquor,likwOR
liquoreux,likoR2
liquoriste,likoRist
liquéfaction,likefaksj§
liquéfier,likefje
lire,liR
lirette,liREt
liron,liR§
lis,lis
lisant,liz@
lise,liz
liseron,liz°R§
liseré,liz°Re
liseur,liz9R
lisibilité,lizibilite
lisible,lizibl
lisiblement,lizibl°m@
lisier,lizje
lisière,lizjER
lissage,lisaZ
lisse,lis
lisser,lise
lisseur,lis9R
lissotriche,lisOtRiS
lissé,lise
liste,list
listel,listEl
lister,liste
listeria,listeRja
listing,listiG
liston,list§
liséré,lizeRe
lit,li
lit-bateau,libato
lit-cage,likaZ
lit-divan,lidiv@
litanie,litani
liter,lite
literie,lit°Ri
lithiase,litjaz
lithique,litik
lithium,litjOm
litho,lito
lithographe,litogRaf
lithographie,litogRafi
lithosphère,litOsfER
lithotripsie,litotRipzi
lithotriteur,litotRit9R
lithuanien,lit8anj5
litige,litiZ
litigieux,litiZj2
litière,litjER
litorne,litORn
litote,litOt
litre,litR
litrer,litRe
litron,litR§
littoral,litoRal
littéraire,liteRER
littérairement,liteRER°m@
littéral,liteRal
littéralement,liteRal°m@
littéralité,liteRalite
littérateur,liteRat9R
littérature,liteRatyR
lituanien,lit8anj5
liturgie,lityRZi
liturgique,lityRZik
litée,lite
livarot,livaRo
live,liv
livide,livid
lividité,lividite
living,liviG
living-room,liviGRum
livrable,livRabl
livraison,livREz§
livre,livR
livre-cassette,livR2kasEt
livrer,livRe
livres-club,livRkl9b
livresque,livREsk
livret,livRE
livreur,livR9R
livrée,livRe
livèche,livES
liège,ljEZ
lièvre,ljEvR
lié,lje
liégeois,ljeZwa
lloyd,lOjd
loader,lod9R
lob,lOb
lobaire,lObER
lobbies,lObi
lobby,lObi
lobbying,lObijiG
lobe,lOb
lobectomie,lobEktomi
lober,lobe
lobotomie,lobotomi
lobotomiser,lobotomize
lobulaire,lobylER
local,lokal
localement,lokal°m@
localisable,lokalizabl
localisateur,lokalizat9R
localisation,lokalizasj§
localiser,lokalize
localisé,lokalize
localité,lokalite
locataire,lokatER
locatif,lokatif
location,lokasj§
locature,lOkatyR
locdu,lOkdy
loch,lOk
loche,lOS
lock-out,lOkawt
loco,loko
locomobile,lokomobil
locomoteur,lokomot9R
locomotion,lokomosj§
locomotive,lokomotiv
locus,lokys
locuste,lokyst
locuteur,lokyt9R
locution,lokysj§
loden,lodEn
lof,lOf
loft,lOft
logarithme,logaRitm
logarithmique,logaRitmik
loge,lOZ
logeable,loZabl
logement,lOZ°m@
loger,loZe
logeur,loZ9R
loggia,lOdZja
logiciel,loZisjEl
logicien,loZisj5
login,lOgin
logique,loZik
logiquement,loZik°m@
logis,loZi
logisticien,lOZistisj5
logistique,loZistik
logo,logo
logogriphe,logogRif
logomachie,logomaSi
logorrhée,logoRe
logos,logOs
logosphère,logosfER
logé,loZe
loi,lwa
loin,lw5
lointain,lw5t5
lointainement,lw5tEn°m@
loir,lwaR
loisible,lwazibl
loisir,lwaziR
lokoum,lokum
lolita,lolita
lolo,lolo
lombaire,l§bER
lombalgie,l§balZi
lombard,l§baR
lombardo,l§baRdo
lombes,l§b
lombric,l§bRik
lompe,l§p
londonien,l§donj5
londrès,l§dREs
long,l§
long-courrier,l§kuRje
long-métrage,l§metRaZ
longane,l§gan
longanimité,l§ganimite
longe,l§Z
longer,l§Ze
longeron,l§Z°R§
longiforme,l§ZifORm
longiligne,l§ZiliN
longitude,l§Zityd
longitudinal,l§Zitydinal
longitudinalement,l§Zitydinal°m@
longtemps,l§t@
longue,l§g
longue-vue,l§gvy
longuement,l§g°m@
longuet,l§gE
longueur,l§g9R
longévité,l§Zevite
look,luk
looping,lupiG
looser,luz9R
lopaille,lOpaj
lope,lOp
lopette,lopEt
lopin,lop5
loquace,lokas
loquacité,lokasite
loque,lOk
loquedu,lOk°dy
loquer,loke
loquet,lokE
loqueteau,lOk°to
loqueteux,lOk°t2
loran,loR@
lord,lORd
lord-maire,lORdmER
lordose,lORdoz
lorette,lOREt
lorgner,lORNe
lorgnette,lORNEt
lorgnon,lORN§
lori,lORi
loriot,loRjo
loris,lORis
lorrain,loR5
lors,lOR
lorsqu,lORsk
lorsque,lORsk°
los,lo
losange,loz@Z
losangé,loz@Ze
loser,loze
lot,lo
loterie,lOt°Ri
loti,loti
lotier,lotje
lotion,losj§
lotir,lotiR
lotissement,lotis°m@
loto,loto
lotta,lOta
lotte,lOt
lotus,lotys
louable,lwabl
louablement,lwabl2m@
louage,lwaZ
louange,lw@Z
louanger,lw@Ze
louangeur,lw@Z9R
loubard,lubaR
louche,luS
louchebem,lukEbEm
louchement,luS°m@
loucher,luSe
louchet,luSE
loucheur,luS9R
louchon,luS§
louchébème,luSebEm
louer,lwe
loueur,lw9R
louf,luf
loufer,lufe
loufiat,lufja
loufoque,lufOk
loufoquerie,lufOk°Ri
louftingue,luft5g
louis,lwi
louis-philippard,lwifilipaRd
louise-bonne,lwizbOn
louisianais,luizijanE
loukoum,lukum
loulou,lulu
louloute,lulut
louloutte,lulut
loup,lu
loup-cervier,lusERvje
loup-garou,lugaRu
loupe,lup
louper,lupe
loupiat,lupja
loupiot,lupjo
loupiote,lupjOt
loupiotte,lupjOt
loupé,lupe
lourd,luR
lourdaud,luRdo
lourdement,luRd°m@
lourder,luRde
lourderie,luRd°Ri
lourdeur,luRd9R
lourdingue,luRd5g
loustic,lustik
loute,lut
loutre,lutR
louvet,luvE
louveteau,luv°to
louvoyant,luvwaj@
louvoyer,luvwaje
loué,lwe
louée,lwe
lover,love
loyal,lwajal
loyalement,lwajal°m@
loyalisme,lwajalizm
loyaliste,lwajalist
loyauté,lwajote
loyer,lwaje
lsd,ElEsde
lu,ly
lubie,lybi
lubricité,lybRisite
lubrifiant,lybRifj@
lubrification,lybRifikasj§
lubrifier,lybRifje
lubrifié,lybRifje
lubrique,lybRik
lucarne,lykaRn
luce,lys
lucet,lysE
lucide,lysid
lucidement,lysid°m@
lucidité,lysidite
luciférien,lysifeRj5
lucilie,lysili
luciole,lysjOl
lucite,lysit
lucratif,lykRatif
lucre,lykR
luddite,lydit
ludion,lydj§
ludique,lydik
luette,l8Et
lueur,l89R
luffa,l9fa
luge,lyZ
luger,lyZe
lugubre,lygybR
lugubrement,lygybR°m@
lui,l8i
lui-même,l8imEm
luire,l8iR
luisance,l8iz@s
luisant,l8iz@
lulu,lyly
lumbago,l§bago
lumen,lymEn
lumignon,lymiN§
luminaire,lyminER
luminescence,lyminEs@s
luminescent,lyminEs@
lumineusement,lymin2z°m@
lumineux,lymin2
luminosité,lyminozite
lumière,lymjER
lump,l1p
lunaire,lynER
lunaison,lynEz§
lunatique,lynatik
lunch,l9ntS
luncher,l1Se
lundi,l1di
lune,lyn
lunetier,lyn°tje
lunette,lynEt
lunetteux,lynEt2
lunetté,lynEte
lunule,lynyl
luné,lyne
lupanar,lypanaR
lupin,lyp5
lupus,lypys
lur,luR
lurex,lyREks
luron,lyR§
lustrage,lystRaZ
lustral,lystRal
lustre,lystR
lustrer,lystRe
lustreur,lystR9R
lustrine,lystRin
lustré,lystRe
lustucru,lystykRy
lut,ly
luth,lyt
lutherie,lytRi
luthier,lytje
luthéranisme,lyteRanizm
luthérianisme,lyteRjanizm
luthérien,lyteRj5
lutin,lyt5
lutiner,lytine
lutrin,lytR5
lutte,lyt
lutter,lyte
lutteur,lyt9R
lutz,lyts
lutécien,lytesj5
lux,lyks
luxation,lyksasj§
luxe,lyks
luxembourgeois,lyks@buRZwa
luxer,lykse
luxueusement,lyks82z°m@
luxueux,lyks82
luxure,lyksyR
luxuriance,lyksyRj@s
luxuriant,lyksyRj@
luxurieux,lyksyRj2
luzerne,lyzERn
lycanthrope,lik@tROp
lycanthropie,lik@tRopi
lychee,litSi
lychnis,liknis
lycien,lisj5
lycoperdon,likopERd§
lycra,likRa
lycée,lise
lycéen,lise5
lymphangite,l5f@Zit
lymphatique,l5fatik
lymphatisme,l5fatizm
lymphe,l5f
lymphocytaire,l5fositER
lymphocyte,l5fosit
lymphocytose,l5fOsitoz
lymphome,l5fom
lymphopénie,l5fopeni
lymphosarcome,l5fosaRkom
lymphoïde,l5fOid
lynch,l5S
lynchage,l5SaZ
lyncher,l5Se
lynx,l5ks
lyonnais,ljonE
lyophiliser,ljofilize
lyophilisé,ljOfilize
lyre,liR
lyrique,liRik
lyriser,liRize
lyrisme,liRizm
lys,lis
lyse,liz
lysergique,lizERZik
lysimaque,lizimak
lysine,lizin
là,la
là-bas,laba
là-dedans,lad°d@
là-dehors,lad2OR
là-derrière,ladERjER
là-dessous,lad°su
là-dessus,lad°sy
là-devant,lad°v@
là-haut,lao
lâchage,laSaZ
lâche,laS
lâchement,laS°m@
lâcher,laSe
lâcheté,laS°te
lâcheur,laS9R
lâché,laSe
lèche,lES
lèche-botte,lESbOt
lèche-bottes,lESbOt
lèche-cul,lESky
lèche-vitrine,lESvitRin
lèche-vitrines,lESvitRin
lèchefrite,lESfRit
lèpre,lEpR
lès,lE
lèse-majesté,lEzmaZEste
lèvre,lEvR
lé,le
léchage,leSaZ
lécher,leSe
lécheur,leS9R
léchouiller,leSuje
léché,leSe
lécithine,lesitin
légal,legal
légalement,legal°m@
légalisation,legalizasj§
légaliser,legalize
légaliste,legalist
légalisé,legalize
légalité,legalite
légat,lega
légataire,legatER
légation,legasj§
légendaire,leZ@dER
légende,leZ@d
légender,leZ@de
léger,leZe
légiférer,leZifeRe
légion,leZj§
légionellose,leZjOneloz
légionnaire,leZjonER
législateur,leZislat9R
législatif,leZislatif
législation,leZislasj§
législature,leZislatyR
légiste,leZist
légitimant,leZitim@
légitimation,leZitimasj§
légitime,leZitim
légitimement,leZitim°m@
légitimer,leZitime
légitimiste,leZitimist
légitimité,leZitimite
légitimé,leZitime
léguer,lege
légume,legym
légumier,legymje
légumineux,legymin2
légué,lege
légèrement,leZER°m@
légèreté,leZER°te
lémur,lemyR
lémure,lemyR
lémurien,lemyRj5
lénifiant,lenifj@
lénification,lenifikasj§
léninisme,leninizm
léniniste,leninist
léonard,leonaR
léonin,leon5
léopard,leopaR
léopardé,leopaRde
lépidoptère,lepidOptER
lépontique,lep§tik
lépreux,lepR2
léprologie,lepROlOZi
léproserie,lepRoz°Ri
lérot,leRo
léser,leze
lésine,lezin
lésiner,lezine
lésinerie,lezin°Ri
lésion,lezj§
lésionnaire,lezjOnER
létal,letal
létalité,letalite
léthargie,letaRZi
léthargique,letaRZik
léviathan,levjat@
lévitation,levitasj§
lévite,levit
léviter,levite
lévitique,levitik
lévrier,levRije
lézard,lezaR
lézarder,lezaRde
lézardé,lezaRde
m,m
m'as-tu-vu,matyvy
ma,ma
ma-jong,maZ§G
maboul,mabul
mac,mak
macabre,makabR
macache,makaS
macadam,makadam
macadamia,makadamja
macaque,makak
macarel,makaREl
macarelle,makaREl
macareux,makaR2
macaron,makaR§
macaroni,makaRoni
macaronique,makaRonik
macassar,makasaR
maccarthysme,makaRtizm
macchab,makab
macchabée,makabe
macfarlane,makfaRlan
mach,mak
machaon,maka§
machette,maSEt
machiavélique,makjavelik
machiavélisme,makjavelizm
machin,maS5
machinal,maSinal
machinalement,maSinal°m@
machination,maSinasj§
machinchouette,maS5SuEt
machine,maSin
machine-outil,maSinuti
machiner,maSine
machinerie,maSin°Ri
machinette,maSinEt
machinique,maSinik
machinisme,maSinizm
machiniste,maSinist
machino,makino
machisme,matSizm
machiste,matSist
machmètre,makmEtR
macho,matSo
macintosh,makintoS
macis,masi
mackintosh,makintOS
macoute,makut
macramé,makRame
macreuse,makR2z
macro,makRo
macrobiotique,makRobjotik
macroclimat,makRoklima
macrocosme,makRokOsm
macrolide,makRolid
macrophage,makROfaZ
macroscopique,makRoskopik
macroéconomie,makRoekOnOmi
macula,makyla
maculage,makylaZ
maculation,makylasj§
maculature,makylatyR
macule,makyl
maculer,makyle
macumba,makymba
macédoine,masedwan
macédonien,masedonj5
macédonienne,masedonjEn
macération,maseRasj§
macérer,maseRe
madame,madam
madapolam,madapolam
made in,mejdin
madeleine,mad°lEn
mademoiselle,mad°mwazEl
madone,madOn
madrague,madRag
madras,madRas
madre,madR
madre de dios,madRededeioEs
madrier,madRije
madrigal,madRigal
madrilène,madRilEn
madré,madRe
madrépore,madRepOR
madère,madER
maelstrom,malstROm
maelström,mElstR2m
maestria,maEstRija
maestro,maEstRo
maffia,mafja
maffieux,mafj2
mafflu,mafly
mafia,mafja
mafieux,mafj2
mafioso,mafjozo
maganer,magane
magasin,magaz5
magasinage,magazinaZ
magasiner,magazine
magasinier,magazinje
magazine,magazin
magdalénien,magdalenj5
mage,maZ
magenta,maZ@ta
maghrébin,magReb5
maghzen,makzEn
magicien,maZisj5
magico,maZiko
magie,maZi
magique,maZik
magiquement,maZik°m@
magister,maZistER
magistral,maZistRal
magistralement,maZistRal°m@
magistrat,maZistRa
magistrature,maZistRatyR
magistère,maZistER
magma,magma
magmatique,magmatik
magnanime,maNanim
magnanimité,maNanimite
magnat,magna
magner,maNe
magnificat,maNifika
magnificence,maNifis@s
magnifier,maNifje
magnifique,maNifik
magnifiquement,maNifik°m@
magnitude,maNityd
magnolia,maNolja
magnum,magnOm
magnésie,maNezi
magnésium,maNezjOm
magnétique,maNetik
magnétiquement,maNetik°m@
magnétiseur,maNetiz9R
magnétisme,maNetizm
magnétite,maNetit
magnéto,maNeto
magnétomètre,maNetomEtR
magnétophone,maNetofOn
magnétoscope,maNetoskOp
magnétron,maNetR§
magot,mago
magouille,maguj
magouiller,maguje
magouilleur,maguj9R
magret,magRE
magyar,magjaR
mah-jong,maZ§G
maharadja,maaRadZa
maharadjah,maaRadZa
maharaja,maaRadZa
maharajah,maaRadZa
maharani,maaRani
mahatma,maatma
mahométan,maomet@
mahonia,maonja
mahousse,maus
mai,mE
maid,mEd
maie,mE
maigre,mEgR
maigrelet,mEgR°lE
maigrement,mEgR°m@
maigreur,mEgR9R
maigrichon,megRiS§
maigriot,megRijo
maigrir,megRiR
mail,mEjl
mail-coach,mEjlkOwtS
mailer,mEjle
mailing,mEjliG
maille,maj
maillechort,majSOR
mailler,maje
maillet,majE
mailloche,majOS
maillon,maj§
maillot,majo
maillotin,majot5
maillé,maje
main,m5
main-courante,m5kuR@t
main-d'oeuvre,m5d9vR
main-forte,m5fORt
mainate,mEnat
maincourantier,m5kuR@tje
mainlevée,m5l°ve
mainmise,m5miz
maint,m5
mainte,m5t
maintenance,m5t°n@s
maintenant,m5t°n@
mainteneur,m5t°n9R
maintenir,m5t°niR
maintenue,m5t°ny
maintes,m5t
maintien,m5tj5
maints,m5
maire,mER
mairie,meRi
mais,mE
maison,mEz§
maison-mère,mEz§mER
maisonnette,mEzonEt
maisonnée,mEzone
maja,maZa
majestueusement,maZEst82z°m@
majestueux,maZEst82
majesté,maZEste
majeur,maZ9R
majo,maZo
majolique,maZolik
major,maZOR
major-général,maZORZeneRal
majoral,maZoRal
majorat,maZoRa
majoration,maZoRasj§
majordome,maZoRdOm
majorer,maZoRe
majorette,maZoREt
majoritaire,maZoRitER
majoritairement,maZoRitER°m@
majorité,maZoRite
majuscule,maZyskyl
maki,maki
mal,mal
mal-aimé,maleme
mal-baisé,malbeze
mal-être,malEtR
malabar,malabaR
malachite,malakit
malade,malad
maladie,maladi
maladif,maladif
maladivement,maladiv°m@
maladrerie,maladR2Ri
maladresse,maladREs
maladroit,maladRwa
maladroitement,maladRwat°m@
malaga,malaga
malaire,malER
malais,malE
malaise,malEz
malaisien,malEzj5
malaisé,maleze
malaisément,malezem@
malandrin,mal@dR5
malappris,malapRi
malard,malaR
malaria,malaRja
malavisé,malavize
malaxer,malakse
malaxeur,malaks9R
malchance,malS@s
malchanceux,malS@s2
malcommode,malkomOd
malcontent,malk§t@
maldonne,maldOn
malencontre,mal@k§tR
malencontreusement,mal@k§tR2z°m@
malencontreux,mal@k§tR2
malentendant,mal@t@d@
malentendu,mal@t@dy
malfaisance,malf°z@s
malfaisant,malf°z@
malfaiteur,malfEt9R
malfamé,malfame
malfaçon,malfas§
malformation,malfORmasj§
malformé,malfORme
malfrat,malfRa
malgache,malgaS
malgracieux,malgRasj2
malgré,malgRe
malhabile,malabil
malhabilement,malabil°m@
malherbe,malERb
malheur,mal9R
malheureusement,mal2R2z°m@
malheureux,mal2R2
malhonnête,malonEt
malhonnêtement,malonEt°m@
malhonnêteté,malonEtte
mali,mali
malice,malis
malicieusement,malisj2z°m@
malicieux,malisj2
malien,malj5
malienne,maljEn
malignement,maliN°m@
malignité,maliNite
malin,mal5
malingre,mal5gR
malinké,mal5ke
malinois,malinwa
malintentionné,mal5t@sjone
mallarméen,malaRme5
malle,mal
mallette,malEt
malléabilité,maleabilite
malléable,maleabl
malléolaire,maleOlER
malléole,maleOl
malm,malm
malmenage,malm2naZ
malmener,malm°ne
malnutrition,malnytRisj§
malodorant,malodoR@
malotru,malotRy
malouin,malw5
malpoli,malpoli
malpropre,malpROpR
malproprement,malpROpR°m@
malpropreté,malpROpR°te
malsain,mals5
malsainement,malsEn°m@
malséance,malse@s
malséant,malse@
malt,malt
maltais,maltE
maltraitance,maltREt@s
maltraiter,maltRete
malus,malys
malveillance,malvEj@s
malveillant,malvEj@
malvenu,malv°ny
malversation,malvERsasj§
malvoisie,malvwazi
malédiction,malediksj§
maléfice,malefis
maléficier,malefisje
maléficié,malefisje
maléfique,malefik
mam,mam
mam'selle,mamzEl
mam'zelle,mamzEl
mamaliga,mamaliga
mamamouchi,mamamuSi
maman,mam@
mamba,m@ba
mambo,m@bo
mame,mam
mamelle,mamEl
mamelon,mam°l§
mamelouk,mam°luk
mamelu,mam°ly
mameluk,mam°luk
mamie,mami
mamma,mamma
mammaire,mamER
mammectomie,mamEktomi
mammifère,mamifER
mammographie,mamogRafi
mammoplastie,mamOplasti
mammouth,mamut
mammy,mami
mamours,mamuR
mamy,mami
mamzelle,mamzEl
man,m@
mana,mana
manade,manad
management,manaZ°m@
manager,manadZ9R
manager,manadZe
manageur,manaZ9R
manant,man@
manceau,m@so
mancenillier,m@snije
manche,m@S
mancheron,m@S°R§
manchette,m@SEt
manchon,m@S§
manchot,m@So
mandala,m@dala
mandale,m@dal
mandant,m@d@
mandarin,m@daR5
mandarine,m@daRin
mandarinier,m@daRinje
mandat,m@da
mandat-carte,m@dakaRt
mandat-lettre,m@dalEtR
mandat-poste,m@dapOst
mandataire,m@datER
mandatement,m@dat°m@
mandater,m@date
mandement,m@d°m@
mander,m@de
mandibulaire,m@dibylER
mandibule,m@dibyl
mandingue,m@d5g
mandoline,m@dolin
mandore,m@dOR
mandorle,m@dORl
mandragore,m@dRagOR
mandrill,m@dRil
mandrin,m@dR5
manducation,m@dykasj§
mandé,m@de
manette,manEt
manga,m@ga
manganite,m@ganit
manganèse,m@ganEz
mange-disque,m@Zdisk
mange-tout,m@Ztu
mangeable,m@Zabl
mangeaille,m@Zaj
mangeoire,m@ZwaR
manger,m@Ze
mangerie,m@Z°Ri
mangetout,m@Z°tu
mangeur,m@Z9R
mango,m@go
mangouste,m@gust
mangrove,m@gROv
mangue,m@g
manguier,m@gje
manhattan,manatan
maniabilité,manjabilite
maniable,manjabl
maniaco-dépressif,manjakodepResif
maniacodépressif,manjakodepResif
maniaque,manjak
maniaquement,manjak°m@
maniaquerie,manjak°Ri
manichéen,manike5
manichéisme,manikeizm
manichéiste,manikeist
manie,mani
maniement,manim@
manier,manje
manieur,manj9R
manif,manif
manifestant,manifEst@
manifestation,manifEstasj§
manifeste,manifEst
manifestement,manifEst°m@
manifester,manifEste
manifold,manifOld
manigance,manig@s
manigancer,manig@se
manille,manij
manillon,manij§
manioc,manjOk
manip,manip
manipulable,manipylabl
manipulateur,manipylat9R
manipulation,manipylasj§
manipule,manipyl
manipuler,manipyle
manitoba,manitoba
manitou,manitu
manivelle,manivEl
manière,manjER
maniérisme,manjeRizm
maniériste,manjeRist
maniéré,manjeRe
manne,man
mannequin,man°k5
mannezingue,manz5g
mannitol,manitOl
manoeuvrabilité,man9vRabilite
manoeuvrable,man9vRabl
manoeuvre,man9vR
manoeuvrer,man9vRe
manoeuvrier,man9vRije
manoir,manwaR
manomètre,manomEtR
manouche,manuS
manouvrier,manuvRije
manquant,m@k@
manque,m@k
manquement,m@k°m@
manquer,m@ke
manqué,m@ke
mansard,m@saR
mansarde,m@saRd
mansardé,m@saRde
mansion,m@sj§
mansuétude,m@s8etyd
manta,m@ta
mante,m@t
manteau,m@to
mantelet,m@t°lE
mantelure,m@tElyR
mantille,m@tij
mantique,m@tik
mantra,m@tRa
manu militari,manymilitaRi
manubrium,manybRijOm
manucure,manykyR
manucurer,manykyRe
manuel,man8El
manuellement,man8El°m@
manufacture,manyfaktyR
manufacturer,manyfaktyRe
manuscrit,manyskRi
manutention,manyt@sj§
manutentionnaire,manyt@sjonER
manutentionner,manyt@sjOne
manuélin,man8el5
manzanilla,m@zanija
manège,manEZ
manécanterie,manek@t°Ri
mao,mao
maori,maoRi
maous,maus
maousse,maus
maoïsme,maoizm
maoïste,maoist
mappemonde,map°m§d
maque,mak
maquer,make
maquereau,mak°Ro
maquereautage,mak°RotaZ
maquereauter,mak°Rote
maquerellage,mak°RElaZ
maquette,makEt
maquettiste,maketist
maquignon,makiN§
maquignonnage,makiNonaZ
maquillage,makijaZ
maquiller,makije
maquilleur,makij9R
maquis,maki
maquisard,makizaR
mara,maRa
marabout,maRabu
marae,maRe
marais,maRE
maranta,maR@ta
marante,maR@t
marasme,maRasm
marasquin,maRask5
marathon,maRat§
marathonien,maRatonj5
maraud,maRo
marauder,maRode
maraudeur,maRod9R
maravédis,maRavedis
maraîcher,maReSe
marbre,maRbR
marbrerie,maRbR°Ri
marbrier,maRbRje
marbrure,maRbRyR
marbré,maRbRe
marc,maR
marcassin,maRkas5
marcel,maRsEl
marceline,maRs2lin
marchand,maRS@
marchandage,maRS@daZ
marchander,maRS@de
marchandise,maRS@diz
marchandiseur,maRS@diz9R
marchant,maRS@
marche,maRS
marchepied,maRS°pje
marcher,maRSe
marcheur,maRS9R
marché,maRSe
marconi,maRkoni
marcotin,maRkOt5
marcotte,maRkOt
mardi,maRdi
mare,maR
marelle,maREl
marengo,maR@go
marennes,maREn
mareyeur,maREj9R
margarine,maRgaRin
margaux,maRgo
margay,maRgE
marge,maRZ
margelle,maRZEl
marger,maRZe
marginal,maRZinal
marginalement,maRZinal°m@
marginaliser,maRZinalize
marginalité,maRZinalite
margis,maRZi
margot,maRgo
margotin,maRgot5
margoton,maRgOt§
margouillat,maRguja
margouillis,maRguji
margoulette,maRgulEt
margoulin,maRgul5
margrave,maRgRav
margraviat,maRgRavja
marguerite,maRg°Rit
marguillier,maRgije
mari,maRi
mariable,maRjabl
mariachi,maRjaSi
mariage,maRjaZ
marida,maRida
marie-couche-toi-là,maRikuStwala
marie-jeanne,maRiZan
marie-louise,maRilwiz
marie-salope,maRisalOp
marier,maRje
marieur,maRj9R
marigot,maRigo
marihuana,maRiRwana
marijuana,maRiRwana
marimba,maRimba
marin,maR5
marin-pêcheur,maR5pES9R
marina,maRina
marinade,maRinad
marinage,maRinaZ
marine,maRin
mariner,maRine
marinier,maRinje
marinière,maRinjER
mariné,maRine
mariol,maRjOl
mariole,maRjOl
mariolle,maRjOl
marionnette,maRjonEt
marionnettiste,maRjonEtist
marital,maRital
maritalement,maRital°m@
maritime,maRitim
maritorne,maRitORn
marivaudage,maRivodaZ
marivauder,maRivode
marié,maRje
marjolaine,maRZolEn
mark,maRk
marker,maRk9R
marketing,maRketiG
marle,maRl
marlin,maRl5
marlou,maRlu
marloupin,maRlup5
marloupinerie,maRlupin°Ri
marmaille,maRmaj
marmelade,maRm°lad
marmitage,maRmitaZ
marmite,maRmit
marmiter,maRmite
marmiteux,maRmit2
marmiton,maRmit§
marmonnement,maRmOn°m@
marmonner,maRmone
marmoréen,maRmoRe5
marmot,maRmo
marmotte,maRmOt
marmottement,maRmOt°m@
marmotter,maRmote
marmouset,maRmuzE
marne,maRn
marner,maRne
marocain,maRok5
maronite,maRonit
maronner,maRone
maroquin,maRok5
maroquinerie,maRokin°Ri
maroquinier,maRokinje
marotte,maROt
marouette,maRwEt
maroufle,maRufl
maroufler,maRufle
marquage,maRkaZ
marquant,maRk@
marque,maRk
marque-page,maRk°paZ
marquer,maRke
marqueterie,maRkEt°Ri
marqueur,maRk9R
marquis,maRki
marquisat,maRkiza
marquisien,maRkizj5
marqué,maRke
marrade,maRad
marraine,maREn
marrane,maRan
marrant,maR@
marre,maR
marrer,maRe
marri,maRi
marron,maR§
marronnasse,maRonas
marronner,maRone
marronnier,maRonje
mars,maRs
marsala,maRsala
marseillais,maRsEjE
marshal,maRSal
marsouin,maRsw5
marsupial,maRsypjal
marsupilami,maRsypilami
martagon,maRtag§
marteau,maRto
marteau-pilon,maRtopil§
marteau-piqueur,maRtopik9R
martel,maRtEl
martelage,maRt°laZ
marteler,maRt°le
martelet,maRt°lE
marteleur,maRt°l9R
martial,maRsjal
martien,maRsj5
martienne,maRsjEn
martin,maRt5
martin-pêcheur,maRt5pES9R
martinet,maRtinE
martingale,maRt5gal
martini,maRtini
martiniquais,maRtinikE
martre,maRtR
martyr,maRtiR
martyre,maRtiR
martyriser,maRtiRize
martyrologe,maRtiRolOZ
martèlement,maRtEl°m@
marxisme,maRksizm
marxisme-léninisme,maRksizm°leninizm
marxiste,maRksist
marxiste-léniniste,maRksist°leninist
mary,maRi
maryland,maRil@d
marâtre,maRatR
marécage,maRekaZ
marécageux,maRekaZ2
maréchal,maReSal
maréchal-ferrant,maReSalfER@
maréchalat,maReSala
maréchalerie,maReSal°Ri
maréchaussée,maReSose
maréchaux-ferrants,maReSofER@
marée,maRe
mas,ma
masaï,masaj
mascara,maskaRa
mascarade,maskaRad
mascaret,maskaRE
mascaron,maskaR§
mascarpone,maskaRpOn
mascotte,maskOt
masculin,maskyl5
masculiniser,maskylinize
masculinité,maskylinite
maser,mazER
maskinongé,maskin§Ze
maso,mazo
masochisme,mazoSizm
masochiste,mazoSist
masquage,maskaZ
masque,mask
masque-espion,maskEspj§
masquer,maske
masqué,maske
mass media,masmedja
massacrant,masakR@
massacre,masakR
massacrer,masakRe
massacreur,masakR9R
massage,masaZ
masse,mas
massepain,masp5
masser,mase
masseur,mas9R
massicot,masiko
massicoter,masikote
massicotier,masikotje
massif,masif
massivement,masiv°m@
massivité,masivite
massue,masy
massé,mase
mastaba,mastaba
mastar,mastaR
mastard,mastaR
mastectomie,mastEktomi
master,mast9R
mastic,mastik
masticage,mastikaZ
mastication,mastikasj§
mastiff,mastif
mastiquer,mastike
mastite,mastit
mastoc,mastOk
mastodonte,mastod§t
mastoïde,mastoid
mastroquet,mastRokE
masturbateur,mastyRbat9R
masturbation,mastyRbasj§
masturbatoire,mastyRbatwaR
masturber,mastyRbe
mastère,mastER
masure,mazyR
mat,mat
matador,matadOR
mataf,mataf
matamore,matamOR
match,matS
matchiche,matSiS
matelas,mat°la
matelasser,mat°lase
matelassier,mat°lasje
matelassé,mat°lase
matelot,mat°lo
matelote,mat°lOt
mater,mate
mater dolorosa,matERdoloRoza
maternage,matERnaZ
maternalisme,matERnalizm
maternel,matERnEl
maternellement,matERnEl°m@
materner,matERne
materniser,matERnize
maternité,matERnite
mateur,mat9R
math,mat
matheux,mat2
maths,mat
mathématicien,matematisj5
mathématique,matematik
mathématiquement,matematik°m@
mathématiser,matematize
mati,mati
matin,mat5
matinal,matinal
matinalement,matinal°m@
matineux,matin2
matinée,matine
matité,matite
matière,matjER
matois,matwa
matoiserie,matwaz°Ri
maton,mat§
matos,matos
matou,matu
matouser,matuze
matraquage,matRakaZ
matraque,matRak
matraquer,matRake
matraqueur,matRak9R
matras,matRa
matriarcal,matRijaRkal
matriarcat,matRijaRka
matriarche,matRiaRS
matrice,matRis
matricide,matRisid
matriciel,matRisjEl
matriculaire,matRikylER
matricule,matRikyl
matrilinéaire,matRilineER
matrimonial,matRimonjal
matriochka,matRiOSka
matrone,matROn
matte,mat
matter,mate
matuche,matyS
maturation,matyRasj§
mature,matyR
maturer,matyRe
maturité,matyRite
matutinal,matytinal
maté,mate
matérialisation,mateRjalizasj§
matérialiser,mateRjalize
matérialisme,mateRjalizm
matérialiste,mateRjalist
matérialité,mateRjalite
matériau,mateRjo
matériel,mateRjEl
matériellement,mateRjEl°m@
maudire,modiR
maudit,modi
maugréer,mogRee
maure,moR
mauresque,moREsk
maurrassien,moRasj5
maurrassisme,moRasizm
mauser,moz9R
mausolée,mozole
maussade,mosad
maussadement,mosad°m@
maussaderie,mosad°Ri
mauvais,movE
mauvaisement,movEz°m@
mauvaiseté,movEz°te
mauve,mov
mauviette,movjEt
max,maks
maxi,maksi
maxillaire,maksilER
maxillo-facial,maksilofasjal
maximal,maksimal
maximaliser,maksimalize
maximalisme,maksimalizm
maxime,maksim
maximisation,maksimizasj§
maximiser,maksimize
maximum,maksimOm
maxiton,maksit§
maya,maja
mayo,majo
mayonnaise,majonEz
mazagran,mazagR@
mazet,mazE
mazette,mazEt
mazout,mazut
mazurka,mazyRka
maçon,mas§
maçonner,masone
maçonnerie,masOn°Ri
maçonnique,masonik
maître,mEtR
maître queux,mEtR°k2
maître-assistant,mEtRasist@
maître-autel,mEtRotEl
maître-chanteur,mEtR°S@t9R
maître-chien,mEtR°Sj5
maître-coq,mEtR2kOk
maître-nageur,mEtR°naZ9R
maître-à-danser,mEtRad@se
maîtresse,mEtREs
maîtrisable,metRizabl
maîtrise,metRiz
maîtriser,metRize
maîtrisé,metRize
maïa,maja
maïs,mais
maïzena,maizena
me,m°
mea culpa,meakylpa
mea-culpa,meakylpa
mec,mEk
meccano,mekano
mechta,mESta
mecklembourgeois,mekl@buRZwa
mecton,mEkt§
media,medja
medicine-ball,medisinbOl
medium,medjOm
meeting,mitiG
meiji,mEZi
meilleur,mEj9R
melba,mElba
mellifère,mElifER
melon,m°l§
melting-pot,mEltiGpOt
membranaire,m@bRanER
membrane,m@bRan
membraneux,m@bRan2
membre,m@bR
membrure,m@bRyR
membré,m@bRe
menace,m°nas
menacer,m°nase
menacé,m°nase
menaçant,m°nas@
mendiant,m@dj@
mendicité,m@disite
mendier,m@dje
mendigot,m@digo
mendigoter,m@digote
mendé,m@de
meneau,m°no
mener,m°ne
meneur,m°n9R
menez,m°ne
menhaden,mEnad°n
menhir,meniR
mennonite,menonit
menon,m2n§
menora,menoRa
menotte,m°nOt
menotter,m°note
mens,m@
mensonge,m@s§Z
mensonger,m@s§Ze
mensongèrement,m@s§ZER°m@
menstruation,m@stRyasj§
menstruel,m@stRyEl
menstrues,m@stRy
mensualité,m@s8alite
mensuel,m@s8El
mensuellement,m@s8El°m@
mensuration,m@syRasj§
mental,m@tal
mentalement,m@tal°m@
mentaliser,m@talize
mentalité,m@talite
menterie,m@t°Ri
menteur,m@t9R
mentez,m@te
menthe,m@t
menthol,m@tOl
mentholé,m@tole
mention,m@sj§
mentionner,m@sjone
mentir,m@tiR
menton,m@t§
mentonnet,m@tonE
mentonnier,m@tonje
mentor,m5tOR
mentule,m@tyl
menu,m°ny
menuet,m°n8E
menuise,m2n8iz
menuiser,m2n8ize
menuiserie,m2n8iz°Ri
menuisier,m2n8izje
menée,m°ne
mer,mER
mer-air,mERER
mercanti,mERk@ti
mercantile,mERk@til
mercantilisme,mERk@tilizm
mercaptan,mERkapt@
mercenaire,mERs°nER
mercerie,mERs°Ri
merchandising,mERtS@diziG
merci,mERsi
mercier,mERsje
mercredi,mERkR°di
mercure,mERkyR
mercurey,mERkyRE
mercuriale,mERkyRjal
mercurochrome,mERkyRokRom
merdasse,mERdas
merde,mERd
merder,mERde
merdeux,mERd2
merdier,mERdje
merdique,mERdik
merdouille,mERduj
merdre,mERdR
merguez,mERgEz
meringue,m°R5g
merise,m°Riz
merisier,m°Rizje
merl,mERl
merlan,mERl@
merle,mERl
merleau,mERlo
merlette,mERlEt
merlin,mERl5
merlot,mERlo
merlu,mERly
merluche,mERlyS
merrain,mER5
merveille,mERvEj
merveilleusement,mERvEj2z°m@
merveilleux,mERvEj2
merveillosité,mERvEjozite
mes,me
mesa,meza
mescal,mEskal
mescaline,mEskalin
mesclun,mEskl1
mesdemoiselles,mEd°mwazEl
mesmérisme,mEsmeRizm
mesquin,mEsk5
mesquinement,mEskin°m@
mesquinerie,mEskin°Ri
mess,mEs
message,mesaZ
messager,mesaZe
messagerie,mesaZ°Ri
messaliste,mEsalist
messe,mEs
messeigneurs,mEsEN9R
messer,mes9R
messianique,mesjanik
messianisme,mesjanizm
messidor,mesidOR
messie,mesi
messieurs-dames,mEsj2dam
messire,mesiR
messéance,mese@s
mestre,mEstR
mesurable,m°zyRabl
mesure,m°zyR
mesurer,m°zyRe
mesurette,m2zyREt
mesureur,m°zyR9R
mesuré,m°zyRe
mets,mE
mets-la-toi,mElatwa
mettable,mEtabl
metteur,mEt9R
mettre,mEtR
meublant,m9bl@
meuble,m9bl
meubler,m9ble
meublé,m9ble
meuf,m9f
meuglement,m2gl°m@
meugler,m2gle
meuh,m2
meulage,m2laZ
meule,m2l
meuler,m2le
meuleuse,m2l2z
meunier,m2nje
meurette,m9REt
meursault,m9Rso
meurtre,m9RtR
meurtre-suicide,m9RtR°s8isid
meurtri,m9RtRi
meurtrier,m9RtRije
meurtrir,m9RtRiR
meurtrissure,m9RtRisyR
meusien,m2zj5
meusienne,m2zjEn
meute,m2t
mexicain,mEksik5
mexico,mEksiko
mezcal,mezkal
mezza voce,mEdzavotSe
mezza-voce,mEdzavotSe
mezzanine,mEdzanin
mezzo,mEdzo
mezzo-soprano,mEdzosopRano
mi,mi
mi-accablé,miakable
mi-africains,miafRik5
mi-airain,miER5
mi-allemand,mial°m@
mi-allongé,mial§Ze
mi-américaine,miameRikEn
mi-ange,mi@Z
mi-angevins,mi@Z°v5
mi-animal,mianimal
mi-animaux,mianimo
mi-août,miut
mi-appréhension,miapRe@sj§
mi-arabe,miaRab
mi-artisan,miaRtiz@
mi-automne,miotOn
mi-bandit,mib@di
mi-bas,miba
mi-biblique,mibiblik
mi-black,miblak
mi-blanc,mibl@
mi-blancs,mibl@
mi-bleu,mibl2
mi-bois,mibwa
mi-bordel,mibORdEl
mi-bourgeois,mibuRZwa
mi-bovins,mibov5
mi-bras,mibRa
mi-britannique,mibRitanik
mi-building,mibildiG
mi-bête,mibEt
mi-café,mikafe
mi-campagnarde,mik@paNaRd
mi-canard,mikanaR
mi-capacité,mikapasite
mi-carême,mikaREm
mi-chair,miSER
mi-chat,miSa
mi-chatte,miSat
mi-chauve,miSov
mi-chemin,miS°m5
mi-chou,miSu
mi-chourineur,miSuRin9R
mi-chèvre,miSEvR
mi-clair,miklER
mi-clos,miklo
mi-cloître,miklwatR
mi-comique,mikomik
mi-compote,mik§pOt
mi-confit,mik§fi
mi-consterné,mik§stERne
mi-corbeaux,mikORbo
mi-corps,mikOR
mi-course,mikuRs
mi-courtois,mikuRtwa
mi-coutume,mikutym
mi-crabe,mikRab
mi-croyant,mikRwaj@
mi-cruel,mikRyEl
mi-créature,mikReatyR
mi-cuisse,mik8is
mi-curieux,mikyRj2
mi-céleste,miselEst
mi-cérémonieux,miseRemonj2
mi-côte,mikot
mi-dentelle,mid@tEl
mi-didactique,mididaktik
mi-distance,midist@s
mi-douce,midus
mi-décadents,midekad@
mi-décembre,mides@bR
mi-démon,midem§
mi-désir,mideziR
mi-effrontée,miefR§te
mi-enfant,mi@f@
mi-enterré,mi@teRe
mi-envieux,mi@vj2
mi-espagnol,miEspaNOl
mi-européen,mi2Rope5
mi-excitation,miEksitasj§
mi-farceur,mifaRs9R
mi-faux,mifo
mi-femme,mifam
mi-fermiers,mifERmje
mi-fiel,mifjEl
mi-figue,mifig
mi-flanc,mifl@
mi-fleuve,mifl9v
mi-français,mifR@sE
mi-furieux,mifyRj2
mi-février,mifevRije
mi-garçon,migaRs§
mi-geste,miZEst
mi-gigolpince,miZigolpis
mi-gnon,miN§
mi-gonzesse,mig§zEs
mi-grenier,migR°nje
mi-grognon,migRoN§
mi-grondeur,migR§d9R
mi-haute,miot
mi-hauteur,miot9R
mi-homme,miOm
mi-humain,miym5
mi-humaine,miymEn
mi-humains,miym5
mi-hésitant,miezit@
mi-idiotes,miidjOt
mi-indien,mi5dj5
mi-indifférente,mi5difeR@t
mi-indigène,mi5diZEn
mi-indulgent,mi5dylZ@
mi-ironique,miiRonik
mi-jambe,miZ@b
mi-janvier,miZ@vje
mi-jaune,miZon
mi-jersey,miZERzE
mi-joue,miZu
mi-jour,miZuR
mi-journée,miZuRne
mi-juif,miZ8if
mi-juillet,miZ8ijE
mi-juin,miZ85
mi-laiton,milEt§
mi-lent,mil@
mi-londrès,mil§dREs
mi-longs,mil§
mi-longueur,mil§g9R
mi-lourd,miluR
mi-machine,mimaSin
mi-mai,mimE
mi-mao,mimao
mi-marchande,mimaRS@d
mi-mars,mimaRs
mi-meublé,mim9ble
mi-mexicain,mimEksik5
mi-miel,mimjEl
mi-mollet,mimolE
mi-mollets,mimolE
mi-mondaine,mim§dEn
mi-moqueur,mimok9R
mi-mot,mimo
mi-mouton,mimut§
mi-moyen,mimwaj5
mi-métal,mimetal
mi-narquoise,minaRkwaz
mi-noir,minwaR
mi-novembre,minov@bR
mi-nuit,min8i
mi-octobre,miOktObR
mi-officiel,miofisjEl
mi-ogre,miOgR
mi-oiseau,miwazo
mi-oriental,mioRj@tal
mi-parcours,mipaRkuR
mi-pathétique,mipatetik
mi-patio,mipatjo
mi-patois,mipatwa
mi-peau,mipo
mi-pelouse,mip°luz
mi-pente,mip@t
mi-pierre,mipjER
mi-pincé,mip5se
mi-plaintif,mipl5tif
mi-plaisant,miplEz@
mi-pleurant,mipl9R@
mi-pleurnichard,mipl9RniSaR
mi-poisson,mipwas§
mi-poitrine,mipwatRin
mi-porcine,mipORsin
mi-portugaise,mipORtygEz
mi-porté,mipORte
mi-poucet,mipusE
mi-poulet,mipulE
mi-prestidigitateur,mipREstidiZitat9R
mi-promenoir,mipRomnwaR
mi-protecteur,mipRotEkt9R
mi-putain,mipyt5
mi-rageur,miRaZ9R
mi-raide,miREd
mi-railleur,miRaj9R
mi-raisin,miREz5
mi-renaissance,miR°nEs@s
mi-riant,miRj@
mi-rose,miRoz
mi-roulotte,miRulOt
mi-route,miRut
mi-russe,miRys
mi-réalité,miRealite
mi-régime,miReZim
mi-réprobateur,miRepRobat9R
mi-résigné,miReziNe
mi-saison,misEz§
mi-salade,misalad
mi-salaire,misalER
mi-samoan,misamo@
mi-sanglotant,mis@glot@
mi-satin,misat5
mi-satisfait,misatisfE
mi-sceptique,misEptik
mi-secours,mis°kuR
mi-seigneur,misEN9R
mi-sel,misEl
mi-septembre,misEpt@bR
mi-singe,mis5Z
mi-sombre,mis§bR
mi-sommet,misomE
mi-songe,mis§Z
mi-souriant,misuRj@
mi-suisse,mis8is
mi-série,miseRi
mi-sérieux,miseRj2
mi-tantouse,mit@tuz
mi-tendre,mit@dR
mi-terrorisé,mitERoRize
mi-timide,mitimid
mi-tortue,mitORty
mi-tour,mituR
mi-tout,mitu
mi-tragique,mitRaZik
mi-trimestre,mitRimEstR
mi-velours,miv°luR
mi-verre,mivER
mi-vie,mivi
mi-voix,mivwa
mi-voluptueux,mivolypt82
mi-vrais,mivRE
mi-végétal,miveZetal
mi-vénitien,mivenisj5
mi-épaule,miepol
mi-étage,mietaZ
mi-étendue,miet@dy
mi-étonné,mietone
mi-étudiant,mietydj@
mi-été,miete
miam,mjam
miam-miam,mjammjam
miao,miao
miaou,mjau
miasme,mjasm
miaulement,mjol°m@
miauler,mjole
miauleur,mjOl9R
mica,mika
miche,miS
micheline,miS°lin
micheton,miS°t§
michetonner,miS°tone
michetonneuse,miS°ton2z
miché,miSe
micmac,mikmak
micocoulier,mikokulje
micro,mikRo
micro-cravate,mikRokRavat
micro-onde,mikRo§d
micro-ondes,mikRo§d
micro-ordinateur,mikRoORdinat9R
micro-organisme,mikRoORganizm
micro-trottoir,mikRotRotwaR
microanalyse,mikRoanaliz
microbe,mikROb
microbiologie,mikRobjoloZi
microbiologiste,mikRobjoloZist
microbus,mikRobys
microcassette,mikRokasEt
microchimie,mikRoSimi
microchirurgie,mikRoSiRyRZi
microcircuit,mikRosiRk8i
microclimat,mikRoklima
microcopie,mikRokOpi
microcosme,mikRokOsm
microcéphale,mikRosefal
microfilm,mikRofilm
microgramme,mikROgRam
microgravité,mikRogRavite
micromètre,mikRomEtR
micron,mikR§
microphone,mikRofOn
microprocesseur,mikRopRosEs9R
microscope,mikRoskOp
microscopie,mikRoskOpi
microscopique,mikRoskopik
microscopiquement,mikRoskOpik°m@
microseconde,mikRos°g§d
microsillon,mikRosij§
microsociologie,mikRososjoloZi
microsonde,mikRos§d
microstructure,mikRostRyktyR
microédition,mikRoedisj§
miction,miksj§
middle class,mid2lklas
middle-west,mid2lwEst
midi,midi
midinette,midinEt
midrash,midRaS
midship,midSip
mie,mi
miel,mjEl
miellat,mjElat
mielle,mjEl
mielleux,mjEl2
miellé,mjEle
mien,mj5
mienne,mjEn
miennes,mjEn
miens,mj5
miette,mjEt
mieux,mj2
mieux-vivre,mj2vivR
mieux-être,mj2zEtR
mignard,miNaR
mignardement,miNaRd2m@
mignardise,miNaRdiz
mignon,miN§
mignonnement,miNOn°m@
mignonnet,miNonE
mignonnette,miNonEt
mignoter,miNote
migraine,migREn
migraineuse,migREn2z
migraineux,migREn2
migrant,migR@
migrateur,migRat9R
migration,migRasj§
migratoire,migRatwaR
migrer,migRe
mijaurée,miZoRe
mijoter,miZote
mijoteuse,miZot2z
mikado,mikado
mil,mil
milady,miledi
milan,mil@
milanais,milanE
mildiou,mildju
mile,majl
milice,milis
milicien,milisj5
milieu,milj2
militaire,militER
militairement,militER°m@
militant,milit@
militantisme,milit@tizm
militarisation,militaRizasj§
militariser,militaRize
militarisme,militaRizm
militariste,militaRist
militaro,militaRo
militaro-industriel,militaRo5dystRijEl
militer,milite
milk-bar,milkbaR
milk-shake,milkSEjk
mille,mil
mille-feuille,milf9j
mille-pattes,milpat
millefeuille,mil°f9j
millenium,milenjOm
millet,mijE
milli,mili
milliaire,miljER
milliard,miljaR
milliardaire,miljaRdER
milliardième,miljaRdjEm
millier,milje
milligramme,miligRam
millilitre,mililitR
millimètre,milimEtR
millimétrique,milimetRik
millimétré,milimetRe
million,milj§
millionième,miljonjEm
millionnaire,miljonER
milliseconde,milis°g§d
millième,miljEm
millénaire,milenER
millénarisme,milenaRism
millénariste,milenaRist
millénium,milenjOm
millésime,milezim
milonga,miloga
milord,milOR
milouin,milw5
mime,mim
mimer,mime
mimi,mimi
mimique,mimik
mimolette,mimOlEt
mimosa,mimoza
mimétique,mimetik
mimétisme,mimetizm
min,min
minable,minabl
minablement,minabl°m@
minage,minaZ
minaret,minaRE
minaudant,minod@
minauder,minode
minauderie,minod°Ri
minaudeur,minod9R
minaudière,minodjER
minbar,minbaR
mince,m5s
minceur,m5s9R
mincir,m5siR
mine,min
miner,mine
minerai,min°RE
minerval,minERval
minerve,minERv
minestrone,minEstROn
minet,minE
mineur,min9R
ming,miG
mini,mini
mini-chaîne,miniSEn
mini-jupe,miniZyp
mini-ordinateur,miniORdinat9R
miniature,minjatyR
miniaturisation,minjatyRizasj§
miniaturiser,minjatyRize
miniaturiste,minjatyRist
minibar,minibaR
minibus,minibys
minicassette,minikasEt
minier,minje
minigolf,minigOlf
minijupe,miniZyp
minimal,minimal
minimaliser,minimalize
minimalisme,minimalizm
minimaliste,minimalist
minimax,minimaks
minime,minim
minimisation,minimizasj§
minimiser,minimize
minimum,minimOm
ministre,ministR
ministère,ministER
ministériel,ministeRjEl
minitel,minitEl
minium,minjOm
mino,mino
minoen,minO5
minois,minwa
minoritaire,minoRitER
minorité,minoRite
minot,mino
minotaure,minotoR
minotier,minotje
minou,minu
minouche,minuS
minuit,min8i
minus,minys
minus habens,minyszabEns
minuscule,minyskyl
minutage,minytaZ
minute,minyt
minuter,minyte
minuterie,minyt°Ri
minuteur,minyt9R
minutie,minysi
minutieusement,minysj2z°m@
minutieux,minysj2
minéral,mineRal
minéralisation,mineRalizasj§
minéralogique,mineRaloZik
mioche,mjOS
miquette,mikEt
mir,miR
mirabelle,miRabEl
mirabellier,miRabelje
mirabilis,miRabilis
miracle,miRakl
miraculant,miRakyl@
miraculeusement,miRakyl2z°m@
miraculeux,miRakyl2
miraculé,miRakyle
mirador,miRadOR
mirage,miRaZ
miraud,miRo
mire,miR
mirepoix,miRpwa
mirer,miRe
mirette,miREt
mirifique,miRifik
mirliflore,miRliflOR
mirliton,miRlit§
mirmidon,miRmid§
miro,miRo
mirobolant,miRobol@
miroir,miRwaR
miroitant,miRwat@
miroitement,miRwat°m@
miroiter,miRwate
miroiterie,miRwat°Ri
miroitier,miRwatje
mironton,miR§t§
miroton,miRot§
mirus,miRys
mis,mi
misaine,mizEn
misanthrope,miz@tROp
misanthropie,miz@tRopi
miscible,misibl
mise,miz
miser,mize
miserere,mizeReRe
misogyne,mizoZin
misogynie,mizoZini
miss,mis
missel,misEl
missile,misil
missilier,misilje
mission,misj§
mission-suicide,misj§s8isid
missionnaire,misjonER
missive,misiv
mister,mist9R
mistigri,mistigRi
mistoufle,mistufl
mistral,mistRal
misère,mizER
misérabilisme,mizeRabilizm
misérabiliste,mizeRabilist
misérable,mizeRabl
misérablement,mizeRabl°m@
miséreux,mizeR2
miséricorde,mizeRikORd
miséricordieusement,mizeRikORdj2z°m@
miséricordieux,mizeRikORdj2
mita,mita
mitaine,mitEn
mitan,mit@
mitard,mitaR
mitarder,mitaRde
mite,mit
miter,mite
miteusement,mit2z°m@
miteuserie,mit2z°Ri
miteux,mit2
mithriaque,mitRijak
mithridatisation,mitRidatizasj§
mitiger,mitiZe
mitigé,mitiZe
mitochondrial,mitOk§dRijal
mitochondrie,mitOk§dRi
miton,mit§
mitonner,mitone
mitose,mitoz
mitotique,mitOtik
mitoufle,mitufl
mitoyen,mitwaj5
mitoyenneté,mitwajEn°te
mitraillade,mitRajad
mitraillage,mitRajaZ
mitraille,mitRaj
mitrailler,mitRaje
mitraillette,mitRajEt
mitrailleur,mitRaj9R
mitral,mitRal
mitre,mitR
mitron,mitR§
mitré,mitRe
mité,mite
mixage,miksaZ
mixer,miks9R
mixer,mikse
mixeur,miks9R
mixité,miksite
mixte,mikst
mixture,mikstyR
mièvre,mjEvR
mièvrement,mjEvR°m@
mièvrerie,mjEvR°Ri
ml,mililitR
mlle,madmwazEl
mm,milimEtR
mme,madam
mn,minyt
mnémonique,mnemonik
mnémotechnie,mnemotEkni
mnémotechnique,mnemotEknik
mob,mOb
mobil-home,mObilom
mobile,mobil
mobilier,mobilje
mobilisable,mobilizabl
mobilisateur,mobilizat9R
mobilisation,mobilizasj§
mobiliser,mobilize
mobilité,mobilite
mobylette,mobilEt
mocassin,mokas5
mochard,moSaR
moche,mOS
mocheté,mOS°te
moco,moko
mod,mOd
modalité,modalite
mode,mOd
model,modEl
modelable,mod°labl
modelage,mod°laZ
modeler,mod°le
modeleur,mod°l9R
modelé,mod°le
modem,modEm
moderato,modeRato
modern style,modERnstil
modern-style,modERnstil
moderne,modERn
modernisation,modERnizasj§
moderniser,modERnize
modernisme,modERnizm
modernissime,mOdERnisim
moderniste,modERnist
modernité,modERnite
modeste,modEst
modestement,modEst°m@
modestie,modEsti
modicité,modisite
modifiable,modifjabl
modificateur,modifikat9R
modification,modifikasj§
modifier,modifje
modifié,modifje
modillon,modij§
modique,modik
modiste,modist
modulable,modylabl
modulaire,modylER
modulateur,modylat9R
modulation,modylasj§
module,modyl
moduler,modyle
modus operandi,modusopeR@di
modus vivendi,modusvivEndi
modèle,modEl
modélisation,modelizasj§
modélisme,mOdelism
modéliste,modelist
modérateur,modeRat9R
modération,modeRasj§
modérer,modeRe
modéré,modeRe
modérément,modeRem@
moelle,mwal
moelleusement,mwal2z°m@
moelleux,mwal2
moellon,mwal§
moeurs,m9Rs
moghol,mOgOl
mogol,mogOl
mohair,moER
mohican,mOik@
moho,moo
moi,mwa
moi-moi-moi,mwamwamwa
moi-même,mwamEm
moignon,mwaN§
moindre,mw5dR
moindrement,mw5dR°m@
moine,mwan
moineau,mwano
moinillon,mwanij§
moins,mw5
moire,mwaR
moirure,mwaRyR
moiré,mwaRe
mois,mwa
moise,mwaz
moisi,mwazi
moisir,mwaziR
moisissure,mwazisyR
moisson,mwas§
moissonner,mwasone
moissonneur,mwason9R
moissonneuse-batteuse,mwason2zbat2z
moissonneuse-lieuse,mwason2zlj2z
moite,mwat
moiteur,mwat9R
moitié,mwatje
moitié-moitié,mwatjemwatje
moka,moka
moko,moko
mol,mOl
molaire,molER
molard,mOlaR
molasse,molas
moldave,mOldav
mole,mOl
moleskine,molEskin
molesquine,molEskin
molestation,molEstasj§
molester,molEste
molette,molEt
moliéresque,moljeREsk
mollah,mola
mollard,molaR
mollarder,molaRde
mollasse,molas
mollasson,molas§
mollement,mOl°m@
mollesse,molEs
mollet,molE
molletière,mOl°tjER
molleton,mOl°t§
molletonneux,mOl°ton2
molletonné,mOl°tone
mollir,moliR
mollo,molo
mollusque,molysk
moloch,molOk
molosse,molOs
molto,mOlto
moly,mOli
molybdène,molibdEn
moléculaire,molekylER
molécule,molekyl
moman,mom@
mombin,m§b5
moment,mom@
moment-clé,mom@kle
momentané,mom@tane
momentanément,mom@tanem@
momerie,mom°Ri
momie,momi
momification,momifikasj§
momifier,momifje
momifié,momifje
mominette,mOminEt
mon,m§
monacal,monakal
monachisme,monaSizm
monadologie,mOnadOlOZi
monarchie,monaRSi
monarchique,monaRSik
monarchiste,monaRSist
monarque,monaRk
monastique,monastik
monastère,monastER
monbazillac,m§bazijak
monceau,m§so
mondain,m§d5
mondainement,m§dEn°m@
mondanité,m§danite
monde,m§d
monder,m§de
mondial,m§djal
mondiale,m§djal
mondialement,m§djal°m@
mondialisation,m§djalizasj§
mondovision,m§dovizj§
mongo,m§go
mongol,m§gOl
mongolie,m§gOli
mongolien,m§golj5
mongolique,m§golik
mongoloïde,m§goloid
moniale,monjal
moniteur,monit9R
monition,mOnisj§
monitor,monitOR
monitorage,mOnitORaZ
monitoring,monitoRiG
monnaie,monE
monnaie-du-pape,monEdypap
monnaies-du-pape,monEdypap
monnayable,monEjabl
monnayer,moneje
monnayeur,mOnEj9R
mono,mono
monoamine,monoamin
monobloc,monoblOk
monocellulaire,monoselylER
monochrome,monokRom
monochromie,monokRomi
monocle,monOkl
monoclonal,monoklonal
monoclé,mOnOkle
monocoque,monokOk
monocorde,monokORd
monocratie,monokRasi
monoculaire,monokylER
monoculture,monokyltyR
monocycle,monosikl
monocylindre,monosil5dR
monodie,monodi
monofilament,monofilam@
monogame,monogam
monogamie,monogami
monogramme,monogRam
monographie,monogRafi
monokini,monokini
monolinguisme,monol5g8ism
monolithe,monolit
monolithique,monolitik
monolithisme,monolitizm
monologue,monolOg
monologuer,monologe
monomane,monoman
monomaniaque,monomanjak
monomanie,monomani
monomoteur,monomot9R
mononucléaire,mononykleER
mononucléose,mononykleoz
monoparental,monopaR@tal
monoplace,monoplas
monoplan,monopl@
monopode,monopOd
monopole,monopOl
monopoliser,monopolize
monopoly,monopoli
monoprix,monopRi
monorail,monoRaj
monospace,monospas
monosyllabe,monosilab
monosyllabique,monosilabik
monothéisme,monoteizm
monothéiste,monoteist
monotone,monotOn
monotonement,monotOn°m@
monotonie,monotoni
monotype,monotip
monoxyde,monOksid
monoxyle,monOksil
mons,m§s
monseigneur,m§sEN9R
monsieur,m°sj2
monsignor,m§siNOR
monsignore,m§siNOR
monstrance,m§stR@s
monstre,m§stR
monstrueusement,m§stRy2z°m@
monstrueux,m§stRy2
monstruosité,m§stRyozite
mont,m§
mont-blanc,m§bl@
mont-de-piété,m§d°pjete
montage,m§taZ
montagnard,m§taNaR
montagne,m§taN
montagneux,m§taN2
montaison,m§tEz§
montant,m§t@
monte-charge,m§tSaRZ
monte-charges,m§tSaRZ
monte-en-l'air,m§t@lER
monte-plat,m§tpla
monte-plats,m§tpla
monter,m§te
monteur,m§t9R
montgolfière,m§gOlfjER
monticule,m§tikyl
montjoie,m§Zwa
montmartrois,m§maRtRwa
montparno,m§paRno
montrable,m§tRabl
montre,m§tR
montre-bracelet,m§tR°bRas°lE
montre-gousset,m§tRgusE
montre-la-moi,m§tR°lamwa
montrer,m§tRe
montreur,m§tR9R
montueux,m§t82
monture,m§tyR
monté,m§te
montée,m§te
monténégrin,m§tenegR5
monument,monym@
monumental,monym@tal
monumentalement,mOnym@tal°m@
monumentalité,mOnym@talite
monétaire,monetER
monétariste,monetaRist
moonisme,munizm
mooré,mORe
moos,mOs
moose,muz
moque,mOk
moquer,moke
moquerie,mOk°Ri
moquette,mokEt
moqueur,mok9R
moqueusement,mok2z°m@
moraillon,moRaj§
moraine,moREn
morainique,moREnik
moral,moRal
morale,moRal
moralement,moRal°m@
moralisateur,moRalizat9R
moralisation,moRalizasj§
moraliser,moRalize
moralisme,moRalizm
moraliste,moRalist
moralité,moRalite
morasse,moRas
moratoire,moRatwaR
morave,mORav
morbac,mORbak
morbaque,mORbak
morbide,mORbid
morbidement,mORbid°m@
morbidesse,mORbidEs
morbidité,mORbidite
morbier,mORbje
morbleu,mORbl2
morceau,mORso
morceler,mORs°le
morcellement,mORsEl°m@
morcelé,mORs°le
morcif,mORsif
mordant,mORd@
mordançage,mORd@saZ
mordeur,mORd9R
mordeuse,mORd2z
mordicus,mORdikys
mordieu,mORdj2
mordillage,mORdijaZ
mordillement,mORdij°m@
mordiller,mORdije
mordoré,mORdoRe
mordre,mORdR
mordu,mORdy
more,mOR
moreau,mORo
morelle,mOREl
moresque,moREsk
morfal,mORfal
morfaler,mORfale
morfalou,mORfalu
morfil,mORfil
morfler,mORfle
morfondre,mORf§dR
morfondu,mORf§dy
morganatique,mORganatik
morganer,mORgane
morgeline,mORZ2lin
morgon,mORg§
morgue,mORg
moria,mORja
moribond,moRib§
moricaud,moRiko
morigéner,moRiZene
morille,moRij
morillon,moRij§
morlingue,mORl5g
mormon,mORm§
morne,mORn
mornement,mORn2m@
mornifle,mORnifl
moro,moRo
morose,moRoz
morosement,mORoz°m@
morosité,moRozite
morphine,mORfin
morphing,mORfiG
morphinomane,mORfinoman
morphique,mORfik
morpho,mORfo
morphogenèse,mORfoZ2nEz
morphogénétique,mORfoZenetik
morphologie,mORfoloZi
morphologique,mORfoloZik
morpion,mORpj§
mors,mOR
morse,mORs
morsure,mORsyR
mort,mOR
mort-aux-rats,mORoRa
mort-né,mORne
mort-vivant,mORviv@
mortadelle,mORtadEl
mortaise,mORtEz
mortaiser,mORtEze
mortalité,mORtalite
morte-saison,mORtsEz§
mortel,mORtEl
mortellement,mORtEl°m@
mortes-eaux,mORt°zo
mortibus,mORtibys
mortier,mORtje
mortifiant,mORtifj@
mortification,mORtifikasj§
mortifier,mORtifje
mortifère,mORtifER
mortuaire,mORt8ER
morue,moRy
morula,mORyla
morvandiau,mORv@djo
morve,mORv
morveux,mORv2
mos,mos
mosaïque,mozaik
mosaïste,mozaist
moscoutaire,mOskutER
moscovite,mOskovit
mosquée,mOske
mot,mo
mot-clé,mokle
mot-valise,movaliz
motard,motaR
motel,motEl
motesse,mOtEs
motet,motE
moteur,mot9R
moteur-fusée,mOt9Rfyze
motif,motif
motilité,mOtilite
motion,mosj§
motivant,motiv@
motivateur,motivat9R
motivation,motivasj§
motiver,motive
motivé,motive
moto,moto
moto-club,motokl9b
moto-cross,motokROs
motocross,motokROs
motoculteur,motokylt9R
motoculture,motokyltyR
motocyclette,motosiklEt
motocyclisme,motosiklism
motocycliste,motosiklist
motoneige,motonEZ
motoneurone,moton2ROn
motorisation,motoRizasj§
motoriser,motoRize
motorisé,motoRize
motrice,motRis
motricité,motRisite
mots-croisés,mokRwaze
motte,mOt
mottereau,mOt°Ro
motteux,mot2
motu proprio,motypRopRio
motus,motys
mou,mu
mouais,mwE
mouchachou,muSaSu
mouchage,muSaZ
mouchard,muSaR
mouchardage,muSaRdaZ
moucharder,muSaRde
mouche,muS
moucher,muSe
moucheron,muS°R§
mouchette,muSEt
moucheture,muS°tyR
moucheté,muS°te
moucheur,muS9R
mouchoir,muSwaR
moudjahiddine,mudZaidin
moudjahidin,mudZaid5
moudjahidine,mudZaidin
moudre,mudR
moue,mu
mouette,mwEt
moufette,mufEt
mouffette,mufEt
moufle,mufl
mouflet,muflE
mouflette,muflEt
mouflon,mufl§
moufter,mufte
mouillage,mujaZ
mouillant,muj@
mouille,muj
mouiller,muje
mouillette,mujEt
mouilleur,muj9R
mouillon,muj§
mouillure,mujyR
mouillé,muje
mouise,mwiz
moujahid,muZai
moujik,muZik
moujingue,muZ5g
moukère,mukER
moulage,mulaZ
moulant,mul@
moule,mul
mouler,mule
mouleur,mul9R
moulin,mul5
moulin-à-vent,mul5av@
moulinage,mulinaZ
mouliner,muline
moulinet,mulinE
moulinette,mulinEt
moult,mult
moulu,muly
moulure,mulyR
moulé,mule
moumoute,mumut
mound,mund
mouquère,mukER
mourant,muR@
mourir,muRiR
mouroir,muRwaR
mouron,muR§
mouronner,muRone
mourre,muR
mouscaille,muskaj
mousmé,musme
mousquet,muskE
mousquetaire,musk°tER
mousqueterie,muskEt°Ri
mousqueton,musk°t§
moussage,musaZ
moussaillon,musaj§
moussaka,musaka
moussant,mus@
mousse,mus
mousseline,mus°lin
mousser,muse
mousseron,mus°R§
mousseux,mus2
mousson,mus§
moussu,musy
moustache,mustaS
moustachu,mustaSy
moustagache,mustagaS
moustiquaire,mustikER
moustique,mustik
moutard,mutaR
moutarde,mutaRd
moutardier,mutaRdje
moutier,mutje
mouton,mut§
moutonnant,muton@
moutonnement,mutOn°m@
moutonner,mutone
moutonnerie,mutOn°Ri
moutonneux,muton2
moutonnier,mutonje
mouture,mutyR
mouvance,muv@s
mouvant,muv@
mouvement,muv°m@
mouvementé,muv°m@te
mouvoir,muvwaR
moyen,mwaj5
moyen-oriental,mwajEnoRj@tal
moyen-orientaux,mwajEnoRj@to
moyen-âge,mwajEnaZ
moyennant,mwajEn@
moyenne,mwajEn
moyennement,mwajEn°m@
moyenner,mwajEne
moyenâgeux,mwajEnaZ2
moyer,mwaje
moyeu,mwaj2
moyeux,mwaj2
mozarabe,mozaRab
mozzarella,modzaREla
mozzarelle,mOdzaREl
moï,mOj
moïse,moiz
moût,mu
muchacho,mutSatSo
mucilage,mysilaZ
mucor,mykOR
mucosité,mykozite
mucoviscidose,mykovisidoz
mucus,mykys
mudéjar,mydeZaR
mue,my
muer,m8e
muesli,m82sli
muet,m8E
muette,m8Et
muettement,m8Et°m@
muezzin,m8Edzin
muffin,m9fin
mufle,myfl
muflerie,myfl°Ri
muflier,myflie
muflée,myfle
mufti,mufti
mugir,myZiR
mugissant,myZis@
mugissement,myZis°m@
muguet,mygE
mulard,mylaR
mule,myl
mulet,mylE
muleta,myl°ta
muletier,myl°tje
mulhousien,myluzj5
mullah,myla
mulon,myl§
mulot,mylo
multi,mylti
multi-tâches,myltitaS
multicellulaire,myltisElylER
multicolore,myltikolOR
multiconfessionnel,myltik§fEsjOnEl
multicouche,myltikuS
multiculturalisme,myltikyltyRalizm
multiculturel,myltikyltyREl
multidimensionnel,myltidim@sjonEl
multidisciplinaire,myltidisiplinER
multifamilial,myltifamiljal
multifonction,myltif§ksj§
multifonctionnel,myltif§ksjonEl
multifonctions,myltif§ksj§
multiforme,myltifORm
multigrade,myltigRad
multimilliardaire,myltimiljaRdER
multimillionnaire,myltimiljonER
multimédia,myltimedja
multinational,myltinasjonal
multinationale,myltinasjonal
multipare,myltipaR
multipartite,myltipaRtit
multiple,myltipl
multiplex,myltiplEks
multiplexe,myltiplEks
multiplexer,myltiplEkse
multiplicateur,myltiplikat9R
multiplication,myltiplikasj§
multiplicité,myltiplisite
multiplier,myltiplije
multiplié,myltiplije
multipoints,myltipw5
multiprise,myltipRiz
multipropriété,myltipROpRiete
multiracial,myltiRasjal
multirisque,myltiRisk
multirécidiviste,myltiResidivist
multitude,myltityd
multitâche,myltitaS
mulâtre,mylatR
mulâtresse,mylatREs
mungo,muGo
muni,myni
munich,mynik
munichois,mynikwa
municipal,mynisipal
municipalité,mynisipalite
municipe,mynisip
munificence,mynifis@s
munir,myniR
munition,mynisj§
munster,mynst9R
muon,m8§
muphti,mufti
muqueux,myk2
mur,myR
murage,myRaZ
muraille,myRaj
mural,myRal
murer,myRe
muret,myRE
muretin,myR°t5
murette,myREt
murex,myREks
muriatique,myRjatik
murin,myR5
murmel,myRmEl
murmurant,myRmyR@
murmure,myRmyR
murmurer,myRmyRe
murène,myREn
musaraigne,myzaREN
musard,myzaR
musarder,myzaRde
musardise,myzaRdiz
musc,mysk
muscade,myskad
muscadelle,myskadEl
muscadet,myskadE
muscadin,myskad5
muscadine,myskadin
muscat,myska
muscle,myskl
muscler,myskle
musclé,myskle
muscovite,myskOvit
musculaire,myskylER
musculation,myskylasj§
musculature,myskylatyR
musculeux,myskyl2
muse,myz
museau,myzo
museler,myz°le
muselière,myz°ljER
muser,myze
muserolle,myz°ROl
musette,myzEt
music-hall,myzikOl
musical,myzikal
musicalement,myzikal°m@
musicalité,myzikalite
musicien,myzisj5
musico,myziko
musicologie,myzikoloZi
musicologique,myzikoloZik
musicologue,myzikolOg
musicothérapie,myzikoteRapi
musique,myzik
musiquer,myzike
musiquette,myzikEt
muskogee,myskoZi
musoir,myzwaR
musqué,myske
mussolinien,mysolinj5
must,m9st
mustang,myst@g
musulman,myzylm@
musée,myze
muséologie,myzeoloZi
muséologique,myzeOlOZik
muséologue,myzeOlOg
muséum,myzeOm
mutabilité,mytabilite
mutable,mytabl
mutagène,mytaZEn
mutant,myt@
mutation,mytasj§
mutatis mutandis,mutatismut@dis
muter,myte
mutilant,mytil@
mutilateur,mytilat9R
mutilation,mytilasj§
mutiler,mytile
mutilé,mytile
mutin,myt5
mutiner,mytine
mutinerie,mytin°Ri
mutiné,mytine
mutique,mytik
mutisme,mytizm
mutité,mytite
mutualisme,myt8alizm
mutualité,myt8alite
mutuel,myt8El
mutuellement,myt8El°m@
myasthénie,mjasteni
mycologie,mikoloZi
mycologue,mikolOg
mycose,mikoz
mycène,misEn
mycénien,misenj5
mygale,migal
mylord,milOR
myocarde,mjokaRd
myocardiopathie,mjOkaRdjOpati
myocardique,mjOkaRdik
myocardite,mjokaRdit
myoclonie,mjoklOni
myoglobine,mjOglObin
myographe,mjogRaf
myopathie,mjopati
myopathique,mjOpatik
myope,mjOp
myopie,mjopi
myosine,mjozin
myosis,mjozis
myosotis,mjozotis
myriade,miRjad
myriophylle,miRjofil
myrmidon,miRmid§
myrrhe,miR
myrte,miRt
myrtille,miRtij
mystagogie,mistagoZi
mystagogique,mistagOZik
mystagogue,mistagOg
myste,mist
mysticisme,mistisizm
mystificateur,mistifikat9R
mystification,mistifikasj§
mystifier,mistifje
mystique,mistik
mystiquement,mistik°m@
mystère,mistER
mystérieusement,misteRj2z°m@
mystérieux,misteRj2
mythe,mit
mythifier,mitifje
mythique,mitik
mythisation,mitizasj§
mytho,mito
mythologie,mitoloZi
mythologique,mitoloZik
mythologue,mitolOg
mythomane,mitoman
mythomanie,mitomani
myxomatose,miksomatoz
myéline,mjelin
myélite,mjelit
myéloblaste,mjeloblast
myéloïde,mjeloid
mâchage,maSaZ
mâche,maS
mâchefer,maSfER
mâcher,maSe
mâcheur,maS9R
mâchicoulis,maSikuli
mâchoire,maSwaR
mâchonner,maSone
mâchouiller,maSuje
mâchouilleur,maSuj9R
mâle,mal
mânes,man
mât,ma
mâter,mate
mâtin,mat5
mâtine,matin
mâtiné,matine
mâture,matyR
mèche,mES
mère,mER
mère-grand,mERgR@
mère-patrie,mERpatRi
mètre,mEtR
méandre,me@dR
méandreux,me@dR2
méandrine,me@dRin
méat,mea
mécanicien,mekanisj5
mécanique,mekanik
mécaniquement,mekanik°m@
mécanisation,mekanizasj§
mécaniser,mekanize
mécanisme,mekanizm
mécano,mekano
méchamment,meSam@
méchanceté,meS@s°te
méchant,meS@
mécher,meSe
méchoui,meSwi
mécompte,mek§t
méconduite,mek§d8it
méconium,mekOnjOm
méconnaissable,mekonEsabl
méconnaissance,mekonEs@s
méconnaître,mekonEtR
méconnu,mekony
mécontent,mek§t@
mécontentement,mek§t@t°m@
mécontenter,mek§t@te
mécréance,mekRe@s
mécréant,mekRe@
mécène,mesEn
mécénat,mesena
médaille,medaj
médaillon,medaj§
médaillé,medaje
médecin,mEds5
médecin-chef,mEds5SEf
médecin-conseil,mEds5k§sEj
médecin-général,mEds5ZeneRal
médecin-major,mEds5maZOR
médecine,mEdsin
médecine-ball,mEdsinbol
média,medja
médian,medj@
médiane,medjan
médianoche,medjanOS
médiascope,medjaskOp
médiastin,medjast5
médiateur,medjat9R
médiation,medjasj§
médiatique,medjatik
médiatisation,medjatizasj§
médiator,medjatOR
médical,medikal
médicalement,medikal°m@
médicalisation,medikalizasj§
médicament,medikam@
médicamentation,medikam@tasj§
médicamenter,medikam@te
médicamenteux,medikam@t2
médicastre,medikastR
médication,medikasj§
médicinal,medisinal
médico-légal,medikolegal
médico-psychologique,medikopsikOlOZik
médico-social,medikososjal
médina,medina
médiocre,medjOkR
médiocrement,medjOkR°m@
médiocrité,medjokRite
médire,mediR
médisance,mediz@s
médisant,mediz@
méditant,medit@
méditatif,meditatif
méditation,meditasj§
méditativement,meditativ°m@
méditer,medite
méditerranéen,meditERane5
médium,medjOm
médiumnique,medjOmnik
médiumnité,medjOmnite
médius,medjys
médiéval,medjeval
médiéviste,medjevist
médoc,medOk
médulla,medyla
médullaire,medylER
méduse,medyz
méduser,medyze
médusé,medyze
méfait,mefE
méfiance,mefj@s
méfiant,mefj@
méfier,mefje
méforme,mefORm
méga,mega
mégacôlon,megakol§
mégahertz,megaERts
mégalithe,megalit
mégalithique,megalitik
mégalo,megalo
mégalomane,megaloman
mégalomaniaque,megalomanjak
mégalomanie,megalomani
mégalopole,megalOpOl
mégalosaure,megalozoR
mégaphone,megafOn
mégapole,megapOl
mégaron,megaR§
mégatonne,megatOn
mégisserie,meZis°Ri
mégot,mego
mégotage,megotaZ
mégoter,megote
méhari,meaRi
méhariste,meaRist
méiose,mejoz
méjugement,meZyZ°m@
mélancolie,mel@koli
mélancolieux,mel@kolj2
mélancolique,mel@kolik
mélancoliquement,mel@kolik°m@
mélancoliser,mel@kolize
mélange,mel@Z
mélangeant,mel@Z@
mélanger,mel@Ze
mélangeur,mel@Z9R
mélangé,mel@Ze
mélanine,melanin
mélanome,melanom
mélasse,melas
mélatonine,melatonin
méli-mélo,melimelo
mélilot,melilo
mélinite,melinit
mélisse,melis
mélo,melo
mélodie,melodi
mélodieusement,melodj2z°m@
mélodieux,melodj2
mélodique,melodik
mélodramatique,melodRamatik
mélodrame,melodRam
mélomane,meloman
mélopée,melope
mélèze,melEz
mémo,memo
mémoire,memwaR
mémorabilité,memoRabilite
mémorable,memoRabl
mémorandum,memoR@dOm
mémorial,memoRjal
mémorialiste,memoRjalist
mémoriel,memoRjEl
mémorisation,memoRizasj§
mémoriser,memoRize
mémère,memER
mémé,meme
ménade,menad
ménage,menaZ
ménagement,menaZ°m@
ménager,menaZe
ménagerie,menaZ°Ri
ménesse,menEs
ménestrel,menEstREl
méningiome,men5Zjom
méningite,men5Zit
méningocoque,men5gOkOk
ménisque,menisk
ménopause,menopoz
ménopausé,menopoze
méphistophélique,mefistofelik
méphitique,mefitik
méplat,mepla
méprendre,mepR@dR
mépris,mepRi
méprisable,mepRizabl
méprisamment,mepRizam@
méprisant,mepRiz@
méprise,mepRiz
mépriser,mepRize
méridien,meRidj5
méridional,meRidjonal
mérinos,meRinos
méritant,meRit@
mérite,meRit
mériter,meRite
méritocratie,meRitOkRasi
méritoire,meRitwaR
mérou,meRu
mérovingien,meRov5Zj5
mésalliance,mezalj@s
mésange,mez@Z
mésaventure,mezav@tyR
mésencéphale,mez@sefal
mésentente,mez@t@t
mésentère,mez@tER
mésentérique,mez@teRik
mésestime,mezEstim
mésestimer,mezEstime
mésintelligence,mez5teliZ@s
mésinterpréter,mez5tERpRete
mésomorphe,mezomORf
mésomorphique,mezomORfik
méson,mez§
mésopotamien,mezopotamj5
mésopotamienne,mezopotamjEn
mésosphère,mezosfER
mésozoïque,mezozoik
mésusage,mezyzaZ
mésuser,mezyze
méta,meta
métabolique,metabolik
métaboliser,metabolize
métabolisme,metabolizm
métabolite,metabOlit
métacarpe,metakaRp
métacarpien,metakaRpj5
métairie,meteRi
métal,metal
métallique,metalik
métallisation,metalizasj§
métallo,metalo
métallographie,metalogRafi
métallurgie,metalyRZi
métallurgique,metalyRZik
métallurgiste,metalyRZist
métamorphique,metamORfik
métamorphose,metamORfoz
métamorphoser,metamORfoze
métaphase,metafaz
métaphore,metafOR
métaphorique,metafoRik
métaphoriquement,metafoRik°m@
métaphysicien,metafizisj5
métaphysique,metafizik
métaphysiquement,metafizik°m@
métapsychique,metapsiSik
métapsychologie,metapsikoloZi
métapsychologique,metapsikoloZik
métastase,metastaz
métastatique,metastatik
métayage,metEjaZ
métayer,meteje
métempsychose,met@psikoz
métempsycose,met@psikoz
méthacrylate,metakRilat
méthadone,metadOn
méthanal,metanal
méthane,metan
méthanol,metanOl
méthode,metOd
méthodique,metodik
méthodiquement,metodik°m@
méthodisme,metodizm
méthodiste,metodist
méthodologie,metodoloZi
méthodologique,metodoloZik
méthyle,metil
méthylique,metilik
méthylène,metilEn
méthédrine,metedRin
méticuleusement,metikyl2z°m@
méticuleux,metikyl2
méticulosité,metikylozite
métier,metje
métingue,met5g
métis,metis
métissage,metisaZ
métisser,metise
métonymie,metonimi
métrage,metRaZ
métreur,metR9R
métrique,metRik
métrite,metRit
métro,metRo
métronome,metRonOm
métropole,metRopOl
métropolitain,metRopolit5
métropolite,metRopolit
métèque,metEk
météo,meteo
météore,meteOR
météorique,meteoRik
météoriquement,meteoRik°m@
météorite,meteoRit
météoritique,meteoRitik
météorologie,meteoRoloZi
météorologique,meteoRoloZik
météorologiste,meteoRoloZist
météorologue,meteoRolOg
mévente,mev@t
mézig,mezig
mézigue,mezig
mêle-tout,mEltu
mêler,mele
mêlé,mele
mêlé-cass,mElekas
mêlé-casse,melekas
mêlécasse,mElekas
mêlée,mele
même,mEm
mêmement,mEm°m@
mêmes,mEm
môle,mol
môme,mom
mûr,myR
mûrement,myR°m@
mûrier,myRje
mûrir,myRiR
mûrissant,myRis@
mûrissement,myRis°m@
mûron,myR§
n',n
n'est-ce pas,nEs°pa
na,na
nabab,nabab
nabi,nabi
nable,nabl
nabot,nabo
nacarat,nakaRa
nacelle,nasEl
nacre,nakR
nacrure,nakRyR
nacré,nakRe
nada,nada
nadir,nadiR
naevus,nevys
naga,naga
nage,naZ
nageant,naZ@
nageoire,naZwaR
nager,naZe
nageur,naZ9R
naguère,nagER
nain,n5
naira,nERa
naissain,nEs5
naissance,nEs@s
naissant,nEs@
naisseur,nEs9R
naja,naZa
nan,n@
nana,nana
nanan,nan@
nanar,nanaR
nanard,nanaR
nanisme,nanizm
nankin,n@k5
nano,nano
nanomètre,nanOmEtR
nanoseconde,nanoz°g§d
nanotechnologie,nanotEknoloZi
nant,n@
nantais,n@tE
nantaise,n@tEz
nanti,n@ti
nantir,n@tiR
nantissement,n@tis°m@
nap,nap
napalm,napalm
napel,napEl
naphtaline,naftalin
naphtalène,naftalEn
naphte,naft
napolitain,napolit5
napoléon,napole§
napoléonien,napoleonj5
nappage,napaZ
nappe,nap
napper,nape
napperon,nap°R§
narbonnais,naRbonE
narcisse,naRsis
narcissique,naRsisik
narcissiquement,naRsisik°m@
narcissisme,naRsisizm
narcissiste,naRsisist
narco-analyse,naRkoanaliz
narcolepsie,naRkolEpsi
narcoleptique,naRkolEptik
narcose,naRkoz
narcotique,naRkotik
narcotrafic,naRkotRafik
nard,naR
narghileh,naRgile
narghilé,naRgile
narguer,naRge
narguilé,naRgile
narine,naRin
narquois,naRkwa
narquoisement,naRkwaz°m@
narquoiserie,naRkwaz°Ri
narrateur,naRat9R
narratif,naRatif
narration,naRasj§
narrer,naRe
narthex,naRtEks
narval,naRval
nasal,nazal
nasard,nazaR
nasdaq,nazdak
nase,naz
naseau,nazo
nasillard,nazijaR
nasillement,nazij°m@
nasiller,nazije
nasique,nazik
nasopharynx,nazofaR5ks
nasse,nas
nassérien,naseRj5
natal,natal
natalité,natalite
natation,natasj§
natatoire,natatwaR
natif,natif
nation,nasj§
national,nasjonal
national-socialisme,nasjonalsosjalizm
national-socialiste,nasjonalsosjalist
nationale,nasjonal
nationale-socialiste,nasjonalsosjalist
nationalement,nasjonal°m@
nationalisation,nasjonalizasj§
nationaliser,nasjonalize
nationalisme,nasjonalizm
nationaliste,nasjonalist
nationalité,nasjonalite
nationaux-socialistes,nasjonososjalist
native,nativ
nativité,nativite
natron,natR§
natrum,natROm
natrémie,natRemi
natte,nat
natter,nate
nattier,natje
naturalisation,natyRalizasj§
naturaliser,natyRalize
naturalisme,natyRalizm
naturaliste,natyRalist
naturalisé,natyRalize
nature,natyR
naturel,natyREl
naturellement,natyREl°m@
naturisme,natyRizm
naturiste,natyRist
naturlich,natyRliS
naturopathe,natyRopat
naufrage,nofRaZ
naufrager,nofRaZe
naufrageur,nofRaZ9R
naufragé,nofRaZe
nauséabond,nozeab§
nausée,noze
nauséeux,noze2
nautile,notil
nautilus,notily
nautique,notik
nautonier,notonje
navaja,navaZa
navajo,navaRo
naval,naval
navale,naval
navarin,navaR5
navarrais,navaRE
nave,nav
navel,navEl
navet,navE
navette,navEt
navicert,navisER
navigabilité,navigabilite
navigable,navigabl
navigant,navig@
navigateur,navigat9R
navigation,navigasj§
naviguer,navige
navire,naviR
navire-citerne,naviRsitERn
navire-hôpital,naviRopital
navrance,navR@s
navrant,navR@
navrer,navRe
navré,navRe
nay,nE
nazaréen,nazaRe5
naze,naz
nazi,nazi
nazisme,nazizm
naître,nEtR
naïade,najad
naïf,naif
naïve,naiv
naïvement,naiv°m@
naïveté,naiv°te
ne,n°
ne varietur,n°vaRjetyR
nec,nEk
neck,nEk
nectar,nEktaR
nectarine,nEktaRin
nef,nEf
negro,negRo
negro spiritual,negRospiRit8Ol
neige,nEZ
neiger,neZe
neigeux,neZ2
nem,nEm
nemrod,nEmROd
nenni,nEni
nephtys,nEftis
nerf,nER
nerprun,nERpR1
nerver,n2Rve
nerveusement,nERv2z°m@
nerveux,nERv2
nervi,nERvi
nervosité,nERvozite
nervure,nERvyR
nescafé,nEskafe
nestor,nEstOR
nestorianisme,nEstoRjanizm
nestorien,nEstoRj5
net,nEt
nettement,nEt°m@
netteté,nEtte
nettoiement,netwam@
nettoyable,netwajabl
nettoyage,netwajaZ
nettoyant,netwaj@
nettoyer,netwaje
nettoyeur,netwaj9R
neuf,n9f
neuneu,n2n2
neural,n2Ral
neurasthénie,n2Rasteni
neurasthénique,n2Rastenik
neurinome,n2Rinom
neurobiologie,n2RobjoloZi
neurobiologiste,n2RobjOlOZist
neurochimie,n2RoSimi
neurochimique,n2RoSimik
neurochirurgie,n2RoSiRyRZi
neurochirurgien,n2RoSiRyRZj5
neurofibromatose,n2RofibROmatoz
neuroleptique,n2RolEptik
neurolinguistique,n2ROl5g8istik
neurologie,n2RoloZi
neurologique,n2RoloZik
neurologiquement,n2RoloZik°m@
neurologiste,n2RoloZist
neurologue,n2RolOg
neuromusculaire,n2RomyskylER
neuronal,n2Ronal
neurone,n2Ron
neuronique,n2ROnik
neuropathie,n2Ropati
neuropathologie,n2RopatoloZi
neuropeptide,n2RopEptid
neurophysiologie,n2RofizjoloZi
neuroplégique,n2RopleZik
neuropsychiatrie,n2RopsikjatRi
neuropsychologue,n2RopsikolOg
neuroscience,n2Rosj@s
neurotoxine,n2RotOksin
neurotoxique,n2RotOksik
neurotransmetteur,n2RotR@smEt9R
neutralisant,n2tRaliz@
neutralisateur,n2tRalizat9R
neutralisation,n2tRalizasj§
neutraliser,n2tRalize
neutraliste,n2tRalist
neutralité,n2tRalite
neutre,n2tR
neutrino,n2tRino
neutron,n2tR§
neutronique,n2tROnik
neutropénie,n2tROpeni
neuvaine,n9vEn
neuvième,n9vjEm
neveu,n°v2
neveux,n°v2
new,nju
new wave,njuwejv
new-yorkais,njujORkE
ney,ne
nez,ne
ni,ni
niable,njabl
niais,njE
niaisement,njEz°m@
niaiser,njEze
niaiserie,njEz°Ri
niaiseux,njEz2
niakoué,njakue
nib,nib
nibard,nibaR
nibergue,nibERg
nicaraguayen,nikaRagwaj5
nice,nis
nicet,nisE
nichan,niS@
niche,niS
nicher,niSe
nichon,niS§
nichonnée,niSone
nichée,niSe
nickel,nikEl
nickelé,nik°le
nicotine,nikotin
nictation,niktasj§
nictitant,niktit@
nid,ni
nid-de-poule,nid°pul
nidification,nidifikasj§
nielle,njEl
nier,nje
niet,njEt
nietzschéen,nitSe5
nietzschéenne,nitSeEn
nigaud,nigo
nigaudement,nigod°m@
nigauderie,nigod°Ri
night-club,najtkl9b
niguedouille,nigduj
nigérian,niZeRj@
nigérien,niZeRj5
nihil obstat,niilOpsta
nihilisme,niilizm
nihiliste,niilist
nikkei,nikEj
nil,nil
nim,nim
nimbe,n5b
nimber,n5be
nimbo,n5bo
nimbo-stratus,n5bostRatys
nimbostratus,n5bostRatys
nimbus,n5bys
nimbé,n5be
ninas,nina
niobium,njObjOm
niolo,nijolo
nioulouque,njuluk
nippe,nip
nipper,nipe
nippo,nipo
nippon,nip§
nipponne,nipOn
nique,nik
niquedouille,nik°duj
niquer,nike
nirvana,niRvana
nirvâna,niRvana
nisan,niz@
nitrate,nitRat
nitre,nitR
nitreux,nitR2
nitrique,nitRik
nitrite,nitRit
nitroglycérine,nitRogliseRin
nitrogène,nitRoZEn
nitré,nitRe
nivaquine,nivakin
niveau,nivo
niveler,niv°le
niveleur,niv°l9R
nivellement,nivEl°m@
nivernais,nivERnE
nivernaise,nivERnEz
nivôse,nivoz
nixe,niks
niçois,niswa
nièce,njEs
nième,njEm
nière,njER
nié,nje
niébé,njebe
no man's land,nomansl@d
nobiliaire,nobiljER
nobilitas,nobilita
noblaillon,noblaj§
noble,nObl
noblement,nObl°m@
noblesse,noblEs
nobliau,nOblijo
noce,nOs
nocer,nOse
noceur,nos9R
nocher,noSe
nochère,nOSER
nocif,nosif
nocivité,nosivite
noctambule,nOkt@byl
noctambulisme,nOkt@bylizm
nocturnal,nOktyRnal
nocturne,nOktyRn
nodal,nodal
nodule,nodyl
noduleux,nodyl2
nodus,nodys
noeud,n2
noir,nwaR
noiraud,nwaRo
noirceur,nwaRs9R
noirci,nwaRsi
noircir,nwaRsiR
noirâtre,nwaRatR
noise,nwaz
noisetier,nwaz°tje
noisette,nwazEt
noix,nwa
nok,nOk
nolis,noli
nom,n§
nomade,nomad
nomadisme,nomadizm
nombre,n§bR
nombreux,n§bR2
nombril,n§bRil
nombrilisme,n§bRilism
nombriliste,n§bRilist
nome,nOm
nomenclature,nom@klatyR
nomenklatura,nom@klatyRa
nominal,nominal
nominalement,nOminal°m@
nominaliste,nominalist
nominatif,nominatif
nomination,nominasj§
nominer,nOmine
nommer,nome
nommé,nome
nommément,nomem@
non,n§
non troppo,nOntRopo
non-agression,nOnagREsj§
non-alignement,nOnaliN°m@
non-amour,nOnamuR
non-appartenance,nOnapaRt2n@s
non-assistance,nOnasist@s
non-blanc,n§bl@
non-combattant,n§k§bat@
non-comparution,n§k§paRysj§
non-concurrence,n§k§kyR@s
non-conformisme,n§k§fORmizm
non-conformiste,n§k§fORmist
non-conformité,n§k§fORmite
non-consommation,n§k§sOmasj§
non-croyance,n§kRwaj@s
non-croyant,n§kRwaj@
non-culpabilité,n§kylpabilite
non-dit,n§di
non-droit,n§dRwa
non-existence,nOnEgzist@s
non-ferreux,n§fER2
non-fumeur,n§fym9R
non-fumeurs,n§fym9R
non-initié,nOninisje
non-intervention,nOn5tERv@sj§
non-lieu,n§lj2
non-lieux,n§lj2
non-paiement,n§pEm@
non-participation,n§paRtisipasj§
non-pesanteur,n§p°z@t9R
non-prolifération,n§pRolifeRasj§
non-présence,n§pRez@s
non-recevoir,n§R2s2vwaR
non-représentation,n§R2pRez@tasj§
non-respect,n§REspE
non-retour,n§R2tuR
non-résistance,n§Rezist@s
non-savoir,n§savwaR
non-sens,n§s@s
non-spécialiste,n§spesjalist
non-stop,nOnstOp
non-séparation,n§sepaRasj§
non-utilisation,nOnytilizasj§
non-vie,n§vi
non-violence,n§vjol@s
non-violent,n§vjol@
non-vouloir,n§vulwaR
non-voyant,n§vwaj@
non-événement,nOneven°m@
non-être,n§nEtR
nonagénaire,nonaZenER
nonante,non@t
nonante-huit,non@t8it
nonce,n§s
nonchalamment,n§Salam@
nonchalance,n§Sal@s
nonchalant,n§Sal@
nonciature,n§sjatyR
none,nOn
nonette,nonEt
nonidi,nonidi
nonnain,non5
nonne,nOn
nonnette,nonEt
nonobstant,nonOpst@
nonsense,n§s@s
nope,nOp
noradrénaline,nORadRenalin
nord,nOR
nord-africain,nORafRik5
nord-américain,nORameRik5
nord-coréen,nORkoRe5
nord-est,nOREst
nord-nord-est,nORnOREst
nord-ouest,nORwEst
nord-sud,nORsyd
nord-vietnamien,nORvjEtnamj5
nordet,nORdE
nordicité,nORdisite
nordique,nORdik
nordiste,nORdist
noria,noRja
normal,nORmal
normale,nORmal
normalement,nORmal°m@
normalien,nORmalj5
normalisation,nORmalizasj§
normaliser,nORmalize
normalité,nORmalite
normand,nORm@
normatif,nORmatif
norme,nORm
noroît,noRwa
norvégien,nORveZj5
norvégienne,nORveZjEn
nos,no
nostalgie,nOstalZi
nostalgique,nOstalZik
nostalgiquement,nOstalZik°m@
not,nOt
nota,nota
nota bene,notabene
notabilité,notabilite
notable,notabl
notablement,notabl°m@
notaire,notER
notamment,notam@
notarial,notaRjal
notariat,notaRja
notarié,notaRje
notation,notasj§
note,nOt
noter,note
notice,notis
notification,notifikasj§
notifier,notifje
notion,nosj§
notoire,notwaR
notoirement,notwaR°m@
notonecte,notonEkt
notoriété,notoRjete
notre,nOtR
notre-dame,nOtR°dam
noté,note
nouage,nwaZ
nouba,nuba
noue,nu
nouer,nwe
noueux,nw2
nougat,nuga
nougatine,nugatin
nouille,nuj
noumène,numEn
nounou,nunu
nounours,nunuRs
nourri,nuRi
nourrice,nuRis
nourricier,nuRisje
nourrir,nuRiR
nourrissage,nuRisaZ
nourrissant,nuRis@
nourrisseur,nuRis9R
nourrisson,nuRis§
nourriture,nuRityR
nous,nu
nous-même,numEm
nous-mêmes,numEm
nouveau,nuvo
nouveau-né,nuvone
nouveauté,nuvote
nouvel,nuvEl
nouvelle,nuvEl
nouvellement,nuvEl°m@
nouvelleté,nuvEl°te
nouvelliste,nuvelist
noué,nwe
nova,nova
novateur,novat9R
novation,nOvasj§
novembre,nov@bR
novice,novis
noviciat,novisja
novillo,novijo
novocaïne,novokain
novotique,nOvOtik
novélisation,novelizasj§
noyade,nwajad
noyau,nwajo
noyautage,nwajotaZ
noyauter,nwajote
noyer,nwaje
noyé,nwaje
noël,noEl
nu,ny
nu-propriétaire,nypRopRijetER
nu-tête,nytEt
nuage,n8aZ
nuageux,n8aZ2
nuance,n8@s
nuancer,n8@se
nuancier,ny@sje
nuancé,n8@se
nubien,nybj5
nubile,nybil
nubilité,nybilite
nubuck,nybyk
nucal,nykal
nucléaire,nykleER
nucléique,nykleik
nucléoside,nykleozid
nucléus,nykleys
nudisme,nydizm
nudiste,nydist
nudité,nydite
nue-propriété,nypRopRijete
nuer,n8e
nuire,n8iR
nuisance,n8iz@s
nuisette,n8izEt
nuisible,n8izibl
nuit,n8i
nuitamment,n8itam@
nuiteux,n8it2
nuitée,n8ite
nul,nyl
nullard,nylaR
nulle,nyl
nullement,nyl°m@
nulles,nyl
nullissime,nylisim
nullité,nylite
nullos,nylo
nuls,nyl
numerus clausus,nym°Rysklozys
numide,nymid
numismate,nymismat
numismatique,nymismatik
numéraire,nymeRER
numéral,nymeRal
numérateur,nymeRat9R
numération,nymeRasj§
numérique,nymeRik
numériquement,nymeRik°m@
numérisation,nymeRizasj§
numériser,nymeRize
numéro,nymeRo
numérologie,nymeROlOZi
numérologue,nymeRolOg
numérotage,nymeRotaZ
numérotation,nymeRotasj§
numéroter,nymeRote
numéroté,nymeRote
nunchaku,nunSaku
nunuche,nynyS
nuoc-mâm,n8Okmam
nuptial,nypsjal
nuptialité,nypsjalite
nuque,nyk
nurse,n9Rs
nurseries,n9Rs°Ri
nursery,n9Rs°Ri
nursing,n9RsiG
nutriment,nytRim@
nutritif,nytRitif
nutrition,nytRisj§
nutritionnel,nytRisjonEl
nutritionniste,nytRisjonist
nuée,n8e
nyctalope,niktalOp
nylon,nil§
nymphal,n5fal
nymphe,n5f
nymphette,n5fEt
nympho,n5fo
nymphomane,n5foman
nymphomanie,n5fomani
nymphéa,n5fea
nègre,nEgR
nèpe,nEp
né,ne
néandertalien,ne@dERtalj5
néanderthalien,ne@dERtalj5
néanmoins,ne@mw5
néant,ne@
néantisation,ne@tizasj§
nébuleux,nebyl2
nébuliseur,nebyliz9R
nébulosité,nebylozite
nécessaire,nesesER
nécessairement,nesesER°m@
nécessiter,nesesite
nécessiteux,nesesit2
nécessité,nesesite
nécro,nekRo
nécrologe,nekRolOZ
nécrologie,nekRoloZi
nécrologique,nekRoloZik
nécrologue,nekRolOg
nécromancie,nekRom@si
nécromancien,nekRom@sj5
nécromant,nekRom@
nécrophage,nekRofaZ
nécrophagie,nekRofaZi
nécrophile,nekRofil
nécrophilie,nekRofili
nécropole,nekRopOl
nécropsie,nekRopsi
nécrose,nekRoz
nécroser,nekRoze
nécrotique,nekRotik
néerlandais,neERl@dE
néfaste,nefast
néflier,neflije
négateur,negat9R
négatif,negatif
négation,negasj§
négationnisme,negasjonism
négative,negativ
négativement,negativ°m@
négativisme,negativizm
négativiste,negativist
négativité,negativite
négligeable,negliZabl
négligemment,negliZam@
négligence,negliZ@s
négligent,negliZ@
négliger,negliZe
négligé,negliZe
négoce,negOs
négociable,negosjabl
négociant,negosj@
négociateur,negosjat9R
négociation,negosjasj§
négocier,negosje
négrier,negRije
négril,negRil
négrillon,negRij§
négritude,negRityd
négro,negRo
négrophile,negRofil
négroïde,negRoid
négus,negys
nénesse,nenEs
nénette,nenEt
nénuphar,nenyfaR
néné,nene
néo,neo
néo-classique,neoklasik
néo-colonialisme,neokolonjalizm
néo-communiste,neokomynist
néo-fascisme,neofaSizm
néo-figuration,neofigyRasj§
néo-gangster,neog@gstER
néo-gothique,neogotik
néo-grec,neogREk
néo-malthusianisme,neomaltyzjanizm
néo-mauresque,neomoREsk
néo-mouvement,neomuv°m@
néo-renaissant,neoR°nEs@
néo-romantique,neoRom@tik
néo-russe,neoRys
néo-réalisme,neoRealizm
néo-réaliste,neoRealist
néo-zélandais,neozel@dE
néoclassique,neoklasik
néocolonial,neokolonjal
néocolonialisme,neokolonjalizm
néocortex,neokORtEks
néofascisme,neofaSizm
néogothique,neogotik
néolibéralisme,neolibeRalism
néolithique,neolitik
néologisme,neoloZizm
néon,ne§
néonatal,neonatal
néophyte,neofit
néoplasie,neoplazi
néoplasique,neoplazik
néoplasme,neoplasm
néoplatonisme,neoplatonizm
néoprène,neopREn
néoréalisme,neoRealizm
népalais,nepalE
népenthès,nep@tEz
néphrectomie,nefREktomi
néphrite,nefRit
néphrologie,nefRoloZi
néphrologue,nefRolOg
néphrétique,nefRetik
népotisme,nepotizm
néroli,neROli
néréide,neReid
névralgie,nevRalZi
névralgique,nevRalZik
névrite,nevRit
névropathe,nevRopat
névrose,nevRoz
névrosé,nevRoze
névrotique,nevRotik
névé,neve
nôtre,notR
nôtres,notR
o,o
oaristys,oaRistis
oasis,oazis
ob,Ob
obi,obi
obituaire,obit8ER
objectal,ObZEktal
objecter,ObZEkte
objecteur,ObZEkt9R
objectif,ObZEktif
objection,ObZEksj§
objectivation,ObZEktivasj§
objectivement,ObZEktiv°m@
objectivité,ObZEktivite
objet,ObZE
objurgation,ObZyRgasj§
oblatif,oblatif
oblation,oblasj§
obligado,obligado
obligataire,obligatER
obligation,obligasj§
obligatoire,obligatwaR
obligatoirement,obligatwaR°m@
obligeamment,obliZam@
obligeance,obliZ@s
obligeant,obliZ@
obliger,obliZe
obligé,obliZe
oblique,oblik
obliquement,oblik°m@
obliquer,oblike
obliquité,oblik8ite
oblitération,obliteRasj§
oblitérer,obliteRe
oblitéré,obliteRe
oblong,obl§
obnubilation,Obnybilasj§
obnubiler,Obnybile
obnubilé,Obnybile
obole,obOl
obscur,OpskyR
obscurantisme,OpskyR@tizm
obscurantiste,OpskyR@tist
obscurcir,OpskyRsiR
obscurcissement,OpskyRsis°m@
obscurité,OpskyRite
obscurément,OpskyRem@
obscène,OpsEn
obscènement,OpsEn°m@
obscénité,Opsenite
observable,OpsERvabl
observance,opsERv@s
observant,opsERv@
observateur,opsERvat9R
observation,opsERvasj§
observatoire,opsERvatwaR
observer,opsERve
observé,opsERve
obsessif,OpsEsif
obsession,Opsesj§
obsessionnel,OpsesjonEl
obsessionnellement,OpsEsjonEl°m@
obsidienne,OpsidjEn
obsidional,Opsidjonal
obsolescence,OpsolEs@s
obsolète,OpsolEt
obstacle,Opstakl
obstination,Opstinasj§
obstiner,Opstine
obstiné,Opstine
obstinément,Opstinem@
obstructif,OpstRyktif
obstruction,OpstRyksj§
obstructionnisme,OpstRyksjOnism
obstruer,OpstRye
obstrué,OpstRye
obstétrical,OpstetRikal
obstétricien,OpstetRisj5
obstétrique,OpstetRik
obsèques,OpsEk
obsédant,opsed@
obséder,opsede
obsédé,opsede
obséquieusement,Opsekj2z°m@
obséquieux,Opsekj2
obséquiosité,Opsekjozite
obtempérer,Opt@peRe
obtenir,Opt°niR
obtention,Opt@sj§
obturateur,OptyRat9R
obturation,OptyRasj§
obturer,OptyRe
obtus,Opty
obus,oby
obusier,obyzje
obvie,Obvi
obvier,Obvje
obèse,obEz
obédience,obedj@s
obéir,obeiR
obéissance,obeis@s
obéissant,obeis@
obélisque,obelisk
obérer,obeRe
obésité,obezite
ocarina,okaRina
occase,okaz
occasion,okazj§
occasionnel,okazjonEl
occasionnellement,okazjonEl°m@
occasionner,okazjone
occident,Oksid@
occidental,Oksid@tal
occidentalisation,Oksid@talizasj§
occidentalisme,Oksid@talizm
occipital,Oksipital
occiput,Oksipyt
occire,OksiR
occis,Oksi
occitan,Oksit@
occlusion,oklyzj§
occultation,okyltasj§
occulte,okylt
occultement,okylt°m@
occulter,okylte
occultisme,okyltizm
occultiste,Okyltist
occupant,okyp@
occupation,okypasj§
occuper,okype
occupé,okype
occurrence,okyR@s
ocelot,Os°lo
ocre,OkR
ocreux,okR2
octane,Oktan
octant,Okt@
octante,Okt@t
octave,Oktav
octavo,Oktavo
octet,OktE
octidi,Oktidi
octobre,OktObR
octogonal,Oktogonal
octogone,Oktogon
octogénaire,OktoZenER
octosyllabe,Oktosilab
octroi,OktRwa
octroyer,OktRwaje
octuor,Okt8OR
octuple,Oktypl
oculaire,okylER
oculiste,okylist
oculomoteur,OkylomOt9R
oculus,okylys
ocytocine,OsitOsin
océan,ose@
océanique,oseanik
océanographe,oseanogRaf
océanographie,oseanogRafi
océanographique,oseanogRafik
océanologie,OseanOlOZi
océanologue,OseanOlOg
odalisque,odalisk
ode,Od
odelette,od°lEt
odeur,od9R
odieusement,odj2z°m@
odieux,odj2
odomètre,OdOmEtR
odontologie,od§toloZi
odontologiste,Od§tOlOZist
odorant,odoR@
odorat,odoRa
odoriférant,odoRifeR@
odyssée,odise
odéon,ode§
oecuménique,2kymenik
oecuménisme,2kymenizm
oedipe,2dip
oedipien,2dipj5
oedème,2dEm
oeil,9j
oeil-de-boeuf,9jd°b9f
oeillade,9jad
oeillet,9jE
oeilleton,9j°t§
oeillette,9jEt
oeillère,9jER
oenologie,2noloZi
oenologique,2noloZik
oenophile,2nofil
oenothera,2notRa
oenothère,2notER
oesophage,2zofaZ
oesophagien,2zofaZj5
oestrogène,2stRoZEn
oeuf,9f
oeuvre,9vR
oeuvrer,9vRe
oeuvrette,9vREt
off,Of
off-shore,OfSOR
offensant,of@s@
offense,of@s
offenser,of@se
offenseur,of@s9R
offensif,of@sif
offensive,of@siv
offensé,of@se
offertoire,ofERtwaR
office,ofis
official,Ofisjal
officialiser,ofisjalize
officialité,ofisjalite
officiant,ofisj@
officiel,ofisjEl
officiellement,ofisjEl°m@
officier,ofisje
officieusement,ofisj2z°m@
officieux,ofisj2
officine,ofisin
offrande,ofR@d
offrant,ofR@
offre,OfR
offrir,ofRiR
offset,OfsEt
offshore,OfSOR
offuscation,ofyskasj§
offusquant,ofysk@
offusquer,ofyske
offusqué,ofyske
oflag,Oflag
ogival,oZival
ogive,oZiv
ogre,OgR
ogresse,ogREs
oh,o
ohé,oe
oie,wa
oignon,ON§
oille,waj
oindre,w5dR
oing,w5
oint,w5
oiseau,wazo
oiseau-clé,wazokle
oiseau-lyre,wazoliR
oiseau-mouche,wazomuS
oiseau-vedette,wazov°dEt
oiselet,waz°lE
oiseleur,waz°l9R
oiselier,waz°lje
oiselle,wazEl
oisellerie,wazEl°Ri
oiseux,waz2
oisif,wazif
oisillon,wazij§
oisivement,waziv°m@
oisiveté,waziv°te
oison,waz§
ok,oke
oka,oka
okapi,Okapi
okoumé,okume
ola,ola
olfactif,Olfaktif
olfactomètre,OlfaktOmEtR
olibrius,olibRijys
olifant,olif@
oligarchie,oligaRSi
olive,oliv
oliver,Olive
oliveraie,oliv°RE
olivette,olivEt
olivier,olivje
olivine,Olivin
olivâtre,olivatR
ollé,Olle
olmèque,OlmEk
olographe,ologRaf
olympe,ol5p
olympiade,ol5pjad
olympien,ol5pj5
olympique,ol5pik
olé,ole
olé-olé,oleole
oléagineux,oleaZin2
olécrane,OlekRan
olécrâne,olekRan
oléfine,Olefin
oléine,olein
oléoduc,oleodyk
omani,omani
ombelle,§bEl
ombilic,§bilik
ombilical,§bilikal
omble,§bl
ombrage,§bRaZ
ombrager,§bRaZe
ombrageusement,§bRaZ2z°m@
ombrageux,§bRaZ2
ombragé,§bRaZe
ombrant,§bR@
ombre,§bR
ombrelle,§bREl
ombrer,§bRe
ombreux,§bR2
ombré,§bRe
ombrée,§bRe
omelette,om°lEt
omerta,omERta
omettre,omEtR
omicron,omikR§
omis,omi
omission,omisj§
omni,Omni
omnibus,Omnibys
omnidirectionnel,OmnidiREksjonEl
omnipotence,Omnipot@s
omnipotent,Omnipot@
omniprésence,OmnipRez@s
omniprésent,OmnipRez@
omnipuissance,Omnip8is@s
omniscience,Omnisj@s
omniscient,Omnisj@
omnisports,OmnispOR
omnium,OmnjOm
omnivore,OmnivOR
omoplate,omoplat
omphalos,§falo
oméga,omega
on,§
on-dit,§di
on-line,Onlajn
onagre,onagR
onanisme,onanizm
onaniste,onanist
onc,§k
once,§s
oncle,§kl
oncologie,§koloZi
oncologique,§koloZik
oncologue,§kolOg
onction,§ksj§
onctueusement,§kt82z°m@
onctueux,§kt82
onctuosité,§kt8ozite
ondatra,§datRa
onde,§d
onder,§de
ondin,§d5
ondine,§din
ondoiement,§dwam@
ondoyant,§dwaj@
ondoyer,§dwaje
ondulant,§dyl@
ondulation,§dylasj§
ondulatoire,§dylatwaR
onduler,§dyle
onduleux,§dyl2
ondulé,§dyle
ondée,§de
one-step,wanstEp
ongle,§gl
onglet,§glE
onglon,§gl§
onglée,§gle
onguent,§g@
ongulé,§gyle
onirique,oniRik
onirisme,OniRism
onirologie,oniRoloZi
onomatopée,onomatope
onomatopéique,onomatopeik
onto,§to
ontologie,§toloZi
ontologique,§toloZik
ontologiquement,§tOlOZik°m@
onyx,oniks
onze,§z
onzième,§zjEm
onéreux,oneR2
opacification,opasifikasj§
opacifier,opasifje
opacité,opasite
opale,opal
opalescence,opales@s
opalescent,opales@
opalin,opal5
opaque,opak
ope,Op
open,op°n
opercule,opERkyl
ophidien,Ofidj5
ophite,ofit
ophtalmique,Oftalmik
ophtalmologie,OftalmoloZi
ophtalmologique,OftalmoloZik
ophtalmologiste,OftalmoloZist
ophtalmologue,OftalmolOg
ophtalmoscope,OftalmoskOp
opiacé,opjase
opiat,Opja
opimes,opim
opinel,opinEl
opiner,opine
opinion,opinj§
opiniâtre,opinjatR
opiniâtrement,opinjatR°m@
opiniâtreté,opinjatR°te
opiomane,opjoman
opium,opjOm
opopanax,opopanaks
opoponax,opoponaks
opossum,oposOm
oppidum,opidOm
opportun,opORt1
opportunisme,opORtynizm
opportuniste,opORtynist
opportunité,opORtynite
opportunément,opORtynem@
opposable,opozabl
opposant,opoz@
opposer,opoze
opposition,opozisj§
oppositionnel,OpozisjOnEl
opposé,opoze
oppressant,opRes@
oppresser,opRese
oppresseur,opRes9R
oppressif,opResif
oppression,opResj§
oppressé,opRese
opprimer,opRime
opprimé,opRime
opprobre,opRObR
optalidon,Optalid§
optant,Opt@
optatif,Optatif
opter,Opte
opticien,Optisj5
optimal,Optimal
optime,Optim
optimisation,Optimizasj§
optimiser,Optimize
optimisme,Optimizm
optimiste,Optimist
optimum,OptimOm
option,Opsj§
optionnel,OpsjonEl
optique,Optik
optométrie,OptometRi
optométriste,OptometRist
opulence,opyl@s
opulent,opyl@
opus,opys
opuscule,opyskyl
opéra,opeRa
opéra-comique,opeRakomik
opérable,opeRabl
opérant,opeR@
opérateur,opeRat9R
opération,opeRasj§
opération-miracle,opeRasj§miRakl
opérationnel,opeRasjonEl
opératique,OpeRatik
opératoire,opeRatwaR
opérer,opeRe
opérette,opeREt
opéré,opeRe
or,OR
oracle,oRakl
orage,oRaZ
orageux,oRaZ2
oraison,oREz§
oral,oRal
oralement,oRal°m@
oralité,oRalite
oranais,oRanE
orang-outan,oR@ut@
orang-outang,oR@ut@
orange,oR@Z
orangeade,oR@Zad
oranger,oR@Ze
orangeraie,oR@Z°RE
orangerie,oR@Z°Ri
orangé,oR@Ze
orant,oR@
orateur,oRat9R
oratoire,oRatwaR
oratorien,oRatoRj5
oratorio,oRatoRjo
orbe,ORb
orbiculaire,ORbikylER
orbitaire,ORbitER
orbital,ORbital
orbite,ORbit
orbiter,ORbite
orbitèle,ORbitEl
orchestral,ORkEstRal
orchestration,ORkEstRasj§
orchestre,ORkEstR
orchestrer,ORkEstRe
orchestré,ORkEstRe
orchidée,ORkide
orchis,ORkis
ord,OR
ordalie,ORdali
ordinaire,ORdinER
ordinairement,ORdinER°m@
ordinal,ORdinal
ordinant,ORdin@
ordinateur,ORdinat9R
ordination,ORdinasj§
ordo,ORdo
ordonnance,ORdon@s
ordonnancement,ORdon@s°m@
ordonnancer,ORdon@se
ordonnateur,ORdonat9R
ordonner,ORdone
ordonné,ORdone
ordre,ORdR
ordure,ORdyR
ordurier,ORdyRje
ore,OR
oreille,oREj
oreiller,oReje
oreillette,oREjEt
orfraie,ORfRE
orfèvre,ORfEvR
orfèvrerie,ORfEvR°Ri
organdi,ORg@di
organe,ORgan
organiciser,ORganisize
organigramme,ORganigRam
organique,ORganik
organiquement,ORganik°m@
organisateur,ORganizat9R
organisation,ORganizasj§
organiser,ORganize
organiseur,ORganiz9R
organisme,ORganizm
organiste,ORganist
organistique,ORganistik
organisé,ORganize
organométallique,ORganometalik
organon,ORgan§
orgasme,ORgasm
orgasmique,ORgasmik
orgastique,ORgastik
orge,ORZ
orgeat,ORZa
orgelet,ORZ°lE
orgiaque,ORZjak
orgiastique,ORZjastik
orgie,ORZi
orgue,ORg
orgueil,ORg9j
orgueilleusement,ORg9j2z°m@
orgueilleux,ORg9j2
oribus,oRibys
orient,oRj@
orientable,oRj@tabl
oriental,oRj@tal
orientalisme,oRj@talizm
orientaliste,oRj@talist
orientation,oRj@tasj§
orienter,oRj@te
orienteur,oRj@t9R
orienté,oRj@te
orifice,oRifis
oriflamme,oRiflam
origami,oRigami
origan,oRig@
originaire,oRiZinER
originairement,oRiZinER°m@
original,oRiZinal
originalement,oRiZinal°m@
originalité,oRiZinalite
origine,oRiZin
originel,oRiZinEl
originellement,oRiZinEl°m@
orignal,oRiNal
orillon,oRij§
orin,oR5
oriol,ORjOl
orlon,ORl§
orléanais,ORleanE
orléanisme,ORleanizm
orléaniste,ORleanist
orme,ORm
ormeau,ORmo
ornement,ORn°m@
ornemental,ORn°m@tal
ornementation,ORn°m@tasj§
ornementer,ORn°m@te
orner,ORne
ornithologie,ORnitoloZi
ornithologique,ORnitoloZik
ornithologue,ORnitolOg
ornithoptère,ORnitOptER
ornithorynque,ORnitoR5k
ornière,ORnjER
orné,ORne
orographie,OROgRafi
oronge,oR§Z
oropharynx,ORofaR5ks
orpailleur,ORpaj9R
orphelin,ORf°l5
orphelinat,ORf°lina
orphie,ORfi
orphique,ORfik
orphisme,ORfizm
orphée,ORfe
orphéon,ORfe§
orphéoniste,ORfeonist
orpiment,ORpim@
orpin,ORp5
orque,ORk
orsec,ORsEk
ort,OR
orteil,ORtEj
ortho,ORto
orthodontie,ORtod§si
orthodontique,ORtod§tik
orthodontiste,ORtod§tist
orthodoxe,ORtodOks
orthodoxie,ORtodOksi
orthogonal,ORtOgonal
orthographe,ORtogRaf
orthographier,ORtogRafje
orthographique,ORtogRafik
orthophonie,ORtofoni
orthophoniste,ORtofonist
orthoptère,ORtOptER
orthopédie,ORtopedi
orthopédique,ORtopedik
orthopédiste,ORtopedist
orthostatique,ORtostatik
ortie,ORti
ortolan,ORtol@
ortédrine,ORtedRin
orvet,ORvE
oryctérope,oRikteROp
oryx,oRiks
oréade,oRead
orée,oRe
orémus,oRemys
os,Os
oscar,OskaR
oscillant,osij@
oscillateur,osijat9R
oscillation,osijasj§
oscillatoire,osijatwaR
osciller,osije
oscillographe,osijogRaf
oscillomètre,osijomEtR
oscilloscope,osijoskOp
ose,oz
oseille,ozEj
oser,oze
oseraie,oz°Re
oseraient,oz°RE
osier,ozje
osmium,OsmjOm
osmonde,Osm§d
osmose,Osmoz
ossature,osatyR
osselet,Os°lE
ossement,Os°m@
osseux,os2
ossification,osifikasj§
osso buco,osobuko
ossuaire,os8ER
ost,Ost
ostensible,Ost@sibl
ostensiblement,Ost@sibl°m@
ostensoir,Ost@swaR
ostentation,Ost@tasj§
ostentatoire,Ost@tatwaR
ostentatoirement,Ost@tatwaR°m@
ostinato,Ostinato
ostracisme,OstRasizm
ostrogoth,OstRogo
ostréiculteur,OstReikylt9R
ostréiculture,OstReikyltyR
ostéoarthrite,OsteoaRtRit
ostéogenèse,OsteoZ°nEz
ostéologique,OsteOlOZik
ostéomyélite,Osteomjelit
ostéopathe,Osteopat
ostéopathie,Osteopati
ostéoporose,OsteopoRoz
ostéosarcome,OsteosaRkom
ostéotomie,OsteotOmi
osé,oze
otage,otaZ
otalgie,OtalZi
otarie,otaRi
otite,otit
oto-rhino,otoRino
oto-rhino-laryngologique,otoRinolaR5gOlOZik
oto-rhino-laryngologiste,otoRinolaR5goloZist
otoscope,OtOskOp
otospongiose,Otosp§Zjoz
ottoman,otom@
ottomane,otoman
ou,u
ouah,wa
ouaille,waj
ouais,wE
ouananiche,wananiS
ouaouaron,wawaR§
ouate,wat
ouateux,wat2
ouatiner,watine
ouaté,wate
oubli,ubli
oubliable,ublijabl
oublie,ubli
oublier,ublije
oubliette,ublijEt
oublieux,ublij2
oublié,ublije
ouche,uS
oued,wEd
ouest,wEst
ouest-allemand,wEstal°m@
ouf,uf
ougandais,ug@dE
ouh,u
oui,wi
oui-da,wida
ouiche,wiS
ouighour,uiguR
ouille,uj
ouistiti,wistiti
ouléma,ulema
ounce,awns
ouragan,uRag@
ourdir,uRdiR
ourdissage,uRdisaZ
ourdisseur,uRdis9R
ourdissoir,uRdiswaR
ourdou,uRdu
ourler,uRle
ourlet,uRlE
ouroboros,uRoboROs
ours,uRs
oursin,uRs5
ourson,uRs§
ousque,usk
oust,ust
oustachi,ustaSi
ouste,ust
out,awt
outarde,utaRd
outil,uti
outillage,utijaZ
outiller,utije
outilleur,utij9R
outillé,utije
outlaw,awtlo
outrage,utRaZ
outrageant,utRaZ@
outrager,utRaZe
outrageusement,utRaZ2z°m@
outrageux,utRaZ2
outrance,utR@s
outrancier,utR@sje
outre,utR
outre-atlantique,utRatl@tik
outre-manche,utR°m@S
outre-mer,utR°mER
outre-rhin,utR°R5
outre-tombe,utR°t§b
outrecuidance,utR°k8id@s
outrecuidant,utR°k8id@
outremer,utR°mER
outrepasser,utR°pase
outrer,utRe
outrigger,awtRig9R
outré,utRe
outsider,awtsajd9R
ouvert,uvER
ouvertement,uvERt°m@
ouverture,uvERtyR
ouvrable,uvRabl
ouvrage,uvRaZ
ouvrager,uvRaZe
ouvragé,uvRaZe
ouvrant,uvR@
ouvre-bouteille,uvR°butEj
ouvre-boîte,uvR°bwat
ouvre-boîtes,uvR°bwat
ouvrer,uvRe
ouvreur,uvR9R
ouvrier,uvRije
ouvrir,uvRiR
ouvriérisme,uvRijeRizm
ouvriériste,uvRijeRist
ouvroir,uvRwaR
ouvré,uvRe
ouzo,uzo
ouï-dire,widiR
ouïe,wi
ouïgour,uiguR
ouïr,wiR
ovaire,ovER
ovalaire,ovalER
ovale,oval
ovariectomie,OvaRjEktOmi
ovarien,ovaRj5
ovariotomie,ovaRjotomi
ovation,ovasj§
ovationner,ovasjone
ove,Ov
overdose,Ov9Rdoz
overdrive,Ov9RdRajv
ovibos,ovibOs
ovin,ov5
ovipare,ovipaR
ovni,Ovni
ovocyte,ovosit
ovoïdal,ovoidal
ovoïde,ovoid
ovulaire,ovylER
ovulation,ovylasj§
ovule,ovyl
ovuler,ovyle
oxalate,Oksalat
oxer,Okse
oxfordien,OksfORdj5
oxhydrique,OksidRik
oxo,Okso
oxychlorure,OksiklORyR
oxydant,Oksid@
oxydation,Oksidasj§
oxyde,Oksid
oxyder,Okside
oxygène,OksiZEn
oxygénation,OksiZenasj§
oxygéner,OksiZene
oxygéné,OksiZene
oxymore,OksimOR
oxymoron,OksimoR§
oxymétrie,OksimetRi
oyant,waj@
oyat,oja
oye,wa
ozone,ozon
oïl,Ojl
où,u
p.,pe
p.m.,peEm
pa,pa
pacage,pakaZ
pacemaker,pEs°mEk9R
pacha,paSa
pachinko,patSinko
pachon,paS§
pachyderme,paSidERm
pachydermique,paSidERmik
pacificateur,pasifikat9R
pacification,pasifikasj§
pacifier,pasifje
pacifique,pasifik
pacifiquement,pasifik°m@
pacifisme,pasifizm
pacifiste,pasifist
pack,pak
package,pakaZ
packaging,pakaZiG
packson,paks§
pacotille,pakotij
pacs,paks
pacsif,pakif
pacson,paks§
pacte,pakt
pactiser,paktize
pactole,paktOl
pad,pad
paddock,padOk
paddocker,padok9R
paddy,padi
paella,paela
paf,paf
pagaie,pagE
pagaille,pagaj
pagailleux,pagaj2
paganisme,paganizm
pagaye,pagaj
pagayer,pageje
pagayeur,pagEj9R
pagaïe,pagaj
page,paZ
pageot,paZo
pager,paZe
pagination,paZinasj§
paginer,paZine
pagne,paN
pagnon,paN§
pagnoter,paNote
pagode,pagOd
pagodon,pagod§
pagure,pagyR
pagus,pagys
paie,pE
paiement,pEm@
paierie,peRi
paillard,pajaR
paillardement,pajaRd2m@
paillardise,pajaRdiz
paillasse,pajas
paillasson,pajas§
paille,paj
pailler,paje
pailleter,paj°te
paillette,pajEt
pailleté,paj°te
pailleux,paj2
paillis,paji
paillon,paj§
paillot,pajo
paillote,pajOt
paillu,pajy
paillé,paje
pain,p5
pair,pER
paire,pER
pairie,peRi
paisible,pezibl
paisiblement,pezibl°m@
paiute,pajyt
paix,pE
pakistanais,pakistanE
pakistano,pakistano
pal,pal
palabre,palabR
palabrer,palabRe
palabreur,palabR9R
palace,palas
paladin,palad5
palais,palE
palan,pal@
palanche,pal@S
palangrotte,pal@gROt
palanquer,pal@ke
palanquin,pal@k5
palastre,palastR
palatin,palat5
palatisation,palatizasj§
palazzo,paladzo
pale,pal
palefrenier,pal°fR°nje
palefroi,pal°fRwa
paleron,pal°R§
palestinien,palEstinj5
palestre,palEstR
palet,palE
paletot,pal°to
palette,palEt
palier,palje
palikare,palikaR
palilalie,palilali
palimpseste,pal5psEst
palindrome,pal5dRom
palinodie,palinodi
palinodier,palinOdje
palis,pali
palissade,palisad
palissandre,palis@dR
palissonnage,palisOnaZ
palladium,paladjOm
palle,pal2
palliatif,paljatif
pallier,palje
palma-christi,palmakRisti
palmaire,palmER
palmarès,palmaREs
palme,palm
palmer,palmER
palmer,palme
palmeraie,palm°Re
palmette,palmEt
palmier,palmje
palmipède,palmipEd
palmiste,palmist
palmure,palmyR
palombe,pal§b
palonnier,palonje
palot,palo
palourde,paluRd
palpable,palpabl
palpation,palpasj§
palpe,palp
palper,palpe
palpeur,palp9R
palpitant,palpit@
palpitation,palpitasj§
palpitement,palpit°m@
palpiter,palpite
palsambleu,pals@bl2
paltoquet,paltokE
palu,paly
paluche,palyS
palucher,palySe
paludamentum,palydam@tOm
paludisme,palydizm
paludière,palydjER
palus,paly
palustre,palystR
palynologie,palinOlOZi
palé,pale
paléo,paleo
paléographie,paleogRafi
paléolithique,paleolitik
paléontologie,pale§toloZi
paléontologiste,pale§toloZist
paléontologue,pale§tolOg
paléozoïque,paleozoik
palétuvier,paletyvje
pampa,p@pa
pampero,p@p°Ro
pamphlet,p@flE
pamphlétaire,p@fletER
pamplemousse,p@pl°mus
pamplemoussier,p@pl°musje
pampre,p@pR
pan,p@
pan bagnat,p@baNa
panachage,panaSaZ
panache,panaS
panacher,panaSe
panaché,panaSe
panacée,panase
panade,panad
panais,panE
panama,panama
panaméen,paname5
panaméenne,panameEn
panaméricain,panameRik5
panarabisme,panaRabizm
panard,panaR
panaris,panaRi
panatella,panatEla
panathénaïque,panatenaik
panathénées,panatene
pancake,p@kEk
pancarte,p@kaRt
panceltique,p@sEltik
pancetta,p@sEta
panclastite,p@klastit
pancrace,p@kRas
pancréas,p@kReas
pancréatectomie,p@kReatEktOmi
pancréatique,p@kReatik
pancréatite,p@kReatit
panda,p@da
pandanus,p@danys
pandit,p@di
pandore,p@dOR
pandémie,p@demi
pandémonium,p@demonjOm
panel,panEl
paner,pane
panetier,pan°tje
pangermanisme,p@ZERmanizm
panic,panik
panier,panje
panier-repas,panjeR°pa
panification,panifikasj§
panini,panini
paniquant,panik@
panique,panik
paniquer,panike
paniqué,panike
panis,pani
panière,panjER
panka,p@ka
panne,pan
panneau,pano
panneau-réclame,panoReklam
panner,pane
panneton,pan°t§
panné,pane
pano,pano
panonceau,pan§so
panoplie,panopli
panorama,panoRama
panoramique,panoRamik
panoramiquer,panoRamike
panosse,panOs
panouille,panuj
pansage,p@saZ
panse,p@s
pansement,p@s°m@
panser,p@se
panspermie,p@spERmi
pansu,p@sy
pantagruélique,p@tagRyelik
pantalon,p@tal§
pantalonnade,p@talonad
pante,p@t
pantelant,p@t°l@
panteler,p@t°le
panthère,p@tER
panthéisme,p@teizm
panthéiste,p@teist
panthéon,p@te§
pantin,p@t5
pantins,p@t5
pantière,p@tjER
pantocrator,p@tOkRatOR
pantographe,p@togRaf
pantois,p@twa
pantomime,p@tomim
pantouflard,p@tuflaR
pantoufle,p@tufl
pantoufler,p@tufle
panty,p@ti
panurge,panyRZ
panurgisme,panyRZizm
panzer,p@nzER
pané,pane
panégyrique,paneZiRik
paolo,paOlo
paon,p@
papa,papa
papa-cadeau,papakado
papable,papabl
papal,papal
papamobile,papamObil
paparazzi,papaRadzi
paparazzo,papaRadzo
papas,papa
papauté,papote
papaver,papavER
papavérine,papaveRin
papaye,papaj
papayer,papaje
pape,pap
papegai,papgE
papelard,pap°laR
paperasse,pap°Ras
paperasser,pap°Rase
paperasserie,pap°Ras°Ri
paperassier,pap°Rasje
papesse,papEs
papet,papE
papeterie,papet°Ri
papetier,pap°tje
papi,papi
papier,papje
papier-cadeau,papjekado
papier-monnaie,papjemonE
papilionacé,papiljOnase
papillaire,papilER
papille,papij
papillomavirus,papijOmaviRys
papillon,papij§
papillonnage,papijonaZ
papillonnant,papijon@
papillonnement,papijOn°m@
papillonner,papijone
papillotant,papijot@
papillote,papijOt
papilloter,papijote
papisme,papizm
papiste,papist
papotage,papotaZ
papoter,papote
papou,papu
papouille,papuj
papouiller,papuje
paprika,papRika
papy,papi
papyrus,papiRys
papé,pape
paqson,paks§
paquebot,pak°bo
paquet,pakE
paquet-cadeau,pakEkado
paquetage,pak°taZ
paquets-cadeaux,pakEkado
paqueté,pak°te
par,paR
par mégarde,paRmegaRd
par-ci,paRsi
par-dedans,paRd°d@
par-delà,paRd°la
par-derrière,paRdERjER
par-dessous,paRd°su
par-dessus,paRd°sy
par-devant,paRd°v@
par-devers,paRd°vER
para,paRa
para-humain,paRaym5
parabellum,paRabelOm
parabole,paRabOl
parabolique,paRabolik
paraboliquement,paRabOlik°m@
paraboloïde,paRabOlOid
parachever,paRaS°ve
parachutage,paRaSytaZ
parachute,paRaSyt
parachuter,paRaSyte
parachutisme,paRaSytizm
parachutiste,paRaSytist
parachèvement,paRaSEv°m@
paraclet,paRaklE
paracétamol,paRasetamOl
parade,paRad
parader,paRade
paradigme,paRadigm
paradis,paRadi
paradisiaque,paRadizjak
parador,paRadOR
parados,paRado
paradoxal,paRadOksal
paradoxalement,paRadOksal°m@
paradoxe,paRadOks
paradoxie,paRadOksi
parafer,paRafe
paraffine,paRafin
paraffiné,paRafine
parage,paRaZ
paragraphe,paRagRaf
paraguayen,paRagwaj5
parait,paRE
parallaxe,paRalaks
parallèle,paRalEl
parallèlement,paRalEl°m@
parallélisme,paRalelizm
paralléliste,paRalelist
parallélogramme,paRalelogRam
parallélépipède,paRalelepipEd
parallélépipédique,paRalelepipedik
paralysant,paRaliz@
paralyser,paRalize
paralysie,paRalizi
paralysé,paRalize
paralytique,paRalitik
paramagnétique,paRamaNetik
paramilitaire,paRamilitER
paramnésie,paRamnezi
paramètre,paRamEtR
paramédical,paRamedikal
paramétrique,paRametRik
parangon,paR@g§
parano,paRano
paranormal,paRanORmal
paranoïa,paRanoja
paranoïaque,paRanojak
paranoïde,paRanoid
paranéoplasique,paRaneoplazik
parapente,paRap@t
parapet,paRapE
parapharmacie,paRafaRmasi
paraphe,paRaf
parapher,paRafe
paraphrase,paRafRaz
paraphraser,paRafRaze
parapluie,paRapl8i
paraplégique,paRapleZik
parapsychique,paRapsiSik
parapsychologie,paRapsikoloZi
parapsychologique,paRapsikoloZik
parapsychologue,paRapsikolOg
parascolaire,paRaskolER
parascève,paRasEv
parasitaire,paRazitER
parasite,paRazit
parasiter,paRazite
parasiticide,paRazitisid
parasitisme,paRazitizm
parasitologie,paRazitoloZi
parasitose,paRazitoz
parasol,paRasOl
paratonnerre,paRatonER
paravent,paRav@
paraître,paREtR
parbleu,paRbl2
parc,paRk
parcage,paRkaZ
parce,paRs
parce qu,paRs°k
parce que,paRs°k
parcellaire,paRselER
parcelle,paRsEl
parchemin,paRS°m5
parcheminé,paRS°mine
parcimonie,paRsimoni
parcimonieusement,paRsimonj2z°m@
parcimonieux,paRsimonj2
parcmètre,paRkmEtR
parcomètre,paRkomEtR
parcourir,paRkuRiR
parcours,paRkuR
pardessus,paRd°sy
pardi,paRdi
pardieu,paRdj2
pardingue,paRd5g
pardon,paRd§
pardonnable,paRdonabl
pardonner,paRdone
pare-balle,paRbal
pare-balles,paRbal
pare-boue,paRbu
pare-brise,paRbRiz
pare-chocs,paRSOk
pare-feu,paRf2
pare-feux,paRf2
pare-soleil,paRsolEj
pare-éclats,paRekla
pare-étincelles,paRet5sEl
pareil,paREj
pareillement,paREj°m@
parement,paR°m@
parenchyme,paR@Sim
parent,paR@
parentage,paR@taZ
parental,paR@tal
parenthèse,paR@tEz
parentèle,paR@tEl
parenté,paR@te
parer,paRe
paresse,paREs
paresser,paRese
paresseusement,paREs2z°m@
paresseux,paREs2
paresthésie,paREstezi
pareur,paR9R
parfaire,paRfER
parfait,paRfE
parfaitement,paRfEt°m@
parfois,paRfwa
parfum,paRf1
parfumer,paRfyme
parfumerie,paRfym°Ri
parfumeur,paRfym9R
parfumé,paRfyme
pari,paRi
paria,paRja
pariade,paRjad
parier,paRje
parieur,paRj9R
parigot,paRigo
paris-brest,paRibREst
parisien,paRizj5
paritaire,paRitER
parité,paRite
pariétal,paRjetal
parjure,paRZyR
parjurer,paRZyRe
parka,paRka
parking,paRkiG
parkinson,paRkinsOn
parkinsonien,paRkinsonj5
parlant,paRl@
parlante,paRl@t
parlement,paRl°m@
parlementaire,paRl°m@tER
parlementarisme,paRl°m@taRizm
parlementariste,paRl°m@taRist
parlementer,paRl°m@te
parler,paRle
parlerie,paRl°Ri
parleur,paRl9R
parloir,paRlwaR
parlophone,paRlOfOn
parlote,paRlOt
parloter,paRlote
parlotte,paRlOt
parlé,paRle
parme,paRm
parmentier,paRm@tje
parmesan,paRm°z@
parmi,paRmi
parménidien,paRmenidj5
parodie,paRodi
parodier,paRodje
parodique,paRodik
parodiquement,paRodik°m@
parodontal,paRod§tal
paroi,paRwa
paroir,paRwaR
paroisse,paRwas
paroissial,paRwasjal
paroissien,paRwasj5
parole,paROl
paroli,paRoli
parolier,paRolje
paronomasie,paRonomazi
paros,paROs
parousie,paRuzi
paroxysme,paROksizm
paroxysmique,paROksismik
paroxystique,paROksistik
parpaillot,paRpajo
parpaing,paRp5
parque,paRk
parquer,paRke
parquet,paRkE
parquetage,paRk°taZ
parqueteur,paRk°t9R
parr,paR
parrain,paR5
parrainage,paREnaZ
parrainer,paREne
parricide,paRisid
pars,paR
parsec,paRsEk
parsemer,paRs°me
parsemé,paRs°me
parsi,paRsi
part,paR
part time,paRtajm
partage,paRtaZ
partageable,paRtaZabl
partageant,paRtaZ@
partager,paRtaZe
partageur,paRtaZ9R
partageux,paRtaZ2
partagé,paRtaZe
partance,paRt@s
partant,paRt@
partenaire,paRt°nER
partenaire-robot,paRt°nERRobo
partenariat,paRt°naRja
parterre,paRtER
parthe,paRt
parthique,paRtik
parthénogenèse,paRtenoZenEz
parthénogénèse,paRtenoZenEz
parthénogénétique,paRtenoZenetik
parti,paRti
partial,paRsjal
partialité,paRsjalite
participant,paRtisip@
participation,paRtisipasj§
participe,paRtisip
participer,paRtisipe
particularisme,paRtikylaRizm
particularité,paRtikylaRite
particule,paRtikyl
particulier,paRtikylje
particulièrement,paRtikyljER°m@
partie,paRti
partiel,paRsjEl
partiellement,paRsjEl°m@
partir,paRtiR
partisan,paRtiz@
partita,paRtita
partitif,paRtitif
partition,paRtisj§
partner,paRtnER
partouse,paRtuz
partouser,paRtuze
partout,paRtu
partouze,paRtuz
partouzer,paRtuze
partouzeur,paRtuz9R
parturiente,paRtyRj@t
parturition,paRtyRisj§
party,paRti
parure,paRyR
parution,paRysj§
parvenir,paRv°niR
parvenu,paRv°ny
parvis,paRvi
parâtre,paRatR
paré,paRe
parégorique,paRegoRik
paréo,paReo
parésie,paRezi
pas,pa
pas-de-porte,padpORt
pas-je,paZ2
pascal,paskal
pascalien,paskalj5
paseo,paseo
pasionaria,pazjonaRja
paso,pazo
paso doble,pazodObl
paso-doble,pasodOble
pasque,pask
passable,pasabl
passablement,pasabl°m@
passade,pasad
passage,pasaZ
passager,pasaZe
passagèrement,pasaZER°m@
passant,pas@
passation,pasasj§
passavant,pasav@
passe,pas
passe-boule,pasbul
passe-boules,pasbul
passe-crassane,paskRasan
passe-droit,pasdRwa
passe-la-moi,paslamwa
passe-lacet,paslasE
passe-montagne,pasm§taN
passe-muraille,pasmyRaj
passe-partout,paspaRtu
passe-passe,paspas
passe-pied,paspje
passe-plat,paspla
passe-temps,past@
passement,pas°m@
passementerie,pas°m@t°Ri
passementier,pas°m@tje
passepoil,paspwal
passeport,paspOR
passer,pase
passereau,pas°Ro
passerelle,pas°REl
passeur,pas9R
passible,pasibl
passif,pasif
passiflore,pasiflOR
passim,pasim
passing,pasiG
passion,pasj§
passionnant,pasjon@
passionnel,pasjonEl
passionnellement,pasjonEl°m@
passionner,pasjone
passionné,pasjone
passionnément,pasjonem@
passivement,pasiv°m@
passiver,pasive
passiveté,pasiv°te
passivité,pasivite
passoire,paswaR
passé,pase
passéiste,paseist
past,past
pastaga,pastaga
pastel,pastEl
pastenague,past2nag
pasteur,past9R
pasteurella,past2REla
pasteurisation,past9Rizasj§
pasteuriser,past9Rize
pasteurisé,past9Rize
pastiche,pastiS
pasticher,pastiSe
pasticheur,pastiS9R
pastille,pastij
pastiller,pastije
pastis,pastis
pastophore,pastofOR
pastoral,pastoRal
pastorale,pastoRal
pastour,pastuR
pastoureau,pastuRo
pastèque,pastEk
pat,pat
patache,pataS
patachon,pataS§
patagon,patag§
patagonien,patagonj5
patapouf,patapuf
pataquès,patakEs
patarin,pataR5
patata,patata
patate,patat
patati,patati
patatras,patatRa
pataud,pato
pataugas,patoga
pataugeoire,patoZwaR
patauger,patoZe
pataugis,patoZi
patch,patS
patchouli,patSuli
patchwork,patSw9Rk
patelin,pat°l5
patellaire,patElER
patent,pat@
patente,pat@t
patenté,pat@te
pater,patER
pater familias,patERfamiljas
pater noster,patERnOstER
paternalisme,patERnalizm
paternaliste,patERnalist
paterne,patERn
paternel,patERnEl
paternellement,patERnEl°m@
paternité,patERnite
pathogène,patoZEn
pathogénique,patOZenik
pathologie,patoloZi
pathologique,patoloZik
pathologiquement,patoloZik°m@
pathologiste,patoloZist
pathos,patos
pathétique,patetik
pathétiquement,patetik°m@
pathétisme,patetizm
patibulaire,patibylER
patiemment,pasjam@
patience,pasj@s
patient,pasj@
patienter,pasj@te
patin,pat5
patinage,patinaZ
patine,patin
patiner,patine
patinette,patinEt
patineur,patin9R
patinoire,patinwaR
patio,patjo
patoche,patOS
patois,patwa
patouillard,patujaR
patraque,patRak
patri,patRi
patriarcal,patRijaRkal
patriarcat,patRijaRka
patriarche,patRijaRS
patriarchie,patRiaRSi
patriciat,patRisja
patricien,patRisj5
patrie,patRi
patrilinéaire,patRilineER
patrimoine,patRimwan
patrimonial,patRimonjal
patriotard,patRijotaR
patriote,patRijOt
patriotique,patRijotik
patriotiquement,patRijotik°m@
patriotisme,patRijotizm
patron,patR§
patronage,patRonaZ
patronal,patRonal
patronat,patRona
patronner,patRone
patronnesse,patRonEs
patronyme,patRonim
patronymique,patRonimik
patrouille,patRuj
patrouiller,patRuje
patrouilleur,patRuj9R
patte,pat
pattemouille,pat°muj
pattern,pat9Rn
pattu,paty
paturon,patyR§
patène,patEn
patère,patER
pauchouse,poSuz
pauline,polin
paume,pom
paumelle,pomEl
paumer,pome
paumé,pome
paupiette,popjEt
paupière,popjER
paupérisation,popeRizasj§
paupérisme,popeRizm
pause,poz
pause-café,pozkafe
pauser,poze
pauvre,povR
pauvrement,povR°m@
pauvresse,povREs
pauvret,povRE
pauvrette,povREt
pauvreté,povR°te
pavage,pavaZ
pavane,pavan
pavaner,pavane
pavement,pav°m@
paver,pave
paveton,pav°t§
paveur,pav9R
pavillon,pavij§
pavillonnaire,pavijonER
pavlovien,pavlOvj5
pavois,pavwa
pavoisement,pavwaz°m@
pavoiser,pavwaze
pavot,pavo
pavé,pave
pax americana,paksameRikana
paxon,paks§
payable,pEjabl
payant,pEj@
paye,pEj
payement,pEjm@
payer,peje
payeur,pEj9R
pays,pei
paysage,peizaZ
paysager,peizaZe
paysagiste,peizaZist
paysagé,peizaZe
paysan,peiz@
paysannerie,peizan°Ri
payse,peiz
payé,peje
paître,pEtR
païen,paj5
pc,pese
pchitt,pSit
peanuts,pin9ts
peau,po
peau-rouge,poRuZ
peaucier,posje
peaufinage,pofinaZ
peaufiner,pofine
peausserie,pos°Ri
peaussier,posje
pec,pEk
peccable,pEkabl
peccadille,pekadij
peccata,pekata
peccavi,pekavi
pecorino,p°koRino
pectoral,pEktoRal
pedigree,pedigRe
pedzouille,pedzuj
peeling,piliG
peigne,pEN
peigne-cul,pENky
peigne-zizi,pENzizi
peigner,peNe
peignoir,pENwaR
peigné,peNe
peignée,peNe
peinard,pEnaR
peinardement,pEnaRd°m@
peindre,p5dR
peine,pEn
peiner,pene
peineuse,pEn2z
peint,p5
peintre,p5tR
peinture,p5tyR
peinturlurer,p5tyRlyRe
peinturlureur,p5tyRlyR9R
pelade,p°lad
pelage,p°laZ
peler,p°le
pelisse,p°lis
pellagre,pelagR
pelle,pEl
pelle-bêche,pElbES
pelle-pioche,pElpjOS
pelletage,pEl°taZ
pelleter,pEl°te
pelleterie,pElEt°Ri
pelleteur,pEl°t9R
pelletée,pEl°te
pelliculaire,pElikylER
pellicule,pelikyl
pelloche,pElOS
pelotage,p°lotaZ
pelote,p°lOt
peloter,p°lote
peloteur,p°lot9R
peloton,p°lot§
pelotonner,p°lotone
pelouse,p°luz
peluche,p°lyS
pelucheux,p°lyS2
pelure,p°lyR
pelvien,pElvj5
pelvis,pElvis
pelé,p°le
pembina,p@bina
pemmican,pemik@
penalties,penalti
penalty,penalti
penaud,p°no
pence,pEns
penchant,p@S@
penchement,p@S°m@
pencher,p@Se
penché,p@Se
pendable,p@dabl
pendaison,p@dEz§
pendant,p@d@
pendard,p@daR
pendeloque,p@d°lOk
pendentif,p@d@tif
penderie,p@d°Ri
pendeur,p@d9R
pendjabi,pEndZabi
pendouiller,p@duje
pendre,p@dR
pendu,p@dy
pendulaire,p@dylER
pendule,p@dyl
pendulette,p@dylEt
pennage,pEnaZ
penne,pEn
pennies,pEni
pennon,pEn§
penny,peni
penon,p°n§
pensable,p@sabl
pensant,p@s@
pense-bête,p@sbEt
penser,p@se
penseur,p@s9R
pensif,p@sif
pension,p@sj§
pensionnaire,p@sjonER
pensionnat,p@sjona
pensionner,p@sjone
pensionné,p@sjone
pensivement,p@siv°m@
pensum,p5sOm
pensée,p@se
pentacle,p5takl
pentagonal,p5tagOnal
pentagone,p5tagon
pentagramme,p5tagRam
pentamètre,p5tamEtR
pentasyllabe,p5tasilab
pentateuque,p5tat2k
pentathlon,p5tatl§
pente,p@t
pentecôte,p@tkot
pentecôtiste,p@tkotist
penthiobarbital,p5tjObaRbital
penthotal,p5total
penthouse,p@tuz
pentothal,p5total
pentu,p@ty
penture,p@tyR
pentélique,p5telik
people,pip9l
pep,pEp
peppermint,pEpERmint
pepsine,pEpsin
peptide,pEptid
peptique,pEptik
percale,pERkal
perce,pERs
perce-oreille,pERsoREj
perce-pierre,pERspjER
percement,pERs°m@
percepteur,pERsEpt9R
perceptible,pERsEptibl
perceptif,pERsEptif
perception,pERsEpsj§
percer,pERse
perceur,pERs9R
percevant,pERs°v@
percevoir,pERs°vwaR
perche,pERS
percher,pERSe
percheron,pERS°R§
perchiste,pERSist
perchlorate,pERkloRat
perchlorique,pERklORik
perchman,pERSman
perchoir,pERSwaR
perchée,pERSe
perclus,pERkly
perco,pERko
percolateur,pERkolat9R
percolation,pERkOlasj§
percoler,pERkOle
percussion,pERkysj§
percussionniste,pERkysjonist
percutant,pERkyt@
percuter,pERkyte
percuteur,pERkyt9R
percé,pERse
percée,pERse
perdant,pERd@
perdition,pERdisj§
perdre,pERdR
perdreau,pERdRo
perdrix,pERdRi
perdu,pERdy
perdurable,pERdyRabl
perdurer,pERdyRe
perestroïka,peREstRoika
perfectibilité,pERfEktibilite
perfectible,pERfEktibl
perfection,pERfEksj§
perfectionnement,pERfEksjOn°m@
perfectionner,pERfEksjone
perfectionnisme,pERfEksjonizm
perfectionniste,pERfEksjonist
perfecto,pERfEkto
perfide,pERfid
perfidement,pERfid°m@
perfidie,pERfidi
perforage,pERfoRaZ
perforant,pERfoR@
perforateur,pERfoRat9R
perforation,pERfoRasj§
perforer,pERfoRe
perforeuse,pERfoR2z
performance,pERfORm@s
performant,pERfORm@
performer,pERfORm9R
perforé,pERfoRe
perfuser,pERfyze
perfusion,pERfyzj§
pergola,pERgola
pergélisol,pERZelisOl
perle,pERl
perler,pERle
perlimpinpin,pERl5p5p5
perlière,pERljER
perlot,pERlo
perlouse,pERluz
perlouze,pERluz
perlé,pERle
perm,pERm
permafrost,pERmafRost
permalloy,pERmalOj
permanence,pERman@s
permanent,pERman@
permanente,pERman@t
permanenter,pERman@te
permanganate,pERm@ganat
perme,pERm
permettre,pERmEtR
permis,pERmi
permission,pERmisj§
permissionnaire,pERmisjonER
permissivité,pERmisivite
permutant,pERmyt@
permutation,pERmytasj§
permuter,pERmyte
perméabilité,pERmeabilite
perméable,pERmeabl
pernicieux,pERnisj2
pernod,pERno
peroxydase,pEROksidaz
peroxyde,peROksid
perpendiculaire,pERp@dikylER
perpendiculairement,pERp@dikylER°m@
perpette,pERpEt
perpignan,pERpiN@
perplexe,pERplEks
perplexité,pERplEksite
perpète,pERpEt
perpétration,pERpetRasj§
perpétrer,pERpetRe
perpétuation,pERpet8asj§
perpétuel,pERpet8El
perpétuellement,pERpet8El°m@
perpétuer,pERpet8e
perpétuité,pERpet8ite
perpétué,pERpet8e
perquise,pERkiz
perquisition,pERkizisj§
perquisitionner,pERkizisjone
perrier,pERje
perron,pER§
perroquet,pERokE
perruche,pERyS
perruque,pERyk
perruquier,pERykje
perré,pERe
pers,pER
persan,pERs@
perse,pERs
persienne,pERsjEn
persiflage,pERsiflaZ
persifler,pERsifle
persifleur,pERsifl9R
persiflé,pERsifle
persil,pERsi
persillé,pERsije
persique,pERsik
persistance,pERsist@s
persistant,pERsist@
persister,pERsiste
perso,pERso
persona grata,pERsonagRata
persona non grata,pERsonan§gRata
personnage,pERsonaZ
personnage-clé,pERsonaZkle
personnalisation,pERsonalizasj§
personnaliser,pERsonalize
personnalisme,pERsonalizm
personnalisé,pERsonalize
personnalité,pERsonalite
personne,pERsOn
personnel,pERsonEl
personnellement,pERsonEl°m@
personnes,pERsOn
personnification,pERsonifikasj§
personnifier,pERsonifje
personnifié,pERsonifje
perspective,pERspEktiv
perspicace,pERspikas
perspicacité,pERspikasite
perspiration,pERspiRasj§
persuader,pERs8ade
persuadé,pERs8ade
persuasif,pERs8azif
persuasion,pERs8azj§
persécuter,pERsekyte
persécuteur,pERsekyt9R
persécution,pERsekysj§
persécuté,pERsekyte
perséides,pERseid
persévéramment,pERseveRam@
persévérance,pERseveR@s
persévérant,pERseveR@
persévérer,pERseveRe
perte,pERt
pertinemment,pERtinam@
pertinence,pERtin@s
pertinent,pERtin@
pertuis,pERt8i
pertuisane,pERt8izan
perturbant,pERtyRb@
perturbateur,pERtyRbat9R
perturbation,pERtyRbasj§
perturber,pERtyRbe
perturbé,pERtyRbe
pervenche,pERv@S
pervers,pERvER
perversement,pERvERs°m@
perversion,pERvERsj§
perversité,pERvERsite
perverti,pERvERti
pervertir,pERvERtiR
perçage,pERsaZ
perçant,pERs@
perçu,pERsy
pesage,p2zaZ
pesamment,p2zam@
pesant,p2z@
pesanteur,p2z@t9R
peser,p2ze
peseta,pezeta
peso,pezo
peson,p2z§
pessah,pesa
pessaire,pEsER
pesse,pEs
pessimisme,pesimizm
pessimiste,pesimist
peste,pEst
pester,pEste
pesticide,pEstisid
pestiféré,pEstifeRe
pestilence,pEstil@s
pestilentiel,pEstil@sjEl
pesée,p°ze
pet,pE
pet-de-loup,pEd°lu
petiot,p°tjo
petit,p°ti
petit-beurre,p°tib9R
petit-bourgeois,p°tibuRZwa
petit-cousin,p°tikuz5
petit-déjeuner,p°tideZ9ne
petit-fils,p°tifis
petit-four,p°tifuR
petit-gris,p°tigRi
petit-lait,p°tilE
petit-maître,p°timEtR
petit-neveu,p°tin°v2
petit-nègre,p°tinEgR
petit-salé,p°tisale
petit-suisse,p°tis8is
petite-bourgeoise,p°titbuRZwaz
petite-cousine,p°titkuzin
petite-fille,p°titfij
petite-nièce,p°titnjEs
petitement,p°tit°m@
petitesse,p°titEs
peton,p°t§
petzouille,pEtzuj
peu,p2
peu ou prou,p2upRu
peuchère,p2SER
peuh,p2
peuhl,p2l
peul,p2l
peulh,p2l
peuplade,p2plad
peuple,p2pl
peuplement,p2pl°m@
peupler,p2ple
peupleraie,p2pl°RE
peuplier,p2plije
peuplé,p2ple
peur,p2R
peureusement,p2R2z°m@
peureux,p2R2
peut-être,p2tEtR
peyotl,pEjOtl
pfennig,pfenig
pff,pf
pfft,pft
pfutt,pfyt
ph,peaS
phacochère,fakoSER
phagocyte,fagosit
phagocyter,fagosite
phalange,fal@Z
phalangine,fal@Zin
phalangisme,fal@Zizm
phalangiste,fal@Zist
phalanstère,fal@stER
phalarope,falaROp
phallique,falik
phallo,falo
phallocentrique,falos@tRik
phallocrate,falokRat
phallocratie,falokRasi
phallocratique,falokRatik
phallologie,faloloZi
phallophore,falofOR
phallus,falys
phalène,falEn
phalère,falER
phantasme,f@tasm
pharamineux,faRamin2
pharaon,faRa§
pharaonique,faRaonik
phare,faR
pharisaïque,faRizaik
pharisaïsme,faRizaizm
pharisien,faRizj5
pharma,faRma
pharmaceutique,faRmas2tik
pharmacie,faRmasi
pharmacien,faRmasj5
pharmaco,faRmako
pharmacognosie,faRmakognozi
pharmacologie,faRmakoloZi
pharmacologique,faRmakoloZik
pharmacomanie,faRmakomani
pharmacopée,faRmakope
pharmacothérapie,faRmakoteRapi
pharyngite,faR5Zit
pharynx,faR5ks
phascolome,faskOlOm
phase,faz
phaéton,faet§
phi,fi
philanthrope,fil@tROp
philanthropie,fil@tRopi
philanthropique,fil@tRopik
philarète,filaREt
philatélie,filateli
philatéliste,filatelist
philharmonie,filaRmOni
philharmonique,filaRmonik
philhellène,filElEn
philippin,filip5
philistin,filist5
philo,filo
philodendron,filod@dR§
philologie,filoloZi
philologique,filoloZik
philologue,filolOg
philosophaillerie,filozofaj°Ri
philosophal,filOzOfal
philosophant,filozof@
philosophard,filOzOfaR
philosophe,filozOf
philosopher,filozofe
philosophie,filozofi
philosophique,filozofik
philosophiquement,filozofik°m@
philosémitisme,filozemitizm
philotechnique,filotEknik
philtre,filtR
phimosis,fimozis
phlox,flOks
phlébite,flebit
phlébographie,flebOgRafi
phlébologue,flebOlOg
phlébotomie,flebOtOmi
phobie,fobi
phobique,fobik
phoenix,feniks
phonatoire,fonatwaR
phone,fon
phonique,fonik
phono,fono
phonographe,fonogRaf
phonologie,fonoloZi
phonéticien,fonetisj5
phonétique,fonetik
phonétiquement,fonetik°m@
phoque,fOk
phosgène,fOsZEn
phosphatase,fOsfataz
phosphate,fOsfat
phosphatine,fOsfatin
phospholipide,fOsfolipid
phosphore,fOsfOR
phosphorescence,fOsfoRes@s
phosphorescent,fOsfoRes@
phosphorylation,fOsfORilasj§
phosphoré,fOsfORe
phosphène,fOsfEn
phot,fOt
photique,fOtik
photo,foto
photo-finish,fOtofiniS
photo-robot,fotoRobo
photo-électrique,fotoelEktRik
photochimique,fOtoSimik
photocomposition,fotok§pozisj§
photoconducteur,fOtok§dykt9R
photocopie,fotokopi
photocopier,fotokopje
photocopieur,fotokopj9R
photogramme,fotogRam
photographe,fotogRaf
photographiable,fotogRafjabl
photographie,fotogRafi
photographier,fotogRafje
photographique,fotogRafik
photograveur,fotogRav9R
photogravure,fotogRavyR
photogénie,fotoZeni
photogénique,fotoZenik
photojournalisme,fOtoZuRnalism
photojournaliste,fOtoZuRnalist
photomaton,fotomat§
photomicrographie,fOtomikRogRafi
photomontage,fotom§taZ
photon,fot§
photonique,fotonik
photophobie,fOtofObi
photopile,fotopil
photopériodique,fotopeRjodik
photosensibilité,fotos@sibilite
photosensible,fotos@sibl
photostat,fOtosta
photosynthèse,fotos5tEz
phototaxie,fOtotaksi
phototype,fOtotip
photovoltaïque,fotovOltaik
photoélectrique,fotoelEktRik
phrase,fRaz
phrase-clé,fRazkle
phrase-robot,fRazRobo
phraser,fRaze
phraseur,fRaz9R
phrasé,fRaze
phraséologie,fRazeoloZi
phraséologique,fRazeoloZik
phrygien,fRiZj5
phréatique,fReatik
phrénique,fRenik
phrénologie,fRenOlOZi
phrénologiste,fRenoloZist
phtaléine,ftalein
phtiriasis,ftiRjazis
phtisie,ftizi
phtisiologie,ftizjoloZi
phtisique,ftizik
phylactère,filaktER
phylloxera,filokseRa
phylloxéra,filOkseRa
phylogenèse,filoZ2nEz
phylum,filOm
phynances,fin@s
physicien,fizisj5
physio,fizjo
physiologie,fizjoloZi
physiologique,fizjoloZik
physiologiquement,fizjoloZik°m@
physiologiste,fizjoloZist
physionomie,fizjonomi
physionomique,fizjonomik
physionomiste,fizjonomist
physiothérapie,fizjoteRapi
physique,fizik
physiquement,fizik°m@
phytoplancton,fitopl@kt§
phénate,fenat
phénicien,fenisj5
phénique,fenik
phénix,feniks
phénobarbital,fenobaRbital
phénol,fenOl
phénomène,fenomEn
phénoménal,fenomenal
phénoménalement,fenOmenal°m@
phénoménologie,fenomenoloZi
phénoménologique,fenomenoloZik
phénothiazine,fenOtjazin
phénotype,fenotip
phéochromocytome,feokROmositom
phéromone,feRomOn
pi,pi
piaf,pjaf
piaffant,pjaf@
piaffement,pjafm@
piaffer,pjafe
piaillant,pjaj@
piaillement,pjaj°m@
piailler,pjaje
piaillerie,pjaj°Ri
pian,pj@
pianissimo,pjanisimo
pianiste,pjanist
piano,pjano
piano-bar,pjanobaR
pianola,pjanola
pianotage,pjanotaZ
pianoter,pjanote
piastre,pjastR
piaulant,pjol@
piaule,pjol
piaulement,pjol°m@
piauler,pjole
piauleur,pjol9R
piaye,pjaj
piazza,pjadza
piazzetta,pjadzeta
pibloque,piblOk
pic,pik
pic-vert,pivER
pica,pika
picador,pikadOR
picaillon,pikaj§
picard,pikaR
picaresque,pikaREsk
picaro,pikaRo
picassien,pikasj5
piccolo,pikolo
pichenette,piSnEt
pichet,piSE
pick-up,pik9p
picker,pik9R
pickpocket,pikpokEt
pico,piko
picoler,pikole
picoleur,pikol9R
picolo,pikolo
picorer,pikoRe
picoreur,pikoR9R
picorée,pikoRe
picot,piko
picote,pikOt
picotement,pikOt°m@
picoter,pikote
picotin,pikot5
picotis,pikOti
picrate,pikRat
picrique,pikRik
picsou,piksu
pictogramme,piktogRam
picton,pikt§
pictural,piktyRal
picturalement,piktyRal°m@
pidgin,pidZin
pie,pi
pie-grièche,pigRijES
pie-mère,pimER
pied,pje
pied-bot,pjebo
pied-d'alouette,pjedalwEt
pied-d'oeuvre,pjed9vR
pied-de-biche,pjed°biS
pied-de-poule,pjed°pul
pied-noir,pjenwaR
pied-plat,pjepla
piedmont,pjem§
pier,pjER
piercing,piRsiG
pierraille,pjERaj
pierre,pjER
pierreries,pjER°Ri
pierreux,pjER2
pierrier,pjeRje
pierrière,pjERjER
pierrot,pjERo
pietà,pjeta
pieu,pj2
pieusement,pj2z°m@
pieuter,pj2te
pieuvre,pj9vR
pieux,pj2
pif,pif
pifer,pife
piffer,pife
piffre,pifR
piffrer,pifRe
pifomètre,pifomEtR
pige,piZ
pigeon,piZ§
pigeon-voyageur,piZ§vwajaZ9R
pigeonnant,piZon@
pigeonneau,piZono
pigeonner,piZone
pigeonnier,piZonje
piger,piZe
pigiste,piZist
pigment,pigm@
pigmentaire,pigm@tER
pigmentation,pigm@tasj§
pigne,piN
pigner,piNe
pignole,piNOl
pignon,piN§
pignouf,piNuf
pilaf,pilaf
pilastre,pilastR
pile,pil
pile-poil,pilpwal
piler,pile
pileux,pil2
pilier,pilje
pilifère,pilifER
pillage,pijaZ
pillard,pijaR
piller,pije
pilleur,pij9R
pilon,pil§
pilonnage,pilonaZ
pilonner,pilone
pilori,piloRi
pilosité,pilozite
pilot,pilo
pilotage,pilotaZ
pilote,pilOt
piloter,pilote
pilotin,pilOt5
pilotis,piloti
pilou,pilu
pilsen,pilsEn
pilule,pilyl
pilum,pilOm
pilée,pile
pimbêche,p5bES
piment,pim@
pimenter,pim@te
pimenté,pim@te
pimpant,p5p@
pimpon,p5p§
pimprenelle,p5pR°nEl
pin,p5
pin's,pins
pin-pon,p5p§
pin-up,pin9p
pinacle,pinakl
pinacothèque,pinakOtEk
pinaillage,pinajaZ
pinailler,pinaje
pinailleur,pinaj9R
pinard,pinaR
pinasse,pinas
pince,p5s
pince-monseigneur,p5sm§sEN9R
pince-nez,p5sne
pince-sans-rire,p5ss@RiR
pinceau,p5so
pincement,p5s°m@
pincer,p5se
pincette,p5sEt
pinceur,p5s9R
pinchart,p5SaR
pincé,p5se
pincée,p5se
pine,pin
pineau,pino
piner,pine
ping-pong,piGp§G
pinglot,p5glo
pingouin,p5gw5
pingre,p5gR
pingrerie,p5gR°Ri
pink,pink
pinot,pino
pinson,p5s§
pintade,p5tad
pinte,p5t
pinter,p5te
pinçage,p5saZ
pinçard,p5saR
pinçon,p5s§
pinçure,p5syR
pinède,pinEd
pinéal,pineal
pioche,pjOS
piocher,pjoSe
piocheur,pjoS9R
piolet,pjolE
pion,pj§
pioncer,pj§se
pionner,pjOne
pionnier,pjonje
piot,pjo
pioupiou,pjupju
pipa,pipa
pipe,pip
pipe-line,pajplajn
pipeau,pipo
pipelet,pip°lE
pipelette,pip°lEt
pipeline,pajp°lajn
piper,pipe
piperade,pip°Rad
piperie,pip°Ri
pipette,pipEt
pipeur,pip9R
pipi,pipi
pipi-room,pipiRum
pipistrelle,pipistREl
pipo,pipo
pipée,pipe
piquage,pikaZ
piquant,pik@
pique,pik
pique-assiette,pikasjEt
pique-feu,pikf2
pique-nique,piknik
pique-niquer,piknike
piquer,pike
piquet,pikE
piquetage,pik°taZ
piqueter,pik°te
piquetis,pik°ti
piquette,pikEt
piqueur,pik9R
piqueux,pik2
piquier,pikje
piquouse,pikuz
piquouser,pikuze
piquouze,pikuz
piqué,pike
piqûre,pikyR
piranha,piRana
piratage,piRataZ
pirate,piRat
pirater,piRate
piraterie,piRat°Ri
pire,piR
piriforme,piRifORm
pirogue,piROg
pirojki,piROSki
pirolle,piROl
pirouette,piRwEt
pirouetter,piRwEte
pis,pi
pis-aller,pizale
pisan,piz@
piscicole,pisikOl
pisciculteur,pisikylt9R
pisciculture,pisikyltyR
pisciforme,pisifORm
piscine,pisin
pisiforme,pizifORm
pissaladière,pisaladjER
pissat,pisa
pisse,pis
pisse-copie,piskopi
pisse-froid,pisfRwa
pisse-vinaigre,pisvinEgR
pissenlit,pis@li
pisser,pise
pissette,pisEt
pisseur,pis9R
pisseux,pis2
pissoir,piswaR
pissotière,pisotjER
pissou,pisu
pistache,pistaS
pistachier,pistaSje
pistage,pistaZ
pistard,pistaR
piste,pist
pister,piste
pisteur,pist9R
pistil,pistil
pistole,pistOl
pistolero,pistoleRo
pistolet,pistolE
pistolet-mitrailleur,pistolEmitRaj9R
pistolétade,pistoletad
piston,pist§
pistonner,pistone
pistonné,pistone
pistou,pistu
pisé,pize
pit-bull,pitbul
pita,pita
pitaine,pitEn
pitance,pit@s
pitancher,pit@Se
pitancier,pit@sje
pitbull,pitbul
pitch,pitS
pitcher,pitSe
pitchoun,pitSun
pitchounet,pitSunE
pitchounette,pitSunEt
pitchpin,pitSpin
piteusement,pit2z°m@
piteux,pit2
pithiviers,pitivje
pithécanthrope,pitek@tROp
pitié,pitje
piton,pit§
pitonner,pitone
pitoyable,pitwajabl
pitoyablement,pitwajabl°m@
pitre,pitR
pitrerie,pitR°Ri
pittoresque,pitoREsk
pituitaire,pit8itER
pituite,pit8it
pityriasis,pitiRjazis
piu,piu
pive,piv
pivert,pivER
pivoine,pivwan
pivot,pivo
pivotant,pivot@
pivotement,pivOt°m@
pivoter,pivote
pixel,piksEl
pizza,pidza
pizzaiolo,pidzajOlo
pizzeria,pidzeRja
pizzicato,pidzikato
pièce,pjEs
piège,pjEZ
piètement,pjEt°m@
piètre,pjEtR
piètrement,pjEtR°m@
piécette,pjesEt
piédestal,pjedEstal
piédroit,pjedRwa
piégeage,pjeZaZ
piéger,pjeZe
piégeur,pjeZ9R
piémont,pjem§
piémontais,pjem§tE
piéride,pjeRid
piéta,pjeta
piétaille,pjetaj
piétement,pjEt°m@
piéter,pjete
piétin,pjet5
piétinant,pjetin@
piétinement,pjetin°m@
piétiner,pjetine
piétiste,pjetist
piéton,pjet§
piétonnier,pjetonje
piété,pjete
più,pju
placage,plakaZ
placard,plakaR
placarder,plakaRde
placardier,plakaRdje
place,plas
placebo,plasebo
placement,plas°m@
placenta,plas5ta
placentaire,plas5tER
placer,plasER
placer,plase
placet,plasE
placette,plasEt
placeur,plas9R
placide,plasid
placidement,plasid°m@
placidité,plasidite
placier,plasje
placoplâtre,plakoplatR
placé,plase
plafond,plaf§
plafonnement,plafOn°m@
plafonner,plafone
plafonnier,plafonje
plafonné,plafone
plage,plaZ
plagiaire,plaZjER
plagiat,plaZja
plagier,plaZje
plagioclase,plaZjoklaz
plaid,plEd
plaidable,plEdabl
plaider,plede
plaideur,plEd9R
plaidoirie,plEdwaRi
plaidoyer,plEdwaje
plaie,plE
plaignant,plEN@
plain,pl5
plain-chant,pl5S@
plain-pied,pl5pje
plaindre,pl5dR
plaine,plEn
plainte,pl5t
plaintif,pl5tif
plaintivement,pl5tiv°m@
plaire,plER
plaisamment,plEzam@
plaisance,plEz@s
plaisancier,plEz@sje
plaisant,plEz@
plaisanter,plEz@te
plaisanterie,plEz@t°Ri
plaisantin,plEz@t5
plaisir,pleziR
plan,pl@
plan-séquence,pl@sek@s
planant,plan@
planche,pl@S
plancher,pl@Se
planchette,pl@SEt
planchiste,pl@Sist
plancton,pl@kt§
plane,plan
planelle,planEl
planement,plan°m@
planer,plane
planeur,plan9R
planifiable,planifjabl
planificateur,planifikat9R
planification,planifikasj§
planifier,planifje
planisphère,planisfER
planitude,planityd
planning,planiG
planque,pl@k
planquer,pl@ke
planqué,pl@ke
plant,pl@
plantage,pl@taZ
plantain,pl@t5
plantaire,pl@tER
plantation,pl@tasj§
plante,pl@t
planter,pl@te
planteur,pl@t9R
plantier,pl@tje
plantigrade,pl@tigRad
plantoir,pl@twaR
planton,pl@t§
plantureux,pl@tyR2
planté,pl@te
planète,planEt
planétaire,planetER
planétarium,planetaRjOm
planétoïde,planetoid
plaquage,plakaZ
plaque,plak
plaquer,plake
plaquettaire,plak2tER
plaquette,plakEt
plaqueur,plak9R
plaqué,plake
plasma,plasma
plasmagène,plasmaZEn
plasmaphérèse,plasmafeREz
plasmique,plasmik
plaste,plast
plastic,plastik
plasticage,plastikaZ
plasticien,plastisj5
plasticité,plastisite
plastie,plasti
plastifiant,plastifj@
plastification,plastifikasj§
plastifier,plastifje
plastiquage,plastikaZ
plastique,plastik
plastiquer,plastike
plastiqueur,plastik9R
plastisol,plastisOl
plastoc,plastOk
plastron,plastR§
plastronner,plastRone
plastronneur,plastRon9R
plat,pla
plat-bord,plabOR
plat-ventre,plav@tR
platane,platan
plate,plat
plate-bande,platb@d
plate-forme,platfORm
plateau,plato
plateau-repas,platoR°pa
plateaux-repas,platoR°pa
plateforme,plat°fORm
platelage,plat°laZ
platement,plat°m@
plateresque,plat°REsk
platine,platin
platiné,platine
platitude,platityd
platière,platjER
platonicien,platonisj5
platonique,platonik
platoniquement,platonik°m@
platonisant,platoniz@
platée,plate
plausibilité,plozibilite
plausible,plozibl
plausiblement,plozibl°m@
play,plE
play-back,plEbak
play-boy,plEbOj
playboy,plEjbwaj
playmate,plEjmat
playon,plEj§
plaza,plaza
plazza,pladza
please,pliz
plectre,plEktR
plein,pl5
plein-air,plEnER
plein-cintre,pl5s5tR
plein-emploi,pl5n@plwa
plein-temps,pl5t@
pleinement,plEn°m@
plessis,plesi
plet,plE
pleur,pl9R
pleural,pl9Ral
pleurant,pl2R@
pleurard,pl2RaR
pleurement,pl2R°m@
pleurer,pl2Re
pleureur,pl2R9R
pleurite,pl9Rit
pleurnichage,pl9RniSaZ
pleurnichard,pl9RniSaR
pleurnichement,pl9RniS°m@
pleurnicher,pl9RniSe
pleurnicherie,pl9RniS°Ri
pleurnicheur,pl9RniS9R
pleurésie,pl9Rezi
pleurétique,pl9Retik
pleutre,pl2tR
pleutrerie,pl2tR°Ri
pleuviner,pl2vine
pleuvioter,pl2vjote
pleuvoir,pl2vwaR
plexi,plEksi
plexiglas,plEksiglas
plexus,plEksys
pleyel,plEjEl
pli,pli
pliable,pliabl
pliage,plijaZ
pliant,plij@
plie,pli
plier,plije
plieur,plij9R
plinthe,pl5t
pliocène,plijosEn
plioir,plijwaR
plique,plik
plissement,plis°m@
plisser,plise
plisseur,plis9R
plissure,plisyR
plissé,plise
pliure,plijyR
plié,plije
ploc,plOk
ploiement,plwam@
plomb,pl§
plombage,pl§baZ
plombe,pl§b
plomber,pl§be
plomberie,pl§b°Ri
plombier,pl§bje
plombières,pl§bjER
plombure,pl§byR
plombé,pl§be
plombée,pl§be
plonge,pl§Z
plongeant,pl§Z@
plongement,pl§Z°m@
plongeoir,pl§ZwaR
plongeon,pl§Z§
plonger,pl§Ze
plongeur,pl§Z9R
plongée,pl§Ze
plot,plo
plouc,pluk
plouf,pluf
plouk,pluk
ploutocrate,plutokRat
ploutocratie,plutokRasi
ployant,plwaj@
ployer,plwaje
plucher,plySe
pluches,plyS
plue,ply
pluie,pl8i
plum-pudding,plumpudiG
plumage,plymaZ
plumard,plymaR
plume,plym
plumeau,plymo
plumer,plyme
plumet,plymE
plumetis,plym°ti
plumeux,plym2
plumier,plymje
plumitif,plymitif
plumée,plyme
plupart,plypaR
pluralisme,plyRalizm
pluraliste,plyRalist
pluralité,plyRalite
pluriannuel,plyRian8El
pluridisciplinaire,plyRidisiplinER
pluriel,plyRjEl
plurinational,plyRinasjOnal
plus,ply
plus,plys
plus-que-parfait,plysk°paRfE
plus-value,plyvaly
plusieurs,plyzj9R
pluton,plyt§
plutonien,plytonj5
plutonique,plytOnik
plutonium,plytonjOm
plutôt,plyto
pluvial,plyvjal
pluvier,plyvje
pluvieux,plyvj2
pluviomètre,plyvjomEtR
pluviométrie,plyvjometRi
pluviométrique,plyvjometRik
pluviosité,plyvjozite
pluviôse,plyvjoz
plâtras,platRa
plâtre,platR
plâtrer,platRe
plâtreux,platR2
plâtrier,platRije
plâtré,platRe
plèbe,plEb
plèvre,plEvR
plébiscite,plebisit
plébisciter,plebisite
plébéien,plebej5
pléiade,plejad
pléistocène,pleistosEn
plénier,plenje
plénipotentiaire,plenipot@sjER
plénitude,plenityd
plénum,plenOm
pléonasme,pleonasm
plésiosaure,plezjozoR
pléthore,pletOR
pléthorique,pletoRik
pneu,pn2
pneumatique,pn2matik
pneumatophore,pn2matofOR
pneumo,pn2mo
pneumoconiose,pn2mokOnjoz
pneumocoque,pn2mokOk
pneumocystose,pn2mosistoz
pneumologue,pn2mOlOg
pneumonectomie,pn2mOnEktOmi
pneumonie,pn2moni
pneumonique,pn2monik
pneumopathie,pn2mopati
pneumothorax,pn2motoRaks
pneus-neige,pn2nEZ
pochade,poSad
pochage,poSaZ
pochard,poSaR
poche,pOS
poche-revolver,pOSRevOlvER
pocher,poSe
pochetron,poSEtR§
pochette,poSEt
pochette-surprise,poSEtsyRpRiz
pocheté,pOS°te
pochetée,pOS°te
pochoir,poSwaR
pochon,poS§
pochtron,pOStR§
poché,poSe
podagre,podagR
podestat,podEsta
podium,podjOm
podologue,podolOg
podomètre,pOdOmEtR
poecile,pesil
pogne,pON
pognon,poN§
pogo,pOgo
pogrom,pogROm
pogrome,pogROm
poids,pwa
poids-lourds,pwaluR
poignant,pwaN@
poignard,pwaNaR
poignarder,pwaNaRde
poigne,pwaN
poigner,pwaNe
poignet,pwaNE
poignée,pwaNe
poil,pwal
poil-de-carotte,pwald°kaROt
poilant,pwal@
poiler,pwale
poileux,pwal2
poilu,pwaly
poindre,pw5dR
poing,pw5
poinsettia,pw5sEtja
point,pw5
point-clé,pw5kle
point-virgule,pw5viRgyl
pointage,pw5taZ
pointe,pw5t
pointeau,pw5to
pointement,pw5t°m@
pointer,pw5t9R
pointer,pw5te
pointeur,pw5t9R
pointilleux,pw5tij2
pointillisme,pw5tijizm
pointilliste,pw5tijist
pointillé,pw5tije
pointu,pw5ty
pointure,pw5tyR
pointé,pw5te
poinçon,pw5s§
poinçonner,pw5sone
poinçonneur,pw5son9R
poire,pwaR
poire-vérité,pwaRveRite
poireau,pwaRo
poireauter,pwaRote
poirer,pwaRe
poirier,pwaRje
poiroter,pwaRote
poiré,pwaRe
pois,pwa
poiscaille,pwaskaj
poison,pwaz§
poissard,pwasaR
poisse,pwas
poisser,pwase
poisseux,pwas2
poisson,pwas§
poisson-chat,pwas§Sa
poisson-globe,pwas§glOb
poisson-lune,pwas§lyn
poisson-pilote,pwas§pilOt
poisson-épée,pwas§epe
poissonnerie,pwasOn°Ri
poissonneux,pwason2
poissonnier,pwasonje
poissonnière,pwasonjER
poitevin,pwatv5
poitrail,pwatRaj
poitrinaire,pwatRinER
poitrine,pwatRin
poivrade,pwavRad
poivre,pwavR
poivrer,pwavRe
poivrier,pwavRije
poivrière,pwavRijER
poivron,pwavR§
poivrot,pwavRo
poivré,pwavRe
poix,pwa
poker,pokER
polack,polak
polaire,polER
polak,polak
polaque,polak
polar,polaR
polarisant,pOlaRiz@
polarisation,polaRizasj§
polariser,polaRize
polarisé,polaRize
polarité,polaRite
polaroid,polaRoid
polaroïd,polaRoid
polder,pOldER
pole,pOl
polenta,polEnta
poli,poli
police,polis
police-secours,pOliss2kuR
policeman,polis°man
policer,polise
polichinelle,poliSinEl
policier,polisje
policlinique,pOliklinik
policé,polise
poliment,polim@
polio,poljo
poliomyélite,poljomjelit
poliomyélitique,poljomjelitik
poliorcétique,poljoRsetik
polir,poliR
polish,pOliS
polissage,polisaZ
polisseur,polis9R
polissoir,poliswaR
polisson,polis§
polissonner,polisOne
polissonnerie,polisOn°Ri
polissure,polisyR
politburo,politbyRo
politesse,politEs
politicard,politikaR
politicien,politisj5
politico,politiko
politique,politik
politique-fiction,politikfiksj§
politiquement,politik°m@
politisation,politizasj§
politiser,politize
polka,pOlka
pollen,polEn
pollinique,polinik
pollinisateur,pOlinizat9R
pollinisation,polinizasj§
polliniser,pOlinize
pollope,polOp
polluant,pol8@
polluer,pol8e
pollueur,poly9R
pollution,polysj§
polo,polo
poloche,pOlOS
polochon,poloS§
polonais,polonE
polope,polOp
polski,pOlski
poltron,pOltR§
poltronnerie,pOltROn°Ri
poly,poli
polyacrylate,pOliakRilat
polyamide,poliamid
polyandre,polj@dR
polyarthrite,pOliaRtRit
polycarbonate,polikaRbonat
polychlorure,polikloRyR
polychrome,polikRom
polychromie,polikRomi
polychromé,polikRome
polyclinique,poliklinik
polycopie,polikopi
polycopier,polikopje
polycopié,polikopje
polyculture,polikyltyR
polycéphale,polisefal
polydactylie,pOlidaktili
polyester,poliEstER
polygame,poligam
polygamie,poligami
polyglotte,poliglOt
polygonal,poligonal
polygone,poligon
polygraphe,poligRaf
polygénique,pOliZenik
polykystique,pOlikistik
polymorphe,polimORf
polymorphie,polimORfi
polymère,polimER
polymérase,pOlimeRaz
polymérique,polimeRik
polynésien,polinezj5
polype,polip
polyphone,polifOn
polyphonie,polifoni
polyphonique,polifonik
polypier,polipje
polypropylène,polipRopilEn
polystyrène,polistiREn
polysyllabe,pOlisilab
polysyllabique,polisilabik
polytechnicien,politEknisj5
polytechnique,politEknik
polythène,politEn
polythéiste,politeist
polytonal,politonal
polytonalité,politonalite
polyuréthane,pOliyRetan
polyvalence,polival@s
polyvalent,polival@
polyvinyle,polivinil
polyvinylique,pOlivinilik
polyèdre,poljEdR
polyéthylène,polietilEn
polémique,polemik
polémiquer,polemike
polémiste,polemist
pomelo,pOmelo
pommade,pomad
pommader,pomade
pommadin,pOmad5
pommadé,pomade
pommard,pomaR
pomme,pOm
pommeau,pomo
pommeler,pOm°le
pommelé,pOm°le
pommer,pOme
pommeraie,pOm°RE
pommette,pomEt
pommier,pomje
pompadour,p§paduR
pompage,p§paZ
pompe,p§p
pomper,p§pe
pompette,p§pEt
pompeur,p§p9R
pompeusement,p§p2z°m@
pompeux,p§p2
pompier,p§pje
pompiste,p§pist
pompiérisme,p§pjeRizm
pompon,p§p§
pomponner,p§pone
pompé,p§pe
pompéien,p§pej5
pomélo,pomelo
poméranien,pomeRanj5
ponant,pon@
ponce,p§s
ponceau,p§so
poncer,p§se
poncho,p§tSo
poncif,p§sif
ponction,p§ksj§
ponctionner,p§ksjone
ponctualité,p§kt8alite
ponctuation,p§kt8asj§
ponctuel,p§kt8El
ponctuellement,p§kt8El°m@
ponctuer,p§kt8e
pondeur,p§d9R
pondoir,p§dwaR
pondre,p§dR
pondérable,p§deRabl
pondération,p§deRasj§
pondérer,p§deRe
pondéré,p§deRe
ponette,ponEt
poney,ponE
pongiste,p§Zist
pongo,p§go
pongé,p§Ze
pont,p§
pont-l'évêque,p§levEk
pont-levis,p§l°vi
pont-neuf,p§n9f
pont-promenade,p§pROmnad
pontage,p§taZ
ponte,p§t
ponter,p§te
pontet,p§tE
pontife,p§tif
pontifiant,p§tifj@
pontifical,p§tifikal
pontificat,p§tifika
pontifier,p§tifje
pontil,p§til
pontin,p§t5
ponton,p§t§
pontonnier,p§tonje
ponts-levis,p§l°vi
ponté,p§te
ponçage,p§saZ
pool,pul
pop,pOp
pop-club,pOpkl9b
pop-corn,pOpkORn
popaul,popOl
pope,pOp
popeline,pOp°lin
poplité,pOplite
popote,popOt
popotin,popot5
populace,popylas
populacier,popylasje
populaire,popylER
populairement,popylER°m@
populariser,popylaRize
popularité,popylaRite
population,popylasj§
populeux,popyl2
populisme,popylizm
populiste,popylist
populo,popylo
poque,pOk
poquette,pOkEt
porc,pOR
porc-épic,pORkepik
porcelaine,pORs°lEn
porcelet,pORs°lE
porche,pORS
porcher,pORSe
porcherie,pORS°Ri
porcif,pORsif
porcin,pORs5
pore,pOR
poreux,poR2
porno,pORno
pornocrate,pORnokRat
pornographe,pORnogRaf
pornographie,pORnogRafi
pornographique,pORnogRafik
porosité,poRozite
porphyre,pORfiR
porphyrie,pORfiRi
porque,pORk
porridge,pORidZ
port,pOR
port-salut,pORsaly
portabilité,pORtabilite
portable,pORtabl
portage,pORtaZ
portager,pORtaZe
portail,pORtaj
portal,pORtal
portance,pORt@s
portant,pORt@
portatif,pORtatif
porte,pORt
porte-aiguille,pORteg8ij
porte-avion,pORtavj§
porte-avions,pORtavj§
porte-bagages,pORtbagaZ
porte-bannière,pORtbanjER
porte-billets,pORtbijE
porte-bois,pORtbwa
porte-bonheur,pORtbOn9R
porte-bouteilles,pORtbutEj
porte-bébé,pORtbebe
porte-cannes,pORt°kan
porte-carte,pORt°kaRt
porte-cartes,pORt°kaRt
porte-chance,pORt°S@s
porte-chapeaux,pORtSapo
porte-cigarette,pORtsigaREt
porte-cigarettes,pORtsigaREt
porte-clef,pORt°kle
porte-clefs,pORt°kle
porte-clé,pORt°kle
porte-clés,pORt°kle
porte-conteneurs,pORt°k§t°n9R
porte-coton,pORtkot§
porte-couilles,pORt°kuj
porte-couteau,pORtkuto
porte-couteaux,pORtkuto
porte-cravate,pORtkRavat
porte-crayon,pORt°kREj§
porte-document,pORtdokym@
porte-documents,pORtdokym@
porte-drapeau,pORtdRapo
porte-drapeaux,pORtdRapo
porte-fanion,pORtfanj§
porte-fenêtre,pORtf°nEtR
porte-flingue,pORt°fl5g
porte-glaive,pORt°glEv
porte-jarretelles,pORt°ZaR°tEl
porte-malheur,pORtmal9R
porte-mine,pORt°min
porte-monnaie,pORt°monE
porte-musique,pORtmyzik
porte-objet,pORtObZE
porte-papier,pORtpapje
porte-parapluie,pORtpaRapl8i
porte-parapluies,pORtpaRapl8i
porte-plume,pORt°plym
porte-queue,pORt°k2
porte-savon,pORtsav§
porte-serviette,pORtsERvjEt
porte-serviettes,pORtsERvjEt
porte-tambour,pORt@buR
porte-voix,pORt°vwa
porte-à-faux,pORtafo
porte-à-porte,pORtapORt
porte-épée,pORtepe
porte-étendard,pORtet@daR
porte-étrier,pORtetRije
portefaix,pORt°fE
portefeuille,pORt°f9j
portemanteau,pORt°m@to
portement,pORt°m@
porter,pORtER
porter,poRte
porterie,pORt°Ri
porteur,pORt9R
portfolio,pORtfoljo
portier,pORtje
portillon,pORtij§
portion,pORsj§
portique,pORtik
portland,pORtl@d
porto,pORto
portor,pORtOR
portoricain,pORtoRik5
portraire,pORtRER
portrait,pORtRE
portrait-robot,pORtRERobo
portraitiste,pORtRetist
portraiturer,pORtRetyRe
portuaire,pORt8ER
portugais,pORtygE
portulan,pORtyl@
portus,pORty
portée,pORte
posada,pozada
pose,poz
pose-la-moi,pozlamwa
posemètre,poz°mEtR
poser,poze
poseur,poz9R
positif,pozitif
position,pozisj§
position-clé,pozisj§kle
positionnel,pozisjOnEl
positionnement,pozisjOn°m@
positionner,pozisjone
positionneur,pozisjOn9R
positivement,pozitiv°m@
positiver,pOzitive
positivisme,pozitivizm
positiviste,pozitivist
positivité,pozitivite
positon,pozit§
positron,pozitR§
posologie,pozoloZi
possesseur,poses9R
possessif,posesif
possession,posesj§
possessivité,posEsivite
possibilité,posibilite
possible,posibl
possiblement,posibl°m@
possédant,posed@
posséder,posede
possédé,posede
post,pOst
post mortem,pOst°mORtEm
post-apocalyptique,pOstapokaliptik
post-empire,pOst@piR
post-hypnotique,pOstipnotik
post-impressionnisme,pOst5pREsjOnism
post-it,pOstit
post-moderne,pOstmodERn
post-natal,pOstnatal
post-opératoire,pOstopeRatwaR
post-partum,pOstpaRtOm
post-production,pOstpRodyksj§
post-punk,pOstp9nk
post-romantique,pOstRom@tik
post-rupture,pOstRyptyR
post-scriptum,pOstskRiptOm
post-synchro,pOsts5kRo
post-traumatique,pOsttRomatik
post-victorien,pOstviktoRj5
post-zoo,pOstzoo
postage,postaZ
postal,pOstal
postcombustion,pOstk§bystj§
postcure,pOstkyR
postdater,pOstdate
postdoctoral,pOstdOktoRal
poste,pOst
poste-clé,pOst°kle
poster,pOste
postface,pOstfas
posthume,pOstym
postiche,pOstiS
postier,pOstje
postillon,pOstij§
postillonner,pOstijone
postillonneur,pOstijon9R
postmoderne,pOstmodERn
postmodernisme,pOstmodERnizm
postmoderniste,pOstmodERnist
postnatal,pOstnatal
postopératoire,pOstopeRatwaR
postproduction,pOstpRodyksj§
postsynchronisation,pOsts5kRonizasj§
postulant,pOstyl@
postulat,pOstyla
postuler,pOstyle
posture,pOstyR
posté,pOste
postérieur,pOsteRj9R
postérieurement,pOsteRj9R°m@
postérité,pOsteRite
posé,poze
posément,pozem@
pot,po
pot-au-feu,potof2
pot-bouille,pobuj
pot-de-vin,pod°v5
pot-pourri,popuRi
potable,potabl
potache,potaS
potage,potaZ
potager,potaZe
potard,potaR
potasse,potas
potasser,potase
potassium,potasjOm
pote,pOt
poteau,poto
potelé,pOt°le
potence,pot@s
potentat,pot@ta
potentialisation,pOt@sjalizasj§
potentialiser,pOt@sjalize
potentialité,pot@sjalite
potentiel,pot@sjEl
potentiellement,pot@sjEl°m@
potentiomètre,pot@sjomEtR
poter,pOte
poterie,pOt°Ri
poterne,potERn
potiche,potiS
potier,potje
potimarron,pOtimaR§
potin,pot5
potion,posj§
potiron,potiR§
potlatch,potlatS
poto-poto,potopoto
potos,poto
potron-minet,potR§minE
pots-de-vin,pod°v5
potée,pote
pou,pu
pouacre,pwakR
pouah,pwa
poubelle,pubEl
pouce,pus
pouce-pied,puspje
poucet,pusE
poucette,pusEt
pouding,pudiG
poudingue,pud5g
poudrage,pudRaZ
poudre,pudR
poudrer,pudRe
poudrette,pudREt
poudreux,pudR2
poudrier,pudRije
poudrière,pudRijER
poudroiement,pudRwam@
poudré,pudRe
pouf,puf
pouffant,puf@
pouffement,pufm@
pouffer,pufe
pouffiasse,pufjas
poufiasse,pufjas
pouh,pu
pouic,pwik
pouille,puj
pouillerie,puj°Ri
pouilleux,puj2
pouillot,pujo
pouilly,puji
poujadisme,puZadizm
poujadiste,puZadist
poulaga,pulaga
poulaille,pulaj
poulailler,pulaje
poulain,pul5
poulardin,pulaRd5
poulbot,pulbo
poule,pul
poulet,pulE
poulette,pulEt
pouliche,puliS
poulie,puli
poulinière,pulinjER
poulot,pulo
poulotter,pulOte
poulpe,pulp
pouls,pu
poumon,pum§
pound,pawnd
poupard,pupaR
poupe,pup
poupin,pup5
poupon,pup§
pouponnage,puponaZ
pouponner,pupone
pouponnière,puponjER
poupoule,pupul
poupée,pupe
pour,puR
pour-cent,puRs@
pourboire,puRbwaR
pourceau,puRso
pourcent,puRs@
pourcentage,puRs@taZ
pourchas,puRSa
pourchasser,puRSase
pourchasseur,puRSas9R
pourcif,puRsif
pourfendeur,puRf@d9R
pourfendre,puRf@dR
pourim,puRim
pourliche,puRliS
pourlécher,puRleSe
pourparler,puRpaRle
pourparlers,puRpaRle
pourpier,puRpje
pourpoint,puRpw5
pourpre,puRpR
pourpré,puRpRe
pourquoi,puRkwa
pourri,puRi
pourrir,puRiR
pourrissant,puRis@
pourrissement,puRis°m@
pourrisseur,puRis9R
pourrissoir,puRiswaR
pourriture,puRityR
poursuite,puRs8it
poursuivant,puRs8iv@
poursuivre,puRs8ivR
pourtant,puRt@
pourtour,puRtuR
pourvoi,puRvwa
pourvoir,puRvwaR
pourvoyeur,puRvwaj9R
poussah,pusa
pousse,pus
pousse-au-crime,pusokRim
pousse-café,puskafe
pousse-cailloux,puskaju
pousse-pousse,puspus
pousser,puse
poussette,pusEt
pousseur,pus9R
poussier,pusje
poussif,pusif
poussin,pus5
poussine,pusin
poussinière,pusinjER
poussivement,pusiv°m@
poussière,pusjER
poussiéreux,pusjeR2
poussoir,puswaR
poussé,puse
poussée,puse
poutargue,putaRg
poutine,putin
poutou,putu
poutraison,putREz§
poutre,putR
poutrelle,putREl
pouvoir,puvwaR
pouzzolane,pudzolan
poème,poEm
poète,poEt
poésie,poezi
poéticien,poetisj5
poétique,poetik
poétiquement,poetik°m@
poétiser,poetize
poêle,pwal
poêlon,pwal§
practice,pRaktis
pradelle,pRadEl
praesidium,pRezidjOm
pragmatique,pRagmatik
pragmatiquement,pRagmatik°m@
pragmatisme,pRagmatizm
pragmatiste,pRagmatist
praire,pRER
prairial,pRERjal
prairie,pReRi
praline,pRalin
praliné,pRaline
prang,pR@g
praticable,pRatikabl
praticien,pRatisj5
pratiquant,pRatik@
pratique,pRatik
pratiquement,pRatik°m@
pratiquer,pRatike
praxie,pRaksi
premier,pR2mje
premier-maître,pR2mjemEtR
premier-né,pR2mjene
premium,pRemjOm
première-née,pR°mjERne
premièrement,pR2mjER°m@
prenable,pR2nabl
prenant,pR°n@
prendre,pR@dR
preneur,pR°n9R
presbyte,pREsbit
presbyterium,pREzbit°RjOm
presbytie,pREsbisi
presbytère,pREsbitER
presbytérien,pREsbiteRj5
prescience,pResj@s
prescription,pREskRipsj§
prescrire,pREskRiR
presqu'île,pREskil
presque,pREsk
press-book,pREsbuk
pressage,pREsaZ
pressant,pREs@
presse,pREs
presse-agrumes,pREsagRym
presse-bouton,pREsbut§
presse-citron,pREssitR§
presse-fruits,pREsfR8i
presse-papier,pREspapje
presse-papiers,pREspapje
presse-purée,pREspyRe
presse-raquette,pREsRakEt
pressement,pREs°m@
pressenti,pRes@ti
pressentiment,pRes@tim@
pressentir,pRes@tiR
presser,pRese
presseur,pREs9R
pressing,pResiG
pression,pREsj§
pressoir,pREswaR
pressurer,pResyRe
pressurisation,pREsyRizasj§
pressuriser,pREsyRize
pressurisé,pResyRize
pressé,pRese
prestance,pREst@s
prestataire,pREstatER
prestation,pREstasj§
preste,pREst
prestement,pREst°m@
prestesse,pREstEs
prestidigitateur,pREstidiZitat9R
prestidigitation,pREstidiZitasj§
prestige,pREstiZ
prestigieux,pREstiZj2
presto,pREsto
preuve,pR9v
preux,pR2
priant,pRij@
priapique,pRijapik
priapisme,pRijapizm
prie-dieu,pRidj2
prier,pRije
prieur,pRij9R
prieuré,pRij9Re
primaire,pRimER
primal,pRimal
primat,pRima
primate,pRimat
primatologue,pRimatOlOg
primauté,pRimote
prime,pRim
prime time,pRimtajm
prime-saut,pRimso
primer,pRime
primerose,pRim°Roz
primesautier,pRimsotje
primeur,pRim9R
primevère,pRimvER
primidi,pRimidi
primitif,pRimitif
primitivement,pRimitiv°m@
primitivisme,pRimitivizm
primo,pRimo
primo-infection,pRimo5fEksj§
primordial,pRimORdjal
primordialement,pRimORdjal°m@
primé,pRime
prin,pR5
prince,pR5s
prince-de-galles,pR5sd°gal
prince-évêque,pR5sevEk
princeps,pR5sEps
princier,pR5sje
principal,pR5sipal
principalement,pR5sipal°m@
principat,pR5sipa
principauté,pR5sipote
principe,pR5sip
princièrement,pR5sjER°m@
printanier,pR5tanje
printemps,pR5t@
prion,pRij§
prioritaire,pRijoRitER
priorité,pRijoRite
pris,pRi
prise,pRiz
priser,pRize
priseur,pRiz9R
prismatique,pRismatik
prisme,pRizm
prison,pRiz§
prisonnier,pRizonje
pristi,pRisti
prisunic,pRizynik
privatif,pRivatif
privation,pRivasj§
privatisation,pRivatizasj§
privatiser,pRivatize
privauté,pRivote
priver,pRive
privilège,pRivilEZ
privilégier,pRivileZje
privilégié,pRivileZje
privé,pRive
privément,pRivem@
prix,pRi
prix-choc,pRiSOk
prière,pRijER
pro,pRo
pro-occidental,pRoOksid@tal
proactif,pRoaktif
probabilité,pRobabilite
probable,pRobabl°
probablement,pRobabl°m@
probant,pRob@
probation,pRobasj§
probatoire,pRobatwaR
probe,pROb
probité,pRobite
probloc,pRoblOk
probloque,pRoblOk
problème,pRoblEm
problématique,pRoblematik
proc,pROk
procalmadiol,pRokalmadjOl
procaïne,pROkain
process,pROsEs
processeur,pRoses9R
procession,pRosesj§
processionnaire,pRosesjonER
processus,pRosesys
prochain,pRoS5
prochainement,pRoSEn°m@
proche,pROS
proche-oriental,pROSORj@tal
prochinois,pRoSinwa
proclamation,pRoklamasj§
proclamer,pRoklame
procommuniste,pRokomynist
proconsul,pRok§syl
procrastination,pRokRastinasj§
procréateur,pRokReat9R
procréation,pRokReasj§
procréer,pRokRee
proctologie,pROktoloZi
proctologue,pROktolOg
procurateur,pRokyRat9R
procuration,pRokyRasj§
procure,pRokyR
procurer,pRokyRe
procureur,pRokyR9R
procès,pRosE
procès-test,pRosEtEst
procès-verbal,pRosEvERbal
procéder,pRosede
procédural,pROsedyRal
procédure,pRosedyR
procédurier,pRosedyRje
procédé,pRosede
prodigalité,pRodigalite
prodige,pRodiZ
prodigieusement,pRodiZj2z°m@
prodigieux,pRodiZj2
prodigue,pRodig
prodiguer,pRodige
prodrome,pRodROm
producteur,pRodykt9R
productif,pRodyktif
production,pRodyksj§
productivité,pRodyktivite
produire,pRod8iR
produit,pRod8i
prof,pROf
profanateur,pRofanat9R
profanation,pRofanasj§
profanatoire,pRofanatwaR
profane,pRofan
profaner,pRofane
professe,pRofEs
professer,pRofese
professeur,pRofEs9R
profession,pRofEsj§
professionnalisme,pRofEsjonalizm
professionnel,pRofEsjonEl
professionnellement,pRofEsjonEl°m@
professoral,pRofEsoRal
professorat,pRofEsoRa
profil,pRofil
profilage,pRofilaZ
profiler,pRofile
profileur,pRofil9R
profilé,pRofile
profit,pRofi
profitabilité,pRofitabilite
profitable,pRofitabl
profitant,pRofit@
profiter,pRofite
profiterole,pRofit°ROl
profiteur,pRofit9R
profond,pRof§
profondeur,pRof§d9R
profondément,pRof§dem@
profus,pRofy
profusion,pRofyzj§
proférer,pRofeRe
progestérone,pRoZEsteROn
prognathe,pRognat
prognathisme,pROgnatism
programmable,pRogRamabl
programmateur,pRogRamat9R
programmation,pRogRamasj§
programme,pRogRam
programmer,pRogRame
programmeur,pRogRam9R
programmé,pRogRame
progresser,pRogRese
progressif,pRogResif
progression,pRogREsj§
progressisme,pRogREsizm
progressiste,pRogResist
progressivement,pRogResiv°m@
progrès,pRogRE
progéniteur,pROZenit9R
progéniture,pRoZenityR
prohibition,pRoibisj§
prohibé,pRoibe
proie,pRwa
projecteur,pRoZEkt9R
projectif,pROZEktif
projectile,pRoZEktil
projection,pRoZEksj§
projectionniste,pRoZEksjonist
projet,pRoZE
projeter,pRoZ°te
projo,pRoZo
prolapsus,pRolapsys
prolifique,pRolifik
prolifère,pRolifER
proliférant,pRolifeR@
prolifération,pRolifeRasj§
proliférer,pRolifeRe
proline,pROlin
prolixe,pRoliks
prolixité,pRoliksite
prolo,pRolo
prologue,pRolOg
prolongateur,pROl§gat9R
prolongation,pRol§gasj§
prolonge,pRol§Z
prolongement,pRol§Z°m@
prolonger,pRol§Ze
prolongé,pRol§Ze
prolégomènes,pRolegomEn
prolétaire,pRoletER
prolétariat,pRoletaRja
prolétarien,pRoletaRj5
prolétarisation,pRoletaRizasj§
prolétariser,pRoletaRize
promazine,pRomazin
promenade,pROmnad
promener,pROmne
promeneur,pRomn9R
promenoir,pRomnwaR
promesse,pRomEs
prometteur,pRomEt9R
promettre,pRomEtR
promis,pRomi
promiscuité,pRomisk8ite
promo,pRomo
promontoire,pRom§twaR
promoteur,pRomot9R
promotion,pRomosj§
promotionnel,pRomosjonEl
promouvoir,pRomuvwaR
prompt,pR§
promptement,pR§t°m@
prompteur,pR§pt9R
promptitude,pR§tityd
prompto,pR§to
promu,pRomy
promulgation,pRomylgasj§
promulguer,pRomylge
prométhéen,pROmete5
pronation,pRonasj§
pronom,pRon§
pronominal,pRonominal
prononcer,pRon§se
prononciation,pRon§sjasj§
prononcé,pRon§se
prononçable,pRon§sabl
pronostic,pRonOstik
pronostique,pRonOstik
pronostiquer,pRonOstike
pronostiqueur,pRonOstik9R
pronunciamiento,pRonunsjamjEnto
propagande,pRopag@d
propagandiste,pRopag@dist
propagateur,pRopagat9R
propagation,pRopagasj§
propager,pRopaZe
propane,pRopan
propension,pRop@sj§
propergol,pRopERgOl
prophase,pRofaz
prophylactique,pRofilaktik
prophylaxie,pRofilaksi
prophète,pRofEt
prophétie,pRofesi
prophétique,pRofetik
prophétiquement,pRofetik°m@
prophétiser,pRofetize
propice,pRopis
propionate,pROpjOnat
propitiatoire,pRopisjatwaR
propolis,pROpOlis
proportion,pRopORsj§
proportionnalité,pRopORsjOnalite
proportionnel,pRopORsjonEl
proportionnellement,pRopORsjonEl°m@
proportionner,pRopORsjone
proportionné,pRopORsjone
propos,pRopo
proposer,pRopoze
proposition,pRopozisj§
proposé,pRopoze
propre,pROpR
propre-à-rien,pROpRaRj5
proprement,pROpR°m@
propret,pRopRE
propreté,pROpR°te
proprio,pRopRijo
propriétaire,pRopRijetER
propriété,pRopRijete
propulser,pRopylse
propulseur,pRopyls9R
propulsif,pROpylsif
propulsion,pRopylsj§
propylène,pROpilEn
propédeute,pRoped2t
prorata,pRoRata
prorogation,pRoRogasj§
proroger,pRoRoZe
prosateur,pRozat9R
prosaïque,pRozaik
prosaïquement,pRozaik°m@
prosaïsme,pRozaizm
proscenium,pRosenjOm
proscription,pROskRipsj§
proscrire,pROskRiR
proscrit,pROskRi
prose,pRoz
prosit,pROzit
prosodie,pRozodi
prosodique,pRozodik
prosoviétique,pRosovjetik
prospect,pROspE
prospecter,pROspEkte
prospecteur,pROspEkt9R
prospectif,pROspEktif
prospection,pROspEksj§
prospective,pROspEktiv
prospectus,pROspEktys
prospère,pROspER
prospérer,pROspeRe
prospérité,pROspeRite
prostate,pROstat
prostatectomie,pROstatEktOmi
prostatique,pROstatik
prostatite,pROstatit
prosternation,pRostERnasj§
prosterner,pRostERne
prosthétique,pROstetik
prostituer,pROstit8e
prostitution,pROstitysj§
prostitutionnel,pROstitysjonEl
prostitué,pROstit8e
prostration,pRostRasj§
prostré,pROstRe
prosélyte,pRozelit
prosélytique,pROzelitik
prosélytisme,pRozelitizm
protagoniste,pRotagonist
protal,pROtal
prote,pROt
protecteur,pRotEkt9R
protection,pRotEksj§
protectionnisme,pRotEksjonizm
protectorat,pRotEktoRa
protestant,pRotEst@
protestantisme,pRotEst@tizm
protestation,pRotEstasj§
protester,pRotEste
proteus,pROteys
prothrombine,pROtR§bin
prothèse,pRotEz
prothésiste,pRotezist
prothétique,pROtetik
protide,pRotid
protidique,pROtidik
protococcus,pROtOkOkys
protocolaire,pRotokolER
protocole,pRotokOl
protohistoire,pRotoistwaR
proton,pRot§
protonique,pRotonik
protonotaire,pRotonotER
protoplasme,pRotoplasm
protoplasmique,pRotoplasmik
protoplaste,pROtOplast
prototype,pRototip
protoxyde,pRotOksid
protozoaire,pRotozoER
protrusion,pROtRyzj§
protubérance,pRotybeR@s
protubérant,pRotybeR@
protège-cahier,pRotEZkaje
protège-dents,pRotEZd@
protège-slip,pROtEZslip
protège-tibia,pRotEZtibja
protéase,pROteaz
protéger,pRoteZe
protégé,pRoteZe
protéiforme,pRoteifORm
protéine,pRotein
protéinique,pRoteinik
protéinurie,pROteinyRi
protéiné,pROteine
protéique,pRoteik
protéolytique,pRoteolitik
protêt,pRotE
proudhonisme,pRudonizm
proue,pRu
prouesse,pRuEs
proustien,pRustj5
prout,pRut
prouvable,pRuvabl
prouver,pRuve
prouvé,pRuve
provenance,pRov°n@s
provende,pRov@d
provenir,pRov°niR
provençal,pRov@sal
proverbe,pRovERb
proverbial,pRovERbjal
providence,pRovid@s
providentiel,pRovid@sjEl
providentiellement,pRovid@sjEl°m@
provider,pRovajd9R
provietnamien,pRovjEtnamj5
province,pRov5s
provincial,pRov5sjal
provincialement,pROv5sjal°m@
proviseur,pRoviz9R
provision,pRovizj§
provisionnel,pRovizjonEl
provisionner,pRovizjone
provisoire,pRovizwaR
provisoirement,pRovizwaR°m@
provo,pRovo
provoc,pRovOk
provocant,pRovok@
provocateur,pRovokat9R
provocation,pRovokasj§
provolone,pRovolOn
provoquer,pRovoke
provoqué,pRovoke
provéditeur,pRovedit9R
proximal,pROksimal
proximité,pROksimite
proxo,pROkso
proxénète,pROksenEt
proxénétisme,pROksenetizm
proze,pRoz
proèdre,pRoEdR
proéminence,pRoemin@s
proéminent,pRoemin@
prud'homme,pRydOm
prude,pRyd
prudemment,pRydam@
prudence,pRyd@s
prudent,pRyd@
pruderie,pRyd°Ri
prudhommesque,pRydOmEsk
prune,pRyn
pruneau,pRyno
prunelle,pRynEl
prunellier,pRyn°lje
prunier,pRynje
prunus,pRynys
prurigo,pRyRigo
prurit,pRyRit
prussien,pRysj5
prussik,pRysik
prussique,pRysik
prytanée,pRitane
prèle,pREl
près,pRE
près de,pREd2
pré,pRe
pré-salé,pResale
pré-établi,pReetabli
préadolescence,pReadOlEs@s
préalable,pRealabl
préalablement,pRealabl°m@
préambule,pRe@byl
préau,pReo
préavis,pReavi
précaire,pRekER
précairement,pRekER°m@
précambrien,pRek@bRj5
précarité,pRekaRite
précaution,pRekosj§
précautionneusement,pRekosjon2z°m@
précautionneux,pRekosjon2
précellence,pResel@s
précelles,pResEl
précepte,pResEpt
précepteur,pResEpt9R
précession,pResesj§
préchauffage,pReSofaZ
préchauffer,pReSOfe
précieusement,pResj2z°m@
précieux,pResj2
préciosité,pResjozite
précipice,pResipis
précipitamment,pResipitam@
précipitant,pResipit@
précipitation,pResipitasj§
précipiter,pResipite
précipité,pResipite
précis,pResi
préciser,pResize
précision,pResizj§
précisément,pResizem@
précité,pResite
précoce,pRekOs
précocement,pRekOs°m@
précocité,pRekosite
précognition,pRekOgnisj§
précolombien,pRekol§bj5
préconisation,pRekonizasj§
préconiser,pRekonize
préconçu,pRek§sy
précuit,pRek8i
précurseur,pRekyRs9R
précédemment,pResedam@
précédent,pResed@
précéder,pResede
prédateur,pRedat9R
prédation,pRedasj§
prédelle,pRedEl
prédestination,pRedEstinasj§
prédestiné,pRedEstine
prédicant,pRedik@
prédicat,pRedika
prédicateur,pRedikat9R
prédication,pRedikasj§
prédictible,pRediktibl
prédictif,pRediktif
prédiction,pRediksj§
prédigestion,pRediZEstj§
prédigéré,pRediZeRe
prédilection,pRedilEksj§
prédire,pRediR
prédisposition,pRedispozisj§
prédit,pRedi
prédominance,pRedomin@s
prédominant,pRedomin@
prédominer,pRedomine
prédécesseur,pRedeses9R
prédéterminer,pRedetERmine
préemption,pRe@psj§
préencollé,pRe@kole
préexistant,pReEgzist@
préfabriqué,pRefabRike
préface,pRefas
préfacer,pRefase
préfacier,pRefasje
préfectance,pRefEkt@s
préfecture,pRefEktyR
préfet,pRefE
préfiguration,pRefigyRasj§
préfigurer,pRefigyRe
préfix,pRefiks
préfixation,pRefiksasj§
préfixe,pRefiks
préformation,pRefORmasj§
préformer,pRefORme
préfrontal,pRefR§tal
préférable,pRefeRabl
préférablement,pRefeRabl2m@
préférence,pRefeR@s
préférentiel,pRefeR@sjEl
préférer,pRefeRe
préféré,pRefeRe
prégnance,pReN@s
préhenseur,pRe@s9R
préhensile,pRe@sil
préhension,pRe@sj§
préhistoire,pReistwaR
préhistorien,pReistoRj5
préhistorique,pReistoRik
préhominien,pReominj5
préindustriel,pRe5dystRijEl
préjudice,pReZydis
préjudiciable,pReZydisjabl
préjuger,pReZyZe
préjugé,pReZyZe
prélasser,pRelase
prélat,pRela
prélavage,pRelavaZ
prélaver,pRelave
prélegs,pRelE
prélever,pRel°ve
préliminaire,pReliminER
prélude,pRelyd
préluder,pRelyde
prélèvement,pRelEv°m@
prématurité,pRematyRite
prématuré,pRematyRe
prématurément,pRematyRem@
prémenstruel,pRem@stRyEl
prémices,pRemis
prémisse,pRemis
prémolaire,pRemolER
prémonition,pRemonisj§
prémonitoire,pRemonitwaR
prémunir,pRemyniR
préméditation,pRemeditasj§
préméditer,pRemedite
prémédité,pRemedite
prénatal,pRenatal
prénom,pRen§
prénom-type,pRen§tip
prénommer,pRenome
prénommé,pRenome
prénuptial,pRenypsjal
préoccupant,pReokyp@
préoccupation,pReokypasj§
préoccuper,pReokype
préoccupé,pReokype
préopératoire,pReopeRatwaR
prépa,pRepa
préparateur,pRepaRat9R
préparatif,pRepaRatif
préparation,pRepaRasj§
préparatoire,pRepaRatwaR
préparer,pRepaRe
prépondérance,pRep§deR@s
prépondérant,pRep§deR@
préposition,pRepozisj§
préposé,pRepoze
prépotence,pRepot@s
préprogrammé,pRepRogRame
prépubère,pRepybER
prépuce,pRepys
préraphaélite,pReRafaelit
prérentrée,pReR@tRe
préretraite,pReR°tREt
prérogative,pReRogativ
préroman,pReRom@
prérévolutionnaire,pReRevolysjonER
présage,pRezaZ
présager,pRezaZe
préscolaire,pReskolER
présence,pRez@s
présent,pRez@
présentable,pRez@tabl
présentateur,pRez@tat9R
présentation,pRez@tasj§
présente,pRez@t
présentement,pRez@t°m@
présenter,pRez@te
présentoir,pRez@twaR
préservateur,pRezERvat9R
préservatif,pRezERvatif
préservation,pRezERvasj§
préserver,pRezERve
préside,pRezid
présidence,pRezid@s
président,pRezid@
président-directeur,pRezid@diREkt9R
présidentiable,pRezid@sjabl
présidentiel,pRezid@sjEl
présider,pRezide
présidium,pRezidjOm
présocratique,pResokRatik
présomptif,pRez§ptif
présomption,pRez§psj§
présomptueux,pRez§pt82
présumer,pRezyme
présumé,pRezyme
préséance,pRese@s
présélection,pReselEksj§
prétendant,pRet@d@
prétendre,pRet@dR
prétendu,pRet@dy
prétendument,pRet@dym@
prétentaine,pRet@tEn
prétentiard,pRet@sjaR
prétentieux,pRet@sj2
prétention,pRet@sj§
préternaturel,pRetERnatyREl
préteur,pRet9R
prétexte,pRetEkst
prétexter,pRetEkste
prétoire,pRetwaR
prétorien,pRetoRj5
préture,pRetyR
prévalence,pReval@s
prévalent,pReval
prévaloir,pRevalwaR
prévaricateur,pRevaRikat9R
prévenance,pREv°n@s
prévenant,pREv°n@
prévenir,pREv°niR
préventif,pRev@tif
prévention,pRev@sj§
préventivement,pRev@tiv°m@
préventorium,pRev@toRjOm
prévenu,pREv°ny
prévis,pRevi
prévisibilité,pRevizibilite
prévisible,pRevizibl
prévision,pRevizj§
prévisionnel,pRevizjonEl
prévoir,pRevwaR
prévoyance,pRevwaj@s
prévoyant,pRevwaj@
prévôt,pRevo
prévôté,pRevote
préélectoral,pReelEktoRal
prééminence,pReemin@s
préétabli,pReetabli
prêche,pRES
prêcher,pReSe
prêcheur,pRES9R
prêchi-prêcha,pRESipRESa
prêt,pRE
prêt-bail,pREbaj
prêt-à-porter,pREtapORte
prête-nom,pREtn§
prêter,pRete
prêteur,pREt9R
prêtraille,pREtRaj
prêtre,pREtR
prêtre-ouvrier,pREtRuvRije
prêtrise,pRetRiz
prêté,pRete
prône,pRon
prôner,pRone
prôneur,pRon9R
psalmiste,psalmist
psalmodie,psalmodi
psalmodier,psalmodje
psaume,psom
psautier,psotje
pschent,psSEnt
pschitt,pSit
pseudo,ps2do
pseudo-gouvernement,ps2doguvERn2m@
pseudobulbaire,ps2dobylbER
pseudomonas,ps2dOmOnas
pseudonyme,ps2donim
psi,psi
psilocybine,psilOsibin
psitt,psit
psittacose,psitakoz
psoriasis,psoRjazis
pst,pst
psy,psi
psychanalyse,psikanaliz
psychanalyser,psikanalize
psychanalyste,psikanalist
psychanalytique,psikanalitik
psychiatre,psikjatR
psychiatre-conseil,psikjatRk§sEj
psychiatrie,psikjatRi
psychiatrique,psikjatRik
psychique,psiSik
psychiquement,psiSik°m@
psychisme,psiSizm
psycho,psiko
psychochirurgie,psikoSiRyRZi
psychodrame,psikodRam
psychodysleptique,psikodislEptik
psychogène,psikoZEn
psychokinésie,psikokinezi
psycholinguistique,psikol5g8istik
psychologie,psikoloZi
psychologie-fiction,psikoloZifiksj§
psychologique,psikoloZik
psychologiquement,psikoloZik°m@
psychologisation,psikoloZizasj§
psychologue,psikolOg
psychométrique,psikOmetRik
psychonévrose,psikonevRoz
psychopathe,psikopat
psychopathie,psikOpati
psychopathique,psikopatik
psychopathologie,psikopatoloZi
psychopathologique,psikopatoloZik
psychopharmacologie,psikofaRmakoloZi
psychophysiologie,psikofizjoloZi
psychophysiologique,psikofizjoloZik
psychorigide,psikoRiZid
psychose,psikoz
psychosexuel,psikosEks8El
psychosociologie,psikososjoloZi
psychosociologue,psikosOsjOlOg
psychosomaticien,psikozomatisj5
psychosomatique,psikosomatik
psychotechnicien,psikotEknisj5
psychotechnique,psikotEknik
psychothérapeute,psikoteRap2t
psychothérapie,psikoteRapi
psychotique,psikotik
psychotrope,psikotROp
psyché,psiSe
psychédélique,psikedelik
psyllium,psiljOm
ptosis,ptozis
ptyx,ptiks
ptérodactyle,pteRodaktil
puant,p8@
puanteur,p8@t9R
pub,p9b
pubertaire,pybERtER
puberté,pybERte
pubien,pybj5
pubis,pybis
publiable,pyblijabl
public,pyblik
public-relations,p9blikRilEjS9n
publicain,pyblik5
publication,pyblikasj§
publiciste,pyblisist
publicitaire,pyblisitER
publicitairement,pyblisitER°m@
publicité,pyblisite
publico,pybliko
publier,pyblije
publieur,pyblj9R
publiphone,pyblifOn
publiquement,pyblik°m@
publireportage,pybliR2pORtaZ
pubère,pybER
puce,pys
puceau,pyso
pucelage,pys°laZ
puceron,pys°R§
pucher,pySe
pucheux,pyS2
pucier,pysje
pudding,pudiG
pudeur,pyd9R
pudibond,pydib§
pudibonderie,pydib§d°Ri
pudicité,pydisite
pudique,pydik
pudiquement,pydik°m@
pueblo,py°blo
puer,p8e
puff,p9f
puffin,pyf5
pugilat,pyZila
pugiler,pyZile
pugiliste,pyZilist
pugilistique,pyZilistik
pugnace,pyNas
pugnacité,pyNasite
puis,p8i
puisard,p8izaR
puisatier,p8izatje
puiser,p8ize
puisette,p8izEt
puisqu,p8isk
puisque,p8isk°
puissamment,p8isam@
puissance,p8is@s
puissant,p8is@
puits,p8i
pull,pyl
pull-over,pylovER
pullman,pulman
pullulement,pylyl°m@
pulluler,pylyle
pulmonaire,pylmonER
pulmonie,pylmOni
pulmonique,pylmOnik
pulpe,pylp
pulpeux,pylp2
pulque,pylk
pulsar,pylsaR
pulsatile,pylsatil
pulsation,pylsasj§
pulser,pylse
pulseur,pyls9R
pulsion,pylsj§
pulvérin,pylveR5
pulvérisateur,pylveRizat9R
pulvérisation,pylveRizasj§
pulvériser,pylveRize
pulvérulence,pylveRyl@s
puma,pyma
punais,pynE
punaise,pynEz
punch,p§S
puncheur,p9nS9R
punching-ball,p9nSiGbOl
punctiforme,p§ktifORm
puncture,p§ktyR
puni,pyni
punique,pynik
punir,pyniR
punissable,pynisabl
punisseur,pynis9R
punitif,pynitif
punition,pynisj§
punk,p1k
punkette,p9nkEt
punt,punt
pupazzo,pupadzo
pupe,pyp
pupillaire,pypilER
pupille,pypij
pupitre,pypitR
pupitreur,pypitR9R
pur,pyR
pur-sang,pyRs@
pureau,pyRo
purement,pyR°m@
pureté,pyR°te
purgatif,pyRgatif
purgation,pyRgasj§
purgatoire,pyRgatwaR
purge,pyRZ
purger,pyRZe
purifiant,pyRifj@
purificateur,pyRifikat9R
purification,pyRifikasj§
purificatoire,pyRifikatwaR
purifier,pyRifje
purin,pyR5
puriste,pyRist
puritain,pyRit5
puritanisme,pyRitanizm
purotin,pyRot5
purpura,pyRpyRa
purpurin,pyRpyR5
purulence,pyRyl@s
purulent,pyRyl@
purée,pyRe
pus,py
pusillanime,pyzilanim
pusillanimité,pyzilanimite
pustule,pystyl
pustuleux,pystyl2
putain,pyt5
putanat,pytana
putasserie,pytas°Ri
putassier,pytasje
putatif,pytatif
pute,pyt
putier,pytje
putois,pytwa
putrescence,pytRes@s
putrescent,pytRes@
putrescible,pytResibl
putrescine,pytResin
putride,pytRid
putréfaction,pytRefaksj§
putréfier,pytRefje
putsch,putS
putschiste,putSist
putt,p9t
putter,p9te
putting,p9tiG
puy,p8i
puzzle,p9z9l
puériculture,p8eRikyltyR
puéril,p8eRil
puérilement,p8eRil°m@
puérilité,p8eRilite
puîné,p8ine
pygmée,pigme
pyjama,piZama
pylore,pilOR
pylorique,piloRik
pylône,pilon
pyogène,pjOZEn
pyralène,piRalEn
pyrame,piRam
pyramidal,piRamidal
pyramidalement,piRamidal°m@
pyramide,piRamid
pyramidé,piRamide
pyrex,piREks
pyrexie,piREksi
pyridoxine,piRidOksin
pyrite,piRit
pyroclastique,piRoklastik
pyrogène,piRoZEn
pyrolyse,piROliz
pyromane,piRoman
pyromanie,piRomani
pyromètre,piRomEtR
pyrosphère,piRosfER
pyrotechnicien,piROtEknisj5
pyrotechnie,piRotEkni
pyrotechnique,piRotEknik
pyroxène,piROksEn
pyrrhique,piRik
pyrrhonien,piRonj5
pyrrhonisme,piRonizm
pyrèthre,piREtR
pyrénéen,piRene5
pyrénéenne,piReneEn
pyréthrine,piRetRin
pythagoricien,pitagoRisj5
pythie,piti
python,pit§
pythonisse,pitonis
pâle,pal
pâlement,palem@
pâleur,pal9R
pâlichon,paliS§
pâlir,paliR
pâlissant,palis@
pâlot,palo
pâmer,pame
pâmoison,pamwaz§
pâque,pak
pâquerette,pak°REt
pâques,pak
pâquis,paki
pâte,pat
pâteusement,pat2z°m@
pâteux,pat2
pâtir,patiR
pâtis,pati
pâtisserie,patis°Ri
pâtissier,patisje
pâton,pat§
pâtour,patuR
pâtre,patR
pâturage,patyRaZ
pâture,patyR
pâturer,patyRe
pâturin,patyR5
pâté,pate
pâtée,pate
pègre,pEgR
pèlerin,pEl°R5
pèlerinage,pEl°RinaZ
père,pER
pèse-acide,pEzasid
pèse-bébé,pEzbebe
pèse-lettre,pEzlEtR
pèse-personne,pEzpERsOn
pète-sec,pEtsEk
pètesec,pEtsEk
pèze,pEz
péage,peaZ
péagiste,peaZist
péan,pe@
pébroc,pebROk
pébroque,pebROk
pécan,pek@
pécari,pekaRi
pécher,peSe
pécheur,peS9R
péché,peSe
pécore,pekOR
pécule,pekyl
pécune,pekyn
pécuniaire,pekynjER
pécuniairement,pekynjER°m@
pécunieux,pekynj2
pédagogie,pedagoZi
pédagogique,pedagoZik
pédagogue,pedagOg
pédalage,pedalaZ
pédale,pedal
pédaler,pedale
pédaleur,pedal9R
pédalier,pedalje
pédalo,pedalo
pédant,ped@
pédanterie,ped@t°Ri
pédantesque,ped@tEsk
pédantisme,ped@tizm
pédestre,pedEstR
pédestrement,pedEstR°m@
pédezouille,pedzuj
pédiatre,pedjatR
pédiatrie,pedjatRi
pédiatrique,pedjatRik
pédibus,pedibys
pédicule,pedikyl
pédicure,pedikyR
pédicurie,pedikyRi
pédieux,pedj2
pédologue,pedOlOg
pédomètre,pedomEtR
pédoncule,ped§kyl
pédonculé,ped§kyle
pédophile,pedofil
pédophilie,pedofili
pédopsychiatre,pedopsikjatR
pédoque,pedOk
pédé,pede
pédégé,pedeZe
pédéraste,pedeRast
pédérastie,pedeRasti
pédérastique,pedeRastik
pégamoïd,pegamOid
pégriot,pegRijo
péjoratif,peZoRatif
péjorativement,peZoRativ°m@
pékan,pek@
pékin,pek5
pékinois,pekinwa
pélagique,pelaZik
pélican,pelik@
pélot,pelo
pénal,penal
pénalement,penal°m@
pénalisation,penalizasj§
pénaliser,penalize
pénaliste,penalist
pénalité,penalite
pénard,penaR
pénardement,penaRd°m@
pénates,penat
pénible,penibl
péniblement,penibl°m@
péniche,peniS
pénicilline,penisilin
pénien,penj5
pénil,penil
péninsulaire,pen5sylER
péninsule,pen5syl
pénis,penis
pénitence,penit@s
pénitencier,penit@sje
pénitent,penit@
pénitentiaire,penit@sjER
pénologie,penOlOZi
pénombre,pen§bR
pénultième,penyltjEm
pénurie,penyRi
pénétrable,penetRabl
pénétrant,penetR@
pénétration,penetRasj§
pénétrer,penetRe
pénétré,penetRe
péon,pe§
pépettes,pepEt
pépiant,pepj@
pépie,pepi
pépiement,pepim@
pépier,pepje
pépin,pep5
pépinière,pepinjER
pépiniériste,pepinjeRist
pépite,pepit
péplum,peplOm
pépère,pepER
pépètes,pepEt
pépé,pepe
pépée,pepe
péquenaud,pEk°no
péquenot,pEk°no
péquin,pek5
péremptoire,peR@ptwaR
péremptoirement,peR@ptwaR°m@
pérenne,peREn
pérennité,peRenite
péri,peRi
péricarde,peRikaRd
péricardique,peRikaRdik
péricardite,peRikaRdit
péricarpe,peRikaRp
péricliter,peRiklite
péridurale,peRidyRal
périf,peRif
périgourdin,peRiguRd5
périgée,peRiZe
péril,peRil
périlleusement,peRij2z°m@
périlleux,peRij2
périmer,peRime
périmètre,peRimEtR
périmé,peRime
périnée,peRine
période,peRjOd
périodicité,peRjodisite
périodique,peRjodik
périodiquement,peRjodik°m@
périph,peRif
périphrase,peRifRaz
périphérie,peRifeRi
périphérique,peRifeRik
périple,peRipl
péripétie,peRipesi
périr,peRiR
périscolaire,peRiskOlER
périscope,peRiskOp
périscopique,peRiskopik
périssable,peRisabl
périssodactyle,peRisodaktil
périssoire,peRiswaR
péristaltique,peRistaltik
péristaltisme,peRistaltism
péristyle,peRistil
péritoine,peRitwan
péritonite,peRitonit
péritonéal,peRitOneal
pérodictique,peRodiktik
péroniste,peROnist
péronnelle,peRonEl
péroné,peRone
péroraison,peRoREz§
pérorer,peRoRe
péroreur,peRoR9R
pérot,peRo
pérou,peRu
péruvien,peRyvj5
pérégrination,peRegRinasj§
pérégriner,peRegRine
péréquation,peRekwasj§
pétainiste,petEnist
pétale,petal
pétanque,pet@k
pétant,pet@
pétaradant,petaRad@
pétarade,petaRad
pétarader,petaRade
pétard,petaR
pétardier,petaRdje
pétase,petaz
pétasse,petas
pétaudière,petodjER
péter,pete
péteur,pet9R
péteuse,pet2z
péteux,pet2
pétillant,petij@
pétillement,petij°m@
pétiller,petije
pétiole,pesjOl
pétition,petisj§
pétitionner,petisjone
pétochard,petoSaR
pétoche,petOS
pétoire,petwaR
pétomane,petoman
pétoncle,pet§kl
pétoulet,petulE
pétrel,petREl
pétreux,petR2
pétri,petRi
pétrification,petRifikasj§
pétrifier,petRifje
pétrifié,petRifje
pétrin,petR5
pétrir,petRiR
pétrissage,petRisaZ
pétrisseur,petRis9R
pétrochimie,petRoSimi
pétrochimique,petRoSimik
pétrole,petROl
pétrolette,petRolEt
pétrolier,petRolje
pétrolifère,petRolifER
pétrousquin,petRusk5
pétrus,petRy
pétulance,petyl@s
pétulant,petyl@
pétuner,petyne
pétunia,petynja
pété,pete
pétéchie,peteSi
pêche,pES
pêcher,peSe
pêcherie,pES°Ri
pêcheur,pES9R
pêché,peSe
pêle-mêle,pElmEl
pêne,pEn
pôle,pol
q,ky
qu,k
qu'en-dira-t-on,k@diRat§
quadra,kwadRa
quadragénaire,kwadRaZenER
quadrangle,kwadR@gl
quadrangulaire,kwadR@gylER
quadrant,kwadR@
quadratique,kwadRatik
quadrature,kwadRatyR
quadri,kadRi
quadriceps,kwadRisEps
quadrichromie,kwadRikRomi
quadridimensionnel,kwadRidim@sjOnEl
quadriennal,kwadRijEnal
quadrige,kadRiZ
quadrilatère,kwadRilatER
quadrillage,kadRijaZ
quadrille,kadRij
quadriller,kadRije
quadrillion,kadRij§
quadrilobé,kwadRilobe
quadrimestre,kwadRimEstR
quadrimoteur,kwadRimot9R
quadripartite,kwadRipaRtit
quadriphonie,kwadRifoni
quadriphonique,kwadRifonik
quadriplégique,kwadRipleZik
quadriréacteur,kwadRiReakt9R
quadrivium,kwadRivjOm
quadrumane,kwadRuman
quadruple,kwadRupl
quadrupler,kwadRyple
quadrupède,kwadRupEd
quai,kE
quaker,kwEk9R
quakeresse,kwEk°REs
qualifiable,kalifjabl
qualificatif,kalifikatif
qualification,kalifikasj§
qualifier,kalifje
qualifié,kalifje
qualitatif,kalitatif
qualité,kalite
quand,k@
quant,k@
quant-à-moi,k@tamwa
quant-à-soi,k@taswa
quantifiable,k@tifjabl
quantifier,k@tifje
quantique,kw@tik
quantitatif,k@titatif
quantitativement,k@titativ°m@
quantité,k@tite
quantième,k@tjEm
quanto,k@to
quantum,kw@tOm
quarantaine,kaR@tEn
quarante,kaR@t
quarante-cinq,kaR@ts5k
quarante-cinquième,kaR@ts5kjEm
quarante-deux,kaR@td2
quarante-deuxième,kaR@td2zjEm
quarante-huit,kaR@t8it
quarante-huitième,kaR@t8itjEm
quarante-neuf,kaR@tn9f
quarante-quatre,kaR@t°katR
quarante-sept,kaR@tsEt
quarante-septième,kaR@tsEtjEm
quarante-six,kaR@tsis
quarante-trois,kaR@t°tRwa
quarante-troisième,kaR@ttRwazjEm
quarantenaire,kaR@t°nER
quarantième,kaR@tjEm
quark,kwaRk
quarre,kaR
quart,kaR
quart-monde,kaRm§d
quartaut,kaRto
quarte,kaRt
quartenier,kaRt°nje
quarter,kaRte
quarteron,kaRt°R§
quartet,kwaRtE
quartette,kwaRtEt
quartidi,kwaRtidi
quartier,kaRtje
quartier-maître,kaRtjemEtR
quarto,kwaRto
quartz,kwaRts
quarté,kaRte
quasar,kazaR
quasi,kazi
quasi-agonie,kaziagoni
quasi-blasphème,kaziblasfEm
quasi-bonheur,kazibon9R
quasi-certitude,kazisERtityd
quasi-chômage,kaziSomaZ
quasi-débutant,kazidebyt@
quasi-décapitation,kazidekapitasj§
quasi-désertification,kazidezERtifikasj§
quasi-facétieux,kazifasesj2
quasi-génocide,kaziZenosid
quasi-hérétique,kazieRetik
quasi-ignare,kaziiNaR
quasi-impossibilité,kazi5posibilite
quasi-impunité,kazi5pynite
quasi-inconnu,kazi5kony
quasi-indifférence,kazi5difeR@s
quasi-infirme,kazi5fiRm
quasi-instantanée,kazi5st@tane
quasi-jungienne,kazijuGjEn
quasi-mariage,kazimaRjaZ
quasi-maximum,kazimaksimOm
quasi-mendiant,kazim@dj@
quasi-miracle,kazimiRakl
quasi-monopole,kazimOnOpOl
quasi-morceau,kazimORso
quasi-noyade,kazinwajad
quasi-nudité,kazinydite
quasi-permanence,kazipERman@s
quasi-protection,kazipRotEksj§
quasi-religieux,kaziR°liZj2
quasi-respect,kaziREspE
quasi-totalité,kazitotalite
quasi-unanime,kaziynanim
quasi-unanimité,kaziynanimite
quasi-veuvage,kaziv9vaZ
quasi-ville,kazivil
quasi-voisines,kazivwazin
quasi-émeute,kaziem2t
quasi-équitable,kaziekitabl
quasiment,kazim@
quasimodo,kazimodo
quat'zarts,katzaR
quater,kwatER
quaternaire,kwatERnER
quatorze,katORz
quatorzième,katORzjEm
quatrain,katR5
quatre,katR
quatre-feuilles,katRf9j
quatre-heures,katR9R
quatre-mâts,katRma
quatre-quarts,katRkaR
quatre-saisons,katR°sEz§
quatre-vingt,katR°v5
quatre-vingt-cinq,katR°v5s5k
quatre-vingt-deux,katR°v5d2
quatre-vingt-dix,katR°v5dis
quatre-vingt-dix-huit,katR°v5diz8it
quatre-vingt-dix-neuf,katR°v5dizn9f
quatre-vingt-dix-sept,katR°v5disEt
quatre-vingt-dixième,katR°v5dizjEm
quatre-vingt-douze,katR°v5duz
quatre-vingt-douzième,katR°v5duzjEm
quatre-vingt-huit,katR°v58it
quatre-vingt-neuf,katR°v5n9f
quatre-vingt-onze,katR°v5§z
quatre-vingt-quatorze,katR°v5katORz
quatre-vingt-quatre,katR°v5katR
quatre-vingt-quinze,katR°v5k5z
quatre-vingt-seize,katR°v5sEz
quatre-vingt-sept,katR°v5sEt
quatre-vingt-six,katR°v5sis
quatre-vingt-treize,katR°v5tREz
quatre-vingt-treizième,katR°v5tREzjEm
quatre-vingt-trois,katR°v5tRwa
quatre-vingt-un,katR°v51
quatre-vingtième,katR°v5tjEm
quatre-vingts,katR°v5
quatrillion,kwatRilj§
quatrième,katRijEm
quatrièmement,katRijEm°m@
quattrocento,kwatRotSEnto
quatuor,kwat8OR
que,k°
quechua,keSua
quel,kEl
quelconque,kElk§k
quelle,kEl
quelles,kEl
quelqu'un,kElk1
quelqu'une,kElkyn
quelque,kElk
quelquefois,kElk°fwa
quelques,kElk
quelques-unes,kElk°zyn
quelques-uns,kElk°z1
quels,kEl
quenelle,k°nEl
quenotte,k°nOt
quenouille,k°nuj
querelle,k°REl
quereller,k°Rele
querelleur,k°REl9R
questeur,k8Est9R
question,kEstj§
question-clé,kEstj§kle
question-réponse,kEstj§Rep§s
questionnaire,kEstjonER
questionnement,kEstjOn°m@
questionner,kEstjone
questionneur,kEstjon9R
questure,kEstyR
quetsche,kwEtS
quette,kEt
quetzal,kEtzal
queue,k2
queue-d'aronde,k2daR§d
queue-de-cheval,k2d°S°val
queue-de-pie,k2d°pi
queursoir,k9RswaR
queutard,k2taR
qui,ki
qui-vive,kiviv
quibus,k8ibys
quiche,kiS
quichotte,kiSOt
quick,kik
quiconque,kik§k
quidam,k8idam
quiet,kjE
quignon,kiN§
quille,kij
quiller,kije
quillon,kij§
quimper,k5pe
quincaille,k5kaj
quincaillerie,k5kaj°Ri
quincaillier,k5kaje
quinconce,k5k§s
quine,kin
quinine,kinin
quinium,kinjOm
quinoa,kinOa
quinqua,k5ka
quinquagénaire,k5kaZenER
quinquagésime,k5kaZezim
quinquennal,k5kenal
quinquennat,k85kena
quinquet,k5kE
quinquina,k5kina
quint,k5
quintaine,k5tEn
quintal,k5tal
quinte,k5t
quintessence,k5tes@s
quintessencié,k5tes@sje
quintet,k5tE
quintette,k5tEt
quinteux,k5t2
quintidi,k5tidi
quinto,k5to
quintolet,k85tOlE
quinton,k85t§
quintuple,k5typl
quinté,k5te
quinzaine,k5zEn
quinze,k5z
quinzième,k5zjEm
quiproquo,kipRoko
quipu,kipu
quiquette,kikEt
quiqui,kiki
quiscale,kiskal
quite,kwit2
quittance,kit@s
quitte,kit
quitter,kite
quitus,kitys
quiz,kiz
quiètement,kjEt°m@
quiétisme,kjetizm
quiétiste,kjetist
quiétude,kjetyd
quoi,kwa
quoique,kwak°
quolibet,kolibE
quorum,koROm
quota,kota
quote-part,kotpaR
quotidien,kotidj5
quotidiennement,kotidjEn°m@
quotidienneté,kotidjEn°te
quotient,kosj@
quotité,kotite
québécois,kebekwa
quémander,kem@de
quémandeur,kem@d9R
quéquette,kekEt
quérir,keRiR
quête,kEt
quêter,kete
quêteur,kEt9R
ra,Ra
rab,Rab
rabais,RabE
rabaissement,RabEs°m@
rabaisser,Rabese
raban,Rab@
rabane,Raban
rabat,Raba
rabat-joie,RabaZwa
rabattable,Rabatabl
rabattant,Rabat@
rabatteur,Rabat9R
rabattre,RabatR
rabattu,Rabaty
rabbi,Rabi
rabbin,Rab5
rabbinat,Rabina
rabbinique,Rabinik
rabe,Rab
rabelaisien,Rab°lEzj5
rabibochage,RabiboSaZ
rabibocher,RabiboSe
rabiot,Rabjo
rabioter,Rabjote
rabique,Rabik
rabonnir,RaboniR
rabot,Rabo
rabotage,RabotaZ
raboter,Rabote
raboteur,Rabot9R
raboteux,Rabot2
rabotin,RabOt5
rabougri,RabugRi
rabougrir,RabugRiR
rabouin,Rabw5
rabouler,Rabule
rabouter,Rabute
rabrouer,RabRue
rabâchage,RabaSaZ
rabâcher,RabaSe
rabâcheur,RabaS9R
rac,Rak
racaille,Rakaj
raccommodage,RakomodaZ
raccommoder,Rakomode
raccompagner,Rak§paNe
raccord,RakOR
raccordement,RakORd°m@
raccorder,RakORde
raccourci,RakuRsi
raccourcir,RakuRsiR
raccourcissement,RakuRsis°m@
raccroc,RakRo
raccrochage,RakRoSaZ
raccrocher,RakRoSe
raccrocheur,RakRoS9R
race,Ras
rachat,RaSa
racheter,RaS°te
rachianesthésie,RaSjanEstezi
rachidien,RaSidj5
rachis,RaSis
rachitique,RaSitik
rachitisme,RaSitizm
racho,RaSo
racial,Rasjal
racialement,Rasjal°m@
racine,Rasin
raciner,Rasine
racingman,REjsiGman
racisme,Rasizm
raciste,Rasist
rack,Rak
racket,RakEt
racketter,RakEte
racketteur,Raket9R
raclant,Rakl@
racle,Rakl
raclement,Rakl°m@
racler,Rakle
raclette,RaklEt
racleur,Rakl9R
racloir,RaklwaR
raclure,RaklyR
raclée,Rakle
racolage,RakolaZ
racoler,Rakole
racoleur,Rakol9R
racontable,Rak§tabl
racontar,Rak§taR
raconter,Rak§te
raconteur,Rak§t9R
racornir,RakORniR
racé,Rase
rad,Rad
radada,Radada
radar,RadaR
rade,Rad
radeau,Rado
radeau-radar,RadoRadaR
rader,Rade
radeuse,Rad2z
radial,Radjal
radiant,Radj@
radiateur,Radjat9R
radiation,Radjasj§
radical,Radikal
radical-socialisme,Radikalsosjalizm
radical-socialiste,Radikalsosjalist
radicale-socialiste,Radikalsosjalist
radicalement,Radikal°m@
radicalisation,Radikalizasj§
radicaliser,Radikalize
radicalisme,Radikalizm
radiculaire,RadikylER
radicule,Radikyl
radier,Radje
radiesthésiste,RadjEstezist
radieusement,Radj2z°m@
radieux,Radj2
radin,Rad5
radiner,Radine
radinerie,Radin°Ri
radio,Radjo
radio-isotope,RadjoizotOp
radio-réveil,RadjoRevEj
radio-taxi,Radjotaksi
radioactif,Radjoaktif
radioactivité,Radjoaktivite
radioamateur,Radjoamat9R
radioastronome,RadjoastRonOm
radiobalisage,RadjobalizaZ
radiobalise,Radjobaliz
radiocassette,RadjokasEt
radiodiffusion,Radjodifyzj§
radiogoniomètre,RadjogOnjomEtR
radiogoniométrique,RadjogOnjometRik
radiogramme,RadjogRam
radiographie,RadjogRafi
radiographier,RadjogRafje
radiographique,RadjogRafik
radioguidage,RadjogidaZ
radiologie,RadjoloZi
radiologique,RadjOlOZik
radiologiste,RadjOlOZist
radiologue,RadjolOg
radiomètre,RadjomEtR
radiométrie,RadjometRi
radiophare,RadjofaR
radiophonie,Radjofoni
radiophonique,Radjofonik
radioréveil,RadjoRevEj
radioscopie,Radjoskopi
radioscopique,RadjOskOpik
radiosonde,Radjos§d
radiothérapie,RadjoteRapi
radiotélescope,RadjotelEskOp
radiotélégraphie,RadjotelegRafi
radiotélégraphiste,RadjotelegRafist
radiotéléphone,RadjotelefOn
radiotéléphonie,RadjotelefOni
radiotéléphonique,RadjotelefOnik
radioélectrique,RadjoelEktRik
radioélément,Radjoelem@
radis,Radi
radium,RadjOm
radius,Radjys
radié,Radje
radja,RadZa
radjah,RadZa
radon,Rad§
radotage,RadotaZ
radoter,Radote
radoteur,Radot9R
radoub,Radu
radouber,Radube
radoubeur,Radub9R
radoucir,RadusiR
radoucissement,Radusis°m@
radôme,Radom
rafale,Rafal
raff,Raf
raffermir,RafERmiR
raffinage,RafinaZ
raffinement,Rafin°m@
raffiner,Rafine
raffinerie,Rafin°Ri
raffineur,Rafin9R
raffiné,Rafine
raffoler,Rafole
raffut,Rafy
rafiau,Rafjo
rafiot,Rafjo
rafistolage,RafistolaZ
rafistoler,Rafistole
rafle,Rafl
rafler,Rafle
rafraîchir,RafReSiR
rafraîchissant,RafReSis@
rafraîchissement,RafReSis°m@
rafraîchisseur,RafReSis9R
rafraîchissoir,RafReSiswaR
raft,Raft
rafting,RaftiG
rag,Rag
raga,Raga
ragaillardir,RagajaRdiR
rage,RaZ
rageant,RaZ@
rager,RaZe
rageur,RaZ9R
rageusement,RaZ2z°m@
raglan,Ragl@
ragnagnas,RaNaNa
ragot,Rago
ragoter,Ragote
ragougnasse,RaguNas
ragoût,Ragu
ragoûtant,Ragut@
ragtime,Ragtajm
rahat-lokoum,Raatlokum
rai,RE
raid,REd
raide,REd
raidement,REd°m@
raider,Rajd9R
raideur,REd9R
raidillon,REdij§
raidir,RediR
raidissement,REdis°m@
raie,RE
raifort,REfOR
rail,Raj
railler,Raje
raillerie,Raj°Ri
railleur,Raj9R
railway,RElwE
rain,R5
rainer,Rene
rainette,REnEt
raineuse,REn2z
rainure,RenyR
rainurer,RenyRe
raiponce,REp§s
raire,RER
raisin,REz5
raisiné,REzine
raison,REz§
raisonnable,REzonabl
raisonnablement,REzonabl°m@
raisonnement,REzOn°m@
raisonner,REzone
raisonneur,REzon9R
raisonné,REzone
raja,RaZa
rajah,RaZa
rajeunir,RaZ9niR
rajeunissant,RaZ9nis@
rajeunissement,RaZ9nis°m@
rajout,RaZu
rajouter,RaZute
rajustement,RaZyst°m@
rajuster,RaZyste
raki,Raki
ralbol,RalbOl
ralenti,Ral@ti
ralentir,Ral@tiR
ralentissement,Ral@tis°m@
ralentisseur,Ral@tis9R
ralingue,Ral5g
raller,Rale
ralliement,Ralim@
rallier,Ralje
rallié,Ralje
rallonge,Ral§Z
rallongement,Ral§Z°m@
rallonger,Ral§Ze
rallumage,RalymaZ
rallumer,Ralyme
rallye,Rali
ralléger,RalEZe
ram,Ram
ramadan,Ramad@
ramage,RamaZ
ramager,RamaZe
ramarrer,RamaRe
ramas,Rama
ramassage,RamasaZ
ramasse-miettes,RamasmjEt
ramasse-poussière,RamaspusjER
ramasser,Ramase
ramasseur,Ramas9R
ramassis,Ramasi
ramassé,Ramase
rambarde,R@baRd
rambin,R@b5
rambiner,R@bine
rambineur,R@bin9R
rambla,Rambla
rambot,R@bo
rambour,R@buR
ramdam,Ramdam
rame,Ram
rameau,Ramo
ramenard,RamnaR
ramener,Ram°ne
ramer,Rame
ramette,RamEt
rameur,Ram9R
rameuter,Ram2te
rami,Rami
ramier,Ramje
ramifiant,Ramifj@
ramification,Ramifikasj§
ramifier,Ramifje
ramifié,Ramifje
ramille,Ramij
raminagrobis,RaminagRobis
ramolli,Ramoli
ramollir,RamoliR
ramollissement,Ramolis°m@
ramollo,Ramolo
ramon,Ram§
ramonage,RamonaZ
ramoner,Ramone
ramoneur,Ramon9R
rampant,R@p@
rampe,R@p
rampement,R@p°m@
ramper,R@pe
ramponneau,R@pono
rams,Ram
ramser,Ramse
ramure,RamyR
ramée,Rame
ran,R@
rancard,R@kaR
rancarder,R@kaRde
rancart,R@kaR
rance,R@s
ranch,R@nS
ranche,R@S
rancher,R@ntS9R
rancho,R@tSo
ranci,R@si
rancio,R@sjo
rancir,R@siR
rancissure,R@sisyR
rancoeur,R@k9R
rancune,R@kyn
rancunier,R@kynje
randonner,R@dOne
randonneur,R@don9R
randonnée,R@done
rang,R@
rangement,R@Z°m@
ranger,R@ZER
ranger,R@Ze
rangé,R@Ze
rangée,R@Ze
rani,Rani
ranimation,Ranimasj§
ranimer,Ranime
rantanplan,R@t@pl@
ranz,R@z
rançon,R@s§
rançonnage,R@sonaZ
rançonnement,R@sOn°m@
rançonner,R@sone
raout,Raut
rap,Rap
rapace,Rapas
rapacité,Rapasite
rapatriement,RapatRim@
rapatrier,RapatRije
rapatrié,RapatRije
rapetassage,Rap°tasaZ
rapetasser,Rap°tase
rapetasseur,Rap°tas9R
rapetissement,Rap°tis°m@
rapetisser,Rap°tise
raphaélesque,RafaelEsk
raphia,Rafja
raphé,Rafe
rapiat,Rapja
rapiater,Rapjate
rapiaterie,Rapjat°Ri
rapide,Rapid
rapidement,Rapid°m@
rapidité,Rapidite
rapidos,Rapido
rapin,Rap5
rapine,Rapin
rapière,RapjER
rapiécer,Rapjese
rapiéçage,RapjesaZ
raplapla,Raplapla
rapointir,Rapw5tiR
rappel,RapEl
rappeler,Rap°le
rappelé,Rap°le
rapper,Rape
rappeur,Rap9R
rappliquer,Raplike
rapport,RapOR
rapportage,RapORtaZ
rapporter,RapORte
rapporteur,RapORt9R
rapporté,RapORte
rapprendre,RapR@dR
rapprochement,RapROS°m@
rapprocher,RapRoSe
rapprocheur,RapRoS9R
rapproché,RapRoSe
rapsodie,Rapsodi
rapt,Rapt
raquer,Rake
raquette,RakEt
rare,RaR
rarement,RaR°m@
rareté,RaR°te
rarissime,RaRisim
rarissimement,RaRisim°m@
raréfaction,RaRefaksj§
raréfier,RaRefje
raréfié,RaRefje
ras,Ra
ras-le-bol,Ral°bOl
rasade,Razad
rasage,RazaZ
rasant,Raz@
rascasse,Raskas
rase-mottes,RazmOt
rase-pet,RazpE
raser,Raze
raseur,Raz9R
rash,RaS
rasibus,Razibys
rasif,Razif
rasoir,RazwaR
rassasiant,Rasazj@
rassasier,Rasazje
rassasié,Rasazje
rasse,Ras
rassemblement,Ras@bl°m@
rassembler,Ras@ble
rassembleur,Ras@bl9R
rasseoir,RaswaR
rassir,RasiR
rassis,Rasi
rassortiment,RasORtim@
rassortir,RasORtiR
rassurant,RasyR@
rassurement,RasyR°m@
rassurer,RasyRe
rasséréner,RaseRene
rasta,Rasta
rastafari,RastafaRi
rastaquouère,RastakwER
rat,Ra
rat-de-cave,Rad°kav
rata,Rata
ratafia,Ratafja
ratage,RataZ
rataplan,Ratapl@
ratatiner,Ratatine
ratatiné,Ratatine
ratatouille,Ratatuj
rate,Rat
rater,Rate
ratiboiser,Ratibwaze
ratiche,RatiS
ratichon,RatiS§
raticide,Ratisid
ratier,Ratje
ratification,Ratifikasj§
ratifier,Ratifje
ratine,Ratin
ratio,Rasjo
ratiocination,Rasjosinasj§
ratiocineur,Rasjosin9R
ration,Rasj§
rational,RasjOnal
rationalisation,Rasjonalizasj§
rationaliser,Rasjonalize
rationalisme,Rasjonalizm
rationaliste,Rasjonalist
rationalité,Rasjonalite
rationnel,RasjonEl
rationnellement,RasjonEl°m@
rationnement,RasjOn°m@
rationner,Rasjone
ratissage,RatisaZ
ratisser,Ratise
ratisseur,Ratis9R
ratite,Ratit
ratière,RatjER
raton,Rat§
ratonnade,Ratonad
ratonner,Ratone
rattachement,RataS°m@
rattacher,RataSe
ratte,Rat
rattrapage,RatRapaZ
rattraper,RatRape
rature,RatyR
raturer,RatyRe
raté,Rate
raucité,Rosite
rauque,Rok
rauquement,Rok°m@
ravage,RavaZ
ravageant,RavaZ@
ravager,RavaZe
ravageur,RavaZ9R
ravagé,RavaZe
raval,Raval
ravalement,Raval°m@
ravaler,Ravale
ravaleur,Raval9R
ravaudage,RavodaZ
ravauder,Ravode
rave,Rav
ravennate,Rav°nat
ravi,Ravi
ravier,Ravje
ravigotant,Ravigot@
ravigote,RavigOt
ravigoter,Ravigote
ravin,Rav5
ravine,Ravin
ravinement,Ravin°m@
raviner,Ravine
ravioli,Ravjoli
ravir,RaviR
raviser,Ravize
ravissant,Ravis@
ravissement,Ravis°m@
ravisseur,Ravis9R
ravitaillement,Ravitaj°m@
ravitailler,Ravitaje
ravitailleur,Ravitaj9R
ravivement,Raviv°m@
raviver,Ravive
ravoir,RavwaR
ray-grass,REgRas
rayer,Reje
rayon,REj§
rayon-éclair,REj§eklER
rayonnage,REjonaZ
rayonnant,REjon@
rayonnement,REjOn°m@
rayonner,REjone
rayonneur,REjOn9R
rayure,RejyR
rayé,Reje
raz,Ra
raz-de-marée,Rad°maRe
razzia,Radzja
razzier,Radzje
raïa,Raja
raïs,Rai
re-belote,R°b2lOt
re-inter,R°5tER
reader,Rid9R
ready-made,REdimEjd
rebab,R°bab
rebaiser,R°bEze
rebander,R°b@de
rebaptiser,R°batize
rebarré,R2baRe
rebattre,R°batR
rebattu,R°baty
rebec,R2bEk
rebecter,R2bEkte
rebelle,R°bEl
rebeller,R°bEle
rebelote,R°b2lOt
rebiffer,R°bife
rebiquer,R°bike
reblanchir,R°bl@SiR
reblochon,R°bloS§
rebloquer,R2blOke
rebobiner,R2bObine
reboire,R°bwaR
reboisement,R°bwaz°m@
rebond,R°b§
rebondi,R°b§di
rebondir,R°b§diR
rebondissant,R°b§dis@
rebondissement,R°b§dis°m@
rebonjour,R2b§ZuR
rebooter,R°bOOte
rebord,R°bOR
reborder,R2bORde
reboucher,R°buSe
reboucler,R°bukle
reboule,R2bul
rebourrer,R2buRe
rebours,R°buR
rebouter,R°bute
rebouteux,R°but2
reboutonner,R°butone
rebraguetter,R°bRagEte
rebrancher,R°bR@Se
rebrosser,R2bROse
rebroussement,R°bRus°m@
rebrousser,R°bRuse
rebuffade,R°byfad
rebut,R°by
rebutant,R°byt@
rebuter,R°byte
rebâtir,R°batiR
rebéquer,R2beke
recacher,R°kaSe
recacheter,R°kaS°te
recadrer,R°kadRe
recalage,R2kalaZ
recalculer,R°kalkyle
recaler,R°kale
recalé,R°kale
recarreler,R°kaR°le
recasable,R2kazabl
recaser,R°kaze
recasser,R2kase
recel,R°sEl
receler,R°s°le
receleur,R°s°l9R
receleur-miracle,R°s°l9RmiRakl
recensement,R°s@s°m@
recenser,R°s@se
recenseur,R°s@s9R
recension,R°s@sj§
recentrage,R°s@tRaZ
recentrer,R°s@tRe
recette,R°sEt
recevabilité,R2s2vabilite
recevable,R°s°vabl
receveur,R°s°v9R
recevoir,R°s°vwaR
rechampi,R°S@pi
rechange,R°S@Z
rechanger,R2S@Ze
rechanter,R°S@te
rechaper,R°Sape
recharge,R°SaRZ
rechargeable,R°SaRZabl
rechargement,R°SaRZ°m@
recharger,R°SaRZe
rechasser,R°Sase
rechausser,R°Sose
recherche,R°SERS
rechercher,R°SERSe
recherchiste,R2SERSist
recherché,R°SERSe
rechigner,R°SiNe
rechute,R°Syt
rechuter,R°Syte
reclassement,R°klas°m@
reclasser,R°klase
reclouer,R2klue
reclure,R°klyR
reclus,R°kly
recodage,R°kodaZ
recogner,R2kONe
recognition,R°kOgnisj§
recoiffer,R°kwafe
recoin,R°kw5
recollage,R°kolaZ
recoller,R°kole
recoloration,R2kOlORasj§
recombinaison,R°k§binEz§
recombinant,R2k§bin@
recombiner,R2k§bine
recommandable,R°kom@dabl
recommandation,R°kom@dasj§
recommander,R°kom@de
recommandé,R°kom@de
recommencement,R°kom@s°m@
recommencer,R°kom@se
recommercer,R2kOmERse
recompléter,R2k§plete
recomposer,R°k§poze
recomposition,R°k§pozisj§
recompter,R°k§te
reconditionnement,R°k§disjOn°m@
reconductible,R°k§dyktibl
reconduction,R°k§dyksj§
reconduire,R°k§d8iR
reconfiguration,R°k§figyRasj§
reconfigurer,R°k§figyRe
recongeler,R°k§Z°le
reconnaissable,R°konEsabl
reconnaissance,R°konEs@s
reconnaissant,R°konEs@
reconnaître,R°konEtR
reconnecter,R°konEkte
reconnu,R°kony
reconquis,R°k§ki
reconquista,R2k§kista
reconquérir,R°k§keRiR
reconquête,R°k§kEt
reconsidérer,R°k§sideRe
reconstituant,R°k§stit8@
reconstituer,R°k§stit8e
reconstitution,R°k§stitysj§
reconstructeur,R2k§stRykt9R
reconstruction,R°k§stRyksj§
reconstruire,R°k§stR8iR
reconsulter,R2k§sylte
recontacter,R2k§takte
reconter,R2k§te
recontrer,R2k§tRe
reconversion,R°k§vERsj§
reconvertir,R°k§vERtiR
reconvoquer,R2k§vOke
recopiage,R°kopjaZ
recopier,R°kopje
record,R°kOR
recorder,R2kORde
recordman,R°kORdman
recors,R°kOR
recoucher,R°kuSe
recoudre,R°kudR
recouler,R°kule
recoupement,R°kup°m@
recouper,R°kupe
recourber,R°kuRbe
recourbé,R°kuRbe
recourir,R°kuRiR
recours,R°kuR
recouvert,R°kuvER
recouvrance,R°kuvR@s
recouvrant,R°kuvR@
recouvrement,R°kuvR°m@
recouvrer,R°kuvRe
recouvrir,R°kuvRiR
recracher,R°kRaSe
recreuser,R°kR2ze
recroiser,R°kRwaze
recroquevillement,R2kROkvij°m@
recroqueviller,R°kROkvje
recroquevillé,R°kROkvije
recru,R2kRy
recrudescence,R°kRydes@s
recrue,R°kRy
recrutement,R°kRyt°m@
recruter,R°kRyte
recruteur,R°kRyt9R
recréation,R°kReasj§
recréer,R°kRee
recrépir,R°kRepiR
recta,REkta
rectal,REktal
rectangle,REkt@gl
rectangulaire,REkt@gylER
recteur,REkt9R
rectificatif,REktifikatif
rectification,REktifikasj§
rectifier,REktifje
rectiligne,REktiliN
rectilinéaire,REktilineER
rectitude,REktityd
recto,REkto
recto tono,REktotono
rectorat,REktoRa
rectum,REktOm
recueil,R°k9j
recueillement,R°k9j°m@
recueilli,R°k9ji
recueillir,R°k9jiR
recuire,R°k8iR
recuisson,R2k8is§
recuit,R°k8i
recul,R°kyl
reculade,R°kylad
reculant,R°kyl@
reculer,R°kyle
reculotter,R°kylote
reculé,R°kyle
recyclable,R°siklabl
recyclage,R°siklaZ
recycler,R°sikle
recycleur,R°sikl9R
recâbler,R2kable
recès,R°sE
recéler,R°sele
red river,REdRiv9R
redan,R2d@
reddition,REdisj§
redemander,R°d°m@de
redescendre,R°des@dR
redescente,R°des@t
redessiner,R°dEsine
redevable,R°d°vabl
redevance,R°d°v@s
redevenir,R°d°v°niR
redevoir,R2d2vwaR
rediffuser,R°difyze
rediffusion,R°difyzj§
redimensionner,R2dim@sjOne
redingote,R°d5gOt
redire,R°diR
rediriger,R°diRiZe
rediscuter,R°diskyte
redisposer,R2dispoze
redistribuer,R°distRib8e
redistribution,R°distRibysj§
redite,R°dit
redondance,R°d§d@s
redondant,R°d§d@
redonner,R°done
redorer,R°doRe
redormir,R°dORmiR
redoublant,R°dubl@
redoublement,R°dubl°m@
redoubler,R°duble
redoublé,R°duble
redoutable,R°dutabl
redoutablement,R°dutabl°m@
redoute,R°dut
redouter,R°dute
redoux,R°du
redressement,R°dREs°m@
redresser,R°dRese
redresseur,R°dREs9R
redéconner,R°dekone
redécoré,R2dekORe
redécoupage,R°dekupaZ
redécouverte,R°dekuvERt
redécouvrir,R°dekuvRiR
redéfinir,R°definiR
redéfinition,R2definisj§
redégringoler,R2degR5gOle
redémarrage,R°demaRaZ
redémarrer,R°demaRe
redémolir,R2demOliR
redéploiement,R°deplwam@
redéployer,R°deplwaje
redéposer,R2depoze
refabriquer,R2fabRike
refaire,R°fER
refait,R°fE
refamiliariser,R2familjaRize
refaçonner,R2fasOne
refendre,R°f@dR
referendum,RefeR5dOm
refermer,R°fERme
refeuilleter,R2f9j°te
refil,R2fil
refiler,R°file
refinancement,R2fin@s°m@
reflet,R°flE
refleurir,R°fl9RiR
reflex,ReflEks
refluer,R°flye
reflux,R°fly
refléter,R°flete
refoncer,R2f§se
refondre,R°f§dR
refonte,R°f§t
reforger,R°fORZe
reformater,R°fORmate
reformation,R°fORmasj§
reformer,R°fORme
reformulation,R2fORmylasj§
reformuler,R°fORmyle
refouiller,R2fuje
refoulant,R°ful@
refoulement,R°ful°m@
refouler,R°fule
refouloir,R2fulwaR
refoulé,R°fule
refourguer,R°fuRge
refoutre,R°futR
refrain,R°fR5
refranchir,R2fR@SiR
refrapper,R2fRape
refroidi,R°fRwadi
refroidir,R°fRwadiR
refroidissant,R°fRwadis@
refroidissement,R°fRwadis°m@
refroidisseur,R°fRwadis9R
refréner,R°fRene
refuge,R°fyZ
refumer,R°fyme
refus,R°fy
refuser,R°fyze
refusé,R°fyze
reg,REg
regagner,R°gaNe
regain,R°g5
regard,R°gaR
regardable,R°gaRdabl
regardant,R°gaRd@
regarder,R°gaRde
regardeur,R°gaRd9R
regarnir,R°gaRniR
regency,R°Z@si
reggae,Rege
regimber,R°Z5be
registre,R°ZistR
regonflage,R2g§flaZ
regonfler,R°g§fle
regorger,R°gORZe
regoûter,R2gute
regret,R°gRE
regrettable,R°gREtabl
regrettablement,R°gREtabl°m@
regretter,R°gRete
regrimper,R°gR5pe
regrossir,R2gRosiR
regroupement,R°gRup°m@
regrouper,R°gRupe
regréer,R°gRee
rehausse,R2os
rehaussement,R2os°m@
rehausser,R2ose
rehausseur,R2os9R
rehaut,R2o
reich,RajS
reichsmark,RajSsmaRk
reichstag,RajSstag
reichswehr,RajSvER
rein,R5
reine,REn
reine-claude,REnklod
reine-mère,REnmER
reinette,REnEt
reis,REjs
rejaillir,R°ZajiR
rejet,R°ZE
rejetable,R°Ztabl
rejeter,R°Zte
rejeton,R°Zt§
rejeté,R°Zte
rejoindre,R°Zw5dR
rejoint,R°Zw5
rejointoyer,R°Zw5twaje
rejouer,R°Zwe
rejuger,R°ZyZe
relacer,R°lase
relais,R°lE
relaisser,R°lEse
relance,R°l@s
relancement,R2l@s°m@
relancer,R°l@se
relanceur,R2l@s9R
relaps,R°laps
relargué,R2laRge
relater,R°late
relatif,R°latif
relation,R°lasj§
relationnel,R°lasjonEl
relative,R°lativ
relativement,R°lativ°m@
relativisation,R°lativizasj§
relativiser,R°lativize
relativisme,R°lativizm
relativiste,R2lativist
relativité,R°lativite
relaver,R°lave
relax,R°laks
relaxant,R°laks@
relaxation,R°laksasj§
relaxe,R°laks
relaxer,R°lakse
relayer,R°leje
relayeur,R2lej9R
relecture,R°lEktyR
relent,R°l@
relevable,R°l°vabl
relevailles,R°l°vaj
relevant,R°l°v@
relever,R°l°ve
releveur,R°l°v9R
relevé,R°l°ve
relevée,R°l°ve
reliage,R2ljaZ
relief,R°ljEf
relier,R°lje
relieur,R°lj9R
religieusement,R°liZj2z°m@
religieux,R°liZj2
religion,R°liZj§
religiosité,R°liZjozite
reliquaire,R°likER
reliquat,R°lika
relique,R°lik
relire,R°liR
reliure,R°ljyR
relié,R°lje
relogement,R°lOZ°m@
reloger,R°loZe
relooker,R°luke
reloquer,R°loke
relouer,R°lue
relourder,R°luRde
relu,R°ly
reluire,R°l8iR
reluisant,R°l8iz@
reluquer,R°lyke
relâche,R°laS
relâchement,R°laS°m@
relâcher,R°laSe
relâché,R°laSe
relève,R°lEv
relèvement,R°lEv°m@
relégation,R°legasj§
reléguer,R°lege
relégué,R°lege
remaigrir,R2megRiR
remaillage,R°majaZ
remailler,R°maje
remake,RimEk
remanger,R2m@Ze
remaniement,R°manim@
remanier,R°manje
remaquiller,R°makije
remarcher,R°maRSe
remariage,R°maRjaZ
remarier,R°maRje
remarquable,R°maRkabl
remarquablement,R°maRkabl°m@
remarque,R°maRk
remarquer,R°maRke
remballage,R@balaZ
remballer,R@bale
rembarquement,R@baRk°m@
rembarquer,R@baRke
rembarrer,R@baRe
remblai,R@blE
remblaiement,R@blEm@
remblayer,R@bleje
rembobinage,R@bobinaZ
rembobiner,R@bobine
rembour,R@buR
rembourrage,R@buRaZ
rembourrer,R@buRe
remboursable,R@buRsabl
remboursement,R@buRs°m@
rembourser,R@buRse
remboîter,R@bwate
rembrunir,R@bRyniR
remembrance,R°m@bR@s
remembrement,R°m@bR°m@
remerciement,R°mERsim@
remercier,R°mERsje
remettant,R°mEt@
remettre,R°mEtR
remis,R°mi
remise,R°miz
remiser,R°mize
remix,R2miks
remixer,R2mikse
remmener,R@m°ne
remodelage,R°mod°laZ
remodeler,R°mod°le
remontage,R°m§taZ
remontant,R°m§t@
remonte,R°m§t
remonte-pente,R°m§tp@t
remonte-pentes,R°m§tp@t
remonter,R°m§te
remontoir,R°m§twaR
remontrance,R°m§tR@s
remontrer,R°m§tRe
remontée,R°m§te
remords,R°mOR
remorquage,R°mORkaZ
remorque,R°mORk
remorquer,R°mORke
remorqueur,R°mORk9R
remouiller,R°muje
remous,R°mu
rempailler,R@paje
rempailleur,R@paj9R
rempart,R@paR
rempiler,R@pile
remplacement,R@plas°m@
remplacer,R@plase
remplaçable,R@plasabl
remplaçant,R@plas@
rempli,R@pli
remplir,R@pliR
remplissage,R@plisaZ
remplisseur,R@plis9R
remploi,R@plwa
remplumer,R@plyme
remporter,R@pORte
rempoter,R@pote
remprunter,R@pR1te
remuage,R°myaZ
remuant,R°m8@
remue,R°my
remue-ménage,R°mymenaZ
remue-méninges,R°mymen5Z
remuement,R°mym@
remuer,R°m8e
remueur,R°m89R
remugle,R°mygl
remuscler,R2myskle
remâcher,R°maSe
remède,R°mEd
remède-miracle,R°mEdmiRakl
remédiable,R2medjabl
remédier,R°medje
remémoration,R2memORasj§
remémorer,R°memoRe
renaissance,R°nEs@s
renaissant,R°nEs@
renard,R°naR
renardeau,R°naRdo
renaud,R2no
renauder,R°node
renaudeur,R2nod9R
renaître,R°nEtR
rencard,R@kaR
rencarder,R@kaRde
renchérir,R@SeRiR
rencogner,R@koNe
rencontre,R@k§tR
rencontrer,R@k§tRe
rencontré,R@k§tRe
rendant,R@d@
rendement,R@d°m@
rendez-vous,R@devu
rendormir,R@dORmiR
rendre,R@dR
rendu,R@dy
reneiger,R°nEZe
renettoyer,R2nEtwaje
renfermement,R@fERm°m@
renfermer,R@fERme
renfermé,R@fERme
renfiler,R@file
renflement,R@fl°m@
renflouage,R@fluaZ
renflouement,R@flum@
renflouer,R@flue
renflé,R@fle
renfoncement,R@f§s°m@
renfoncer,R@f§se
renforcement,R@fORs°m@
renforcer,R@fORse
renfort,R@fOR
renfrognement,R@fRON°m@
renfrogner,R@fRoNe
renfrogné,R@fRoNe
rengagement,R@gaZ°m@
rengager,R@gaZe
rengaine,R@gEn
rengainer,R@gene
rengorgement,R@gORZ°m@
rengorger,R@gORZe
reniement,R°nim@
renier,R°nje
reniflage,R2niflaZ
reniflant,R°nifl@
reniflement,R°nifl°m@
renifler,R°nifle
reniflette,R°niflEt
renifleur,R°nifl9R
rennais,REnE
renne,REn
renom,R°n§
renommer,R°nome
renommé,R°nome
renommée,R°nome
renonce,R°n§s
renoncement,R°n§s°m@
renoncer,R°n§se
renonciateur,R°n§sjat9R
renonciation,R°n§sjasj§
renoncule,R°n§kyl
renoter,R2nOte
renouer,R°nwe
renouveau,R°nuvo
renouvelable,R°nuv°labl
renouveler,R°nuv°le
renouvellement,R°nuvEl°m@
renouée,R°nwe
renseignement,R@sEN°m@
renseigner,R@seNe
rentabilisation,R@tabilizasj§
rentabiliser,R@tabilize
rentabilité,R@tabilite
rentable,R@tabl
rentamer,R@tame
rente,R@t
renter,R@te
rentier,R@tje
rentrant,R@tR@
rentre-dedans,R@tRd°d@
rentrer,R@tRe
rentré,R@tRe
rentrée,R@tRe
renversant,R@vERs@
renverse,R@vERs
renversement,R@vERs°m@
renverser,R@vERse
renverseur,R@vERs9R
renversé,R@vERse
renvoi,R@vwa
renvoyer,R@vwaje
renâcler,R°nakle
renégat,R°nega
renégociation,R°negosjasj§
renégocier,R°negosje
rep,REp
repaire,R°pER
reparaître,R°paREtR
reparcourir,R2paRkuRiR
reparler,R°paRle
repartie,R°paRti
repartir,R°paRtiR
repas,R°pa
repassage,R°pasaZ
repasser,R°pase
repasseur,R°pas9R
repavage,R2pavaZ
repaver,R2pave
repayer,R°pEje
repaître,R°pEtR
repeindre,R°p5dR
repeint,R°p5
rependre,R2p@dR
repenser,R°p@se
repentance,R°p@t@s
repentant,R°p@t@
repenti,R°p@ti
repentir,R°p@tiR
reperdre,R°pERdR
repeuplement,R°p9pl°m@
repeupler,R°p9ple
repincer,R°p5se
repiquage,R°pikaZ
repique,R°pik
repiquer,R°pike
replacement,R°plas°m@
replacer,R°plase
replantation,R°pl@tasj§
replanter,R°pl@te
replat,R°pla
replet,R°plE
repli,R°pli
repliement,R°plim@
replier,R°plije
replonger,R°pl§Ze
replâtrage,R°platRaZ
replâtrer,R°platRe
report,R°pOR
reportage,R°pORtaZ
reportage-vérité,R°pORtaZveRite
reporter,R°pORte
reporter,R°poRtER
reporter,R°poRte
repos,R°po
reposant,R°poz@
repose,R°poz
repose-pied,R°pozpje
reposer,R°poze
repositionner,R°pozisjone
reposoir,R°pozwaR
reposséder,R2pOsede
reposé,R°poze
repoudrer,R°pudRe
repoussage,R°pusaZ
repoussant,R°pus@
repousse,R°pus
repousser,R°puse
repoussoir,R°puswaR
repoussé,R°puse
reprendre,R°pR@dR
repreneur,R°pR°n9R
repris,R°pRi
reprise,R°pRiz
repriser,R°pRize
reproche,R°pROS
reprocher,R°pRoSe
reproducteur,R°pRodykt9R
reproductible,R°pRodyktibl
reproductif,R°pRodyktif
reproduction,R°pRodyksj§
reproduire,R°pRod8iR
reprogrammer,R°pRogRam9R
reprographie,R°pRogRafi
reproposer,R2pROpoze
représentant,R°pRez@t@
représentatif,R°pRez@tatif
représentation,R°pRez@tasj§
représenter,R°pRez@te
représenté,R°pRez@te
reps,REps
reptation,REptasj§
reptile,REptil
reptilien,REptilj5
repu,R°py
republication,R2pyblikasj§
republier,R°pyblije
repuiser,R2p8ize
repère,R°pER
repérable,R°peRabl
repérage,R°peRaZ
repérer,R°peRe
repéreur,R2peR9R
repétrir,R°petRiR
repêchage,R°pESaZ
repêcher,R°peSe
requalifier,R2kalifje
requiem,Rek8ijEm
requiescat in pace,R°kijEskainpas
requin,R°k5
requin-baleine,R2k5balEn
requin-tigre,R2k5tigR
requinquer,R°k5ke
requis,R°ki
requérant,R°keR@
requérir,R°keRiR
requête,R°kEt
resalir,R2saliR
rescaper,REskape
rescapé,REskape
rescision,Resizj§
rescousse,REskus
rescrit,REskRi
reservir,R2sERviR
reset,R2zEt
resocialisation,R2sosializasj§
resonger,R°z§Ze
respect,REspE
respectabilité,REspEktabilite
respectable,REspEktabl
respecter,REspEkte
respectif,REspEktif
respectivement,REspEktiv°m@
respectueusement,REspEkt82z°m@
respectueux,REspEkt82
respecté,REspEkte
respir,REspiR
respirable,REspiRabl
respirateur,REspiRat9R
respiration,REspiRasj§
respiratoire,REspiRatwaR
respirer,REspiRe
resplendir,REspl@diR
resplendissant,REspl@dis@
resplendissement,REspl@dis°m@
responsabilisation,REsp§sabilizasj§
responsabiliser,REsp§sabilize
responsabilité,REsp§sabilite
responsable,REsp§sabl
resquille,REskij
resquiller,REskije
resquilleur,REskij9R
ressac,R°sak
ressaisir,R°seziR
ressaisissement,R°sezis°m@
ressassement,R°sas°m@
ressasser,R°sase
ressasseur,R°sas9R
ressaut,R°so
ressauter,R°sote
ressayer,REsEje
ressemblance,R°s@bl@s
ressemblant,R°s@bl@
ressembler,R°s@ble
ressemelage,R°s°m°laZ
ressemeler,R°s°m°le
ressemer,R2s°me
ressenti,R°s@ti
ressentiment,R°s@tim@
ressentir,R°s@tiR
resserrage,R°sERaZ
resserre,R°sER
resserrement,R°sER°m@
resserrer,R°seRe
resserré,R°seRe
resservir,R°sERviR
ressort,R°sOR
ressortir,R°sORtiR
ressortissant,R°sORtis@
ressouder,R°sude
ressource,R°suRs
ressourcement,R°suRs°m@
ressourcer,R°suRse
ressouvenir,R°suv°niR
ressui,R°s8i
ressuiement,R2s8im@
ressurgir,R°syRZiR
ressusciter,Resysite
restant,REst@
restau,REsto
restaurant,REstoR@
restaurateur,REstoRat9R
restauration,REstoRasj§
restaurer,REstoRe
restauroute,REstoRut
reste,REst
rester,REste
restituer,REstit8e
restitution,REstitysj§
resto,REsto
restoroute,REstoRut
restreindre,REstR5dR
restreint,REstR5
restrictif,REstRiktif
restriction,REstRiksj§
restructuration,R°stRyktyRasj§
restructurer,R°stRyktyRe
resucée,R°syse
resurgir,R°syRZiR
retable,R°tabl
retailler,R°taje
retape,R°tap
retaper,R°tape
retapeur,R2tap9R
retapisser,R°tapise
retard,R°taR
retardataire,R°taRdatER
retardateur,R°taRdat9R
retardement,R°taRd°m@
retarder,R°taRde
retardé,R°taRde
reteindre,R°t5dR
retendre,R°t@dR
retenir,R°t°niR
retenter,R°t@te
retentir,R°t@tiR
retentissant,R°t@tis@
retentissement,R°t@tis°m@
retenu,R°t°ny
retenue,R°t°ny
retirable,R2tiRabl
retirement,R2tiR°m@
retirer,R°tiRe
retiro,RetiRo
retiré,R°tiRe
retisser,R°tise
retombant,R°t§b@
retombe,R°t§b
retombement,R°t§b°m@
retomber,R°t§be
retombée,R°t§be
retordre,R°tORdR
retors,R°tOR
retouche,R°tuS
retoucher,R°tuSe
retoucheur,R°tuS9R
retour,R°tuR
retourne,R°tuRn
retournement,R°tuRn°m@
retourner,R°tuRne
retourné,R°tuRne
retracer,R°tRase
retraduction,R2tRadyksj§
retraire,R°tRER
retrait,R°tRE
retraite,R°tREt
retraitement,R°tREt°m@
retraité,R°tRete
retranchement,R°tR@S°m@
retrancher,R°tR@Se
retranscription,R°tR@skRipsj§
retranscrire,R°tR@skRiR
retransformer,R2tR@sfORme
retransférer,R2tR@sfeRe
retransmettre,R°tR@smEtR
retransmission,R°tR@smisj§
retravailler,R°tRavaje
retraverser,R°tRavERse
retreinte,R°tR5t
retremper,R°tR@pe
retriever,RitRiv9R
retroussage,R°tRusaZ
retrousser,R°tRuse
retroussette,R°tRusEt
retroussis,R°tRusi
retroussé,R°tRuse
retrouvaille,R°tRuvaj
retrouver,R°tRuve
rets,RE
retsina,R°sina
retuber,R2tybe
retuer,R2t8e
retéléphoner,R2telefOne
reubeu,R9b2
revalidation,R°validasj§
revalider,R°valide
revaloir,R°valwaR
revalorisation,R°valoRizasj§
revaloriser,R°valoRize
revanchard,R°v@SaR
revanche,R°v@S
revancher,R°v@Se
revenant,R°v°n@
revendable,R°v@dabl
revendeur,R°v@d9R
revendicateur,R°v@dikat9R
revendicatif,R°v@dikatif
revendication,R°v@dikasj§
revendiquer,R°v@dike
revendre,R°v@dR
revenir,R°v°niR
revente,R°v@t
revenu,R°v°ny
reverdir,R°vERdiR
revernir,R2vERniR
revers,R°vER
reverser,R°vERse
revient,R°vj5
revigorant,R°vigoR@
revigorer,R°vigoRe
revirement,R°viR°m@
revirer,R2viRe
revisiter,R°vizite
revisser,R°vise
revitalisant,R2vitaliz@
revitalisation,R°vitalizasj§
revitaliser,R°vitalize
revival,RivajvOl
revivifier,R2vivifje
revivifié,R°vivifje
reviviscence,R°vivis@s
revivre,R°vivR
revoici,R°vwasi
revoilà,R°vwala
revoir,R°vwaR
revoler,R2vOle
revolver,RevOlvER
revomir,R°vomiR
revoter,RevOte
revouloir,R°vulwaR
revoyure,R°vwajyR
revu,R°vy
revue,R°vy
revérifier,R2veRifje
revérifié,R2veRifje
revêche,R°vES
revêtement,R°vEt°m@
revêtir,R°vetiR
revêtu,R°vEty
rex,REks
rexiste,REksist
rez,Re
rez-de-chaussée,Red°Sose
rez-de-jardin,Red°ZaRd5
rezzou,R°zu
reçu,R°sy
reître,REtR
rhabillage,RabijaZ
rhabiller,Rabije
rhabilleur,Rabij9R
rhapsodie,Rapsodi
rhinite,Rinit
rhino,Rino
rhinocéros,RinoseROs
rhinoplastie,RinOplasti
rhinoscopie,RinOskOpi
rhizome,Rizom
rhizopus,RizOpys
rho,Ro
rhodamine,ROdamin
rhodanien,Rodanj5
rhodia,Rodja
rhodium,ROdjOm
rhodo,ROdO
rhododendron,Rodod5dR§
rhodoïd,Rodoid
rhombe,R§b
rhomboïdal,R§boidal
rhovyl,Rovil
rhubarbe,RybaRb
rhum,ROm
rhumatisant,Rymatiz@
rhumatismal,Rymatismal
rhumatisme,Rymatizm
rhumatologie,RymatOlOZi
rhumatologue,RymatOlOg
rhumatoïde,RymatOid
rhume,Rym
rhumerie,ROm°Ri
rhyolite,Riolit
rhythm and blues,RitmEnbluz
rhythm'n'blues,RitmEnbluz
rhénan,Ren@
rhéostat,Reosta
rhésus,Rezys
rhéteur,Ret9R
rhétoricien,RetoRisj5
rhétorique,RetoRik
rhô,Ro
ri,Ri
ria,Rja
rial,Rjal
riant,Rj@
ribambelle,Rib@bEl
ribaud,Ribo
ribes,RibEs
ribleur,Ribl9R
riboflavine,Riboflavin
ribot,Ribo
riboter,RibOte
riboteur,RibOt9R
ribouis,Ribwi
ribouldingue,Ribuld5g
ribouler,Ribule
ric et rac,RikeRak
ric-rac,RikRak
ric-à-rac,RikaRak
ricain,Rik5
ricanant,Rikan@
ricanement,Rikan°m@
ricaner,Rikane
ricaneur,Rikan9R
ricasser,Rikase
richard,RiSaR
riche,RiS
richelieu,RiS°lj2
richement,RiS°m@
richesse,RiSEs
richissime,RiSisim
richomme,RiSOm
ricin,Ris5
ricocher,RikoSe
ricochet,RikoSE
ricotta,Rikota
rictus,Riktys
ride,Rid
rideau,Rido
rider,Ride
ridicule,Ridikyl
ridiculement,Ridikyl°m@
ridiculisation,Ridikylizasj§
ridiculiser,Ridikylize
ridule,Ridyl
ridé,Ride
riel,RjEl
rien,Rj5
riesling,RisliG
rieur,Rj9R
rif,Rif
rifain,Rif5
riff,Rif
riffauder,Rifode
rififi,Rififi
riflard,RiflaR
rifle,Rifl
riflette,RiflEt
rift,Rift
rigaudon,Rigod§
rigide,RiZid
rigidement,RiZid°m@
rigidifier,RiZidifje
rigidité,RiZidite
rigodon,Rigod§
rigolade,Rigolad
rigolage,RigolaZ
rigolard,RigolaR
rigole,RigOl
rigoler,Rigole
rigoleur,Rigol9R
rigollot,Rigolo
rigolo,Rigolo
rigolote,RigolOt
rigorisme,RigoRizm
rigoriste,RigoRist
rigoureusement,RiguR2z°m@
rigoureux,RiguR2
rigueur,Rig9R
rikiki,Rikiki
rillettes,RijEt
rillons,Rij§
rimaillerie,Rimaj°Ri
rimailleur,Rimaj9R
rimaye,Rimaj
rimbaldien,R5baldj5
rime,Rim
rimer,Rime
rimeur,Rim9R
rimmel,RimEl
rince-bouche,R5sbuS
rince-doigts,R5sdwa
rinceau,R5so
rincer,R5se
rincette,R5sEt
rinceur,R5s9R
rincée,R5se
rinforzando,RinfORdzando
ring,RiG
ringard,R5gaR
ringardise,R5gaRdiz
rink,Rink
rinker,Rinke
rinçage,R5saZ
rioja,Rjoxa
ripaille,Ripaj
ripailler,Ripaje
ripaton,Ripat§
riper,Ripe
ripeur,Rip9R
ripolin,Ripol5
ripoliner,Ripoline
riposte,RipOst
riposter,RipOste
ripou,Ripu
ripoux,Ripu
ripper,Rip9R
ripuaire,Rip8ER
riquiqui,Rikiki
rire,RiR
ris,Ri
rise,Riz
riser,Rajz9R
risette,RizEt
risibilité,Rizibilite
risible,Rizibl
risiblement,Rizibl°m@
risorius,RizoRjys
risotto,Rizoto
risque,Risk
risque-tout,Risk°tu
risquer,Riske
risqué,Riske
rissole,RisOl
rissoler,Risole
ristourne,RistuRn
risée,Rize
rital,Rital
rite,Rit
ritournelle,RituRnEl
ritualisation,Rit8alizasj§
ritualiste,Rit8alist
rituel,Rit8El
rituellement,Rit8El°m@
rivage,RivaZ
rival,Rival
rivaliser,Rivalize
rivalité,Rivalite
rive,Riv
river,Rive
riverain,Riv°R5
rivet,RivE
rivetage,Riv°taZ
riveteuse,Riv°t2z
riviera,RivjERa
rivière,RivjER
rivoir,RivwaR
rixe,Riks
riz,Ri
riz-minute,Riminyt
riz-pain-sel,Rip5sEl
rizière,RizjER
roadster,ROwdst9R
roast-beef,Rosbif
robe,ROb
rober,RObe
robert,RobER
robette,RObEt
robin,Rob5
robinet,RobinE
robinetterie,RobinEt°Ri
robinsonnade,Rob5sonad
roblot,ROblo
roboratif,RoboRatif
robot,Robo
robotique,Robotik
roburite,RobyRit
robuste,Robyst
robustement,Robyst°m@
robustesse,RobystEs
roc,ROk
rocade,Rokad
rocaille,Rokaj
rocailleux,Rokaj2
rocambole,Rok@bOl
rocambolesque,Rok@bolEsk
rochassier,RoSasje
roche,ROS
rochelle,RoSEl
rocher,RoSe
rochet,RoSE
rocheux,RoS2
rock,ROk
rock'n'roll,ROkEnROl
rocker,Rok9R
rocket,RokEt
rockeur,Rok9R
rocking-chair,ROkiGtSER
rococo,Rokoko
rodage,RodaZ
rodeo,Rodeo
roder,Rode
rodéo,Rodeo
rogatoire,RogatwaR
rogaton,Rogat§
rogne,RON
rogne-pied,RONpje
rogner,RoNe
rogneux,RON2
rognon,RoN§
rognure,RoNyR
rogomme,RogOm
rogue,ROg
roi,Rwa
roi-roi,RwaRwa
roi-soleil,RwasOlEj
roide,Rwad
roidement,Rwad°m@
roideur,Rwad9R
roidir,RwadiR
roitelet,Rwat°lE
roll,ROl
rolle,ROl
roller,ROl9R
rollmops,ROlmOps
rom,ROm
romain,Rom5
roman,Rom@
roman-feuilleton,Rom@f9j°t§
roman-fleuve,Rom@fl9v
roman-photo,Rom@foto
romance,Rom@s
romancer,Rom@se
romancero,Rom@s°Ro
romanche,Rom@S
romancier,Rom@sje
romancé,ROm@se
romanesque,RomanEsk
romani,Romani
romanichel,RomaniSEl
romanisation,Romanizasj§
romanité,Romanite
romano,Romano
romanticisme,ROm@tisism
romantique,Rom@tik
romantiquement,Rom@tik°m@
romantisme,Rom@tizm
romarin,RomaR5
rompre,R§pR
rompu,R§py
ron,R§
ronce,R§s
roncet,R§sE
ronceux,R§s2
ronchon,R§S§
ronchonner,R§Sone
ronchonneur,R§Son9R
ronchonnot,R§Sono
roncier,R§sje
rond,R§
rond-de-cuir,R§d°k8iR
rond-point,R§pw5
rondache,R§daS
ronde,R§d
ronde-bosse,R§dbOs
rondeau,R§do
rondelet,R§d°lE
rondelle,R§dEl
rondement,R§d°m@
rondeur,R§d9R
rondin,R§d5
rondo,R§do
rondouillard,R§dujaR
ronflant,R§fl@
ronflement,R§fl°m@
ronfler,R§fle
ronflette,R§flEt
ronfleur,R§fl9R
rongeant,R§Z@
rongement,R§Z°m@
ronger,R§Ze
rongeur,R§Z9R
rongicide,R§Zisid
ronin,ROn5
ronron,R§R§
ronronnant,R§Ron@
ronronnement,R§ROn°m@
ronronner,R§Rone
ronéo,Roneo
ronéotyper,Roneotipe
roof,Ruf
roque,ROk
roquefort,ROkfOR
roquentin,Rok@t5
roquer,Roke
roquet,RokE
roquette,RokEt
rorqual,RORkal
rosace,Rozas
rosaire,RozER
rosales,Rozal
rosat,Roza
rosbif,ROsbif
rose,Roz
rose-croix,RozkRwa
rose-thé,Rozte
roseau,Rozo
roser,Roze
roseraie,Roz°RE
rosette,RozEt
roseur,Roz9R
rosicrucien,RozikRysj5
rosicrucienne,RozikRysjEn
rosier,Rozje
rosir,RoziR
rosière,RozjER
rossard,RosaR
rosse,ROs
rosser,Rose
rosserie,ROs°Ri
rossignol,RosiNOl
rossinante,Rosin@t
rossée,Rose
rostre,ROstR
rosâtre,RozatR
rosé,Roze
rosée,Roze
roséole,RozeOl
rot,Ro
rotary,RotaRi
rotateur,Rotat9R
rotatif,Rotatif
rotation,Rotasj§
rotationnel,ROtasjOnEl
rotative,Rotativ
rotatoire,RotatwaR
rote,ROt
roter,Rote
roteur,ROt9R
rotin,Rot5
roto,Roto
rotonde,Rot§d
rotondité,Rot§dite
rotoplos,ROtOplo
rotoplots,Rotoplo
rotor,RotOR
rototo,ROtOto
rotule,Rotyl
rotulien,Rotylj5
roture,RotyR
roturier,RotyRje
roténone,RotenOn
rouage,RwaZ
rouan,Rw@
roubignoles,RubiNOl
roublard,RublaR
roublarder,RublaRde
roublardise,RublaRdiz
rouble,Rubl
roucoulade,Rukulad
roucoulant,Rukul@
roucoulement,Rukul°m@
roucouler,Rukule
roucouleur,Rukul9R
roudoudou,Rududu
roue,Ru
rouelle,RwEl
rouer,Rwe
rouergat,RwERga
rouerie,RuRi
rouet,RwE
rouf,Ruf
rouge,RuZ
rouge-brun,RuZbR1
rouge-feu,RuZf2
rouge-gorge,RuZgORZ
rouge-queue,RuZ°k2
rouge-sang,RuZs@
rougeaud,RuZo
rougeoiement,RuZwam@
rougeole,RuZOl
rougeoyant,RuZwaj@
rougeoyer,RuZwaje
rouget,RuZE
rougeur,RuZ9R
rougeâtre,RuZatR
rough,Ruf
rougir,RuZiR
rougissant,RuZis@
rougissement,RuZis°m@
rouillarde,RujaRd
rouille,Ruj
rouiller,Ruje
rouilleux,Ruj2
roulade,Rulad
roulage,RulaZ
roulant,Rul@
roulante,Rul@t
roule,Rul
rouleau,Rulo
roulement,Rul°m@
rouler,Rule
roulette,RulEt
rouleur,Rul9R
roulier,Rulje
roulis,Ruli
roulotte,RulOt
roulure,RulyR
roulé,Rule
roulé-boulé,Rulebule
roumain,Rum5
roumi,Rumi
round,Rund
roupane,Rupan
roupette,RupEt
roupettes,RupEt
roupie,Rupi
roupiller,Rupije
roupillon,Rupij§
rouquemoute,Ruk°mut
rouquette,RukEt
rouquin,Ruk5
rouscailler,Ruskaje
rouspétage,RuspetaZ
rouspétance,Ruspet@s
rouspéter,Ruspete
rouspéteur,Ruspet9R
rousseau,Ruso
rousseauiste,Rusoist
rousserolle,Rus°ROl
roussette,RusEt
rousseur,Rus9R
roussi,Rusi
roussin,Rus5
roussir,RusiR
roussâtre,RusatR
rouste,Rust
rouston,Rust§
roustons,Rust§
routage,RutaZ
routard,RutaR
route,Rut
router,Rute
routeur,Rut9R
routier,Rutje
routin,Rut5
routine,Rutin
routinier,Rutinje
rouvre,RuvR
rouvrir,RuvRiR
roux,Ru
roué,Rwe
roy,Rwa
royal,Rwajal
royale,Rwajal
royalement,Rwajal°m@
royaliste,Rwajalist
royalties,Rwajalti
royalty,Rwajalti
royaume,Rwajom
royauté,Rwajote
ru,Ry
ruade,Ryad
ruban,Ryb@
rubato,Rybato
rubia,Rybja
rubican,Rybik@
rubicond,Rybik§
rubis,Rybi
rubricard,RybRikaR
rubrique,RybRik
rubéole,RybeOl
ruche,RyS
rucher,RySe
ruché,RySe
rucksack,Ryksak
rude,Ryd
rudement,Ryd°m@
rudesse,RydEs
rudiment,Rydim@
rudimentaire,Rydim@tER
rudoiement,Rydwam@
rudoyer,Rydwaje
rue,Ry
ruelle,R8El
ruer,R8e
ruffian,Ryfj@
rufian,Ryfj@
rugby,Rygbi
rugbyman,Rygbiman
rugir,RyZiR
rugissant,RyZis@
rugissement,RyZis°m@
rugosité,Rygozite
rugueux,Ryg2
ruine,R8in
ruiner,R8ine
ruineux,R8in2
ruiné,R8ine
ruisseau,R8iso
ruisselant,R8is°l@
ruisseler,R8is°le
ruisselet,R8is°lE
ruissellement,R8isEl°m@
ruisson,R8is§
rumba,Rumba
rumeur,Rym9R
ruminant,Rymin@
rumination,Ryminasj§
ruminement,Rymin°m@
ruminer,Rymine
rumsteck,ROmstEk
rune,Ryn
runique,Rynik
running,RyniG
rupestre,RypEstR
rupin,Ryp5
rupteur,Rypt9R
rupture,RyptyR
rural,RyRal
ruse,Ryz
ruser,Ryze
rush,R9S
russe,Rys
russification,Rysifikasj§
russo-allemand,Rysoal°m@
russo-américain,RysoameRik5
russo-polonais,RysopolonE
russo-turque,RysotyRk
russophone,RysofOn
rustaud,Rysto
rusticité,Rystisite
rustine,Rystin
rustique,Rystik
rustre,RystR
rusé,Ryze
rut,Ryt
rutabaga,Rytabaga
rutherford,Ryt9RfORd
rutilant,Rytil@
rutiler,Rytile
ruée,R8e
rythme,Ritm
rythmer,Ritme
rythmique,Ritmik
rythmiquement,Ritmik°m@
rythmé,Ritme
râble,Rabl
râblé,Rable
râlant,Ral@
râle,Ral
râlement,Ral°m@
râler,Rale
râleur,Ral9R
râleux,Ral2z
râpe,Rap
râper,Rape
râpeux,Rap2
râpé,Rape
râteau,Rato
râteler,Rat°le
râtelier,Rat°lje
règle,REgl
règlement,REgl°m@
règne,REN
ré,Re
réa,Rea
réabonnement,ReabOn°m@
réabonner,ReabOne
réabsorption,ReapsORpsj§
réac,Reak
réaccoutumer,Reakutyme
réacheminer,ReaS2mine
réactant,Reakt@
réacteur,Reakt9R
réactif,Reaktif
réaction,Reaksj§
réactionnaire,ReaksjonER
réactionnel,ReaksjonEl
réactivation,Reaktivasj§
réactiver,Reaktive
réactivité,Reaktivite
réactualisation,Reakt8alizasj§
réactualiser,Reakt8alize
réadaptation,Readaptasj§
réadapter,Readapte
réadmission,Readmisj§
réadopter,ReadOpte
réaffectation,ReafEktasj§
réaffecter,ReafEkte
réaffirmation,ReafiRmasj§
réaffirmer,ReafiRme
réagencement,ReaZ@s°m@
réagir,ReaZiR
réajustement,ReaZyst°m@
réajuster,ReaZyste
réal,Real
réalignement,RealiN°m@
réaligner,RealiNe
réalimenter,Realim@te
réalisable,Realizabl
réalisateur,Realizat9R
réalisation,Realizasj§
réaliser,Realize
réalisme,Realizm
réaliste,Realist
réalisé,Realize
réalité,Realite
réamorcer,ReamORse
réamorçage,ReamORsaZ
réaménagement,ReamenaZ°m@
réaménager,ReamenaZe
réanimateur,Reanimat9R
réanimation,Reanimasj§
réanimer,Reanime
réapercevoir,ReapERs2vwaR
réapparaître,ReapaREtR
réapparition,ReapaRisj§
réappeler,Reap°le
réapprendre,ReapR@dR
réapprovisionnement,ReapRovizjOn°m@
réapprovisionner,ReapRovizjone
réargenter,ReaRZ@te
réarmement,ReaRm°m@
réarmer,ReaRme
réarrangement,ReaR@Z°m@
réarranger,ReaR@Ze
réassembler,Reas@ble
réassignation,ReasiNasj§
réassigner,ReasiNe
réassortir,ReasORtiR
réassumer,Reasyme
réassurer,ReasyRe
réattaquer,Reatake
rébarbatif,RebaRbatif
rébecca,Rebeka
rébellion,Rebelj§
rébus,Rebys
récalcitrant,RekalsitR@
récapitulatif,Rekapitylatif
récapitulation,Rekapitylasj§
récapituler,Rekapityle
récemment,Resam@
récent,Res@
réceptacle,ResEptakl
récepteur,ResEpt9R
réceptif,ResEptif
réception,ResEpsj§
réceptionner,ResEpsjone
réceptionniste,ResEpsjonist
réceptivité,ResEptivite
récessif,Resesif
récession,Resesj§
réchapper,ReSape
réchappé,ReSape
réchaud,ReSo
réchauffage,ReSofaZ
réchauffement,ReSofm@
réchauffer,ReSofe
réchauffeur,ReSof9R
réchauffé,ReSofe
récidivant,Residiv@
récidive,Residiv
récidiver,Residive
récidiviste,Residivist
récif,Resif
récipiendaire,Resipj@dER
récipient,Resipj@
réciprocité,ResipRosite
réciproque,ResipROk
réciproquement,ResipROk°m@
récit,Resi
récital,Resital
récitant,Resit@
récitatif,Resitatif
récitation,Resitasj§
réciter,Resite
réclamation,Reklamasj§
réclame,Reklam
réclamer,Reklame
réclusion,Reklyzj§
récollet,RekolE
récoltable,RekOltabl
récoltant,RekOlt@
récolte,RekOlt
récolter,RekOlte
récompense,Rek§p@s
récompenser,Rek§p@se
réconciliateur,Rek§siljat9R
réconciliation,Rek§siljasj§
réconcilier,Rek§silje
réconfort,Rek§fOR
réconfortant,Rek§fORt@
réconforter,Rek§fORte
récri,RekRi
récrier,RekRie
récrimination,RekRiminasj§
récriminer,RekRimine
récrire,RekRiR
récré,RekRe
récréatif,RekReatif
récréation,RekReasj§
récréer,RekRee
récup,Rekyp
récupérable,RekypeRabl
récupérateur,RekypeRat9R
récupération,RekypeRasj§
récupérer,RekypeRe
récurage,RekyRaZ
récurer,RekyRe
récurrence,RekyR@s
récurrent,RekyR@
récursif,RekyRsif
récusable,Rekyzabl
récusation,Rekyzasj§
récuser,Rekyze
récépissé,Resepise
rédacteur,Redakt9R
rédaction,Redaksj§
rédactionnel,RedaksjOnEl
rédempteur,Red@pt9R
rédemption,Red@psj§
rédemptoriste,Red@ptORist
rédhibition,Redibisj§
rédhibitoire,RedibitwaR
rédiger,RediZe
réducteur,Redykt9R
réduction,Redyksj§
réductionnisme,RedyksjOnism
réductionniste,Redyksjonist
réduire,Red8iR
réduit,Red8i
réduplication,Redyplikasj§
réel,ReEl
réellement,ReEl°m@
réemballer,Re@bale
réembarquement,Re@baRk°m@
réembarquer,Re@baRke
réembaucher,Re@boSe
réemploi,Re@plwa
réemployer,Re@plwaje
réemprunter,Re@pR1te
réencadrer,Re@kadRe
réendosser,Re@dose
réengagement,Re@gaZ°m@
réengager,Re@gaZe
réenregistrer,Re@R°ZistRe
réentendre,Re@t@dR
réenterrer,Re@teRe
réentraîner,Re@tREne
réenvahir,Re@vaiR
réenvisager,Re@vizaZe
réessayer,Reeseje
réexamen,ReEgzam5
réexaminer,ReEgzamine
réexpédier,ReEkspedje
réexpédition,ReEkspedisj§
réf,Ref
réfection,RefEksj§
réfectoire,RefEktwaR
réflecteur,ReflEkt9R
réflexe,ReflEks
réflexif,ReflEksif
réflexion,ReflEksj§
réflexologie,ReflEksoloZi
réfléchi,RefleSi
réfléchir,RefleSiR
réfléchissant,RefleSis@
réformateur,RefORmat9R
réformation,RefORmasj§
réforme,RefORm
réformer,RefORme
réformisme,RefORmism
réformiste,RefORmist
réformé,RefORme
réfractaire,RefRaktER
réfraction,RefRaksj§
réfractionniste,RefRaksjOnist
réfrigérant,RefRiZeR@
réfrigérateur,RefRiZeRat9R
réfrigération,RefRiZeRasj§
réfrigérer,RefRiZeRe
réfrigéré,RefRiZeRe
réfréner,RefRene
réfugier,RefyZje
réfugié,RefyZje
réfutable,Refytabl
réfutation,Refytasj§
réfuter,Refyte
référence,RefeR@s
référencement,RefeR@s°m@
référencer,RefeR@se
référendaire,RefeR@dER
référendum,RefeR5dOm
référent,RefeR@
référer,RefeRe
référé,RefeRe
régal,Regal
régalade,Regalad
régale,Regal
régaler,Regale
régaleur,Regal9R
régalien,Regalj5
régate,Regat
régence,ReZ@s
régent,ReZ@
régenter,ReZ@te
régicide,ReZisid
régie,ReZi
régime,ReZim
régiment,ReZim@
régimentaire,ReZim@tER
région,ReZj§
régional,ReZjonal
régionaliser,ReZjonalize
régionalisme,ReZjonalizm
régionaliste,ReZjonalist
régir,ReZiR
régisseur,ReZis9R
réglable,Reglabl
réglage,ReglaZ
réglementaire,Regl°m@tER
réglementairement,Regl°m@tER°m@
réglementation,Regl°m@tasj§
réglementer,Regl°m@te
régler,Regle
réglette,ReglEt
régleur,Regl9R
réglisse,Reglis
réglo,Reglo
réglure,ReglyR
réglé,Regle
régnant,ReN@
régner,ReNe
régresser,RegRese
régressif,RegResif
régression,RegResj§
régul,Regyl
régularisation,RegylaRizasj§
régulariser,RegylaRize
régularité,RegylaRite
régulateur,Regylat9R
régulation,Regylasj§
régule,Regyl
réguler,Regyle
régulier,Regylje
régulièrement,RegyljER°m@
régurgitation,RegyRZitasj§
régurgiter,RegyRZite
régénérateur,ReZeneRat9R
régénération,ReZeneRasj§
régénérer,ReZeneRe
régénérescence,ReZeneREs@s
régénéré,ReZeneRe
réhabilitation,Reabilitasj§
réhabiliter,Reabilite
réhabilité,Reabilite
réhabituer,Reabit8e
réhydratation,ReidRatasj§
réhydrater,ReidRate
réimplantation,Re5pl@tasj§
réimplanter,Re5pl@te
réimpression,Re5pREsj§
réimprimer,Re5pRime
réincarcérer,Re5kaRseRe
réincarnation,Re5kaRnasj§
réincarner,Re5kaRne
réinfecter,Re5fEkte
réinitialisation,Reinisjalizasj§
réinitialiser,Reinisjalize
réinjecter,Re5ZEkte
réinjection,Re5ZEksj§
réinscrire,Re5skRiR
réinsertion,Re5sERsj§
réinstallation,Re5stalasj§
réinstaller,Re5stale
réinstaurer,Re5stORe
réinsérer,Re5seRe
réinterprétation,Re5tERpRetasj§
réinterpréter,Re5tERpRete
réinterroger,Re5tERoZe
réintroduire,Re5tRod8iR
réintégration,Re5tegRasj§
réintégrer,Re5tegRe
réinventer,Re5v@te
réinvention,Re5v@sj§
réinvestir,Re5vEstiR
réinvestissement,Re5vEstis°m@
réinviter,Re5vite
réitération,ReiteRasj§
réitérer,ReiteRe
réjoui,ReZwi
réjouir,ReZwiR
réjouissance,ReZwis@s
réjouissant,ReZwis@
rémanence,Reman@s
rémanent,Reman@
réminiscence,Reminis@s
rémission,Remisj§
rémiz,Remiz
rémora,RemORa
rémoulade,Remulad
rémouleur,Remul9R
rémunérateur,RemyneRat9R
rémunération,RemyneRasj§
rémunérer,RemyneRe
rénal,Renal
rénine,Renin
rénovateur,Renovat9R
rénovation,Renovasj§
rénover,Renove
réoccuper,Reokype
réopérer,ReopeRe
réordonner,ReORdone
réorganisation,ReORganizasj§
réorganiser,ReORganize
réorientation,ReORj@tasj§
réorienter,ReORj@te
réouverture,ReuvERtyR
répandeur,Rep@d9R
répandre,Rep@dR
répandu,Rep@dy
réparable,RepaRabl
réparateur,RepaRat9R
réparation,RepaRasj§
réparer,RepaRe
réparti,RepaRti
répartie,RepaRti
répartir,RepaRtiR
répartiteur,RepaRtit9R
répartition,RepaRtisj§
répercussion,RepERkysj§
répercuter,RepERkyte
répertoire,RepERtwaR
répertorier,RepERtoRje
répit,Repi
réplication,Replikasj§
réplique,Replik
répliquer,Replike
répondant,Rep§d@
répondeur,Rep§d9R
répondre,Rep§dR
répons,Rep§
réponse,Rep§s
répresseur,RepRes9R
répressif,RepResif
répression,RepResj§
réprimande,RepRim@d
réprimander,RepRim@de
réprimer,RepRime
réprobateur,RepRobat9R
réprobation,RepRobasj§
réprouver,RepRuve
réprouvé,RepRuve
répréhensible,RepRe@sibl
républicain,Repyblik5
république,Repyblik
répudiation,Repydjasj§
répudier,Repydje
répugnance,RepyN@s
répugnant,RepyN@
répugner,RepyNe
répulsif,Repylsif
répulsion,Repylsj§
réputation,Repytasj§
réputer,Repyte
réputé,Repyte
répéter,Repete
répétiteur,Repetit9R
répétitif,Repetitif
répétition,Repetisj§
répété,Repete
réquisition,Rekizisj§
réquisitionner,Rekizisjone
réquisitoire,RekizitwaR
réseau,Rezo
résection,Reseksj§
réservataire,RezERvatER
réservation,RezERvasj§
réserve,RezERv
réserver,RezERve
réserviste,RezERvist
réservoir,RezERvwaR
réservé,RezERve
résidant,Rezid@
résidence,Rezid@s
résident,Rezid@
résidentiel,Rezid@sjEl
résider,Rezide
résidu,Rezidy
résiduel,Rezid8El
résignation,ReziNasj§
résigner,ReziNe
résigné,ReziNe
résiliable,Reziljabl
résiliation,Reziljasj§
résilience,Rezilj@s
résilier,Rezilje
résille,Rezij
résine,Rezin
résineux,Rezin2
résiné,Rezine
résipiscence,Resipis@s
résistance,Rezist@s
résistant,Rezist@
résister,Reziste
résistible,Rezistibl
résolu,Rezoly
résoluble,RezOlybl
résolument,Rezolym@
résolution,Rezolysj§
résonance,Rezon@s
résonateur,Rezonat9R
résonnant,Rezon@
résonner,Rezone
résorbable,RezORbabl
résorber,RezORbe
résorption,RezORpsj§
résoudre,RezudR
résultant,Rezylt@
résultante,Rezylt@t
résultat,Rezylta
résulter,Rezylte
résumer,Rezyme
résumé,Rezyme
résurgence,RezyRZ@s
résurrection,RezyREksj§
réséda,Rezeda
réséquer,Reseke
rétablir,RetabliR
rétablissement,Retablis°m@
rétamer,Retame
rétameur,Retam9R
rétention,Ret@sj§
réticence,Retis@s
réticent,Retis@
réticulaire,RetikylER
réticulation,Retikylasj§
réticule,Retikyl
réticulum,RetikylOm
réticulé,Retikyle
rétif,Retif
rétinal,Retinal
rétine,Retin
rétinien,Retinj5
rétinite,Retinit
rétinopathie,Retinopati
rétorquer,RetORke
rétorsion,RetORsj§
rétractable,RetRaktabl
rétractation,RetRaktasj§
rétracter,RetRakte
rétracteur,RetRakt9R
rétractile,RetRaktil
rétraction,RetRaksj§
rétribuer,RetRib8e
rétribution,RetRibysj§
rétribué,RetRib8e
rétro,RetRo
rétroactif,RetRoaktif
rétroaction,RetRoaksj§
rétroactivement,RetRoaktiv°m@
rétrocession,RetRosesj§
rétrocéder,RetRosede
rétrofusée,RetRofyze
rétrogradation,RetRogRadasj§
rétrograde,RetRogRad
rétrograder,RetRogRade
rétrogression,RetRogREsj§
rétroprojecteur,RetRopRoZEkt9R
rétropropulsion,RetRopRopylsj§
rétrospectif,RetRospEktif
rétrospection,RetROspEksj§
rétrospective,RetRospEktiv
rétrospectivement,RetRospEktiv°m@
rétroversion,RetRovERsj§
rétrovirus,RetRoviRys
rétroviseur,RetRoviz9R
rétréci,RetResi
rétrécir,RetResiR
rétrécissement,RetResis°m@
réunification,Reynifikasj§
réunifier,Reynifje
réunion,Reynj§
réunionnais,ReynjonE
réunionnite,Reynjonit
réunir,ReyniR
réussi,Reysi
réussir,ReysiR
réussite,Reysit
réutilisation,Reytilizaj§
réutiliser,Reytilize
réveil,RevEj
réveille-matin,RevEjmat5
réveiller,Reveje
réveillon,RevEj§
réveillonner,RevEjone
réverbère,RevERbER
réverbérant,RevERbeR@
réverbération,RevERbeRasj§
réverbérer,RevERbeRe
réversibilité,RevERsibilite
réversible,RevERsibl
réversion,RevERsj§
réviser,Revize
réviseur,Reviz9R
révision,Revizj§
révisionnisme,Revizjonizm
révisionniste,Revizjonist
réviso,Revizo
révocable,Revokabl
révocation,Revokasj§
révoltant,RevOlt@
révolte,RevOlt
révolter,RevOlte
révolté,RevOlte
révolu,Revoly
révolution,Revolysj§
révolutionnaire,RevolysjonER
révolutionnairement,RevOlysjOnER°m@
révolutionner,Revolysjone
révoquer,Revoke
révulser,Revylse
révulsif,Revylsif
révulsion,Revylsj§
révulsé,Revylse
révélateur,Revelat9R
révélation,Revelasj§
révéler,Revele
révélé,Revele
révérence,ReveR@s
révérenciel,ReveR@sjEl
révérencieusement,ReveR@sj2z°m@
révérencieux,ReveR@sj2
révérend,ReveR@
révérendissime,ReveR@disim
révérer,ReveRe
rééchelonnement,ReeS°lOn°m@
réécouter,Reekute
réécrire,ReekRiR
réécriture,ReekRityR
réédifier,Reedifje
rééditer,Reedite
réédition,Reedisj§
rééducateur,Reedykat9R
rééducation,Reedykasj§
rééduquer,Reedyke
réélection,ReelEksj§
rééligible,ReeliZibl
réélire,ReeliR
réélu,Reely
réélus,Reely
rééquilibrage,ReekilibRaZ
rééquilibrer,ReekilibRe
rééquiper,Reekipe
réétudier,Reetydje
réévaluation,Reeval8asj§
réévaluer,Reeval8e
rêche,RES
rêne,REn
rêvassant,REvas@
rêvasser,REvase
rêvasserie,REvas°Ri
rêve,REv
rêver,Reve
rêverie,REv°Ri
rêveur,REv9R
rêveusement,REv2z°m@
rêvé,Reve
rôdailler,Rodaje
rôder,Rode
rôdeur,Rod9R
rôle,Rol
rôle-titre,RoltitR
rônier,Ronje
rônin,Ron5
rôt,Ro
rôti,Roti
rôtie,Roti
rôtir,RotiR
rôtisserie,Rotis°Ri
rôtisseur,Rotis9R
rôtissoire,RotiswaR
s,Es
s',s
sa,sa
sabayon,sabaj§
sabbat,saba
sabbatique,sabatik
sabin,sab5
sabir,sabiR
sable,sabl
sabler,sable
sableux,sabl2
sablier,sablije
sablière,sablijER
sablonneux,sablon2
sablé,sable
sabord,sabOR
sabordage,sabORdaZ
saborder,sabORde
sabot,sabo
sabotage,sabotaZ
saboter,sabote
saboterie,sabOt°Ri
saboteur,sabot9R
sabotier,sabotje
sabouler,sabule
sabra,sabRa
sabre,sabR
sabrer,sabRe
sabretache,sabR°taS
sabreur,sabR9R
sabéen,sabe5
sabéenne,sabeEn
sac,sak
sac-poubelle,sakpubEl
saccade,sakad
saccader,sakade
saccadé,sakade
saccage,sakaZ
saccager,sakaZe
saccagne,sakaN
saccharine,sakaRin
saccharomyces,sakaRomisEs
saccharose,sakaRoz
sacculine,sakylin
sacerdoce,sasERdOs
sacerdotal,sasERdotal
sachem,saSEm
sachet,saSE
sacoche,sakOS
sacquer,sake
sacralisation,sakRalizasj§
sacramentel,sakRam@tEl
sacre,sakR
sacrebleu,sakR°bl2
sacredieu,sakR°dj2
sacrement,sakR°m@
sacrer,sakRe
sacret,sakRE
sacrificateur,sakRifikat9R
sacrifice,sakRifis
sacrificiel,sakRifisjEl
sacrifier,sakRifje
sacrifié,sakRifje
sacrilège,sakRilEZ
sacripant,sakRip@
sacristain,sakRist5
sacristie,sakRisti
sacristine,sakRistin
sacro,sakRo
sacro-iliaque,sakRoiljak
sacro-saint,sakRos5
sacrum,sakROm
sacré,sakRe
sacré-coeur,sakRek9R
sacrédié,sakRedje
sacrément,sakRem@
sadducéen,sadyse5
sadique,sadik
sadiquement,sadik°m@
sadisme,sadizm
sado,sado
sadomasochisme,sadomazoSizm
sadomasochiste,sadomazoSist
saducéen,sadyse5
safari,safaRi
safari-photo,safaRifoto
safran,safR@
safrané,safRane
saga,saga
sagace,sagas
sagacité,sagasite
sagaie,sagE
sagard,sagaR
sage,saZ
sage-femme,saZfam
sagement,saZ°m@
sagesse,saZEs
sagittaire,saZitER
sagittal,saZital
sagouin,sagw5
sagoutier,sagutje
sagum,sagOm
saharien,saaRj5
sahib,saib
saie,sE
saignant,sEN@
saignement,sEN°m@
saigner,seNe
saigneur,sEN9R
saignée,seNe
saillant,saj@
saillie,saji
saillir,sajiR
sain,s5
saindoux,s5du
sainement,sEn°m@
sainfoin,s5fw5
saint,s5
saint-bernard,s5bERnaR
saint-crépin,s5kRep5
saint-cyrien,s5siRj5
saint-esprit,s5tEspRi
saint-frusquin,s5fRysk5
saint-germain,s5ZERm5
saint-glinglin,s5gl5gl5
saint-guy,s5gi
saint-honoré,s5tonoRe
saint-hubert,s5tybER
saint-michel,s5miSEl
saint-nectaire,s5nEktER
saint-paulin,s5pol5
saint-pierre,s5pjER
saint-père,s5pER
saint-siège,s5sjEZ
saint-synode,s5sinOd
saint-émilion,s5temilj§
sainte nitouche,s5tnituS
sainte-nitouche,s5tnituS
saintement,s5t°m@
sainteté,s5tte
sais,sE
saisi,sezi
saisie,sezi
saisie-arrêt,seziaRE
saisir,seziR
saisissable,sezisabl
saisissant,sezis@
saisissement,sezis°m@
saison,sEz§
saisonnier,sEzonje
saki,saki
saké,sake
salace,salas
salacité,salasite
salade,salad
salader,salade
saladier,saladje
salaire,salER
salaison,salEz§
salam,salam
salamalec,salamalEk
salamandre,salam@dR
salami,salami
salanque,sal@k
salant,sal@
salariat,salaRja
salarier,salaRje
salarié,salaRje
salat,sala
salaud,salo
salazariste,salazaRist
sale,sal
salement,sal°m@
saler,sale
saleté,sal°te
saleur,sal9R
salicine,salisin
salicole,salikOl
salicorne,salikORn
saligaud,saligo
salin,sal5
saline,salin
salingue,sal5g
salinité,salinite
salique,salik
salir,saliR
salissant,salis@
salisseur,salis9R
salissure,salisyR
salivaire,salivER
salivant,saliv@
salivation,salivasj§
salive,saliv
saliver,salive
saliveur,saliv9R
salière,saljER
salle,sal
salmigondis,salmig§di
salmis,salmi
salmonelle,salmonEl
salmonellose,salmonEloz
salmonidé,salmOnide
saloir,salwaR
salon,sal§
salonnard,salonaR
saloon,salun
salop,salo
salopard,salopaR
salope,salOp
saloper,salope
saloperie,salOp°Ri
salopette,salopEt
salopiaud,salopjo
salopiot,salopjo
salpicon,salpik§
salpingite,salp5Zit
salpêtre,salpEtR
salpêtreux,salpEtR2
salpêtrière,salpEtRijER
salsa,salsa
salsepareille,sals°paREj
salsifis,salsifi
saltimbanque,salt5b@k
salto,salto
salubre,salybR
salubrité,salybRite
saluer,sal8e
salueur,sal89R
salut,saly
salutaire,salytER
salutairement,salytER°m@
salutation,salytasj§
salutiste,salytist
salvadorien,salvadoRj5
salvadorienne,salvadoRjEn
salvateur,salvat9R
salvation,salvasj§
salve,salv
salvifique,salvifik
salé,sale
samaritain,samaRit5
samaritaine,samaRitEn
samba,s@ba
sambenito,s@benito
sambo,sambo
samedi,sam°di
sammy,sami
samoan,samo@
samouraï,samuRaj
samovar,samovaR
samoyède,samojEd
sampan,s@p@
sampang,s@p@G
sample,s@pl
sampler,s@ple
samurai,samuRaj
san francisco,s@fR@sisko
sana,sana
sanatorium,sanatoRjOm
sancerre,s@sER
sanctification,s@ktifikasj§
sanctifier,s@ktifje
sanction,s@ksj§
sanctionner,s@ksjone
sanctuaire,s@kt8ER
sanctus,s@ktys
sandalier,s@dalje
sanderling,s@dERliG
sandiniste,s@dinist
sandjak,s@djak
sandow,s@do
sandre,s@dR
sandwich,s@dwitS
sang,s@
sang-froid,s@fRwa
sanglant,s@gl@
sangle,s@gl
sangler,s@gle
sanglier,s@glije
sanglot,s@glo
sanglotant,s@glot@
sangloter,s@glote
sangria,s@gRija
sangsue,s@sy
sanguin,s@g5
sanguinaire,s@ginER
sanguine,s@gin
sanguinolent,s@ginol@
sanhédrin,sanedR5
sanie,sani
sanieux,sanj2
sanitaire,sanitER
sans,s@
sans-coeur,s@k9R
sans-culotte,s@kylOt
sans-faute,s@fot
sans-façon,s@fas§
sans-fil,s@fil
sans-filiste,s@filist
sans-grade,s@gRad
sans-pareil,s@paREj
sanscrit,s@skRi
sanskrit,s@skRi
sansonnet,s@sonE
santal,s@tal
santiag,s@tjag
santoche,s@tOS
santon,s@t§
santé,s@te
saoudien,saudj5
saoudienne,saudjEn
saoudite,saudit
saoul,su
saoulard,sulaR
saouler,sule
saoulerie,sul°Ri
sapajou,sapaZu
sape,sap
sapement,sap°m@
saper,sape
saperlipopette,sapERlipopEt
saperlotte,sapERlOt
sapeur,sap9R
sapeur-pompier,sap9Rp§pje
saphir,safiR
saphisme,safizm
saphène,safEn
sapide,sapid
sapidité,sapidite
sapience,sapj@s
sapiens,sapj5
sapin,sap5
sapinette,sapinEt
sapinière,sapinjER
saponification,saponifikasj§
saponite,saponit
sapotille,sapOtij
sapotillier,sapotije
sapristi,sapRisti
saquer,sake
sar,saR
sara,saRa
sarabande,saRab@d
sarbacane,saRbakan
sarcasme,saRkasm
sarcastique,saRkastik
sarcastiquement,saRkastik°m@
sarcelle,saRsEl
sarcine,saRsin
sarclage,saRklaZ
sarcler,saRkle
sarclette,saRklEt
sarcloir,saRklwaR
sarcome,saRkom
sarcophage,saRkofaZ
sarcoïdose,saRkOidoz
sarde,saRd
sardine,saRdin
sardoine,saRdwan
sardonique,saRdonik
sardoniquement,saRdonik°m@
sargasse,saRgas
sari,saRi
sarigue,saRig
sarin,saR5
sarment,saRm@
sarong,saR§g
saroual,saRwal
sarouel,saRwEl
sarracénie,saRaseni
sarrasin,saRaz5
sarrau,saRo
sarreau,saRo
sarriette,saRjEt
sarrois,saRwa
sarrussophone,saRysofOn
sas,sa
sashimi,saSimi
sassafras,sasafRa
sassanide,sasanid
sasseur,sas9R
satan,sat@
sataner,satane
satanique,satanik
sataniser,satanize
satanisme,satanizm
sataniste,satanist
satané,satane
satelliser,satElize
satellitaire,satElitER
satellite,satelit
sati,sati
satiation,sasjasj§
satin,sat5
satinette,satinEt
satiné,satine
satire,satiR
satirique,satiRik
satiriste,satiRist
satisfaction,satisfaksj§
satisfaire,satisfER
satisfaisant,satisf°z@
satisfait,satisfE
satisfecit,satisfesit
satiété,sasjete
satonner,satone
satrape,satRap
satrapie,satRapi
saturation,satyRasj§
saturer,satyRe
saturnales,satyRnal
saturnien,satyRnj5
saturnisme,satyRnizm
saturé,satyRe
satyre,satiR
satyrique,satiRik
sauce,sos
saucer,sose
saucier,sosje
sauciflard,sosiflaR
saucisse,sosis
saucisson,sosis§
saucissonnage,sosisonaZ
saucissonner,sosisone
saucière,sosjER
saucée,sose
sauf,sof
sauf-conduit,sofk§d8i
sauge,soZ
saugrenu,sogR°ny
saulaie,solE
saule,sol
saulnier,sonje
saumon,som§
saumoneau,somono
saumonette,somonEt
saumoné,somone
saumurage,somyRaZ
saumure,somyR
saumurer,somyRe
saumâtre,somatR
sauna,sona
saunier,sonje
saupoudrage,sopudRaZ
saupoudrer,sopudRe
saupoudreur,sopudR9R
saur,soR
saura,soRa
saurer,soRe
sauret,soRE
saurien,soRj5
saurin,soR5
saut,so
saut-de-lit,sod°li
sautant,sot@
saute,sot
saute-mouton,sotmut§
saute-ruisseau,sotR8iso
sautelle,sotEl
sauter,sote
sauterelle,sot°REl
sauterelles,sot°REl
sauterie,sot°Ri
sauternes,sotERn
sauteur,sot9R
sautillant,sotij@
sautillement,sotij°m@
sautiller,sotije
sautoir,sotwaR
sauton,sot§
sauté,sote
sauvage,sovaZ
sauvagement,sovaZ°m@
sauvageon,sovaZ§
sauvagerie,sovaZ°Ri
sauvagesse,sovaZEs
sauvagin,sovaZ5
sauve,sov
sauve-qui-peut,sovkip2
sauvegarde,sov°gaRd
sauvegarder,sov°gaRde
sauver,sove
sauvetage,sov°taZ
sauveteur,sov°t9R
sauveté,sov°te
sauveur,sov9R
sauvignon,soviN§
savamment,savam@
savane,savan
savant,sav@
savarin,savaR5
savate,savat
savater,savate
savetier,sav°tje
saveur,sav9R
savoir,savwaR
savoir-faire,savwaRfER
savoir-vivre,savwaRvivR
savon,sav§
savonnage,savonaZ
savonner,savone
savonnette,savonEt
savonneux,savon2
savonnier,savonje
savonnée,savone
savourer,savuRe
savoureusement,savuR2z°m@
savoureux,savuR2
savoyard,savwajaR
sax,saks
saxhorn,saksORn
saxifrage,saksifRaZ
saxo,sakso
saxon,saks§
saxophone,saksofOn
saxophoniste,saksofonist
saynète,sEnEt
sayon,sEj§
saï,sai
sbire,sbiR
scabreux,skabR2
scaferlati,skafERlati
scalaire,skalER
scalp,skalp
scalpel,skalpEl
scalper,skalpe
scalpeur,skalp9R
scalène,skalEn
scampi,sk@pi
scandale,sk@dal
scandaleusement,sk@dal2z°m@
scandaleux,sk@dal2
scandaliser,sk@dalize
scandalisé,sk@dalize
scander,sk@de
scandinave,sk@dinav
scannage,skanaZ
scanner,skanER
scanner,skane
scanneur,skan9R
scanning,skaniG
scanographie,skanogRafi
scansion,sk@sj§
scaphandre,skaf@dR
scaphandrier,skaf@dRije
scaphoïde,skafOid
scapin,skap5
scapulaire,skapylER
scarabée,skaRabe
scare,skaR
scarification,skaRifikasj§
scarlatine,skaRlatin
scarole,skaROl
scat,skat
scato,skato
scatologie,skatoloZi
scatologique,skatoloZik
scatologue,skatOlOg
scatter,skate
sceau,so
scellage,sElaZ
scellement,sEl°m@
sceller,sele
scellé,sele
scenarii,s°naRi
scenic railway,snikRajwEj
scepticisme,sEptisizm
sceptique,sEptik
sceptre,sEptR
schah,Sa
schako,Sako
schampooing,S@pw5
schbeb,Sb°b
scheik,SEk
schilling,SiliG
schismatique,Sismatik
schisme,Sizm
schiste,Sist
schizophasie,skizofazi
schizophrène,skizofREn
schizophrénie,skizofReni
schizophrénique,skizofRenik
schizoïde,skizoid
schlague,Slag
schlass,Slas
schlem,SlEm
schleu,Sl2
schlinguer,Sl5ge
schlitte,Slit
schnaps,Snaps
schnauzer,Snawz9R
schnick,Snik
schnitzel,SnitzEl
schnock,SnOk
schnoque,SnOk
schnouf,Snuf
schnouff,Snuf
schooner,skun9R
schpile,Spil
schproum,spRum
schtroumf,StRumf
schtroumpf,StRumf
schupo,Sypo
schuss,Sus
schème,SEm
schéma,Sema
schématique,Sematik
schématiquement,Sematik°m@
schématiser,Sematize
schématisme,Sematizm
sciage,sjaZ
scialytique,sjalitik
sciant,sj@
sciatique,sjatik
scie,si
sciemment,sjam@
science,sj@s
science-fiction,sj@sfiksj§
scientificité,sj@tifisite
scientifique,sj@tifik
scientifiquement,sj@tifik°m@
scientisme,sj@tism
scientiste,sj@tist
scientologie,sj@toloZi
scientologue,sj@tolOg
scier,sje
scierie,siRi
scieur,sj9R
scinder,s5de
scintigraphie,s5tigRafi
scintillant,s5tij@
scintillation,s5tijasj§
scintillement,s5tij°m@
scintiller,s5tije
scion,sj§
scirpe,siRp
scission,sisj§
scissionniste,sisjonist
scissiparité,sisipaRite
sciure,sjyR
sciène,sjEn
scléreux,skleR2
sclérodermie,skleRodERmi
sclérose,skleRoz
sclérosé,skleRoze
sclérotique,skleRotik
scolaire,skolER
scolairement,skolER°m@
scolarisation,skolaRizasj§
scolariser,skolaRize
scolarité,skolaRite
scolastique,skolastik
scolie,skoli
scoliose,skoljoz
scolopendre,skolop@dR
scolyte,skolit
scone,skon
sconse,sk§s
scoop,skup
scooter,skut9R
scope,skOp
scopie,skopi
scopolamine,skopolamin
scorbut,skORbyt
score,skOR
scorpion,skORpj§
scotch,skOtS
scotch-terrier,skOtStERje
scotcher,skOtSe
scotomiser,skotomize
scottish,skOtiS
scoubidou,skubidu
scoumoune,skumun
scout,skut
scoutisme,skutizm
scrabble,skRabl
scratch,skRatS
scratcher,skRatSe
scratching,skRatSiG
scriban,skRib@
scribe,skRib
scribouillard,skRibujaR
scribouiller,skRibuje
script,skRipt
script-girl,skRiptg9Rl
scripte,skRipt
scripteur,skRipt9R
scrofulaire,skROfylER
scrofule,skRofyl
scrofuleux,skRofyl2
scrogneugneu,skRoN2N2
scrotal,skROtal
scrotum,skRotOm
scrub,skROb
scrupule,skRypyl
scrupuleusement,skRypyl2z°m@
scrupuleux,skRypyl2
scrupulosité,skRypylozite
scrutateur,skRytat9R
scrutation,skRytasj§
scruter,skRyte
scrutin,skRyt5
sculpter,skylte
sculpteur,skylt9R
sculptural,skyltyRal
sculpture,skyltyR
sculpté,skylte
scutigère,skytiZER
scythe,sit
scène,sEn
scène-clé,sEnkle
scélérat,seleRa
scélératesse,seleRatEs
scénar,senaR
scénarimage,senaRimaZ
scénario,senaRjo
scénariste,senaRist
scénaristique,senaRistik
scénique,senik
scénographe,senogRaf
scénographie,senogRafi
scénographique,senogRafik
se,s°
seaborgium,sibORgjOm
seau,so
sec,sEk
secco,seko
seccotine,sekotin
second,s°g§
second-maître,s2g§dmEtR
secondaire,s°g§dER
secondairement,s°g§dER°m@
seconde,s°g§d
secondement,s°g§d°m@
seconder,s°g§de
secondo,s2g§do
secouement,s°kum@
secouer,s°kwe
secoueur,s°kw9R
secourable,s°kuRabl
secourir,s°kuRiR
secourisme,s°kuRizm
secouriste,s°kuRist
secours,s°kuR
secousse,s°kus
secret,s°kRE
secrète,s°kREt
secrètement,s°kREt°m@
secrétaire,s°kRetER
secrétairerie,s°kRetER°Ri
secrétariat,s°kRetaRja
secréter,s°kRete
sectaire,sektER
sectarisme,sektaRizm
sectateur,sektat9R
secte,sEkt
secteur,sekt9R
section,seksj§
sectionnement,seksjOn°m@
sectionner,seksjone
sectorisation,sEktORizasj§
secundo,s°g§do
sedan,s°d@
sedia gestatoria,s°djaZEstatoRja
seersucker,siRs9k9R
segment,sEgm@
segmentaire,sEgm@tER
seguedilla,s°g°dija
seiche,sES
seigle,sEgl
seigneur,sEN9R
seigneurial,sEN9Rjal
seigneurie,sEN9Ri
seille,sEj
seillon,sEj§
sein,s5
seine,sEn
seing,s5
seize,sEz
seizième,sEzjEm
sel,sEl
seldjoukide,sEldZukid
select,selEkt
self,sElf
self-control,sElfk§tRol
self-contrôle,sElfk§tRol
self-défense,sElfdef@s
self-made man,sElfmEjdman
self-made-man,sElfmEjdman
self-made-men,sElfmEjdmEn
self-service,sElfsERvis
selle,sEl
seller,sele
sellerie,sEl°Ri
sellette,sElEt
sellier,selje
selon,s°l§
seltz,sElts
selva,sElva
semaine,s°mEn
semainier,s°mEnje
semblable,s@blabl
semblablement,s@blabl°m@
semblance,s@bl@s
semblant,s@bl@
sembler,s@ble
semelle,s°mEl
semen-contra,semEnk§tRa
semence,s°m@s
semer,s°me
semestre,s°mEstR
semestriel,s°mEstRijEl
semestriellement,s2mEstRijEl°m@
semeur,s°m9R
semeuse,s°m2z
semi,s°mi
semi-automatique,s°miotomatik
semi-circulaire,s°misiRkylER
semi-conducteur,s°mik§dykt9R
semi-liberté,s°milibERte
semi-lunaire,s°milynER
semi-officiel,s°miofisjEl
semi-ouvert,s2miuvER
semi-perméable,s2mipERmeabl
semi-phonétique,s2mifOnetik
semi-précieuse,s°mipResj2z
semi-public,s2mipyblik
semi-remorque,s°miR°mORk
semi-rigide,s°miRiZid
semis,s°mi
semoir,s°mwaR
semonce,s°m§s
semoncer,s°m§se
semoule,s°mul
sempiternel,s@pitERnEl
sempiternellement,s@pitERnEl°m@
semtex,sEmtEks
sen,sEn
senestre,senEstR
senior,senjOR
sens,s@s
sensas,s@sas
sensass,s@sas
sensation,s@sasj§
sensationnalisme,s@sasjonalizm
sensationnel,s@sasjonEl
sensationnellement,s@sasjonEl°m@
senseur,s@s9R
sensibilisation,s@sibilizasj§
sensibiliser,s@sibilize
sensibilité,s@sibilite
sensible,s@sibl
sensiblement,s@sibl°m@
sensiblerie,s@sibl°Ri
sensitif,s@sitif
sensorialité,s@soRjalite
sensoriel,s@soRjEl
sensualiste,s@s8alist
sensualité,s@s8alite
sensuel,s@s8El
sensuellement,s@s8El°m@
sensé,s@se
sensément,s@sem@
sent-bon,s@b§
sentant,s@t@
sente,s@t
sentence,s@t@s
sentencieusement,s@t@sj2z°m@
sentencieux,s@t@sj2
senteur,s@t9R
senti,s@ti
sentier,s@tje
sentiment,s@tim@
sentimental,s@tim@tal
sentimentalement,s@tim@tal°m@
sentimentaliser,s@tim@talize
sentimentalisme,s@tim@talizm
sentimentalité,s@tim@talite
sentine,s@tin
sentinelle,s@tinEl
sentir,s@tiR
seppuku,sepuku
seps,sEps
sept,sEt
septante,sEpt@t
septante-cinq,sEpt@ts5k
septante-sept,sEpt@t°sEt
septembre,sEpt@bR
septembriseur,sEpt@bRiz9R
septennat,sEptena
septentrion,sEpt@tRij§
septentrional,sEpt@tRijonal
septicité,sEptisite
septicémie,sEptisemi
septicémique,sEptisemik
septidi,sEptidi
septime,sEptim
septique,sEptik
septième,sEtjEm
septuagénaire,sEpt8aZenER
septum,sEptOm
septuor,sEpt8OR
septuple,sEptypl
sepuku,s2puku
sequin,s°k5
serbe,sERb
serbo-croate,sERbokRoat
serein,s°R5
sereinement,s°REn°m@
serf,sER
serfouette,sERfwEt
serge,sERZ
sergent,sERZ@
sergent-chef,sERZ@SEf
sergent-major,sERZ@maZOR
sergent-pilote,sERZ@pilOt
sergot,sERgo
sergé,sERZe
serial,s°Rjal
serin,s°R5
seriner,s°Rine
seringa,s°R5ga
seringue,s°R5g
seringuer,s°R5ge
serment,sERm@
sermon,sERm§
sermonner,sERmone
sermonneur,sERmon9R
serpe,sERp
serpent,sERp@
serpentaire,sERp@tER
serpentant,sERp@t@
serpenteau,sERp@to
serpentement,sERp@t°m@
serpenter,sERp@te
serpentiforme,sERp@tifORm
serpentin,sERp@t5
serpette,sERpEt
serpillière,sERpijER
serpolet,sERpolE
serra,sERa
serrage,sERaZ
serrante,sER@t
serre,sER
serre-file,sERfil
serre-joint,sERZw5
serre-livres,sERlivR
serre-tête,sERtEt
serrement,sER°m@
serrer,seRe
serrure,seRyR
serrurerie,seRyR°Ri
serrurier,seRyRje
serré,sERe
sert,sER
sertao,sERtaw
serti,sERti
sertir,sERtiR
sertissage,sERtisaZ
sertisseur,sERtis9R
sertão,sERtaw
servage,sERvaZ
serval,sERval
servant,sERv@
serve,sERv
serveur,sERv9R
servi,sERvi
serviabilité,sERvjabilite
serviable,sERvjabl
service,sERvis
serviette,sERvjEt
serviette-éponge,sERvjEtep§Z
servile,sERvil
servilement,sERvil°m@
servilité,sERvilite
servir,sERviR
serviteur,sERvit9R
servitude,sERvityd
servofrein,sERvofR5
servomoteur,sERvomOt9R
servomécanisme,sERvomekanizm
ses,se
session,sesj§
set,sEt
setter,setER
seuil,s9j
seul,s9l
seulabre,s2labR
seulement,s9l°m@
seulet,s9lE
seventies,s°v@ti
sevrage,s°vRaZ
sevrer,s°vRe
sex-appeal,sEksapil
sex-shop,seksSOp
sex-symbol,sekss5bOl
sexagénaire,seksaZenER
sexe,sEks
sexisme,seksizm
sexiste,seksist
sexologie,seksoloZi
sexologique,seksoloZik
sexologue,seksolOg
sextant,sekst@
sextidi,sekstidi
sexto,sEksto
sextuor,sekst8OR
sextuple,sekstypl
sexualiser,sEks8alize
sexualité,seks8alite
sexuel,seks8El
sexuellement,seks8El°m@
sexué,seks8e
sexy,seksi
seyant,sEj@
señor,seNOR
shabbat,Saba
shah,Sa
shake-hand,SEjk@d
shaker,SEjk9R
shakespearien,SEkspiRj5
shako,Sako
shale,Sal
shaman,Saman
shamisen,Samiz°n
shampoing,S@pw5
shampooiner,S@pwine
shampooing,S@pw5
shampouiner,S@pwine
shampouineur,S@pwin9R
shanghaien,S@gaj5
shantung,S@tuG
shed,SEd
sheriff,SERif
sherpa,SERpa
sherry,SERi
shetland,SEtl@d
shiatsu,Sjatsu
shift,Sift
shilling,SiliG
shilom,SilOm
shimmy,Simi
shingle,S5gl
shintoïsme,S5toizm
shintoïste,S5toist
shintô,Sinto
shipchandler,SipS@dl9R
shipping,SipiG
shirting,SiRt5G
shit,Sit
shocking,SOkiG
shogoun,Sogun
shogun,Sogun
shogunal,Sogynal
shogunat,SOguna
shoot,Sut
shooter,Sute
shopping,SOpiG
short,SORt
show,So
show-business,SobiznEs
showbiz,Sobiz
shrapnel,SRapnEl
shrapnell,SRapnEl
shunt,S9nt
shunter,S1te
shéol,SeOl
shérif,SeRif
shôgun,Sogun
si,si
siam,sjam
siamois,sjamwa
sibilant,sibil@
sibylle,sibil
sibyllin,sibil5
sibérien,sibeRj5
sibérienne,sibeRjEn
sic,sik
sic transit gloria mundi,siktR@zitgloRjamundi
sicaire,sikER
sicilien,sisilj5
sicle,sikl
sida,sida
sidaïque,sidaik
side-car,sajdkaR
sidi,sidi
sidéral,sideRal
sidérant,sideR@
sidération,sideRasj§
sidérer,sideRe
sidérite,sideRit
sidérurgie,sideRyRZi
sidérurgique,sideRyRZik
sidéré,sideRe
sien,sj5
sienne,sjEn
siennes,sjEn
siennois,sjEnwa
siens,sj5
sierra,sjERa
sieste,sjEst
sieur,sj9R
sifflant,sifl@
sifflante,sifl@t
sifflard,siflaR
sifflement,sifl°m@
siffler,sifle
sifflet,siflE
siffleur,sifl9R
sifflotement,siflOt°m@
siffloter,siflote
sifflotis,siflOti
sigillaire,siZilER
sigillé,siZile
sigisbée,siZisbe
sigle,sigl
sigmoïde,sigmoid
signal,siNal
signalement,siNal°m@
signaler,siNale
signaleur,siNal9R
signalisation,siNalizasj§
signaliser,siNalize
signalé,siNale
signalétique,siNaletik
signataire,siNatER
signature,siNatyR
signe,siN
signer,siNe
signet,siNE
signifiance,siNifj@s
signifiant,siNifj@
significatif,siNifikatif
signification,siNifikasj§
significativement,siNifikativ°m@
signifier,siNifje
signifié,siNifje
signor,siNOR
signorina,siNoRina
signé,siNe
sikh,sik
sil,sil
silence,sil@s
silencieusement,sil@sj2z°m@
silencieux,sil@sj2
silex,silEks
silhouette,silwEt
silhouetter,silwete
silicate,silikat
silice,silis
siliceux,silis2
silicium,silisjOm
silicone,silikOn
siliconer,silikone
silicose,silikoz
silicosé,silikoze
silionne,siljOn
sillage,sijaZ
sillet,sijE
sillon,sij§
sillonner,sijone
silo,silo
silvaner,silvanER
silène,silEn
silésien,silezj5
sima,sima
simagrée,simagRe
simarre,simaR
simien,simj5
simiesque,simjEsk
similaire,similER
similairement,similER°m@
similarité,similaRite
simili,simili
similicuir,similik8iR
similitude,similityd
similor,similOR
simoniaque,simonjak
simoun,simun
simple,s5pl
simplement,s5pl°m@
simplesse,s5plEs
simplet,s5plE
simplette,s5plEt
simplicité,s5plisite
simplification,s5plifikasj§
simplifier,s5plifje
simplissime,s5plisim
simpliste,s5plist
simulacre,simylakR
simulateur,simylat9R
simulation,simylasj§
simuler,simyle
simultané,simyltane
simultanéité,simyltaneite
simultanément,simyltanem@
simulé,simyle
sinapisme,sinapizm
sinciput,s5sipyt
sincère,s5sER
sincèrement,s5sER°m@
sincérité,s5seRite
sindon,s5d§
sine die,sinedije
sine qua non,sinekwanOn
singe,s5Z
singe-araignée,s5ZaRENe
singer,s5Ze
singerie,s5Z°Ri
singes,s5Z
single,sing9l
singleton,s5gl2t§
singulariser,s5gylaRize
singularité,s5gylaRite
singulier,s5gylje
singulièrement,s5gyljER°m@
sinistre,sinistR
sinistrement,sinistR°m@
sinistrose,sinistRoz
sinistré,sinistRe
sino,sino
sino-américain,sinoameRik5
sino-arabe,sinoaRab
sinologie,sinoloZi
sinon,sin§
sinople,sinOpl
sinoque,sinOk
sinoquet,sinokE
sinuer,sin8e
sinueusement,sin82z°m@
sinueux,sin82
sinuosité,sin8ozite
sinus,sinys
sinusal,sinyzal
sinusite,sinyzit
sinusoïdal,sinyzoidal
sinécure,sinekyR
sionisme,sjonizm
sioniste,sjonist
sioux,sju
siphon,sif§
siphonnage,sifOnaZ
siphonner,sifone
siphonné,sifone
sipo,sipo
sir,siR
sirdar,siRdaR
sire,siR
sirocco,siRoko
sirop,siRo
siroter,siRote
sirupeux,siRyp2
sirventès,siRv@tEs
sirène,siREn
sis,si
sisal,sizal
sismique,sismik
sismographe,sismogRaf
sismologie,sismoloZi
sismologique,sismoloZik
sismologue,sismOlOg
sismomètre,sismomEtR
sismothérapie,sismoteRapi
sisymbre,siz5bR
sit-in,sitin
sitar,sitaR
sitariste,sitaRist
sitcom,sitkOm
site,sit
sittelle,sitEl
situ,sity
situable,sit8abl
situation,sit8asj§
situationnel,sit8asjOnEl
situationnisme,sit8asjonizm
situer,sit8e
situé,sit8e
sitôt,sito
six,sis
six-quatre,siskatR
sixain,siks5
sixième,sizjEm
sixièmement,sizjEm°m@
sixte,sikst
sixties,sikstiz
sixtus,sikstys
sizain,siz5
siècle,sjEkl
siège,sjEZ
siéger,sjeZe
ska,ska
skaal,skal
skate,skEjt
skate-board,skEjtbORd
skateboard,skEjtbORd
skating,skEjtiG
skaï,skaj
skeet,skit
sketch,skEtS
ski,ski
skiable,skjabl
skier,skje
skieur,skj9R
skiff,skif
skin,skin
skinhead,skinEd
skip,skip
skipper,skip9R
skunks,sk§s
skydome,skajdom
slalom,slalOm
slalomer,slalome
slang,sl@g
slash,slaS
slave,slav
slavisme,slavizm
slavon,slav§
sleeping,slipiG
slibard,slibaR
slice,slis
slip,slip
slogan,slog@
sloop,slup
sloughi,slugi
slovaque,slovak
slovène,slovEn
slow,slo
slug,sl9g
slush,sl9S
smack,smak
smala,smala
smalah,smala
smaragdin,smaRagd5
smart,smaRt
smash,smaS
smasher,smaSe
smegma,smEgma
smicard,smikaR
smigard,smigaR
smiley,smajli
smocks,smok
smog,smOg
smoking,smOkiG
smorrebrod,smoR°bRod
smurf,sm9Rf
smyrniote,smiRnjOt
snack,snak
snack-bar,snakbaR
snif,snif
snifer,snife
sniff,snif
sniffer,snife
sniffette,snifEt
snipe,snip
sniper,snajp9R
snob,snOb
snober,snobe
snobinard,snobinaR
snobisme,snobizm
soap-opéra,sOwpopeRa
sobre,sObR
sobrement,sObR°m@
sobriquet,sobRikE
sobriété,sobRijete
soc,sOk
soccer,sOs9R
sociabiliser,sOsjabilize
sociabilité,sosjabilite
sociable,sosjabl
social,sosjal
social-démocrate,sosjaldemokRat
social-démocratie,sosjaldemokRasi
social-traître,sOsjaltREtR
socialement,sosjal°m@
socialisation,sosjalizasj§
socialiser,sosjalize
socialisme,sosjalizm
socialiste,sosjalist
socialo,sOsjalo
sociaux-démocrates,sosjodemokRat
socio,sosjo
socio-économique,sosjoekonomik
sociobiologie,sosjobjoloZi
socioculturel,sosjokyltyREl
sociologie,sosjoloZi
sociologique,sosjoloZik
sociologiquement,sosjoloZik°m@
sociologue,sosjolOg
sociopathe,sosjopat
sociopathie,sOsjopati
sociopolitique,sOsjopOlitik
socius,sOsjys
sociétaire,sosjetER
sociétal,sOsjetal
société,sosjete
socket,sOkEt
socle,sOkl
socque,sOk
socquette,sokEt
socratique,sokRatik
soda,soda
sodique,sOdik
sodium,sodjOm
sodomie,sodomi
sodomisation,sodomizasj§
sodomiser,sodomize
sodomite,sodomit
soeur,s9R
soeurette,s9REt
sofa,sofa
soft,sOft
softball,sOftbal
soi,swa
soi-disant,swadiz@
soi-même,swamEm
soie,swa
soierie,swaRi
soif,swaf
soiffard,swafaR
soignable,swaNabl
soignant,swaN@
soigner,swaNe
soigneur,swaN9R
soigneusement,swaN2z°m@
soigneux,swaN2
soigné,swaNe
soin,sw5
soir,swaR
soirée,swaRe
soissonnais,swasonE
soit,swa
soixantaine,swas@tEn
soixante,swas@t
soixante-cinq,swas@ts5k
soixante-deux,swas@td2
soixante-deuxième,swas@td2zjEm
soixante-dix,swas@tdis
soixante-dix-huit,swas@tdiz8it
soixante-dix-neuf,swas@tdizn9f
soixante-dix-neuvième,swas@tdisn9vjEm
soixante-dix-sept,swas@tdisEt
soixante-dixième,swas@tdizjEm
soixante-douze,swas@tduz
soixante-huit,swas@t8it
soixante-huitard,swas@t8itaR
soixante-neuf,swas@tn9f
soixante-quatorze,swas@tkatORz
soixante-quatre,swas@tkatR
soixante-quinze,swas@tk5z
soixante-seize,swas@tsEz
soixante-sept,swas@tsEt
soixante-six,swas@tsis
soixante-treize,swas@ttREz
soixante-trois,swas@ttRwa
soixantième,swas@tjEm
soja,soZa
sol,sOl
sol-air,sOlER
solaire,solER
solanacée,solanase
solarium,solaRjOm
soldat,sOlda
soldatesque,sOldatEsk
solde,sOld
solder,sOlde
solderie,sOld°Ri
soldeur,sOld9R
sole,sOl
soleil,solEj
soleil-roi,solEjRwa
soleilleux,solEj2
solen,solEn
solennel,solanEl
solennellement,solanEl°m@
solenniser,sOlanize
solennité,solanite
solex,solEks
solfège,solfEZ
solicitor,solisitOR
solidaire,solidER
solidairement,solidER°m@
solidariser,solidaRize
solidarité,solidaRite
solide,solid
solidement,solid°m@
solidification,solidifikasj§
solidifier,solidifje
solidité,solidite
solidus,solidys
soliflore,soliflOR
soliloque,solilOk
soliloquer,soliloke
solipsisme,solipsizm
solipsiste,solipsist
soliste,solist
solitaire,solitER
solitairement,solitER°m@
solitude,solityd
solive,soliv
soliveau,solivo
sollicitation,solisitasj§
solliciter,solisite
solliciteur,solisit9R
sollicitude,solisityd
solo,solo
solognot,soloNo
solstice,sOlstis
solubilité,solybilite
soluble,solybl
solucamphre,solyk@fR
solution,solysj§
solutionner,solysjone
solutionneur,solysjon9R
soluté,solyte
solvabilité,sOlvabilite
solvable,sOlvabl
solvant,sOlv@
solénoïde,solenoid
soma,soma
somalien,somalj5
somatique,somatik
somatiser,somatize
sombre,s§bR
sombrement,s§bR°m@
sombrer,s§bRe
sombrero,s§bReRo
sommaire,somER
sommairement,somER°m@
sommation,somasj§
somme,sOm
sommeil,somEj
sommeillant,somEj@
sommeiller,someje
sommeilleux,somEj2
sommelier,sOm°lje
sommer,some
sommet,somE
sommier,somje
sommité,somite
somnambule,sOmn@byl
somnambulique,sOmn@bylik
somnambuliquement,sOmn@bylik°m@
somnambulisme,sOmn@bylizm
somnifère,sOmnifER
somno,sOmno
somnolence,sOmnol@s
somnolent,sOmnOl@
somnoler,sOmnole
somptuaire,s§pt8ER
somptueusement,s§pt82z°m@
somptueux,s§pt82
somptuosité,s§pt8ozite
son,s§
sonagramme,sOnagRam
sonar,sonaR
sonate,sonat
sonatine,sonatin
sondage,s§daZ
sonde,s§d
sonder,s§de
sondeur,s§d9R
sondé,s§de
song,s§g
songe,s§Z
songe-creux,s§ZkR2
songer,s§Ze
songerie,s§Z°Ri
songeur,s§Z9R
songeusement,s§Z2z°m@
sonique,sonik
sonnaille,sonaj
sonnailler,sonaje
sonnant,son@
sonner,sone
sonnerie,sOn°Ri
sonnet,sonE
sonnette,sonEt
sonneur,son9R
sonné,sone
sono,sono
sonoluminescence,sonolyminEs@s
sonore,sonOR
sonorement,sOnOR°m@
sonorisation,sonoRizasj§
sonoriser,sonoRize
sonorité,sonoRite
sonothèque,sOnOtEk
sonotone,sonotOn
sopha,sOfa
sophie,sOfi
sophisme,sofizm
sophiste,sofist
sophistication,sofistikasj§
sophistique,sOfistik
sophistiqué,sofistike
sophora,sofoRa
sopor,sopOR
soporifique,sopoRifik
soprano,sopRano
sorbet,sORbE
sorbetière,sORb°tjER
sorbier,sORbje
sorbitol,sORbitOl
sorbonne,sORbOn
sorcellerie,sORsEl°Ri
sorcier,sORsje
sordide,sORdid
sordidement,sORdid°m@
sordidité,sORdidite
sorgho,sORgo
sorite,sORit
sornette,sORnEt
sororal,soRoRal
sororité,soRoRite
sort,sOR
sortable,sORtabl
sortant,sORt@
sorte,sORt
sortie,sORti
sortilège,sORtilEZ
sortir,sORtiR
sosie,sozi
sostenuto,sOstenuto
sot,so
sotie,soti
sottement,sOt°m@
sottise,sotiz
sou,su
souabe,swab
soubassement,subas°m@
soubise,subiz
soubresaut,subR°so
soubrette,subREt
souche,suS
souchet,suSE
souchette,suSEt
souci,susi
soucier,susje
soucieux,susj2
soucoupe,sukup
soudage,sudaZ
soudain,sud5
soudainement,sudEn°m@
soudaineté,sudEn°te
soudanais,sudanE
soudard,sudaR
soude,sud
souder,sude
soudeur,sud9R
soudoyer,sudwaje
soudure,sudyR
soudé,sude
soue,su
soufflant,sufl@
souffle,sufl
soufflement,sufl°m@
souffler,sufle
soufflerie,sufl°Ri
soufflet,suflE
souffleter,sufl°te
souffleur,sufl9R
soufflure,suflyR
soufflé,sufle
souffrance,sufR@s
souffrant,sufR@
souffre-douleur,sufR°dul9R
souffreteux,sufR°t2
souffrir,sufRiR
soufi,sufi
soufre,sufR
soufré,sufRe
souhait,swE
souhaitable,swEtabl
souhaiter,swete
souillage,sujaZ
souille,suj
souiller,suje
souillon,suj§
souillure,sujyR
souk,suk
soul,sul
soulageant,sulaZ@
soulagement,sulaZ°m@
soulager,sulaZe
soule,sul
soulever,sul°ve
soulevé,sul°ve
soulier,sulje
souligner,suliNe
soulèvement,sulEv°m@
soumettre,sumEtR
soumis,sumi
soumission,sumisj§
soumissionner,sumisjone
soupape,supap
soupe,sup
soupente,sup@t
souper,supe
soupeser,sup°ze
soupeur,sup9R
soupier,supje
soupir,supiR
soupirail,supiRaj
soupirant,supiR@
soupirer,supiRe
soupière,supjER
souple,supl
souplement,supl°m@
souplesse,suplEs
soupçon,sups§
soupçonnable,supsonabl
soupçonner,supsone
soupçonneux,supson2
souquenille,suk°nij
souquer,suke
sourate,suRat
source,suRs
sourcier,suRsje
sourcil,suRsi
sourciller,suRsije
sourcilleux,suRsij2
sourd,suR
sourd-muet,suRm8E
sourdaient,suRdE
sourdait,suRdE
sourde-muette,suRdm8Et
sourdement,suRd°m@
sourdine,suRdin
sourdingue,suRd5g
sourdre,suRdR°
souriant,suRj@
souriceau,suRiso
souricière,suRisjER
sourire,suRiR
souris,suRi
sournois,suRnwa
sournoisement,suRnwaz°m@
sournoiserie,suRnwaz°Ri
sous,su
sous-alimentation,suzalim@tasj§
sous-alimenté,suzalim@te
sous-bibliothécaire,subiblijotekER
sous-bois,subwa
sous-chef,suSEf
sous-classe,suklas
sous-comité,sukomite
sous-commission,sukomisj§
sous-continent,suk§tin@
sous-couche,sukuS
sous-cul,suky
sous-cutané,sukytane
sous-diacre,sudjakR
sous-directeur,sudiREkt9R
sous-division,sudivizj§
sous-dominante,sudomin@t
sous-développement,sudev°lOp°m@
sous-développé,sudev°lope
sous-effectif,suzefEktif
sous-emploi,suz@plwa
sous-ensemble,suz@s@bl
sous-entendre,suz@t@dR
sous-entendu,suz@t@dy
sous-espace,suzEspas
sous-espèce,suzEspEs
sous-estimation,suzEstimasj§
sous-estimer,suzEstime
sous-fifre,sufifR
sous-garde,sugaRd
sous-genre,suZ@R
sous-gorge,sugORZ
sous-groupe,sugRup
sous-homme,suzOm
sous-humanité,suzymanite
sous-intendant,suz5t@d@
sous-jacent,suZas@
sous-lieutenant,sulj2t°n@
sous-locataire,sulOkatER
sous-location,sulokasj§
sous-louer,sulwe
sous-main,sum5
sous-marin,sumaR5
sous-marinier,sumaRinje
sous-marque,sumaRk
sous-maîtresse,sumEtREs
sous-merde,sumERd
sous-ministre,suministR
sous-off,suzOf
sous-officier,suzofisje
sous-ordre,suzORdR
sous-payer,supeje
sous-pied,supje
sous-plat,supla
sous-prieur,supRij9R
sous-produit,supRod8i
sous-programme,supRogRam
sous-prolétaire,supRoletER
sous-prolétariat,supRoletaRja
sous-préfecture,supRefEktyR
sous-préfet,supRefE
sous-qualifié,sukalifje
sous-secrétaire,sus°kRetER
sous-secrétariat,sus°kRetaRja
sous-secteur,susekt9R
sous-section,suseksj§
sous-sol,susOl
sous-station,sustasj§
sous-système,susistEm
sous-tasse,sutas
sous-tension,sut@sj§
sous-titrage,sutitRaZ
sous-titre,sutitR
sous-titrer,sutitRe
sous-traitance,sutREt@s
sous-traitant,sutREt@
sous-traiter,sutRete
sous-ventrière,suv@tRijER
sous-verge,suvERZ
sous-verre,suvER
sous-vêtement,suvEt°m@
souscripteur,suskRipt9R
souscription,suskRipsj§
souscrire,suskRiR
souscrit,suskRi
soussigné,susiNe
soussou,susu
soustraction,sustRaksj§
soustraire,sustRER
soutache,sutaS
soutane,sutan
soutanelle,sutanEl
soute,sut
soutenable,sut°nabl
soutenance,sut°n@s
soutenant,sut°n@
souteneur,sut°n9R
soutenir,sut°niR
soutenu,sut°ny
souter,sute
souterrain,sutER5
souterrainement,sutEREn°m@
soutien,sutj5
soutien-gorge,sutj5gORZ
soutier,sutje
soutif,sutif
soutirage,sutiRaZ
soutirer,sutiRe
soutra,sutRa
soutènement,sutEn°m@
souvenance,suv°n@s
souvenir,suv°niR
souvent,suv@
souventefois,suv@t°fwa
souventes fois,suv@tfwa
souverain,suv°R5
souverainement,suv°REn°m@
souveraineté,suv°REn°te
souvlaki,suvlaki
soviet,sovjEt
soviétique,sovjetik
soviétisation,sovjetizasj§
soviétisme,sovjetizm
sovkhoze,sOvkoz
soya,swaja
soyeusement,swaj2z°m@
soyeux,swaj2
soûl,su
soûlant,sul@
soûlard,sulaR
soûlaud,sulo
soûler,sule
soûlerie,sul°Ri
soûlographe,sulogRaf
soûlographie,sulogRafi
soûlot,sulo
spa,spa
spacieux,spasj2
spadassin,spadas5
spadille,spadij
spaghetti,spageti
spahi,spai
spamming,spamiG
sparadrap,spaRadRa
sparring-partner,spERiGpaRtn9R
sparte,spaRt
sparterie,spaRt°Ri
spartiate,spaRsjat
spartéine,spaRtein
spasme,spasm
spasmodique,spasmodik
spasmodiquement,spasmodik°m@
spasmophile,spasmofil
spasmophilie,spasmofili
spasticité,spastisite
spastique,spastik
spath,spat
spatial,spasjal
spatialement,spasjal°m@
spatio-temporel,spasjot@poREl
spationaute,spasjonot
spatiotemporel,spatjot@poREl
spatule,spatyl
spatuler,spatyle
speakeasy,spikizi
speaker,spik9R
species,spesjEs
spectacle,spEktakl
spectaculaire,spEktakylER
spectaculairement,spEktakylER°m@
spectateur,spEktat9R
spectral,spEktRal
spectre,spEktR
spectrogramme,spEktRogRam
spectrographe,spEktRogRaf
spectrographie,spEktRogRafi
spectrographique,spEktRogRafik
spectrohéliographe,spEktRoeljOgRaf
spectromètre,spEktRomEtR
spectrométrie,spEktRometRi
spectrométrique,spEktRometRik
spectrophotomètre,spEktRofOtomEtR
spectroscope,spEktRoskOp
spectroscopie,spEktRoskopi
speech,spitS
speed,spid
speeder,spide
speedé,spide
spencer,spEnsER
spenglérienne,sp@gleRjEn
spermaceti,spERmaseti
spermatique,spERmatik
spermato,spERmato
spermatogenèse,spERmatoZ°nEz
spermatozoïde,spERmatozoid
sperme,spERm
spermicide,spERmisid
spermogramme,spERmogRam
spetsnaz,spEtsnaz
sphaigne,sfEN
sphincter,sf5ktER
sphinge,sf5Z
sphinx,sf5ks
sphygmomanomètre,sfigmomanomEtR
sphère,sfER
sphénoïde,sfenoid
sphéricité,sfeRisite
sphérique,sfeRik
sphériquement,sfeRik°m@
sphéroïde,sfeRoid
spi,spi
spic,spik
spica,spika
spider,spajd9R
spin,spin
spina,spina
spina-bifida,spinabifida
spina-ventosa,spinav@toza
spinal,spinal
spinnaker,spinak°R
spinozisme,spinozizm
spirale,spiRal
spiraler,spiRale
spiralé,spiRale
spire,spiR
spirite,spiRit
spiritisme,spiRitizm
spiritualiser,spiRit8alize
spiritualisme,spiRit8alizm
spiritualiste,spiRit8alist
spiritualité,spiRit8alite
spirituel,spiRit8El
spirituellement,spiRit8El°m@
spiritueux,spiRit82
spirochète,spiROSEt
spirographe,spiRogRaf
spiruline,spiRylin
spitz,spits
splash,splaS
spleen,splin
splendeur,spl@d9R
splendide,spl@did
splendidement,spl@did°m@
splitter,splite
splénectomie,splenEktOmi
splénique,splenik
spoiler,spOjlER
spoliation,spoljasj§
spolier,spolje
spolié,spolje
spondylarthrose,sp§dilaRtRoz
spondylite,sp§dilit
spongieux,sp§Zj2
spongiforme,sp§ZifORm
sponsor,sp§sOR
sponsoring,sp§soRiG
sponsoriser,sp§soRize
sponsorisé,sp§soRize
spontané,sp§tane
spontanéité,sp§taneite
spontanément,sp§tanem@
spoon,spun
sporadique,spoRadik
sporadiquement,spoRadik°m@
spore,spOR
sport,spOR
sportif,spORtif
sportivement,spORtiv°m@
sportivité,spORtivite
sportsman,spORtsman
sportswear,spORtswER
spot,spOt
spoutnik,sputnik
sprat,spRat
spray,spREj
sprechgesang,SpReSgesaG
spring,spRiG
springer,spRing9R
sprinkler,spRinkl9R
sprint,spRint
sprinter,spRint9R
sprinter,spRinte
sprinteur,spRint9R
spruce,spRys
spumescent,spymEs@
spumosité,spymozite
spécial,spesjal
spéciale,spesjal
spécialement,spesjal°m@
spécialisation,spesjalizasj§
spécialiser,spesjalize
spécialiste,spesjalist
spécialisé,spesjalize
spécialité,spesjalite
spécieusement,spesj2z°m@
spécieux,spesj2
spécification,spesifikasj§
spécificité,spesifisite
spécifier,spesifje
spécifique,spesifik
spécifiquement,spesifik°m@
spécifié,spesifje
spécimen,spesimEn
spéculaire,spekylER
spéculateur,spekylat9R
spéculatif,spekylatif
spéculation,spekylasj§
spéculer,spekyle
spéculoos,spekylos
spéculum,spekylOm
spéléo,speleo
spéléologie,speleoloZi
spéléologue,speleolOg
spéléotomie,speleotomi
squale,skwal
squameux,skwam2
square,skwaR
squash,skwaS
squat,skwat
squatter,skwat9R
squatteur,skwat9R
squaw,skwo
squeeze,skwiz
squeezer,skwiz9R
squelette,sk°lEt
squelettique,sk°letik
squire,skwajR
sri lankais,sRil@kE
stabat mater,stabamatER
stabilisant,stabiliz@
stabilisateur,stabilizat9R
stabilisation,stabilizasj§
stabiliser,stabilize
stabilisé,stabilize
stabilité,stabilite
stable,stabl
stablement,stabl°m@
stabulation,stabylasj§
staccato,stakato
stade,stad
stadium,stadjOm
staff,staf
stage,staZ
stagflation,stagflasj§
stagiaire,staZjER
stagnant,stagn@
stagnation,stagnasj§
stagner,stagne
stakhanoviste,stakanovist
stalactite,stalaktit
stalag,stalag
stalagmite,stalagmit
stalinien,stalinj5
stalinisme,stalinizm
stalino,stalino
stalle,stal
stance,st@s
stand,st@d
stand-by,st@dbaj
standard,st@daR
standardisation,st@daRdizasj§
standardiste,st@daRdist
standardisé,st@daRdize
standing,st@diG
staphylococcie,stafilokOksi
staphylococcique,stafilokOksik
staphylocoque,stafilokOk
star,staR
star-system,staRsistEm
starking,staRkiG
starlette,staRlEt
staroste,staROst
start-up,staRt9p
starter,staRt9R
starting-gate,staRtiGgEjt
stase,staz
stat,stat
stater,state
station,stasj§
station-service,stasj§sERvis
station-éclair,stasj§eklER
stationnaire,stasjonER
stationnement,stasjOn°m@
stationner,stasjone
statique,statik
statisticien,statistisj5
statistique,statistik
statistiquement,statistik°m@
statistiquer,statistike
statu quo,statykwo
statuaire,stat8ER
statue,staty
statuer,stat8e
statuette,stat8Et
statufier,statyfje
stature,statyR
staturo-pondéral,statyRop§deRal
status,statys
statut,staty
statutaire,statytER
statère,statER
stayer,stEj9R
steak,stEk
steamboat,stimbOwt
steamer,stim9R
steeple,stipl
steeple-chase,stip°ltSEjz
stegomya,stegomia
stellaire,stElER
stem,stEm
stencil,stEnsil
stendhalien,st5dalj5
stentor,st@tOR
steppe,stEp
stepper,stEpe
stercoraire,stERkoRER
sterling,stERliG
sternal,stERnal
sterne,stERn
sterno-cléido-mastoïdien,stERnokleidomastOidj5
sternum,stERnOm
stetson,stEts§
steward,stiwaRd
stick,stik
sticker,stik9R
stigma,stigma
stigmate,stigmat
stigmatiser,stigmatize
stigmatisé,stigmatize
stilton,stilt§
stimulant,stimyl@
stimulateur,stimylat9R
stimulation,stimylasj§
stimuler,stimyle
stimulus,stimylys
stimulus-réponse,stimylysRep§s
stipulant,stipyl@
stipulation,stipylasj§
stipule,stipyl
stipuler,stipyle
stipulé,stipyle
stochastique,stOkastik
stock,stOk
stock-car,stOkkaR
stockage,stokaZ
stocker,stoke
stoker,stok9R
stokes,stOks
stomacal,stomakal
stomie,stOmi
stomoxys,stomOksi
stone,ston
stop,stOp
stoppage,stopaZ
stopper,stope
stoppeur,stop9R
storage,stORaZ
store,stOR
story-board,stoRibORd
stout,stut
stoïcien,stoisj5
stoïcisme,stoisizm
stoïque,stoik
stoïquement,stoik°m@
strabisme,stRabizm
stradivarius,stRadivaRjys
straight,stREt
stramoine,stRamwan
stramonium,stRamOnjOm
strangulation,stR@gylasj§
stranguler,stR@gyle
strapontin,stRap§t5
strasbourgeois,stRazbuRZwa
strass,stRas
strasse,stRas
stratagème,stRataZEm
strate,stRat
stratification,stRatifikasj§
stratifié,stRatifje
stratigraphique,stRatigRafik
stratosphère,stRatosfER
stratosphérique,stRatosfeRik
stratus,stRatys
stratège,stRatEZ
stratégie,stRateZi
stratégique,stRateZik
stratégiquement,stRateZik°m@
stratégiste,stRateZist
strelitzia,stRElitsja
streptococcie,stREptokOksi
streptococcique,stREptOkOksik
streptocoque,stREptokOk
streptokinase,stREptOkinaz
streptomycine,stREptomisin
stress,stREs
stressant,stREs@
stresser,stREse
stretch,stREtS
stretching,stREtSiG
strict,stRikt
strictement,stRikt°m@
stricto sensu,stRiktos5sy
stridence,stRid@s
strident,stRid@
strider,stRide
stridor,stRidOR
stridulation,stRidylasj§
striduler,stRidyle
strie,stRi
strier,stRije
string,stRiG
strip,stRip
strip-poker,stRippokER
strip-tease,stRiptiz
strip-teaseur,stRiptiz9R
stripper,stRip9R
striptease,stRiptiz
strié,stRije
stroboscope,stRObOskOp
stroboscopique,stRoboskopik
strontiane,stR§sjan
strontium,stR§sjOm
strophe,stROf
structural,stRyktyRal
structuralement,stRyktyRal°m@
structuralisme,stRyktyRalizm
structuraliste,stRyktyRalist
structure,stRyktyR
structurel,stRyktyREl
structurellement,stRyktyREl°m@
structurer,stRyktyRe
structuré,stRyktyRe
strudel,StRud9l
struggle for life,stR9g°lfoRlajf
strychnine,stRiknin
strychnos,stRiknos
stuc,styk
studette,stydEt
studieusement,stydj2z°m@
studieux,stydj2
studio,stydjo
studiolo,stydjOlo
stuka,styka
stupeur,styp9R
stupide,stypid
stupidement,stypid°m@
stupidité,stypidite
stupre,stypR
stups,styp
stupéfaction,stypefaksj§
stupéfait,stypefE
stupéfiant,stypefj@
stupéfier,stypefje
stygien,stiZj5
style,stil
styler,stile
stylet,stilE
stylisation,stilizasj§
stylisme,stilizm
styliste,stilist
stylistique,stilistik
stylite,stilit
stylo,stilo
stylo-bille,stilobij
stylo-feutre,stilof2tR
stylobille,stilobij
stylographe,stilogRaf
stylomine,stilomin
styloïde,stilOid
stylé,stile
styrax,stiRaks
styrène,stiREn
stèle,stEl
stère,stER
stéarate,steaRat
stéarique,steaRik
stégosaure,stegozoR
sténo,steno
sténodactylo,stenodaktilo
sténodactylographie,stenodaktilogRafi
sténographe,stenogRaf
sténographie,stenogRafi
sténographique,stenogRafik
sténopé,stenope
sténose,stenoz
sténotype,stenotip
sténotypiste,stenotipist
stéphanois,stefanwa
stérile,steRil
stérilement,steRil°m@
stérilet,steRilE
stérilisant,steRiliz@
stérilisateur,steRilizat9R
stérilisation,steRilizasj§
stériliser,steRilize
stérilisé,steRilize
stérilité,steRilite
stéroïde,steRoid
stéréo,steReo
stéréophonie,steReofoni
stéréophonique,steReofonik
stéréoscope,steReoskOp
stéréoscopie,steReoskopi
stéréoscopique,steReoskopik
stéréotype,steReotip
stéréotyper,steReOtipe
stéréotypie,steReotipi
stéréotypé,steReotipe
stéthoscope,stetoskOp
su,sy
suaire,s8ER
suant,s8@
suave,s8av
suavement,s8av°m@
suavité,s8avite
sub,syb
sub-aquatique,sybakwatik
sub-atomique,sybatomik
sub-claquant,sybklak@
sub-espace,sybEspas
sub-normaux,sybnORmo
sub-vocal,sybvokal
sub-véhiculaire,sybveikylER
sub-zéro,sybzeRo
subalterne,sybaltERn
subaquatique,sybakwatik
subatomique,sybatomik
subcarpatique,sypkaRpatik
subcellulaire,sypsElylER
subconsciemment,sybk§sjam@
subconscient,sypk§sj@
subculture,sybkyltyR
subdivision,sybdivizj§
subduction,sybdyksj§
suber,sybER
subir,sybiR
subit,sybi
subitement,sybit°m@
subito,sybito
subjectif,sybZEktif
subjectivement,sybZEktiv°m@
subjectivisme,sybZEktivizm
subjectiviste,sybZEktivist
subjectivité,sybZEktivite
subjonctif,sybZ§ktif
subjugation,sybZygasj§
subjuguer,sybZyge
sublimable,syblimabl
sublimation,syblimasj§
sublime,syblim
sublimement,syblim°m@
sublimer,syblime
subliminal,sybliminal
sublimissime,syblimisim
sublimité,syblimite
sublimé,syblime
sublingual,sybl5g8al
sublunaire,syblynER
submerger,sybmERZe
submergé,sybmERZe
submersible,sybmERsibl
submersion,sybmERsj§
subodorer,sybodoRe
subordination,sybORdinasj§
subordonner,sybORdone
subordonné,sybORdone
subordonnée,sybORdone
subornation,sybORnasj§
suborner,sybORne
suborneur,sybORn9R
subreptice,sybREptis
subrepticement,sybREptis°m@
subrogation,sybRogasj§
subrécargue,sybRekaRg
subside,sypzid
subsidiaire,sybzidjER
subsidiairement,sybzidjER°m@
subsistance,sybzist@s
subsistant,sybzist@
subsister,sybziste
subsonique,sypsonik
substance,sypst@s
substantiel,sypst@sjEl
substantiellement,sypst@sjEl°m@
substantif,sypst@tif
substantifique,sypst@tifik
substituer,sypstit8e
substitut,sypstity
substitution,sypstitysj§
substrat,sypstRa
substratum,sypstRatOm
substruction,sypstRyksj§
subséquemment,sypsekam@
subséquent,sybsek@
subterfuge,syptERfyZ
subtil,syptil
subtilement,syptil°m@
subtiliser,syptilize
subtilité,syptilite
subtropical,syptRopikal
suburbain,sybyRb5
subvenir,sybv°niR
subvention,sybv@sj§
subventionner,sybv@sjone
subventionné,sybv@sjone
subversif,sybvERsif
subversion,sybvERsj§
subvertir,sybvERtiR
suc,syk
successeur,sykses9R
successif,syksesif
succession,syksesj§
successivement,syksesiv°m@
successoral,syksesoRal
succinct,syks5
succinctement,syks5t°m@
succion,sysj§
succomber,syk§be
succube,sykyb
succulence,sykyl@s
succulent,sykyl@
succursale,sykyRsal
succès,syksE
succédané,syksedane
succéder,syksede
sucer,syse
sucette,sysEt
suceur,sys9R
sucre,sykR
sucrer,sykRe
sucrerie,sykR°Ri
sucrette,sykREt
sucrier,sykRije
sucré,sykRe
sud,syd
sud-africain,sydafRik5
sud-américain,sydameRik5
sud-coréen,sydkoRe5
sud-est,sydEst
sud-ouest,sydwEst
sud-sud-est,sydsydEst
sud-vietnamien,sydvjEtnamj5
sudation,sydasj§
sudiste,sydist
sudoripare,sydoRipaR
sudète,sydEt
suer,s8e
suerte,swERte
sueur,s89R
sufficit,syfisit
suffire,syfiR
suffisamment,syfizam@
suffisance,syfiz@s
suffisant,syfiz@
suffocant,syfok@
suffocation,syfokasj§
suffoquer,syfoke
suffrage,syfRaZ
suffragette,syfRaZEt
suffète,syfEt
suggestibilité,sygZEstibilite
suggestif,sygZEstif
suggestion,sygZEstj§
suggestionner,sygZEstjone
suggestivité,sygZEstivite
suggérer,sygZeRe
sui,s8i
sui generis,Es8iZ°n°Ri
suicidaire,s8isidER
suicidant,s8isid@
suicide,s8isid
suicider,s8iside
suicidé,s8iside
suie,s8i
suif,s8if
suifer,s8ife
suiffard,s8ifaR
suiffeux,s8if2
suint,s85
suintant,s85t@
suintement,s85t°m@
suinter,s85te
suisse,s8is
suite,s8it
suitée,s8ite
suiv,s8iv
suivant,s8iv@
suiveur,s8iv9R
suivez-moi-jeune-homme,s8ivemwaZ9nOm
suivi,s8ivi
suivre,s8ivR
sujet,syZE
sujette,syZEt
sujétion,syZesj§
sulfamide,sylfamid
sulfate,sylfat
sulfater,sylfate
sulfaté,sylfate
sulfhydrique,sylfidRik
sulfite,sylfit
sulfonate,sylfOnat
sulfonique,sylfOnik
sulfure,sylfyR
sulfureux,sylfyR2
sulfurique,sylfyRik
sulfurisé,sylfyRize
sulfuré,sylfyRe
sulky,sylki
sulpicien,sylpisj5
sultan,sylt@
sultanat,syltana
sultane,syltan
sumac,symak
summum,s9mOm
sumo,symo
sumérien,symeRj5
sunlight,s9nlajt
sunna,syna
super,sypER
super-espion,sypEREspj§
super-pilote,sypERpilOt
superbe,sypERb
superbement,sypERb°m@
supercalculateur,sypERkalkylat9R
supercarburant,sypERkaRbyR@
superchampion,sypERS@pj§
supercherie,sypERS°Ri
superfamille,sypERfamij
superficialité,sypERfisjalite
superficie,sypERfisi
superficiel,sypERfisjEl
superficiellement,sypERfisjEl°m@
superfin,sypERf5
superflu,sypERfly
superfluité,sypERfl8ite
superfétatoire,sypERfetatwaR
supergrand,sypERgR@
superintendant,sypER5t@d@
superintendante,sypER5t@d@t
superlatif,sypERlatif
superlativement,sypERlativ°m@
superman,sypERman
supermarché,sypERmaRSe
supernova,sypERnova
superordinateur,sypERORdinat9R
superposable,sypERpozabl
superposer,sypERpoze
superposition,sypERpozisj§
superposé,sypERpoze
superproduction,sypERpRodyksj§
superpuissance,sypERp8is@s
superpuissant,sypERp8is@
supersonique,sypERsonik
superstar,sypERstaR
superstitieusement,sypERstisj2z°m@
superstitieux,sypERstisj2
superstition,sypERstisj§
superstructure,sypERstRyktyR
supertanker,sypERt@kER
superviser,sypERvize
superviseur,sypERviz9R
supervision,sypERvizj§
supin,syp5
supination,sypinasj§
supplanter,sypl@te
suppliant,syplij@
supplication,syplikasj§
supplice,syplis
suppliciant,syplisj@
supplicier,syplisje
supplicié,syplisje
supplier,syplije
supplique,syplik
suppléance,syple@s
suppléant,syple@
suppléer,syplee
supplément,syplem@
supplémentaire,syplem@tER
supplémenter,syplem@te
support,sypOR
supportable,sypORtabl
supporter,sypoRt9R
supporter,sypoRte
supporteur,sypORt9R
supposable,sypozabl
supposer,sypoze
supposition,sypozisj§
suppositoire,sypozitwaR
supposé,sypoze
supposément,sypozem@
suppresseur,sypREs9R
suppression,sypResj§
supprimer,sypRime
suppurant,sypyR@
suppuration,sypyRasj§
suppurer,sypyRe
supputation,sypytasj§
supputer,sypyte
suppôt,sypo
supra,sypRa
supra-humain,sypRaym5
supraconducteur,sypRak§dykt9R
supraconductivité,sypRak§dyktivite
supranational,sypRanasjonal
supranaturel,sypRanatyREl
supraterrestre,sypRatEREstR
suprématie,sypRemasi
suprême,sypREm
suprêmement,sypREm°m@
supérette,sypeREt
supérieur,sypeRj9R
supérieurement,sypeRj9R°m@
supériorité,sypeRjoRite
sur,syR
sur-le-champ,syRl°S@
sur-mesure,syRm°zyR
sur-place,syRplas
surabondamment,syRab§dam@
surabondance,syRab§d@s
surabondant,syRab§d@
suractiver,syRaktive
suractivité,syRaktivite
suractivé,syRaktive
suradaptation,syRadaptasj§
suradapté,syRadapte
surah,syRa
suraigu,syRegy
surajouter,syRaZute
suralimentation,syRalim@tasj§
suralimenter,syRalim@te
suranné,syRane
surard,syRaR
surarmement,syRaRm2m@
surbaissé,syRbEse
surbooké,syRbuke
surboum,syRbum
surbrillance,syRbRij@s
surbrodé,syRbROde
surcapacité,syRkapasite
surcharge,syRSaRZ
surcharger,syRSaRZe
surchauffe,syRSof
surchauffer,syRSofe
surchoix,syRSwa
surclasser,syRklase
surcompensation,syRk§p@sasj§
surcompenser,syRk§p@se
surconsommation,syRk§sOmasj§
surcontre,syRk§tR
surcot,syRko
surcoût,syRku
surcroît,syRkRwa
surdimensionné,syRdijm@sjone
surdité,syRdite
surdosage,syRdozaZ
surdose,syRdoz
surdoué,syRdwe
surdévelopper,syRdev°lOpe
surdéveloppé,syRdev°lOpe
sureau,syRo
sureffectif,syRefEktif
suremploi,syR@plwa
surenchère,syR@SER
surenchérir,syR@SeRiR
surentraînement,syR@tREn°m@
surentraîné,syR@tREne
surestimation,syREstimasj§
surestimer,syREstime
suret,syRE
surexcitation,syREksitasj§
surexciter,syREksite
surexposition,syREkspozisj§
surf,s9Rf
surface,syRfas
surfacer,syRfase
surfactant,syRfakt@
surfacturation,syRfaktyRasj§
surfacturer,syRfaktyRe
surfaire,syRfER
surfait,syRfE
surfaçage,syRfasaZ
surfer,s9Rfe
surfeur,s9Rf9R
surfilage,syRfilaZ
surfin,syRf5
surgeler,syRZ°le
surgelé,syRZ°le
surgeon,syRZ§
surgir,syRZiR
surgissement,syRZis°m@
surgé,syRZe
surgénérateur,syRZeneRat9R
surhomme,syROm
surhumain,syRym5
surhumanité,syRymanite
suri,syRi
suricate,syRikat
surimi,syRimi
surimpression,syR5pResj§
surin,syR5
suriner,syRine
surinformation,syR5fORmasj§
surintendance,syR5t@d@s
surintendant,syR5t@d@
surintensité,syR5t@site
surinvestissement,syR5vEstis°m@
surir,syRiR
surjet,syRZE
surlendemain,syRl@d°m5
surligner,syRliNe
surligneur,syRliN9R
surmenage,syRm°naZ
surmenant,syRm°n@
surmener,syRm°ne
surmené,syRm°ne
surmoi,syRmwa
surmonter,syRm§te
surmulot,syRmylo
surmâle,syRmal
surmédicalisation,syRmedikalizasj§
surnageant,syRnaZ@
surnager,syRnaZe
surnaturel,syRnatyREl
surnom,syRn§
surnombre,syRn§bR
surnommer,syRnome
surnommé,syRnome
surnuméraire,syRnymeRER
suroxygéner,syROksiZene
suroxygéné,syROksiZene
suroît,syRwa
surpasser,syRpase
surpatte,syRpat
surpeuplement,syRp9pl°m@
surpeupler,syRp9ple
surpeuplé,syRp9ple
surplace,syRplas
surplis,syRpli
surplomb,syRpl§
surplombant,syRpl§b@
surplomber,syRpl§be
surplus,syRply
surpoids,syRpwa
surpopulation,syRpopylasj§
surprenant,syRpR°n@
surprendre,syRpR@dR
surpresseur,syRpRes9R
surpression,syRpREsj§
surprime,syRpRim
surpris,syRpRi
surprise,syRpRiz
surprise-partie,syRpRizpaRti
surprise-party,syRpRizpaRti
surproduction,syRpRodyksj§
surprotecteur,syRpRotEkt9R
surprotéger,syRpROteZe
surpuissance,syRp8is@s
surpuissant,syRp8is@
surqualifié,syRkalifje
surréalisme,syRRealizm
surréaliste,syRRealist
surréalité,syRRealite
surréel,syRReEl
surrégime,syRReZim
surrénal,syRRenal
surrénalien,syRRenalj5
surréservation,syRezERvasj§
sursaut,syRso
sursauter,syRsote
surseoir,syRswaR
sursis,syRsi
sursitaire,syRsitER
sursum corda,syRsOmkORda
surtaxe,syRtaks
surtaxer,syRtakse
surtendu,syRt@dy
surtension,syRt@sj§
surtout,syRtu
surveillance,syRvEj@s
surveillant,syRvEj@
surveiller,syRveje
survenir,syRv°niR
survenue,syRv°ny
survie,syRvi
survitesse,syRvitEs
survivaliste,syRvivalist
survivance,syRviv@s
survivant,syRviv@
survivre,syRvivR
survol,syRvOl
survoler,syRvole
survoltage,syRvOltaZ
survolteur,syRvOlt9R
survolté,syRvOlte
survêt,syRvE
survêtement,syRvEt°m@
surélever,syRel°ve
surélévation,syRelevasj§
surévaluation,syReval8asj§
sus,sys
sus-orbitaire,sysORbitER
susceptibilité,sysEptibilite
susceptible,sysEptibl
susciter,sysite
suscription,syskRipsj§
susdit,sysdi
sushi,suSi
susmentionné,sysm@sjone
susnommé,sysnome
suspect,syspE
suspecter,syspEkte
suspendre,sysp@dR
suspendu,sysp@dy
suspens,sysp@
suspense,syspEns
suspenseur,sysp@s9R
suspensif,sysp@sif
suspension,sysp@sj§
suspensoir,sysp@swaR
suspente,sysp@t
suspicieusement,syspisj2z°m@
suspicieux,syspisj2
suspicion,syspisj§
sustentation,syst@tasj§
sustenter,syst@te
susu,sysy
susucre,sysykR
susurrement,sysyR°m@
susurrer,sysyRe
sutra,sutRa
suture,sytyR
suturer,sytyRe
sutémi,sutemi
suzerain,syzR5
suzeraineté,syzREn°te
suçage,sysaZ
suçoir,syswaR
suçon,sys§
suçoter,sysote
suède,s8Ed
suédine,s8edin
suédois,s8edwa
suée,s8e
svastika,svastika
svelte,svElt
sveltesse,svEltEs
svp,Esvepe
swahili,swaili
sweat-shirt,switS9Rt
sweater,swit9R
sweepstake,swipstEjk
swing,swiG
sybaritisme,sibaRitizm
sycomore,sikomOR
sycophante,sikof@t
syllabe,silab
syllabus,silabys
syllepse,silEps
syllogisme,siloZizm
syllogistique,siloZistik
sylphide,silfid
sylvain,silv5
sylvaner,silvanER
sylve,silv
sylvestre,silvEstR
sylviculture,silvikyltyR
sylvie,silvi
symbionte,s5bj§t
symbiose,s5bjoz
symbiote,s5bjOt
symbiotique,s5bjotik
symbole,s5bOl
symbolique,s5bolik
symboliquement,s5bolik°m@
symbolisant,s5boliz@
symbolisation,s5bolizasj§
symboliser,s5bolize
symbolisme,s5bolizm
symboliste,s5bolist
sympa,s5pa
sympathectomie,s5patEktomi
sympathie,s5pati
sympathique,s5patik
sympathisant,s5patiz@
sympathiser,s5patize
sympathomimétique,s5patomimetik
symphonie,s5foni
symphonique,s5fonik
symphyse,s5fiz
symposium,s5pozjOm
symptomatique,s5ptomatik
symptomatologie,s5ptOmatOlOZi
symptôme,s5ptom
symétrie,simetRi
symétrique,simetRik
symétriquement,simetRik°m@
synagogue,sinagOg
synapse,sinaps
synaptique,sinaptik
synchro,s5kRo
synchrone,s5kRon
synchronie,s5kRoni
synchronique,s5kRonik
synchronisation,s5kRonizasj§
synchroniser,s5kRonize
synchroniseur,s5kROniz9R
synchronisme,s5kRonizm
synchrotron,s5kRotR§
syncopal,s5kopal
syncope,s5kOp
syncoper,s5kOpe
syncopé,s5kope
syncrétisme,s5kRetizm
syncrétiste,s5kRetist
syncytial,s5sitjal
syndic,s5dik
syndical,s5dikal
syndicalisation,s5dikalizasj§
syndicaliser,s5dikalize
syndicalisme,s5dikalizm
syndicaliste,s5dikalist
syndicat,s5dika
syndication,s5dikasj§
syndiquer,s5dike
syndiqué,s5dike
syndrome,s5dRom
synecdoque,sinEkdOk
synergie,sinERZi
synergique,sinERZik
synergétique,sinERZetik
synesthésie,sinEstezi
synode,sinOd
synonyme,sinonim
synopsie,sinOpsi
synopsis,sinOpsis
synoptique,sinOptik
synovite,sinOvit
syntagme,s5tagm
syntaxe,s5taks
syntaxique,s5taksik
synthèse,s5tEz
synthé,s5te
synthétique,s5tetik
synthétiquement,s5tetik°m@
synthétiser,s5tetize
synthétiseur,s5tetiz9R
syphilis,sifilis
syphilitique,sifilitik
syrah,siRa
syriaque,siRjak
syrien,siRj5
syringomyélie,siR5gOmjeli
syrinx,siR5ks
syro,siRo
systole,sistOl
systolique,sistolik
système,sistEm
systématique,sistematik
systématiquement,sistematik°m@
systématisation,sistematizasj§
systématiser,sistematize
systématisé,sistematize
systémique,sistemik
syzygie,siziZi
syénite,sjenit
sèche-cheveux,sESS°v2
sèche-linge,sESl5Z
sèche-mains,sESm5
sèchement,sES°m@
sème,sEm
sève,sEv
sèvres,sEvR
séance,se@s
séant,se@
sébacé,sebase
sébaste,sebast
sébile,sebil
séborrhée,seboRe
séborrhéique,sebOReik
sébum,sebOm
sécateur,sekat9R
sécession,sesesj§
sécessionniste,sesesjOnist
séchage,seSaZ
séchard,seSaR
sécher,seSe
sécheresse,seS°REs
sécherie,seS°Ri
séchoir,seSwaR
sécolle,sekOl
sécot,seko
sécréter,sekRete
sécréteur,sekRet9R
sécrétine,sekRetin
sécrétion,sekResj§
sécu,seky
séculaire,sekylER
séculairement,sekylER°m@
séculariser,sekylaRize
séculier,sekylje
sécurisant,sekyRiz@
sécurisation,sekyRizasj§
sécuriser,sekyRize
sécurit,sekyRi
sécuritaire,sekyRitER
sécurité,sekyRite
sédatif,sedatif
sédation,sedasj§
sédentaire,sed@tER
sédentarisation,sed@taRizasj§
sédentariser,sed@taRize
sédentarisme,sed@taRizm
sédentarité,sed@taRite
sédiment,sedim@
sédimentaire,sedim@tER
sédimentation,sedim@tasj§
séditieux,sedisj2
sédition,sedisj§
séducteur,sedykt9R
séduction,sedyksj§
séduire,sed8iR
séduisant,sed8iz@
séduit,sed8i
séfarade,sefaRad
ségrégation,segRegasj§
ségrégationniste,segRegasjOnist
séguedille,seg°dij
séide,seid
séisme,seizm
séjour,seZuR
séjourner,seZuRne
sélect,selEkt
sélecteur,selEkt9R
sélectif,selEktif
sélection,selEksj§
sélectionner,selEksjone
sélectionneur,selEksjon9R
sélectionneuse,selEksjOn2z
sélectionné,selEksjone
sélectivement,selEktiv°m@
sélectivité,selEktivite
sélénite,selenit
sélénium,selenjOm
séléniure,selenjyR
sélénographie,selenogRafi
sémantique,sem@tik
sémaphore,semafOR
sémillant,semij@
sémillon,semij§
séminaire,seminER
séminal,seminal
séminariste,seminaRist
séminole,seminOl
séminome,seminom
sémiologie,semjoloZi
sémiologue,semjolOg
sémiotique,semjotik
sémite,semit
sémitique,semitik
sénat,sena
sénateur,senat9R
sénatorial,senatoRjal
sénatus-consulte,senatysk§sylt
sénescence,senes@s
sénevé,sEn°ve
sénile,senil
sénilement,senil°m@
sénilité,senilite
séné,sene
sénéchal,seneSal
sénégalais,senegalE
séoudite,seudit
sépale,sepal
séparable,sepaRabl
séparateur,sepaRat9R
séparation,sepaRasj§
séparatiste,sepaRatist
séparer,sepaRe
séparé,sepaRe
séparément,sepaRem@
sépharade,sefaRad
sépia,sepja
sépulcral,sepylkRal
sépulcre,sepylkR
sépulture,sepyltyR
séquelle,sekEl
séquence,sek@s
séquencer,sek@se
séquenceur,sek@s9R
séquentiel,sek@sjEl
séquentiellement,sek@sjEl°m@
séquençage,sek@saZ
séquestration,sekEstRasj§
séquestre,sekEstR
séquestrer,sekEstRe
séquoia,sekoja
sérac,seRak
sérail,seRaj
séraphin,seRaf5
séraphique,seRafik
séreux,seR2
sérial,seRjal
série,seRi
sériel,seRjEl
sérier,seRje
sérieusement,seRj2z°m@
sérieux,seRj2
sérique,seRik
sérologie,seRoloZi
séronégatif,seRonegatif
séropo,seRopo
séropositif,seRopozitif
séropositive,seRopozitiv
séropositivité,seRopozitivite
sérosité,seRozite
sérotonine,seRotonin
sérum,seROm
sérénade,seRenad
sérénissime,seRenisim
sérénité,seRenite
sésame,sezam
séton,set§
sévices,sevis
sévillan,sevil@
sévir,seviR
sévrienne,sevRijEn
sévère,sevER
sévèrement,sevER°m@
sévérité,seveRite
sézigue,sezig
sûr,syR
sûrement,syR°m@
sûreté,syR°te
t,t
t',t
t-shirt,tiS9Rt
ta,ta
tab,tab
tabac,taba
tabagie,tabaZi
tabagisme,tabaZizm
tabard,tabaR
tabaski,tabaski
tabassage,tabasaZ
tabasser,tabase
tabassée,tabase
tabatière,tabatjER
tabellion,tabelj§
tabernacle,tabERnakl
tabla,tabla
tablature,tablatyR
table,tabl
table-bureau,tabl°byRo
table-coiffeuse,tablkwaf2z
tableau,tablo
tableautin,tablot5
tabler,table
tablette,tablEt
tabletterie,tablEt°Ri
tableur,tabl9R
tablier,tablije
tabloïd,tablOid
tabloïde,tabloid
tablée,table
tabor,tabOR
tabou,tabu
taboulé,tabule
tabouret,tabuRE
tabulaire,tabylER
tabulateur,tabylat9R
tabès,tabEs
tac,tak
tacatac,takatak
tacatacatac,takatakatak
tache,taS
tacher,taSe
tacheter,taS°te
tachiste,taSist
tachyarythmie,takiaRitmi
tachycardie,takikaRdi
tachymètre,takimEtR
tachyon,takj§
tachéomètre,takeomEtR
tacite,tasit
tacitement,tasit°m@
taciturne,tasityRn
taciturnité,tasityRnite
tacle,takl
tacler,takle
taco,tako
tacon,tak§
taconnet,takOnE
tacot,tako
tact,takt
tacticien,taktisj5
tactile,taktil
tactilement,taktil°m@
tactique,taktik
tactiquement,taktik°m@
tadjik,tadZik
tadorne,tadORn
taenia,tenja
taf,taf
tafanard,tafanaR
taffe,taf
taffetas,taf°ta
tafia,tafja
tag,tag
tagada,tagada
tagalog,tagalOg
tagger,tage
tagliatelle,tagliatEl
taguer,tage
tagueur,tag9R
tahitien,taisj5
tai-chi,tajtSi
taie,tE
taillable,tajabl
taillade,tajad
taillader,tajade
taillandier,taj@dje
taille,taj
taille-crayon,tajkREj§
taille-douce,tajdus
taille-haie,tajE
tailler,taje
tailleur,taj9R
tailleur-pantalon,taj9Rp@tal§
tailleuse,taj2z
taillis,taji
tailloir,tajwaR
taillé,taje
tain,t5
taire,tER
taiseux,tEz2
tajine,taZin
take-off,tEkOf
tala,tala
talavera de la reina,talav°Rad°laREna
talbin,talb5
talc,talk
talent,tal@
talentueusement,tal@t82z°m@
talentueux,tal@t82
taler,tale
taleth,talEt
taliban,talib@
talion,talj§
talisman,talisman
talkie,tOlki
talkie-walkie,tOlkiwOlki
talle,tal
taller,tale
tallipot,talipo
talmouse,talmuz
talmudique,talmydik
talmudiste,talmydist
taloche,talOS
talocher,taloSe
talon,tal§
talonner,talone
talonnette,talonEt
talonneur,talon9R
talquer,talke
talus,taly
tam-tam,tamtam
tamagotchi,tamagotSi
tamanoir,tamanwaR
tamarin,tamaR5
tamarinier,tamaRinje
tamaris,tamaRis
tambouille,t@buj
tambour,t@buR
tambour-major,t@buRmaZOR
tambourin,t@buR5
tambourinade,t@buRinad
tambourinaire,t@buRinER
tambourinement,t@buRin°m@
tambouriner,t@buRine
tambourineur,t@buRin9R
tamia,tamja
tamis,tami
tamisage,tamizaZ
tamise,tamiz
tamiser,tamize
tamiseur,tamiz9R
tamisé,tamize
tamoul,tamul
tamouré,tamuRe
tampax,t@paks
tampon,t@p§
tampon-buvard,t@p§byvaR
tamponnade,t@pOnad
tamponnage,t@ponaZ
tamponnement,t@pOn°m@
tamponner,t@pone
tamponneur,t@pon9R
tamponnoir,t@ponwaR
tamtam,tamtam
tan,t@
tan-sad,t@sad
tanaisie,tanEzi
tancer,t@se
tanche,t@S
tandem,t@dEm
tandis qu,t@dik
tandis que,t@dik2
tandoori,t@doRi
tangage,t@gaZ
tangara,t@gaRa
tangence,t@Z@s
tangent,t@Z@
tangente,t@Z@t
tangentiel,t@Z@sjEl
tangerine,t@n°Z2Rajn
tangibilité,t@Zibilite
tangible,t@Zibl
tango,t@go
tangon,t@g§
tangue,t@g
tanguer,t@ge
tangérois,t@ZeRwa
tanin,tan5
tanière,tanjER
tank,t@k
tanka,t@ka
tanker,t@k9R
tankiste,t@kist
tannage,tanaZ
tannant,tan@
tanne,tan
tanner,tane
tannerie,tan°Ri
tanneur,tan9R
tannin,tan5
tanné,tane
tannée,tane
tanrec,t@REk
tansad,t@sad
tant,t@
tante,t@t
tantine,t@tin
tantinet,t@tinE
tantouse,t@tuz
tantouze,t@tuz
tantra,t@tRa
tantrique,t@tRik
tantrisme,t@tRizm
tantôt,t@to
tao,tao
taon,t@
taoïsme,taoizm
taoïste,taoist
tap,tap
tapage,tapaZ
tapageur,tapaZ9R
tapant,tap@
tape,tap
tape-cul,tapky
tape-à-l'oeil,tapal9j
tapecul,tapky
tapement,tap°m@
tapenade,tap°nad
taper,tape
tapette,tapEt
tapeur,tap9R
tapi,tapi
tapin,tap5
tapinage,tapinaZ
tapiner,tapine
tapioca,tapjoka
tapir,tapiR
tapis,tapi
tapis-brosse,tapibROs
tapisser,tapise
tapisserie,tapis°Ri
tapissier,tapisje
tapotement,tapOt°m@
tapoter,tapote
tapotis,tapoti
tapé,tape
tapée,tape
taquet,takE
taquin,tak5
taquiner,takine
taquinerie,takin°Ri
taquoir,takwaR
tarabiscot,taRabisko
tarabiscoté,taRabiskote
tarabuster,taRabyste
tarama,taRama
tarare,taRaR
taratata,taRatata
taraud,taRo
taraudant,taRod@
tarauder,taRode
tarbais,taRbE
tarbouche,taRbuS
tarbouif,taRbuif
tard,taR
tard-venu,taRv°ny
tarder,taRde
tarderie,taRd°Ri
tardif,taRdif
tardigrade,taRdigRad
tardillon,taRdij§
tardivement,taRdiv°m@
tare,taR
tarentelle,taR@tEl
tarentule,taR@tyl
taret,taRE
targe,taRZ
targette,taRZEt
targuer,taRge
targui,taRgi
tari,taRi
taride,taRid
tarif,taRif
tarification,taRifikasj§
tarin,taR5
tarir,taRiR
tarissement,taRis°m@
tarière,taRjER
tarlatane,taRlatan
tarmac,taRmak
taro,taRo
tarot,taRo
tarpan,taRp@
tarpon,taRp§
tarpé,taRpe
tarpéienne,taRpejEn
tarse,taRs
tarsier,taRsje
tartan,taRt@
tartare,taRtaR
tartarin,taRtaR5
tarte,taRt
tarte-minute,taRtminyt
tartelette,taRt°lEt
tartempion,taRt@pj§
tartignolle,taRtiNOl
tartine,taRtin
tartiner,taRtine
tartir,taRtiR
tartiss,taRtis
tartouille,taRtuj
tartre,taRtR
tartufe,taRtyf
tartuferie,taRtyf°Ri
tartufferie,taRtyf°Ri
tarzan,taRz@
taré,taRe
tas,ta
tasmanien,tasmanj5
tasse,tas
tasseau,taso
tassement,tas°m@
tasser,tase
tassili,tasili
tassé,tase
taste-vin,tajst°v5
tata,tata
tatami,tatami
tatane,tatan
tatar,tataR
tatillon,tatij§
tatillonner,tatijone
tatin,tat5
tatou,tatu
tatouage,tatwaZ
tatouer,tatwe
tatoueur,tatw9R
tatoué,tatwe
tau,to
taube,tob
taudis,todi
taulard,tolaR
taule,tol
taulier,tolje
taupe,top
taupicide,topisid
taupin,top5
taupinière,topinjER
taupé,tope
taure,toR
taureau,toRo
taurillon,toRij§
taurin,toR5
taurobole,toRobOl
tauromachie,toRomaSi
tauromachique,toRomaSik
tautologie,totoloZi
taux,to
tavel,tavEl
tavelé,tav°le
taverne,tavERn
tavernier,tavERnje
taxation,taksasj§
taxaudier,taksodje
taxe,taks
taxer,takse
taxi,taksi
taxi-auto,taksiOto
taxi-brousse,taksibRus
taxi-girl,taksig9Rl
taxidermie,taksidERmi
taxidermiste,taksidERmist
taximan,taksiman
taximètre,taksimEtR
taxinomie,taksinomi
taxinomique,taksinomik
taxinomiste,taksinOmist
taxiphone,taksifOn
taxonomie,taksonomi
taxonomique,taksOnOmik
taxé,takse
taylorisme,tEloRizm
taï chi,tajSi
taïaut,tajo
taïga,tajga
tchador,tSadOR
tchao,tSao
tchatche,tSatS
tchatcher,tSatSe
tcherkesse,tSERkEs
tchernoziom,tSERnozj§
tchetnik,tSEtnik
tchin tchin,tSintSin
tchin-tchin,tSintSin
tchèque,tSEk
tchécoslovaque,tSekOslovak
tchékiste,tSekist
tchétchène,tSetSEn
te,t°
te deum,tedeum
tea-room,tiRum
team,tim
teaser,tiz9R
tec,tEk
technicien,tEknisj5
technicité,tEknisite
technico-commerciaux,tEknikokomERsjo
technicolor,tEknikolOR
technique,tEknik
techniquement,tEknik°m@
techno,tEkno
technocrate,tEknokRat
technocratique,tEknokRatik
technocratisme,tEknokRatizm
technologie,tEknoloZi
technologique,tEknoloZik
technologiquement,tEknoloZik°m@
technétium,tEknesjOm
teck,tEk
teckel,tekEl
tectonique,tEktonik
tee,ti
tee-shirt,tiS9Rt
teenager,tinedz9R
tefillin,tefj5
teigne,tEN
teigneux,tEN2
teindre,t5dR
teint,t5
teinte,t5t
teinter,t5te
teinture,t5tyR
teinturerie,t5tyR°Ri
teinturier,t5tyRje
tek,tEk
tel,tEl
tell,tEl
telle,tEl
tellement,tEl°m@
telles,tEl
tellure,tElyR
tellurique,tElyRik
tels,tEl
telson,tEls§
tem,tEm
tempe,t@p
tempera,t@peRa
temple,t@pl
templier,t@plije
tempo,tEmpo
temporaire,t@poRER
temporairement,t@poRER°m@
temporal,t@poRal
temporalité,t@poRalite
temporel,t@poREl
temporellement,t@poREl°m@
temporisateur,t@poRizat9R
temporisation,t@poRizasj§
temporiser,t@poRize
temps,t@
tempura,t@pyRa
tempérament,t@peRam@
tempérance,t@peR@s
température,t@peRatyR
tempérer,t@peRe
tempéré,t@peRe
tempétueux,t@pet82
tempête,t@pEt
tempêter,t@pete
tenable,t°nabl
tenace,t°nas
tenacement,t°nas°m@
tenaille,t°naj
tenailler,t°naje
tenancier,t°n@sje
tenant,t°n@
tendance,t@d@s
tendancieusement,t@d@sj2z°m@
tendancieux,t@d@sj2
tendelet,t@d°lE
tender,t@d9R
tendeur,t@d9R
tendinite,t@dinit
tendon,t@d§
tendre,t@dR
tendrement,t@dR°m@
tendresse,t@dREs
tendreté,t@dR°te
tendron,t@dR§
tendu,t@dy
teneur,t°n9R
tenir,t°niR
tennis,tenis
tennis-ballon,tenisbal§
tennis-club,teniskl9b
tennisman,tenisman
tenon,t°n§
tenseur,t@s9R
tensiomètre,t@sjomEtR
tension,t@sj§
tentaculaire,t@takylER
tentacule,t@takyl
tentant,t@t@
tentateur,t@tat9R
tentation,t@tasj§
tentative,t@tativ
tente,t@t
tenter,t@te
tentiaire,t@sjER
tenture,t@tyR
tenté,t@te
tenu,t°ny
tenue,t°ny
tenure,t2nyR
tepidarium,tepidaRjOm
tequila,tekila
ter,tER
tercer,tERse
tercio,tERsjo
tergal,tERgal
tergiversation,tERZivERsasj§
tergiverser,tERZivERse
terme,tERm
terminaison,tERminEz§
terminal,tERminal
terminateur,tERminat9R
terminer,tERmine
terminologie,tERminoloZi
terminologique,tERminoloZik
terminus,tERminys
termite,tERmit
termitière,tERmitjER
ternaire,tERnER
terne,tERn
terni,tERni
ternir,tERniR
terra incognita,tERainkOgnita
terrage,tERaZ
terrain,tER5
terramycine,tERamisin
terraplane,tERaplan
terrarium,tERaRjOm
terrasse,tERas
terrassement,tERas°m@
terrasser,tERase
terrassier,tERasje
terrasson,tERas§
terre,tER
terre-neuvas,tERn9va
terre-neuve,tERn9v
terre-neuvien,tERn9vj5
terre-plein,tERpl5
terre-à-terre,tERatER
terreau,tERo
terrer,tERe
terrestre,tEREstR
terreur,tER9R
terreux,tER2
terri,tERi
terrible,tERibl
terriblement,tERibl°m@
terrien,tERj5
terrier,tERje
terrifiant,tERifj@
terrifier,tERifje
terrifique,teRifik
terrifié,tERifje
terril,tERi
terrine,tERin
territoire,tERitwaR
territorial,tERitoRjal
territorialement,tERitoRjal°m@
territorialité,teRitORjalite
terroir,tERwaR
terrorisant,tERoRiz@
terroriser,tERoRize
terrorisme,tERoRizm
terroriste,tERoRist
terrorisé,tERoRize
tertiaire,tERsjER
tertio,tERsjo
tertre,tERtR
tes,te
tesla,tEsla
tessiture,tesityR
tesson,tes§
test,tEst
test-match,tEstmatS
testament,tEstam@
testamentaire,tEstam@tER
teste,tEst
tester,tEste
testeur,tEst9R
testiculaire,tEstikylER
testicule,tEstikyl
testostérone,tEstosteROn
testu,tEsty
tette,tEt
teuf-teuf,t9ft9f
teuton,t2t§
teutonique,t2tonik
teutonne,t2tOn
tex,tEks
texan,tEks@
texte,tEkst
textile,tEkstil
texto,tEksto
textologie,tEkstOlOZi
textuel,tEkst8El
textuellement,tEkst8El°m@
texture,tEkstyR
thalamique,talamik
thalamus,talamys
thalasso,talaso
thalassothérapie,talasoteRapi
thalassémie,talasemi
thaler,talER
thalidomide,talidomid
thallium,taljOm
thalweg,talvEg
thanatologie,tanatoloZi
thanatologique,tanatoloZik
thanatopraxie,tanatopRaksi
thanatos,tanatOs
thanksgiving,t@ksgiviG
thaumaturge,tomatyRZ
thaumaturgie,tomatyRZi
thaï,taj
thaïlandais,tajl@dE
thermal,tERmal
thermes,tERm
thermidor,tERmidOR
thermique,tERmik
thermite,tERmit
thermo,tERmo
thermodynamique,tERmodinamik
thermoformage,tERmofORmaZ
thermographe,tERmogRaf
thermographie,tERmogRafi
thermogène,tERmoZEn
thermoluminescence,tERmolyminEs@s
thermomètre,tERmomEtR
thermonucléaire,tERmonykleER
thermorégulateur,tERmoRegylat9R
thermos,tERmos
thermosensible,tERmos@sibl
thermostat,tERmosta
thesaurus,tesORys
thessalien,tEsalj5
thiamine,tjamin
thibaude,tibod
thomas,toma
thomisme,tomizm
thomiste,tomist
thon,t§
thonier,tonje
thoracentèse,tORas5tEz
thoracique,toRasik
thoracotomie,tORakOtOmi
thorax,toRaks
thorine,tORin
thoron,tOR§
thrace,tRas
thrill,tRil
thriller,tRil9R
thrombolyse,tR§bOliz
thrombolytique,tR§bOlitik
thrombose,tR§boz
thrombosé,tR§boze
thrombotique,tR§bOtik
thrène,tREn
thug,tyg
thune,tyn
thuriféraire,tyRifeRER
thuya,tyja
thym,t5
thymectomie,timEktOmi
thymine,timin
thymus,timys
thyroxine,tiROksin
thyroïde,tiRoid
thyroïdectomie,tiROidEktOmi
thyroïdien,tiRoidj5
thyréotoxicose,tiReotOksikoz
thème,tEm
thèse,tEz
thé,te
thébaïde,tebaid
thébaïne,tebain
théier,teje
théine,tein
théiste,teist
théière,tejER
thématique,tematik
thématiquement,tematik°m@
théo,teo
théocratique,teokRatik
théodolite,teOdOlit
théologie,teoloZi
théologien,teoloZj5
théologique,teoloZik
théologiquement,teOlOZik°m@
théophylline,teOfilin
théorbe,teORb
théoricien,teoRisj5
théorie,teoRi
théorique,teoRik
théoriquement,teoRik°m@
théoriser,teoRize
théorème,teoREm
théosophie,teozofi
théosophique,teozofik
thérapeute,teRap2t
thérapeutique,teRap2tik
thérapie,teRapi
thésard,tezaR
thésauriser,tezoRize
thésaurus,tesORys
théâtral,teatRal
théâtralement,teatRal°m@
théâtralité,teatRalite
théâtre,teatR
théâtreux,teatR2
thêta,tEta
tiama,tjama
tian,tij@
tiare,tjaR
tiaré,tjaRe
tibia,tibja
tibial,tibjal
tibétain,tibet5
tic,tik
tic-tac,tiktak
ticheurte,tiS9Rt
ticket,tikE
tictaquer,tiktake
tie-break,tajbREk
tien,tj5
tienne,tjEn
tiennes,tjEn
tiens,tj5
tiens-la-moi,tj5lamwa
tiercefeuille,tjERs°f9j
tiercelet,tjERs°lE
tiercé,tjERse
tiers,tjER
tiers-monde,tjERm§d
tiers-mondisme,tjERm§dizm
tiers-mondiste,tjERm§dist
tiers-ordre,tjERORdR
tiers-point,tjERpw5
tiers-état,tjEReta
tif,tif
tige,tiZ
tignasse,tiNas
tigre,tigR
tigrure,tigRyR
tigré,tigRe
tiki,tiki
tilbury,tilbyRi
till,til
tillac,tijak
tille,tij
tiller,tije
tilleul,tij9l
tilt,tilt
timbale,t5bal
timbalier,t5balje
timbrage,t5bRaZ
timbre,t5bR
timbre-poste,t5bR°pOst
timbrer,t5bRe
timbré,t5bRe
time-sharing,tajmSERiG
timide,timid
timidement,timid°m@
timidité,timidite
timing,tajmiG
timon,tim§
timonerie,timOn°Ri
timonier,timonje
timoré,timoRe
tin,t5
tine,tin
tinette,tinEt
tintamarre,t5tamaR
tintamarresque,t5tamaREsk
tintement,t5t°m@
tinter,t5te
tintin,t5t5
tintinnabulant,t5tinabyl@
tintinnabulement,t5tinabyl°m@
tintinnabuler,t5tinabyle
tintouin,t5tw5
tinée,tine
tipi,tipi
tipper,tip9R
tipule,tipyl
tique,tik
tiquer,tike
tiqueté,tik°te
tir,tiR
tirade,tiRad
tirage,tiRaZ
tiraillement,tiRaj°m@
tirailler,tiRaje
tirailleur,tiRaj9R
tiraillé,tiRaje
tiramisu,tiRamizy
tirant,tiR@
tire,tiR
tire-au-cul,tiRoky
tire-au-flanc,tiRofl@
tire-botte,tiRbOt
tire-bouchon,tiRbuS§
tire-bouton,tiRbut§
tire-d'aile,tiRdEl
tire-fesse,tiRfEs
tire-jus,tiRZy
tire-laine,tiRlEn
tire-lait,tiRlE
tire-larigot,tiRlaRigo
tire-ligne,tiRliN
tire-lire,tiRliR
tirebouchonner,tiR°buSone
tirelire,tiR°liR
tirer,tiRe
tiret,tiRE
tirette,tiREt
tireur,tiR9R
tiroir,tiRwaR
tiroir-caisse,tiRwaRkEs
tiré,tiRe
tirée,tiRe
tisane,tizan
tisanière,tizanjER
tiser,tize
tison,tiz§
tisonner,tizone
tisonnier,tizonje
tisonné,tizone
tissage,tisaZ
tisser,tise
tisserand,tis°R@
tisseur,tis9R
tissu,tisy
tissu-éponge,tisyep§Z
tissulaire,tisylER
tissuterie,tisyt°Ri
tissutier,tisytje
tissé,tise
titan,tit@
titane,titan
titanesque,titanEsk
titanique,titanik
titi,titi
titillation,titijasj§
titillement,titij°m@
titiller,titije
titisme,titizm
titrage,titRaZ
titre,titR
titrer,titRe
titré,titRe
titubant,tityb@
titubation,titybasj§
titubement,tityb°m@
tituber,titybe
titulaire,titylER
titularisation,titylaRizasj§
titulariser,titylaRize
tiède,tjEd
tièdement,tjEd°m@
tiédasse,tjedas
tiédeur,tjed9R
tiédir,tjediR
to,to
toast,tost
toaster,toaste
toasteur,tost9R
toboggan,tobog@
toc,tOk
tocade,tokad
tocante,tok@t
tocard,tokaR
toccata,tokata
tocsin,tOks5
toffee,tOfi
tofu,tofy
toge,tOZ
togolais,togolE
tohu-bohu,toyboy
toi,twa
toi-même,twamEm
toile,twal
toilettage,twalEtaZ
toilette,twalEt
toiletter,twalEte
toiletteur,twalEt9R
toise,twaz
toiser,twaze
toison,twaz§
toit,twa
toiture,twatyR
tokamak,tOkamak
tokay,tokE
tokharien,tokaRj5
tolar,tolaR
tolet,tolE
tollé,tole
tolstoïen,tOlstoj5
toltèque,tOltEk
tolu,toly
toluidine,tOl8idin
toluène,tol8En
tolérable,toleRabl
tolérance,toleR@s
tolérant,toleR@
tolérer,toleRe
tom,tOm
tom-pouce,tOmpus
tom-tom,tOmtOm
tomahawk,tomaOk
toman,tOman
tomate,tomat
tombal,t§bal
tombant,t§b@
tombe,t§b
tombeau,t§bo
tomber,t§be
tombereau,t§b°Ro
tombeur,t§b9R
tombola,t§bola
tombé,t§be
tombée,t§be
tome,tOm
tomme,tOm
tommette,tomEt
tommies,tomi
tommy,tOmi
tomodensitomètre,tomod@sitOmEtR
tomodensitométrie,tomod@sitOmEtRi
tomographe,tomogRaf
tomographie,tomogRafi
ton,t§
tonal,tonal
tonalité,tonalite
tondeur,t§d9R
tondre,t§dR
tondu,t§dy
toner,tonER
tong,t§g
tonic,tonik
tonicardiaque,tonikaRdjak
tonicité,tonisite
tonie,toni
tonifiant,tonifj@
tonifier,tonifje
tonique,tonik
tonitruance,tonitRy@s
tonitruant,tonitRy@
tonitruer,tonitR8e
tonka,t§ka
tonkinois,t§kinwa
tonnage,tonaZ
tonnant,ton@
tonne,tOn
tonneau,tono
tonnelet,tOn°lE
tonnelier,ton°lje
tonnelle,tonEl
tonnellerie,tonEl°Ri
tonner,tone
tonnerre,tonER
tonsure,t§syR
tonte,t§t
tonton,t§t§
tonus,tonys
too much,tum9tS
top,tOp
top-modèle,tOpmodEl
topaze,topaz
tope,tOp
toper,tope
topette,topEt
tophus,tofys
topinambour,topin@buR
topique,topik
topless,toplEs
topo,topo
topographie,topogRafi
topographique,topogRafik
topographiquement,topogRafik°m@
topologie,topoloZi
topologique,topoloZik
toponymie,toponimi
toquade,tokad
toquante,tok@t
toquard,tokaR
toque,tOk
toquer,toke
toqué,toke
torana,tORana
torche,tORS
torche-cul,tORS°ky
torcher,tORSe
torchis,tORSi
torchon,tORS§
torchonner,tORSone
torchère,tORSER
tord-boyaux,tORbwajo
tord-nez,tORne
tordage,tORdaZ
tordant,tORd@
tordeur,tORd9R
tordion,tORdj§
tordre,tORdR
tordu,tORdy
tore,tOR
torera,tOReRa
torero,toReRo
torgnole,tORNOl
tories,toRi
toril,toRil
tornade,tORnad
toro,tORo
torpeur,tORp9R
torpide,tORpid
torpillage,tORpijaZ
torpille,tORpij
torpiller,tORpije
torpilleur,tORpij9R
torpillé,tORpije
torpédo,tORpedo
torque,tORk
torrent,toR@
torrentiel,toR@sjEl
torrentueux,toR@t82
torride,toRid
torréfaction,toRefaksj§
torréfié,toRefje
tors,tOR
torsade,tORsad
torse,tORs
torsion,tORsj§
tort,tOR
tortellini,tORtElini
torticolis,tORtikoli
tortil,tORtil
tortilla,tORtija
tortillard,tORtijaR
tortille,tORtij
tortillement,tORtij°m@
tortiller,tORtije
tortillon,tORtij§
tortionnaire,tORsjonER
tortore,tORtOR
tortorer,tORtoRe
tortu,tORty
tortue,tORty
tortueux,tORt82
torturant,tORtyR@
torture,tORtyR
torturer,tORtyRe
torturé,tORtyRe
torve,tORv
toréador,toReadOR
toréador-vedette,toReadORv°dEt
toréer,toRee
toscan,tOsk@
toss,tOs
total,total
totalement,total°m@
totalisant,totaliz@
totalisateur,totalizat9R
totalisation,totalizasj§
totaliser,totalize
totalitaire,totalitER
totalitarisme,totalitaRizm
totalité,totalite
totem,totEm
toto,toto
totoche,totOS
toton,tot§
totémique,totemik
totémisme,totemism
touareg,twaReg
toubab,tubab
toubib,tubib
toucan,tuk@
touchant,tuS@
touche,tuS
touche-pipi,tuSpipi
touche-touche,tuStuS
toucher,tuSe
touchette,tuSEt
touchotter,tuSOte
touché,tuSe
toue,tu
touer,twe
touffe,tuf
touffeur,tuf9R
touffu,tufy
touille,tuj
touiller,tuje
touillé,tuje
toujours,tuZuR
toulonnais,tulonE
toulousain,tuluz5
toundra,tundRa
toungouse,tuGuz
toupet,tupE
toupie,tupi
toupilleur,tupij9R
touque,tuk
tour,tuR
tourangeau,tuR@Zo
tourbe,tuRb
tourbeux,tuRb2
tourbillon,tuRbij§
tourbillonnaire,tuRbijonER
tourbillonnant,tuRbijon@
tourbillonnement,tuRbijOn°m@
tourbillonner,tuRbijone
tourbière,tuRbjER
tourelle,tuREl
touret,tuRE
tourillon,tuRij§
tourisme,tuRizm
touriste,tuRist
touristique,tuRistik
tourlourou,tuRluRu
tourlousine,tuRluzin
tourment,tuRm@
tourmentant,tuRm@t@
tourmente,tuRm@t
tourmenter,tuRm@te
tourmenteur,tuRm@t9R
tourmentin,tuRm@t5
tourmenté,tuRm@te
tournage,tuRnaZ
tournailler,tuRnaje
tournant,tuRn@
tourne,tuRn
tourne-disque,tuRn°disk
tournebroche,tuRn°bROS
tournedos,tuRn°do
tournelle,tuRnEl
tournemain,tuRn°m5
tourner,tuRne
tournesol,tuRn°sOl
tournette,tuRnEt
tourneur,tuRn9R
tournevis,tuRn°vis
tournicoter,tuRnikote
tourniquer,tuRnike
tourniquet,tuRnikE
tournis,tuRni
tournoi,tuRnwa
tournoiement,tuRnwam@
tournois,tuRnwa
tournoyant,tuRnwaj@
tournoyer,tuRnwaje
tournure,tuRnyR
tourné,tuRne
tournée,tuRne
tours-minute,tuRminyt
tourte,tuRt
tourteau,tuRto
tourtereau,tuRt2Ro
tourtière,tuRtjER
tous,tus
tous-terrains,tutER5
toussaint,tus5
tousser,tuse
tousseur,tus9R
tousseux,tus2
toussotement,tusOt°m@
toussoter,tusote
toussoteux,tusot2
tout,tu
tout-fait,tufE
tout-fou,tufu
tout-paris,tupaRi
tout-petit,tup°ti
tout-puissant,tup8is@
tout-terrain,tutER5
tout-venant,tuv°n@
tout-à-l'égout,tutalegu
tout-étoile,tutetwal
toute,tut
toute-puissance,tutp8is@s
toutefois,tut°fwa
toutes,tut
toutim,tutim
toutime,tutim
toutou,tutu
toux,tu
toxicité,tOksisite
toxico,tOksiko
toxicologie,tOksikoloZi
toxicologique,tOksikoloZik
toxicologue,tOksikolOg
toxicomane,tOksikoman
toxicomanie,tOksikomani
toxine,tOksin
toxique,tOksik
toxoplasmose,tOksoplasmoz
trabuco,tRabyko
trac,tRak
tracas,tRaka
tracasser,tRakase
tracasserie,tRakas°Ri
tracassier,tRakasje
tracassin,tRakas5
trace,tRas
tracer,tRase
traceur,tRas9R
trachome,tRakom
trachéal,tRakeal
trachée,tRaSe
trachée-artère,tRaSeaRtER
trachéite,tRakeit
trachéotomie,tRakeotomi
tract,tRakt
tractage,tRaktaZ
tractation,tRaktasj§
tracter,tRakte
tracteur,tRakt9R
traction,tRaksj§
traction-avant,tRaksj§av@
tractopelle,tRaktOpEl
tractoriste,tRaktoRist
tractus,tRaktys
tracté,tRakte
tracé,tRase
trader,tREd9R
tradition,tRadisj§
traditionalisme,tRadisjonalizm
traditionaliste,tRadisjonalist
traditionnel,tRadisjonEl
traditionnellement,tRadisjonEl°m@
traduc,tRadyk
traducteur,tRadykt9R
traduction,tRadyksj§
traduire,tRad8iR
trafalgar,tRafalgaR
trafic,tRafik
traficoter,tRafikote
trafiquant,tRafik@
trafiquant-espion,tRafik@Espj§
trafiquer,tRafike
tragi-comique,tRaZikomik
tragi-comédie,tRaZikomedi
tragique,tRaZik
tragiquement,tRaZik°m@
tragédie,tRaZedi
tragédien,tRaZedj5
trahi,tRai
trahir,tRaiR
trahison,tRaiz§
trahissant,tRais@
train,tR5
train-train,tR5tR5
training,tREjniG
traintrain,tR5tR5
traire,tRER
trait,tRE
traitable,tREtabl
traitant,tREt@
traite,tREt
traitement,tREt°m@
traiter,tRete
traiteur,tREt9R
traité,tRete
trajectographie,tRaZEktogRafi
trajectoire,tRaZEktwaR
trajet,tRaZE
tralala,tRalala
tram,tRam
tramail,tRamaj
trame,tRam
tramer,tRame
tramontane,tRam§tan
tramp,tR@p
trampoline,tR@polin
tramway,tRamwE
tranchage,tR@SaZ
tranchant,tR@S@
tranche,tR@S
tranche-montagne,tR@Sm§taN
tranchecaille,tR@Skaj
trancher,tR@Se
tranchet,tR@SE
trancheur,tR@S9R
tranchoir,tR@SwaR
tranché,tR@Se
tranchée,tR@Se
tranchée-abri,tR@SeabRi
tranquille,tR@kil
tranquillement,tR@kil°m@
tranquillisant,tR@kiliz@
tranquilliser,tR@kilize
tranquillité,tR@kilite
tranquillos,tR@kilos
trans,tR@s
transaction,tR@zaksj§
transafricain,tR@zafRik5
transaminase,tR@zaminaz
transat,tR@zat
transatlantique,tR@zatl@tik
transbahuter,tR@sbayte
transbordement,tR@sbORd°m@
transborder,tR@sbORde
transbordeur,tR@sbORd9R
transcanadienne,tR@skanadjEn
transcaspien,tR@skaspj5
transcendance,tR@s@d@s
transcendant,tR@s@d@
transcendantal,tR@s@d@tal
transcender,tR@s@de
transcontinental,tR@sk§tin@tal
transcriptase,tR@skRiptaz
transcripteur,tR@skRipt9R
transcription,tR@skRipsj§
transcrire,tR@skRiR
transcutané,tR@skytane
transdermique,tR@sdERmik
transducteur,tR@sdykt9R
transduction,tR@sdyksj§
transe,tR@s
transept,tR@sEpt
transfert,tR@sfER
transfiguration,tR@sfigyRasj§
transfigurer,tR@sfigyRe
transfo,tR@sfo
transformable,tR@sfORmabl
transformant,tR@sfORm@
transformateur,tR@sfORmat9R
transformation,tR@sfORmasj§
transformer,tR@sfORme
transformiste,tR@sfORmist
transformé,tR@sfORme
transfuge,tR@sfyZ
transfuser,tR@sfyze
transfuseur,tR@sfyz9R
transfusion,tR@sfyzj§
transfusé,tR@sfyze
transfèrement,tR@sfER°m@
transférable,tR@sfeRabl
transférer,tR@sfeRe
transgresser,tR@sgRese
transgresseur,tR@sgRes9R
transgression,tR@sgREsj§
transgénique,tR@zZenik
transhistorique,tR@sistoRik
transhumance,tR@zym@s
transhumant,tR@zym@
transi,tR@zi
transiger,tR@ziZe
transillumination,tR@zilyminasj§
transir,tR@ziR
transistor,tR@zistOR
transit,tR@zit
transitaire,tR@zitER
transiter,tR@zite
transitif,tR@zitif
transition,tR@zisj§
transitionnel,tR@zisjonEl
transitoire,tR@zitwaR
transitoirement,tR@zitwaR°m@
translater,tR@slate
translation,tR@slasj§
translocation,tR@slOkasj§
translucide,tR@slysid
translucidité,tR@slysidite
transmetteur,tR@smEt9R
transmettre,tR@smEtR
transmigration,tR@smigRasj§
transmis,tR@smi
transmissible,tR@smisibl
transmission,tR@smisj§
transmuer,tR@sm8e
transmutation,tR@smytasj§
transmuter,tR@smyte
transnational,tR@snasjOnal
transocéanique,tR@zOseanik
transparaître,tR@spaREtR
transparence,tR@spaR@s
transparent,tR@spaR@
transpercer,tR@spERse
transpirant,tR@spiR@
transpiration,tR@spiRasj§
transpirer,tR@spiRe
transplantable,tR@spl@tabl
transplantation,tR@spl@tasj§
transplanter,tR@spl@te
transplanté,tR@spl@te
transpondeur,tR@sp§d9R
transport,tR@spOR
transportable,tR@spORtabl
transportation,tR@spORtasj§
transporter,tR@spORte
transporteur,tR@spORt9R
transporté,tR@spORte
transposable,tR@spozabl
transposer,tR@spoze
transposition,tR@spozisj§
transposon,tR@spoz§
transposée,tR@spoze
transsexualisme,tR@seksyalizm
transsexualité,tR@ssEks8alite
transsexuel,tR@sseks8El
transsibérien,tR@ssibeRj5
transsubstantiation,tR@ssypst@tjasj§
transsudat,tR@ssyda
transvaser,tR@svaze
transversal,tR@svERsal
transversalement,tR@svERsal°m@
transverse,tR@svERs
transvestisme,tR@svEstism
transylvain,tR@silv5
trappe,tRap
trappeur,tRap9R
trappiste,tRapist
trappon,tRap§
trapu,tRapy
trapèze,tRapEz
trapéziste,tRapezist
trapézoïdal,tRapezoidal
trapézoïde,tRapezOid
traque,tRak
traquenard,tRak°naR
traquer,tRake
traquet,tRakE
traqueur,tRak9R
trattoria,tRatoRja
trauma,tRoma
traumatique,tRomatik
traumatisant,tRomatiz@
traumatiser,tRomatize
traumatisme,tRomatizm
traumatologie,tRomatoloZi
traumatologique,tRomatOlOZik
traumatologue,tRomatolOg
travail,tRavaj
travailler,tRavaje
travailleur,tRavaj9R
travailliste,tRavajist
travaillé,tRavaje
trave,tRav
traveller,tRav°l9R
travelling,tRav°liG
travelo,tRav°lo
travers,tRavER
traversable,tRavERsabl
traversant,tRavERs@
traverse,tRavERs
traverser,tRavERse
traversier,tRavERsje
traversin,tRavERs5
traversine,tRavERsin
traversé,tRavERse
traversée,tRavERse
travertin,tRavERt5
travesti,tRavEsti
travestir,tRavEstiR
travestisme,tRavEstizm
travestissement,tRavEstis°m@
travois,tRavwa
travée,tRave
trax,tRaks
trayon,tREj§
traçabilité,tRasabilite
traçage,tRasaZ
traînage,tREnaZ
traînailler,tREnaje
traînant,tREn@
traînard,tREnaR
traînasser,tREnase
traîne,tREn
traîne-misère,tREnmizER
traîne-patins,tREnpat5
traîne-savate,tREnsavat
traîne-savates,tREnsavat
traîne-semelle,tREns°mEl
traîne-semelles,tREns°mEl
traîneau,tREno
traînement,tREn°m@
traîner,tRene
traîneur,tREn9R
traînier,tREnje
traînée,tRene
traître,tREtR
traîtresse,tREtREs
traîtreusement,tREtR2z°m@
traîtrise,tRetRiz
trecento,tRetSEnto
treillage,tREjaZ
treillard,tREjaR
treille,tREj
treillis,tReji
treize,tREz
treizième,tREzjEm
trek,tREk
trekkeur,tREk9R
trekking,tREkiG
tremblant,tR@bl@
tremble,tR@bl
tremblement,tR@bl°m@
trembler,tR@ble
trembleur,tR@bl9R
tremblotant,tR@blot@
tremblote,tR@blOt
tremblotement,tR@blOt°m@
trembloter,tR@blote
tremblé,tR@ble
trempage,tR@paZ
trempe,tR@p
tremper,tR@pe
trempette,tR@pEt
trempeur,tR@p9R
tremplin,tR@pl5
trempoline,tR@pOlin
trempé,tR@pe
trench,tREnS
trench-coat,tREnSkOwt
trentaine,tR@tEn
trente,tR@t
trente-cinq,tR@ts5k
trente-cinquième,tR@ts5kjEm
trente-deux,tR@td2
trente-et-quarante,tR@tekaR@t
trente-et-un,tR@te1
trente-et-unième,tR@teynjEm
trente-huit,tR@t8it
trente-huitième,tR@t8itjEm
trente-neuf,tR@tn9f
trente-neuvième,tR@tn9vjEm
trente-quatre,tR@tkatR
trente-quatrième,tR@tkatRijEm
trente-sept,tR@tsEt
trente-septième,tR@tsEtjEm
trente-six,tR@tsis
trente-sixième,tR@tsizjEm
trente-trois,tR@ttRwa
trente-troisième,tR@ttRwazjEm
trentenaire,tR@t°nER
trentième,tR@tjEm
tressaillement,tResaj°m@
tressaillir,tResajiR
tressautant,tREsot@
tressautement,tResot°m@
tressauter,tResote
tresse,tREs
tresser,tRese
treuil,tR9j
treuiller,tR9je
tri,tRi
triade,tRijad
triage,tRijaZ
trial,tRijal
triangle,tRij@gl
triangulaire,tRij@gylER
triangulairement,tRij@gylER°m@
triangulation,tRij@gylasj§
trianguler,tRi@gyle
trianon,tRijan§
trias,tRijas
triasique,tRijasik
triathlon,tRijatl§
triathlète,tRiatlEt
tribal,tRibal
tribart,tRibaR
tribord,tRibOR
tribu,tRiby
tribulation,tRibylasj§
tribun,tRib1
tribunal,tRibynal
tribunat,tRibyna
tribune,tRibyn
tribut,tRiby
tributaire,tRibytER
tric,tRik
tricard,tRikaR
tricentenaire,tRis@t°nER
triceps,tRisEps
triche,tRiS
tricher,tRiSe
tricherie,tRiS°Ri
tricheur,tRiS9R
trichinose,tRikinoz
trichloracétique,tRiklORasetik
trichlorure,tRiklORyR
trichloréthylène,tRikloRetilEn
trick,tRik
tricoises,tRikwaz
tricolore,tRikolOR
tricorne,tRikORn
tricot,tRiko
tricotage,tRikotaZ
tricoter,tRikote
tricoteur,tRikot9R
trictrac,tRiktRak
tricuspide,tRikyspid
tricycle,tRisikl
tricycliste,tRisiklist
tricéphale,tRisefal
tricératops,tRiseRatOps
trident,tRid@
tridi,tRidi
tridimensionnel,tRidim@sjonEl
trier,tRije
trieur,tRij9R
trifolium,tRifoljOm
triforium,tRifoRjOm
trifouiller,tRifuje
trigger,tRig9R
triglycéride,tRigliseRid
trigonométrie,tRigonometRi
trilingue,tRil5g
trille,tRij
trillion,tRilj§
trilobite,tRilobit
trilogie,tRiloZi
trimard,tRimaR
trimarder,tRimaRde
trimardeur,tRimaRd9R
trimbaler,tR5bale
trimballage,tR5balaZ
trimballer,tR5bale
trimer,tRime
trimestre,tRimEstR
trimestriel,tRimEstRijEl
trimestriellement,tRimEstRijEl°m@
trimeur,tRim9R
trimmer,tRim9R
trinacrie,tRinakRi
tringle,tR5gl
tringler,tR5gle
tringlette,tR5glEt
tringlot,tR5glo
trinidadienne,tRinidadjEn
trinitaire,tRinitER
trinitrine,tRinitRin
trinité,tRinite
trinquer,tR5ke
trinquette,tR5kEt
trinôme,tRinom
trio,tRijo
triode,tRijOd
triolet,tRijolE
triolisme,tRiolizm
triomphal,tRij§fal
triomphalement,tRij§fal°m@
triomphalisme,tRij§falism
triomphaliste,tRij§falist
triomphant,tRij§f@
triomphateur,tRij§fat9R
triomphe,tRij§f
triompher,tRij§fe
trional,tRijOnal
trionix,tRijOniks
trip,tRip
tripaille,tRipaj
tripang,tRip@
tripant,tRip@
tripartite,tRipaRtit
tripatouillage,tRipatujaZ
tripatouiller,tRipatuje
tripe,tRip
triper,tRipe
triperie,tRip°Ri
tripette,tRipEt
triphasé,tRifaze
triphosphate,tRifOsfat
tripier,tRipje
triplace,tRiplas
triple,tRipl
triplement,tRipl°m@
tripler,tRiple
triplette,tRiplEt
triplex,tRiplEks
triplice,tRiplis
triploïde,tRiplOid
triplé,tRiple
tripode,tRipOd
tripoli,tRipoli
triporteur,tRipORt9R
tripot,tRipo
tripotage,tRipotaZ
tripoter,tRipote
tripoteur,tRipot9R
tripotée,tRipote
tripoux,tRipu
triptyque,tRiptik
trique,tRik
triqueballe,tRik°bal
triquer,tRike
trirème,tRiREm
trisaïeul,tRizaj9l
trismique,tRismik
trismus,tRismys
trismégiste,tRismeZist
trisomie,tRizOmi
trisomique,tRizOmik
trisser,tRise
triste,tRist
tristement,tRist°m@
tristesse,tRistEs
tristouillard,tRistujaR
tristouille,tRistuj
tristounet,tRistunE
trithéisme,tRiteizm
trithérapie,tRiteRapi
tritium,tRitjOm
triton,tRit§
triturant,tRityR@
trituration,tRityRasj§
triturer,tRityRe
triumvir,tRijOmviR
triumvirat,tRijOmviRa
trivial,tRivjal
trivialement,tRivjal°m@
trivialiser,tRivjalize
trivialité,tRivjalite
trivium,tRivjOm
trobriandais,tRobRij@dE
troc,tROk
trocart,tRokaR
trochanter,tROk@tER
trochaïque,tRokaik
troche,tROS
trochée,tRoSe
troglodyte,tRoglodit
troglodytique,tROglOditik
trogne,tRON
trognon,tRoN§
trois,tRwa
trois-deux,tRwad2
trois-huit,tRwa8it
trois-mâts,tRwama
trois-points,tRwapw5
trois-quarts,tRwakaR
trois-quatre,tRwakatR
trois-six,tRwasis
troisième,tRwazjEm
troisièmement,tRwazjEm°m@
troll,tROl
trolle,tROl
trolley,tRolE
trolleybus,tRolEbys
trombe,tR§b
trombine,tR§bin
trombinoscope,tR§binoskOp
tromblon,tR§bl§
trombone,tR§bOn
tromboniste,tR§bOnist
trommel,tRomEl
trompe,tR§p
trompe-l'oeil,tR§pl9j
tromper,tR§pe
tromperie,tR§p°Ri
trompeter,tR§p°te
trompette,tR§pEt
trompettiste,tR§petist
trompeur,tR§p9R
trompeusement,tR§p2z°m@
trompé,tR§pe
tronc,tR§
tronche,tR§S
troncher,tR§Se
tronconique,tR§konik
tronquer,tR§ke
tronqué,tR§ke
tronçon,tR§s§
tronçonner,tR§sone
trop,tRo
trop-perçu,tRopERsy
trop-plein,tRopl5
trope,tROp
trophée,tRofe
tropical,tRopikal
tropique,tRopik
tropisme,tRopizm
troposphère,tRoposfER
troposphérique,tRoposfeRik
troquer,tRoke
troquet,tRokE
trot,tRo
trotskisme,tROtskizm
trotskiste,tROtskist
trotte,tROt
trotte-menu,tROtm°ny
trotter,tRote
trotteur,tRot9R
trottin,tRot5
trottinant,tRotin@
trottinement,tRotin°m@
trottiner,tRotine
trottinette,tRotinEt
trottoir,tRotwaR
trou,tRu
trou-du-cul,tRudyky
trou-trou,tRutRu
troubadour,tRubaduR
troublant,tRubl@
trouble,tRubl
troubler,tRuble
troublé,tRuble
trouduc,tRudyk
trouer,tRue
troufignard,tRufiNaR
troufignon,tRufiN§
troufion,tRufj§
trouillard,tRujaR
trouille,tRuj
trouillomètre,tRujomEtR
troupe,tRup
troupeau,tRupo
troupier,tRupje
trousse,tRus
trousseau,tRuso
troussequin,tRusk5
trousser,tRuse
trousseur,tRus9R
trouvable,tRuvabl
trouvaille,tRuvaj
trouver,tRuve
trouveur,tRuv9R
trouvère,tRuvER
trouvé,tRuve
troué,tRue
trouée,tRue
troyen,tRwaj5
troène,tRoEn
troïka,tRoika
truand,tRy@
truandage,tRy@daZ
truandaille,tRy@daj
truander,tRy@de
truanderie,tRy@d°Ri
trublion,tRyblij§
truc,tRyk
trucage,tRykaZ
truchement,tRyS°m@
trucider,tRyside
truck,tRyk
trucmuche,tRykmyS
truculence,tRykyl@s
truculent,tRykyl@
truelle,tRyEl
truffe,tRyf
truffer,tRyfe
truffier,tRyfje
truie,tR8i
truisme,tR8izm
truite,tR8it
truitelle,tR8itEl
trumeau,tRymo
truquage,tRykaZ
truquer,tRyke
truqueur,tRyk9R
truqué,tRyke
trusquin,tRysk5
trust,tR9st
trustee,tR9sti
trusteeship,tR9stiSip
truster,tR9ste
trypanosome,tRipanozom
trypanosomiase,tRipanozomjaz
trypsine,tRipsin
tryptophane,tRiptofan
trâlée,tRale
trèfle,tREfl
trèpe,tREp
très,tRE
trébuchant,tRebyS@
trébuchement,tRebyS°m@
trébucher,tRebySe
trébuchet,tRebySE
tréfonds,tRef§
tréma,tRema
trémail,tRemaj
trémie,tRemi
trémière,tRemjER
trémois,tRemwa
trémolo,tRemolo
trémoussement,tRemus°m@
trémousser,tRemuse
trémulant,tRemyl@
trémulation,tRemylasj§
trémuler,tRemyle
trépan,tRep@
trépanation,tRepanasj§
trépaner,tRepane
trépané,tRepane
trépas,tRepa
trépasser,tRepase
trépassé,tRepase
trépidant,tRepid@
trépidation,tRepidasj§
trépider,tRepide
trépied,tRepje
trépignant,tRepiN@
trépignement,tRepiN°m@
trépigner,tRepiNe
tréponème,tReponEm
trésor,tRezOR
trésorerie,tRezOR°Ri
trésorier,tRezoRje
trésorier-payeur,tRezoRjepEj9R
tréteau,tReto
trêve,tREv
trôler,tRole
trône,tRon
trôner,tRone
tsar,tsaR
tsarisme,tsaRizm
tsariste,tsaRist
tsarévitch,tsaRevitS
tsigane,tsigan
tsoin-tsoin,tsw5tsw5
tss-tss,tsts
tsuica,ts8ika
tsunami,tsynami
tsé-tsé,tsetse
tu,ty
tu autem,tyotEm
tuant,t8@
tub,t9b
tuba,tyba
tubard,tybaR
tubardise,tybaRdiz
tube,tyb
tuber,tybe
tubercule,tybERkyl
tuberculeux,tybERkyl2
tuberculine,tybERkylin
tuberculose,tybERkyloz
tubulaire,tybylER
tubule,tybyl
tubulure,tybylyR
tubéreux,tybeR2
tubérosité,tybeRozite
tudesque,tydEsk
tudieu,tydj2
tue-loup,tylu
tue-mouche,tymuS
tuer,t8e
tuerie,tyRi
tueur,t89R
tueuse,t82z
tuf,tyf
tuffeau,tyfo
tuile,t8il
tuilerie,t8il°Ri
tularémie,tylaRemi
tulipe,tylip
tulipier,tylipje
tulle,tyl
tumescence,tymEs@s
tumescent,tymEs@
tumeur,tym9R
tumulte,tymylt
tumultuaire,tymylt8ER
tumultueusement,tymylt82z°m@
tumultueux,tymylt82
tumulus,tymylys
tuméfaction,tymefaksj§
tuméfier,tymefje
tuméfié,tymefje
tune,tyn
tuner,tynER
tungstène,t1kstEn
tunique,tynik
tunisien,tynizj5
tunnel,tynEl
tuque,tyk
turban,tyRb@
turbin,tyRb5
turbine,tyRbin
turbiner,tyRbine
turbo,tyRbo
turbocompresseur,tyRbok§pRes9R
turbopropulseur,tyRbopRopyls9R
turboréacteur,tyRboReakt9R
turbot,tyRbo
turbotière,tyRbotjER
turbulence,tyRbyl@s
turbulent,tyRbyl@
turbé,tyRbe
turc,tyRk
turco,tyRko
turcoman,tyRkoman
turdus,tyRdy
turelure,tyR°lyR
turf,tyRf
turfiste,tyRfist
turgescence,tyRZes@s
turgescent,tyRZes@
turgide,tyRZid
turgotine,tyRgotin
turinois,tyRinwa
turista,tyRista
turlu,tyRly
turlupinade,tyRlypinad
turlupiner,tyRlypine
turluter,tyRlyte
turlutte,tyRlyt
turlututu,tyRlytyty
turne,tyRn
turnover,t9Rnov9R
turpitude,tyRpityd
turquerie,tyRk°Ri
turquin,tyRk5
turquoise,tyRkwaz
tussilage,tysilaZ
tussor,tysOR
tutelle,tytEl
tuteur,tyt9R
tutoiement,tytwam@
tutorat,tytORa
tutorial,tytoRjal
tutoyer,tytwaje
tutti frutti,tytifRyti
tutti quanti,tytikwanti
tutu,tyty
tutélaire,tytelER
tuyau,t8ijo
tuyauter,t8ijote
tuyauterie,t8ijot°Ri
tuyauteur,t8ijot9R
tuyauté,t8ijote
tuyère,t8ijER
tué,t8e
tweed,twid
twill,twil
twin-set,twinsEt
twist,twist
twister,twiste
tympan,t5p@
tympanique,t5panik
tympanon,t5pan§
type,tip
typer,tipe
typhique,tifik
typhon,tif§
typhoïde,tifoid
typhus,tifys
typique,tipik
typiquement,tipik°m@
typo,tipo
typographe,tipogRaf
typographie,tipogRafi
typographier,tipogRafje
typographique,tipogRafik
typologie,tipoloZi
typomètre,tipomEtR
typé,tipe
tyran,tiR@
tyranneau,tiRano
tyrannicide,tiRanisid
tyrannie,tiRani
tyrannique,tiRanik
tyranniquement,tiRanik°m@
tyranniser,tiRanize
tyrannosaure,tiRanozoR
tyrolien,tiRolj5
tyrrhénienne,tiRenjEn
tzar,tsaR
tzarevitch,tsaRevitS
tzigane,tsigan
tâche,taS
tâcher,taSe
tâcheron,taS°R§
tâter,tate
tâtonnant,taton@
tâtonnement,tatOn°m@
tâtonner,tatone
té,te
téflon,tefl§
tégument,tegym@
tégumentaire,tegym@tER
tél,tEl
tél.,tel
télencéphale,tel@sefal
télescopage,telEskopaZ
télescope,telEskOp
télescoper,telEskope
télescopique,telEskopik
télex,telEks
télexer,telEkse
téloche,telOS
télègue,telEg
télé,tele
téléachat,teleaSa
téléavertisseur,teleavERtis9R
télécabine,telekabin
téléchargement,teleSaRZ°m@
télécharger,teleSaRZe
télécinéma,telesinema
télécommande,telekom@d
télécommander,telekom@de
télécommunication,telekomynikasj§
téléconférence,telek§feR@s
télécopieur,telekopj9R
télécran,telekR@
télédiffuser,teledifyze
télédiffusion,teledifyzj§
téléfax,telefaks
téléfilm,telefilm
télégramme,telegRam
télégraphe,telegRaf
télégraphie,telegRafi
télégraphier,telegRafje
télégraphique,telegRafik
télégraphiste,telegRafist
téléguidage,telegidaZ
téléguider,telegide
télégénie,teleZeni
télégénique,teleZenik
télékinésie,telekinezi
télémark,telemaRk
télémarketing,telemaRk°tiG
télématique,telematik
télémesure,telem°zyR
télémètre,telemEtR
télémétrie,telemetRi
télémétrique,telemetRik
téléobjectif,teleobZEktif
téléologique,teleoloZik
télépathe,telepat
télépathie,telepati
télépathique,telepatik
télépathiquement,telepatik°m@
téléphonage,telefonaZ
téléphone,telefOn
téléphoner,telefone
téléphonie,telefoni
téléphonique,telefonik
téléphoniquement,telefonik°m@
téléphoniste,telefonist
téléphoné,telefone
téléphérique,telefeRik
téléport,telepOR
téléportation,telepORtasj§
téléprompteur,telepR§pt9R
téléreportage,teleR°pORtaZ
téléroman,teleROm@
téléscripteur,teleskRipt9R
télésiège,telesjEZ
téléski,teleski
téléspectateur,telespEktat9R
télésurveillance,telesyRvEj@s
télétexte,teletEks°t
télétravail,teletRavaj
télétype,teletip
télévangéliste,telev@Zelist
télévendeur,telev@d9R
télévente,telev@t
téléviseur,televiz9R
télévision,televizj§
télévisuel,televiz8El
télévisé,televize
témoignage,temwaNaZ
témoigner,temwaNe
témoin,temw5
témoin-clé,temw5kle
témoin-vedette,temw5v°dEt
téméraire,temeRER
témérairement,temeRER°m@
témérité,temeRite
ténacité,tenasite
ténia,tenja
ténor,tenOR
ténu,teny
ténuité,ten8ite
ténèbre,tenEbR
ténèbres,tenEbR
ténébreux,tenebR2
ténébrionidé,tenebRionide
tératologique,teRatoloZik
tératome,teRatom
térébenthine,teReb@tin
térébinthe,teReb5t
térébrant,teRebR@
tétanie,tetani
tétanique,tetanik
tétanisation,tetanizasj§
tétaniser,tetanize
tétanisé,tetanize
tétanos,tetanos
téter,tete
téteur,tet9R
tétine,tetin
téton,tet§
tétra,tetRa
tétrachlorure,tetRakloRyR
tétracycline,tetRasiklin
tétradrachme,tetRadRakm
tétragramme,tetRagRam
tétralogie,tetRaloZi
tétramère,tetRamER
tétramètre,tetRamEtR
tétraplégie,tetRapleZi
tétraplégique,tetRapleZik
tétrarque,tetRaRk
tétras,tetRas
tétrodotoxine,tetROdotOksin
tétée,tete
tévé,teve
tézig,tezig
tézigue,tezig
têt,tE
têtard,tEtaR
tête,tEt
tête-bêche,tEtbES
tête-de-mort,tEtd°mOR
tête-de-nègre,tEtd°nEgR
tête-à-queue,tEtak2
tête-à-tête,tEtatEt
têtière,tEtjER
têtu,tety
tôle,tol
tôlerie,tol°Ri
tôlier,tolje
tôt,to
tôt-fait,tofE
u,y
ubac,ybak
ubique,ybik
ubiquiste,ybik8ist
ubiquitaire,ybik8itER
ubiquité,ybik8ite
ubuesque,ybyEsk
ufologie,yfOlOZi
uhlan,yl@
uht,yt
ukase,ykaz
ukrainien,ykREnj5
ukulélé,ykylele
ulcère,ylsER
ulcéreux,ylseR2
ulcéré,ylseRe
ulna,ylna
ulnaire,ylnER
ultima ratio,yltimaRasjo
ultimatum,yltimatOm
ultime,yltim
ultimement,yltim°m@
ultimo,yltimo
ultra,yltRa
ultra-catholique,yltRakatOlik
ultra-chic,yltRaSik
ultra-gauche,yltRagoS
ultra-rapide,yltRaRapid
ultra-secret,yltRas2kRE
ultra-sensible,yltRas@sibl
ultra-violet,yltRavjolE
ultrafin,yltRaf5
ultragauche,yltRagoS
ultraléger,yltRaleZe
ultramoderne,yltRamodERn
ultramontain,yltRam§t5
ultraperformant,yltRapERfORm@
ultrarapide,yltRaRapid
ultrasecret,yltRas°kRE
ultrasensible,yltRas@sibl
ultrason,yltRas§
ultrasonique,yltRasonik
ultraviolet,yltRavjolE
ultravirus,yltRaviRys
ultérieur,ylteRj9R
ultérieurement,ylteRj9R°m@
ululement,ylyl°m@
ululer,ylyle
umbanda,umb@da
un,1
unanime,ynanim
unanimement,ynanim°m@
unanimisme,ynanimizm
unanimité,ynanimite
unau,yno
underground,9nd9RgRawnd
une,yn
unes,yn
unetelle,yn°tEl
unguéal,§g8eal
uni,yni
uniate,ynjat
unicellulaire,ynisElylER
unicité,ynisite
unicorne,ynikORn
unidimensionnel,ynidim@sjonEl
unidirectionnel,ynidiREksjonEl
unification,ynifikasj§
unifier,ynifje
uniforme,ynifORm
uniformisation,ynifORmizasj§
uniformiser,ynifORmize
uniformité,ynifORmite
uniformément,ynifORmem@
unijambiste,yniZ@bist
unilatéral,ynilateRal
unilatéralement,ynilateRal°m@
unilatéralité,ynilateRalite
uniment,ynim@
uninominal,yninominal
union,ynj§
unioniste,ynjonist
uniprix,ynipRi
unique,ynik
uniquement,ynik°m@
unir,yniR
unisexe,ynisEks
unisson,ynis§
unitaire,ynitER
unitarien,ynitaRj5
unité,ynite
univers,ynivER
universal,ynivERsal
universalisme,ynivERsalizm
universaliste,ynivERsalist
universalité,ynivERsalite
universel,ynivERsEl
universellement,ynivERsEl°m@
universitaire,ynivERsitER
université,ynivERsite
univoque,ynivOk
unième,ynjEm
uns,1
untel,1tEl
upanishad,ypaniSa
upas,ypas
update,9pdajt
updater,9pdate
uppercut,ypERkyt
urane,yRan
uranisme,yRanizm
uraniste,yRanist
uranium,yRanjOm
urbain,yRb5
urbanisation,yRbanizasj§
urbanisme,yRbanizm
urbaniste,yRbanist
urbanité,yRbanite
urbi et orbi,uRbiEtORbi
urdu,yRdy
uretère,yR°tER
urf,yRf
urgemment,yRZam@
urgence,yRZ@s
urgent,yRZ@
urgentissime,yRZ@tisim
urgentiste,yRZ@tist
urger,yRZe
urinaire,yRinER
urinal,yRinal
urine,yRin
uriner,yRine
urinoir,yRinwaR
urique,yRik
urne,yRn
urographie,yRogRafi
urokinase,yRokinaz
urologie,yRoloZi
urologique,yROlOZik
urologue,yRolOg
uroscopie,yRoskopi
ursuline,yRsylin
urticaire,yRtikER
urubu,yRyby
uruguayen,yRygwEj5
urus,yRys
urètre,yREtR
urée,yRe
urémie,yRemi
urémique,yRemik
uréthane,yRetan
urétrite,yRetRit
us,ys
usage,yzaZ
usager,yzaZe
usagé,yzaZe
usant,yz@
user,yze
usinage,yzinaZ
usine,yzin
usine-pilote,yzinpilOt
usiner,yzine
usinier,yzinje
usité,yzite
ustensile,yst@sil
ustion,ystj§
usuel,yz8El
usuellement,yz8El°m@
usufruit,yzyfR8i
usufruitier,yzyfR8itje
usuraire,yzyRER
usure,yzyR
usurier,yzyRje
usurpateur,yzyRpat9R
usurpation,yzyRpasj§
usurper,yzyRpe
usé,yze
ut,yt
utile,ytil
utilement,ytil°m@
utilisable,ytilizabl
utilisateur,ytilizat9R
utilisation,ytilizasj§
utiliser,ytilize
utilisé,ytilize
utilitaire,ytilitER
utilitarisme,ytilitaRizm
utilité,ytilite
utopie,ytopi
utopique,ytopik
utopiste,ytopist
utérin,yteR5
utérus,yteRys
uxorilocal,yksoRilokal
v,ve
va,va
va-et-vient,vaevj5
va-tout,vatu
vacance,vak@s
vacancier,vak@sje
vacant,vak@
vacarme,vakaRm
vacataire,vakatER
vacation,vakasj§
vaccin,vaks5
vaccinal,vaksinal
vaccinant,vaksin@
vaccination,vaksinasj§
vaccine,vaksin
vacciner,vaksine
vacciné,vaksine
vachard,vaSaR
vachardise,vaSaRdiz
vache,vaS
vachement,vaS°m@
vacher,vaSe
vacherie,vaS°Ri
vacherin,vaS°R5
vachette,vaSEt
vachère,vaSER
vacillant,vasij@
vacillement,vasij°m@
vaciller,vasije
vacuité,vak8ite
vacuole,vak8Ol
vacuolisation,vak8Olizasj§
vacuum,vak8Om
vade retro,vadeRetRo
vadrouille,vadRuj
vadrouiller,vadRuje
vadrouilleur,vadRuj9R
vae soli,vaesoli
vae victis,vaeviktis
vagabond,vagab§
vagabondage,vagab§daZ
vagabonder,vagab§de
vagal,vagal
vagin,vaZ5
vaginal,vaZinal
vaginite,vaZinit
vagir,vaZiR
vagissant,vaZis@
vagissement,vaZis°m@
vagotomie,vagOtOmi
vague,vag
vaguelette,vag°lEt
vaguement,vag°m@
vaguemestre,vag°mEstR
vaguer,vage
vahiné,vaine
vaillamment,vajam@
vaillance,vaj@s
vaillant,vaj@
vain,v5
vaincre,v5kR
vaincu,v5ky
vainement,vEn°m@
vainqueur,v5k9R
vair,vER
vairon,vER§
vaisseau,vEso
vaisseau-amiral,vEsoamiRal
vaisselier,vEs°lje
vaisselle,vEsEl
val,val
valable,valabl
valablement,valabl°m@
valaque,valak
valdinguer,vald5ge
valence,val@s
valencien,val@sj5
valentin,val@t5
valentinien,val@tinj5
valet,valE
valetaille,val°taj
valeter,val°te
valeur,val9R
valeur-refuge,val9RR°fyZ
valeureusement,val9R2z°m@
valeureux,val2R2
valgus,valgys
validation,validasj§
valide,valid
valider,valide
validité,validite
validé,valide
valise,valiz
valleuse,val2z
vallon,val§
vallonnement,valOn°m@
vallonner,valone
vallonné,valone
vallée,vale
valoche,valOS
valoir,valwaR
valorisant,valoRiz@
valorisation,valoRizasj§
valoriser,valoRize
valpolicella,valpolitSEla
valse,vals
valse-hésitation,valsezitasj§
valser,valse
valseur,vals9R
valve,valv
valvule,valvyl
valériane,valeRjan
valétudinaire,valetydinER
vamp,v@p
vamp-club,v@pkl9b
vamper,v@pe
vampire,v@piR
vampirique,v@piRik
vampirisme,v@piRizm
van,van
vanadium,vanadjOm
vandale,v@dal
vandaliser,v@dalize
vandalisme,v@dalizm
vanille,vanij
vanillé,vanije
vaniteusement,vanit2z°m@
vaniteux,vanit2
vanity-case,vanitikEjs
vanité,vanite
vanne,van
vanneau,vano
vanner,vane
vannerie,van°Ri
vanneur,van9R
vannier,vanje
vanné,vane
vantail,v@taj
vantard,v@taR
vantardise,v@taRdiz
vanter,v@te
vanterie,v@t°Ri
vape,vap
vapeur,vap9R
vaporetto,vapoREto
vaporeux,vapoR2
vaporisateur,vapoRizat9R
vaporisation,vapoRizasj§
vaporiser,vapoRize
vaps,vap
vaquer,vake
vaquero,vakeRo
var,vaR
vara,vaRa
varan,vaR@
varappe,vaRap
varapper,vaRape
varappeur,vaRap9R
varech,vaREk
varenne,vaREn
vareuse,vaR2z
varia,vaRja
variabilité,vaRjabilite
variable,vaRjabl
variance,vaRj@s
variant,vaRj@
variante,vaRj@t
variateur,vaRjat9R
variation,vaRjasj§
varice,vaRis
varicelle,vaRisEl
varier,vaRje
variole,vaRjOl
variorum,vaRjoROm
variqueux,vaRik2
varié,vaRje
variétal,vaRjetal
variété,vaRjete
varlet,vaRlE
varlope,vaRlOp
varon,vaR§
varsovien,vaRsOvj5
vasais,vazE
vasculaire,vaskylER
vascularisé,vaskylaRize
vasculo-nerveux,vaskylonERv2
vase,vaz
vasectomie,vazEktomi
vaseline,vaz°lin
vaseliner,vaz°line
vaser,vaze
vaseux,vaz2
vasistas,vazistas
vasière,vazjER
vasoconstricteur,vazok§stRikt9R
vasoconstriction,vazok§stRiksj§
vasodilatateur,vazodilatat9R
vasodilatation,vazodilatasj§
vasopressine,vazopResin
vasouillard,vazujaR
vasouiller,vazuje
vasque,vask
vassal,vasal
vassalité,vasalite
vaste,vast
vastitude,vastityd
vastité,vastite
vater,vat9R
vaticane,vatikan
vaticanesque,vatikanEsk
vaticination,vatisinasj§
vaticiner,vatisine
vau,vo
vau-l'eau,volo
vauclusien,voklyzj5
vaudeville,vod°vil
vaudevillesque,vod°vilEsk
vaudois,vodwa
vaudou,vodu
vaudouisme,voduizm
vaurien,voRj5
vautour,votuR
vautre,votR
vautrer,votRe
vautré,votRe
vauvert,vovER
vauxhall,voksol
veau,vo
vecteur,vEkt9R
vectoriel,vEktoRjEl
vedettariat,v°dEtaRja
vedette,v°dEt
veille,vEj
veiller,veje
veilleur,vEj9R
veilleuse,vEj2z
veillé,veje
veillée,veje
veinard,vEnaR
veine,vEn
veineux,vEn2
veinule,venyl
veinulé,venyle
veiné,vene
velcro,vElkRo
veld,vEld
veldt,vElt
vellave,vElav
velléitaire,vEleitER
velléité,vEleite
velours,v°luR
velouter,v°lute
velouteux,v°lut2
velouté,v°lute
velte,vElt
velu,v°ly
velum,velOm
velux,v2luks
velvet,vElvEt
venaison,v°nEz§
venant,v°n@
vendable,v@dabl
vendange,v@d@Z
vendanger,v@d@Ze
vendangeur,v@d@Z9R
vendetta,v@dEta
vendeur,v@d9R
vendre,v@dR
vendredi,v@dR°di
vendu,v@dy
vendéen,v@de5
vendémiaire,v@demjER
vendômois,v@domwa
venelle,v°nEl
venette,v°nEt
veneur,v°n9R
vengeance,v@Z@s
venger,v@Ze
vengeur,v@Z9R
venimeusement,venim2z°m@
venimeux,v°nim2
venin,v°n5
venir,v°niR
venise,v2niz
vent,v@
ventail,v@taj
vente,v@t
venter,v@te
venteux,v@t2
ventilateur,v@tilat9R
ventilation,v@tilasj§
ventiler,v@tile
ventilo,v@tilo
ventilé,v@tile
ventis,v@ti
ventouse,v@tuz
ventral,v@tRal
ventre,v@tR
ventre-saint-gris,v@tR°s5gRi
ventrebleu,v@tR°bl2
ventriculaire,v@tRikylER
ventricule,v@tRikyl
ventriloque,v@tRilOk
ventriloquie,v@tRiloki
ventripotent,v@tRipot@
ventrière,v@tRijER
ventru,v@tRy
ventrée,v@tRe
venté,v@te
ventôse,v@toz
venu,v°ny
venue,v°ny
ver,vER
verbal,vERbal
verbalement,vERbal°m@
verbalisation,vERbalizasj§
verbaliser,vERbalize
verbalisme,vERbalizm
verbaliste,vERbalist
verbatim,vERbatim
verbe,vERb
verbeux,vERb2
verbiage,vERbjaZ
verbosité,vERbozite
verdelet,vERd°lE
verdeur,vERd9R
verdi,vERdi
verdict,vERdikt
verdier,vERdje
verdir,vERdiR
verdissant,vERdis@
verdoiement,vERdwam@
verdoyant,vERdwaj@
verdoyer,vERdwaje
verdure,vERdyR
verdâtre,vERdatR
verge,vERZ
vergence,vERZ@s
verger,vERZe
vergeture,vERZ°tyR
verglacé,vERglase
verglas,vERgla
vergne,vERN
vergogne,vERgON
vergogneux,vERgoN2
vergue,vERg
vergé,vERZe
verjus,vERZy
verlan,vERl@
vermeil,vERmEj
vermicelle,vERmisEl
vermiculaire,vERmikylER
vermifuge,vERmifyZ
vermillon,vERmij§
vermine,vERmin
vermineux,vERmin2
vermisseau,vERmiso
vermoulu,vERmuly
vermoulure,vERmulyR
vermout,vERmut
vermouth,vERmut
vernaculaire,vERnakylER
vernal,vERnal
verne,vERn
verni,vERni
vernier,vERnje
vernir,vERniR
vernis,vERni
vernissage,vERnisaZ
vernisser,vERnise
vernisseur,vERnis9R
vernissé,vERnise
verrat,vERa
verre,vER
verrerie,vER°Ri
verrier,vERje
verrière,vERjER
verroterie,veROt°Ri
verrou,veRu
verrouillage,veRujaZ
verrouiller,veRuje
verrouillé,veRuje
verrue,veRy
vers,vER
versaillais,vERsajE
versant,vERs@
versatile,vERsatil
versatilité,vERsatilite
verse,vERs
verseau,vERso
versement,vERs°m@
verser,vERse
verset,vERsE
verseur,vERs9R
versificateur,vERsifikat9R
versification,vERsifikasj§
versifier,vERsifje
version,vERsj§
verso,vERso
versus,vERsys
versé,vERse
vert,vER
vert-de-gris,vERd°gRi
vert-de-grisé,vERd°gRize
vert-galant,vERgal@
vert-jaune,vERZon
vertement,vERt°m@
vertex,vERtEks
vertical,vERtikal
verticale,vERtikal
verticalement,vERtikal°m@
verticalité,vERtikalite
verticille,vERtisil
vertige,vERtiZ
vertigineusement,vERtiZin2z°m@
vertigineux,vERtiZin2
vertigo,vERtigo
vertu,vERty
vertubleu,vERtybl2
vertueusement,vERt82z°m@
vertueux,vERt82
vertugadin,vERtygad5
vertèbre,vERtEbR
vertébral,vERtebRal
vertébré,vERtebRe
verve,vERv
verveine,vERvEn
verveux,vERv2
vesce,vEs
vespa,vEspa
vespasienne,vEspazjEn
vesprée,vEspRe
vespéral,vEspeRal
vesse-de-loup,vEsd°lu
vessie,vesi
vestalat,vestala
vestale,vEstal
veste,vEst
vestiaire,vEstjER
vestibule,vEstibyl
vestige,vEstiZ
vestimentaire,vEstim@tER
veston,vEst§
veto,veto
veuf,v9f
veule,v2l
veulerie,v2l°Ri
veuvage,v9vaZ
vexant,vEks@
vexation,vEksasj§
vexatoire,vEksatwaR
vexer,vEkse
vexé,vEkse
via,vja
viabilité,vjabilite
viable,vjabl
viaduc,vjadyk
viager,vjaZe
viagra,vjagRa
viandard,vj@daR
viande,vj@d
viander,vj@de
viandox,vj@dOks
viatique,vjatik
vibrant,vibR@
vibraphone,vibRafOn
vibrateur,vibRat9R
vibratile,vibRatil
vibration,vibRasj§
vibrato,vibRato
vibratoire,vibRatwaR
vibrer,vibRe
vibreur,vibR9R
vibro-masseur,vibRomas9R
vibromasseur,vibRomas9R
vicaire,vikER
vice,vis
vice-amiral,visamiRal
vice-chancelier,vis°S@s2lje
vice-consul,visk§syl
vice-ministre,visministR
vice-premier,vispR°mje
vice-présidence,vispRezid@s
vice-président,vispRezid@
vice-recteur,visREkt9R
vice-roi,visRwa
vice-versa,visvERsa
vicelard,vis°laR
vicelardise,vis°laRdiz
vichy,viSi
vichysme,viSism
vichyssois,viSiswa
vichyste,viSist
vicier,visje
vicieusement,visj2z°m@
vicieux,visj2
vicinal,visinal
vicinalité,visinalite
vicissitude,visisityd
vicié,visje
vicomte,vik§t
vicomté,vik§te
victimaire,viktimER
victime,viktim
victimologie,viktimOlOZi
victoire,viktwaR
victoria,viktoRja
victorien,viktoRj5
victorieusement,viktoRj2z°m@
victorieux,viktoRj2
victuaille,vikt8aj
vidage,vidaZ
vidame,vidam
vidange,vid@Z
vidanger,vid@Ze
vidangeur,vid@Z9R
vide,vid
vide-gousset,vid°gusE
vide-greniers,vidgR2nje
vide-ordure,vidORdyR
vide-ordures,vidORdyR
vide-poche,vidpOS
vide-poches,vidpOS
vider,vide
videur,vid9R
vidicon,vidik§
viduité,vid8ite
vidé,vide
vidéaste,videast
vidéo,video
vidéo-clip,videoklip
vidéo-club,videokl9b
vidéo-espion,videoEspj§
vidéocassette,videokasEt
vidéoclip,videoklip
vidéoclub,videokl9b
vidéoconférence,videok§feR@s
vidéogramme,videOgRam
vidéophone,videofOn
vidéophonie,videOfOni
vidéosurveillance,videosyRvEj@s
vidéothèque,videotEk
vie,vi
vieil,vjEj
vieillard,vjEjaR
vieillerie,vjEj°Ri
vieillesse,vjEjEs
vieilli,vjeji
vieillir,vjejiR
vieillissant,vjejis@
vieillissement,vjejis°m@
vieillot,vjEjo
vielle,vjEl
vielleux,vjEl2
viennois,vjEnwa
viennoiserie,vjEnwaz°Ri
vierge,vjERZ
vietnamien,vjEtnamj5
vieux,vj2
vieux-rose,vj2Roz
vif,vif
vif-argent,vifaRZ@
vigie,viZi
vigil,viZil
vigilance,viZil@s
vigilant,viZil@
vigile,viZil
vigiler,viZile
vigne,viN
vigneron,viN°R§
vignette,viNEt
vignoble,viNObl
vigogne,vigON
vigoureusement,viguR2z°m@
vigoureux,viguR2
vigousse,vigus
vigueur,vig9R
viguier,vigje
viking,vikiG
vil,vil
vilain,vil5
vilainement,vilEn°m@
vilebrequin,vil°bR°k5
vilement,vil°m@
vilenie,vileni
vilipender,vilip@de
vilipendé,vilip@de
villa,villa
village,vilaZ
villageois,vilaZwa
ville,vil
ville-champignon,vilS@piN§
ville-dortoir,vildORtwaR
villette,vilEt
villégiature,vileZjatyR
villégiaturer,vileZjatyRe
vin,v5
vina,vina
vinaigre,vinEgR
vinaigrer,vinEgRe
vinaigrette,vinEgREt
vinasse,vinas
vindicatif,v5dikatif
vindicativement,v5dikativ°m@
vindicte,v5dikt
viner,vine
vineux,vin2
vingt,v5
vingt-cinq,v5ts5k
vingt-cinquième,v5ts5kjEm
vingt-deux,v5td2
vingt-deuxième,v5td2zjEm
vingt-et-un,v5te1
vingt-et-unième,v5teynjEm
vingt-huit,v5t8it
vingt-huitième,v5t8itjEm
vingt-neuf,v5tn9f
vingt-neuvième,v5tn9vjEm
vingt-quatre,v5tkatR
vingt-quatrième,v5tkatRijEm
vingt-sept,v5tsEt
vingt-septième,v5tsEtjEm
vingt-six,v5tsis
vingt-sixième,v5tsizjEm
vingt-trois,v5ttRwa
vingt-troisième,v5ttRwazjEm
vingtaine,v5tEn
vingtième,v5tjEm
vinicole,vinikOl
vins,v5
vintage,v5taZ
vinyle,vinil
vinylique,vinilik
vioc,vjOk
viocard,vjOkaR
viocque,vjOk
viol,vjOl
violacer,vjolase
violacé,vjolase
violation,vjolasj§
viole,vjOl
violemment,vjolam@
violence,vjol@s
violent,vjOl
violent,vjol@
violenter,vjol@te
violer,vjole
violet,vjolE
violette,vjolEt
violeur,vjol9R
violine,vjolin
violon,vjol§
violoncelle,vjol§sEl
violoncelliste,vjol§selist
violoneux,vjolon2
violoniste,vjolonist
violâtre,vjolatR
vioque,vjOk
viorne,vjORn
vipère,vipER
vipéreau,vipeRo
virage,viRaZ
virago,viRago
viral,viRal
vire,viR
virement,viR°m@
virer,viRe
virevoltant,viR°vOlt@
virevolte,viR°vOlt
virevolter,viR°vOlte
virgilien,viRZilj5
virginal,viRZinal
virginalement,viRZinal°m@
virginie,viRZini
virginien,viRZinj5
virginité,viRZinite
virgule,viRgyl
viril,viRil
virilement,viRil°m@
viriliser,viRilize
virilité,viRilite
virolet,viROlE
virologie,viRoloZi
virologiste,viROlOZist
virologue,viRolOg
virtualité,viRt8alite
virtuel,viRt8El
virtuellement,viRt8El°m@
virtuose,viRt8oz
virtuosité,viRt8ozite
virulence,viRyl@s
virulent,viRyl@
virus,viRys
virée,viRe
vis,vis
vis-à-vis,vizavi
visa,viza
visage,vizaZ
visagiste,vizaZist
viscose,viskoz
viscosité,viskozite
viscère,visER
viscéral,viseRal
viscéralement,viseRal°m@
viser,vize
viseur,viz9R
vishnouisme,viSnuism
visibilité,vizibilite
visible,vizibl
visiblement,vizibl°m@
visioconférence,vizjok§feR@s
vision,vizj§
visionnage,vizjonaZ
visionnaire,vizjonER
visionner,vizjone
visiophone,vizjofOn
visitation,vizitasj§
visite,vizit
visite-éclair,viziteklER
visiter,vizite
visiteur,vizit9R
visière,vizjER
vison,viz§
visqueux,visk2
visser,vise
visserie,vis°Ri
vissé,vise
vista,vista
visualisation,viz8alizasj§
visualiser,viz8alize
visuel,viz8El
visuellement,viz8El°m@
visé,vize
visée,vize
vital,vital
vitaliser,vitalize
vitalité,vitalite
vitamine,vitamin
vitaminer,vitamine
vitaminé,vitamine
vite,vit
vitellin,vitel5
vitement,vit°m@
vitesse,vitEs
viticole,vitikOl
viticulteur,vitikylt9R
viticulture,vitikyltyR
vitiligo,vitiligo
vitrage,vitRaZ
vitrail,vitRaj
vitrauphanie,vitRofani
vitre,vitR
vitreux,vitR2
vitrier,vitRije
vitrifier,vitRifje
vitrine,vitRin
vitriol,vitRijOl
vitrioler,vitRiole
vitriolique,vitRijOlik
vitrophanie,vitRofani
vitré,vitRe
vitupérer,vitypeRe
vivable,vivabl
vivace,vivas
vivacité,vivasite
vivandier,viv@dje
vivant,viv@
vivarium,vivaRjOm
vivat,viva
vivats,viva
vive,viv
vivement,viv°m@
viveur,viv9R
vivier,vivje
vivifiant,vivifj@
vivification,vivifikasj§
vivifier,vivifje
vivisecteur,vivisekt9R
vivisection,viviseksj§
vivoter,vivote
vivre,vivR
vizir,viziR
vlan,vl@
vlouf,vluf
vocable,vokabl
vocabulaire,vokabylER
vocal,vokal
vocalement,vokal°m@
vocalique,vokalik
vocalisation,vokalizasj§
vocalise,vokaliz
vocaliser,vokalize
vocaliste,vokalist
vocatif,vokatif
vocation,vokasj§
vociférant,vosifeR@
vocifération,vosifeRasj§
vociférer,vosifeRe
vocodeur,vOkOd9R
vodka,vOdka
vodou,vodu
voeu,v2
vogue,vOg
voguer,voge
voici,vwasi
voie,vwa
voilage,vwalaZ
voile,vwal
voiler,vwale
voilette,vwalEt
voilier,vwalje
voilure,vwalyR
voilà,vwala
voilé,vwale
voir,vwaR
voire,vwaR
voirie,vwaRi
voisin,vwaz5
voisinage,vwazinaZ
voisiner,vwazine
voiture,vwatyR
voiture-balai,vwatyRbalE
voiture-bar,vwatyRbaR
voiture-lit,vwatyRli
voiture-restaurant,vwatyRREstOR@
voiturer,vwatyRe
voiturette,vwatyREt
voiturier,vwatyRje
voiturin,vwatyR5
voix,vwa
voix-off,vwaOf
vol,vOl
vol-au-vent,volov@
volage,volaZ
volaille,volaj
volailler,volaje
volant,vol@
volapük,volapyk
volatil,volatil
volatile,volatil
volatilisation,volatilizasj§
volatiliser,volatilize
volatilité,volatilite
volcan,vOlk@
volcanique,vOlkanik
volcanologique,vOlkanoloZik
volcanologue,vOlkanolOg
vole,vOl
voler,vole
volerie,vOl°Ri
volet,volE
voletant,vOl°t@
voleter,vOl°te
voleur,vol9R
volige,voliZ
volition,volisj§
volière,voljER
volley,volE
volley-ball,volEbOl
volleyeur,volEj9R
volontaire,vol§tER
volontairement,vol§tER°m@
volontariat,vol§taRja
volontarisme,vol§taRizm
volontariste,vol§taRist
volontiers,vol§tje
volonté,vol§te
volt,vOlt
voltage,vOltaZ
voltaire,vOltER
voltairien,vOltERj5
voltaïque,vOltaik
volte,vOlt
volte-face,vOlt°fas
volter,vOlte
voltige,vOltiZ
voltigement,vOltiZ°m@
voltiger,vOltiZe
voltigeur,vOltiZ9R
voltmètre,vOltmEtR
volubile,volybil
volubilement,volybil°m@
volubilis,volybilis
volubilité,volybilite
volume,volym
volumineux,volymin2
volumique,vOlymik
volumétrique,volymetRik
voluptueusement,volypt82z°m@
voluptueux,volypt82
volupté,volypte
volute,volyt
volve,vOlv
volé,vole
volée,vole
volémie,vOlemi
vomi,vomi
vomique,vomik
vomir,vomiR
vomissant,vomis@
vomissement,vomis°m@
vomisseur,vomis9R
vomissure,vomisyR
vomitif,vomitif
vomito negro,vomitonegRo
vomitoire,vomitwaR
vopo,vopo
vorace,voRas
voracement,voRas°m@
voracité,voRasite
vortex,vORtEks
vos,vo
vosgien,voZj5
votant,vot@
vote,vOt
voter,vote
votif,votif
votre,vOtR
vouer,vwe
vouge,vuZ
vouivre,vwivR
vouloir,vulwaR
voulu,vuly
vous,vu
vous-même,vumEm
vous-mêmes,vumEm
voussoiement,vuswam@
voussoyer,vuswaje
voussure,vusyR
vouvoiement,vuvwam@
vouvoyer,vuvwaje
vouvray,vuvRE
voué,vwe
vox populi,vOkspopyli
voyage,vwajaZ
voyager,vwajaZe
voyageur,vwajaZ9R
voyance,vwaj@s
voyant,vwaj@
voyelle,vwajEl
voyer,vwaje
voyeur,vwaj9R
voyeurisme,vwaj9Rizm
voyou,vwaju
voyoucratie,vwajukRasi
voyouterie,vwajut°Ri
voyoutisme,vwajutizm
voïvodie,vojvOdi
voûte,vut
voûter,vute
voûté,vute
vrac,vRak
vrai,vRE
vrai-faux,vREfo
vraiment,vREm@
vraisemblable,vREs@blabl
vraisemblablement,vREs@blabl°m@
vraisemblance,vREs@bl@s
vraquier,vRakje
vrille,vRij
vrillement,vRij°m@
vriller,vRije
vrillette,vRijEt
vrillé,vRije
vrombir,vR§biR
vrombissant,vR§bis@
vrombissement,vR§bis°m@
vroom,vRum
vroum,vRum
vu,vy
vue,vy
vulcain,vylk5
vulcanienne,vylkanjEn
vulcanisation,vylkanizasj§
vulcaniser,vylkanize
vulcanisé,vylkanize
vulcanologue,vylkanolOg
vulgaire,vylgER
vulgairement,vylgER°m@
vulgarisation,vylgaRizasj§
vulgariser,vylgaRize
vulgarité,vylgaRite
vulgate,vylgat
vulgum pecus,vylgOmpekys
vulnérabilité,vylneRabilite
vulnérable,vylneRabl
vulnéraire,vylneRER
vulnérant,vylneR@
vulpin,vylp5
vulvaire,vylvER
vulve,vylv
vécu,veky
vécés,vese
végétal,veZetal
végétalien,veZetalj5
végétalisme,veZetalism
végétarien,veZetaRj5
végétarisme,veZetaRizm
végétatif,veZetatif
végétation,veZetasj§
végéter,veZete
véhicule,veikyl
véhiculer,veikyle
véhémence,veem@s
véhément,veem@
véhémentement,veem@t°m@
vélar,velaR
vélin,vel5
véliplanchiste,velipl@Sist
vélique,velik
vélo,velo
vélo-cross,velokROs
vélo-pousse,velopus
véloce,velOs
vélocement,velOs°m@
vélocipède,velosipEd
vélocipédique,velosipedik
vélocité,velosite
vélodrome,velodRom
vélomoteur,velomot9R
vélum,velOm
vénal,venal
vénalité,venalite
vénerie,vEn°Ri
véniel,venjEl
vénitien,venisj5
vénitienne,venisjEn
vénus,venys
vénusien,venyzj5
vénusté,venyste
vénéneux,venen2
vénérable,veneRabl
vénération,veneRasj§
vénérer,veneRe
vénérien,veneRj5
vénéré,veneRe
vénéréologie,veneReoloZi
vénézuélien,venez8elj5
vérace,veRas
véracité,veRasite
véranda,veR@da
véreux,veR2
véridique,veRidik
véridiquement,veRidik°m@
vérif,veRif
vérifiable,veRifjabl
vérificateur,veRifikat9R
vérification,veRifikasj§
vérifier,veRifje
vérifieur,veRifj9R
vérifié,veRifje
vérin,veR5
vériste,veRist
véritable,veRitabl
véritablement,veRitabl°m@
vérité,veRite
vérole,veROl
vérolé,veRole
véronal,veRonal
véronique,veRonik
vésanie,vezani
vésicatoire,vezikatwaR
vésiculaire,vezikylER
vésicule,vezikyl
vétille,vetij
vétilleux,vetij2
vétiver,vetive
vétuste,vetyst
vétusté,vetyste
vétyver,vetivER
vétéran,veteR@
vétérinaire,veteRinER
vêlage,vElaZ
vêler,vele
vêtement,vEt°m@
vêtir,vetiR
vêtu,vety
vêture,vEtyR
vôtre,votR
vôtres,votR
w,dubl°ve
wagnérien,vagneRj5
wagon,vag§
wagon-bar,vag§baR
wagon-lit,vag§li
wagon-lits,vag§li
wagon-restaurant,vag§REstoR@
wagon-salon,vag§sal§
wagonnet,vagonE
wait and see,wEjt5ndsi
wali,wali
walkie-talkie,wOlkitOlki
walkman,wOlkman
walkyrie,valkiRi
wall street,wOlstRit
wallaby,walabi
wallace,walas
wallon,wal§
walter,waltER
wapiti,wapiti
warning,waRniG
wassingue,was5g
water,watER
water-closet,watERklozEt
water-polo,watERpolo
waterman,wat2Rman
waterproof,watERpRuf
watt,wat
wattman,watman
wax,waks
way of life,wEjOflajf
web,wEb
webcam,wEbkam
week-end,wikEnd
weltanschauung,vEltanSawuG
welter,vElt9R
western,wEstERn
western-spaghetti,wEstERnspageti
westphalien,vEstpalj5
wharf,waRf
whig,wig
whipcord,wipkORd
whiskey,wiski
whiskies,wiski
whisky,wiski
whisky-soda,wiskisoda
whist,wist
white-spirit,wajtspiRit
wicket,wikEt
wigwam,wigwam
wildcat,wajldkat
wilhelmien,vilElmj5
willaya,wilEja
william,wiljam
williams,wiljams
winchester,wintSEstER
windsurf,winds9Rf
wintergreen,wint2RgRin
wishbone,wiSbon
wisigothique,vizigotik
witz,witz
wombat,w§ba
woofer,wuf9R
world music,w9Rldmjuzik
wouah,wa
wurtembergeois,vuRtEmbERZwa
x,iks
xavier,gzavje
xiang,gzj@g
xiphidion,gzifidj§
xiphoïde,ksifoid
xième,iksjEm
xylographie,ksilOgRafi
xylophone,gzilofOn
xylophoniste,gzilofonist
xylène,ksilEn
xénogenèse,gzenoZ°nEz
xénogreffe,gzenogREf
xénon,gzen§
xénophilie,gzenofili
xénophobe,gzenofOb
xénophobie,gzenofobi
xérographie,kseROgRafi
xérographique,gzeRogRafik
xérès,kseREs
y,i
ya,ja
yacht,jOt
yacht-club,jOtkl9b
yachting,jOtiG
yachtman,jOtman
yachtwoman,jOtwuman
yack,jak
yak,jak
yakitori,jakitORi
yakusa,jakuza
yakuza,jakuza
yali,jali
yama,jama
yang,j@g
yankee,j@ki
yaourt,jauRt
yard,jaR
yatagan,jatag@
yeah,jE
yearling,j9RliG
yen,jEn
yeshiva,jESiva
yeti,jeti
yeuse,j2z
yiddish,jidiS
yin,jin
ylang-ylang,il@il@
yo-yo,jojo
yodler,jOdle
yoga,joga
yoghourt,joguRt
yogi,jogi
yogourt,joguRt
yole,jOl
yom kippour,jOmkipuR
yom kippur,jOmkipuR
york,jORk
yorkshire,jORkSiR
you-you,juju
yougoslave,jugOslav
youp,jup
youpi,jupi
youpin,jup5
yourte,juRt
youtre,jutR
youyou,juju
yoyo,jojo
ypérite,ipeRit
yuan,jyan
yucca,juka
yue,jy
yuppie,jupi
yé-yé,jeje
yéti,jeti
yéyé,jeje
z,zEd
zaibatsu,zajbatsu
zain,z5
zakouski,zakuski
zani,zani
zanimaux,zanimo
zanzi,z@zi
zanzibar,z@zibaR
zapper,zape
zappeur,zap9R
zapping,zapiG
zarabe,zaRab
zarbi,zaRbi
zazou,zazu
zaïrois,zaiRwa
zeb,zEb
zef,zEf
zelle,zEl
zemstvo,zemstvo
zen,zEn
zeppelin,zEp°l5
zest,zEst
zeste,zEst
zester,zEste
zibeline,zib°lin
zicmu,zikmy
zieuter,zj2te
zig,zig
zig-zig,zigzig
ziggourat,ziguRat
zigomar,zigomaR
zigoto,zigoto
zigouiller,ziguje
zigounette,zigunEt
zigue,zig
zigzag,zigzag
zigzagant,zigzag@
zigzaguer,zigzage
zinc,z5g
zingage,z5gaZ
zingaro,zingaRo
zinnia,zinja
zinzin,z5z5
zinzolin,z5zol5
zip,zip
zipper,zipe
zircon,ziRk§
zirconium,ziRkonjom
zizanie,zizani
zizi,zizi
zizique,zizik
zloty,zloti
zob,zOb
zodiac,zOdjak
zodiacal,zodjakal
zodiaque,zodjak
zombi,z§bi
zombie,z§bi
zombification,z§bifikasj§
zona,zona
zonage,zonaZ
zonal,zonal
zonard,zonaR
zone,zon
zoner,zone
zoning,zoniG
zonzon,z§z§
zoo,zoo
zoologie,zooloZi
zoologique,zooloZik
zoologiste,zooloZist
zoologue,zoolOg
zoom,zum
zoomer,zume
zoophile,zoofil
zoophilie,zoofili
zoreille,zOREj
zorille,zoRij
zoroastrien,zoRoastRij5
zoroastrisme,zoRoastRizm
zou,zu
zouave,zwav
zouk,zuk
zoulou,zulu
zoziaux,zozjo
zozo,zozo
zozotement,zozOt°m@
zurichois,zyRikwa
zut,zyt
zydeco,zid2ko
zyeuter,zj2te
zygoma,zigoma
zygomatique,zigomatik
zygote,zigOt
zyklon,zikl§
zzz,z
zzzz,z
zèbre,zEbR
zèle,zEl
zébrer,zebRe
zébrure,zebRyR
zébré,zebRe
zébu,zeby
zélateur,zelat9R
zélote,zelOt
zélé,zele
zénana,zenana
zénith,zenit
zéphire,zefiR
zéphyr,zefiR
zéro,zeRo
zézaiement,zezEm@
zézayer,zezeje
zézette,zezEt
à,a
à brûle-pourpoint,abRylpuRpw5
à cloche-pied,aklOSpje
à cropetons,akROp°t§
à croupetons,akRup°t§
à fortiori,afORsjoRi
à giorno,adZjORno
à glagla,aglagla
à jeun,aZ1
à l'aveuglette,alav9glEt
à l'encan,al@k@
à l'encontre,al@k§tR
à l'envi,al@vi
à l'improviste,al5pRovist
à l'instar,al5staR
à la daumont,aladom§
à la saint-glinglin,alas5gl5gl5
à leur encontre,al9R@k§tR
à lurelure,alyR°lyR
à mon encontre,am§n@k§tR
à notre encontre,anOtR@k§tR
à rebrousse-poil,aR°bRuspwal
à son encontre,as§n@k§tR
à tire-larigot,atiRlaRigo
à ton encontre,at§n@k§tR
à touche-touche,atuStuS
à tue-tête,atytEt
à tâtons,atat§
à votre encontre,avOtR@k§tR
à-coup,aku
à-côté,akote
à-dieu-vat,adj2va
à-peu-près,ap2pRE
à-pic,apik
à-plat,apla
à-propos,apRopo
à-valoir,avalwaR
âcre,akR
âcrement,akR°m@
âcreté,akR°te
âge,aZ
âgisme,aZism
âgé,aZe
âme,am
âme-soeur,ams9R
âne,an
ânerie,an°Ri
ânesse,anEs
ânier,anje
ânon,an§
ânonnement,anOn°m@
ânonner,anone
âpre,apR
âprement,apR°m@
âpreté,apR°te
âtre,atR
ça,sa
çruti,sRyti
çà,sa
ère,ER
ès,Es
ève,Ev
é,e
ébahi,ebai
ébahir,ebaiR
ébahissement,ebais°m@
ébarbage,ebaRbaZ
ébarber,ebaRbe
ébattre,ebatR
ébaubi,ebobi
ébauche,eboS
ébaucher,eboSe
ébauché,eboSe
éberluer,ebERl8e
éberlué,ebERl8e
ébloui,eblui
éblouir,ebluiR
éblouissant,ebluis@
éblouissement,ebluis°m@
ébonite,ebonit
éborgner,ebORNe
éboueur,ebw9R
ébouillanter,ebuj@te
ébouillanté,ebuj@te
éboulement,ebul°m@
ébouler,ebule
éboulis,ebuli
ébouriffant,ebuRif@
ébouriffer,ebuRife
ébouriffé,ebuRife
ébouser,ebuze
ébouzer,ebuze
ébranchement,ebR@S°m@
ébrancher,ebR@Se
ébranché,ebR@Se
ébranlement,ebR@l°m@
ébranler,ebR@le
ébriété,ebRijete
ébrouement,ebRum@
ébrouer,ebRue
ébruiter,ebR8ite
ébrécher,ebReSe
ébréchure,ebReSyR
ébréché,ebReSe
ébullition,ebylisj§
ébène,ebEn
ébéniste,ebenist
ébénisterie,ebenist°Ri
écaillage,ekajaZ
écaille,ekaj
écailler,ekaje
écailleur,ekaj9R
écailleux,ekaj2
écaillure,ekajyR
écaillé,ekaje
écale,ekal
écaler,ekale
écarlate,ekaRlat
écarquillement,ekaRkij°m@
écarquiller,ekaRkije
écart,ekaR
écarteler,ekaRt°le
écartelé,ekaRt°le
écartement,ekaRt°m@
écarter,ekaRte
écarteur,ekaRt9R
écartèlement,ekaRtEl°m@
écarté,ekaRte
écervelé,esERv°le
échafaud,eSafo
échafaudage,eSafodaZ
échafauder,eSafode
échalas,eSala
échalier,eSalje
échalote,eSalOt
échancrer,eS@kRe
échancrure,eS@kRyR
échancré,eS@kRe
échange,eS@Z
échanger,eS@Ze
échangeur,eS@Z9R
échangisme,eS@Zizm
échangiste,eS@Zist
échanson,eS@s§
échantillon,eS@tij§
échantillonnage,eS@tijonaZ
échappatoire,eSapatwaR
échappement,eSap°m@
échapper,eSape
échappé,eSape
échappée,eSape
écharde,eSaRd
écharner,eSaRne
écharpe,eSaRp
écharper,eSaRpe
échasse,eSas
échassier,eSasje
échauder,eSode
échaudé,eSode
échauffement,eSofm@
échauffer,eSofe
échauffourée,eSofuRe
échauguette,eSogEt
échec,eSEk
échelle,eSEl
échelon,eS°l§
échelonner,eS°lone
écher,eSe
écheveau,ES°vo
écheveler,eS°v°le
échevellement,eS°vEl°m@
échevelé,eS°v°le
échevin,ES°v5
échine,eSin
échiner,eSine
échiquier,eSikje
écho,eko
échocardiogramme,ekokaRdjOgRam
échocardiographie,ekokaRdjOgRafi
échographie,ekogRafi
échographier,ekogRafje
échographiste,ekogRafist
échoir,eSwaR
écholocalisation,ekolOkalizasj§
écholocation,ekolOkasj§
échoppe,eSOp
échotier,ekotje
échouage,eSwaZ
échouement,eSum@
échouer,eSwe
échéance,eSe@s
échéancier,eSe@sje
échéant,eSe@
éclaboussant,eklabus@
éclaboussement,eklabus°m@
éclabousser,eklabuse
éclaboussure,eklabusyR
éclair,eklER
éclairage,eklERaZ
éclairagiste,eklERaZist
éclairant,eklER@
éclaircie,eklERsi
éclaircir,eklERsiR
éclaircissage,eklERsisaZ
éclaircissement,eklERsis°m@
éclaire,eklER
éclairement,eklER°m@
éclairer,ekleRe
éclaireur,eklER9R
éclairé,ekleRe
éclampsie,ekl@psi
éclamptique,ekl@ptik
éclat,ekla
éclatage,eklataZ
éclatant,eklat@
éclatement,eklat°m@
éclater,eklate
éclaté,eklate
éclectique,eklEktik
éclectisme,eklEktizm
éclipse,eklips
éclipser,eklipse
écliptique,ekliptik
éclisse,eklis
écloper,eklOpe
éclopé,eklope
éclore,eklOR
éclos,eklo
éclosion,eklozj§
écluse,eklyz
écluser,eklyze
éclusier,eklyzje
écoeurant,ek9R@
écoeurement,ek9R°m@
écoeurer,ek9Re
écoeuré,ek9Re
écoinçon,ekw5s§
école,ekOl
écolier,ekolje
écolo,ekolo
écologie,ekoloZi
écologique,ekoloZik
écologiquement,ekoloZik°m@
écologiste,ekoloZist
éconduire,ek§d8iR
éconocroques,ekOnOkROk
économat,ekonoma
économe,ekonOm
économie,ekonomi
économique,ekonomik
économiquement,ekonomik°m@
économiser,ekonomize
économiseur,ekonomiz9R
économisme,ekonomizm
économiste,ekonomist
écope,ekOp
écoper,ekope
écorce,ekORs
écorcer,ekORse
écorchage,ekORSaZ
écorchement,ekORS°m@
écorcher,ekORSe
écorcherie,ekORS°Ri
écorcheur,ekORS9R
écorchure,ekORSyR
écorché,ekORSe
écorcé,ekORse
écorner,ekORne
écornifler,ekORnifle
écorné,ekORne
écosphère,ekosfER
écossais,ekosE
écosse,ekOs
écosser,ekose
écosystème,ekosistEm
écot,eko
écotone,ekOtOn
écoulement,ekul°m@
écouler,ekule
écoulé,ekule
écourter,ekuRte
écourté,ekuRte
écoutant,ekut@
écoute,ekut
écouter,ekute
écouteur,ekut9R
écoutille,ekutij
écouvillon,ekuvij§
écrabouillage,ekRabujaZ
écrabouillement,ekRabuj°m@
écrabouiller,ekRabuje
écran,ekR@
écrasage,ekRazaZ
écrasant,ekRaz@
écrase-merde,ekRazmERd
écrasement,ekRaz°m@
écraser,ekRaze
écraseur,ekRaz9R
écrasure,ekRazyR
écrasé,ekRaze
écrevisse,ekR°vis
écrier,ekRije
écrin,ekR5
écrire,ekRiR
écrit,ekRi
écriteau,ekRito
écritoire,ekRitwaR
écriture,ekRityR
écrivailler,ekRivaje
écrivailleur,ekRivaj9R
écrivaillon,ekRivaj§
écrivain,ekRiv5
écriveur,ekRiv9R
écrou,ekRu
écrouelles,ekRuEl
écrouer,ekRue
écroulement,ekRul°m@
écrouler,ekRule
écru,ekRy
écrémage,ekRemaZ
écrémer,ekReme
écrêter,ekREte
écu,eky
écubier,ekybje
écueil,ek9j
écuelle,ek8El
écuellée,ek8Ele
éculer,ekyle
éculé,ekyle
écumant,ekym@
écume,ekym
écumer,ekyme
écumeur,ekym9R
écumeux,ekym2
écumoire,ekymwaR
écureuil,ekyR9j
écurie,ekyRi
écusson,ekys§
écuyer,ek8ije
édam,edam
éden,edEn
édenté,ed@te
édicter,edikte
édicule,edikyl
édifiant,edifj@
édification,edifikasj§
édifice,edifis
édifier,edifje
édilitaire,edilitER
édit,edi
éditer,edite
éditeur,edit9R
édition,edisj§
édito,edito
éditorial,editoRjal
éditorialiste,editoRjalist
édredon,edR°d§
éducable,edykabl
éducateur,edykat9R
éducatif,edykatif
éducation,edykasj§
éducationnel,edykasjOnEl
éduen,edy5
édulcorant,edylkoR@
édulcorer,edylkoRe
éduquer,edyke
édénique,edenik
égailler,egeje
égal,egal
égalable,egalabl
également,egal°m@
égaler,egale
égalisateur,egalizat9R
égalisation,egalizasj§
égaliser,egalize
égaliseur,egaliz9R
égalitaire,egalitER
égalitarisme,egalitaRizm
égalité,egalite
égard,egaR
égarement,egaR°m@
égarer,egaRe
égaré,egaRe
égayer,egeje
égide,eZid
égipan,eZip@
églantier,egl@tje
églantine,egl@tin
église,egliz
églogue,eglOg
égocentrique,egos@tRik
égocentrisme,egos@tRizm
égocentriste,egos@tRist
égorgement,egORZ°m@
égorgeoir,egORZwaR
égorger,egORZe
égorgeur,egORZ9R
égosiller,egozije
égotisme,egotizm
égotiste,egotist
égout,egu
égoutier,egutje
égouttement,egut°m@
égoutter,egute
égouttis,eguti
égouttoir,egutwaR
égoïne,egoin
égoïsme,egoizm
égoïste,egoist
égoïstement,egoist°m@
égrainer,egREne
égratigner,egRatiNe
égratignure,egRatiNyR
égrenage,egR°naZ
égrener,egR°ne
égrillard,egRijaR
égrotant,egRot@
égyptien,eZipsj5
égyptologie,eZiptoloZi
égyptologue,eZiptolOg
égérie,eZeRi
éhonté,e§te
éjaculat,eZakyla
éjaculateur,eZakylat9R
éjaculation,eZakylasj§
éjaculer,eZakyle
éjectable,eZEktabl
éjecter,eZEkte
éjecteur,eZEkt9R
éjection,eZEksj§
élaboration,elaboRasj§
élaborer,elaboRe
élaboré,elaboRe
élagage,elagaZ
élaguer,elage
élagueur,elag9R
élan,el@
élancement,el@s°m@
élancer,el@se
élancé,el@se
élargir,elaRZiR
élargissement,elaRZis°m@
élasticimétrie,elastisimetRi
élasticité,elastisite
élastique,elastik
élastomère,elastomER
électeur,elEkt9R
électif,elEktif
élection,elEksj§
électivement,elEktiv°m@
électoral,elEktoRal
électoralement,elEktoRal°m@
électorat,elEktoRa
électricien,elEktRisj5
électricité,elEktRisite
électrification,elEktRifikasj§
électrifier,elEktRifje
électrique,elEktRik
électriquement,elEktRik°m@
électrisant,elEktRiz@
électrisation,elEktRizasj§
électriser,elEktRize
électro-acoustique,elEktRoakustik
électro-aimant,elEktRoEm@
électro-encéphalogramme,elEktRo@sefalogRam
électroacoustique,elEktRoakustik
électroaimant,elEktRoEm@
électrobiologie,elEktRobjoloZi
électrocardiogramme,elEktRokaRdiogRam
électrochimie,elEktRoSimi
électrochimique,elEktRoSimik
électrochoc,elEktRoSOk
électrocuter,elEktRokyte
électrocution,elEktRokysj§
électrode,elEktROd
électrodynamique,elEktRodinamik
électroencéphalogramme,elEktRo@sefalogRam
électroencéphalographie,elEktRo@sefalOgRafi
électrogène,elEktRoZEn
électrologie,elEktROlOZi
électrolyse,elEktRoliz
électrolyte,elEktRolit
électrolytique,elEktRolitik
électromagnétique,elEktRomaNetik
électromagnétisme,elEktRomaNetizm
électromètre,elEktROmEtR
électroménager,elEktRomenaZe
électron,elEktR§
électronicien,elEktRonisj5
électronique,elEktRonik
électroniquement,elEktRonik°m@
électronucléaire,elEktRonykleER
électrophone,elEktRofOn
électrophorèse,elEktROfOREz
électrostatique,elEktRostatik
électrum,elEktROm
élevage,El°vaZ
élever,El°ve
éleveur,El°v9R
élevé,El°ve
éliciter,elisite
éligibilité,eliZibilite
éligible,eliZibl
élimer,elime
éliminateur,eliminat9R
élimination,eliminasj§
éliminatoire,eliminatwaR
éliminer,elimine
éliminé,elimine
élimé,elime
élingue,el5g
élire,eliR
élisabéthain,elizabet5
élite,elit
élitisme,elitizm
élitiste,elitist
élixir,eliksiR
élocution,elokysj§
éloge,elOZ
élogieux,eloZj2
éloignement,elwaN°m@
éloigner,elwaNe
éloigné,elwaNe
élongation,el§gasj§
éloquemment,elokam@
éloquence,elok@s
éloquent,elok@
élu,ely
élucidation,elysidasj§
élucider,elyside
élucubration,elykybRasj§
élucubrer,elykybRe
éluder,elyde
élysée,elize
élyséen,elize5
élytre,elitR
élève,elEv
élégamment,elegam@
élégance,eleg@s
élégant,eleg@
élégiaque,eleZjak
élégie,eleZi
élément,elem@
élément-clé,elem@kle
élémentaire,elem@tER
élémentarité,elem@taRite
éléphant,elef@
éléphanteau,elef@to
éléphantesque,elef@tEsk
éléphantiasique,elef@tjazik
éléphantiasis,elef@tjazis
élévateur,elevat9R
élévation,elevasj§
émacié,emasje
émail,emaj
émailler,emaje
émaillé,emaje
émanation,emanasj§
émancipateur,em@sipat9R
émancipation,em@sipasj§
émanciper,em@sipe
émancipé,em@sipe
émaner,emane
émargement,emaRZ°m@
émarger,emaRZe
émasculation,emaskylasj§
émasculer,emaskyle
émeraude,Em°Rod
émergeant,emERZ@
émergence,emERZ@s
émergent,emERZ@
émerger,emERZe
émergé,emERZe
émeri,Em°Ri
émerillon,Em°Rij§
émerillonné,Em°Rijone
émersion,emERsj§
émerveillement,emERvEj°m@
émerveiller,emERveje
émetteur,emet9R
émetteur-récepteur,emet9RResEpt9R
émettre,emEtR
émeu,em2
émeute,em2t
émeutier,em2tje
émiettement,emjEt°m@
émietter,emjete
émigrant,emigR@
émigration,emigRasj§
émigrer,emigRe
émigré,emigRe
émilien,emilj5
émincer,em5se
émincé,em5se
éminemment,eminam@
éminence,emin@s
éminent,emin@
émir,emiR
émirat,emiRa
émissaire,emisER
émission,emisj§
émoi,emwa
émollient,emolj@
émonder,em§de
émondeur,em§d9R
émotif,emotif
émotion,emosj§
émotionnel,emosjonEl
émotionnellement,emosjonEl°m@
émotivité,emotivite
émoulu,emuly
émoussement,emus°m@
émousser,emuse
émoussé,emuse
émoustillant,emustij@
émoustiller,emustije
émouvant,emuv@
émouvoir,emuvwaR
ému,emy
émulation,emylasj§
émule,emyl
émuler,emyle
émulsifiant,emylsifj@
émulsifier,emylsifje
émulsion,emylsj§
éméché,emeSe
émérite,emeRit
émétine,emetin
émétique,emetik
énamouré,enamuRe
énarque,enaRk
énergie,enERZi
énergique,enERZik
énergiquement,enERZik°m@
énergisant,enERZiz@
énergumène,enERgymEn
énergétique,enERZetik
énervant,enERv@
énervement,enERv°m@
énerver,enERve
énervé,enERve
énigmatique,enigmatik
énigmatiquement,enigmatik°m@
énigme,enigm
énième,EnjEm
énoncer,en§se
énonciation,en§sjasj§
énoncé,en§se
énorme,enORm
énormité,enORmite
énormément,enORmem@
énucléation,enykleasj§
énucléer,enyklee
énumération,enymeRasj§
énumérer,enymeRe
énurésie,enyRezi
énurétique,enyRetik
éocène,eOsEn
éolien,eolj5
éon,e§
éonisme,eonizm
éosine,eOzin
épagneul,epaN9l
épais,epE
épaissement,epEs°m@
épaisseur,epEs9R
épaissir,epesiR
épaississement,epesis°m@
épanchement,ep@S°m@
épancher,ep@Se
épandage,ep@daZ
épandeur,ep@d9R
épandre,ep@dR
épanoui,epanwi
épanouir,epanwiR
épanouissant,epanwis@
épanouissement,epanwis°m@
épargnant,epaRN@
épargne,epaRN
épargner,epaRNe
éparpillement,epaRpij°m@
éparpiller,epaRpije
éparpillé,epaRpije
épars,epaR
épart,epaR
épastrouillant,epastRuj@
épatamment,epatam@
épatant,epat@
épate,epat
épatement,epat°m@
épater,epate
épateur,epat9R
épaté,epate
épaulard,epolaR
épaule,epol
épaulement,epol°m@
épauler,epole
épaulette,epolEt
épaulière,epoljER
épaulé,epole
épave,epav
épeautre,epotR
épectase,epEktaz
épeichette,epESEt
épeire,epER
épeler,ep°le
épellation,epElasj§
épendyme,ep@dim
éperdu,epERdy
éperdument,epERdym@
éperlan,epERl@
éperon,ep°R§
éperonner,ep°Rone
épervier,epERvje
épervière,epERvjER
épeurer,ep9Re
éphèbe,efEb
éphébie,efebi
éphédrine,efedRin
éphémère,efemER
éphémèrement,efemER°m@
éphéméride,efemeRid
épi,epi
épicanthus,epik@tys
épice,epis
épicemard,epis°maR
épicentre,epis@tR
épicer,epise
épicerie,epis°Ri
épicier,episje
épicondyle,epik§dil
épicurien,epikyRj5
épicurisme,epikyRizm
épicé,epise
épicéa,episea
épiderme,epidERm
épidermique,epidERmik
épididyme,epididim
épidural,epidyRal
épidémie,epidemi
épidémiologie,epidemjoloZi
épidémiologique,epidemjOlOgik
épidémiologiste,epidemjoloZist
épidémique,epidemik
épier,epje
épierrer,epjeRe
épieu,epj2
épieux,epj2
épigastre,epigastR
épigastrique,epigastRik
épiglotte,epiglOt
épigone,epigon
épigramme,epigRam
épigraphe,epigRaf
épigraphie,epigRafi
épilateur,epilat9R
épilation,epilasj§
épilatoire,epilatwaR
épilepsie,epilEpsi
épileptiforme,epilEptifORm
épileptique,epilEptik
épiler,epile
épilogue,epilOg
épiloguer,epiloge
épinaie,epinE
épinard,epinaR
épine,epin
épine-vinette,epinvinEt
épinette,epinEt
épineux,epin2
épinglage,ep5glaZ
épingle,ep5gl
épingler,ep5gle
épinglette,ep5glEt
épinglé,ep5gle
épiphane,epifan
épiphanie,epifani
épiphylle,epifil
épiphysaire,epifizER
épiphyse,epifiz
épiphyte,epifit
épiphénomène,epifenomEn
épiploon,epiplun
épique,epik
épiscopal,episkopal
épiscopalien,episkopalj5
épiscopat,episkopa
épisiotomie,epizjotomi
épisode,epizOd
épisodique,epizodik
épisodiquement,epizodik°m@
épisser,epise
épistolaire,epistolER
épistolier,epistolje
épistémologie,epistemoloZi
épistémologique,epistemoloZik
épitaphe,epitaf
épithalame,epitalam
épithète,epitEt
épithélial,epiteljal
épithélioma,epiteljoma
épithélium,epiteljOm
épitoge,epitOZ
épitomé,epitome
éploré,eploRe
éployer,eplwaje
épluchage,eplySaZ
épluche-légumes,eplySlegym
éplucher,eplySe
éplucheur,eplyS9R
épluchure,eplySyR
éponge,ep§Z
épongeage,ep§ZaZ
éponger,ep§Ze
éponyme,eponim
épopée,epope
époque,epOk
épouillage,epujaZ
épouiller,epuje
époumoner,epumone
épousable,epuzabl
épousailles,epuzaj
épouser,epuze
épouseur,epuz9R
époussetage,epustaZ
épousseter,epuste
époustouflant,epustufl@
époustoufler,epustufle
épousée,epuze
épouvantable,epuv@tabl
épouvantablement,epuv@tabl°m@
épouvantail,epuv@taj
épouvante,epuv@t
épouvantement,epuv@t°m@
épouvanter,epuv@te
épouvanté,epuv@te
époux,epu
époxy,epOksi
époxyde,epOksid
éprendre,epR@dR
épreuve,epR9v
épris,epRi
éprouvant,epRuv@
éprouver,epRuve
éprouvette,epRuvEt
éprouvé,epRuve
épucer,epyse
épuisant,ep8iz@
épuisement,ep8iz°m@
épuiser,ep8ize
épuisette,ep8izEt
épuisé,ep8ize
épulie,epyli
épurateur,epyRat9R
épuration,epyRasj§
épure,epyR
épurer,epyRe
épée,epe
épéiste,epeist
épître,epitR
équanimité,ekwanimite
équarisseur,ekaRis9R
équarri,ekaRi
équarrir,ekaRiR
équarrissage,ekaRisaZ
équarrisseur,ekaRis9R
équateur,ekwat9R
équation,ekwasj§
équatorial,ekwatoRjal
équatorien,ekwatoRj5
équerrage,ekERaZ
équerre,ekER
équestre,ekEstR
équeuter,ek2te
équidistance,ek8idist@s
équidistant,ek8idist@
équilatéral,ek8ilateRal
équilibrage,ekilibRaZ
équilibre,ekilibR
équilibrer,ekilibRe
équilibreur,ekilibR9R
équilibrisme,ekilibRizm
équilibriste,ekilibRist
équilibré,ekilibRe
équin,ekin
équinoxe,ekinOks
équipage,ekipaZ
équipe,ekip
équipement,ekip°m@
équiper,ekipe
équipier,ekipje
équipé,ekipe
équipée,ekipe
équitable,ekitabl
équitablement,ekitabl°m@
équitation,ekitasj§
équité,ekite
équivalence,ekival@s
équivalent,ekival@
équivaloir,ekivalwaR
équivoque,ekivOk
équivoquer,ekivOke
érable,eRabl°
éradicateur,eRadikat9R
éradication,eRadikasj§
éradiquer,eRadike
érafler,eRafle
éraflure,eRaflyR
érailler,eRaje
éraillé,eRaje
érectile,eREktil
érection,eREksj§
éreintant,eR5t@
éreintement,eR5t°m@
éreinter,eR5te
éreinteur,eR5t9R
éreinté,eR5te
ériger,eRiZe
éroder,eRode
érodé,eRode
érogène,eRoZEn
éros,eRos
érosion,eRozj§
érotique,eRotik
érotiquement,eRotik°m@
érotiser,eRotize
érotisme,eRotizm
érotomane,eRotoman
érotomanie,eRotomani
éructation,eRyktasj§
éructer,eRykte
érudit,eRydi
érudition,eRydisj§
éruption,eRypsj§
érythromycine,eRitRomisin
érythrophobie,eRitRofObi
érythème,eRitEm
érythémateux,eRitemat2
ésotérique,ezoteRik
ésotérisme,ezoteRizm
étable,etabl
établi,etabli
établir,etabliR
établissement,etablis°m@
étage,etaZ
étagère,etaZER
étagé,etaZe
étai,etE
étain,et5
étal,etal
étalage,etalaZ
étalagiste,etalaZist
étale,etal
étalement,etal°m@
étaler,etale
étalon,etal§
étalonnage,etalonaZ
étalonner,etalone
étambot,et@bo
étameur,etam9R
étamine,etamin
étamé,etame
étanche,et@S
étanchement,et@S°m@
étancher,et@Se
étanchéité,et@Seite
étang,et@
étançon,et@s§
étape,etap
état,eta
état-civil,etasivil
état-major,etamaZOR
étatique,etatik
étatisation,etatizasj§
étatisme,etatizm
étau,eto
étayage,etejaZ
étayer,eteje
éteignoir,etENwaR
éteindre,et5dR
éteint,et5
étendage,et@daZ
étendard,et@daR
étendoir,et@dwaR
étendre,et@dR
étendu,et@dy
étendue,et@dy
éternel,etERnEl
éternellement,etERnEl°m@
éterniser,etERnize
éternité,etERnite
éternuement,etERnym@
éternuer,etERn8e
éteule,et9l
éthane,etan
éthanol,etanOl
éther,etER
éthiopien,etjopj5
éthique,etik
éthiquement,etik°m@
éthologie,etoloZi
éthologue,EtOlOg
éthyle,etil
éthylique,etilik
éthylisme,etilizm
éthylotest,etilOtEst
éthylène,etilEn
éthérique,eteRik
éthéré,eteRe
étiage,etjaZ
étier,etje
étincelant,et5s°l@
étinceler,et5s°le
étincelle,et5sEl
étincellement,et5sEl°m@
étiolement,etjOl°m@
étioler,etjole
étiologie,etjOlOZi
étiologique,etjOlOZik
étique,etik
étiquetage,etik°taZ
étiqueter,etik°te
étiquette,etikEt
étirable,etiRabl
étirage,etiRaZ
étirement,etiR°m@
étirer,etiRe
étisie,etizi
étoffe,etOf
étoffer,etofe
étoffé,etofe
étoile,etwal
étoilé,etwale
étole,etOl
étonnamment,etonam@
étonnant,eton@
étonnement,etOn°m@
étonner,etone
étonné,etone
étouffant,etuf@
étouffe-chrétien,etufkRetj5
étouffement,etufm@
étouffer,etufe
étouffeur,etuf9R
étouffoir,etufwaR
étouffé,etufe
étouffée,etufe
étoupe,etup
étourderie,etuRd°Ri
étourdi,etuRdi
étourdiment,etuRdim@
étourdir,etuRdiR
étourdissant,etuRdis@
étourdissement,etuRdis°m@
étourneau,etuRno
étrange,etR@Z
étrangement,etR@Z°m@
étranger,etR@Ze
étrangeté,etR@Z°te
étranglement,etR@gl°m@
étrangler,etR@gle
étrangleur,etR@gl9R
étranglé,etR@gle
étrangéité,etR@Zeite
étrave,etRav
étreindre,etR5dR
étreinte,etR5t
étrenne,etREn
étrenner,etRene
étrier,etRije
étrillage,etRijaZ
étrille,etRij
étriller,etRije
étripage,etRipaZ
étriper,etRipe
étriqué,etRike
étrivière,etRivjER
étroit,etRwa
étroitement,etRwat°m@
étroitesse,etRwatEs
étron,etR§
étrusque,etRysk
étrécir,etResiR
étrécissement,etResis°m@
étrésillon,etRezij§
étude,etyd
étudiant,etydj@
étudier,etydje
étudié,etydje
étui,et8i
étuve,etyv
étuver,etyve
étuvée,etyve
étymologie,etimoloZi
étymologique,etimoloZik
étymologiquement,etimoloZik°m@
étymologiste,etimoloZist
été,ete
évacuation,evak8asj§
évacuer,evak8e
évacué,evak8e
évader,evade
évadé,evade
évaluateur,eval8at9R
évaluation,eval8asj§
évaluer,eval8e
évanescence,evanes@s
évanescent,evanes@
évangile,ev@Zil
évangéliaire,ev@ZeljER
évangélique,ev@Zelik
évangélisateur,ev@Zelizat9R
évangélisation,ev@Zelizasj§
évangéliser,ev@Zelize
évangéliste,ev@Zelist
évanoui,evanwi
évanouir,evanuiR
évanouissement,evanwis°m@
évaporateur,evapoRat9R
évaporation,evapoRasj§
évaporer,evapoRe
évaporé,evapoRe
évasement,evaz°m@
évaser,evaze
évasif,evazif
évasion,evazj§
évasivement,evaziv°m@
évasé,evaze
éveil,evEj
éveillant,evEj@
éveiller,eveje
éveilleur,evEj9R
éveillé,eveje
éveinage,evEnaZ
évent,ev@
éventail,ev@taj
éventaire,ev@tER
éventer,ev@te
éventration,ev@tRasj§
éventrement,ev@tR°m@
éventrer,ev@tRe
éventreur,ev@tR9R
éventré,ev@tRe
éventualité,ev@t8alite
éventuel,ev@t8El
éventuellement,ev@t8El°m@
éventé,ev@te
évergète,evERZEt
éversé,evERse
évertuer,evERtye
éviction,eviksj§
évidement,evid°m@
évidemment,evidam@
évidence,evid@s
évident,evid@
évider,evide
évidé,evide
évier,evje
évincer,ev5se
éviscération,eviseRasj§
éviscérer,eviseRe
évitable,evitabl
évitement,evit°m@
éviter,evite
évitée,evite
évocateur,evokat9R
évocation,evokasj§
évoluer,evol8e
évolutif,evolytif
évolution,evolysj§
évolutionniste,evolysjonist
évolué,evol8e
évoquer,evoke
évènement,evEn°m@
événement,evEn°m@
événementiel,even°m@sjEl
évêché,eveSe
évêque,evEk
éwé,eve
être,EtR
être-là,EtRla
île,il
îlette,ilEt
îlot,ilo
îlotier,ilotje
ô,o
ôter,ote
ôté,ote
