message,mesaZ
meilleur,mEj9R
mer,mER
rêve,REv
effet,efE
vie,vi
froid,fRwa
sorte,sORt
cadeau,kado
bordel,bORdEl
doute,dut
occuper,okype
oeil,9j
vraiment,vREm@
scène,sEn
finir,finiR
carte,kaRt
pourtant,puRt@
pareil,paREj
joli,Zoli
soirée,swaRe
armée,aRme
chacun,Sak1
coin,kw5
triste,tRist
comment,kom@
gagner,gaNe
commencer,kom@se
agent,aZ@
rendez-vous,R@devu
exemple,Egz@pl
debout,d°bu
peut-être,p2tEtR
faux,fo
normal,nORmal
aimer,eme
groupe,gRup
professeur,pRofEs9R
carrément,kaRem@
cheminée,S°mine
briquet,bRikE
quête,kEt
allonger,al§Ze
eux-mêmes,2mEm
pressé,pRese
caporal,kapoRal
morgue,mORg
soie,swa
augmenter,ogm@te
chantier,S@tje
k,ka
parier,paRje
syndicat,s5dika
trottoir,tRotwaR
réagir,ReaZiR
académie,akademi
balcon,balk§
lire,liR
allée,ale
aspect,aspE
séparation,sepaRasj§
panneau,pano
attacher,ataSe
gant,g@
échanger,eS@Ze
draguer,dRage
mouchoir,muSwaR
dénoncer,den§se
fixe,fiks
vase,vaz
complot,k§plo
intervenir,5tERv°niR
philosophie,filozofi
bracelet,bRas°lE
chanteur,S@t9R
légal,legal
quelconque,kElk§k
appuyer,ap8ije
coincer,kw5se
attrape,atRap
soudain,sud5
parrain,paR5
ressentir,R°s@tiR
toilette,twalEt
funérailles,fyneRaj
mars,maRs
señor,seNOR
création,kReasj§
final,final
hall,ol
troupeau,tRupo
éclat,ekla
exceptionnel,EksEpsjonEl
dit,di
bétail,betaj
commettre,komEtR
positif,pozitif
espagnol,EspaNOl
sucer,syse
facteur,fakt9R
déposition,depozisj§
humble,1bl
industrie,5dystRi
terrasse,tERas
évacuer,evak8e
afin que,af5k
candidat,k@dida
conflit,k§fli
rencard,R@kaR
plainte,pl5t
barrage,baRaZ
crapaud,kRapo
délicat,delika
messager,mesaZe
satisfaire,satisfER
spécialement,spesjal°m@
interrogatoire,5tERogatwaR
mélange,mel@Z
recette,R°sEt
infection,5fEksj§
désagréable,dezagReabl
officiel,ofisjEl
paye,pEj
épouvantable,epuv@tabl
barque,baRk
discret,diskRE
laid,lE
signaler,siNale
sublime,syblim
tombeau,t§bo
opportunité,opORtynite
évasion,evazj§
absent,aps@
engagement,@gaZ°m@
profession,pRofEsj§
soi-disant,swadiz@
plafond,plaf§
effrayer,efREje
capacité,kapasite
argent,aRZ@
engin,@Z5
futur,fytyR
saisir,seziR
déconner,dekone
chiffre,SifR
poignard,pwaNaR
horloge,ORlOZ
album,albOm
loyauté,lwajote
plonger,pl§Ze
resto,REsto
document,dokym@
définitivement,definitiv°m@
armé,aRme
audition,odisj§
accomplir,ak§pliR
honorable,onoRabl
ouah,wa
provoquer,pRovoke
racheter,RaS°te
scotch,skOtS
beau-père,bopER
judiciaire,ZydisjER
slip,slip
total,total
nièce,njEs
conviction,k§viksj§
vif,vif
cinquante,s5k@t
découverte,dekuvERt
colonne,kolOn
culot,kylo
gage,gaZ
pourri,puRi
ruine,R8in
sieste,sjEst
valet,valE
serveur,sERv9R
boxe,bOks
moitié,mwatje
économie,ekonomi
proie,pRwa
respiration,REspiRasj§
gym,Zim
social,sosjal
lent,l@
ail,aj
beau-frère,bofRER
cuire,k8iR
soda,soda
flûte,flyt
lis,lis
réunir,ReyniR
dessiner,desine
démarrer,demaRe
us,ys
grille,gRij
intime,5tim
bingo,biGo
renseigner,R@seNe
extrême,EkstREm
chauffer,Sofe
modeste,modEst
armoire,aRmwaR
consulter,k§sylte
expédition,Ekspedisj§
grenier,gR°nje
sacrifier,sakRifje
brute,bRyt
individu,5dividy
mont,m§
rabbin,Rab5
bac,bak
glisser,glise
refus,R°fy
soit,swa
comparer,k§paRe
plante,pl@t
fois,fwa
absolument,apsolym@
habitude,abityd
pouvoir,puvwaR
avocat,avoka
expliquer,Eksplike
quelque,kElk
connaître,konEtR
santé,s@te
clair,klER
impression,5pResj§
quitter,kite
père,pER
les,le
pute,pyt
bouche,buS
village,vilaZ
loi,lwa
autour,otuR
s',s
dame,dam
visite,vizit
enfer,@fER
trop,tRo
dieu,dj2
oublier,ublije
monter,m§te
cheval,S°val
marcher,maRSe
cuisine,k8izin
chez,Se
simplement,s5pl°m@
vue,vy
écrire,ekRiR
bon,b§
aux,o
peau,po
dangereux,d@Z°R2
moi-même,mwamEm
pire,piR
monde,m§d
tenir,t°niR
rencontrer,R@k§tRe
forme,fORm
continuer,k§tin8e
compris,k§pRi
l',l
meurtre,m9RtR
crime,kRim
selon,s°l§
a,a
femme,fam
sûr,syR
sérieux,seRj2
vin,v5
appel,apEl
lieutenant,lj2t°n@
mission,misj§
matelas,mat°la
mallette,malEt
mi,mi
banc,b@
grotte,gROt
stratégie,stRateZi
habituer,abit8e
certitude,sERtityd
délai,delE
jambon,Z@b§
météo,meteo
selle,sEl
gênant,ZEn@
soviétique,sovjetik
souhaiter,swete
vocation,vokasj§
interne,5tERn
ambassade,@basad
réduire,Red8iR
atterrissage,ateRisaZ
conte,k§t
priorité,pRijoRite
profondeur,pRof§d9R
historique,istoRik
mordre,mORdR
triomphe,tRij§f
ouest,wEst
remise,R°miz
réussite,Reysit
cheville,S°vij
contrairement,k§tRER°m@
dinde,d5d
novembre,nov@bR
van,van
dépenser,dep@se
miséricorde,mizeRikORd
bouquet,bukE
pelle,pEl
disponible,disponibl
supérieur,sypeRj9R
blond,bl§
hache,aS
tester,tEste
physiquement,fizik°m@
fatigue,fatig
spécialité,spesjalite
muet,m8E
avertissement,avERtis°m@
cortex,kORtEks
quantité,k@tite
stable,stabl
bavarder,bavaRde
hou,u
quatrième,katRijEm
casquette,kaskEt
destinée,destine
intuition,5t8isj§
artillerie,aRtij°Ri
lancement,l@s°m@
arrangement,aR@Z°m@
boucle,bukl
exister,Egziste
motel,motEl
phénomène,fenomEn
typique,tipik
char,SaR
géant,Ze@
neuf,n9f
orbite,ORbit
verdict,vERdikt
pigeon,piZ§
absolu,apsoly
aspirine,aspiRin
décembre,des@bR
saint,s5
craquer,kRake
indispensable,5disp@sabl
conscient,k§sj@
religieux,R°liZj2
chantage,S@taZ
gus,gys
coke,kok
comptoir,k§twaR
lard,laR
prophète,pRofEt
détresse,detREs
littérature,liteRatyR
vulgaire,vylgER
commercial,komERsjal
sonnette,sonEt
chiant,Sj@
concentration,k§s@tRasj§
différemment,difeRam@
maillot,majo
navette,navEt
richesse,RiSEs
suspect,syspE
vaste,vast
compétition,k§petisj§
dealer,dil9R
fournir,fuRniR
mannequin,man°k5
original,oRiZinal
atroce,atROs
compagnon,k§paN§
architecte,aRSitEkt
charbon,SaRb§
criminel,kRiminEl
hémorragie,emoRaZi
amende,am@d
attentivement,at@tiv°m@
graisse,gREs
bijou,biZu
logement,lOZ°m@
taureau,toRo
boy,bOj
impact,5pakt
longueur,l§g9R
violer,vjole
col,kOl
fusillade,fyzijad
minus,minys
emmerder,@mERde
habit,abi
janvier,Z@vje
plat,pla
venue,v°ny
berger,bERZe
négatif,negatif
quelques-uns,kElk°z1
libération,libeRasj§
sperme,spERm
vider,vide
fée,fe
silencieux,sil@sj2
compliment,k§plim@
galaxie,galaksi
connu,kony
sévère,sevER
tatouage,tatwaZ
torturer,tORtyRe
bandit,b@di
chèvre,SEvR
tronche,tR§S
addition,adisj§
balai,balE
humide,ymid
sauf,sof
prévoir,pRevwaR
dégager,degaZe
bravo,bRavo
c,s
commentaire,kom@tER
crochet,kRoSE
flèche,flES
moine,mwan
mèche,mES
planque,pl@k
souris,suRi
inquiétude,5kjetyd
sauvetage,sov°taZ
conclusion,k§klyzj§
jésus,Zezy
bazar,bazaR
constamment,k§stam@
douzaine,duzEn
former,fORme
quarante,kaR@t
relax,R°laks
mémé,meme
requin,R°k5
steak,stEk
confusion,k§fyzj§
dynamite,dinamit
papillon,papij§
décoller,dekole
pénis,penis
confesser,k§fese
las,la
lessive,lesiv
nerf,nER
paie,pE
pois,pwa
ruse,Ryz
artistique,aRtistik
crayon,kREj§
entretenir,@tR°t°niR
sirène,siREn
alerte,alERt
deal,dil
fondre,f§dR
radar,RadaR
international,5tERnasjonal
out,awt
février,fevRije
perruque,pERyk
adulte,adylt
bouquin,buk5
démolir,demoliR
gardien,gaRdj5
grippe,gRip
refuge,R°fyZ
psychopathe,psikopat
ultime,yltim
éternellement,etERnEl°m@
surprendre,syRpR@dR
tout,tu
rouge,RuZ
ouvrir,uvRiR
près,pRE
réponse,Rep§s
long,l§
porter,poRte
homme,Om
bruit,bR8i
magnifique,maNifik
bonheur,bon9R
celui-là,s°l8ila
que,k°
sympa,s5pa
balle,bal
bord,bOR
accord,akOR
retourner,R°tuRne
garde,gaRd
danger,d@Ze
exact,Egzakt
terrible,tERibl
dedans,d°d@
pitié,pitje
vivant,viv@
liberté,libERte
besoin,b°zw5
ses,se
battre,batR
surprise,syRpRiz
trou,tRu
grand-père,gR@pER
nez,ne
boîte,bwat
vol,vOl
là-dedans,lad°d@
mademoiselle,mad°mwazEl
suivre,s8ivR
bas,ba
but,byt
poser,poze
vendre,v@dR
servir,sERviR
derrière,dERjER
écouter,ekute
voilà,vwala
être,EtR
d',d
marché,maRSe
robe,ROb
poste,pOst
journal,ZuRnal
avenir,av°niR
grand-mère,gR@mER
seconde,s°g§d
noir,nwaR
hors,OR
cour,kuR
vent,v@
radio,Radjo
joie,Zwa
parole,paROl
étrange,etR@Z
banque,b@k
courage,kuRaZ
tante,t@t
classe,klas
secours,s°kuR
emmener,@m°ne
fenêtre,f°nEtR
danser,d@se
ambition,@bisj§
pleuvoir,pl2vwaR
caserne,kazERn
diamant,djam@
portail,pORtaj
boulot,bulo
jet,dZEt
tribu,tRiby
voter,vote
adresser,adRese
colle,kOl
ordonnance,ORdon@s
quant,k@
degré,d°gRe
farine,faRin
oreiller,oReje
ronde,R§d
récolte,RekOlt
bouc,buk
célébrer,selebRe
fouet,fwE
pathétique,patetik
promis,pRomi
repérer,R°peRe
vice-président,vispRezid@
épidémie,epidemi
franchir,fR@SiR
invention,5v@sj§
tomate,tomat
clope,klOp
entraîneur,@tREn9R
fourgon,fuRg§
rupture,RyptyR
évolution,evolysj§
convoi,k§vwa
min,min
développer,dev°lope
inscrire,5skRiR
appui,ap8i
carnaval,kaRnaval
critique,kRitik
injection,5ZEksj§
édition,edisj§
blues,bluz
jusque-là,Zysk°la
saoul,su
structure,stRyktyR
ballet,balE
enlèvement,@lEv°m@
horizon,oRiz§
tambour,t@buR
clou,klu
généralement,ZeneRal°m@
revue,R°vy
transmettre,tR@smEtR
bidon,bid§
canon,kan§
fascinant,fasin@
flash,flaS
vice,vis
çà,sa
débat,deba
familier,familje
allergique,alERZik
héritier,eRitje
massage,masaZ
nier,nje
obsession,Opsesj§
requête,R°kEt
anonyme,anonim
balance,bal@s
gonzesse,g§zEs
cogner,koNe
media,medja
rhume,Rym
dépêche,depES
grandeur,gR@d9R
japonais,ZaponE
seize,sEz
marquer,maRke
veau,vo
embêter,@bete
psychiatrique,psikjatRik
excès,EksE
âgé,aZe
duc,dyk
perfection,pERfEksj§
quasiment,kazim@
sieur,sj9R
décevoir,dEs°vwaR
remarque,R°maRk
défaite,defEt
noeud,n2
réchauffer,ReSofe
séduire,sed8iR
botter,bote
concept,k§sEpt
saigner,seNe
transmission,tR@smisj§
autel,otEl
décharge,deSaRZ
vieillard,vjEjaR
adversaire,advERsER
clan,kl@
fermé,fERme
fréquence,fRek@s
gratitude,gRatityd
représentation,R°pRez@tasj§
risqué,Riske
hold-up,Old9p
impatience,5pasj@s
piqûre,pikyR
t-shirt,tiS9Rt
cicatrice,sikatRis
enregistrer,@R°ZistRe
gravité,gRavite
jurer,ZyRe
nuque,nyk
conclure,k§klyR
billard,bijaR
distraire,distRER
prononcer,pRon§se
quarantaine,kaR@tEn
revoilà,R°vwala
résidence,Rezid@s
haleine,alEn
manager,manadZ9R
barman,baRman
exécuter,Egzekyte
reprocher,R°pRoSe
dodo,dodo
dépêcher,depeSe
basque,bask
festival,fEstival
féminin,femin5
insensé,5s@se
migraine,migREn
colis,koli
cote,kOt
renfort,R@fOR
effraction,efRaksj§
confus,k§fy
liquide,likid
nettoyage,netwajaZ
x,iks
dope,dOp
entrepôt,@tR°po
hypothèse,ipotEz
missile,misil
répugnant,RepyN@
valable,valabl
défilé,defile
farce,faRs
fiche,fiS
étouffer,etufe
contrôleur,k§tRol9R
parcours,paRkuR
photographie,fotogRafi
préfet,pRefE
voire,vwaR
group,gRup
localiser,lokalize
nommer,nome
toucher,tuSe
visible,vizibl
bougie,buZi
disposer,dispoze
député,depyte
impatient,5pasj@
serrure,seRyR
mépris,mepRi
sinistre,sinistR
forteresse,fORt°REs
jazz,dZaz
boudu,budy
chapelle,SapEl
justifier,Zystifje
licence,lis@s
morphine,mORfin
option,Opsj§
saucisse,sosis
mesdemoiselles,mEd°mwazEl
bicyclette,bisiklEt
centrale,s@tRal
démission,demisj§
barrière,baRjER
coach,kotS
transporter,tR@spORte
serré,sERe
crack,kRak
démonstration,dem§stRasj§
pousse,pus
règne,REN
brosse,bROs
dramatique,dRamatik
enquêter,@kete
frangin,fR@Z5
guider,gide
instituteur,5stityt9R
mule,myl
pacte,pakt
procurer,pRokyRe
authentique,ot@tik
bourreau,buRo
légiste,leZist
coutume,kutym
repasser,R°pase
égoïste,egoist
assassinat,asasina
confirmer,k§fiRme
préserver,pRezERve
adopter,adOpte
cash,kaS
harper,aRpe
regret,R°gRE
élite,elit
trajet,tRaZE
chameau,Samo
ruiner,R8ine
dorénavant,doRenav@
honnêteté,onEtte
intense,5t@s
imposer,5poze
homo,omo
méfier,mefje
céder,sede
honteux,§t2
if,if
phare,faR
pressentiment,pRes@tim@
sentence,s@t@s
embarquer,@baRke
loterie,lOt°Ri
boucher,buSe
décollage,dekolaZ
esclavage,EsklavaZ
infirmerie,5fiRm°Ri
bizarrement,bizaR°m@
crépuscule,kRepyskyl
là-dessous,lad°su
récit,Resi
conquérir,k§keRiR
pacha,paSa
fâché,faSe
féliciter,felisite
pyjama,piZama
relais,R°lE
description,deskRipsj§
initiative,inisjativ
baise,bEz
coucher,kuSe
privilège,pRivilEZ
vaurien,voRj5
enthousiasme,@tuzjasm
papi,papi
fixer,fikse
inhabituel,inabit8El
inspiration,5spiRasj§
pauvreté,povR°te
pâte,pat
solaire,solER
assemblée,as@ble
fureur,fyR9R
satisfaction,satisfaksj§
brebis,bR°bi
seau,so
sûreté,syR°te
baby-sitter,babisit9R
circuit,siRk8i
ennuyer,@n8ije
fardeau,faRdo
renverser,R@vERse
tailleur,taj9R
treize,tREz
tes,te
laisse,lEs
appartement,apaRt°m@
envoyer,@vwaje
ligne,liN
probablement,pRobabl°m@
société,sosjete
incroyable,5kRwajabl
parmi,paRmi
bande,b@d
liste,list
déjà,deZa
compagnie,k§paNi
conseil,k§sEj
clé,kle
beauté,bote
bière,bjER
vrai,vRE
avoir,avwaR
mère,mER
colère,kolER
voler,vole
thé,te
là-haut,lao
signe,siN
flic,flik
départ,depaR
adresse,adREs
époque,epOk
vaisseau,vEso
autre,otR
plusieurs,plyzj9R
tel,tEl
victime,viktim
héros,eRo
système,sistEm
sept,sEt
quel,kEl
juste,Zyst
mieux,mj2
art,aR
douleur,dul9R
avance,av@s
travers,tRavER
différent,difeR@
descendre,des@dR
tas,ta
certain,sERt5
capable,kapabl
asseoir,aswaR
pote,pOt
vos,vo
tort,tOR
chanson,S@s§
j,Z
inspecteur,5spEkt9R
inutile,inytil
jour,ZuR
où,u
marier,maRje
cool,kul
intérêt,5teRE
contrôle,k§tRol
amoureux,amuR2
quelqu'un,kElk1
fille,fij
beaucoup,boku
gosse,gOs
pain,p5
salope,salOp
protéger,pRoteZe
cinéma,sinema
justement,Zyst°m@
donc,d§k
club,kl9b
utiliser,ytilize
été,ete
pleurer,pl2Re
rôle,Rol
copain,kop5
cacher,kaSe
des,de
e,2
preuve,pR9v
conduire,k§d8iR
blague,blag
église,egliz
bar,baR
stupide,stypid
indigne,5diN
kit,kit
soudainement,sudEn°m@
cachet,kaSE
fabriquer,fabRike
inspection,5spEksj§
banlieue,b@lj2
gentillesse,Z@tijEs
invasion,5vazj§
inévitable,inevitabl
égalité,egalite
baseball,bezbol
grange,gR@Z
ignoble,iNObl
ranch,R@nS
bip,bip
fédéral,fedeRal
pénétrer,penetRe
visiblement,vizibl°m@
apparition,apaRisj§
formulaire,fORmylER
arbitre,aRbitR
oubli,ubli
poursuite,puRs8it
boucler,bukle
break,bREk
instruction,5stRyksj§
marais,maRE
observation,opsERvasj§
pétasse,petas
analyser,analize
jardinier,ZaRdinje
scanner,skanER
épargner,epaRNe
bonbon,b§b§
diabolique,djabolik
rassembler,Ras@ble
thanksgiving,t@ksgiviG
vis,vis
enfoncer,@f§se
identification,id@tifikasj§
championnat,S@pjona
sympathie,s5pati
étrangler,etR@gle
cracher,kRaSe
difficulté,difikylte
ducon,dyk§
soi-même,swamEm
déclarer,deklaRe
détention,det@sj§
mérite,meRit
publier,pyblije
bataillon,bataj§
durée,dyRe
garantie,gaR@ti
éditeur,edit9R
peloton,p°lot§
reculer,R°kyle
réservoir,RezERvwaR
spirituel,spiRit8El
cargaison,kaRgEz§
courant,kuR@
doué,dwe
mac,mak
moyenne,mwajEn
navré,navRe
rond,R§
salir,saliR
boum,bum
librement,libR°m@
moulin,mul5
mâchoire,maSwaR
cuisinier,k8izinje
hôtesse,otEs
psychologique,psikoloZik
sur-le-champ,syRl°S@
extra,EkstRa
escroc,EskRo
grossier,gRosje
pureté,pyR°te
vermine,vERmin
égard,egaR
insulter,5sylte
papy,papi
rancune,R@kyn
gangster,g@gstER
loto,loto
procéder,pRosede
bec,bEk
calmement,kalm°m@
coco,koko
faillite,fajit
mériter,meRite
berceau,bERso
chips,Sips
constitution,k§stitysj§
hospitalité,Ospitalite
humiliation,ymiljasj§
prostitution,pROstitysj§
confiture,k§fityR
info,5fo
manoeuvre,man9vR
périmètre,peRimEtR
torche,tORS
complexe,k§plEks
garer,gaRe
quatorze,katORz
tumeur,tym9R
avant-hier,av@tjER
escorte,EskORt
crash,kRaS
trêve,tREv
immobile,imobil
plancher,pl@Se
claire,klER
hyper,ipER
obligation,obligasj§
rien,Rj5
celles-ci,sElsi
climat,klima
fosse,fOs
buffet,byfE
calibre,kalibR
charrette,SaREt
consoler,k§sole
développement,dev°lOp°m@
grossesse,gRosEs
mesurer,m°zyRe
monstrueux,m§stRy2
plongée,pl§Ze
blouson,bluz§
bonnet,bonE
châtiment,Satim@
cocktail,kOktEl
fontaine,f§tEn
néant,ne@
soulager,sulaZe
augmentation,ogm@tasj§
froc,fROk
raide,REd
automatique,otomatik
cambriolage,k@bRijolaZ
cavalerie,kaval°Ri
offenser,of@se
raccompagner,Rak§paNe
substance,sypst@s
fonctionner,f§ksjone
indépendance,5dep@d@s
balade,balad
exposer,Ekspoze
obstacle,Opstakl
britannique,bRitanik
pape,pap
étang,et@
accoucher,akuSe
autrui,otR8i
coté,kote
ruban,Ryb@
corruption,koRypsj§
ignorance,iNoR@s
référence,RefeR@s
temporaire,t@poRER
malle,mal
merdique,mERdik
rapprocher,RapRoSe
via,vja
wagon,vag§
épave,epav
épicerie,epis°Ri
yacht,jOt
admirer,admiRe
delta,dElta
fier,fje
achever,aS°ve
braquage,bRakaZ
encre,@kR
gerber,ZERbe
module,modyl
plume,plym
opposer,opoze
sensé,s@se
minou,minu
marrer,maRe
menton,m@t§
parvenir,paRv°niR
patte,pat
recours,R°kuR
gravement,gRav°m@
raclée,Rakle
omelette,om°lEt
techniquement,tEknik°m@
béton,bet§
batte,bat
choeur,k9R
contraire,k§tRER
fondation,f§dasj§
registre,R°ZistR
souper,supe
tremblement,tR@bl°m@
blanche,bl@S°
botte,bOt
hockey,OkE
poignet,pwaNE
remuer,R°m8e
altitude,altityd
chargement,SaRZ°m@
gratuitement,gRat8it°m@
parapluie,paRapl8i
trembler,tR@ble
harmonie,aRmoni
posséder,posede
svp,Esvepe
détester,detEste
légèrement,leZER°m@
montage,m§taZ
révolte,RevOlt
cristal,kRistal
centaine,s@tEn
génétique,Zenetik
maïs,mais
piéger,pjeZe
boxeur,bOks9R
ex-femme,Eksfam
grenade,gR°nad
hostile,Ostil
paisible,pezibl
péril,peRil
vague,vag
apparaître,apaREtR
impasse,5pas
obliger,obliZe
accéder,aksede
andouille,@duj
arabe,aRab
brochant,bRoS@
caviar,kavjaR
coupure,kupyR
fusion,fyzj§
pellicule,pelikyl
rhum,ROm
réflexion,ReflEksj§
marbre,maRbR
polonais,polonE
représentant,R°pRez@t@
touché,tuSe
butin,byt5
laine,lEn
compromis,k§pRomi
cueillir,k9jiR
guise,giz
souffler,sufle
tueuse,t82z
diagnostic,djagnostik
fiction,fiksj§
municipal,mynisipal
gâchis,gaSi
plaisanter,plEz@te
institution,5stitysj§
pris,pRi
accro,akRo
commencement,kom@s°m@
meuf,m9f
odieux,odj2
brisé,bRize
intact,5takt
surnom,syRn§
percer,pERse
ring,RiG
mourant,muR@
aimé,eme
capturer,kaptyRe
cerf,sER
duel,d8El
passionnant,pasjon@
quitte,kit
tyran,tiR@
têtu,tety
vapeur,vap9R
apercevoir,apERs°vwaR
assassiner,asasine
réplique,Replik
gin,dZin
générosité,ZeneRozite
crocodile,kRokodil
repousser,R°puse
vertige,vERtiZ
visa,viza
vortex,vORtEks
éponge,ep§Z
cinquième,s5kjEm
honorer,onoRe
office,ofis
dépasser,depase
grec,gREk
piloter,pilote
surpris,syRpRi
établissement,etablis°m@
dimension,dim@sj§
déterminer,detERmine
pilule,pilyl
ruisseau,R8iso
traumatisme,tRomatizm
banane,banan
insister,5siste
noblesse,noblEs
semer,s°me
économique,ekonomik
bosse,bOs
croyable,kRwajabl
mouton,mut§
épais,epE
évacuation,evak8asj§
peigne,pEN
choper,Sope
foin,fw5
inconscient,5k§sj@
limonade,limonad
rassurer,RasyRe
conséquent,k§sek@
coopérer,koopeRe
local,lokal
campus,k@pys
revivre,R°vivR
badge,badZ
distributeur,distRibyt9R
mètre,mEtR
pique,pik
rive,Riv
sonnerie,sOn°Ri
téléphonique,telefonik
admirable,admiRabl
comporter,k§pORte
décrocher,dekRoSe
géomètre,ZeomEtR
sexualité,seks8alite
séquence,sek@s
touchant,tuS@
décor,dekOR
imiter,imite
sacrément,sakRem@
sembler,s@ble
concurrence,k§kyR@s
emplacement,@plas°m@
fusée,fyze
infâme,5fam
ironie,iRoni
pourboire,puRbwaR
prétendre,pRet@dR
vulnérable,vylneRabl
gens,Z@
gouvernement,guvERn°m@
dimanche,dim@S
contact,k§takt
dommage,domaZ
taxi,taksi
lait,lE
demande,d°m@d
devant,d°v@
monsieur,m°sj2
langue,l@g
mur,myR
calme,kalm
sentir,s@tiR
huit,8it
droite,dRwat
lune,lyn
match,matS
glace,glas
comme,kOm
ah,a
petit,p°ti
maison,mEz§
sauter,sote
épouser,epuze
raconter,Rak§te
répondre,Rep§dR
chat,Sa
cerveau,sERvo
espoir,EspwaR
certains,sERt5
marre,maR
couleur,kul9R
importance,5pORt@s
combat,k§ba
dossier,dosje
horrible,oRibl
ridicule,Ridikyl
bonjour,b§ZuR
mémoire,memwaR
solution,solysj§
quels,kEl
faîte,fEt
juge,ZyZ
immédiatement,imedjat°m@
papier,papje
reine,REn
présenter,pRez@te
nuit,n8i
soir,swaR
peur,p2R
empêcher,@peSe
environ,@viR§
expérience,EkspeRj@s
to,to
manière,manjER
mille,mil
occasion,okazj§
planète,planEt
position,pozisj§
quartier,kaRtje
certainement,sERtEn°m@
pardon,paRd§
sous-titrage,sutitRaZ
décision,desizj§
soin,sw5
merveilleux,mERvEj2
riche,RiS
mort,mOR
foi,fwa
jardin,ZaRd5
maman,mam@
ouais,wE
blanc,bl@
enquête,@kEt
éviter,evite
client,klij@
poisson,pwas§
centre,s@tR
chier,Sje
métier,metje
bonne,bOn
dingue,d5g
nom,n§
nos,no
soldat,sOlda
celle-là,sElla
tueur,t89R
attaque,atak
regard,R°gaR
arrivé,aRive
sur,syR
maladie,maladi
réalité,Realite
offrir,ofRiR
quelle,kEl
magasin,magaz5
prochain,pRoS5
dire,diR
destin,dest5
fil,fil
formidable,fORmidabl
base,baz
différence,difeR@s
ramener,Ram°ne
image,imaZ
bête,bEt
spectacle,spEktakl
couteau,kuto
tourner,tuRne
justice,Zystis
bus,bys
humain,ym5
bain,b5
goût,gu
respect,REspE
pont,p§
sexe,sEks
discuter,diskyte
déjeuner,deZ9ne
entendu,@t@dy
idiot,idjo
chaud,So
île,il
détruire,detR8iR
camion,kamj§
opération,opeRasj§
dégoût,degu
réglo,Reglo
semblable,s@blabl
contenter,k§t@te
largement,laRZ°m@
nuire,n8iR
pisse,pis
psychologue,psikolOg
virage,viRaZ
adjoint,adZw5
appât,apa
confort,k§fOR
impressionner,5pResjone
futé,fyte
maestro,maEstRo
manifestation,manifEstasj§
calcul,kalkyl
sapin,sap5
élection,elEksj§
évader,evade
about,abu
max,maks
peignoir,pENwaR
redoutable,R°dutabl
étroit,etRwa
faculté,fakylte
civil,sivil
ras,Ra
soulever,sul°ve
conséquence,k§sek@s
exil,Egzil
haïr,aiR
mater,mate
éclairer,ekleRe
celles-là,sElla
débarquer,debaRke
marine,maRin
spatial,spasjal
enculer,@kyle
nourrice,nuRis
raisin,REz5
rechercher,R°SERSe
abuser,abyze
corriger,koRiZe
dizaine,dizEn
laser,lazER
loyal,lwajal
manoir,manwaR
sauveur,sov9R
viser,vize
étendre,et@dR
aveu,av2
orphelinat,ORf°lina
supprimer,sypRime
compréhension,k§pRe@sj§
danseur,d@s9R
district,distRikt
déshabiller,dezabije
envoler,@vole
investir,5vEstiR
maîtriser,metRize
permanence,pERman@s
surmonter,syRm§te
vivement,viv°m@
costaud,kOsto
loger,loZe
mental,m@tal
soumettre,sumEtR
sécher,seSe
tournoi,tuRnwa
unir,yniR
écho,eko
amer,amER
discrètement,diskREt°m@
dépit,depi
tentation,t@tasj§
poussin,pus5
sobre,sObR
gibier,Zibje
manifestement,manifEst°m@
pourrir,puRiR
grade,gRad
maximum,maksimOm
agressif,agREsif
crève,kREv
indien,5dj5
indiquer,5dike
round,Rund
soupçon,sups§
distinguer,dist5ge
dé,de
grenouille,gR°nuj
purée,pyRe
convention,k§v@sj§
lécher,leSe
massacrer,masakRe
respectable,REspEktabl
script,skRipt
économiser,ekonomize
chargé,SaRZe
ennemi,En°mi
matos,matos
régulièrement,RegyljER°m@
sensibilité,s@sibilite
gendre,Z@dR
jument,Zym@
kid,kid
louche,luS
toubib,tubib
trompette,tR§pEt
écureuil,ekyR9j
assumer,asyme
cruauté,kRyote
sirop,siRo
tout-puissant,tup8is@
agenda,aZ5da
cycle,sikl
hosto,Osto
ressort,R°sOR
souhait,swE
confidentiel,k§fid@sjEl
humilier,ymilje
malchance,malS@s
rude,Ryd
baguette,bagEt
exercer,EgzERse
impeccable,5pekabl
perche,pERS
poire,pwaR
racaille,Rakaj
roll,ROl
caresser,kaRese
craie,kRE
modèle,modEl
stand,st@d
statut,staty
thon,t§
aborder,abORde
toutou,tutu
pneu,pn2
presser,pRese
psychologie,psikoloZi
shopping,SOpiG
adapter,adapte
bilan,bil@
fiançailles,fij@saj
isolement,izOl°m@
pitoyable,pitwajabl
reflet,R°flE
suggestion,sygZEstj§
bâtir,batiR
fracture,fRaktyR
franchise,fR@Siz
manger,m@Ze
payé,peje
pince,p5s
signification,siNifikasj§
soucier,susje
tantôt,t@to
internet,5tERnEt
nécessité,nesesite
poisse,pwas
scolaire,skolER
ardeur,aRd9R
brise,bRiz
ciment,sim@
cure,kyR
habile,abil
hystérique,isteRik
alimentation,alim@tasj§
antique,@tik
considérer,k§sideRe
fax,faks
stérile,steRil
terrorisme,tERoRizm
avenue,av°ny
compartiment,k§paRtim@
cocaïne,kokain
fantaisie,f@tezi
pique-nique,piknik
surf,s9Rf
ôter,ote
fourrure,fuRyR
songer,s§Ze
bled,blEd
incroyablement,5kRwajabl°m@
condamner,k§dane
gérant,ZeR@
réaliste,Realist
arroser,aRoze
colonie,koloni
gendarme,Z@daRm
mou,mu
répandre,Rep@dR
sud,syd
trajectoire,tRaZEktwaR
nature,natyR
pianiste,pjanist
présentation,pRez@tasj§
redevenir,R°d°v°niR
régner,ReNe
graine,gREn
square,skwaR
tram,tRam
aigle,Egl
explorer,EksploRe
ouh,u
précision,pResizj§
arnaque,aRnak
cire,siR
vieillir,vjejiR
gêner,Zene
obligé,obliZe
sculpture,skyltyR
accouchement,akuS°m@
barbecue,baRb°kju
bouchon,buS§
d,d
perspective,pERspEktiv
carnage,kaRnaZ
déception,desEpsj§
emménager,@menaZe
insecte,5sEkt
nonne,nOn
alias,aljas
pieu,pj2
punk,p1k
seuil,s9j
valse,vals
volume,volym
énigme,enigm
hangar,@gaR
noter,note
provisoire,pRovizwaR
sabre,sabR
étiquette,etikEt
chauve-souris,SovsuRi
détour,detuR
gentilhomme,Z@tijOm
guérison,geRiz§
imposteur,5pOst9R
policier,polisje
détente,det@t
fichier,fiSje
manie,mani
oie,wa
paroisse,paRwas
offense,of@s
raccrocher,RakRoSe
sang-froid,s@fRwa
échouer,eSwe
abîmer,abime
cape,kap
chimique,Simik
marin,maR5
conserver,k§sERve
pavillon,pavij§
z,zEd
étudiant,etydj@
affiche,afiS
artifice,aRtifis
esclave,Esklav
mécanicien,mekanisj5
représenter,R°pRez@te
calendrier,kal@dRije
convenable,k§v°nabl
fatal,fatal
hymne,imn
institut,5stity
lueur,l89R
nage,naZ
toutefois,tut°fwa
coude,kud
fiable,fjabl
moral,moRal
biologique,bjoloZik
contre,k§tR
estime,Estim
habituel,abit8El
menacer,m°nase
bander,b@de
clôture,klotyR
gagné,gaNe
correspondance,koREsp§d@s
kidnapping,kidnapiG
lamentable,lam@tabl
marron,maR§
merdier,mERdje
dessein,des5
donné,done
embarras,@baRa
maquereau,mak°Ro
rampe,R@p
atomique,atomik
menteur,m@t9R
rizière,RizjER
sonde,s§d
biche,biS
blouse,bluz
brutal,bRytal
location,lokasj§
score,skOR
surfer,s9Rfe
chimie,Simi
cygne,siN
embarrassant,@baRas@
empirer,@piRe
fraise,fREz
glacé,glase
je,Z°
pissou,pisu
romain,Rom5
tranche,tR@S
détourner,detuRne
littéralement,liteRal°m@
traduire,tRad8iR
défaire,defER
opposition,opozisj§
syndrome,s5dRom
biberon,bib°R§
chauve,Sov
insulte,5sylt
pyramide,piRamid
ralentir,Ral@tiR
abruti,abRyti
metteur,mEt9R
monté,m§te
ohé,oe
ouste,ust
suffire,syfiR
vivre,vivR
écrit,ekRi
fa,fa
mollo,molo
défoncer,def§se
manège,manEZ
plombier,pl§bje
pâté,pate
coopération,koopeRasj§
marée,maRe
menthe,m@t
messire,mesiR
scie,si
sorcellerie,sORsEl°Ri
tué,t8e
achat,aSa
braquer,bRake
caoutchouc,kautSu
complicité,k§plisite
remplaçant,R@plas@
terrifiant,tERifj@
catégorie,kategoRi
claque,klak
favori,favoRi
kilo,kilo
rétablir,RetabliR
western,wEstERn
condamnation,k§danasj§
cuillère,k8ijER
obligatoire,obligatwaR
relève,R°lEv
aviation,avjasj§
mythe,mit
préparation,pRepaRasj§
racine,Rasin
complice,k§plis
déçu,desy
sortir,sORtiR
vanité,vanite
voisinage,vwazinaZ
état-major,etamaZOR
confirmation,k§fiRmasj§
démissionner,demisjone
larme,laRm
habillé,abije
gilet,ZilE
obus,oby
porno,pORno
étalon,etal§
robinet,RobinE
scoop,skup
cheveu,S°v2
collaboration,kolaboRasj§
mime,mim
audace,odas
consacrer,k§sakRe
légalement,legal°m@
ouragan,uRag@
pagaille,pagaj
solde,sOld
squelette,sk°lEt
vitrine,vitRin
briller,bRije
colombe,kol§b
fâcher,faSe
los,lo
pêcheur,pES9R
écurie,ekyRi
argument,aRgym@
croûte,kRut
dominer,domine
la plupart du,laplypaRdy
lier,lje
minuscule,minyskyl
monument,monym@
opérateur,opeRat9R
renseignement,R@sEN°m@
réparation,RepaRasj§
plâtre,platR
croisière,kRwazjER
essentiel,es@sjEl
investissement,5vEstis°m@
lointain,lw5t5
cahier,kaje
considération,k§sideRasj§
inscription,5skRipsj§
prudence,pRyd@s
abîme,abim
fonctionnaire,f§ksjonER
gratter,gRate
indépendant,5dep@d@
interdit,5tERdi
pré,pRe
librairie,libReRi
plier,plije
sida,sida
grotesque,gRotEsk
lavage,lavaZ
vaccin,vaks5
armure,aRmyR
carrefour,kaR°fuR
familial,familjal
ghetto,gEto
obscur,OpskyR
portant,pORt@
rigolo,Rigolo
socialiste,sosjalist
électronique,elEktRonik
cet,sEt
action,aksj§
témoin,temw5
arbre,aRbR
réunion,Reynj§
malheur,mal9R
terrain,tER5
folie,foli
fils,fis
fermer,fERme
telle,tEl
bombe,b§b
recherche,R°SERS
campagne,k@paN
chapeau,Sapo
défense,def@s
repas,R°pa
vide,vid
arranger,aR@Ze
certaines,sERtEn
chanter,S@te
spécial,spesjal
moins,mw5
nous,nu
air,ER
ange,@Z
réfléchir,RefleSiR
camarade,kamaRad
drogue,dROg
courir,kuRiR
odeur,od9R
in,in
choisir,SwaziR
intéressant,5teREs@
remettre,R°mEtR
voie,vwa
dans,d@
prendre,pR@dR
seul,s9l
hasard,azaR
zone,zon
danse,d@s
quelles,kEl
excellent,eksEl@
arrêt,aRE
chasse,Sas
enlever,@l°ve
moindre,mw5dR
préparer,pRepaRe
marche,maRS
lui-même,l8imEm
malgré,malgRe
coupable,kupabl
enceinte,@s5t
jambe,Z@b
mignon,miN§
fier,fjER
ventre,v@tR
rappeler,Rap°le
tête,tEt
elle,El
amour,amuR
risque,Risk
celui-ci,s°l8isi
con,k§
finalement,final°m@
sol,sOl
toi-même,twamEm
shérif,SeRif
contrat,k§tRa
vérifier,veRifje
gauche,goS
parfaitement,paRfEt°m@
niveau,nivo
procès,pRosE
superbe,sypERb
presse,pREs
mets,mE
compter,k§te
plage,plaZ
présence,pRez@s
machine,maSin
passe,pas
trésor,tRezOR
prince,pR5s
nourriture,nuRityR
récupérer,RekypeRe
samedi,sam°di
sommeil,somEj
conscience,k§sj@s
volonté,vol§te
stop,stOp
bouger,buZe
nécessaire,nesesER
restaurant,REstoR@
appareil,apaREj
projet,pRoZE
programme,pRogRam
relation,R°lasj§
du,dy
hein,5
t',t
au-dessus,od°sy
embrasser,@bRase
montre,m§tR
code,kOd
oiseau,wazo
viande,vj@d
amuser,amyze
deuxième,d2zjEm
entrée,@tRe
cou,ku
honnête,onEt
crise,kRiz
usine,yzin
accepter,aksEpte
direction,diREksj§
un,1
unique,ynik
apparemment,apaRam@
cent,s@
vu,vy
excuser,Ekskyze
piste,pist
raison,REz§
elles,El
commissaire,komisER
sort,sOR
pluie,pl8i
devoir,d°vwaR
majesté,maZEste
discours,diskuR
toit,twa
sortie,sORti
prévenir,pREv°niR
gâteau,gato
bouteille,butEj
repos,R°po
rapide,Rapid
décider,deside
régler,Regle
énergie,enERZi
entier,@tje
heure,9R
lycée,lise
arrivée,aRive
caméra,kameRa
rejoindre,R°Zw5dR
moyen,mwaj5
billet,bijE
couper,kupe
espace,Espas
tombe,t§b
taille,taj
couple,kupl
prouver,pRuve
assez,ase
plus,ply
moment,mom@
te,t°
baiser,beze
com,kOm
os,Os
responsable,REsp§sabl
morceau,mORso
pierre,pjER
château,Sato
théâtre,teatR
course,kuRs
alcool,alkOl
gare,gaR
passage,pasaZ
autrement,otR°m@
présent,pRez@
intention,5t@sj§
bulletin,byl°t5
irresponsable,iREsp§sabl
notion,nosj§
brouhaha,bRuaa
fourchette,fuRSEt
infant,5f@
propagande,pRopag@d
pudeur,pyd9R
démocratique,demokRatik
gorgée,gORZe
griller,gRije
médium,medjOm
petite-fille,p°titfij
vigne,viN
alternative,altERnativ
attraction,atRaksj§
chauffage,SofaZ
entrailles,@tRaj
supplier,syplije
brin,bR5
néanmoins,ne@mw5
strictement,stRikt°m@
débris,debRi
toux,tu
voleur,vol9R
conspiration,k§spiRasj§
fi,fi
melon,m°l§
terrestre,tEREstR
zèle,zEl
ana,ana
flou,flu
immigration,imigRasj§
occupation,okypasj§
salive,saliv
tabasser,tabase
trac,tRak
crabe,kRab
distribuer,distRib8e
interprétation,5tERpRetasj§
labyrinthe,labiR5t
lézard,lezaR
madone,madOn
socialisme,sosjalizm
divan,div@
extérieur,EksteRj9R
gâchette,gaSEt
klaxon,klaks§
orgasme,ORgasm
soutien-gorge,sutj5gORZ
surprenant,syRpR°n@
banal,banal
brusquement,bRysk°m@
stopper,stope
désespéré,dezEspeRe
est,Est
ex-mari,EksmaRi
frein,fR5
infarctus,5faRktys
stage,staZ
finale,final
garantir,gaR@tiR
trappe,tRap
apocalypse,apokalips
trophée,tRofe
étable,etabl
aérien,aeRj5
comparaison,k§paREz§
encaisser,@kese
roulant,Rul@
roule,Rul
soulagement,sulaZ°m@
tronc,tR§
trouvé,tRuve
confondre,k§f§dR
coudre,kudR
dortoir,dORtwaR
envisager,@vizaZe
hautement,ot°m@
organisme,ORganizm
rabbi,Rabi
thomas,toma
toc,tOk
affirmatif,afiRmatif
ambitieux,@bisj2
back,bak
branler,bR@le
fabrique,fabRik
fraude,fRod
contenir,k§t°niR
homosexualité,omoseks8alite
overdose,Ov9Rdoz
pépé,pepe
solo,solo
triple,tRipl
ampoule,@pul
anormal,anORmal
décoration,dekoRasj§
précaution,pRekosj§
soprano,sopRano
vanter,v@te
lumineux,lymin2
parade,paRad
pignon,piN§
titi,titi
abominable,abominabl
matelot,mat°lo
abandon,ab@d§
appliquer,aplike
bouchée,buSe
idole,idOl
pétard,petaR
tapette,tapEt
écarter,ekaRte
communion,komynj§
croiser,kRwaze
délivrer,delivRe
lever,l°ve
révolutionnaire,RevolysjonER
abus,aby
amigo,amigo
biscuit,bisk8i
devise,d°viz
méga,mega
nausée,noze
soupir,supiR
vieillesse,vjEjEs
éclaircir,eklERsiR
cuivre,k8ivR
culte,kylt
house,awz
intérieur,5teRj9R
promo,pRomo
smoking,smOkiG
visiteur,vizit9R
élégant,eleg@
définition,definisj§
ouvrage,uvRaZ
rigueur,Rig9R
vaguement,vag°m@
déclencher,dekl@Se
espionner,Espjone
extraire,EkstRER
maléfique,malefik
parlement,paRl°m@
patienter,pasj@te
rechange,R°S@Z
réconfort,Rek§fOR
sérénité,seRenite
banquier,b@kje
bof,bOf
pansement,p@s°m@
traduction,tRadyksj§
tricher,tRiSe
évêque,evEk
actuel,akt8El
renard,R°naR
tempérament,t@peRam@
glorieux,gloRj2
inaudible,inodibl
reproduire,R°pRod8iR
séduisant,sed8iz@
tranquillité,tR@kilite
écharpe,eSaRp
autobus,otobys
capote,kapOt
conservatoire,k§sERvatwaR
lignée,liNe
mutation,mytasj§
pneumonie,pn2moni
splendeur,spl@d9R
transférer,tR@sfeRe
aîné,ene
clean,klin
dot,dOt
flot,flo
galant,gal@
raisonner,REzone
révélation,Revelasj§
dispositif,dispozitif
dresser,dRese
lequel,l°kEl
préférence,pRefeR@s
saloon,salun
amertume,amERtym
fantasme,f@tasm
négro,negRo
ressortir,R°sORtiR
sainteté,s5tte
ancre,@kR
caleçon,kals§
caprice,kapRis
distribution,distRibysj§
notaire,notER
pointer,pw5te
retrait,R°tRE
urine,yRin
consolation,k§solasj§
inoffensif,inof@sif
isoler,izole
orange,oR@Z
prodige,pRodiZ
ravissant,Ravis@
valoir,valwaR
verser,vERse
gel,ZEl
injustice,5Zystis
pic,pik
rafraîchir,RafReSiR
sexuellement,seks8El°m@
élan,el@
éveiller,eveje
coque,kOk
foirer,fwaRe
discrétion,diskResj§
embuscade,@byskad
grands-parents,gR@paR@
immédiat,imedja
patate,patat
reconstruire,R°k§stR8iR
sanglier,s@glije
barrer,baRe
deuxièmement,d2zjEm°m@
porte-bonheur,pORtbOn9R
poêle,pwal
sportif,spORtif
tarif,taRif
fréquenter,fRek@te
hésiter,ezite
maladroit,maladRwa
moralité,moRalite
ouf,uf
assassin,asas5
bêtement,bEt°m@
palace,palas
aire,ER
planning,planiG
poumon,pum§
admiration,admiRasj§
artiste,aRtist
incompréhensible,5k§pRe@sibl
proprement,pROpR°m@
subtil,syptil
der,dER
favorable,favoRabl
rein,R5
arc,aRk
gouvernante,guvERn@t
lutz,lyts
violeur,vjol9R
volcan,vOlk@
bassin,bas5
furax,fyRaks
monastère,monastER
alimentaire,alim@tER
bacon,bekon
claquer,klake
persuader,pERs8ade
secouer,s°kwe
tendu,t@dy
impuissant,5p8is@
masculin,maskyl5
brûlant,bRyl@
clarté,klaRte
immonde,im§d
intrusion,5tRyzj§
relativement,R°lativ°m@
régulier,Regylje
tonne,tOn
fléau,fleo
utilisation,ytilizasj§
agitation,aZitasj§
blasphème,blasfEm
chrétien,kRetj5
extraterrestre,EkstRatEREstR
mélanger,mel@Ze
pente,p@t
ressemblance,R°s@bl@s
réveillon,RevEj§
compétent,k§pet@
falaise,falEz
ketchup,kEtS9p
sifflement,sifl°m@
sélection,selEksj§
agonie,agoni
brune,bRyn
cabaret,kabaRE
dix-huit,diz8it
détacher,detaSe
gendarmerie,Z@daRm°Ri
nostalgie,nOstalZi
trauma,tRoma
virgule,viRgyl
allumette,alymEt
annuaire,an8ER
commode,komOd
céleste,selEst
hip,ip
mouiller,muje
noce,nOs
proviseur,pRoviz9R
sofa,sofa
cordon,kORd§
courtoisie,kuRtwazi
encourager,@kuRaZe
photographier,fotogRafje
pli,pli
satisfait,satisfE
accélérer,akseleRe
anéantir,ane@tiR
baptême,batEm
case,kaz
girl,g9Rl
passerelle,pas°REl
brancher,bR@Se
famine,famin
hygiène,iZjEn
impitoyable,5pitwajabl
réserver,RezERve
sentimental,s@tim@tal
évanouir,evanuiR
critiquer,kRitike
féroce,feROs
gratis,gRatis
mienne,mjEn
onde,§d
perroquet,pERokE
préférable,pRefeRabl
rassemblement,Ras@bl°m@
seringue,s°R5g
sordide,sORdid
subitement,sybit°m@
antidote,@tidOt
bloquer,bloke
bonhomme,bonOm
citer,site
cuisse,k8is
héro,eRo
interdire,5tERdiR
puzzle,p9z9l
rivage,RivaZ
sermon,sERm§
visuel,viz8El
avortement,avORt°m@
blâmer,blame
comptabilité,k§tabilite
mentalement,m@tal°m@
trip,tRip
découper,dekupe
fourrer,fuRe
manipuler,manipyle
paiement,pEm@
protocole,pRotokOl
embrouille,@bRuj
oignon,ON§
réviser,Revize
bourré,buRe
carreau,kaRo
contexte,k§tEkst
glacier,glasje
informatique,5fORmatik
comique,komik
douane,dwan
indic,5dik
irrésistible,iRezistibl
sanguin,s@g5
combine,k§bin
défiler,defile
neutre,n2tR
obsèques,OpsEk
révérend,ReveR@
sabotage,sabotaZ
supporter,sypoRt9R
bridge,bRidZ
bénéfice,benefis
couture,kutyR
pépin,pep5
velours,v°luR
ravin,Rav5
vexer,vEkse
volé,vole
vous-mêmes,vumEm
communisme,komynizm
longue,l§g
majeur,maZ9R
politesse,politEs
renforcer,R@fORse
bien-être,bj5nEtR
cinglé,s5gle
désirer,deziRe
pelouse,p°luz
caché,kaSe
compteur,k§t9R
déchirer,deSiRe
mondial,m§djal
affirmer,afiRme
amical,amikal
ceux-ci,s2si
diversion,divERsj§
nombril,n§bRil
présidence,pRezid@s
sanctuaire,s@kt8ER
argile,aRZil
chêne,SEn
compréhensible,k§pRe@sibl
fortement,fORt°m@
paniquer,panike
papet,papE
septième,sEtjEm
shabbat,Saba
virginité,viRZinite
bourre,buR
humilité,ymilite
juridique,ZyRidik
obéissance,obeis@s
engueuler,@g2le
frisson,fRis§
gestion,ZEstj§
miséricordieux,mizeRikORdj2
stock,stOk
démoniaque,demonjak
ferraille,fERaj
funeste,fynEst
naïf,naif
dont,d§
fonder,f§de
funèbre,fynEbR
inoubliable,inublijabl
moelle,mwal
passe-temps,past@
revenu,R°v°ny
réciter,Resite
taro,taRo
instable,5stabl
naze,naz
pâtisserie,patis°Ri
semence,s°m@s
suggérer,sygZeRe
abbé,abe
bougre,bugR
boulevard,bul°vaR
façade,fasad
priver,pRive
supplémentaire,syplem@tER
terroriste,tERoRist
vicieux,visj2
anarchie,anaRSi
bouillie,buji
canyon,kanjOn
cargo,kaRgo
conduit,k§d8i
exploiter,Eksplwate
gène,ZEn
jeep,dZip
pioche,pjOS
brume,bRym
coffre-fort,kOfR°fOR
correction,koREksj§
fracas,fRaka
légion,leZj§
modifier,modifje
standard,st@daR
taudis,todi
vital,vital
ardent,aRd@
croissance,kRwas@s
e-mail,imEjl
ego,ego
employer,@plwaje
grandiose,gR@djoz
installation,5stalasj§
larguer,laRge
maîtrise,metRiz
mobile,mobil
secondaire,s°g§dER
célébrité,selebRite
follement,fOl°m@
résurrection,RezyREksj§
secte,sEkt
utilité,ytilite
liston,list§
nova,nova
pervers,pERvER
bien-aimé,bj5neme
biologie,bjoloZi
daya,daja
immatriculation,imatRikylasj§
jules,Zyl
parce qu,paRs°k
perle,pERl
revient,R°vj5
tablier,tablije
actif,aktif
convertir,k§vERtiR
flacon,flak§
parachute,paRaSyt
parquet,paRkE
élégance,eleg@s
caillou,kaju
camping,k@piG
gymnase,Zimnaz
lingerie,l5Z°Ri
paperasse,pap°Ras
vagin,vaZ5
vingtaine,v5tEn
épatant,epat@
espérance,EspeR@s
fossé,fose
hamburger,@buRg9R
intégrité,5tegRite
mouillé,muje
mélancolique,mel@kolik
primo,pRimo
près de,pREd2
tordu,tORdy
humidité,ymidite
nocturne,nOktyRn
relâcher,R°laSe
violation,vjolasj§
cafétéria,kafeteRja
désespérément,dezEspeRem@
dévorer,devoRe
faciliter,fasilite
hibou,ibu
isolé,izole
pare-brise,paRbRiz
reproduction,R°pRodyksj§
suspense,syspEns
faucon,fok§
firme,fiRm
flux,fly
impliquer,5plike
plaider,plede
coursier,kuRsje
exemplaire,Egz@plER
fabrication,fabRikasj§
hypocrisie,ipokRizi
pincer,p5se
administrateur,administRat9R
bousiller,buzije
corvée,kORve
festin,fEst5
flinguer,fl5ge
rentré,R@tRe
touriste,tuRist
circuler,siRkyle
doc,dOk
entre-temps,@tR°t@
insensible,5s@sibl
métaphore,metafOR
orteil,ORtEj
ruelle,R8El
vestiaire,vEstjER
dévouement,devum@
expulser,Ekspylse
mention,m@sj§
oublié,ublije
parlant,paRl@
talon,tal§
émeute,em2t
amiral,amiRal
boucherie,buS°Ri
embarquement,@baRk°m@
fessée,fese
habituellement,abit8El°m@
identique,id@tik
intendant,5t@d@
milliard,miljaR
télécommande,telekom@d
beurk,b9Rk
chialer,Sjale
commando,kom@do
flanc,fl@
frotter,fRote
imprévisible,5pRevizibl
interprète,5tERpREt
séparément,sepaRem@
définitif,definitif
financier,fin@sje
laissez-passer,lEsepase
lèvre,lEvR
rébellion,Rebelj§
sierra,sjERa
sérum,seROm
tortue,tORty
problème,pRoblEm
combien,k§bj5
doigt,dwa
reposer,R°poze
horreur,oR9R
falloir,falwaR
heureusement,2R2z°m@
miracle,miRakl
énorme,enORm
échapper,eSape
démon,dem§
violence,vjol@s
succès,syksE
étage,etaZ
week-end,wikEnd
sérieusement,seRj2z°m@
cigarette,sigaREt
acte,akt
désormais,dezORmE
réparer,RepaRe
miss,mis
coup,ku
voiture,vwatyR
partir,paRtiR
eh,e
mon,m§
trois,tRwa
tant,t@
costume,kOstym
queue,k2
front,fR§
urgence,yRZ@s
chaleur,Sal9R
celle-ci,sElsi
remercier,R°mERsje
minuit,min8i
prêtre,pREtR
flingue,fl5g
droit,dRwa
retraite,R°tREt
proche,pROS
censé,s@se
université,ynivERsite
ça,sa
ministre,ministR
champ,S@
merci,mERsi
ni,ni
tous,tus
au,o
entre,@tR
avec,avEk
naissance,nEs@s
vitesse,vitEs
nulle,nyl
tableau,tablo
agréable,agReabl
doux,du
neige,nEZ
agir,aZiR
hiver,ivER
chauffeur,Sof9R
source,suRs
cousin,kuz5
savoir,savwaR
recevoir,R°s°vwaR
découvrir,dekuvRiR
imaginer,imaZine
frapper,fRape
salon,sal§
mentir,m@tiR
même,mEm
travail,tRavaj
venir,v°niR
aider,ede
aujourd'hui,oZuRd8i
reprendre,R°pR@dR
paquet,pakE
sentiment,s@tim@
adieu,adj2
mine,min
million,milj§
montagne,m§taN
obtenir,Opt°niR
réveiller,Reveje
connaissance,konEs@s
défendre,def@dR
nombre,n§bR
fusil,fyzi
chemise,S°miz
utile,ytil
gaz,gaz
casser,kase
poche,pOS
manteau,m@to
lundi,l1di
veste,vEst
famille,famij
tard,taR
ombre,§bR
coffre,kOfR
fumer,fyme
lors,lOR
amener,am°ne
parfait,paRfE
don,d§
officier,ofisje
malheureusement,mal2R2z°m@
tribunal,tRibynal
pression,pREsj§
attraper,atRape
enchanté,@S@te
oeuvre,9vR
carrière,kaRjER
continue,k§tiny
heu,2
conversation,k§vERsasj§
franchement,fR@S°m@
militaire,militER
tuer,t8e
passer,pase
chercher,SERSe
assurer,asyRe
test,tEst
point,pw5
gloire,glwaR
celles,sEl
vieil,vjEj
génie,Zeni
oreille,oREj
apporter,apORte
poids,pwa
bien,bj5
souffrir,sufRiR
univers,ynivER
partager,paRtaZe
bouge,buZ
laver,lave
grand,gR@
quelques,kElk
chance,S@s
idée,ide
signal,siNal
gaffe,gaf
aveugle,av9gl
sourire,suRiR
fer,fER
mensonge,m@s§Z
hum,9m
note,nOt
article,aRtikl
série,seRi
talent,tal@
paradis,paRadi
valise,valiz
règle,REgl
malin,mal5
trouver,tRuve
oui,wi
vélo,velo
essence,es@s
joindre,Zw5dR
identité,id@tite
chaise,SEz
enfance,@f@s
douche,duS
nerveux,nERv2
valeur,val9R
ancien,@sj5
titre,titR
amitié,amitje
débarrasser,debaRase
fortune,fORtyn
poulet,pulE
également,egal°m@
grâce,gRas
sous,su
mois,mwa
frère,fRER
rester,REste
sage,saZ
intelligent,5teliZ@
joyeux,Zwaj2
secret,s°kRE
taire,tER
b,be
soupe,sup
portable,pORtabl
pistolet,pistolE
désir,deziR
crier,kRije
haine,En
pantalon,p@tal§
aéroport,aeRopOR
geste,ZEst
déranger,deR@Ze
vendredi,v@dR°di
bel,bEl
victoire,viktwaR
soif,swaf
bleu,bl2
lac,lak
allo,alo
faveur,fav9R
style,stil
cellule,selyl
faible,fEbl
parc,paRk
ils,il
sang,s@
fuir,f8iR
t,t
américain,ameRik5
là-dessus,lad°sy
mode,mOd
passion,pasj§
manquer,m@ke
rencontre,R@k§tR
nouvel,nuvEl
sucre,sykR
acteur,akt9R
troisième,tRwazjEm
souvenir,suv°niR
zéro,zeRo
marrant,maR@
fiston,fist§
examen,Egzam5
puissance,p8is@s
prof,pROf
nettoyer,netwaje
y,i
méchant,meS@
offre,OfR
ordinateur,ORdinat9R
perte,pERt
porc,pOR
permission,pERmisj§
aube,ob
supporter,sypoRte
proximité,pROksimite
purement,pyR°m@
chiot,Sjo
must,m9st
parano,paRano
primaire,pRimER
ulcère,ylsER
adoption,adOpsj§
exploit,Eksplwa
gueuler,g9le
offrande,ofR@d
préfecture,pRefEktyR
égratignure,egRatiNyR
éprouver,epRuve
bombardement,b§baRd°m@
capsule,kapsyl
chaleureux,Sal2R2
cobra,kobRa
démarche,demaRS
financer,fin@se
introduire,5tRod8iR
modestie,modEsti
récent,Res@
réjouir,ReZwiR
slogan,slog@
éduquer,edyke
kiosque,kjOsk
monstre,m§stR
opium,opjOm
plastique,plastik
station-service,stasj§sERvis
aquarium,akwaRjOm
différents,difeR@
foulard,fulaR
gratos,gRatos
la plupart de,laplypaRd2
rejeter,R°Zte
cuit,k8i
déguisement,degiz°m@
iris,iRis
pourriture,puRityR
arrogance,aRog@s
chalet,SalE
déchiré,deSiRe
défier,defje
emparer,@paRe
gelée,Z°le
orphelin,ORf°l5
peser,p2ze
remonte,R°m§t
soixante,swas@t
supposer,sypoze
suspension,sysp@sj§
colocataire,kolokatER
lâcheté,laS°te
suisse,s8is
architecture,aRSitEktyR
baratin,baRat5
cynique,sinik
live,liv
morsure,mORsyR
proverbe,pRovERb
regagner,R°gaNe
acheteur,aS°t9R
agrandir,agR@diR
bunker,bunkER
catalogue,katalOg
fasciste,faSist
maintenance,m5t°n@s
raciste,Rasist
allusion,alyzj§
amusement,amyz°m@
broche,bROS
cache,kaS
caverne,kavERn
décharger,deSaRZe
décidément,desidem@
inquiétant,5kjet@
mexicain,mEksik5
nul,nyl
poteau,poto
sentier,s@tje
signé,siNe
trancher,tR@Se
axis,aksis
cavale,kaval
clientèle,klij@tEl
franco,fR@ko
gigantesque,Zig@tEsk
nounou,nunu
porter,pORtER
rouleau,Rulo
spectre,spEktR
susceptible,sysEptibl
cendrier,s@dRije
exploitation,Eksplwatasj§
infini,5fini
inventaire,5v@tER
muscle,myskl
répit,Repi
résumé,Rezyme
braguette,bRagEt
communiqué,komynike
conquête,k§kEt
ecstasy,Ekstazi
faille,faj
malsain,mals5
étrangement,etR@Z°m@
abandonné,ab@done
compromettre,k§pRomEtR
conception,k§sEpsj§
dictature,diktatyR
effroyable,efRwajabl
vêtement,vEt°m@
envahir,@vaiR
pourcentage,puRs@taZ
périr,peRiR
convaincu,k§v5ky
entrain,@tR5
buisson,b8is§
excitation,Eksitasj§
fatigant,fatig@
hi,i
livreur,livR9R
louper,lupe
planquer,pl@ke
songe,s§Z
évier,evje
bonus,bonys
dévoiler,devwale
fanfare,f@faR
imaginaire,imaZinER
tank,t@k
homard,omaR
infanterie,5f@t°Ri
mineur,min9R
mécanisme,mekanizm
poivre,pwavR
pop-corn,pOpkORn
serre,sER
short,SORt
tribord,tRibOR
liquider,likide
pénal,penal
attentif,at@tif
chemisier,S°mizje
comptable,k§tabl
consulat,k§syla
formalité,fORmalite
homosexuel,omoseks8El
intéressé,5teRese
marijuana,maRiRwana
once,§s
préciser,pResize
rappel,RapEl
rite,Rit
sincérité,s5seRite
suture,sytyR
trousse,tRus
boulangerie,bul@Z°Ri
cantine,k@tin
doctorat,dOktoRa
light,lajt
néné,nene
orientation,oRj@tasj§
sifflet,siflE
sixième,sizjEm
ave,ave
délice,delis
home,om
inacceptable,inaksEptabl
projection,pRoZEksj§
torse,tORs
traversée,tRavERse
vaillant,vaj@
voulu,vuly
appartenir,apaRt°niR
citerne,sitERn
emballer,@bale
insu,5sy
intolérable,5toleRabl
magnétique,maNetik
delà,d°la
fleuriste,fl9Rist
halte,alt
kilomètre,kilomEtR
nommé,nome
normale,nORmal
permanent,pERman@
provenance,pRov°n@s
rajouter,RaZute
rebelle,R°bEl
spaghetti,spageti
contrebande,k§tR°b@d
difficilement,difisil°m@
dissimuler,disimyle
manuel,man8El
mi-chemin,miS°m5
minimum,minimOm
anesthésie,anEstezi
astronaute,astRonot
chaperon,Sap°R§
combustion,k§bystj§
connexion,konEksj§
contagieux,k§taZj2
coureur,kuR9R
intégrer,5tegRe
irlandais,iRl@dE
labeur,lab9R
longuement,l§g°m@
microscope,mikRoskOp
nounours,nunuRs
noyau,nwajo
partage,paRtaZ
yankee,j@ki
éclairage,eklERaZ
disparu,dispaRy
doublure,dublyR
endurer,@dyRe
poney,ponE
tranchée,tR@Se
dix-sept,disEt
drap,dRa
locomotive,lokomotiv
prophétie,pRofesi
raisonnement,REzOn°m@
réservation,RezERvasj§
bouillon,buj§
chargeur,SaRZ9R
coriace,koRjas
envoyé,@vwaje
more,mOR
roche,ROS
trouduc,tRudyk
chiffon,Sif§
divertissement,divERtis°m@
immortalité,imORtalite
ironique,iRonik
rogne,RON
abbaye,abei
atout,atu
bide,bid
gringo,gRiGo
mare,maR
p.,pe
quotidien,kotidj5
roux,Ru
récolter,RekOlte
ascension,as@sj§
avorter,avORte
bourgeoisie,buRZwazi
harcèlement,aRsEl°m@
pratiquer,pRatike
punch,p§S
ballade,balad
clin,kl5
contourner,k§tuRne
couvre-feu,kuvR°f2
faisable,f°zabl
mayonnaise,majonEz
merveilleusement,mERvEj2z°m@
outil,uti
ra,Ra
strip-tease,stRiptiz
banquet,b@kE
compositeur,k§pozit9R
foutre,futR
indifférence,5difeR@s
jean,dZin
magnum,magnOm
réacteur,Reakt9R
thorax,toRaks
consultation,k§syltasj§
contremaître,k§tR°mEtR
diffuser,difyze
dérangement,deR@Z°m@
enseignement,@sEN°m@
fente,f@t
fugue,fyg
hypocrite,ipokRit
inspecter,5spEkte
mélodie,melodi
réconcilier,Rek§silje
superstition,sypERstisj§
vigueur,vig9R
bouillir,bujiR
diva,diva
gifle,Zifl
lacs,lak
mûr,myR
principalement,pR5sipal°m@
revers,R°vER
sursis,syRsi
amnésie,amnezi
camelote,kam°lOt
natation,natasj§
psychiatrie,psikjatRi
recul,R°kyl
réciproque,ResipROk
sitôt,sito
spécifique,spesifik
volontairement,vol§tER°m@
étincelle,et5sEl
coût,ku
excité,Eksite
gazon,gaz§
ici-bas,isiba
inattendu,inat@dy
inconvénient,5k§venj@
lunaire,lynER
timing,tajmiG
barbier,baRbje
corbeau,kORbo
empoisonner,@pwazone
légendaire,leZ@dER
venin,v°n5
adrénaline,adRenalin
affectueux,afEkt82
amateur,amat9R
composition,k§pozisj§
consul,k§syl
couille,kuj
embaucher,@boSe
let,lE
moule,mul
on,§
v,ve
courroux,kuRu
gorille,goRij
people,pip9l
procès-verbal,pRosEvERbal
alcoolique,alkolik
brèche,bRES
concession,k§sesj§
ding,diG
décret,dekRE
grue,gRy
m,m
perquisition,pERkizisj§
sceau,so
verrou,veRu
vil,vil
w,dubl°ve
abeille,abEj
collision,kolizj§
vingt-cinq,v5ts5k
astucieux,astysj2
crête,kREt
enjeu,@Z2
filtre,filtR
né,ne
optimiste,Optimist
rebours,R°buR
soigneusement,swaN2z°m@
tequila,tekila
thune,tyn
étendue,et@dy
chandelle,S@dEl
citation,sitasj§
pet,pE
émouvant,emuv@
cal,kal
calife,kalif
dentaire,d@tER
gale,gal
morse,mORs
parcourir,paRkuRiR
quelques-unes,kElk°zyn
spectaculaire,spEktakylER
apaiser,apeze
forgeron,fORZ°R§
fraternité,fRatERnite
mauviette,movjEt
meeting,mitiG
parce,paRs
q,ky
bourrer,buRe
constater,k§state
hystérie,isteRi
insolent,5sOl@
maçon,mas§
pan,p@
performance,pERfORm@s
user,yze
envoi,@vwa
maternité,matERnite
parchemin,paRS°m5
respectueux,REspEkt82
retenue,R°t°ny
crotte,kROt
crèche,kRES
hallucination,alysinasj§
ingrat,5gRa
liqueur,lik9R
morue,moRy
quiconque,kik§k
redevable,R°d°vabl
rouvrir,RuvRiR
spécimen,spesimEn
tournevis,tuRn°vis
vacarme,vakaRm
assommer,asome
sauna,sona
scandaleux,sk@dal2
souche,suS
speed,spid
traiteur,tREt9R
transition,tR@zisj§
bond,b§
clémence,klem@s
démonter,dem§te
figue,fig
joker,ZokER
mendiant,m@dj@
pleinement,plEn°m@
protester,pRotEste
république,Repyblik
s,Es
silhouette,silwEt
thérapeute,teRap2t
bûcher,bySe
extase,Ekstaz
frayeur,fREj9R
gouffre,gufR
relâche,R°laS
cache-cache,kaSkaS
extinction,Ekst5ksj§
hanche,@S
or,OR
permis,pERmi
tendrement,t@dR°m@
triangle,tRij@gl
unes,yn
vipère,vipER
virée,viRe
écrouler,ekRule
est-ce qu,Es°k°
scooter,skut9R
ado,ado
balayer,baleje
expert,EkspER
goudron,gudR§
handicap,@dikap
mutuellement,myt8El°m@
outrage,utRaZ
vérification,veRifikasj§
étonner,etone
accidentellement,aksid@tEl°m@
agriculture,agRikyltyR
brun,bR1
essuyer,es8ije
signor,siNOR
consommation,k§somasj§
devenir,d°v°niR
décorer,dekoRe
déplacement,deplas°m@
interpréter,5tERpRete
méchanceté,meS@s°te
serein,s°R5
signalement,siNal°m@
symbiote,s5bjOt
abonnement,abOn°m@
anatomie,anatomi
moquette,mokEt
pendule,p@dyl
prétentieux,pRet@sj2
ragoût,Ragu
roc,ROk
réduction,Redyksj§
sire,siR
vache,vaS
évaluation,eval8asj§
clodo,klodo
efficacité,efikasite
infernal,5fERnal
joueur,Zw9R
lancer,l@se
lièvre,ljEvR
strict,stRikt
cocotte,kokOt
engrais,@gRE
humiliant,ymilj@
loup-garou,lugaRu
pleurnicher,pl9RniSe
talentueux,tal@t82
tiens,tj5
tiède,tjEd
animal,animal
batteur,bat9R
champignon,S@piN§
cultiver,kyltive
déguiser,degize
délicatesse,delikatEs
enthousiaste,@tuzjast
escadron,EskadR§
foncer,f§se
malhonnête,malonEt
orthographe,ORtogRaf
rentrée,R@tRe
acompte,ak§t
coffrer,kofRe
dure,dyR
fado,fado
imitation,imitasj§
manif,manif
naviguer,navige
chaton,Sat§
creux,kR2
espionnage,EspjonaZ
impoli,5poli
jacuzzi,Zakyzi
martyre,maRtiR
provocation,pRovokasj§
puanteur,p8@t9R
ramper,R@pe
rédacteur,Redakt9R
éruption,eRypsj§
canot,kano
fouiner,fwine
gala,gala
hausse,os
héroïque,eRoik
nécessairement,nesesER°m@
restau,REsto
sculpteur,skylt9R
voisin,vwaz5
avancement,av@s°m@
bio,bjo
bouffe,buf
contribution,k§tRibysj§
croyance,kRwaj@s
grossir,gRosiR
sud-est,sydEst
terminus,tERminys
équitable,ekitabl
belle-fille,bElfij
chaussette,SosEt
cirer,siRe
crédible,kRedibl
doucher,duSe
guet,gE
hypnose,ipnoz
ivresse,ivREs
locataire,lokatER
poliment,polim@
tôle,tol
épingle,ep5gl
étagère,etaZER
amendement,am@d°m@
annuel,an8El
déshonneur,dezon9R
oser,oze
pancarte,p@kaRt
procédé,pRosede
tuteur,tyt9R
acceptable,aksEptabl
ados,ado
chevet,S°vE
crêpe,kREp
durement,dyR°m@
embrasse,@bRas
immobilier,imobilje
introuvable,5tRuvabl
loser,loze
nazi,nazi
niquer,nike
off,Of
regrettable,R°gREtabl
spider,spajd9R
volupté,volypte
érection,eREksj§
évènement,evEn°m@
amen,amEn
choisi,Swazi
escalade,Eskalad
expo,Ekspo
jetée,Z°te
refermer,R°fERme
sas,sa
sonore,sonOR
transaction,tR@zaksj§
age,aZ
centime,s@tim
diligence,diliZ@s
hutte,yt
itinéraire,itineRER
journalisme,ZuRnalizm
milice,milis
navigation,navigasj§
obscène,OpsEn
pantin,p@t5
peluche,p°lyS
poignarder,pwaNaRde
revendre,R°v@dR
tienne,tjEn
yang,j@g
cendre,s@dR
entrepreneur,@tR°pR°n9R
fraîcheur,fRES9R
gnôle,Nol
levier,l°vje
palier,palje
résolution,Rezolysj§
semestre,s°mEstR
archevêque,aRS°vEk
croisade,kRwazad
démontrer,dem§tRe
détonateur,detonat9R
emballage,@balaZ
hormis,ORmi
horriblement,oRibl°m@
nouveauté,nuvote
sanglant,s@gl@
trentaine,tR@tEn
égout,egu
boucan,buk@
effondrer,ef§dRe
fief,fjEf
junkie,Z9nki
bagage,bagaZ
enseigne,@sEN
gomme,gOm
hors-la-loi,ORlalwa
inhumain,inym5
inspirer,5spiRe
paragraphe,paRagRaf
procession,pRosesj§
remédier,R°medje
réconforter,Rek§fORte
souple,supl
vessie,vesi
exquis,Ekski
légume,legym
obstruction,OpstRyksj§
poulain,pul5
secrètement,s°kREt°m@
assurément,asyRem@
cascade,kaskad
champagne,S@paN
coquille,kokij
costard,kOstaR
dépens,dep@
fouille,fuj
influencer,5fly@se
mulet,mylE
paresseux,paREs2
pharmacien,faRmasj5
prospère,pROspER
renvoi,R@vwa
rosée,Roze
sève,sEv
tombée,t§be
emprunt,@pR1
geler,Z°le
gouverner,guvERne
léopard,leopaR
milady,miledi
please,pliz
réclamer,Reklame
cambrioleur,k@bRijol9R
globe,glOb
gonfler,g§fle
nettement,nEt°m@
rap,Rap
refroidir,R°fRwadiR
yoga,joga
applaudir,aplodiR
autoriser,otoRize
caca,kaka
chouchou,SuSu
crasse,kRas
cru,kRy
flotter,flote
forger,fORZe
hétéro,eteRo
manifester,manifEste
satané,satane
tac,tak
topo,topo
truie,tR8i
capital,kapital
carbone,kaRbOn
matricule,matRikyl
millier,milje
minorité,minoRite
alphabet,alfabE
boxer,bOkse
concevoir,k§s°vwaR
organe,ORgan
sabbat,saba
émotionnel,emosjonEl
affreusement,afR2z°m@
artère,aRtER
asthme,asm
exiger,EgziZe
ficelle,fisEl
garnison,gaRniz§
inquisition,5kizisj§
supplice,syplis
allergie,alERZi
bourgeois,buRZwa
doyen,dwaj5
hot-dog,OtdOg
jacques,Zak
pôle,pol
transformation,tR@sfORmasj§
affront,afR§
délibérément,delibeRem@
délégation,delegasj§
effrayé,efREje
gold,gOld
intensité,5t@site
participation,paRtisipasj§
perpétuité,pERpet8ite
saveur,sav9R
simulation,simylasj§
totalité,totalite
brandy,bR@di
condamné,k§dane
crevé,kR°ve
dégueu,deg2
imprudent,5pRyd@
involontaire,5vol§tER
livret,livRE
maquiller,makije
nomination,nominasj§
par-ci,paRsi
pop,pOp
athlète,atlEt
aumône,omon
béguin,beg5
calculer,kalkyle
conformément,k§fORmem@
excursion,EkskyRsj§
projecteur,pRoZEkt9R
retarder,R°taRde
révision,Revizj§
tripoter,tRipote
appelé,ap°le
banjo,b@dZo
cookie,kuki
demi-million,d2mimilj§
diverses,divERs
déchiffrer,deSifRe
dû,dy
emprise,@pRiz
moeurs,m9Rs
orgue,ORg
partant,paRt@
proprio,pRopRijo
prospérité,pROspeRite
ralenti,Ral@ti
redescendre,R°des@dR
épargne,epaRN
charlatan,SaRlat@
définir,definiR
exterminer,EkstERmine
musicien,myzisj5
portier,pORtje
potage,potaZ
renaître,R°nEtR
sorcier,sORsje
équipier,ekipje
audacieux,odasj2
exclusivité,Eksklyzivite
foetus,fetys
gaspiller,gaspije
hospice,Ospis
prêcher,pReSe
remporter,R@pORte
ré,Re
eau-de-vie,od°vi
râler,Rale
set,sEt
tourne,tuRn
tutoyer,tytwaje
baver,bave
consigne,k§siN
craché,kRaSe
dentelle,d@tEl
désert,dezER
portugais,pORtygE
potence,pot@s
redire,R°diR
traquer,tRake
violoncelle,vjol§sEl
érotique,eRotik
coincé,kw5se
contredire,k§tR°diR
tolérance,toleR@s
traître,tREtR
trouble,tRubl
accordéon,akORde§
camper,k@pe
cobaye,kobaj
détroit,detRwa
escorter,EskORte
interdiction,5tERdiksj§
mono,mono
motivation,motivasj§
piaule,pjol
radiateur,Radjat9R
repaire,R°pER
ridiculiser,Ridikylize
schéma,Sema
siffler,sifle
vocabulaire,vokabylER
argenterie,aRZ@t°Ri
armement,aRm°m@
aurore,oROR
cachot,kaSo
flagrant,flagR@
informateur,5fORmat9R
lave,lav
nappe,nap
paroi,paRwa
reporter,R°poRtER
tirage,tiRaZ
bluff,bl9f
briefing,bRifiG
cale,kal
compote,k§pOt
consommer,k§some
enrichir,@RiSiR
entourage,@tuRaZ
gêne,ZEn
harceler,aRs°le
impulsion,5pylsj§
lugubre,lygybR
pétition,petisj§
réussi,Reysi
shit,Sit
toxique,tOksik
part,paR
eux,2
histoire,istwaR
question,kEstj§
eau,o
longtemps,l§t@
échange,eS@Z
connard,konaR
patience,pasj@s
vers,vER
nombreux,n§bR2
whisky,wiski
jaloux,Zalu
chut,Syt
humeur,ym9R
français,fR@sE
propriétaire,pRopRijetER
fantôme,f@tom
forêt,foRE
gorge,gORZ
davantage,dav@taZ
palais,palE
accès,aksE
fait,fE
vingt,v5
caisse,kEs
excuse,Ekskyz
secrétaire,s°kRetER
port,pOR
épée,epe
unité,ynite
mouvement,muv°m@
signer,siNe
leçon,l°s§
trace,tRas
sacré,sakRe
coupe,kup
croix,kRwa
cimetière,sim°tjER
gars,ga
porte,pORt
hé,e
putain,pyt5
enfant,@f@
main,m5
se,s°
beau,bo
type,tip
cas,ka
place,plas
fac,fak
star,staR
corde,kORd
cesse,sEs
évident,evid@
saison,sEz§
cible,sibl
double,dubl
procureur,pRokyR9R
totalement,total°m@
lendemain,l@d°m5
bal,bal
frontière,fR§tjER
personnel,pERsonEl
chéri,SeRi
convaincre,k§v5kR
opinion,opinj§
chaîne,SEn
abandonner,ab@done
labo,labo
bataille,bataj
somme,sOm
évidemment,evidam@
vous-même,vumEm
rivière,RivjER
créer,kRee
revolver,RevOlvER
grand-chose,gR@Soz
seulement,s9l°m@
ville,vil
voici,vwasi
leur,l9R
salut,saly
terre,tER
truc,tRyk
police,polis
suite,s8it
ce,s2
faire,fER
mettre,mEtR
inquiéter,5kjete
général,ZeneRal
cadavre,kadavR
fort,fOR
maire,mER
printemps,pR5t@
vengeance,v@Z@s
émission,emisj§
champion,S@pj§
pour,puR
cents,s@
herbe,ERb
respirer,REspiRe
ménage,menaZ
piège,pjEZ
charmant,SaRm@
pousser,puse
approche,apROS
tromper,tR§pe
frais,fRE
sec,sEk
égal,egal
retirer,R°tiRe
pause,poz
siècle,sjEkl
théorie,teoRi
ballon,bal§
job,dZOb
jeunesse,Z9nEs
disparaître,dispaREtR
imagination,imaZinasj§
poil,pwal
race,Ras
changement,S@Z°m@
enfin,@f5
matin,mat5
chambre,S@bR
là-bas,laba
revoir,R°vwaR
construire,k§stR8iR
surveiller,syRveje
taule,tol
recommencer,R°kom@se
autrefois,otR°fwa
date,dat
objet,ObZE
étudier,etydje
facilement,fasil°m@
sexy,seksi
bosser,bose
monnaie,monE
cauchemar,koS°maR
véritable,veRitabl
urgent,yRZ@
directement,diREkt°m@
souci,susi
station,stasj§
i,i
membre,m@bR
demi-heure,d°mi9R
f,Ef
lapin,lap5
souffle,sufl
hop,Op
concert,k§sER
couverture,kuvERtyR
rapidement,Rapid°m@
lentement,l@t°m@
nana,nana
pur,pyR
sergent,sERZ@
permettre,pERmEtR
refaire,R°fER
monseigneur,m§sEN9R
pensée,p@se
libérer,libeRe
bague,bag
péché,peSe
distance,dist@s
curieux,kyRj2
responsabilité,REsp§sabilite
fuite,f8it
papa,papa
mari,maRi
ensemble,@s@bl
mec,mEk
toi,twa
peu,p2
côté,kote
corps,kOR
celui,s°l8i
célèbre,selEbR
emploi,@plwa
foule,ful
ambulance,@byl@s
attaquer,atake
côte,kot
filer,file
peinture,p5tyR
crédit,kRedi
vision,vizj§
région,ReZj§
virer,viRe
pot,po
terme,tERm
fromage,fRomaZ
moche,mOS
pédé,pede
condition,k§disj§
magie,maZi
joue,Zu
semblant,s@bl@
asile,azil
chou,Su
prier,pRije
télévision,televizj§
traitement,tREt°m@
affreux,afR2
suicide,s8isid
poitrine,pwatRin
science,sj@s
crever,kR°ve
amusant,amyz@
reconnaître,R°konEtR
traiter,tRete
maîtresse,mEtREs
fleur,fl9R
tâche,taS
demi,d°mi
page,paZ
résultat,Rezylta
exploser,Eksploze
raisonnable,REzonabl
madame,madam
loin,lw5
chaque,Sak
train,tR5
leurs,l9R
laisser,lese
charge,SaRZ
contrôler,k§tRole
miroir,miRwaR
politique,politik
accompagner,ak§paNe
russe,Rys
couloir,kulwaR
vert,vER
profond,pRof§
enterrement,@tER°m@
rater,Rate
existence,Egzist@s
sombre,s§bR
lâche,laS
sport,spOR
explication,Eksplikasj§
jeudi,Z2di
secteur,sekt9R
brave,bRav
malheureux,mal2R2
tir,tiR
manque,m@k
empereur,@p°R9R
parfum,paRf1
atteindre,at5dR
garage,gaRaZ
mai,mE
assurance,asyR@s
journaliste,ZuRnalist
fièvre,fjEvR
forcément,fORsem@
vierge,vjERZ
hélas,elas
rat,Ra
fantastique,f@tastik
foot,fut
royaume,Rwajom
car,kaR
ma,ma
jeune,Z9n
ok,oke
mourir,muRiR
lui,l8i
virus,viRys
réel,ReEl
ours,uRs
marque,maRk
information,5fORmasj§
concours,k§kuR
protection,pRotEksj§
chèque,SEk
führer,fyR9R
panne,pan
avant,av@
prudent,pRyd@
donne,dOn
noble,nObl
période,peRjOd
extraordinaire,EkstRaORdinER
siège,sjEZ
exprès,EkspRE
vidéo,video
cassette,kasEt
poule,pul
innocent,inos@
lien,lj5
mandat,m@da
haut,o
la plupart des,laplypaRdE
barbe,baRb
courrier,kuRje
patrie,patRi
médecine,mEdsin
amant,am@
effort,efOR
prénom,pRen§
masque,mask
humanité,ymanite
brûler,bRyle
bye,baj
explosion,Eksplozj§
révolution,Revolysj§
estomac,Estoma
blessure,blesyR
anglais,@glE
adorable,adoRabl
jouer,Zwe
coeur,k9R
hier,jER
docteur,dOkt9R
salaire,salER
cirque,siRk
remplacer,R@plase
bite,bit
ferme,fERm
prise,pRiz
mystère,mistER
neveu,n°v2
calmer,kalme
ascenseur,as@s9R
océan,ose@
religion,R°liZj§
soigner,swaNe
rire,RiR
entreprise,@tR°pRiz
attente,at@t
bah,ba
poussière,pusjER
installer,5stale
traverser,tRavERse
bâtiment,batim@
enculé,@kyle
excellence,EksEl@s
abri,abRi
avancer,av@se
puissant,p8is@
portrait,pORtRE
inviter,5vite
moto,moto
rare,RaR
oublie,ubli
aventure,av@tyR
profiter,pRofite
figure,figyR
mener,m°ne
survivre,syRvivR
mardi,maRdi
jus,Zy
cancer,k@sER
boutique,butik
chouette,SwEt
foie,fwa
file,fil
lampe,l@p
partenaire,paRt°nER
répéter,Repete
piscine,pisin
origine,oRiZin
communauté,komynote
poudre,pudR
nourrir,nuRiR
qu,k
poupée,pupe
absence,aps@s
écoute,ekut
commission,komisj§
lutte,lyt
genre,Z@R
cause,koz
guerre,gER
façon,fas§
si,si
envie,@vi
plutôt,plyto
aimable,Emabl
digne,diN
feu,f2
quinze,k5z
fiancé,fj@se
uniquement,ynik°m@
surface,syRfas
magique,maZik
douze,duz
au-delà,od°la
cérémonie,seRemoni
pardonner,paRdone
étoile,etwal
divorce,divORs
singe,s5Z
absurde,apsyRd
traîner,tRene
rock,ROk
livrer,livRe
pub,p9b
attitude,atityd
refuser,R°fyze
for,fOR
bouton,but§
chasseur,Sas9R
réaction,Reaksj§
visiter,vizite
bagnole,baNOl
annoncer,an§se
réputation,Repytasj§
sensible,s@sibl
menace,m°nas
récemment,Resam@
naturellement,natyREl°m@
mesure,m°zyR
plus,plys
chute,Syt
là,la
ainsi,5si
affaire,afER
aucune,okyn
merde,mERd
reste,REst
pays,pei
ceux,s2
réussir,ReysiR
loup,lu
combattre,k§batR
gouverneur,guvERn9R
studio,stydjo
sel,sEl
venger,v@Ze
vente,v@t
escalier,Eskalje
serpent,sERp@
résoudre,RezudR
comédie,komedi
qualité,kalite
pisser,pise
enfuir,@f8iR
rêver,Reve
détective,detEktiv
écrivain,ekRiv5
appétit,apeti
fini,fini
personnage,pERsonaZ
bijoux,biZu
délicieux,delisj2
durer,dyRe
moi,mwa
quart,kaR
romantique,Rom@tik
promesse,pRomEs
éducation,edykasj§
créature,kReatyR
tenter,t@te
agence,aZ@s
mercredi,mERkR°di
normalement,nORmal°m@
disque,disk
séparer,sepaRe
essai,esE
garce,gaRs
huile,8il
courageux,kuRaZ2
téléphoner,telefone
précis,pResi
tapis,tapi
cependant,s°p@d@
ho,o
cieux,sj2
souffrance,sufR@s
tension,t@sj§
fidèle,fidEl
fêter,fete
promener,pROmne
bulle,byl
casting,kastiG
commis,komi
gagnant,gaN@
inauguration,inogyRasj§
activer,aktive
arrogant,aRog@
au-dessous,od°su
masser,mase
pion,pj§
romance,Rom@s
stupidité,stypidite
tourisme,tuRizm
tremper,tR@pe
vomi,vomi
capitalisme,kapitalizm
chancelier,S@s2lje
couillon,kuj§
entrevue,@tR°vy
mutinerie,mytin°Ri
paranoïaque,paRanojak
radeau,Rado
reconduire,R°k§d8iR
secourir,s°kuRiR
antre,@tR
assassiné,asasine
consentement,k§s@t°m@
copier,kopje
immoral,imoRal
impératrice,5peRatRis
manier,manje
négligence,negliZ@s
penny,peni
pinceau,p5so
pénitence,penit@s
radical,Radikal
recoudre,R°kudR
rigide,RiZid
tampon,t@p§
tata,tata
tolérer,toleRe
égorger,egORZe
émettre,emEtR
enclos,@klo
endormi,@dORmi
inculper,5kylpe
porche,pORS
reporter,R°pORte
sonate,sonat
torchon,tORS§
traducteur,tRadykt9R
trinquer,tR5ke
bétel,betEl
clause,kloz
contrainte,k§tR5t
coupé,kupe
donjon,d§Z§
ha,a
piment,pim@
ressusciter,Resysite
réfrigérateur,RefRiZeRat9R
tee-shirt,tiS9Rt
tonneau,tono
tourment,tuRm@
troubler,tRuble
voyeur,vwaj9R
capture,kaptyR
poli,poli
tailler,taje
anxiété,@ksjete
cricket,kRikEt
décence,des@s
guichet,giSE
immunité,imynite
invincible,5v5sibl
luxure,lyksyR
moineau,mwano
soucoupe,sukup
su,sy
tell,tEl
bruyant,bR8ij@
casserole,kas°ROl
flirter,fl9Rte
impensable,5p@sabl
infraction,5fRaksj§
offensive,of@siv
peinard,pEnaR
samba,s@ba
sentinelle,s@tinEl
vinaigre,vinEgR
violoniste,vjolonist
absenter,aps@te
agité,aZite
axe,aks
branleur,bR@l9R
charitable,SaRitabl
contempler,k§t@ple
cérébral,seRebRal
frousse,fRus
grille-pain,gRijp5
gui,gi
ingénieux,5Zenj2
pacifique,pasifik
peloter,p°lote
restauration,REstoRasj§
rubrique,RybRik
tsarévitch,tsaRevitS
étoffe,etOf
évoluer,evol8e
brutalement,bRytal°m@
fatiguer,fatige
limace,limas
recommandation,R°kom@dasj§
reproche,R°pROS
vainqueur,v5k9R
adolescence,adoles@s
civilisé,sivilize
collecte,kolEkt
immortel,imORtEl
jeton,Z°t§
menuisier,m2n8izje
meurtrier,m9RtRije
partition,paRtisj§
placé,plase
reparler,R°paRle
souffrant,sufR@
utérus,yteRys
élevage,El°vaZ
attachement,ataS°m@
brutalité,bRytalite
censure,s@syR
centre-ville,s@tR°vil
composer,k§poze
défunt,def1
marionnette,maRjonEt
motion,mosj§
redonner,R°done
solidarité,solidaRite
yaourt,jauRt
associer,asosje
cactus,kaktys
caniveau,kanivo
cochon,koS§
confrérie,k§fReRi
convaincant,k§v5k@
exagérer,EgzaZeRe
exotique,Egzotik
lecteur,lEkt9R
mentionner,m@sjone
rendu,R@dy
réalisation,Realizasj§
crac,kRak
déprimant,depRim@
fun,fyn
hernie,ERni
plasma,plasma
porcelaine,pORs°lEn
vertueux,vERt82
approprié,apRopRije
commune,komyn
diarrhée,djaRe
effectuer,efEkt8e
embauche,@boS
escroquerie,EskROk°Ri
infidèle,5fidEl
islam,islam
lobe,lOb
marmotte,maRmOt
primitif,pRimitif
saboter,sabote
sachet,saSE
ventilation,v@tilasj§
antéchrist,@tekRist
anxieux,@ksj2
arche,aRS
belge,bElZ
compensation,k§p@sasj§
effroi,efRwa
fourrière,fuRjER
galop,galo
morbide,mORbid
mécanique,mekanik
pendant,p@d@
perdrix,pERdRi
raté,Rate
semelle,s°mEl
crypte,kRipt
imprimer,5pRime
millionnaire,miljonER
raid,REd
rédaction,Redaksj§
soupçonner,supsone
tournure,tuRnyR
éventail,ev@taj
amabilité,amabilite
battu,baty
boom,bum
distingué,dist5ge
gaieté,gete
gouvernail,guvERnaj
quand,k@
rassurant,RasyR@
seigneurie,sEN9Ri
vernis,vERni
viril,viRil
bistrot,bistRo
distraction,distRaksj§
héberger,ebERZe
pudding,pudiG
violemment,vjolam@
animé,anime
autruche,otRyS
bandage,b@daZ
clandestin,kl@dEst5
clarifier,klaRifje
débarras,debaRa
entretuer,@tR°tye
importuner,5pORtyne
improviser,5pRovize
irruption,iRypsj§
miser,mize
organisé,ORganize
pin,p5
pénitentiaire,penit@sjER
repeindre,R°p5dR
sacoche,sakOS
tabouret,tabuRE
because,bikoz
bravoure,bRavuR
européen,2Rope5
fourmi,fuRmi
magnéto,maNeto
nickel,nikEl
pendaison,p@dEz§
brûlé,bRyle
cortège,kORtEZ
danois,danwa
diplomatique,diplomatik
dérive,deRiv
express,EkspREs
improbable,5pRobabl
nationalité,nasjonalite
tordre,tORdR
abdomen,abdomEn
abondance,ab§d@s
autonomie,otonomi
brosser,bRose
cellulaire,selylER
confrère,k§fRER
lucide,lysid
martini,maRtini
naufrage,nofRaZ
parlé,paRle
prudemment,pRydam@
requiem,Rek8ijEm
anomalie,anomali
avancé,av@se
couché,kuSe
démence,dem@s
détermination,detERminasj§
litre,litR
mystique,mistik
nationalisme,nasjonalizm
prometteur,pRomEt9R
renaissance,R°nEs@s
sherry,SERi
simplicité,s5plisite
triompher,tRij§fe
trèfle,tREfl
évaluer,eval8e
astuce,astys
conserve,k§sERv
débarquement,debaRk°m@
enfiler,@file
gymnastique,Zimnastik
ligue,lig
marshal,maRSal
puant,p8@
retomber,R°t§be
supposition,sypozisj§
trompe,tR§p
arrêté,aRete
bocal,bokal
brigadier,bRigadje
compréhensif,k§pRe@sif
coéquipier,koekipje
escargot,EskaRgo
frustration,fRystRasj§
guêpe,gEp
merdeux,mERd2
politiquement,politik°m@
porcherie,pORS°Ri
pouffiasse,pufjas
séminaire,seminER
épicier,episje
agiter,aZite
contrarier,k§tRaRje
débauche,deboS
entente,@t@t
fertile,fERtil
hard,aRd
méditation,meditasj§
mémo,memo
succession,syksesj§
suer,s8e
universitaire,ynivERsitER
bancaire,b@kER
boussole,busOl
branché,bR@Se
calomnie,kalOmni
collaborer,kolaboRe
conducteur,k§dykt9R
divertir,divERtiR
girafe,ZiRaf
incapacité,5kapasite
instant,5st@
lisse,lis
magistrat,maZistRa
maternel,matERnEl
mosquée,mOske
négociation,negosjasj§
plongeon,pl§Z§
poulette,pulEt
radiation,Radjasj§
rejet,R°ZE
support,sypOR
édifice,edifis
employeur,@plwaj9R
hostilité,Ostilite
logis,loZi
river,Rive
braiment,bREm@
domestique,domEstik
expertise,EkspERtiz
fonctionnement,f§ksjOn°m@
insolence,5sol@s
notre-dame,nOtR°dam
quasi,kazi
radin,Rad5
sensationnel,s@sasjonEl
trique,tRik
zizi,zizi
branlette,bR@lEt
industriel,5dystRijEl
pinson,p5s§
préoccuper,pReokype
tact,takt
abattoir,abatwaR
boire,bwaR
carré,kaRe
coiffer,kwafe
décent,des@
fibre,fibR
gamme,gam
impôt,5po
joyau,Zwajo
maréchal,maReSal
ping-pong,piGp§G
plan,pl@
pointure,pw5tyR
à l'encontre,al@k§tR
à l'improviste,al5pRovist
amnistie,amnisti
banquette,b@kEt
bourbon,buRb§
déménagement,demenaZ°m@
fascination,fasinasj§
fatalité,fatalite
flambeau,fl@bo
gloria,gloRja
majordome,maZoRdOm
milord,milOR
pardi,paRdi
perturber,pERtyRbe
questionner,kEstjone
ravitaillement,Ravitaj°m@
rebord,R°bOR
traditionnel,tRadisjonEl
transparent,tR@spaR@
affectation,afEktasj§
alchimiste,alSimist
arnaquer,aRnake
console,k§sOl
flatteur,flat9R
présentable,pRez@tabl
relaxer,R°lakse
satin,sat5
spray,spREj
trafiquant,tRafik@
zèbre,zEbR
blaireau,blERo
débattre,debatR
esthétique,Estetik
karaté,kaRate
littéraire,liteRER
parloir,paRlwaR
ruche,RyS
temporairement,t@poRER°m@
corne,kORn
croquis,kRoki
hue,y
inférieur,5feRj9R
nada,nada
souterrain,sutER5
suicidaire,s8isidER
taverne,tavERn
tourné,tuRne
unanimité,ynanimite
alimenter,alim@te
crampe,kR@p
dictionnaire,diksjonER
dissuader,dis8ade
doré,doRe
fournisseur,fuRnis9R
jeter,Z°te
licenciement,lis@sim@
limiter,limite
mitraillette,mitRajEt
moisson,mwas§
perception,pERsEpsj§
rate,Rat
électricien,elEktRisj5
automatiquement,otomatik°m@
dandy,d@di
hameçon,am°s§
haut-parleur,opaRl9R
maturité,matyRite
me,m°
sheriff,SERif
dévoué,devwe
exciter,Eksite
fermement,fERm°m@
haie,E
illustre,ilystR
mélancolie,mel@koli
métallique,metalik
paralysie,paRalizi
rancard,R@kaR
supplément,syplem@
séisme,seizm
égyptien,eZipsj5
attirant,atiR@
battement,bat°m@
bile,bil
carrosse,kaROs
croquer,kRoke
défenseur,def@s9R
médiocre,medjOkR
purifier,pyRifje
recruter,R°kRyte
recueillir,R°k9jiR
repentir,R°p@tiR
string,stRiG
successeur,sykses9R
tourmenter,tuRm@te
charogne,SaRON
croisement,kRwaz°m@
da,da
décomposition,dek§pozisj§
gaiement,gem@
gain,g5
hollandais,ol@dE
interrupteur,5tERypt9R
inverse,5vERs
mascarade,maskaRad
paysan,peiz@
recommander,R°kom@de
refiler,R°file
remarier,R°maRje
taré,taRe
théoriquement,teoRik°m@
adjudant-chef,adZyd@SEf
cake,kEk
clochette,kloSEt
cor,kOR
foireux,fwaR2
infantile,5f@til
maquette,makEt
régaler,Regale
sus,sys
chef-d'oeuvre,SEd9vR
chorale,koRal
couvercle,kuvERkl
fédération,fedeRasj§
gêné,ZEne
hiérarchie,jeRaRSi
interminable,5tERminabl
intrigue,5tRig
land,l@d
lavabo,lavabo
li,li
matinal,matinal
organique,ORganik
approbation,apRobasj§
artificiel,aRtifisjEl
fabricant,fabRik@
financement,fin@s°m@
grabuge,gRabyZ
insomnie,5sOmni
l,l
matériel,mateRjEl
saké,sake
sujet,syZE
zen,zEn
agressivité,agResivite
amour-propre,amuRpROpR
besogne,b2zON
cadet,kadE
collignon,koliN§
faucher,foSe
fougasse,fugas
kidnapper,kidnape
miette,mjEt
moteur,mot9R
natal,natal
paresse,paREs
patriotisme,patRijotizm
prestige,pREstiZ
rangée,R@Ze
soûler,sule
verger,vERZe
victorieux,viktoRj2
diffusion,difyzj§
fisc,fisk
juridiction,ZyRidiksj§
moustique,mustik
précipiter,pResipite
remerciement,R°mERsim@
soulier,sulje
beignet,bENE
camisole,kamizOl
choléra,koleRa
commandeur,kom@d9R
marraine,maREn
massif,masif
ogre,OgR
pressing,pResiG
prédire,pRediR
skier,skje
tic-tac,tiktak
truand,tRy@
épine,epin
aisément,ezem@
chip,Sip
croyant,kRwaj@
déluge,delyZ
expulsion,Ekspylsj§
rhinocéros,RinoseROs
rougir,RuZiR
tom,tOm
universel,ynivERsEl
bestiole,bEstjOl
bille,bij
chevelure,S°v°lyR
clément,klem@
combler,k§ble
coyote,kojOt
gober,gobe
hobby,Obi
impuissance,5p8is@s
ouvertement,uvERt°m@
pharaon,faRa§
roulette,RulEt
spectateur,spEktat9R
spot,spOt
séduction,sedyksj§
tyrannie,tiRani
vanille,vanij
aspiration,aspiRasj§
bagne,baN
boudin,bud5
duo,d8o
détecter,detEkte
fendre,f@dR
instruire,5stR8iR
plate-forme,platfORm
répression,RepResj§
équation,ekwasj§
éventuellement,ev@t8El°m@
ace,Ejs
box,bOks
centimètre,s@timEtR
circonstance,siRk§st@s
clone,klon
dicton,dikt§
entraider,@tREde
envol,@vOl
externe,EkstERn
foncé,f§se
hypothèque,ipotEk
inimaginable,inimaZinabl
montée,m§te
plaquer,plake
plausible,plozibl
rééducation,Reedykasj§
sphère,sfER
catch,katS
distant,dist@
gouttière,gutjER
horoscope,oRoskOp
intellectuel,5telEkt8El
joug,Zu
piètre,pjEtR
publiquement,pyblik°m@
rame,Ram
stéréo,steReo
tic,tik
adaptation,adaptasj§
asiatique,azjatik
bienfaiteur,bj5fEt9R
campement,k@p°m@
charabia,SaRabja
colosse,kolOs
confiant,k§fj@
crème,kREm
dépendre,dep@dR
frérot,fReRo
impardonnable,5paRdonabl
indulgence,5dylZ@s
infliger,5fliZe
moisir,mwaziR
passager,pasaZe
prémonition,pRemonisj§
rusé,Ryze
sniper,snajp9R
sortilège,sORtilEZ
sévèrement,sevER°m@
virilité,viRilite
amulette,amylEt
black,blak
cinéaste,sineast
fouine,fwin
micro-ondes,mikRo§d
révérence,ReveR@s
amnésique,amnezik
boulanger,bul@Ze
coussin,kus5
doña,dONa
droguer,dRoge
démasquer,demaske
encens,@s@
errer,ERe
glacial,glasjal
guerrier,gERje
marchand,maRS@
moniteur,monit9R
méditer,medite
pilotage,pilotaZ
repère,R°pER
réglé,Regle
serbe,sERb
sottise,sotiz
strip,stRip
trimestre,tRimEstR
tuberculose,tybERkyloz
valeureux,val2R2
affamé,afame
choquant,Sok@
extension,Ekst@sj§
pilier,pilje
poulailler,pulaje
prioritaire,pRijoRitER
prélèvement,pRelEv°m@
récréation,RekReasj§
similaire,similER
ventilateur,v@tilat9R
vogue,vOg
étonné,etone
agresser,agRese
barré,baRe
bombarder,b§baRde
bu,by
carpe,kaRp
chrono,kRono
entamer,@tame
filleul,fij9l
gracieux,gRasj2
immature,imatyR
indifférent,5difeR@
masqué,maske
prolonger,pRol§Ze
rudement,Ryd°m@
sanitaire,sanitER
silicone,silikOn
sous-marin,sumaR5
suspendre,sysp@dR
torpille,tORpij
variole,vaRjOl
étaler,etale
avatar,avataR
camouflage,kamuflaZ
clique,klik
connasse,konas
désaccord,dezakOR
embêtant,@bEt@
gag,gag
gouine,gwin
loisir,lwaziR
lys,lis
numérique,nymeRik
rigolade,Rigolad
transe,tR@s
vautour,votuR
castor,kastOR
clochard,kloSaR
estimation,Estimasj§
formel,fORmEl
gelé,Z°le
intimider,5timide
lagune,lagyn
prévisible,pRevizibl
réessayer,Reeseje
aboyer,abwaje
bavard,bavaR
caillot,kajo
carrelage,kaR°laZ
choquer,Soke
domination,dominasj§
fréquent,fRek@
légalité,legalite
pastèque,pastEk
sagement,saZ°m@
tige,tiZ
éclair,eklER
aluminium,alyminjOm
ampleur,@pl9R
attaché,ataSe
attirance,atiR@s
couronnement,kuROn°m@
cuvette,kyvEt
distinction,dist5ksj§
entreprendre,@tR°pR@dR
global,global
gémir,ZemiR
infiltrer,5filtRe
porteur,pORt9R
prairie,pReRi
réconciliation,Rek§siljasj§
abriter,abRite
chasteté,Sast°te
conteneur,k§t°n9R
dupe,dyp
estimer,Estime
golden,gOldEn
instruit,5stR8i
multi,mylti
olé,ole
soufre,sufR
étui,et8i
allégresse,alegREs
aspirer,aspiRe
basse,bas
biographie,bjogRafi
bye-bye,bajbaj
bénir,beniR
catéchisme,kateSizm
cutter,kytER
forcé,fORse
gnome,gnom
hui,8i
maintes,m5t
ordonner,ORdone
parent,paR@
rapidité,Rapidite
science-fiction,sj@sfiksj§
session,sesj§
affecter,afEkte
caméléon,kamele§
cocu,koky
détournement,detuRn°m@
gong,g§g
horaire,oRER
juré,ZyRe
lanterne,l@tERn
marmite,maRmit
ongle,§gl
philo,filo
pollution,polysj§
reporter,R°poRte
rédemption,Red@psj§
shampooing,S@pw5
truite,tR8it
admission,admisj§
africain,afRik5
bandeau,b@do
bikini,bikini
bouillant,buj@
boulette,bulEt
classement,klas°m@
cosmos,kOsmos
poétique,poetik
protecteur,pRotEkt9R
relier,R°lje
rez-de-chaussée,Red°Sose
sarcophage,saRkofaZ
tourbillon,tuRbij§
veillée,veje
web,wEb
basculer,baskyle
bercail,bERkaj
bise,biz
bouffon,buf§
horde,ORd
para,paRa
perso,pERso
sondage,s§daZ
soute,sut
zombie,z§bi
aggraver,agRave
bienveillance,bj5vEj@s
dinosaure,dinozoR
flair,flER
inaccessible,inaksesibl
limpide,l5pid
oracle,oRakl
picoler,pikole
ému,emy
aï,ai
balise,baliz
brûlure,bRylyR
considérable,k§sideRabl
culturel,kyltyREl
divinité,divinite
flaque,flak
incertitude,5sERtityd
marécage,maRekaZ
neutraliser,n2tRalize
parterre,paRtER
plomberie,pl§b°Ri
précoce,pRekOs
précédent,pResed@
résumer,Rezyme
synagogue,sinagOg
tape,tap
tâcher,taSe
télescope,telEskOp
volaille,volaj
végétarien,veZetaRj5
écume,ekym
bâche,baS
corbeille,kORbEj
créatif,kReatif
célébration,selebRasj§
fauché,foSe
flan,fl@
moléculaire,molekylER
portion,pORsj§
potentiel,pot@sjEl
solennel,solanEl
sécheresse,seS°REs
trio,tRijo
autorisé,otoRize
bouseux,buz2
dynastie,dinasti
pingouin,p5gw5
plonge,pl§Z
prototype,pRototip
récompenser,Rek§p@se
sil,sil
tailleuse,taj2z
travailleur,tRavaj9R
violet,vjolE
énervé,enERve
épuisé,ep8ize
annulation,anylasj§
dicter,dikte
grimace,gRimas
lé,le
maître,mEtR
nectar,nEktaR
redresser,R°dRese
salement,sal°m@
soja,soZa
sot,so
arsenal,aRs2nal
atrocement,atROs°m@
atteint,at5
cambrioler,k@bRijole
crinière,kRinjER
disperser,dispERse
débrancher,debR@Se
fouetter,fwete
full,ful
hésitation,ezitasj§
incision,5sizj§
introduction,5tRodyksj§
junior,ZynjOR
laverie,lav°Ri
magnétophone,maNetofOn
mamma,mamma
porto,pORto
reprise,R°pRiz
rédiger,RediZe
skip,skip
tactique,taktik
traîneau,tREno
zoom,zum
avare,avaR
contamination,k§taminasj§
dévotion,devosj§
frire,fRiR
géographie,ZeogRafi
humblement,1bl°m@
incurable,5kyRabl
insignifiant,5siNifj@
jumper,dZ9mp9R
jusqu,Zysk
macabre,makabR
rayer,Reje
respiratoire,REspiRatwaR
scalpel,skalpEl
stratégique,stRateZik
surgir,syRZiR
volant,vol@
élémentaire,elem@tER
arène,aREn
confirmé,k§fiRme
diabète,djabEt
déco,deko
détachement,detaS°m@
escale,Eskal
indiscret,5diskRE
internat,5tERna
meute,m2t
miraculeux,miRakyl2
planer,plane
plantation,pl@tasj§
planté,pl@te
psychotique,psikotik
qualifié,kalifje
récré,RekRe
tapin,tap5
tchao,tSao
traîne,tREn
archer,aRSe
cuistot,k8isto
inadmissible,inadmisibl
insolite,5solit
larbin,laRb5
magot,mago
phoque,fOk
porte-monnaie,pORt°monE
ranger,R@ZER
ration,Rasj§
réforme,RefORm
autocar,otokaR
chômeur,Som9R
confidence,k§fid@s
crucial,kRysjal
cyanure,sjanyR
douteux,dut2
ermite,ERmit
futile,fytil
geisha,geSa
invité,5vite
invoquer,5voke
mail,mEjl
mixte,mikst
progresser,pRogRese
roumain,Rum5
symbolique,s5bolik
tempe,t@p
bactérie,bakteRi
binoclard,binoklaR
cheeseburger,tSizb9Rg9R
injure,5ZyR
israélien,isRaelj5
minet,minE
rhabiller,Rabije
scientifiquement,sj@tifik°m@
sombrer,s§bRe
souriant,suRj@
tuerie,tyRi
activation,aktivasj§
attendu,at@dy
bodhi,bOdi
caresse,kaREs
catin,kat5
cigogne,sigON
courtier,kuRtje
duce,dutSe
durian,dyRj@
elles-mêmes,ElmEm
financièrement,fin@sjER°m@
finesse,finEs
gobelet,gOb°lE
hic,ik
héréditaire,eReditER
mas,ma
objectif,ObZEktif
opérationnel,opeRasjonEl
ouïe,wi
pommade,pomad
préliminaire,pReliminER
python,pit§
ravisseur,Ravis9R
reddition,REdisj§
rentable,R@tabl
ria,Rja
saouler,sule
sceptique,sEptik
volet,volE
clarinette,klaRinEt
dilemme,dilEm
enrager,@RaZe
jogging,dZOgiG
kidnappeur,kidnap9R
notamment,notam@
restaurer,REstoRe
serrurier,seRyRje
somptueux,s§pt82
vénérable,veneRabl
écriteau,ekRito
barracuda,baRakyda
beaux-arts,bozaR
boomer,bum9R
calvaire,kalvER
caïd,kaid
dague,dag
escalader,Eskalade
fusiller,fyzije
garant,gaR@
illico,iliko
joliment,Zolim@
miam,mjam
patrimoine,patRimwan
prodigieux,pRodiZj2
radieux,Radj2
sucré,sykRe
chili,Sili
cosmique,kOsmik
divers,divER
enragé,@RaZe
hamster,amstER
index,5dEks
méfiance,mefj@s
paume,pom
rade,Rad
régal,Regal
teinture,t5tyR
boomerang,bum°R@g
bousculer,buskyle
corse,kORs
demi-frère,d°mifRER
die,di
exclure,EksklyR
garde-robe,gaRd°ROb
niche,niS
oppression,opResj§
pointu,pw5ty
propreté,pROpR°te
roulement,Rul°m@
variété,vaRjete
yin,jin
hasch,aS
hurlement,yRl°m@
perspicace,pERspikas
poivrot,pwavRo
réanimation,Reanimasj§
té,te
acquérir,akeRiR
adoptif,adOptif
barreau,baRo
basta,basta
bijouterie,biZut°Ri
candidature,k@didatyR
captivité,kaptivite
créativité,kReativite
foutoir,futwaR
grillé,gRije
inondation,in§dasj§
instantanément,5st@tanem@
interruption,5tERypsj§
mentalité,m@talite
potable,potabl
prurit,pRyRit
puceau,pyso
reconnu,R°kony
tisane,tizan
égoïsme,egoizm
élire,eliR
évoquer,evoke
autodestruction,otodEstRyksj§
dictateur,diktat9R
gland,gl@
gronder,gR§de
gueux,g2
guignol,giNOl
ivrogne,ivRON
mister,mist9R
noël,noEl
nurse,n9Rs
robuste,Robyst
sanguinaire,s@ginER
skate,skEjt
augure,ogyR
bûcheron,byS°R§
cratère,kRatER
dangereusement,d@Z°R2z°m@
finance,fin@s
forestier,foREstje
fâcheux,faS2
indemne,5dEmn
neveux,n°v2
placement,plas°m@
propice,pRopis
tornade,tORnad
trempe,tR@p
trousseau,tRuso
vingt-quatre,v5tkatR
échéance,eSe@s
éloigné,elwaNe
antiquité,@tikite
benne,bEn
cadence,kad@s
capricieux,kapRisj2
caser,kaze
clip,klip
compétence,k§pet@s
confrontation,k§fR§tasj§
entité,@tite
extrémité,EkstRemite
fermeté,fERm°te
leurre,l9R
piller,pije
podium,podjOm
pénurie,penyRi
reconstituer,R°k§stit8e
reconstitution,R°k§stitysj§
risée,Rize
soeurette,s9REt
superficiel,sypERfisjEl
turc,tyRk
val,val
bondir,b§diR
charpentier,SaRp@tje
christianisme,kRistjanizm
confronter,k§fR§te
cuiller,k8ijER
diviser,divize
dix-neuf,dizn9f
hourra,uRa
plaisant,plEz@
psycho,psiko
savant,sav@
télévisé,televize
vallon,val§
ale,al
application,aplikasj§
bouleversé,bul°vERse
brigand,bRig@
cadenas,kad°na
cocher,koSe
félicité,felisite
impérial,5peRjal
infaillible,5fajibl
issu,isy
maigrir,megRiR
mâle,mal
nudité,nydite
paisiblement,pezibl°m@
sud-ouest,sydwEst
tentant,t@t@
veilleur,vEj9R
alpha,alfa
bibliothécaire,biblijotekER
biblique,biblik
bienheureux,bj5n2R2
bûche,byS
collectif,kolEktif
container,k§tEnER
dérangé,deR@Ze
expédier,Ekspedje
fumeur,fym9R
orgie,ORZi
vigile,viZil
amélioration,ameljoRasj§
aval,aval
bave,bav
carabine,kaRabin
châle,Sal
cirage,siRaZ
démocrate,demokRat
dérober,deRobe
embouteillage,@butEjaZ
extermination,EkstERminasj§
glucose,glykoz
inceste,5sEst
incontrôlable,5k§tRolabl
indéfiniment,5definim@
naval,naval
pencher,p@Se
puéril,p8eRil
ravir,RaviR
rotation,Rotasj§
rétablissement,Retablis°m@
saucisson,sosis§
signifier,siNifje
superstitieux,sypERstisj2
tablette,tablEt
toupet,tupE
tracer,tRase
vingt-trois,v5ttRwa
borné,bORne
clergé,klERZe
cloche,klOS
culpabiliser,kylpabilize
dépouiller,depuje
fiesta,fjEsta
idéologie,ideoloZi
mendier,m@dje
méfiant,mefj@
racket,RakEt
reconstruction,R°k§stRyksj§
élargir,elaRZiR
afficher,afiSe
bey,bE
compenser,k§p@se
compte-rendu,k§tR@dy
convenu,k§v°ny
défaillance,defaj@s
exam,Egzam
femelle,f°mEl
feuilleton,f9j°t§
huissier,8isje
originaire,oRiZinER
plongeur,pl§Z9R
prospectus,pROspEktys
rossignol,RosiNOl
vibrer,vibRe
étreinte,etR5t
bizut,bizy
déterrer,deteRe
excessif,Eksesif
exclusivement,Eksklyziv°m@
furie,fyRi
hymen,imEn
inculpation,5kylpasj§
météorite,meteoRit
pompiste,p§pist
propulsion,pRopylsj§
sarcastique,saRkastik
sensass,s@sas
substitut,sypstity
vigoureux,viguR2
aise,Ez
berner,bERne
biopsie,bjOpsi
concrètement,k§kREt°m@
décalage,dekalaZ
hépatite,epatit
invite,5vit
méchamment,meSam@
mémorable,memoRabl
par-derrière,paRdERjER
providence,pRovid@s
pupille,pypij
pénitencier,penit@sje
répertoire,RepERtwaR
salami,salami
transplantation,tR@spl@tasj§
téméraire,temeRER
agricole,agRikOl
capo,kapo
clairon,klER§
commotion,komosj§
défoncé,def§se
dépendance,dep@d@s
fondamentalement,f§dam@tal°m@
habileté,abil°te
infect,5fEkt
jaillir,ZajiR
mortellement,mORtEl°m@
paranoïa,paRanoja
perplexe,pERplEks
popularité,popylaRite
pédiatre,pedjatR
servi,sERvi
sushi,suSi
symptôme,s5ptom
véritablement,veRitabl°m@
vétérinaire,veteRinER
amaro,amaRo
ananas,anana
aperçu,apERsy
approvisionnement,apRovizjOn°m@
bang,b@g
bizness,biznEs
boiteux,bwat2
buste,byst
cierge,sjERZ
classer,klase
compléter,k§plete
comédien,komedj5
conditionné,k§disjone
convenablement,k§v°nabl°m@
convenir,k§v°niR
dément,dem@
honoré,onoRe
mythologie,mitoloZi
médiocrité,medjokRite
panse,p@s
patio,patjo
pèlerinage,pEl°RinaZ
spontané,sp§tane
taffe,taf
tibia,tibja
transfusion,tR@sfyzj§
albatros,albatRos
assise,asiz
cold,kold
commère,komER
drague,dRag
footballeur,futbOl9R
gagne-pain,gaNp5
implication,5plikasj§
inciter,5site
infamie,5fami
nabot,nabo
pizzeria,pidzeRja
quinzaine,k5zEn
richard,RiSaR
récupération,RekypeRasj§
suédois,s8edwa
aération,aeRasj§
caniche,kaniS
cidre,sidR
clebs,klEps
coquin,kok5
déduire,ded8iR
fossoyeur,foswaj9R
gombo,g§bo
implant,5pl@
inconsciemment,5k§sjam@
infirme,5fiRm
manipulation,manipylasj§
matrice,matRis
musulman,myzylm@
nice,nis
préavis,pReavi
pulmonaire,pylmonER
rut,Ryt
sertão,sERtaw
supériorité,sypeRjoRite
tanière,tanjER
tutelle,tytEl
épouvantail,epuv@taj
éventualité,ev@t8alite
école,ekOl
endroit,@dRwa
film,film
possible,posibl
après,apRE
désolé,dezole
peine,pEn
croire,kRwaR
appeler,ap°le
cette,sEt
vérité,veRite
piper,pipe
blesser,blese
jugement,ZyZ°m@
allemand,al°m@
fumée,fyme
chasser,Sase
détail,detaj
fleuve,fl9v
passeport,paspOR
écran,ekR@
pomme,pOm
charme,SaRm
comportement,k§pORt°m@
connerie,kOn°Ri
tenue,t°ny
entraînement,@tREn°m@
retenir,R°t°niR
approcher,apRoSe
affronter,afR§te
couvrir,kuvRiR
époux,epu
repartir,R°paRtiR
autorisation,otoRizasj§
discussion,diskysj§
puits,p8i
cap,kap
solitude,solityd
cabinet,kabinE
voyager,vwajaZe
ceinture,s5tyR
commande,kom@d
volontiers,vol§tje
rang,R@
règlement,REgl°m@
saloperie,salOp°Ri
rayon,REj§
man,m@
boule,bul
proposition,pRopozisj§
placard,plakaR
demi-tour,d°mituR
domaine,domEn
propriété,pRopRijete
top,tOp
prière,pRijER
rythme,Ritm
taper,tape
remonter,R°m§te
version,vERsj§
scandale,sk@dal
blé,ble
frigo,fRigo
surveillance,syRvEj@s
empire,@piR
immense,im@s
naturel,natyREl
ben,b5
engager,@gaZe
plaire,plER
profondément,pRof§dem@
votre,vOtR
chef,SEf
demander,d°m@de
garçon,gaRs§
semaine,s°mEn
bientôt,bj5to
tellement,tEl°m@
arriver,aRive
pas,pa
presque,pREsk
fou,fu
gros,gRo
dehors,d2OR
tomber,t§be
vieux,vj2
organisation,ORganizasj§
annonce,an§s
opéra,opeRa
ingénieur,5Zenj9R
remplir,R@pliR
trente,tR@t
cercueil,sERk9j
môme,mom
hâte,at
dégueulasse,deg2las
ami,ami
cri,kRi
imbécile,5besil
as,as
culture,kyltyR
clairement,klER°m@
conduite,k§d8it
craindre,kR5dR
nager,naZe
jury,ZyRi
tournée,tuRne
autorité,otoRite
pizza,pidza
musée,myze
poison,pwaz§
mamie,mami
commerce,komERs
progrès,pRogRE
régime,ReZim
tasse,tas
riz,Ri
séance,se@s
équipage,ekipaZ
fatigué,fatige
rose,Roz
liaison,ljEz§
u,y
personnellement,pERsonEl°m@
récompense,Rek§p@s
cardiaque,kaRdjak
comité,komite
tendre,t@dR
sauce,sos
paire,pER
suffisamment,syfizam@
avouer,avwe
gay,gE
intelligence,5teliZ@s
réellement,ReEl°m@
bouffer,bufe
gâcher,gaSe
aïe,aj
bibliothèque,biblijotEk
collègue,kolEg
soutien,sutj5
hauteur,ot9R
serment,sERm@
congé,k§Ze
réveil,RevEj
commandement,kom@d°m@
exprimer,EkspRime
union,ynj§
furieux,fyRj2
juger,ZyZe
terminer,tERmine
section,seksj§
éternité,etERnite
arrêter,aRete
alors,alOR
partie,paRti
attendre,at@dR
plaisir,pleziR
lit,li
aucun,ok1
tour,tuR
d'abord,dabOR
son,s§
mot,mo
bébé,bebe
ton,t§
en,@
qui,ki
aide,Ed
nouveau,nuvo
prêt,pRE
admettre,admEtR
dessin,des5
épaule,epol
inquiet,5kjE
public,pyblik
elle-même,ElmEm
débile,debil
collier,kolje
cercle,sERkl
complet,k§plE
incendie,5s@di
expression,EkspREsj§
guérir,geRiR
canapé,kanape
métro,metRo
cabine,kabin
chant,S@
auteur,ot9R
chic,Sik
deviner,d°vine
anneau,ano
arrestation,aREstasj§
maudit,modi
poésie,poezi
exercice,EgzERsis
respecter,REspEkte
résister,Reziste
principal,pR5sipal
tuyau,t8ijo
musical,myzikal
perdu,pERdy
appart,apaRt
bourse,buRs
court,kuR
nu,ny
arrière,aRjER
incapable,5kapabl
parking,paRkiG
conférence,k§feR@s
poursuivre,puRs8ivR
fichu,fiSy
bonté,b§te
solide,solid
enterrer,@teRe
plaindre,pl5dR
juif,Z8if
caractère,kaRaktER
humour,ymuR
aller,ale
arracher,aRaSe
compliqué,k§plike
entièrement,@tjER°m@
fauteuil,fot9j
serviette,sERvjEt
commandant,kom@d@
habiller,abije
production,pRodyksj§
attirer,atiRe
véhicule,veikyl
bible,bibl
léger,leZe
guère,gER
musique,myzik
important,5pORt@
rentrer,R@tRe
journée,ZuRne
faute,fot
confiance,k§fj@s
numéro,nymeRo
cinq,s5k
bonsoir,b§swaR
dormir,dORmiR
entrer,@tRe
poète,poEt
nation,nasj§
ordure,ORdyR
assis,asi
sourd,suR
avantage,av@taZ
réaliser,Realize
bol,bOl
sein,s5
vodka,vOdka
ministère,ministER
trouille,tRuj
automne,otOn
copie,kopi
épreuve,epR9v
ouverture,uvERtyR
misère,mizER
veille,vEj
possibilité,posibilite
moderne,modERn
linge,l5Z
tire,tiR
écraser,ekRaze
trahison,tRaiz§
alliance,alj@s
entretien,@tR°tj5
alarme,alaRm
scénario,senaRjo
emporter,@pORte
peste,pEst
toutes,tut
sauvage,sovaZ
do,do
cage,kaZ
pasteur,past9R
réception,ResEpsj§
ivre,ivR
généreux,ZeneR2
gérer,ZeRe
langage,l@gaZ
signature,siNatyR
portefeuille,pORt°f9j
identifier,id@tifje
came,kam
adjudant,adZyd@
déclaration,deklaRasj§
examiner,Egzamine
major,maZOR
pension,p@sj§
renvoyer,R@vwaje
gamin,gam5
conseiller,k§seje
salopard,salopaR
ténèbres,tenEbR
rattraper,RatRape
forcer,fORse
foutu,futy
auto,oto
collection,kolEksj§
jungle,Z1gl
tentative,t@tativ
populaire,popylER
flotte,flOt
interroger,5tERoZe
texte,tEkst
loyer,lwaje
panique,panik
messe,mEs
précieux,pResj2
contacter,k§takte
par-dessus,paRd°sy
couvent,kuv@
ô,o
baron,baR§
légende,leZ@d
bagarre,bagaR
douceur,dus9R
participer,paRtisipe
vain,v5
septembre,sEpt@bR
très,tRE
ou,u
chien,Sj5
mariage,maRjaZ
attention,at@sj§
jeu,Z2
bureau,byRo
service,sERvis
quoi,kwa
heureux,2R2
téléphone,telefOn
soeur,s9R
super,sypER
verre,vER
facile,fasil
lieu,lj2
parfois,paRfwa
route,Rut
nouvelle,nuvEl
autant,ot@
quatre,katR
capitaine,kapitEn
âge,aZ
cravate,kRavat
fruit,fR8i
poème,poEm
sexuel,seks8El
coïncidence,ko5sid@s
électrique,elEktRik
injuste,5Zyst
psy,psi
reçu,R°sy
sacrifice,sakRifis
salade,salad
tunnel,tynEl
emprunter,@pR1te
navire,naviR
élève,elEv
casier,kazje
idéal,ideal
pars,paR
congrès,k§gRE
électricité,elEktRisite
tournage,tuRnaZ
uns,1
vachement,vaS°m@
plateau,plato
tempête,t@pEt
assistant,asist@
séjour,seZuR
tabac,taba
tradition,tRadisj§
fumier,fymje
tendresse,t@dREs
espérer,EspeRe
savon,sav§
afin de,af5d°
cruel,kRyEl
merveille,mERvEj
pouls,pu
business,biznEs
ennuyeux,@n8ij2
principe,pR5sip
colline,kolin
exécution,Egzekysj§
barre,baR
charger,SaRZe
élever,El°ve
are,aR
ordinaire,ORdinER
rage,RaZ
éclater,eklate
étonnant,eton@
thème,tEm
voile,vwal
jaune,Zon
causer,koze
échec,eSEk
canard,kanaR
ajouter,aZute
splendide,spl@did
luxe,lyks
statue,staty
phrase,fRaz
entraîner,@tRene
endormir,@dORmiR
mouche,muS
piquer,pike
pose,poz
stylo,stilo
territoire,tERitwaR
pipi,pipi
ciao,tSao
go,go
second,s°g§
paraître,paREtR
villa,villa
vampire,v@piR
renoncer,R°n§se
otage,otaZ
atelier,at°lje
sincère,s5sER
couronne,kuROn
sommet,somE
telles,tEl
fonds,f§
boue,bu
invitation,5vitasj§
reconnaissance,R°konEs@s
envers,@vER
déposer,depoze
louer,lwe
tarder,taRde
aile,El
la,la
bras,bRa
payer,peje
pauvre,povR
surtout,syRtu
an,@
travailler,tRavaje
seigneur,sEN9R
malade,malad
depuis,d°p8i
premier,pR2mje
cul,ky
dur,dyR
paix,pE
minute,minyt
exactement,Egzakt°m@
dès,dE
cours,kuR
prison,pRiz§
ciel,sjEl
partout,paRtu
rendre,R@dR
aussi,osi
voir,vwaR
changer,S@Ze
penser,p@se
briser,bRize
angoisse,@gwas
marquis,maRki
suprême,sypREm
robot,Robo
ranger,R@Ze
opérer,opeRe
couler,kule
assiette,asjEt
café,kafe
certes,sERt
analyse,analiz
population,popylasj§
poubelle,pubEl
sénateur,senat9R
disparition,dispaRisj§
particulièrement,paRtikyljER°m@
technologie,tEknoloZi
ennui,@n8i
physique,fizik
la plupart,laplypaR
catastrophe,katastROf
département,depaRt°m@
extrêmement,EkstREm°m@
guide,gid
pratiquement,pRatik°m@
drapeau,dRapo
éliminer,elimine
ceux-là,s2la
chinois,Sinwa
mortel,mORtEl
clef,kle
commissariat,komisaRja
dignité,diNite
instrument,5stRym@
lion,lj§
anniversaire,anivERsER
dentiste,d@tist
grève,gREv
une,yn
pâle,pal
éloigner,elwaNe
orage,oRaZ
mêmes,mEm
éteindre,et5dR
réserve,RezERv
pro,pRo
abattre,abatR
sou,su
température,t@peRatyR
rouler,Rule
prêter,pRete
tente,t@t
accueillir,ak9jiR
élevé,El°ve
temple,t@pl
écart,ekaR
cabane,kaban
stade,stad
obscurité,OpskyRite
correct,koREkt
exception,EksEpsj§
net,nEt
bêtise,betiz
direct,diREkt
instinct,5st5
bloc,blOk
large,laRZ
brillant,bRij@
dose,doz
tragédie,tRaZedi
marge,maRZ
canal,kanal
matière,matjER
timide,timid
cervelle,sERvEl
concentrer,k§s@tRe
auberge,obERZ
promotion,pRomosj§
auparavant,opaRav@
cuir,k8iR
dialogue,djalOg
mince,m5s
remède,R°mEd
annuler,anyle
coca,koka
change,S@Z
éternel,etERnEl
golf,gOlf
rarement,RaR°m@
magazine,magazin
oxygène,OksiZEn
émotion,emosj§
yeah,jE
avis,avi
compte,k§t
dernier,dERnje
drôle,dRol
regarder,R°gaRde
mauvais,movE
fête,fEt
retour,R°tuR
entendre,@t@dR
le,l°
jamais,ZamE
état,eta
montrer,m§tRe
vous,vu
souvent,suv@
comprendre,k§pR@dR
difficile,difisil
pourquoi,puRkwa
essayer,eseje
grave,gRav
gentil,Z@ti
ne,n°
sûrement,syR°m@
d'autres,dotR
ceci,s°si
chose,Soz
ordre,ORdR
esprit,EspRi
président,pRezid@
perdre,pERdR
voix,vwa
cher,SER
bisou,bizu
trône,tRon
lecture,lEktyR
destruction,destRyksj§
réalisateur,Realizat9R
four,fuR
diriger,diRiZe
tonton,t§t§
football,futbOl
organiser,ORganize
pari,paRi
venu,v°ny
site,sit
etc,EtseteRa
dollar,dolaR
sain,s5
particulier,paRtikylje
plaque,plak
terreur,tER9R
acier,asje
personnalité,pERsonalite
pognon,poN§
ski,ski
accueil,ak9j
méthode,metOd
mal,mal
panier,panje
punir,pyniR
autoroute,otoRut
logique,loZik
obéir,obeiR
préféré,pRefeRe
brigade,bRigad
vomir,vomiR
classique,klasik
revanche,R°v@S
toast,tost
orchestre,ORkEstR
pétrole,petROl
vaincre,v5kR
curiosité,kyRjozite
issue,isy
limite,limit
zut,zyt
formation,fORmasj§
serrer,seRe
curé,kyRe
directeur,diREkt9R
médical,medikal
tels,tEl
galerie,gal°Ri
épisode,epizOd
scientifique,sj@tifik
ticket,tikE
cran,kR@
événement,evEn°m@
peintre,p5tR
saute,sot
sincèrement,s5sER°m@
effectivement,efEktiv°m@
fierté,fjERte
sagesse,saZEs
charité,SaRite
oeuf,9f
saut,so
aussitôt,osito
audience,odj@s
commander,kom@de
avertir,avERtiR
roue,Ru
vertu,vERty
drame,dRam
mairie,meRi
lady,lEjdi
proposer,pRopoze
échelle,eSEl
atmosphère,atmosfER
boss,bOs
promenade,pROmnad
hôte,ot
viol,vjOl
plaisanterie,plEz@t°Ri
bâton,bat§
déplacer,deplase
juin,Z85
génération,ZeneRasj§
profil,pRofil
petit-déjeuner,p°tideZ9ne
câble,kabl
témoigner,temwaNe
culotte,kylOt
influence,5fly@s
espion,Espj§
grandir,gR@diR
indice,5dis
diplôme,diplom
dent,d@
fan,fan
malédiction,malediksj§
procédure,pRosedyR
tranquillement,tR@kil°m@
usage,yzaZ
poing,pw5
administration,administRasj§
feuille,f9j
laboratoire,laboRatwaR
trafic,tRafik
réseau,Rezo
cesser,sese
jalousie,Zaluzi
sensation,s@sasj§
baby,bejbi
ouvert,uvER
salaud,salo
ramasser,Ramase
fonction,f§ksj§
occupé,okype
concernant,k§sERn@
minable,minabl
risquer,Riske
transport,tR@spOR
activité,aktivite
ignorer,iNoRe
agneau,aNo
italien,italj5
et,e
tôt,to
année,ane
puis,p8i
ailleurs,aj9R
sa,sa
ensuite,@s8it
l'un,l1
faim,f5
rue,Ry
ta,ta
honneur,on9R
prix,pRi
hôpital,opital
retard,R°taR
visage,vizaZ
simple,s5pl
face,fas
oncle,§kl
garder,gaRde
ces,se
photo,foto
patron,patR§
impossible,5posibl
âme,am
à,a
bout,bu
soleil,solEj
propre,pROpR
sale,sal
résistance,Rezist@s
accent,aks@
impressionnant,5pResjon@
thérapie,teRapi
étranger,etR@Ze
suffisant,syfiz@
fragile,fRaZil
intéresser,5teRese
tristesse,tRistEs
ère,ER
buter,byte
comte,k§t
filmer,filme
morale,moRal
communication,komynikasj§
fouiller,fuje
invisible,5vizibl
franc,fR@
violent,vjol@
noix,nwa
tireur,tiR9R
décès,desE
légitime,leZitim
précisément,pResizem@
sous-sol,susOl
sympathique,s5patik
guitare,gitaR
dette,dEt
fameux,fam2
peindre,p5dR
naître,nEtR
pipe,pip
habiter,abite
altesse,altEs
coucou,kuku
débrouiller,debRuje
enfermer,@fERme
démocratie,demokRasi
affection,afEksj§
marié,maRje
mis,mi
août,ut
douter,dute
accusation,akyzasj§
flamme,flam
rompre,R§pR
tache,taS
coûter,kute
coma,koma
capitale,kapital
informer,5fORme
blessé,blese
commun,kom1
photographe,fotogRaf
vallée,vale
chômage,SomaZ
foudre,fudR
petit-fils,p°tifis
assister,asiste
by,bi
chaussure,SosyR
interrompre,5tER§pR
enfoiré,@fwaRe
excitant,Eksit@
gang,g@g
médaille,medaj
étape,etap
casse,kas
phase,faz
balader,balade
pendre,p@dR
chirurgien,SiRyRZj5
intervention,5tERv@sj§
dalle,dal
désordre,dezORdR
machin,maS5
ambiance,@bj@s
âne,an
témoignage,temwaNaZ
énormément,enORmem@
désastre,dezastR
nord,nOR
profit,pRofi
demeure,d°m9R
facture,faktyR
national,nasjonal
araignée,aRENe
deuil,d9j
chacune,Sakyn
lance,l@s
motif,motif
remarquable,R°maRkabl
efficace,efikas
héritage,eRitaZ
tiroir,tiRwaR
aura,oRa
métal,metal
tube,tyb
gratuit,gRat8i
loge,lOZ
fin,f5
chariot,SaRjo
publicité,pyblisite
rapporter,RapORte
casque,kask
chapitre,SapitR
prétexte,pRetEkst
vaisselle,vEsEl
magicien,maZisj5
objection,ObZEksj§
pénible,penibl
honnêtement,onEt°m@
regretter,R°gRete
confortable,k§fORtabl
divorcer,divORse
médicament,medikam@
gueule,g9l
toute,tut
dix,dis
équipe,ekip
encore,@kOR
sens,s@s
six,sis
bizarre,bizaR
allô,alo
lumière,lymjER
est-ce que,Es°k°
rapport,RapOR
bois,bwa
acheter,aS°te
génial,Zenjal
propos,pRopo
content,k§t@
arme,aRm
chemin,S°m5
tirer,tiRe
choix,Swa
sécurité,sekyRite
livre,livR
médecin,mEds5
voyage,vwajaZ
table,tabl
dessus,d°sy
salle,sal
mes,me
pièce,pjEs
libre,libR
fond,f§
cuisiner,k8izine
privé,pRive
écriture,ekRityR
allumer,alyme
crétin,kRet5
punition,pynisj§
juillet,Z8ijE
saleté,sal°te
avaler,avale
illégal,ilegal
nan,n@
spécialiste,spesjalist
baignoire,bENwaR
dépôt,depo
pouce,pus
douloureux,duluR2
négocier,negosje
terriblement,tERibl°m@
lot,lo
quelquefois,kElk°fwa
apparence,apaR@s
branche,bR@S
saluer,sal8e
marteau,maRto
mystérieux,misteRj2
produire,pRod8iR
déesse,deEs
jouet,ZwE
nuage,n8aZ
transformer,tR@sfORme
adorer,adoRe
octobre,OktObR
après-demain,apREd°m5
détendre,det@dR
rembourser,R@buRse
sonner,sone
professionnel,pRofEsjonEl
toile,twal
chirurgie,SiRyRZi
boisson,bwas§
technique,tEknik
massacre,masakR
cognac,koNak
voyou,vwaju
routine,Rutin
poignée,pwaNe
tsar,tsaR
masse,mas
survie,syRvi
disposition,dispozisj§
prisonnier,pRizonje
vote,vOt
citoyen,sitwaj5
confier,k§fje
dessert,desER
division,divizj§
domicile,domisil
discipline,disiplin
fillette,fijEt
ambassadeur,@basad9R
autopsie,otOpsi
culpabilité,kylpabilite
angle,@gl
orgueil,ORg9j
possession,posesj§
violon,vjol§
baisse,bEs
volontaire,vol§tER
apprécier,apResje
baleine,balEn
bail,baj
pilote,pilOt
cassé,kase
dispute,dispyt
précédemment,pResedam@
régiment,ReZim@
dégoûtant,degut@
moquer,moke
nucléaire,nykleER
ressembler,R°s@ble
ya,ja
zoo,zoo
combinaison,k§binEz§
genou,Z°nu
attentat,at@ta
empreinte,@pR5t
majorité,maZoRite
pull,pyl
enveloppe,@v°lOp
actuellement,akt8El°m@
crainte,kR5t
psychiatre,psikjatR
pointe,pw5t
tennis,tenis
gré,gRe
maquillage,makijaZ
délit,deli
inventer,5v@te
patient,pasj@
touche,tuS
étude,etyd
mafia,mafja
baigner,beNe
faiblesse,fEblEs
gentiment,Z@tim@
remarquer,R°maRke
répétition,Repetisj§
chaos,kao
collège,kolEZ
construction,k§stRyksj§
vendeur,v@d9R
certificat,sERtifika
onze,§z
exposition,Ekspozisj§
micro,mikRo
dernièrement,dERnjER°m@
défaut,defo
mêler,mele
assaut,aso
avril,avRil
observer,opsERve
taux,to
cachette,kaSEt
enregistrement,@R°ZistR°m@
illusion,ilyzj§
vedette,v°dEt
déménager,demenaZe
tigre,tigR
évidence,evid@s
foire,fwaR
hommage,omaZ
nous-mêmes,numEm
baraque,baRak
fabuleux,fabyl2
maigre,mEgR
correctement,koREkt°m@
péter,pete
nid,ni
carnet,kaRnE
fermeture,fERm°tyR
parti,paRti
gris,gRi
lame,lam
solitaire,solitER
vilain,vil5
célibataire,selibatER
coiffeur,kwaf9R
dessous,d°su
décrire,dekRiR
insupportable,5sypORtabl
pratique,pRatik
début,deby
fric,fRik
euh,2
lettre,lEtR
toujours,tuZuR
hôtel,otEl
bateau,bato
sac,sak
camp,k@
peuple,p2pl
avion,avj§
silence,sil@s
pied,pje
revenir,R°v°niR
complètement,k§plEt°m@
espèce,EspEs
plein,pl5
télé,tele
temps,t@
doucement,dus°m@
tranquille,tR@kil
honte,§t
sauver,sove
maintenant,m5t°n@
notre,nOtR
colonel,kolonEl
passé,pase
apprendre,apR@dR
situation,sit8asj§
erreur,ER9R
deux,d2
sans,s@
retrouver,R°tRuve
dos,do
accident,aksid@
filet,filE
cadre,kadR
hélicoptère,elikOptER
formule,fORmyl
comté,k§te
tendance,t@d@s
délire,deliR
agression,agREsj§
carton,kaRt§
g,Ze
basket,baskEt
catholique,katolik
tonnerre,tonER
casino,kazino
cm,s@timEtR
couche,kuS
frappe,fRap
processus,pRosesys
stress,stREs
atterrir,ateRiR
patrouille,patRuj
hello,Elo
pétrin,petR5
concierge,k§sjERZ
rideau,Rido
suivant,s8iv@
drôlement,dRol°m@
intimité,5timite
circulation,siRkylasj§
communiquer,komynike
confession,k§fesj§
chevalier,S°valje
veine,vEn
coq,kOk
gai,gE
grain,gR5
symbole,s5bOl
karma,kaRma
voeu,v2
caution,kosj§
équipement,ekip°m@
malentendu,mal@t@dy
testament,tEstam@
livraison,livREz§
supermarché,sypERmaRSe
remords,R°mOR
améliorer,ameljoRe
maths,mat
moustache,mustaS
subir,sybiR
cigare,sigaR
innocence,inos@s
querelle,k°REl
satellite,satelit
serviteur,sERvit9R
plomb,pl§
poker,pokER
batterie,bat°Ri
bénédiction,benediksj§
désespoir,dezEspwaR
probable,pRobabl°
accorder,akORde
par,paR
planter,pl@te
paysage,peizaZ
rex,REks
gras,gRa
tragique,tRaZik
budget,bydZE
disputer,dispyte
marchandise,maRS@diz
dragon,dRag§
télégramme,telegRam
équilibre,ekilibR
établir,etabliR
pompe,p§p
royal,Rwajal
association,asosjasj§
rançon,R@s§
suicider,s8iside
civilisation,sivilizasj§
descente,des@t
rigoler,Rigole
sir,siR
bouclier,buklije
look,luk
accrocher,akRoSe
relever,R°l°ve
jouir,ZwiR
plaie,plE
destination,destinasj§
officiellement,ofisjEl°m@
aiguille,eg8ij
hurler,yRle
quai,kE
rocher,RoSe
échantillon,eS@tij§
énerver,enERve
bref,bREf
caravane,kaRavan
creuser,kR2ze
coller,kole
révéler,Revele
ciné,sine
reconnaissant,R°konEs@
gentleman,dZEntl°man
inconnu,5kony
troupe,tRup
infiniment,5finim@
alibi,alibi
leader,lid9R
maintenir,m5t°niR
raser,Raze
sueur,s89R
communiste,komynist
fidélité,fidelite
chanceux,S@s2
lutter,lyte
placer,plase
ci,si
défi,defi
soûl,su
thèse,tEz
canne,kan
province,pRov5s
vitre,vitR
assistance,asist@s
élément,elem@
veiller,veje
misérable,mizeRabl
soutenir,sut°niR
éléphant,elef@
trahir,tRaiR
balancer,bal@se
compassion,k§pasj§
lourd,luR
rumeur,Rym9R
ais,e
record,R°kOR
transfert,tR@sfER
torture,tORtyR
base-ball,bEzbol
jupe,Zyp
manche,m@S
dépression,depResj§
central,s@tRal
coiffure,kwafyR
antenne,@tEn
pharmacie,faRmasi
effrayant,efREj@
environnement,@viROn°m@
reportage,R°pORtaZ
accuser,akyze
coton,kot§
enseigner,@seNe
camionnette,kamjonEt
effacer,efase
promettre,pRomEtR
divin,div5
planche,pl@S
potion,posj§
allure,alyR
boulet,bulE
caveau,kavo
fripouille,fRipuj
langouste,l@gust
laquelle,lakEl
localisation,lokalizasj§
minibus,minibys
parcelle,paRsEl
propager,pRopaZe
ringard,R5gaR
coroner,koRonER
derrick,dERik
disciple,disipl
ferry,fERi
flirt,fl9Rt
gazelle,gazEl
intervalle,5tERval
luxueux,lyks82
magnétoscope,maNetoskOp
marathon,maRat§
moralement,moRal°m@
oculaire,okylER
orchidée,ORkide
paillasse,pajas
pick-up,pik9p
pots-de-vin,pod°v5
refrain,R°fR5
renouveler,R°nuv°le
scénariste,senaRist
brancard,bR@kaR
bâbord,babOR
civière,sivjER
douillet,dujE
dynamique,dinamik
excentrique,Eks@tRik
fumé,fyme
glisse,glis
laitue,lety
lester,lEste
morveux,mORv2
paternité,patERnite
photogénique,fotoZenik
preneur,pR°n9R
apprenti,apR@ti
automobile,otomobil
chimpanzé,S5p@ze
comète,komEt
congélateur,k§Zelat9R
coran,koR@
crosse,kROs
duper,dype
décisif,desizif
développé,dev°lope
gifler,Zifle
grossièreté,gRosjER°te
han,@
inexplicable,inEksplikabl
intello,5tElo
jackpot,Zakpo
orge,ORZ
relancer,R°l@se
théologie,teoloZi
tiers-monde,tjERm§d
voyant,vwaj@
zinc,z5g
éclaireur,eklER9R
capter,kapte
cynisme,sinizm
dépanner,depane
fiasco,fjasko
framboise,fR@bwaz
guérisseur,geRis9R
imper,5pER
investigation,5vEstigasj§
juriste,ZyRist
manucure,manykyR
navigateur,navigat9R
partouze,paRtuz
perfusion,pERfyzj§
poigne,pwaN
présage,pRezaZ
touristique,tuRistik
étalage,etalaZ
avide,avid
convoquer,k§voke
couvert,kuvER
délirer,deliRe
délivrance,delivR@s
enterré,@teRe
fascisme,faSizm
froideur,fRwad9R
gamma,gama
graver,gRave
hep,Ep
hilarant,ilaR@
linceul,l5s9l
planifier,planifje
poilu,pwaly
recoller,R°kole
sudiste,sydist
sénile,senil
tango,t@go
tombeur,t§b9R
transpirer,tR@spiRe
tâter,tate
télépathie,telepati
urne,yRn
veto,veto
balançoire,bal@swaR
bêta,bEta
cockpit,kOkpit
comparable,k§paRabl
diminuer,dimin8e
déguisé,degize
dévaliser,devalize
enflure,@flyR
gaucher,goSe
graffiti,gRafiti
grappe,gRap
hideux,id2
moucheron,muS°R§
planétaire,planetER
poussée,puse
publicitaire,pyblisitER
renier,R°nje
synchro,s5kRo
tonic,tonik
vole,vOl
échappement,eSap°m@
épuisement,ep8iz°m@
aérodrome,aeRodRom
bouffée,bufe
brièvement,bRijEv°m@
cafetière,kaf°tjER
cagoule,kagul
déserter,dezERte
embrouiller,@bRuje
hanter,@te
larve,laRv
lucidité,lysidite
pare-balles,paRbal
paumé,pome
pou,pu
purgatoire,pyRgatwaR
rab,Rab
rodéo,Rodeo
républicain,Repyblik5
aubergiste,obERZist
bâtard,bataR
compliquer,k§plike
criminalité,kRiminalite
déficit,defisit
dénicher,deniSe
informé,5fORme
justesse,ZystEs
mascotte,maskOt
mitard,mitaR
pénétration,penetRasj§
supposé,sypoze
tatouer,tatwe
triche,tRiS
versement,vERs°m@
voyageur,vwajaZ9R
épuiser,ep8ize
acné,akne
animateur,animat9R
bourrique,buRik
curieusement,kyRj2z°m@
décourager,dekuRaZe
expérimental,EkspeRim@tal
farouche,faRuS
ficher,fiSe
grand-duc,gR@dyk
génétiquement,Zenetik°m@
hareng,aR@
hélice,elis
impunément,5pynem@
indiscrétion,5diskResj§
jargon,ZaRg§
merlot,mERlo
polka,pOlka
précipitation,pResipitasj§
pus,py
reptile,REptil
astre,astR
avalanche,aval@S
bobo,bobo
carcasse,kaRkas
chaudière,SodjER
chérubin,SeRyb5
crédibilité,kRedibilite
déprimé,depRime
déserteur,dezERt9R
engagé,@gaZe
expansion,Eksp@sj§
fixement,fiks°m@
gretchen,gR°tSEn
guérilla,geRija
hyperespace,ipERspas
indulgent,5dylZ@
passif,pasif
piazza,pjadza
pochette,poSEt
quincaillerie,k5kaj°Ri
remboursement,R@buRs°m@
renommée,R°nome
retravailler,R°tRavaje
thoracique,toRasik
épaisseur,epEs9R
épilepsie,epilEpsi
bronzer,bR§ze
cascadeur,kaskad9R
concret,k§kRE
constant,k§st@
décidé,deside
envahisseur,@vais9R
formuler,fORmyle
hadj,adZ
machette,maSEt
marketing,maRketiG
muter,myte
prodigue,pRodig
pécher,peSe
shooter,Sute
soutirer,sutiRe
speech,spitS
tombé,t§be
vernissage,vERnisaZ
audio,odjo
chocolat,Sokola
clocher,kloSe
féminité,feminite
illégalement,ilegal°m@
incognito,5koNito
irréel,iReEl
lourdement,luRd°m@
maintien,m5tj5
pensionnat,p@sjona
perpétuel,pERpet8El
sournois,suRnwa
synchronisation,s5kRonizasj§
yen,jEn
émissaire,emisER
absorber,apsORbe
acide,asid
apprentissage,apR@tisaZ
basilic,bazilik
blanchir,bl@SiR
canadien,kanadj5
couchage,kuSaZ
demeurer,d°m9Re
diffamation,difamasj§
enfreindre,@fR5dR
exorcisme,EgzORsizm
faufiler,fofile
hériter,eRite
idem,idEm
imbattable,5batabl
jack,dZak
macchabée,makabe
microbe,mikROb
nourri,nuRi
pieux,pj2
présidentiel,pRezid@sjEl
remplacement,R@plas°m@
rincer,R5se
réfugier,RefyZje
schnaps,Snaps
taxe,taks
typiquement,tipik°m@
véranda,veR@da
vétéran,veteR@
zou,zu
associé,asosje
blâme,blam
contravention,k§tRav@sj§
filature,filatyR
gogo,gogo
haute,ot
inclure,5klyR
interrogation,5tERogasj§
isabelle,izabEl
kibboutz,kibuts
képi,kepi
noyade,nwajad
pare-chocs,paRSOk
alcoolisme,alkolizm
barder,baRde
destroyer,destRwaje
déguster,degyste
détection,detEksj§
fissa,fisa
goûter,gute
indemnité,5dEmnite
infecter,5fEkte
kimono,kimono
lanceur,l@s9R
lésion,lezj§
panthère,p@tER
penderie,p@d°Ri
pipeau,pipo
post-it,pOstit
relire,R°liR
réservé,RezERve
sollicitude,solisityd
tousser,tuse
adverse,advERs
aller-retour,aleR°tuR
atteinte,at5t
bannière,banjER
brevet,bR2vE
chapiteau,Sapito
enquêteur,@kEt9R
inutilement,inytil°m@
ovale,oval
poussette,pusEt
schizophrénie,skizofReni
tchèque,tSEk
écorce,ekORs
abattu,abaty
ambulant,@byl@
analyste,analist
appartenance,apaRt°n@s
attache,ataS
baptiser,batize
cavalier,kavalje
concombre,k§k§bR
dépense,dep@s
effondrement,ef§dR°m@
irréprochable,iRepRoSabl
jouissance,Zwis@s
muse,myz
ponctuel,p§kt8El
rituel,Rit8El
timbre,t5bR
adultère,adyltER
baril,baRil
bastille,bastij
bing,biG
caille,kaj
cholestérol,kolEsteROl
croiseur,kRwaz9R
croque-mort,kROkmOR
diamètre,djamEtR
disquette,diskEt
déplaisant,deplEz@
déployer,deplwaje
déprime,depRim
désigner,deziNe
dôme,dom
exploration,EksploRasj§
fada,fada
fesse,fEs
friture,fRityR
gaspillage,gaspijaZ
gourmand,guRm@
généreusement,ZeneR2z°m@
heurter,9Rte
idiotie,idjosi
intercepter,5tERsEpte
mire,miR
pornographie,pORnogRafi
pâtissier,patisje
radis,Radi
saignement,sEN°m@
soutif,sutif
spiritisme,spiRitizm
stabilité,stabilite
abstenir,apst°niR
dada,dada
dignement,diN°m@
diplomatie,diplomasi
déjouer,deZwe
empoisonnement,@pwazOn°m@
format,fORma
foutaise,futEz
gâter,gate
merle,mERl
raffiné,Rafine
satanique,satanik
traire,tRER
trempé,tR@pe
abcès,apsE
actualité,akt8alite
animaux,animo
artisan,aRtiz@
baume,bom
berge,bERZ
cappuccino,kaputSino
changé,S@Ze
climatisation,klimatizasj§
douille,duj
extraction,EkstRaksj§
fable,fabl
filou,filu
ignorant,iNoR@
imminent,imin@
inestimable,inEstimabl
inouï,inwi
libido,libido
motard,motaR
méticuleux,metikyl2
persécution,pERsekysj§
perturbé,pERtyRbe
piston,pist§
psychose,psikoz
recoucher,R°kuSe
reggae,Rege
sabot,sabo
sociable,sosjabl
sophistiqué,sofistike
soucieux,susj2
stationnement,stasjOn°m@
écoutille,ekutij
épouvante,epuv@t
déborder,debORde
imposture,5pOstyR
latin,lat5
laïus,lajys
nim,nim
négation,negasj§
oseille,ozEj
palestinien,palEstinj5
parabole,paRabOl
piger,piZe
pâtée,pate
scorpion,skORpj§
souverain,suv°R5
succéder,syksede
trombone,tR§bOn
ajuster,aZyste
ambigu,@bigy
apte,apt
aveuglement,av9gl°m@
blockhaus,blOkos
brusque,bRysk
catastrophique,katastRofik
coffret,kofRE
cupidité,kypidite
détendu,det@dy
entuber,@tybe
exigeant,EgziZ@
faine,fEn
filon,fil§
homicide,omisid
hublot,yblo
implacable,5plakabl
inconfortable,5k§fORtabl
municipalité,mynisipalite
passionné,pasjone
prescription,pREskRipsj§
raquette,RakEt
recherché,R°SERSe
résistant,Rezist@
sis,si
solennellement,solanEl°m@
stupéfiant,stypefj@
unanime,ynanim
usure,yzyR
vassal,vasal
aptitude,aptityd
cartouche,kaRtuS
casbah,kasba
couronner,kuRone
dauphin,dof5
disco,disko
disgrâce,disgRas
découvert,dekuvER
fondement,f§d°m@
glissant,glis@
gramme,gRam
guitariste,gitaRist
lin,l5
mandala,m@dala
menaçant,m°nas@
merlan,mERl@
mépriser,mepRize
présentateur,pRez@tat9R
recharger,R°SaRZe
rot,Ro
résolu,Rezoly
simuler,simyle
théorique,teoRik
aigu,egy
allumage,alymaZ
appendicite,ap5disit
arthrite,aRtRit
bagarrer,bagaRe
british,bRitiS
cartel,kaRtEl
collant,kol@
comptant,k§t@
crasseux,kRas2
célibat,seliba
désobéir,dezobeiR
engendrer,@Z@dRe
fion,fj§
frivole,fRivOl
hydrogène,idRoZEn
implorer,5ploRe
inconcevable,5k§s°vabl
insouciant,5susj@
manquant,m@k@
open,op°n
patiemment,pasjam@
persil,pERsi
piaf,pjaf
prélever,pRel°ve
psychique,psiSik
rachat,RaSa
timidité,timidite
tribune,tRibyn
vendu,v@dy
énergétique,enERZetik
épeler,ep°le
anguille,@gij
autodéfense,otodef@s
belette,b°lEt
braqueur,bRak9R
chimère,SimER
clavicule,klavikyl
datcha,datSa
défectueux,defEkt82
emprisonnement,@pRizOn°m@
gangrène,g@gREn
granit,gRanit
hip-hop,ipOp
hostie,Osti
insuffisant,5syfiz@
maritime,maRitim
mess,mEs
randonnée,R@done
recouvrir,R°kuvRiR
repenser,R°p@se
typhus,tifys
téléviseur,televiz9R
attentionné,at@sjone
canoë,kanoe
cerner,sERne
chronique,kRonik
comptine,k§tin
connecter,konEkte
corrida,koRida
country,kawntRi
digérer,diZeRe
dixième,dizjEm
déclin,dekl5
expier,Ekspje
frimer,fRime
grammaire,gRamER
insatiable,5sasjabl
lieutenant-colonel,lj2t°n@kolonEl
lynx,l5ks
patriotique,patRijotik
perpétuer,pERpet8e
platine,platin
prothèse,pRotEz
pâture,patyR
ramer,Rame
recrue,R°kRy
rôtir,RotiR
saisie,sezi
trimer,tRime
vigilant,viZil@
affrontement,afR§t°m@
arrosage,aRozaZ
boyard,bwajaR
chair,SER
chéquier,Sekje
clairière,klERjER
cordonnier,kORdonje
débuter,debyte
dédicace,dedikas
endurance,@dyR@s
fermier,fERmje
fritz,fRits
incorrigible,5koRiZibl
inflation,5flasj§
judicieux,Zydisj2
leucémie,l2semi
loque,lOk
miteux,mit2
pomper,p§pe
pongo,p§go
prescrire,pREskRiR
soustraire,sustRER
sponsor,sp§sOR
valide,valid
allongé,al§Ze
bouse,buz
cacahuète,kakawEt
canular,kanylaR
conversion,k§vERsj§
dispensaire,disp@sER
exagéré,EgzaZeRe
exposé,Ekspoze
frêne,fREn
glaise,glEz
glaive,glEv
indescriptible,5dEskRiptibl
interner,5tERne
lunette,lynEt
maxi,maksi
myope,mjOp
myrtille,miRtij
paella,paela
pence,pEns
polaire,polER
raie,RE
rempli,R@pli
respecté,REspEkte
rigole,RigOl
savourer,savuRe
soul,sul
voûte,vut
autonome,otonom
bielle,bjEl
clash,klaS
clinique,klinik
compère,k§pER
damnation,danasj§
music-hall,myzikOl
prompt,pR§
pédale,pedal
rail,Raj
riposte,RipOst
tex,tEks
torride,toRid
agile,aZil
bienfaisance,bj5f°z@s
bobine,bobin
borne,bORn
calmos,kalmOs
dense,d@s
dépouille,depuj
ferveur,fERv9R
gerbe,ZERb
grignoter,gRiNote
levé,l°ve
manchette,m@SEt
mini,mini
palmier,palmje
perfide,pERfid
postal,pOstal
procuration,pRokyRasj§
protestation,pRotEstasj§
questionnaire,kEstjonER
rémission,Remisj§
sapristi,sapRisti
sonder,s§de
titane,titan
volage,volaZ
aérer,aeRe
docile,dosil
détestable,detEstabl
grièvement,gRijEv°m@
moutarde,mutaRd
mécano,mekano
ney,ne
olympique,ol5pik
ponction,p§ksj§
potassium,potasjOm
probabilité,pRobabilite
préférer,pRefeRe
psychologiquement,psikoloZik°m@
rallye,Rali
réincarnation,Re5kaRnasj§
sultan,sylt@
volée,vole
accroc,akRo
approuver,apRuve
borgne,bORN
building,bildiG
buveur,byv9R
chagrin,SagR5
continuellement,k§tin8El°m@
contribuer,k§tRib8e
correspondre,koREsp§dR
coréen,koRe5
dosage,dozaZ
déchéance,deSe@s
dédier,dedje
escadrille,EskadRij
garderie,gaRd°Ri
hot,Ot
incorrect,5koREkt
libraire,libRER
meneur,m°n9R
nouer,nwe
partagé,paRtaZe
savoir-vivre,savwaRvivR
superstar,sypERstaR
tristement,tRist°m@
voilier,vwalje
alignement,aliN°m@
barbare,baRbaR
bronzage,bR§zaZ
caissier,kesje
confins,k§f5
défouler,defule
enfermé,@fERme
envergure,@vERgyR
grill,gRil
inaperçu,inapERsy
loupe,lup
musculaire,myskylER
nicotine,nikotin
optimisme,Optimizm
rapprochement,RapROS°m@
recrutement,R°kRyt°m@
sparadrap,spaRadRa
subvention,sybv@sj§
superviseur,sypERviz9R
trot,tRo
verbe,vERb
veston,vEst§
éminent,emin@
bronzé,bR§ze
contrée,k§tRe
curry,kyRi
essentiellement,es@sjEl°m@
grimpe,gR5p
jardinage,ZaRdinaZ
latex,latEks
logo,logo
mature,matyR
maudire,modiR
passeur,pas9R
pieuvre,pj9vR
rabaisser,Rabese
serpillière,sERpijER
souligner,suliNe
stabiliser,stabilize
surveillant,syRvEj@
veuf,v9f
agenouiller,aZ°nuje
approximativement,apROksimativ°m@
bouleverser,bul°vERse
brochure,bRoSyR
chaussée,Sose
convalescence,k§vales@s
dentier,d@tje
hyène,jEn
immunitaire,imynitER
incomparable,5k§paRabl
mausolée,mozole
mesquin,mEsk5
mont-blanc,m§bl@
pondre,p§dR
renifler,R°nifle
respirateur,REspiRat9R
réceptionniste,ResEpsjonist
sadique,sadik
secundo,s°g§do
écoeurant,ek9R@
érotisme,eRotizm
éveil,evEj
alentour,al@tuR
alligator,aligatOR
anus,anys
apport,apOR
baby-sitting,babisitiG
bourdonnement,buRdOn°m@
bride,bRid
calamité,kalamite
capitaliste,kapitalist
comparaître,k§paREtR
confesseur,k§fEs9R
conforme,k§fORm
déballer,debale
espace-temps,Espast@
estrade,EstRad
freiner,fRene
gourou,guRu
gratin,gRat5
hamac,amak
illumination,ilyminasj§
insinuer,5sin8e
joujou,ZuZu
mystérieusement,misteRj2z°m@
redressement,R°dREs°m@
rôder,Rode
sauterelle,sot°REl
scout,skut
soumission,sumisj§
épileptique,epilEptik
bannir,baniR
biceps,bisEps
bookmaker,bukmEk9R
brailler,bRaje
clavier,klavje
dégainer,degene
déguerpir,degERpiR
fur et à mesure,fyReam°zyR
incompétence,5k§pet@s
instance,5st@s
invraisemblable,5vREs@blabl
jeûne,Z2n
maté,mate
mentor,m5tOR
miniature,minjatyR
murmure,myRmyR
négliger,negliZe
ras-le-bol,Ral°bOl
rendormir,R@dORmiR
repérage,R°peRaZ
réconfortant,Rek§fORt@
répartition,RepaRtisj§
synthèse,s5tEz
tenace,t°nas
transmetteur,tR@smEt9R
éclairé,ekleRe
abréger,abReZe
alerter,alERte
aligner,aliNe
allégeance,aleZ@s
ancêtre,@sEtR
aplomb,apl§
attarder,ataRde
broyer,bRwaje
cannibalisme,kanibalizm
constellation,k§stElasj§
corrompre,koR§pR
devin,d°v5
durable,dyRabl
déplacé,deplase
enclin,@kl5
flipper,flipe
fondu,f§dy
holocauste,olokost
lampadaire,l@padER
latino,latino
licencier,lis@sje
mien,mj5
monture,m§tyR
mortuaire,mORt8ER
mâcher,maSe
médiatique,medjatik
oasis,oazis
pacotille,pakotij
perversion,pERvERsj§
progression,pRogREsj§
receveur,R°s°v9R
recréer,R°kRee
retardement,R°taRd°m@
sahib,saib
sceptre,sEptR
scolarité,skolaRite
snob,snOb
vôtre,votR
abstinence,apstin@s
aristocratie,aRistokRasi
barge,baRZ
chimiste,Simist
contrer,k§tRe
coûteux,kut2
cul-terreux,kytER2
demi-journée,d°miZuRne
explosif,Eksplozif
froisser,fRwase
harem,aREm
hombre,§bR
imprimerie,5pRim°Ri
morve,mORv
museau,myzo
mécontentement,mek§t@t°m@
môle,mol
peint,p5
progéniture,pRoZenityR
prédécesseur,pRedeses9R
retaper,R°tape
supportable,sypORtabl
torrent,toR@
touffe,tuf
uranium,yRanjOm
valve,valv
vaniteux,vanit2
éclipse,eklips
chalumeau,Salymo
dictée,dikte
décoder,dekode
désinfecter,dez5fEkte
enflammer,@flame
entracte,@tRakt
esquiver,Eskive
fusible,fyzibl
grandement,gR@d°m@
pff,pf
projeter,pRoZ°te
prostate,pROstat
purger,pyRZe
sanatorium,sanatoRjOm
transparence,tR@spaR@s
ultra,yltRa
vulgarité,vylgaRite
écologique,ekoloZik
bossu,bosy
caféine,kafein
caricature,kaRikatyR
continu,k§tiny
corbillard,kORbijaR
courtois,kuRtwa
crânien,kRanj5
cube,kyb
drugstore,dR9gstOR
duvet,dyvE
décédé,desede
flip,flip
fluide,fl8id
fragment,fRagm@
initiation,inisjasj§
injustement,5Zyst°m@
interphone,5tERfOn
juke-box,dZukbOks
juteux,Zyt2
lunatique,lynatik
millimètre,milimEtR
nervosité,nERvozite
norme,nORm
pathologie,patoloZi
pif,pif
positivement,pozitiv°m@
prestation,pREstasj§
rivalité,Rivalite
sacrement,sakR°m@
safari,safaRi
synthétique,s5tetik
thermique,tERmik
tri,tRi
venimeux,v°nim2
blocage,blokaZ
cave,kav
discrimination,diskRiminasj§
dégueuler,deg2le
désarmer,dezaRme
extorsion,EkstORsj§
firmament,fiRmam@
hoquet,okE
jasmin,Zasm5
lande,l@d
lassitude,lasityd
malaria,malaRja
masturbation,mastyRbasj§
papyrus,papiRys
pareillement,paREj°m@
rabais,RabE
rai,RE
ressemblant,R°s@bl@
souiller,suje
steppe,stEp
stupeur,styp9R
adoucir,adusiR
amas,ama
assuré,asyRe
balayage,balEjaZ
boa,boa
carillon,kaRij§
citrouille,sitRuj
concerto,k§sERto
constituer,k§stit8e
contradictoire,k§tRadiktwaR
convocation,k§vokasj§
dureté,dyR°te
fast-food,fastfud
frisé,fRize
fût,fy
garanti,gaR@ti
imprudence,5pRyd@s
indigestion,5diZEstj§
irritable,iRitabl
jaser,Zaze
mambo,m@bo
nique,nik
occurrence,okyR@s
orthodoxe,ORtodOks
pamplemousse,p@pl°mus
prime,pRim
promouvoir,pRomuvwaR
préjudice,pReZydis
raffut,Rafy
rebondir,R°b§diR
refroidissement,R°fRwadis°m@
rempart,R@paR
replier,R°plije
ressentiment,R°s@tim@
suivi,s8ivi
terroriser,tERoRize
tofu,tofy
tropical,tRopikal
vison,viz§
bassine,basin
bette,bEt
châtier,Satje
dune,dyn
déduction,dedyksj§
garrot,gaRo
glaçon,glas§
golfe,gOlf
largeur,laRZ9R
marqué,maRke
math,mat
notoire,notwaR
pitre,pitR
pommier,pomje
réhabilitation,Reabilitasj§
stellaire,stElER
supercherie,sypERS°Ri
surcharge,syRSaRZ
trésorier,tRezoRje
vêtir,vetiR
avancée,av@se
aveugler,av9gle
bijoutier,biZutje
cameraman,kameRaman
cartable,kaRtabl
cessez-le-feu,sEsel°f2
chapelet,Sap°lE
christ,kRist
confortablement,k§fORtabl°m@
doctrine,dOktRin
délinquance,del5k@s
gallo,galo
instructif,5stRyktif
mah-jong,maZ§G
manivelle,manivEl
mécontent,mek§t@
nase,naz
parbleu,paRbl2
party,paRti
pirate,piRat
postérité,pOsteRite
ripoux,Ripu
ronger,R§Ze
sonar,sonaR
sosie,sozi
stratagème,stRataZEm
tenu,t°ny
traite,tREt
visé,vize
zob,zOb
all right,alRajt
antan,@t@
biscotte,biskOt
brunch,bR9nS
capuche,kapyS
coopératif,koopeRatif
coopérative,koopeRativ
corrompu,koR§py
dolce,dOltSe
démolition,demolisj§
flatter,flate
inculte,5kylt
infime,5fim
lavande,lav@d
lotion,losj§
méconnaissable,mekonEsabl
palpitant,palpit@
plaza,plaza
populace,popylas
protégé,pRoteZe
préoccupation,pReokypasj§
syphilis,sifilis
tourelle,tuREl
tulipe,tylip
télégraphe,telegRaf
vandalisme,v@dalizm
veilleuse,vEj2z
écossais,ekosE
émotionnellement,emosjonEl°m@
épier,epje
antiquaire,@tikER
astéroïde,asteRoid
attirail,atiRaj
auxiliaire,oksiljER
avant-garde,av@gaRd
avant-poste,av@pOst
avoine,avwan
beaux-parents,bopaR@
bouilloire,bujwaR
casse-croûte,kaskRut
cloison,klwaz§
culbute,kylbyt
cultivé,kyltive
déplaire,deplER
déportation,depORtasj§
effigie,efiZi
embarrasser,@baRase
gonflé,g§fle
humanitaire,ymanitER
hérésie,eRezi
illimité,ilimite
immensité,im@site
insistance,5sist@s
musclé,myskle
ourson,uRs§
paddy,padi
pompier,p§pje
primordial,pRimORdjal
provisoirement,pRovizwaR°m@
reg,REg
sirocco,siRoko
tapage,tapaZ
élixir,eliksiR
appréhender,apRe@de
corridor,koRidOR
corset,kORsE
fade,fad
forge,fORZ
funky,f9nki
garçonnière,gaRsonjER
gourdin,guRd5
laveur,lav9R
mortalité,mORtalite
paravent,paRav@
prématuré,pRematyRe
prétention,pRet@sj§
réinsertion,Re5sERsj§
troublé,tRuble
volley,volE
égarer,egaRe
égaré,egaRe
étroitement,etRwat°m@
agrément,agRem@
appendice,ap5dis
bahut,bay
book,buk
charrue,SaRy
chaste,Sast
chiche,SiS
compas,k§pa
concentré,k§s@tRe
copilote,kopilOt
couchette,kuSEt
envier,@vje
escrime,EskRim
fautif,fotif
fiole,fjOl
forfait,fORfE
gingembre,Z5Z@bR
grand-papa,gR@papa
iceberg,ajsbERg
incinérer,5sineRe
instinctivement,5st5ktiv°m@
intègre,5tEgR
maraudeur,maRod9R
messer,mes9R
mutuel,myt8El
occidental,Oksid@tal
pack,pak
paradoxe,paRadOks
penalty,penalti
photocopie,fotokopi
poufiasse,pufjas
rallumer,Ralyme
ramassis,Ramasi
rigoureux,RiguR2
ris,Ri
résigner,ReziNe
sketch,skEtS
sécu,seky
taïga,tajga
toupie,tupi
unification,ynifikasj§
éclipser,eklipse
accessible,aksesibl
attribuer,atRib8e
bison,biz§
casa,kaza
chérir,SeRiR
cottage,kotaZ
créneau,kReno
entaille,@taj
glamour,glamuR
historien,istoRj5
incertain,5sERt5
indestructible,5dEstRyktibl
mangeur,m@Z9R
opératoire,opeRatwaR
quille,kij
remous,R°mu
soutane,sutan
tranchant,tR@S@
vielle,vjEl
arrière-grand-père,aRjERgR@pER
assureur,asyR9R
bavardage,bavaRdaZ
bourg,buR
braver,bRave
clandestinement,kl@dEstin°m@
compatriote,k§patRijOt
contester,k§tEste
dater,date
devinette,d°vinEt
digestion,diZEstj§
distinctement,dist5kt°m@
délicatement,delikat°m@
emprisonner,@pRizone
formellement,fORmEl°m@
hygiénique,iZjenik
ingrédient,5gRedj@
invalide,5valid
lime,lim
loco,loko
pharmaceutique,faRmas2tik
philosophe,filozOf
pine,pin
piquet,pikE
plutonium,plytonjOm
poulpe,pulp
raclure,RaklyR
rejouer,R°Zwe
romantisme,Rom@tizm
sauvagement,sovaZ°m@
serviable,sERvjabl
taquiner,takine
tremble,tR@bl
urbanisme,yRbanizm
virement,viR°m@
viseur,viz9R
épanouir,epanwiR
épater,epate
bloqué,bloke
bluffer,bl9fe
casse-couilles,kaskuj
court-circuit,kuRsiRk8i
cramer,kRame
densité,d@site
design,dizajn
diesel,djezEl
exclusif,Eksklyzif
facilité,fasilite
faune,fon
fixation,fiksasj§
grillage,gRijaZ
gâteux,gat2
limité,limite
maharadjah,maaRadZa
mât,ma
partenariat,paRt°naRja
pittoresque,pitoREsk
piété,pjete
péniche,peniS
romarin,RomaR5
élimination,eliminasj§
accroître,akRwatR
accélération,akseleRasj§
acrobate,akRobat
barda,baRda
bécane,bekan
chaire,SER
chaleureusement,Sal2R2z°m@
chuchoter,SySote
cornet,kORnE
cruellement,kRyEl°m@
désintoxication,dez5tOksikasj§
embarrassé,@baRase
enchantement,@S@t°m@
enchaîner,@Sene
hospitaliser,Ospitalize
ouistiti,wistiti
panda,p@da
pendu,p@dy
perpète,pERpEt
phosphore,fOsfOR
polo,polo
ponte,p§t
porcher,pORSe
précipité,pResipite
pseudonyme,ps2donim
putsch,putS
stimulant,stimyl@
surpasser,syRpase
échappatoire,eSapatwaR
épice,epis
agaçant,agas@
animation,animasj§
artichaut,aRtiSo
brioche,bRijOS
cabot,kabo
consciencieux,k§sj@sj2
dédommager,dedomaZe
encadrer,@kadRe
errant,ER@
fièrement,fjER°m@
fondamental,f§dam@tal
hippopotame,ipopotam
hologramme,ologRam
indignation,5diNasj§
insuline,5sylin
irresponsabilité,iREsp§sabilite
justicier,Zystisje
languir,l@giR
loulou,lulu
mais,mE
nullement,nyl°m@
opportun,opORt1
stimuler,stimyle
visser,vise
absurdité,apsyRdite
accrochage,akRoSaZ
aisance,Ez@s
aisé,eze
aumônier,omonje
bastion,bastj§
blindé,bl5de
bru,bRy
cinquantaine,s5k@tEn
dialecte,djalEkt
en-cas,@ka
escadre,EskadR
euthanasie,2tanazi
fard,faR
glacière,glasjER
guéri,geRi
hirsute,iRsyt
impur,5pyR
irrégulier,iRegylje
laideur,lEd9R
manqué,m@ke
marinade,maRinad
monologue,monolOg
médaillon,medaj§
orangeade,oR@Zad
porte-clés,pORt°kle
portée,pORte
progressivement,pRogResiv°m@
précipice,pResipis
puer,p8e
pénicilline,penisilin
robert,RobER
secousse,s°kus
sodomie,sodomi
soussigné,susiNe
sépulture,sepyltyR
verticale,vERtikal
virtuel,viRt8El
anal,anal
assignation,asiNasj§
attelage,at°laZ
baston,bast§
blocus,blokys
brasier,bRazje
bénéficier,benefisje
bénéfique,benefik
caisson,kEs§
cigale,sigal
clap,klap
contretemps,k§tR°t@
céleri,sEl°Ri
dissiper,disipe
documentation,dokym@tasj§
dégaine,degEn
désactiver,dezaktive
désamorcer,dezamORse
figurer,figyRe
magnifiquement,maNifik°m@
maniaque,manjak
marchander,maRS@de
mouette,mwEt
nageur,naZ9R
pardessus,paRd°sy
pastis,pastis
phobie,fobi
pousse-pousse,puspus
rebut,R°by
rescousse,REskus
salsa,salsa
secrétariat,s°kRetaRja
stupéfait,stypefE
tracas,tRaka
verset,vERsE
éther,etER
archéologie,aRkeoloZi
cadran,kadR@
care,kaR
clore,klOR
combiner,k§bine
conjugal,k§Zygal
créateur,kReat9R
fémur,femyR
garnement,gaRn°m@
greffier,gRefje
indication,5dikasj§
injecter,5ZEkte
kangourou,k@guRu
mazout,mazut
minimiser,minimize
mirage,miRaZ
momie,momi
orateur,oRat9R
panoplie,panopli
parenté,paR@te
pensionnaire,p@sjonER
pété,pete
réduit,Red8i
rôti,Roti
sourcil,suRsi
triage,tRijaZ
verse,vERs
éclatant,eklat@
élu,ely
accompli,ak§pli
anonymat,anonima
babouin,babw5
baffe,baf
challenge,tSalEndZ
cuite,k8it
daim,d5
dominant,domin@
drive,dRajv
fiscal,fiskal
force,fORs
fougueux,fug2
furtif,fyRtif
geindre,Z5dR
gigot,Zigo
huître,8itR
idéologique,ideoloZik
labourer,labuRe
licorne,likORn
magnétisme,maNetizm
master,mast9R
matraque,matRak
méprisable,mepRizabl
punaise,pynEz
reconquérir,R°k§keRiR
relique,R°lik
rengaine,R@gEn
riposter,RipOste
routier,Rutje
superflu,sypERfly
tartine,taRtin
émoi,emwa
abject,abZEkt
alléger,aleZe
apogée,apoZe
asphalte,asfalt
baiseur,bEz9R
canaille,kanaj
cerf-volant,sERvol@
clouer,klue
commenter,kom@te
dissertation,disERtasj§
dixie,diksi
dégourdir,deguRdiR
entorse,@tORs
gravier,gRavje
hallucinant,alysin@
haricot,aRiko
impulsif,5pylsif
lèpre,lEpR
manuellement,man8El°m@
ogive,oZiv
orienter,oRj@te
publication,pyblikasj§
rivaliser,Rivalize
rousseur,Rus9R
talc,talk
tortilla,tORtija
échauffer,eSofe
épuisant,ep8iz@
étanche,et@S
ardemment,aRdam@
blanc-bec,bl@bEk
effusion,efyzj§
elfe,Elf
fiacre,fjakR
fraiser,fREze
funéraire,fyneRER
insurrection,5syREksj§
interférer,5tERfeRe
liesse,ljEs
masquer,maske
mie,mi
multiplier,myltiplije
piétiner,pjetine
probation,pRobasj§
quota,kota
rafraîchissement,RafReSis°m@
ravi,Ravi
scrabble,skRabl
tirelire,tiR°liR
vraisemblablement,vREs@blabl°m@
échographie,ekogRafi
éveillé,eveje
basket-ball,baskEtbOl
brut,bRyt
chauffard,SofaR
chenille,S°nij
couramment,kuRam@
courge,kuRZ
cuisson,k8is§
diadème,djadEm
dissoudre,disudR
donnant,don@
frémir,fRemiR
gaspacho,gaspatSo
gladiateur,gladjat9R
gynécologue,ZinekolOg
habitant,abit@
harmonica,aRmonika
hospitalier,Ospitalje
hugh,yg
infiltration,5filtRasj§
influent,5fly@
insultant,5sylt@
intoxication,5tOksikasj§
lèche,lES
passionnément,pasjonem@
perm,pERm
pessimiste,pesimist
poutre,putR
prologue,pRolOg
présente,pRez@t
pâleur,pal9R
renouveau,R°nuvo
rosbif,ROsbif
réintégrer,Re5tegRe
sergent-chef,sERZ@SEf
shampoing,S@pw5
sénat,sena
talisman,talisman
tempo,tEmpo
tondre,t§dR
troisièmement,tRwazjEm°m@
trouvaille,tRuvaj
tuba,tyba
vitrail,vitRaj
éventuel,ev@t8El
accusé,akyze
algèbre,alZEbR
audimat,odimat
bonnement,bOn°m@
chorizo,tSoRizo
civique,sivik
conservateur,k§sERvat9R
cubain,kyb5
diction,diksj§
décorateur,dekoRat9R
fresque,fREsk
gardé,gaRde
glander,gl@de
hisser,ise
hit,it
inconsolable,5k§solabl
infirmier,5fiRmje
inonder,in§de
intendance,5t@d@s
intrépide,5tRepid
jockey,ZokE
jojo,ZoZo
lubie,lybi
macaroni,makaRoni
monopoly,monopoli
pseudo,ps2do
rangé,R@Ze
raton,Rat§
surnaturel,syRnatyREl
thermomètre,tERmomEtR
tricoter,tRikote
énergique,enERZik
équilibré,ekilibRe
affût,afy
aléatoire,aleatwaR
apôtre,apotR
barbarie,baRbaRi
chandelier,S@d°lje
coordination,koORdinasj§
doublement,dubl°m@
décevant,dEs°v@
délirant,deliR@
fat,fat
fiel,fjEl
figuier,figje
fourré,fuRe
gradé,gRade
grappin,gRap5
indécent,5des@
inverser,5vERse
lansquenet,l@sk°nE
optique,Optik
ouvrier,uvRije
parallèle,paRalEl
programmer,pRogRame
provenir,pRov°niR
rapatrier,RapatRije
rital,Rital
récipient,Resipj@
sauvegarder,sov°gaRde
staff,staf
temporel,t@poREl
terne,tERn
verrouiller,veRuje
acquisition,akizisj§
adéquat,adekwa
ailier,elje
allocation,alokasj§
anticorps,@tikOR
aviron,aviR§
avorton,avORt§
berk,bERk
cachemire,kaS°miR
caddie,kadi
circulaire,siRkylER
contre-attaque,k§tRatak
croître,kRwatR
discorde,diskORd
dissimulation,disimylasj§
fondateur,f§dat9R
frisbee,fRisbi
jupon,Zyp§
kleenex,klinEks
légèreté,leZER°te
macho,matSo
ozone,ozon
piano,pjano
pourpre,puRpR
psychanalyse,psikanaliz
sage-femme,saZfam
satisfaisant,satisf°z@
spontanément,sp§tanem@
store,stOR
subit,sybi
terrien,tERj5
ébranler,ebR@le
épingler,ep5gle
étriper,etRipe
aboutir,abutiR
administratif,administRatif
beat,bit
couette,kwEt
demi-douzaine,d°miduzEn
disjoncteur,disZ§kt9R
escouade,Eskwad
est-ce-que,Es°k°
explicite,Eksplisit
flanquer,fl@ke
fraction,fRaksj§
jumeau,Zymo
largage,laRgaZ
legs,lEg
magistral,maZistRal
miraculeusement,miRakyl2z°m@
neurologue,n2RolOg
originalité,oRiZinalite
pègre,pEgR
ravissement,Ravis°m@
rendement,R@d°m@
treuil,tR9j
trouillard,tRujaR
vidéoclub,videokl9b
amplement,@pl°m@
armer,aRme
bricoler,bRikole
brouiller,bRuje
burger,b9Rg9R
congrégation,k§gRegasj§
contrepartie,k§tR°paRti
cyclone,siklon
droiture,dRwatyR
endommagé,@domaZe
entre-tuer,@tR°t8e
expérimenté,EkspeRim@te
feutre,f2tR
incantation,5k@tasj§
interférence,5tERfeR@s
irréparable,iRepaRabl
irréversible,iRevERsibl
javel,ZavEl
lapon,lap§
logiquement,loZik°m@
paternel,patERnEl
prétendu,pRet@dy
prévention,pRev@sj§
recueil,R°k9j
rejeté,R°Zte
repoussant,R°pus@
rime,Rim
rosaire,RozER
récital,Resital
texture,tEkstyR
trente-cinq,tR@ts5k
tu,ty
vaincu,v5ky
valser,valse
vaudou,vodu
éphémère,efemER
alouette,alwEt
apitoyer,apitwaje
bambou,b@bu
bloody mary,blOdimaRi
bélier,belje
calèche,kalES
chaux,So
choqué,Soke
conter,k§te
contrarié,k§tRaRje
diaphragme,djafRagm
déchaîner,deSEne
désarroi,dezaRwa
fourbe,fuRb
goal,gol
hâter,ate
ingratitude,5gRatityd
miro,miRo
monopole,monopOl
opposé,opoze
par-delà,paRd°la
profitable,pRofitabl
puberté,pybERte
roulotte,RulOt
simplifier,s5plifje
skipper,skip9R
stockage,stokaZ
treille,tREj
trouer,tRue
âpre,apR
éplucher,eplySe
anémie,anemi
brasserie,bRas°Ri
chevelu,S°v°ly
chevreuil,S°vR9j
confidentialité,k§fid@sjalite
consistance,k§sist@s
d'emblée,d@ble
distrait,distRE
dénouement,denum@
déshonorer,dezonoRe
fastoche,fastOS
foyer,fwaje
gadget,gadZEt
habitat,abita
hot dog,OtdOg
instaurer,5stoRe
mark,maRk
multitude,myltityd
mélasse,melas
ola,ola
paf,paf
plouf,pluf
purification,pyRifikasj§
pèlerin,pEl°R5
rappliquer,Raplike
sonneur,son9R
tourmenté,tuRm@te
vitamine,vitamin
éloge,elOZ
élucider,elyside
allumé,alyme
anchois,@Swa
approprier,apRopRije
atome,atom
atténuer,aten8e
aveuglément,av9glem@
bifteck,biftEk
blairer,bleRe
bouée,bwe
brick,bRik
charmer,SaRme
chenil,S°nil
choc,SOk
collectionneur,kolEksjon9R
condor,k§dOR
dard,daR
descendance,des@d@s
euskera,2skeRa
feeling,filiG
feuillage,f9jaZ
folk,fOlk
gravir,gRaviR
halo,alo
hardi,aRdi
hebdomadaire,EbdomadER
inapte,inapt
initial,inisjal
injonction,5Z§ksj§
interface,5tERfas
islamique,islamik
jaquette,ZakEt
kopeck,kopEk
label,labEl
loutre,lutR
là-dehors,lad2OR
machiniste,maSinist
modération,modeRasj§
monotone,monotOn
mortier,mORtje
motiver,motive
muffin,m9fin
mémoriser,memoRize
pincée,p5se
poupe,pup
proportion,pRopORsj§
proue,pRu
préméditation,pRemeditasj§
refusé,R°fyze
réunification,Reynifikasj§
samouraï,samuRaj
saxophone,saksofOn
sinus,sinys
subvenir,sybv°niR
subversif,sybvERsif
symphonie,s5foni
thérapeutique,teRap2tik
tien,tj5
tolérant,toleR@
utilisable,ytilizabl
va-et-vient,vaevj5
éloquence,elok@s
affichage,afiSaZ
anticiper,@tisipe
bamboula,b@bula
cacao,kakao
chi,ki
chignon,SiN§
coalition,koalisj§
confessionnal,k§fEsjonal
cornichon,kORniS§
déplorable,deploRabl
embobiner,@bobine
expiration,EkspiRasj§
gamelle,gamEl
gâté,gate
harnais,aRnE
immersion,imERsj§
impassible,5pasibl
impénétrable,5penetRabl
intérieurement,5teRj9R°m@
lèche-cul,lESky
momentanément,mom@tanem@
piercing,piRsiG
pyromane,piRoman
rameau,Ramo
retordre,R°tORdR
salve,salv
salé,sale
simultanément,simyltanem@
sole,sOl
soudeur,sud9R
traverse,tRavERs
wouah,wa
électromagnétique,elEktRomaNetik
émouvoir,emuvwaR
absinthe,aps5t
anévrisme,anevRizm
bavure,bavyR
baïonnette,bajonEt
blasphémer,blasfeme
brelan,bR2l@
clitoris,klitoRis
contradiction,k§tRadiksj§
corsage,kORsaZ
cortisone,kORtizOn
corvette,kORvEt
diabétique,djabetik
décadence,dekad@s
déterminé,detERmine
empocher,@poSe
engloutir,@glutiR
fonctionnel,f§ksjonEl
glas,gla
hai,E
intelligemment,5teliZam@
intégration,5tegRasj§
jarretière,ZaR°tjER
judas,Zyda
kiné,kine
lupus,lypys
mastoc,mastOk
mijoter,miZote
muraille,myRaj
odorat,odoRa
prévision,pRevizj§
régisseur,ReZis9R
salutaire,salytER
sensuel,s@s8El
souplesse,suplEs
strangulation,stR@gylasj§
sédition,sedisj§
teindre,t5dR
tuile,t8il
veinard,vEnaR
vibration,vibRasj§
vouloir,vulwaR
étonnement,etOn°m@
accomplissement,ak§plis°m@
adolescent,adoles@
adversité,advERsite
affirmation,afiRmasj§
auditionner,odisjone
barbu,baRby
beau-fils,bofis
bi,bi
bringue,bR5g
candeur,k@d9R
chahut,Say
clébard,klebaR
cocorico,kokoRiko
collaborateur,kolaboRat9R
contaminer,k§tamine
control,k§tRol
disant,diz@
décennie,deseni
déchet,deSE
démerder,demERde
dérision,deRizj§
entêtement,@tEt°m@
eunuque,2nyk
faisceau,fEso
impudence,5pyd@s
initier,inisje
maint,m5
malabar,malabaR
mathématique,matematik
milk-shake,milkSEjk
normalité,nORmalite
nylon,nil§
néfaste,nefast
outre,utR
passoire,paswaR
perron,pER§
pionnier,pjonje
plénitude,plenityd
prestigieux,pREstiZj2
présentement,pRez@t°m@
quéquette,kekEt
rave,Rav
rougeole,RuZOl
réécrire,ReekRiR
saule,sol
sillage,sijaZ
sphinx,sf5ks
sucette,sysEt
survoler,syRvole
technologique,tEknoloZik
totem,totEm
traîtrise,tRetRiz
viable,vjabl
visibilité,vizibilite
à jeun,aZ1
énervant,enERv@
anthrax,@tRaks
argentin,aRZ@t5
assurance-vie,asyR@svi
austère,ostER
autrichien,otRiSj5
bestiau,bEstjo
bulldozer,byldozER
cabanon,kaban§
cavité,kavite
décrit,dekRi
dépassé,depase
dérouler,deRule
enzyme,@zim
essayage,esEjaZ
exactitude,Egzaktityd
exécutif,Egzekytif
fourgonnette,fuRgonEt
guidon,gid§
lord,lORd
nautilus,notily
neurologique,n2RoloZik
obstination,Opstinasj§
patiner,patine
posture,pOstyR
rajeunir,RaZ9niR
ranimer,Ranime
rationnel,RasjonEl
ressaisir,R°seziR
sésame,sezam
tonalité,tonalite
avant-goût,av@gu
battue,baty
carriole,kaRjOl
casquer,kaske
circoncision,siRk§sizj§
compatible,k§patibl
contribuable,k§tRib8abl
couffin,kuf5
dérailler,deRaje
emmerde,@mERd
enchanteur,@S@t9R
favela,favela
fissure,fisyR
garagiste,gaRaZist
gourmette,guRmEt
gredin,gR°d5
guimauve,gimov
icône,ikon
incompétent,5k§pet@
intuber,5tybe
jauge,ZoZ
kif,kif
marqueur,maRk9R
myrte,miRt
navet,navE
oedème,2dEm
palme,palm
papas,papa
patinage,patinaZ
peureux,p2R2
photographique,fotogRafik
pourvoir,puRvwaR
prémédité,pRemedite
quinte,k5t
recourir,R°kuRiR
sacristain,sakRist5
saignant,sEN@
sniffer,snife
surplus,syRply
systématiquement,sistematik°m@
tacot,tako
tirade,tiRad
tordant,tORd@
tricot,tRiko
troublant,tRubl@
utilisé,ytilize
vermeil,vERmEj
vingt-deux,v5td2
abomination,abominasj§
acceptation,aksEptasj§
body,bOdi
bouleversant,bul°vERs@
dine,din
démarreur,demaR9R
fortuné,fORtyne
foutrement,futR°m@
immuable,im8abl
inachevé,inaS°ve
incitation,5sitasj§
juvénile,Zyvenil
nettoyeur,netwaj9R
périscope,peRiskOp
universal,ynivERsal
videur,vid9R
attendrir,at@dRiR
aviateur,avjat9R
ballerine,bal°Rin
blancheur,bl@S9R
blanchisserie,bl@Sis°Ri
bénévole,benevOl
chaumière,SomjER
chirurgical,SiRyRZikal
coche,kOS
cohérent,koeR@
collagène,kolaZEn
contraste,k§tRast
denrée,d@Re
dindon,d5d§
donation,donasj§
empêchement,@pES°m@
endommager,@domaZe
expérimenter,EkspeRim@te
farcir,faRsiR
feindre,f5dR
fichtre,fiStR
frustrant,fRystR@
frénésie,fRenezi
giton,Zit§
gluant,gly@
goujat,guZa
hébreu,ebR2
inconscience,5k§sj@s
intouchable,5tuSabl
lama,lama
nègre,nEgR
observatoire,opsERvatwaR
orifice,oRifis
payant,pEj@
régional,ReZjonal
répartir,RepaRtiR
sanction,s@ksj§
savoir-faire,savwaRfER
scripte,skRipt
sophie,sOfi
souhaitable,swEtabl
stase,staz
stimulation,stimylasj§
susciter,sysite
torcher,tORSe
ultimatum,yltimatOm
verrouillage,veRujaZ
véreux,veR2
accordé,akORde
aucuns,ok1
blaguer,blage
bouché,buSe
camaraderie,kamaRad°Ri
carapace,kaRapas
carrosserie,kaROs°Ri
chamailler,Samaje
cochonnerie,koSOn°Ri
codé,kode
collage,kolaZ
conformisme,k§fORmizm
convenance,k§v°n@s
crucifix,kRysifi
dégénérescence,deZeneRes@s
dépotoir,depotwaR
exigence,EgziZ@s
fainéant,fene@
fanfan,f@f@
ferroviaire,fERovjER
fervent,fERv@
fiancer,fj@se
individuellement,5divid8El°m@
instantané,5st@tane
lasser,lase
lentille,l@tij
malice,malis
manager,manadZe
marseillais,maRsEjE
mutilé,mytile
métabolisme,metabolizm
métamorphose,metamORfoz
pompon,p§p§
pot-de-vin,pod°v5
problématique,pRoblematik
prématurément,pRematyRem@
présumé,pRezyme
pénombre,pen§bR
renfermé,R@fERme
respectabilité,REspEktabilite
rouble,Rubl
roupiller,Rupije
stocker,stoke
urticaire,yRtikER
établi,etabli
accueillant,ak9j@
actionnaire,aksjonER
afro,afRo
baste,bast
bazooka,bazuka
colon,kol§
compression,k§pREsj§
contagion,k§taZj§
contraindre,k§tR5dR
dormant,dORm@
entourer,@tuRe
fourche,fuRS
impératif,5peRatif
infortune,5fORtyn
lavement,lav°m@
marmot,maRmo
minerai,min°RE
minuterie,minyt°Ri
minutieux,minysj2
néon,ne§
patinoire,patinwaR
pesant,p2z@
pichet,piSE
pillage,pijaZ
pompette,p§pEt
porte-avions,pORtavj§
périphérie,peRifeRi
shoot,Sut
surcroît,syRkRwa
suspendu,sysp@dy
suspicion,syspisj§
thermostat,tERmosta
tombola,t§bola
tourmente,tuRm@t
téton,tet§
égocentrique,egos@tRik
angine,@Zin
asthmatique,asmatik
attrapeur,atRap9R
aérobic,aeRobik
beurre,b9R
bicarbonate,bikaRbonat
calice,kalis
chancellerie,S@sEl°Ri
chiotte,SjOt
discréditer,diskRedite
déploiement,deplwam@
désagrément,dezagRem@
ensevelir,@s°v°liR
férocité,feRosite
gosier,gozje
hardiment,aRdim@
insuffisance,5syfiz@s
lamenter,lam@te
lavette,lavEt
macumba,makymba
mégot,mego
orgueilleux,ORg9j2
parleur,paRl9R
percée,pERse
perturbation,pERtyRbasj§
pollen,polEn
singulier,s5gylje
spirale,spiRal
squat,skwat
symétrie,simetRi
télencéphale,tel@sefal
usurier,yzyRje
vaillance,vaj@s
vendetta,v@dEta
whiskey,wiski
écorcher,ekORSe
accoutrement,akutR°m@
agacer,agase
alarmer,alaRme
aliénation,aljenasj§
amorce,amORs
anarchiste,anaRSist
archéologue,aRkeolOg
asphyxie,asfiksi
autoritaire,otoRitER
béret,beRE
changeant,S@Z@
crade,kRad
crâne,kRan
dégénéré,deZeneRe
figurine,figyRin
guidage,gidaZ
impie,5pi
killer,kil9R
lifting,liftiG
luge,lyZ
partiel,paRsjEl
percevoir,pERs°vwaR
pool,pul
puce,pys
pulsion,pylsj§
rechute,R°Syt
resserrer,R°seRe
réalisme,Realizm
révolter,RevOlte
vespa,vEspa
activement,aktiv°m@
aimant,Em@
annulé,anyle
anthropologue,@tRopolOg
aquatique,akwatik
attrait,atRE
avarice,avaRis
bredouille,bR°duj
cric,kRik
crissement,kRis°m@
côtelette,kot°lEt
demi-portion,d°mipORsj§
différencier,difeR@sje
diplomate,diplomat
désespérer,dezEspeRe
désirable,deziRabl
fragilité,fRaZilite
fret,fRE
gal,gal
gi,Zi
grondement,gR§d°m@
génocide,Zenosid
illégitime,ileZitim
malfaiteur,malfEt9R
marc,maR
narcissisme,naRsisizm
perdition,pERdisj§
poireauter,pwaRote
presto,pREsto
rance,R@s
remis,R°mi
ride,Rid
sono,sono
sorbier,sORbje
spécifiquement,spesifik°m@
teigne,tEN
télex,telEks
vermouth,vERmut
voguer,voge
échine,eSin
écuyer,ek8ije
éducatif,edykatif
éjecter,eZEkte
éminence,emin@s
abordage,abORdaZ
amputer,@pyte
aride,aRid
bercer,bERse
bourdon,buRd§
bureaucratie,byRokRasi
butte,byt
camionneur,kamjon9R
cardiologue,kaRdjolOg
craquement,kRak°m@
déloger,deloZe
démarrage,demaRaZ
dépannage,depanaZ
détonation,detonasj§
flush,fl9S
fougue,fug
fraîchement,fRES°m@
grand-tante,gR@t@t
immiscer,imise
jarre,ZaR
joint,Zw5
margot,maRgo
meule,m2l
mondain,m§d5
murmurer,myRmyRe
perfidie,pERfidi
pétale,petal
quoique,kwak°
rente,R@t
styliste,stilist
thym,t5
titulaire,titylER
trampoline,tR@polin
tromperie,tR§p°Ri
télépathe,telepat
vrac,vRak
ébauche,eboS
évangile,ev@Zil
aorte,aORt
blême,blEm
boniche,boniS
buffle,byfl
camomille,kamomij
chacal,Sakal
choucroute,SukRut
congelé,k§Z°le
conventionnel,k§v@sjonEl
déca,deka
détritus,detRitys
figer,fiZe
foret,foRE
frigidaire,fRiZidER
frisquet,fRiskE
fréquemment,fRekam@
gaine,gEn
grincheux,gR5S2
insolent,5sOl
insubordination,5sybORdinasj§
jarret,ZaRE
libéré,libeRe
législation,leZislasj§
mammouth,mamut
masturber,mastyRbe
modeler,mod°le
monarque,monaRk
naguère,nagER
nationaliste,nasjonalist
night-club,najtkl9b
norvégien,nORveZj5
papoter,papote
parjure,paRZyR
pauvrette,povREt
quantique,kw@tik
quarante-cinq,kaR@ts5k
radiologie,RadjoloZi
ralliement,Ralim@
ravoir,RavwaR
redoubler,R°duble
remorque,R°mORk
situer,sit8e
stressant,stREs@
toxicomane,tOksikoman
trimballer,tR5bale
utopie,ytopi
zig,zig
émotif,emotif
amicalement,amikal°m@
athée,ate
averse,avERs
bassesse,basEs
bronchite,bR§Sit
coccinelle,koksinEl
différend,difeR@
déraisonnable,deREzonabl
frontal,fR§tal
gun,g9n
henné,ene
hydraulique,idRolik
insouciance,5susj@s
iode,jOd
laquais,lakE
lenteur,l@t9R
mascara,maskaRa
matador,matadOR
moisissure,mwazisyR
mouais,mwE
moyen-âge,mwajEnaZ
nordique,nORdik
patrouilleur,patRuj9R
péruvien,peRyvj5
renom,R°n§
réclame,Reklam
scanner,skane
succomber,syk§be
testostérone,tEstosteROn
atmosphérique,atmosfeRik
bulgare,bylgaR
caméraman,kameRaman
carburant,kaRbyR@
citron,sitR§
classé,klase
cloque,klOk
coule,kul
culinaire,kylinER
divinement,divin°m@
encyclopédie,@siklopedi
et cetera,etseteRa
exaucer,Egzose
excessivement,Eksesiv°m@
extra-terrestre,EkstRatEREstR
fenouil,f°nuj
forum,foROm
frustré,fRystRe
gratte-ciel,gRatsjEl
hémoglobine,emoglobin
incomplet,5k§plE
inconvenant,5k§v°n@
intellect,5telEkt
inutilisable,inytilizabl
joyeusement,Zwaj2z°m@
là-derrière,ladERjER
machination,maSinasj§
marina,maRina
occase,okaz
pactole,paktOl
plaidoirie,plEdwaRi
pulvériser,pylveRize
rangement,R@Z°m@
recensement,R°s@s°m@
ronfler,R§fle
roque,ROk
rugby,Rygbi
sensualité,s@s8alite
technicien,tEknisj5
traîtresse,tREtREs
trébucher,tRebySe
trépied,tRepje
uniforme,ynifORm
équitation,ekitasj§
acquitter,akite
adroit,adRwa
affaiblir,afebliR
anda,@da
anecdote,anEkdOt
assembler,as@ble
citoyenneté,sitwajEn°te
controverse,k§tRovERs
coupole,kupOl
crucifier,kRysifje
crémaillère,kRemajER
dégradant,degRad@
désastreux,dezastR2
endosser,@dose
entendement,@t@d°m@
fertilité,fERtilite
fourneau,fuRno
fraternel,fRatERnEl
furtivement,fyRtiv°m@
gastrique,gastRik
gramophone,gRamofOn
hors-jeu,ORZ2
mercure,mERkyR
mino,mino
mobiliser,mobilize
mutilation,mytilasj§
nourrisson,nuRis§
obligatoirement,obligatwaR°m@
officieusement,ofisj2z°m@
pancréas,p@kReas
porridge,pORidZ
prenant,pR°n@
professionnellement,pRofEsjonEl°m@
raclette,RaklEt
rapt,Rapt
ratisser,Ratise
ressource,R°suRs
sacristie,sakRisti
saper,sape
sarcasme,saRkasm
shah,Sa
sodium,sodjOm
sélectionner,selEksjone
sévices,sevis
vocal,vokal
walkman,wOlkman
yeshiva,jESiva
épiler,epile
épopée,epope
administrer,administRe
alarmant,alaRm@
altercation,altERkasj§
ante,@t
arôme,aRom
autobiographie,otobjogRafi
balèze,balEz
braise,bREz
caboche,kabOS
carter,kaRtER
colonial,kolonjal
congeler,k§Z°le
cyclope,siklOp
cécité,sesite
discothèque,diskotEk
détaillé,detaje
engraisser,@gRese
fidèlement,fidEl°m@
glauque,glok
habitué,abit8e
illuminer,ilymine
incident,5sid@
irrémédiablement,iRemedjabl°m@
libéral,libeRal
magistrature,maZistRatyR
maharani,maaRani
nationale,nasjonal
nous-même,numEm
patin,pat5
pesanteur,p2z@t9R
potentiellement,pot@sjEl°m@
poussiéreux,pusjeR2
prolétariat,pRoletaRja
promoteur,pRomot9R
rationnement,RasjOn°m@
repli,R°pli
rénover,Renove
rétro,RetRo
scier,sje
soixante-dix,swas@tdis
spacieux,spasj2
superman,sypERman
tong,t§g
youpi,jupi
égaler,egale
éloignement,elwaN°m@
émancipation,em@sipasj§
affectueusement,afEkt82z°m@
aliment,alim@
bla-bla,blabla
dompteur,d§pt9R
drop,dROp
décompte,dek§t
dépressif,depResif
détenir,dEt°niR
euphémisme,2femizm
exclamation,Eksklamasj§
imam,imam
infecté,5fEkte
infidélité,5fidelite
irremplaçable,iR@plasabl
kolkhoze,kOlkoz
loft,lOft
lopette,lopEt
minois,minwa
mûrir,myRiR
narine,naRin
niais,njE
nostalgique,nOstalZik
obèse,obEz
offensé,of@se
orner,ORne
pamphlet,p@flE
panorama,panoRama
préoccupé,pReokype
quarante-huit,kaR@t8it
radioactif,Radjoaktif
relief,R°ljEf
réfectoire,RefEktwaR
rétrovirus,RetRoviRys
stone,ston
stratège,stRatEZ
séparé,sepaRe
tacher,taSe
tarte,taRt
tilt,tilt
tiré,tiRe
trust,tR9st
tudieu,tydj2
ténébreux,tenebR2
à l'aveuglette,alav9glEt
éjaculation,eZakylasj§
érable,eRabl°
éteint,et5
aménager,amenaZe
arsenic,aRs2nik
ascendant,as@d@
bourbier,buRbje
bourde,buRd
bretelle,bR°tEl
brouette,bRuEt
canette,kanEt
capteur,kapt9R
colo,kolo
corporel,kORpoREl
destructeur,destRykt9R
dopamine,dopamin
débit,debi
dédommagement,dedomaZ°m@
embarcadère,@baRkadER
fastidieux,fastidj2
femmelette,fam°lEt
fourguer,fuRge
fétide,fetid
graisser,gRese
implanter,5pl@te
indiqué,5dike
injoignable,5ZwaNabl
interception,5tERsEpsj§
intersection,5tERseksj§
intérim,5teRim
jeûner,Z2ne
milliardaire,miljaRdER
monarchie,monaRSi
noisetier,nwaz°tje
néerlandais,neERl@dE
paquebot,pak°bo
pertinent,pERtin@
pilot,pilo
quiche,kiS
restituer,REstit8e
retoucher,R°tuSe
serge,sERZ
souder,sude
trapèze,tRapEz
tuyauterie,t8ijot°Ri
vignoble,viNObl
électrogène,elEktRoZEn
abaisser,abese
accidentel,aksid@tEl
affliction,afliksj§
alcatraz,alkatRaz
arc-en-ciel,aRk@sjEl
assortiment,asORtim@
bascule,baskyl
cagnotte,kaNOt
calligraphie,kaligRafi
carne,kaRn
cartonner,kaRtone
continuation,k§tin8asj§
couchant,kuS@
décapiter,dekapite
dérisoire,deRizwaR
dériver,deRive
gibet,ZibE
humilié,ymilje
latitude,latityd
majestueux,maZEst82
neuvième,n9vjEm
nuance,n8@s
parodie,paRodi
programmation,pRogRamasj§
raccourcir,RakuRsiR
rancoeur,R@k9R
rancunier,R@kynje
reluquer,R°lyke
restaurateur,REstoRat9R
roman,Rom@
réclusion,Reklyzj§
réputé,Repyte
sociologie,sosjoloZi
soudure,sudyR
stérilité,steRilite
sécuriser,sekyRize
tralala,tRalala
tripot,tRipo
vidange,vid@Z
vingt-six,v5tsis
écouler,ekule
épi,epi
abolir,aboliR
absoudre,apsudR
alcoolo,alkolo
anathème,anatEm
anormalement,anORmal°m@
apparent,apaR@
aïeul,aj9l
brochette,bRoSEt
catégorique,kategoRik
cime,sim
collet,kolE
comble,k§bl
congestion,k§ZEstj§
crachat,kRaSa
dessinateur,desinat9R
dispense,disp@s
exécrable,EgzekRabl
fine,fin
florin,floR5
freezer,fRiz9R
grosseur,gRos9R
hématome,ematom
illustrer,ilystRe
insaisissable,5sezisabl
line,lin
non-lieu,n§lj2
négociable,negosjabl
oliveraie,oliv°RE
polio,poljo
prédiction,pRediksj§
puiser,p8ize
pédiatrie,pedjatRi
rune,Ryn
réanimer,Reanime
sangle,s@gl
saturation,satyRasj§
savoureux,savuR2
spéculation,spekylasj§
tantine,t@tin
terrifié,tERifje
tertio,tERsjo
tintin,t5t5
trafiquer,tRafike
traité,tRete
trier,tRije
troc,tROk
violent,vjOl
vitalité,vitalite
étain,et5
amande,am@d
animosité,animozite
chaudement,Sod°m@
cinoche,sinOS
cocon,kok§
collecter,kolEkte
cosmo,kOsmo
dentition,d@tisj§
désertion,dezERsj§
enseignant,@sEN@
gigoter,Zigote
guillotine,gijotin
hachis,aSi
idylle,idil
jugeote,ZyZOt
libellule,libelyl
lister,liste
lâchement,laS°m@
mol,mOl
monteur,m§t9R
octave,Oktav
ovni,Ovni
perdant,pERd@
plant,pl@
presbytère,pREsbitER
ramadan,Ramad@
restriction,REstRiksj§
tatoué,tatwe
tumulte,tymylt
tunique,tynik
vautrer,votRe
absolution,apsolysj§
alu,aly
amender,am@de
amiable,amjabl
argot,aRgo
arrondir,aR§diR
assommant,asom@
auto-stop,otostOp
beuh,b2
boulon,bul§
buté,byte
canaliser,kanalize
cheminot,S°mino
chinetoque,Sin°tOk
couplet,kuplE
crique,kRik
critère,kRitER
crue,kRy
cyclo,siklo
divulguer,divylge
démentir,dem@tiR
embellir,@beliR
esquive,Eskiv
fanny,fani
funk,f1k
gnocchi,NOki
griffe,gRif
gugusse,gygys
géométrie,ZeometRi
héroïsme,eRoizm
impec,5pEk
infériorité,5feRjoRite
lance-flammes,l@sflam
lombaire,l§bER
made in,mejdin
offrant,ofR@
philosophique,filozofik
plumer,plyme
présomption,pRez§psj§
putois,pytwa
reconsidérer,R°k§sideRe
skateboard,skEjtbORd
snack,snak
tare,taR
titan,tit@
traction,tRaksj§
anis,anis
armistice,aRmistis
authenticité,ot@tisite
avidité,avidite
azote,azOt
bottin,bot5
béquille,bekij
cannabis,kanabis
carburateur,kaRbyRat9R
chimiothérapie,SimjoteRapi
clonage,klonaZ
coulisse,kulis
couscous,kuskus
déprimer,depRime
désireux,deziR2
encourageant,@kuRaZ@
ensoleillé,@solEje
fornication,fORnikasj§
geôlier,Zolje
glass,glas
générer,ZeneRe
hypnotiser,ipnotize
immaculé,imakyle
imprésario,5pResaRjo
indirectement,5diREkt°m@
inébranlable,inebR@labl
mixeur,miks9R
nuptial,nypsjal
paperasserie,pap°Ras°Ri
paralysé,paRalize
passionnel,pasjonEl
pathologique,patoloZik
relatif,R°latif
relevé,R°l°ve
repassage,R°pasaZ
rider,Ride
réfléchi,RefleSi
sangsue,s@sy
sous-estimer,suzEstime
succursale,sykyRsal
triade,tRijad
ventriloque,v@tRilOk
verdure,vERdyR
vlan,vl@
youpin,jup5
amante,am@t
ancestral,@sEstRal
approfondir,apRof§diR
armada,aRmada
aubaine,obEn
auréole,oReOl
bit,bit
bougeotte,buZOt
brumeux,bRym2
cambrousse,k@bRus
charte,SaRt
comestible,komEstibl
désarmement,dezaRm°m@
désolation,dezolasj§
emmerdant,@mERd@
fondue,f§dy
fumant,fym@
glycérine,gliseRin
green,gRin
illettré,iletRe
instructeur,5stRykt9R
intentionnellement,5t@sjonEl°m@
krypton,kRipt§
lai,lE
louable,lwabl
loubard,lubaR
lubrique,lybRik
matou,matu
maussade,mosad
minime,minim
mélodrame,melodRam
nacelle,nasEl
novice,novis
nursery,n9Rs°Ri
névrose,nevRoz
patriarche,patRijaRS
profanation,pRofanasj§
quatuor,kwat8OR
relaxe,R°laks
rocket,RokEt
rush,R9S
râle,Ral
socialement,sosjal°m@
taf,taf
télésiège,telesjEZ
vieillissement,vjejis°m@
advenir,adv°niR
aucunes,okyn
bagatelle,bagatEl
bordure,bORdyR
bortsch,bORtS
certaine,sERtEn
chilien,Silj5
confisquer,k§fiske
contusion,k§tyzj§
déchirure,deSiRyR
déplaisir,depleziR
déroute,deRut
embolie,@boli
exceptionnellement,EksEpsjonEl°m@
finement,fin°m@
frayer,fReje
fuel,fjul
fétiche,fetiS
magnanime,maNanim
magouille,maguj
muchacho,mutSatSo
médicalement,medikal°m@
nain,n5
nécrologie,nekRoloZi
observateur,opsERvat9R
oranger,oR@Ze
originel,oRiZinEl
partiellement,paRsjEl°m@
professionnalisme,pRofEsjonalizm
rain,R5
raisonnablement,REzonabl°m@
redouter,R°dute
retracer,R°tRase
sablier,sablije
sauvegarde,sov°gaRd
schizophrène,skizofREn
superviser,sypERvize
tilleul,tij9l
timonier,timonje
tourte,tuRt
tracé,tRase
turbo,tyRbo
untel,1tEl
varicelle,vaRisEl
water,watER
yo-yo,jojo
équipé,ekipe
alternatif,altERnatif
barbant,baRb@
baveux,bav2
beige,bEZ
bleuet,bl2E
capuchon,kapyS§
carafe,kaRaf
craignos,kRENos
cupide,kypid
de visu,d2vizy
dialyse,djaliz
digue,dig
divisionnaire,divizjonER
dry,dRaj
défendu,def@dy
dégoter,degote
détaché,detaSe
employé,@plwaje
exclusion,Eksklyzj§
flat,fla
groom,gRum
gruyère,gRyjER
intensif,5t@sif
inévitablement,inevitabl°m@
isolation,izolasj§
jà,Za
messagerie,mesaZ°Ri
patrouiller,patRuje
rayonnement,REjOn°m@
râpe,Rap
réchauffement,ReSofm@
réclamation,Reklamasj§
scalp,skalp
sicilien,sisilj5
significatif,siNifikatif
sérénade,seRenad
tantinet,t@tinE
ut,yt
émigrer,emigRe
éternuer,etERn8e
amadouer,amadwe
aucunement,okyn°m@
bourgmestre,buRgmEstR
brandir,bR@diR
broder,bRode
camping-car,k@piGkaR
catho,kato
cellier,selje
chavirer,SaviRe
compatissant,k§patis@
complication,k§plikasj§
confinement,k§fin°m@
courtiser,kuRtize
diminution,diminysj§
disponibilité,disponibilite
diversité,divERsite
décapotable,dekapotabl
filtrer,filtRe
flottant,flot@
fusionner,fyzjone
gigolo,Zigolo
gondole,g§dOl
guetter,gete
hongrois,§gRwa
importer,5pORte
imprimeur,5pRim9R
insérer,5seRe
kung-fu,kuGfu
luciole,lysjOl
moite,mwat
mythique,mitik
perfectionner,pERfEksjone
ponctualité,p§kt8alite
privilégié,pRivileZje
procréer,pRokRee
provision,pRovizj§
présider,pRezide
pur-sang,pyRs@
rabattre,RabatR
symphonique,s5fonik
trahi,tRai
ténor,tenOR
vasculaire,vaskylER
éperdument,epERdym@
étonnamment,etonam@
affoler,afole
agilité,aZilite
alphabétique,alfabetik
auguste,ogyst
baignade,bENad
bizutage,bizytaZ
black-out,blakaut
bobard,bobaR
bodo,bodo
calepin,kal°p5
calvitie,kalvisi
cato,kato
chansonnette,S@sonEt
chevaucher,S°voSe
configuration,k§figyRasj§
considérablement,k§sideRabl°m@
consolider,k§solide
contraction,k§tRaksj§
doigté,dwate
dompter,d§pte
douloureusement,duluR2z°m@
dégrader,degRade
dépourvu,depuRvy
déviation,devjasj§
encouragement,@kuRaZ°m@
enflammé,@flame
entrevoir,@tR°vwaR
escroquer,EskRoke
fleurir,fl9RiR
frêle,fREl
galanterie,gal@t°Ri
gaulois,golwa
givré,ZivRe
gone,gon
hotte,Ot
impolitesse,5politEs
keuf,k9f
lacération,laseRasj§
levure,l°vyR
modification,modifikasj§
morose,moRoz
mémère,memER
ouvreur,uvR9R
parenthèse,paR@tEz
pendentif,p@d@tif
phot,fOt
pink,pink
poncho,p§tSo
préhenseur,pRe@s9R
préservation,pRezERvasj§
puni,pyni
pépère,pepER
péquenaud,pEk°no
redémarrer,R°demaRe
standing,st@diG
starter,staRt9R
trappeur,tRap9R
téléportation,telepORtasj§
égayer,egeje
éraflure,eRaflyR
arnaqueur,aRnak9R
assemblage,as@blaZ
bergerie,bERZ°Ri
bienvenu,bj5v°ny
bitume,bitym
chorégraphie,koRegRafi
chuter,Syte
devancer,d°v@se
historiquement,istoRik°m@
hypnotique,ipnotik
hélium,eljOm
invalidité,5validite
maltraiter,maltRete
model,modEl
mérou,meRu
obéissant,obeis@
oxyde,Oksid
pager,paZe
piquette,pikEt
potiron,potiR§
précipitamment,pResipitam@
radicalement,Radikal°m@
remarquablement,R°maRkabl°m@
revêtement,R°vEt°m@
silencieusement,sil@sj2z°m@
siroter,siRote
soupirer,supiRe
séropositif,seRopozitif
taco,tako
tagada,tagada
teinturier,t5tyRje
vêtu,vety
abracadabra,abRakadabRa
angoisser,@gwase
archange,aRk@Z
au-devant,od°v@
bienfait,bj5fE
bigleux,bigl2
bénévolat,benevola
calcium,kalsjOm
call-girl,kOlg9Rl
chronomètre,kRonomEtR
citadelle,sitadEl
clapet,klapE
cornemuse,kORn°myz
crampon,kR@p§
daube,dob
décommander,dekom@de
défensive,def@siv
embrayage,@bREjaZ
euphorie,2foRi
exaltation,Egzaltasj§
exhiber,Egzibe
faisan,f2z@
gouvernemental,guvERn°m@tal
gravitation,gRavitasj§
grillon,gRij§
gué,ge
gâterie,gat°Ri
hargneux,aRN2
idéalisme,idealizm
incarné,5kaRne
inefficace,inefikas
iniquité,inikite
instit,5stit
interlocuteur,5tERlokyt9R
landau,l@do
lu,ly
minuteur,minyt9R
moelleux,mwal2
mont-de-piété,m§d°pjete
pfft,pft
ponton,p§t§
pudique,pydik
périple,peRipl
résignation,ReziNasj§
soufflerie,sufl°Ri
tisonnier,tizonje
traquenard,tRak°naR
urinaire,yRinER
verrouillé,veRuje
écuelle,ek8El
éleveur,El°v9R
atteler,at°le
aversion,avERsj§
chaman,Saman
charlotte,SaRlOt
châssis,Sasi
clamp,kl@p
coqueluche,kOk°lyS
craintif,kR5tif
dong,d§g
enlacer,@lase
exécuteur,Egzekyt9R
familiarité,familjaRite
galeux,gal2
gémissement,Zemis°m@
hongroise,§gRwaz
imposant,5poz@
individuel,5divid8El
intellectuellement,5telEkt8El°m@
inéluctable,inelyktabl
irréfutable,iRefytabl
joute,Zut
karaoké,kaRaoke
lest,lEst
lié,lje
louange,lw@Z
maladresse,maladREs
mutisme,mytizm
mylord,milOR
noté,note
palper,palpe
passe-passe,paspas
patraque,patRak
paupière,popjER
paître,pEtR
pointé,pw5te
pressant,pREs@
péquenot,pEk°no
quotidiennement,kotidjEn°m@
recommandé,R°kom@de
sternum,stERnOm
sèche-cheveux,sESS°v2
trachée,tRaSe
transpondeur,tR@sp§d9R
vingt-huit,v5t8it
éboueur,ebw9R
éradiquer,eRadike
antipathique,@tipatik
assouvir,asuviR
atrocité,atRosite
baraqué,baRake
beauf,bof
biper,bipe
carabinier,kaRabinje
centile,s@til
chevron,S°vR§
chieur,Sj9R
complément,k§plem@
constance,k§st@s
coordonner,koORdone
crane,kRan
diététique,djetetik
décemment,desam@
déclic,deklik
décontamination,dek§taminasj§
fifi,fifi
fjord,fjORd
gouverne,guvERn
groupement,gRup°m@
gynéco,Zineko
hémisphère,emisfER
inavouable,inavwabl
incarnation,5kaRnasj§
malfaisant,malf°z@
méningite,men5Zit
méprise,mepRiz
napalm,napalm
nullité,nylite
obsédé,opsede
occulte,okylt
panade,panad
pourparlers,puRpaRle
qualifier,kalifje
repose,R°poz
rhumatisme,Rymatizm
récession,Resesj§
rêveur,REv9R
sexiste,seksist
suif,s8if
travelo,tRav°lo
troll,tROl
urbain,yRb5
versé,vERse
vestibule,vEstibyl
vingt-neuf,v5tn9f
éventrer,ev@tRe
alchimie,alSimi
alpiniste,alpinist
asticot,astiko
attestation,atEstasj§
avantageux,av@taZ2
barjo,baRZo
border,bORde
bouclé,bukle
bouder,bude
brousse,bRus
bruyamment,bR8ijam@
chopper,SOpe
ciboulette,sibulEt
commodore,komodOR
communier,komynje
condescendant,k§des@d@
croustillant,kRustij@
diablesse,djablEs
dingo,d5go
divertissant,divERtis@
dégât,dega
déporter,depORte
examinateur,Egzaminat9R
fiévreux,fjevR2
galoper,galope
halluciner,alysine
impopulaire,5popylER
imprimante,5pRim@t
indiscutable,5diskytabl
inertie,inERsi
inné,ine
ironiquement,iRonik°m@
jalousement,Zaluz°m@
luire,l8iR
matériau,mateRjo
monceau,m§so
métropole,metRopOl
no man's land,nomansl@d
nouba,nuba
pakistanais,pakistanE
panache,panaS
perspicacité,pERspikasite
ravioli,Ravjoli
romanesque,RomanEsk
rustique,Rystik
réjouissant,ReZwis@
rêvé,Reve
sauvagerie,sovaZ°Ri
situ,sity
soubrette,subREt
soupçonneux,supson2
speaker,spik9R
surréaliste,syRRealist
suspecter,syspEkte
sévérité,seveRite
trapéziste,tRapezist
traînée,tRene
trempette,tR@pEt
églantine,egl@tin
activé,aktive
affectif,afEktif
animer,anime
arrondissement,aR§dis°m@
ars,aR
barricade,baRikad
bidule,bidyl
bouddhiste,budist
brésilien,bRezilj5
carrure,kaRyR
challenger,tSalEndZe
clic,klik
clopinettes,klopinEt
contemporain,k§t@poR5
côtoyer,kotwaje
dancing,d@siG
devis,d°vi
difforme,difORm
drive-in,dRajvin
décoré,dekoRe
dérouiller,deRuje
désillusion,dezilyzj§
effacé,efase
escalope,EskalOp
fictif,fiktif
froidement,fRwad°m@
fébrile,febRil
galactique,galaktik
goulette,gulEt
harpe,aRp
impossibilité,5posibilite
ingénierie,5ZeniRi
largo,laRgo
larynx,laR5ks
lasso,laso
lithium,litjOm
lâcher,laSe
maillon,maj§
marxisme,maRksizm
mercerie,mERs°Ri
naïveté,naiv°te
négociateur,negosjat9R
ode,Od
parisien,paRizj5
paré,paRe
pelote,p°lOt
physio,fizjo
plouc,pluk
prunelle,pRynEl
pêché,peSe
revendication,R°v@dikasj§
réprimer,RepRime
rôdeur,Rod9R
sacrebleu,sakR°bl2
scrupule,skRypyl
soliste,solist
sommation,somasj§
statu quo,statykwo
suave,s8av
talmudique,talmydik
torero,toReRo
vanne,van
vaseline,vaz°lin
vengeur,v@Z9R
verglas,vERgla
visqueux,visk2
vénérer,veneRe
éthique,etik
accompagné,ak§paNe
ambre,@bR
apesanteur,ap°z@t9R
atlas,atlas
bassiste,basist
boudoir,budwaR
brio,bRijo
broderie,bROd°Ri
charmeur,SaRm9R
colin-maillard,kol5majaR
contrecarrer,k§tR°kaRe
disciplinaire,disiplinER
dispersion,dispERsj§
dojo,doZo
drain,dR5
farfelu,faRf°ly
flairer,fleRe
fra,fRa
guigne,giN
impunité,5pynite
incendier,5s@dje
instabilité,5stabilite
intolérance,5toleR@s
kermesse,kERmEs
lapsus,lapsys
lustre,lystR
mastoïde,mastoid
mob,mOb
morfler,mORfle
neurologie,n2RoloZi
pacifiquement,pasifik°m@
paillasson,pajas§
palet,palE
préjugé,pReZyZe
quatre-vingt,katR°v5
relayer,R°leje
régate,Regat
sterling,stERliG
taciturne,tasityRn
toxicologique,tOksikoloZik
verrerie,vER°Ri
étirer,etiRe
appâter,apate
astronomique,astRonomik
au-dedans,od°d@
cliniquement,klinik°m@
complexité,k§plEksite
consciemment,k§sjam@
crevasse,kR°vas
demi-lune,d°milyn
dock,dOk
déchiqueter,deSik°te
enrayer,@Reje
gonflable,g§flabl
impertinent,5pERtin@
inspiré,5spiRe
intermédiaire,5tERmedjER
leu,l2
lyrique,liRik
mixture,mikstyR
notice,notis
noyé,nwaje
négligent,negliZ@
obscénité,Opsenite
officieux,ofisj2
oriental,oRj@tal
pointilleux,pw5tij2
pruneau,pRyno
rectifier,REktifje
régie,ReZi
souffleur,sufl9R
torticolis,tORtikoli
verbal,vERbal
éblouir,ebluiR
abnégation,abnegasj§
apathie,apati
arcade,aRkad
arrière-plan,aRjERpl@
astiquer,astike
astronomie,astRonomi
au-dehors,od2OR
baroque,baROk
bobsleigh,bObslEg
canif,kanif
carence,kaR@s
confiserie,k§fiz°Ri
crible,kRibl
divorcé,divORse
désobéissance,dezobeis@s
endurcir,@dyRsiR
enivrer,@nivRe
extravagant,EkstRavag@
fixé,fikse
fracasser,fRakase
germain,ZERm5
indomptable,5d§tabl
jacasser,Zakase
kérosène,keRozEn
ladies,lEjdiz
levant,l°v@
maquis,maki
nord-ouest,nORwEst
ovation,ovasj§
palle,pal2
protestant,pRotEst@
présomptueux,pRez§pt82
quereller,k°Rele
rabat-joie,RabaZwa
rafiot,Rafjo
rectification,REktifikasj§
repêcher,R°peSe
restructuration,R°stRyktyRasj§
roquette,RokEt
solidaire,solidER
spontanéité,sp§taneite
statistiquement,statistik°m@
suffoquer,syfoke
séchoir,seSwaR
thermos,tERmos
toro,tORo
télécharger,teleSaRZe
vénéré,veneRe
wallace,walas
écourter,ekuRte
accroché,akRoSe
ancienneté,@sjEn°te
benoît,b°nwa
bris,bRi
caractéristique,kaRakteRistik
caïman,kaim@
cirrhose,siRoz
civilité,sivilite
claustrophobe,klostRofOb
craquant,kRak@
cuillerée,k8ijeRe
discernement,disERn°m@
dévier,devje
extorquer,EkstORke
hacienda,asjEnda
invulnérable,5vylneRabl
joué,Zwe
judo,Zydo
laurier,loRje
mat,mat
maure,moR
mile,majl
penthouse,p@tuz
pinte,p5t
pirater,piRate
pouliche,puliS
pronostic,pRonOstik
péage,peaZ
raider,Rajd9R
ramassage,RamasaZ
rayé,Reje
rouiller,Ruje
réticent,Retis@
sceller,sele
soigné,swaNe
suffisance,syfiz@s
tangible,t@Zibl
tee,ti
tendon,t@d§
teneur,t°n9R
terrier,tERje
tire-bouchon,tiRbuS§
toxine,tOksin
trotter,tRote
vésicule,vezikyl
ânesse,anEs
aberration,abERasj§
abord,abOR
affolement,afOl°m@
almanach,almanak
ameuter,am2te
antichambre,@tiS@bR
armurerie,aRmyR°Ri
attrayant,atREj@
bedaine,b2dEn
bicoque,bikOk
bombardier,b§baRdje
bonze,b§z
boueux,bw2
candide,k@did
chauffe,Sof
chiper,Sipe
communautaire,komynotER
consumer,k§syme
deuzio,d2zjo
dilatation,dilatasj§
drink,dR5k
druide,dR8id
débusquer,debyske
détenu,dEt°ny
emballé,@bale
enchaînement,@SEn°m@
enfantin,@f@t5
enrhumer,@Ryme
escapade,Eskapad
estropié,EstRopje
faner,fane
faussaire,fosER
fugitif,fyZitif
galon,gal§
gothique,gotik
gourmet,guRmE
grouiller,gRuje
immeuble,im9bl
impuni,5pyni
impétueux,5pet82
indéniable,5denjabl
larsen,laRsEn
main-d'oeuvre,m5d9vR
malpoli,malpoli
membrane,m@bRan
merder,mERde
mordu,mORdy
muette,m8Et
mère-grand,mERgR@
non-stop,nOnstOp
nougat,nuga
objectivité,ObZEktivite
outre-mer,utR°mER
pouah,pwa
productif,pRodyktif
protéine,pRotein
prélude,pRelyd
rallier,Ralje
renouvellement,R°nuvEl°m@
renégat,R°nega
retourne,R°tuRn
réfuter,Refyte
résidu,Rezidy
saumon,som§
semoule,s°mul
servile,sERvil
suçon,sys§
talkie-walkie,tOlkiwOlki
tapisserie,tapis°Ri
ténacité,tenasite
underground,9nd9RgRawnd
vraisemblable,vREs@blabl
équiper,ekipe
adepte,adEpt
adoration,adoRasj§
antérieur,@teRj9R
archaïque,aRkaik
avérer,aveRe
battant,bat@
bisexuel,biseks8El
blablabla,blablabla
brillamment,bRijam@
bémol,bemOl
chrétienté,kRetj5te
cohue,koy
collation,kolasj§
drone,dRon
enchère,@SER
enrobé,@Robe
extirper,EkstiRpe
faiseur,f°z9R
fellation,fElasj§
formol,fORmOl
gravure,gRavyR
gusto,gysto
hisse,is
horizontal,oRiz§tal
incliner,5kline
inflammation,5flamasj§
insoutenable,5sut°nabl
instigateur,5stigat9R
jingle,dZing9l
lave-vaisselle,lavvEsEl
lucratif,lykRatif
lutteur,lyt9R
motus,motys
narcissique,naRsisik
natte,nat
nymphe,n5f
oméga,omega
pacifiste,pasifist
patch,patS
pie,pi
polenta,polEnta
postuler,pOstyle
preux,pR2
profane,pRofan
prépuce,pRepys
péninsule,pen5syl
rigidité,RiZidite
risible,Rizibl
roller,ROl9R
réa,Rea
réceptif,ResEptif
référer,RefeRe
soude,sud
sumo,symo
tau,to
torturé,tORtyRe
vigilance,viZil@s
académique,akademik
anorexie,anoREksi
astrologie,astRoloZi
attester,atEste
aux aguets,ozagE
baluchon,balyS§
bambin,b@b5
bolchevique,bOlS°vik
bricolage,bRikolaZ
casse-pieds,kaspje
cliché,kliSe
consultant,k§sylt@
contour,k§tuR
contrition,k§tRisj§
corral,koRal
demi-finale,d°mifinal
demi-milliard,d2mimiljaR
donnée,done
déceler,dEs°le
enflé,@fle
expérimentation,EkspeRim@tasj§
friction,fRiksj§
furieusement,fyRj2z°m@
gélatine,Zelatin
hi-fi,ifi
hippie,ipi
horizontale,oRiz§tal
incontestable,5k§tEstabl
intensément,5t@sem@
living,liviG
manifeste,manifEst
mobylette,mobilEt
monotonie,monotoni
obsessionnel,OpsesjonEl
périlleux,peRij2
rancho,R@tSo
recruteur,R°kRyt9R
renversant,R@vERs@
saquer,sake
sculpter,skylte
tignasse,tiNas
transgresser,tR@sgRese
témérité,temeRite
égaliser,egalize
abdos,abdo
agitateur,aZitat9R
alma,alma
appréciation,apResjasj§
arthrose,aRtRoz
atropine,atRopin
avisé,avize
bai,bE
bis,bis
bousculade,buskylad
boy-scout,bOjskut
carlin,kaRl5
ciseau,sizo
croupir,kRupiR
cuve,kyv
dégénérer,deZeneRe
désintégration,dez5tegRasj§
efforcer,efORse
enveloppé,@v°lope
fantasmer,f@tasme
feinte,f5t
fronde,fR§d
gon,gon
groupie,gRupi
herpès,ERpEs
humainement,ymEn°m@
inapproprié,inapRopRije
insécurité,5sekyRite
intubation,5tybasj§
irakien,iRakj5
irrigation,iRigasj§
maladif,maladif
mixage,miksaZ
mobilisation,mobilizasj§
moumoute,mumut
nutrition,nytRisj§
ombrelle,§bREl
phonographe,fonogRaf
plaignant,plEN@
porte-documents,pORtdokym@
prochainement,pRoSEn°m@
précaire,pRekER
radioactivité,Radjoaktivite
rapace,Rapas
replonger,R°pl§Ze
revendeur,R°v@d9R
rocker,Rok9R
rubis,Rybi
rétroviseur,RetRoviz9R
singularité,s5gylaRite
surhomme,syROm
tenté,t@te
tournesol,tuRn°sOl
uriner,yRine
vista,vista
vénitien,venisj5
zibeline,zib°lin
écrabouiller,ekRabuje
accumuler,akymyle
adroitement,adRwat°m@
agrafer,agRafe
auditeur,odit9R
basique,bazik
belle-maman,bElmam@
bé,be
cagibi,kaZibi
cassation,kasasj§
cervelet,sERv°lE
chatouiller,Satuje
cinématographique,sinematogRafik
conservation,k§sERvasj§
documenter,dokym@te
dégommer,degome
départager,depaRtaZe
encercler,@sERkle
entrave,@tRav
ethnique,Etnik
exhibitionniste,Egzibisjonist
folklore,fOlklOR
gribouillis,gRibuji
gêneur,ZEn9R
havre,avR
intergalactique,5tERgalaktik
manchot,m@So
manoeuvrer,man9vRe
martial,maRsjal
obtus,Opty
patois,patwa
peigner,peNe
pieuter,pj2te
pompeux,p§p2
reichstag,RajSstag
remorquer,R°mORke
ruée,R8e
sprint,spRint
tantouze,t@tuz
tonsure,t§syR
traumatisant,tRomatiz@
truquer,tRyke
tune,tyn
télémétrie,telemetRi
vibromasseur,vibRomas9R
vice-versa,visvERsa
échafaud,eSafo
accolade,akolad
aiguiser,egize
analogie,analoZi
assécher,aseSe
avant-bras,av@bRa
bienveillant,bj5vEj@
biologiste,bjoloZist
businessman,biznEsman
cloître,klwatR
conteur,k§t9R
diacre,djakR
distillerie,distil°Ri
déclencheur,dekl@S9R
dégustation,degystasj§
démêler,demele
enrôler,@Role
euro,2Ro
filiale,filjal
flamber,fl@be
fortiche,fORtiS
freinage,fREnaZ
félicitation,felisitasj§
greffer,gRefe
harmonieux,aRmonj2
incarcération,5kaRseRasj§
incruster,5kRyste
inter,5tER
intimement,5tim°m@
justification,Zystifikasj§
malaga,malaga
mariner,maRine
multiple,myltipl
mélo,melo
nord-est,nOREst
obligeance,obliZ@s
obsolète,OpsolEt
otite,otit
partisan,paRtiz@
penseur,p@s9R
perdreau,pERdRo
philanthrope,fil@tROp
philtre,filtR
physiologique,fizjoloZik
poucet,pusE
privilégier,pRivileZje
rattrapage,RatRapaZ
reposant,R°poz@
ruminer,Rymine
sardine,saRdin
synonyme,sinonim
tif,tif
transcription,tR@skRipsj§
vacant,vak@
vagabond,vagab§
vice-roi,visRwa
vivat,viva
élocution,elokysj§
équilibrer,ekilibRe
accoupler,akuple
altérer,alteRe
arrière-grand-mère,aRjERgR@mER
breuvage,bR9vaZ
brusquer,bRyske
cantique,k@tik
cosmonaute,kOsmonot
dressé,dRese
eucalyptus,2kaliptys
flambant,fl@b@
géographique,ZeogRafik
infirmité,5fiRmite
intenable,5t°nabl
jongler,Z§gle
lacet,lasE
lave-linge,lavl5Z
lobby,lObi
lobotomie,lobotomi
magnat,magna
ménopause,menopoz
non-sens,n§s@s
obstétrique,OpstetRik
perturbant,pERtyRb@
pique-niquer,piknike
pope,pOp
prouvé,pRuve
préhistorique,pReistoRik
psaume,psom
psychanalyste,psikanalist
quartier-maître,kaRtjemEtR
rasage,RazaZ
recoin,R°kw5
rhino,Rino
royalement,Rwajal°m@
réapparaître,ReapaREtR
réchaud,ReSo
résine,Rezin
servant,sERv@
signaleur,siNal9R
sous-titre,sutitR
spring,spRiG
stand-by,st@dbaj
tain,t5
taxer,takse
timbré,t5bRe
tutu,tyty
usé,yze
vécu,veky
étouffant,etuf@
adhérer,adeRe
amiante,amj@t
ample,@pl
anesthésiste,anEstezist
banqueroute,b@k°Rut
best-seller,bEstsel9R
blessant,blEs@
buse,byz
cardiologie,kaRdjoloZi
charrier,SaRje
commanditaire,kom@ditER
dentifrice,d@tifRis
débiter,debite
déroulement,deRul°m@
déséquilibre,dezekilibR
flambeur,fl@b9R
forage,foRaZ
habitation,abitasj§
haineux,En2
hermétique,ERmetik
hibernation,ibERnasj§
houlette,ulEt
impro,5pRo
joujoux,ZuZu
jurisprudence,ZyRispRyd@s
looser,luz9R
minijupe,miniZyp
mousquetaire,musk°tER
ménager,menaZe
négligeable,negliZabl
obtempérer,Opt@peRe
offensant,of@s@
pacificateur,pasifikat9R
papeterie,papet°Ri
paralytique,paRalitik
paria,paRja
particularité,paRtikylaRite
passible,pasibl
pitbull,pitbul
pourchasser,puRSase
projectile,pRoZEktil
présumer,pRezyme
pèze,pEz
ravitailler,Ravitaje
rebeller,R°bEle
rebâtir,R°batiR
recopier,R°kopje
retournement,R°tuRn°m@
revendiquer,R°v@dike
saccager,sakaZe
sentimentalement,s@tim@tal°m@
serra,sERa
souillon,suj§
stupidement,stypid°m@
sulfurique,sylfyRik
tachycardie,takikaRdi
taulard,tolaR
trente-deux,tR@td2
truffe,tRyf
truqué,tRyke
voiler,vwale
zyklon,zikl§
éclore,eklOR
acquis,aki
alliage,aljaZ
amène,amEn
ara,aRa
autoradio,otoRadjo
baisemain,bEz°m5
blabla,blabla
buanderie,b8@d°Ri
caddy,kadi
charcuterie,SaRkyt°Ri
chiasse,Sjas
chiffe,Sif
coefficient,koefisj@
cogne,kON
colossal,kolosal
coupée,kupe
coït,koit
crématorium,kRematORjOm
dansant,d@s@
décamper,dek@pe
décoction,dekOksj§
décomposer,dek§poze
déloyal,delwajal
désinvolte,dez5vOlt
effarant,efaR@
embaumer,@bome
emblème,@blEm
entonnoir,@tonwaR
espiègle,EspjEgl
exaltant,Egzalt@
exclu,Ekskly
exhumer,Egzyme
forcement,fORs°m@
fouillis,fuji
frimousse,fRimus
gaze,gaz
girofle,ZiROfl
goret,goRE
illusoire,ilyzwaR
impartial,5paRsjal
irrécupérable,iRekypeRabl
jouvence,Zuv@s
jusqu'à,Zyska
levée,l°ve
litière,litjER
loyalement,lwajal°m@
lynchage,l5SaZ
manipulateur,manipylat9R
missive,misiv
monétaire,monetER
morne,mORn
mouise,mwiz
mousse,mus
mâche,maS
nirvana,niRvana
oblique,oblik
pensant,p@s@
persuasion,pERs8azj§
plaintif,pl5tif
plastic,plastik
poster,pOste
posthume,pOstym
proclamer,pRoklame
progressiste,pRogResist
prose,pRoz
raccord,RakOR
rafler,Rafle
renne,REn
retardé,R°taRde
ribambelle,Rib@bEl
résonner,Rezone
sauge,soZ
septime,sEptim
shaman,Saman
solidement,solid°m@
souk,suk
syrien,siRj5
tchetnik,tSEtnik
translucide,tR@slysid
unisson,ynis§
variable,vaRjabl
éloquent,elok@
épicé,epise
angoissant,@gwas@
angélus,@Zelys
appréhension,apRe@sj§
auditorium,oditoRjOm
balistique,balistik
camoufler,kamufle
capitulation,kapitylasj§
complaisance,k§plEz@s
confident,k§fid@
contre-la-montre,k§tR2lam§tR
convoitise,k§vwatiz
curer,kyRe
dissolution,disolysj§
distorsion,distORsj§
dysenterie,dis@t°Ri
démodé,demode
déstabiliser,destabilize
embêté,@bEte
enclenché,@kl@Se
enfanter,@f@te
enivrant,@nivR@
envisageable,@vizaZabl
flamboyant,fl@bwaj@
forer,foRe
féria,feRja
garniture,gaRnityR
hypothermie,ipotERmi
incassable,5kasabl
inquisiteur,5kizit9R
interposer,5tERpoze
irritant,iRit@
irritation,iRitasj§
kraft,kRaft
lei,lE
mastard,mastaR
miserere,mizeReRe
mémorial,memoRjal
palu,paly
patriote,patRijOt
persuasif,pERs8azif
rasoir,RazwaR
refléter,R°flete
relecture,R°lEktyR
religieusement,R°liZj2z°m@
rixe,Riks
réparable,RepaRabl
simulateur,simylat9R
sténo,steno
survenir,syRv°niR
survol,syRvOl
théière,tejER
théâtral,teatRal
vadrouille,vadRuj
échalote,eSalOt
émérite,emeRit
énigmatique,enigmatik
acupuncture,akyp§ktyR
aigri,egRi
alcôve,alkov
arrière-pensée,aRjERp@se
asperger,aspERZe
bistouri,bistuRi
bobonne,bobOn
camembert,kam@bER
carbonique,kaRbonik
chaudron,SodR§
chlore,klOR
commissionnaire,komisjonER
conjoncture,k§Z§ktyR
consommateur,k§somat9R
consortium,k§sORsjOm
célimène,selimEn
dorloter,dORlote
dérangeant,deR@Z@
dérapage,deRapaZ
ennuyant,@n8ij@
entomologiste,@tomoloZist
extrait,EkstRE
farci,faRsi
folklorique,fOlkloRik
frappant,fRap@
frime,fRim
féministe,feminist
gauchiste,goSist
hameau,amo
idyllique,idilik
impatiemment,5pasjam@
irriter,iRite
irrépressible,iRepResibl
laque,lak
lascar,laskaR
mortadelle,mORtadEl
mysticisme,mistisizm
neural,n2Ral
neurochirurgien,n2RoSiRyRZj5
nitroglycérine,nitRogliseRin
onguent,§g@
ouille,uj
piédestal,pjedEstal
popotin,popot5
post-traumatique,pOsttRomatik
prohibition,pRoibisj§
psychédélique,psikedelik
radiographie,RadjogRafi
rafale,Rafal
raviver,Ravive
respectueusement,REspEkt82z°m@
rosser,Rose
répartie,RepaRti
sclérose,skleRoz
snobisme,snobizm
soft,sOft
sortant,sORt@
spa,spa
spiritualité,spiRit8alite
tag,tag
tchatche,tSatS
terminal,tERminal
utilisateur,ytilizat9R
vindicatif,v5dikatif
violoncelliste,vjol§selist
vérole,veROl
yakuza,jakuza
ébullition,ebylisj§
écolier,ekolje
équité,ekite
ériger,eRiZe
analphabète,analfabEt
annales,anal
anthropologie,@tRopoloZi
astral,astRal
baryton,baRit§
boche,bOS
bosniaque,bOsnjak
brocante,bRok@t
bâtisse,batis
carotide,kaRotid
civet,sivE
climatiseur,klimatiz9R
coloré,koloRe
combatif,k§batif
contondant,k§t§d@
cornée,kORne
credo,kRedo
cône,kon
discuté,diskyte
drogué,dRoge
déboucher,debuSe
déni,deni
enjôler,@Zole
entourloupe,@tuRlup
extradition,EkstRadisj§
fanatique,fanatik
flatterie,flat°Ri
fourreau,fuRo
gourde,guRd
gratifiant,gRatifj@
impressionnable,5pResjonabl
lucarne,lykaRn
menotte,m°nOt
menu,m°ny
meuh,m2
mixer,mikse
montgolfière,m§gOlfjER
nôtre,notR
omission,omisj§
orgelet,ORZ°lE
orient,oRj@
panthéon,p@te§
pilori,piloRi
plomber,pl§be
poterie,pOt°Ri
prépa,pRepa
pull-over,pylovER
rafle,Rafl
recevable,R°s°vabl
recyclage,R°siklaZ
remue-ménage,R°mymenaZ
sermonner,sERmone
smiley,smajli
spirituellement,spiRit8El°m@
tabou,tabu
torpeur,tORp9R
trente-trois,tR@ttRwa
troufion,tRufj§
tumultueux,tymylt82
tzigane,tsigan
vagabonder,vagab§de
veuvage,v9vaZ
végétation,veZetasj§
zip,zip
écrasé,ekRaze
admis,admi
appétissant,apetis@
artisanat,aRtizana
banalité,banalite
betterave,bEt°Rav
blondasse,bl§das
broutille,bRutij
bâti,bati
caler,kale
cancre,k@kR
caramba,kaR@ba
catholicisme,katolisizm
chanvre,S@vR
chevalerie,S°val°Ri
cil,sil
concis,k§si
concubinage,k§kybinaZ
condensateur,k§d@sat9R
coquet,kokE
coquillage,kokijaZ
creek,kRik
cuirasse,k8iRas
débloquer,debloke
débutant,debyt@
fieffé,fjefe
flexible,flEksibl
frac,fRak
fragmentation,fRagm@tasj§
géranium,ZeRanjOm
honoraire,onoRER
hourrah,uRa
hutter,yt9R
incalculable,5kalkylabl
incohérence,5koeR@s
ineptie,inEpsi
infranchissable,5fR@Sisabl
intermède,5tERmEd
latéral,lateRal
limier,limje
mayo,majo
moiteur,mwat9R
média,medja
observé,opsERve
olivier,olivje
ouïr,wiR
partance,paRt@s
pertinemment,pERtinam@
petit-bourgeois,p°tibuRZwa
phénoménal,fenomenal
piqué,pike
portrait-robot,pORtRERobo
pouf,puf
prostituer,pROstit8e
pépite,pepit
recel,R°sEl
ressasser,R°sase
râteau,Rato
régent,ReZ@
sauf-conduit,sofk§d8i
scrotum,skRotOm
siamois,sjamwa
soulèvement,sulEv°m@
sourd-muet,suRm8E
spéculer,spekyle
tresse,tREs
vacher,vaSe
variante,vaRj@t
violette,vjolEt
voirie,vwaRi
vulnérabilité,vylneRabilite
échelon,eS°l§
écoulement,ekul°m@
afin,af5
allant,al@
arrivage,aRivaZ
australien,ostRalj5
ban,b@
bayou,baju
blizzard,blizaR
chaotique,kaotik
chiffonnier,Sifonje
cibler,sible
clignotant,kliNot@
compresse,k§pREs
contrariant,k§tRaRj@
corniche,kORniS
dialoguer,djaloge
débâcle,debakl
dégagé,degaZe
dégonfler,deg§fle
entrejambe,@tR°Z@b
excédent,Eksed@
exportation,EkspORtasj§
finlandais,f5l@dE
gicler,Zikle
idéaliste,idealist
ignominie,iNomini
imprévu,5pRevy
indicible,5disibl
innocenter,inos@te
interaction,5tERaksj§
latte,lat
lie,li
légitimité,leZitimite
majuscule,maZyskyl
martyr,maRtiR
miens,mj5
molécule,molekyl
mouchard,muSaR
moucher,muSe
moue,mu
pister,piste
planqué,pl@ke
poucette,pusEt
pédagogue,pedagOg
radiophonique,Radjofonik
rancart,R@kaR
repenti,R°p@ti
rotary,RotaRi
roulé,Rule
sabbatique,sabatik
sacerdoce,sasERdOs
scierie,siRi
sous-lieutenant,sulj2t°n@
stériliser,steRilize
systolique,sistolik
tortiller,tORtije
tricherie,tRiS°Ri
acolyte,akolit
approvisionner,apRovizjone
archi,aRSi
assoiffé,aswafe
belle lurette,bEllyREt
biographe,bjogRaf
black-jack,blakdZak
bruissement,bR8is°m@
buvette,byvEt
canadienne,kanadjEn
cartilage,kaRtilaZ
chamade,Samad
charisme,kaRizm
charter,SaRtER
chrome,kRom
clavecin,klav°s5
compromettant,k§pRomEt@
courre,kuR
couver,kuve
croco,kRoko
crédulité,kRedylite
cul-de-sac,kydsak
descendant,des@d@
diablement,djabl°m@
dico,diko
dispos,dispo
défait,defE
déformation,defORmasj§
dépistage,depistaZ
entraver,@tRave
farad,faRad
fausseté,foste
gaule,gol
glaçage,glasaZ
harpon,aRp§
huitième,8itjEm
immobiliser,imobilize
inversion,5vERsj§
klaxonner,klaksone
laisser-aller,leseale
liposuccion,liposyksj§
léthargie,letaRZi
magnésium,maNezjOm
musette,myzEt
pair,pER
paprika,papRika
persécuter,pERsekyte
persévérance,pERseveR@s
pessimisme,pesimizm
phono,fono
physicien,fizisj5
physiologie,fizjoloZi
productivité,pRodyktivite
ravitailleur,Ravitaj9R
ruiné,R8ine
réalisé,Realize
récif,Resif
réformer,RefORme
sauveteur,sov°t9R
sentimentalisme,s@tim@talizm
souteneur,sut°n9R
stature,statyR
stresser,stREse
sévir,seviR
transpiration,tR@spiRasj§
trognon,tRoN§
zapper,zape
émir,emiR
ampli,@pli
blanchiment,bl@Sim@
caméscope,kameskOp
caribou,kaRibu
charnel,SaRnEl
chas,Sa
crevant,kR°v@
crédule,kRedyl
délibérer,delibeRe
désarmé,dezaRme
fange,f@Z
fonte,f§t
frileux,fRil2
glande,gl@d
hasarder,azaRde
hybride,ibRid
imparfait,5paRfE
impiété,5pjete
imprenable,5pR2nabl
inactif,inaktif
minutieusement,minysj2z°m@
new,nju
pale,pal
pavot,pavo
prolongation,pRol§gasj§
prévenant,pREv°n@
putride,pytRid
péniblement,penibl°m@
remémorer,R°memoRe
rochelle,RoSEl
saligaud,saligo
solliciter,solisite
stagiaire,staZjER
strychnine,stRiknin
suppression,sypResj§
sèche-linge,sESl5Z
vivacité,vivasite
wax,waks
éliminé,elimine
évangéliste,ev@Zelist
adhésif,adezif
affecté,afEkte
agrafeuse,agRaf2z
ajout,aZu
alinéa,alinea
antilope,@tilOp
après-guerre,apREgER
arbitraire,aRbitRER
attelle,atEl
avant-scène,av@sEn
aéroglisseur,aeRoglis9R
bastide,bastid
beu,b2
cabale,kabal
cathéter,katetER
chaloupe,Salup
clameur,klam9R
clerc,klER
coléreux,koleR2
craps,kRap
dactylo,daktilo
donnant-donnant,don@don@
durcir,dyRsiR
dégradation,degRadasj§
enquérir,@keRiR
enviable,@vjabl
exiler,Egzile
faiblir,febliR
filière,filjER
frissonner,fRisone
gisement,Ziz°m@
géologue,ZeolOg
haché,aSe
hermès,ERmEz
immoler,imole
importation,5pORtasj§
inclinaison,5klinEz§
incompris,5k§pRi
infortuné,5fORtyne
inscrit,5skRi
malfrat,malfRa
mangue,m@g
marmelade,maRm°lad
mensuel,m@s8El
mousson,mus§
mycose,mikoz
méthadone,metadOn
napolitain,napolit5
nuageux,n8aZ2
obésité,obezite
parapet,paRapE
penché,p@Se
peso,pezo
posé,poze
préhistoire,pReistwaR
pupitre,pypitR
raffinement,Rafin°m@
raffinerie,Rafin°Ri
retourné,R°tuRne
rudimentaire,Rydim@tER
réchauffé,ReSofe
réglementaire,Regl°m@tER
sacre,sakR
saga,saga
salop,salo
sourdine,suRdin
soviet,sovjEt
squash,skwaS
syncope,s5kOp
tanner,tane
transpercer,tR@spERse
traque,tRak
trompettiste,tR§petist
truelle,tRyEl
tuant,t8@
vidé,vide
visée,vize
ébriété,ebRijete
émetteur,emet9R
accouplement,akupl°m@
altimètre,altimEtR
antisémite,@tisemit
apostolique,apostolik
attendant,at@d@
batifoler,batifole
bichonner,biSone
boutonner,butone
boîtier,bwatje
bénit,beni
bénitier,benitje
chenapan,S°nap@
compulsif,k§pylsif
confesse,k§fEs
constitutionnel,k§stitysjonEl
cordialement,kORdjal°m@
cracker,kRakER
derche,dERS
dramatiser,dRamatize
embargo,@baRgo
et caetera,etseteRa
excommunication,Ekskomynikasj§
expirer,EkspiRe
fiente,fj@t
forceps,fORsEps
goupille,gupij
grappa,gRapa
grizzly,gRizli
humaniste,ymanist
impatienter,5pasj@te
improvisation,5pRovizasj§
informaticien,5fORmatisj5
instinctif,5st5ktif
jumelle,ZymEl
lambda,l@bda
lance-roquettes,l@sRokEt
littéral,liteRal
loupé,lupe
manta,m@ta
moudre,mudR
parader,paRade
parasol,paRasOl
parlementaire,paRl°m@tER
passade,pasad
perquisitionner,pERkizisjone
perversité,pERvERsite
photocopier,fotokopje
primate,pRimat
rallonge,Ral§Z
refouler,R°fule
régénérer,ReZeneRe
salpêtre,salpEtR
sangria,s@gRija
sari,saRi
saxo,sakso
sonnet,sonE
suie,s8i
ter,tER
tique,tik
tremblant,tR@bl@
typhon,tif§
valider,valide
verveine,vERvEn
économiquement,ekonomik°m@
écoper,ekope
épitaphe,epitaf
admirablement,admiRabl°m@
ailé,ele
alléluia,aleluja
alterner,altERne
anarchisme,anaRSizm
annexe,anEks
asperge,aspERZ
autoportrait,otopORtRE
belle-famille,bElfamij
bibine,bibin
blot,blo
bordereau,bORd°Ro
bouledogue,bul°dOg
casseur,kas9R
cinémathèque,sinematEk
clamer,klame
claquement,klak°m@
cohabiter,koabite
colonisation,kolonizasj§
comploter,k§plote
concluant,k§kly@
confisqué,k§fiske
coquelicot,kOk°liko
cornard,kORnaR
coulant,kul@
couleuvre,kul9vR
diplômé,diplome
défensif,def@sif
désinfection,dez5fEksj§
effronté,efR§te
enfouir,@fwiR
ensanglanté,@s@gl@te
espadon,Espad§
ex-champion,EksS@pj§
feignant,fEN@
flexion,flEksj§
frappé,fRape
grincement,gR5s°m@
groggy,gRogi
grognon,gRoN§
habité,abite
holà,ola
hospitalisation,Ospitalizasj§
hérédité,eRedite
indélébile,5delebil
inopportun,inopORt1
intimidation,5timidasj§
lagon,lag§
longévité,l§Zevite
légionnaire,leZjonER
maille,maj
menacé,m°nase
migration,migRasj§
modernité,modERnite
moulant,mul@
nautique,notik
pin-up,pin9p
pédicure,pedikyR
riesling,RisliG
roulure,RulyR
senior,senjOR
sergent-major,sERZ@maZOR
succulent,sykyl@
sursaut,syRso
syphilitique,sifilitik
tambouille,t@buj
trente-sept,tR@tsEt
trompeur,tR§p9R
voyance,vwaj@s
zelle,zEl
éclaté,eklate
évadé,evade
apaisant,apEz@
arête,aREt
assimiler,asimile
bizarrerie,bizaR°Ri
block,blOk
bordeaux,bORdo
botanique,botanik
bouille,buj
brouter,bRute
cachalot,kaSalo
calmar,kalmaR
cati,kati
catégoriquement,kategoRik°m@
ceinturon,s5tyR§
ci-gît,siZi
condescendance,k§des@d@s
contrefaçon,k§tR°fas§
dam,d@
diagnostique,djagnostik
désorienté,dezoRj@te
essor,esOR
estragon,EstRag§
festif,fEstif
flore,flOR
flâner,flane
hypertension,ipERt@sj§
indubitablement,5dybitabl°m@
ingéniosité,5Zenjozite
liquidation,likidasj§
lolo,lolo
masseur,mas9R
mea culpa,meakylpa
merguez,mERgEz
miche,miS
médecin-major,mEds5maZOR
médiéval,medjeval
méthane,metan
neurasthénique,n2Rastenik
peuplier,p2plije
piaillement,pjaj°m@
pita,pita
piteux,pit2
plantier,pl@tje
plumard,plymaR
plèbe,plEb
privation,pRivasj§
profaner,pRofane
psyché,psiSe
railler,Raje
renouer,R°nwe
reprogrammer,R°pRogRam9R
retiré,R°tiRe
risette,RizEt
réapprendre,ReapR@dR
réorganiser,ReORganize
résidentiel,Rezid@sjEl
sobriété,sobRijete
socle,sOkl
travaillé,tRavaje
travelling,tRav°liG
voiturier,vwatyRje
wagon-lit,vag§li
yiddish,jidiS
zozo,zozo
échafaudage,eSafodaZ
échiquier,eSikje
émerger,emERZe
accommoder,akomode
apeuré,ap9Re
appris,apRi
attachant,ataS@
aventureux,av@tyR2
balancement,bal@s°m@
baptiste,batist
bestial,bEstjal
bidet,bidE
bitte,bit
bob,bOb
brindille,bR5dij
brocoli,bRokoli
butter,byte
cambrer,k@bRe
casse-tête,kastEt
causette,kozEt
chiendent,Sj5d@
coccyx,kOksis
collimateur,kolimat9R
comics,komik
composeur,k§poz9R
consigner,k§siNe
consternation,k§stERnasj§
contestation,k§tEstasj§
contrecoeur,k§tR°k9R
corroborer,koRoboRe
discerner,disERne
doberman,dobERman
droitier,dRwatje
débardeur,debaRd9R
dédicacer,dedikase
délibération,delibeRasj§
déminage,deminaZ
dénonciation,den§sjasj§
emprunté,@pR1te
essaim,es5
facial,fasjal
faction,faksj§
fibrillation,fibRilasj§
folichon,fOliS§
frange,fR@Z
furet,fyRE
germanique,ZERmanik
gestapo,gEstapo
grogner,gRoNe
gruau,gRyo
guéridon,geRid§
génisse,Zenis
généalogique,ZenealoZik
hit-parade,itpaRad
hérisson,eRis§
immangeable,5m@Zabl
imposition,5pozisj§
incendiaire,5s@djER
indolore,5dolOR
intentionnel,5t@sjonEl
intégré,5tegRe
lactose,laktoz
linotte,linOt
maigrichon,megRiS§
matrimonial,matRimonjal
maçonnerie,masOn°Ri
miel,mjEl
minerve,minERv
mécène,mesEn
métrage,metRaZ
noiraud,nwaRo
nympho,n5fo
nénette,nenEt
oreillette,oREjEt
ourlet,uRlE
paralyser,paRalize
parasite,paRazit
parer,paRe
paso doble,pazodObl
percuter,pERkyte
pi,pi
placenta,plas5ta
pogne,pON
poissonnier,pwasonje
post,pOst
propulseur,pRopyls9R
psychothérapie,psikoteRapi
pâturage,patyRaZ
pédagogique,pedagoZik
rebrousser,R°bRuse
renoncement,R°n§s°m@
retenu,R°t°ny
robotique,Robotik
résonance,Rezon@s
réticence,Retis@s
rétine,Retin
sciure,sjyR
scélérat,seleRa
seigle,sEgl
serial,s°Rjal
simulacre,simylakR
softball,sOftbal
sous-chef,suSEf
spéciale,spesjal
sursauter,syRsote
tabernacle,tabERnakl
talus,taly
train-train,tR5tR5
trentième,tR@tjEm
tribut,tRiby
trotte,tROt
verge,vERZ
vichy,viSi
volcanique,vOlkanik
zeste,zEst
zélé,zele
étreindre,etR5dR
able,abl
afghan,afg@
agrandissement,agR@dis°m@
argenté,aRZ@te
assigner,asiNe
baraquement,baRak°m@
barrique,baRik
billot,bijo
cantonnement,k@tOn°m@
cavaler,kavale
censeur,s@s9R
centurion,s@tyRj§
check-up,tSEk9p
chica,Sika
cicero,siseRo
complimenter,k§plim@te
congédier,k§Zedje
corniaud,kORnjo
costumé,kOstyme
crémation,kRemasj§
documentaire,dokym@tER
démanteler,dem@t°le
déroutant,deRut@
embouchure,@buSyR
engrenage,@gR°naZ
enlevé,@l°ve
entremetteur,@tR°mEt9R
falsifier,falsifje
figurant,figyR@
flanelle,flanEl
flop,flOp
frôler,fRole
fugace,fygas
fusillé,fyzije
futal,fytal
fuyant,f8ij@
garde-manger,gaRdm@Ze
gazer,gaze
globalement,global°m@
guet-apens,gEtap@
hachoir,aSwaR
hébergement,ebERZ°m@
illisible,ilizibl
impersonnel,5pERsonEl
incidence,5sid@s
indigène,5diZEn
inépuisable,inep8izabl
irrespectueux,iREspEkt82
irrévocable,iRevokabl
lev,lEv
loufoque,lufOk
lèche-bottes,lESbOt
malt,malt
mangeable,m@Zabl
muflier,myflie
noircir,nwaRsiR
non-fumeur,n§fym9R
nourrissant,nuRis@
oral,oRal
pissenlit,pis@li
portfolio,pORtfoljo
pourim,puRim
producteur,pRodykt9R
pétrir,petRiR
qualification,kalifikasj§
quarante-trois,kaR@t°tRwa
rabâcher,RabaSe
ressouvenir,R°suv°niR
ri,Ri
romancier,Rom@sje
rumba,Rumba
saindoux,s5du
saladier,saladje
samurai,samuRaj
sodomite,sodomit
supervision,sypERvizj§
symbiose,s5bjoz
tintement,t5t°m@
toison,twaz§
toxico,tOksiko
têtard,tEtaR
vacciner,vaksine
vagabondage,vagab§daZ
vertèbre,vERtEbR
vicaire,vikER
épique,epik
accentuer,aks@t8e
accoster,akOste
accumulation,akymylasj§
aciérie,asjeRi
alpinisme,alpinizm
aplatir,aplatiR
approuvé,apRuve
bacchante,bak@t
banderole,b@d°ROl
barbouiller,baRbuje
barillet,baRijE
bartavelle,baRtavEl
branle,bR@l
cannelloni,kaneloni
cassis,kasi
chausson,Sos§
chaînon,SEn§
chine,Sin
circonscription,siRk§skRipsj§
clairvoyance,klERvwaj@s
coing,kw5
collecteur,kolEkt9R
combi,k§bi
consistant,k§sist@
contre-espionnage,k§tREspjonaZ
demi-litre,d°militR
destinataire,destinatER
déshonorant,dezonoR@
dévisager,devizaZe
efficacement,efikas°m@
encaisseur,@kEs9R
ensorceler,@sORs°le
escabeau,Eskabo
exutoire,EgzytwaR
facette,fasEt
flancher,fl@Se
fricadelle,fRikadEl
galette,galEt
goinfrer,gw5fRe
guérillero,geRijeRo
hanté,@te
holding,OldiG
illustration,ilystRasj§
immoralité,imoRalite
inerte,inERt
informe,5fORm
insémination,5seminasj§
jerez,xeREs
jeté,Z°te
langoureux,l@guR2
lisière,lizjER
léguer,lege
marxiste,maRksist
mixer,miks9R
mutiler,mytile
myrmidon,miRmid§
nichon,niS§
orée,oRe
paparazzi,papaRadzi
pentagramme,p5tagRam
prodigieusement,pRodiZj2z°m@
prononciation,pRon§sjasj§
quorum,koROm
remarcher,R°maRSe
renverse,R@vERs
revoici,R°vwasi
ronflement,R§fl°m@
régénération,ReZeneRasj§
sauternes,sotERn
self,sElf
sociopathe,sosjopat
substitution,sypstitysj§
systématique,sistematik
taulier,tolje
tome,tOm
vingt-sept,v5tsEt
volte,vOlt
xavier,gzavje
époustouflant,epustufl@
abstraction,apstRaksj§
aiguisé,egize
antiterroriste,@titERoRist
antivirus,@tiviRys
armagnac,aRmaNak
asse,as
backgammon,bakgamon
blasé,blaze
bouffi,bufi
bouillabaisse,bujabEs
briseur,bRiz9R
brouilleur,bRuj9R
chalutier,Salytje
conserverie,k§sERv°Ri
contraception,k§tRasEpsj§
copuler,kopyle
corpulent,kORpyl@
croc,kRo
destiné,destine
diapo,djapo
débourser,debuRse
dégoûter,degute
dépeindre,dep5dR
factotum,faktotOm
faussement,fos°m@
fifty-fifty,fiftififti
gastro,gastRo
graphique,gRafik
grassouillet,gRasujE
hacker,ak9R
immobilité,imobilite
incompatible,5k§patibl
indécis,5desi
inflammable,5flamabl
inhibition,inibisj§
intestinal,5tEstinal
lala,lala
luminosité,lyminozite
luné,lyne
mamy,mami
millénaire,milenER
mocheté,mOS°te
mousser,muse
mythologique,mitoloZik
méduse,medyz
particule,paRtikyl
paysagiste,peizaZist
piquant,pik@
planeur,plan9R
platonique,platonik
prolétaire,pRoletER
prospecter,pROspEkte
prédicateur,pRedikat9R
quidam,k8idam
racial,Rasjal
recracher,R°kRaSe
remake,RimEk
remballer,R@bale
requinquer,R°k5ke
ripou,Ripu
running,RyniG
rural,RyRal
révélateur,Revelat9R
saboteur,sabot9R
sacrilège,sakRilEZ
sauteur,sot9R
secourable,s°kuRabl
silo,silo
spécialisé,spesjalize
suceur,sys9R
surin,syR5
tringler,tR5gle
turban,tyRb@
varier,vaRje
verrue,veRy
véridique,veRidik
écarlate,ekaRlat
accabler,akable
aga,aga
alambic,al@bik
athlétique,atletik
avant-guerre,av@gER
aviser,avize
banquise,b@kiz
barmaid,baRmEd
boniment,bonim@
broncher,bR§Se
brushing,bR9SiG
collectionner,kolEksjone
coloration,koloRasj§
consensus,k§s5sys
couguar,kugaR
déclaré,deklaRe
dédain,ded5
désolant,dezol@
embaumement,@bom°m@
empoisonneur,@pwazon9R
enfler,@fle
entasser,@tase
envelopper,@v°lope
faiblement,fEbl°m@
faire-part,fERpaR
far,faR
faxer,fakse
feuilleter,f9j°te
fifille,fifij
fouler,fule
frigide,fRiZid
fui,f8i
graisseux,gREs2
grognement,gRON°m@
hypothétique,ipotetik
hâtif,atif
incessant,5ses@
incompréhension,5k§pRe@sj§
indétectable,5detEktabl
inexact,inEgzakt
invétéré,5veteRe
inédit,inedi
jaguar,ZagwaR
lente,l@t
levrette,l°vREt
loch,lOk
manette,manEt
marquage,maRkaZ
mathématicien,matematisj5
matérialiste,mateRjalist
meublé,m9ble
mitraille,mitRaj
muer,m8e
notoriété,notoRjete
oscar,OskaR
pagaie,pagE
paradoxal,paRadOksal
pavaner,pavane
pedigree,pedigRe
pervertir,pERvERtiR
pirogue,piROg
pis,pi
ploc,plOk
polluer,pol8e
porte-cigarettes,pORtsigaREt
quérir,keRiR
rappeur,Rap9R
rogue,ROg
référendum,RefeR5dOm
répréhensible,RepRe@sibl
scribe,skRib
senti,s@ti
solidité,solidite
sous-secrétaire,sus°kRetER
stoker,stok9R
subjectif,sybZEktif
surfeur,s9Rf9R
suspicieux,syspisj2
syllabe,silab
syndical,s5dikal
tardif,taRdif
temporal,t@poRal
toque,tOk
tourniquet,tuRnikE
tranquilliser,tR@kilize
vive,viv
vrille,vRij
yéti,jeti
éblouissant,ebluis@
écu,eky
étendard,et@daR
étendu,et@dy
éterniser,etERnize
éternuement,etERnym@
aine,En
arpenter,aRp@te
arrière-train,aRjERtR5
arythmie,aRitmi
aspirant,aspiR@
austérité,osteRite
averti,avERti
boycott,bOjkOt
bug,b9g
bégayer,begeje
cadrer,kadRe
cageot,kaZo
chambrée,S@bRe
chronologique,kRonoloZik
couic,kwik
croupe,kRup
denier,d°nje
disséquer,diseke
distrayant,distREj@
déconnecter,dekonEkte
défonce,def§s
détérioration,deteRjoRasj§
eczéma,Egzema
envieux,@vj2
esplanade,Esplanad
game,gEjm
garenne,gaREn
grand-rue,gR@Ry
griffer,gRife
gril,gRil
grossi,gRosi
gut,gyt
harpie,aRpi
herboriste,ERboRist
impotent,5pot@
impérialisme,5peRjalizm
inexcusable,inEkskyzabl
inimitable,inimitabl
innocemment,inosam@
insatisfait,5satisfE
insertion,5sERsj§
insurmontable,5syRm§tabl
interrompu,5tER§py
intransigeant,5tR@ziZ@
intrus,5tRy
invariablement,5vaRjabl°m@
jauger,ZoZe
jute,Zyt
liasse,ljas
lycéen,lise5
malencontreux,mal@k§tR2
marelle,maREl
margarine,maRgaRin
matter,mate
maxime,maksim
miaulement,mjol°m@
moquerie,mOk°Ri
mors,mOR
mozzarella,modzaREla
métaphysique,metafizik
métèque,metEk
nec,nEk
ovule,ovyl
palefrenier,pal°fR°nje
paniqué,panike
parfumé,paRfyme
phone,fon
punching-ball,p9nSiGbOl
pécule,pekyl
quadrant,kwadR@
quiétude,kjetyd
renversé,R@vERse
réceptacle,ResEptakl
réchapper,ReSape
scrupuleux,skRypyl2
signorina,siNoRina
soccer,sOs9R
stationnaire,stasjonER
subsistance,sybzist@s
surenchère,syR@SER
trente-huit,tR@t8it
tétanos,tetanos
uni,yni
zinzin,z5z5
échappé,eSape
étouffement,etufm@
évaporer,evapoRe
a priori,apRijoRi
abattage,abataZ
adopté,adOpte
agréablement,agReabl°m@
amèrement,amER°m@
anticipation,@tisipasj§
baldaquin,baldak5
barjot,baRZo
bibelot,bib°lo
biochimie,bjoSimi
bodega,bod°ga
bridé,bRide
bâillon,baj§
canarder,kanaRde
captif,kaptif
chandail,S@daj
chatouilleux,Satuj2
chauffe-eau,Sofo
chaufferie,Sof°Ri
chloroforme,kloRofORm
cloner,klOne
commerçant,komERs@
connaisseur,konEs9R
cop,kOp
couru,kuRy
coutumier,kutymje
décompresser,dek§pRese
déconcertant,dek§sERt@
déménageur,demenaZ9R
désintéressé,dez5teRese
empathie,@pati
engeance,@Z@s
favoriser,favoRize
fretin,fR°t5
fringant,fR5g@
fétichisme,fetiSizm
genièvre,Z°njEvR
génome,Zenom
iguane,igwan
impudique,5pydik
incinérateur,5sineRat9R
jupette,ZypEt
kasher,kaSER
laissé,lese
lice,lis
malchanceux,malS@s2
malmener,malm°ne
mam,mam
mariachi,maRjaSi
mauve,mov
moussant,mus@
moustachu,mustaSy
médico-légal,medikolegal
mêlée,mele
nazisme,nazizm
noirceur,nwaRs9R
non-violence,n§vjol@s
nuls,nyl
pickpocket,pikpokEt
relaxation,R°laksasj§
roseau,Rozo
rougeur,RuZ9R
réfléchissant,RefleSis@
sous-directeur,sudiREkt9R
souveraineté,suv°REn°te
surmenage,syRm°naZ
survêtement,syRvEt°m@
tantouse,t@tuz
tchétchène,tSetSEn
vestimentaire,vEstim@tER
zarbi,zaRbi
zénith,zenit
éclos,eklo
élaborer,elaboRe
ajusteur,aZyst9R
anéantissement,ane@tis°m@
berline,bERlin
boxer,bOksER
briefer,bRife
camion-citerne,kamj§sitERn
captivant,kaptiv@
cataclysme,kataklizm
cloutier,klutje
codex,kodEks
coiffe,kwaf
compact,k§pakt
composé,k§poze
crotale,kRotal
cylindre,sil5dR
débordement,debORd°m@
déformer,defORme
dénouer,denwe
effleurer,efl9Re
embarcation,@baRkasj§
escient,esj@
férocement,feROs°m@
glaner,glane
guirlande,giRl@d
inaugurer,inogyRe
inculquer,5kylke
insomniaque,5sOmnjak
jusque,Zysk
kip,kip
kir,kiR
livide,livid
madre,madR
menuet,m°n8E
microscopique,mikRoskopik
missionnaire,misjonER
monumental,monym@tal
muselière,myz°ljER
néo,neo
patelin,pat°l5
pennies,pEni
pioncer,pj§se
proteus,pROteys
pulpe,pylp
pécheur,peS9R
raideur,REd9R
relance,R°l@s
récidiviste,Residivist
salissant,salis@
saperlipopette,sapERlipopEt
savonnette,savonEt
scepticisme,sEptisizm
scrutin,skRyt5
stratosphère,stRatosfER
teigneux,tEN2
textile,tEkstil
transistor,tR@zistOR
tréfonds,tRef§
téléobjectif,teleobZEktif
zakouski,zakuski
échauffement,eSofm@
écoulé,ekule
épanouissement,epanwis°m@
étourdissement,etuRdis°m@
évanouissement,evanwis°m@
abstrait,apstRE
accompagnement,ak§paN°m@
adage,adaZ
amerloque,amERlOk
amoral,amoRal
apéro,apeRo
archétype,aRketip
ardu,aRdy
argumenter,aRgym@te
arrimage,aRimaZ
balustrade,balystRad
blasphématoire,blasfematwaR
bull,byl
bureaucratique,byRokRatik
burette,byREt
carry,kaRi
cata,kata
cha-cha-cha,tSatSatSa
chamois,Samwa
chercheur,SERS9R
complainte,k§pl5t
condo,k§do
confection,k§fEksj§
coquetterie,kokEt°Ri
courageusement,kuRaZ2z°m@
courber,kuRbe
croque-mitaine,kROkmitEn
damner,dane
disculper,diskylpe
dissection,diseksj§
décoincer,dekw5se
décontracté,dek§tRakte
déshydratation,dezidRatasj§
déverser,devERse
exagération,EgzaZeRasj§
finition,finisj§
fleuri,fl9Ri
furoncle,fyR§kl
gospel,gospEl
gravitationnel,gRavitasjonEl
grossièrement,gRosjER°m@
hermétiquement,ERmetik°m@
honorifique,onoRifik
incontestablement,5k§tEstabl°m@
infrarouge,5fRaRuZ
intimidant,5timid@
irrationnel,iRasjonEl
irrecevable,iR2s°vabl
irrespirable,iREspiRabl
jésuite,Zez8it
lambeau,l@bo
longer,l§Ze
maboul,mabul
maltraitance,maltREt@s
messie,mesi
mort-aux-rats,mORoRa
netteté,nEtte
orque,ORk
par mégarde,paRmegaRd
parapsychologie,paRapsikoloZi
parlementer,paRl°m@te
pesée,p°ze
piqueur,pik9R
pivot,pivo
poireau,pwaRo
potin,pot5
rejeton,R°Zt§
relaxant,R°laks@
reliure,R°ljyR
report,R°pOR
retouche,R°tuS
rugissement,RyZis°m@
ruser,Ryze
réalisable,Realizabl
réparateur,RepaRat9R
saillie,saji
soupirant,supiR@
statique,statik
statistique,statistik
sérotonine,seRotonin
tonnelle,tonEl
toxicologie,tOksikoloZi
tricheur,tRiS9R
trombe,tR§b
turbulent,tyRbyl@
turco,tyRko
ventriculaire,v@tRikylER
verso,vERso
vertical,vERtikal
écorchure,ekORSyR
élancer,el@se
éprouvant,epRuv@
étau,eto
étranglement,etR@gl°m@
acharnement,aSaRn°m@
acquittement,akit°m@
affinité,afinite
affligé,afliZe
allaiter,alete
apnée,apne
armurier,aRmyRje
aventurer,av@tyRe
bistro,bistRo
bordélique,bORdelik
boxon,bOks§
breakfast,bREkf9st
brouillage,bRujaZ
carliste,kaRlist
catcheur,katS9R
charcuter,SaRkyte
chienlit,Sj@li
chiffonné,Sifone
concertiste,k§sERtist
concilier,k§silje
conformer,k§fORme
connivence,koniv@s
couci-couça,kusikusa
crevaison,kR°vEz§
crucifixion,kRysifiksj§
culasse,kylas
cure-dent,kyRd@
didactique,didaktik
drag,dRag
décadent,dekad@
désespérant,dezEspeR@
ectoplasme,Ektoplasm
embryon,@bRij§
ex-président,EkspRezid@
farceur,faRs9R
fauvette,fovEt
goélette,goelEt
guetteur,gEt9R
hypnotiseur,ipnotiz9R
hématocrite,ematokRit
hétérosexuel,eteRoseks8El
imbuvable,5byvabl
impalpable,5palpabl
infinité,5finite
influer,5flye
infrastructure,5fRastRyktyR
inhabité,inabite
inhalation,inalasj§
joignable,ZwaNabl
laborieux,laboRj2
loquet,lokE
margrave,maRgRav
moose,muz
méthodique,metodik
nasal,nazal
onéreux,oneR2
panoramique,panoRamik
paon,p@
plaidoyer,plEdwaje
pontage,p§taZ
proclamation,pRoklamasj§
pulque,pylk
pénalité,penalite
pêche,pES
revêtir,R°vetiR
rétribution,RetRibysj§
révoltant,RevOlt@
révolu,Revoly
scarabée,skaRabe
siéger,sjeZe
soudoyer,sudwaje
staroste,staROst
striptease,stRiptiz
synthé,s5te
tandem,t@dEm
teinte,t5t
timbale,t5bal
tissu,tisy
toge,tOZ
translation,tR@slasj§
télékinésie,telekinezi
vaillamment,vajam@
vicelard,vis°laR
virtuellement,viRt8El°m@
volontariat,vol§taRja
à tâtons,atat§
écarté,ekaRte
émigration,emigRasj§
acharné,aSaRne
achevé,aS°ve
aguerri,agERi
altération,alteRasj§
assesseur,ases9R
attardé,ataRde
bannissement,banis°m@
bravement,bRav°m@
caucasien,kokazj5
certifier,sERtifje
chantilly,S@tiji
chicorée,SikoRe
ci-joint,siZw5
cloaque,kloak
constructeur,k§stRykt9R
contre-courant,k§tR°kuR@
courbé,kuRbe
crapule,kRapyl
croûton,kRut§
discutable,diskytabl
dragueur,dRag9R
déchu,deSy
fantaisiste,f@tezist
flambée,fl@be
focaliser,fokalize
fournaise,fuRnEz
frelon,fR°l§
godemiché,god°miSe
gondolier,g§dolje
grincer,gR5se
haha,aa
incompatibilité,5k§patibilite
infra,5fRa
lotissement,lotis°m@
mafieux,mafj2
medium,medjOm
mitrailler,mitRaje
monogamie,monogami
neiger,neZe
occasionnellement,okazjonEl°m@
oisiveté,waziv°te
palissade,palisad
paradisiaque,paRadizjak
philharmonique,filaRmonik
plateforme,plat°fORm
porte-jarretelles,pORt°ZaR°tEl
pourpoint,puRpw5
propagation,pRopagasj§
pubis,pybis
péripétie,peRipesi
radoter,Radote
regrouper,R°gRupe
ruer,R8e
réglage,ReglaZ
semi-automatique,s°miotomatik
sodomiser,sodomize
soporifique,sopoRifik
springer,spRing9R
toboggan,tobog@
trois-quarts,tRwakaR
tyrannique,tiRanik
usurpation,yzyRpasj§
vinaigrette,vinEgREt
yoyo,jojo
éclaboussure,eklabusyR
écosystème,ekosistEm
équivalent,ekival@
étoilé,etwale
aberrant,abER@
absorption,apsORpsj§
alcoolémie,alkolemi
amarre,amaR
aphrodisiaque,afRodizjak
apolitique,apolitik
auditoire,oditwaR
auto-école,otoekOl
bas-côté,bakote
bouleau,bulo
béatitude,beatityd
cadrage,kadRaZ
canasson,kanas§
capituler,kapityle
chambouler,S@bule
chapon,Sap§
charpente,SaRp@t
chasse-neige,SasnEZ
chipie,Sipi
chiqué,Sike
colloque,kolOk
comblé,k§ble
convoyeur,k§vwaj9R
coquette,kokEt
corsaire,kORsER
crénom,kRen§
dc,dese
diagramme,djagRam
diem,djEm
digestif,diZEstif
doudou,dudu
dressage,dREsaZ
débandade,deb@dad
débriefing,debRifiG
décliner,dekline
défaillir,defajiR
défiance,defj@s
dévasté,devaste
encéphalogramme,@sefalogRam
faubourg,fobuR
flasque,flask
fléchir,fleSiR
fourrage,fuRaZ
gaga,gaga
gastronomie,gastRonomi
gaufre,gofR
gesticuler,ZEstikyle
golfeur,gOlf9R
géométrique,ZeometRik
habilement,abil°m@
hammam,amam
hippocampe,ipok@p
homéopathie,omeopati
honteusement,§t2z°m@
ici,isi
inadvertance,inadvERt@s
incrédulité,5kRedylite
intercontinental,5tERk§tin@tal
isoloir,izolwaR
jugé,ZyZe
lassant,las@
loquace,lokas
lotus,lotys
lyncher,l5Se
malais,malE
malnutrition,malnytRisj§
mazurka,mazyRka
miner,mine
minot,mino
monticule,m§tikyl
mouvoir,muvwaR
mégaphone,megafOn
mésaventure,mezav@tyR
nacre,nakR
national-socialisme,nasjonalsosjalizm
noblement,nObl°m@
pacs,paks
parfaire,paRfER
past,past
pathogène,patoZEn
payable,pEjabl
pensif,p@sif
phalange,fal@Z
pinède,pinEd
play-boy,plEbOj
prolo,pRolo
prévoyant,pRevwaj@
prêcheur,pRES9R
pédophilie,pedofili
resservir,R°sERviR
royauté,Rwajote
septique,sEptik
sillonner,sijone
sinueux,sin82
substituer,sypstit8e
tisser,tise
tournant,tuRn@
tournis,tuRni
tragiquement,tRaZik°m@
véracité,veRasite
évincer,ev5se
accourir,akuRiR
ambulancier,@byl@sje
antipathie,@tipati
assourdissant,asuRdis@
ausculter,oskylte
basse-cour,baskuR
bienséance,bj5se@s
biliaire,biljER
buraliste,byRalist
bure,byR
burin,byR5
cardinal,kaRdinal
cerise,s°Riz
chiropracteur,kiRopRakt9R
choux-fleurs,Sufl9R
cintre,s5tR
cité,site
classification,klasifikasj§
colt,kOlt
criquet,kRikE
crottin,kRot5
créole,kReOl
cucul,kyky
cueillette,k9jEt
culbuter,kylbyte
dysfonctionnement,disf§ksjOn°m@
défaitiste,defetist
défibrillateur,defibRilat9R
défiguré,defigyRe
défini,defini
dépanneur,depan9R
détriment,detRim@
entouré,@tuRe
exorciste,EgzORsist
expressionniste,EkspREsjonist
flag,flag
foufoune,fufun
glissade,glisad
gore,gOR
griffon,gRif§
guimbarde,g5baRd
géhenne,ZeEn
hiérarchique,jeRaRSik
homophobe,omofOb
hon,§
hormone,ORmOn
hypothéquer,ipoteke
hôtellerie,otEl°Ri
incriminer,5kRimine
individualité,5divid8alite
intermittence,5tERmit@s
intégralement,5tegRal°m@
involontairement,5vol§tER°m@
israélite,isRaelit
journalistique,ZuRnalistik
laps,laps
lardon,laRd§
litige,litiZ
lubricité,lybRisite
majorette,maZoREt
management,manaZ°m@
mante,m@t
massue,masy
mijaurée,miZoRe
mollusque,molysk
mutant,myt@
ombilical,§bilikal
ordonné,ORdone
pantoufle,p@tufl
parachutiste,paRaSytist
pentecôte,p@tkot
perme,pERm
pertinence,pERtin@s
play-back,plEbak
pore,pOR
positionner,pozisjone
poulie,puli
promiscuité,pRomisk8ite
pubien,pybj5
puff,p9f
racolage,RakolaZ
raz-de-marée,Rad°maRe
regardant,R°gaRd@
renfermer,R@fERme
revirement,R°viR°m@
revérifier,R2veRifje
rotule,Rotyl
récidive,Residiv
réécouter,Reekute
skate-board,skEjtbORd
tacite,tasit
tracteur,tRakt9R
triumvirat,tRijOmviRa
vice-présidence,vispRezid@s
vérifié,veRifje
écaille,ekaj
acuité,ak8ite
armateur,aRmat9R
arrosé,aRoze
athlétisme,atletizm
baromètre,baRomEtR
bique,bik
boléro,boleRo
bénin,ben5
camé,kame
canin,kan5
cannibale,kanibal
cellulite,selylit
chantant,S@t@
citronnade,sitRonad
classeur,klas9R
clos,klo
cocagne,kokaN
colmater,kOlmate
confédération,k§fedeRasj§
contrepoids,k§tR°pwa
copropriété,kopRopRijete
correspondant,koREsp§d@
courroie,kuRwa
couturier,kutyRje
cravache,kRavaS
demi-tarif,d°mitaRif
dioxyde,djOksid
défaitisme,defetizm
défavorable,defavoRabl
déficience,defisj@s
défigurer,defigyRe
délectable,delEktabl
dépendant,dep@d@
dépravation,depRavasj§
dépravé,depRave
enchanter,@S@te
envoûtant,@vut@
envoûtement,@vut°m@
euphorique,2foRik
facturer,faktyRe
figuré,figyRe
fluo,flyo
franc-jeu,fR@Z2
galope,galOp
gandin,g@d5
glorifier,gloRifje
glu,gly
guilde,gild
hors-d'oeuvre,ORd9vR
hypertrophie,ipERtRofi
indésirable,5deziRabl
inflexible,5flEksibl
influençable,5fly@sabl
intégral,5tegRal
inutilité,inytilite
kirsch,kiRS
lacer,lase
lamé,lame
libertaire,libERtER
litanie,litani
maisonnette,mEzonEt
maléfice,malefis
mary,maRi
mauser,moz9R
miam-miam,mjammjam
mini-jupe,miniZyp
mise,miz
motivé,motive
médecin-chef,mEds5SEf
nocif,nosif
not,nOt
nuisible,n8izibl
ortho,ORto
palazzo,paladzo
pastille,pastij
pater,patER
petiot,p°tjo
pimenter,pim@te
pingre,p5gR
polisson,polis§
pornographique,pORnogRafik
pour-cent,puRs@
pratiquant,pRatik@
produit,pRod8i
pâtir,patiR
rallonger,Ral§Ze
ramasseur,Ramas9R
recharge,R°SaRZ
recycler,R°sikle
roi,Rwa
roulis,Ruli
roupettes,RupEt
récurrent,RekyR@
répugnance,RepyN@s
répulsion,Repylsj§
réélection,ReelEksj§
saignée,seNe
sapeur,sap9R
sapiens,sapj5
scrupuleusement,skRypyl2z°m@
sigle,sigl
sismique,sismik
soigneux,swaN2
subversion,sybvERsj§
summum,s9mOm
supérette,sypeREt
surnommé,syRnome
thrombose,tR§boz
tomographie,tomogRafi
tracasser,tRakase
transgression,tR@sgREsj§
traumatique,tRomatik
troquer,tRoke
turbulence,tyRbyl@s
turne,tyRn
unifier,ynifje
vareuse,vaR2z
vibrant,vibR@
visionner,vizjone
vorace,voRas
vénus,venys
yourte,juRt
zizanie,zizani
émail,emaj
émerveillement,emERvEj°m@
énième,EnjEm
étourdi,etuRdi
accrocheur,akRoS9R
acheminer,aS°mine
affranchir,afR@SiR
amputation,@pytasj§
arrière-goût,aRjERgu
baby-foot,babifut
balafre,balafR
bourrasque,buRask
boutonneux,buton2
braille,bRaj
brancardier,bR@kaRdje
budgétaire,bydZetER
cantatrice,k@tatRis
chichi,SiSi
clôturer,klotyRe
cobalt,kobalt
concourir,k§kuRiR
continuum,k§tin8Om
culotté,kylote
cuvée,kyve
damoiselle,damwazEl
déformé,defORme
dépuceler,depys°le
dérivation,deRivasj§
dûment,dym@
emportement,@pORt°m@
engrosser,@gRose
envolée,@vole
exalté,Egzalte
exaspération,EgzaspeRasj§
fortuit,fORt8i
frémissement,fRemis°m@
gaîté,gete
germe,ZERm
gnole,Nol
guindé,g5de
guppy,gypi
habillement,abij°m@
honni,oni
identifiable,id@tifjabl
ignare,iNaR
illégalité,ilegalite
immortaliser,imORtalize
impérativement,5peRativ°m@
indépendamment,5dep@dam@
initialisation,inisjalizasj§
innovation,inovasj§
innover,inove
insolation,5solasj§
invocation,5vokasj§
ire,iR
kebab,kebab
leurrer,l9Re
lyre,liR
moka,moka
mélangé,mel@Ze
météore,meteOR
nabab,nabab
offenseur,of@s9R
poltronnerie,pOltROn°Ri
porc-épic,pORkepik
porte-voix,pORt°vwa
potiche,potiS
prophétique,pRofetik
préalable,pRealabl
psychosomatique,psikosomatik
pétillant,petij@
rebond,R°b§
recompter,R°k§te
régularité,RegylaRite
réprimander,RepRim@de
révolutionner,Revolysjone
shilling,SiliG
subtilité,syptilite
sui,s8i
supernova,sypERnova
thermes,tERm
thriller,tRil9R
trente-neuf,tR@tn9f
trente-six,tR@tsis
térébenthine,teReb@tin
vainement,vEn°m@
ventricule,v@tRikyl
vide-ordures,vidORdyR
vigoureusement,viguR2z°m@
vénéneux,venen2
yougoslave,jugOslav
élastique,elastik
évocation,evokasj§
abrupt,abRypt
aisselle,EsEl
amourette,amuREt
armature,aRmatyR
articulation,aRtikylasj§
aïd,aid
bafouer,bafwe
beuverie,b9v°Ri
bibi,bibi
biquet,bikE
bondé,b§de
boots,buts
bottine,botin
bri,bRi
bronze,bR§z
bégaiement,begEm@
cadastre,kadastR
capoter,kapote
centenaire,s@t°nER
charismatique,kaRismatik
chimiquement,Simik°m@
chou-fleur,Sufl9R
city,siti
communément,komynem@
conteste,k§tEst
corpulence,kORpyl@s
croulant,kRul@
crûment,kRym@
cursus,kyRsys
cégep,seZEp
dies irae,djEsiRe
divination,divinasj§
dixit,diksit
drolatique,dRolatik
dynamisme,dinamizm
dérouter,deRute
désobligeant,dezobliZ@
entraide,@tREd
erroné,ERone
esquisse,Eskis
ex-copine,Ekskopin
exemption,Egz@psj§
fanatisme,fanatizm
funérarium,fyneRaRjOm
gadjo,gadZo
galet,galE
garde-côte,gaRd°kot
garrigue,gaRig
gaspard,gaspaR
gracieusement,gRasj2z°m@
hom,Om
hérétique,eRetik
igloo,iglu
imagerie,imaZ°Ri
induire,5d8iR
inexpérimenté,inEkspeRim@te
infusion,5fyzj§
insipide,5sipid
irrégularité,iRegylaRite
jetable,Z°tabl
lacrymogène,lakRimoZEn
lamantin,lam@t5
lingam,lingam
lunch,l9ntS
mafioso,mafjozo
maja,maZa
mandoline,m@dolin
marchandage,maRS@daZ
mexico,mEksiko
mioche,mjOS
morbleu,mORbl2
mortification,mORtifikasj§
moutard,mutaR
ménagerie,menaZ°Ri
nigaud,nigo
nuée,n8e
opulence,opyl@s
opérette,opeREt
pardieu,paRdj2
pentacle,p5takl
pipette,pipEt
piéton,pjet§
poisseux,pwas2
poisson-chat,pwas§Sa
polarité,polaRite
processeur,pRoses9R
puffin,pyf5
pulsation,pylsasj§
pâlir,paliR
quinine,kinin
raillerie,Raj°Ri
ratatouille,Ratatuj
redemander,R°d°m@de
redingote,R°d5gOt
repu,R°py
risotto,Rizoto
royalties,Rwajalti
réactionnaire,ReaksjonER
sasseur,sas9R
secrète,s°kREt
seyant,sEj@
solstice,sOlstis
sourciller,suRsije
sous-merde,sumERd
stick,stik
studieux,stydj2
toussaint,tus5
vestale,vEstal
vestige,vEstiZ
vieillerie,vjEj°Ri
zigouiller,ziguje
à tue-tête,atytEt
équivoque,ekivOk
abysse,abis
alcazar,alkazaR
amuse-gueule,amyzg9l
anti-terrorisme,@titeRoRizm
apartheid,apaRtEjd
assorti,asORti
assoupi,asupi
avènement,avEn°m@
basset,basE
bourrin,buR5
bruyère,bR8ijER
cabriolet,kabRijolE
californien,kalifORnj5
casher,kaSER
chambellan,S@bEl@
chancre,S@kR
cheddar,SEdaR
circoncire,siRk§siR
clairvoyant,klERvwaj@
cochonnet,koSonE
combattant,k§bat@
communal,komynal
compétitif,k§petitif
corporation,kORpoRasj§
coulée,kule
courbe,kuRb
diagnostiquer,djagnostike
dominateur,dominat9R
donneur,don9R
dramaturge,dRamatyRZ
déchargement,deSaRZ°m@
déclamer,deklame
déclenchement,dekl@S°m@
dénigrer,denigRe
déraper,deRape
exorbitant,EgzORbit@
export,EkspOR
expressif,EkspResif
faste,fast
franc-parler,fR@paRle
fructifier,fRyktifje
gestation,ZEstasj§
gratte,gRat
grêle,gREl
huerta,wERta
implantation,5pl@tasj§
incubation,5kybasj§
insuffler,5syfle
interplanétaire,5tERplanetER
kiki,kiki
limon,lim§
lope,lOp
magasinier,magazinje
mage,maZ
militant,milit@
missel,misEl
mondialement,m§djal°m@
monocle,monOkl
mort-né,mORne
mosaïque,mozaik
moulage,mulaZ
mouron,muR§
nageoire,naZwaR
naphtaline,naftalin
neurochirurgie,n2RoSiRyRZi
obstiner,Opstine
obtention,Opt@sj§
omniprésent,OmnipRez@
osé,oze
ovulation,ovylasj§
perforation,pERfoRasj§
piratage,piRataZ
portoricain,pORtoRik5
quiz,kiz
ramollir,RamoliR
rapidos,Rapido
rata,Rata
réquisitionner,Rekizisjone
rétrécir,RetResiR
sable,sabl
salopette,salopEt
sana,sana
standardiste,st@daRdist
submerger,sybmERZe
suc,syk
tamis,tami
tap,tap
tsunami,tsynami
télécommunication,telekomynikasj§
unijambiste,yniZ@bist
verbalement,vERbal°m@
whiskies,wiski
zodiaque,zodjak
épicentre,epis@tR
épilation,epilasj§
achèvement,aSEv°m@
aimablement,Emabl°m@
altruiste,altR8ist
anaphylactique,anafilaktik
anémique,anemik
arbalète,aRbalEt
archéologique,aRkeoloZik
aspic,aspik
avenant,av°n@
best,bEst
bim,bim
booster,buste
bougrement,bugR°m@
bromure,bRomyR
caporal-chef,kapoRalSEf
caramel,kaRamEl
carcéral,kaRseRal
cassoulet,kasulE
cerceau,sERso
chandeleur,S@d°l9R
charpie,SaRpi
chimérique,SimeRik
chromosome,kRomozom
circoncis,siRk§si
conditionnement,k§disjOn°m@
conformité,k§fORmite
conquis,k§ki
cryptage,kRiptaZ
cyprès,sipRE
derme,dERm
dirigeant,diRiZ@
domicilié,domisilje
délibéré,delibeRe
délicieusement,delisj2z°m@
déléguer,delege
embrun,@bR1
exaspérer,EgzaspeRe
fantasque,f@task
fission,fisj§
formé,fORme
fourberie,fuRb°Ri
frénétique,fRenetik
funambule,fyn@byl
férié,feRje
fêlé,fele
grive,gRiv
grog,gROg
gueuleton,g9l°t§
hampe,@p
handball,@dbal
hippodrome,ipodRom
hotline,Otlajn
huard,8aR
hurricane,9Rikan
hydromel,idRomEl
importé,5pORte
inattention,inat@sj§
inepte,inEpt
ingénuité,5Zen8ite
irascible,iRasibl
irrémédiable,iRemedjabl
journalier,ZuRnalje
jumbo,dZ9mbo
kippa,kipa
lift,lift
lopin,lop5
luisant,l8iz@
majoritaire,maZoRitER
manne,man
materner,matERne
modestement,modEst°m@
moribond,moRib§
muscade,myskad
muscler,myskle
nenni,nEni
noyer,nwaje
onglet,§glE
ossature,osatyR
palpable,palpabl
paralysant,paRaliz@
plancton,pl@kt§
plate,plat
proxénète,pROksenEt
rasseoir,RaswaR
regroupement,R°gRup°m@
reis,REjs
rugir,RyZiR
répétitif,Repetitif
seller,sele
semi,s°mi
sinécure,sinekyR
techno,tEkno
thaï,taj
viennoiserie,vjEnwaz°Ri
yogi,jogi
abat-jour,abaZuR
accessoiriste,akseswaRist
affluence,afly@s
alexandra,alEks@dRa
algorithme,algoRitm
alunissage,alynisaZ
ambroisie,@bRwazi
annexer,anEkse
apparat,apaRa
appareiller,apaReje
aztèque,astEk
balancé,bal@se
barricader,baRikade
basé,baze
bourgogne,buRgON
canalisation,kanalizasj§
cancan,k@k@
catalepsie,katalEpsi
cataracte,kataRakt
class,klas
coiffé,kwafe
consentant,k§s@t@
contre-expertise,k§tREkspERtiz
corail,koRaj
coupon,kup§
couveuse,kuv2z
croate,kRoat
cuver,kyve
designer,deziNe
désigné,deziNe
déteindre,det5dR
enchaîné,@Sene
entraînant,@tREn@
errance,ER@s
familiariser,familjaRize
faucille,fosij
ferrailleur,fERaj9R
fonderie,f§d°Ri
forniquer,fORnike
frimeur,fRim9R
frite,fRit
glèbe,glEb
gousse,gus
gribouillage,gRibujaZ
hautain,ot5
heaume,om
hormonal,ORmonal
inhabitable,inabitabl
internement,5tERn°m@
jaunisse,Zonis
jersey,ZERzE
judaïsme,Zydaizm
kyste,kist
loir,lwaR
lustrer,lystRe
mesa,meza
microfilm,mikRofilm
monte-charge,m§tSaRZ
mélodramatique,melodRamatik
méritant,meRit@
métaphoriquement,metafoRik°m@
navrant,navR@
organiste,ORganist
orthopédie,ORtopedi
passablement,pasabl°m@
patronat,patRona
païen,paj5
pigmentation,pigm@tasj§
poivron,pwavR§
proconsul,pRok§syl
pâque,pak
racler,Rakle
radiologue,RadjolOg
rareté,RaR°te
rembourrage,R@buRaZ
régression,RegResj§
rénovation,Renovasj§
répandu,Rep@dy
rêvasser,REvase
sainte nitouche,s5tnituS
sauterie,sot°Ri
senteur,s@t9R
sevrage,s°vRaZ
tire-au-flanc,tiRofl@
tondu,t§dy
trotskiste,tROtskist
turbine,tyRbin
tétée,tete
usurper,yzyRpe
vaporiser,vapoRize
vergogne,vERgON
vigie,viZi
édifiant,edifj@
énergumène,enERgymEn
éponger,ep§Ze
épuisette,ep8izEt
abdominal,abdominal
aboutissement,abutis°m@
applaudissement,aplodis°m@
assaisonnement,asEzOn°m@
assidu,asidy
attrister,atRiste
ayatollah,ajatola
bagnard,baNaR
bouillotte,bujOt
broussaille,bRusaj
bâillement,baj°m@
carien,kaRj5
casse-pipe,kaspip
caste,kast
chaland,Sal@
cheap,tSip
cinzano,tSinzano
collyre,koliR
comprimé,k§pRime
concepteur,k§sEpt9R
connotation,konotasj§
consentir,k§s@tiR
contresens,k§tR°s@s
corona,koRona
créancier,kRe@sje
cumin,kym5
dona,dona
dresseur,dREs9R
désintégrer,dez5tegRe
endurci,@dyRsi
este,Est
flingueur,fl5g9R
foulée,fule
fox-trot,fOkstRo
fracturé,fRaktyRe
franquisme,fR@kizm
gaver,gave
glaciaire,glasjER
goujon,guZ§
grossiste,gRosist
halothane,alotan
incestueux,5sEst82
incontournable,5k§tuRnabl
individualisme,5divid8alizm
insoluble,5solybl
invaincu,5v5ky
jadis,Zadis
jonction,Z§ksj§
kilt,kilt
lancée,l@se
leste,lEst
licencié,lis@sje
limer,lime
logé,loZe
machiavélique,makjavelik
malformation,malfORmasj§
malhonnêteté,malonEtte
mamelon,mam°l§
maniement,manim@
marlin,maRl5
marxisme-léninisme,maRksizm°leninizm
maton,mat§
messeigneurs,mEsEN9R
montant,m§t@
nasique,nazik
nope,nOp
osmose,Osmoz
panser,p@se
parental,paR@tal
piocher,pjoSe
planton,pl@t§
possesseur,poses9R
profiteur,pRofit9R
projectionniste,pRoZEksjonist
prude,pRyd
purge,pyRZ
pétoche,petOS
pétunia,petynja
rafraîchissant,RafReSis@
raisonné,REzone
rayonnant,REjon@
reconnaissable,R°konEsabl
rectum,REktOm
reformuler,R°fORmyle
relativité,R°lativite
restant,REst@
riquiqui,Rikiki
ristourne,RistuRn
rugueux,Ryg2
rétracter,RetRakte
rétrograde,RetRogRad
shaker,SEjk9R
sommeiller,someje
somptueusement,s§pt82z°m@
sonné,sone
soumis,sumi
spartiate,spaRsjat
spinal,spinal
taillé,taje
tan,t@
tiare,tjaR
tourne-disque,tuRn°disk
tricycle,tRisikl
troubadour,tRubaduR
variation,vaRjasj§
yuan,jyan
zeb,zEb
épineux,epin2
évolué,evol8e
acoustique,akustik
amidon,amid§
apothéose,apoteoz
arraché,aRaSe
asymétrie,asimetRi
auge,oZ
baccalauréat,bakaloRea
baffer,bafe
bourricot,buRiko
chroniqueur,kRonik9R
chronologie,kRonoloZi
coexistence,koEgzist@s
cohorte,koORt
congélation,k§Zelasj§
conjurer,k§ZyRe
convivial,k§vivjal
dan,dan
dogme,dOgm
dépassement,depas°m@
dînette,dinEt
efféminé,efemine
enclume,@klym
engourdi,@guRdi
entraîné,@tRene
figé,fiZe
flemme,flEm
féconder,fek§de
gallois,galwa
gasoil,gazwal
ginseng,Zins@G
goulot,gulo
hare,aR
hippique,ipik
injurier,5ZyRje
insinuation,5sin8asj§
kilométrage,kilometRaZ
languissant,l@gis@
lesbien,lEzbj5
libérateur,libeRat9R
mongol,m§gOl
moyennant,mwajEn@
neuneu,n2n2
notable,notabl
névrosé,nevRoze
orfèvre,ORfEvR
ovaire,ovER
papaye,papaj
piraterie,piRat°Ri
polichinelle,poliSinEl
polygamie,poligami
poreux,poR2
prunier,pRynje
putréfaction,pytRefaksj§
pécore,pekOR
pépée,pepe
quadrillage,kadRijaZ
quaker,kwEk9R
remorquage,R°mORkaZ
réactiver,Reaktive
scaphandre,skaf@dR
sous-bois,subwa
tambourin,t@buR5
tanker,t@k9R
traqueur,tRak9R
vouvoyer,vuvwaje
écologiste,ekoloZist
émergence,emERZ@s
énoncé,en§se
abreuver,abR9ve
adonner,adone
aiguillage,eg8ijaZ
anthologie,@toloZi
arbitrage,aRbitRaZ
archipel,aRSipEl
aria,aRja
artificiellement,aRtifisjEl°m@
aéronavale,aeRonaval
babiole,babjOl
balayeur,balEj9R
bavasser,bavase
beigne,bEN
blaze,blaz
braconnier,bRakonje
brader,bRade
brutaliser,bRytalize
calmant,kalm@
caneton,kan°t§
capillaire,kapilER
chorégraphe,koRegRaf
cicatrisation,sikatRizasj§
cicatriser,sikatRize
cinématographe,sinematogRaf
clandestinité,kl@dEstinite
coercition,koERsisj§
coltiner,kOltine
commémorer,komemoRe
consternant,k§stERn@
continental,k§tin@tal
contracter,k§tRakte
copieux,kopj2
corso,kORso
criminologie,kRiminoloZi
culminant,kylmin@
demeuré,d°m9Re
dormeur,dORm9R
déféquer,defeke
dénommé,denome
dénégation,denegasj§
détendeur,det@d9R
dévisser,devise
empoté,@pote
encéphalite,@sefalit
entrant,@tR@
estuaire,Est8ER
ex-voto,Eksvoto
exorciser,EgzORsize
explicitement,Eksplisit°m@
fougère,fuZER
fox,fOks
huis,8i
immaturité,imatyRite
impropre,5pROpR
impérialiste,5peRjalist
inanimé,inanime
inattaquable,inatakabl
incessamment,5sesam@
incinération,5sineRasj§
jovial,Zovjal
ligoter,ligote
lingette,l5ZEt
maharajah,maaRadZa
messieurs-dames,mEsj2dam
microphone,mikRofOn
minutie,minysi
moderniser,modERnize
mousquet,muskE
multinationale,myltinasjonal
musculation,myskylasj§
none,nOn
obstinément,Opstinem@
oesophage,2zofaZ
omoplate,omoplat
organisateur,ORganizat9R
oto-rhino,otoRino
ouzo,uzo
parure,paRyR
patauger,patoZe
performant,pERfORm@
perse,pERs
persévérer,pERseveRe
phoenix,feniks
physionomie,fizjonomi
plane,plan
plumeau,plymo
plus-value,plyvaly
prestidigitateur,pREstidiZitat9R
providentiel,pRovid@sjEl
pédiatrique,pedjatRik
retors,R°tOR
ruffian,Ryfj@
réouverture,ReuvERtyR
réquisition,Rekizisj§
rétention,Ret@sj§
salamandre,salam@dR
sanctifier,s@ktifje
sciemment,sjam@
sen,sEn
sensiblerie,s@sibl°Ri
sobriquet,sobRikE
sociologue,sosjolOg
soma,soma
stabilisé,stabilize
stéthoscope,stetoskOp
subterfuge,syptERfyZ
surchauffe,syRSof
syndic,s5dik
tanne,tan
tenaille,t°naj
tesson,tes§
tiroir-caisse,tiRwaRkEs
tocsin,tOks5
trolley,tRolE
visualiser,viz8alize
york,jORk
éboulement,ebul°m@
échevin,ES°v5
éclabousser,eklabuse
écot,eko
électeur,elEkt9R
épauler,epole
accostage,akOstaZ
after-shave,aft9RSav
agnus dei,agnusdei
albinos,albinos
amasser,amase
anagramme,anagRam
arrière-garde,aRjERgaRd
artilleur,aRtij9R
attribution,atRibysj§
audit,odit
autodétermination,otodetERminasj§
bagarreur,bagaR9R
banditisme,b@ditizm
beffroi,befRwa
bill,bil
bip-bip,bipbip
bloc-notes,blOknOt
bosquet,bOskE
botaniste,botanist
bourgeon,buRZ§
bretzel,bREdzEl
cajun,kaZ1
camelot,kam°lo
campo,k@po
camée,kame
castration,kastRasj§
castrer,kastRe
champêtre,S@pEtR
chevalet,S°valE
chiard,SjaR
châtrer,SatRe
cligner,kliNe
cocker,kokER
cohésion,koezj§
compatir,k§patiR
complémentaire,k§plem@tER
constatation,k§statasj§
contraint,k§tR5
contrebandier,k§tR°b@dje
crevure,kR°vyR
cruciforme,kRysifORm
cèdre,sEdR
demi-dieu,d°midj2
durite,dyRit
décaler,dekale
déconcentrer,dek§s@tRe
découpage,dekupaZ
découpe,dekup
dégel,deZEl
démagogie,demagoZi
dépecer,dep°se
désignation,deziNasj§
désintoxiquer,dez5tOksike
dévêtir,devetiR
empiffrer,@pifRe
encombrant,@k§bR@
encombre,@k§bR
encombrer,@k§bRe
enfoui,@fwi
epsilon,Epsil§
esquimau,Eskimo
esquinter,Esk5te
exubérance,EgzybeR@s
favorablement,favoRabl°m@
favoritisme,favoRitizm
field,fild
fortifier,fORtifje
fricoter,fRikote
gascon,gask§
girouette,ZiRwEt
goguette,gogEt
gourmandise,guRm@diz
grimoire,gRimwaR
hadji,adZi
hispanique,ispanik
holographique,ologRafik
ide,id
import-export,5pOREkspOR
impudent,5pyd@
inaltérable,inalteRabl
incorruptible,5koRyptibl
indignité,5diNite
interstellaire,5tERstElER
inversement,5vERs°m@
irréalisable,iRealizabl
julien,Zylj5
lamentation,lam@tasj§
laqué,lake
lingot,l5go
louf,luf
manitou,manitu
meringue,m°R5g
modulateur,modylat9R
momentané,mom@tane
morfondre,mORf§dR
météorologique,meteoRoloZik
noirci,nwaRsi
nonchalance,n§Sal@s
négligé,negliZe
ostracisme,OstRasizm
parfumerie,paRfym°Ri
perruche,pERyS
phacochère,fakoSER
pilon,pil§
pisteur,pist9R
placebo,plasebo
polaroïd,polaRoid
pouilleux,puj2
pourvoyeur,puRvwaj9R
poussé,puse
purificateur,pyRifikat9R
quatre-saisons,katR°sEz§
qui-vive,kiviv
quite,kwit2
rami,Rami
ravaler,Ravale
reflux,R°fly
rentre-dedans,R@tRd°d@
rêche,RES
sacripant,sakRip@
sainement,sEn°m@
scruter,skRyte
soyeux,swaj2
spasme,spasm
stationner,stasjone
suprématie,sypRemasi
sérail,seRaj
taillader,tajade
tchatcher,tSatSe
tiers,tjER
tripler,tRiple
trivial,tRivjal
varié,vaRje
velu,v°ly
vendanger,v@d@Ze
vrombissement,vR§bis°m@
échéant,eSe@
électrocuter,elEktRokyte
étayer,eteje
accalmie,akalmi
algérien,alZeRj5
allonge,al§Z
amphithéâtre,@fiteatR
annihilation,aniilasj§
apaisement,apEz°m@
apathique,apatik
appréciable,apResjabl
archet,aRSE
autiste,otist
baisodrome,bEzodRom
bandana,b@dana
banner,bane
baquet,bakE
bichon,biS§
biologiquement,bjoloZik°m@
boulder,buld9R
cashmere,kaSmER
citronnelle,sitRonEl
co-auteur,koot9R
cohérence,koeR@s
contenant,k§t°n@
contre-interrogatoire,k§tR5tERogatwaR
contre-ordre,k§tRORdR
controversé,k§tRovERse
crécher,kReSe
cultivateur,kyltivat9R
devanture,d°v@tyR
diapason,djapaz§
discutailler,diskytaje
doudoune,dudun
dyslexique,dislEksik
déchiqueté,deSik°te
décoloration,dekoloRasj§
décompression,dek§pREsj§
décrypter,dekRipte
dédoublement,dedubl°m@
démentiel,dem@sjEl
désaffecté,dezafEkte
effronterie,efR§t°Ri
empaillé,@paje
empressement,@pREs°m@
enclencher,@kl@Se
engueulade,@g2lad
extraordinairement,EkstRaORdinER°m@
fair-play,fERplE
façonner,fasone
finalité,finalite
fondé,f§de
fournée,fuRne
fouteur,fut9R
freluquet,fR°lykE
friandise,fRij@diz
fricassée,fRikase
frégate,fRegat
fréquentation,fRek@tasj§
fumerie,fym°Ri
furioso,fyRjozo
féerie,feRi
féminisme,feminizm
gitan,Zit@
godasse,godas
gonflette,g§flEt
goulache,gulaS
grigri,gRigRi
gyroscope,ZiRoskOp
hardiesse,aRdjEs
houhou,uu
incorporation,5kORpoRasj§
jongleur,Z§gl9R
jouable,Zwabl
kaki,kaki
lascif,lasif
linguiste,l5g8ist
liège,ljEZ
longitude,l§Zityd
lévitation,levitasj§
léviter,levite
mamours,mamuR
mansarde,m@saRd
marronnier,maRonje
menuiserie,m2n8iz°Ri
micheton,miS°t§
mil,mil
mimosa,mimoza
morpion,mORpj§
moucharder,muSaRde
médiation,medjasj§
méfait,mefE
neutralité,n2tRalite
neutron,n2tR§
occasionnel,okazjonEl
ombrage,§bRaZ
orbe,ORb
panic,panik
parvenu,paRv°ny
passivité,pasivite
pat,pat
pinot,pino
polyester,poliEstER
pont-levis,p§l°vi
pourrissement,puRis°m@
pulsar,pylsaR
rasade,Razad
recouvrer,R°kuvRe
rencontré,R@k§tRe
représentatif,R°pRez@tatif
rouer,Rwe
rouspéter,Ruspete
régulation,Regylasj§
résigné,ReziNe
résurgence,RezyRZ@s
schnitzel,SnitzEl
scorbut,skORbyt
scénar,senaR
sillon,sij§
sommaire,somER
somnambule,sOmn@byl
substantiel,sypst@sjEl
symétrique,simetRik
tardivement,taRdiv°m@
tatou,tatu
terminologie,tERminoloZi
terrer,tERe
texan,tEks@
transiger,tR@ziZe
tricard,tRikaR
vilenie,vileni
williams,wiljams
yack,jak
yard,jaR
zouave,zwav
écervelé,esERv°le
égérie,eZeRi
énumérer,enymeRe
équitablement,ekitabl°m@
abolition,abolisj§
acclimater,aklimate
accroche,akROS
adhésion,adezj§
aggravation,agRavasj§
agréer,agRee
ajournement,aZuRn°m@
amarrage,amaRaZ
amoroso,amoRozo
amphore,@fOR
anciennement,@sjEn°m@
auditif,oditif
aérodynamique,aeRodinamik
bactériologique,bakteRjoloZik
balaise,balEz
binaire,binER
bipède,bipEd
bouler,bule
boutonnière,butonjER
briqueterie,bRikEt°Ri
caquet,kakE
carotte,kaROt
cheik,SEk
chevalière,S°valjER
compte-gouttes,k§tgut
concordance,k§kORd@s
continuité,k§tin8ite
couiner,kwine
câliner,kaline
despotisme,despotizm
dessouder,desude
déblayer,debleje
décerner,desERne
dépoussiérer,depusjeRe
empailler,@paje
ers,ER
eugénisme,2Zenizm
exilé,Egzile
fakir,fakiR
faquin,fak5
footing,futiG
gerbier,ZERbje
gicleur,Zikl9R
grand-oncle,gR@t§kl
grandissant,gR@dis@
gratte-papier,gRatpapje
guillotiner,gijotine
happy end,apiEnd
hors-piste,ORpist
imperceptible,5pERsEptibl
inconditionnel,5k§disjonEl
intraitable,5tREtabl
invisibilité,5vizibilite
laudanum,lodanOm
maladivement,maladiv°m@
malaxer,malakse
manigancer,manig@se
maraud,maRo
maître-nageur,mEtR°naZ9R
miaou,mjau
montreur,m§tR9R
mêlé,mele
normand,nORm@
organdi,ORg@di
oublieux,ublij2
pacifier,pasifje
palindrome,pal5dRom
passe-partout,paspaRtu
peiner,pene
perverti,pERvERti
plombe,pl§b
pneumothorax,pn2motoRaks
pédagogie,pedagoZi
pépinière,pepinjER
quantum,kw@tOm
quartz,kwaRts
rambarde,R@baRd
razzia,Radzja
renommé,R°nome
restructurer,R°stRyktyRe
rhétorique,RetoRik
ricotta,Rikota
ridé,Ride
roter,Rote
répété,Repete
saborder,sabORde
salmonelle,salmonEl
samovar,samovaR
semi-remorque,s°miR°mORk
simpliste,s5plist
souillure,sujyR
sous-fifre,sufifR
stout,stut
subsister,sybziste
sulfate,sylfat
surpopulation,syRpopylasj§
tartare,taRtaR
tasser,tase
texto,tEksto
thalasso,talaso
tin,t5
toaster,toaste
treillis,tReji
tremblote,tR@blOt
trinité,tRinite
trémousser,tRemuse
téléfilm,telefilm
vaginal,vaZinal
vertigineux,vERtiZin2
viagra,vjagRa
vietnamien,vjEtnamj5
voltige,vOltiZ
vénal,venal
yom kippour,jOmkipuR
yuppie,jupi
âcre,akR
électron,elEktR§
épiderme,epidERm
équilibriste,ekilibRist
étalonnage,etalonaZ
aboiement,abwam@
admissible,admisibl
agripper,agRipe
airbag,ERbag
amouracher,amuRaSe
argumentation,aRgym@tasj§
artificier,aRtifisje
assisté,asiste
astrologique,astRoloZik
aune,on
aérosol,aeRosOl
baser,baze
bic,bik
blanchisseur,bl@Sis9R
boeuf,b9f
boston,bOstOn
bourgade,buRgad
brochet,bRoSE
califourchon,kalifuRS§
cassure,kasyR
censurer,s@syRe
cerisier,s°Rizje
chantre,S@tR
chevreau,S°vRo
command,komand
condamnable,k§danabl
conque,k§k
contemplation,k§t@plasj§
convier,k§vje
cosaque,kozak
damné,dane
diocèse,djosEz
disfonctionnement,disf§ksjOn°m@
dispo,dispo
divaguer,divage
dromadaire,dRomadER
duquel,dykEl
dégagement,degaZ°m@
dénicheur,deniS9R
engourdissement,@guRdis°m@
expiation,Ekspjasj§
exsangue,Eks@g
fatalement,fatal°m@
fermenté,fERm@te
flagellation,flaZElasj§
flexibilité,flEksibilite
fossette,fosEt
fuselage,fyz°laZ
fève,fEv
fécondité,fek§dite
garde-malade,gaRdmalad
gardon,gaRd§
glycémie,glisemi
grosso modo,gRosomodo
grouper,gRupe
généraliser,ZeneRalize
générateur,ZeneRat9R
géorgien,ZeORZj5
handicapé,@dikape
houle,ul
illicite,ilisit
imaginatif,imaZinatif
incendié,5s@dje
indigence,5diZ@s
inextricable,inEkstRikabl
insigne,5siN
intarissable,5taRisabl
intelligentsia,5teliZEnsja
intrigant,5tRig@
java,Zava
javelot,Zav°lo
jeunot,Z9no
lamentablement,lam@tabl°m@
laminer,lamine
lituanien,lit8anj5
londonien,l§donj5
luzerne,lyzERn
lymphatique,l5fatik
malveillant,malvEj@
marécageux,maRekaZ2
maya,maja
mendicité,m@disite
mi-homme,miOm
mielleux,mjEl2
migrer,migRe
mitrailleur,mitRaj9R
mollesse,molEs
moulinet,mulinE
natif,natif
naturaliste,natyRalist
non-fumeurs,n§fym9R
nymphomane,n5foman
négritude,negRityd
outsider,awtsajd9R
pallier,palje
pancake,p@kEk
paquetage,pak°taZ
participe,paRtisip
passavant,pasav@
peaufiner,pofine
pelage,p°laZ
peler,p°le
phallus,falys
pilleur,pij9R
pintade,p5tad
plongeoir,pl§ZwaR
porcelet,pORs°lE
prospérer,pROspeRe
précieusement,pResj2z°m@
pâlot,palo
quarter,kaRte
rediffusion,R°difyzj§
refourguer,R°fuRge
relâchement,R°laS°m@
respirable,REspiRabl
retenter,R°t@te
ricochet,RikoSE
rond-point,R§pw5
réexaminer,ReEgzamine
seizième,sEzjEm
selva,sElva
sensas,s@sas
single,sing9l
skin,skin
sombrero,s§bReRo
spatule,spatyl
subjectivité,sybZEktivite
subtilement,syptil°m@
surcharger,syRSaRZe
séquestrer,sekEstRe
testamentaire,tEstam@tER
testicule,tEstikyl
timoré,timoRe
tortueux,tORt82
tourbe,tuRb
traversin,tRavERs5
tétraplégique,tetRapleZik
ventouse,v@tuz
vomissement,vomis°m@
égarement,egaR°m@
épieu,epj2
éprouvette,epRuvEt
épuration,epyRasj§
équinoxe,ekinOks
étron,etR§
ablation,ablasj§
actionner,aksjone
affiner,afine
anaconda,anak§da
ballot,balo
beurré,b9Re
bidonville,bid§vil
blindage,bl5daZ
bonniche,boniS
brasser,bRase
bénef,benEf
cartoon,kaRtun
chanoine,Sanwan
chevrotine,S°vRotin
chèrement,SER°m@
chétif,Setif
cogiter,koZite
cola,kola
colérique,koleRik
commandé,kom@de
consumérisme,k§symeRizm
croche-pied,kROSpje
crouler,kRule
daller,dale
de traviole,d°tRavjOl
djihad,dZiad
drastique,dRastik
drelin,dR2l5
dynamiter,dinamite
débarcadère,debaRkadER
décapitation,dekapitasj§
défendeur,def@d9R
défiant,defj@
déjanté,deZ@te
désavantage,dezav@taZ
désorientation,dezoRj@tasj§
dîme,dim
embrouillé,@bRuje
encrier,@kRije
esseulé,es9le
factice,faktis
fenton,f@t§
filigrane,filigRan
glousser,gluse
guacamole,gwakamole
hausser,ose
hochet,oSE
hockeyeur,OkEj9R
hydravion,idRavj§
improvisé,5pRovize
indisponible,5disponibl
intégralité,5tegRalite
invivable,5vivabl
jais,ZE
karen,kaREn
larcin,laRs5
laïque,laik
malotru,malotRy
mandarin,m@daR5
marieur,maRj9R
myrrhe,miR
narrateur,naRat9R
narration,naRasj§
offshore,OfSOR
papiste,papist
perchoir,pERSwaR
perfectionniste,pERfEksjonist
picsou,piksu
plexus,plEksys
plombage,pl§baZ
pragmatique,pRagmatik
prion,pRij§
prostitué,pROstit8e
préparatoire,pRepaRatwaR
prévoyance,pRevwaj@s
pst,pst
quintessence,k5tes@s
relèvement,R°lEv°m@
retraité,R°tRete
riff,Rif
satiété,sasjete
sbire,sbiR
secouriste,s°kuRist
sereinement,s°REn°m@
siphon,sif§
soufflet,suflE
spécialisation,spesjalizasj§
surintendant,syR5t@d@
teinturerie,t5tyR°Ri
terri,tERi
trame,tRam
transporteur,tR@spORt9R
trente-quatre,tR@tkatR
trucider,tRyside
turf,tyRf
téter,tete
tétine,tetin
vagissement,vaZis°m@
vitriol,vitRijOl
yue,jy
échappée,eSape
étuve,etyv
agriculteur,agRikylt9R
ahurissant,ayRis@
aiglon,Egl§
aigre,EgR
aileron,El°R§
amortissement,amORtis°m@
animalerie,animal°Ri
anonymement,anonim°m@
apprivoiser,apRivwaze
assaillir,asajiR
assouplir,asupliR
aster,astER
baratiner,baRatine
bastos,bastOs
bastringue,bastR5g
bestialité,bEstjalite
bouddhisme,budizm
branque,bR@k
brassard,bRasaR
bricole,bRikOl
bêche,bES
cannette,kanEt
centaure,s@toR
changeur,S@Z9R
charnier,SaRnje
chevauchée,S°voSe
chiure,SjyR
chtouille,Stuj
coi,kwa
commémoration,komemoRasj§
complaisant,k§plEz@
convivialité,k§vivjalite
couillonnade,kujonad
couperet,kup°RE
couvre-chef,kuvR°Sef
crocheter,kROS°te
croquet,kRokE
cul-de-jatte,kyd°Zat
câblage,kablaZ
damas,dama
damier,damje
demi-soeur,d°mis9R
difformité,difORmite
disquaire,diskER
diète,djEt
doublage,dublaZ
drainer,dRene
dulcinée,dylsine
décimation,desimasj§
découdre,dekudR
décrépit,dekRepi
défection,defEksj§
désapprobation,dezapRobasj§
ellipse,elips
embranchement,@bR@S°m@
encor,@kOR
engouement,@gum@
enjamber,@Z@be
entonner,@tone
entériner,@teRine
exalter,Egzalte
exode,EgzOd
extrême-onction,EkstREm§ksj§
exécutoire,EgzekytwaR
farfouiller,faRfuje
fart,faR
faucheur,foS9R
fez,fEz
fidéicommis,fideikomi
foreur,foR9R
foufou,fufu
friser,fRize
froissé,fRwase
fuguer,fyge
féerique,feRik
gnon,N§
grogne,gRON
hargne,aRN
humanoïde,ymanoid
inconsidéré,5k§sideRe
induction,5dyksj§
inhumer,inyme
initiale,inisjal
insurger,5syRZe
intenter,5t@te
intifada,5tifada
intonation,5tonasj§
intégrale,5tegRal
inventeur,5v@t9R
ironiser,iRonize
jet-set,dZEtsEt
juron,ZyR§
kabuki,kabuki
kick,kik
lanière,lanjER
largué,laRge
lesquels,lEkEl
lierre,ljER
mandragore,m@dRagOR
manomètre,manomEtR
marteau-piqueur,maRtopik9R
masochisme,mazoSizm
molette,molEt
motricité,motRisite
moyennement,mwajEn°m@
mythomane,mitoman
mélanome,melanom
ménagement,menaZ°m@
ossuaire,os8ER
ouche,uS
ourdou,uRdu
perforé,pERfoRe
persuadé,pERs8ade
pipeline,pajp°lajn
pirouette,piRwEt
planification,planifikasj§
planteur,pl@t9R
pluvieux,plyvj2
plébiscite,plebisit
poirier,pwaRje
poudrer,pudRe
progressif,pRogResif
protagoniste,pRotagonist
proxénétisme,pROksenetizm
préface,pRefas
prévaloir,pRevalwaR
puma,pyma
pétrifié,petRifje
quadruple,kwadRupl
quotient,kosj@
rondelle,R§dEl
roupillon,Rupij§
rudesse,RydEs
réac,Reak
répliquer,Replike
réverbère,RevERbER
rééduquer,Reedyke
satan,sat@
satyre,satiR
saumure,somyR
servitude,sERvityd
soixantaine,swas@tEn
sous-produit,supRod8i
stimulateur,stimylat9R
suffocation,syfokasj§
sympathiser,s5patize
terrorisé,tERoRize
thermonucléaire,tERmonykleER
toréer,toRee
touffu,tufy
trimbaler,tR5bale
vacherie,vaS°Ri
verbaliser,vERbalize
vidéosurveillance,videosyRvEj@s
vouer,vwe
éden,edEn
éjection,eZEksj§
îlot,ilo
accroissement,akRwas°m@
addiction,adiksj§
agonisant,agoniz@
amocher,amoSe
amortir,amORtiR
aménagement,amenaZ°m@
angélique,@Zelik
anti-moustique,@timustik
arak,aRak
archiviste,aRSivist
arrière-cour,aRjERkuR
balourd,baluR
bande-annonce,b@dan§s
bar-mitsva,baRmisva
belliqueux,belik2
bisque,bisk
bla-bla-bla,blablabla
blatte,blat
bondage,b§daZ
bricoleur,bRikol9R
bécot,beko
bénédicité,benedisite
cador,kadOR
calé,kale
canine,kanin
caravanier,kaRavanje
chardonnay,SaRdonE
chicane,Sikan
chilienne,SiljEn
chope,SOp
coca-cola,kokakola
collectivité,kolEktivite
comateux,komat2
confiscation,k§fiskasj§
conjonction,k§Z§ksj§
consacré,k§sakRe
conspirer,k§spiRe
constante,k§st@t
contenance,k§t°n@s
contracté,k§tRakte
contre-nature,k§tR°natyR
cops,kOp
copyright,kopiRajt
crabs,kRabs
culturisme,kyltyRizm
cénacle,senakl
demi-bouteille,d°mibutEj
dia,dja
diantre,dj@tR
dictaphone,diktafOn
divergence,divERZ@s
divisé,divize
doge,dOZ
donzelle,d§zEl
drainage,dREnaZ
décalé,dekale
décimer,desime
dédaigner,dedeNe
démesuré,dem°zyRe
dépucelage,depys°laZ
dépérir,depeRiR
désactivation,dezaktivasj§
désiré,deziRe
désopilant,dezopil@
détraquer,detRake
dévastation,devastasj§
emporté,@pORte
encadrement,@kadR°m@
fatidique,fatidik
faux-cul,foky
fol,fOl
foudroyant,fudRwaj@
fécondation,fek§dasj§
gnouf,Nuf
grillade,gRijad
haque,ak
hippo,ipo
honorablement,onoRabl°m@
humanisme,ymanizm
imbu,5by
imparable,5paRabl
impureté,5pyR°te
incursion,5kyRsj§
injustifié,5Zystifje
inopinément,inopinem@
jean-foutre,Z@futR
kyrie eleison,kiRjeeleisOn
libertin,libERt5
licencieux,lis@sj2
loueur,lw9R
ludique,lydik
législatif,leZislatif
maillet,majE
mammy,mami
mara,maRa
marasme,maRasm
marteler,maRt°le
martèlement,maRtEl°m@
menhir,meniR
mons,m§s
moqueur,mok9R
mot-clé,mokle
mousqueton,musk°t§
murène,myREn
mégalomane,megaloman
mégoter,megote
narguer,naRge
nef,nEf
nulles,nyl
nécrologique,nekRoloZik
objectivement,ObZEktiv°m@
oeuvrer,9vRe
opossum,oposOm
ortie,ORti
pacemaker,pEs°mEk9R
palmarès,palmaREs
pantomime,p@tomim
paratonnerre,paRatonER
passionner,pasjone
perçant,pERs@
pieusement,pj2z°m@
pinailler,pinaje
pissotière,pisotjER
plaine,plEn
plumage,plymaZ
possessif,posesif
praline,pRalin
prime time,pRimtajm
privatisation,pRivatizasj§
propension,pRop@sj§
prussique,pRysik
pénétrant,penetR@
pétoire,petwaR
quatrièmement,katRijEm°m@
quémander,kem@de
rationnellement,RasjonEl°m@
rejoint,R°Zw5
replacer,R°plase
rieur,Rj9R
ronchon,R§S§
rosse,ROs
réinventer,Re5v@te
saxophoniste,saksofonist
sex-shop,seksSOp
signalisation,siNalizasj§
signalé,siNale
situé,sit8e
surdité,syRdite
tartiner,taRtine
technicolor,tEknikolOR
temporiser,t@poRize
toqué,toke
tract,tRakt
transfuge,tR@sfyZ
transportable,tR@spORtabl
trench,tREnS
turbin,tyRb5
téléconférence,telek§feR@s
télépathique,telepatik
vagal,vagal
vicomte,vik§t
voltage,vOltaZ
xérès,kseREs
yéyé,jeje
zigzaguer,zigzage
éborgner,ebORNe
échalas,eSala
échantillonnage,eS@tijonaZ
écologie,ekoloZi
économiste,ekonomist
écrasant,ekRaz@
élaboré,elaboRe
accompagnateur,ak§paNat9R
accoudoir,akudwaR
agronome,agRonom
ajustement,aZyst°m@
al dente,aldEnte
ammonite,amonit
amorcer,amORse
apache,apaS
appas,apa
approchant,apRoS@
archevêché,aRS°veSe
assoupir,asupiR
ballast,balast
bourrichon,buRiS§
briquer,bRike
buddha,byda
cab,kab
calamar,kalamaR
cardigan,kaRdig@
carrousel,kaRusEl
celer,sele
chassé,Sase
clarine,klaRin
click,klik
clipper,klip9R
combo,k§bo
compatibilité,k§patibilite
consignation,k§siNasj§
coré,koRe
couenne,kwan
craquelin,kRak°l5
crâner,kRane
directive,diREktiv
dirlo,diRlo
disjoncter,disZ§kte
dissoute,disut
dm,desimEtR
druze,dRyz
décortiquer,dekORtike
déductible,dedyktibl
dérogation,deRogasj§
effervescence,efERves@s
emprisonné,@pRizone
encas,@ka
endiguer,@dige
enduit,@d8i
endurcissement,@dyRsis°m@
estimable,Estimabl
figuration,figyRasj§
flemmard,flemaR
frappeur,fRap9R
freelance,fRil@s
fringale,fR5gal
frivolité,fRivolite
fureter,fyR°te
gastronomique,gastRonomik
gent,Z@
génique,Zenik
géologie,ZeoloZi
homogène,omoZEn
hurlant,yRl@
hypoglycémie,ipoglisemi
hébreux,ebR2
il,il
imité,imite
impitoyablement,5pitwajabl°m@
incontesté,5k§tEste
indivisible,5divizibl
inexprimable,inEkspRimabl
ingurgiter,5gyRZite
investi,5vEsti
irréfléchi,iRefleSi
isba,izba
jactance,Zakt@s
jubilaire,ZybilER
jubiler,Zybile
lisible,lizibl
lividité,lividite
loucher,luSe
manille,manij
mitan,mit@
mobilité,mobilite
molaire,molER
mononucléose,mononykleoz
monoxyde,monOksid
monstruosité,m§stRyozite
méprisant,mepRiz@
mûrement,myR°m@
naturalisme,natyRalizm
onomatopéique,onomatopeik
orographie,OROgRafi
passant,pas@
perceptible,pERsEptibl
peu ou prou,p2upRu
picaro,pikaRo
piccolo,pikolo
pisseux,pis2
piton,pit§
polytechnique,politEknik
portatif,pORtatif
procréation,pRokReasj§
quarante-sept,kaR@tsEt
quittance,kit@s
rameur,Ram9R
rapper,Rape
raquer,Rake
rascasse,Raskas
ratio,Rasjo
ratissage,RatisaZ
ressourcer,R°suRse
rustre,RystR
récapituler,Rekapityle
rédempteur,Red@pt9R
saxhorn,saksORn
semeur,s°m9R
sixties,sikstiz
smash,smaS
song,s§g
sourcier,suRsje
straight,stREt
strident,stRid@
surhumain,syRym5
ségrégation,segRegasj§
targe,taRZ
taupin,top5
tergiverser,tERZivERse
thaïlandais,tajl@dE
tonnelet,tOn°lE
transi,tR@zi
trésorerie,tRezOR°Ri
verve,vERv
vivable,vivabl
volt,vOlt
vulgairement,vylgER°m@
végétatif,veZetatif
zoologie,zooloZi
éclatement,eklat°m@
écolo,ekolo
écritoire,ekRitwaR
édicule,edikyl
éhonté,e§te
électrocution,elEktRokysj§
épidémique,epidemik
épouseur,epuz9R
érudition,eRydisj§
accablé,akable
albanais,albanE
allié,alje
ambiguïté,@big8ite
approximatif,apROksimatif
arquebuse,aRk°byz
asphyxier,asfiksje
astrologue,astRolOg
atrophie,atRofi
attenter,at@te
avilissant,avilis@
balnéaire,balneER
bot,bo
boursier,buRsje
bousillé,buzije
boute-en-train,but@tR5
buteur,byt9R
cacahouète,kakawEt
cellophane,selofan
chambrer,S@bRe
charmé,SaRme
chevaleresque,S°val°REsk
chierie,SiRi
cocotier,kokotje
coloris,koloRi
concrétiser,k§kRetize
concéder,k§sede
conjonctivite,k§Z§ktivit
constructif,k§stRyktif
contre-jour,k§tR°ZuR
contre-proposition,k§tR°pRopozisj§
croissant,kRwas@
croisé,kRwaze
croquemitaine,kROk°mitEn
cryptogramme,kRiptogRam
cuesta,kwEsta
discount,diskunt
discourir,diskuRiR
docker,dok9R
dom,d§
dégarni,degaRni
démangeaison,dem@Zez§
détecteur,detEkt9R
dévorant,devoR@
empaler,@pale
empester,@pEste
en-tête,@tEt
estropier,EstRopje
esturgeon,EstyRZ§
excusable,Ekskyzabl
faillir,fajiR
farsi,faRsi
feignasse,fENas
fille-mère,fijmER
fitness,fitnEs
flamant,flam@
flotteur,flot9R
fluidité,fl8idite
forain,foR5
foudroyer,fudRwaje
frottis,fRoti
froussard,fRusaR
frémissant,fRemis@
fuseau,fyzo
giron,ZiR§
gracier,gRasje
géologique,ZeoloZik
happening,ap°niG
haschich,aSiS
hindou,5du
illogique,iloZik
immensément,im@sem@
immerger,imERZe
inexistant,inEgzist@
infaisable,5f°zabl
inélégant,ineleg@
itinérant,itineR@
labour,labuR
lance-pierres,l@spjER
lavé,lave
libertinage,libERtinaZ
luxueusement,lyks82z°m@
lâché,laSe
machinalement,maSinal°m@
malveillance,malvEj@s
manquement,m@k°m@
mille-pattes,milpat
mongolien,m§golj5
moraliste,moRalist
mouvant,muv@
méli-mélo,melimelo
nasse,nas
oeillet,9jE
ord,OR
papesse,papEs
parieur,paRj9R
passe-montagne,pasm§taN
personnalisé,pERsonalize
phi,fi
pige,piZ
pinard,pinaR
polaroid,polaRoid
promu,pRomy
propane,pRopan
prévôt,pRevo
rassasier,Rasazje
reculé,R°kyle
relater,R°late
resurgir,R°syRZiR
régresser,RegRese
réquisitoire,RekizitwaR
résolument,Rezolym@
savetier,sav°tje
scrutateur,skRytat9R
sexisme,seksizm
sioniste,sjonist
sociologique,sosjoloZik
soluble,solybl
soupape,supap
stimulus,stimylys
strasse,stRas
succube,sykyb
survivant,syRviv@
svelte,svElt
séjourner,seZuRne
tapiner,tapine
tenant,t°n@
tiennes,tjEn
tintouin,t5tw5
tombant,t§b@
transitoire,tR@zitwaR
trapu,tRapy
trente-et-un,tR@te1
usant,yz@
velcro,vElkRo
vexant,vEks@
écluse,eklyz
édredon,edR°d§
érudit,eRydi
affligeant,afliZ@
affliger,afliZe
allégorie,alegoRi
alourdir,aluRdiR
amniocentèse,amnjos5tEz
amphibie,@fibi
analogue,analOg
analytique,analitik
anodin,anod5
apocalyptique,apokaliptik
argon,aRg§
avidement,avid°m@
barbichette,baRbiSEt
big bang,bigb@g
bodhisattva,bodizatva
bolide,bolid
broc,bRo
bâtonnet,batonE
camaro,kamaRo
cambouis,k@bwi
carie,kaRi
chum,Sum
cliquetis,klik°ti
colporteur,kOlpORt9R
coléoptère,koleOptER
commutateur,komytat9R
concupiscence,k§kypis@s
conglomérat,k§glomeRa
constipation,k§stipasj§
contrariété,k§tRaRjete
corpus,kORpys
critérium,kRiteRjOm
dermatologue,dERmatolOg
desserrer,deseRe
diablotin,djablot5
dèche,dES
débrouillard,debRujaR
décoratif,dekoRatif
dégeler,deZ°le
dégringoler,degR5gole
désaper,desape
dévastateur,devastat9R
dévouer,devwe
empaffé,@pafe
essuie-glace,Es8iglas
est-ouest,EstwEst
exigu,Egzigy
famé,fame
fandango,f@d@go
faux-pas,fopa
favorite,favoRit
fermoir,fERmwaR
franc-maçon,fR@mas§
gambader,g@bade
globule,glObyl
gouape,gwap
graveur,gRav9R
hautbois,obwa
hégire,eZiR
idolâtrie,idolatRi
imperméable,5pERmeabl
impresario,5pResaRjo
impérieux,5peRj2
inclination,5klinasj§
indolent,5dol@
ingérer,5ZeRe
inhérent,ineR@
inlassablement,5lasabl°m@
insondable,5s§dabl
interurbain,5tERyRb5
investiture,5vEstityR
jardinière,ZaRdinjER
leadership,lid9RSip
libanais,libanE
lino,lino
livrée,livRe
machiste,matSist
malaise,malEz
marsala,maRsala
matérialisme,mateRjalizm
meubler,m9ble
micro-onde,mikRo§d
ministériel,ministeRjEl
modifié,modifje
moustiquaire,mustikER
mucus,mykys
muguet,mygE
nerveusement,nERv2z°m@
neurone,n2Ron
nitrate,nitRat
noctambule,nOkt@byl
nuisance,n8iz@s
nébuleux,nebyl2
occident,Oksid@
occipital,Oksipital
opportuniste,opORtynist
oppressant,opRes@
parabolique,paRabolik
pathos,patos
paumer,pome
phallique,falik
phosphate,fOsfat
pistou,pistu
plasticien,plastisj5
playboy,plEjbwaj
poignant,pwaN@
polir,poliR
polystyrène,polistiREn
potentialité,pot@sjalite
pressurisation,pREsyRizasj§
prieur,pRij9R
programmeur,pRogRam9R
prosit,pROzit
présentoir,pRez@twaR
psychisme,psiSizm
pucelage,pys°laZ
purin,pyR5
pétrolier,petRolje
quadriller,kadRije
rarissime,RaRisim
remboursable,R@buRsabl
réapprovisionner,ReapRovizjone
réformiste,RefORmist
sex-appeal,sEksapil
simplet,s5plE
souricière,suRisjER
sucrer,sykRe
surfait,syRfE
suturer,sytyRe
tacle,takl
tressaillir,tResajiR
trépas,tRepa
tutoiement,tytwam@
vasectomie,vazEktomi
vergue,vERg
vieilli,vjeji
visionnaire,vizjonER
vroum,vRum
édification,edifikasj§
éjectable,eZEktabl
équateur,ekwat9R
évaporation,evapoRasj§
abjection,abZEksj§
abréviation,abRevjasj§
abusif,abyzif
accablant,akabl@
affable,afabl
amplifier,@plifje
anesthésier,anEstezje
angelot,@Z°lo
annexion,anEksj§
antipersonnel,@tipERsonEl
arctique,aRktik
arrière-pays,aRjERpei
arrosoir,aRozwaR
asservir,asERviR
attendrissant,at@dRis@
aviaire,avjER
bacchanale,bakanal
bigamie,bigami
blafard,blafaR
bleusaille,bl2zaj
bouilli,buji
brasse,bRas
brique,bRik
béchamel,beSamEl
calleux,kal2
cartographie,kaRtogRafi
catatonique,katatonik
charognard,SaRoNaR
chronométrage,kRonometRaZ
chômer,Some
colporter,kOlpORte
compadre,k§padR
conciliation,k§siljasj§
confidentiellement,k§fid@sjEl°m@
consécration,k§sekRasj§
contre-attaquer,k§tRatake
contre-révolution,k§tR°Revolysj§
couvreur,kuvR9R
croupion,kRupj§
câlin,kal5
dessoûler,desule
débarbouiller,debaRbuje
déontologie,de§toloZi
détraqué,detRake
dévot,devo
effondré,ef§dRe
embrayer,@bReje
enchérir,@SeRiR
escrimeur,EskRim9R
extrémiste,EkstRemist
falsification,falsifikasj§
faux-semblant,fos@bl@
fiabilité,fjabilite
fibrille,fibRij
friperie,fRip°Ri
fruste,fRyst
fusil-mitrailleur,fyzimitRaj9R
gadoue,gadu
gaillard,gajaR
gazeux,gaz2
guenon,g°n§
générique,ZeneRik
houe,u
ignoré,iNoRe
inca,5ka
inchangé,5S@Ze
inconfort,5k§fOR
indigner,5diNe
intercéder,5tERsede
ion,j§
isotope,izotOp
jugulaire,ZygylER
luxation,lyksasj§
madeleine,mad°lEn
marâtre,maRatR
modem,modEm
médina,medina
mélodieux,melodj2
métamorphoser,metamORfoze
méticuleusement,metikyl2z°m@
notification,notifikasj§
oculiste,okylist
omnibus,Omnibys
opter,Opte
pagne,paN
pharmacologie,faRmakoloZi
philosopher,filozofe
photomaton,fotomat§
prolifération,pRolifeRasj§
prétendument,pRet@dym@
pédaler,pedale
quiproquo,kipRoko
rapproché,RapRoSe
rattacher,RataSe
reclus,R°kly
remplissage,R@plisaZ
rentabiliser,R@tabilize
repoudrer,R°pudRe
rhésus,Rezys
sado,sado
saoudien,saudj5
seconder,s°g§de
sima,sima
sleeping,slipiG
sorbet,sORbE
stalag,stalag
statuette,stat8Et
strudel,StRud9l
stérilisation,steRilizasj§
surmené,syRm°ne
surtension,syRt@sj§
séduit,sed8i
tam-tam,tamtam
tarot,taRo
terrasser,tERase
trompé,tR§pe
tréteau,tReto
ultérieurement,ylteRj9R°m@
urinoir,yRinwaR
vaquer,vake
zoomer,zume
ébruiter,ebR8ite
écharde,eSaRd
écouteur,ekut9R
épancher,ep@Se
ammonium,amonjOm
annihiler,aniile
antisémitisme,@tisemitizm
antérieurement,@teRj9R°m@
archiduc,aRSidyk
armoise,aRmwaz
bale,bal
boiter,bwate
bolchevik,bOlS°vik
brassière,bRasjER
bâiller,baje
bâillonner,bajone
bécasse,bekas
bêcher,beSe
cajoler,kaZole
calomnier,kalOmnje
cauchemardesque,koS°maRdEsk
cerisaie,s°RizE
chaume,Som
cireur,siR9R
cisaille,sizaj
clito,klito
comanche,kOm@S
concerner,k§sERne
confédéré,k§fedeRe
converser,k§vERse
conçu,k§sy
coulé,kule
coupe-papier,kuppapje
courtage,kuRtaZ
crasher,kRaSe
culturellement,kyltyREl°m@
curie,kyRi
cylindrée,sil5dRe
derby,dERbi
digital,diZital
donateur,donat9R
déchirant,deSiR@
défaillant,defaj@
délinquant,del5k@
dénudé,denyde
dépressurisation,depREsyRizasj§
déraison,deREz§
détériorer,deteRjoRe
effacement,efas°m@
effréné,efRene
emblématique,@blematik
embusqué,@byske
en-dehors,@d2OR
enrouler,@Rule
entreposer,@tR°poze
escalator,EskalatOR
esclandre,Eskl@dR
essoreuse,esoR2z
excrément,EkskRem@
exhibition,Egzibisj§
exosquelette,Egzosk2lEt
extrader,EkstRade
farniente,faRnjEnte
fréquenté,fRek@te
futuriste,fytyRist
galérer,galeRe
gantelet,g@t°lE
harmonique,aRmonik
homme-femme,Omfam
hydroélectrique,idRoelEktRik
hypodermique,ipodERmik
imprimé,5pRime
incarner,5kaRne
inciser,5size
insistant,5sist@
intitulé,5tityle
inégalable,inegalabl
laird,lER
langueur,l@g9R
lez,lE
lidocaïne,lidokain
liftier,liftje
limbo,limbo
loué,lwe
luger,lyZe
lésiner,lezine
machisme,matSizm
main-forte,m5fORt
marchepied,maRS°pje
marionnettiste,maRjonEtist
martien,maRsj5
menthol,m@tOl
misérablement,mizeRabl°m@
mite,mit
modernisation,modERnizasj§
moignon,mwaN§
mollah,mola
motocyclette,motosiklEt
mousseline,mus°lin
muscat,myska
musculature,myskylatyR
mytho,mito
méritoire,meRitwaR
objecteur,ObZEkt9R
obstiné,Opstine
oisif,wazif
parution,paRysj§
probe,pROb
proférer,pRofeRe
projo,pRoZo
pédéraste,pedeRast
quatre-vingts,katR°v5
rayure,RejyR
reboucher,R°buSe
rechuter,R°Syte
reconversion,R°k§vERsj§
refoulé,R°fule
ressurgir,R°syRZiR
retransmission,R°tR@smisj§
rez,Re
rompu,R§py
rosales,Rozal
râtelier,Rat°lje
régir,ReZiR
réorganisation,ReORganizasj§
rétrospective,RetRospEktiv
rétrospectivement,RetRospEktiv°m@
sadisme,sadizm
saisi,sezi
saliver,salive
sax,saks
scintigraphie,s5tigRafi
scope,skOp
segment,sEgm@
self-service,sElfsERvis
sellette,sElEt
sioux,sju
solarium,solaRjOm
solvable,sOlvabl
sommer,some
somnolence,sOmnol@s
stabilisation,stabilizasj§
stupéfaction,stypefaksj§
symbiotique,s5bjotik
synthétiseur,s5tetiz9R
tender,t@d9R
théorème,teoREm
titiller,titije
topaze,topaz
torsion,tORsj§
tremplin,tR@pl5
tribun,tRib1
trilogie,tRiloZi
tripe,tRip
tuméfié,tymefje
tympan,t5p@
typhoïde,tifoid
télégraphiste,telegRafist
téléphérique,telefeRik
vidéothèque,videotEk
vigneron,viN°R§
voyelle,vwajEl
zigzag,zigzag
zona,zona
éclectique,eklEktik
écrin,ekR5
étroitesse,etRwatEs
éventreur,ev@tR9R
acharner,aSaRne
aiguillon,eg8ij§
alto,alto
anti-drogue,@tidROg
anti-stress,@tistREs
anti-vol,@tivOl
aplanir,aplaniR
appoint,apw5
autocensure,otos@syR
aventurier,av@tyRje
aveuglant,av9gl@
balafré,balafRe
barbelé,baRb°le
barbouillé,baRbuje
bassement,bas°m@
boui-boui,bwibwi
bouillonner,bujone
box-office,bOksofis
bridger,bRidZe
broyé,bRwaje
cafteur,kaft9R
canicule,kanikyl
casse-cou,kasku
chantonner,S@tone
chochotte,SoSOt
ciré,siRe
constipé,k§stipe
correctionnel,koREksjonEl
cotisation,kotizasj§
domino,domino
doper,dope
débouler,debule
décodeur,dekod9R
découragé,dekuRaZe
déraillement,deRaj°m@
dérèglement,deREgl°m@
désaltérer,dezalteRe
désoler,dezole
ecclésiastique,eklezjastik
effectif,efEktif
encaissement,@kEs°m@
enculeur,@kyl9R
ennuyé,@n8ije
enter,@te
estival,Estival
fasciner,fasine
fazenda,fazEnda
femme-enfant,fam@f@
gageure,gaZyR
gauler,gole
giclée,Zikle
glissement,glis°m@
gravé,gRave
gringue,gR5g
hacher,aSe
haïtien,aisj5
housse,us
héraut,eRo
illuminé,ilymine
increvable,5kR°vabl
insalubre,5salybR
intrinsèquement,5tR5sEk°m@
ionique,jonik
irréaliste,iRealist
jiu-jitsu,ZjyZitsy
lego,lego
louloute,lulut
manufacture,manyfaktyR
maraîcher,maReSe
marginal,maRZinal
martienne,maRsjEn
mathématiquement,matematik°m@
matte,mat
nicher,niSe
noise,nwaz
nunuche,nynyS
omettre,omEtR
oncologie,§koloZi
opus,opys
osier,ozje
palabrer,palabRe
passe-la-moi,paslamwa
perpétrer,pERpetRe
pianola,pjanola
piler,pile
pitance,pit@s
plagiat,plaZja
plaisance,plEz@s
poinçon,pw5s§
pompage,p§paZ
portillon,pORtij§
portique,pORtik
pourcent,puRs@
profiler,pRofile
prolongement,pRol§Z°m@
promptement,pR§t°m@
proscrire,pROskRiR
putter,p9te
rams,Ram
renonciation,R°n§sjasj§
richissime,RiSisim
rivet,RivE
rouget,RuZE
récurer,RekyRe
réitérer,ReiteRe
résider,Rezide
rôtisserie,Rotis°Ri
sainte-nitouche,s5tnituS
scalper,skalpe
scintillant,s5tij@
scénographie,senogRafi
ska,ska
sonique,sonik
souriceau,suRiso
start-up,staRt9p
stoïque,stoik
superficie,sypERfisi
surlendemain,syRl@d°m5
sèchement,sES°m@
tabatière,tabatjER
taie,tE
tangente,t@Z@t
tchécoslovaque,tSekOslovak
teint,t5
termite,tERmit
ternir,tERniR
terreux,tER2
théologien,teoloZj5
till,til
tonique,tonik
touche-pipi,tuSpipi
tourneur,tuRn9R
trachéotomie,tRakeotomi
transcrire,tR@skRiR
trick,tRik
triton,tRit§
truck,tRyk
validité,validite
valorisant,valoRiz@
vaudeville,vod°vil
viral,viRal
vivace,vivas
voiturette,vwatyREt
voûté,vute
wagon-restaurant,vag§REstoR@
zoologique,zooloZik
énergiquement,enERZik°m@
étiqueter,etik°te
étrangeté,etR@Z°te
évasif,evazif
abordable,abORdabl
abreuvoir,abR9vwaR
afro-américain,afRoameRik5
agrafe,agRaf
agrégé,agReZe
ahuri,ayRi
amérique,ameRik
antidouleur,@tidul9R
approfondi,apRof§di
arbitrer,aRbitRe
artefact,aRtefakt
articuler,aRtikyle
assombrir,as§bRiR
autobiographique,otobjogRafik
babiller,babije
baisser,bese
beeper,bip9R
bomber,b§be
braire,bRER
béant,be@
cadavérique,kadaveRik
cafetier,kaf°tje
calabrais,kalabRE
candélabre,k@delabR
canton,k@t§
carquois,kaRkwa
carriériste,kaRjeRist
caustique,kostik
chulo,Sylo
châtain,Sat5
ciblage,siblaZ
cithare,sitaR
civiliser,sivilize
colonialisme,kolonjalizm
comparution,k§paRysj§
conasse,konas
concocter,k§kOkte
confiné,k§fine
congénital,k§Zenital
contorsionniste,k§tORsjonist
cosse,kOs
course-poursuite,kuRspuRs8it
croquant,kRok@
cryogénique,kRijoZenik
cyclisme,siklizm
dadais,dadE
della francesca,dElafR@sEska
dinar,dinaR
distinctif,dist5ktif
djinn,dZin
dodu,dody
dol,dOl
dominion,dominjOn
doter,dote
doublé,duble
douma,duma
décapsuleur,dekapsyl9R
démoraliser,demoRalize
embaumeur,@bom9R
entre-deux,@tR°d2
entretenu,@tR°t°ny
essoufflé,esufle
eucharistie,2kaRisti
expressément,EkspREsem@
extérioriser,EksteRjoRize
fanal,fanal
fatras,fatRa
fausser,fose
festoyer,fEstwaje
fondeur,f§d9R
formaldéhyde,fORmaldeid
fouettard,fwEtaR
fronce,fR§s
fuser,fyze
fêtard,fEtaR
gager,gaZe
galicien,galisj5
gambe,g@b
garde-meuble,gaRd°m9bl
glorieusement,gloRj2z°m@
granite,gRanit
gravats,gRava
gâche,gaS
habitable,abitabl
hetman,Etm@
hyménée,imene
imperfection,5pERfEksj§
impertinence,5pERtin@s
imprudemment,5pRydam@
informel,5fORmEl
inséparable,5sepaRabl
intérimaire,5teRimER
isme,ism
je-ne-sais-quoi,Z°n°sekwa
jerrican,ZeRikan
jonkheer,jOnkER
jusqu'au,Zysko
karting,kaRtiG
kayak,kajak
lacérer,laseRe
lance-grenades,l@sgR°nad
larron,laR§
liane,ljan
lisser,lise
lux,lyks
macfarlane,makfaRlan
maints,m5
mal-être,malEtR
mammifère,mamifER
mander,m@de
mantra,m@tRa
matérialiser,mateRjalize
maximal,maksimal
mica,mika
modérer,modeRe
moscovite,mOskovit
motoneige,motonEZ
moussaillon,musaj§
métis,metis
nanotechnologie,nanotEknoloZi
nauséabond,nozeab§
non-retour,n§R2tuR
onyx,oniks
onzième,§zjEm
palourde,paluRd
pampa,p@pa
passable,pasabl
pastel,pastEl
pelvis,pElvis
penne,pEn
photogénie,fotoZeni
pimpant,p5p@
piémontais,pjem§tE
pliant,plij@
polygraphe,poligRaf
pot-pourri,popuRi
prédilection,pRedilEksj§
prémices,pRemis
ralentissement,Ral@tis°m@
ran,R@
rationaliser,Rasjonalize
rationalisme,Rasjonalizm
receleur,R°s°l9R
rehausser,R2ose
reluire,R°l8iR
renter,R@te
repoussé,R°puse
revu,R°vy
rondo,R§do
royale,Rwajal
sagouin,sagw5
sarcome,saRkom
savane,savan
sibylle,sibil
similitude,similityd
sommelier,sOm°lje
sous-prolétariat,supRoletaRja
spectromètre,spEktRomEtR
sécurisant,sekyRiz@
taillis,taji
tala,tala
taquin,tak5
tentateur,t@tat9R
tonus,tonys
toxicité,tOksisite
traditionnellement,tRadisjonEl°m@
traînasser,tREnase
tresser,tRese
tribunat,tRibyna
triceps,tRisEps
truquage,tRykaZ
typographie,tipogRafi
télécabine,telekabin
têt,tE
ultramoderne,yltRamodERn
ultrason,yltRas§
va,va
vingtième,v5tjEm
vinyle,vinil
vivisection,viviseksj§
volière,voljER
vôtres,votR
xénon,gzen§
écrou,ekRu
énervement,enERv°m@
éparpiller,epaRpije
épouvantablement,epuv@tabl°m@
étincelant,et5s°l@
évanoui,evanwi
accoutumer,akutyme
additionner,adisjone
affamer,afame
allègrement,alEgR°m@
anse,@s
anti-gang,@tig@g
apex,apEks
apoplexie,apoplEksi
assainir,aseniR
attiser,atize
authentification,ot@tifikasj§
badin,bad5
baigneur,bEN9R
balayette,balEjEt
bambino,b@bino
bandant,b@d@
barrette,baREt
benjamin,b5Zam5
bidoche,bidOS
bidonner,bidone
biffe,bif
biner,bine
blottir,blotiR
blouser,bluze
bonbonne,b§bOn
branchement,bR@S°m@
brie,bRi
catcher,katSe
chatouille,Satuj
chirurgicalement,SiRyRZikal°m@
choir,SwaR
chouchouter,SuSute
coagulation,koagylasj§
coffin,kof5
collabo,kolabo
collatéral,kolateRal
concitoyen,k§sitwaj5
contrepoint,k§tR°pw5
couillonner,kujone
crapuleux,kRapyl2
crisper,kRispe
crochu,kRoSy
croupier,kRupje
crucifié,kRysifje
dimensionnel,dim@sjonEl
dispenser,disp@se
dissocier,disosje
divulgation,divylgasj§
douzième,duzjEm
dualité,d8alite
déferlement,defERl°m@
déshydraté,dezidRate
désintéressement,dez5teREs°m@
déterminant,detERmin@
déveine,devEn
déverrouiller,devERuje
déviant,devj@
enfoncé,@f§se
engourdir,@guRdiR
enjoliveur,@Zoliv9R
enticher,@tiSe
envahissant,@vais@
estafette,EstafEt
fantasia,f@tazja
flamand,flam@
flash-back,flaSbak
floc,flOk
flood,flud
fléchette,fleSEt
foncier,f§sje
fripé,fRipe
fumigène,fymiZEn
gargantuesque,gaRg@t8Esk
gargouille,gaRguj
glandeur,gl@d9R
géniteur,Zenit9R
humoriste,ymoRist
imbroglio,5bRoglijo
indéniablement,5denjabl°m@
inexorable,inEgzoRabl
inexorablement,inEgzoRabl°m@
innommable,inomabl
introspection,5tRospEksj§
inégalité,inegalite
joaillier,Zoaje
jonque,Z§k
kamikaze,kamikaz
kot,kOt
ladite,ladit
laïc,laik
léser,leze
magma,magma
maisonnée,mEzone
mangouste,m@gust
marocain,maRok5
mimi,mimi
mir,miR
mollement,mOl°m@
montagneux,m§taN2
morphologie,mORfoloZi
moult,mult
nem,nEm
niet,njEt
nippon,nip§
nuisette,n8izEt
occultisme,okyltizm
oecuménique,2kymenik
opprobre,opRObR
orageux,oRaZ2
orme,ORm
ornement,ORn°m@
ostéopathe,Osteopat
patati,patati
pervenche,pERv@S
picorer,pikoRe
pilotis,piloti
pivoter,pivote
potelé,pOt°le
poupon,pup§
printanier,pR5tanje
prolongé,pRol§Ze
protubérance,pRotybeR@s
prélasser,pRelase
psychodrame,psikodRam
péricarde,peRikaRd
rectal,REktal
relieur,R°lj9R
rembobiner,R@bobine
ricaner,Rikane
régulariser,RegylaRize
sacredieu,sakR°dj2
saisissant,sezis@
salace,salas
saltimbanque,salt5b@k
scellé,sele
sectionner,seksjone
silex,silEks
solder,sOlde
sottement,sOt°m@
sous-vêtement,suvEt°m@
sponsoriser,sp§soRize
succion,sysj§
suffrage,syfRaZ
suée,s8e
tapioca,tapjoka
topographie,topogRafi
trader,tREd9R
traitant,tREt@
trompe-l'oeil,tR§pl9j
troquet,tRokE
tutorat,tytORa
utopique,ytopik
vamp,v@p
versatile,vERsatil
vire,viR
visière,vizjER
vitreux,vitR2
vérificateur,veRifikat9R
zonzon,z§z§
éjaculer,eZakyle
éluder,elyde
éros,eRos
étal,etal
étourneau,etuRno
étrier,etRije
acrobatie,akRobasi
allumeur,alym9R
ambidextre,@bidEkstR
angiographie,@ZjOgRafi
angliche,@gliS
angulaire,@gylER
animalier,animalje
apothicaire,apotikER
appareil-photo,apaREjfOto
arrimer,aRime
assermenté,asERm@te
authentifier,ot@tifje
basané,bazane
bellâtre,bElatR
berlinois,bERlinwa
beurrer,b9Re
blazer,blazER
bobby,bobi
boycotter,bOjkote
breveter,bR2v°te
briguer,bRige
buée,b8e
cafter,kafte
campagnard,k@paNaR
canevas,kan°va
carpette,kaRpEt
carrer,kaRe
cassonade,kasonad
cathode,katod
cautériser,koteRize
celte,sElt
centon,s@t§
charnière,SaRnjER
chauvin,Sov5
cheikh,SEk
chianti,kj@ti
chlorure,kloRyR
choriste,koRist
chouia,Suja
concentrationnaire,k§s@tRasjonER
conceptuel,k§sEpt8El
concerter,k§sERte
concurrent,k§kyR@
conditionner,k§disjone
conjuration,k§ZyRasj§
convoyer,k§vwaje
courbaturé,kuRbatyRe
courbette,kuRbEt
coïncider,ko5side
crachoir,kRaSwaR
crin,kR5
cré,kRe
créance,kRe@s
curable,kyRabl
céans,se@
demi-vérité,d°miveRite
dermatologique,dERmatoloZik
dextérité,dEksteRite
dissociation,disosjasj§
dring,dRiG
découpé,dekupe
dégonflé,deg§fle
dégrafer,degRafe
démener,demne
désensibilisation,des@sibilizasj§
désinvolture,dez5vOltyR
déstabilisant,destabiliz@
en-but,@byt
escarmouche,EskaRmuS
espingouin,Esp5gw5
exaspérant,EgzaspeR@
exubérant,EgzybeR@
fadeur,fad9R
farandole,faR@dOl
feld-maréchal,fEldmaReSal
finish,finiS
fortin,fORt5
franquette,fR@kEt
friqué,fRike
fructueux,fRykt82
fèces,fEs
galopin,galop5
gigue,Zig
givre,ZivR
grinçant,gR5s@
groin,gRw5
hilarité,ilaRite
humus,ymys
hépatique,epatik
impartialité,5paRsjalite
imploser,5ploze
import,5pOR
inconstant,5k§st@
incorporer,5kORpoRe
indemnisation,5dEmnizasj§
indemniser,5dEmnize
indélicat,5delika
inexploré,inEksploRe
intersidéral,5tERsideRal
ipéca,ipeka
jubilation,Zybilasj§
larmoyant,laRmwaj@
ledit,l°di
libidineux,libidin2
libre-échange,libReS@Z
léproserie,lepRoz°Ri
maçonnique,masonik
miennes,mjEn
mincir,m5siR
modique,modik
modus operandi,modusopeR@di
moisi,mwazi
monokini,monokini
mustang,myst@g
mégalo,megalo
méridional,meRidjonal
météorologue,meteoRolOg
nant,n@
offensif,of@sif
origan,oRig@
osseux,os2
ostentation,Ost@tasj§
ouvrant,uvR@
ouvre-boîte,uvR°bwat
palanquin,pal@k5
par-dessous,paRd°su
patata,patata
pavé,pave
percutant,pERkyt@
peuplé,p2ple
pléthore,pletOR
pomponner,p§pone
porque,pORk
poursuivant,puRs8iv@
prononcé,pRon§se
précepteur,pResEpt9R
prétendant,pRet@d@
puérilité,p8eRilite
pécan,pek@
pédopsychiatre,pedopsikjatR
péritonite,peRitonit
questionnement,kEstjOn°m@
radium,RadjOm
rameuter,Ram2te
rasta,Rasta
recaler,R°kale
recommandable,R°kom@dabl
redondant,R°d§d@
repeupler,R°p9ple
resplendir,REspl@diR
retardataire,R°taRdatER
rise,Riz
rodage,RodaZ
rouste,Rust
rudoyer,Rydwaje
rupin,Ryp5
rénal,Renal
répressif,RepResif
révocation,Revokasj§
sansonnet,s@sonE
shogun,Sogun
sinusite,sinyzit
sol-air,sOlER
sténographie,stenogRafi
successivement,syksesiv°m@
synapse,sinaps
synthétiser,s5tetize
séditieux,sedisj2
tarpé,taRpe
tempérance,t@peR@s
tipi,tipi
tramer,tRame
transsexuel,tR@sseks8El
tributaire,tRibytER
trisomique,tRizOmik
trottinette,tRotinEt
téléchargement,teleSaRZ°m@
vampirisme,v@piRizm
vaporetto,vapoREto
ventilo,v@tilo
visuellement,viz8El°m@
vulve,vylv
ânerie,an°Ri
écroulement,ekRul°m@
écusson,ekys§
édit,edi
électoral,elEktoRal
épars,epaR
éprendre,epR@dR
érosion,eRozj§
abaissement,abEs°m@
acrobatique,akRobatik
agraire,agRER
alcoolisé,alkolize
alcootest,alkotEst
allocution,alokysj§
altruisme,altR8izm
anorexique,anoREksik
antiatomique,@tiatomik
arquer,aRke
arracheur,aRaS9R
arrière-boutique,aRjERbutik
autisme,otizm
auvent,ov@
baba,baba
basketteur,baskEt9R
be-bop,bibOp
bien-fondé,bj5f§de
blanchissage,bl@SisaZ
braderie,bRad°Ri
brrr,bR
bulbe,bylb
butoir,bytwaR
cabriole,kabRijOl
canonnière,kanonjER
caqueter,kak°te
carambolage,kaR@bolaZ
caravelle,kaRavEl
centuple,s@typl
chapelure,Sap°lyR
chelem,SelEm
chez-soi,Seswa
coloriage,koloRjaZ
concision,k§sizj§
consulaire,k§sylER
contenu,k§t°ny
coupe-vent,kupv@
diluer,dil8e
distinct,dist5
douanier,dwanje
déboutonner,debutone
décongélation,dek§Zelasj§
déflagration,deflagRasj§
déglingue,degl5g
déglutition,deglytisj§
dégueulis,deg2li
entrelacs,@tR°la
esquire,EskiR
est-allemand,Estal°m@
extravagance,EkstRavag@s
farfadet,faRfadE
fauteur,fot9R
ficelé,fis°le
fielleux,fjEl2
fleuron,fl9R§
foison,fwaz§
frottement,fROt°m@
fruité,fR8ite
fumoir,fymwaR
glandu,gl@dy
glouton,glut§
goulag,gulag
goéland,goel@
grès,gRE
hanoukka,anuka
homélie,omeli
houblon,ubl§
inhumation,inymasj§
inimitié,inimitje
insidieux,5sidj2
intensifier,5t@sifje
jardiner,ZaRdine
kodiak,kodjak
limbique,l5bik
lutin,lyt5
lévrier,levRije
marmonner,maRmone
matériellement,mateRjEl°m@
menotter,m°note
mi-voix,mivwa
minéralogique,mineRaloZik
monarchiste,monaRSist
monogame,monogam
napperon,nap°R§
occlusion,oklyzj§
ogresse,ogREs
ombrageux,§bRaZ2
opaque,opak
orgiaque,ORZjak
parapente,paRap@t
parité,paRite
patchouli,patSuli
pauvrement,povR°m@
perce,pERs
pico,piko
piolet,pjolE
plain,pl5
planétarium,planetaRjOm
platane,platan
plumitif,plymitif
plèvre,plEvR
pneumatique,pn2matik
pourvoi,puRvwa
privatiser,pRivatize
probant,pRob@
protestantisme,pRotEst@tizm
pylône,pilon
périscopique,peRiskopik
recouvert,R°kuvER
restreint,REstR5
ripper,Rip9R
rotor,RotOR
récuser,Rekyze
réglementation,Regl°m@tasj§
réévaluer,Reeval8e
sangloter,s@glote
sarde,saRd
satanisme,satanizm
sculpté,skylte
soc,sOk
sphincter,sf5ktER
spoon,spun
stèle,stEl
séquestre,sekEstR
tanneur,tan9R
technocrate,tEknokRat
thoracotomie,tORakOtOmi
tinter,t5te
titrage,titRaZ
toutim,tutim
transposition,tR@spozisj§
treizième,tREzjEm
urémie,yRemi
véhémence,veem@s
webcam,wEbkam
yogourt,joguRt
économe,ekonOm
écumer,ekyme
édifier,edifje
éditer,edite
éradication,eRadikasj§
éthiopien,etjopj5
abondamment,ab§dam@
abonné,abone
accélérateur,akseleRat9R
adorateur,adoRat9R
affectivement,afEktiv°m@
alcade,alkad
alea jacta est,aleaZaktaEst
alphabétisation,alfabetizasj§
alter ego,altERego
amalgame,amalgam
amble,@bl
anti-douleur,@tidul9R
antiseptique,@tisEptik
apatride,apatRid
astronome,astRonOm
atrium,atRijOm
azur,azyR
baie,bE
bajoue,baZu
bazarder,bazaRde
berlue,bERly
biathlon,biatl§
bilingue,bil5g
biochimiste,bjoSimist
breveté,bR2v°te
brigandage,bRig@daZ
brouillé,bRuje
bulldog,buldOg
cafouillage,kafujaZ
calculateur,kalkylat9R
camer,kame
cancérigène,k@seRiZEn
carambar,kaR@baR
carnation,kaRnasj§
carter,kaRte
cela,s°la
chatter,tSate
chienchien,Sj5Sj5
chiennerie,SjEn°Ri
chignole,SiNOl
chihuahua,Siwawa
chlamydia,klamidja
clapotis,klapoti
codage,kodaZ
collégien,koleZj5
combiné,k§bine
comptage,k§taZ
conciliant,k§silj@
concurrencer,k§kyR@se
contredanse,k§tR°d@s
coquard,kokaR
cotte,kOt
coupeur,kup9R
couvre-lit,kuvR°li
crevette,kR°vEt
criminologue,kRiminolOg
crâneur,kRan9R
csardas,ksaRdas
cuisant,k8iz@
cuti,kyti
céphalo-rachidien,sefaloRaSidj5
dalmate,dalmat
demi-lieue,d2milj2
demi-verre,d2mivER
discipliné,disipline
distancer,dist@se
duplicité,dyplisite
déballage,debalaZ
décélération,deseleRasj§
démoralisation,demoRalizasj§
détoner,detone
eau-forte,ofORt
empalé,@pale
emphysème,@fizEm
emplir,@pliR
exhaustif,Egzostif
exhumation,Egzymasj§
fana,fana
flottement,flOt°m@
forte,fORt
forçat,fORsa
fusain,fyz5
gabarit,gabaRi
gazouillis,gazuji
glacer,glase
gris-bleu,gRibl2
groseille,gRozEj
grêlé,gRele
gyrophare,ZiRofaR
géo,Zeo
haut-de-forme,od°fORm
hortensia,ORt@sja
hypnotisme,ipnotizm
imbiber,5bibe
impayable,5pEjabl
indistinct,5dist5
interactif,5tERaktif
intermittent,5tERmit@
irrévérence,iReveR@s
itou,itu
kart,kaRt
labrador,labRadOR
lavandière,lav@djER
ligature,ligatyR
linéaire,lineER
localisateur,lokalizat9R
lâcheur,laS9R
lécheur,leS9R
légaliser,legalize
législateur,leZislat9R
lémurien,lemyRj5
madrilène,madRilEn
marmaille,maRmaj
masochiste,mazoSist
mendigot,m@digo
mercenaire,mERs°nER
monstrueusement,m§stRy2z°m@
moujik,muZik
muscadet,myskadE
musicalement,myzikal°m@
négociant,negosj@
obi,obi
océanographique,oseanogRafik
oisillon,wazij§
orthophoniste,ORtofonist
paramédical,paRamedikal
paranormal,paRanORmal
patache,pataS
perfectionnement,pERfEksjOn°m@
personnification,pERsonifikasj§
persévérant,pERseveR@
ph,peaS
pin's,pins
pistage,pistaZ
playmate,plEjmat
pointage,pw5taZ
poly,poli
ponctuation,p§kt8asj§
portemanteau,pORt°m@to
pourceau,puRso
praticable,pRatikabl
praticien,pRatisj5
proliférer,pRolifeRe
préjudiciable,pReZydisjabl
prénuptial,pRenypsjal
purgatif,pyRgatif
périphérique,peRifeRik
rase-mottes,RazmOt
ratifier,Ratifje
rauque,Rok
recto,REkto
relié,R°lje
renégocier,R°negosje
resplendissant,REspl@dis@
responsabiliser,REsp§sabilize
restreindre,REstR5dR
ridiculement,Ridikyl°m@
roder,Rode
ronin,ROn5
roseraie,Roz°RE
rouage,RwaZ
rouge-gorge,RuZgORZ
rouquin,Ruk5
rythmé,Ritme
réglisse,Reglis
réincarner,Re5kaRne
sabayon,sabaj§
saint-siège,s5sjEZ
saler,sale
sanglot,s@glo
sautiller,sotije
savate,savat
scientologie,sj@toloZi
simulé,simyle
sit-in,sitin
soule,sul
sous-développement,sudev°lOp°m@
soutenu,sut°ny
stratégiquement,stRateZik°m@
superbement,sypERb°m@
surnombre,syRn§bR
surplace,syRplas
séquestration,sekEstRasj§
séquoia,sekoja
taillade,tajad
tirant,tiR@
tocade,tokad
transformé,tR@sfORme
tricolore,tRikolOR
trop-plein,tRopl5
ténu,teny
vacciné,vaksine
valériane,valeRjan
velouté,v°lute
véniel,venjEl
zigue,zig
échangeur,eS@Z9R
écoeuré,ek9Re
écrier,ekRije
écumoire,ekymwaR
élasticité,elastisite
élogieux,eloZj2
élévation,elevasj§
énoncer,en§se
étourderie,etuRd°Ri
évaporé,evapoRe
abraxas,abRaksas
acquit,aki
agrégation,agRegasj§
aiguilleur,eg8ij9R
algue,alg
allaitement,alEt°m@
ambages,@baZ
amontillado,am§tijado
amphi,@fi
amplitude,@plityd
analyseur,analiz9R
apitoiement,apitwam@
appareillage,apaREjaZ
arien,aRj5
athéisme,ateizm
auquel,okEl
bachot,baSo
balai-brosse,balEbROs
bancal,b@kal
bath,bat
bavarois,bavaRwa
bienfaisant,bj5f°z@
bifurcation,bifyRkasj§
biniou,binju
blanchi,bl@Si
blason,blaz§
borner,bORne
branle-bas,bR@lba
cafard,kafaR
capricorne,kapRikORn
cassant,kas@
causant,koz@
causeur,koz9R
cervical,sERvikal
chatoyant,Satwaj@
châsse,Sas
clac,klak
clamser,klamse
climatisé,klimatize
clouté,klute
coexister,koEgziste
colombien,kol§bj5
corser,kORse
court-bouillon,kuRbuj§
court-circuiter,kuRsiRk8ite
crocheteur,kROS°t9R
crémeux,kRem2
daurade,doRad
dig,dig
dilater,dilate
discipliner,disipline
dissuasion,dis8azj§
dribble,dRibl
déambuler,de@byle
défourailler,defuRaje
dégoûté,degute
démarcation,demaRkasj§
déshydrater,dezidRate
dévaler,devale
dînatoire,dinatwaR
emboîter,@bwate
endolori,@doloRi
endorphine,@dORfin
entravé,@tRave
esquif,Eskif
excentricité,Eks@tRisite
exploiteur,Eksplwat9R
fabuleusement,fabyl2z°m@
falzar,falzaR
fantassin,f@tas5
fermentation,fERm@tasj§
filament,filam@
fleuret,fl9RE
fleurette,fl9REt
floraison,floREz§
fluctuation,flykt8asj§
fluxion,flyksj§
foc,fOk
fragrance,fRagR@s
franciscain,fR@sisk5
friand,fRij@
fringuer,fR5ge
fumisterie,fymist°Ri
gerbille,ZERbij
godet,godE
gogol,gogOl
gracié,gRasje
grand-messe,gR@mEs
graphite,gRafit
gratification,gRatifikasj§
greluche,gR°lyS
grimpette,gR5pEt
grisant,gRiz@
grumeleux,gRym°l2
gérance,ZeR@s
hara-kiri,aRakiRi
haïku,aiky
heurt,9R
high-tech,ajtEk
horlogerie,ORlOZ°Ri
hypothalamus,ipotalamys
hébété,ebete
ides,id
immigrer,imigRe
impavide,5pavid
inaptitude,inaptityd
inconvenance,5k§v°n@s
inculpé,5kylpe
indubitable,5dybitabl
infatigable,5fatigabl
inqualifiable,5kalifjabl
interlude,5tERlyd
islandais,isl@dE
ka,ka
kapo,kapo
laiterie,lEt°Ri
lancette,l@sEt
lapereau,lap°Ro
laïcité,laisite
licite,lisit
ligament,ligam@
ligoté,ligote
lobbies,lObi
longue-vue,l§gvy
lymphome,l5fom
lynch,l5S
marmonnement,maRmOn°m@
meccano,mekano
mensonger,m@s§Ze
miroiter,miRwate
misogyne,mizoZin
mohair,moER
monnayer,moneje
myopie,mjopi
noué,nwe
occulter,okylte
palmeraie,palm°Re
pano,pano
parachutisme,paRaSytizm
passation,pasasj§
passivement,pasiv°m@
pathologiste,patoloZist
pelletée,pEl°te
penalties,penalti
permanente,pERman@t
pistonner,pistone
pitch,pitS
pizzicato,pidzikato
plâtrer,platRe
portance,pORt@s
porte-plume,pORt°plym
portuaire,pORt8ER
post-scriptum,pOstskRiptOm
puisard,p8izaR
pédérastie,pedeRasti
pélagique,pelaZik
quarante-deux,kaR@td2
rapatriement,RapatRim@
reconnecter,R°konEkte
redécouvrir,R°dekuvRiR
reformer,R°fORme
regonfler,R°g§fle
retrancher,R°tR@Se
roupie,Rupi
râpeux,Rap2
récrire,RekRiR
saturer,satyRe
scandinave,sk@dinav
semonce,s°m§s
sinusal,sinyzal
smog,smOg
sophisme,sofizm
squelettique,sk°letik
stabilisateur,stabilizat9R
stretch,stREtS
sud-américain,sydameRik5
tampax,t@paks
tapoter,tapote
taratata,taRatata
taupe,top
théologique,teoloZik
tibétain,tibet5
tolérable,toleRabl
toréador,toReadOR
transcender,tR@s@de
traçage,tRasaZ
trou-du-cul,tRudyky
urologue,yRolOg
vacance,vak@s
vaciller,vasije
vantard,v@taR
vermisseau,vERmiso
vivifiant,vivifj@
vociférer,vosifeRe
yeti,jeti
éblouissement,ebluis°m@
épilogue,epilOg
épouiller,epuje
épousailles,epuzaj
éthanol,etanOl
étole,etOl
adonis,adonis
affairer,afERe
affréter,afRete
ajourner,aZuRne
ajusté,aZyste
allégation,alegasj§
ambivalence,@bival@s
aménorrhée,amenoRe
analogique,analoZik
angoissé,@gwase
appariteur,apaRit9R
appellation,apelasj§
applicateur,aplikat9R
apposer,apoze
arbuste,aRbyst
astrophysique,astRofizik
attitré,atitRe
auto-stoppeur,otostop9R
autocuiseur,otok8iz9R
autopsier,otOpsje
avant-centre,av@s@tR
aéré,aeRe
bailleur,baj9R
barouf,baRuf
baudruche,bodRyS
berzingue,bERz5g
bicycle,bisikl
bigrement,bigR°m@
bluffeur,bl9f9R
boogie-woogie,bugiwugi
bouquiniste,bukinist
bourru,buRy
braisé,bReze
brider,bRide
brocanteur,bRok@t9R
broussard,bRusaR
brunette,bRynEt
buggy,b9gi
bécoter,bekote
bévue,bevy
cafetan,kaf°t@
canner,kane
caractériel,kaRakteRjEl
carcan,kaRk@
carmel,kaRmEl
carmélite,kaRmelit
carrick,kaRik
casse-dalle,kasdal
cella,sEla
centième,s@tjEm
chahuter,Sayte
chartreux,SaRtR2
cheese-cake,tSizkEk
chopper,SOpER
circulatoire,siRkylatwaR
clapier,klapje
colophane,kolofan
combativité,k§bativite
combustible,k§bystibl
compétiteur,k§petit9R
concorde,k§kORd
condensation,k§d@sasj§
congolais,k§golE
conjecture,k§ZEktyR
conservé,k§sERve
contentieux,k§t@sj2
contralto,k§tRalto
contrordre,k§tRORdR
cordillère,kORdijER
cosinus,kosinys
coupe-gorge,kupgORZ
courtisan,kuRtiz@
cracheur,kRaS9R
cricri,kRikRi
croque-monsieur,kROkm°sj2
croton,kRot§
cruche,kRyS
crépitement,kRepit°m@
cycliste,siklist
daltonien,daltonj5
diminué,dimin8e
dressing,dResiG
droguerie,dROg°Ri
débander,deb@de
décarrer,dekaRe
délaisser,delese
démembrer,dem@bRe
dénigrement,denigR°m@
déroutement,deRut°m@
déverrouillage,devERujaZ
emboutir,@butiR
embrasement,@bRaz°m@
empoigner,@pwaNe
encombré,@k§bRe
entendeur,@t@d9R
envenimer,@v°nime
essieu,Esj2
ex-taulard,EkstolaR
ex-épouse,Eksepuz
expropriation,EkspRopRijasj§
fan-club,fankl9b
fashion,faSOn
faïence,faj@s
fibrose,fibRoz
floral,floRal
florissant,floRis@
flottille,flotij
formica,fORmika
formulation,fORmylasj§
fratricide,fRatRisid
friche,fRiS
fumette,fymEt
futon,fyt§
galéjade,galeZad
gaucho,goSo
gentry,dZEntRi
gram,gRam
grouse,gRuz
gynécologie,ZinekoloZi
généalogie,ZenealoZi
hasardeux,azaRd2
hermine,ERmin
hindouisme,5duizm
humer,yme
husky,yski
hypotension,ipot@sj§
héparine,epaRin
idéalement,ideal°m@
idéologue,ideolOg
immatriculé,imatRikyle
imprécis,5pResi
incisive,5siziv
incontinence,5k§tin@s
incorporel,5kORpoREl
indignement,5diN°m@
indécence,5des@s
inexpliqué,inEksplike
inexpérience,inEkspeRj@s
infaillibilité,5fajibilite
inhumanité,inymanite
insensibilité,5s@sibilite
intimer,5time
invulnérabilité,5vylneRabilite
irréconciliable,iRek§siljabl
ivoire,ivwaR
jihad,dZijad
jurassique,ZyRasik
kilim,kilim
kommando,kOm@do
laxisme,laksizm
literie,lit°Ri
lycra,likRa
malpropre,malpROpR
maquilleur,makij9R
menstruation,m@stRyasj§
mikado,mikado
minier,minje
minimal,minimal
molto,mOlto
moufle,mufl
multiplication,myltiplikasj§
munition,mynisj§
muret,myRE
musc,mysk
médiocrement,medjOkR°m@
ménestrel,menEstREl
ménisque,menisk
métabolique,metabolik
nabi,nabi
non-voyant,n§vwaj@
nécrose,nekRoz
objecter,ObZEkte
obstétricien,OpstetRisj5
occis,Oksi
occultation,okyltasj§
onction,§ksj§
opéré,opeRe
palette,palEt
panel,panEl
parachever,paRaS°ve
parka,paRka
phénix,feniks
pied-bot,pjebo
pied-de-biche,pjed°biS
pierreries,pjER°Ri
plaid,plEd
plaquette,plakEt
poché,poSe
poliomyélite,poljomjelit
popaul,popOl
possédé,posede
post mortem,pOst°mORtEm
potager,potaZe
pouh,pu
prosaïque,pRozaik
provincial,pRov5sjal
prérogative,pReRogativ
prêtrise,pRetRiz
pustule,pystyl
pélican,pelik@
quarante-neuf,kaR@tn9f
quiet,kjE
radotage,RadotaZ
raki,Raki
rassasié,Rasazje
ratification,Ratifikasj§
ravager,RavaZe
recomposer,R°k§poze
recouvrement,R°kuvR°m@
refonte,R°f§t
reliquaire,R°likER
remplaçable,R@plasabl
restitution,REstitysj§
revigorant,R°vigoR@
revoyure,R°vwajyR
ricin,Ris5
rinçage,R5saZ
rocking-chair,ROkiGtSER
roudoudou,Rududu
ruade,Ryad
réciprocité,ResipRosite
régule,Regyl
réguler,Regyle
réhabiliter,Reabilite
scabreux,skabR2
sensuellement,s@s8El°m@
shiatsu,Sjatsu
sien,sj5
soi,swa
sommier,somje
sortable,sORtabl
sous-main,sum5
sous-officier,suzofisje
soûlot,sulo
stretching,stREtSiG
suaire,s8ER
subjuguer,sybZyge
subside,sypzid
symboliser,s5bolize
tarama,taRama
tarmac,taRmak
tendancieux,t@d@sj2
tiser,tize
tissulaire,tisylER
titré,titRe
tiédeur,tjed9R
toiture,twatyR
torpiller,tORpije
torpilleur,tORpij9R
tranche-montagne,tR@Sm§taN
travailliste,tRavajist
tribal,tRibal
trigonométrie,tRigonometRi
turbopropulseur,tyRbopRopyls9R
turquoise,tyRkwaz
ukrainien,ykREnj5
uppercut,ypERkyt
valence,val@s
vaporisateur,vapoRizat9R
villageois,vilaZwa
vingt-et-un,v5te1
viole,vjOl
virologie,viRoloZi
xième,iksjEm
xylophone,gzilofOn
yak,jak
zombi,z§bi
écorché,ekORSe
électrochoc,elEktRoSOk
électrophone,elEktRofOn
épaissir,epesiR
équestre,ekEstR
étouffé,etufe
abonner,abone
accéléré,akseleRe
acidité,asidite
acra,akRa
acre,akR
affaler,afale
agenouillement,aZnuj°m@
alexandrin,alEks@dR5
algie,alZi
aloyau,alwajo
amharique,amaRik
amibe,amib
amphétamine,@fetamin
anesthésiant,anEstezj@
apanage,apanaZ
appuyé,ap8ije
apéritif,apeRitif
arec,aREk
assa-foetida,asafetida
astronef,astRonEf
asystolie,asistoli
avilir,aviliR
azéri,azeRi
badamier,badamje
baissement,bEs°m@
banni,bani
bardot,baRdo
binz,binz
boisselier,bwas2lje
bouclage,buklaZ
braconnage,bRakonaZ
breloque,bR2lOk
bretteur,bREt9R
brillance,bRij@s
brocart,bRokaR
butor,bytOR
calibrer,kalibRe
cancel,k@sEl
cantonais,k@tonE
capuccino,kaputSino
caracul,kaRakyl
carnier,kaRnje
cascader,kaskade
cautionner,kosjone
ch'timi,Stimi
chabrot,SabRo
chevir,S2viR
chipoter,Sipote
chocolaterie,Sokolat°Ri
châtelain,Sat°l5
chéchia,SeSja
cliquer,klike
co-pilote,kopilOt
colin,kol5
colley,kolE
colombophile,kol§bofil
commercer,komERse
concevable,k§s°vabl
confluence,k§fly@s
consomption,k§s§psj§
courtoisement,kuRtwaz°m@
crieur,kRij9R
cryogénie,kRijoZeni
crémerie,kREm°Ri
daiquiri,dajkiRi
dauphinois,dofinwa
delco,dElko
deux-pièces,d2pjEs
deçà,d°sa
différer,difeRe
disproportion,dispRopORsj§
dissidence,disid@s
documentaliste,dokym@talist
dramatiquement,dRamatik°m@
débilité,debilite
débiner,debine
déboutonnage,debutonaZ
décontracter,dek§tRakte
découragement,dekuRaZ°m@
dédale,dedal
dédié,dedje
déglingué,degl5ge
déraciner,deRasine
dératisation,deRatizasj§
emmurer,@myRe
enlumineur,@lymin9R
esthète,EstEt
exhaler,Egzale
fauche,foS
feinter,f5te
fichtrement,fiStR°m@
flagellé,flaZEle
flageolet,flaZolE
foetal,fetal
folâtre,folatR
fontainier,f§tEnje
fracturer,fRaktyRe
framboisier,fR@bwazje
fugu,fygy
fétichiste,fetiSist
galline,galin
gan,gan
genévrier,Z°nevRije
glaucome,glokom
globuleux,globyl2
gloutonnerie,glutOn°Ri
goulasch,gulaS
gousset,gusE
grand-route,gR@Rut
ground,gRawnd
grunge,gR9nZ
guépard,gepaR
guêpier,gepje
générationnel,ZeneRasjOnEl
haggis,agis
hammerless,amERlEs
harassement,aRas°m@
hectare,EktaR
high-life,ajlajf
homosexuelle,omoseks8El
hourvari,uRvaRi
huileux,8il2
hydrographique,idRogRafik
hypersensible,ipERs@sibl
héron,eR§
immoralement,imoRal°m@
imparti,5paRti
imprégner,5pReNe
inch allah,inSala
incidemment,5sidam@
incohérent,5koeR@
indolence,5dol@s
inefficacité,inefikasite
infailliblement,5fajibl°m@
inique,inik
initialement,inisjal°m@
insonore,5sonOR
inséminateur,5seminat9R
intentionné,5t@sjone
inéluctablement,inelyktabl°m@
jazzman,dZazman
keum,k2m
khmer,kmER
kommandantur,kom@d@ntuR
laitance,lEt@s
lapider,lapide
laryngite,laR5Zit
lazaro,lazaRo
limitation,limitasj§
lindor,l5dOR
liter,lite
loden,lodEn
looping,lupiG
luron,lyR§
lyonnais,ljonE
légitimement,leZitim°m@
léninisme,leninizm
léviathan,levjat@
magasiner,magazine
magnificence,maNifis@s
maladroitement,maladRwat°m@
maniable,manjabl
manillon,manij§
marxiste-léniniste,maRksist°leninist
minestrone,minEstROn
moise,mwaz
mole,mOl
moque,mOk
mutin,myt5
méprendre,mepR@dR
méthodologie,metodoloZi
naturlich,natyRliS
naïvement,naiv°m@
nonante,non@t
notifier,notifje
nouvellement,nuvEl°m@
novateur,novat9R
oued,wEd
oui-da,wida
paddock,padOk
pampre,p@pR
panacée,panase
parfumer,paRfyme
parigot,paRigo
paros,paROs
paroxysme,paROksizm
parsi,paRsi
pelleter,pEl°te
pelucheux,p°lyS2
perdurer,pERdyRe
persister,pERsiste
perturbateur,pERtyRbat9R
pestilentiel,pEstil@sjEl
petit-gris,p°tigRi
pianoter,pjanote
pic-vert,pivER
pichenette,piSnEt
pigeonnier,piZonje
pipelette,pip°lEt
pique-assiette,pikasjEt
pluriel,plyRjEl
porte-clefs,pORt°kle
postiche,pOstiS
prestance,pREst@s
proc,pROk
prouesse,pRuEs
prénatal,pRenatal
préoccupant,pReokyp@
punitif,pynitif
putschiste,putSist
pâquerette,pak°REt
pékin,pek5
péroné,peRone
quatre-mâts,katRma
quick,kik
rebelote,R°b2lOt
rebondissement,R°b§dis°m@
reboule,R2bul
recontacter,R2k§takte
rentabilité,R@tabilite
retentir,R°t@tiR
revente,R°v@t
ricanement,Rikan°m@
rocade,Rokad
ronflant,R§fl@
réflexe,ReflEks
réfraction,RefRaksj§
résille,Rezij
satire,satiR
scion,sj§
signifiant,siNifj@
soierie,swaRi
soixante-quinze,swas@tk5z
somnambulisme,sOmn@bylizm
souffre-douleur,sufR°dul9R
splash,splaS
spéléo,speleo
statuer,stat8e
stomoxys,stomOksi
stéphanois,stefanwa
suggestif,sygZEstif
suppositoire,sypozitwaR
surdose,syRdoz
surpeuplé,syRp9ple
synchroniser,s5kRonize
syntaxe,s5taks
séquençage,sek@saZ
tamponner,t@pone
tentacule,t@takyl
toman,tOman
tord-boyaux,tORbwajo
tors,tOR
tournoyer,tuRnwaje
trouée,tRue
tsigane,tsigan
télévisuel,televiz8El
ultérieur,ylteRj9R
ustensile,yst@sil
vacuité,vak8ite
vertubleu,vERtybl2
vice-ministre,visministR
vide-gousset,vid°gusE
voïvodie,vojvOdi
écarteur,ekaRt9R
écumeur,ekym9R
électrum,elEktROm
émeraude,Em°Rod
émétique,emetik
épervier,epERvje
épicer,epise
a l'instar,al5staR
accordéoniste,akORdeonist
admiratif,admiRatif
affect,afEkt
affiliation,afiljasj§
ancrer,@kRe
anniv,aniv
anti-terroriste,@titeRoRist
anya,ania
arachide,aRaSid
archidiacre,aRSidjakR
artistiquement,aRtistik°m@
assainissement,asenis°m@
asymétrique,asimetRik
atypique,atipik
azimut,azimyt
baisable,bEzabl
balancier,bal@sje
barboter,baRbote
bel canto,bElk@to
belote,b°lOt
bipolaire,bipolER
bivouac,bivwak
boisseau,bwaso
boulimie,bulimi
boulotte,bulOt
bâfrer,bafRe
camphre,k@fR
certifié,sERtifje
chouraver,SuRave
chronométrer,kRonometRe
civisme,sivizm
claustrophobie,klostRofobi
climatique,klimatik
commodité,komodite
compilation,k§pilasj§
conférencier,k§feR@sje
contestable,k§tEstabl
cordon-bleu,kORd§bl2
corolle,koROl
coupe-ongles,kup§gl
coursive,kuRsiv
célérité,seleRite
d'ores et déjà,dORzedeZa
damned,damnEd
decca,deka
deltaplane,dEltaplan
dharma,daRma
diphtérie,difteRi
diseur,diz9R
dramaturgie,dRamatyRZi
duperie,dyp°Ri
décathlon,dekatl§
décollement,dekOl°m@
dédaigneux,dedEN2
déglinguer,degl5ge
délation,delasj§
déloyauté,delwajote
départementale,depaRt°m@tal
détourné,detuRne
emmagasiner,@magazine
endossement,@dos°m@
enseigné,@seNe
escampette,Esk@pEt
establishment,EstabliSmEnt
ex-copain,Ekskop5
exagérément,EgzaZeRem@
extasier,Ekstazje
facturation,faktyRasj§
farouchement,faRuS°m@
fesser,fese
filtrage,filtRaZ
flopée,flope
fournil,fuRni
frénétiquement,fRenetik°m@
gargote,gaRgOt
garni,gaRni
gazette,gazEt
gecko,ZEko
gommer,gome
goule,gul
gréement,gRem@
gymnaste,Zimnast
généticien,Zenetisj5
habitacle,abitakl
halle,al
herse,ERs
hitlérien,itleRj5
hystérectomie,isteREktomi
ignominieux,iNomiN2
imputer,5pyte
inconstance,5k§st@s
infectieux,5fEksj2
intervertir,5tERvERtiR
inviolable,5vjolabl
irradiation,iRadjasj§
joli-joli,ZOliZOli
kevlar,k°vlaR
lance-missiles,l@smisil
limage,limaZ
locomotion,lokomosj§
lyrisme,liRizm
lèche-vitrine,lESvitRin
macintosh,makintoS
malencontreusement,mal@k§tR2z°m@
mandarine,m@daRin
marie-jeanne,maRiZan
maximiser,maksimize
merl,mERl
mescal,mEskal
minibar,minibaR
mitoyen,mitwaj5
mitre,mitR
montagnard,m§taNaR
motte,mOt
moulu,muly
mâtin,mat5
métaphorique,metafoRik
naissant,nEs@
oléoduc,oleodyk
orignal,oRiNal
ouate,wat
outrager,utRaZe
outre-tombe,utR°t§b
palpiter,palpite
pare-soleil,paRsolEj
parrainer,paREne
partner,paRtnER
pause-café,pozkafe
permutation,pERmytasj§
perpétuellement,pERpet8El°m@
philologue,filolOg
pilaf,pilaf
piranha,piRana
pit-bull,pitbul
plot,plo
plue,ply
pneumo,pn2mo
pommelé,pOm°le
ponctuellement,p§kt8El°m@
portraitiste,pORtRetist
potier,potje
poulaille,pulaj
programmé,pRogRame
préventif,pRev@tif
pyramidal,piRamidal
pâques,pak
quatre-quarts,katRkaR
quinquennal,k5kenal
rajeunissement,RaZ9nis°m@
rapporté,RapORte
rebouteux,R°but2
recalé,R°kale
recteur,REkt9R
redécoré,R2dekORe
remaquiller,R°makije
remuant,R°m8@
rhubarbe,RybaRb
rival,Rival
réactif,Reaktif
réajuster,ReaZyste
réciproquement,ResipROk°m@
réfugié,RefyZje
réintégration,Re5tegRasj§
résulter,Rezylte
rêverie,REv°Ri
sauté,sote
savonner,savone
scandaleusement,sk@dal2z°m@
secourisme,s°kuRizm
semi-liberté,s°milibERte
snif,snif
sonorité,sonoRite
soubresaut,subR°so
sous-comité,sukomite
strophe,stROf
superficialité,sypERfisjalite
supra,sypRa
sécession,sesesj§
tabagisme,tabaZizm
tambour-major,t@buRmaZOR
tocard,tokaR
topless,toplEs
toto,toto
trimestriel,tRimEstRijEl
tripette,tRipEt
tripotée,tRipote
troué,tRue
turlutte,tyRlyt
universellement,ynivERsEl°m@
vade retro,vadeRetRo
verni,vERni
volte-face,vOlt°fas
végéter,veZete
à l'instar,al5staR
épagneul,epaN9l
épousseter,epuste
éthylique,etilik
étioler,etjole
éviscérer,eviseRe
aber,abe
accordeur,akORd9R
acétylcholine,asetilkolin
afflux,afly
alléchant,aleS@
alunir,alyniR
amazone,amazon
amélioré,ameljoRe
annonciateur,an§sjat9R
anorak,anoRak
antiaérien,@tiaeRj5
aphone,afOn
appendicectomie,ap5disektomi
avarie,avaRi
bagout,bagu
baille,baj
balais,balE
bataclan,batakl@
batelier,bat°lje
bedeau,b2do
binette,binEt
bottier,botje
bourguignon,buRgiN§
bozo,bozo
bubonique,bybonik
by night,bajnajt
bébête,bebEt
cabillaud,kabijo
cafeter,kafte
calotte,kalOt
cancaner,k@kane
carillonner,kaRijone
carnivore,kaRnivOR
carême,kaREm
centrifuge,s@tRifyZ
chaînette,SEnEt
chibre,SibR
chlorophylle,kloRofil
ciboulot,sibulo
cofondateur,kof§dat9R
cognée,koNe
colite,kolit
colorier,koloRje
commentateur,kom@tat9R
confit,k§fi
consciencieusement,k§sj@sj2z°m@
courgette,kuRZEt
crépu,kRepy
cyan,sj@
dano,dano
demi-sommeil,d°misomEj
dessécher,deseSe
destrier,destRije
destroy,destRwaj
discourtois,diskuRtwa
dissident,disid@
dièse,djEz
doit,dwa
doucereux,dus°R2
drakkar,dRakaR
driver,dRajv9R
décrochage,dekRoSaZ
délégué,delege
démaquiller,demakije
démontable,dem§tabl
démonte-pneu,dem§tpn2
déphasé,defaze
dépouillé,depuje
déséquilibré,dezekilibRe
détrôné,detRone
embraser,@bRaze
emergency,im9RdZansi
emménagement,@menaZ°m@
empiler,@pile
en tapinois,@tapinwa
endoscopie,@doskopi
enfantement,@f@t°m@
enjoué,@Zwe
enraciner,@Rasine
enrôlement,@Rol°m@
entrecôte,@tR°kot
ester,estER
estomper,Est§pe
exonération,EgzoneRasj§
expatrier,EkspatRije
exposant,Ekspoz@
exterminateur,EkstERminat9R
faon,f@
fayot,fajo
ferrer,fERe
filin,fil5
finaliser,finalize
focal,fokal
fofolle,fofOl
frauduleux,fRodyl2
fric-frac,fRikfRak
fumigation,fymigasj§
furibond,fyRib§
gamelan,gam°l@
garde-fou,gaRd°fu
garde-vue,gaRd°vy
gommage,gomaZ
gord,gOR
grand-peine,gR@pEn
grisaille,gRizaj
grivois,gRivwa
généralisé,ZeneRalize
gérable,ZeRabl
horloger,ORloZe
huer,8e
hydrophone,idRofOn
hémorragique,emoRaZik
impromptu,5pR§pty
impudeur,5pyd9R
incarcéré,5kaRseRe
incongru,5k§gRy
indiscutablement,5diskytabl°m@
indisposé,5dispoze
influx,5fly
informatisé,5fORmatize
insupportablement,5sypORtabl°m@
isomère,izomER
jacquet,ZakE
jaillissement,Zajis°m@
jerrycan,ZeRikan
jogger,dZOge
komsomol,kOmsomOl
lampée,l@pe
lance-pierre,l@spjER
lapidation,lapidasj§
latéralement,lateRal°m@
laxiste,laksist
lithographie,litogRafi
localisé,lokalize
logeur,loZ9R
long-courrier,l§kuRje
magnitude,maNityd
malléable,maleabl
malodorant,malodoR@
marginaliser,maRZinalize
marguerite,maRg°Rit
mescaline,mEskalin
mi-parcours,mipaRkuR
millésime,milezim
modéré,modeRe
mollasse,molas
mollasson,molas§
mordiller,mORdije
mufti,mufti
mégalomanie,megalomani
nitrique,nitRik
nubile,nybil
nudisme,nydizm
nutritionniste,nytRisjonist
nécro,nekRo
nénuphar,nenyfaR
ob,Ob
opprimé,opRime
ornithorynque,ORnitoR5k
oust,ust
outillage,utijaZ
pactiser,paktize
paludisme,palydizm
panzer,p@nzER
paraplégique,paRapleZik
paresser,paRese
partialité,paRsjalite
passereau,pas°Ro
patronyme,patRonim
pecorino,p°koRino
pentagone,p5tagon
pers,pER
persan,pERs@
pharmacopée,faRmakope
photosynthèse,fotos5tEz
pignouf,piNuf
pisseur,pis9R
planant,plan@
poudrier,pudRije
poudrière,pudRijER
prostré,pROstRe
prout,pRut
provocateur,pRovokat9R
préambule,pRe@byl
prédication,pRedikasj§
préétabli,pReetabli
raccommoder,Rakomode
rack,Rak
racloir,RaklwaR
rageant,RaZ@
ravine,Ravin
recouper,R°kupe
relâché,R°laSe
rembarrer,R@baRe
renversement,R@vERs°m@
repriser,R°pRize
retransmettre,R°tR@smEtR
revérifié,R2veRifje
rictus,Riktys
réentendre,Re@t@dR
révoquer,Revoke
sarin,saR5
simultané,simyltane
solex,solEks
songeur,s§Z9R
stance,st@s
sucrerie,sykR°Ri
tacticien,taktisj5
tactiquement,taktik°m@
théoricien,teoRisj5
tissage,tisaZ
tournedos,tuRn°do
transfiguration,tR@sfigyRasj§
traversé,tRavERse
trucage,tRykaZ
ultrasonique,yltRasonik
univoque,ynivOk
urgentiste,yRZ@tist
varech,vaREk
vaseux,vaz2
vexé,vEkse
vibreur,vibR9R
vieillot,vjEjo
volley-ball,volEbOl
vélocité,velosite
xénophobie,gzenofobi
zigoto,zigoto
zoologiste,zooloZist
électrocardiogramme,elEktRokaRdiogRam
électrode,elEktROd
électrostatique,elEktRostatik
élitiste,elitist
épaulard,epolaR
éventaire,ev@tER
abasourdi,abazuRdi
accru,akRy
agrès,agRE
alène,alEn
anachronisme,anakRonizm
antitrust,@titR9st
arrière-salle,aRjERsal
ascendance,as@d@s
asticoter,astikote
bagagiste,bagaZist
barbaque,baRbak
bionique,bjonik
bush,buS
bédouin,bedw5
candi,k@di
cantate,k@tat
capiteux,kapit2
cardiovasculaire,kaRdjovaskylER
chambrette,S@bREt
chausse-pied,Sospje
chicaner,Sikane
chiche-kebab,SiSkebab
chique,Sik
circonférence,siRk§feR@s
cogneur,koN9R
collector,kOlEktOR
compresseur,k§pREs9R
convergence,k§vERZ@s
coordonnée,koORdone
coriandre,koRj@dR
cosmopolite,kOsmopolit
courriel,kuRjEl
cresson,kRes§
cunnilingus,kynil5gys
datte,dat
décontract,dek§tRakt
défiguration,defigyRasj§
dégourdi,deguRdi
déodorant,deodoR@
dépose,depoz
emmerdeur,@mERd9R
enfourner,@fuRne
entreprenant,@tR°pR°n@
entêté,@tete
ex-flic,Eksflik
excroissance,EkskRwas@s
expertiser,EkspERtize
explorateur,EksploRat9R
fixette,figzEt
foldingue,fold5g
formidablement,fORmidabl°m@
fracassant,fRakas@
fracassé,fRakase
fumet,fymE
fébrilement,febRil°m@
gantier,g@tje
geai,ZE
gente,Z@t
graduellement,gRad8El°m@
grassement,gRas°m@
hagard,agaR
halal,alal
happer,ape
hile,il
incarcérer,5kaRseRe
inde,5d
indigeste,5diZEst
indéfectible,5defEktibl
inlassable,5lasabl
inoculation,inokylasj§
inopérable,inopeRabl
intuitif,5t8itif
italiano,italjano
kendo,kEndo
leasing,liziG
linguistique,l5g8istik
lubrifier,lybRifje
lépreux,lepR2
manant,man@
marjolaine,maRZolEn
marque-page,maRk°paZ
martinet,maRtinE
micron,mikR§
molosse,molOs
mormon,mORm§
munir,myniR
muséum,myzeOm
métrique,metRik
nomade,nomad
nome,nOm
nord-américain,nORameRik5
nord-coréen,nORkoRe5
obscurcir,OpskyRsiR
pare-feu,paRf2
parlote,paRlOt
paroissial,paRwasjal
physiologiquement,fizjoloZik°m@
physiothérapie,fizjoteRapi
picotin,pikot5
pragmatisme,pRagmatizm
presse-papiers,pREspapje
profusion,pRofyzj§
prémonitoire,pRemonitwaR
pédophile,pedofil
pêcher,peSe
ratatiné,Ratatine
rejaillir,R°ZajiR
retable,R°tabl
rosier,Rozje
roustons,Rust§
rutabaga,Rytabaga
réadaptation,Readaptasj§
résident,Rezid@
salutation,salytasj§
saucière,sosjER
scintiller,s5tije
silicium,silisjOm
sommité,somite
sourde-muette,suRdm8Et
subventionner,sybv@sjone
suffocant,syfok@
syndiqué,s5dike
tangage,t@gaZ
tendinite,t@dinit
tiramisu,tiRamizy
tortionnaire,tORsjonER
tractopelle,tRaktOpEl
transfo,tR@sfo
traumatiser,tRomatize
vaps,vap
yama,jama
yucca,juka
zézette,zezEt
égoïstement,egoist°m@
électorat,elEktoRa
émulsion,emylsj§
acquéreur,akeR9R
acuponcteur,akyp§kt9R
affaiblissement,afeblis°m@
agoraphobie,agoRafobi
aloès,aloEs
amygdalite,amidalit
andropause,@dRopoz
anglo-saxon,@glosaks§
ape,ap
aqueduc,ak°dyk
archi-nuls,aRSinyl
assèchement,asES°m@
atavique,atavik
atlantique,atl@tik
auburn,ob9Rn
aéronautique,aeRonotik
bas-ventre,bav@tR
bassiner,basine
bastingage,bast5gaZ
batifolage,batifolaZ
beau-papa,bopapa
bigame,bigam
blondinet,bl§dinE
bombance,b§b@s
bonde,b§d
bouffeur,buf9R
bougran,bugR@
boustifaille,bustifaj
brasseur,bRas9R
bruire,bR8iR
bénévolement,benevOl°m@
cabestan,kabEst@
calembour,kal@buR
calumet,kalymE
canule,kanyl
carpien,kaRpj5
castillan,kastij@
catalan,katal@
cataleptique,katalEptik
cataloguer,kataloge
catharsis,kataRsis
catéchiste,kateSist
causalité,kozalite
chapelier,Sap°lje
chapka,Sapka
chutney,S9tnE
citadin,sitad5
clarinettiste,klaRinetist
classifier,klasifje
colocation,kolokasj§
combinat,k§bina
compiler,k§pile
confiner,k§fine
conforter,k§fORte
congédié,k§Zedje
conjointement,k§Zw5t°m@
continent,k§tin@
contre-plongée,k§tR°pl§Ze
contrebas,k§tR°ba
contrecoup,k§tR°ku
corsé,kORse
cosmétique,kOsmetik
couillu,kujy
crooner,kRun9R
crétacé,kRetase
cueva,kueva
curriculum,kyRikylOm
cyclomoteur,siklomot9R
côlon,kol§
dais,dE
dermatologie,dERmatoloZi
deutéronome,d2teRonom
digest,diZEst
discobole,diskobOl
distiller,distile
diversifier,divERsifje
dorer,doRe
driver,dRajve
déchirement,deSiR°m@
décéder,desede
déferlante,defERl@t
dégotter,degote
délavé,delave
délier,delje
démonstratif,dem§stRatif
dépositaire,depozitER
dérouillée,deRuje
déshabillage,dezabijaZ
ecchymose,ekimoz
empathique,@patik
essuie-mains,Es8im5
exotisme,Egzotizm
expert-comptable,EkspERk§tabl
extérieurement,EksteRj9R°m@
fanfaron,f@faR§
fatuité,fat8ite
fauve,fov
filiation,filjasj§
flouze,fluz
fluet,flyE
flétan,flet@
flétrir,fletRiR
fouetté,fwete
fraterniser,fRatERnize
fredonner,fR°done
freudien,fR2dj5
fringue,fR5g
frise,fRiz
froissement,fRwas°m@
froufrou,fRufRu
fusilier,fyzilje
féru,feRy
fêlure,felyR
gabardine,gabaRdin
galène,galEn
gamberger,g@bERZe
gargouillis,gaRguji
genêt,Z°nE
germer,ZERme
glouglou,gluglu
gnangnan,N@N@
gnognotte,NoNOt
gogues,gOg
grabat,gRaba
graissage,gREsaZ
grand-voile,gR@vwal
graphisme,gRafizm
grief,gRijEf
guano,gwano
hack,ak
haddock,adOk
hallucinatoire,alysinatwaR
harponner,aRpone
haï,ai
hemlock,EmlOk
hexagone,Egzagon
histrion,istRij§
horticulture,ORtikyltyR
hosanna,ozana
hyperventilation,ipERv@tilasj§
hypothétiquement,ipotetik°m@
hémorroïde,emoRoid
hôtelier,ot°lje
immatériel,imateRjEl
implicite,5plisit
implorant,5ploR@
implosion,5plozj§
incommode,5komOd
indirect,5diREkt
indiscipliné,5disipline
indocile,5dosil
inexplicablement,inEksplikabl°m@
insecticide,5sEktisid
insoupçonnable,5supsonabl
instrumentation,5stRym@tasj§
inégal,inegal
ionisation,jonizasj§
ischémie,iskemi
jap,Zap
jodler,jOdl9R
kitsch,kitS
laissés-pour-compte,lesepuRk§t
lancier,l@sje
langer,l@Ze
lavasse,lavas
listing,listiG
littérateur,liteRat9R
living-room,liviGRum
localité,lokalite
lourdaud,luRdo
macadam,makadam
macérer,maseRe
manganèse,m@ganEz
mangeoire,m@ZwaR
manioc,manjOk
marinière,maRinjER
matrone,matROn
meuble,m9bl
meurtri,m9RtRi
microcosme,mikRokOsm
milanais,milanE
milligramme,miligRam
minigolf,minigOlf
misaine,mizEn
misogynie,mizoZini
moulinette,mulinEt
multipropriété,myltipROpRiete
médiatisation,medjatizasj§
médicinal,medisinal
métallurgiste,metalyRZist
métissage,metisaZ
national-socialiste,nasjonalsosjalist
neigeux,neZ2
numération,nymeRasj§
odyssée,odise
offusquer,ofyske
onduler,§dyle
origami,oRigami
outrepasser,utR°pase
pagode,pagOd
parabellum,paRabelOm
parasitaire,paRazitER
pascal,paskal
paso,pazo
pauvresse,povREs
paysannerie,peizan°Ri
percher,pERSe
peupler,p2ple
phosgène,fOsZEn
piedmont,pjem§
plié,plije
plumet,plymE
polar,polaR
polyclinique,poliklinik
polype,polip
polyphonique,polifonik
pontife,p§tif
positionnement,pozisjOn°m@
positiver,pOzitive
préfixe,pRefiks
présomptif,pRez§ptif
prévenance,pREv°n@s
prêche,pRES
prêteur,pREt9R
psychothérapeute,psikoteRap2t
punt,punt
quarante-six,kaR@tsis
quine,kin
rabat,Raba
ragougnasse,RaguNas
rajout,RaZu
ramollo,Ramolo
raz,Ra
rebaptiser,R°batize
rebrancher,R°bR@Se
redoute,R°dut
relativiser,R°lativize
reloger,R°loZe
rembobinage,R@bobinaZ
rendant,R@d@
renflouer,R@flue
reposé,R°poze
repris,R°pRi
revêche,R°vES
rhinoplastie,RinOplasti
rigoureusement,RiguR2z°m@
rodeo,Rodeo
ron,R§
rond-de-cuir,R§d°k8iR
rondin,R§d5
roquet,RokE
rosé,Roze
roucouler,Rukule
récepteur,ResEpt9R
réfection,RefEksj§
réformé,RefORme
réfrigération,RefRiZeRasj§
réinsérer,Re5seRe
réjoui,ReZwi
réplication,Replikasj§
réprimande,RepRim@d
rétamer,Retame
révélé,Revele
réélu,Reely
sanctus,s@ktys
sashimi,saSimi
scoliose,skoljoz
seiche,sES
septicémie,sEptisemi
side-car,sajdkaR
snack-bar,snakbaR
sociaux-démocrates,sosjodemokRat
soixante-douze,swas@tduz
sollicitation,solisitasj§
spermatozoïde,spERmatozoid
sphérique,sfeRik
sprinter,spRint9R
squale,skwal
story-board,stoRibORd
stylisme,stilizm
stéréotype,steReotip
subséquemment,sypsekam@
sui generis,Es8iZ°n°Ri
surdoué,syRdwe
surpoids,syRpwa
sylvestre,silvEstR
syndiquer,s5dike
sécuritaire,sekyRitER
séducteur,sedykt9R
sénilité,senilite
tab,tab
taliban,talib@
tarentule,taR@tyl
taximan,taksiman
tchador,tSadOR
tortellini,tORtElini
tracter,tRakte
trait,tRE
transfuser,tR@sfyze
trianguler,tRi@gyle
troyen,tRwaj5
ultrasensible,yltRas@sibl
urologie,yRoloZi
uruguayen,yRygwEj5
venant,v°n@
ventiler,v@tile
vicié,visje
virginal,viRZinal
virulent,viRyl@
viscéral,viseRal
voiture-balai,vwatyRbalE
voltmètre,vOltmEtR
vélomoteur,velomot9R
vénération,veneRasj§
water-polo,watERpolo
édenté,ed@te
égocentrisme,egos@tRizm
élaboration,elaboRasj§
élégamment,elegam@
épiphanie,epifani
ésotérisme,ezoteRizm
éthéré,eteRe
étourdissant,etuRdis@
abjurer,abZyRe
accommodant,akomod@
acidose,asidoz
alde,ald
aloi,alwa
altéré,alteRe
amarrer,amaRe
amirauté,amiRote
amoureusement,amuR2z°m@
antitétanique,@titetanik
aprèm,apREm
arbrisseau,aRbRiso
aristocrate,aRistokRat
arroseur,aRoz9R
artimon,aRtim§
aryen,aRj5
audible,odibl
baccara,bakaRa
barine,baRin
bau,bo
bavoir,bavwaR
biochimique,bjoSimik
biotechnologie,bjotEknoloZi
bistouquette,bistukEt
bohème,boEm
bonsaï,b§zaj
bouche-trou,buStRu
bâtisseur,batis9R
bétonnière,betonjER
bêcheur,bES9R
canonique,kanonik
canoniser,kanonize
carbure,kaRbyR
carlingue,kaRl5g
casse-noisette,kasnwazEt
caverneux,kavERn2
cession,sEsj§
chambard,S@baR
check-list,tSEklist
chiée,Sje
chlorhydrique,kloRidRik
cicérone,siseROn
co-locataire,kolokatER
cocarde,kokaRd
colifichet,kolifiSE
collectivement,kolEktiv°m@
coloniser,kolonize
confiseur,k§fiz9R
consanguinité,k§s@ginite
contrefaire,k§tR°fER
convertisseur,k§vERtis9R
copiste,kopist
corn-flakes,kORnflEks
crematorium,kRematORjOm
cross,kROs
curare,kyRaR
cureton,kyR°t§
deck,dEk
directif,diREktif
dissipé,disipe
dix-septième,disEtjEm
dorade,doRad
déboîter,debwate
démobilisation,demobilizasj§
dérégler,deRegle
déterminisme,detERminizm
détesté,detEste
effrontément,efR§tem@
emphase,@faz
empirique,@piRik
entrecuisse,@tR°k8is
ergo,ERgo
esperanto,EspeR@to
exempter,Egz@te
exergue,EgzERg
extatique,Ekstatik
eye-liner,ajlajn9R
fauconneau,fokono
flegme,flEgm
flicard,flikaR
fortification,fORtifikasj§
fripe,fRip
fréquentable,fRek@tabl
futilité,fytilite
garde-chasse,gaRd°Sas
garden-party,gaRdEnpaRti
gardien-chef,gaRdj5SEf
gazoduc,gazodyk
gazole,gazOl
gazpacho,gaspatSo
giroflée,ZiRofle
glaire,glER
glissière,glisjER
glorification,gloRifikasj§
gorgonzola,gORg§zola
gourer,guRe
gras-double,gRadubl
gris-gris,gRigRi
grondant,gR§d@
harmoniser,aRmonize
hassidim,asidim
houspiller,uspije
humérus,ymeRys
hypersensibilité,ipERs@sibilite
in vitro,invitRo
inabordable,inabORdabl
inaugural,inogyRal
inclus,5kly
indûment,5dym@
ingénu,5Zeny
insanité,5sanite
introverti,5tRovERti
inusité,inyzite
inventif,5v@tif
iota,jota
jante,Z@t
jointure,Zw5tyR
justaucorps,ZystokOR
kobold,kobOld
laitage,lEtaZ
laiteux,lEt2
lambiner,l@bine
langoustine,l@gustin
laparotomie,lapaRotomi
libéralisme,libeRalizm
lifter,lifte
liguer,lige
localement,lokal°m@
lourder,luRde
malhonnêtement,malonEt°m@
marchant,maRS@
marquant,maRk@
martyriser,maRtiRize
maréchal-ferrant,maReSalfER@
mastectomie,mastEktomi
menstruel,m@stRyEl
millionième,miljonjEm
mordant,mORd@
médication,medikasj§
noisette,nwazEt
non-droit,n§dRwa
nordiste,nORdist
noueux,nw2
océanique,oseanik
odalisque,odalisk
orang-outan,oR@ut@
orchestration,ORkEstRasj§
orthodontiste,ORtod§tist
panégyrique,paneZiRik
paradoxalement,paRadOksal°m@
paraffine,paRafin
parcimonie,paRsimoni
parcmètre,paRkmEtR
parpaing,paRp5
percuteur,pERkyt9R
picotement,pikOt°m@
placage,plakaZ
placer,plasER
plaquage,plakaZ
plastiqueur,plastik9R
pleurnichard,pl9RniSaR
pleurnicheur,pl9RniS9R
pluraliste,plyRalist
poissonnerie,pwasOn°Ri
pole,pOl
pommeau,pomo
poseur,poz9R
postérieur,pOsteRj9R
prieuré,pRij9Re
princier,pR5sje
proctologue,pROktolOg
promeneur,pRomn9R
propulser,pRopylse
prune,pRyn
périmé,peRime
quatrain,katR5
quenouille,k°nuj
quinto,k5to
rabatteur,Rabat9R
racketteur,Raket9R
rafting,RaftiG
remontée,R°m§te
remue,R°my
renommer,R°nome
rependre,R2p@dR
richement,RiS°m@
romano,Romano
rondement,R§d°m@
rougeoyer,RuZwaje
ruineux,R8in2
réfutation,Refytasj§
réjouissance,ReZwis@s
rémunération,RemyneRasj§
répondant,Rep§d@
rétroactif,RetRoaktif
satirique,satiRik
sectaire,sektER
sensoriel,s@soRjEl
serf,sER
serrurerie,seRyR°Ri
sextant,sekst@
sibérien,sibeRj5
sophistication,sofistikasj§
sous-espace,suzEspas
stadium,stadjOm
status,statys
sub,syb
subconscient,sypk§sj@
subjonctif,sybZ§ktif
suerte,swERte
superpuissance,sypERp8is@s
tatillon,tatij§
tauromachie,toRomaSi
tempéré,t@peRe
transiter,tR@zite
travestir,tRavEstiR
traîne-savates,tREnsavat
tumulus,tymylys
téléphonie,telefoni
unilatéral,ynilateRal
usagé,yzaZe
valoriser,valoRize
valvule,valvyl
volumineux,volymin2
vétille,vetij
à cloche-pied,aklOSpje
éclaire,eklER
éducateur,edykat9R
émasculer,emaskyle
éviscération,eviseRasj§
accablement,akabl°m@
accélérant,akseleR@
acrylique,akRilik
acétone,asetOn
affluer,aflye
affranchi,afR@Si
agacement,agas°m@
aguicher,agiSe
aigreur,EgR9R
aiguiller,eg8ije
alim,alim
amygdale,amidal
anesthésique,anEstezik
anxiolytique,@ksjolitik
arménien,aRmenj5
autodétruire,otodetR8iR
avant-gardiste,av@gaRdist
bailler,baje
baklava,baklava
bidasse,bidas
boulimique,bulimik
bouzouki,buzuki
bréviaire,bRevjER
bucco,buko
buvable,byvabl
béat,bea
cafarder,kafaRde
cailler,kaje
caillé,kaje
canasta,kanasta
cardan,kaRd@
chapelain,Sap°l5
chaperonner,Sap°Rone
chatterton,SatERtOn
cherokee,SeRoki
cinquante-deux,s5k@td2
co-équipier,koekipje
codéine,kodein
colibri,kolibRi
comportemental,k§pORt°m@tal
conjuguer,k§Zyge
continuel,k§tin8El
contreseing,k§tR°s5
converti,k§vERti
courbure,kuRbyR
courtaud,kuRto
creuset,kR2zE
curatif,kyRatif
céramique,seRamik
demi-fond,d°mif§
desperado,despeRado
dessous-de-table,d°sud°tabl
dialectal,djalEktal
diffamateur,difamat9R
digitaline,diZitalin
dignitaire,diNitER
diminutif,diminytif
dragée,dRaZe
drôlesse,dRolEs
déchausser,deSose
décolleté,dekOl°te
décongeler,dek§Z°le
déduit,ded8i
déficient,defisj@
délabré,delabRe
délecter,delEkte
démagogue,demagOg
démocrate-chrétien,demokRatkRetj5
déprogrammer,depRogRame
dérobade,deRobad
dévaster,devaste
enfourcher,@fuRSe
enliser,@lize
enrhumé,@Ryme
entrouvrir,@tRuvRiR
envoyeur,@vwaj9R
ersatz,ERzats
faciès,fasjEs
fantoche,f@tOS
fendu,f@dy
filant,fil@
florentin,floR@t5
fornicateur,fORnikat9R
froment,fRom@
fréon,fRe§
fulminant,fylmin@
galion,galj§
galipette,galipEt
gangrener,g@gR°ne
garçonnet,gaRsonE
gloussement,glus°m@
glycine,glisin
gonfle,g§fl
gri-gri,gRigRi
gruger,gRyZe
hiberner,ibERne
huilé,8ile
hédoniste,edonist
imberbe,5bERb
imposé,5poze
indiscipline,5disiplin
indéfini,5defini
indéterminé,5detERmine
ingérence,5ZeR@s
initiatique,inisjatik
insatisfaction,5satisfaksj§
insulté,5sylte
intemporel,5t@poREl
intox,5tOks
ipso facto,ipsofakto
irrévocablement,iRevokabl°m@
ivraie,ivRE
ivrognerie,ivRON°Ri
jaunir,ZoniR
judoka,Zydoka
juguler,Zygyle
jumping,dZ9mpiG
khan,kan
laiton,lEt§
latent,lat@
lionceau,lj§so
logistique,loZistik
lutiner,lytine
malicieux,malisj2
mao,mao
maquignon,makiN§
masculinité,maskylinite
maso,mazo
massivement,masiv°m@
meunier,m2nje
minaret,minaRE
modérément,modeRem@
molester,molEste
monogramme,monogRam
monoprix,monopRi
motivant,motiv@
mousmé,musme
mousseux,mus2
mélomane,meloman
narcolepsie,naRkolEpsi
nauséeux,noze2
neck,nEk
non-croyant,n§kRwaj@
non-intervention,nOn5tERv@sj§
nonchalant,n§Sal@
omni,Omni
oncologue,§kolOg
opacité,opasite
opérant,opeR@
ordinairement,ORdinER°m@
orin,oR5
oye,wa
panier-repas,panjeR°pa
peau-rouge,poRuZ
perfectionnisme,pERfEksjonizm
perforer,pERfoRe
perpendiculaire,pERp@dikylER
perpette,pERpEt
perplexité,pERplEksite
philharmonie,filaRmOni
philologie,filoloZi
piailler,pjaje
pigiste,piZist
pistonné,pistone
poiscaille,pwaskaj
poissonneux,pwason2
pommette,pomEt
ponter,p§te
possiblement,posibl°m@
potasse,potas
prompteur,pR§pt9R
promptitude,pR§tityd
proton,pRot§
provoc,pRovOk
prédisposition,pRedispozisj§
prémenstruel,pRem@stRyEl
punissable,pynisabl
putt,p9t
quatre-vingt-dix-neuf,katR°v5dizn9f
quincaillier,k5kaje
raccorder,RakORde
radiothérapie,RadjoteRapi
ragnagnas,RaNaNa
raifort,REfOR
ramdam,Ramdam
ratatiner,Ratatine
rayonner,REjone
recrudescence,R°kRydes@s
repartie,R°paRti
repayer,R°pEje
replanter,R°pl@te
retranscrire,R°tR@skRiR
retrousser,R°tRuse
rythmique,Ritmik
réapprovisionnement,ReapRovizjOn°m@
récalcitrant,RekalsitR@
saccadé,sakade
sacrificiel,sakRifisjEl
sacro-saint,sakRos5
sans-fil,s@fil
sarabande,saRab@d
sataniste,satanist
serre-tête,sERtEt
sexologie,seksoloZi
snober,snobe
social-démocrate,sosjaldemokRat
soixante-dix-sept,swas@tdisEt
somnifère,sOmnifER
splendidement,spl@did°m@
sprinter,spRinte
spécialiser,spesjalize
stagner,stagne
starlette,staRlEt
stetson,stEts§
strass,stRas
supplique,syplik
symboliquement,s5bolik°m@
sédentaire,sed@tER
sélectif,selEktif
sérac,seRak
taguer,tage
teckel,tekEl
thermal,tERmal
thêta,tEta
titanesque,titanEsk
top-modèle,tOpmodEl
toscan,tOsk@
toxicomanie,tOksikomani
trempage,tR@paZ
télégraphier,telegRafje
usurpateur,yzyRpat9R
vadrouiller,vadRuje
vampirique,v@piRik
venelle,v°nEl
veulerie,v2l°Ri
vif-argent,vifaRZ@
vinasse,vinas
visualisation,viz8alizasj§
voltiger,vOltiZe
zipper,zipe
électriquement,elEktRik°m@
électroniquement,elEktRonik°m@
éreintant,eR5t@
évidement,evid°m@
accaparer,akapaRe
acclamation,aklamasj§
acclamer,aklame
accoutumance,akutym@s
accusateur,akyzat9R
acheminement,aS°min°m@
acétate,asetat
adorablement,adoRabl°m@
affabulation,afabylasj§
affûter,afyte
aide-soignant,EdswaN@
aigre-doux,EgR°du
allume-gaz,alymgaz
alternance,altERn@s
amaigrissement,amegRis°m@
ambiant,@bj@
amnistier,amnistje
amortisseur,amORtis9R
andalou,@dalu
angleterre,@gl2tER
angolais,@golE
anodique,anOdik
anormalité,anORmalite
anti-aérien,@tiaeRj5
anti-rejet,@tiR°ZE
aparté,apaRte
aphasie,afazi
appontage,ap§taZ
approximation,apROksimasj§
ardennais,aRd°nE
arithmétique,aRitmetik
arpentage,aRp@taZ
arrondi,aR§di
ascaris,askaRis
athénien,atenj5
augment,Ogm@
auprès,opRE
auriculaire,oRikylER
autodestructeur,otodEstRykt9R
automobiliste,otomobilist
automutilation,otomytilasj§
avarié,avaRje
avion-cargo,avj§kaRgo
baliverne,balivERn
ball-trap,baltRap
banco,b@ko
bazard,bazaR
beefsteak,biftEk
besogner,b2zoNe
binôme,binom
blondeur,bl§d9R
blush,bl9S
bosseur,bos9R
botté,bote
bouffarde,bufaRd
bouffonnerie,bufOn°Ri
brabant,bRab@
branlant,bR@l@
brigantin,bRig@t5
bronchique,bR§Sik
brossage,bRosaZ
bustier,bystje
béhème,beEm
béryllium,beRiljOm
cadogan,kadog@
cagneux,kaN2
caillouteux,kajut2
camorra,kamoRa
capitaliser,kapitalize
carlisme,kaRlism
casanier,kazanje
centré,s@tRe
chagriner,SagRine
chardon,SaRd§
chenal,S°nal
chevrier,S°vRije
chloral,kloRal
chorégraphier,kORegRafje
chourer,SuRe
chérif,SeRif
ci-dessus,sid°sy
ciguë,sigy
cinquante-cinq,s5k@ts5k
cinéma-vérité,sinemaveRite
citrate,sitRat
claironner,klERone
claymore,klEjmoR
cocasse,kokas
composant,k§poz@
comprimer,k§pRime
conformiste,k§fORmist
consolidation,k§solidasj§
consonne,k§sOn
consumériste,k§symeRist
convalescent,k§vales@
convertible,k§vERtibl
convoiter,k§vwate
coprophagie,kopRofaZi
coton-tige,kot§tiZ
cristallisation,kRistalizasj§
cruzeiro,kRuzERo
cubitus,kybitys
césium,sezjOm
datation,datasj§
demandeur,d°m@d9R
dessous-de-plat,d°sud°pla
deusio,d2zjo
dichotomie,dikotomi
disproportionné,dispRopORsjone
documenté,dokym@te
dondon,d§d§
dorée,doRe
dribbler,dRible
ducat,dyka
duelliste,d8Elist
dum-dum,dumdum
débiteur,debit9R
déblatérer,deblateRe
déchaîné,deSEne
déclenche,dekl@S
décoiffer,dekwafe
déconcerté,dek§sERte
découcher,dekuSe
décousu,dekuzy
découvreur,dekuvR9R
décryptage,dekRiptaZ
défendable,def@dabl
défends,def@
délateur,delat9R
démettre,demEtR
dératé,deRate
désacralisation,desakRalizasj§
désavouer,dezavwe
désemparé,dez@paRe
désinformation,dez5fORmasj§
désunion,dezynj§
ecce homo,EtSeomo
emmêler,@mele
empiéter,@pjete
empressé,@pRese
empêtrer,@petRe
encaissé,@kese
encorner,@kORne
enculade,@kylad
enfermement,@fERm°m@
enfumer,@fyme
engageant,@gaZ@
enneigé,@neZe
enrichissant,@RiSis@
enrichissement,@RiSis°m@
entrechat,@tR°Sa
esbroufe,EsbRuf
ex-chef,EksSEf
ex-patron,EkspatR§
exhibitionnisme,Egzibisjonizm
facho,faSo
failli,faji
faire-valoir,fERvalwaR
faitout,fEtu
faramineux,faRamin2
figuratif,figyRatif
filtration,filtRasj§
flicaille,flikaj
french,fREnS
funiculaire,fynikylER
galvaniser,galvanize
gammée,game
gastrite,gastRit
germano,ZERmano
gigantisme,Zig@tizm
gisant,Ziz@
globe-trotter,glObtROt9R
gonflement,g§fl°m@
grip,gRip
groupuscule,gRupyskyl
hachette,aSEt
haleter,al°te
herber,ERbe
hiéroglyphe,jeRoglif
homme-grenouille,OmgR°nuj
honorabilité,onoRabilite
huitaine,8itEn
humidificateur,ymidifikat9R
humoristique,ymoRistik
hurluberlu,yRlybERly
huskies,yski
hydroponique,idRoponik
hécatombe,ekat§b
hémiplégie,emipleZi
imaginable,imaZinabl
imbibé,5bibe
imbécillité,5besilite
imitateur,imitat9R
immérité,imeRite
impair,5pER
importun,5pORt1
imposable,5pozabl
improductif,5pRodyktif
incontinent,5k§tin@
incroyance,5kRwaj@s
indécelable,5des°labl
indénouable,5denuabl
instiller,5stile
intercession,5tERsesj§
interstice,5tERstis
ionosphère,jonosfER
iranien,iRanj5
irritabilité,iRitabilite
jaja,ZaZa
japon,Zap§
kabbale,kabal
kaddish,kadiS
kami,kami
karatéka,kaRateka
kif-kif,kifkif
kursaal,kyRsal
kvas,kvas
liposucer,lipOsyse
lise,liz
litron,litR§
logiciel,loZisjEl
lurex,lyREks
lymphe,l5f
législature,leZislatyR
macro,makRo
magner,maNe
mainte,m5t
mammaire,mamER
manutentionner,manyt@sjOne
marotte,maROt
merdouille,mERduj
mesquinerie,mEskin°Ri
mesuré,m°zyRe
mezzo-soprano,mEdzosopRano
mi-journée,miZuRne
miauler,mjole
milicien,milisj5
minceur,m5s9R
miséreux,mizeR2
miter,mite
mièvre,mjEvR
mordieu,mORdj2
mozarabe,mozaRab
médiastin,medjast5
mûrier,myRje
natalité,natalite
nescafé,nEskafe
nymphomanie,n5fomani
nécrophile,nekRofil
nécropole,nekRopOl
négativité,negativite
octogonal,Oktogonal
ondine,§din
oraison,oREz§
oralement,oRal°m@
ornithologie,ORnitoloZi
outré,utRe
ove,Ov
paluche,palyS
palucher,palySe
parallèlement,paRalEl°m@
parallélisme,paRalelizm
pariétal,paRjetal
partial,paRsjal
patronymique,patRonimik
peccata,pekata
penaud,p°no
petit-maître,p°timEtR
piétaille,pjetaj
planchiste,pl@Sist
pleur,pl9R
ploutocratie,plutokRasi
pochette-surprise,poSEtsyRpRiz
poitrail,pwatRaj
positiviste,pozitivist
pouponnière,puponjER
principauté,pR5sipote
proportionnel,pRopORsjonEl
prosélytisme,pRozelitizm
préposition,pRepozisj§
psychokinésie,psikokinezi
psychotechnique,psikotEknik
pubère,pybER
pugiliste,pyZilist
puritain,pyRit5
putrescent,pytRes@
quadrille,kadRij
quantifier,k@tifje
quartet,kwaRtE
quint,k5
rainure,RenyR
raval,Raval
recadrer,R°kadRe
recaser,R°kaze
recenser,R°s@se
recontrer,R2k§tRe
recueillement,R°k9j°m@
remodeler,R°mod°le
rempiler,R@pile
repaître,R°pEtR
ressouder,R°sude
restrictif,REstRiktif
retroussé,R°tRuse
rough,Ruf
royaliste,Rwajalist
réactivité,Reaktivite
récapitulation,Rekapitylasj§
réflecteur,ReflEkt9R
réfréner,RefRene
résilier,Rezilje
réutiliser,Reytilize
saint-esprit,s5tEspRi
salarié,salaRje
salière,saljER
sambo,sambo
saugrenu,sogR°ny
saumâtre,somatR
savarin,savaR5
scoubidou,skubidu
secondo,s2g§do
septante-sept,sEpt@t°sEt
seulet,s9lE
sic,sik
skieur,skj9R
slalom,slalOm
smala,smala
smart,smaRt
soixante-sept,swas@tsEt
soudanais,sudanE
souscrire,suskRiR
soutra,sutRa
speeder,spide
suant,s8@
suinter,s85te
supplanter,sypl@te
suppliant,syplij@
sur-place,syRplas
surboum,syRbum
sutra,sutRa
suzerain,syzR5
sylvain,silv5
synode,sinOd
séminariste,seminaRist
séquencer,sek@se
taïaut,tajo
tenture,t@tyR
terre-plein,tERpl5
terrine,tERin
tiret,tiRE
torera,tOReRa
tourniquer,tuRnike
transgénique,tR@zZenik
transit,tR@zit
trecento,tRetSEnto
trente-septième,tR@tsEtjEm
triangulation,tRij@gylasj§
trouvère,tRuvER
trépanation,tRepanasj§
turinois,tyRinwa
tyrrhénienne,tiRenjEn
télescopique,telEskopik
télégraphique,telegRafik
téléphoné,telefone
ukase,ykaz
ultra-rapide,yltRaRapid
ultra-secret,yltRas2kRE
urée,yRe
vaccination,vaksinasj§
vamper,v@pe
vidanger,vid@Ze
viking,vikiG
virtuosité,viRt8ozite
vomissure,vomisyR
xylographie,ksilOgRafi
à l'envi,al@vi
ébréché,ebReSe
échoir,eSwaR
égide,eZid
émigrant,emigR@
énumération,enymeRasj§
éperon,ep°R§
épigone,epigon
éploré,eploRe
étanchement,et@S°m@
évangélique,ev@Zelik
évitable,evitabl
abrasion,abRazj§
accréditation,akReditasj§
acronyme,akRonim
activiste,aktivist
affichette,afiSEt
affolé,afole
agencement,aZ@s°m@
alarmiste,alaRmist
allume-cigare,alymsigaR
amplification,@plifikasj§
amputé,@pyte
analgésique,analZezik
ancrage,@kRaZ
angioplastie,@Zjoplasti
annotation,anotasj§
archidiocèse,aRSidjosEz
arrivant,aRiv@
artériel,aRteRjEl
assiduité,asid8ite
attribué,atRib8e
automate,otomat
ballonné,balone
bavette,bavEt
bidouille,biduj
bigorneau,bigORno
billion,bilj§
blob,blOb
bop,bOp
botulique,bOtylik
boursouflé,buRsufle
boutade,butad
boyau,bwajo
braquemart,bRak°maR
broum,bRum
bâté,bate
caduque,kadyk
cambrure,k@bRyR
cambré,k@bRe
cardamome,kaRdamOm
catatonie,katatoni
cathartique,kataRtik
chagatte,Sagat
chef-lieu,SEflj2
chiffrer,SifRe
chromo,kRomo
claque-merde,klakmERd
cliqueter,klik°te
coaguler,koagyle
cohabitation,koabitasj§
coin-coin,kw5kw5
comparativement,k§paRativ°m@
compil,k§pil
complaire,k§plER
concave,k§kav
conservatrice,k§sERvatRis
consigné,k§siNe
contre-amiral,k§tRamiRal
convoler,k§vole
convulser,k§vylse
convulsion,k§vylsj§
copieur,kopj9R
corneille,kORnEj
coronaire,koRonER
coteau,koto
cotillon,kotij§
couvée,kuve
crapahuter,kRapayte
criant,kRij@
cybernétique,sibERnetik
cymbale,s5bal
demi-mot,d°mimo
dialectique,djalEktik
disqualifié,diskalifje
dissuasif,dis8azif
druidique,dR8idik
duplication,dyplikasj§
dynamo,dinamo
débaucher,deboSe
décodage,dekodaZ
déconneur,dekon9R
décourageant,dekuRaZ@
dégraisser,degRese
déhanché,de@Se
démordre,demORdR
dénaturé,denatyRe
dérider,deRide
désinsectisation,dez5sektizasj§
désorienter,dezoRj@te
détrôner,detRone
effendi,ef5di
embrumer,@bRyme
enthousiasmer,@tuzjasme
entomologie,@tomoloZi
entropie,@tRopi
escape,Eskap
excommunier,Ekskomynje
existant,Egzist@
explicable,Eksplikabl
extralucide,EkstRalysid
faiblard,fEblaR
faisabilité,f°zabilite
fantomatique,f@tomatik
fatalisme,fatalizm
filouter,filute
filtrant,filtR@
flocon,flok§
formateur,fORmat9R
giga,Ziga
globalisation,globalizasj§
gonflant,g§fl@
gratifier,gRatifje
griffure,gRifyR
grizzli,gRizli
guimpe,g5p
habilitation,abilitasj§
haras,aRa
hercule,ERkyl
hippogriffe,ipogRif
hodja,OdZa
horrifiant,oRifj@
horripilant,oRipil@
huche,yS
hygiéniste,iZjenist
hypo,ipo
identifiant,id@tifj@
implicitement,5plisit°m@
indéfendable,5def@dabl
infructueux,5fRykt82
ininflammable,in5flamabl
intercepteur,5tERsEpt9R
invendable,5v@dabl
inventorier,5v@toRje
isthme,izm
jerricane,ZERikan
jonc,Z§
kali,kali
kari,kaRi
kitchenette,kitS°nEt
knock-out,nOkawt
lancinant,l@sin@
liard,ljaR
lieue,lj2
liquette,likEt
lourdeur,luRd9R
légiférer,leZifeRe
légitimer,leZitime
mamelle,mamEl
mannitol,manitOl
masure,mazyR
mesurable,m°zyRabl
migrateur,migRat9R
moco,moko
monographie,monogRafi
mordicus,mORdikys
mortifier,mORtifje
motocross,motokROs
mouflette,muflEt
multicolore,myltikolOR
museler,myz°le
mécréant,mekRe@
médiateur,medjat9R
médoc,medOk
mésange,mez@Z
naufrager,nofRaZe
neuronal,n2Ronal
non-violent,n§vjol@
notation,notasj§
numéroté,nymeRote
nécromancien,nekRom@sj5
occiput,Oksipyt
optimal,Optimal
orgeat,ORZa
oubliette,ublijEt
oxygéner,OksiZene
papotage,papotaZ
paquet-cadeau,pakEkado
paris-brest,paRibREst
parvis,paRvi
pelotage,p°lotaZ
pensable,p@sabl
perfecto,pERfEkto
perméable,pERmeabl
persiflage,pERsiflaZ
phonétique,fonetik
picker,pik9R
pivoine,pivwan
placide,plasid
pleurant,pl2R@
pliable,pliabl
politicien,politisj5
porcin,pORs5
porte-drapeau,pORtdRapo
porte-malheur,pORtmal9R
presbyte,pREsbit
précarité,pRekaRite
préfabriqué,pRefabRike
prémolaire,pRemolER
prétexter,pRetEkste
prévenu,pREv°ny
ptérodactyle,pteRodaktil
pétant,pet@
quatre-vingt-six,katR°v5sis
quenelle,k°nEl
queutard,k2taR
quintal,k5tal
rabougri,RabugRi
rapetisser,Rap°tise
rationner,Rasjone
ravalement,Raval°m@
refroidi,R°fRwadi
remontrer,R°m§tRe
renonce,R°n§s
rock'n'roll,ROkEnROl
roitelet,Rwat°lE
rondeur,R§d9R
réaménagement,ReamenaZ°m@
répondeur,Rep§d9R
réveille-matin,RevEjmat5
sac-poubelle,sakpubEl
salsepareille,sals°paREj
sarong,saR§g
saxon,saks§
schtroumpf,StRumf
sciatique,sjatik
self-contrôle,sElfk§tRol
seriner,s°Rine
shift,Sift
silicose,silikoz
slave,slav
slice,slis
soupente,sup@t
sous-jacent,suZas@
spécifier,spesifje
stagnation,stagnasj§
stalle,stal
subsonique,sypsonik
susmentionné,sysm@sjone
symbolisme,s5bolizm
syndicaliste,s5dikalist
sélénium,selenjOm
sémillant,semij@
séronégatif,seRonegatif
tapeur,tap9R
tendeur,t@d9R
terrifier,tERifje
tollé,tole
too much,tum9tS
toundra,tundRa
transmissible,tR@smisibl
transparaître,tR@spaREtR
transporté,tR@spORte
trattoria,tRatoRja
travesti,tRavEsti
tulle,tyl
unicité,ynisite
valoche,valOS
vignette,viNEt
vindicte,v5dikt
voilé,vwale
whist,wist
échoppe,eSOp
éclaircissement,eklERsis°m@
écraseur,ekRaz9R
écrouer,ekRue
égorgeur,egORZ9R
élévateur,elevat9R
épate,epat
épithélium,epiteljOm
équerre,ekER
équivalence,ekival@s
étai,etE
absorbé,apsORbe
abécédaire,abesedER
acouphène,akufEn
acquiescer,akjese
acétylène,asetilEn
alloc,alOk
alpin,alp5
amuseur,amyz9R
anarchique,anaRSik
anti-venin,@tiv°n5
après-rasage,apRERazaZ
aquavit,akwavit
aromathérapie,aRomateRapi
arriviste,aRivist
autodiscipline,otodisiplin
baballe,babal
bacille,basil
badiner,badine
badminton,badmintOn
balancelle,bal@sEl
baobab,baobab
baraka,baRaka
barbiche,baRbiS
barde,baRd
battage,bataZ
bauxite,boksit
bighorn,bigORn
bigoudi,bigudi
biroute,biRut
bonimenteur,bonim@t9R
bonnard,bonaR
borough,boRO
bougé,buZe
béribéri,beRibeRi
cabochard,kaboSaR
camionnage,kamjonaZ
carpaccio,kaRpatSo
cartographique,kaRtogRafik
casaque,kazak
catamaran,katamaR@
cathodique,katodik
causerie,koz°Ri
charlot,SaRlo
charre,SaR
châtré,SatRe
cinquante-six,s5k@tsis
cinquantenaire,s5k@t°nER
climax,klimaks
code-barres,kOdbaR
colorant,koloR@
commercialiser,komERsjalize
commérage,komeRaZ
condom,k§dOm
conflictuel,k§flikt8El
connaissant,konEs@
contre-offensive,k§tRof@siv
corrosion,koRozj§
croisée,kRwaze
croquette,kRokEt
crotté,kRote
dahu,day
dantesque,d@tEsk
diagonale,djagonal
disloquer,disloke
dispersé,dispERse
disposé,dispoze
disséminer,disemine
domesticité,domEstisite
doseur,doz9R
doubler,duble
débraillé,debRaje
décréter,dekRete
défaveur,defav9R
démocratiquement,demokRatik°m@
démolisseur,demolis9R
démuni,demyni
dénudation,denydasj§
déroger,deRoZe
désamorçage,dezamORsaZ
déshériter,dezeRite
désister,deziste
déstabilisation,destabilizasj§
déversoir,devERswaR
dévoyé,devwaje
embonpoint,@b§pw5
embout,@bu
emphatique,@fatik
endetter,@dete
enduire,@d8iR
entêter,@tete
ex-partenaire,EkspaRt°nER
exténué,Eksten8e
fanfaronnade,f@faRonad
fauchon,foS§
fertiliser,fERtilize
finaud,fino
flippé,flipe
fonceur,f§s9R
foncièrement,f§sjER°m@
friterie,fRit°Ri
frugal,fRygal
gallon,gal§
ganglion,g@glij§
ganja,g@Za
gencive,Z@siv
gingivite,Z5Zivit
glanage,glanaZ
graphiste,gRafist
greffon,gREf§
grisonnant,gRizon@
généraliste,ZeneRalist
hallucinogène,alysinoZEn
haltérophilie,alteRofili
has been,abij5n
hebdo,Ebdo
hocher,oSe
hollandaise,ol@dEz
hydrate,idRat
hêtre,EtR
immigré,imigRe
impétuosité,5pet8ozite
indicateur,5dikat9R
indonésien,5donezj5
inextinguible,inEkst5gibl
infroissable,5fRwasabl
inhibé,inibe
insatisfaisant,5satisf°z@
insignifiance,5siNifj@s
iridium,iRidjOm
jardinet,ZaRdinE
jatte,Zat
kaléidoscope,kaleidoskOp
laryngoscope,laR5gOskOp
layette,lEjEt
levain,l°v5
limoger,limoZe
linoléum,linoleOm
lotte,lOt
louvoyer,luvwaje
luxuriant,lyksyRj@
lycanthropie,lik@tRopi
léthargique,letaRZik
machinerie,maSin°Ri
mariné,maRine
mati,mati
matinée,matine
minéral,mineRal
moissonner,mwasone
monospace,monospas
moulé,mule
mutiner,mytine
n',n
naturiste,natyRist
navajo,navaRo
naïve,naiv
nullos,nylo
orthopédique,ORtopedik
ost,Ost
ottoman,otom@
paléontologue,pale§tolOg
pelvien,pElvj5
pernicieux,pERnisj2
persécuté,pERsekyte
pietà,pjeta
pincement,p5s°m@
platitude,platityd
prolixe,pRoliks
promontoire,pRom§twaR
prospect,pROspE
protectorat,pRotEktoRa
provolone,pRovolOn
prénommé,pRenome
pulvérisateur,pylveRizat9R
pédant,ped@
péritonéal,peRitOneal
rachidien,RaSidj5
rad,Rad
raffermir,RafERmiR
reconfigurer,R°k§figyRe
rectorat,REktoRa
redorer,R°doRe
remiser,R°mize
resserre,R°sER
rocambolesque,Rok@bolEsk
réglable,Reglabl
réintroduire,Re5tRod8iR
résection,Reseksj§
réédition,Reedisj§
sautoir,sotwaR
self-défense,sElfdef@s
sentimentalité,s@tim@talite
silice,silis
solvant,sOlv@
sous-commission,sukomisj§
sprat,spRat
streptocoque,stREptokOk
stérilisateur,steRilizat9R
surbooké,syRbuke
surprise-partie,syRpRizpaRti
sympathisant,s5patiz@
taboulé,tabule
tantrique,t@tRik
tenancier,t°n@sje
terreau,tERo
tian,tij@
tohu-bohu,toyboy
tranquillisant,tR@kiliz@
triathlon,tRijatl§
tularémie,tylaRemi
turpitude,tyRpityd
verbiage,vERbjaZ
vice-consul,visk§syl
viennois,vjEnwa
villette,vilEt
virevolter,viR°vOlte
virtuose,viRt8oz
végétal,veZetal
vérifiable,veRifjabl
zircon,ziRk§
écueil,ek9j
égoutter,egute
électrisant,elEktRiz@
épître,epitR
ésotérique,ezoteRik
éventé,ev@te
évitement,evit°m@
abattement,abat°m@
acabit,akabi
acajou,akaZu
accessoirement,akseswaR°m@
acuponcture,akyp§ktyR
affaibli,afEbli
affilé,afile
agitato,aZitato
airain,ER5
albumine,albymin
ammoniac,amonjak
anche,@S
anguleux,@gyl2
anti-tabac,@titaba
anticommuniste,@tikomynist
anxieusement,@ksj2z°m@
apologie,apoloZi
arpent,aRp@
artériosclérose,aRteRjoskleRoz
assentiment,as@tim@
atomiser,atomize
autarcie,otaRsi
authentiquement,ot@tik°m@
automatisme,otomatizm
autres,otR
avaleur,aval9R
bakchich,bakSiS
baratineur,baRatin9R
barème,baREm
bastonner,bastone
baudrier,bodRije
belvédère,bElvedER
best of,bEstOf
beugler,b2gle
bibliographie,biblijogRafi
bigophone,bigofOn
bigot,bigo
billetterie,bijEt°Ri
blanquette,bl@kEt
bore,bOR
bougeoir,buZwaR
bouillasse,bujas
bouleversement,bul°vERs°m@
bouquiner,bukine
bradycardie,bRadikaRdi
breton,bR°t§
cagnard,kaNaR
cahute,kayt
cajou,kaZu
calicot,kaliko
camériste,kameRist
canari,kanaRi
canneberge,kan°bERZ
cantonnier,k@tonje
carburer,kaRbyRe
carreler,kaR°le
carton-pâte,kaRt§pat
caténaire,katenER
chambardement,S@baRd°m@
chausser,Sose
cheminement,S°min°m@
chlorhydrate,kloRidRat
chocolaté,Sokolate
cimier,simje
cinétique,sinetik
citrus,sitRys
cloîtrer,klwatRe
collapsus,kolapsys
colvert,kOlvER
complexer,k§plEkse
compulsion,k§pylsj§
concasseur,k§kas9R
concile,k§sil
condenser,k§d@se
congratuler,k§gRatyle
consonance,k§son@s
consterné,k§stERne
copulation,kopylasj§
cordage,kORdaZ
corner,koRne
cornu,kORny
corrosif,koRozif
corrélation,koRelasj§
coucherie,kuS°Ri
coulage,kulaZ
court-métrage,kuRmetRaZ
couvrant,kuvR@
crado,kRado
criard,kRijaR
croche-patte,kROSpat
cruiser,kRuze
cryogénisation,kRijoZenizasj§
crématoire,kRematwaR
cucu,kyky
cuirassé,k8iRase
cyanhydrique,sjanidRik
cybercafé,sibERkafe
cyclosporine,siklospoRin
dab,dab
dare-dare,daRdaR
demi-siècle,d°misjEkl
destituer,destit8e
destitution,destitysj§
diam,djam
diffus,dify
dindonneau,d5dono
directoire,diREktwaR
discriminer,diskRimine
dissociatif,disosjatif
divisible,divizibl
docte,dOkt
dorsal,dORsal
douiller,duje
dramatisation,dRamatizasj§
drummer,dR9m9R
duodénum,d8odenOm
débrouille,debRuj
décalcomanie,dekalkomani
décanter,dek@te
décorum,dekoROm
défenestrer,def°nEstRe
dégorger,degORZe
démineur,demin9R
déplorer,deploRe
dépouillement,depuj°m@
dératiser,deRatize
désarçonner,dezaRsone
désertique,dezERtik
détectable,detEktabl
détrousseur,detRus9R
développeur,dev°lop9R
embué,@b8e
emmêlé,@mele
empoigne,@pwaN
empresser,@pREse
encolure,@kolyR
endiablé,@djable
enjôleur,@Zol9R
enquiquineur,@kikin9R
environnant,@viRon@
erratique,ERatik
escarcelle,EskaRsEl
escompte,Esk§t
ex-amant,Eksam@
exponentiellement,Ekspon@sjEl°m@
exporter,EkspORte
expédient,Ekspedj@
famélique,famelik
fantasmagorie,f@tasmagoRi
fanzine,f@zin
ficeler,fis°le
ficus,fikys
finaliste,finalist
flageller,flaZele
flambe,fl@b
flambé,fl@be
flasher,flaSe
fluorure,flyoRyR
forfanterie,fORf@t°Ri
fortuitement,fORt8it°m@
foulure,fulyR
fourchu,fuRSy
franc-maçonnerie,fR@masOn°Ri
fume-cigarette,fymsigaREt
furibard,fyRibaR
fécule,fekyl
félonie,feloni
fétu,fety
gangrené,g@gR°ne
gaufrier,gofRije
gazé,gaze
geyser,ZEzER
gnou,gnu
graissé,gREse
graphologue,gRafolOg
gravissime,gRavisim
gringalet,gR5galE
grésillement,gRezij°m@
gémellité,Zemelite
génois,Zenwa
géodésique,Zeodezik
hamada,amada
harder,aRde
harponnage,aRponaZ
homéopathique,omeopatik
hongre,§gR
huppé,ype
hussard,ysaR
hydre,idR
hydro,idRo
hyperactivité,ipERaktivite
hypertrophié,ipERtRofje
hypocondriaque,ipok§dRijak
idéogramme,ideogRam
impala,5pala
imprévisibilité,5pRevizibilite
inactivité,inaktivite
indécision,5desizj§
inespéré,inEspeRe
ingestion,5ZEstj§
inhaler,inale
insoumis,5sumi
institutionnel,5stitysjonEl
inséminer,5semine
interagir,5tERaZiR
intercostal,5tERkOstal
intuitivement,5t8itiv°m@
irriguer,iRige
jaffe,Zaf
jocko,ZOko
joseph,ZozEf
judicieusement,Zydisj2z°m@
junte,Z1t
juxtaposition,Zykstapozisj§
kappa,kapa
kitch,kitS
krill,kRil
laboureur,labuR9R
lad,lad
laitier,letje
linteau,l5to
lippu,lipy
luth,lyt
léchage,leSaZ
malavisé,malavize
malfaisance,malf°z@s
mandibule,m@dibyl
maniaco-dépressif,manjakodepResif
mansuétude,m@s8etyd
marathonien,maRatonj5
mass media,masmedja
massepain,masp5
maîtrisé,metRize
mi-hauteur,miot9R
mi-lourd,miluR
microprocesseur,mikRopRosEs9R
millet,mijE
mimétisme,mimetizm
minoritaire,minoRitER
minouche,minuS
minuter,minyte
monsignor,m§siNOR
mouflet,muflE
multiplicité,myltiplisite
mulâtre,mylatR
myosotis,mjozotis
méconnu,mekony
niaiser,njEze
nietzschéen,nitSe5
nigérien,niZeRj5
nitrogène,nitRoZEn
notoirement,notwaR°m@
nouveau-né,nuvone
névralgie,nevRalZi
névrite,nevRit
obligeant,obliZ@
ocelot,Os°lo
octroi,OktRwa
officine,ofisin
orangé,oR@Ze
oratoire,oRatwaR
orbital,ORbital
ornithologique,ORnitoloZik
ornière,ORnjER
oscillateur,osijat9R
outrance,utR@s
paillard,pajaR
palladium,paladjOm
palmer,palmER
pandémie,p@demi
parachutage,paRaSytaZ
parmesan,paRm°z@
patapouf,patapuf
pavoiser,pavwaze
peignée,peNe
pense-bête,p@sbEt
pentothal,p5total
pernod,pERno
peroxyde,peROksid
persique,pERsik
persistance,pERsist@s
persistant,pERsist@
personnifié,pERsonifje
philanthropie,fil@tRopi
phonique,fonik
pitoyablement,pitwajabl°m@
plagiaire,plaZjER
pleurésie,pl9Rezi
pléonasme,pleonasm
politico,politiko
populo,popylo
pornographe,pORnogRaf
porte-chance,pORt°S@s
positivité,pozitivite
post-opératoire,pOstopeRatwaR
potasser,potase
pressoir,pREswaR
priapisme,pRijapizm
prolifique,pRolifik
prospection,pROspEksj§
provocant,pRovok@
précepte,pResEpt
putting,p9tiG
périodiquement,peRjodik°m@
péroniste,peROnist
pétanque,pet@k
rabibocher,RabiboSe
raconteur,Rak§t9R
raidir,RediR
ramolli,Ramoli
ramoner,Ramone
randonneur,R@don9R
rapière,RapjER
rasant,Raz@
rassis,Rasi
reboire,R°bwaR
recentrer,R°s@tRe
rencarder,R@kaRde
renflement,R@fl°m@
repositionner,R°pozisjone
reposoir,R°pozwaR
représenté,R°pRez@te
retriever,RitRiv9R
ricain,Rik5
rillettes,RijEt
robustesse,RobystEs
ronronner,R§Rone
roy,Rwa
récitation,Resitasj§
récurrence,RekyR@s
réinitialiser,Reinisjalize
réinterroger,Re5tERoZe
rétractation,RetRaktasj§
réversible,RevERsibl
réélire,ReeliR
saint-bernard,s5bERnaR
saint-frusquin,s5fRysk5
saisonnier,sEzonje
saoulard,sulaR
scanning,skaniG
scintillement,s5tij°m@
scotcher,skOtSe
scratching,skRatSiG
seltz,sElts
shale,Sal
shed,SEd
sidérant,sideR@
siennes,sjEn
siens,sj5
signataire,siNatER
simplette,s5plEt
singleton,s5gl2t§
siphonné,sifone
skinhead,skinEd
sous-louer,sulwe
sous-ministre,suministR
sous-station,sustasj§
spectral,spEktRal
sporadiquement,spoRadik°m@
strate,stRat
stylo-bille,stilobij
submergé,sybmERZe
suppôt,sypo
synopsis,sinOpsis
séchage,seSaZ
sécrétion,sekResj§
sédatif,sedatif
séminal,seminal
séropo,seRopo
taffetas,taf°ta
talkie,tOlki
tamiser,tamize
tamponnade,t@pOnad
tanguer,t@ge
tannée,tane
tantrisme,t@tRizm
tapissier,tapisje
terminaison,tERminEz§
terroir,tERwaR
tiama,tjama
toasteur,tost9R
tonte,t§t
topographique,topogRafik
traduc,tRadyk
tramway,tRamwE
tridimensionnel,tRidim@sjonEl
trithérapie,tRiteRapi
trois-huit,tRwa8it
tronçon,tR§s§
téflon,tefl§
unième,ynjEm
vanillé,vanije
vecteur,vEkt9R
vendange,v@d@Z
ventilé,v@tile
verbeux,vERb2
verticalement,vERtikal°m@
viaduc,vjadyk
vintage,v5taZ
vitrier,vitRije
volatile,volatil
youp,jup
zizique,zizik
à tire-larigot,atiRlaRigo
échafauder,eSafode
écoeurer,ek9Re
élargissement,elaRZis°m@
émule,emyl
épidermique,epidERmik
équilibrage,ekilibRaZ
étourdir,etuRdiR
abrogation,abRogasj§
abusivement,abyziv°m@
accession,aksEsj§
accidenté,aksid@te
accroupi,akRupi
adaptabilité,adaptabilite
adjacent,adZas@
adulation,adylasj§
affirmative,afiRmativ
affluent,afly@
agissement,aZis°m@
alcaloïde,alkaloid
alternativement,altERnativ°m@
amerrissage,amERisaZ
antagonisme,@tagonizm
anthropologique,@tRopoloZik
anti-bruit,@tibR8i
anti-incendie,@ti5s@di
anticipé,@tisipe
anticlérical,@tikleRikal
antigang,@tig@g
antigrippe,@tigRip
antipoison,@tipwaz§
antécédent,@tesed@
api,api
apprenant,apR°n@
arabica,aRabika
ardoise,aRdwaz
arpenteur,aRp@t9R
arrivisme,aRivizm
arriéré,aRjeRe
artériopathie,aRteRjopati
ashram,aSRam
assortir,asORtiR
astringent,astR5Z@
attaquant,atak@
attristé,atRiste
audiovisuel,odjoviz8El
australienne,ostRaljEn
autobronzant,otobR§z@
autocritique,otokRitik
autodidacte,otodidakt
avantageusement,av@taZ2z°m@
avilissement,avilis°m@
avocaillon,avokaj§
aéroplane,aeRoplan
aérostat,aeRosta
balluchon,balyS§
banalement,banal°m@
banaliser,banalize
barca,baRka
bassinet,basinE
ber,b9R
bergamote,bERgamOt
bifton,bift§
biomécanique,bjomekanik
birman,biRm@
blanc-bleu,bl@bl2
bombonne,b§bOn
bombé,b§be
borax,boRaks
bouillonnant,bujon@
bourriquet,buRikE
boutanche,but@S
bouter,bute
bran,bR@
branchette,bR@SEt
brouillard,bRujaR
brunir,bRyniR
buccal,bykal
butiner,bytine
bâtonnier,batonje
béance,be@s
bétaillère,betajER
bétonner,betone
cabernet,kabERnE
cache-pot,kaSpo
caducée,kadyse
cafardeur,kafaRd9R
calebar,kal°baR
cancéreux,k@seR2
canonnier,kanonje
catapulte,katapylt
centralisation,s@tRalizasj§
charlatanisme,SaRlatanizm
charretier,SaR°tje
charybde,SaRibd
chassant,Sas@
chemiserie,S°miz°Ri
chiquer,Sike
choucas,Suka
cilice,silis
cinquièmement,s5kjEm°m@
circonflexe,siRk§flEks
clapot,klapo
clignoter,kliNote
cloué,klue
cocard,kokaR
coder,kode
colorer,koloRe
coloriste,koloRist
comandant,kom@d@
commercialement,komERsjal°m@
commémoratif,komemoRatif
comploteur,k§plot9R
compresser,k§pREse
compromission,k§pRomisj§
conneau,kono
conscription,k§skRipsj§
constrictor,k§stRiktOR
coproduction,kopRodyksj§
coranique,koRanik
cordeau,kORdo
corder,kORde
cordonnerie,kORdOn°Ri
corner,koRnER
coupant,kup@
craque,kRak
cravacher,kRavaSe
croc-en-jambe,kRok@Z@b
cyclotron,siklotR§
câbleur,kabl9R
côtelé,kot°le
dale,dal
damoiseau,damwazo
de facto,defakto
deadline,dEdlajn
demi-dieux,d°midj2
dentisterie,d@tist°Ri
despotique,despotik
dessaisir,deseziR
dessaler,desale
deus ex machina,deuseksmakina
dionysiaque,djonizjak
diplômer,diplOme
disc-jockey,diskZokE
disgracié,disgRasje
dislocation,dislokasj§
droguiste,dRogist
dudit,dydit
durci,dyRsi
dyke,dik
débotté,debote
déconnexion,dekonEksj§
décontenancé,dek§t°n@se
déconvenue,dek§v°ny
dégrisement,degRiz°m@
dégrossi,degRosi
délassement,delas°m@
déliquescence,delikes@s
déluré,delyRe
démiurge,demjyRZ
démobilisé,demobilize
démographie,demogRafi
démonologie,demonoloZi
déphasage,defazaZ
déplier,deplije
déplumé,deplyme
désapprouver,dezapRuve
désenchantement,dez@S@t°m@
déserté,dezERte
désuet,dez8E
dévoreur,devoR9R
dézinguer,dez5ge
embardée,@baRde
embrassade,@bRasad
embrouilleur,@bRuj9R
embêtement,@bEt°m@
empoignade,@pwaNad
en loucedé,@lusde
encadreur,@kadR9R
enfant-robot,@f@Robo
enferrer,@fERe
enfilade,@filad
entremise,@tR°miz
enveloppement,@v°lOp°m@
environnemental,@viROn°m@tal
ergoter,ERgote
escogriffe,EskogRif
esquinté,Esk5te
essoufflement,esufl°m@
estoc,EstOk
ex-boxeur,EksbOks9R
excellemment,EksElam@
exceller,Eksele
excommunié,Ekskomynje
excéder,Eksede
expiatoire,EkspjatwaR
expéditionnaire,EkspedisjonER
fanion,fanj§
faro,faRo
fibreux,fibR2
fignoler,fiNole
fluvial,flyvjal
flûtiste,flytist
fourgue,fuRg
fourni,fuRni
fourniture,fuRnityR
frauder,fRode
freak,fREk
frette,fREt
froncement,fR§s°m@
gagne-petit,gaNp°ti
garde-forestier,gaRd2fOREstje
garde-frontière,gaRd°fR§tjER
garde-meubles,gaRd°m9bl
garnir,gaRniR
glutamate,glytamat
goujaterie,guZat°Ri
goupillon,gupij§
gracile,gRasil
grenat,gR°na
griffu,gRify
grimacer,gRimase
griot,gRijo
grésiller,gRezije
gréviste,gRevist
guichetier,giS°tje
guili-guili,giligili
génital,Zenital
halage,alaZ
herbier,ERbje
honoris causa,onoRiskoza
humano,ymano
humecter,ymEkte
hyoïde,ioid
hypoxique,ipOksik
ictère,iktER
idéalisation,idealizasj§
ignoblement,iNObl°m@
immettable,5mEtabl
impressionnisme,5pResjonizm
imprononçable,5pRon§sabl
in pace,inpas
inadapté,inadapte
inamovible,inamovibl
inatteignable,inatENabl
inattentif,inat@tif
incommensurable,5kom@syRabl
indisposer,5dispoze
indécrottable,5dekRotabl
indéfinissable,5definisabl
ingérable,5ZeRabl
inondé,in§de
inspirant,5spiR@
instrumental,5stRym@tal
insurpassable,5syRpasabl
intempérance,5t@peR@s
interpeller,5tERpEle
intramusculaire,5tRamyskylER
inusable,inyzabl
irish coffee,ajRiSkOfi
irrémissible,iRemisibl
jaunissant,Zonis@
joint-venture,dZOjntvEntS9R
karmique,kaRmik
kil,kil
kurde,kyRd
lack,lak
larfeuille,laRf9j
lascivité,lasivite
lem,lEm
lesquelles,lEkEl
libera,lib°Ra
lilas,lila
littoral,litoRal
liturgique,lityRZik
logos,logOs
lotta,lOta
machinal,maSinal
macrobiotique,makRobjotik
manu militari,manymilitaRi
marigot,maRigo
martre,maRtR
mastication,mastikasj§
merchandising,mERtS@diziG
microclimat,mikRoklima
milli,mili
missilier,misilje
mobilier,mobilje
modulation,modylasj§
mollard,molaR
monsignore,m§siNOR
moudjahidin,mudZaid5
mouvementé,muv°m@te
mue,my
mystification,mistifikasj§
médius,medjys
métallurgie,metalyRZi
narrer,naRe
navigant,navig@
neutraliste,n2tRalist
niaiserie,njEz°Ri
nib,nib
nitreux,nitR2
nocivité,nosivite
non-respect,n§REspE
nouille,nuj
nuancé,n8@se
nubuck,nybyk
nutritif,nytRitif
nécessiter,nesesite
nécessiteux,nesesit2
omnipotence,Omnipot@s
optionnel,OpsjonEl
ordurier,ORdyRje
ort,OR
outrigger,awtRig9R
ouvre-boîtes,uvR°bwat
oxydation,Oksidasj§
paillardise,pajaRdiz
paladin,palad5
panière,panjER
par-devant,paRd°v@
parlotte,paRlOt
passéiste,paseist
patachon,pataS§
paternaliste,patERnalist
pc,pese
pelade,p°lad
percepteur,pERsEpt9R
percussion,pERkysj§
peyotl,pEjOtl
phréatique,fReatik
piffer,pife
piffrer,pifRe
piner,pine
pistole,pistOl
pitrerie,pitR°Ri
pivert,pivER
plastiquage,plastikaZ
plastiquer,plastike
pluralisme,plyRalizm
pléiade,plejad
pogo,pOgo
pointillé,pw5tije
poinçonneur,pw5son9R
police-secours,pOliss2kuR
poltron,pOltR§
poncer,p§se
pontifical,p§tifikal
populiste,popylist
poque,pOk
pouding,pudiG
pourfendeur,puRf@d9R
poêlon,pwal§
premier-maître,pR2mjemEtR
presqu'île,pREskil
presse-papier,pREspapje
primeur,pRim9R
proportionné,pRopORsjone
prussien,pRysj5
psalmodier,psalmodje
pulluler,pylyle
périnée,peRine
périph,peRif
pétarade,petaRad
quasi-totalité,kazitotalite
quinquagénaire,k5kaZenER
rabougrir,RabugRiR
racketter,RakEte
racoler,Rakole
radiculaire,RadikylER
ramage,RamaZ
raphia,Rafja
ratage,RataZ
rectiligne,REktiliN
redisposer,R2dispoze
remmener,R@m°ne
remontrance,R°m§tR@s
remuscler,R2myskle
renforcement,R@fORs°m@
reperdre,R°pERdR
replat,R°pla
repérable,R°peRabl
respectivement,REspEktiv°m@
restoroute,REstoRut
retransformer,R2tR@sfORme
revisiter,R°vizite
rhumatologie,RymatOlOZi
riel,RjEl
rimmel,RimEl
rocaille,Rokaj
rocheux,RoS2
rogatoire,RogatwaR
rognure,RoNyR
ronchonner,R§Sone
ronron,R§R§
roucoulade,Rukulad
roucoulement,Rukul°m@
roulier,Rulje
routage,RutaZ
runique,Rynik
réaffectation,ReafEktasj§
réal,Real
réapparition,ReapaRisj§
rébarbatif,RebaRbatif
récriminer,RekRimine
régenter,ReZ@te
réopérer,ReopeRe
réserviste,RezERvist
rétrograder,RetRogRade
sabler,sable
saint-pierre,s5pjER
saloper,salope
salopiaud,salopjo
sans-culotte,s@kylOt
sarcelle,saRsEl
self-control,sElfk§tRol
sensibiliser,s@sibilize
septentrion,sEpt@tRij§
shunt,S9nt
sine qua non,sinekwanOn
sitar,sitaR
soignable,swaNabl
soixante-dix-huit,swas@tdiz8it
soixante-huit,swas@t8it
soixante-neuf,swas@tn9f
solfège,solfEZ
sonotone,sonotOn
soupirail,supiRaj
sous-homme,suzOm
souverainement,suv°REn°m@
spongieux,sp§Zj2
squatter,skwat9R
stigmate,stigmat
stock-car,stOkkaR
strapontin,stRap§t5
subtiliser,syptilize
sunlight,s9nlajt
surenchérir,syR@SeRiR
surestimer,syREstime
synaptique,sinaptik
séné,sene
tapinage,tapinaZ
tarabuster,taRabyste
taxidermiste,taksidERmist
taï chi,tajSi
tenon,t°n§
tergal,tERgal
tertre,tERtR
testeur,tEst9R
théâtreux,teatR2
tiki,tiki
tine,tin
tirailler,tiRaje
tortillard,tORtijaR
tout-paris,tupaRi
transat,tR@zat
trempeur,tR@p9R
triangulaire,tRij@gylER
tripaille,tRipaj
triplette,tRiplEt
triquer,tRike
tristouille,tRistuj
trois-mâts,tRwama
trémolo,tRemolo
turbiner,tyRbine
tyrolien,tiRolj5
téloche,telOS
tétras,tetRas
ukulélé,ykylele
ultraviolet,yltRavjolE
urètre,yREtR
vantardise,v@taRdiz
verdir,vERdiR
vernir,vERniR
veule,v2l
violenter,vjol@te
visionnage,vizjonaZ
voilure,vwalyR
wait and see,wEjt5ndsi
wicket,wikEt
à fortiori,afORsjoRi
ânon,an§
ébouillanter,ebuj@te
éboulis,ebuli
échangisme,eS@Zizm
égotisme,egotizm
électro-encéphalogramme,elEktRo@sefalogRam
élitisme,elitizm
élysée,elize
émeri,Em°Ri
émigré,emigRe
émoustiller,emustije
éméché,emeSe
énormité,enORmite
épiphyse,epifiz
épouvanter,epuv@te
épouvanté,epuv@te
érythème,eRitEm
étancher,et@Se
éteignoir,etENwaR
étouffée,etufe
acception,aksEpsj§
acquiescement,akjEs°m@
activisme,aktivizm
agro-alimentaire,agRoalim@tER
anisette,anizEt
annuellement,an8El°m@
antalgique,@talZik
antisèche,@tisES
aortique,aORtik
apostrophe,apostROf
architectural,aRSitEktyRal
artisanal,aRtizanal
aruspice,aRyspis
assagir,asaZiR
attorney,atORnE
avéré,aveRe
aérophagie,aeRofaZi
bagasse,bagas
ballonner,balone
barquette,baRkEt
basal,bazal
belladone,beladOn
bicolore,bikolOR
biotechnique,bjotEknik
bipartite,bipaRtit
blasphémateur,blasfemat9R
boisé,bwaze
bordé,bORde
botulisme,botylizm°
boulgour,bulguR
boulier,bulje
bourrage,buRaZ
bousillage,buzijaZ
bravissimo,bRavisimo
bénéficiaire,benefisjER
cache-nez,kaSne
caftan,kaft@
calendula,kal@dyla
calorie,kaloRi
capitainerie,kapitEn°Ri
castagne,kastaN
chao,kao
chateaubriand,SatobRij@
chatouillement,Satuj°m@
chaude-pisse,Sodpis
chemisette,S°mizEt
chorus,koRys
ci-après,siapRE
cinquante-trois,s5k@ttRwa
civette,sivEt
codification,kodifikasj§
colonnade,kolonad
commercialisation,komERsjalizasj§
compost,k§pOst
concertation,k§sERtasj§
concorder,k§kORde
conjugué,k§Zyge
consoeur,k§s9R
contentement,k§t@t°m@
contredit,k§tR°di
contreplaqué,k§tR°plake
convive,k§viv
corregidor,koReZidOR
couscoussier,kuskusje
crinoline,kRinolin
cristi,kRisti
créatinine,kReatinin
crépiter,kRepite
cucaracha,kukaRatSa
cui-cui,k8ik8i
demi-mois,d2mimwa
desquels,dekEl
diluant,dil8@
discriminatoire,diskRiminatwaR
distal,distal
distancier,dist@sje
dix-neuvième,dizn9vjEm
djellaba,dZElaba
dopant,dOp@
douceâtre,dusatR
dragage,dRagaZ
décontraction,dek§tRaksj§
découpeur,dekup9R
défouloir,defulwaR
délester,delEste
dénominateur,denominat9R
dépaysant,depeiz@
déprécier,depResje
désherbage,dezERbaZ
déshumanisation,dezymanizasj§
embourber,@buRbe
embringuer,@bR5ge
emmenthal,em@tal
encadré,@kadRe
encroûter,@kRute
endetté,@dete
endoscope,@doskOp
enfantillage,@f@tijaZ
enrichi,@RiSi
enrober,@Robe
expansif,Eksp@sif
exécutant,Egzekyt@
fahrenheit,faREnajt
familièrement,familjER°m@
fauconnier,fokonje
filmique,filmik
follicule,folikyl
forgeur,fORZ9R
fripon,fRip§
fruitier,fR8itje
gargariser,gaRgaRize
genèse,Z°nEz
gesticulation,ZEstikylasj§
gig,Zig
goinfre,gw5fR
grailler,gRaje
grandiloquent,gR@dilok@
graphologie,gRafoloZi
grisbi,gRisbi
gréco,gReko
gynécologique,ZinekoloZik
gîte,Zit
handicapant,@dikap@
henry,@Ri
histamine,istamin
homéopathe,omeopat
horizontalement,oRiz§tal°m@
hyperthermie,ipERtERmi
hâle,al
ichtyologie,iktjoloZi
imperturbable,5pERtyRbabl
impraticable,5pRatikabl
impériale,5peRjal
in memoriam,inm°moRjam
incandescent,5k@des@
inextricablement,inEkstRikabl°m@
informatiquement,5fORmatik°m@
inoxydable,inOksidabl
intempestif,5t@pEstif
intestin,5tEst5
intolérant,5toleR@
intégriste,5tegRist
irréversiblement,iRevERsibl°m@
islamiste,islamist
italo-américain,italoameRik5
jabot,Zabo
journellement,ZuRnEl°m@
junky,Zynki
koala,koala
krach,kRak
larmoyer,laRmwaje
lasagne,lazaN
lattis,lati
lavoir,lavwaR
lectorat,lEktoRa
lichette,liSEt
locus,lokys
lupin,lyp5
lécithine,lesitin
magnifier,maNifje
mammographie,mamogRafi
mandrin,m@dR5
maori,maoRi
maquer,make
matérialisation,mateRjalizasj§
mensualité,m@s8alite
mi-longs,mil§
miniaturisation,minjatyRizasj§
mirador,miRadOR
moralisme,moRalizm
mouler,mule
muleta,myl°ta
muqueux,myk2
méthodiste,metodist
métronome,metRonOm
nanti,n@ti
navaja,navaZa
neutrino,n2tRino
noceur,nos9R
nord-sud,nORsyd
nourricier,nuRisje
néocortex,neokORtEks
occupant,okyp@
optimum,OptimOm
orthodoxie,ORtodOksi
outrageant,utRaZ@
oxygénation,OksiZenasj§
panama,panama
parthénogénétique,paRtenoZenetik
patri,patRi
patriarcat,patRijaRka
pep,pEp
photonique,fotonik
piéta,pjeta
plaqué,plake
plisser,plise
plongeant,pl§Z@
poisson-lune,pwas§lyn
polygame,poligam
posologie,pozoloZi
pourparler,puRpaRle
practice,pRaktis
primer,pRime
prolapsus,pRolapsys
prorata,pRoRata
préconiser,pRekonize
pulseur,pyls9R
pyrotechnie,piRotEkni
pénates,penat
périodique,peRjodik
pêne,pEn
quantifiable,k@tifjabl
raccourci,RakuRsi
racoleur,Rakol9R
radius,Radjys
rancher,R@ntS9R
rediriger,R°diRiZe
refoulement,R°ful°m@
remix,R2miks
renfrogné,R@fRoNe
repentance,R°p@t@s
repincer,R°p5se
repêchage,R°pESaZ
resquille,REskij
retéléphoner,R2telefOne
revitaliser,R°vitalize
riant,Rj@
rimer,Rime
rouet,RwE
rougeoyant,RuZwaj@
rougeâtre,RuZatR
roupette,RupEt
rutilant,Rytil@
réajustement,ReaZyst°m@
réarranger,ReaR@Ze
réenvisager,Re@vizaZe
réfractaire,RefRaktER
réglementairement,Regl°m@tER°m@
réutilisation,Reytilizaj§
safran,safR@
sanctionner,s@ksjone
santal,s@tal
scientiste,sj@tist
shakespearien,SEkspiRj5
simiesque,simjEsk
similarité,similaRite
simplification,s5plifikasj§
singer,s5Ze
smasher,smaSe
soap-opéra,sOwpopeRa
soixante-deux,swas@td2
soixante-trois,swas@ttRwa
solennité,solanite
soluté,solyte
solvabilité,sOlvabilite
spasmodique,spasmodik
stuc,styk
stupéfier,stypefje
subrepticement,sybREptis°m@
sécateur,sekat9R
sécurit,sekyRi
tabagie,tabaZi
technologiquement,tEknoloZik°m@
terrassier,tERasje
tiers-mondiste,tjERm§dist
trancheur,tR@S9R
tunisien,tynizj5
tutti quanti,tytikwanti
téléguidage,telegidaZ
tétanie,tetani
usufruit,yzyfR8i
velvet,vElvEt
vermicelle,vERmisEl
vilipender,vilip@de
visitation,vizitasj§
vizir,viziR
yakusa,jakuza
zoulou,zulu
à votre encontre,avOtR@k§tR
écheveau,ES°vo
égratigner,egRatiNe
émotivité,emotivite
énarque,enaRk
épurateur,epyRat9R
érafler,eRafle
évolutionniste,evolysjonist
abatteur,abat9R
abattis,abati
abrutissant,abRytis@
absentéisme,aps@teizm
abstention,apst@sj§
absurdement,apsyRd°m@
académicien,akademisj5
acclimatation,aklimatasj§
accointance,akw5t@s
aconit,akonit
acquitté,akite
acéré,aseRe
adriatique,adRijatik
adéquation,adekwasj§
affubler,afyble
agrég,agReg
agrémenté,agRem@te
agréé,agRee
alain,al5
alaire,alER
alderman,aldERman
aliénant,aljen@
allergologie,alERgOlOZi
allopathie,alopati
allume-cigares,alymsigaR
alphabétiquement,alfabetik°m@
alstonia,alstonja
alternateur,altERnat9R
altier,altje
amandier,am@dje
ambulatoire,@bylatwaR
amish,amiS
amniotique,amnjotik
amorphe,amORf
anecdotique,anEkdotik
anfractuosité,@fRakt8ozite
anti-démocratique,@tidemokRatik
antibois,@tibwa
anticoagulant,@tikoagyl@
anticonstitutionnel,@tik§stitysjonEl
antidreyfusard,@tidREfyzaR
antiscientifique,@tisj@tifik
antivol,@tivOl
antonin,@ton5
apoplectique,apoplEktik
appauvrir,apovRiR
applicable,aplikabl
aquarelle,akwaREl
arc-boutant,aRkbut@
arceau,aRso
architectonie,aRSitEktOni
aridité,aRidite
arobase,aRObaz
arrière-petit-fils,aRjERp°tifis
aréquier,aRekie
ascétisme,asetizm
aspi,aspi
assimilation,asimilasj§
astrakan,astRak@
astro,astRo
astérisme,asteRism
atchoum,atSum
atour,atuR
attractif,atRaktif
autochtone,otoktOn
autogestion,otoZEstj§
autographe,otogRaf
automation,otomasj§
automatisation,otomatizasj§
automatisé,otomatize
autorégulation,otoRegylasj§
badinage,badinaZ
baissier,besje
baladin,balad5
balbutiant,balbysj@
ballon-sonde,bal§s§d
baltique,baltik
bananeraie,banan°RE
banc-titre,b@titR
bardolino,baRdolino
barguigner,baRgiNe
bauge,boZ
bcbg,besebeZe
becfigue,bEkfig
bedonnant,b2don@
bellement,bEl°m@
beur,b9R
bifurquer,bifyRke
bigoterie,bigOt°Ri
bilatéral,bilateRal
biographique,bjogRafik
biogénétique,bjoZenetik
bischof,biSOf
biser,bize
bistorte,bistORt
bitter,bitER
bizarroïde,bizaRoid
blennorragie,blenoRaZi
blêmir,blemiR
bocage,bokaZ
bogie,bOZi
bohémien,boemj5
bombardon,b§baRd§
bonapartiste,bonapaRtist
bonbonnière,b§bonjER
bonne-maman,bOnmam@
bonneterie,bonEt°Ri
bonnette,bOnEt
bonzaï,b§zaj
borderline,bORdERlin
borée,bORe
boukha,buka
bourdillon,buRdij§
bout-rimé,buRime
boutiquier,butikje
brandade,bR@dad
bravache,bRavaS
brimer,bRime
brocard,bRokaR
bucolique,bykolik
bumper,b9mp9R
butagaz,bytagaz
bâter,bate
caban,kab@
cabas,kaba
cade,kad
caduc,kadyk
caf,kaf
caillasse,kajas
calame,kalam
calanque,kal@k
calculette,kalkylEt
calfeutrage,kalf2tRaZ
calisson,kalis§
cancrelat,k@kR°la
capon,kap§
captiver,kaptive
caraco,kaRako
carat,kaRa
carbonade,kaRbOnad
cardio-vasculaire,kaRdjovaskylER
carioca,kaRjoka
carmin,kaRm5
carogne,kaRON
carreleur,kaR°l9R
cassage,kasaZ
castel,kastEl
castrisme,kastRism
caséine,kazein
catalytique,katalitik
causa,koza
cautionnaire,kosjonER
cavette,kavEt
caviste,kavist
centenaires,s@t°nER
centriole,s@tRijOl
centrum,s@tROm
cerque,sERk
chabot,Sabo
chalon,Sal§
chamarré,SamaRe
chanceler,S@s°le
chassieux,Sasj2
chatière,SatjER
chavirement,SaviR°m@
chemiser,S°mize
chenu,S°ny
chevauchement,S°voS°m@
chicot,Siko
chien-loup,Sj5lu
chinoiser,Sinwaze
choral,koRal
châtaignier,SateNe
cimeterre,sim°tER
circassienne,siRkasjEn
circumnavigation,siRk§navigasj§
clamper,kl@pe
claquant,klak@
classable,klasabl
classieux,klasj2
clinker,klink9R
clystère,klistER
clématite,klematit
co,ko
coda,koda
cohéritier,koeRitje
collectivisme,kolEktivizm
collégial,koleZjal
colombophilie,kol§bofili
colorature,koloRatyR
comac,komak
comiquement,komik°m@
commanderie,kom@d°Ri
commisération,komizeRasj§
communiant,komynj@
compagnonnage,k§paNonaZ
comparatif,k§paRatif
complétude,k§pletyd
composite,k§pozit
computer,k§pyte
confectionneur,k§fEksjon9R
conga,k§ga
conjecturer,k§ZEktyRe
consolateur,k§solat9R
conspirateur,k§spiRat9R
constitutif,k§stitytif
contestataire,k§tEstatER
contre-performance,k§tR2pERfORm@s
contrescarpe,k§tREskaRp
contrit,k§tRi
copule,kopyl
coquetier,kOk°tje
corbin,kORb5
cordonnet,kORdonE
corn flakes,kORnflEks
cot cot codec,kOtkOtkOdEk
cotation,kotasj§
cotiser,kotize
couleuvrine,kul9vRin
coupe-choux,kupSu
coupleur,kupl9R
courser,kuRse
cousu,kuzy
cover-girl,kOv9Rg9Rl
craquelure,kRak°lyR
crescendo,kReSEndo
crosser,kROse
cryofracture,kRijofRaktyR
créationnisme,kReasjonizm
cubage,kybaZ
cucurbitacée,kykyRbitase
cuisiné,k8izine
cuisseau,k8iso
curaillon,kyRaj§
curetage,kyR°taZ
cymbaliste,s5balist
céara,seaRa
césure,sezyR
dalmatien,dalmasj5
demain,d°m5
demi-fou,d2mifu
demi-kilomètre,d2mikilOmEtR
demi-mesure,d°mim°zyR
demi-point,d2mipw5
dermographie,dERmogRafi
deux-mâts,d2ma
diablerie,djabl°Ri
diaclase,djaklaz
diamétralement,djametRal°m@
dirham,diRam
disqualification,diskalifikasj§
disqualifier,diskalifje
dissonance,dison@s
dissymétrie,disimetRi
diurétique,djyRetik
diversification,divERsifikasj§
dixieland,diksil@d
dizain,diz5
docilité,dosilite
dogger,dOg9R
dogue,dOg
dominance,domin@s
dossard,dosaR
double-six,dubl2sis
doublette,dublEt
draconien,dRakonj5
dreyfusard,dREfyzaR
drôlerie,dRol°Ri
déblaiement,deblEm@
débroussailler,debRusaje
déchaînement,deSEn°m@
déclancher,dekl@Se
déclasser,deklase
déclassé,deklase
dédouanement,dedwan°m@
déductif,dedyktif
défibrillation,defibRilasj§
démagogique,demagoZik
démantèlement,dem@tEl°m@
démilitarisation,demilitaRizasj§
démographique,demogRafik
dénaturer,denatyRe
dépister,depiste
dépressuriser,depResyRize
dériveur,deRiv9R
désaccoutumer,dezakutyme
désengagement,dez@gaZ°m@
détachable,detaSabl
détailler,detaje
détaler,detale
détenteur,det@t9R
détourage,detuRaZ
dévaluation,deval8asj§
déversement,devERs°m@
efflanqué,efl@ke
empaquetage,@pak°taZ
empaqueter,@pak°te
encarter,@kaRte
enchrister,@kRiste
enchérisseur,@SeRis9R
encornet,@kORnE
endocardite,@dOkaRdit
enjouement,@Zum@
enregistreur,@R°ZistR9R
ensellure,@selyR
entortiller,@tORtije
entr'acte,@tRakt
entrebâilleur,@tR2baj9R
entregent,@tR°Z@
enture,@tyR
ergoté,ERgote
escagasser,Eskagase
escot,Esko
espionnite,Espjonit
essential,Es@tjal
estacade,Estakad
estrapade,EstRapad
ethnologue,EtnolOg
event,ivEnt
ex-chauffeur,EksSof9R
ex-star,EksstaR
ex-super,EkssypER
existentiel,Egzist@sjEl
exploitable,Eksplwatabl
exponentiel,Ekspon@sjEl
expérimentateur,EkspeRim@tat9R
extrapoler,EkstRapole
exégèse,EgzeZEz
facturier,faktyRje
facultatif,fakyltatif
facétie,fasesi
falbala,falbala
fastueux,fast82
fatma,fatma
fau,fo
faustien,fostj5
fellah,fela
fenestrelle,f2nEstREl
ferreux,fER2
ferry-boat,fERibOwt
filial,filjal
filoche,filOS
filouterie,filut°Ri
fixité,fiksite
flagorneur,flagORn9R
flamenco,flamEnko
flammèche,flamES
flashage,flaSaZ
fleurdelisé,fl9Rd°lize
flibuste,flibyst
fluorescent,flyoRes@
flûter,flyte
fontanelle,f§tanEl
forgeage,fORZaZ
foulon,ful§
fourvoyer,fuRvwaje
fraisier,fRezje
franco-africain,fR@koafRik5
franquiste,fR@kist
frasque,fRask
fâcherie,faS°Ri
fédéralisme,fedeRalizm
félibrige,felibRiZ
fêler,fele
fête-dieu,fEtdj2
galetas,gal°ta
garbure,gaRbyR
gargotier,gaRgotje
garibaldien,gaRibaldj5
gazouillant,gazuj@
gentiane,Z@sjan
gentleman-farmer,ZEntl°manfaRm9R
gigolette,ZigolEt
girl friend,g9RlfR5d
glaciologue,glasjOlOg
gna gna,NaNa
gomina,gomina
goulûment,gulym@
graben,gRab9n
grafigner,gRafiNe
grammatical,gRamatikal
grammaticalement,gRamatikal°m@
granitique,gRanitik
grelotter,gR°lote
grenadine,gR°nadin
grenouillage,gR°nujaZ
griffonneur,gRifOn9R
grimaçant,gRimas@
grisé,gRize
grognasse,gRoNas
grutier,gRytje
guerroyer,gERwaje
guilleret,gij°RE
guinguette,g5gEt
guipure,gipyR
gusse,gys
gyrocompas,ZiRok§pa
habillage,abijaZ
hallali,alali
haut-de-chausse,od°Sos
hennissement,enis°m@
hermétisme,ERmetizm
hickory,ikoRi
highlander,ajl@d9R
hilare,ilaR
hindi,indi
histocompatibilité,istok§patibilite
holistique,olistik
homeland,omEl@d
homogénéisateur,OmOZeneizat9R
homuncule,Om§kyl
hongkongais,§gk§gE
hydrographe,idRogRaf
hydropique,idRopik
hygrométrie,igRometRi
hypocritement,ipokRit°m@
hébétude,ebetyd
hématologue,ematolOg
hémophilie,emofili
hémostatique,emostatik
héroïquement,eRoik°m@
hétérogène,eteRoZEn
idiotisme,idjotizm
iliaque,iljak
illusionniste,ilyzjonist
ilotisme,ilOtism
imbaisable,5bEzabl
immutabilité,imytabilite
imperceptiblement,5pERsEptibl°m@
inadéquat,inadekwa
inanité,inanite
incolore,5kolOR
incrédule,5kRedyl
incréé,5kRee
incurvation,5kyRvasj§
indigné,5diNe
indémodable,5demodabl
infirmière-major,5fiRmjERmaZOR
inflationniste,5flasjonist
initiateur,inisjat9R
inodore,inodOR
insolemment,5solam@
instigation,5stigasj§
intensivement,5t@siv°m@
interglaciaire,5tERglasjER
intériorisation,5teRjoRizasj§
invraisemblance,5vREs@bl@s
inébranlablement,inebR@labl°m@
inéligibilité,ineliZibilite
inélégance,ineleg@s
irréalité,iRealite
irrésistiblement,iRezistibl°m@
isolant,izol@
isolément,izolem@
jacter,Zakte
jam-session,dZamsesj9n
jamaïcain,Zamaik5
jazz-rock,dZazROk
jazzy,dZazi
jouissif,Zwisif
juridiquement,ZyRidik°m@
jérémiade,ZeRemjad
kama,kama
kicker,kike
kilogramme,kilogRam
kilohertz,kiloERts
kleptomane,klEptoman
kraken,kRakEn
la-la-la,lalala
labourage,labuRaZ
laisse-la-moi,lEslamwa
lamelle,lamEl
latrine,latRin
laïciser,laisize
lettre-clé,lEtRkle
lige,liZ
lippe,lip
liquéfier,likefje
liron,liR§
livèche,livES
loader,lod9R
longane,l§gan
loran,loR@
lorgner,lORNe
louablement,lwabl2m@
loufiat,lufja
lover,love
lubrification,lybRifikasj§
lucre,lykR
lumbago,l§bago
lump,l1p
luncher,l1Se
lut,ly
lychee,litSi
légataire,legatER
léniniste,leninist
macaque,makak
macramé,makRame
macédoine,masedwan
maelstrom,malstROm
maghrébin,magReb5
magiquement,maZik°m@
magouiller,maguje
mainmise,m5miz
maldonne,maldOn
malvenu,malv°ny
manganite,m@ganit
mangeaille,m@Zaj
manigance,manig@s
maousse,maus
maquisard,makizaR
marcheur,maRS9R
marital,maRital
marlou,maRlu
marmiter,maRmite
marmiteux,maRmit2
maroufle,maRufl
mastiquer,mastike
mastroquet,mastRokE
matamore,matamOR
matelassé,mat°lase
matraquage,matRakaZ
matriarcat,matRijaRka
menuise,m2n8iz
mercanti,mERk@ti
mercier,mERsje
mi-bas,miba
mi-black,miblak
mi-russe,miRys
mi-saison,misEz§
microbiologie,mikRobjoloZi
milan,mil@
millimétrique,milimetRik
millième,miljEm
minablement,minabl°m@
mini-chaîne,miniSEn
mirmidon,miRmid§
mirobolant,miRobol@
mitonner,mitone
mitose,mitoz
mitron,mitR§
modiste,modist
moko,moko
monition,mOnisj§
montre-la-moi,m§tR°lamwa
morbac,mORbak
moresque,moREsk
morillon,moRij§
morphinomane,mORfinoman
mortaise,mORtEz
motoculture,motokyltyR
mouillage,mujaZ
moutier,mutje
mucoviscidose,mykovisidoz
muezzin,m8Edzin
multifonctions,myltif§ksj§
multirisque,myltiRisk
musicalité,myzikalite
musqué,myske
mâture,matyR
méandre,me@dR
médiascope,medjaskOp
méhari,meaRi
méta,meta
métempsycose,met@psikoz
nano,nano
nantaise,n@tEz
narcoleptique,naRkolEptik
nasdaq,nazdak
naseau,nazo
nativité,nativite
neurasthénie,n2Rasteni
neurotoxique,n2RotOksik
neuvaine,n9vEn
nid-de-poule,nid°pul
nimbo-stratus,n5bostRatys
nipponne,nipOn
nière,njER
nonciature,n§sjatyR
novation,nOvasj§
numérologie,nymeROlOZi
néogothique,neogotik
néolibéralisme,neolibeRalism
nôtres,notR
obscurantisme,OpskyR@tizm
observance,opsERv@s
obédience,obedj@s
ocre,OkR
oedipe,2dip
officialiser,ofisjalize
oiseux,waz2
olifant,olif@
omerta,omERta
omnipotent,Omnipot@
omniscient,Omnisj@
on-dit,§di
onirisme,OniRism
oppresser,opRese
optalidon,Optalid§
optimisation,Optimizasj§
orchis,ORkis
orgueilleusement,ORg9j2z°m@
orientable,oRj@tabl
orienteur,oRj@t9R
ornementation,ORn°m@tasj§
ostensoir,Ost@swaR
oustachi,ustaSi
outrancier,utR@sje
pachyderme,paSidERm
pacifisme,pasifizm
pal,pal
paléontologie,pale§toloZi
panaméenne,panameEn
pancréatite,p@kReatit
panis,pani
pantocrator,p@tOkRatOR
pané,pane
papamobile,papamObil
parait,paRE
parjurer,paRZyRe
passement,pas°m@
passiflore,pasiflOR
passiver,pasive
pastoral,pastoRal
patent,pat@
patenté,pat@te
patronnesse,patRonEs
pattemouille,pat°muj
peeling,piliG
perchman,pERSman
perquise,pERkiz
persifler,pERsifle
petitement,p°tit°m@
peuchère,p2SER
phallo,falo
photocomposition,fotok§pozisj§
phylogenèse,filoZ2nEz
piastre,pjastR
picote,pikOt
pierrot,pjERo
pigeon-voyageur,piZ§vwajaZ9R
pis-aller,pizale
pissette,pisEt
pitchounet,pitSunE
pitchounette,pitSunEt
piteusement,pit2z°m@
plantoir,pl@twaR
platement,plat°m@
ployer,plwaje
pluton,plyt§
pochetron,poSEtR§
poigner,pwaNe
poivrade,pwavRad
poix,pwa
polski,pOlski
polytechnicien,politEknisj5
polémiste,polemist
pont-neuf,p§n9f
populairement,popylER°m@
porte-parapluies,pORtpaRapl8i
post-moderne,pOstmodERn
post-production,pOstpRodyksj§
postulat,pOstyla
potentiomètre,pot@sjomEtR
poulaga,pulaga
poulinière,pulinjER
pouponner,pupone
pressentir,pRes@tiR
pressurisé,pResyRize
prolétarien,pRoletaRj5
prophylactique,pRofilaktik
prophétiser,pRofetize
prostration,pRostRasj§
prosélyte,pRozelit
prudhommesque,pRydOmEsk
présager,pRezaZe
prétentiard,pRet@sjaR
prévalent,pReval
psoriasis,psoRjazis
psychanalyser,psikanalize
pubertaire,pybERtER
pyrrhique,piRik
pénétrable,penetRabl
pépiant,pepj@
périf,peRif
périssodactyle,peRisodaktil
pêcherie,pES°Ri
quasi-mendiant,kazim@dj@
quaternaire,kwatERnER
quatre-vingt-neuf,katR°v5n9f
quatre-vingt-quinze,katR°v5k5z
querelleur,k°REl9R
queue-de-cheval,k2d°S°val
quinté,k5te
quitus,kitys
rader,Rade
radiesthésiste,RadjEstezist
radio-taxi,Radjotaksi
rampant,R@p@
rapiécer,Rapjese
rebloquer,R2blOke
rebouter,R°bute
recasser,R2kase
recentrage,R°s@tRaZ
reclassement,R°klas°m@
recreuser,R°kR2ze
refleurir,R°fl9RiR
refondre,R°f§dR
reforger,R°fORZe
regain,R°g5
regarnir,R°gaRniR
relationnel,R°lasjonEl
relu,R°ly
reluisant,R°l8iz@
requérir,R°keRiR
resquiller,REskije
ressac,R°sak
retardateur,R°taRdat9R
retentissant,R°t@tis@
retirement,R2tiR°m@
revival,RivajvOl
ribaud,Ribo
ribes,RibEs
rigoriste,RigoRist
rink,Rink
rituellement,Rit8El°m@
roast-beef,Rosbif
roman-photo,Rom@foto
ronce,R§s
ronflette,R§flEt
rongeur,R§Z9R
roture,RotyR
roulade,Rulad
roumi,Rumi
ru,Ry
rubéole,RybeOl
ruisselant,R8is°l@
rupestre,RypEstR
râpé,Rape
réassembler,Reas@ble
récupérable,RekypeRabl
répertorier,RepERtoRje
rétribuer,RetRib8e
rétrécissement,RetResis°m@
sablé,sable
sagittaire,saZitER
saint-honoré,s5tonoRe
saint-père,s5pER
saisissement,sezis°m@
salaison,salEz§
salarier,salaRje
sampang,s@p@G
sarbacane,saRbakan
sarrasin,saRaz5
saturnales,satyRnal
saucier,sosje
saute-mouton,sotmut§
scarification,skaRifikasj§
scatter,skate
schizoïde,skizoid
schnock,SnOk
schuss,Sus
sciène,sjEn
scottish,skOtiS
seine,sEn
self-made man,sElfmEjdman
seringa,s°R5ga
serve,sERv
sherpa,SERpa
signifiance,siNifj@s
significativement,siNifikativ°m@
simagrée,simagRe
skiff,skif
smack,smak
sonatine,sonatin
songerie,s§Z°Ri
sophora,sofoRa
sordidement,sORdid°m@
souabe,swab
sourate,suRat
souscription,suskRipsj§
spectrographie,spEktRogRafi
spin,spin
spiritualisme,spiRit8alizm
spéculoos,spekylos
stalinisme,stalinizm
strasbourgeois,stRazbuRZwa
structurer,stRyktyRe
stupre,stypR
sub-normaux,sybnORmo
subliminal,sybliminal
subordonner,sybORdone
sudation,sydasj§
sulfure,sylfyR
sulky,sylki
supplicier,syplisje
suppléance,syple@s
suppléant,syple@
suppléer,syplee
surfin,syRf5
surprime,syRpRim
symposium,s5pozjOm
synergie,sinERZi
systémique,sistemik
sème,sEm
tactile,taktil
talmudiste,talmydist
taloche,talOS
tamarin,tamaR5
tamiseur,tamiz9R
tapisser,tapise
tarzan,taRz@
tassé,tase
tatoueur,tatw9R
taxi-brousse,taksibRus
technicité,tEknisite
tellure,tElyR
terramycine,tERamisin
tette,tEt
thallium,taljOm
théo,teo
thésauriser,tezoRize
tiens-la-moi,tj5lamwa
tombal,t§bal
tonicardiaque,tonikaRdjak
tonnant,ton@
torgnole,tORNOl
toton,tot§
tournailler,tuRnaje
tramontane,tRam§tan
travestisme,tRavEstizm
treuiller,tR9je
trictrac,tRiktRak
triolet,tRijolE
triomphant,tRij§f@
triphasé,tRifaze
triplice,tRiplis
tripoli,tRipoli
triturer,tRityRe
trouillomètre,tRujomEtR
truchement,tRyS°m@
tsuica,ts8ika
turgescence,tyRZes@s
tyranniquement,tiRanik°m@
tél.,tel
télémarketing,telemaRk°tiG
téléphoniquement,telefonik°m@
tétraplégie,tetRapleZi
ubuesque,ybyEsk
uhlan,yl@
unidimensionnel,ynidim@sjonEl
urbanisation,yRbanizasj§
vaguemestre,vag°mEstR
valeter,val°te
validation,validasj§
vannerie,van°Ri
vasoconstricteur,vazok§stRikt9R
vauclusien,voklyzj5
veineux,vEn2
ventôse,v@toz
verdoiement,vERdwam@
verne,vERn
vertement,vERt°m@
viager,vjaZe
vibrateur,vibRat9R
vidéo-clip,videoklip
vielleux,vjEl2
vilement,vil°m@
vitrage,vitRaZ
vociférant,vosifeR@
voleter,vOl°te
volleyeur,volEj9R
voltigeur,vOltiZ9R
vénitienne,venisjEn
xiphoïde,ksifoid
zappeur,zap9R
zicmu,zikmy
zigounette,zigunEt
zodiacal,zodjakal
à brûle-pourpoint,abRylpuRpw5
échangiste,eS@Zist
éclairement,eklER°m@
écoeurement,ek9R°m@
écrasement,ekRaz°m@
écriveur,ekRiv9R
éculé,ekyle
égouttoir,egutwaR
épicurien,epikyRj5
épidémiologie,epidemjoloZi
épousée,epuze
épure,epyR
équidistant,ek8idist@
équipée,ekipe
éreinter,eR5te
étalement,etal°m@
étincellement,et5sEl°m@
étirage,etiRaZ
étoffer,etofe
étrusque,etRysk
évacué,evak8e
évaporateur,evapoRat9R
évêché,eveSe
être-là,EtRla
abat,aba
abrité,abRite
abrutissement,abRytis°m@
acariâtre,akaRjatR
acculer,akyle
acerbe,asERb
affabilité,afabilite
agenouillé,aZ°nuje
agrandisseur,agR@dis9R
air-sol,ERsOl
alcyon,alsj§
algorithmique,algoRitmik
allègre,alEgR
amphitryon,@fitRi§
amygdalectomie,amidalEktomi
analphabétisme,analfabetizm
angiome,@Zjom
anti-pelliculaire,@tipElikylER
anti-viral,@tiviRal
antimatière,@timatjER
archive,aRSiv
archiver,aRSive
argumentaire,aRgym@tER
arrière-petite-fille,aRjERp°titfij
articulé,aRtikyle
artéfact,aRtefakt
aryenne,aRjEn
asexué,aseks8e
auréolaire,oReolER
autofocus,otofokys
autogérer,otoZeRe
autosatisfaction,otosatisfaksj§
avionique,avjonik
azuré,azyRe
babeurre,bab9R
bafouiller,bafuje
bafoué,bafwe
balsa,balza
baratter,baRate
berle,bERl
besace,b°zas
bibliquement,biblik°m@
bleu-vert,bl2vER
bougon,bug§
bourge,buRZ
brièveté,bRijEv°te
brodé,bRode
bronchoscopie,bR§kOskOpi
burnous,byRnus
butane,bytan
cacheter,kaS°te
cadmium,kadmjOm
calla,kala
calorifique,kaloRifik
campeur,k@p9R
candida,k@dida
caravaning,kaRavaniG
carcinome,kaRsinOm
caroube,kaRub
casoar,kazoaR
casse-noisettes,kasnwazEt
cataclysmique,kataklismik
centraliser,s@tRalize
cerné,sERne
cheftaine,SEftEn
cherry,SeRi
chiffrement,SifR°m@
chop suey,SOps8Ej
chrétiennement,kRetjEn°m@
chuchotis,SySoti
châteaubriant,SatobRij@
ci-dessous,sid°su
cigarillo,sigaRijo
cinquante-quatre,s5k@tkatR
cloporte,klopORt
coaxial,koaksjal
cockney,koknE
codétenu,kodet°ny
colchicine,kOlSisin
coloscopie,kolOskopi
comparse,k§paRs
consensuel,k§s@s8El
conso,k§so
consultatif,k§syltatif
contournement,k§tuRn°m@
contractuellement,k§tRakt8El°m@
contrevenant,k§tR°v°n@
convulsif,k§vylsif
coolie,kuli
coordinateur,koORdinat9R
copieusement,kopj2z°m@
cordite,kORdit
correctif,koREktif
coruscant,koRysk@
coup-de-poing,kud°pw5
cramoisi,kRamwazi
cristalliser,kRistalize
créatine,kReatin
curriculum vitae,kyRikylOmvite
cyberespace,sibERespas
céramiste,seRamist
cérumen,seRymEn
daphné,dafne
demi-seconde,d2mis2g§d
différentiel,difeR@sjEl
doser,doze
dru,dRy
dupliquer,dyplike
décade,dekad
décomposé,dek§poze
découler,dekule
dégringolade,degR5golad
démanger,dem@Ze
démarquer,demaRke
démembrement,dem@bR°m@
dépêtrer,depetRe
désagréablement,dezagReabl°m@
désobéissant,dezobeis@
désordonné,dezORdone
désosser,dezose
désunir,dezyniR
effraie,efRE
embrassé,@bRase
embrocher,@bRoSe
encanailler,@kanaje
enclave,@klav
encoche,@kOS
endoctrinement,@dOktRin°m@
enfumé,@fyme
entrepont,@tR°p§
excédant,Eksed@
extrémisme,EkstRemizm
fagoté,fagote
ferronnerie,fEROn°Ri
fiduciaire,fidysjER
folique,fOlik
forcing,fORsiG
fossilisation,fosilizasj§
fouineur,fwin9R
fourniment,fuRnim@
friponnerie,fRipOn°Ri
fung,fuG
féodal,feodal
geez,dZiz
glorieuse,gloRj2z
gribouiller,gRibuje
gueulante,g2l@t
gélatineux,Zelatin2
géothermique,ZeotERmik
hibiscus,ibiskys
houlà,ula
hydratation,idRatasj§
hydroxyde,idROksid
hyperactif,ipERaktif
hypoglycémique,ipoglisemik
hypoxie,ipOksi
hémostase,emOstaz
idéaliser,idealize
immodeste,imodEst
immodéré,imodeRe
impudemment,5pydam@
impulsivité,5pylsivite
inavoué,inavwe
inconséquent,5k§sek@
incontrôlé,5k§tRole
indicatif,5dikatif
ineffaçable,inefasabl
inexpugnable,inEkspyNabl
inhibiteur,inibit9R
inox,inOks
insubordonné,5sybORdone
intrinsèque,5tR5sEk
inviolabilité,5vjolabilite
irrespect,iREspE
ischémique,iskemik
kascher,kaSER
kazakh,kazak
kumquat,kOmkwat
lambada,l@bada
larfeuil,laRf9j
lesdits,lEdi
libelle,libEl
lignage,liNaZ
lorgnette,lORNEt
louveteau,luv°to
léché,leSe
magnanimité,maNanimite
magnétiquement,maNetik°m@
maharadja,maaRadZa
maid,mEd
malaisé,maleze
malhabile,malabil
maquereauter,mak°Rote
mastodonte,mastod§t
melting-pot,mEltiGpOt
merisier,m°Rizje
meugler,m2gle
mezcal,mezkal
mi-novembre,minov@bR
millénium,milenjOm
mondiale,m§djal
mondialisation,m§djalizasj§
monitoring,monitoRiG
métacarpe,metakaRp
méthanol,metanOl
météorologie,meteoRoloZi
neutralisation,n2tRalizasj§
nibard,nibaR
normalisation,nORmalizasj§
novocaïne,novokain
népotisme,nepotizm
névrotique,nevRotik
obsessif,OpsEsif
obséquieux,Opsekj2
odontologie,od§toloZi
ombragé,§bRaZe
ombrer,§bRe
opticien,Optisj5
opérable,opeRabl
organigramme,ORganigRam
ornemental,ORn°m@tal
oscillation,osijasj§
otarie,otaRi
pagayer,pageje
pantouflard,p@tuflaR
paradigme,paRadigm
paraphraser,paRafRaze
parce que,paRs°k
pare-balle,paRbal
patente,pat@t
pelé,p°le
permuter,pERmyte
pipistrelle,pipistREl
plafonnier,plafonje
plantigrade,pl@tigRad
plexiglas,plEksiglas
plombé,pl§be
plâtré,platRe
polyéthylène,polietilEn
polémique,polemik
postopératoire,pOstopeRatwaR
pousse-café,puskafe
premier-né,pR2mjene
prédateur,pRedat9R
psychanalytique,psikanalitik
psychiquement,psiSik°m@
psychopathique,psikopatik
péritoine,peRitwan
quark,kwaRk
quêter,kete
ragtime,Ragtajm
rattachement,RataS°m@
redistribuer,R°distRib8e
redéfinir,R°definiR
redémarrage,R°demaRaZ
referendum,RefeR5dOm
refluer,R°flye
reparcourir,R2paRkuRiR
repousse,R°pus
requérant,R°keR@
retsina,R°sina
rotin,Rot5
réaffirmer,ReafiRme
réceptionner,ResEpsjone
récup,Rekyp
référé,RefeRe
réinitialisation,Reinisjalizasj§
réinstaller,Re5stale
résonateur,Rezonat9R
rétroaction,RetRoaksj§
sadomasochiste,sadomazoSist
saline,salin
sammy,sami
samoan,samo@
saucée,sose
schilling,SiliG
schizophrénique,skizofRenik
sensiblement,s@sibl°m@
signet,siNE
singulièrement,s5gyljER°m@
socialiser,sosjalize
solliciteur,solisit9R
sommairement,somER°m@
soufflé,sufle
soûlard,sulaR
spoutnik,sputnik
spéculateur,spekylat9R
spéculum,spekylOm
stérilisé,steRilize
stéroïde,steRoid
subatomique,sybatomik
suicidé,s8iside
sumac,symak
surchauffer,syRSofe
surtaxe,syRtaks
syllogisme,siloZizm
tabard,tabaR
tagger,tage
tamtam,tamtam
tapir,tapiR
tari,taRi
thalamus,talamys
thorine,tORin
thrace,tRas
tiquer,tike
tison,tiz§
tituber,titybe
titularisation,titylaRizasj§
toilettage,twalEtaZ
toquade,tokad
torpillage,tORpijaZ
tourtereau,tuRt2Ro
tranché,tR@Se
transcendant,tR@s@d@
travestissement,tRavEstis°m@
tressaillement,tResaj°m@
trifouiller,tRifuje
trinitrine,tRinitRin
truander,tRy@de
trypanosomiase,tRipanozomjaz
tyrannosaure,tiRanozoR
téléspectateur,telespEktat9R
témoin-clé,temw5kle
vacuum,vak8Om
verdoyant,vERdwaj@
vertigo,vERtigo
virologue,viRolOg
volatiliser,volatilize
voyeurisme,vwaj9Rizm
wallaby,walabi
whisky-soda,wiskisoda
âprement,apR°m@
ébahi,ebai
éclairagiste,eklERaZist
émancipé,em@sipe
éminemment,eminam@
étanchéité,et@Seite
étranglé,etR@gle
étriqué,etRike
évocateur,evokat9R
abscons,apsk§
absolutisme,apsolytizm
accessoire,akseswaR
accouchant,akuS@
acoquiner,akokine
adaptateur,adaptat9R
affiné,afine
affriolant,afRijol@
aliéner,aljene
alpaga,alpaga
alvin,alv5
amateurisme,amat9Rizm
ameublement,am9bl°m@
amoindrir,amw5dRiR
amphibien,@fibj5
androïde,@dRoid
ankylose,@kiloz
annihilateur,aniilat9R
anti-avortement,@tiavORt°m@
anti-brouillard,@tibRujaR
antisocial,@tisosjal
appliqué,aplike
arbitrairement,aRbitRER°m@
area,aRea
aristocratique,aRistokRatik
arrière-cousin,aRjERkuz5
astrophysicien,astRofizisj5
atoll,atOl
augurer,ogyRe
autodirecteur,otodiREkt9R
avorté,avORte
avoué,avwe
awacs,awak
aérospatiale,aeRospasjal
babouchka,babuSka
badaboum,badabum
balisage,balizaZ
bandoulière,b@duljER
bantou,b@tu
bastonnade,bastonad
benzène,b5zEn
benêt,b°nE
beurrier,b9Rje
bidonnant,bidon@
bidouiller,biduje
biométrique,bjometRik
blase,blaz
bogue,bOg
bombyx,b§biks
bossa-nova,bosanova
bouderie,bud°Ri
bougnoule,buNul
boulotter,bulote
bouvier,buvje
brachial,bRakjal
bravade,bRavad
bronzette,bR§zEt
brûleur,bRyl9R
buller,byle
bâcler,bakle
bât,ba
bègue,bEg
bêlement,bEl°m@
cacatoès,kakatoEs
calciné,kalsine
calibrage,kalibRaZ
calot,kalo
caque,kak
carabosse,kaRabOs
caritatif,kaRitatif
casse-noix,kasnwa
cautère,kotER
cellulose,selyloz
cep,sEp
cerne,sERn
charade,SaRad
chasse-mouches,SasmuS
chaufferette,Sof°REt
chester,SEstER
chinchilla,S5Sila
châtaigner,SatENe
col-vert,kOlvER
colombier,kol§bje
communicatif,komynikatif
concentrateur,k§s@tRat9R
conquistador,k§kistadOR
consécutif,k§sekytif
contra,k§tRa
contrebalancer,k§tR°bal@se
coordonné,koORdone
cormoran,kORmoR@
costumier,kOstymje
coupe-feu,kupf2
courante,kuR@t
cradingue,kRad5g
crevettier,kR°v°tje
cricoïde,kRikoid
crémier,kRemje
cuiter,k8ite
cunéiforme,kyneifORm
curling,k9RliG
câbler,kable
demi-livre,d2milivR
dextrose,dEkstRoz
diatribe,djatRib
diffamer,difame
dioxine,diOksin
dispatching,dispatSiG
dissolu,disoly
dotation,dotasj§
dyslexie,dislEksi
débordant,debORd@
décideur,desid9R
décrépitude,dekRepityd
déculottée,dekylote
dédicacé,dedikase
dédoubler,deduble
déflorer,defloRe
désarçonné,dezaRsone
désenfler,dez@fle
déshabillé,dezabije
désistement,dezist°m@
détartrage,detaRtRaZ
détergent,detERZ@
dévoyer,devwaje
effeuiller,ef9je
embuer,@b8e
empapaouter,@papaute
emplâtre,@platR
en catimini,@katimini
encyclopédique,@siklopedik
enorgueillir,@nORg9jiR
enquiquiner,@kikine
envoûter,@vute
essuie,Es8i
estampe,Est@p
ex-nana,Eksnana
excavation,Ekskavasj§
exempt,Egz@
extrapolation,EkstRapolasj§
eyeliner,ajlajn9R
fane,fan
feuillu,f9jy
flottaison,flotEz§
fluor,flyOR
formalisme,fORmalizm
fourbu,fuRby
fourmilier,fuRmilje
free-lance,fRil@s
fulgurant,fylgyR@
fumasse,fymas
gadin,gad5
gaucherie,goS°Ri
gauleiter,golajt9R
gazouillement,gazuj°m@
gemme,ZEm
glotte,glOt
glycol,glikOl
goinfrerie,gw5fR°Ri
gourbi,guRbi
goûteur,gut9R
grand-place,gR@plas
granité,gRanite
graphe,gRaf
gueulard,g2laR
gégène,ZeZEn
généralissime,ZeneRalisim
habilité,abilite
halluciné,alysine
halopéridol,alopeRidOl
havresac,avR°sak
homologuer,omologe
huiler,8ile
hunier,ynje
hydrater,idRate
hydrocéphale,idRosefal
hypermarché,ipERmaRSe
hypochondriaque,ipok§dRiak
hâtivement,ativ°m@
héliport,elipOR
hémogramme,emogRam
hémolytique,emolitik
idolâtrer,idolatRe
imminence,imin@s
impulsive,5pylsiv
inaction,inaksj§
incommunicabilité,5komynikabilite
incurablement,5kyRabl°m@
indexation,5dEksasj§
indissoluble,5disolybl
infestation,5fEstasj§
inhiber,inibe
insert,5sER
insolvable,5sOlvabl
instamment,5stam@
interarmes,5tERaRm
interféron,5tERfeR§
intraduisible,5tRad8izibl
intriguer,5tRige
irrattrapable,iRatRapabl
italique,italik
jachère,ZaSER
jar,ZaR
jenny,Zeni
jeunette,Z9nEt
joufflu,Zufly
journaleux,ZuRnal2
julot,Zylo
kan,kan
kana,kana
klystron,klistR§
kondo,k§do
lactique,laktik
lance-fusées,l@sfyze
lauréat,loRea
lesbianisme,lEsbjanizm
lessiver,lesive
libre-arbitre,libRaRbitR
lilliputien,lilipysj5
loche,lOS
louanger,lw@Ze
loupiot,lupjo
macaron,makaR§
madrigal,madRigal
maison-mère,mEz§mER
majoritairement,maZoRitER°m@
maki,maki
manutentionnaire,manyt@sjonER
maque,mak
marmiton,maRmit§
martingale,maRt5gal
mastite,mastit
mauresque,moREsk
mezzanine,mEdzanin
mi-femme,mifam
mi-janvier,miZ@vje
micmac,mikmak
mieux-être,mj2zEtR
militairement,militER°m@
minbar,minbaR
mirabilis,miRabilis
mitraillage,mitRajaZ
monte-en-l'air,m§t@lER
motorisé,motoRize
muflerie,myfl°Ri
myasthénie,mjasteni
myocarde,mjokaRd
mécaniquement,mekanik°m@
narquois,naRkwa
nectarine,nEktaRin
nodule,nodyl
normaliser,nORmalize
nudiste,nydist
numérotation,nymeRotasj§
négative,negativ
négativement,negativ°m@
négrier,negRije
néo-classique,neoklasik
névralgique,nevRalZik
névropathe,nevRopat
obsédant,opsed@
obséder,opsede
obturateur,OptyRat9R
oindre,w5dR
oiselet,waz°lE
oligarchie,oligaRSi
olive,oliv
omicron,omikR§
oppresseur,opRes9R
optimiser,Optimize
orchestrer,ORkEstRe
ordination,ORdinasj§
ornithologue,ORnitolOg
ouest-allemand,wEstal°m@
pacification,pasifikasj§
paramilitaire,paRamilitER
parangon,paR@g§
paraphrase,paRafRaz
parfumeur,paRfym9R
parr,paR
pastorale,pastoRal
paternalisme,patERnalizm
pennage,pEnaZ
pentamètre,p5tamEtR
perceur,pERs9R
photopile,fotopil
pianissimo,pjanisimo
pierraille,pjERaj
pilonnage,pilonaZ
pinter,p5te
pituitaire,pit8itER
plain-pied,pl5pje
plate-bande,platb@d
plein-temps,pl5t@
pleural,pl9Ral
polygone,poligon
pondération,p§deRasj§
populariser,popylaRize
porphyrie,pORfiRi
porte-serviettes,pORtsERvjEt
posada,pozada
postcombustion,pOstk§bystj§
presbytérien,pREsbiteRj5
prestataire,pREstatER
probatoire,pRobatwaR
profilage,pRofilaZ
pronom,pRon§
proportionnalité,pRopORsjOnalite
prosterner,pRostERne
provo,pRovo
précocité,pRekosite
prépondérant,pRep§deR@
publiciste,pyblisist
pénaliser,penalize
péricardique,peRikaRdik
périssable,peRisabl
radial,Radjal
rafistoler,Rafistole
ramollissement,Ramolis°m@
ratière,RatjER
ravage,RavaZ
rechaper,R°Sape
recoiffer,R°kwafe
reconvertir,R°k§vERtiR
regrimper,R°gR5pe
remanier,R°manje
remontoir,R°m§twaR
rentier,R@tje
reproductif,R°pRodyktif
ressayer,REsEje
retombée,R°t§be
retraverser,R°tRavERse
rets,RE
râleur,Ral9R
réaménager,ReamenaZe
récidiver,Residive
réducteur,Redykt9R
rétribué,RetRib8e
révolté,RevOlte
révérer,ReveRe
rôtie,Roti
sabra,sabRa
saccage,sakaZ
sacquer,sake
sacrifié,sakRifje
sataniser,satanize
satiriste,satiRist
scarole,skaROl
schématique,Sematik
select,selEkt
sevrer,s°vRe
shampouiner,S@pwine
sidérurgie,sideRyRZi
sino,sino
skaï,skaj
sniff,snif
soignant,swaN@
soixante-cinq,swas@ts5k
solutionner,solysjone
sombrement,s§bR°m@
sournoisement,suRnwaz°m@
spéléologue,speleolOg
strider,stRide
structurel,stRyktyREl
subalterne,sybaltERn
succinct,syks5
suffragette,syfRaZEt
surgelé,syRZ°le
surmoi,syRmwa
susdit,sysdi
séculaire,sekylER
sémaphore,semafOR
tai-chi,tajtSi
tarentelle,taR@tEl
tek,tEk
templier,t@plije
tempérer,t@peRe
teuton,t2t§
tille,tij
tinette,tinEt
tommies,tomi
tonner,tone
tordeur,tORd9R
tories,toRi
torréfié,toRefje
tourbillonner,tuRbijone
tractus,tRaktys
transcriptase,tR@skRiptaz
traveller,tRav°l9R
trident,tRid@
triomphal,tRij§fal
tungstène,t1kstEn
turbot,tyRbo
varon,vaR§
vexation,vEksasj§
vibrato,vibRato
victorien,viktoRj5
vigogne,vigON
vilebrequin,vil°bR°k5
virologiste,viROlOZist
virulence,viRyl@s
véhiculer,veikyle
wagonnet,vagonE
waterman,wat2Rman
écoutant,ekut@
édito,edito
émerveiller,emERveje
émincer,em5se
épinard,epinaR
épluchure,eplySyR
étiquetage,etik°taZ
abouler,abule
abrutir,abRytiR
accommodement,akomOd°m@
accusatif,akyzatif
acupuncteur,akyp§kt9R
ad hoc,adOk
adipeux,adip2
agnelet,aN2lE
agressivement,agResiv°m@
algébrique,alZebRik
allegro,alEgRo
alvéole,alveOl
ambivalent,@bival@
amovible,amovibl
ancré,@kRe
ankylosé,@kiloze
anthropologiste,@tRopoloZist
anthropophagie,@tRopofaZi
anti-impérialiste,@ti5peRjalist
anti-russe,@tiRys
antigène,@tiZEn
antimilitariste,@timilitaRist
antipape,@tipap
antiracisme,@tiRasism
antithèse,@titEz
approché,apRoSe
apprêt,apRE
apprêté,apRete
arder,aRde
ascétique,asetik
assemblé,as@ble
asservissement,asERvis°m@
atomiseur,atomiz9R
aubergine,obERZin
automnal,otonal
avant-dernier,av@dERnje
avé,ave
aérogare,aeRogaR
bactériologie,bakteRjoloZi
baragouin,baRagw5
bardo,baRdo
basilique,bazilik
baudet,bodE
beatnik,bitnik
benedictus,benediktys
berne,bERn
bicot,biko
blotti,bloti
bobinette,bobinEt
boiserie,bwaz°Ri
bola,bola
bolchevisme,bOlS°vizm
borique,boRik
boréal,boReal
boubou,bubu
bouddha,buda
bougnoul,buNul
bouillonnement,bujOn°m@
brandebourgeois,bR@d°buRZwa
bredouiller,bR°duje
brève,bREv
bréchet,bReSE
brûlis,bRyli
butteur,byt9R
caballero,kabajeRo
cadreur,kadR9R
caesium,sezjOm
cafardage,kafaRdaZ
cafeteria,kafeteRja
calebasse,kal°bas
calviniste,kalvinist
caléidoscope,kaleidOskOp
campanule,k@panyl
cantilène,k@tilEn
caractériser,kaRakteRize
carboniser,kaRbonize
cardiogramme,kaRdijogRam
cardiotonique,kaRdjotonik
cartographe,kaRtogRaf
carène,kaREn
centrage,s@tRaZ
centrer,s@tRe
cessation,sEsasj§
chai,SE
chaumine,Somin
chef-d'oeuvres,SEd9vR
chevrette,S°vREt
chevronné,S°vRone
chiatique,Sjatik
chicano,Sikano
chistera,Sist°Ra
chocolatier,Sokolatje
choyer,Swaje
chuchotement,SySOt°m@
chèvrefeuille,SEvR°f9j
clignement,kliN°m@
colleur,kol9R
commutation,komytasj§
concupiscent,k§kypis@
condiment,k§dim@
connétable,konetabl
consolant,k§sol@
consommé,k§some
constricteur,k§stRikt9R
contingent,k§t5Z@
continuateur,k§tin8at9R
contraignant,k§tREN@
contrechamp,k§tR°S@
copropriétaire,kopRopRijetER
coquart,kokaR
corinthien,koR5tj5
corporal,kORpoRal
corrupteur,koRypt9R
couac,kwak
couche-culotte,kuSkylOt
coupe-circuit,kupsiRk8i
coûtant,kut@
craquelé,kRak°le
crumble,kR9mb9l
cryogène,kRijoZEn
cueilleur,k9j9R
cumulatif,kymylatif
curseur,kyRs9R
câpre,kapR
cérémonial,seRemonjal
dactyloscopie,daktilOskOpi
demi-cercle,d°misERkl
demi-place,d°miplas
demi-tête,d2mitEt
dentelure,d@t°lyR
desk,dEsk
deux-roues,d2Ru
diaboliquement,djabolik°m@
diorama,djoRama
discrédit,diskRedi
dissension,dis@sj§
distraitement,distREt°m@
dreadlocks,dREdlOk
drumlin,dR9mlin
débriefer,debRife
décavé,dekave
déchetterie,deSEt°Ri
déculpabiliser,dekylpabilize
dégivrer,deZivRe
démoralisant,demoRaliz@
déracinement,deRasin°m@
dérobé,deRobe
désagréger,dezagReZe
désenchanté,dez@S@te
détrousser,detRuse
dévergondé,devERg§de
effroyablement,efRwajabl°m@
emballeur,@bal9R
embryonnaire,@bRijonER
endeuillé,@d9je
endiguement,@dig°m@
endémique,@demik
enguirlander,@giRl@de
enlaidir,@lediR
enrubanner,@Rybane
entame,@tam
entreposage,@tR°pozaZ
essorage,esoRaZ
essuie-tout,Es8itu
esthéticien,Estetisj5
esthétiquement,Estetik°m@
ex-petit,Eksp°ti
ex-vedette,Eksv°dEt
extrascolaire,EkstRaskOlER
factuel,faktyEl
fascine,fasin
fendoir,f@dwaR
fermette,fERmEt
fignolage,fiNolaZ
fondamentaliste,f§dam@talist
formulé,fORmyle
fouinard,fwinaR
franchissement,fR@Sis°m@
fraternellement,fRatERnEl°m@
frimas,fRima
frissonnant,fRison@
froidure,fRwadyR
frôlement,fRol°m@
fugacité,fygasite
fémoral,femoRal
galimatias,galimatja
gardénia,gaRdenja
gazouiller,gazuje
glaviot,glavjo
grabataire,gRabatER
graduation,gRad8asj§
gratte-dos,gRatdo
grelot,gR°lo
grégaire,gRegER
guillemot,gij°mo
généralité,ZeneRalite
haschisch,aSiS
hermaphrodite,ERmafRodit
hippy,ipi
histologie,istoloZi
historiographie,istoRjogRafi
houleux,ul2
humanitarisme,ymanitaRizm
hun,1
hure,yR
hydrocarbure,idRokaRbyR
héler,ele
hésitant,ezit@
ibex,ibeks
ibérique,ibeRik
impayé,5pEje
implacablement,5plakabl°m@
impressionniste,5pResjonist
improbabilité,5pRobabilite
improprement,5pROpR°m@
imprécation,5pRekasj§
imprévisiblement,5pRevizibl2m@
inaliénable,inaljenabl
incartade,5kaRtad
inclusion,5klyzj§
incoercible,5koERsibl
incurie,5kyRi
indiscrète,5diskREt
indépendantiste,5dep@d@tist
infanticide,5f@tisid
ingouvernable,5guvERnabl
inhabituellement,inabityEl°m@
inhospitalier,inOspitalje
inimité,inimite
inoccupé,inokype
interdépendance,5tERdep@d@s
intituler,5tityle
invasif,5vazif
invincibilité,5v5sibilite
inénarrable,inenaRabl
isotherme,izOtERm
jacquard,ZakaR
japper,Zape
jasper,Zaspe
jerk,dZERk
joncher,Z§Se
joystick,ZOjstik
jusquiame,Zyskjam
kadi,kadi
ketch,kEtS
latter,late
lexique,lEksik
libéralité,libeRalite
limogeage,limoZaZ
lisiblement,lizibl°m@
lock-out,lOkawt
lubrifié,lybRifje
luthier,lytje
lèche-botte,lESbOt
macadamia,makadamja
madère,madER
mam'selle,mamzEl
manuscrit,manyskRi
maravédis,maRavedis
maroquin,maRok5
marqueterie,maRkEt°Ri
mascarpone,maskaRpOn
mateur,mat9R
matraquer,matRake
maître-chien,mEtR°Sj5
mi-clos,miklo
milieu,milj2
mimer,mime
monitor,monitOR
moralisateur,moRalizat9R
morphogénétique,mORfoZenetik
moyeux,mwaj2
myriade,miRjad
médire,mediR
médiumnique,medjOmnik
mélatonine,melatonin
mésentérique,mez@teRik
métapsychique,metapsiSik
métayer,meteje
neuromusculaire,n2RomyskylER
niaisement,njEz°m@
nihilisme,niilizm
nullard,nylaR
néphrite,nefRit
objectivation,ObZEktivasj§
obole,obOl
obscurcissement,OpskyRsis°m@
octroyer,OktRwaje
olfactif,Olfaktif
omniprésence,OmnipRez@s
opportunisme,opORtynizm
orangeraie,oR@Z°RE
ortolan,ORtol@
outrecuidant,utR°k8id@
pad,pad
pandore,p@dOR
parachuter,paRaSyte
paracétamol,paRasetamOl
parentèle,paR@tEl
parrainage,paREnaZ
partouse,paRtuz
patineur,patin9R
peinturlurer,p5tyRlyRe
pelisse,p°lis
pendouiller,p@duje
percale,pERkal
perpétration,pERpetRasj§
peseta,pezeta
petite-bourgeoise,p°titbuRZwaz
philatéliste,filatelist
photocopieur,fotokopj9R
pile,pil
plagier,plaZje
pliage,plijaZ
plénum,plenOm
pochtron,pOStR§
pointer,pw5t9R
poisser,pwase
polissage,polisaZ
prang,pR@g
première-née,pR°mjERne
primal,pRimal
princièrement,pR5sjER°m@
professer,pRofese
profileur,pRofil9R
prostatite,pROstatit
protoxyde,pRotOksid
protéique,pRoteik
prévalence,pReval@s
prêchi-prêcha,pRESipRESa
pugilat,pyZila
pulser,pylse
punisseur,pynis9R
pâtre,patR
pécuniaire,pekynjER
pépier,pepje
périphrase,peRifRaz
pérot,peRo
péteur,pet9R
quadrature,kwadRatyR
quadriceps,kwadRisEps
quadriphonique,kwadRifonik
quatre-vingt-douze,katR°v5duz
quatre-vingt-treize,katR°v5tREz
quignon,kiN§
quiscale,kiskal
québécois,kebekwa
rachitique,RaSitik
radiogramme,RadjogRam
radouber,Radube
ram,Ram
raplapla,Raplapla
rationalité,Rasjonalite
reader,Rid9R
regimber,R°Z5be
requis,R°ki
ressortissant,R°sORtis@
reteindre,R°t5dR
revaloir,R°valwaR
revigorer,R°vigoRe
rockeur,Rok9R
rogaton,Rogat§
romani,Romani
roulante,Rul@t
routeur,Rut9R
rucher,RySe
rythmer,Ritme
réaffecter,ReafEkte
réenregistrer,Re@R°ZistRe
répercussion,RepERkysj§
résiduel,Rezid8El
résineux,Rezin2
rétroprojecteur,RetRopRoZEkt9R
réécriture,ReekRityR
sabrer,sabRe
sacro,sakRo
salvadorien,salvadoRj5
sarment,saRm@
scone,skon
scratch,skRatS
scénique,senik
semeuse,s°m2z
septante,sEpt@t
shampouineur,S@pwin9R
shimmy,Simi
sinon,sin§
slibard,slibaR
somnoler,sOmnole
sophistique,sOfistik
sornette,sORnEt
sororité,soRoRite
soudé,sude
soue,su
sous-entendre,suz@t@dR
sous-espèce,suzEspEs
sous-off,suzOf
sous-prolétaire,supRoletER
sous-tasse,sutas
soustraction,sustRaksj§
spleen,splin
sporadique,spoRadik
stalactite,stalaktit
stalagmite,stalagmit
statutaire,statytER
strip-teaseur,stRiptiz9R
stylistique,stilistik
stylé,stile
stérilet,steRilE
sublimer,syblime
subodorer,sybodoRe
sud-africain,sydafRik5
suintement,s85t°m@
supersonique,sypERsonik
superstructure,sypERstRyktyR
supplication,syplikasj§
sycomore,sikomOR
symptomatique,s5ptomatik
symptomatologie,s5ptOmatOlOZi
ségrégationniste,segRegasjOnist
séquelle,sekEl
séquenceur,sek@s9R
tantra,t@tRa
tchin-tchin,tSintSin
teck,tEk
tempêter,t@pete
timbre-poste,t5bR°pOst
tisserand,tis°R@
tommy,tOmi
traditionalisme,tRadisjonalizm
traficoter,tRafikote
transmuer,tR@sm8e
transsibérien,tR@ssibeRj5
travée,tRave
trimeur,tRim9R
tritium,tRitjOm
trucmuche,tRykmyS
tétanisé,tetanize
utilitaire,ytilitER
utopiste,ytopist
valentin,val@t5
vanity-case,vanitikEjs
vautré,votRe
venteux,v@t2
vina,vina
virginie,viRZini
végétalien,veZetalj5
vélocipède,velosipEd
zygomatique,zigomatik
âcreté,akR°te
ébène,ebEn
ébéniste,ebenist
électromagnétisme,elEktRomaNetizm
élégie,eleZi
émanciper,em@sipe
émoustillant,emustij@
énucléer,enyklee
épandage,ep@daZ
équidistance,ek8idist@s
éthologie,etoloZi
évangéliser,ev@Zelize
évent,ev@
ôté,ote
abjectement,abZEkt°m@
aborigène,aboRiZEn
abstinent,apstin@
abusé,abyze
abyssinien,abisinj5
activateur,aktivat9R
affolant,afol@
africanisme,afRikanism
agglomération,aglomeRasj§
agit-prop,aZitpROp
agoniser,agonize
agreste,agREst
aicher,ESe
ajutage,aZytaZ
alfa,alfa
allusivement,alyziv°m@
allégoriquement,alegoRik°m@
almohade,almoad
alpestre,alpEstR
aminci,am5si
amincissement,am5sis°m@
anachorète,anakoREt
anacoluthe,anakolyt
anatomique,anatomik
angevin,@Z°v5
anti-gouvernement,@tiguvERn°m@
anti-émeute,@tiem2t
anticapitaliste,@tikapitalist
anticommunisme,@tikomynizm
antillais,@tijE
antitoxique,@titOksik
apostolat,apostola
apprêter,apRete
aquatinte,akwat5t
araser,aRaze
arbouse,aRbuz
arcadien,aRkadj5
argonaute,aRgonot
arme-miracle,aRmmiRakl
arrachage,aRaSaZ
aréopage,aReopaZ
asdic,asdik
assoupissement,asupis°m@
assurance-accidents,asyR@saksid@
ataman,atam@
attendrissement,at@dRis°m@
attrape-nigaud,atRapnigo
auto-pilote,otopilOt
autocratie,otokRasi
automutiler,otomytile
avant-gauche,av@goS
aviculture,avikyltyR
axiome,aksjom
azulejo,azulexo
aède,aEd
aéronaval,aeRonaval
aéroporté,aeRopORte
baladeur,balad9R
balsamique,balzamik
banderillero,b@d°RijeRo
baragouinage,baRagwinaZ
barattage,baRataZ
baronnet,baRonE
batailler,bataje
bec-de-lièvre,bEkd2ljEvR
becqueter,bEk°te
bectance,bEkt@s
benzonaphtol,b5zonaftOl
bersaglier,bERsaglije
bief,bjEf
bienveillamment,bj5vEjam@
biguine,bigin
biler,bile
biodégradable,bjodegRadabl
bizuter,bizyte
blinde,bl5d
blinder,bl5de
bock,bOk
bondissant,b§dis@
bootlegger,butleg9R
botteur,bot9R
boudine,budin
boulange,bul@Z
braillard,bRajaR
bramement,bRam°m@
breakdance,bREkdEns
brillantine,bRij@tin
brontosaure,bR§tozoR
brouillon,bRuj§
brout,bRu
brumaire,bRymER
brésil,bRezil
brûlage,bRylaZ
bureaucrate,byRokRat
cadi,kadi
calaison,kalEz§
calcaire,kalkER
calculatrice,kalkylatRis
calorique,kaloRik
calvinisme,kalvinizm
canadair,kanadER
canna,kana
capeline,kap°lin
capitan,kapit@
capitole,kapitOl
capricieusement,kapRisj2z°m@
cardio-respiratoire,kaRdjoREspiRatwaR
carolus,kaRolys
carotteur,kaRot9R
cartothèque,kaRtOtEk
catastropher,katastRofe
cathédrale,katedRal
chachlik,SaSlik
chaparral,SapaRal
chape,Sap
charbonnier,SaRbonje
chauffe-biberon,Sofbib°R§
chevillette,S°vijEt
chilom,SilOm
choline,kOlin
chouchoute,SuSut
choupette,SupEt
chronologiquement,kRonoloZik°m@
chrysalide,kRizalid
claquage,klakaZ
claquette,klakEt
clic-clac,klikklak
clownesque,klunEsk
coacher,kotSe
coffee shop,kOfiSOp
cognassier,koNasje
collationner,kolasjone
collusion,kolyzj§
communard,komynaR
compacteur,k§pakt9R
conquérant,k§keR@
constitutionnaliste,k§stitysjOnalist
continence,k§tin@s
contractant,k§tRakt@
contre-plaqué,k§tR°plake
copeau,kopo
coquelet,kOk°lE
coramine,kORamin
cordelette,kORd°lEt
cosigner,kosiNe
couardise,kwaRdiz
coupe-coupe,kupkup
criminaliste,kRiminalist
crispin,kRisp5
cryptographie,kRiptogRafi
cuirassier,k8iRasje
cuissot,k8iso
cuistre,k8istR
cybernéticien,sibERnetisj5
cyclothymie,siklotimi
cylindrique,sil5dRik
câblé,kable
câlinerie,kalin°Ri
césarien,sezaRj5
daguerréotype,dagEReotip
damage,damaZ
darder,daRde
de,d°
de santis,des@tis
demi-paralysé,d2mipaRalize
descriptif,deskRiptif
diffamatoire,difamatwaR
diktat,dikta
dilaté,dilate
diocésain,djosez5
directeur-adjoint,diREkt9RadZw5
disjoint,disZw5
distendu,dist@dy
dogmatisme,dOgmatizm
dolichocéphale,dolikosefal
dominical,dominikal
dommageable,domaZabl
dopage,dopaZ
dragonnier,dRagOnje
dribler,dRible
dysthymie,distimi
décantation,dek@tasj§
décharné,deSaRne
déclouer,deklue
décolorer,dekoloRe
décongestionner,dek§ZEstjone
décrasser,dekRase
décrypteur,dekRipt9R
déferrer,defeRe
défricher,defRiSe
dégénération,deZeneRasj§
déisme,deism
démystification,demistifikasj§
dénier,denje
dépensier,dep@sje
dépiter,depite
déraisonner,deREzone
dérisoirement,deRizwaR°m@
désagrégation,dezagRegasj§
désherbant,dezERb@
déshumidification,dezymidifikasj§
désillusionnement,dezilyzjOn°m@
désindividualisation,dez5divid8alizasj§
détacheur,detaS9R
déterministe,detERminist
détonner,detone
détrempe,detR@p
dévalorisant,devalORiz@
effaceur,efas9R
emberlificoté,@bERlifikote
embrassant,@bRas@
empaumure,@pomyR
encaisse,@kEs
encorder,@kORde
encourir,@kuRiR
endurant,@dyR@
enfantinement,@f@tin°m@
enfourchure,@fuRSyR
engoulevent,@gul°v@
enneigement,@nEZ°m@
ensommeillé,@somEje
entacher,@taSe
entailler,@taje
entre-deux-guerres,@tR°d2gER
essieux,Esj2
estonienne,EstOnjEn
ethnographe,EtnogRaf
ethnographique,EtnogRafik
ex-fiancé,Eksfj@se
exemplairement,Egz@plER°m@
exemplifier,Egz@plifje
exploratoire,EksploRatwaR
exténuation,Eksten8asj§
faillie,faji
faix,fE
fallacieux,falasj2
fathma,fatma
fauchaison,foSEz§
feedback,fidbak
ferblantier,fERbl@tje
ferlage,fERlaZ
fessier,fesje
feuillette,f9jEt
feuler,f9le
flemmarder,flemaRde
flirteur,fl9Rt9R
flétrissement,fletRis°m@
flûtiau,flytjo
fondant,f§d@
fonts,f§
forlane,fORlan
fortifié,fORtifje
franc-tireur,fR@tiR9R
francophone,fR@kofOn
friable,fRijabl
fricoteur,fRikot9R
frigorifique,fRigoRifik
fronton,fR§t§
fulminer,fylmine
futaine,fytEn
futurologue,fytyRolOg
fécondateur,fek§dat9R
fêle,fEl
gabare,gabaR
gaillardement,gajaRd°m@
galeriste,gal°Rist
galvauder,galvode
gauchement,goS°m@
geignant,ZEN@
giaour,ZjauR
glacialement,glasjal°m@
glandouiller,gl@duje
glisse-la-moi,glislamwa
gloriette,gloRjEt
goitre,gwatR
golem,golEm
gosplan,gospl@
goy,gOj
grand-maître,gR@mEtR
grattage,gRataZ
grelottant,gR°lot@
gribouille,gRibuj
griffonner,gRifone
grignotage,gRiNotaZ
grisâtre,gRizatR
groenlandais,gRoenl@dE
grognant,gRoN@
grouillot,gRujo
guincher,g5Se
guindant,g5d@
guinée,gine
gulden,gyldEn
géographiquement,ZeogRafik°m@
gésine,Zezin
hanséatique,@seatik
harenguier,aR@gje
harengère,aR@ZER
hautin,ot5
hem,Em
hippomobile,ipomobil
homologation,omologasj§
hooligan,uligan
hostellerie,OtEl°Ri
houri,uRi
hulotte,ylOt
hydrolase,idRolaz
hydrophile,idRofil
hématologie,ematoloZi
idéologiquement,ideoloZik°m@
illusionner,ilyzjone
illustrateur,ilystRat9R
illustré,ilystRe
imbriquer,5bRike
immanquablement,5m@kabl°m@
immixtion,imiksj§
implanté,5pl@te
imprévoyance,5pRevwaj@s
incollable,5kolabl
indivis,5divi
indo-européen,5do2Rope5
indépendantisme,5dep@d@tism
inemploi,in@plwa
inexpiable,inEkspjabl
infuser,5fyze
injecté,5ZEkte
inquisitorial,5kizitoRjal
insensiblement,5s@sibl°m@
insinuant,5sin8@
intermezzo,5tERmEdzo
intouché,5tuSe
intériorité,5teRjoRite
invalider,5valide
isotonique,izOtOnik
jacobin,Zakob5
jeu-concours,Z2k§kuR
jeune-homme,Z9nOm
jonchée,Z§Se
juiverie,Z8iv°Ri
justiciable,Zystisjabl
kachoube,kaSub
kérabau,keRabo
lacté,lakte
landing,l@diG
lange,l@Z
languide,l@gid
laryngoscopie,laR5gOskOpi
libératoire,libeRatwaR
lichen,likEn
lipothymie,lipotimi
loggia,lOdZja
lubrifiant,lybRifj@
lumineusement,lymin2z°m@
luthérien,lyteRj5
luxuriance,lyksyRj@s
magister,maZistER
magnolia,maNolja
magyar,magjaR
malaire,malER
mamba,m@ba
mamzelle,mamzEl
mange-disque,m@Zdisk
manucurer,manykyRe
maquereautage,mak°RotaZ
maquerellage,mak°RElaZ
marmouset,maRmuzE
massicot,masiko
menterie,m@t°Ri
mercantile,mERk@til
mi-oiseau,miwazo
minimaliste,minimalist
mongo,m§go
monocoque,monokOk
monodie,monodi
monolinguisme,monol5g8ism
monotonement,monotOn°m@
moucheté,muS°te
moyer,mwaje
mudéjar,mydeZaR
mugissant,myZis@
multipartite,myltipaRtit
munichois,mynikwa
muser,myze
mutiné,mytine
mythomanie,mitomani
méconnaître,mekonEtR
mêmement,mEm°m@
mûrissement,myRis°m@
n'est-ce pas,nEs°pa
naphte,naft
navarin,navaR5
navarrais,navaRE
nobiliaire,nobiljER
nobilitas,nobilita
nommément,nomem@
non-amour,nOnamuR
non-assistance,nOnasist@s
non-conformiste,n§k§fORmist
non-croyance,n§kRwaj@s
non-paiement,n§pEm@
nucléus,nykleys
nébulosité,nebylozite
négoce,negOs
négus,negys
néo-réalisme,neoRealizm
néo-zélandais,neozel@dE
obélisque,obelisk
occidentalisation,Oksid@talizasj§
occire,OksiR
odomètre,OdOmEtR
oint,w5
olympiade,ol5pjad
onanisme,onanizm
orphéon,ORfe§
orpiment,ORpim@
orthopédiste,ORtopedist
otospongiose,Otosp§Zjoz
outilleur,utij9R
oyant,waj@
panaméricain,panameRik5
parador,paRadOR
paraphe,paRaf
parasiticide,paRazitisid
paroissien,paRwasj5
passementier,pas°m@tje
pasteurisation,past9Rizasj§
pater noster,patERnOstER
patène,patEn
peccavi,pekavi
pelloche,pElOS
pelure,p°lyR
perfidement,pERfid°m@
pergola,pERgola
personnaliser,pERsonalize
phosphatine,fOsfatin
phylloxera,filokseRa
phylloxéra,filOkseRa
physiologiste,fizjoloZist
phénobarbital,fenobaRbital
phéromone,feRomOn
pianotage,pjanotaZ
pilonner,pilone
pilotin,pilOt5
pinçage,p5saZ
pisan,piz@
pissat,pisa
pisse-froid,pisfRwa
plain-chant,pl5S@
plan-séquence,pl@sek@s
plantaire,pl@tER
pleurite,pl9Rit
plinthe,pl5t
plurinational,plyRinasjOnal
plâtrier,platRije
poilant,pwal@
policlinique,pOliklinik
pongiste,p§Zist
pontin,p§t5
porphyre,pORfiR
porte-clé,pORt°kle
porte-glaive,pORt°glEv
postier,pOstje
posté,pOste
posément,pozem@
potentat,pot@ta
poujadiste,puZadist
poupoule,pupul
praesidium,pRezidjOm
praxie,pRaksi
prestidigitation,pREstidiZitasj§
priant,pRij@
primitivisme,pRimitivizm
prin,pR5
prisme,pRizm
probité,pRobite
prolifère,pRolifER
promotionnel,pRomosjonEl
propolis,pROpOlis
proroger,pRoRoZe
prothésiste,pRotezist
protège-dents,pRotEZd@
préau,pReo
précurseur,pRekyRs9R
préhension,pRe@sj§
prôner,pRone
psychosociologue,psikosOsjOlOg
puncture,p§ktyR
putasserie,pytas°Ri
pâlissant,palis@
qu'en-dira-t-on,k@diRat§
quantitativement,k@titativ°m@
quarante-cinquième,kaR@ts5kjEm
quarante-quatre,kaR@t°katR
quasi-monopole,kazimOnOpOl
quatre-vingt-onze,katR°v5§z
quatre-vingt-quatorze,katR°v5katORz
quatre-vingt-seize,katR°v5sEz
quattrocento,kwatRotSEnto
questeur,k8Est9R
questure,kEstyR
quinquennat,k85kena
raboteux,Rabot2
rabâchage,RabaSaZ
rachianesthésie,RaSjanEstezi
racontable,Rak§tabl
radicalisation,Radikalizasj§
radio-réveil,RadjoRevEj
radiogoniométrique,RadjogOnjometRik
radiotéléphonie,RadjotelefOni
raft,Raft
raga,Raga
ranche,R@S
raréfier,RaRefje
raïa,Raja
reboisement,R°bwaz°m@
rechanger,R2S@Ze
rediscuter,R°diskyte
redistribution,R°distRibysj§
refroidisseur,R°fRwadis9R
relent,R°l@
relégation,R°legasj§
remariage,R°maRjaZ
remontant,R°m§t@
repiquage,R°pikaZ
resquilleur,REskij9R
resserrage,R°sERaZ
retiro,RetiRo
rhinoscopie,RinOskOpi
rocailleux,Rokaj2
rotonde,Rot§d
rustaud,Rysto
rébus,Rebys
rédemptoriste,Red@ptORist
réengager,Re@gaZe
régimentaire,ReZim@tER
régleur,Regl9R
régénéré,ReZeneRe
réinterprétation,Re5tERpRetasj§
réinvestir,Re5vEstiR
résonnant,Rezon@
rétinien,Retinj5
rêveusement,REv2z°m@
sacristine,sakRistin
salicine,salisin
saloir,salwaR
sampler,s@ple
sans-façon,s@fas§
sape,sap
sapotille,sapOtij
sara,saRa
sarcler,saRkle
sarcoïdose,saRkOidoz
sardonique,saRdonik
saupoudrer,sopudRe
sauve-qui-peut,sovkip2
savonnage,savonaZ
scannage,skanaZ
scoumoune,skumun
seaborgium,sibORgjOm
semtex,sEmtEks
sertao,sERtaw
shogoun,Sogun
siphonner,sifone
slow,slo
slug,sl9g
socialisation,sosjalizasj§
sophiste,sofist
sourdingue,suRd5g
sous-cutané,sukytane
sous-effectif,suzefEktif
sous-intendant,suz5t@d@
sous-secrétariat,sus°kRetaRja
sous-traitant,sutREt@
species,spesjEs
squeeze,skwiz
stokes,stOks
stroboscopique,stRoboskopik
submersible,sybmERsibl
sulfaté,sylfate
superintendant,sypER5t@d@
superposé,sypERpoze
sureffectif,syRefEktif
surentraînement,syR@tREn°m@
surprise-party,syRpRizpaRti
surprotéger,syRpROteZe
surréalisme,syRRealizm
surseoir,syRswaR
survolté,syRvOlte
synchrone,s5kRon
tapageur,tapaZ9R
taquet,takE
tarin,taR5
taxinomie,taksinomi
tempera,t@peRa
tenailler,t°naje
tercer,tERse
thermo,tERmo
thrène,tREn
timidement,timid°m@
timon,tim§
tiraillement,tiRaj°m@
tirée,tiRe
toubab,tubab
touiller,tuje
touillé,tuje
tout-terrain,tutER5
tracassier,tRakasje
tractoriste,tRaktoRist
transmis,tR@smi
transmutation,tR@smytasj§
transposer,tR@spoze
tringle,tR5gl
triporteur,tRipORt9R
troglodyte,tRoglodit
trompeter,tR§p°te
trémie,tRemi
trépidation,tRepidasj§
tsariste,tsaRist
typologie,tipoloZi
téléphoniste,telefonist
télétexte,teletEks°t
tétrarque,tetRaRk
ultra-catholique,yltRakatOlik
umbanda,umb@da
unilatéralement,ynilateRal°m@
unisexe,ynisEks
usuellement,yz8El°m@
vadrouilleur,vadRuj9R
vaguer,vage
varsovien,vaRsOvj5
vasouiller,vazuje
velléité,vEleite
vernisseur,vERnis9R
vertigineusement,vERtiZin2z°m@
viabilité,vjabilite
vibratoire,vibRatwaR
vice-amiral,visamiRal
vice-recteur,visREkt9R
villégiature,vileZjatyR
vivandier,viv@dje
voluptueux,volypt82
vérif,veRif
véronique,veRonik
vésicatoire,vezikatwaR
vésiculaire,vezikylER
welter,vElt9R
zarabe,zaRab
zingaro,zingaRo
zonage,zonaZ
zéphire,zefiR
écailler,ekaje
éclampsie,ekl@psi
éclosion,eklozj§
écorcherie,ekORS°Ri
éditorial,editoRjal
électrolyte,elEktRolit
éligible,eliZibl
élégiaque,eleZjak
émaner,emane
émergent,emERZ@
épanchement,ep@S°m@
éthylisme,etilizm
étudié,etydje
abondant,ab§d@
abroger,abRoZe
accroupir,akRupiR
adverbe,advERb
affilié,afilje
air-air,ERER
ajouté,aZute
albacore,albakOR
alcalin,alkal5
aliéné,aljene
allongement,al§Z°m@
allouer,alwe
alpaguer,alpage
aléatoirement,aleatwaR°m@
amorçage,amORsaZ
amplificateur,@plifikat9R
amylase,amilaz
anatomiquement,anatomik°m@
anglophone,@glofOn
annonceur,an§s9R
anoxie,anOksi
anti,@ti
anti-bombe,@tib§b
anti-viol,@tivjOl
anti-virus,@tiviRys
antisérum,@tiseROm
aplati,aplati
apponter,ap§te
arboretum,aRbORetOm
argus,aRgys
articulaire,aRtikylER
artériographie,aRteRjOgRafi
aseptisé,asEptize
assaisonner,asEzone
assidûment,asidym@
assiéger,asjeZe
astreignant,astREN@
attracteur,atRakt9R
atténuateur,aten8at9R
audacieusement,odasj2z°m@
autosuggestion,otosygZEstj§
back up,bak9p
bande-son,b@ds§
bandelette,b@d°lEt
bibendum,bib5dOm
bichette,biSEt
biture,bityR
bivouaquer,bivwake
blanchissement,bl@Sis°m@
blitzkrieg,blitskRik
bolivar,bolivaR
bonder,b§de
bongo,b§go
bosselé,bOs°le
bour,buR
bovin,bov5
brassage,bRasaZ
brisée,bRize
brouille,bRuj
brusquerie,bRysk°Ri
burne,byRn
bursite,byRsit
bédé,bede
cachottier,kaSotje
calandre,kal@dR
californie,kalifORni
camber,k@be
cancérologue,k@seROlOg
cardiomyopathie,kaRdjomjopati
carotidien,kaROtidj5
cavalièrement,kavaljER°m@
celtique,sEltik
certification,sERtifikasj§
chablis,Sabli
chambranle,S@bR@l
chasuble,Sazybl
chauffant,Sof@
cheptel,SEptEl
chintz,Sints
chloramphénicol,klOR@fenikOl
chtarbé,StaRbe
cleptomane,klEptoman
co-capitaine,kokapitEn
cocoon,kokun
cognitif,kognitif
colostomie,kolostomi
commodément,komodem@
comparé,k§paRe
complies,k§pli
comptabiliser,k§tabilize
conférer,k§feRe
conjonctif,k§Z§ktif
contraster,k§tRaste
contre-productif,k§tR2pROdyktif
copiner,kopine
coproducteur,kopRodykt9R
corruptible,koRyptibl
cosmologie,kOsmoloZi
cramponner,kR@pone
crisser,kRise
croup,kRup
cumulus,kymylys
curve,kyRv
cyclique,siklik
cystique,sistik
cystite,sistit
célébrissime,selebRisim
céphalorachidien,sefaloRaSidj5
côtier,kotje
dandiner,d@dine
dao,dao
delirium,deliRjOm
dermite,dERmit
dessus-de-lit,d°syd°li
diffuseur,difyz9R
dilatoire,dilatwaR
directionnel,diREksjonEl
discrétionnaire,diskResjonER
disgracieux,disgRasj2
dna,deEna
douglas,dugla
durham,dyRam
dysfonction,disf§ksj§
déblayage,deblEjaZ
décimal,desimal
déclinaison,deklinEz§
défenestration,def°nEstRasj§
déflexion,deflEksj§
dégradé,degRade
déhancher,de@Se
déjanter,deZ@te
démesurément,dem°zyRem@
désamiantage,dezamj@taZ
désapprendre,dezapR@dR
dévaloriser,devaloRize
embouché,@buSe
embrasé,@bRaze
empattement,@pat°m@
enchevêtrement,@S°vEtR°m@
endettement,@dEt°m@
enfiévré,@fjevRe
enfouissement,@fwis°m@
engouffrer,@gufRe
ensorcelé,@sORs°le
espacement,Espas°m@
ex-agent,EksaZ@
ex-démon,Eksdem§
exercé,EgzERse
extensible,Ekst@sibl
feta,fEta
filetage,fil°taZ
fiscalité,fiskalite
fossile,fosil
franchiser,fR@Size
frou-frou,fRufRu
fumiger,fymiZe
gabier,gabje
geôle,Zol
goulet,gulE
goûteux,gut2
griser,gRize
groupé,gRupe
gypse,Zips
génomique,Zenomik
hassidique,asidik
hertz,ERts
homme-chien,OmSj5
humaniser,ymanize
hurleur,yRl9R
hydrochlorique,idRoklORik
hyperbole,ipERbOl
hypoténuse,ipotenyz
hébraïque,ebRaik
hémoculture,emokyltyR
immuniser,imynize
immunologiste,imynolOZist
impeccablement,5pekabl°m@
imperator,5peRatOR
impérissable,5peRisabl
infester,5fEste
injurieux,5ZyRj2
inoculer,inokyle
insubmersible,5sybmERsibl
intoxiqué,5tOksike
intérioriser,5teRjoRize
iraquien,iRakj5
jacob,ZakOb
jamboree,ZamboRi
jars,ZaR
kaposi,kapozi
kriss,kRis
labelle,labEl
laborantin,laboR@t5
lacune,lakyn
languette,l@gEt
lanoline,lanolin
laparoscopie,lapaRoskopi
laryngé,laR5Ze
lats,lats
loti,loti
lycanthrope,lik@tROp
légalisation,legalizasj§
lévite,levit
mandant,m@d@
manifestant,manifEst@
manip,manip
manipulable,manipylabl
manouche,manuS
maous,maus
matriarche,matRiaRS
militer,milite
millefeuille,mil°f9j
milliseconde,milis°g§d
mirus,miRys
moissonneur,mwason9R
médaillé,medaje
médiator,medjatOR
mémorandum,memoR@dOm
méthodiquement,metodik°m@
méthédrine,metedRin
naphtalène,naftalEn
narcotique,naRkotik
neurologiste,n2RoloZist
nihiliste,niilist
nimbus,n5bys
niveler,niv°le
nominal,nominal
non-dit,n§di
non-prolifération,n§pRolifeRasj§
nubien,nybj5
numériquement,nymeRik°m@
nécromancie,nekRom@si
occasionner,okazjone
octane,Oktan
omniscience,Omnisj@s
ophtalmologie,OftalmoloZi
ophtalmologiste,OftalmoloZist
originellement,oRiZinEl°m@
package,pakaZ
panaméen,paname5
pancréatectomie,p@kReatEktOmi
paranoïde,paRanoid
parquer,paRke
percolateur,pERkolat9R
perçu,pERsy
philosophiquement,filozofik°m@
photon,fot§
physionomiste,fizjonomist
pilosité,pilozite
pipe-line,pajplajn
piétinement,pjetin°m@
plastoc,plastOk
plastron,plastR§
pneumonique,pn2monik
poisson-épée,pwas§epe
pollinisation,polinizasj§
polymère,polimER
porte-savon,pORtsav§
pourtour,puRtuR
prestement,pREst°m@
primat,pRima
primé,pRime
prodiguer,pRodige
prosternation,pRostERnasj§
protonique,pRotonik
provoqué,pRovoke
précéder,pResede
préservatif,pRezERvatif
prétoire,pRetwaR
purpura,pyRpyRa
pénétré,penetRe
pépiement,pepim@
quadriennal,kwadRijEnal
quasar,kazaR
quatre-vingt-dix,katR°v5dis
quintette,k5tEt
quinzième,k5zjEm
raban,Rab@
raccordement,RakORd°m@
radiner,Radine
radiologique,RadjOlOZik
radiotélescope,RadjotelEskOp
raff,Raf
rager,RaZe
ravagé,RavaZe
rectangulaire,REkt@gylER
redéployer,R°deplwaje
regardable,R°gaRdabl
regency,R°Z@si
remaniement,R°manim@
rengager,R@gaZe
renouvelable,R°nuv°labl
reproducteur,R°pRodykt9R
ressenti,R°s@ti
reverser,R°vERse
rififi,Rififi
rikiki,Rikiki
rogner,RoNe
romantiquement,Rom@tik°m@
rossinante,Rosin@t
roténone,RotenOn
routinier,Rutinje
rugissant,RyZis@
réarmement,ReaRm°m@
récessif,Resesif
récépissé,Resepise
réfrigérant,RefRiZeR@
régulateur,Regylat9R
régurgiter,RegyRZite
réimplantation,Re5pl@tasj§
saccharine,sakaRin
sagace,sagas
sagacité,sagasite
salopiot,salopjo
sampan,s@p@
sauton,sot§
scampi,sk@pi
schisme,Sizm
sensibilisation,s@sibilizasj§
septum,sEptOm
show,So
shrapnel,SRapnEl
sociabilité,sosjabilite
socio,sosjo
soigneur,swaN9R
solénoïde,solenoid
sorbetière,sORb°tjER
sous-développé,sudev°lope
sous-programme,supRogRam
sous-section,suseksj§
soya,swaja
spatio-temporel,spasjot@poREl
spationaute,spasjonot
spectrographique,spEktRogRafik
spectrométrie,spEktRometRi
splénectomie,splenEktOmi
sponsoring,sp§soRiG
staphylocoque,stafilokOk
statisticien,statistisj5
stipulant,stipyl@
subornation,sybORnasj§
substrat,sypstRa
supraconducteur,sypRak§dykt9R
suprêmement,sypREm°m@
surdimensionné,syRdijm@sjone
surplomb,syRpl§
surpression,syRpREsj§
surpuissant,syRp8is@
susceptibilité,sysEptibilite
suspensoir,sysp@swaR
svastika,svastika
syrah,siRa
sédimentation,sedim@tasj§
sénégalais,senegalE
séparatiste,sepaRatist
sérologie,seRoloZi
séropositivité,seRopozitivite
tambouriner,t@buRine
timonerie,timOn°Ri
trans,tR@s
transcontinental,tR@sk§tin@tal
traumatologie,tRomatoloZi
travertin,tRavERt5
trigger,tRig9R
tristounet,tRistunE
triumvir,tRijOmviR
tutti frutti,tytifRyti
tétracycline,tetRasiklin
vahiné,vaine
vair,vER
vandaliser,v@dalize
vanner,vane
vaporisation,vapoRizasj§
ventral,v@tRal
vraisemblance,vREs@bl@s
william,wiljam
égalitaire,egalitER
élaguer,elage
élancé,el@se
électroencéphalogramme,elEktRo@sefalogRam
élément-clé,elem@kle
émeu,em2
épanoui,epanwi
éperdu,epERdy
éplucheur,eplyS9R
éthiquement,etik°m@
éthylène,etilEn
étique,etik
étirement,etiR°m@
étymologie,etimoloZi
abdiquer,abdike
abricot,abRiko
absorbant,apsORb@
acidocétose,asidosetoz
acrophobie,akRofobi
adobe,adOb
adventiste,adv@tist
agnostique,agnostik
airelle,EREl
ako,ako
alcali,alkali
allemagne,al°maN
am stram gram,amstRamgRam
amicale,amikal
anastomose,anastomoz
anti-corps,@tikOR
anti-matière,@timatjER
anti-sémitisme,@tisemitizm
antidrogue,@tidROg
antitoxine,@titOksin
aoûtat,auta
appentis,ap@ti
arabesque,aRabEsk
aspirateur,aspiRat9R
attribut,atRiby
attroupement,atRup°m@
automédication,otomedikasj§
avaliser,avalize
avocat-conseil,avokak§sEj
babylonien,babilonj5
bain-marie,b5maRi
bas-relief,baR°ljEf
beagle,big9l
bermuda,bERmyda
biosphère,bjosfER
bonasse,bonas
bonifier,bonifje
braconner,bRakone
bristol,bRistOl
broyage,bRwajaZ
calcif,kalsif
calcification,kalsifikasj§
calo,kalo
cantonner,k@tone
caractérisé,kaRakteRize
carbonate,kaRbonat
caressant,kaREs@
cari,kaRi
cataplasme,kataplasm
celluloïd,selyloid
chaparder,SapaRde
chauvinisme,Sovinizm
christmas,kRismas
chromosomique,kRomozomik
cimenterie,sim@t°Ri
cinquante-sept,s5k@tsEt
claim,klEm
coauteur,koot9R
cocaïnomane,kokainoman
commuer,kom8e
communicateur,komynikat9R
compilateur,k§pilat9R
concessionnaire,k§sesjonER
connecteur,konEkt9R
contraceptif,k§tRasEptif
contre-torpilleur,k§tR°tORpij9R
contrôlable,k§tRolabl
convoyage,k§vwajaZ
copinage,kopinaZ
cordialité,kORdjalite
cormier,kORmje
cornouiller,kORnuje
coronarien,kOROnaRj5
cortical,kORtikal
couard,kwaR
coupe-faim,kupf5
couronné,kuRone
croquemort,kROk°mOR
créditer,kRedite
cytomégalovirus,sitomegaloviRys
demi-tasse,d°mitas
demi-vie,d°mivi
dermatite,dERmatit
derviche,dERviS
dessaouler,desule
dhole,dol2
discordant,diskORd@
dolomite,dolomit
drille,dRij
duplicata,dyplikata
décaféiné,dekafeine
décompter,dek§te
déconstruction,dek§stRyksj§
déferler,defERle
déférence,defeR@s
dégouliner,deguline
délaissé,delEse
déneiger,denEZe
dénonciateur,den§sjat9R
dénuder,denyde
dénuement,denym@
déposséder,deposede
désabusé,dezabyze
désengager,dez@gaZe
détromper,detR§pe
effeuillage,ef9jaZ
emmerdement,@mERd°m@
enjoliver,@Zolive
ensemencer,@s°m@se
ergonomique,ERgonomik
errements,ER°m@
essorer,esoRe
essouffler,esufle
ethnie,Etni
exacerber,EgzasERbe
excision,Eksizj§
exfoliant,Eksfolj@
fer-blanc,fERbl@
fibroscope,fibRoskOp
filé,file
fiscaliste,fiskalist
fixing,fiksiG
follet,folE
fou-fou,fufu
froncer,fR§se
frustrer,fRystRe
frétiller,fRetije
félin,fel5
galopant,galop@
galure,galyR
gaminerie,gamin°Ri
geignard,ZENaR
gonorrhée,gonoRe
graillon,gRaj§
grappiller,gRapije
grattoir,gRatwaR
grippé,gRipe
guru,guRu
gypaète,ZipaEt
génotype,Zenotip
géométriquement,ZeometRik°m@
halon,al§
hand-ball,@dbOl
harpiste,aRpist
hivernal,ivERnal
hochement,OS°m@
hydrothérapie,idRoteRapi
hétérosexualité,eteRoseks8alite
iambique,j@bik
imagé,imaZe
immobilisation,imobilizasj§
immunisation,imynizasj§
imperium,5p°RjOm
impétigo,5petigo
inconstitutionnel,5k§stitysjonEl
indéchiffrable,5deSifRabl
infertile,5fERtil
inflexion,5flEksj§
inintelligible,in5teliZibl
ininterrompu,in5tER§py
injecteur,5ZEkt9R
interné,5tERne
intracardiaque,5tRakaRdjak
intranet,5tRanEt
inutilisé,inytilize
investisseur,5vEstis9R
jaunâtre,ZonatR
jouvenceau,Zuv@so
lacunaire,lakynER
lap,lap
largesse,laRZEs
largue,laRg
latence,lat@s
limande,lim@d
lombric,l§bRik
longe,l§Z
losange,loz@Z
loyalisme,lwajalizm
lsd,ElEsde
mailer,mEjle
manchon,m@S§
marker,maRk9R
marsouin,maRsw5
martin,maRt5
matheux,mat2
mi-course,mikuRs
mi-fleuve,mifl9v
mi-humain,miym5
mi-moyen,mimwaj5
micro-organisme,mikRoORganizm
millenium,milenjOm
miniaturiser,minjatyRize
minutage,minytaZ
modernisme,modERnizm
moria,mORja
mouffette,mufEt
mufle,myfl
multimillionnaire,myltimiljonER
multimédia,myltimedja
mural,myRal
méditatif,meditatif
méditerranéen,meditERane5
mésentente,mez@t@t
métastase,metastaz
métastatique,metastatik
nigérian,niZeRj@
nécrophilie,nekRofili
obturer,OptyRe
océanologue,OseanOlOg
odorant,odoR@
oiseau-mouche,wazomuS
okapi,Okapi
ope,Op
orang-outang,oR@ut@
orgasmique,ORgasmik
oryx,oRiks
oscilloscope,osijoskOp
ostentatoire,Ost@tatwaR
outrageusement,utRaZ2z°m@
ouvre-bouteille,uvR°butEj
paillette,pajEt
pandit,p@di
participant,paRtisip@
passe-droit,pasdRwa
pathologiquement,patoloZik°m@
patine,patin
patère,patER
percussionniste,pERkysjonist
perfuser,pERfyze
persona non grata,pERsonan§gRata
petitesse,p°titEs
peuh,p2
phlébite,flebit
phosphorescent,fOsfoRes@
pimprenelle,p5pR°nEl
pistolero,pistoleRo
piégeur,pjeZ9R
plasmaphérèse,plasmafeREz
pochoir,poSwaR
poivrier,pwavRije
polyglotte,poliglOt
portage,pORtaZ
porte-flingue,pORt°fl5g
postmoderne,pOstmodERn
potache,potaS
proportionnellement,pRopORsjonEl°m@
protoplasme,pRotoplasm
protéiné,pROteine
préalablement,pRealabl°m@
prépubère,pRepybER
prévisionnel,pRevizjonEl
pépètes,pepEt
quelqu'une,kElkyn
ramoneur,Ramon9R
raout,Raut
rapine,Rapin
rationalisation,Rasjonalizasj§
rechigner,R°SiNe
recoloration,R2kOlORasj§
recoupement,R°kup°m@
recta,REkta
reprographie,R°pRogRafi
revenant,R°v°n@
rhythm and blues,RitmEnbluz
ricocher,RikoSe
rince-doigts,R5sdwa
romancer,Rom@se
rustine,Rystin
réadapter,Readapte
réembaucher,Re@boSe
réhydrater,ReidRate
réorientation,ReORj@tasj§
rééquilibrer,ReekilibRe
salto,salto
saur,soR
scanographie,skanogRafi
scaphoïde,skafOid
sex-symbol,sekss5bOl
soixante-six,swas@tsis
solidifier,solidifje
somnolent,sOmnOl@
sous-ensemble,suz@s@bl
soûlerie,sul°Ri
spermaceti,spERmaseti
spica,spika
steeple,stipl
strip-poker,stRippokER
stups,styp
sténographe,stenogRaf
sub-espace,sybEspas
suicidant,s8isid@
surabondance,syRab§d@s
surfactant,syRfakt@
surmener,syRm°ne
surqualifié,syRkalifje
sustenter,syst@te
synchronisme,s5kRonizm
sédation,sedasj§
sélect,selEkt
sépulcre,sepylkR
take-off,tEkOf
tamagotchi,tamagotSi
tarpon,taRp§
territorial,tERitoRjal
tolar,tolaR
toute-puissance,tutp8is@s
transverse,tR@svERs
trapézoïde,tRapezOid
traversant,tRavERs@
trentenaire,tR@t°nER
trublion,tRyblij§
truffer,tRyfe
tubard,tybaR
tâtonner,tatone
télémétrique,telemetRik
téléprompteur,telepR§pt9R
télétype,teletip
ténia,tenja
uréthane,yRetan
vachard,vaSaR
vanné,vane
vasistas,vazistas
venaison,v°nEz§
ventru,v@tRy
verdâtre,vERdatR
verrat,vERa
vibro-masseur,vibRomas9R
zonard,zonaR
zoophilie,zoofili
à rebrousse-poil,aR°bRuspwal
âtre,atR
échauffourée,eSofuRe
éclaircie,eklERsi
écrémer,ekReme
éliminatoire,eliminatwaR
élongation,el§gasj§
éparpillé,epaRpije
éphédrine,efedRin
épris,epRi
évolutif,evolytif
abruptement,abRypt°m@
accessoiriser,aksEswaRize
accrédité,akRedite
adaptable,adaptabl
addenda,ad5da
adosser,adose
adénosine,adenozin
affaissement,afEs°m@
agoraphobe,agoRafOb
agronomie,agRonomi
aguerrir,ageRiR
ajustable,aZystabl
alphanumérique,alfanymeRik
ammoniaque,amonjak
amoncellement,am§sEl°m@
aneth,anEt
ankh,@k
anosmie,anOsmi
antagoniste,@tagonist
anthracite,@tRasit
antiacide,@tiasid
antichar,@tiSaR
antitabac,@titaba
asocial,asosjal
aspartam,aspaRtam
aspergillus,aspERZilys
assertion,asERsj§
autodafé,otodafe
autostop,otostOp
avantager,av@taZe
aérospatial,aeRospasjal
aînesse,EnEs
babil,babil
babillage,babijaZ
bactérien,bakteRj5
bactériophage,bakteRjOfaZ
baderne,badERn
baht,bat
banyan,banjan
baragouiner,baRagwine
baronet,baRonE
barzoï,baRzOj
basson,bas§
benzédrine,b5zedRin
bernicle,bERnikl
biffer,bife
bilirubine,biliRybin
biotope,bjotOp
bipartisme,bipaRtism
bisbille,bisbij
blagueur,blag9R
bleuté,bl2te
blocs-notes,blOknOt
bon-papa,b§papa
boucanier,bukanje
bouffant,buf@
boule-de-neige,buld°nEZ
bouline,bulin
bourdonner,buRdone
brise-glace,bRizglas
brodequin,bROd°k5
bubble-gum,b9b9lgOm
bugler,bygle
cabri,kabRi
cafardeux,kafaRd2
calendes,kal@d
calibration,kalibRasj§
canope,kanOp
caoua,kawa
carder,kaRde
cardio-pulmonaire,kaRdjOpylmOnER
carterie,kaRt2Ri
castine,kastin
cañon,kaNOn
charançon,SaR@s§
charivari,SaRivaRi
chausseur,Sos9R
chiropraxie,kiROpRaksi
chlorate,kloRat
chromatographie,kROmatOgRafi
chuintement,S85t°m@
cimarron,simaR§
cinémascope,sinemaskOp
citrique,sitRik
clarification,klaRifikasj§
claudication,klodikasj§
clignotement,kliNOt°m@
clinicat,klinika
clinquant,kl5k@
cloîtré,klwatRe
co-signer,kosiNe
co-voiturage,kovwatyRaZ
cochenille,kOS°nij
cocotte-minute,kokOtminyt
code-barre,kOdbaR
combe,k§b
combinatoire,k§binatwaR
compartimenter,k§paRtim@te
compressif,k§pREsif
concurrentiel,k§kyR@sjEl
concussion,k§kysj§
conduction,k§dyksj§
configurer,k§figyRe
contre-feu,k§tR2f2
contre-terrorisme,k§tR°tERoRism
contrefait,k§tR°fE
convexe,k§vEks
cosmétologie,kOsmetoloZi
costal,kOstal
couplage,kuplaZ
covoiturage,kovwatyRaZ
cribler,kRible
croche,kROS
croûter,kRute
cumuler,kymyle
cyrillique,siRilik
delirium tremens,deliRjOmtRemEns
demi-pinte,d2mip5t
denture,d@tyR
dermatologiste,dERmatOlOZist
desserte,desERt
desservir,desERviR
deutérium,d2teRjOm
diastolique,djastolik
différé,difeRe
dilapider,dilapide
diode,djOd
dirigé,diRiZe
disloqué,disloke
disparité,dispaRite
dispendieux,disp@dj2
dissémination,diseminasj§
distension,dist@sj§
distillat,distila
diurne,djyRn
diurèse,djyREz
divergent,divERZ@
docilement,dosil°m@
domestiquer,domEstike
dorsale,dORsal
dorure,dORyR
doubleur,dubl9R
dream team,dRimtim
dual,d8al
dubitatif,dybitatif
dunette,dynEt
dynamitage,dinamitaZ
déboucheur,debuS9R
décaper,dekape
décoloré,dekoloRe
déconfiture,dek§fityR
décontaminer,dek§tamine
décupler,dekyple
déductibilité,dedyktibilite
défavorisé,defavoRize
défiger,defiZe
dégraissage,degREsaZ
délectation,delEktasj§
délimiter,delimite
démonté,dem§te
démoralisé,demoRalize
dénomination,denominasj§
dépoter,depote
déprogrammation,depROgRamasj§
déréglé,deRegle
désaveu,dezav2
désaxé,dezakse
désinfectant,dez5fEkt@
désintéresser,dez5teRese
désintérêt,dez5teRE
désodorisant,dezodoRiz@
déséquilibrer,dezekilibRe
embrasure,@bRazyR
empoisonnant,@pwazon@
encreur,@kR9R
endocrinologie,@dokRinoloZi
enfoncement,@f§s°m@
enjoindre,@Zw5dR
enrôlé,@Role
enseveli,@s°v°li
entaillé,@taje
entre-jambes,@tR°Z@b
entrefilet,@tR°filE
envahi,@vai
envisagé,@vizaZe
ergothérapie,ERgoteRapi
escarpin,EskaRp5
esclavagisme,EsklavaZizm
estourbir,EstuRbiR
ex-secrétaire,Ekss°kREtER
ex-équipier,Eksekipje
existentialisme,Egzist@sjalizm
expressionnisme,EkspREsjonizm
extravéhiculaire,EkstRaveikylER
exténuant,Eksten8@
exulter,Egzylte
facétieux,fasesj2
familiale,familjal
fantastiquement,f@tastik°m@
fascia,fasja
fausse-couche,foskuS
femme-robot,famRobo
fertilisation,fERtilizasj§
fifre,fifR
finalisation,finalizasj§
flatulence,flatyl@s
flip-flop,flipflOp
flouer,flue
fluctuant,flykt8@
fonctionnalité,f§ksjOnalite
formatage,fORmataZ
fourmillement,fuRmij°m@
fourreur,fuR9R
francfort,fR@kfOR
frappadingue,fRapad5g
fratrie,fRatRi
fructose,fRyktoz
frétillant,fRetij@
fumage,fymaZ
furtivité,fyRtivite
férule,feRyl
gaffer,gafe
galamment,galam@
galérien,galeRj5
gigahertz,ZigaERts
glide,glid
grappillage,gRapijaZ
guatémaltèque,gwatemaltEk
géopolitique,Zeopolitik
gériatrie,ZeRjatRi
gériatrique,ZeRjatRik
hantise,@tiz
hart,aR
haver,ave
haïssable,aisabl
holster,Olst9R
homme-robot,OmRobo
houp,up
houx,u
hydrique,idRik
hyperbare,ipERbaR
hypercalcémie,ipERkalsemi
hypertrophique,ipERtRofik
hypophyse,ipofiz
hélix,eliks
hémolyse,emoliz
hémophile,emofil
impeachment,impitSmEnt
importateur,5pORtat9R
impulsivement,5pylsiv°m@
in extremis,inEkstRemis
incisif,5sizif
inconsidérément,5k§sideRem@
incube,5kyb
incurvé,5kyRve
indompté,5d§te
infirmer,5fiRme
initialisé,inisjalize
inopérant,inopeR@
installateur,5stalat9R
interchangeable,5tERS@Zabl
interfacer,5tERfase
internationalement,5tERnasjonal°m@
interpellation,5tERpelasj§
invariable,5vaRjabl
invertébré,5vERtebRe
irréfragable,iRefRagabl
joaillerie,Zoaj°Ri
joggeur,dZOg9R
judéen,Zyde5
kamala,kamala
keiretsu,keREtsu
ket,kEt
kinésithérapie,kineziteRapi
laper,lape
larvaire,laRvER
lemming,lEmiG
leptonique,lEptOnik
lido,lido
limette,limEt
liminaire,liminER
lithuanien,lit8anj5
lobbying,lObijiG
louage,lwaZ
lourdingue,luRd5g
loute,lut
lupanar,lypanaR
lysergique,lizERZik
lèche-vitrines,lESvitRin
macchab,makab
mach,mak
magenta,maZ@ta
magistralement,maZistRal°m@
magnésie,maNezi
magnétite,maNetit
maigrelet,mEgR°lE
malversation,malvERsasj§
mandataire,m@datER
mango,m@go
manhattan,manatan
marihuana,maRiRwana
marteau-pilon,maRtopil§
mastic,mastik
maturation,matyRasj§
mea-culpa,meakylpa
mercurochrome,mERkyRokRom
mignonnet,miNonE
minauder,minode
mixité,miksite
mlle,madmwazEl
mobil-home,mObilom
moduler,modyle
momification,momifikasj§
momifier,momifje
monocycle,monosikl
monopoliser,monopolize
monorail,monoRaj
montre-bracelet,m§tR°bRas°lE
moraine,moREn
morbidité,mORbidite
morosité,moRozite
mots-croisés,mokRwaze
mouroir,muRwaR
moussaka,musaka
multinational,myltinasjonal
myocardiopathie,mjOkaRdjOpati
médullaire,medylER
mémoriel,memoRjEl
métabolite,metabOlit
métallurgique,metalyRZik
métropolitain,metRopolit5
narguilé,naRgile
negro,negRo
nettoyant,netwaj@
neuropathie,n2Ropati
nitre,nitR
non-agression,nOnagREsj§
non-existence,nOnEgzist@s
norvégienne,nORveZjEn
numérisation,nymeRizasj§
nymphette,n5fEt
négroïde,negRoid
oblitérer,obliteRe
océanographe,oseanogRaf
off-shore,OfSOR
olympien,ol5pj5
ombilic,§bilik
on-line,Onlajn
onctueux,§kt82
ongulé,§gyle
opportunément,opORtynem@
oppressé,opRese
opprimer,opRime
orthophonie,ORtofoni
oscillographe,osijogRaf
ostéoporose,OsteopoRoz
pagaïe,pagaj
palan,pal@
paolo,paOlo
papier-cadeau,papjekado
papillonner,papijone
paramètre,paRamEtR
paranéoplasique,paRaneoplazik
parasiter,paRazite
patronage,patRonaZ
paxon,paks§
peanuts,pin9ts
pectoral,pEktoRal
peigne-cul,pENky
perco,pERko
permafrost,pERmafRost
phénol,fenOl
phéochromocytome,feokROmositom
pied-noir,pjenwaR
pigeonnant,piZon@
pigment,pigm@
pince-nez,p5sne
pirouetter,piRwEte
piécette,pjesEt
plaqueur,plak9R
pocher,poSe
poissonnière,pwasonjER
polak,polak
politiser,politize
ponce,p§s
porte-aiguille,pORteg8ij
pressage,pREsaZ
presse-fruits,pREsfR8i
proactif,pRoaktif
process,pROsEs
progestérone,pRoZEsteROn
proximal,pROksimal
prépondérance,pRep§deR@s
préprogrammé,pRepRogRame
péjoratif,peZoRatif
pérorer,peRoRe
pétri,petRi
quadrupler,kwadRyple
quatre-vingt-cinq,katR°v5s5k
quatre-vingt-sept,katR°v5sEt
raclement,Rakl°m@
radiobalise,Radjobaliz
radon,Rad§
radoucir,RadusiR
rancarder,R@kaRde
ravageur,RavaZ9R
raviser,Ravize
recommencement,R°kom@s°m@
rejuger,R°ZyZe
relogement,R°lOZ°m@
relooker,R°luke
remblai,R@blE
renifleur,R°nifl9R
repeint,R°p5
repiquer,R°pike
reptilien,REptilj5
ressauter,R°sote
rhapsodie,Rapsodi
rif,Rif
roquefort,ROkfOR
rosette,RozEt
rotatif,Rotatif
roublard,RublaR
rouille,Ruj
râper,Rape
réalignement,RealiN°m@
réassigner,ReasiNe
récusation,Rekyzasj§
réexamen,ReEgzam5
réexpédier,ReEkspedje
régence,ReZ@s
réhabituer,Reabit8e
rémunérateur,RemyneRat9R
réorienter,ReORj@te
répartiteur,RepaRtit9R
résidant,Rezid@
résiliation,Reziljasj§
rétractable,RetRaktabl
rétracteur,RetRakt9R
rétrogradation,RetRogRadasj§
réversion,RevERsj§
révisionniste,Revizjonist
réévaluation,Reeval8asj§
rônin,Ron5
saillant,saj@
sample,s@pl
sangler,s@gle
saperlotte,sapERlOt
sapeur-pompier,sap9Rp§pje
saphène,safEn
sassafras,sasafRa
scientologue,sj@tolOg
scrub,skROb
sensationnalisme,s@sasjonalizm
sente,s@t
seppuku,sepuku
setter,setER
seventies,s°v@ti
sexologue,seksolOg
sextuor,sekst8OR
silicate,silikat
sismologue,sismOlOg
slash,slaS
snipe,snip
socratique,sokRatik
soixante-seize,swas@tsEz
sondeur,s§d9R
soupière,supjER
sous-maîtresse,sumEtREs
spath,spat
spectroscope,spEktRoskOp
spécificité,spesifisite
stepper,stEpe
stoïcisme,stoisizm
stylet,stilE
sténopé,stenope
sténose,stenoz
succinctement,syks5t°m@
suiveur,s8iv9R
sulfureux,sylfyR2
supérieurement,sypeRj9R°m@
surligner,syRliNe
surplis,syRpli
sénatorial,senatoRjal
sérénissime,seRenisim
tabassage,tabasaZ
tachyon,takj§
tartan,taRt@
taube,tob
taxidermie,taksidERmi
telson,tEls§
testiculaire,tEstikylER
thermidor,tERmidOR
thrill,tRil
thrombotique,tR§bOtik
tire-lait,tiRlE
tomme,tOm
toner,tonER
tonicité,tonisite
tonnage,tonaZ
tonnellerie,tonEl°Ri
toquer,toke
tordage,tORdaZ
toxoplasmose,tOksoplasmoz
traceur,tRas9R
traditionaliste,tRadisjonalist
tragédien,tRaZedj5
transatlantique,tR@zatl@tik
transportation,tR@spORtasj§
tric,tRik
tricuspide,tRikyspid
trogne,tRON
trombinoscope,tR§binoskOp
tub,t9b
tuméfaction,tymefaksj§
tuyauter,t8ijote
uniformité,ynifORmite
unioniste,ynjonist
vacillant,vasij@
vaisselier,vEs°lje
vedettariat,v°dEtaRja
verlan,vERl@
versus,vERsys
vice-chancelier,vis°S@s2lje
vicieusement,visj2z°m@
vidéaste,videast
vieillissant,vjejis@
viscéralement,viseRal°m@
vivier,vivje
voracité,voRasite
vroom,vRum
vénézuélien,venez8elj5
warning,waRniG
waterproof,watERpRuf
échocardiogramme,ekokaRdjOgRam
écluser,eklyze
égosiller,egozije
électromètre,elEktROmEtR
émanation,emanasj§
émoussé,emuse
émulation,emylasj§
éon,e§
étatique,etatik
éthyle,etil
étinceler,et5s°le
étoupe,etup
étrave,etRav
étrenner,etRene
éventer,ev@te
abrégé,abReZe
accentuation,aks@t8asj§
accoucheur,akuS9R
acrimonie,akRimoni
actualiser,akt8alize
adhérence,adeR@s
aduler,adyle
affidavit,afidavi
agresseur,agREs9R
aguicheur,agiS9R
ahi,ai
alkali,alkali
amerrir,ameRiR
anaphylaxie,anafilaksi
anglican,@glik@
anicroche,anikROS
antarctique,@taRktik
anti-dopage,@tidopaZ
anti-gravité,@tigRavite
anti-patriotique,@tipatRiotik
anti-racket,@tiRakEt
antirouille,@tiRuj
appeau,apo
applique,aplik
après-ski,apREski
arachnide,aRaknid
arborer,aRboRe
archivage,aRSivaZ
arrangeur,aR@Z9R
aspersion,aspERsj§
assagi,asaZi
asséner,asene
astigmate,astigmat
astroport,astRopOR
audio-visuel,odjoviz8El
avent,av@
aérage,aeRaZ
aéromobile,aeRomobil
baliser,balize
barber,baRbe
baryum,baRjOm
beaux-enfants,boz@f@
berlingot,bERl5go
biomédical,bjomedikal
biophysique,bjofizik
biscuiterie,bisk8it°Ri
blanchon,bl@S§
bombarde,b§baRd
bourlinguer,buRl5ge
bourrelet,buR°lE
braque,bRak
briscard,bRiskaR
bruine,bR8in
bucco-génital,bykoZenital
bugle,bygl
burlesque,byRlEsk
butée,byte
bésigue,bezig
cabosser,kabose
cambodgien,k@bOdZj5
cambuse,k@byz
cantaloup,k@talu
cantharide,k@taRid
caoutchouteux,kautSut2
cardon,kaRd§
casqué,kaske
cassandre,kas@dR
castrat,kastRa
catalyseur,kataliz9R
caté,kate
chancelière,S@s2ljER
chapardage,SapaRdaZ
charnu,SaRny
chenillette,S°nijEt
chiffonner,Sifone
chlorpromazine,klORpRomazin
chouquet,SukE
chouquette,SukEt
cibiche,sibiS
cicatriciel,sikatRisjEl
cimenter,sim@te
cinquante-huit,s5k@t8it
cireux,siR2
clam,klam
clarisse,klaRis
clown,klun
coelacanthe,selak@t
commanditer,kom@dite
commissaire-priseur,komisERpRiz9R
compo,k§po
compétitivité,k§petitivite
concoction,k§kOksj§
conditionnel,k§disjonEl
conique,konik
conjoint,k§Zw5
connaissement,konEs°m@
connectivité,konEktivite
consister,k§siste
contemplatif,k§t@platif
contention,k§t@sj§
contingence,k§t5Z@s
contresigner,k§tR°siNe
contusionné,k§tyzjone
convection,k§vEksj§
convergent,k§vERZ@
cordial,kORdjal
cornouaillais,kORnuajE
corpuscule,kORpyskyl
cotonneux,koton2
couinement,kwin°m@
crispant,kRisp@
croupière,kRupjER
crépon,kRep§
crêper,kRepe
curateur,kyRat9R
curée,kyRe
cyanose,sjanoz
célébrant,selebR@
céréale,seReal
dactylographier,daktilogRafje
dactylographié,daktilogRafje
de profundis,depRofundis
demi-longueur,d°mil§g9R
devers,d°vER
diaphorétique,djafORetik
diapositive,djapozitiv
digitale,diZital
digression,digResj§
disette,dizEt
disputé,dispyte
dissimulé,disimyle
dissous,disu
distribué,distRib8e
donner,done
doublon,dubl§
douce-amère,dusamER
douve,duv
drisse,dRis
drosophile,dRozofil
duché,dySe
dysplasie,displazi
débauché,deboSe
débonnaire,debonER
décalquer,dekalke
déchiffrage,deSifRaZ
décocher,dekoSe
déconcerter,dek§sERte
déconseiller,dek§seje
déficitaire,defisitER
défoulement,deful°m@
défraîchi,defRESi
dégriser,degRize
délocalisation,delokalizasj§
délocaliser,delOkalize
démarchage,demaRSaZ
démontage,dem§taZ
démêlant,demEl@
dépiauter,depjote
dépraver,depRave
déréglementation,deRegl°m@tasj§
désuétude,des8etyd
dévoilement,devwal°m@
effarouché,efaRuSe
effilé,efile
elliptique,eliptik
embellissement,@belis°m@
enclenchement,@kl@S°m@
encodage,@kodaZ
encoder,@kode
encodeur,@kod9R
enculage,@kylaZ
endimanché,@dim@Se
englober,@globe
enjambée,@Z@be
envoûté,@vute
enzymatique,@zimatik
ergonomie,ERgonomi
ergothérapeute,ERgoteRap2t
espacer,Espase
esquisser,Eskise
estancia,Est@sja
ex-gouverneur,EksguvERn9R
ex-homme,EksOm
ex-marine,EksmaRin
exhorter,EgzORte
exit,Egzit
exonérer,EgzoneRe
expectative,EkspEktativ
expliciter,Eksplisite
expulsé,Ekspylse
extraverti,EkstRavERti
faillible,fajibl
fataliste,fatalist
fendard,f@daR
ferment,fERm@
feuillet,f9jE
feuilleté,f9j°te
fiducie,fidysi
filage,filaZ
finasser,finase
fioul,fjul
fissurer,fisyRe
flagada,flagada
fomenter,fom@te
fraternisation,fRatERnizasj§
fraudeur,fRod9R
frictionner,fRiksjone
frigidité,fRiZidite
frigorifié,fRigoRifje
fuchsia,fySja
gallium,galjOm
garde-chiourme,gaRd°SjuRm
gavage,gavaZ
ginkgo,Z5ko
girl-scout,g9Rlskut
glandulaire,gl@dylER
glaneur,glan9R
gluten,glytEn
glyphe,glif
gonze,g§z
goudou,gudu
gourgandine,guRg@din
gourme,guRm
gouzi-gouzi,guziguzi
goyave,gojav
gracieuseté,gRasj2z°te
graffeur,gRaf9R
grand-angle,gR@t@gl
grandiloquence,gR@dilok@s
grenouillère,gR2nujER
gribouilleur,gRibuj9R
griffé,gRife
gros-bec,gRobEk
grossissement,gRosis°m@
guiche,giS
gypsophile,Zipsofil
habilleur,abij9R
haletant,al°t@
haltère,altER
haltérophile,alteRofil
handicapeur,@dikap9R
haranguer,aR@ge
harmonieusement,aRmonj2z°m@
harnachement,aRnaS°m@
haussement,os°m@
hayon,Ej§
herniaire,ERnjER
hidalgo,idalgo
hispano,ispano
histologique,istoloZik
holographie,ologRafi
homme-poisson,Ompwas§
horticulteur,ORtikylt9R
humidifier,ymidifje
hune,yn
huppe,yp
hydroglisseur,idRoglis9R
hypertonique,ipERtonik
hypoallergénique,ipoalERZenik
idiome,idjom
idiopathique,idjopatik
incandescence,5k@des@s
inconduite,5k§d8it
incorrectement,5koREkt°m@
incrustation,5kRystasj§
indifféremment,5difeRam@
individualiste,5divid8alist
inertiel,inERsjEl
inexploité,inEksplwate
informatif,5fORmatif
ingagnable,5gaNabl
ingénieusement,5Zenj2z°m@
inintéressant,in5teREs@
initialiser,inisjalize
injustifiable,5Zystifjabl
innovateur,inovat9R
introspectif,5tRospEktif
inégalé,inegale
ira,iRa
irrévérencieux,iReveR@sj2
javanais,ZavanE
jouter,Zute
judaïque,Zydaik
justifiable,Zystifjabl
k-way,kawe
laconique,lakonik
lactate,laktat
laideron,lEd°R§
laineux,lEn2
lance-flamme,l@sflam
lance-roquette,l@sRokEt
lanterner,l@tERne
lave-auto,lavoto
lazaret,lazaRE
laîche,lES
leishmaniose,lESmanjoz
leitmotiv,lEjtmotiv
lepton,lEpt§
lettré,letRe
libérable,libeRabl
logorrhée,logoRe
long-métrage,l§metRaZ
loqueteux,lOk°t2
loustic,lustik
lyophilisé,ljOfilize
légation,legasj§
macache,makaS
majestueusement,maZEst82z°m@
malséant,malse@
mappemonde,map°m§d
marasquin,maRask5
marcel,maRsEl
marie-couche-toi-là,maRikuStwala
massacreur,masakR9R
masturbateur,mastyRbat9R
maîtrisable,metRizabl
mi-machine,mimaSin
miao,miao
microbiologiste,mikRobjoloZist
microchirurgie,mikRoSiRyRZi
microseconde,mikRos°g§d
midinette,midinEt
militantisme,milit@tizm
minimalisme,minimalizm
misanthrope,miz@tROp
mita,mita
mitaine,mitEn
mme,madam
mocassin,mokas5
modulaire,modylER
moufter,mufte
moulure,mulyR
mouture,mutyR
moyenâgeux,mwajEnaZ2
muesli,m82sli
native,nativ
naturalisation,natyRalizasj§
nichée,niSe
nombriliste,n§bRilist
non-recevoir,n§R2s2vwaR
obturation,OptyRasj§
oedipien,2dipj5
oiseleur,waz°l9R
oiselle,wazEl
oliver,Olive
opiniâtre,opinjatR
orienté,oRj@te
ougandais,ug@dE
paille,paj
pancréatique,p@kReatik
pantois,p@twa
parapher,paRafe
parapsychologue,paRapsikolOg
parolier,paRolje
pattern,pat9Rn
paver,pave
paysager,peizaZe
penthotal,p5total
pestilence,pEstil@s
photosensible,fotos@sibl
photostat,fOtosta
pigeonneau,piZono
pileux,pil2
pimenté,pim@te
piscicole,pisikOl
placoplâtre,plakoplatR
plastifier,plastifje
pleureur,pl2R9R
plissé,plise
pluvial,plyvjal
poindre,pw5dR
polarisation,polaRizasj§
polish,pOliS
polochon,poloS§
possédant,posed@
pourliche,puRliS
pourrissant,puRis@
poutine,putin
poutou,putu
poutrelle,putREl
pressurer,pResyRe
priser,pRize
procure,pRokyR
professoral,pRofEsoRal
promulguer,pRomylge
pronostiqueur,pRonOstik9R
protocolaire,pRotokolER
proxo,pROkso
préférentiel,pRefeR@sjEl
puceron,pys°R§
pugnace,pyNas
puissamment,p8isam@
pulvérisation,pylveRizasj§
pupillaire,pypilER
purulent,pyRyl@
pygmée,pigme
pyrotechnique,piRotEknik
pâlichon,paliS§
pâmer,pame
pédoncule,ped§kyl
péteuse,pet2z
péteux,pet2
quatre-vingt-trois,katR°v5tRwa
rabiot,Rabjo
raffiner,Rafine
rappelé,Rap°le
ratiboiser,Ratibwaze
recalculer,R°kalkyle
receler,R°s°le
recombinaison,R°k§binEz§
reconquête,R°k§kEt
recyclable,R°siklabl
refait,R°fE
relaver,R°lave
reléguer,R°lege
rembourrer,R@buRe
renchérir,R@SeRiR
reparaître,R°paREtR
retape,R°tap
retraitement,R°tREt°m@
rho,Ro
rigolote,RigolOt
ripaille,Ripaj
riser,Rajz9R
rognon,RoN§
rondelet,R§d°lE
roubignoles,RubiNOl
réamorcer,ReamORse
récréatif,RekReatif
rédhibitoire,RedibitwaR
réfrigérer,RefRiZeRe
réfrigéré,RefRiZeRe
réimplanter,Re5pl@te
résorber,RezORbe
rétraction,RetRaksj§
sacrer,sakRe
salinité,salinite
salique,salik
saucer,sose
saynète,sEnEt
scare,skaR
scat,skat
schlem,SlEm
sciage,sjaZ
scribouillard,skRibujaR
sectarisme,sektaRizm
shogunat,SOguna
sifflante,sifl@t
sirupeux,siRyp2
sloop,slup
sobrement,sObR°m@
socio-économique,sosjoekonomik
sous-estimation,suzEstimasj§
sous-location,sulokasj§
sous-traiter,sutRete
sous-verre,suvER
spire,spiR
sponsorisé,sp§soRize
spécieux,spesj2
spécifié,spesifje
strontium,stR§sjOm
stégosaure,stegozoR
subdivision,sybdivizj§
subsidiaire,sybzidjER
supercalculateur,sypERkalkylat9R
superficiellement,sypERfisjEl°m@
superproduction,sypERpRodyksj§
suri,syRi
surprotecteur,syRpRotEkt9R
surélever,syRel°ve
séraphin,seRaf5
taille-haie,tajE
talonner,talone
tandoori,t@doRi
tangara,t@gaRa
taoïsme,taoizm
tapant,tap@
tapotement,tapOt°m@
tapé,tape
tavernier,tavERnje
tennisman,tenisman
terrarium,tERaRjOm
tertiaire,tERsjER
tocante,tok@t
tonnelier,ton°lje
torche-cul,tORS°ky
tortillon,tORtij§
tourbière,tuRbjER
tournemain,tuRn°m5
transbordement,tR@sbORd°m@
transvaser,tR@svaze
transversal,tR@svERsal
traquet,tRakE
traînard,tREnaR
tremblotant,tR@blot@
trillion,tRilj§
trismégiste,tRismeZist
troupier,tRupje
tubulaire,tybylER
tuner,tynER
téléachat,teleaSa
télécommander,telekom@de
télégraphie,telegRafi
ultrasecret,yltRas°kRE
unanimement,ynanim°m@
uniformément,ynifORmem@
urique,yRik
utérin,yteR5
vaquero,vakeRo
varappe,vaRap
vauxhall,voksol
vertébral,vERtebRal
vide-ordure,vidORdyR
vidéocassette,videokasEt
viscosité,viskozite
vitré,vitRe
vivats,viva
volatil,volatil
vulcain,vylk5
zieuter,zj2te
zygote,zigOt
zébu,zeby
écarteler,ekaRt°le
éclairant,eklER@
économiseur,ekonomiz9R
écru,ekRy
égyptologie,eZiptoloZi
éphèbe,efEb
épiglotte,epiglOt
épiloguer,epiloge
épéiste,epeist
étriller,etRije
abattant,abat@
abdication,abdikasj§
abduction,abdyksj§
acacia,akasja
acétique,asetik
ad infinitum,ad5finitOm
ada,ada
adjoindre,adZw5dR
adjudant-major,adZyd@maZOR
administrativement,administRativ°m@
adénome,adenom
affranchissement,afR@Sism@
afin qu,af5k8y
afrikaner,afRikan9R
agissant,aZis@
alcalde,alkald
aldol,aldOl
aleph,alEf
algonquin,alg§k5
aliéniste,aljenist
allitération,aliteRasj§
alopécie,alopesi
alvar,alvaR
ambler,@ble
amoraliste,amORalist
ampoulé,@pule
amyotrophique,amjotRofik
anaérobie,anaeRobi
anti-atomique,@tiatomik
anti-gel,@tiZEl
anti-nucléaire,@tinykleER
anti-poisse,@tipwas
antiaméricain,@tiameRik5
anticonformiste,@tik§fORmist
antipollution,@tipolysj§
anémone,anemOn
appontement,ap§t°m@
appuie-tête,ap8itEt
après-vente,apREv@t
arabique,aRabik
arcane,aRkan
archi-faux,aRSifo
archéoptéryx,aRkeOpteRiks
argotique,aRgotik
arguer,aRge
aristo,aRisto
arraisonner,aREzone
aréna,aRena
astronautique,astRonotik
astucieusement,astysj2z°m@
asymptomatique,as5ptomatik
atlante,atl@t
atrophier,atRofje
attenant,at°n@
aubépine,obepin
austro-hongrois,ostRo§gRwa
autocollant,otokol@
autoguidage,otogidaZ
avant-propos,av@pRopo
avenu,av°ny
avoisinant,avwazin@
axel,aksEl
axillaire,aksilER
azalée,azale
babel,babEl
baby-boom,babibum
baccarat,bakaRa
bachelier,baS2lje
background,bakgRawnd
baile,bel
baleineau,balEno
balte,balt
bandé,b@de
barbara,baRbaRa
barolo,baRolo
baroudeur,baRud9R
barreur,baR9R
batak,batak
bathyscaphe,batiskaf
baveur,bav9R
belle-doche,bEldOS
bibiche,bibiS
bibliobus,biblijobys
bidouillage,bidujaZ
biennale,bjenal
big band,bigb@d
bigo,bigo
biodiversité,bjodivERsite
bioluminescence,bjolymines@s
biquette,bikEt
bisaïeul,bizaj9l
bisexualité,biseks8alite
blair,blER
blanchâtre,bl@SatR
blue-jean,bludZin
boitement,bwat°m@
bossoir,boswaR
bouclette,buklEt
boxer-short,bOks9RSORt
brisis,bRizi
brème,bREm
buffalo,byfalo
burg,b9Rg
byzantin,biz@t5
bâfreur,bafR9R
béatification,beatifikasj§
bégueule,beg9l
cabotinage,kabotinaZ
cadencé,kad@se
cahoteux,kaot2
caldeira,kaldeRa
calypso,kalipso
cannelle,kanEl
canonisation,kanonizasj§
cantinier,k@tinje
capharnaüm,kafaRnaOm
capitule,kapityl
carboglace,kaRboglas
casette,kazEt
casse-burnes,kasbyRn
casus belli,kazysbElli
catalyser,katalize
catgut,katg9t
censément,s@sem@
centaurée,s@toRe
centrales,s@tRal
cerbère,sERbER
chagriné,SagRine
chassie,Sasi
chatoiement,Satwam@
chaussé,Sose
chevauchant,S°voS@
chiader,Sjade
chicon,Sik§
chiffré,SifRe
chinook,Sinuk
chiricahua,SiRikaua
chouiner,Swine
chromosphère,kRomosfER
chèque-cadeau,SEkkado
cinglage,s5glaZ
circassien,siRkasj5
circonscrire,siRk§skRiR
circonstanciel,siRk§st@sjEl
circonvenir,siRk§v°niR
cisaillement,sizaj°m@
cisailler,sizaje
clafoutis,klafuti
clergyman,klERZiman
club-house,kl9baws
clubhouse,kl9baws
co-exister,koEgziste
co-propriétaire,kopRopRietER
codicille,kodisil
colique,kolik
collectiviser,kolEktivize
colza,kOlza
combientième,k§bj@tjEm
comite,kOmit
commis-voyageur,komivwajaZ9R
compensateur,k§p@sat9R
condé,k§de
confluer,k§fl8e
considérant,k§sideR@
constable,k§stabl
constitué,k§stit8e
contacteur,k§takt9R
converger,k§vERZe
coquerie,kOk°Ri
corrigé,koRiZe
costumer,kOstyme
cosy,kozi
coucheur,kuS9R
coupe-chou,kupSu
coupe-ongle,kup§gl
covenant,kov°n@
cramouille,kRamuj
cranter,kR@te
criée,kRije
cross-country,kROskawntRi
cruchon,kRyS§
créditeur,kRedit9R
cubique,kybik
cure-pipe,kyRpip
cutané,kytane
cyanoacrylate,sjanoakRilat
cyclable,siklabl
cyclo-pousse,siklopus
cyclothymique,siklotimik
cérémoniel,seRemonjEl
demi-page,d2mipaZ
demi-talent,d2mital@
dentelé,d@t°le
dernier-né,dERnjene
dessiné,desine
destructif,destRyktif
diaboliser,djabolize
diamantaire,djam@tER
diamantin,djam@t5
diaphragmatique,djafRagmatik
diaporama,djapORama
digeste,diZEst
dilettante,dilet@t
diligemment,diliZam@
dilution,dilysj§
dinguerie,d5g°Ri
dipneuste,dipn2st
dirigeable,diRiZabl
discontinuité,disk§tin8ite
dolby,dOlbi
dominicain,dominik5
duveteux,dyv°t2
dyspepsie,dispEpsi
dyspnée,dispne
dystrophie,distROfi
déblocage,deblokaZ
débouter,debute
décarcasser,dekaRkase
décroître,dekRwatR
déculotter,dekylote
décélérer,deseleRe
défraiement,defREm@
défriser,defRize
déférer,defeRe
dégobiller,degobije
dégoulinant,degulin@
dégénératif,deZeneRatif
délabrement,delabR°m@
démarcher,demaRSe
dématérialiser,demateRijalize
démenti,dem@ti
démerde,demERd
dénombrer,den§bRe
dépatouiller,depatuje
dépenaillé,dep°naje
dépité,depite
déployé,deplwaje
dépréciation,depResjasj§
désassembler,dezas@ble
désembourber,dez@buRbe
désinviter,dez5vite
désirant,deziR@
désorganiser,dezORganize
dévitaliser,devitalize
embrasseur,@bRas9R
embrumé,@bRyme
emplumé,@plyme
empreint,@pR5
encart,@kaR
enclenche,@kl@S
encombrement,@k§bR°m@
encéphalopathie,@sefalopati
engranger,@gR@Ze
enrobage,@RobaZ
enroué,@Rwe
ensorcellement,@sORsEl°m@
entre-dévorer,@tR°devoRe
entresol,@tR°sOl
entropique,@tRopik
enturbanné,@tyRbane
escarbille,EskaRbij
esclavagiste,EsklavaZist
est-ce,Es°
estafilade,Estafilad
estudiantin,Estydj@t5
ex-belle-mère,EksbElmER
ex-commando,Ekskom@do
ex-militaire,EksmilitER
ex-miss,Eksmis
ex-officier,Eksofisje
exciser,Eksize
existentialiste,Egzist@sjalist
exploité,Eksplwate
exportateur,EkspORtat9R
expéditeur,Ekspedit9R
expéditif,Ekspeditif
extériorisation,EksteRjoRizasj§
exultation,Egzyltasj§
fanfaronner,f@faRone
fermenter,fERm@te
fettucine,fetutSine
fibroscopie,fibRoskOpi
fifty,fifti
filandreux,fil@dR2
filariose,filaRjoz
filochard,filoSaR
flapi,flapi
floconneux,flokon2
fluorescence,flyoRes@s
folliculaire,folikylER
fongique,f§Zik
forfaitaire,fORfEtER
fortifiant,fORtifj@
fortitude,fORtityd
fougueusement,fug2z°m@
foutral,futRal
fractal,fRaktal
frapadingue,fRapad5g
frottage,fRotaZ
fulminate,fylminat
fumeux,fym2
fustiger,fystiZe
fécal,fekal
félon,fel§
gainer,gene
galbe,galb
gamberge,g@bERZ
garde-boue,gaRd°bu
garde-feu,gaRd°f2
gardiennage,gaRdjEnaZ
gargouiller,gaRguje
gin-rummy,dZinRymi
glabre,glabR
gliome,gliom
godiche,godiS
gommier,gomje
goudronner,gudRone
graff,gRaf
grand-vergue,gR@vERg
grattement,gRat°m@
grattouillis,gRatuji
gratuité,gRat8ite
greffé,gRefe
grenader,gR°nade
grippe-sou,gRipsu
grégeois,gReZwa
guibole,gibOl
gustatif,gystatif
guérite,geRit
guêpière,gEpjER
gymkhana,Zimkana
généralisation,ZeneRalizasj§
gérontologie,ZeR§toloZi
géré,ZeRe
gésier,Zezje
hallebarde,al°baRd
handicaper,@dikape
hanneton,an°t§
harmonisation,aRmonizasj§
harmonium,aRmonjOm
heur,9R
hommasse,omas
homme-loup,Omlu
homme-oiseau,Omwazo
horrifié,oRifje
humectant,ymEkt@
hybridation,ibRidasj§
hyponatrémie,iponatRemi
hypothécaire,ipotekER
hédonisme,edonizm
hématine,ematin
identitaire,id@titER
igname,iNam
ignition,iNisj§
illettrisme,ilEtRizm
immolation,imolasj§
immunologique,imynoloZik
implémenter,5plem@te
in utero,inyteRo
in vino veritas,invinovERitas
inadaptation,inadaptasj§
incapacitant,5kapasit@
incliné,5kline
incommoder,5komode
inconditionnellement,5k§disjonEl°m@
incuber,5kybe
indigent,5diZ@
indoor,indOR
inenvisageable,in@vizaZabl
inexprimé,inEkspRime
infantilisme,5f@tilizm
infléchir,5fleSiR
infondé,5f§de
initié,inisje
injectable,5ZEktabl
insane,5san
insonoriser,5sonoRize
instituer,5stit8e
intangible,5t@Zibl
intelligible,5teliZibl
interactivité,5tERaktivite
interarmées,5tERaRme
intercaler,5tERkale
intercourse,5tERkuRs
interminablement,5tERminabl°m@
introniser,5tRonize
intéressement,5teREs°m@
iodure,jodyR
ionisé,jonize
isocèle,izosEl
isolationnisme,izolasjonizm
jacobite,Zakobit
jaffer,Zafe
jam,dZam
jamaïquain,Zamaik5
jobard,ZobaR
jouxte,Zukst
kafir,kafiR
keepsake,kipsEk
kinésithérapeute,kineziteRap2t
l-dopa,Eldopa
lactation,laktasj§
lagan,lag@
lavable,lavabl
lento,lEnto
lexie,lEksi
libation,libasj§
ligaturer,ligatyRe
linon,lin§
lisant,liz@
lissé,lise
logarithme,logaRitm
loucheur,luS9R
lumen,lymEn
luminescence,lyminEs@s
lustrage,lystRaZ
lyophiliser,ljofilize
léonard,leonaR
maccarthysme,makaRtizm
maintenue,m5t°ny
malfamé,malfame
malléole,maleOl
maniérisme,manjeRizm
marabout,maRabu
marner,maRne
maroquinerie,maRokin°Ri
martel,maRtEl
massacrant,masakR@
maître-chanteur,mEtR°S@t9R
membré,m@bRe
mesclun,mEskl1
mi-animal,mianimal
middle-west,mid2lwEst
militaro-industriel,militaRo5dystRijEl
mirer,miRe
mitiger,mitiZe
mnémonique,mnemonik
montjoie,m§Zwa
mort-vivant,mORviv@
mortifiant,mORtifj@
motivateur,motivat9R
moïse,moiz
muletier,myl°tje
mullah,myla
multi-tâches,myltitaS
multirécidiviste,myltiResidivist
munster,mynst9R
murer,myRe
musaraigne,myzaREN
mystificateur,mistifikat9R
myélite,mjelit
mégahertz,megaERts
mélangeur,mel@Z9R
méridien,meRidj5
mésalliance,mezalj@s
méthyle,metil
méthylène,metilEn
météorique,meteoRik
météorologiste,meteoRoloZist
nacré,nakRe
naga,naga
nap,nap
narratif,naRatif
naturaliser,natyRalize
nautile,notil
nazaréen,nazaRe5
nervi,nERvi
neurofibromatose,n2RofibROmatoz
neurotoxine,n2RotOksin
neurotransmetteur,n2RotR@smEt9R
nietzschéenne,nitSeEn
nikkei,nikEj
nil,nil
nominatif,nominatif
non,n§
noradrénaline,nORadRenalin
numérologue,nymeRolOg
nunchaku,nunSaku
nécropsie,nekRopsi
nécrotique,nekRotik
néphrologie,nefRoloZi
océanographie,oseanogRafi
olivine,Olivin
ondulation,§dylasj§
onto,§to
opposable,opozabl
optométriste,OptometRist
osso buco,osobuko
overdrive,Ov9RdRajv
oxygéné,OksiZene
oxymoron,OksimoR§
palliatif,paljatif
palot,palo
panaché,panaSe
panty,p@ti
pare-feux,paRf2
paresthésie,paREstezi
parodique,paRodik
pasteurisé,past9Rize
pathétiquement,patetik°m@
pauvret,povRE
pavlovien,pavlOvj5
payeur,pEj9R
pentu,p@ty
peppermint,pEpERmint
perforateur,pERfoRat9R
personnalisation,pERsonalizasj§
persécuteur,pERsekyt9R
pestiféré,pEstifeRe
petit-lait,p°tilE
phalarope,falaROp
phalène,falEn
phalère,falER
philistin,filist5
phrasé,fRaze
phtisie,ftizi
phénoménalement,fenOmenal°m@
piano-bar,pjanobaR
pied-plat,pjepla
pigeonner,piZone
pimbêche,p5bES
pince-sans-rire,p5ss@RiR
pincette,p5sEt
pioupiou,pjupju
pipi-room,pipiRum
plafonner,plafone
platoniquement,platonik°m@
plazza,pladza
plie,pli
podologue,podolOg
poivrière,pwavRijER
polaque,polak
polymorphe,polimORf
polymérase,pOlimeRaz
polyuréthane,pOliyRetan
portal,pORtal
portland,pORtl@d
post-synchro,pOsts5kRo
postulant,pOstyl@
pouffer,pufe
praliné,pRaline
premium,pRemjOm
propylène,pROpilEn
prospecteur,pROspEkt9R
préemption,pRe@psj§
préfrontal,pRefR§tal
prémisse,pRemis
préopératoire,pReopeRatwaR
préposé,pRepoze
préscolaire,pReskolER
préséance,pRese@s
pseudomonas,ps2dOmOnas
psilocybine,psilOsibin
psittacose,psitakoz
psychopathologie,psikopatoloZi
pucier,pysje
pueblo,py°blo
pullman,pulman
purifiant,pyRifj@
puritanisme,pyRitanizm
pénitent,penit@
péricardite,peRikaRdit
pétiller,petije
pétoncle,pet§kl
qualificatif,kalifikatif
quechua,keSua
queue-de-pie,k2d°pi
quiller,kije
quintet,k5tE
rabe,Rab
rachitisme,RaSitizm
radiologiste,RadjOlOZist
raffoler,Rafole
rageur,RaZ9R
ramification,Ramifikasj§
rapacité,Rapasite
ravageant,RavaZ@
reconditionnement,R°k§disjOn°m@
recroiser,R°kRwaze
rectificatif,REktifikatif
rectitude,REktityd
rediffuser,R°difyze
redoublé,R°duble
relativisme,R°lativizm
remue-méninges,R°mymen5Z
rengainer,R@gene
reniflage,R2niflaZ
renégociation,R°negosjasj§
repéreur,R2peR9R
rescapé,REskape
reset,R2zEt
retapisser,R°tapise
riboflavine,Riboflavin
réaligner,RealiNe
réarmer,ReaRme
réexpédition,ReEkspedisj§
référencer,RefeR@se
réprouver,RepRuve
répudier,Repydje
répétiteur,Repetit9R
rétameur,Retam9R
rétroactivement,RetRoaktiv°m@
réverbération,RevERbeRasj§
rôtisseur,Rotis9R
sabéenne,sabeEn
sachem,saSEm
saint-crépin,s5kRep5
saki,saki
sanguinolent,s@ginol@
sans-faute,s@fot
sans-grade,s@gRad
saoudite,saudit
scandaliser,sk@dalize
scander,sk@de
schiste,Sist
scinder,s5de
scoutisme,skutizm
second-maître,s2g§dmEtR
sellerie,sEl°Ri
sentencieux,s@t@sj2
serin,s°R5
siffleur,sifl9R
siffloter,siflote
slalomer,slalome
solderie,sOld°Ri
soudaineté,sudEn°te
soupeser,sup°ze
sous-continent,suk§tin@
spatiotemporel,spatjot@poREl
speakeasy,spikizi
spectrographe,spEktRogRaf
spic,spik
spina,spina
splénique,splenik
steamer,stim9R
strie,stRi
stroboscope,stRObOskOp
structurellement,stRyktyREl°m@
structuré,stRyktyRe
subito,sybito
submersion,sybmERsj§
sud-vietnamien,sydvjEtnamj5
suintant,s85t@
sultane,syltan
supination,sypinasj§
sureau,syRo
surfacturer,syRfaktyRe
suricate,syRikat
surimpression,syR5pResj§
surproduction,syRpRodyksj§
survoltage,syRvOltaZ
symphyse,s5fiz
synchroniseur,s5kROniz9R
syndication,s5dikasj§
sébacé,sebase
sédimentaire,sedim@tER
sélectivement,selEktiv°m@
sémantique,sem@tik
tableur,tabl9R
talion,talj§
tanin,tan5
tao,tao
tarir,taRiR
taupinière,topinjER
tempura,t@pyRa
tendron,t@dR§
terni,tERni
territorialité,teRitORjalite
thaler,talER
thalidomide,talidomid
thymus,timys
timbrer,t5bRe
tipper,tip9R
tonitruant,tonitRy@
torque,tORk
tortille,tORtij
totalitaire,totalitER
tournois,tuRnwa
tout-venant,tuv°n@
trachéal,tRakeal
traitable,tREtabl
transmigration,tR@smigRasj§
transpirant,tR@spiR@
transplanter,tR@spl@te
trappiste,tRapist
treillage,tREjaZ
tricentenaire,tRis@t°nER
trieur,tRij9R
triper,tRipe
tromblon,tR§bl§
tropique,tRopik
trépan,tRep@
tuberculeux,tybERkyl2
tue-loup,tylu
turista,tyRista
typographique,tipogRafik
tyranniser,tiRanize
téléroman,teleROm@
télévangéliste,telev@Zelist
tératome,teRatom
téteur,tet9R
unicellulaire,ynisElylER
usinage,yzinaZ
va-tout,vatu
vacataire,vakatER
vacation,vakasj§
vaisseau-amiral,vEsoamiRal
valdinguer,vald5ge
variabilité,vaRjabilite
vidéoconférence,videok§feR@s
viticulteur,vitikylt9R
voilette,vwalEt
voiture-restaurant,vwatyRREstOR@
volubile,volybil
vomitif,vomitif
voué,vwe
vérin,veR5
vétuste,vetyst
walkie-talkie,wOlkitOlki
windsurf,winds9Rf
zest,zEst
ziggourat,ziguRat
zirconium,ziRkonjom
à mon encontre,am§n@k§tR
à son encontre,as§n@k§tR
é,e
ébattre,ebatR
ébloui,eblui
ébouriffé,ebuRife
écartement,ekaRt°m@
échaudé,eSode
échiner,eSine
écholocalisation,ekolOkalizasj§
éclectisme,eklEktizm
éclopé,eklope
égaliseur,egaliz9R
égorgement,egORZ°m@
égotiste,egotist
éjecteur,eZEkt9R
électrolyse,elEktRoliz
électrolytique,elEktRolitik
éloquemment,elokam@
élucidation,elysidasj§
émetteur-récepteur,emet9RResEpt9R
émietter,emjete
émousser,emuse
épicéa,episea
épiscopalien,episkopalj5
épisiotomie,epizjotomi
époustoufler,epustufle
éreinté,eR5te
érythrophobie,eRitRofObi
étamine,etamin
éthylotest,etilOtEst
étuvée,etyve
éviction,eviksj§
a capella,akapEla
a cappella,akapEla
a fortiori,afORsjoRi
abaisse-langue,abEsl@g
abc,abese
abouti,abuti
abrasif,abRazif
abribus,abRibys
abuseur,abyz9R
abyme,abim
acanthe,ak@t
accastillage,akastijaZ
acceptant,aksEpt@
accommodation,akomodasj§
adaptatif,adaptatif
additionnel,adisjonEl
adduction,adyksj§
adp,adepe
adénocarcinome,adenokaRsinom
affairé,afeRe
afférent,afeR@
affûtage,afytaZ
aficionado,afisjonado
afin d,af5d
aggiornamento,aZjORnamEnto
aguichant,agiS@
aide-comptable,Edk§tabl
aide-infirmier,Ed5fiRmje
aide-mémoire,EdmemwaR
aiguiseur,egiz9R
ajourné,aZuRne
albâtre,albatR
allume-feu,alymf2
allègement,alEZ°m@
allécher,aleSe
allégorique,alegoRik
alose,aloz
alvéolaire,alveOlER
aman,am@
amidonner,amidone
aminé,amine
amnios,amnjos
amoralité,amoRalite
améliorateur,ameljoRat9R
amérindien,ameR5dj5
anachronique,anakRonik
anaglyphe,anaglif
andouillette,@dujEt
androgyne,@dRoZin
angora,@goRa
anhydre,anidR
anhydride,anidRid
anthracine,@tRasin
anti-blindage,@tibl5daZ
anti-cancer,@tik@sER
anti-corruption,@tikoRypsj§
anti-démon,@tidem§
anti-explosion,@tiEksplozj§
anti-intimité,@ti5timite
anti-poison,@tipwaz§
anti-pollution,@tipolysj§
anti-poux,@tipu
anti-sociaux,@tisosjo
anti-vieillissement,@tivjEjis°m@
anti-âge,@tiaZ
antibiotique,@tibjotik
antichoc,@tiSOk
antigravitationnel,@tigRavitasjOnEl
antihistaminique,@tiistaminik
antihéros,@tieRo
antimissile,@timisil
antiproton,@tipROt§
antipsychotique,@tipsikOtik
apiculteur,apikylt9R
apiculture,apikyltyR
apollon,apol§
appropriation,apRopRijasj§
après-shampoing,apRES@pw5
après-shampooing,apRES@pw5
aquagym,akwaZim
arable,aRabl
araméen,aRame5
archifaux,aRSifo
arlequin,aRl°k5
arrière-fond,aRjERf§
arrière-grand-oncle,aRjERgR@§kl
aréole,aReOl
ascendre,as@dR
ascite,asit
asphyxié,asfiksje
aspiré,aspiRe
assouplissement,asuplis°m@
assujettir,asyZetiR
assurance-maladie,asyR@smaladi
astrochimie,astRoSimi
astérisque,asteRisk
atrophié,atRofje
atrésie,atRezi
aulne,on
autistique,otistik
auto-tamponneuse,otot@pon2z
autodérision,otodeRizj§
autoneige,otonEZ
autosuffisance,otosyfiz@s
auxquelles,okEl
auxquels,okEl
avachi,avaSi
avanie,avani
avant-projet,av@pRoZE
avertisseur,avERtis9R
avocatier,avokatje
azyme,azim
aéro,aeRo
aérographe,aeRogRaf
babouche,babuS
bacchanal,bakanal
badigeonner,badiZone
bafouille,bafuj
baisouiller,bEzuje
bakélite,bakelit
banian,banj@
banlieusard,b@lj2zaR
banquer,b@ke
barbarisme,baRbaRizm
bardane,baRdan
barométrique,baRometRik
baroud,baRud
basculant,baskyl@
basculement,baskyl°m@
basilaire,bazilER
basileus,bazil2
beaujolais,boZolE
bedon,b2d§
belliciste,bElisist
beluga,belyga
benzoate,b5zOat
berg,bERg
biais,bjE
bicéphale,bisefal
bienséant,bj5se@
bilboquet,bilbokE
biller,bije
blackbouler,blakbule
bleuâtre,bl2atR
bloqueur,blok9R
blâmable,blamabl
bolcho,bOlSo
bold,bOld
bombardé,b§baRde
bosco,bOsko
bougainvillée,bug5vile
bouiboui,bwibwi
boulonner,bulone
bourbe,buRb
bourre-pif,buRpif
bourriche,buRiS
boutonné,butone
bouvillon,buvij§
brainstorming,bREjnstORmiG
braiser,bREze
brassée,bRase
bricolo,bRikolo
brimade,bRimad
brouet,bRuE
broyeur,bRwaj9R
bruitage,bR8itaZ
bêtisier,betizje
caberlot,kabERlo
cabrage,kabRaZ
cacophonie,kakofoni
cadavéreux,kadaveR2
calf,kalf
calfeutrer,kalf2tRe
calque,kalk
calville,kalvil
camélia,kamelja
candidose,k@didoz
caner,kane
canonnade,kanonad
canotage,kanotaZ
capital-risque,kapitalRisk
caquetage,kak°taZ
carabiné,kaRabine
carboxyhémoglobine,kaRbOksiemoglObin
cardiomégalie,kaRdjOmegali
caricatural,kaRikatyRal
cariste,kaRist
carrelet,kaR°lE
cartouchière,kaRtuSjER
carvi,kaRvi
caryotype,kaRjotip
carénage,kaRenaZ
cascara,kaskaRa
castagner,kastaNe
catapulter,katapylte
cauchemarder,koS°maRde
caudal,kodal
cavalcade,kavalkad
centigrade,s@tigRad
chah,Sa
chalut,Saly
chamanisme,Samanizm
chambertin,S@bERt5
chancelant,S@s°l@
charcutage,SaRkytaZ
chardonay,SaRdOnE
charpenterie,SaRp@t°Ri
chauffagiste,SofaZist
chef-adjoint,SEfadZw5
chichement,SiS°m@
chiner,Sine
chiropraticien,kiROpRatisj5
cholédoque,koledOk
chorée,koRe
chouya,Suja
chtar,StaR
chênaie,SEnE
chômedu,Som°dy
cibiste,sibist
ciller,sije
cinglant,s5gl@
cinématographie,sinematogRafi
cinéphile,sinefil
circonspect,siRk§spE
circonspection,siRk§spEksj§
cirrus,siRys
citronnier,sitRonje
civilement,sivil°m@
clandé,kl@de
clapoter,klapote
classicisme,klasisizm
clearing,kliRiG
clitoridien,klitoRidj5
close-combat,klozk§ba
coaccusé,koakyze
cob,kOb
cochléaire,kOkleER
cocufier,kokyfje
codeur,kod9R
colimaçon,kolimas§
collectivisation,kolEktivizasj§
collerette,kOl°REt
colorisation,koloRizasj§
commuter,komyte
complexé,k§plEkse
comporte,k§pORt
comportementaliste,k§pORt°m@talist
compte-tours,k§ttuR
computeur,k§pyt9R
conard,konaR
conciergerie,k§sjERZ°Ri
concrétisation,k§kRetizasj§
conditionneur,k§disjon9R
confectionner,k§fEksjone
confetti,k§feti
conjugaison,k§ZygEz§
contorsionner,k§tORsjone
contractuel,k§tRakt8El
contre-allée,k§tRale
contre-indication,k§tR5dikasj§
contre-mesure,k§tR2m2zyR
contre-pied,k§tR°pje
contre-ut,k§tR°yt
contrevenir,k§tR°v°niR
coolos,kulos
copra,kopRa
corollaire,koRolER
corporatiste,kORpoRatist
cossard,kosaR
cossu,kosy
coudrier,kudRije
coulisser,kulise
coulpe,kulp
coupelle,kupEl
coussinet,kusinE
couvre-feux,kuvR°f2
cracra,kRakRa
craquage,kRakaZ
crassier,kRasje
crevard,kR°vaR
crib,kRib
crincrin,kR5kR5
crispation,kRispasj§
cristallin,kRistal5
cristallisé,kRistalize
crochetage,kROS°taZ
crocus,kRokys
crypto,kRipto
crédié,kRedje
créosote,kReozOt
crêpage,kREpaZ
cubitainer,kybitEn9R
cul-cul,kyky
culbuteur,kylbyt9R
cultivable,kyltivabl
cupidon,kypid§
curaçao,kyRasao
cuticule,kytikyl
cynophile,sinOfil
cytoplasme,sitoplasm
cytosine,sitozin
cytotoxique,sitotOksik
cépage,sepaZ
cérébralement,seRebRal°m@
cérémonieux,seRemonj2
césarienne,sezaRjEn
dactylographie,daktilogRafi
dallage,dalaZ
damer,dame
de plano,deplano
demi-minute,d°miminyt
demi-sang,d°mis@
demi-teinte,d°mit5t
denim,d2nim
dental,d@tal
descendeur,des@d9R
desiderata,dezideRata
devon,dev§
diabolisme,djabOlism
diffraction,difRaksj§
digicode,diZikOd
diligent,diliZ@
diminuant,dimin8@
diorite,djORit
diplomatiquement,diplomatik°m@
discordance,diskORd@s
disculpation,diskylpasj§
disserter,disERte
dissipation,disipasj§
distillation,distilasj§
distinguo,dist5go
diversement,divERs°m@
diverticulose,divERtikyloz
dix-huitième,diz8itjEm
dog-cart,dOgkaRt
doigter,dwate
dommages-intérêts,domaZze5teRE
doté,dote
douillette,dujEt
doux-amer,duamER
dragster,dRagstER
drift,dRift
droppage,dRopaZ
drums,dR9m
durit,dyRit
dynamiteur,dinamit9R
débilitant,debilit@
déboguer,deboge
débrayage,debREjaZ
débridement,debRid°m@
débrider,debRide
décapsuler,dekapsyle
décati,dekati
décelable,des°labl
déchiffrement,deSifR°m@
décibel,desibEl
décisionnaire,desizjonER
décisionnel,desizjonEl
déclenchant,dekl@S@
décompenser,dek§p@se
déconfit,dek§fi
décrassage,dekRasaZ
décuver,dekyve
dédit,dedi
déflecteur,deflEkt9R
déforestation,defoREstasj§
déformant,defORm@
défroqué,defRoke
dégrèvement,degREv°m@
dégueulasser,deg2lase
déhanchement,de@S°m@
délasser,delase
délivre,delivR
déloquer,deloke
démagnétiser,demaNetize
démesure,dem°zyR
démissionnaire,demisjonER
démonique,demOnik
démystifier,demistifje
démérite,demeRit
déniaiser,denjeze
départir,depaRtiR
dépayser,depeize
dépeint,dep5
déperdition,depERdisj§
dépilatoire,depilatwaR
déplantoir,depl@twaR
dépolluer,depOl8e
dérégulation,deRegylasj§
désaffection,dezafEksj§
désappointé,dezapw5te
désapprobateur,dezapRobat9R
désarmant,dezaRm@
désherber,dezERbe
désodoriser,dezodoRize
désolidariser,desolidaRize
dételer,det°le
ectopie,EktOpi
ectopique,EktOpik
effervescent,efERves@
effriter,efRite
eldorado,EldoRado
embole,@bOl
embûche,@byS
empennage,@p°naZ
empilage,@pilaZ
emplâtrer,@platRe
emporium,@poRjOm
emprunteur,@pR1t9R
empêcheur,@pES9R
empêché,@peSe
encablure,@kablyR
encaustique,@kostik
encenser,@s@se
encensoir,@s@swaR
encyclique,@siklik
encéphalique,@sefalik
endocrinologue,@dokRinolOg
endoctriner,@dOktRine
endométriose,@dOmetRijoz
endormissement,@dORmis°m@
engorgement,@gORZ°m@
ensoleillement,@solEj°m@
enthousiasmant,@tuzjasm@
entourloupette,@tuRlupEt
entêtant,@tEt@
enveloppant,@v°lop@
ergot,ERgo
ermitage,ERmitaZ
esclaffer,Esklafe
escorteur,EskORt9R
esthétisme,Estetizm
euphorisant,2foRiz@
ex-capitaine,EkskapitEn
ex-ministre,EksministR
ex-propriétaire,EkspRopRietER
exacerbé,EgzasERbe
excentré,Eks@tRe
excepté,EksEpte
excursionniste,EkskyRsjonist
excédentaire,Eksed@tER
exfiltration,EksfiltRasj§
exo,Ekso
exproprier,EkspRopRije
exsuder,Eksyde
extra-fort,EkstRafOR
extra-lucide,EkstRalysid
extracteur,EkstRakt9R
factoriser,faktORize
fadasse,fadas
faf,faf
fainéanter,fene@te
fainéantise,fene@tiz
faisander,f°z@de
fané,fane
fauchage,foSaZ
fausset,fosE
faux-filet,fofilE
feed-back,fidbak
ferré,fERe
fileur,fil9R
firman,fiRm@
fissible,fisibl
fistule,fistyl
flagornerie,flagORn°Ri
flamboiement,fl@bwam@
flibustier,flibystje
fluorite,flyORit
foehn,f2n
folklo,fOlklo
folâtrer,folatRe
fongible,f§Zibl
fongus,f§gy
footeux,fut2
formaliser,fORmalize
formater,fORmate
formique,fORmik
forçage,fORsaZ
foutriquet,futRikE
fox-terrier,fOkstERje
franklin,fR@kl5
fredonnement,fR°dOn°m@
fritter,fRite
fromager,fRomaZe
frometon,fROm°t§
frontalier,fR§talje
frotti-frotta,fRotifRota
full-contact,fulk§takt
fullerène,fyl°REn
fécond,fek§
férir,feRiR
gabegie,gabZi
gagneur,gaN9R
galurin,galyR5
gambit,g@bi
gammas,gama
ganache,ganaS
ganté,g@te
garrotte,gaROt
gastro-entérite,gastRo@teRit
gastro-entérologue,gastRo@teRolOg
gastro-intestinal,gastRo5tEstinal
gastronome,gastRonOm
gaufré,gofRe
gentamicine,Z@tamisin
gentillet,Z@tijE
gerboise,ZERbwaz
gin-fizz,dZinfidz
gin-rami,dZinRami
glapir,glapiR
glaréole,glaReOl
glioblastome,glijOblastom
glissoire,gliswaR
globalité,globalite
globulaire,globylER
glossaire,glosER
glucagon,glykag§
gluon,gly§
gnognote,NoNOt
gobage,gobaZ
gobelin,gOb°l5
godillot,godijo
gonade,gonad
gond,g§
gotha,gota
gouache,gwaS
goupiller,gupije
gouttelette,gut°lEt
graal,gRal
granuleux,gRanyl2
gratteur,gRat9R
graveleux,gRav°l2
gravide,gRavid
graviter,gRavite
greffe,gREf
grenadier,gR°nadje
griffonnage,gRifonaZ
grignotement,gRiNOt°m@
gripper,gRipe
grole,gROl
grolle,gROl
gros-cul,gRoky
grossissant,gRosis@
grotesquement,gRotEsk°m@
grouillant,gRuj@
guanine,gwanin
guenille,g°nij
guette,gEt
guna,gyna
guttural,gytyRal
guéguerre,gegER
gélule,Zelyl
gémeau,Zemo
gémissant,Zemis@
génialement,Zenjal°m@
génocidaire,ZenOsidER
généalogiste,ZenealoZist
géode,ZeOd
géographe,ZeogRaf
géostationnaire,ZeostasjonER
half-track,alftRak
halloween,alowin
harnacher,aRnaSe
haut-le-coeur,ol°k9R
heptane,Eptan
herbage,ERbaZ
herbivore,ERbivOR
herboristerie,ERboRist°Ri
herpétologie,ERpetOlOZi
hi-han,i@
hiatus,jatys
high life,ajlajf
hittite,itit
homme-clé,Omkle
homme-machine,OmmaSin
homo erectus,omoeRektys
homogénéité,omoZeneite
homérique,omeRik
horrifique,oRifik
hors-bord,ORbOR
huisserie,8is°Ri
hyacinthe,jas5t
hydratant,idRat@
hydrophobie,idRofobi
hydrostatique,idRostatik
hyperplasie,ipERplazi
hypertendu,ipERt@dy
hypnagogique,ipnagOZik
hypocondrie,ipok§dRi
hypothermique,ipotERmik
hypothyroïdie,ipotiRoidi
hère,ER
hégémonie,eZemoni
héliotrope,eljotROp
hémodialyse,emodjaliz
iboga,ibOga
icarienne,ikaRjEn
idiosyncrasie,idjos5kRazi
ignifugé,iNifyZe
illégitimité,ileZitimite
immanquable,5m@kabl
immatriculer,imatRikyle
immobilisme,imobilizm
immunodéficience,imynodefisj@s
impartialement,5paRsjal°m@
implosif,5plozif
implémentation,5plem@tasj§
imprécision,5pResizj§
impédance,5ped@s
inamical,inamikal
inapprochable,inapROSabl
inassouvi,inasuvi
incitateur,5sitat9R
inclinable,5klinabl
incommodant,5komOd@
inconséquence,5k§sek@s
indexer,5dEkse
indigo,5digo
induit,5d8i
indécise,5desiz
ineffable,inefabl
inexpressif,inEkspResif
infographie,5fogRafi
informant,5fORm@
infoutu,5futy
inhalateur,inalat9R
innovant,inov@
inopiné,inopine
insensibiliser,5s@sibilize
insidieusement,5sidj2z°m@
insoucieux,5susj2
insoupçonné,5supsone
intension,5t@sj§
interligne,5tERliN
interposé,5tERpoze
interrègne,5tERREN
interservices,5tERsERvis
interventionniste,5tERv@sjOnist
interversion,5tERvERsj§
intervertébral,5tERvERtebRal
intransigeance,5tR@ziZ@s
intravasculaire,5tRavaskylER
intrusif,5tRyzif
intrépidité,5tRepidite
inuit,in8it
inviolé,5vjole
inéquitable,inekitabl
inévitabilité,inevitabilite
ionisant,jOniz@
iroquois,iRokwa
irrationalité,iRasjonalite
irrésolu,iRezoly
isotopique,izotopik
jacket,ZakEt
jappement,Zap°m@
jardinerie,ZaRdin°Ri
jeteur,Z°t9R
jigger,dZig9R
jovialité,Zovjalite
jéjunum,ZeZynOm
kanji,k@Zi
kapok,kapOk
kerrie,kERi
kilométrique,kilometRik
kipper,kip9R
kugelhof,kuglOf
lacéré,laseRe
lambris,l@bRi
larder,laRde
laurier-rose,loRjeRoz
lesté,lEste
letton,lEt§
liant,lj@
libre-penseur,libR°p@s9R
libre-service,libR°sERvis
libretto,libREto
libéralisation,libeRalizasj§
lingère,l5ZER
liquor,likwOR
liquéfaction,likefaksj§
lithiase,litjaz
litigieux,litiZj2
lob,lOb
lobotomiser,lobotomize
localisable,lokalizabl
locution,lokysj§
login,lOgin
lolita,lolita
loris,lORis
lorsqu,lORsk
loufoquerie,lufOk°Ri
louée,lwe
luffa,l9fa
lyse,liz
lysine,lizin
légalisé,legalize
macération,maseRasj§
magnétomètre,maNetomEtR
mahatma,maatma
maigreur,mEgR9R
mailing,mEjliG
majorer,maZoRe
malaisien,malEzj5
malandrin,mal@dR5
malaxeur,malaks9R
malcommode,malkomOd
malfaçon,malfas§
malignité,maliNite
malus,malys
manga,m@ga
manichéen,manike5
maniéré,manjeRe
manoeuvrabilité,man9vRabilite
manoeuvrable,man9vRabl
manutention,manyt@sj§
marbrier,maRbRje
marbré,maRbRe
margaux,maRgo
margelle,maRZEl
marinier,maRinje
marsupial,maRsypjal
marteleur,maRt°l9R
maryland,maRil@d
matelote,mat°lOt
maternage,matERnaZ
maxillaire,maksilER
mennonite,menonit
mens,m@
mentholé,m@tole
mercantilisme,mERk@tilizm
merdre,mERdR
mesmérisme,mEsmeRizm
meurtre-suicide,m9RtR°s8isid
meurtrir,m9RtRiR
meurtrissure,m9RtRisyR
mi-bête,mibEt
mi-cuisse,mik8is
mi-distance,midist@s
mi-mars,mimaRs
microscopie,mikRoskOpi
mignonnette,miNonEt
mildiou,mildju
militarisation,militaRizasj§
millilitre,mililitR
mimétique,mimetik
ming,miG
minium,minjOm
mirliton,miRlit§
miroitement,miRwat°m@
mitochondrie,mitOk§dRi
mitral,mitRal
modelage,mod°laZ
modeleur,mod°l9R
modifiable,modifjabl
modélisation,modelizasj§
modéliste,modelist
moinillon,mwanij§
moissonneuse-batteuse,mwason2zbat2z
mollir,moliR
moly,mOli
moman,mom@
moment-clé,mom@kle
momifié,momifje
monitorage,mOnitORaZ
monochrome,monokRom
monomaniaque,monomanjak
monoplace,monoplas
monte-plats,m§tpla
morphique,mORfik
moto-cross,motokROs
motocycliste,motosiklist
mouchardage,muSaRdaZ
moufette,mufEt
mouflon,mufl§
mouillette,mujEt
mugir,myZiR
mugissement,myZis°m@
mulot,mylo
multidimensionnel,myltidim@sjonEl
multifonction,myltif§ksj§
multimilliardaire,myltimiljaRdER
multiplicateur,myltiplikat9R
mycène,misEn
mygale,migal
myoglobine,mjOglObin
myosis,mjozis
mystiquement,mistik°m@
mâcheur,maS9R
mâchonner,maSone
mâchouiller,maSuje
mère-patrie,mERpatRi
mécénat,mesena
médian,medj@
médicamentation,medikam@tasj§
médisance,mediz@s
médisant,mediz@
mégatonne,megatOn
méiose,mejoz
mélanine,melanin
méphitique,mefitik
mésencéphale,mez@sefal
mésopotamien,mezopotamj5
mésozoïque,mezozoik
métallographie,metalogRafi
nanan,nan@
napoléon,napole§
nappage,napaZ
narcisse,naRsis
narval,naRval
natron,natR§
navire-hôpital,naviRopital
neuroscience,n2Rosj@s
neutropénie,n2tROpeni
niaiseux,njEz2
nicaraguayen,nikaRagwaj5
nidification,nidifikasj§
nipper,nipe
nominer,nOmine
non-alignement,nOnaliN°m@
non-savoir,n§savwaR
non-vie,n§vi
nonchalamment,n§Salam@
nonnette,nonEt
nonobstant,nonOpst@
nonsense,n§s@s
nord-vietnamien,nORvjEtnamj5
notablement,notabl°m@
notarié,notaRje
noviciat,novisja
nuancier,ny@sje
numéroter,nymeRote
nutritionnel,nytRisjonEl
nymphal,n5fal
négligemment,negliZam@
négrillon,negRij§
néonatal,neonatal
néoplasique,neoplazik
népenthès,nep@tEz
obstruer,OpstRye
octogone,Oktogon
oisellerie,wazEl°Ri
ondulé,§dyle
onirique,oniRik
ontologique,§toloZik
ophtalmologue,OftalmolOg
opposant,opoz@
oppressif,opResif
ordalie,ORdali
ore,OR
orlon,ORl§
oropharynx,ORofaR5ks
orthodontie,ORtod§si
orthographier,ORtogRafje
orvet,ORvE
oscillant,osij@
osciller,osije
ose,oz
ostensiblement,Ost@sibl°m@
ostéosarcome,OsteosaRkom
ouananiche,wananiS
oursin,uRs5
outre-atlantique,utRatl@tik
ovuler,ovyle
packson,paks§
pacson,paks§
paganisme,paganizm
paillis,paji
paiute,pajyt
palpation,palpasj§
palpitation,palpitasj§
paléontologiste,pale§toloZist
paner,pane
paniquant,panik@
panurge,panyRZ
papillomavirus,papijOmaviRys
papisme,papizm
paraclet,paRaklE
parapsychique,paRapsiSik
pare-boue,paRbu
parkinsonien,paRkinsonj5
parmentier,paRm@tje
parthénogenèse,paRtenoZenEz
partouzer,paRtuze
parégorique,paRegoRik
passe-plat,paspla
passing,pasiG
pastenague,past2nag
patatras,patatRa
pataugeoire,patoZwaR
patriarcal,patRijaRkal
pavage,pavaZ
peccadille,pekadij
pedzouille,pedzuj
pellagre,pelagR
pelleteur,pEl°t9R
pendjabi,pEndZabi
perchlorate,pERkloRat
perforant,pERfoR@
perforeuse,pERfoR2z
permanganate,pERm@ganat
perpétuation,pERpet8asj§
perruquier,pERykje
personnifier,pERsonifje
petit-neveu,p°tin°v2
peuplement,p2pl°m@
pharisaïque,faRizaik
pharma,faRma
phobique,fobik
photogravure,fotogRavyR
photophobie,fOtofObi
photosensibilité,fotos@sibilite
phénoménologie,fenomenoloZi
pigmentaire,pigm@tER
pincé,p5se
pinçon,p5s§
pisciculture,pisikyltyR
pisse-vinaigre,pisvinEgR
pivotant,pivot@
placarder,plakaRde
placentaire,plas5tER
plafonnement,plafOn°m@
plaideur,plEd9R
plantage,pl@taZ
planétoïde,planetoid
plasticité,plastisite
plateau-repas,platoR°pa
plateaux-repas,platoR°pa
platée,plate
plausibilité,plozibilite
plébéien,plebej5
pogrom,pogROm
poinsettia,pw5sEtja
point-virgule,pw5viRgyl
poinçonner,pw5sone
polack,polak
polariser,polaRize
policer,polise
polykystique,pOlikistik
pommer,pOme
pompeur,p§p9R
pompé,p§pe
ponant,pon@
pontifier,p§tifje
porosité,poRozite
porte-avion,pORtavj§
porte-chapeaux,pORtSapo
positivisme,pozitivizm
post-apocalyptique,pOstapokaliptik
post-partum,pOstpaRtOm
postcure,pOstkyR
potée,pote
pouic,pwik
pouponnage,puponaZ
pourfendre,puRf@dR
poétiquement,poetik°m@
premièrement,pR2mjER°m@
prescience,pResj@s
presse-agrumes,pREsagRym
presse-bouton,pREsbut§
presse-purée,pREspyRe
preste,pREst
programmable,pRogRamabl
programmateur,pRogRamat9R
prohibé,pRoibe
promulgation,pRomylgasj§
pronation,pRonasj§
pronostique,pRonOstik
pronostiquer,pRonOstike
prophylaxie,pRofilaksi
proposé,pRopoze
prorogation,pRoRogasj§
proscrit,pROskRi
prostatique,pROstatik
prothrombine,pROtR§bin
protozoaire,pRotozoER
protubérant,pRotybeR@
protéinurie,pROteinyRi
proéminent,pRoemin@
précautionneux,pRekosjon2
prédation,pRedasj§
prédestination,pRedEstinasj§
prédominant,pRedomin@
préfacer,pRefase
prélat,pRela
prémunir,pRemyniR
préparateur,pRepaRat9R
préretraite,pReR°tREt
présidentiable,pRezid@sjabl
présélection,pReselEksj§
prévisibilité,pRevizibilite
prêté,pRete
psi,psi
psychotrope,psikotROp
pugnacité,pyNasite
pyrite,piRit
pékinois,pekinwa
pénaliste,penalist
pépie,pepi
péri,peRi
péronnelle,peRonEl
pétarader,petaRade
pétrifier,petRifje
pétrochimique,petRoSimik
pétrolifère,petRolifER
pétéchie,peteSi
quadrillion,kadRij§
quadrupède,kwadRupEd
quarre,kaR
quasi-certitude,kazisERtityd
quasimodo,kazimodo
quatorzième,katORzjEm
quatre-heures,katR9R
quinquet,k5kE
rabrouer,RabRue
raccommodage,RakomodaZ
rachis,RaSis
radio-isotope,RadjoizotOp
radiographier,RadjogRafje
radié,Radje
rafistolage,RafistolaZ
ragoûtant,Ragut@
rainette,REnEt
rajah,RaZa
ralentisseur,Ral@tis9R
randonner,R@dOne
rançonner,R@sone
raseur,Raz9R
raticide,Ratisid
rebattre,R°batR
rebiffer,R°bife
rebondi,R°b§di
rebondissant,R°b§dis@
rebooter,R°bOOte
rechanter,R°S@te
rechargement,R°SaRZ°m@
reclasser,R°klase
recombiner,R2k§bine
recordman,R°kORdman
redessiner,R°dEsine
redondance,R°d§d@s
redéploiement,R°deplwam@
refinancement,R2fin@s°m@
refroidissant,R°fRwadis@
reliquat,R°lika
relouer,R°lue
remanger,R2m@Ze
rembarquer,R@baRke
remplumer,R@plyme
remueur,R°m89R
renaissant,R°nEs@
repavage,R2pavaZ
requin-tigre,R2k5tigR
reservir,R2sERviR
revanchard,R°v@SaR
revitalisant,R2vitaliz@
revitalisation,R°vitalizasj§
rhizopus,RizOpys
rhodium,ROdjOm
rhumatologue,RymatOlOg
ric-rac,RikRak
ringardise,R5gaRdiz
ronronnement,R§ROn°m@
rosir,RoziR
rosâtre,RozatR
rougeaud,RuZo
rutherford,Ryt9RfORd
réadmission,Readmisj§
réanimateur,Reanimat9R
réceptivité,ResEptivite
réglementer,Regl°m@te
régul,Regyl
régurgitation,RegyRZitasj§
réimprimer,Re5pRime
réinscrire,Re5skRiR
réminiscence,Reminis@s
rémunérer,RemyneRe
répercuter,RepERkyte
répons,Rep§
réprobation,RepRobasj§
réticulum,RetikylOm
rétif,Retif
rétréci,RetResi
réunifier,Reynifje
rôt,Ro
rôtissoire,RotiswaR
saccharose,sakaRoz
sacrum,sakROm
sagittal,saZital
saie,sE
salivaire,salivER
salubrité,salybRite
salvation,salvasj§
sanscrit,s@skRi
saphir,safiR
sarrau,saRo
sautant,sot@
sauvignon,soviN§
scalène,skalEn
scanneur,skan9R
scato,skato
schnauzer,Snawz9R
sconse,sk§s
scrutation,skRytasj§
scythe,sit
sedan,s°d@
semis,s°mi
semoir,s°mwaR
senseur,s@s9R
sentant,s@t@
septicémique,sEptisemik
serre-file,sERfil
shipping,SipiG
sidéral,sideRal
sidéré,sideRe
sifflant,sifl@
sigillaire,siZilER
signalétique,siNaletik
simili,simili
simplissime,s5plisim
singulariser,s5gylaRize
sinusoïdal,sinyzoidal
sionisme,sjonizm
sismographe,sismogRaf
smegma,smEgma
sociopathie,sOsjopati
soixante-quatre,swas@tkatR
solipsiste,solipsist
solive,soliv
somalien,somalj5
somatique,somatik
sonnant,son@
soudage,sudaZ
sournoiserie,suRnwaz°Ri
sous-division,sudivizj§
sous-marinier,sumaRinje
sous-payer,supeje
sous-système,susistEm
sous-traitance,sutREt@s
soutènement,sutEn°m@
spectaculairement,spEktakylER°m@
speedé,spide
spermatogenèse,spERmatoZ°nEz
spina-bifida,spinabifida
spolier,spolje
spruce,spRys
squameux,skwam2
stagnant,stagn@
starting-gate,staRtiGgEjt
steamboat,stimbOwt
stentor,st@tOR
sternal,stERnal
sticker,stik9R
stilton,stilt§
stipule,stipyl
stoppeur,stop9R
stradivarius,stRadivaRjys
stramonium,stRamOnjOm
stratifié,stRatifje
streptomycine,stREptomisin
stridor,stRidOR
styler,stile
styrène,stiREn
stéréophonique,steReofonik
sub-atomique,sybatomik
subconsciemment,sybk§sjam@
subduction,sybdyksj§
sublingual,sybl5g8al
subordonné,sybORdone
suborner,sybORne
substantiellement,sypst@sjEl°m@
sucrette,sykREt
sulfurisé,sylfyRize
supposément,sypozem@
surdéveloppé,syRdev°lOpe
surexcitation,syREksitasj§
surfacturation,syRfaktyRasj§
surintensité,syR5t@site
surjet,syRZE
surnommer,syRnome
survivance,syRviv@s
susnommé,sysnome
suspicieusement,syspisj2z°m@
syndicalisation,s5dikalizasj§
syndicalisme,s5dikalizm
synovite,sinOvit
sèche-mains,sESm5
sébile,sebil
sémiotique,semjotik
séropositive,seRopozitiv
tabler,table
tabloïde,tabloid
tachyarythmie,takiaRitmi
tacler,takle
tagalog,tagalOg
tahitien,taisj5
taille-crayon,tajkREj§
tamia,tamja
tanche,t@S
tannerie,tan°Ri
tape-cul,tapky
tapi,tapi
targuer,taRge
tartelette,taRt°lEt
tartempion,taRt@pj§
tassement,tas°m@
teaser,tiz9R
teuf-teuf,t9ft9f
thanatos,tanatOs
thermite,tERmit
thermographe,tERmogRaf
thermographie,tERmogRafi
thiamine,tjamin
thoracentèse,tORas5tEz
thymine,timin
théophylline,teOfilin
théoriser,teoRize
théâtralité,teatRalite
tibial,tibjal
tintamarre,t5tamaR
tirailleur,tiRaj9R
toccata,tokata
toiletteur,twalEt9R
tokamak,tOkamak
toluène,tol8En
tom-tom,tOmtOm
tomodensitométrie,tomod@sitOmEtRi
tondeur,t§d9R
toper,tope
topologie,topoloZi
tore,tOR
tournoiement,tuRnwam@
tout-fait,tufE
toxicologue,tOksikolOg
tracté,tRakte
tramp,tR@p
transbordeur,tR@sbORd9R
transcendance,tR@s@d@s
transducteur,tR@sdykt9R
transgresseur,tR@sgRes9R
transitaire,tR@zitER
transposon,tR@spoz§
traînant,tREn@
trench-coat,tREnSkOwt
trial,tRijal
trichinose,tRikinoz
tricotage,tRikotaZ
trimestriellement,tRimEstRijEl°m@
triplex,tRiplEks
triplé,tRiple
triptyque,tRiptik
trivium,tRivjOm
tronqué,tR§ke
trouvable,tRuvabl
tumescence,tymEs@s
turgide,tyRZid
typo,tipo
tél,tEl
téléscripteur,teleskRipt9R
tétrachlorure,tetRakloRyR
ubiquité,ybik8ite
ufologie,yfOlOZi
unitaire,ynitER
update,9pdajt
uretère,yR°tER
urétrite,yRetRit
usuel,yz8El
vaccine,vaksin
validé,valide
vaporeux,vapoR2
veldt,vElt
velléitaire,vEleitER
ventriloquie,v@tRiloki
verbalisation,vERbalizasj§
verroterie,veROt°Ri
versant,vERs@
victimologie,viktimOlOZi
vidage,vidaZ
vide-greniers,vidgR2nje
vide-poche,vidpOS
vidéophone,videofOn
vigil,viZil
vilainement,vilEn°m@
vinicole,vinikOl
virginien,viRZinj5
viticole,vitikOl
vivisecteur,vivisekt9R
voix-off,vwaOf
volatilité,volatilite
vomissant,vomis@
vélar,velaR
véloce,velOs
véronal,veRonal
wombat,w§ba
xylophoniste,gzilofonist
xénophobe,gzenofOb
yacht-club,jOtkl9b
yachting,jOtiG
yole,jOl
yom kippur,jOmkipuR
zani,zani
zazou,zazu
zeppelin,zEp°l5
zzz,z
zéphyr,zefiR
âme-soeur,ams9R
âpreté,apR°te
écartelé,ekaRt°le
écharper,eSaRpe
échasse,eSas
échelonner,eS°lone
écorchement,ekORS°m@
égalisation,egalizasj§
égyptologue,eZiptolOg
élancement,el@s°m@
électronicien,elEktRonisj5
éligibilité,eliZibilite
éléphantiasis,elef@tjazis
émincé,em5se
énamouré,enamuRe
énonciation,en§sjasj§
épellation,epElasj§
éperonner,ep°Rone
épidémiologique,epidemjOlOgik
épilateur,epilat9R
épinglé,ep5gle
épistémologie,epistemoloZi
épithélial,epiteljal
épluchage,eplySaZ
époumoner,epumone
époxy,epOksi
éprouvé,epRuve
équilatéral,ek8ilateRal
érogène,eRoZEn
érotomanie,eRotomani
éructer,eRykte
érythromycine,eRitRomisin
étoffé,etofe
événementiel,even°m@sjEl
îlotier,ilotje
abaissant,abEs@
abaissé,abese
abolitionniste,abolisjonist
abonder,ab§de
abordé,abORde
aboyeur,abwaj9R
abracadabrant,abRakadabR@
absorbeur,apsORb9R
abyssal,abisal
acadienne,akadjEn
accessibilité,aksEsibilite
accréditer,akRedite
accrétion,akResj§
accumulateur,akymylat9R
acellulaire,aselylER
achards,aSaR
achondroplasie,ak§dRoplazi
acid jazz,asiddZaz
actuaire,akt8ER
actualisation,akt8alizasj§
acétylsalicylique,asetilsalisilik
adhérent,adeR@
adipique,adipik
adjuger,adZyZe
admirateur,admiRat9R
adossé,adose
adoucisseur,adusis9R
adéquatement,adekwat°m@
affaiblissant,afeblis@
affaisser,afese
affiler,afile
affleurement,afl9R°m@
affrètement,afREt°m@
agace,agas
agnat,aNa
agora,agoRa
agrafage,agRafaZ
agrafeur,agRaf9R
agronomique,agRonomik
agrémenter,agRem@te
aguardiente,agwaRdjEnte
aiguillonner,eg8ijone
akkadien,akadj5
alcalinité,alkalinite
alerté,alERte
alexithymie,alEksitimi
aligot,aligo
allergologue,alERgolOg
allier,alje
allégement,alEZ°m@
allégrement,alEgR°m@
alysse,alis
amaigrissant,amegRis@
amaryllis,amaRilis
amazonien,amazonj5
amincir,am5siR
amincissant,am5sis@
amollir,amoliR
amorti,amORti
amuse-bouche,amyzbuS
amusette,amyzEt
américanisme,ameRikanizm
américano-soviétique,ameRikanOsOvjetik
américium,ameRisjOm
analysé,analize
anaphase,anafaz
annoter,anote
année-lumière,anelymjER
antagonique,@tagonik
anthropomorphique,@tRopomORfik
anthropophage,@tRopofaZ
anti-agression,@tiagREsj§
anti-capitaliste,@tikapitalist
anti-communiste,@tikomynist
anti-crime,@tikRim
anti-dieu,@tidj2
anti-mariage,@timaRjaZ
anti-mite,@timit
anti-souffle,@tisufl
anti-tank,@tit@k
antibactérien,@tibakteRj5
antiblocage,@tiblokaZ
anticyclone,@tisiklon
antidépresseur,@tidepRes9R
antidérapant,@tideRap@
antifongique,@tif§Zik
antinomique,@tinomik
antinucléaire,@tinykleER
antisatellite,@tisatElit
antivenimeux,@tiv2nim2
aplatissement,aplatis°m@
apoptose,apOptoz
apparentement,apaR@t°m@
apparenter,apaR@te
appartenant,apaRt°n@
appelant,ap°l@
appendre,ap@dR
aquariophilie,akwaRjOfili
arac,aRak
arpège,aRpEZ
arrangeant,aR@Z@
arriération,aRjeRasj§
arthritique,aRtRitik
artérite,aRteRit
arythmique,aRitmik
ascot,askOt
asphyxiant,asfiksj@
asseau,aso
assener,asene
assermenter,asERm@te
assouplissant,asuplis@
assouvissement,asuvis°m@
assujettissement,asyZetis°m@
atavisme,atavizm
attrape-couillon,atRapkuj§
attribuable,atRib8abl
atélectasie,atelEktazi
audioconférence,odjok§feR@s
audiophile,odjofil
augural,ogyRal
aureus,oReys
austral,ostRal
australopithèque,ostRalopitEk
autocratique,otokRatik
automobile-club,otomobilkl9b
autonomique,OtOnOmik
autopunition,otopynisj§
autoérotique,otoeROtik
avalage,avalaZ
avalant,aval@
avaliseur,avaliz9R
avion-citerne,avj§sitERn
aviver,avive
avulsion,avylsj§
aya,aja
aéronef,aeRonEf
baguenauder,bag°node
baise-en-ville,bEz@vil
balbuzard,balbyzaR
baleinier,balenje
bandeur,b@d9R
bar-tabac,baRtaba
baratte,baRat
barbouze,baRbuz
barcarolle,baRkaROl
barnum,baRnOm
basalte,bazalt
basic,bazik
basmati,basmati
bateau-citerne,batositERn
batracien,batRasj5
berme,bERm
bernache,bERnaS
betting,bEtiG
beuglant,b2gl@
biaiser,bjeze
biffin,bif5
big-bang,bigb@g
bilatéralement,bilateRal°m@
bin's,bins
binoculaire,binokylER
biomasse,bjomas
biométrie,bjOmetRi
biotite,bjOtit
bissextile,bisekstil
blablater,blablate
blanchissant,bl@Sis@
bleuette,bl2Et
bobineau,bobino
boitillement,bwatij°m@
bombeur,b§b9R
bouffable,bufabl
bougainvillier,bug5vilje
bouquetin,buk°t5
bourbeux,buRb2
bousier,buzje
bousilleur,buzij9R
bouture,butyR
brain-trust,bREjntR9st
branchie,bR@Si
branquignol,bR@kiNOl
briard,bRijaR
bribe,bRib
bric et de broc,bRiked2bRo
brisant,bRiz@
brisque,bRisk
bronche,bR§S
broncho,bR§ko
broussailleux,bRusaj2
broutage,bRutaZ
brucellose,bRysEloz
bruiteur,bR8it9R
brunâtre,bRynatR
buis,b8i
butadiène,bytadjEn
by-pass,bajpas
cabalistique,kabalistik
cabotin,kabot5
cacatois,kakatwa
cache-sexe,kaSseks
cacheton,kaS°t§
cafardeuse,kafaRd2z
cafre,kafR
cagoulé,kagule
cahoter,kaote
caillasser,kajase
caillera,kaj°Ra
cairn,kERn
cake-walk,kEkwOk
calamiteux,kalamit2
calcémie,kalsemi
californium,kalifORnijOm
calomnieux,kalOmnj2
calquer,kalke
calva,kalva
camion-benne,kamj§bEn
campagnol,k@paNOl
canada,kanada
capisco,kapisko
capitalisation,kapitalizasj§
capsulaire,kapsylER
capucin,kapys5
carbonisation,kaRbonizasj§
carcharodon,kaRkaRod§
carotter,kaRote
carte-clé,kaRt°kle
carthaginois,kaRtaZinwa
cascher,kaSER
casse-pattes,kaspat
caterpillar,katERpilaR
catogan,katog@
catégorisation,kategORizasj§
caucasique,kOkazik
cautérisation,koteRizasj§
ceindre,s5dR
cendré,s@dRe
cens,s@s
cerclage,sERklaZ
cerfeuil,sERf9j
certif,sERtif
cervelas,sERv°la
chafouin,Safw5
chahuteur,Sayt9R
chairman,SERm@
challenger,Sal@Ze
chamboulement,S@bul°m@
chansonnier,S@sonje
charale,SaRal
charcutier,SaRkytje
charrié,SaRje
charron,SaR§
chaussant,Sos@
chauviniste,Sovinist
chevalin,S°val5
chiné,Sine
chipolata,Sipolata
chipotage,SipotaZ
chiquenaude,Sik°nod
chiroptère,kiROptER
chlass,Slas
cholécystectomie,kOlesistEktOmi
cholécystite,kOlesistit
choses,Soz
chouïa,Suja
chronométreur,kRonometR9R
châtaigne,SatEN
chébran,SebR@
chéloïde,kelOid
ciboire,sibwaR
cinquante-neuf,s5k@tn9f
cinquante-septième,s5k@tsEtjEm
cintré,s5tRe
cinématique,sinematik
circadien,siRkadj5
circonstancié,siRk§st@sje
circonvolution,siRk§volysj§
cis,si
citrine,sitRin
citronné,sitRone
clapper,klape
clitoridectomie,klitORidEktOmi
cloper,klOpe
clubiste,klybist
cluster,kl9st9R
co-animateur,koanimat9R
coagulant,koagyl@
coentreprise,ko@tR°pRiz
coenzyme,ko@zim
cold-cream,koldkRim
colleter,kOl°te
collodion,kolodj§
collure,kolyR
colmatage,kOlmataZ
comburant,k§byR@
comma,kOma
commandite,kom@dit
commérer,komeRe
comparateur,k§paRat9R
complémentarité,k§plem@taRite
comprenette,k§pR°nEt
compulser,k§pylse
compulsivement,k§pylsiv°m@
condoléance,k§dole@s
conductance,k§dykt@s
confusément,k§fyzem@
congestif,k§ZEstif
constitutionnellement,k§stitysjonEl°m@
conséquemment,k§sekam@
contracte,k§tRakt
contracture,k§tRaktyR
contre-culture,k§tR°kyltyR
contre-révolutionnaire,k§tR°RevolysjonER
contumace,k§tymas
convent,k§v@
converse,k§vERs
coopérateur,kOOpeRat9R
coordonnateur,koORdonat9R
coquerelle,kOk°REl
coquinerie,kokin°Ri
cornac,kORnak
cornette,kORnEt
cornéen,kORne5
coronal,koRonal
corpus delicti,kORpysdelikti
correcteur,koREkt9R
corroboration,koRoboRasj§
cortine,kORtin
cortisol,kORtizOl
corton,kORt§
cosmologique,kOsmOlOZik
costar,kOstaR
cotre,kOtR
coudé,kude
coupe-file,kupfil
courlis,kuRli
court-jus,kuRZy
crachin,kRaS5
craniométrie,kRanjometRi
craniotomie,kRanjotomi
cravater,kRavate
criblage,kRiblaZ
criminaliser,kRiminalize
criminologiste,kRiminoloZist
croasser,kRoase
croque-madame,kROkmadam
croquignol,kRokiNOl
croustille,kRustij
crown,kRawn
croûteux,kRut2
cryptographique,kRiptogRafik
cryptologie,kRiptOlOZi
crécelle,kResEl
crépusculaire,kRepyskylER
crétinerie,kRetin°Ri
crêt,kRE
crêtes-de-coq,kREtd2kOk
cubisme,kybizm
cubiste,kybist
cuivreux,k8ivR2
culbuto,kylbyto
culer,kyle
culminer,kylmine
culturiste,kyltyRist
cyanogène,sjanOZEn
cyclonique,siklonik
céphalosporine,sefalospORin
cétacé,setase
dace,das
dakin,dak5
delta-plane,dEltaplan
demi-dose,d2midoz
demi-sel,d°misEl
dent-de-lion,d@d°lj§
dermique,dERmik
desseller,desele
dessiccation,desikasj§
destructible,destRyktibl
deux-quatre,d2katR
deviser,d°vize
diabolo,djabolo
diacritique,djakRitik
diane,djan
diaphane,djafan
dictatorial,diktatoRjal
différenciation,difeR@sjasj§
digitaliseur,diZitaliz9R
dilation,dilasj§
dionée,djone
diplopie,diplOpi
directos,diREkto
discontinuer,disk§tin8e
dispensé,disp@se
diverticule,divERtikyl
dividende,divid@d
dix-cors,dikOR
diététicien,djetetisj5
doctissime,dOktisim
docudrame,dokydRam
documentariste,dokym@taRist
dodécaèdre,dodekaEdR
dogmatique,dOgmatik
dompté,d§pte
dormance,dORm@s
dormitif,dORmitif
dosimètre,dozimEtR
douillettement,dujEt°m@
draper,dRape
drapé,dRape
duplicate,dyplikat
duplicateur,dyplikat9R
durcisseur,dyRsis9R
duègne,d8EN
dynamomètre,dinamomEtR
dystocie,distOsi
débarqué,debaRke
déc,dek
décerveler,desERv2le
déchargeur,deSaRZ9R
décilitre,desilitR
déclamation,deklamasj§
déclarant,deklaR@
déclaratoire,deklaRatwaR
déclinant,deklin@
déconditionnement,dek§disjOn°m@
déconnection,dekonEksj§
décontenancer,dek§t°n@se
décret-loi,dekRElwa
décrier,dekRije
décérébration,deseRebRasj§
dédouaner,dedwane
dédramatiser,dedRamatize
défroque,defROk
dégazage,degazaZ
dégivrage,deZivRaZ
dégouttant,degut@
dégriffer,degRife
délabrer,delabRe
délayer,deleje
délictueux,delikt82
démago,demago
démobiliser,demobilize
démontrable,dem§tRabl
démotiver,demOtive
démouler,demule
démystificateur,demistifikat9R
dénazification,denazifikasj§
dénoyauteur,denwajot9R
dénué,den8e
déontologique,de§toloZik
dépareiller,depaREje
dépaysement,depeiz°m@
dépeceur,dep°s9R
dépoiler,depwale
dépollution,depOlysj§
déporté,depORte
dépressionnaire,depREsjonER
dépôt-vente,depov@t
déraciné,deRasine
dérivatif,deRivatif
dérivé,deRive
désacraliser,desakRalize
désappointer,dezapw5te
désencrasser,dez@kRase
désespérance,dezEspeR@s
déshérité,dezeRite
désintégrateur,dez5tegRat9R
désoeuvrement,dez9vR°m@
déstockage,destOkaZ
déstructuration,destRyktyRasj§
déségrégation,desegRegasj§
détachant,detaS@
déterré,deteRe
détonant,deton@
dévergondage,devERg§daZ
dévidoir,devidwaR
dévissé,devise
e-commerce,ikomERs
ectoplasmique,Ektoplasmik
effaré,efaRe
effiler,efile
effleurement,efl9R°m@
ellébore,elebOR
embauchoir,@boSwaR
embusquer,@byske
emmi,@mi
emmitoufler,@mitufle
empailleur,@paj9R
emplette,@plEt
empâter,@pate
encaissant,@kEs@
encastrer,@kastRe
encastré,@kastRe
encerclement,@sERkl°m@
encryptage,@kRiptaZ
endive,@div
endogène,@doZEn
endolorissement,@doloRis°m@
endoplasmique,@dOplasmik
engineering,EnZiniRiG
enlacement,@las°m@
enraciné,@Rasine
ensevelissement,@s°v°lis°m@
ensorcelant,@sORs°l@
entortillé,@tORtije
entre-jambe,@tR°Z@b
entrelacer,@tR°lase
entremets,@tR°mE
entérovirus,@teRoviRys
escaladeur,Eskalad9R
escamotage,EskamotaZ
escamoter,Eskamote
escarboucle,EskaRbukl
escarpement,EskaRp°m@
escarpé,EskaRpe
escarre,EskaR
escrimer,EskRime
espièglerie,EspjEgl°Ri
estocade,Estokad
estrogène,EstROZEn
etc.,EtseteRa
ex-collègue,EkskolEg
ex-junkie,EksdZ9nki
ex-madame,Eksmadam
ex-membre,Eksm@bR
ex-procureur,EkspRokyR9R
excaver,Ekskave
excitable,Eksitabl
exclamer,Eksklame
exfiltrer,EksfiltRe
exothermique,EgzotERmik
extra-utérin,EkstRayteR5
extraconjugal,EkstRak§Zygal
extrasystole,EkstRasistOl
extrusion,EkstRyzj§
fabulation,fabylasj§
facilitation,fasilitasj§
factor,faktOR
fagot,fago
fang,f@g
fanon,fan§
fantasmatique,f@tasmatik
farder,faRde
fayotage,fajotaZ
feldspath,fEldspat
femme-objet,famObZE
fenugrec,f°nygREk
ferrite,feRit
feutré,f2tRe
fibrinogène,fibRinOZEn
fichant,fiS@
fidéliser,fidElize
fifrelin,fifR°l5
fifties,fifti
fileté,fil°te
filiforme,filifORm
filmographie,filmogRafi
finissant,finis@
fiévreusement,fjevR2z°m@
fla,fla
flasheur,flaS9R
flatulent,flatyl@
fleurer,fl9Re
floche,flOS
fluidifiant,fl8idifj@
foramen,foRamEn
forban,fORb@
fourcher,fuRSe
fourre,fuR
foutument,futym@
fragmenter,fRagm@te
frai,fRE
franchisage,fR@SizaZ
frauduleusement,fRodyl2z°m@
frichti,fRiSti
fricotage,fRikotaZ
frisette,fRizEt
froncé,fR§se
frotté,fRote
fulgurance,fylgyR@s
fuyard,f8ijaR
fâcheusement,faS2z°m@
fédéraliste,fedeRalist
fédérateur,fedeRat9R
galonné,galone
gambiller,g@bije
gardes-chasse,gaRd°Sas
garou,gaRu
gaîment,gem@
gerfaut,ZERfo
germano-irlandais,ZERmanoiRl@dE
gerris,ZERi
gestionnaire,ZEstjonER
giboulée,Zibule
gipsy,Zipsi
glaciation,glasjasj§
glandage,gl@daZ
glasnost,glasnOst
glockenspiel,glokEnSpil
gloriole,gloRjOl
glycoprotéine,glikopROtein
glénoïde,glenOid
gobeur,gob9R
goddam,gOdam
gommette,gOmEt
gonococcie,gOnOkOksi
gorger,gORZe
gouda,guda
goupil,gupil
gouvernant,guvERn@
gradient,gRadj@
grammage,gRamaZ
grammer,gRame
grandissime,gR@disim
granulome,gRanylom
gray,gRE
grenadage,gR°nadaZ
gressin,gRes5
grognard,gRoNaR
grommeler,gROm°le
gréco-romain,gRekoRom5
gréer,gRee
grégorien,gRegoRj5
grêler,gRele
gueule-de-loup,g9ld2lu
gutta-percha,gytapERka
guêtre,gEtR
gynécomastie,Zinekomasti
génuflexion,ZenyflEksj§
géologiquement,ZeoloZik°m@
halter,alte
hantavirus,@taviRys
harassant,aRas@
harceleur,aRs°l9R
haro,aRo
harponneur,aRpon9R
haussière,osjER
haut-commissaire,okomisER
haute-fidélité,otfidelite
hellénique,Elenik
hennir,eniR
hercher,ERSe
herpétique,ERpetik
heuristique,2Ristik
heurtoir,9RtwaR
hideusement,id2z°m@
hindoustani,5dustani
histaminique,istaminik
histopathologie,istopatOlOZi
hitchcockien,itSkOkj5
homme-orchestre,OmORkEstR
homogénéisation,omoZeneizasj§
homonyme,omonim
hong kong,§gk§g
houppelande,up°l@d
huguenot,yg°no
humain-robot,ym5Robo
humidification,ymidifikasj§
hydrocortisone,idRokORtizOn
hydrolyse,idRoliz
hygroma,igROma
hypercholestérolémie,ipERkOlEsteROlemi
hypercoagulabilité,ipERkOagylabilite
hyperkaliémie,ipERkaliemi
hypersomnie,ipERsOmni
hypertrichose,ipERtRikOz
hypocalcémie,ipokalsemi
hypogonadisme,ipogOnadism
hystériquement,isteRik°m@
hâlé,ale
hémicycle,emisikl
hémodynamique,emodinamik
hérisser,eRise
hérissé,eRise
hétérochromie,eteRokROmi
iconographie,ikonogRafi
icosaèdre,ikozaEdR
idéation,ideasj§
iléus,ileys
imidazole,imidazOl
immunodéficitaire,imynodefisitER
impoliment,5polim@
improuvable,5pRuvabl
impudicité,5pydisite
imputation,5pytasj§
impénitent,5penit@
inaccompli,inak§pli
inarticulé,inaRtikyle
incompressible,5k§pResibl
incorruptibilité,5koRyptibilite
incubateur,5kybat9R
indentation,5d@tasj§
indisponibilité,5disponibilite
indo,5do
indou,5du
indécodable,5dekOdabl
inemployable,in@plwajabl
inexactitude,inEgzaktityd
infertilité,5fERtilite
infibulation,5fibylasj§
infinitésimal,5finitezimal
infliction,5fliksj§
inguérissable,5geRisabl
insincérité,5s5seRite
insoumission,5sumisj§
insuffisamment,5syfizam@
insulaire,5sylER
intercommunication,5tERkomynikasj§
intersaison,5tERsEz§
intradermique,5tRadERmik
introductif,5tRodyktif
intussusception,5tyssysEpsj§
intégrisme,5tegRism
invagination,5vaZinasj§
inégalement,inegal°m@
inéligible,ineliZibl
iodler,jOdle
ippon,ip§
irradiant,iRadj@
irraisonné,iREzone
irréfutablement,iRefytabl°m@
irrégulièrement,iRegyljER°m@
irréligieux,iReliZj2
item,itEm
jacassement,Zakas°m@
jacasseur,Zakas9R
jade,Zad
jalon,Zal§
jas,Za
jojoba,ZoZoba
jonglage,Z§glaZ
jungien,juGj5
juter,Zyte
khédive,kediv
kinase,kinaz
kiva,kiva
komi,komi
kraal,kRal
kyrielle,kiRjEl
kystique,kistik
lacrymal,lakRimal
lamproie,l@pRwa
lance-torpilles,l@stORpij
lapis,lapis
latino-américain,latinoameRik5
lave-glace,lavglas
laxatif,laksatif
layer,leje
laçage,lasaZ
lettrage,lEtRaZ
leucocytose,l2kOsitoz
liber,libER
liberticide,libERtisid
libre-échangiste,libReS@Zist
licou,liku
limerick,lim°Rik
limonadier,limonadje
liniment,linim@
lipome,lipom
liquidité,likidite
lithosphère,litOsfER
lithotripsie,litotRipzi
litote,litOt
liturgie,lityRZi
livre-cassette,livR2kasEt
lobectomie,lobEktomi
lober,lobe
logicien,loZisj5
longitudinal,l§Zitydinal
loyaliste,lwajalist
luette,l8Et
lulu,lyly
lymphocyte,l5fosit
lèse-majesté,lEzmaZEste
légionellose,leZjOneloz
légitimation,leZitimasj§
létal,letal
m'as-tu-vu,matyvy
macoute,makut
macédonien,masedonj5
macédonienne,masedonjEn
madras,madRas
maganer,magane
magasinage,magazinaZ
magico,maZiko
magmatique,magmatik
magouilleur,maguj9R
mainate,mEnat
majoration,maZoRasj§
mal-aimé,maleme
malingre,mal5gR
malléabilité,maleabilite
malléolaire,maleOlER
maltais,maltE
mam'zelle,mamzEl
mana,mana
mandale,m@dal
mandat-poste,m@dapOst
manguier,m@gje
maniabilité,manjabilite
maniacodépressif,manjakodepResif
manieur,manj9R
manubrium,manybRijOm
marauder,maRode
margoulin,maRgul5
marguillier,maRgije
mariole,maRjOl
maritalement,maRital°m@
marivaudage,maRivodaZ
marne,maRn
marri,maRi
maugréer,mogRee
maïzena,maizena
mecton,mEkt§
melba,mElba
menora,menoRa
messianique,mesjanik
meuglement,m2gl°m@
mezzo,mEdzo
mi-mot,mimo
mi-septembre,misEpt@bR
microchimie,mikRoSimi
microstructure,mikRostRyktyR
miction,miksj§
militariser,militaRize
militarisme,militaRizm
milk-bar,milkbaR
milonga,miloga
mission-suicide,misj§s8isid
mitigé,mitiZe
mitochondrial,mitOk§dRijal
mitotique,mitOtik
mité,mite
ml,mililitR
mnémotechnique,mnemotEknik
modificateur,modifikat9R
modulable,modylabl
modélisme,mOdelism
moho,moo
mondovision,m§dovizj§
monoamine,monoamin
monumentalement,mOnym@tal°m@
mooré,mORe
moos,mOs
moraliser,moRalize
moratoire,moRatwaR
morceler,mORs°le
mordeuse,mORd2z
morpho,mORfo
motet,motE
moudjahiddine,mudZaidin
mourre,muR
moyen-oriental,mwajEnoRj@tal
mozzarelle,mOdzaREl
multiculturel,myltikyltyREl
multiprise,myltipRiz
multitâche,myltitaS
musarder,myzaRde
musculeux,myskyl2
musicologie,myzikoloZi
mutabilité,mytabilite
mutilateur,mytilat9R
myocardite,mjokaRdit
myopathie,mjopati
mystifier,mistifje
myxomatose,miksomatoz
mâter,mate
mâtiné,matine
méchoui,meSwi
méconium,mekOnjOm
méconnaissance,mekonEs@s
mécontenter,mek§t@te
médiumnité,medjOmnite
mélodique,melodik
mélèze,melEz
méson,mez§
naevus,nevys
nageant,naZ@
naira,nERa
nanomètre,nanOmEtR
narcissiste,naRsisist
nasopharynx,nazofaR5ks
natrémie,natRemi
naturisme,natyRizm
naturopathe,natyRopat
naufragé,nofRaZe
navale,naval
navel,navEl
naïade,najad
nettoiement,netwam@
neurochimie,n2RoSimi
neuronique,n2ROnik
neuropsychiatrie,n2RopsikjatRi
niakoué,njakue
nippo,nipo
nième,njEm
nok,nOk
nombrilisme,n§bRilism
nomenclature,nom@klatyR
non-consommation,n§k§sOmasj§
nord-nord-est,nORnOREst
nougatine,nugatin
novélisation,novelizasj§
nursing,n9RsiG
nécrologue,nekRolOg
nécromant,nekRom@
nécrophage,nekRofaZ
néoprène,neopREn
néphrectomie,nefREktomi
néphrologue,nefRolOg
néroli,neROli
oblitération,obliteRasj§
observable,OpsERvabl
obsidienne,OpsidjEn
obstrué,OpstRye
ocarina,okaRina
ocytocine,OsitOsin
odieusement,odj2z°m@
official,Ofisjal
offusquant,ofysk@
olibrius,olibRijys
oléfine,Olefin
onc,§k
onomatopée,onomatope
opiomane,opjoman
opuscule,opyskyl
orangerie,oR@Z°Ri
orbitèle,ORbitEl
ordonnateur,ORdonat9R
orthogonal,ORtOgonal
oryctérope,oRikteROp
ostéomyélite,Osteomjelit
otalgie,OtalZi
oubliable,ublijabl
outrageux,utRaZ2
ouvrable,uvRabl
oxymore,OksimOR
oxymétrie,OksimetRi
pairie,peRi
paletot,pal°to
palsambleu,pals@bl2
paléolithique,paleolitik
palétuvier,paletyvje
panaris,panaRi
pancetta,p@sEta
pantelant,p@t°l@
panthéiste,p@teist
paparazzo,papaRadzo
parapharmacie,paRafaRmasi
parcheminé,paRS°mine
pardonnable,paRdonabl
parement,paR°m@
parkinson,paRkinsOn
parque,paRk
pasque,pask
pastiche,pastiS
pater familias,patERfamiljas
pavillonnaire,pavijonER
payement,pEjm@
peigné,peNe
pendard,p@daR
pendulette,p@dylEt
peptide,pEptid
peptique,pEptik
perce-oreille,pERsoREj
perchée,pERSe
perclus,pERkly
perlimpinpin,pERl5p5p5
perspiration,pERspiRasj§
perçage,pERsaZ
pessah,pesa
pesticide,pEstisid
petit-four,p°tifuR
phallocrate,falokRat
pharmacothérapie,faRmakoteRapi
philanthropique,fil@tRopik
philippin,filip5
philodendron,filod@dR§
phonétiquement,fonetik°m@
phosphorylation,fOsfORilasj§
phrénologie,fRenOlOZi
phtaléine,ftalein
phylum,filOm
pian,pj@
picaresque,pikaREsk
picot,piko
pictogramme,piktogRam
pillard,pijaR
pince-monseigneur,p5sm§sEN9R
pique-feu,pikf2
pisiforme,pizifORm
pitcher,pitSe
pixel,piksEl
piètrement,pjEtR°m@
placeur,plas9R
placier,plasje
plaisantin,plEz@t5
planificateur,planifikat9R
plastie,plasti
pleutre,pl2tR
plique,plik
pliure,plijyR
plumier,plymje
pluvier,plyvje
poiler,pwale
poivrer,pwavRe
policeman,polis°man
politburo,politbyRo
politicard,politikaR
pollinisateur,pOlinizat9R
polluant,pol8@
polyacrylate,pOliakRilat
polyarthrite,pOliaRtRit
polycarbonate,polikaRbonat
polynésien,polinezj5
polyvinylique,pOlivinilik
polémiquer,polemike
pompadour,p§paduR
pondéré,p§deRe
porte-fenêtre,pORtf°nEtR
possessivité,posEsivite
post-natal,pOstnatal
postillon,pOstij§
postérieurement,pOsteRj9R°m@
pot-au-feu,potof2
potron-minet,potR§minE
pound,pawnd
press-book,pREsbuk
prisunic,pRizynik
procurateur,pRokyRat9R
procédurier,pRosedyRje
prodigalité,pRodigalite
proline,pROlin
prométhéen,pROmete5
protège-slip,pROtEZslip
provider,pRovajd9R
précognition,pRekOgnisj§
préternaturel,pRetERnatyREl
prétorien,pRetoRj5
psalmodie,psalmodi
psychopharmacologie,psikofaRmakoloZi
publireportage,pybliR2pORtaZ
puisqu,p8isk
pusillanime,pyzilanim
pylorique,piloRik
pyromanie,piRomani
pyréthrine,piRetRin
pète-sec,pEtsEk
pédalo,pedalo
pédicule,pedikyl
pédologue,pedOlOg
pékan,pek@
pénalement,penal°m@
pépettes,pepEt
pépiniériste,pepinjeRist
péricliter,peRiklite
pétomane,petoman
pétrus,petRy
quadra,kwadRa
quadrangle,kwadR@gl
quadrilatère,kwadRilatER
quadriplégique,kwadRipleZik
quantitatif,k@titatif
quarante-deuxième,kaR@td2zjEm
quarante-septième,kaR@tsEtjEm
quarantième,kaR@tjEm
quatre-vingt-quatre,katR°v5katR
questionneur,kEstjon9R
quintuple,k5typl
quote-part,kotpaR
raboter,Rabote
racho,RaSo
racleur,Rakl9R
racé,Rase
radier,Radje
radioscopie,Radjoskopi
radoub,Radu
raffineur,Rafin9R
rageusement,RaZ2z°m@
ragoter,Ragote
railleur,Raj9R
raiponce,REp§s
raja,RaZa
rantanplan,R@t@pl@
rapiat,Rapja
rash,RaS
rastafari,RastafaRi
ratite,Ratit
rayonneur,REjOn9R
rebuffade,R°byfad
recenseur,R°s@s9R
recorder,R2kORde
recourbé,R°kuRbe
recroqueviller,R°kROkvje
recuit,R°k8i
recâbler,R2kable
redevance,R°d°v@s
redoublement,R°dubl°m@
redécouverte,R°dekuvERt
refoutre,R°futR
refumer,R°fyme
regorger,R°gORZe
regoûter,R2gute
reich,RajS
relancement,R2l@s°m@
releveur,R°l°v9R
remodelage,R°mod°laZ
remontage,R°m§taZ
remprunter,R@pR1te
renfoncement,R@f§s°m@
rentrant,R@tR@
repentant,R°p@t@
replet,R°plE
reposséder,R2pOsede
repreneur,R°pR°n9R
resucée,R°syse
retranchement,R°tR@S°m@
retranscription,R°tR@skRipsj§
retrouvaille,R°tRuvaj
retuber,R2tybe
revoler,R2vOle
revoter,RevOte
rhinite,Rinit
rhumerie,ROm°Ri
rift,Rift
rince-bouche,R5sbuS
riper,Ripe
roadster,ROwdst9R
robin,Rob5
robinetterie,RobinEt°Ri
roide,Rwad
rollmops,ROlmOps
roman-feuilleton,Rom@f9j°t§
romancé,ROm@se
rondouillard,R§dujaR
roof,Ruf
roto,Roto
rotulien,Rotylj5
rouan,Rw@
rougeoiement,RuZwam@
rougissement,RuZis°m@
rouleur,Rul9R
router,Rute
rugbyman,Rygbiman
ruisseler,R8is°le
rumsteck,ROmstEk
réabonnement,ReabOn°m@
réabonner,ReabOne
réabsorption,ReapsORpsj§
réactivation,Reaktivasj§
réactualiser,Reakt8alize
réarrangement,ReaR@Z°m@
réassignation,ReasiNasj§
réchauffeur,ReSof9R
récrimination,RekRiminasj§
récurage,RekyRaZ
récursif,RekyRsif
réductionnisme,RedyksjOnism
réformateur,RefORmat9R
régressif,RegResif
régénérateur,ReZeneRat9R
réhydratation,ReidRatasj§
réinstallation,Re5stalasj§
réinterpréter,Re5tERpRete
répulsif,Repylsif
résoluble,RezOlybl
rétorsion,RetORsj§
rétropropulsion,RetRopRopylsj§
rétrospection,RetROspEksj§
réveillonner,RevEjone
révocable,Revokabl
rééligible,ReeliZibl
sableux,sabl2
sablonneux,sablon2
sabord,sabOR
sacerdotal,sasERdotal
sacret,sakRE
saint-guy,s5gi
salam,salam
salat,sala
sanderling,s@dERliG
santon,s@t§
saoudienne,saudjEn
saoulerie,sul°Ri
saponification,saponifikasj§
satiné,satine
saturé,satyRe
savamment,savam@
scalaire,skalER
scandalisé,sk@dalize
scaphandrier,skaf@dRije
scapulaire,skapylER
schleu,Sl2
schooner,skun9R
schématiser,Sematize
scission,sisj§
sclérodermie,skleRodERmi
scénographe,senogRaf
segmentaire,sEgm@tER
septicité,sEptisite
serpentin,sERp@t5
serre-livres,sERlivR
serrement,sER°m@
servage,sERvaZ
servofrein,sERvofR5
shampooiner,S@pwine
shocking,SOkiG
sic transit gloria mundi,siktR@zitgloRjamundi
sidération,sideRasj§
sidérurgique,sideRyRZik
sikh,sik
sipo,sipo
sisal,sizal
sitcom,sitkOm
sittelle,sitEl
smicard,smikaR
smurf,sm9Rf
snifer,snife
snobinard,snobinaR
sociétal,sOsjetal
socket,sOkEt
soiffard,swafaR
soixante-quatorze,swas@tkatORz
solen,solEn
solutionneur,solysjon9R
somptuosité,s§pt8ozite
sonorisation,sonoRizasj§
sonoriser,sonoRize
sorbitol,sORbitOl
sordidité,sORdidite
sorgho,sORgo
sous-alimentation,suzalim@tasj§
sous-couche,sukuS
sous-entendu,suz@t@dy
sous-préfecture,supRefEktyR
sous-qualifié,sukalifje
sous-tension,sut@sj§
sous-ventrière,suv@tRijER
soutenance,sut°n@s
souter,sute
soutier,sutje
souvenance,suv°n@s
spasticité,spastisite
spectrogramme,spEktRogRam
spencer,spEnsER
spirographe,spiRogRaf
spongiforme,sp§ZifORm
stipuler,stipyle
stomacal,stomakal
strié,stRije
stéréotypé,steReotipe
subaquatique,sybakwatik
sublimation,syblimasj§
subordonnée,sybORdone
succédané,syksedane
sud-sud-est,sydsydEst
sujette,syZEt
sujétion,syZesj§
sulfite,sylfit
sulfonate,sylfOnat
superfétatoire,sypERfetatwaR
superordinateur,sypERORdinat9R
superposer,sypERpoze
supertanker,sypERt@kER
suppresseur,sypREs9R
sur-mesure,syRm°zyR
suractivé,syRaktive
surcapacité,syRkapasite
surcontre,syRk§tR
surgénérateur,syRZeneRat9R
surligneur,syRliN9R
suroît,syRwa
surpeuplement,syRp9pl°m@
surréel,syRReEl
surrégime,syRReZim
surélévation,syRelevasj§
sycophante,sikof@t
symétriquement,simetRik°m@
syncopé,s5kope
synergétique,sinERZetik
syro,siRo
séant,se@
sédiment,sedim@
sélecteur,selEkt9R
séléniure,selenjyR
sérial,seRjal
tagueur,tag9R
taleth,talEt
tangent,t@Z@
tanné,tane
taoïste,taoist
tapée,tape
taquinerie,takin°Ri
tartre,taRtR
tatin,tat5
tavel,tavEl
team,tim
tectonique,tEktonik
tem,tEm
tenable,t°nabl
tergiversation,tERZivERsasj§
terre-neuve,tERn9v
teutonne,t2tOn
textuellement,tEkst8El°m@
thermosensible,tERmos@sibl
thonier,tonje
thrombosé,tR§boze
thymectomie,timEktOmi
thyroïdectomie,tiROidEktOmi
thyroïdien,tiRoidj5
thématique,tematik
théologiquement,teOlOZik°m@
théosophie,teozofi
tictaquer,tiktake
tiers-état,tjEReta
tirette,tiREt
titrer,titRe
titulariser,titylaRize
toiser,twaze
tomodensitomètre,tomod@sitOmEtR
tomographe,tomogRaf
tonifiant,tonifj@
tonka,t§ka
topique,topik
toquard,tokaR
torchis,tORSi
torpédo,tORpedo
totaliser,totalize
totalitarisme,totalitaRizm
touareg,twaReg
toucan,tuk@
tourmentin,tuRm@t5
tout-petit,tup°ti
transbahuter,tR@sbayte
transcanadienne,tR@skanadjEn
transcutané,tR@skytane
transduction,tR@sdyksj§
transitionnel,tR@zisjonEl
transsubstantiation,tR@ssypst@tjasj§
transsudat,tR@ssyda
traînement,tREn°m@
trek,tREk
trekking,tREkiG
triathlète,tRiatlEt
triglycéride,tRigliseRid
trille,tRij
trimardeur,tRimaRd9R
trinitaire,tRinitER
trinquette,tR5kEt
triomphalement,tRij§fal°m@
tripant,tRip@
tripatouiller,tRipatuje
tripotage,tRipotaZ
trivialiser,tRivjalize
trivialité,tRivjalite
troncher,tR§Se
trottiner,tRotine
trébuchant,tRebyS@
trépaner,tRepane
trépidant,tRepid@
trôner,tRone
tuilerie,t8il°Ri
turfiste,tyRfist
turgescent,tyRZes@
turnover,t9Rnov9R
tutorial,tytoRjal
tuyère,t8ijER
tympanon,t5pan§
tzar,tsaR
télécopieur,telekopj9R
télécran,telekR@
télédiffuser,teledifyze
télémesure,telem°zyR
tétramètre,tetRamEtR
ultra-chic,yltRaSik
ultrarapide,yltRaRapid
unidirectionnel,ynidiREksjonEl
unilatéralité,ynilateRalite
urinal,yRinal
utilement,ytil°m@
vaginite,vaZinit
vagissant,vaZis@
vallonné,valone
variance,vaRj@s
vasoconstriction,vazok§stRiksj§
vaudevillesque,vod°vilEsk
vectoriel,vEktoRjEl
velum,velOm
venise,v2niz
venter,v@te
verseur,vERs9R
vertébré,vERtebRe
vibraphone,vibRafOn
vingt-deuxième,v5td2zjEm
vioc,vjOk
virtualité,viRt8alite
viscose,viskoz
viscère,visER
vissé,vise
vitaminé,vitamine
vite,vit
viticulture,vitikyltyR
vivarium,vivaRjOm
viveur,viv9R
vodou,vodu
vomisseur,vomis9R
voracement,voRas°m@
vulvaire,vylvER
végétarisme,veZetaRizm
wagon-bar,vag§baR
wall street,wOlstRit
watt,wat
wharf,waRf
whig,wig
xylène,ksilEn
yodler,jOdle
zig-zig,zigzig
zoner,zone
zébré,zebRe
zézaiement,zezEm@
à leur encontre,al9R@k§tR
ébaucher,eboSe
écaillage,ekajaZ
échancré,eS@kRe
échéancier,eSe@sje
éclamptique,ekl@ptik
écloper,eklOpe
éconduire,ek§d8iR
économat,ekonoma
écope,ekOp
écorcheur,ekORS9R
écorné,ekORne
écrivaillon,ekRivaj§
écrémage,ekRemaZ
édam,edam
éditorialiste,editoRjalist
égocentriste,egos@tRist
élagage,elagaZ
élagueur,elag9R
électrifier,elEktRifje
électriser,elEktRize
électroaimant,elEktRoEm@
électroménager,elEktRomenaZe
émacié,emasje
épanouissant,epanwis@
épidural,epidyRal
épilatoire,epilatwaR
épurer,epyRe
équarrissage,ekaRisaZ
équilibreur,ekilibR9R
érythémateux,eRitemat2
étameur,etam9R
état-civil,etasivil
étatisation,etatizasj§
étiologie,etjOlOZi
étouffeur,etuf9R
étrangleur,etR@gl9R
éventré,ev@tRe
évitée,evite
abaisse,abEs
aboli,aboli
abricotier,abRikotje
abscisse,apsis
absous,apsu
abstraire,apstRER
accaparant,akapaR@
accapareur,akapaR9R
accessit,aksesit
accidenter,aksid@te
accouchée,akuSe
accoutré,akutRe
accoutumé,akutyme
accroire,akRwaR
acerbité,asERbite
acidulé,asidyle
acrimonieux,akRimonj2
acrostiche,akROstiS
actuariel,aktyaRjEl
ad patres,adpatREs
adjonction,adZ§ksj§
adjudication,adZydikasj§
administré,administRe
admissibilité,admisibilite
adouci,adusi
affermir,afERmiR
affin,af5
affréteur,afRet9R
agencer,aZ@se
agglutiner,aglytine
agnosie,agnozi
agrégat,agRega
aide-cuisinier,Edk8izinje
aigrette,EgREt
aiguillat,eg8ija
aimanter,Em@te
ains,5s
air bag,ERbag
air-mer,ERmER
ajoute,aZut
alaise,alEz
alangui,al@gi
albinisme,albinism
alcaliniser,alkalinize
alcalose,alkaloz
alchimique,alSimik
algarade,algaRad
aligné,aliNe
aliter,alite
allium,aljOm
alphabétiser,alfabetize
alsacien,alzasj5
altérité,alteRite
aléa,alea
aléoutien,aleusj5
amaigri,amegRi
amenée,am°ne
ampèremètre,@pER°mEtR
amygdalien,amidalj5
amyle,amil
amylique,amilik
américanisation,ameRikanizasj§
analysant,analiz@
anas,ana
anglo-soviétique,@glosovjetik
anglophile,@glofil
animus,animys
anode,anOd
anthropoïde,@tRopoid
anti-acné,@tiakne
anti-castriste,@tikastRist
anti-club,@tikl9b
anti-discrimination,@tidiskRiminasj§
anti-establishment,@tiEstabliSmEnt
anti-fasciste,@tifaSist
anti-immigration,@tiimigRasj§
anti-inflammatoire,@ti5flamatwaR
anti-rhume,@tiRym
anti-sida,@tisida
anti-sous-marin,@tisumaR5
anti-sémite,@tisemit
antialcoolique,@tialkolik
antiaméricanisme,@tiameRikanizm
antidémocratique,@tidemokRatik
antifasciste,@tifaSist
antigel,@tiZEl
antimigraineux,@timigREn2
antioxydant,@tiOksid@
antipode,@tipOd
antiradiation,@tiRadjasj§
antirides,@tiRid
antiviolence,@tivjol@s
antiviral,@tiviRal
anémomètre,anemomEtR
aphasique,afazik
aphorisme,afoRizm
applaudimètre,aplodimEtR
applicabilité,aplikabilite
appointé,apw5te
apprenti-pilote,apR@tipilOt
approfondissement,apRof§dis°m@
après-coup,apREku
après-dîner,apREdine
aquaplane,akwaplan
aqueux,ak2
aquilin,akil5
arachnéen,aRakne5
arborescence,aRboREs@s
arborescent,aRboREs@
argilière,aRZiljER
argumentatif,aRgym@tatif
arnica,aRnika
aromatique,aRomatik
arqué,aRke
arrachement,aRaS°m@
arrière-cuisine,aRjERk8izin
arum,aROm
aréflexie,aReflEksi
asa,aza
asana,azana
ascensionnel,as@sjonEl
ascète,asEt
aspergillose,aspERZiloz
asphodèle,asfodEl
asservi,asERvi
assimilable,asimilabl
assimilé,asimile
assiégé,asjeZe
assoiffer,aswafe
assommoir,asomwaR
assujetti,asyZEti
assurage,asyRaZ
aste,ast
asthénie,asteni
astreindre,astR5dR
astreinte,astR5t
astronomiquement,astROnOmik°m@
ataraxie,ataRaksi
atone,aton
attabler,atable
attentisme,at@tizm
attentiste,at@tist
attrition,atRisj§
atténué,aten8e
audiophone,odjofOn
aumônerie,omon°Ri
austro,ostRo
auto-analyse,otoanaliz
auto-érotisme,otoeRotizm
autocrate,otokRat
autogenèse,otoZ°nEz
autonettoyant,otonEtwaj@
autoritarisme,otoRitaRizm
autostrade,otostRad
autosurveillance,otosyRvEj@s
avachir,avaSiR
avant-coureur,av@kuR9R
avant-plan,av@pl@
avant-première,av@pR°mjER
aviso,avizo
axer,akse
axolotl,aksolOtl
azimuté,azimyte
aérodynamisme,aeRodinamizm
aïkido,ajkido
babi,babi
bachotage,baSotaZ
baguage,bagaZ
baguer,bage
balafrer,balafRe
balalaïka,balalaika
balboa,balboa
balbutier,balbysje
ballant,bal@
baller,bale
ballonnement,balOn°m@
ballottage,balotaZ
ballotter,balote
balourdise,baluRdiz
bamboche,b@bOS
bandera,b@d°Ra
baptiseur,batiz9R
barbacane,baRbakan
barbiturique,baRbityRik
barbon,baRb§
barbotte,baRbOt
bariolé,baRjole
baronnie,baRoni
bas-fond,baf§
batardeau,bataRdo
battoir,batwaR
becquet,bekE
becquée,bEke
becter,bEkte
belgique,bElZik
benzodiazépine,b5zodjazepin
bestialement,bEstjal°m@
biaisé,bjeze
biberonner,bib°Rone
bibliophile,biblijofil
bicher,biSe
bif,bif
bimbeloterie,b5b°lOt°Ri
bimoteur,bimot9R
biochimiquement,bjoSimik°m@
biotique,bjotik
bioxyde,bjOksid
biplace,biplas
biseau,bizo
bishop,biSOp
bismuth,bismyt
bisquer,biske
bissel,bisEl
biturer,bityRe
bizuth,bizy
bleu-roi,bl2Rwa
blini,blini
blocaille,blokaj
blondin,bl§d5
blue note,blunOt
boat people,bOwtpip9l
bobinage,bobinaZ
boggie,bogi
boghei,bogEj
bonheur-du-jour,bon9RdyZuR
bonhomie,bonomi
bonneteau,bOn°to
boqueteau,bOk°to
bordeau,bORdo
bortch,bORtS
bouchonner,buSone
bouf,buf
bougresse,bugREs
bouliste,bulist
bourgeonner,buRZone
bourlingueur,buRl5g9R
bourratif,buRatif
boursouflure,buRsuflyR
boutefeu,but°f2
bouteur,but9R
boutique-cadeaux,butikkado
bouton-pression,but§pREsj§
brachiosaure,bRakjozOR
brahmanisme,bRamanizm
brand,bR@
brandon,bR@d§
branlage,bR@laZ
branlée,bR@le
brasero,bRazeRo
briffer,bRife
bringuebalant,bR5g°bal@
brioché,bRijoSe
broker,bRok9R
bronzant,bR§z@
brook,bRuk
brou,bRu
brunissage,bRynisaZ
bubon,byb§
bulbeux,bylb2
bulge,b9ldZ
bull-terrier,byltERje
busard,byzaR
buvard,byvaR
bécarre,bekaR
bélouga,beluga
béluga,belyga
béryl,beRil
bétonné,betone
bêlant,bEl@
bêler,bele
bêtifier,betifje
bôme,bom
caboteur,kabot9R
cadenasser,kad°nase
cafouiller,kafuje
calbar,kalbaR
calciner,kalsine
calecif,kal°sif
callosité,kalozite
calter,kalte
calvados,kalvados
calédonien,kaledonj5
cambusier,k@byzje
camouflet,kamuflE
campanile,k@panil
canado,kanado
cancérogène,k@seROZEn
caniculaire,kanikylER
cantabile,k@tabil
canter,k@t9R
capelage,kap°laZ
caper,kape
captage,kaptaZ
caquètement,kakEt°m@
caracoler,kaRakole
caramélisé,kaRamelize
carburation,kaRbyRasj§
caricaturer,kaRikatyRe
caricaturiste,kaRikatyRist
carottage,kaRotaZ
carpé,kaRpe
carre,kaR
carrossier,kaRosje
carrée,kaRe
carthame,kaRtam
cartilagineux,kaRtilaZin2
cartographier,kaRtogRafje
casse-pipes,kaspip
castriste,kastRist
catalogage,katalOgaZ
cataplexie,kataplEksi
catarrhe,kataR
catégoriser,kategoRize
cautionnement,kosjOn°m@
cavitation,kavitasj§
ceinturer,s5tyRe
celle,sEl
cendrillon,s@dRij§
centavo,s@tavo
centripète,s@tRipEt
centurie,s@tyRi
cervoise,sERvwaz
chamane,Saman
chambarder,S@baRde
chapardeur,SapaRd9R
chapitrer,SapitRe
charlatanerie,SaRlatan°Ri
charmille,SaRmij
chatouillis,Satuji
chaudronnier,SodRonje
chemineau,S°mino
cheminer,S°mine
cheval-vapeur,S°valvap9R
chevesne,S°vEn
chevroter,S°vRote
chiasseux,Sjas2
chicaneur,Sikan9R
chiffonnade,Sifonad
chiromancie,kiRom@si
chiropratique,kiROpRatik
chirurgien-dentiste,SiRyRZj5d@tist
chlorer,klORe
chloroformer,kloRofORme
chnouf,Snuf
cholinestérase,kOlinEsteRaz
chopine,Sopin
chorégraphique,koRegRafik
chronophotographie,kRonofOtOgRafi
chrysanthème,kRiz@tEm
chérot,SeRo
cigalon,sigal§
ciselé,siz°le
clair-obscur,klEROpskyR
clairet,klERE
clampin,kl@p5
claquet,klakE
claustration,klostRasj§
cleptomanie,klEptomani
climatologue,klimatOlOg
cliquet,klikE
clémentine,klem@tin
co-habiter,koabite
co-président,kopRezid@
co-vedette,kov2dEt
coasser,koase
cochonner,koSone
cogitation,koZitasj§
coiffant,kwaf@
coin-repas,kw5R°pa
colis-cadeau,kolikado
colistier,kolistje
combinard,k§binaR
commedia dell'arte,komedjadElaRte
commercialisable,kOmERsjalizabl
commissaire-adjoint,kOmisERadZw5
compartimenté,k§paRtim@te
compensatoire,k§p@satwaR
complexion,k§plEksj§
compound,k§pund
conceptualiser,k§sEpt8alize
conciliabule,k§siljabyl
concordant,k§kORd@
concubin,k§kyb5
condensé,k§d@se
condominium,k§dominjOm
conductivité,k§dyktivite
confiote,k§fjOt
confondu,k§f§dy
confucianisme,k§fysjanizm
congère,k§ZER
congédiement,k§Zedim@
conifère,konifER
consanguin,k§s@g5
conscrit,k§skRi
consort,k§sOR
conspuer,k§sp8e
constitutionnalité,k§stitysjOnalite
consulte,k§sylt
consécutivement,k§sekytiv°m@
contaminant,k§tamin@
contigu,k§tigy
contorsion,k§tORsj§
contrapuntique,k§tRap§tik
contrasté,k§tRaste
contre-pression,k§tR°pREsj§
contre-propagande,k§tR°pRopag@d
contre-vérité,k§tR°veRite
contrefort,k§tR°fOR
contributeur,k§tRibyt9R
convié,k§vje
coopé,koope
coopérant,koopeR@
coprophilie,kOpROfili
coqueron,kOk°R§
coquillard,kokijaR
cornillon,kORnij§
cornélien,kORnelj5
corporatisme,kORpoRatizm
cortès,kORtEz
cosmiquement,kOsmik°m@
cosmétologue,kOsmetOlOg
coter,kote
coupage,kupaZ
coupe-cigare,kupsigaR
coupe-jarret,kupZaRE
courailler,kuRaje
courroucer,kuRuse
coutelas,kut°la
coutelier,kutElje
craqueler,kRak°le
crash-test,kRaStEst
criminellement,kRiminEl°m@
cristallomancie,kRistalOm@si
croassement,kRoas°m@
cromlech,kROmlEk
crotter,kRote
croule,kRul
croustade,kRustad
cryptographe,kRiptogRaf
créative,kReativ
crécerelle,kRes°REl
crécy,kResi
crédit-bail,kRedibaj
crépitant,kRepit@
crétineux,kRetin2
cuissage,k8isaZ
cul-bénit,kybeni
cul-de-porc,kydpOR
culex,kylEks
culmination,kylminasj§
cumul,kymyl
cumulo-nimbus,kymylon5bys
cursif,kyRsif
cursive,kyRsiv
cybernétiser,sibERnetize
cyberspace,sibERspes
cyclorama,siklORama
câblerie,kabl°Ri
câblogramme,kablogRam
cène,sEn
cèpe,sEp
céladon,selad§
céphalique,sefalik
céphalopode,sefalopOd
cérémonieusement,seRemonj2z°m@
dacron,dakR§
daigner,deNe
dalmatique,dalmatik
daltonisme,daltonizm
darce,daRs
datif,datif
datura,datyRa
davier,davje
delphinium,dElfinjOm
demi-centimètre,d2mis@timEtR
demi-jour,d°miZuR
demi-nuit,d2min8i
demi-vierge,d°mivjERZ
dengue,d@g
dessèchement,desES°m@
deutsche mark,dOjtSmaRk
deux-deux,d2d2
dey,dE
diminuendo,dimin85do
discal,diskal
disparate,dispaRat
dissemblable,dis@blabl
dissentiment,dis@tim@
disséminé,disemine
distillateur,distilat9R
dixièmement,dizjEm°m@
doctrinaire,dOktRinER
domestication,domEstikasj§
dominante,domin@t
domotique,domotik
doucet,dusE
drachme,dRakm
draisine,dREzin
drastiquement,dRastik°m@
drifter,dRift9R
drone-espion,dRonEspj§
druidesse,dR8idEs
dualisme,d8alizm
ducal,dykal
duchnoque,dySnOk
durant,dyR@
dure-mère,dyRmER
dynamiser,dinamize
dyspeptique,dispEptik
dysphorie,disfoRi
débarbouillette,debaRbujEt
débilement,debil°m@
débine,debin
débouché,debuSe
débourrer,debuRe
débranchement,debR@S°m@
débridé,debRide
débronzer,debR§ze
décan,dek@
décapant,dekap@
déchanter,deS@te
déchaussé,deSose
déchiffrable,deSifRabl
déchireur,deSiR9R
décoffrage,dekOfRaZ
décompliquer,dek§plike
décrisper,dekRispe
décroiser,dekRwaze
décrue,dekRy
décuple,dekypl
décuplé,dekyple
défonceuse,def§s2z
défroquer,defROke
dégarnir,degaRniR
dégingandé,deZ5g@de
déglutir,deglytiR
dégoiser,degwaze
dégriffé,degRife
dégustateur,degystat9R
déhiscence,deis@s
déité,deite
déjuger,deZyZe
délassant,delas@
délestage,delEstaZ
déliquescent,delikes@
déloyalement,delwajal°m@
démarcheur,demaRS9R
démodulateur,demodylat9R
démonstrateur,dem§stRat9R
dénaturation,denatyRasj§
dénivellation,denivElasj§
départemental,depaRt°m@tal
dépersonnalisation,depERsOnalizasj§
dépeupler,dep9ple
déplumer,deplyme
dépoitraillé,depwatRaje
dérailleur,deRaj9R
déroulant,deRul@
désalinisation,dezalinizasj§
désarrimage,dezaRimaZ
désavantager,dezav@taZe
désennuyer,dez@n8ije
désenvoûter,dez@vute
désillusionner,dezilyzjone
désinstaller,dez5stale
désorbiter,dezORbite
désuni,dezyni
détartrant,detaRtR@
déterreur,detER9R
dévergonder,devERg§de
déviateur,devjat9R
dévolu,devoly
effarer,efaRe
effaroucher,efaRuSe
effluve,eflyv
eidétique,Edetik
embastiller,@bastije
embellie,@bEli
embourgeoiser,@buRZwaze
embrouillage,@bRujaZ
empaffer,@pafe
empalement,@pal°m@
empirisme,@piRizm
empêtré,@petRe
encagé,@kaZe
encaustiquer,@kostike
encrage,@kRaZ
encrer,@kRe
encéphalographie,@sefalogRafi
endogamie,@dogami
endormant,@dORm@
endormeur,@dORm9R
enfant-roi,@f@Rwa
enfouraillé,@fuRaje
engelure,@Z°lyR
engluer,@glye
engorgé,@gORZe
enivrement,@nivR°m@
enjoint,@Zw5
enluminé,@lymine
enrayage,@REjaZ
enrayement,@REjm@
ensacher,@saSe
ensoleiller,@soleje
ensuivre,@s8ivR
entièreté,@tjER°te
entourlouper,@tuRlupe
entrebâillement,@tR°baj°m@
entrechoquer,@tR°Soke
entrecroiser,@tR°kRwaze
entrouvert,@tRuvER
envahissement,@vais°m@
enviandé,@vj@de
ergotamine,ERgotamin
ergoteur,ERgot9R
erpétologiste,ERpetOlOZist
erratum,eRatOm
esbroufeur,EzbRuf9R
eskimo,Eskimo
espacé,Espase
espadrille,EspadRij
espéranto,EspeR@to
esse,Es
essuyeur,es8ij9R
estampage,Est@paZ
estamper,Est@pe
ethnicité,Etnisite
ex-assistant,Eksasist@
ex-contrebandier,Eksk§tR°b@dje
ex-dealer,EksdilER
ex-inspecteur,Eks5spEkt9R
ex-journaliste,EksZuRnalist
ex-leader,Ekslid9R
ex-monteur,Eksm§t9R
ex-para,EkspaRa
ex-reine,EksREn
ex-sergent,EkssERZ@
ex-élève,EkselEv
excavateur,Ekskavat9R
excréter,EkskRete
exhortation,EgzORtasj§
exobiologie,EgzobjolOZi
exostose,Egzostoz
expansible,Eksp@sibl
expansionniste,Eksp@sjonist
expectation,EkspEktasj§
expectoration,EkspEktoRasj§
expédient,ekspedj@
extorqueur,EkstORk9R
extra-sensoriel,EkstRas@soRjEl
extragalactique,EkstRagalaktik
extrasensoriel,EkstRas@soRjEl
exécrer,EgzekRe
fabuler,fabyle
fac-similé,faksimile
facturé,faktyRe
faisandé,f°z@de
falot,falo
fameusement,fam2z°m@
fanatiquement,fanatik°m@
fanfreluche,f@fR°lyS
fangeux,f@Z2
faraud,faRo
farter,faRte
faubert,fobER
faux-bourdon,fobuRd§
faux-col,fokOl
faux-fuyant,fof8ij@
façonnable,fasOnabl
feint,f5
feinteur,f5t9R
fenil,f°nil
feria,f°Rja
fermage,fERmaZ
fertilisant,fERtiliz@
festivité,fEstivite
feston,fEst§
festonner,fEstone
fiasque,fjask
fiat,fjat
fictionnel,fiksjonEl
fieux,fj2
filmage,filmaZ
finisseur,finis9R
flegmatique,flEgmatik
flemmer,fleme
flingot,fl5go
fliquesse,flikEs
floralies,floRali
flottabilité,flotabilite
fluctuer,flykt8e
focale,fokal
folingue,fol5g
folio,foljo
folledingue,fOl°d5g
folliculite,fOlikylit
fondamentalisme,f§dam@talism
footballistique,futbalistik
forcené,fORs°ne
forceur,fORs9R
forfaiture,fORfetyR
formaliste,fORmalist
formid,fORmid
fouetteur,fuEt9R
fouilleur,fuj9R
fractionner,fRaksjone
fragiliser,fRaZilize
fragilisé,fRaZilize
frelaté,fR°late
freudisme,fR2dizm
freux,fR2
fripier,fRipje
frisant,fRiz@
frugivore,fRyZivOR
fugueur,fyg9R
fuligule,fyligyl
fulmination,fylminasj§
furetage,fyR°taZ
furia,fyRja
féculent,fekyl@
féodalisme,feodalizm
féodalité,feodalite
gabelle,gabEl
gaffeur,gaf9R
galago,galago
galloise,galwaz
galvanisme,galvanizm
gambadant,g@bad@
gambette,g@bEt
ganse,g@s
gargarisme,gaRgaRizm
gargouillement,gaRguj°m@
gas-oil,gazOjl
gastroentérologue,gastRo@teRolOg
gatte,gEt
gaudriole,godRijOl
gausser,gose
gazage,gazaZ
gazomètre,gazomEtR
gazométrie,gazometRi
gelure,Z°lyR
germanité,ZERmanite
germé,ZERme
gestuel,ZEst8El
gibbon,Zib§
giratoire,ZiRatwaR
glacis,glasi
glaireux,glER2
glapissement,glapis°m@
glaçant,glas@
gobe-mouches,gObmuS
goglu,gOgly
gondoler,g§dole
gopher,gOf9R
gorgone,gORgOn
goth,go
goudronné,gudRone
goulu,guly
goétie,gOesi
graffiteur,gRafit9R
graisseur,gREs9R
graphie,gRafi
gratiné,gRatine
gratinée,gRatine
grever,gR°ve
grigou,gRigu
grilladerie,gRijad°Ri
grimage,gRimaZ
grimpant,gR5p@
grinche,gR5S
griserie,gRiz°Ri
gros-porteur,gRopORt9R
grouillement,gRuj°m@
grumeau,gRymo
grèbe,gREb
guaracha,gaRaSa
guilledou,gijdu
guindeau,g5do
guède,gEd
gyroscopique,ZiRoskopik
gâtisme,gatizm
géomagnétique,ZeomaNetik
géosynchrone,Zeos5kRon
gésir,ZeziR
haggadah,agada
halcyon,alsj§
haler,ale
hallebardier,al°baRdje
halte-garderie,altgaRd2Ri
hambourgeois,@buRZwa
harari,aRaRi
harcelant,aRs°l@
harmattan,aRmat@
harmoniciste,aRmonisist
hase,az
hauban,ob@
haut-commissariat,okomisaRja
haut-fond,of§
hellène,ElEn
hellénistique,Elenistik
herculéen,ERkyle5
hilaire,ilER
hippisme,ipism
hirsutisme,iRsytizm
hispanophone,ispanofOn
hister,istER
hiverner,ivERne
hobereau,Ob°Ro
hollande,ol@d
holographe,ologRaf
homme-serpent,OmsERp@
homogénéisé,omoZeneize
homoncule,om§kyl
houppette,upEt
house-boat,awsbOwt
hunter,9nt9R
hydrogéné,idRoZene
hydrologie,idRoloZi
hydroptère,idROptER
hystéro,isteRo
hébéphrénique,ebefRenik
hématurie,ematyRi
héroïnomane,eRoinoman
hétéroclite,eteRoklit
i.e.,idEst
iambe,j@b
ibo,ibo
ichtyologiste,iktjoloZist
ikebana,ikebana
illégitimement,ileZitim°m@
imager,imaZe
imageur,imaZ9R
iman,im@
immergé,imERZe
immigrant,imigR@
immondice,im§dis
immunodéprimé,imynodepRime
immunologie,imynoloZi
immédiateté,imedjat°te
imparfaitement,5paRfEt°m@
impassable,5pasabl
implacabilité,5plakabilite
imputable,5pytabl
in absentia,inabsEntja
inaccoutumé,inakutyme
inanition,inanisj§
inapplicable,inaplikabl
inassurable,inasyRabl
inchangeable,5S@Zabl
incise,5siz
inclassable,5klasabl
inclément,5klem@
incomber,5k§be
incommodé,5komode
incorrection,5koREksj§
incroyant,5kRwaj@
indexeur,5dEks9R
indiscernable,5disERnabl
indisposition,5dispozisj§
indissociable,5disosjabl
indu,5dy
inducteur,5dykt9R
indélicatesse,5delikatEs
ineffablement,inefabl°m@
inesthétique,inEstetik
inexistence,inEgzist@s
inexploitable,inEksplwatabl
infamant,5fam@
infantiliser,5f@tilize
infatué,5fat8e
inflammabilité,5flamabilite
injouable,5Zwabl
innombrable,in§bRabl
inopportunément,inopORtynem@
inorganisé,inORganize
insectivore,5sEktivOR
insight,insajt
insociable,5sosjabl
insonorisation,5sonoRizasj§
instauration,5stoRasj§
insuccès,5syksE
intensification,5t@sifikasj§
interdépendant,5tERdep@d@
interloqué,5tERloke
interniste,5tERnist
interprétatif,5tERpRetatif
interrogateur,5tERogat9R
intervenant,5tERv°n@
inti,5ti
intolérablement,5toleRabl°m@
intoxicant,5tOksik@
intra,5tRa
intransportable,5tR@spORtabl
intronisation,5tRonizasj§
invalidant,5valid@
invalidation,5validasj§
invectiver,5vEktive
inventivité,5v@tivite
inverseur,5vERs9R
investigateur,5vEstigat9R
ioniser,jonize
irrecevabilité,iR2s°vabilite
irrespectueusement,iREspEkt82z°m@
irrécusable,iRekyzabl
isolationniste,izolasjonist
isométrique,izOmetRik
jacasse,Zakas
jambière,Z@bjER
jarretelle,ZaR°tEl
jazz-band,dZazb@d
jeanneton,Zan°t§
jeannette,ZanEt
jeunet,Z9nE
joliesse,ZoljEs
jonglerie,Z§gl°Ri
jonquille,Z§kij
jouasse,Zwas
jubilant,Zybil@
jubilatoire,ZybilatwaR
judéité,Zydeite
jujube,ZyZyb
julep,ZylEp
junker,Z9nkER
jupe-culotte,ZypkylOt
jupitérien,ZypiteRj5
jésuitique,Zez8itik
k-o,kao
kacher,kaSe
kafkaïen,kafkaj5
kaftan,kaft@
kaiser,kajz9R
khalife,kalif
kief,kjEf
kleptomanie,klEptomani
kola,kola
koto,koto
kouglof,kuglOf
kényan,kenj@
laborieusement,laboRj2z°m@
labyrinthique,labiR5tik
lacustre,lakystR
lambin,l@b5
lance-engins,l@s@Z5
lance-grenade,l@sgR°nad
langoureusement,l@guR2z°m@
laotien,laosj5
largable,laRgabl
largueur,laRg9R
lascivement,lasiv°m@
latiniste,latinist
lavallière,lavaljER
laxité,laksite
leben,l°b@
lessivage,lesivaZ
lestement,lEst°m@
leucémique,l2semik
levage,l°vaZ
levantin,l°v@t5
leveur,l°v9R
libyen,libj5
ligamentaire,ligam@tER
limaille,limaj
limiteur,limit9R
lingala,lingala
lirette,liREt
liseré,liz°Re
livresque,livREsk
lof,lOf
logarithmique,logaRitmik
lord-maire,lORdmER
lorgnon,lORN§
loriot,loRjo
louisianais,luizijanE
loukoum,lukum
loupiote,lupjOt
lucidement,lysid°m@
lucilie,lysili
luxurieux,lyksyRj2
lymphocytaire,l5fositER
lâchage,laSaZ
léchouiller,leSuje
légitimant,leZitim@
létalité,letalite
lévitique,levitik
ma-jong,maZ§G
machiner,maSine
machmètre,makmEtR
macreuse,makR2z
macroéconomie,makRoekOnOmi
maculer,makyle
madrague,madRag
maestria,maEstRija
maharaja,maaRadZa
mailler,maje
major-général,maZORZeneRal
malentendant,mal@t@d@
malicieusement,malisj2z°m@
malintentionné,mal5t@sjone
mammectomie,mamEktomi
mandater,m@date
mandibulaire,m@dibylER
manufacturer,manyfaktyRe
marae,maRe
marante,maR@t
marcassin,maRkas5
marimba,maRimba
mariolle,maRjOl
marivauder,maRivode
massé,mase
mastiff,mastif
masturbatoire,mastyRbatwaR
mastère,mastER
mataf,mataf
maximaliser,maksimalize
meiji,mEZi
membrure,m@bRyR
menon,m2n§
merdasse,mERdas
merlin,mERl5
mettable,mEtabl
meuler,m2le
mi-américaine,miameRikEn
mi-capacité,mikapasite
mi-démon,midem§
mi-figue,mifig
mi-juillet,miZ8ijE
mi-octobre,miOktObR
mi-pente,mip@t
mi-raisin,miREz5
miché,miSe
microanalyse,mikRoanaliz
microcircuit,mikRosiRk8i
microgramme,mikROgRam
micromètre,mikRomEtR
midrash,midRaS
mignardise,miNaRdiz
migratoire,migRatwaR
militariste,militaRist
mille-feuille,milf9j
milliardième,miljaRdjEm
millimétré,milimetRe
millénariste,milenaRist
mini-ordinateur,miniORdinat9R
minotaure,minotoR
miraculé,miRakyle
miraud,miRo
mirifique,miRifik
miroiterie,miRwat°Ri
miroitier,miRwatje
mistral,mistRal
moindrement,mw5dR°m@
moire,mwaR
moiré,mwaRe
moldave,mOldav
monastique,monastik
monnayable,monEjabl
monocorde,monokORd
monofilament,monofilam@
monolithe,monolit
monolithique,monolitik
monosyllabique,monosilabik
montrable,m§tRabl
moreau,mORo
moricaud,moRiko
mortibus,mORtibys
motilité,mOtilite
motocyclisme,motosiklism
mound,mund
multicellulaire,myltisElylER
multiforme,myltifORm
multiplex,myltiplEks
multiracial,myltiRasjal
mungo,muGo
musicologique,myzikoloZik
mutable,mytabl
mutagène,mytaZEn
myéloïde,mjeloid
mâchouilleur,maSuj9R
mécaniser,mekanize
médiane,medjan
médicamenter,medikam@te
médicamenteux,medikam@t2
méforme,mefORm
mégalopole,megalOpOl
mémorisation,memoRizasj§
mésomorphe,mezomORf
mésosphère,mezosfER
métaboliser,metabolize
métallo,metalo
métaphysicien,metafizisj5
méthodologique,metodoloZik
mézigue,mezig
nable,nabl
naja,naZa
nanisme,nanizm
nankin,n@k5
nanoseconde,nanoz°g§d
napoléonien,napoleonj5
naturalisé,natyRalize
nave,nav
navigable,navigabl
nerver,n2Rve
neurobiologiste,n2RobjOlOZist
neurologiquement,n2RoloZik°m@
neurophysiologie,n2RofizjoloZi
neuroplégique,n2RopleZik
neuropsychologue,n2RopsikolOg
nickelé,nik°le
nitrite,nitRit
niébé,njebe
noblaillon,noblaj§
nocher,noSe
noirâtre,nwaRatR
non-événement,nOneven°m@
nord-africain,nORafRik5
nourrissage,nuRisaZ
nu-tête,nytEt
nucléique,nykleik
nuitamment,n8itam@
numérateur,nymeRat9R
numériser,nymeRize
nutriment,nytRim@
négrophile,negRofil
néophyte,neofit
néoréalisme,neoRealizm
népalais,nepalE
obliquement,oblik°m@
oblitéré,obliteRe
oblong,obl§
obnubiler,Obnybile
obsolescence,OpsolEs@s
octogénaire,OktoZenER
octuple,Oktypl
oeillade,9jad
oesophagien,2zofaZj5
offusqué,ofyske
oisivement,waziv°m@
oison,waz§
ollé,Olle
omis,omi
omnidirectionnel,OmnidiREksjonEl
omnivore,OmnivOR
onaniste,onanist
ondatra,§datRa
ontologie,§toloZi
ontologiquement,§tOlOZik°m@
ophtalmologique,OftalmoloZik
ophtalmoscope,OftalmoskOp
opiacé,opjase
opiner,opine
opiniâtrement,opinjatR°m@
oratorio,oRatoRjo
orbitaire,ORbitER
orchestral,ORkEstRal
orfèvrerie,ORfEvR°Ri
organiquement,ORganik°m@
orphie,ORfi
orthographique,ORtogRafik
osmium,OsmjOm
osmonde,Osm§d
ossement,Os°m@
ostinato,Ostinato
ostéogenèse,OsteoZ°nEz
oto-rhino-laryngologiste,otoRinolaR5goloZist
ouiche,wiS
ouroboros,uRoboROs
outremer,utR°mER
ouvragé,uvRaZe
ovarien,ovaRj5
pagaye,pagaj
pageot,paZo
paillote,pajOt
palatin,palat5
palmaire,palmER
pandémonium,p@demonjOm
panini,panini
papal,papal
papillote,papijOt
papou,papu
paqueté,pak°te
parallaxe,paRalaks
parapsychologique,paRapsikoloZik
partageur,paRtaZ9R
parâtre,paRatR
pasionaria,pazjonaRja
pasteurella,past2REla
pastoureau,pastuRo
patagonien,patagonj5
pataquès,patakEs
patriarchie,patRiaRSi
patricien,patRisj5
paupiette,popjEt
pelletage,pEl°taZ
peloteur,p°lot9R
pendable,p@dabl
pensum,p5sOm
pentecôtiste,p@tkotist
perler,pERle
permanenter,pERman@te
perpendiculairement,pERp@dikylER°m@
personnage-clé,pERsonaZkle
pester,pEste
petite-nièce,p°titnjEs
peul,p2l
pharmacologique,faRmakoloZik
philatélie,filateli
phosphatase,fOsfataz
phosphorescence,fOsfoRes@s
photojournalisme,fOtoZuRnalism
phototaxie,fOtotaksi
photoélectrique,fotoelEktRik
phrase-clé,fRazkle
phraséologie,fRazeoloZi
phénicien,fenisj5
phénoménologique,fenomenoloZik
pied-de-poule,pjed°pul
pifomètre,pifomEtR
pigne,piN
pilastre,pilastR
pinacle,pinakl
pinaillage,pinajaZ
pinailleur,pinaj9R
pingrerie,p5gR°Ri
pinéal,pineal
pipa,pipa
pipée,pipe
piquage,pikaZ
piquouse,pikuz
piquouze,pikuz
pissoir,piswaR
pistache,pistaS
pistil,pistil
pistolet-mitrailleur,pistolEmitRaj9R
pisé,pize
pitchoun,pitSun
piu,piu
pizzaiolo,pidzajOlo
piétonnier,pjetonje
plaidable,plEdabl
plaisamment,plEzam@
plastronner,plastRone
playon,plEj§
pleurnicherie,pl9RniS°Ri
pleyel,plEjEl
plissement,plis°m@
plum-pudding,plumpudiG
plumée,plyme
plus-que-parfait,plysk°paRfE
plutonien,plytonj5
pluviométrie,plyvjometRi
pléistocène,pleistosEn
plésiosaure,plezjozoR
pneus-neige,pn2nEZ
pochade,poSad
pochard,poSaR
poids-lourds,pwaluR
point-clé,pw5kle
poiroter,pwaRote
poisson-globe,pwas§glOb
poitrinaire,pwatRinER
poivré,pwavRe
polissoir,poliswaR
polymorphie,polimORfi
polyphonie,polifoni
polyvalent,polival@
ponctuer,p§kt8e
pontifiant,p§tifj@
populisme,popylizm
porte-bagages,pORtbagaZ
porte-bébé,pORtbebe
porte-clef,pORt°kle
posemètre,poz°mEtR
post-hypnotique,pOstipnotik
poste-clé,pOst°kle
postproduction,pOstpRodyksj§
poter,pOte
poterne,potERn
poudreux,pudR2
poudré,pudRe
pousse-au-crime,pusokRim
pousseur,pus9R
poussif,pusif
poussoir,puswaR
presse-citron,pREssitR§
pressuriser,pREsyRize
primitivement,pRimitiv°m@
prismatique,pRismatik
privatif,pRivatif
procaïne,pROkain
procès-test,pRosEtEst
professorat,pRofEsoRa
propagateur,pRopagat9R
prophase,pRofaz
propret,pRopRE
prospective,pROspEktiv
protectionnisme,pRotEksjonizm
protège-tibia,pRotEZtibja
proustien,pRustj5
prouvable,pRuvabl
prussik,pRysik
prèle,pREl
préchauffage,pReSofaZ
préciosité,pResjozite
précolombien,pRekol§bj5
prédestiné,pRedEstine
prédit,pRedi
préjuger,pReZyZe
préméditer,pRemedite
préside,pRezid
président-directeur,pRezid@diREkt9R
présidium,pRezidjOm
prétentaine,pRet@tEn
préteur,pRet9R
pschitt,pSit
psychiatre-conseil,psikjatRk§sEj
psychochirurgie,psikoSiRyRZi
psychométrique,psikOmetRik
psychopathie,psikOpati
psychorigide,psikoRiZid
pucher,pySe
pudibond,pydib§
pudiquement,pydik°m@
pulpeux,pylp2
puncheur,p9nS9R
purgation,pyRgasj§
purulence,pyRyl@s
pustuleux,pystyl2
putréfier,pytRefje
pylore,pilOR
pyroclastique,piRoklastik
pythie,piti
pâteux,pat2
pâturin,patyR5
pèse-personne,pEzpERsOn
pénien,penj5
pénologie,penOlOZi
périgée,peRiZe
pétochard,petoSaR
pétrel,petREl
pétrolette,petRolEt
pétulance,petyl@s
quadrangulaire,kwadR@gylER
quadri,kadRi
quadrimoteur,kwadRimot9R
quadripartite,kwadRipaRtit
quadriphonie,kwadRifoni
quakeresse,kwEk°REs
quantième,k@tjEm
quarante-huitième,kaR@t8itjEm
quart-monde,kaRm§d
quarto,kwaRto
quasi-chômage,kaziSomaZ
quasi-inconnu,kazi5kony
quasi-instantanée,kazi5st@tane
quasi-émeute,kaziem2t
quatre-vingt-dix-huit,katR°v5diz8it
quatre-vingt-huit,katR°v58it
quatre-vingt-un,katR°v51
question-clé,kEstj§kle
question-réponse,kEstj§Rep§s
quintolet,k85tOlE
quémandeur,kem@d9R
racialement,Rasjal°m@
racontar,Rak§taR
racornir,RakORniR
radicalisme,Radikalizm
radinerie,Radin°Ri
radiocassette,RadjokasEt
radioguidage,RadjogidaZ
radiotéléphone,RadjotelefOn
radoteur,Radot9R
ragaillardir,RagajaRdiR
rajeunissant,RaZ9nis@
rajuster,RaZyste
ramasse-miettes,RamasmjEt
ramasse-poussière,RamaspusjER
ramassé,Ramase
ramonage,RamonaZ
ranci,R@si
rapatrié,RapatRije
rapporteur,RapORt9R
rapprendre,RapR@dR
rapsodie,Rapsodi
raréfié,RaRefje
ratafia,Ratafja
ratiocination,Rasjosinasj§
rational,RasjOnal
ravigotant,Ravigot@
ravigoter,Ravigote
rebattu,R°baty
reblochon,R°bloS§
rebonjour,R2b§ZuR
rebrosser,R2bROse
rebutant,R°byt@
rebuter,R°byte
rechargeable,R°SaRZabl
rechasser,R°Sase
reconfiguration,R°k§figyRasj§
reconvoquer,R2k§vOke
recueilli,R°k9ji
recuire,R°k8iR
reformation,R°fORmasj§
regrettablement,R°gREtabl°m@
relative,R°lativ
relativiste,R2lativist
relayeur,R2lej9R
remixer,R2mikse
remonte-pente,R°m§tp@t
remorqueur,R°mORk9R
remouiller,R°muje
remémoration,R2memORasj§
reniement,R°nim@
replacement,R°plas°m@
repoussage,R°pusaZ
respectif,REspEktif
ressemeler,R°s°m°le
resserré,R°seRe
retailler,R°taje
retentissement,R°t@tis°m@
retombant,R°t§b@
revalider,R°valide
revaloriser,R°valoRize
reverdir,R°vERdiR
rhododendron,Rodod5dR§
rhyolite,Riolit
rhythm'n'blues,RitmEnbluz
ribouldingue,Ribuld5g
richelieu,RiS°lj2
rifle,Rifl
rimeur,Rim9R
rinker,Rinke
rober,RObe
ronchonneur,R§Son9R
rondache,R§daS
rondeau,R§do
ronéo,Roneo
rostre,ROstR
rotateur,Rotat9R
rototo,ROtOto
roturier,RotyRje
rougissant,RuZis@
roulage,RulaZ
roussir,RusiR
rupteur,Rypt9R
rusticité,Rystisite
rythmiquement,Ritmik°m@
réassurer,ReasyRe
récapitulatif,Rekapitylatif
récitant,Resit@
réconciliateur,Rek§siljat9R
réendosser,Re@dose
réf,Ref
réflexologie,ReflEksoloZi
référent,RefeR@
régénérescence,ReZeneREs@s
réhabilité,Reabilite
réimpression,Re5pREsj§
réinjecter,Re5ZEkte
réinstaurer,Re5stORe
rémanent,Reman@
rémora,RemORa
rémoulade,Remulad
rémouleur,Remul9R
répudiation,Repydjasj§
résilience,Rezilj@s
réséda,Rezeda
réticulaire,RetikylER
réticule,Retikyl
rétinite,Retinit
rétinopathie,Retinopati
rétrofusée,RetRofyze
révulser,Revylse
révulsion,Revylsj§
réétudier,Reetydje
rêne,REn
sabordage,sabORdaZ
sacculine,sakylin
sacro-iliaque,sakRoiljak
sadomasochisme,sadomazoSizm
saducéen,sadyse5
saigneur,sEN9R
salant,sal@
salissure,salisyR
salmonellose,salmonEloz
salvateur,salvat9R
san francisco,s@fR@sisko
sandiniste,s@dinist
saponite,saponit
satelliser,satElize
satellitaire,satElitER
sati,sati
satisfecit,satisfesit
satrape,satRap
saupoudrage,sopudRaZ
saupoudreur,sopudR9R
saura,soRa
sautillant,sotij@
sauvagesse,sovaZEs
savater,savate
savonneux,savon2
schah,Sa
schlass,Slas
schlinguer,Sl5ge
schnoque,SnOk
schtroumf,StRumf
scientisme,sj@tism
sclérosé,skleRoze
scopolamine,skopolamin
scratcher,skRatSe
scrofule,skRofyl
scrofuleux,skRofyl2
secoueur,s°kw9R
seersucker,siRs9k9R
self-made-man,sElfmEjdman
sellier,selje
semblance,s@bl@s
semi-conducteur,s°mik§dykt9R
semi-lunaire,s°milynER
serti,sERti
servilement,sERvil°m@
sexagénaire,seksaZenER
shintoïste,S5toist
shunter,S1te
sibyllin,sibil5
sicle,sikl
sidaïque,sidaik
sidérer,sideRe
signifié,siNifje
simien,simj5
sinistré,sinistRe
sismologie,sismoloZi
sixte,sikst
skeet,skit
social-démocratie,sosjaldemokRasi
socquette,sokEt
sodique,sOdik
somnambulique,sOmn@bylik
soubassement,subas°m@
soufflant,sufl@
souffreteux,sufR°t2
soufi,sufi
soulevé,sul°ve
sous-genre,suZ@R
sous-locataire,sulOkatER
sous-préfet,supRefE
sous-secteur,susekt9R
souvlaki,suvlaki
spadassin,spadas5
spasmophile,spasmofil
spermicide,spERmisid
spetsnaz,spEtsnaz
sphygmomanomètre,sfigmomanomEtR
spinnaker,spinak°R
spirite,spiRit
spirochète,spiROSEt
sportivité,spORtivite
sprinkler,spRinkl9R
spécification,spesifikasj§
spéculatif,spekylatif
spéléologie,speleoloZi
stabilisant,stabiliz@
staccato,stakato
stalinien,stalinj5
steeple-chase,stip°ltSEjz
stipulé,stipyle
stomie,stOmi
strabisme,stRabizm
stratosphérique,stRatosfeRik
stridulation,stRidylasj§
stuka,styka
sténodactylo,stenodaktilo
sténographique,stenogRafik
sténotypiste,stenotipist
stéréoscopique,steReoskopik
suavité,s8avite
subcellulaire,sypsElylER
subculture,sybkyltyR
sublimement,syblim°m@
subreptice,sybREptis
subrogation,sybRogasj§
subséquent,sybsek@
subventionné,sybv@sjone
successoral,syksesoRal
sudoripare,sydoRipaR
suggestibilité,sygZEstibilite
sulfamide,sylfamid
sulfuré,sylfyRe
sultanat,syltana
sumérien,symeRj5
sunna,syna
super-espion,sypEREspj§
supercarburant,sypERkaRbyR@
superlatif,sypERlatif
superposition,sypERpozisj§
supporteur,sypORt9R
suppurer,sypyRe
suralimenter,syRalim@te
suranné,syRane
surclasser,syRklase
surconsommation,syRk§sOmasj§
surcoût,syRku
surentraîné,syR@tREne
surexposition,syREkspozisj§
surgeon,syRZ§
suriner,syRine
surplombant,syRpl§b@
survenue,syRv°ny
survolteur,syRvOlt9R
synchronique,s5kRonik
syndicaliser,s5dikalize
synergique,sinERZik
sécréter,sekRete
sélectionné,selEksjone
sélénite,selenit
sémitique,semitik
sépia,sepja
séquentiel,sek@sjEl
sérosité,seRozite
tablée,table
tachéomètre,takeomEtR
taiseux,tEz2
talquer,talke
tamisé,tamize
tamouré,tamuRe
tamponnage,t@ponaZ
tamponneur,t@pon9R
tangon,t@g§
tapenade,tap°nad
tarauder,taRode
tarse,taRs
tatami,tatami
taxation,taksasj§
taxé,takse
teenager,tinedz9R
tefillin,tefj5
temporisation,t@poRizasj§
tempétueux,t@pet82
tenseur,t@s9R
tensiomètre,t@sjomEtR
terminateur,tERminat9R
terra incognita,tERainkOgnita
terraplane,tERaplan
terril,tERi
terrorisant,tERoRiz@
tesla,tEsla
thessalien,tEsalj5
thyroxine,tiROksin
thyroïde,tiRoid
théiste,teist
théâtralement,teatRal°m@
tie-break,tajbREk
tire-au-cul,tiRoky
tire-d'aile,tiRdEl
tire-laine,tiRlEn
toise,twaz
toltèque,tOltEk
tonal,tonal
tonie,toni
topinambour,topin@buR
torpillé,tORpije
torrentiel,toR@sjEl
torréfaction,toRefaksj§
tortillement,tORtij°m@
torve,tORv
toss,tOs
toue,tu
touer,twe
touque,tuk
tourmenteur,tuRm@t9R
tournebroche,tuRn°bROS
tournoyant,tuRnwaj@
tourtière,tuRtjER
trabuco,tRabyko
trachome,tRakom
trachée-artère,tRaSeaRtER
training,tREjniG
trajectographie,tRaZEktogRafi
transférable,tR@sfeRabl
transplanté,tR@spl@te
transvestisme,tR@svEstism
trapézoïdal,tRapezoidal
traumatologue,tRomatolOg
trave,tRav
traçabilité,tRasabilite
traînailler,tREnaje
treillard,tREjaR
trembloter,tR@blote
tremblé,tR@ble
trente-sixième,tR@tsizjEm
triasique,tRijasik
trichloréthylène,tRikloRetilEn
tricératops,tRiseRatOps
trilobite,tRilobit
trimmer,tRim9R
tripoteur,tRipot9R
trochanter,tROk@tER
trois-quatre,tRwakatR
troufignon,tRufiN§
trouveur,tRuv9R
truculent,tRykyl@
truisme,tR8izm
truqueur,tRyk9R
truster,tR9ste
tryptophane,tRiptofan
tréma,tRema
trépigner,tRepiNe
trésorier-payeur,tRezoRjepEj9R
tubercule,tybERkyl
tumultueusement,tymylt82z°m@
typer,tipe
télescopage,telEskopaZ
téléavertisseur,teleavERtis9R
télégénique,teleZenik
télémètre,telemEtR
téléski,teleski
tétrodotoxine,tetROdotOksin
tête-bêche,tEtbES
unitarien,ynitaRj5
upanishad,ypaniSa
uraniste,yRanist
urdu,yRdy
urgentissime,yRZ@tisim
urémique,yRemik
usager,yzaZe
vacancier,vak@sje
vachette,vaSEt
vae victis,vaeviktis
vaguelette,vag°lEt
valentinien,val@tinj5
valgus,valgys
varia,vaRja
variateur,vaRjat9R
vascularisé,vaskylaRize
vaudouisme,voduizm
vendable,v@dabl
ventrebleu,v@tR°bl2
venté,v@te
ver,vER
verdi,vERdi
vergence,vERZ@s
vermillon,vERmij§
versatilité,vERsatilite
verseau,vERso
vert-de-gris,vERd°gRi
vert-jaune,vERZon
viandox,vj@dOks
vicissitude,visisityd
victoria,viktoRja
vidéo-club,videokl9b
vidéoclip,videoklip
ville-champignon,vilS@piN§
vioque,vjOk
vishnouisme,viSnuism
visserie,vis°Ri
vitupérer,vitypeRe
vivoter,vivote
vocable,vokabl
vocalisation,vokalizasj§
vocaliste,vokalist
voiturer,vwatyRe
vol-au-vent,volov@
volailler,volaje
volcanologue,vOlkanolOg
volumétrique,volymetRik
vomitoire,vomitwaR
vox populi,vOkspopyli
vrombir,vR§biR
véhément,veem@
vélin,vel5
vélum,velOm
vénalité,venalite
vénérien,veneRj5
vérifieur,veRifj9R
vérolé,veRole
vétusté,vetyste
wali,wali
wapiti,wapiti
way of life,wEjOflajf
weltanschauung,vEltanSawuG
wildcat,wajldkat
world music,w9Rldmjuzik
yachtman,jOtman
yeuse,j2z
zanzi,z@zi
zapping,zapiG
zombification,z§bifikasj§
zoologue,zoolOg
zoreille,zOREj
zyeuter,zj2te
zélote,zelOt
à la saint-glinglin,alas5gl5gl5
à notre encontre,anOtR@k§tR
à ton encontre,at§n@k§tR
âgisme,aZism
ânonner,anone
ébahir,ebaiR
écaillé,ekaje
écartèlement,ekaRtEl°m@
échalier,eSalje
éclisse,eklis
édulcorer,edylkoRe
égrener,egR°ne
éjaculateur,eZakylat9R
électrification,elEktRifikasj§
électro-aimant,elEktRoEm@
électrochimie,elEktRoSimi
électrochimique,elEktRoSimik
électroencéphalographie,elEktRo@sefalOgRafi
élingue,el5g
élisabéthain,elizabet5
éléphanteau,elef@to
éléphantesque,elef@tEsk
émancipateur,em@sipat9R
émasculation,emaskylasj§
énurésie,enyRezi
épandeur,ep@d9R
épaté,epate
épaulette,epolEt
éperlan,epERl@
épididyme,epididim
épieux,epj2
épisser,epise
érailler,eRaje
érectile,eREktil
étendage,et@daZ
étendoir,et@dwaR
éventration,ev@tRasj§
évidé,evide
a posteriori,apOsteRjoRi
aa,aa
ab initio,abinisjo
abaca,abaka
abalone,abalOn
abasourdir,abazuRdiR
abasourdissant,abazuRdis@
abducteur,abdykt9R
ablution,ablysj§
abominablement,abominabl°m@
abortif,abORtif
aboyant,abwaj@
abritant,abRit@
abrogé,abRoZe
absentéiste,aps@teist
abstentionniste,apst@sjonist
abêtir,abetiR
acadien,akadj5
académiquement,akademik°m@
accenteur,aks@t9R
accentué,aks@t8e
accompagnant,ak§paN@
accordo,akORdo
accort,akOR
accotement,akOt°m@
accouder,akude
acculturation,akyltyRasj§
acculé,akyle
accusatoire,akyzatwaR
acetabulum,asetabylOm
achalandé,aSal@de
achaler,aSale
achillée,akile
achoppement,aSOp°m@
achopper,aSOpe
acmé,akme
acrobatiquement,akRobatik°m@
acromion,akRomj§
acrylonitrile,akRilonitRil
actine,aktin
actionnariat,aksjOnaRja
actionnement,aksjOn°m@
actionneur,aksjOn9R
actuation,akt8asj§
addendum,ad5dOm
additif,aditif
adducteur,adykt9R
adent,ad@
adjectif,adZEktif
admonester,admonEste
admonition,admonisj§
adon,ad§
adorant,adoR@
adoubement,adub°m@
adouber,adube
adoucissement,adusis°m@
adressage,adResaZ
adultérin,adylteR5
adénine,adenin
adénopathie,adenopati
adénovirus,adenoviRys
affacturage,afaktyRaZ
affairiste,afeRist
affalement,afal°m@
affectionné,afEksjone
affectivité,afEktivite
afficheur,afiS9R
affidé,afide
affilier,afilje
affinement,afin°m@
affublé,afyble
affûteur,afyt9R
afrikaans,afRik@s
afro-asiatique,afRoazjatik
afro-cubain,afRokyb5
agapanthe,agap@t
agate,agat
agglutination,aglytinasj§
aggrave,agRav
aggravée,agRave
agioteur,aZjot9R
agitant,aZit@
agonique,agonik
agonir,agoniR
agouti,aguti
agranulocytose,agRanylositoz
agroalimentaire,agRoalim@tER
agrume,agRym
aguichage,agiSaZ
aguiche,agiS
ahou,au
aide-jardinier,EdZaRdinje
aigrir,egRiR
aiguillée,eg8ije
aiguisoir,egizwaR
ailette,ElEt
ailler,aje
airbus,ERbys
airedale,ERdEl
aisseau,Eso
ajustage,aZystaZ
akkadienne,akadjEn
akvavit,akvavit
alacrité,alakRite
albanophone,albanofOn
albe,alb
alcibiade,alsibjad
aldéhyde,aldeid
alevin,al°v5
alexie,alEksi
alezan,al°z@
alise,aliz
alitement,alit°m@
allergène,alERZEn
allitératif,aliteRatif
allochtone,alOktOn
allogreffe,alOgREf
allostérique,alOsteRik
alluvion,alyvj§
allèle,alEl
alphabétisé,alfabetize
alternant,altERn@
alterne,altERn
alterné,altERne
althaea,altea
altérable,alteRabl
aluette,al8Et
alèse,alEz
amadou,amadu
amandine,am@din
ambrer,@bRe
ambré,@bRe
amenuiser,am2n8ize
amine,amin
aminophylline,aminofilin
amnistié,amnistje
amoindrissement,amw5dRis°m@
amok,amOk
amonceler,am§s°le
amont,am§
ampli-tuner,@plitjyn9R
ampère,@pER
ampérage,@peRaZ
amé,ame
américaniser,ameRikanize
américano,ameRikano
américano-britannique,ameRikanobRitanik
américano-russe,ameRikanoRys
anabaptiste,anabatist
anabolisant,anabOliz@
analgésie,analZezi
analytiquement,analitik°m@
anarchiquement,anaRSik°m@
anarchisant,anaRSiz@
ancestralement,@sEstRal°m@
anecdotier,anEkdotje
angiocholite,@ZjokOlit
angler,@gle
angliciser,@glisize
anglo-allemand,@gloal°m@
anglo-américain,@gloameRik5
anglo-chinois,@gloSinwa
anglo-français,@glofR@sE
anglo-russe,@gloRus
anglophobe,@glofOb
angor,@gOR
angström,@gStR2m
angéite,@Zeit
aniline,anilin
animalité,animalite
animaux-espions,animoEspj§
anionique,anjOnik
annulaire,anylER
anobli,anobli
anoblir,anobliR
anophèle,anofEl
anosmique,anOsmik
anthonome,@tOnOm
anthracose,@tRakoz
anthracène,@tRasEn
anthraquinone,@tRakinOn
anthropologiquement,@tRopoloZik°m@
anthropomorphe,@tRopomORf
anthropomorphiser,@tROpOmORfize
anthropomorphisme,@tRopomORfizm
anti-allergie,@tialERZi
anti-anatomique,@tianatomik
anti-asthmatique,@tiasmatik
anti-beauf,@tibof
anti-braquage,@tibRakaZ
anti-cellulite,@tisElylit
anti-colère,@tikolER
anti-conformisme,@tik§fORmizm
anti-conformiste,@tik§fORmist
anti-crash,@tikRaS
anti-criminalité,@tikRiminalite
anti-desperado,@tidEspeRado
anti-drague,@tidRag
anti-femme,@tifam
anti-fusionnel,@tifyzjonEl
anti-féministe,@tifeminist
anti-g,@tiZe
anti-gerce,@tiZERs
anti-graffiti,@tigRafiti
anti-gros,@tigRo
anti-hypertenseur,@tiipERt@s9R
anti-inertie,@tiinERsi
anti-infectieux,@ti5fEksj2
anti-insecte,@ti5sEkt
anti-insurrectionnel,@ti5syREksjonEl
anti-mafia,@timafja
anti-manipulation,@timanipylasj§
anti-militariste,@timilitaRist
anti-nausée,@tinoze
anti-navire,@tinaviR
anti-odeur,@tiod9R
anti-particule,@tipaRtikyl
anti-patriote,@tipatRiOt
anti-piratage,@tipiRataZ
anti-pirate,@tipiRat
anti-psychotique,@tipsikotik
anti-religion,@tiR°liZj§
anti-romantique,@tiRom@tik
anti-rouille,@tiRuj
anti-somnolence,@tisomnol@s
anti-syndical,@tis5dikal
anti-sèche,@tisES
anti-tension,@tit@sj§
anti-toux,@titu
anti-truie,@titR8i
anti-violence,@tivjol@s
anti-évasion,@tievazj§
antibruit,@tibR8i
anticastriste,@tikastRist
anticholinergique,@tikOlinERZik
anticonstitutionnellement,@tik§stitysjonEl°m@
anticyclique,@tisiklik
antidopage,@tidopaZ
antidémarrage,@tidemaRaZ
antiesclavagiste,@tiEsklavaZist
antifumée,@tifyme
antigravitation,@tigRavitasj§
antigravité,@tigRavite
antihygiénique,@tiiZjenik
antilogique,@tilOZik
antimicrobien,@timikRObj5
antimite,@timit
antimoine,@timwan
antiparasite,@tipaRazit
antipatriote,@tipatRijOt
antipelliculaire,@tipElikylER
antiprotéase,@tipROteaz
antipsychiatrie,@tipsikjatRi
antiquark,@tikwaRk
antirabique,@tiRabik
antisportif,@tispORtif
antistatique,@tistatik
antistress,@tistREs
antiterrorisme,@tit°RoRizm
antitussif,@titysif
antivariolique,@tivaRjOlik
antiémeute,@jem2t
antiémétique,@tiemetik
antédiluvien,@tedilyvj5
anuscopie,anyskOpi
apeurer,ap9Re
aphrodite,afROdit
aphteux,aft2
apis,apis
aplanissement,aplanis°m@
aplasie,aplazi
apocope,apokOp
apocryphe,apokRif
apologiste,apoloZist
aponévrotique,aponevROtik
apostasie,apostazi
apostropher,apostRofe
apparatchik,apaRatSik
appesantir,ap°z@tiR
applaudisseur,aplodis9R
appoggiature,apOdZjatyR
apposition,apozisj§
appréhensif,apRe@sif
appui-tête,ap8itEt°
après-repas,apRER°pa
apurer,apyRe
aquaculture,akwakyltyR
aquifère,akifER
aragonite,aRagOnit
araire,aRER
araldite,aRaldit
aramide,aRamid
araucaria,aRokaRja
arboricole,aRboRikOl
arboriculteur,aRboRikylt9R
arboriculture,aRboRikyltyR
archaïsme,aRkaizm
archi-connu,aRSikony
archi-mortels,aRSimORtEl
archi-nul,aRSinyl
archi-usé,aRSiyze
archicomble,aRSik§bl
archiprêtre,aRSipREtR
architecturalement,aRSitEktyRal°m@
ardin,aRd5
argumentateur,aRgym@tat9R
arithmétiquement,aRitmetik°m@
armoirie,aRmwaRi
armon,aRm§
aromate,aRomat
aromatiser,aRomatize
arpette,aRpEt
arrière-petit-neveu,aRjERp°tin°v2
arsouille,aRsuj
arthropathie,aRtROpati
arthroplastie,aRtROplasti
arthroscopie,aRtROskOpi
arthurien,aRtyRj5
artiche,aRtiS
artificialité,aRtifisjalite
artisanalement,aRtizanal°m@
artiste-peintre,aRtist2p5tR
artériole,aRteRjOl
artésien,aRtezj5
arçon,aRs§
as-rois,asRwa
asbeste,asbEst
asbestose,asbEstoz
ascensionner,as@sjone
asclépias,asklepja
ascorbique,askORbik
aseptique,asEptik
asexualité,asEksyalite
asiate,azjat
asociabilité,asosjabilite
asparagus,aspaRagys
aspartame,aspaRtam
aspartique,aspaRtik
asphalter,asfalte
aspidistra,aspidistRa
aspécifique,aspesifik
assembleur,as@bl9R
asservissant,asERvis@
assignement,asiN°m@
assommeur,asom9R
assourdi,asuRdi
assourdir,asuRdiR
assujettissant,asyZetis@
assurable,asyRabl
assurance-chômage,asyR@sSomaZ
assuétude,as8etyd
assyrien,asiRj5
astarté,astaRte
asti,asti
astiquage,astikaZ
astiqueur,astik9R
astreint,astR5
astrolabe,astRolab
astrologiquement,astROlOZik°m@
astrométrie,astRometRi
astroscope,astRoskOp
asynchrone,as5kRon
ataxie,ataksi
athéiste,ateist
athénée,atene
atonal,atonal
atonie,atoni
attaquable,atakabl
attaqueur,atak9R
atteignable,atENabl
attendrisseur,at@dRis9R
atterrant,atER@
atterré,ateRe
attesté,atEste
attifer,atife
attraction-vedette,atRaksj§v°dEt
attrapage,atRapaZ
attrape-mouche,atRapmuS
attristant,atRist@
atténuation,aten8asj§
atèle,atEl
atémi,atemi
aubade,obad
audiogramme,odjogRam
audiométrie,odjometRi
auditer,odite
aula,ola
aurai,oRE
aurifère,oRifER
autarcique,otaRsik
auto-immun,otoimm1
autoclave,otoklav
autoconservation,otok§sERvasj§
autocritiquer,otok°Ritike
autodidactique,otodidaktik
autodrome,otodRom
autodénigrement,otodenigR°m@
autofinancement,otofin@s°m@
autogire,otoZiR
autoguidé,otogide
autogène,otoZEn
autolyse,otoliz
automoteur,otomot9R
autopilote,otopilOt
autoplastie,otoplasti
autoproduit,otopRod8i
autopropulseur,otopROpyls9R
autopropulsé,otopRopylse
autoreproduction,otoRpROdyksj§
autoritairement,OtORitER°m@
autoroutière,otoRutjER
autorégulateur,otoRegylat9R
autosubsistance,otosybzist@s
autosuffisant,otosyfiz@
avachissement,avaSis°m@
avant-bec,av@bEk
avant-toit,av@twa
avant-train,av@tR5
avant-trou,av@tRu
avant-veille,av@vEj
avicole,avikOl
aviné,avine
avion-suicide,avj§s8isid
avion-école,avj§ekOl
avions-espions,avj§Espj§
avitailler,avitaje
avocette,avosEt
avorteur,avORt9R
avouable,avwabl
avunculaire,av§kylER
axial,aksjal
ayants droit,Ej@dRwa
aye-aye,ajaj
azimutal,azimytal
azoospermie,azoospERmi
azoture,azOtyR
azoïque,azOik
azygos,azigOs
aérateur,aeRat9R
aéro-club,aeRokl9b
aérofrein,aeRofR5
aérologie,aeROlOZi
aéronaute,aeRonot
aéropathie,aeROpati
aéropostale,aeRopOstal
aïoli,ajoli
bachoter,baSote
bactéricide,bakteRisid
bactériologiste,bakteRjOlOZist
bactériémie,bakteRjemi
badaud,bado
bader,bade
badine,badin
bafouillage,bafujaZ
bafouillant,bafuj@
bafouilleur,bafuj9R
bagou,bagu
bagouze,baguz
bailli,baji
balconnet,balkonE
balinais,balinE
baliste,balist
ballottine,balotin
balnéothérapie,balneoteRapi
balpeau,balpo
bambinette,b@binEt
bambocher,b@boSe
bancroche,b@kROS
bandothèque,b@dOtEk
banqueroutier,b@k°Rutje
bantu,b@tu
bar-hôtel,baRotEl
baragouineur,baRagwin9R
baraterie,baRat°Ri
barbeau,baRbo
barbette,baRbEt
barbichu,baRbiSy
barbouille,baRbuj
barbue,baRby
bardage,baRdaZ
barotraumatisme,baRotRomatism
barye,baRi
baryon,baRj§
baryté,baRite
bas-bleu,babl2
basse-fosse,basfos
bassette,basEt
baster,baste
batave,batav
bateau-mouche,batomuS
bateau-pilote,batopilOt
bathymètre,batimEtR
bathymétrique,batimetRik
bathysphère,batisfER
batée,bate
baud,bo
baudroie,bodRwa
baumier,bomje
bavasseur,bavas9R
bayer,baje
beau-parent,bopaR@
beaupré,bopRe
bec-de-cane,bEkd2kan
becquer,beke
behavioriste,beavjoRist
belligérance,bEliZeR@s
belligérant,beliZeR@
bellissime,bElisim
bellot,bElo
bengalais,b5galE
bengali,b5gali
benthique,b5tik
benzidine,b5zidin
benzine,b5zin
benzylique,b5zilik
berbère,bERbER
berce,bERs
berceur,bERs9R
bergeronnette,bERZ°RonEt
bernard-l'hermite,bERnaRlERmit
bernique,bERnik
besant,b°z@
besicles,bezikl
besson,bes§
beuark,b2aRk
bib,bib
bibliographique,biblijOgRafik
bicentenaire,bis@t°nER
bicuspide,bikyspid
bien-pensant,bj5p@s@
bienvenue,bj5v°ny
biffeton,bif°t§
bifide,bifid
bileux,bil2
bilharziose,bilaRzjoz
bimensuel,bim@s8El
bimestre,bimEstR
binocle,binOkl
biogénique,bjoZenik
biomécanisme,bjomekanizm
biorythme,bjoRitm
bioélectrique,bjoelEktRik
bipartisan,bipaRtiz@
biphényle,bifenil
birth control,b9Rsk§tROl
biréfringence,biRefR5Z@s
bisannuel,bizan8El
biscornu,biskORny
bisou-éclair,bizueklER
bissac,bisak
bisser,bise
bitoniau,bitonjo
bitumineux,bitymin2
bivalve,bivalv
blanc-seing,bl@s5
blaser,blaze
blastula,blastyla
blessing,blEsiG
bleu-noir,bl2nwaR
bloc-cylindres,blOksil5dR
bloc-moteur,blOkmot9R
bloom,blum
bloomer,blume
bloquant,blok@
bochiman,boSim@
body-building,bOdibildiG
bodybuilding,bOdibildiG
boer,b9R
boguer,boge
boitiller,bwatije
bolivien,bOlivj5
bolée,bole
bonard,bonaR
bondieusard,b§dj2zaR
bondrée,b§dRe
boni,boni
bonneteur,bOn°t9R
bora,boRa
borderie,bORd2Ri
bordée,bORde
bossage,bosaZ
bosselure,bOs°lyR
bostonien,bOstonj5
botaniquement,bOtanik°m@
bottelé,bOt°le
boucharder,buSaRde
bouddhique,budik
boudeur,bud9R
boudi,budi
bougonnement,bugOn°m@
bouillu,bujy
boulle,bul
bouloir,bulwaR
boulonnage,bulOnaZ
bouquineur,bukin9R
bourdonnant,buRdon@
bourgeonnant,buRZon@
bourlingue,buRl5g
bourrache,buRaS
bourre-mou,buRmu
bourrine,buRin
boursicoteur,buRsikot9R
boursoufler,buRsufle
boutonnant,buton@
bouvreuil,buvR9j
bovidé,bovide
brachiocéphalique,bRakjOsefalik
brai,bRE
braiement,bREm@
braillement,bRaj°m@
brailleur,bRaj9R
brame,bRam
bramer,bRame
brancarder,bR@kaRde
brandevin,bR@d°v5
branlement,bR@l°m@
bregma,bREgma
brette,bREt
brigadier-chef,bRigadjeSEf
brindezingue,bR5dz5g
bringuebaler,bR5g°bale
brinquebaler,bR5k°bale
briquette,bRikEt
brise-fer,bRizfER
brise-vent,bRizv@
brize,bRiz
brol,bROl
brome,bRom
broncho-pneumopathie,bR§kopn2mopati
bronchoscope,bR§kOskOp
brouillamini,bRujamini
broutard,bRutaR
brouteur,bRut9R
bruissant,bR8is@
brumisateur,bRymizat9R
bruni,bRyni
brûlot,bRylo
budgétisation,bydZetizasj§
bufo,bufo
bugne,byN
buisson-ardent,b8is§aRd@
bull-dog,buldOg
bullaire,bylER
bulot,bylo
buna,byna
bungalow,b1galo
bureautique,byRotik
buriner,byRine
buriné,byRine
burkinabé,byRkinabe
burundais,byRyndE
bushi,buSi
bushido,buSido
bute,byt
butineur,bytin9R
buttoir,bytwaR
buvant,byv@
bâcher,baSe
bâché,baSe
bâtardise,bataRdiz
bâtonner,batone
béarnais,beaRnE
béatement,beat°m@
bécassine,bekasin
bécher,beSe
bélître,belitR
bénignité,beniNite
bénédictin,benedikt5
béotien,beosj5
bésef,bezEf
bésicles,bezikl
bétoine,betwan
bézef,bezEf
bézoard,bezoaR
bêtatron,bEtatR§
bûcheur,byS9R
cabaretier,kabaR°tje
caboter,kabote
cabrer,kabRe
cacaotier,kakaotje
cacaoyer,kakawaje
cache-col,kaSkOl
cache-poussière,kaSpusjER
cachexie,kaSEksi
cachotterie,kaSOt°Ri
cachère,kaSER
caecum,sekOm
cafeteur,kaf°t9R
caféier,kafeje
cagette,kaZEt
cagna,kaNa
cagou,kagu
caguer,kage
cahot,kao
caillebotis,kaj°boti
caillette,kajEt
cajoleur,kaZol9R
calamine,kalamin
calao,kalao
calcifié,kalsifje
calcite,kalsit
calendaire,kal@dER
calendre,kal@dR
calfater,kalfate
calligraphe,kaligRaf
calligraphique,kaligRafik
calomel,kalomEl
calomniateur,kalOmnjat9R
caloporteur,kalopORt9R
camard,kamaR
cambiste,k@bist
camellia,kamelja
camerounais,kam°RunE
camus,kamy
caméra-espion,kameRaEspj§
canalisateur,kanalizat9R
canche,k@S
cancérologie,k@seROlOZi
canne-épée,kanepe
cannelure,kan°lyR
cannelé,kan°le
canonnage,kanonaZ
cantilever,k@til°ve
cantonade,k@tonad
capacités,kapasite
capilliculteur,kapilikylt9R
capilotade,kapilotad
capitanat,kapitana
capitonnage,kapitonaZ
capitonné,kapitone
capitulard,kapitylaR
cappa,kapa
caquetant,kak°t@
caractérisant,kaRakteRiz@
caractérisation,kaRakteRizasj§
carafon,kaRaf§
caramboler,kaR@bole
caraméliser,kaRamelize
carapater,kaRapate
caraïbe,kaRaib
carboné,kaRbone
carcinoïde,kaRsinOid
carde,kaRd
cardeur,kaRd9R
cardia,kaRdja
cardinal-archevêque,kaRdinalaRS2vEk
cardinalice,kaRdinalis
cardiographe,kaRdjOgRaf
cardiographie,kaRdjogRafi
cardite,kaRdit
carier,kaRje
carnavalesque,kaRnavalEsk
caroncule,kaR§kyl
carottier,kaRotje
carotène,kaRotEn
caroubier,kaRubje
carrier,kaRje
carriérisme,kaRjeRizm
carron,kaR§
cartomancie,kaRtom@si
cartésien,kaRtezj5
cary,kaRi
caréner,kaRene
casernement,kazERn°m@
casimir,kazimiR
cassable,kasabl
casse-cul,kasky
cassolette,kasolEt
castard,kastaR
castille,kastij
castrateur,kastRat9R
catabolique,katabOlik
catachrèse,katakREz
catafalque,katafalk
catastrophiste,katastRofist
cathexis,katEksi
cathétérisme,kateteRism
cation,katj§
catécholamine,katekOlamin
causal,kozal
cavaleur,kaval9R
cavum,kavOm
cayenne,kajEn
cellular,selylaR
cellules,selyl
cendrée,s@dRe
centrafricain,s@tRafRik5
centrifugation,s@tRifygasj§
centrifugeur,s@tRifyZ9R
centriste,s@tRist
cerf-roi,sERRwa
cessionnaire,sEsjonER
chaldéen,kalde5
challengeur,SalEndZ9R
chamaille,Samaj
chamailleur,Samaj9R
chambrière,S@bRijER
chamelier,Sam2lje
champignonnière,S@piNoNER
chancel,S@sEl
chansonner,S@sOne
chanterelle,S@t°REl
chantrerie,S@tR°Ri
chapeauter,Sapote
chapeauté,Sapote
charcutaille,SaRkytaj
charia,SaRja
charitablement,SaRitabl°m@
charleston,SaRlEstOn
charpenté,SaRp@te
charretée,SaR°te
chartre,SaRtR
chasse-pierres,SaspjER
chasselas,Sas°la
chastement,Sast°m@
chaussures,SosyR
chaut,So
chenet,S°nE
cherche-midi,SERSmidi
chevau-léger,S°voleZe
chiasma,kjasma
chiasme,kjasm
chic-type,Siktip
chichiteux,SiSit2
chicotin,Sikot5
chien-robot,Sj5Robo
chiens,Sj5
chiffrable,SifRabl
chiffreur,SifR9R
chiquement,Sik°m@
chiqueur,Sik9R
chisel,SizEl
chitine,Sitin
chleuh,Sl2
chlinguer,Sl5ge
chlorique,klORik
chloroplaste,kloRoplast
chloroquine,klOROkin
chloré,kloRe
choke,SOk
cholique,kOlik
chosifier,Sozifje
chouan,Sw@
chromage,kRomaZ
chromatique,kRomatik
chromatogramme,kROmatOgRam
chronographe,kRonogRaf
chronophotographique,kROnofOtOgRafik
chrysolite,kRizOlit
chrysolithe,kRizOlit
chrétien-démocrate,kRetj5demokRat
chuchotant,SySot@
chypriote,SipRijOt
chèche,SES
chélate,kelat
chômé,Some
ci-inclus,si5kly
cidrerie,sidR°Ri
cigarettier,sigaREtje
cinoque,sinOk
cinquantième,s5k@tjEm
cintrage,s5tRaZ
cintrer,s5tRe
cinématographiquement,sinematogRafik°m@
cipal,sipal
cipaye,sipaj
cirrhotique,siRotik
ciseler,siz°le
ciste,sist
citizen band,sitiz2nb@d
civadière,sivadjER
clabaudage,klabodaZ
clabauder,klabode
claie,klE
claire-voie,klERvwa
clairsemé,klERs°me
classico,klasiko
claude,klod
claudiquer,klodike
clavette,klavEt
clayonnage,klEjonaZ
clicher,kliSe
climatiser,klimatize
clin-d'oeil,kl5d9j
clinicien,klinisj5
clivage,klivaZ
cliver,klive
clochardisation,kloSaRdizasj§
cloche-pied,klOSpje
cloisonnement,klwazOn°m@
cloisonné,klwazone
clonique,klOnik
clopiner,klopine
close-up,kloz9p
closerie,kloz°Ri
clérical,kleRikal
co-avocat,koavoka
co-dépendance,kodep@d@s
co-production,kopRodyksj§
co-proprio,kopRopRio
co-responsable,koREsp§sabl
coassement,koas°m@
coati,koati
cobol,kobOl
cocardier,kokaRdje
cocasserie,kokas°Ri
cochlée,kokle
cochonceté,koS§s°te
cochonnée,kOSOne
cocufié,kokyfje
code-clé,kOdkle
codifier,kodifje
codon,kod§
coeliaque,seljak
coffio,kOfjo
coffrage,kofRaZ
cofinancement,kofin@s°m@
cofondé,kof§de
cogito,koZito
cognition,kOgnisj§
cogérant,koZeR@
cohabitant,kOabit@
coir,kwaR
col-de-cygne,kOld°siN
colectomie,kOlEktomi
collationnement,kolasjOn°m@
collectiviste,kolEktivist
colleuse,kol2z
colombin,kol§b5
colonisé,kolonize
colonoscopie,kOlOnOskOpi
colopathie,kolopati
colorectal,koloREktal
colostrum,kOlOstROm
colportage,kOlpORtaZ
colposcopie,kOlposkOpi
colée,kole
colérer,kOleRe
comestibilité,kOmEstibilite
comic book,kOmikbuk
comitadji,komitadZi
commandité,kom@dite
commettant,komEt@
communicant,komynik@
compactage,k§paktaZ
comparabilité,k§paRabilite
comparoir,k§paRwaR
compendium,k§p5djOm
compensé,k§p@se
complaisamment,k§plEzam@
componction,k§p§ksj§
comprador,k§pRadOR
compressible,k§pREsibl
compressé,k§pREse
compromissoire,k§pROmiswaR
concasser,k§kase
concaténation,k§katenasj§
conceptuellement,k§sEptyEl°m@
concertina,k§sERtina
concerté,k§sERte
conchier,k§Sje
conciliateur,k§siljat9R
concomitance,k§komit@s
concourant,k§kuR@
concrétion,k§kResj§
condenseur,k§d@s9R
condescendre,k§des@dR
condisciple,k§disipl
conductibilité,k§dyktibilite
condyle,k§dil
confessionnel,k§fEsjonEl
confire,k§fiR
conformation,k§fORmasj§
confraternel,k§fRatERnEl
confronté,k§fR§te
confusionnisme,k§fyzjonizm
congestionné,k§ZEstjone
congre,k§gR
congrégationaliste,k§gRegasjOnalist
conjoindre,k§Zw5dR
conjoncteur,k§Z§kt9R
conjonctive,k§Z§ktiv
conjurateur,k§ZyRat9R
conjuratoire,k§ZyRatwaR
connais,konE
connaissable,konEsabl
conservatisme,k§sERvatizm
consignataire,k§siNatER
consommable,k§somabl
constat,k§sta
constituant,k§stit8@
constriction,k§stRiksj§
constructivisme,k§stRyktivizm
containeur,k§tEn9R
contaminateur,k§taminat9R
contempteur,k§t@pt9R
contextualiser,k§tEkst8alize
contextuel,k§tEkstyEl
contingentement,k§t5Z@t°m@
continûment,k§tinym@
contourné,k§tuRne
contractile,k§tRaktil
contradicteur,k§tRadikt9R
contrat-type,k§tRatip
contre-emploi,k§tR@plwa
contre-indiqué,k§tR5dike
contre-réaction,k§tR°Reaksj§
contre-transfert,k§tR2tR@sfER
contrebasse,k§tR°bas
contrebassiste,k§tR°basist
contrefoutre,k§tR°futR
contremander,k§tR°m@de
contreproposition,k§tR°pRopozisj§
contrevallation,k§tR2valasj§
convalo,k§valo
convecteur,k§vEkt9R
convenant,k§v°n@
conventionnellement,k§v@sjonEl°m@
convers,k§vER
convict,k§vikt
convocable,k§vOkabl
convulsivement,k§vylsiv°m@
coolie-pousse,kulipus
cooptation,koOptasj§
coopter,koOpte
coopératisme,koopeRatism
copal,kOpal
copiable,kopjabl
copiage,kopjaZ
coppa,kOpa
coproculture,kOpROkyltyR
coproduire,kopRod8iR
coprésidence,kopRezid@s
coqueter,kOk°te
coquinet,kokinE
corallien,koRalj5
cordonner,kORdOne
cordée,kORde
cornemuseur,kORn°myz9R
cornue,kORny
coron,koR§
corporalité,kORpoRalite
corporatif,kORpoRatif
correspondancier,koREsp§d@sje
corrélatif,koRelatif
corréler,koRele
corseter,kORs2te
coryphène,koRifEn
costaricain,kOstaRik5
cotonnerie,kOtOn°Ri
cotonnière,kOtonjER
cou-de-pied,kud°pje
coudée,kude
coulure,kulyR
coumarine,kumaRin
countries,kawntRi
coupailler,kupaje
couperose,kup°Roz
coupler,kuple
coupon-cadeau,kup§kado
courbatu,kuRbaty
courbature,kuRbatyR
court-circuits,kuRsiRk8i
court-courrier,kuRkuRje
courtepointe,kuRt°pw5t
couteau-scie,kutosi
coutellerie,kutEl°Ri
couvade,kuvad
couvre-pied,kuvR°pje
couvre-pieds,kuvR°pje
covalent,koval@
coïncident,kO5sid@
crachouillis,kRaSuji
cracking,kRakiG
cradoque,kRadOk
crapaud-buffle,kRapobyfl
crapoter,kRapOte
crapoteux,kRapot2
crapouillot,kRapujo
crapulerie,kRapyl°Ri
crase,kRaz
crayeux,kREj2
creton,kR2t§
creuseur,kR2z9R
criminalistique,kRiminalistik
cristallerie,kRistal°Ri
critiquable,kRitikabl
croassant,kRoas@
croqueur,kROk9R
croquignolet,kRokiNolE
crossman,kROsman
croupi,kRupi
croupissant,kRupis@
croît,kRwa
crudité,kRydite
crustacé,kRystase
cryonique,kRijonik
cryotechnique,kRiotEknik
crypter,kRipte
cryptique,kRiptik
cryptogamique,kRiptogamik
cryptomère,kRiptomER
crânement,kRan°m@
crémant,kRem@
crémer,kReme
créolophone,kReOlOfOn
crépitation,kRepitasj§
crésol,kRezOl
crésus,kRezys
crésyl,kRezil
crétiniser,kRetinize
crétinisme,kRetinizm
crétois,kRetwa
cubital,kybital
cucurbite,kykyRbit
cucuterie,kykyt°Ri
cueillaison,k9jEz§
cuissard,k8isaR
cuivré,k8ivRe
cul-blanc,kybl@
cul-de-basse-fosse,kyd°basfos
cul-de-lampe,kyd°l@p
culpabilisant,kylpabiliz@
culpabilisation,kylpabilizasj§
cultural,kyltyRal
cumulard,kymylaR
cupronickel,kypRonikEl
cupule,kypyl
curariser,kyRaRize
cureter,kyR°te
curette,kyREt
custom,k9stOm
cyanobactérie,sjanobakteRi
cybermonde,sibERm§d
cycas,sikas
cyclamen,siklamEn
cycliquement,siklik°m@
cynips,sinips
cynocéphale,sinosefal
cynodrome,sinodRom
cyphoscoliose,sifoskOljoz
cyphose,sifoz
cystotomie,sistOtOmi
cytologie,sitoloZi
cytoplasmique,sitOplasmik
czardas,kzaRdas
câblier,kablije
cédant,sed@
cédrat,sedRa
cédule,sedyl
célestin,selEst5
cénobite,senobit
cénotaphe,senotaf
céphaline,sefalin
césar,sezaR
cétone,setOn
daba,daba
dadaïsme,dadaizm
dadaïste,dadaist
dal,dal
damasquinage,damaskinaZ
dame-jeanne,damZan
damnable,danabl
dangerosité,d@Z°Rozite
daron,daR§
datage,dataZ
dateur,dat9R
dauber,dobe
daubière,dobjER
daïquiri,dajkiRi
de guingois,d2g5gwa
deltoïde,dEltoid
demi-bas,d°miba
demi-cent,d2mis@
demi-coma,d2mikOma
demi-degré,d2mid2gRe
demi-finaliste,d2mifinalist
demi-gros,d°migRo
demi-mensonge,d2mim5s§Z
demi-monde,d°mim§d
demi-mort,d°mimOR
demi-part,d2mipaR
demi-pas,d2mipa
demi-plein,d2mipl5
demi-pouce,d2mipus
demi-queue,d°mik2
demi-solde,d°misOld
demi-volte,d2mivOlt
dendrite,d@dRit
densimètre,d@simEtR
deo gratias,deogRatja
derechef,d°R°SEf
dermeste,dERmEst
dernière-née,dERnjERne
desceller,desEle
descenseur,des@s9R
despote,despOt
desquamation,deskwamasj§
desquelles,dekEl
desserrage,desERaZ
dessouler,desule
dessous-de-bras,d°sud°bRa
dessous-de-verre,d°sud°vER
desséchant,deseS@
deux-points,d2pw5
devineur,d2vin9R
dexaméthasone,dEgzametazOn
diable,djabl
diachronique,djakRonik
diacétylmorphine,diasetilmORfin
diagnose,djagnoz
diagnostiqueur,djagnOstik9R
diagonalement,djagonal°m@
dialogique,djaloZik
dialyser,djalize
diamine,djamin
diamorphine,djamORfin
diarrhéique,djaReik
diatomée,djatome
dichroïque,dikROik
dieu-roi,dj2Rwa
diffamé,difame
difracter,difRakte
digit,diZit
dilatateur,dilatat9R
diligenter,diliZ@te
dimensionnement,dim@sjOn°m@
dionysien,djonizj5
diplodocus,diplodokys
dipsomane,dipsOman
dipsomanie,dipsOmani
diptyque,diptik
dipôle,dipol
directorat,diREktoRa
directorial,diREktoRjal
discernable,disERnabl
discographie,diskOgRafi
discoureur,diskuR9R
discriminant,diskRimin@
disgracier,disgRasje
disharmonie,dizaRmoni
disparaissant,dispaREs@
dispatcher,dispatSe
dispensable,disp@sabl
dispersement,dispERs°m@
dispersif,dispERsif
disque-jockey,diskZokE
disruptif,disRyptif
disruption,disRypsj§
dissimiler,disimile
dissimulateur,disimylat9R
dissipateur,disipat9R
dissolvant,disOlv@
disséqueur,disek9R
distanciation,dist@sjasj§
distordre,distORdR
dithyrambique,ditiR@bik
diverger,divERZe
diviseur,diviz9R
diéthylénique,djetilenik
diététiste,djetetist
dodelinant,dod°lin@
doline,dOlin
dolique,dOlik
donquichottisme,d§kiSOtizm
doping,dOpiG
doppler,dOplER
dorique,doRik
doryphore,doRifOR
dos-d'âne,dodan
douaire,dwER
doublard,dublaR
double-cliquer,dubl2klike
double-croche,dubl2kROS
double-fond,dubl2f§
doublonner,dublone
douce,dus
doucette,dusEt
doucine,dusin
dressing-room,dResiGRum
dressoir,dREswaR
drill,dRil
droitement,dRwat°m@
drome,dRom
dronte,dR§t
droséra,dRozeRa
drège,dREZ
drépanocytose,dRepanOsitoz
drôlet,dRolE
dualiste,d8alist
ducasse,dykas
ductile,dyktil
duffel-coat,d9f9lkOwt
dugong,dyg§
dumper,d9mp9R
duodénal,d8odenal
duopole,d8OpOl
dupeur,dyp9R
duplex,dyplEks
duplice,dyplis
durabilité,dyRabilite
durcissement,dyRsis°m@
dynamométrique,dinamometRik
dynastique,dinastik
dyscinésie,disinezi
dyscrasie,diskRazi
dysménorrhée,dismenORe
dyspepsique,dispEpsik
dysphonie,disfOni
dysurie,dizyRi
déambulant,de@byl@
déambulateur,de@bylat9R
déambulation,de@bylasj§
débagouler,debagule
débattue,debaty
débaucheur,deboS9R
débecter,debEkte
débite,debit
déblayeur,deblEj9R
débogage,debOgaZ
déboisement,debwaz°m@
déboiser,debwaze
débouchage,debuSaZ
débouchoir,debuSwaR
débours,debuR
déboursement,debuRs2m@
déboussoler,debusole
déboîtement,debwat°m@
débrayer,debReje
débroussaillage,debRusajaZ
décabosser,dekabOse
décachetage,dekaS°taZ
décaissement,dekEs°m@
décalcification,dekalsifikasj§
décalcomanies,dekalkomani
décalogue,dekalOg
décanteur,dek@t9R
décapage,dekapaZ
décapoté,dekapOte
décennal,desenal
décentrement,des@tR2m@
déchiffreur,deSifR9R
déchiqueteur,deSik°t9R
déchoir,deSwaR
déchouer,deSue
déci,desi
décigramme,desigRam
décile,desil
décimalisation,desimalizasj§
décimalité,desimalite
décimateur,desimat9R
décimètre,desimEtR
décision-clé,desizj§kle
déclamatoire,deklamatwaR
déclivité,deklivite
décoinçage,dekw5saZ
décollation,dekolasj§
décolleter,dekOl°te
décolorant,dekoloR@
décompensation,dek§p@sasj§
décomposeur,dek§poz9R
décomprimer,dek§pRime
déconditionner,dek§disjone
déconfire,dek§fiR
décongestif,dek§ZEstif
décongestion,dek§ZEstj§
déconsidération,dek§sideRasj§
déconsidérer,dek§sideRe
déconstiper,dek§stipe
décorner,dekORne
décortication,dekORtikasj§
découplage,dekuplaZ
découpler,dekuple
découpure,dekupyR
décriminaliser,dekRiminalise
décroissance,dekRwas@s
décroissant,dekRwas@
décrotter,dekRote
décrédibiliser,dekRedibilize
décrêper,dekREpe
décérébrer,deseRebRe
dédaigneusement,dedEN2z°m@
dédire,dediR
défalquer,defalke
défausser,defose
défectif,defEktif
défectuosité,defEkt8ozite
défens,def@
défibreur,defibR9R
déficeler,defis°le
défigurement,defigyR°m@
défilement,defil°m@
déflationniste,deflasjOnist
défloration,defloRasj§
défoliant,defOlj@
défragmenteur,defRagm@t9R
défrisage,defRizaZ
défroisser,defRwase
défécation,defekasj§
déféminiser,defeminize
dégazer,degaze
dégelée,deZ°le
déglacer,deglase
dégobillage,degobijaZ
dégommage,degomaZ
dégonflage,deg§flaZ
dégonflard,deg§flaR
dégonflement,deg§fl2m@
dégoulinement,degulin°m@
dégoupiller,degupije
dégradable,degRadabl
dégrafeur,degRaf9R
dégraissant,degREs@
dégrossir,degRosiR
dégrossissage,degRosisaZ
déguenillé,dEg°nije
dégueulassement,deg2las°m@
déjà-vu,deZavy
délayage,delEjaZ
délibératoire,delibeRatwaR
démantibuler,dem@tibyle
démaquillage,demakijaZ
démarier,demaRje
démasquage,demaskaZ
dématérialisation,demateRjalizasj§
déminer,demine
démis,demi
démocratisation,demokRatizasj§
démocratiser,demokRatize
démonomanie,demonomani
démonstrativement,dem§stRativ°m@
démoralisateur,demORalizat9R
démotivation,demotivasj§
démunir,demyniR
démâter,demate
démêlage,demElaZ
dénatalité,denatalite
dénazifier,denazifje
déneigement,denEZ°m@
dénervation,den2Rvasj§
dénigrant,denigR@
dénominatif,denominatif
dépareillé,depaREje
déparer,depaRe
dépassant,depas@
dépersonnaliser,depERsonalize
dépeçage,dep°saZ
dépigmentation,depigm@tasj§
dépliant,deplij@
déplisser,deplise
déplorablement,deploRabl°m@
dépoli,depoli
dépoudrer,depudRe
dépouillage,depujaZ
dépoussiérage,depusjeRaZ
dépuceleur,depys°l9R
députer,depyte
dépénaliser,depenalize
déqualifier,dekalifje
dérayer,deReje
dérivant,deRiv@
dérogatoire,deROgatwaR
dérouleur,deRul9R
déroutage,deRutaZ
déréglage,deReglaZ
déréguler,deRegyle
déréliction,deReliksj§
désaccoupler,dezakuple
désadopter,dezadOpte
désaminase,dezaminaz
désastreusement,dezastR2z°m@
désembrouiller,dez@bRuje
désenrouler,dez@Rule
déshonnête,dezonEt
déshumaniser,dezymanize
désincarcération,dez5kaRseRasj§
désincarnation,dez5kaRnasj§
désincruster,dez5kRyste
désinformer,dez5fORme
désinsectiser,dez5sEktize
désintellectualiser,dez5tElEktyalize
désobliger,dezobliZe
désorbitation,dezORbitasj§
désorganisation,dezORganizasj§
désossage,dezosaZ
désossement,dezOs°m@
désosseur,dezos9R
désoxygénation,dezOksiZenasj§
désoxyribonucléique,dezOksiRibonykleik
déstructurer,destRyktyRe
désynchronisation,des5kROnizasj§
détalonner,detalOne
détaxe,detaks
détective-conseil,detEktivk§sEj
dételage,det°laZ
déterrage,detERaZ
détracteur,detRakt9R
détraquement,detRak°m@
détrônement,detRon°m@
dévalorisation,devaloRizasj§
développée,dev°lope
déventer,dev@te
déversant,devERs@
déviance,devj@s
dévissable,devisabl
dévitalisation,devitalizasj§
dévonien,devonj5
dîner,dine
dîneur,din9R
dôle,dol
eau-minute,ominyt
ecchymosé,ekimoze
ecsta,2ksta
ectasie,2ktazi
ectodermique,EktOdERmik
effaçable,efasabl
effaçage,efasaZ
efficience,efisj@s
efflorescence,efloRes@s
effluent,efly@
effritement,efRit°m@
emballement,@bal°m@
embarrure,@baRyR
embolique,@bOlik
embouchoir,@buSwaR
embourbé,@buRbe
embourgeoisement,@buRZwaz°m@
embourgeoisé,@buRZwaze
embouti,@buti
embraquer,@bRake
embrassement,@bRas°m@
embrocation,@bRokasj§
embrouillamini,@bRujamini
embrouillement,@bRuj°m@
embryologie,@bRijoloZi
embryologiste,@bRijOlOZist
embâcle,@bakl
emmancher,@m@Se
emmental,em5tal
emmurement,@myR°m@
empan,@p@
empanaché,@panaSe
empaqueteur,@pak°t9R
empaqueté,@pak°te
empeigne,@pEN
empenne,@pEn
empesage,@p°zaZ
emphatiquement,@fatik°m@
empois,@pwa
empoissonner,@pwasone
empourprer,@puRpRe
empuantir,@p8@tiR
empâtement,@pat°m@
empâté,@pate
en-avant,@nav@
en-cours,@kuR
encaissable,@kEsabl
encapsuler,@kapsyle
encastrement,@kastR°m@
enceinter,@s5te
encensement,@s@s°m@
enchevêtré,@S°vEtRe
enclavé,@klave
encliqueter,@klik°te
enclosure,@klozyR
encorbellement,@kORbEl°m@
encours,@kuR
encrasser,@kRase
encrassé,@kRase
encroûtement,@kRut°m@
encéphale,@sefal
endeuiller,@d9je
endocarde,@dokaRd
endocrine,@dokRin
endocrinien,@dokRinj5
endocrinologiste,@dOkRinOlOZist
endommagement,@dOmaZ°m@
endomorphe,@dOmORf
endomorphine,@domORfin
endométrite,@dOmetRit
endoscopique,@dOskOpik
endosquelette,@dosk°lEt
endothermique,@dotERmik
enfariner,@faRine
enfilé,@file
engageable,@gaZabl
engendrement,@Z@dR°m@
englander,@gl@d9R
engloutissement,@glutis°m@
englué,@gl8e
engoncé,@g§se
engorger,@gORZe
enjuiver,@Z8ive
enkyster,@kiste
enlaidissement,@ledis°m@
enneiger,@nEZe
ennoblir,@nobliR
enquiquinant,@kikin@
enquiquinement,@kikin°m@
enracinement,@Rasin°m@
enregistrable,@R°ZistRabl
enroulement,@Rul°m@
ensabler,@sable
ensablé,@sable
enseigneur,@sEN9R
ensellé,@sele
ensemencement,@s°m@s°m@
enserrer,@seRe
ensorceleur,@sORs°l9R
entaché,@taSe
ente,@t
enthalpie,@talpi
entichement,@tiS°m@
entoilage,@twalaZ
entoiler,@twale
entomologique,@tomoloZik
entour,@tuR
entr'apercevoir,@tRapERs°vwaR
entrapercevoir,@tRapERs°vwaR
entre-déchirer,@tR°deSiRe
entre-rail,@tR°Raj
entrelacement,@tR°las°m@
entrelacé,@tR°lase
entreposé,@tR°poze
entretoise,@tR°twaz
entrevous,@tR°vu
entrée-sortie,@tResORti
entérique,@teRik
entérite,@teRit
entérocolite,@teRokolit
entôlage,@tolaZ
entôler,@tole
envaser,@vaze
envenimé,@v°nime
erg,ERg
ergol,ERgOl
ergotage,ERgotaZ
escamoteur,Eskamot9R
escarpolette,EskaRpolEt
escher,ESe
escompter,Esk§te
escudo,Eskydo
esgourde,EsguRd
espionite,Espjonit
esprit-de-vin,EspRid°v5
esquille,Eskij
essayeur,esEj9R
essayiste,esejist
essoré,EsoRe
essuyage,es8ijaZ
est-africain,EstafRik5
estaminet,EstaminE
estampille,Est@pij
ester,este
estompe,Est§p
estonien,Estonj5
ethmoïdal,EtmOidal
ethniquement,Etnik°m@
ethnobotaniste,Etnobotanist
ethnologie,EtnoloZi
euclidien,2klidj5
eugénique,2Zenik
eurasien,2Razj5
eurasienne,2RazjEn
eurodollar,2RodolaR
ex-alcoolo,Eksalkolo
ex-ambassadeur,Eks@basad9R
ex-amour,EksamuR
ex-associé,Eksasosje
ex-ballerine,Eksbal°Rin
ex-banquier,Eksb@kje
ex-barman,EksbaRman
ex-boss,EksbOs
ex-buteur,Eksbyt9R
ex-caïd,Ekskaid
ex-chiropracteur,EkskiRopRakt9R
ex-citation,Ekssitasj§
ex-citoyen,Ekssitwaj5
ex-colonel,EkskolonEl
ex-corps,EkskOR
ex-couple,Ekskupl
ex-dieu,Eksdj2
ex-gendre,EksZ@dR
ex-homme-grenouille,EksOmgR°nuj
ex-lieutenant,Ekslj2t°n@
ex-maire,EksmER
ex-motard,EksmotaR
ex-perroquet,EkspERokE
ex-planète,EksplanEt
ex-premier,EkspR°mje
ex-prison,EkspRiz§
ex-profileur,EkspRofil9R
ex-promoteur,EkspRomot9R
ex-prêtre,EkspREtR
ex-roi,EksRwa
ex-résidence,EksRezid@s
ex-teinturier,Ekst5tyRje
ex-tueur,Eksty9R
ex-tuteur,Ekstyt9R
ex-usine,Eksyzin
exaction,Egzaksj§
excellentissime,EksEl@tisim
excentrer,Eks@tRe
excrétion,EkskResj§
exeat,Egzeat
exemplarité,Egz@plaRite
exfolier,Eksfolje
exhalation,Egzalasj§
exigible,EgziZibl
exocet,EgzosE
exogène,EgzoZEn
exorde,EgzORd
exosphère,EgzosfER
expansionnisme,Eksp@sjonizm
expectorant,EkspEktoR@
explicatif,Eksplikatif
exploitant,Eksplwat@
exploreur,EksploR9R
exploseur,Eksploz9R
exprimable,EkspRimabl
expédiée,Ekspedje
expérimentalement,EkspeRim@tal°m@
exsudation,Eksydasj§
extasié,Ekstazje
extenseur,Ekst@s9R
externalité,EkstERnalite
externat,EkstERna
extincteur,Ekst5kt9R
extinctrice,Ekst5ktRis
extirpation,EkstiRpasj§
extradé,EkstRade
extravasation,EkstRavazasj§
extroverti,EkstRovERti
exténuer,Eksten8e
facilitateur,fasilitat9R
factorisation,faktoRizasj§
facturette,faktyREt
fader,fade
fading,fEjdiG
faibli,fEbli
faignant,fEN@
faillibilité,fajibilite
fait-tout,fEtu
falciforme,falsifORm
fallacieusement,falasj2z°m@
far-west,faRwEst
fascicule,fasikyl
fataliser,fatalize
fauconnerie,fokOn°Ri
faufil,fofil
fausses,fos
fauvisme,fovism
faux-bond,fob§
faux-frère,fofRER
faux-monnayeur,fomonEj9R
faux-pont,fop§
fayoter,fajote
faîtes-la-moi,fEtlamwa
fedayin,fedaj5
feeder,fid9R
felouque,f°luk
fennec,fenEk
fermi,fERmi
fermium,fERmjOm
ferrailler,fERaje
ferronnier,fERonje
ferrure,fERyR
fesseur,fEs9R
festivalier,fEstivalje
feuj,f2Z
fibrillé,fibRije
fibrine,fibRin
fibrome,fibRom
fic,fik
fichage,fiSaZ
fichaise,fiSEz
fignoleur,fiNol9R
figurativement,figyRativ°m@
filaire,filER
filamenteux,filam@t2
file-la-moi,fillamwa
fillér,fjeR
filmothèque,filmOtEk
filocher,filoSe
filoguidé,filogide
finnois,finwa
fioriture,fjoRityR
fiscalement,fiskal°m@
fissionner,fisjone
five o'clock,fajvoklOk
flac,flak
flaccide,flaksid
flaccidité,flaksidite
flagellant,flaZ2l@
flagellateur,flaZElat9R
flagelle,flaZEl
flageolant,flaZol@
flagrance,flagR@s
flamboyance,fl@bwaj@s
flamine,flamin
flask,flask
flaveur,flav9R
flemmardise,flEmaRdiz
fleurissant,fl9Ris@
flicage,flikaZ
flingage,fl5gaZ
flirtation,fl9Rtasj§
floculation,flokylasj§
flottation,flOtasj§
flouse,fluz
fluence,fly@s
fluidifier,fl8idifje
fluorescéine,flyOResein
fluorhydrique,flyoRidRik
flânerie,flan°Ri
flâneuse,flan2z
flécher,fleSe
fléchissement,fleSis°m@
fléchisseur,fleSis9R
focalisation,fokalizasj§
foil,fOjl
foisonner,fwazone
folasse,folas
foncteur,f§kt9R
fongicide,f§Zisid
footballeur-vedette,futbOl9Rv°dEt
forcir,fORsiR
formalisé,fORmalize
formant,fORm@
formide,fORmid
fors,fOR
fortissimo,fORtisimo
fossoyeuse,foswaj2z
fou-rire,fuRiR
foucade,fukad
foudroiement,fudRwam@
fouettement,fwEt°m@
foufounette,fufunEt
fouisseur,fwis9R
foulant,ful@
fouleur,ful9R
foulque,fulk
fourbi,fuRbi
fourbir,fuRbiR
fourmiller,fuRmije
fourre-tout,fuRtu
fourrier,fuRje
fourvoyé,fuRvwaje
fouta,futa
foutraque,futRak
foutrerie,futR°Ri
fragmentaire,fRagm@tER
fragmenté,fRagm@te
franchouillard,fR@SujaR
franco-américain,fR@koameRik5
franco-anglais,fR@ko@glE
franco-canadien,fR@kokanadj5
franco-italienne,fR@koitaljEn
fraser,fRaze
frater,fRatER
fraîchir,fReSiR
freesia,fRizja
frelater,fR2late
fresquiste,fREskist
fricot,fRiko
fridolin,fRidOl5
frigorifier,fRigoRifje
frigorigène,fRigORiZEn
frilosité,fRilozite
fringillidé,fR5Zilide
frio,fRijo
friper,fRipe
frise-poulet,fRizpulE
frisottis,fRizoti
frissonnement,fRisOn°m@
fritte,fRit
fromagerie,fRomaZ°Ri
frondeur,fR§d9R
frontispice,fR§tispis
frotteur,fRot9R
frottin,fRot5
froufrouter,fRufRute
fructidor,fRyktidOR
frugalement,fRygal°m@
frugalité,fRygalite
fréter,fRete
fuie,f8i
fuiter,f8ite
fuligineux,fyliZin2
fumigateur,fymigat9R
fumiste,fymist
fureteur,fyR°t9R
fusionnement,fyzjOn°m@
fustigation,fystigasj§
fy,fi
féal,feal
fébrilité,febRilite
fécalome,fekalom
fédéré,fedeRe
félinité,felinite
féminisation,feminizasj§
fétuque,fetyk
gaba,gaba
gabbro,gabRo
gable,gabl
gadolinium,gadOlinjOm
gagé,gaZe
gaillet,gajE
gaine-culotte,gEnkylOt
galactophore,galaktOfOR
galantine,gal@tin
galapiat,galapja
galate,galat
galiléen,galile5
galoubet,galubE
gamète,gamEt
gandoura,g@duRa
gangreneux,g@gR°n2
gangue,g@g
gap,gap
gapette,gapEt
garance,gaR@s
garde-corps,gaRd°kOR
garde-pêche,gaRd°pES
gargantua,gaRg@t8a
gargouillant,gaRguj@
garnissage,gaRnisaZ
garrotter,gaRote
gaspilleur,gaspij9R
gaster,gastER
gastralgie,gastRalZi
gastrectomie,gastREktOmi
gastrula,gastRyla
gaufrette,gofREt
gaulliste,golist
gaulthérie,golteRi
gaulée,gole
gauss,gos
gave,gav
gazinière,gazinjER
gazoline,gazolin
gazéifier,gazeifje
gaélique,gaelik
geignement,ZEN°m@
geline,Z°lin
gemmologie,ZEmOlOZi
gendarmer,Z@daRme
genet,Z2nE
genouillère,Z°nujER
gercer,ZERse
germanisation,ZERmanizasj§
germano-belge,ZERmanobElZ
germanophone,ZERmanOfOn
gesticulant,ZEstikyl@
gibelin,Zib°l5
giboyeux,Zibwaj2
gibus,Zibys
gigogne,ZigON
gigolpince,ZigOlp5s
gigoté,ZigOte
gimmick,Z5mik
gineste,ZinEst
girafeau,ZiRafo
girafon,ZiRaf§
girolle,ZiROl
girond,ZiR§
givrage,ZivRaZ
givrer,ZivRe
glabelle,glabEl
glavioter,glavjote
glaïeul,glaj9l
glissando,glis@do
globuline,globylin
glop,glOp
glose,gloz
glougloutement,gluglut°m@
gluconique,glykOnik
glycérol,gliseROl
gnafron,NafR§
gnagnagna,NaNaNa
gnaule,Nol
gnian-gnian,N@N@
gnosticisme,gnostisizm
gnostique,gnostik
godelureau,god°lyRo
goguenard,gOg°naR
golf-club,gOlfkl9b
gommé,gome
gonadotrophine,gOnadOtROfin
gonder,g§de
gondolé,g§dole
gonococcique,gOnOkOksik
gorge-de-pigeon,gORZd2piZ§
gorgeon,gORZ§
gorgerin,gORZ°R5
gouaille,gwaj
goualante,gwal@t
gouge,guZ
gougoutte,gugut
gour,guR
gourmé,guRme
goutte,gut
goutter,gute
goutteux,gut2
gouvernable,guvERnabl
gouvernance,guvERn@s
gouvernorat,guvERnORa
gradin,gRad5
graduel,gRad8El
graduer,gRad8e
graffiter,gRafite
gramen,gRamEn
graminée,gRamine
grammairien,gRamERj5
grand-duché,gR@dySe
grand-guignol,gR@giNOl
grand-guignolesque,gR@giNOlEsk
granulaire,gRanylER
granulation,gRanylasj§
granulie,gRanyli
graphologique,gRafoloZik
graphomane,gRafOman
graphophone,gRafofOn
grappilleur,gRapij9R
gratiner,gRatine
grattant,gRat@
grattouiller,gRatuje
grau,gRo
gravidité,gRavidite
gravos,gRavos
greffage,gREfaZ
grenadeur,gR2nad9R
grenouillard,gR°nujaR
grenouille-taureau,gR°nujtoRo
grenu,gR°ny
griffeur,gRif9R
grimace-éclair,gRimaseklER
grimer,gRime
grimper,gR5pe
grimpeur,gR5p9R
grippal,gRipal
gris-perle,gRipERl
gris-vert,gRivER
grison,gRiz§
grisonner,gRizone
grisou,gRizu
grivet,gRivE
grognonner,gRoNone
grommellement,gRomEl°m@
groseillier,gRozEje
grouiner,gRwine
groupage,gRupaZ
grume,gRym
grumier,gRymje
gréage,gReaZ
grébiche,gRebiS
grésillant,gRezij@
guanaco,gwanako
guerre-éclair,gEReklER
gueulette,g9lEt
guidance,gid@s
guillemet,gij°mE
guérissable,geRisabl
gynécée,Zinese
gyrus,ZiRys
gâcheur,gaS9R
gélifiant,Zelifj@
géline,Zelin
gélose,Zeloz
gémellaire,ZemelER
gémonies,Zemoni
génératif,ZeneRatif
généré,ZeneRe
géomancie,Zeom@si
géophysique,Zeofizik
géothermie,ZeotERmi
gérontisme,ZeR§tism
gérontologue,ZeR§tolOg
habanera,abanERa
hachage,aSaZ
hacheur,aS9R
hachisch,aSiS
hadith,adit
hagiographie,aZjogRafi
haillon,aj§
haineusement,En2z°m@
haka,aka
hakka,aka
haleur,al9R
hallier,alje
halogène,aloZEn
halogénure,alOZenyR
halva,alva
hamadryade,amadRijad
hamadryas,amadRijas
hamamélis,amamelis
hanap,anap
haptoglobine,aptoglObin
harangue,aR@g
harassé,aRase
hard edge,aRdEdZ
hard-top,aRdtOp
harenguet,aR@gE
haridelle,aRidEl
harmoniquement,aRmOnik°m@
harnois,aRnwa
harpagon,aRpag§
haubert,obER
haussier,osje
havanaise,avanEz
havane,avan
helléniste,Elenist
hennissant,enis@
herbeux,ERb2
herbicide,ERbisid
herminette,ERminEt
herméneutique,ERmen2tik
herpétologiste,ERpetOlOZist
heurté,9Rte
hexagonal,Egzagonal
himalaya,imalaja
hirudine,iRydin
histoplasmose,istoplasmoz
historiographe,istORjogRaf
hitlérisme,itleRizm
hiérarchiquement,jeRaRSik°m@
hiératique,jeRatik
hiéroglyphique,jeRoglifik
hodgkinien,OdZkinj5
home-trainer,omtREjn9R
homologue,omolOg
homologué,omologe
homophile,omofil
homophone,OmOfOn
homozygote,omozigOt
homéostatique,OmeOstatik
homéothermie,OmeOtERmi
hondurien,§dyRj5
hopak,Opak
hopi,opi
hoqueter,Ok°te
hornblende,ORnbl5nd
horrifier,oRifje
horripilation,oRipilasj§
horripiler,oRipile
hors-cote,ORkOt
hors-série,ORseRi
horticultrice,ORtikyltRis
hotter,Ote
houillère,ujER
houppe,up
house music,awzmjyzik
hovercraft,Ov9RkRaft
huilier,8ilje
hululer,ylyle
humbug,9mb9g
humectage,ymEktaZ
huron,yR§
hurrah,yRa
huîtrier,8itRie
hydatique,idatik
hydraulicien,idRolisj5
hydrocéphalie,idRosefali
hydrodynamique,idRodinamik
hydrofoil,idRofOjl
hydrographie,idRogRafi
hydrophobe,idRofOb
hydrophyte,idRofit
hydropisie,idRopizi
hydropneumatique,idRopn2matik
hydrox,idROks
hygiéniquement,iZjenik°m@
hyperacidité,ipERasidite
hyperbolique,ipERbolik
hyperlipémie,ipERlipemi
hyperplan,ipERpl@
hyperréactivité,ipEReaktivite
hypersonique,ipERsOnik
hypersustentateur,ipERsyst@tat9R
hypocapnie,ipokapni
hypocauste,ipokost
hypocentre,ipos@tR
hypochlorite,ipoklORit
hypophysaire,ipofizER
hypoplasie,ipoplazi
hypospadias,ipospadjas
hypostase,ipostaz
hypotendu,ipot@dy
hypotensif,ipot@sif
hypotonie,ipOtOni
hysope,izOp
hâve,av
héberge,ebERZ
hélico,eliko
héliographe,eljOgRaf
héliporter,elipORte
héliporté,elipORte
hélitreuiller,elitR9je
hématologique,ematOlOZik
hémiplégique,emipleZik
hémisphérique,emisfeRik
hémorroïdaire,emOROidER
hépatomégalie,epatOmegali
hétérozygote,eteRozigOt
hévéa,evea
hôtel-dieu,otEldj2
ictérique,ikteRik
identificateur,id@tifikat9R
idiomatique,idjomatik
idiosyncrasique,idjOs5kRazik
idoine,idwan
idolâtre,idolatR
idée-clé,idekle
idée-force,idefORs
idéel,ideEl
idéographie,ideOgRafi
ignifugeant,iNifyZ@
igue,ig
ilium,iljOm
illicitement,ilisit°m@
illogisme,iloZizm
illusionnisme,ilyzjonizm
imaginative,imaZinativ
imbitable,5bitabl
imbrisable,5bRizabl
immodestie,imodEsti
immuabilité,im8abilite
immuablement,im8abl°m@
immunostimulant,imynostimyl@
immunothérapie,imynoteRapi
impatiens,5pasj@s
imperfectible,5pERfEktibl
imperméabilisant,5pERmeabiliz@
imperméabiliser,5pERmeabilize
impersonnaliser,5pERsOnalize
implantable,5pl@tabl
imploration,5ploRasj§
impondérable,5p§deRabl
impopularité,5popylaRite
importable,5pORtabl
imposte,5pOst
impotence,5pot@s
impraticabilité,5pRatikabilite
imprescriptible,5pREskRiptibl
imprimable,5pRimabl
improvisade,5pROvizad
improvisateur,5pRovizat9R
imprégnation,5pReNasj§
impubliable,5pyblijabl
impudiquement,5pydik°m@
impérialisation,5peRjalizasj§
impétrant,5petR@
impétueusement,5pet82z°m@
in-bord,inbORd
inaccessibilité,inaksEsibilite
inachèvement,inaSEv°m@
inactivation,inaktivasj§
inactivé,inaktive
inadéquatement,inadekwat°m@
inadéquation,inadekwasj§
inaltéré,inalteRe
incantatoire,5k@tatwaR
inchavirable,5SaviRabl
incirconcis,5siRk§si
incitant,5sit@
incitatif,5sitatif
inclinomètre,5klinomEtR
inclusivement,5klyziv°m@
incombustible,5k§bystibl
incomparablement,5k§paRabl°m@
incomplétude,5k§pletyd
incompréhensif,5k§pRe@sif
inconciliable,5k§siljabl
inconfortablement,5k§fORtabl°m@
incongruité,5k§gR8ite
inconnaissable,5konEsabl
inconsistant,5k§sist@
incoordination,5koORdinasj§
incorporable,5kORpoRabl
incrimination,5kRiminasj§
incrochetable,5kROS°tabl
incurver,5kyRve
incus,5ky
indansable,5d@sabl
indemnisable,5dEmnizabl
indenter,5d@te
indentification,5d@tifikasj§
indiciaire,5disjER
indiciblement,5disibl°m@
indifférenciation,5difeR@sjasj§
indiscuté,5diskyte
indissolublement,5disolybl°m@
indistinctement,5dist5kt°m@
individualiser,5divid8alize
indochinois,5doSinwa
indole,5dOl
inductif,5dyktif
industrialisation,5dystRijalizasj§
industrialisé,5dystRijalize
industrie-clé,5dystRikle
industrieux,5dystRij2
indécemment,5desam@
indéchirable,5deSiRabl
indécollable,5dekolabl
indélogeable,5deloZabl
indéterminable,5detERminabl
indétermination,5detERminasj§
inentamable,in@tamabl
inexactement,inEgzakt°m@
infalsifiable,5falsifjabl
infatuation,5fat8asj§
infatuer,5fat8e
infectiologie,5fEksjOlOZi
infiltrat,5filtRa
infinitif,5finitif
inflammatoire,5flamatwaR
inflexibilité,5flEksibilite
inflorescence,5floRes@s
influenza,5fly@za
informatiser,5fORmatize
infrangible,5fR@Zibl
infrason,5fRas§
infréquentable,5fRek@tabl
inférioriser,5feRjoRize
inhabile,inabil
inhalant,inal@
inharmonieux,inaRmOnj2
inhospitalité,inOspitalite
inhumainement,inymEn°m@
inimaginablement,inimaZinabl2m@
inintelligent,in5teliZ@
inorganique,inORganik
insortable,5sORtabl
inspirateur,5spiRat9R
instinctuel,5st5kt8El
instrumenter,5stRym@te
instrumentiste,5stRym@tist
insula,5syla
insulation,5sylasj§
insulinique,5sylinik
intangibilité,5t@Zibilite
intellectualisation,5tElEkt8alizasj§
intellectualisme,5telEkt8alizm
intelligibilité,5teliZibilite
intelligiblement,5teliZibl°m@
intentionnalité,5t@sjOnalite
intercellulaire,5tERsElylER
interclasse,5tERklas
interclubs,5tERklyb
intercommunal,5tERkOmynal
intercommunautaire,5tERkOmynotER
interconnexion,5tERkOnEksj§
interférent,5tERfeR@
interférométrie,5tERfeROmetRi
intergouvernemental,5tERguvERn2m@tal
interjection,5tERZEksj§
interjeter,5tERZ2te
interlocutoire,5tERlOkytwaR
internationalisation,5tERnasjonalizasj§
internationaliste,5tERnasjonalist
internaute,5tERnot
interphase,5tERfaz
interpolateur,5tERpOlat9R
interpolation,5tERpolasj§
interposition,5tERpozisj§
interprétable,5tERpRetabl
interpréteur,5tERpRet9R
interpénétration,5tERpenetRasj§
interpénétrer,5tERpenetRe
interracial,5tERRasjal
interrogatif,5tERogatif
interscolaire,5tERskOlER
intersubjectif,5tERsybZEktif
intertribal,5tERtRibal
interventionnisme,5tERv@sjOnism
interventriculaire,5tERv@tRikylER
interétatique,5tERetatik
intestat,5tEsta
intimidable,5timidabl
intimidateur,5timidat9R
intimiste,5timist
intimé,5time
intoxiquer,5tOksike
intra muros,5tRamyRo
intra-muros,5tRamyRos
intracrânien,5tRakRanj5
intransmissible,5tR@smisibl
intraoculaire,5tRaOkylER
intraveineux,5tRavEn2
introspecter,5tROspEkte
intumescence,5tymes@s
intégrateur,5tegRat9R
invariance,5vaRj@s
invective,5vEktiv
investiguer,5vEstige
invinciblement,5v5sibl°m@
invisiblement,5vizibl°m@
invérifiable,5veRifjabl
inéducable,inedykabl
iodoforme,jodofORm
ionienne,jonjEn
ipse,ipse
iridescence,iRidEs@s
iridescent,iRidEs@
iridologie,iRidOlOZi
irradier,iRadje
irraisonnable,iREzonabl
irrationnellement,iRasjonEl°m@
irrigateur,iRigat9R
irréductiblement,iRedyktibl°m@
irrésolution,iRezolysj§
irrétrécissable,iRetResisabl
irrévocabilité,iRevOkabilite
ischion,iskj§
islamiser,islamize
islamisme,islamizm
ismaélien,ismaelj5
ismaélite,ismaelit
isochronisme,izOkROnism
isoniazide,izOnjazid
isothermique,izOtERmik
israélo-arabe,isRaeloaRab
isthmique,ismik
italo-irlandais,italoiRl@dE
ive,iv
ivrognesse,ivRoNEs
jacinthe,Zas5t
jacquot,Zako
jaguarondi,ZagwaR§di
jalouser,Zaluze
jambage,Z@baZ
jambier,Z@bje
japoniser,Zaponize
jappeur,Zap9R
jaquemart,Zak°maR
jaune-vert,ZonvER
jaunissement,Zonis°m@
javelle,ZavEl
javelliser,Zavelize
je-m'en-fichiste,Z°m@fiSist
je-m'en-foutisme,Z2m@futizm
je-m'en-foutiste,Z2m@futist
jet-stream,dZEtstRim
jette,ZEt
joice,Zwas
joli-coeur,ZOlik9R
jolie,Zoli
joliet,ZOljE
jordanienne,ZORdanjEn
jouisseur,Zwis9R
juan,xwan
jubilé,Zybile
juchée,ZySe
judaïcité,Zydaisite
judéenne,ZydeEn
judéo,Zydeo
judéo-christianisme,ZydeokRistjanism
jugeur,ZyZ9R
jumelage,Zym°laZ
juridictionnel,ZyRidiksjOnEl
jusant,Zyz@
justifiant,Zystifj@
justificatif,Zystifikatif
jéroboam,ZeRoboam
kabyle,kabil
kaliémie,kaljemi
kalpa,kalpa
kantien,k@tj5
kaolin,kaol5
kaori,kaORi
kapokier,kapOkje
kapout,kaput
karité,kaRite
kata,kata
katal,katal
kava,kava
kayac,kajak
kayakiste,kajakist
keffieh,kefje
kekchose,kEkSoz
khat,kat
kinescope,kinEskOp
kinesthésie,kinEstezi
kipa,kipa
klebs,klEps
km,kilomEtR
kodak,kodak
komintern,kOmintERn
kora,kORa
korrigan,koRig@
kosovar,kOsOvaR
krak,kRak
kroumir,kRumiR
kula,kyla
kummel,kymEl
kératoplastie,keRatoplasti
kératose,keRatoz
l'une,lyn
la plata,laplata
labile,labil
labourable,labuRabl
labri,labRi
lacanien,lakanj5
laconiquement,lakonik°m@
laconisme,lakonizm
lactifère,laktifER
ladre,ladR
lainage,lEnaZ
laisser-faire,lesefER
laissez-faire,lEsefER
lambel,l@bEl
lambine,l@bin
lambrissage,l@bRisaZ
lamento,lamEnto
lamer,lame
laminage,laminaZ
laminectomie,laminEktOmi
lampion,l@pj§
lampiste,l@pist
lance-fusée,l@sfyze
landais,l@dE
landlord,l@dlOR
languissamment,l@gisam@
lanthane,l@tan
lao,lao
lapalissade,lapalisad
lapidaire,lapidER
lapinière,lapinjER
lapis-lazuli,lapizlazyli
laquer,lake
lardu,laRdy
larmichette,laRmiSEt
larvicide,laRvisid
lasure,lasyR
lav,lav
legato,legato
lek,lEk
lette,lEt
leucocytaire,l2kositER
leucocyte,l2kosit
leucoplasie,l2koplazi
leucopénie,l2kopeni
leva,l°va
liage,ljaZ
libellé,libele
librettiste,libRetist
libérien,libeRj5
libéro,libeRo
lied,lid
lieur,lj9R
ligot,ligo
ligotage,ligotaZ
lilium,liljOm
liman,lim@
limaçon,limas§
limogé,limoZe
limoselle,limozEl
limpidité,l5pidite
linga,linga
linger,l5Ze
lingual,l5gwal
linguistiquement,l5g8istik°m@
linotype,linotip
linter,lint9R
linéairement,lineER°m@
lipase,lipaz
lipide,lipid
lipiodol,lipjOdOl
liposome,lipozom
liquoriste,likoRist
liseron,liz°R§
lisibilité,lizibilite
lisier,lizje
lissage,lisaZ
listeria,listeRja
lit-cage,likaZ
lithique,litik
litho,lito
lithotriteur,litotRit9R
littérairement,liteRER°m@
lloyd,lOjd
lobaire,lObER
locatif,lokatif
locomoteur,lokomot9R
locuste,lokyst
locuteur,lokyt9R
logisticien,lOZistisj5
logogriphe,logogRif
lombalgie,l§balZi
lombardo,l§baRdo
lompe,l§p
longuet,l§gE
loquacité,lokasite
loquedu,lOk°dy
lorette,lOREt
lori,lORi
lotir,lotiR
louis,lwi
louvet,luvE
luce,lys
lucite,lysit
luddite,lydit
lunaison,lynEz§
lustreur,lystR9R
lustré,lystRe
lustucru,lystykRy
luthéranisme,lyteRanizm
luxer,lykse
lymphocytose,l5fOsitoz
lymphosarcome,l5fosaRkom
lymphoïde,l5fOid
lysimaque,lizimak
légué,lege
lémur,lemyR
lénifiant,lenifj@
léprologie,lepROlOZi
lérot,leRo
lésionnaire,lezjOnER
lézarder,lezaRde
lézardé,lezaRde
macareux,makaR2
machaon,maka§
machiavélisme,makjavelizm
machinette,maSinEt
machino,makino
macis,masi
macrolide,makRolid
macrophage,makROfaZ
macula,makyla
magnétiseur,maNetiz9R
magnétron,maNetR§
magret,magRE
mahousse,maus
main-courante,m5kuR@t
mainlevée,m5l°ve
majolique,maZolik
malachite,malakit
maladrerie,maladR2Ri
malappris,malapRi
malformé,malfORme
malgracieux,malgRasj2
malignement,maliN°m@
malinois,malinwa
malm,malm
malmenage,malm2naZ
malvoisie,malvwazi
mamelouk,mam°luk
mammoplastie,mamOplasti
manageur,manaZ9R
mancenillier,m@snije
mandat-carte,m@dakaRt
mandement,m@d°m@
mandingue,m@d5g
mandrill,m@dRil
mangrove,m@gROv
manipule,manipyl
maniériste,manjeRist
manouvrier,manuvRije
mansion,m@sj§
mantille,m@tij
maoïsme,maoizm
maquettiste,maketist
maranta,maR@ta
marchandiseur,maRS@diz9R
marconi,maRkoni
marcotte,maRkOt
marengo,maR@go
marginalement,maRZinal°m@
mariable,maRjabl
marin-pêcheur,maR5pES9R
maronner,maRone
maroquinier,maRokinje
marouette,maRwEt
marrade,maRad
martin-pêcheur,maRt5pES9R
masaï,masaj
masculiniser,maskylinize
maser,mazER
masquage,maskaZ
masque-espion,maskEspj§
mastaba,mastaba
materniser,matERnize
matriarcal,matRijaRkal
matricide,matRisid
matriciel,matRisjEl
matérialité,mateRjalite
maxillo-facial,maksilofasjal
maximisation,maksimizasj§
mazette,mazEt
maître-coq,mEtR2kOk
membranaire,m@bRanER
mendé,m@de
menez,m°ne
menhaden,mEnad°n
mensuellement,m@s8El°m@
mentez,m@te
menée,m°ne
mer-air,mERER
mercaptan,mERkapt@
merise,m°Riz
merlu,mERly
merluche,mERlyS
merveillosité,mERvEjozite
mestre,mEstR
mesurette,m2zyREt
mesureur,m°zyR9R
mets-la-toi,mElatwa
meulage,m2laZ
meuleuse,m2l2z
mi-ange,mi@Z
mi-carême,mikaREm
mi-chatte,miSat
mi-corps,mikOR
mi-décembre,mides@bR
mi-enfant,mi@f@
mi-février,mifevRije
mi-humaine,miymEn
mi-humains,miym5
mi-indien,mi5dj5
mi-juin,miZ85
mi-lent,mil@
mi-mai,mimE
mi-mexicain,mimEksik5
mi-mollet,mimolE
mi-salade,misalad
mi-salaire,misalER
mi-samoan,misamo@
mi-singe,mis5Z
mi-série,miseRi
mi-trimestre,mitRimEstR
mi-végétal,miveZetal
miasme,mjasm
miauleur,mjOl9R
micro-cravate,mikRokRavat
micro-ordinateur,mikRoORdinat9R
micro-trottoir,mikRotRotwaR
microbus,mikRobys
microcopie,mikRokOpi
microgravité,mikRogRavite
microscopiquement,mikRoskOpik°m@
microsonde,mikRos§d
microédition,mikRoedisj§
miellat,mjElat
mignoter,miNote
migraineuse,migREn2z
migraineux,migREn2
mijoteuse,miZot2z
militaro,militaRo
millénarisme,milenaRism
milouin,milw5
mimolette,mimOlEt
minage,minaZ
minaudant,minod@
minerval,minERval
miniaturiste,minjatyRist
minicassette,minikasEt
minimaliser,minimalize
minimax,minimaks
minéralisation,mineRalizasj§
mirepoix,miRpwa
miroitant,miRwat@
mironton,miR§t§
miroton,miRot§
misanthropie,miz@tRopi
miscible,misibl
misérabilisme,mizeRabilizm
misérabiliste,mizeRabilist
mièvrement,mjEvR°m@
mièvrerie,mjEvR°Ri
mm,milimEtR
mn,minyt
mobilisateur,mobilizat9R
modalité,modalite
moderniste,modERnist
modus vivendi,modusvivEndi
modérateur,modeRat9R
moghol,mOgOl
mohican,mOik@
molard,mOlaR
molasse,molas
moleskine,molEskin
mollet,molE
molybdène,molibdEn
monadologie,mOnadOlOZi
mondanité,m§danite
monder,m§de
monnayeur,mOnEj9R
monocellulaire,monoselylER
monoclonal,monoklonal
monocratie,monokRasi
monologuer,monologe
monomane,monoman
monomanie,monomani
monomoteur,monomot9R
monoparental,monopaR@tal
monoplan,monopl@
monopode,monopOd
monte-charges,m§tSaRZ
monte-plat,m§tpla
montre-gousset,m§tRgusE
monténégrin,m§tenegR5
monumentalité,mOnym@talite
monétariste,monetaRist
morainique,moREnik
moralisation,moRalizasj§
morave,mORav
morbaque,mORbak
morbidement,mORbid°m@
mordoré,mORdoRe
morelle,mOREl
morfal,mORfal
morgeline,mORZ2lin
morgon,mORg§
mornement,mORn2m@
moro,moRo
morphing,mORfiG
morphogenèse,mORfoZ2nEz
mortaiser,mORtEze
morte-saison,mORtsEz§
mortifère,mORtifER
morula,mORyla
mos,mos
mot-valise,movaliz
moteur-fusée,mOt9Rfyze
motoneurone,moton2ROn
motorisation,motoRizasj§
mouchage,muSaZ
moucheture,muS°tyR
moucheur,muS9R
moudjahidine,mudZaidin
mouille,muj
mouilleur,muj9R
moulinage,mulinaZ
mousqueterie,muskEt°Ri
mouvance,muv@s
moyen-orientaux,mwajEnoRj@to
moyeu,mwaj2
mucilage,mysilaZ
mucor,mykOR
mucosité,mykozite
muflée,myfle
mulard,mylaR
multiconfessionnel,myltik§fEsjOnEl
multicouche,myltikuS
multiculturalisme,myltikyltyRalizm
multidisciplinaire,myltidisiplinER
multifamilial,myltifamiljal
multifonctionnel,myltif§ksjonEl
multiplexe,myltiplEks
multiplexer,myltiplEkse
multiplié,myltiplije
multipoints,myltipw5
mulâtresse,mylatREs
muon,m8§
murage,myRaZ
muriatique,myRjatik
murin,myR5
muscovite,myskOvit
musicologue,myzikolOg
musicothérapie,myzikoteRapi
muskogee,myskoZi
muséologie,myzeoloZi
muséologique,myzeOlOZik
muséologue,myzeOlOg
mutique,mytik
mycénien,misenj5
myocardique,mjOkaRdik
myoclonie,mjoklOni
myopathique,mjOpatik
myosine,mjozin
myste,mist
myéline,mjelin
mâchefer,maSfER
mânes,man
mécanisation,mekanizasj§
mécher,meSe
méconduite,mek§d8it
médecin-conseil,mEds5k§sEj
médecin-général,mEds5ZeneRal
médecine-ball,mEdsinbol
médicalisation,medikalizasj§
médico-psychologique,medikopsikOlOZik
médico-social,medikososjal
médulla,medyla
méduser,medyze
médusé,medyze
mégacôlon,megakol§
mégalithe,megalit
mégalomaniaque,megalomanjak
mégalosaure,megalozoR
mégapole,megapOl
mégotage,megotaZ
mélangeant,mel@Z@
mélodieusement,melodj2z°m@
mélopée,melope
ménade,menad
méningiome,men5Zjom
méningocoque,men5gOkOk
ménopausé,menopoze
méphistophélique,mefistofelik
méprisamment,mepRizam@
mérinos,meRinos
méritocratie,meRitOkRasi
mésentère,mez@tER
mésomorphique,mezomORfik
métacarpien,metakaRpj5
métallisation,metalizasj§
métamorphique,metamORfik
métaphase,metafaz
métaphysiquement,metafizik°m@
métapsychologie,metapsikoloZi
métayage,metEjaZ
méthacrylate,metakRilat
méthanal,metanal
méthylique,metilik
métreur,metR9R
météoriquement,meteoRik°m@
météoritique,meteoRitik
mêle-tout,mEltu
mûrissant,myRis@
na,na
nadir,nadiR
naisseur,nEs9R
nanard,nanaR
nantir,n@tiR
nantissement,n@tis°m@
napel,napEl
napper,nape
narco-analyse,naRkoanaliz
narcotrafic,naRkotRafik
nard,naR
narghilé,naRgile
narthex,naRtEks
nasillard,nazijaR
natatoire,natatwaR
nationalisation,nasjonalizasj§
nationaliser,nasjonalize
natrum,natROm
natter,nate
navigabilité,navigabilite
navire-citerne,naviRsitERn
nay,nE
negro spiritual,negRospiRit8Ol
nestor,nEstOR
nettoyable,netwajabl
neurinome,n2Rinom
neurobiologie,n2RobjoloZi
neurochimique,n2RoSimik
neuroleptique,n2RolEptik
neurolinguistique,n2ROl5g8istik
neuropathologie,n2RopatoloZi
neuropeptide,n2RopEptid
neutralisant,n2tRaliz@
neutralisateur,n2tRalizat9R
neutronique,n2tROnik
nimbe,n5b
ninas,nina
niobium,njObjOm
nippe,nip
nirvâna,niRvana
niveleur,niv°l9R
nixe,niks
nié,nje
nobliau,nOblijo
nocer,nOse
nocturnal,nOktyRnal
nodal,nodal
nomadisme,nomadizm
nominalement,nOminal°m@
non-appartenance,nOnapaRt2n@s
non-combattant,n§k§bat@
non-comparution,n§k§paRysj§
non-concurrence,n§k§kyR@s
non-conformité,n§k§fORmite
non-culpabilité,n§kylpabilite
non-ferreux,n§fER2
non-initié,nOninisje
non-lieux,n§lj2
non-participation,n§paRtisipasj§
non-présence,n§pRez@s
non-représentation,n§R2pRez@tasj§
non-spécialiste,n§spesjalist
non-utilisation,nOnytilizasj§
nonagénaire,nonaZenER
nonce,n§s
nordicité,nORdisite
normatif,nORmatif
nota bene,notabene
notarial,notaRjal
nouage,nwaZ
noue,nu
nouvelliste,nuvelist
novotique,nOvOtik
noyautage,nwajotaZ
nuancer,n8@se
nucal,nykal
nucléoside,nykleozid
nuer,n8e
nuiteux,n8it2
nullissime,nylisim
numismate,nymismat
numismatique,nymismatik
numéraire,nymeRER
néandertalien,ne@dERtalj5
néanderthalien,ne@dERtalj5
nébuliseur,nebyliz9R
nécroser,nekRoze
négationnisme,negasjonism
négativisme,negativizm
négativiste,negativist
néo-communiste,neokomynist
néo-fascisme,neofaSizm
néo-gangster,neog@gstER
néo-romantique,neoRom@tik
néoclassique,neoklasik
néocolonialisme,neokolonjalizm
néofascisme,neofaSizm
néolithique,neolitik
néologisme,neoloZizm
néoplasie,neoplazi
néoplasme,neoplasm
néphrétique,nefRetik
o,o
obligataire,obligatER
obliquité,oblik8ite
obnubilé,Obnybile
obscurantiste,OpskyR@tist
obscurément,OpskyRem@
obscènement,OpsEn°m@
obsessionnellement,OpsEsjonEl°m@
obstructif,OpstRyktif
obstructionnisme,OpstRyksjOnism
obstétrical,OpstetRikal
obséquieusement,Opsekj2z°m@
obséquiosité,Opsekjozite
obusier,obyzje
occultiste,Okyltist
octavo,Oktavo
octet,OktE
octuor,Okt8OR
oculomoteur,OkylomOt9R
oculus,okylys
océanologie,OseanOlOZi
odelette,od°lEt
odontologiste,Od§tOlOZist
oecuménisme,2kymenizm
oenologie,2noloZi
oenothera,2notRa
oestrogène,2stRoZEn
offset,OfsEt
oh,o
oiseau-clé,wazokle
oiseau-vedette,wazov°dEt
olmèque,OlmEk
olympe,ol5p
olécrane,OlekRan
omani,omani
omble,§bl
omnisports,OmnispOR
oncologique,§koloZik
onctuosité,§kt8ozite
onder,§de
ondulant,§dyl@
ondée,§de
onglée,§gle
opacification,opasifikasj§
opacifier,opasifje
opale,opal
opercule,opERkyl
ophidien,Ofidj5
ophtalmique,Oftalmik
opiat,Opja
opimes,opim
opiniâtreté,opinjatR°te
oppositionnel,OpozisjOnEl
optométrie,OptometRi
opulent,opyl@
opératique,OpeRatik
oralité,oRalite
orbiter,ORbite
orchestré,ORkEstRe
ordo,ORdo
ordonnancement,ORdon@s°m@
orfraie,ORfRE
organiciser,ORganisize
organiseur,ORganiz9R
organométallique,ORganometalik
organon,ORgan§
orientaliste,oRj@talist
oriflamme,oRiflam
originalement,oRiZinal°m@
ormeau,ORmo
ornithoptère,ORnitOptER
orpailleur,ORpaj9R
orthodontique,ORtod§tik
orthoptère,ORtOptER
orthostatique,ORtostatik
oscillatoire,osijatwaR
oscillomètre,osijomEtR
ostrogoth,OstRogo
ostréiculture,OstReikyltyR
ostéoarthrite,OsteoaRtRit
ostéologique,OsteOlOZik
ostéopathie,Osteopati
ostéotomie,OsteotOmi
otoscope,OtOskOp
ottomane,otoman
ouaille,waj
ouaouaron,wawaR§
ouaté,wate
ouléma,ulema
ounce,awns
ourdir,uRdiR
ousque,usk
outiller,utije
outillé,utije
outrecuidance,utR°k8id@s
ouvré,uvRe
ovariectomie,OvaRjEktOmi
ovationner,ovasjone
ovin,ov5
ovipare,ovipaR
ovulaire,ovylER
oxalate,Oksalat
oxychlorure,OksiklORyR
oxydant,Oksid@
oïl,Ojl
p.m.,peEm
pa,pa
pachydermique,paSidERmik
packaging,pakaZiG
pagination,paZinasj§
paginer,paZine
pagus,pagys
paierie,peRi
pailleté,paj°te
pakistano,pakistano
palabre,palabR
palanquer,pal@ke
palefroi,pal°fRwa
paleron,pal°R§
palilalie,palilali
palmer,palme
palmure,palmyR
palombe,pal§b
palonnier,palonje
palpeur,palp9R
paltoquet,paltokE
palus,paly
palynologie,palinOlOZi
palé,pale
paléo,paleo
paléozoïque,paleozoik
panachage,panaSaZ
panacher,panaSe
panais,panE
panard,panaR
panatella,panatEla
pangermanisme,p@ZERmanizm
panneton,pan°t§
panné,pane
panouille,panuj
panspermie,p@spERmi
pantins,p@t5
pantographe,p@togRaf
pantoufler,p@tufle
papa-cadeau,papakado
papauté,papote
papaver,papavER
paperassier,pap°Rasje
papilionacé,papiljOnase
papille,papij
papillonnage,papijonaZ
papouiller,papuje
paqson,paks§
paquets-cadeaux,pakEkado
par-devers,paRd°vER
paraboliquement,paRabOlik°m@
paraboloïde,paRabOlOid
parachèvement,paRaSEv°m@
parafer,paRafe
parage,paRaZ
paralléliste,paRalelist
paramagnétique,paRamaNetik
paramnésie,paRamnezi
paramétrique,paRametRik
parasitisme,paRazitizm
parasitose,paRazitoz
parcomètre,paRkomEtR
parenchyme,paR@Sim
paresseusement,paREs2z°m@
pareur,paR9R
pariade,paRjad
parlante,paRl@t
parler,paRle
parme,paRm
parodier,paRodje
parodontal,paRod§tal
paroxysmique,paROksismik
paroxystique,paROksistik
parricide,paRisid
parsec,paRsEk
parsemer,paRs°me
parsemé,paRs°me
partageable,paRtaZabl
partageant,paRtaZ@
partenaire-robot,paRt°nERRobo
partouser,paRtuze
parturition,paRtyRisj§
paréo,paReo
parésie,paRezi
pas-je,paZ2
passe-muraille,pasmyRaj
passementerie,pas°m@t°Ri
passepoil,paspwal
pastiller,pastije
patagon,patag§
pataud,pato
patellaire,patElER
paternellement,patERnEl°m@
pathogénique,patOZenik
pathétisme,patetizm
patibulaire,patibylER
patinette,patinEt
patoche,patOS
patronal,patRonal
pauser,poze
pavois,pavwa
pax americana,paksameRikana
payse,peiz
peaufinage,pofinaZ
peaussier,posje
pec,pEk
peccable,pEkabl
pelotonner,p°lotone
pemmican,pemik@
pendeloque,p@d°lOk
pendeur,p@d9R
pennon,pEn§
pensivement,p@siv°m@
pentagonal,p5tagOnal
penthiobarbital,p5tjObaRbital
pepsine,pEpsin
percement,pERs°m@
perceptif,pERsEptif
perchlorique,pERklORik
percolation,pERkOlasj§
percoler,pERkOle
percé,pERse
perforage,pERfoRaZ
pergélisol,pERZelisOl
perlière,pERljER
permalloy,pERmalOj
permissionnaire,pERmisjonER
permutant,pERmyt@
perméabilité,pERmeabilite
peroxydase,pEROksidaz
perrier,pERje
persienne,pERsjEn
persona grata,pERsonagRata
personne,pERsOn
personnes,pERsOn
perséides,pERseid
pessaire,pEsER
pesse,pEs
petit-suisse,p°tis8is
peton,p°t§
peuplade,p2plad
pfennig,pfenig
phagocyte,fagosit
phallocentrique,falos@tRik
phallocratie,falokRasi
pharamineux,faRamin2
pharaonique,faRaonik
pharisaïsme,faRizaizm
pharmaco,faRmako
pharmacognosie,faRmakognozi
pharyngite,faR5Zit
pharynx,faR5ks
phascolome,faskOlOm
phlébographie,flebOgRafi
phlébologue,flebOlOg
phlébotomie,flebOtOmi
phospholipide,fOsfolipid
phosphoré,fOsfORe
photique,fOtik
photo-finish,fOtofiniS
photo-robot,fotoRobo
photochimique,fOtoSimik
photoconducteur,fOtok§dykt9R
photogramme,fotogRam
photographiable,fotogRafjabl
photojournaliste,fOtoZuRnalist
photomicrographie,fOtomikRogRafi
photopériodique,fotopeRjodik
phototype,fOtotip
photovoltaïque,fotovOltaik
phraser,fRaze
phraseur,fRaz9R
phrénique,fRenik
phrénologiste,fRenoloZist
physionomique,fizjonomik
phytoplancton,fitopl@kt§
phénate,fenat
phénothiazine,fenOtjazin
phénotype,fenotip
pica,pika
picaillon,pikaj§
picoter,pikote
picrate,pikRat
pictural,piktyRal
pie-mère,pimER
pied-d'alouette,pjedalwEt
pier,pjER
pifer,pife
pigner,piNe
pignole,piNOl
pile-poil,pilpwal
pilée,pile
pionner,pjOne
piqueux,pik2
piquier,pikje
piquouser,pikuze
pisciculteur,pisikylt9R
pisse-copie,piskopi
pistard,pistaR
pituite,pit8it
pityriasis,pitiRjazis
pivotement,pivOt°m@
piégeage,pjeZaZ
piémont,pjem§
più,pju
plafonné,plafone
plagioclase,plaZjoklaz
planchette,pl@SEt
planelle,planEl
planifiable,planifjabl
planisphère,planisfER
plantain,pl@t5
plantureux,pl@tyR2
plaquettaire,plak2tER
plasmagène,plasmaZEn
plasmique,plasmik
plaste,plast
plasticage,plastikaZ
plastifiant,plastifj@
plastification,plastifikasj§
plastisol,plastisOl
plat-ventre,plav@tR
play,plE
plein-emploi,pl5n@plwa
pleurard,pl2RaR
pleurnichage,pl9RniSaZ
pleurétique,pl9Retik
plexi,plEksi
plieur,plij9R
pliocène,plijosEn
plouk,pluk
ploutocrate,plutokRat
ployant,plwaj@
pluches,plyS
plupart,plypaR
pluriannuel,plyRian8El
pluridisciplinaire,plyRidisiplinER
plutonique,plytOnik
pluviosité,plyvjozite
plébisciter,plebisite
plénipotentiaire,plenipot@sjER
pneumoconiose,pn2mokOnjoz
pneumocoque,pn2mokOk
pneumocystose,pn2mosistoz
pneumologue,pn2mOlOg
pneumonectomie,pn2mOnEktOmi
pochon,poS§
podomètre,pOdOmEtR
pogrome,pogROm
pointeau,pw5to
pointeur,pw5t9R
pointillisme,pw5tijizm
polarisant,pOlaRiz@
polarisé,polaRize
polisseur,polis9R
polissonner,polisOne
politisation,politizasj§
polliniser,pOlinize
pollueur,poly9R
polychlorure,polikloRyR
polycopie,polikopi
polycopier,polikopje
polycéphale,polisefal
polydactylie,pOlidaktili
polygonal,poligonal
polygénique,pOliZenik
polymérique,polimeRik
polypropylène,polipRopilEn
polysyllabe,pOlisilab
polysyllabique,polisilabik
polythène,politEn
polythéiste,politeist
polyvalence,polival@s
polyvinyle,polivinil
pomelo,pOmelo
pommeraie,pOm°RE
pompeusement,p§p2z°m@
pompéien,p§pej5
pomélo,pomelo
poméranien,pomeRanj5
ponctionner,p§ksjone
pondérer,p§deRe
pontet,p§tE
pontificat,p§tifika
ponté,p§te
ponçage,p§saZ
poplité,pOplite
popote,popOt
populeux,popyl2
portabilité,pORtabilite
porte-conteneurs,pORt°k§t°n9R
porte-crayon,pORt°kREj§
porte-document,pORtdokym@
porte-drapeaux,pORtdRapo
porte-objet,pORtObZE
porte-papier,pORtpapje
porte-queue,pORt°k2
porte-tambour,pORt@buR
porte-étendard,pORtet@daR
portefaix,pORt°fE
porterie,pORt°Ri
pose-la-moi,pozlamwa
position-clé,pozisj§kle
positionnel,pozisjOnEl
positionneur,pozisjOn9R
positon,pozit§
positron,pozitR§
post-impressionnisme,pOst5pREsjOnism
post-rupture,pOstRyptyR
post-victorien,pOstviktoRj5
post-zoo,pOstzoo
postage,postaZ
postdater,pOstdate
postdoctoral,pOstdOktoRal
postillonneur,pOstijon9R
postmodernisme,pOstmodERnizm
postmoderniste,pOstmodERnist
postnatal,pOstnatal
pot-bouille,pobuj
potentialisation,pOt@sjalizasj§
potentialiser,pOt@sjalize
potimarron,pOtimaR§
pouacre,pwakR
pouce-pied,puspje
poudrage,pudRaZ
pouille,puj
pouillot,pujo
pouilly,puji
pourpré,puRpRe
pragmatiquement,pRagmatik°m@
pragmatiste,pRagmatist
praire,pRER
prenable,pR2nabl
pressement,pREs°m@
pressenti,pRes@ti
presseur,pREs9R
prie-dieu,pRidj2
primatologue,pRimatOlOg
primauté,pRimote
primerose,pRim°Roz
primevère,pRimvER
priseur,pRiz9R
privément,pRivem@
pro-occidental,pRoOksid@tal
proche-oriental,pROSORj@tal
procrastination,pRokRastinasj§
proctologie,pROktoloZi
procédural,pROsedyRal
profanateur,pRofanat9R
profitabilité,pRofitabilite
profitant,pRofit@
prognathisme,pROgnatism
progressisme,pRogREsizm
projectif,pROZEktif
prolongateur,pROl§gat9R
prolonge,pRol§Z
promazine,pRomazin
propagandiste,pRopag@dist
propergol,pRopERgOl
propionate,pROpjOnat
propulsif,pROpylsif
proscenium,pRosenjOm
proscription,pROskRipsj§
prostatectomie,pROstatEktOmi
prosthétique,pROstetik
protal,pROtal
prothétique,pROtetik
protidique,pROtidik
protococcus,pROtOkOkys
protoplaste,pROtOplast
protrusion,pROtRyzj§
protège-cahier,pRotEZkaje
protéase,pROteaz
protéiforme,pRoteifORm
protéinique,pRoteinik
provençal,pRov@sal
proverbial,pRovERbjal
provisionnel,pRovizjonEl
proéminence,pRoemin@s
prud'homme,pRydOm
pruderie,pRyd°Ri
préadolescence,pReadOlEs@s
précambrien,pRek@bRj5
précautionneusement,pRekosjon2z°m@
préchauffer,pReSOfe
précité,pResite
précocement,pRekOs°m@
préconisation,pRekonizasj§
précuit,pRek8i
prédicat,pRedika
prédictible,pRediktibl
prédictif,pRediktif
prédigéré,pRediZeRe
prédominance,pRedomin@s
prédominer,pRedomine
préencollé,pRe@kole
préexistant,pReEgzist@
préfigurer,pRefigyRe
préfix,pRefiks
préfixation,pRefiksasj§
préférablement,pRefeRabl2m@
préhensile,pRe@sil
préindustriel,pRe5dystRijEl
prélavage,pRelavaZ
prélaver,pRelave
prématurité,pRematyRite
prérentrée,pReR@tRe
préservateur,pRezERvat9R
préture,pRetyR
prévôté,pRevote
préélectoral,pReelEktoRal
prééminence,pReemin@s
prône,pRon
pseudobulbaire,ps2dobylbER
psitt,psit
psychodysleptique,psikodislEptik
psychogène,psikoZEn
psycholinguistique,psikol5g8istik
psychonévrose,psikonevRoz
psychopathologique,psikopatoloZik
psychophysiologie,psikofizjoloZi
psychophysiologique,psikofizjoloZik
psychosexuel,psikosEks8El
psyllium,psiljOm
ptosis,ptozis
publiable,pyblijabl
public-relations,p9blikRilEjS9n
publicain,pyblik5
publico,pybliko
publieur,pyblj9R
publiphone,pyblifOn
pudibonderie,pydib§d°Ri
pulsatile,pylsatil
punctiforme,p§ktifORm
pupe,pyp
pupitreur,pypitR9R
putassier,pytasje
putrescence,pytRes@s
putrescine,pytResin
puériculture,p8eRikyltyR
puérilement,p8eRil°m@
pyogène,pjOZEn
pyralène,piRalEn
pyrame,piRam
pyrex,piREks
pyrexie,piREksi
pyridoxine,piRidOksin
pyrolyse,piROliz
pyrotechnicien,piROtEknisj5
pyroxène,piROksEn
pâtis,pati
pâturer,patyRe
pédalier,pedalje
pédestre,pedEstR
pédicurie,pedikyRi
pédieux,pedj2
pédomètre,pedomEtR
péjorativement,peZoRativ°m@
pénalisation,penalizasj§
pénard,penaR
pénil,penil
pénultième,penyltjEm
péon,pe§
péricarpe,peRikaRp
péridurale,peRidyRal
périmer,peRime
périodicité,peRjodisite
périscolaire,peRiskOlER
péristaltique,peRistaltik
péristaltisme,peRistaltism
pérodictique,peRodiktik
pérou,peRu
pétaradant,petaRad@
pétaudière,petodjER
pétillement,petij°m@
pétitionner,petisjone
pétreux,petR2
pétrification,petRifikasj§
pétulant,petyl@
quadragénaire,kwadRaZenER
quadratique,kwadRatik
quadridimensionnel,kwadRidim@sjOnEl
quadrige,kadRiZ
quadrimestre,kwadRimEstR
qualitatif,kalitatif
quanto,k@to
quarantenaire,kaR@t°nER
quarte,kaRt
quarteron,kaRt°R§
quarté,kaRte
quasi-débutant,kazidebyt@
quasi-décapitation,kazidekapitasj§
quasi-facétieux,kazifasesj2
quasi-génocide,kaziZenosid
quasi-jungienne,kazijuGjEn
quasi-maximum,kazimaksimOm
quasi-noyade,kazinwajad
quasi-religieux,kaziR°liZj2
quasi-équitable,kaziekitabl
quater,kwatER
quatre-feuilles,katRf9j
quatre-vingt-dixième,katR°v5dizjEm
quatrillion,kwatRilj§
quette,kEt
quetzal,kEtzal
quinoa,kinOa
quinton,k85t§
rabaissement,RabEs°m@
rabattable,Rabatabl
rabbinique,Rabinik
rabot,Rabo
raboteur,Rabot9R
rabouler,Rabule
rabâcheur,RabaS9R
raccourcissement,RakuRsis°m@
raccrochage,RakRoSaZ
radiant,Radj@
radicaliser,Radikalize
radicule,Radikyl
radieusement,Radj2z°m@
radioamateur,Radjoamat9R
radioastronome,RadjoastRonOm
radiobalisage,RadjobalizaZ
radiodiffusion,Radjodifyzj§
radiogoniomètre,RadjogOnjomEtR
radiographique,RadjogRafik
radiomètre,RadjomEtR
radiométrie,RadjometRi
radiophare,RadjofaR
radioréveil,RadjoRevEj
radioscopique,RadjOskOpik
radiosonde,Radjos§d
radiotéléphonique,RadjotelefOnik
radioélectrique,RadjoelEktRik
radioélément,Radjoelem@
radôme,Radom
raffinage,RafinaZ
rag,Rag
ragot,Rago
raire,RER
raisiné,REzine
raller,Rale
rallié,Ralje
rallongement,Ral§Z°m@
rallumage,RalymaZ
ramas,Rama
rambot,R@bo
ramenard,RamnaR
ramier,Ramje
ramser,Ramse
ramure,RamyR
rançonnage,R@sonaZ
rapetissement,Rap°tis°m@
rapiéçage,RapjesaZ
rapportage,RapORtaZ
raréfaction,RaRefaksj§
rasibus,Razibys
rassasiant,Rasazj@
rassir,RasiR
rassortir,RasORtiR
rastaquouère,RastakwER
ratiocineur,Rasjosin9R
rationaliste,Rasjonalist
ratte,Rat
rature,RatyR
ravaudage,RavodaZ
rayonnage,REjonaZ
re-belote,R°b2lOt
rebander,R°b@de
rebec,R2bEk
rebobiner,R2bObine
reborder,R2bORde
reboucler,R°bukle
reboutonner,R°butone
recacher,R°kaSe
recalage,R2kalaZ
recarreler,R°kaR°le
recevabilité,R2s2vabilite
rechausser,R°Sose
recherchiste,R2SERSist
reclouer,R2klue
recodage,R°kodaZ
recombinant,R2k§bin@
reconductible,R°k§dyktibl
reconduction,R°k§dyksj§
recongeler,R°k§Z°le
reconstituant,R°k§stit8@
reconstructeur,R2k§stRykt9R
reconsulter,R2k§sylte
recors,R°kOR
recouler,R°kule
recourber,R°kuRbe
recouvrant,R°kuvR@
recroquevillé,R°kROkvije
recréation,R°kReasj§
rectangle,REkt@gl
rectilinéaire,REktilineER
reculant,R°kyl@
recycleur,R°sikl9R
redescente,R°des@t
redevoir,R2d2vwaR
redimensionner,R2dim@sjOne
redormir,R°dORmiR
redoutablement,R°dutabl°m@
redoux,R°du
redresseur,R°dREs9R
redéconner,R°dekone
redécoupage,R°dekupaZ
redéfinition,R2definisj§
redémolir,R2demOliR
redéposer,R2depoze
refabriquer,R2fabRike
refamiliariser,R2familjaRize
refaçonner,R2fasOne
reflex,ReflEks
refoncer,R2f§se
reformater,R°fORmate
reformulation,R2fORmylasj§
refouiller,R2fuje
refouloir,R2fulwaR
refranchir,R2fR@SiR
refrapper,R2fRape
refréner,R°fRene
regardeur,R°gaRd9R
regonflage,R2g§flaZ
regrossir,R2gRosiR
rehaussement,R2os°m@
rehausseur,R2os9R
reichsmark,RajSsmaRk
reinette,REnEt
relanceur,R2l@s9R
reliage,R2ljaZ
religiosité,R°liZjozite
relégué,R°lege
remaigrir,R2megRiR
remballage,R@balaZ
remblayer,R@bleje
remembrance,R°m@bR@s
remembrement,R°m@bR°m@
remettant,R°mEt@
rempailler,R@paje
rempoter,R@pote
remuage,R°myaZ
remâcher,R°maSe
remède-miracle,R°mEdmiRakl
remédiable,R2medjabl
renardeau,R°naRdo
reneiger,R°nEZe
renettoyer,R2nEtwaje
renflouage,R@fluaZ
renflouement,R@flum@
renfrognement,R@fRON°m@
renfrogner,R@fRoNe
rengagement,R@gaZ°m@
reniflement,R°nifl°m@
renoncule,R°n§kyl
renoter,R2nOte
rentamer,R@tame
renâcler,R°nakle
repaver,R2pave
repeuplement,R°p9pl°m@
repliement,R°plim@
replâtrer,R°platRe
repose-pied,R°pozpje
reproposer,R2pROpoze
reps,REps
republication,R2pyblikasj§
requalifier,R2kalifje
requin-baleine,R2k5balEn
resalir,R2saliR
resocialisation,R2sosializasj§
responsabilisation,REsp§sabilizasj§
ressaut,R°so
ressemer,R2s°me
ressourcement,R°suRs°m@
retapeur,R2tap9R
retendre,R°t@dR
retirable,R2tiRabl
retombe,R°t§b
retoucheur,R°tuS9R
retraduction,R2tRadyksj§
retraire,R°tRER
retransférer,R2tR@sfeRe
retreinte,R°tR5t
retuer,R2t8e
reubeu,R9b2
revalidation,R°validasj§
revendable,R°v@dabl
revernir,R2vERniR
revirer,R2viRe
revivifier,R2vivifje
revomir,R°vomiR
rexiste,REksist
rez-de-jardin,Red°ZaRd5
rhabillage,RabijaZ
rhizome,Rizom
rhodamine,ROdamin
rhumatoïde,RymatOid
rhétoricien,RetoRisj5
rhô,Ro
rial,Rjal
riboteur,RibOt9R
ricanant,Rikan@
ridiculisation,Ridikylizasj§
ridule,Ridyl
rifain,Rif5
riflard,RiflaR
rigaudon,Rigod§
rigidifier,RiZidifje
rigolard,RigolaR
rimailleur,Rimaj9R
rimaye,Rimaj
rioja,Rjoxa
risibilité,Rizibilite
risorius,RizoRjys
rissoler,Risole
ritournelle,RituRnEl
ritualiste,Rit8alist
rivetage,Riv°taZ
riveteuse,Riv°t2z
rivoir,RivwaR
rochet,RoSE
rococo,Rokoko
roi-roi,RwaRwa
roidir,RwadiR
rolle,ROl
rom,ROm
romanichel,RomaniSEl
romanticisme,ROm@tisism
rosicrucien,RozikRysj5
rosicrucienne,RozikRysjEn
rossée,Rose
roséole,RozeOl
rotationnel,ROtasjOnEl
rotatoire,RotatwaR
rote,ROt
roteur,ROt9R
rotondité,Rot§dite
rotoplos,ROtOplo
rotoplots,Rotoplo
rouerie,RuRi
rouspétance,Ruspet@s
rousseauiste,Rusoist
roussette,RusEt
roussi,Rusi
rouston,Rust§
routard,RutaR
royalty,Rwajalti
rubia,Rybja
rudiment,Rydim@
rufian,Ryfj@
ruisselet,R8is°lE
ruissellement,R8isEl°m@
ruminant,Rymin@
russophone,RysofOn
râble,Rabl
râblé,Rable
râteler,Rat°le
réacheminer,ReaS2mine
réactant,Reakt@
réactionnel,ReaksjonEl
réactualisation,Reakt8alizasj§
réaffirmation,ReafiRmasj§
réalimenter,Realim@te
réamorçage,ReamORsaZ
réappeler,Reap°le
réargenter,ReaRZ@te
réattaquer,Reatake
réchauffage,ReSofaZ
récidivant,Residiv@
récipiendaire,Resipj@dER
récitatif,Resitatif
récoltable,RekOltabl
récréer,RekRee
récupérateur,RekypeRat9R
rédactionnel,RedaksjOnEl
réductionniste,Redyksjonist
réemballer,Re@bale
réenterrer,Re@teRe
réentraîner,Re@tREne
réenvahir,Re@vaiR
réformisme,RefORmism
réfractionniste,RefRaksjOnist
réfutable,Refytabl
référencement,RefeR@s°m@
régale,Regal
régalien,Regalj5
réglette,ReglEt
régnant,ReN@
régularisation,RegylaRizasj§
réincarcérer,Re5kaRseRe
réinfecter,Re5fEkte
réinvention,Re5v@sj§
réinvestissement,Re5vEstis°m@
réinviter,Re5vite
rémanence,Reman@s
rénine,Renin
rénovateur,Renovat9R
réoccuper,Reokype
réparti,RepaRti
répresseur,RepRes9R
répugner,RepyNe
résiliable,Reziljabl
résistible,Rezistibl
résorbable,RezORbabl
résultant,Rezylt@
résultante,Rezylt@t
réséquer,Reseke
réticulé,Retikyle
rétinal,Retinal
rétorquer,RetORke
rétractile,RetRaktil
rétrogression,RetRogREsj§
réunionnite,Reynjonit
réversibilité,RevERsibilite
réviseur,Reviz9R
révolutionnairement,RevOlysjOnER°m@
révérenciel,ReveR@sjEl
réédifier,Reedifje
rééditer,Reedite
réélus,Reely
rééquilibrage,ReekilibRaZ
rééquiper,Reekipe
rêvasserie,REvas°Ri
rôle-titre,RoltitR
rônier,Ronje
sablière,sablijER
sabéen,sabe5
saccharomyces,sakaRomisEs
sadiquement,sadik°m@
safari-photo,safaRifoto
sagaie,sagE
saharien,saaRj5
saillir,sajiR
saint-glinglin,s5gl5gl5
sais,sE
salin,sal5
salisseur,salis9R
salivation,salivasj§
salmonidé,salmOnide
salpingite,salp5Zit
salubre,salybR
salueur,sal89R
salvadorienne,salvadoRjEn
samaritain,samaRit5
samaritaine,samaRitEn
sanctification,s@ktifikasj§
sandre,s@dR
sanglotant,s@glot@
sanguine,s@gin
sans-coeur,s@k9R
sanskrit,s@skRi
santiag,s@tjag
sapajou,sapaZu
sarcine,saRsin
sarclette,saRklEt
saroual,saRwal
sarracénie,saRaseni
sarriette,saRjEt
satrapie,satRapi
satyrique,satiRik
saucissonner,sosisone
saumurage,somyRaZ
saumurer,somyRe
sautelle,sotEl
sauvageon,sovaZ§
sauve,sov
saï,sai
scalpeur,skalp9R
scatologie,skatoloZi
scatologique,skatoloZik
scellage,sElaZ
scellement,sEl°m@
scheik,SEk
schizophasie,skizofazi
schnouf,Snuf
schnouff,Snuf
schématiquement,Sematik°m@
sciant,sj@
scientificité,sj@tifisite
scirpe,siRp
scissiparité,sisipaRite
scléreux,skleR2
scolairement,skolER°m@
scolarisation,skolaRizasj§
scolariser,skolaRize
scolastique,skolastik
scolyte,skolit
scopie,skopi
scotch-terrier,skOtStERje
scribouiller,skRibuje
scrofulaire,skROfylER
scrotal,skROtal
scrupulosité,skRypylozite
scène-clé,sEnkle
scénarimage,senaRimaZ
scénaristique,senaRistik
scénographique,senogRafik
secréter,s°kRete
sectionnement,seksjOn°m@
sectorisation,sEktORizasj§
seigneurial,sEN9Rjal
seing,s5
self-made-men,sElfmEjdmEn
semblablement,s@blabl°m@
semestriel,s°mEstRijEl
semestriellement,s2mEstRijEl°m@
semi-circulaire,s°misiRkylER
semi-officiel,s°miofisjEl
semi-ouvert,s2miuvER
semi-perméable,s2mipERmeabl
semi-précieuse,s°mipResj2z
semi-public,s2mipyblik
semi-rigide,s°miRiZid
sempiternellement,s@pitERnEl°m@
sentimentaliser,s@tim@talize
septentrional,sEpt@tRijonal
septuor,sEpt8OR
septuple,sEptypl
sequin,s°k5
sergot,sERgo
serpe,sERp
serpenteau,sERp@to
serrage,sERaZ
serre-joint,sERZw5
sert,sER
sertir,sERtiR
serval,sERval
serviabilité,sERvjabilite
servilité,sERvilite
servomoteur,sERvomOt9R
servomécanisme,sERvomekanizm
sexto,sEksto
sextuple,sekstypl
sexualiser,sEks8alize
shako,Sako
shamisen,Samiz°n
shanghaien,S@gaj5
shilom,SilOm
shingle,S5gl
shintô,Sinto
shogunal,Sogynal
shrapnell,SRapnEl
siam,sjam
sidérite,sideRit
sienne,sjEn
sifflotement,siflOt°m@
sigmoïde,sigmoid
signaliser,siNalize
siliconer,silikone
silionne,siljOn
sillet,sijE
similicuir,similik8iR
similor,similOR
simoun,simun
singe-araignée,s5ZaRENe
singerie,s5Z°Ri
singes,s5Z
sinistrement,sinistR°m@
sino-américain,sinoameRik5
sino-arabe,sinoaRab
sismologique,sismoloZik
sismomètre,sismomEtR
sismothérapie,sismoteRapi
sitariste,sitaRist
situationnel,sit8asjOnEl
situationnisme,sit8asjonizm
sixièmement,sizjEm°m@
sixtus,sikstys
skiable,skjabl
skydome,skajdom
slovaque,slovak
slush,sl9S
smocks,smok
sociabiliser,sOsjabilize
socialo,sOsjalo
sociobiologie,sosjobjoloZi
sociopolitique,sOsjopOlitik
sociétaire,sosjetER
soixante-dix-neuf,swas@tdizn9f
soixante-huitard,swas@t8itaR
soixante-treize,swas@ttREz
solanacée,solanase
soldeur,sOld9R
solenniser,sOlanize
solidification,solidifikasj§
soliloque,solilOk
solipsisme,solipsizm
solitairement,solitER°m@
solubilité,solybilite
sonagramme,sOnagRam
sondé,s§de
songe-creux,s§ZkR2
sonoluminescence,sonolyminEs@s
sonothèque,sOnOtEk
sorite,sORit
sororal,soRoRal
souchet,suSE
soudard,sudaR
soufflement,sufl°m@
soufré,sufRe
soulageant,sulaZ@
soumissionner,sumisjone
souquer,suke
sourcilleux,suRsij2
sous-classe,suklas
sous-dominante,sudomin@t
sous-garde,sugaRd
sous-groupe,sugRup
sous-humanité,suzymanite
sous-marque,sumaRk
sous-ordre,suzORdR
sous-titrer,sutitRe
souscripteur,suskRipt9R
souscrit,suskRi
soutenant,sut°n@
sovkhoze,sOvkoz
soûlant,sul@
soûlaud,sulo
spamming,spamiG
spartéine,spaRtein
spasmodiquement,spasmodik°m@
spasmophilie,spasmofili
spastique,spastik
spatialement,spasjal°m@
spatuler,spatyle
spectrohéliographe,spEktRoeljOgRaf
spectrométrique,spEktRometRik
spectrophotomètre,spEktRofOtomEtR
spectroscopie,spEktRoskopi
spermatique,spERmatik
spermato,spERmato
spermogramme,spERmogRam
sphaigne,sfEN
sphénoïde,sfenoid
sphériquement,sfeRik°m@
spi,spi
spiralé,spiRale
spiritualiste,spiRit8alist
spiritueux,spiRit82
spiruline,spiRylin
spitz,spits
splitter,splite
spoiler,spOjlER
spolié,spolje
spondylarthrose,sp§dilaRtRoz
spondylite,sp§dilit
spore,spOR
sprinteur,spRint9R
squatteur,skwat9R
squeezer,skwiz9R
squire,skwajR
sri lankais,sRil@kE
stagflation,stagflasj§
staphylococcie,stafilokOksi
staphylococcique,stafilokOksik
star-system,staRsistEm
stat,stat
stater,state
statufier,statyfje
staturo-pondéral,statyRop§deRal
stencil,stEnsil
sterno-cléido-mastoïdien,stERnokleidomastOidj5
stigmatiser,stigmatize
stipulation,stipylasj§
stochastique,stOkastik
storage,stORaZ
stoïcien,stoisj5
stramoine,stRamwan
stratification,stRatifikasj§
stratus,stRatys
stratégiste,stRateZist
strelitzia,stRElitsja
streptococcie,stREptokOksi
streptococcique,stREptOkOksik
streptokinase,stREptOkinaz
stricto sensu,stRiktos5sy
stridence,stRid@s
stripper,stRip9R
structuraliste,stRyktyRalist
strychnos,stRiknos
studiolo,stydjOlo
stygien,stiZj5
stylisation,stilizasj§
stylographe,stilogRaf
styloïde,stilOid
stère,stER
stéarate,steaRat
stéarique,steaRik
sténotype,stenotip
stérilisant,steRiliz@
stéréophonie,steReofoni
stéréoscope,steReoskOp
stéréotyper,steReOtipe
suavement,s8av°m@
sub-claquant,sybklak@
sub-vocal,sybvokal
sub-véhiculaire,sybveikylER
sub-zéro,sybzeRo
suber,sybER
subjectivement,sybZEktiv°m@
subjugation,sybZygasj§
sublimité,syblimite
subordination,sybORdinasj§
suborneur,sybORn9R
subrécargue,sybRekaRg
subsistant,sybzist@
suburbain,sybyRb5
succulence,sykyl@s
sud-coréen,sydkoRe5
suggestionner,sygZEstjone
suggestivité,sygZEstivite
suiv,s8iv
sulfater,sylfate
sulfhydrique,sylfidRik
sulfonique,sylfOnik
super-pilote,sypERpilOt
superfamille,sypERfamij
superpuissant,sypERp8is@
suppurant,sypyR@
suppuration,sypyRasj§
supputer,sypyte
supraconductivité,sypRak§dyktivite
supranaturel,sypRanatyREl
supraterrestre,sypRatEREstR
suractiver,syRaktive
suraigu,syRegy
surarmement,syRaRm2m@
surbrillance,syRbRij@s
surchoix,syRSwa
surcompensation,syRk§p@sasj§
surdosage,syRdozaZ
surdévelopper,syRdev°lOpe
suremploi,syR@plwa
surestimation,syREstimasj§
surfacer,syRfase
surgeler,syRZ°le
surgé,syRZe
surimi,syRimi
surinvestissement,syR5vEstis°m@
surmédicalisation,syRmedikalizasj§
surnager,syRnaZe
surnuméraire,syRnymeRER
suroxygéner,syROksiZene
surpeupler,syRp9ple
surplomber,syRpl§be
surpresseur,syRpRes9R
surpuissance,syRp8is@s
surrénal,syRRenal
surrénalien,syRRenalj5
surréservation,syRezERvasj§
sursitaire,syRsitER
surtaxer,syRtakse
survivaliste,syRvivalist
surévaluation,syReval8asj§
sus-orbitaire,sysORbitER
suspens,sysp@
suspenseur,sysp@s9R
sustentation,syst@tasj§
susurrer,sysyRe
suzeraineté,syzREn°te
suçage,sysaZ
suçoter,sysote
syllabus,silabys
syllogistique,siloZistik
sylviculture,silvikyltyR
symbionte,s5bj§t
symboliste,s5bolist
sympathectomie,s5patEktomi
sympathomimétique,s5patomimetik
synchrotron,s5kRotR§
syncopal,s5kopal
syncoper,s5kOpe
syncytial,s5sitjal
synesthésie,sinEstezi
synopsie,sinOpsi
synoptique,sinOptik
syntaxique,s5taksik
synthétiquement,s5tetik°m@
syringomyélie,siR5gOmjeli
systole,sistOl
syénite,sjenit
sèvres,sEvR
sébaste,sebast
séborrhéique,sebOReik
sécessionniste,sesesjOnist
séchard,seSaR
sécherie,seS°Ri
sécréteur,sekRet9R
sécrétine,sekRetin
séculariser,sekylaRize
sécurisation,sekyRizasj§
séfarade,sefaRad
séide,seid
sélectionneuse,selEksjOn2z
sélectivité,selEktivite
séminome,seminom
sémiologie,semjoloZi
sémite,semit
sénescence,senes@s
sénéchal,seneSal
sépale,sepal
sépharade,sefaRad
sépulcral,sepylkRal
séquentiellement,sek@sjEl°m@
sériel,seRjEl
sérique,seRik
tabassée,tabase
tabla,tabla
tabloïd,tablOid
tabulateur,tabylat9R
tacitement,tasit°m@
tafia,tafja
tagliatelle,tagliatEl
tailleur-pantalon,taj9Rp@tal§
talbin,talb5
taller,tale
talocher,taloSe
tamarinier,tamaRinje
tamaris,tamaRis
tamisage,tamizaZ
tamise,tamiz
tanaisie,tanEzi
tancer,t@se
tandis qu,t@dik
tangibilité,t@Zibilite
tannage,tanaZ
tannin,tan5
taon,t@
tapement,tap°m@
tapis-brosse,tapibROs
tarabiscoté,taRabiskote
tardigrade,taRdigRad
tarification,taRifikasj§
tarpéienne,taRpejEn
tarsier,taRsje
tarte-minute,taRtminyt
tartufe,taRtyf
tasmanien,tasmanj5
tasseau,taso
taste-vin,tajst°v5
tatane,tatan
taupé,tope
tautologie,totoloZi
taximètre,taksimEtR
taxinomiste,taksinOmist
taxiphone,taksifOn
taxonomie,taksonomi
taxonomique,taksOnOmik
tchin tchin,tSintSin
tec,tEk
technétium,tEknesjOm
teinter,t5te
tendreté,t@dR°te
tentaculaire,t@takylER
tenure,t2nyR
tepidarium,tepidaRjOm
tercio,tERsjo
terrassement,tERas°m@
terre-neuvien,tERn9vj5
test-match,tEstmatS
teste,tEst
thalamique,talamik
thalassothérapie,talasoteRapi
thalassémie,talasemi
thanatologie,tanatoloZi
thanatopraxie,tanatopRaksi
thermodynamique,tERmodinamik
thermoluminescence,tERmolyminEs@s
thermorégulateur,tERmoRegylat9R
thesaurus,tesORys
thoron,tOR§
thrombolyse,tR§bOliz
thrombolytique,tR§bOlitik
thug,tyg
thyréotoxicose,tiReotOksikoz
théier,teje
théine,tein
théodolite,teOdOlit
thésard,tezaR
thésaurus,tesORys
tiercé,tjERse
tigré,tigRe
tiller,tije
time-sharing,tajmSERiG
tire-botte,tiRbOt
tire-fesse,tiRfEs
tisonner,tizone
titanique,titanik
titubant,tityb@
tiédir,tjediR
toffee,tOfi
toiletter,twalEte
tolet,tolE
toluidine,tOl8idin
tombereau,t§b°Ro
tonifier,tonifje
tope,tOp
topologique,topoloZik
toquante,tok@t
torana,tORana
torturant,tORtyR@
totalisant,totaliz@
totalisateur,totalizat9R
totémisme,totemism
touche-touche,tuStuS
touchette,tuSEt
touille,tuj
tourlourou,tuRluRu
tournette,tuRnEt
tournicoter,tuRnikote
toussotement,tusOt°m@
toussoter,tusote
tout-fou,tufu
tout-étoile,tutetwal
tracasserie,tRakas°Ri
tractage,tRaktaZ
tractation,tRaktasj§
tranchage,tR@SaZ
tranchoir,tR@SwaR
transaminase,tR@zaminaz
transborder,tR@sbORde
transcripteur,tR@skRipt9R
transdermique,tR@sdERmik
transformable,tR@sfORmabl
transformant,tR@sfORm@
transformiste,tR@sfORmist
transfuseur,tR@sfyz9R
transfusé,tR@sfyze
transhumance,tR@zym@s
transillumination,tR@zilyminasj§
transitif,tR@zitif
transitoirement,tR@zitwaR°m@
translater,tR@slate
translocation,tR@slOkasj§
transmuter,tR@smyte
transnational,tR@snasjOnal
transocéanique,tR@zOseanik
transsexualisme,tR@seksyalizm
transsexualité,tR@ssEks8alite
transversalement,tR@svERsal°m@
traumatologique,tRomatOlOZik
traversable,tRavERsabl
travois,tRavwa
trax,tRaks
traînage,tREnaZ
traîne-misère,tREnmizER
traîne-savate,tREnsavat
traîne-semelles,tREns°mEl
traîtreusement,tREtR2z°m@
trekkeur,tREk9R
trembleur,tR@bl9R
trente-neuvième,tR@tn9vjEm
tressauter,tResote
trias,tRijas
tribulation,tRibylasj§
trichloracétique,tRiklORasetik
trichlorure,tRiklORyR
tricorne,tRikORn
trifolium,tRifoljOm
trilingue,tRil5g
trimballage,tR5balaZ
tringlette,tR5glEt
trinidadienne,tRinidadjEn
trinôme,tRinom
triolisme,tRiolizm
triomphalisme,tRij§falism
trional,tRijOnal
tripang,tRip@
tripartite,tRipaRtit
triphosphate,tRifOsfat
triplement,tRipl°m@
triploïde,tRiplOid
trisaïeul,tRizaj9l
trisomie,tRizOmi
trivialement,tRivjal°m@
trocart,tRokaR
troglodytique,tROglOditik
trois-deux,tRwad2
trois-points,tRwapw5
trois-six,tRwasis
trombine,tR§bin
tromboniste,tR§bOnist
trompeusement,tR§p2z°m@
tronconique,tR§konik
tronquer,tR§ke
trop-perçu,tRopERsy
troposphère,tRoposfER
trotteur,tRot9R
trottinement,tRotin°m@
trousser,tRuse
troène,tRoEn
trumeau,tRymo
trypsine,tRipsin
trébuchement,tRebyS°m@
trébuchet,tRebySE
trépasser,tRepase
trépassé,tRepase
trépignant,tRepiN@
trépignement,tRepiN°m@
trôler,tRole
tsoin-tsoin,tsw5tsw5
tss-tss,tsts
tuber,tybe
tubule,tybyl
tubérosité,tybeRozite
tuf,tyf
tulipier,tylipje
tumescent,tymEs@
turbocompresseur,tyRbok§pRes9R
turboréacteur,tyRboReakt9R
turbotière,tyRbotjER
turlu,tyRly
turlupiner,tyRlypine
turlututu,tyRlytyty
tussilage,tysilaZ
tussor,tysOR
tutélaire,tytelER
tympanique,t5panik
typographe,tipogRaf
tâcheron,taS°R§
tégumentaire,tegym@tER
télescoper,telEskope
télexer,telEkse
télécinéma,telesinema
télédiffusion,teledifyzj§
téléfax,telefaks
téléguider,telegide
télégénie,teleZeni
télématique,telematik
téléologique,teleoloZik
télépathiquement,telepatik°m@
téléport,telepOR
téléreportage,teleR°pORtaZ
télésurveillance,telesyRvEj@s
télétravail,teletRavaj
télévendeur,telev@d9R
télévente,telev@t
témoin-vedette,temw5v°dEt
ténèbre,tenEbR
térébinthe,teReb5t
tétra,tetRa
tétralogie,tetRaloZi
tête-de-mort,tEtd°mOR
tôlier,tolje
uht,yt
ulcéreux,ylseR2
ulcéré,ylseRe
ulna,ylna
ulnaire,ylnER
ultimement,yltim°m@
ultra-sensible,yltRas@sibl
ultra-violet,yltRavjolE
ultraléger,yltRaleZe
ultravirus,yltRaviRys
unau,yno
unetelle,yn°tEl
unguéal,§g8eal
unicorne,ynikORn
uniformisation,ynifORmizasj§
universaliste,ynivERsalist
upas,ypas
updater,9pdate
urbaniste,yRbanist
urbi et orbi,uRbiEtORbi
urgemment,yRZam@
urger,yRZe
urokinase,yRokinaz
urologique,yROlOZik
usiner,yzine
usuraire,yzyRER
vaccinal,vaksinal
vacillement,vasij°m@
vacuole,vak8Ol
vacuolisation,vak8Olizasj§
vagotomie,vagOtOmi
valaque,valak
valetaille,val°taj
valeureusement,val9R2z°m@
valorisation,valoRizasj§
valpolicella,valpolitSEla
valseur,vals9R
valétudinaire,valetydinER
vamp-club,v@pkl9b
vandale,v@dal
var,vaR
varan,vaR@
variant,vaRj@
varice,vaRis
variétal,vaRjetal
varlet,vaRlE
vasculo-nerveux,vaskylonERv2
vaseliner,vaz°line
vasodilatateur,vazodilatat9R
vasodilatation,vazodilatasj§
vasopressine,vazopResin
vasque,vask
vau,vo
veld,vEld
velte,vElt
velux,v2luks
venette,v°nEt
ventail,v@taj
ventis,v@ti
ventripotent,v@tRipot@
ventrière,v@tRijER
ventrée,v@tRe
verbatim,vERbatim
vergeture,vERZ°tyR
verjus,vERZy
vermifuge,vERmifyZ
vermoulu,vERmuly
vermout,vERmut
vernaculaire,vERnakylER
vernal,vERnal
versification,vERsifikasj§
verticille,vERtisil
vertugadin,vERtygad5
vesce,vEs
viander,vj@de
viatique,vjatik
vibratile,vibRatil
vice-premier,vispR°mje
vichyste,viSist
victuaille,vikt8aj
vidangeur,vid@Z9R
vidicon,vidik§
viduité,vid8ite
vidéogramme,videOgRam
vidéophonie,videOfOni
vigiler,viZile
villégiaturer,vileZjatyRe
viner,vine
vingt-cinquième,v5ts5kjEm
vingt-et-unième,v5teynjEm
vingt-neuvième,v5tn9vjEm
vingt-quatrième,v5tkatRijEm
vingt-sixième,v5tsizjEm
vingt-troisième,v5ttRwazjEm
vins,v5
violacé,vjolase
virago,viRago
virilement,viRil°m@
viriliser,viRilize
visagiste,vizaZist
visioconférence,vizjok§feR@s
visiophone,vizjofOn
vitaliser,vitalize
vitellin,vitel5
vitiligo,vitiligo
vitrifier,vitRifje
vitrioler,vitRiole
vivification,vivifikasj§
vivifier,vivifje
vocalement,vokal°m@
vocaliser,vokalize
vocatif,vokatif
vocodeur,vOkOd9R
voisiner,vwazine
voiture-bar,vwatyRbaR
voiture-lit,vwatyRli
volatilisation,volatilizasj§
volcanologique,vOlkanoloZik
volerie,vOl°Ri
voletant,vOl°t@
voltairien,vOltERj5
voltaïque,vOltaik
volter,vOlte
volumique,vOlymik
voluptueusement,volypt82z°m@
volve,vOlv
volémie,vOlemi
vomito negro,vomitonegRo
votant,vot@
votif,votif
vouge,vuZ
voyer,vwaje
voûter,vute
vrillette,vRijEt
vrillé,vRije
vrombissant,vR§bis@
vulcanienne,vylkanjEn
vulcaniser,vylkanize
vulcanisé,vylkanize
vulgarisation,vylgaRizasj§
vulgariser,vylgaRize
vulgum pecus,vylgOmpekys
vécés,vese
végétalisme,veZetalism
véhémentement,veem@t°m@
véliplanchiste,velipl@Sist
vélo-pousse,velopus
vélocement,velOs°m@
vénusien,venyzj5
vénéréologie,veneReoloZi
véridiquement,veRidik°m@
vêler,vele
wagnérien,vagneRj5
wagon-salon,vag§sal§
wallon,wal§
walter,waltER
white-spirit,wajtspiRit
winchester,wintSEstER
wintergreen,wint2RgRin
wishbone,wiSbon
witz,witz
woofer,wuf9R
xiang,gzj@g
xénogenèse,gzenoZ°nEz
xénogreffe,gzenogREf
xérographie,kseROgRafi
xérographique,gzeRogRafik
yakitori,jakitORi
yatagan,jatag@
yearling,j9RliG
ylang-ylang,il@il@
yorkshire,jORkSiR
youtre,jutR
zaibatsu,zajbatsu
zanzibar,z@zibaR
zaïrois,zaiRwa
zef,zEf
zester,zEste
zigomar,zigomaR
zinnia,zinja
zloty,zloti
zodiac,zOdjak
zoning,zoniG
zoophile,zoofil
zoroastrisme,zoRoastRizm
zouk,zuk
zoziaux,zozjo
zozotement,zozOt°m@
zydeco,zid2ko
à croupetons,akRup°t§
à l'encan,al@k@
à touche-touche,atuStuS
éberluer,ebERl8e
éberlué,ebERl8e
ébouler,ebule
ébouriffant,ebuRif@
ébranlement,ebR@l°m@
ébrouer,ebRue
échassier,eSasje
écher,eSe
échevelé,eS°v°le
échocardiographie,ekokaRdjOgRafi
échographier,ekogRafje
échographiste,ekogRafist
écholocation,ekolOkasj§
échouage,eSwaZ
éclaboussement,eklabus°m@
éclaircissage,eklERsisaZ
écliptique,ekliptik
écologiquement,ekoloZik°m@
écorcer,ekORse
écorchage,ekORSaZ
écosphère,ekosfER
écosse,ekOs
écotone,ekOtOn
écouvillon,ekuvij§
écrabouillage,ekRabujaZ
écrivailleur,ekRivaj9R
écumant,ekym@
édicter,edikte
éducationnel,edykasjOnEl
édulcorant,edylkoR@
édénique,edenik
égalable,egalabl
égalisateur,egalizat9R
égoutier,egutje
égrenage,egR°naZ
éjaculat,eZakyla
élasticimétrie,elastisimetRi
élastomère,elastomER
électif,elEktif
électrobiologie,elEktRobjoloZi
électrologie,elEktROlOZi
électronucléaire,elEktRonykleER
électrophorèse,elEktROfOREz
éliciter,elisite
élimer,elime
éliminateur,eliminat9R
élimé,elime
élucubrer,elykybRe
élytre,elitR
éléphantiasique,elef@tjazik
émailler,emaje
émargement,emaRZ°m@
émeutier,em2tje
émonder,em§de
émoulu,emuly
émuler,emyle
émulsifiant,emylsifj@
émulsifier,emylsifje
émétine,emetin
énergisant,enERZiz@
énucléation,enykleasj§
énurétique,enyRetik
éocène,eOsEn
éosine,eOzin
épargnant,epaRN@
éparpillement,epaRpij°m@
épart,epaR
épendyme,ep@dim
éphéméride,efemeRid
épicanthus,epik@tys
épicondyle,epik§dil
épidémiologiste,epidemjoloZist
épigastrique,epigastRik
épigramme,epigRam
épigraphe,epigRaf
épileptiforme,epilEptifORm
épinaie,epinE
épinette,epinEt
épinglage,ep5glaZ
épinglette,ep5glEt
épiphysaire,epifizER
épiphyte,epifit
épiscopal,episkopal
épisodique,epizodik
épisodiquement,epizodik°m@
épistolier,epistolje
épithélioma,epiteljoma
épluche-légumes,eplySlegym
épouillage,epujaZ
époxyde,epOksid
épucer,epyse
équarri,ekaRi
équarrir,ekaRiR
équatorial,ekwatoRjal
équatorien,ekwatoRj5
équeuter,ek2te
équivoquer,ekivOke
éradicateur,eRadikat9R
éreinteur,eR5t9R
érodé,eRode
érotiquement,eRotik°m@
érotiser,eRotize
éructation,eRyktasj§
étale,etal
étalonner,etalone
étambot,et@bo
étatisme,etatizm
étayage,etejaZ
éthane,etan
éthologue,EtOlOg
éthérique,eteRik
étiologique,etjOlOZik
étirable,etiRabl
étouffe-chrétien,etufkRetj5
étourdiment,etuRdim@
étrille,etRij
étripage,etRipaZ
étymologiquement,etimoloZik°m@
évanescent,evanes@
évangélisateur,ev@Zelizat9R
évangélisation,ev@Zelizasj§
évasivement,evaziv°m@
éveinage,evEnaZ
évertuer,evERtye
évider,evide
a contrario,ak§tRaRjo
a giorno,adZjORno
ab absurdo,abapsuRdo
ab ovo,abovo
abandonnique,ab@donik
abaque,abak
abat-son,abas§
abatage,abataZ
abatis,abati
abbatial,abasjal
abbatiale,abasjal
abhorrer,abORe
abhorré,abORe
abjuration,abZyRasj§
abkhaze,abkaz
ablatif,ablatif
ablette,ablEt
aboi,abwa
abominer,abomine
abornement,abORn°m@
aboucher,abuSe
aboulie,abuli
aboulique,abulik
aboutissant,abutis@
abreuvage,abR9vaZ
abreuvé,abR9ve
abri-refuge,abRiR°fyZ
abricotine,abRikotin
abrutisseur,abRytis9R
abréviatif,abRevjatif
abscission,apsisj§
abside,apsid
absidiole,apsidjOl
absolvant,apsOlv@
absoute,apsut
abstraitement,apstREt°m@
abstrus,apstRy
abyssin,abis5
abâtardir,abataRdiR
abêti,abeti
abêtissement,abetis°m@
académisme,akademizm
acagnarder,akaNaRde
accelerando,akseleRando
acclimatement,aklimat°m@
accolement,akOl°m@
accoler,akole
accordailles,akORdaj
accordement,akORd°m@
accore,akOR
accostant,akOst@
accoter,akote
accoudé,akude
accrochant,akRoS@
accroche-coeur,akROSk9R
accroupissement,akRupis°m@
accrue,akRy
accréditif,akReditif
accu,aky
achalandage,aSal@daZ
ache,aS
achetable,aS°tabl
achélème,akelEm
acqua-toffana,akwatofana
acquêt,akE
acrimonieusement,akRimonj2z°m@
acrocéphale,akRosefal
acropole,akRopOl
acrotère,akRotER
acré,akRe
action painting,akSj9npEjntiG
activant,aktiv@
acumen,akymEn
acéphale,asefal
ad libitum,adlibitOm
ad limina,adlimina
ad majorem dei gloriam,admaZoREmdeigloRjam
ad nutum,adnutOm
ad vitam aeternam,advitametERnam
adagio,adadZjo
adamantin,adam@t5
adamique,adamik
adiposité,adipozite
adja,adZa
adjupète,adZypEt
adjuration,adZyRasj§
adjurer,adZyRe
adjutrice,adZytRis
administrant,administR@
admirativement,admiRativ°m@
admixtion,admiksj§
admonestation,admonEstasj§
adonc,ad§k
adoncques,ad§k
adonies,adoni
adoptable,adOptabl
adoptant,adOpt@
adoucissant,adusis@
adret,adRE
adulateur,adylat9R
adultat,adylta
adultération,adylteRasj§
affablement,afabl°m@
affabuler,afabyle
affadir,afadiR
affadissement,afadis°m@
affairement,afER°m@
affairisme,afERizm
affectionner,afEksjone
affermissement,afERmis°m@
affichant,afiS@
affichiste,afiSist
affinage,afinaZ
affirmativement,afiRmativ°m@
affixé,afikse
affleurant,afl9R@
affleurer,afl9Re
affouage,afwaZ
affouillement,afuj°m@
affriander,afRij@de
affrioler,afRijole
affublement,afybl°m@
affurer,afyRe
afféterie,afet°Ri
agacerie,agas°Ri
agaceur,agas9R
agami,agami
agape,agap
agar-agar,agaRagaR
agathe,agat
agave,agav
agglo,aglo
agglomérat,aglomeRa
agglomérer,aglomeRe
aggloméré,aglomeRe
agglutinatif,aglytinatif
agglutinement,aglytin°m@
agglutinogène,aglytinoZEn
aglagla,aglagla
agnelage,aN2laZ
agneline,aN2lin
agnus-dei,agnusdei
agoniste,agonist
agoyate,agojat
agrainage,agREnaZ
agrarien,agRaRj5
agrippant,agRip@
agrippement,agRip°m@
agro,agRo
agrégatif,agRegatif
agrégative,agRegativ
agréger,agReZe
ahan,a@
ahanant,aan@
ahanement,aan°m@
ahaner,aane
ahurir,ayRiR
ahurissement,ayRis°m@
aide-bourreau,EdbuRo
aide-major,EdmaZOR
aide-ménagère,EdmenaZER
aide-pharmacien,EdfaRmasj5
aiglefin,Egl°f5
aigrelet,EgR°lE
aigrement,EgR°m@
aiguade,Egad
aiguail,Egaj
aigue-marine,EgmaRin
aiguière,EgjER
aimantation,Em@tasj§
aixois,Ekswa
ajaccienne,aZaksjEn
ajax,aZaks
ajointer,aZw5te
ajonc,aZ§
ajouré,aZuRe
ajusture,aZystyR
alanguir,al@giR
alanguissement,al@gis°m@
alarmisme,alaRmizm
alba,alba
albertine,albERtin
albigeois,albiZwa
alboche,albOS
albugo,albygo
albène,albEn
alcoomètre,alkomEtR
alcoran,alkoR@
alençonnais,al@sonE
alertement,alERt°m@
algébriquement,alZebRik°m@
algébriste,alZebRist
algérois,alZeRwa
alhambra,al@bRa
alidade,alidad
aligoté,aligote
alisier,alizje
alizé,alize
allaitant,alEt@
allegretto,alEgREto
alliacé,aljase
allobarbital,alobaRbital
allocations,alokasj§
allumoir,alymwaR
alluré,alyRe
allusif,alyzif
alléguer,alege
almée,alme
alourdissement,aluRdis°m@
alpage,alpaZ
alpe,alp
alpenstock,alp@stOk
alter,altER
altièrement,altjER°m@
altuglas,altyglas
alun,al1
alvéolé,alveole
alèze,alEz
aléser,aleze
amalgamer,amalgame
amanite,amanit
amarante,amaR@t
amaurose,amoRoz
ambitionner,@bisjone
amboine,@bwan
ambon,@b§
amenuisement,am2n8iz°m@
amerlo,amERlo
amignoter,amiNote
ammoniaqué,amonjake
ammonitrate,amOnitRat
amnistiable,amnistjabl
amollissant,amolis@
amollissement,amolis°m@
amorçoir,amORswaR
amour-goût,amuRgu
amour-passion,amuRpasj§
amourer,amuRe
amphigouri,@figuRi
amphigourique,@figuRik
amphitrite,@fitRit
ampélopsis,@pelOpsis
amure,amyR
améliorable,ameljoRabl
aménité,amenite
américanité,ameRikanite
américanophile,ameRikanofil
améthyste,ametist
anabase,anabaz
anachroniquement,anakRonik°m@
anadyomène,anadjomEn
anamnèse,anamnEz
anamorphose,anamORfoz
anaphoriquement,anafoRik°m@
anar,anaR
anarcho-syndicalisme,anaRkos5dikalizm
anarcho-syndicaliste,anaRkos5dikalist
anatomiser,anatomize
anatomiste,anatomist
anatomophysiologique,anatomofizjoloZik
ancestralité,@sEstRalite
anch'io son pittore,@kjosOnpitORe
anchilops,@kilOps
anchoïade,@Swajad
ancillaire,@silER
ancolie,@koli
andain,@d5
andante,@d@t
andouiller,@duje
andrinople,@dRinOpl
androgynie,@dRoZini
androgynique,@dRoZinik
anecdotiquement,anEkdOtik°m@
anglicisation,@glisizasj§
anglo-albanais,@gloalbanE
anglo-arabe,@gloaRab
anglo-hellénique,@gloelenik
anglo-irlandais,@gloiRl@dE
anglo-normand,@glonORm@
anglo-égyptien,@gloeZipsj5
anglo-éthiopien,@gloetjopj5
anglomane,@gloman
anglomanie,@glomani
anglophobie,@glofobi
angon,@g§
anguis,@gi
angulosité,@gylozite
angustura,@gystyRa
angéliquement,@Zelik°m@
angélisme,@Zelizm
animal-roi,animalRwa
animalcule,animalkyl
animalement,animal°m@
animique,animik
animisme,animizm
animiste,animist
anisé,anize
ankyloser,@kiloze
annamite,anamit
annelé,an°le
annihilant,aniil@
annonciation,an§sjasj§
anoblissement,anoblis°m@
anomoure,anomuR
anonymographe,anonimogRaf
anthropométrie,@tRopometRi
anthropométrique,@tRopometRik
anthropopithèque,@tRopopitEk
anthume,@tym
anti-apartheid,@tiapaRtEd
anti-aphrodisiaque,@tiafRodizjak
anti-bison,@tibiz§
anti-blouson,@tibluz§
anti-chambre,@tiS@bR
anti-char,@tiSaR
anti-cité,@tisite
anti-civilisation,@tisivilizasj§
anti-communisme,@tikomynizm
anti-conglutinatif,@tik§glytinatif
anti-dramatique,@tidRamatik
anti-débauche,@tideboS
anti-existence,@tiEgzist@s
anti-flingage,@tifl5gaZ
anti-flip,@tiflip
anti-frigo,@tifRigo
anti-instinct,@ti5st5
anti-japon,@tiZap§
anti-jeunes,@tiZ9n
anti-maison,@timEz§
anti-manoir,@timanwaR
anti-monde,@tim§d
anti-métaphysique,@timetafizik
anti-origine,@tioRiZin
anti-panache,@tipanaS
anti-pasteur,@tipast9R
anti-pub,@tipyb
anti-rapt,@tiRapt
anti-romain,@tiRom5
anti-société,@tisosjete
anti-soviétique,@tisovjetik
anti-tapisserie,@titapis°Ri
anti-temps,@tit@
anti-émotionnelle,@tiemosjonEl
antibolchevisme,@tibOlS°vizm
antibourgeois,@tibuRZwa
antibrouillard,@tibRujaR
anticalcaire,@tikalkER
anticatholique,@tikatolik
antichristianisme,@tikRistjanizm
antichrétien,@tikRetj5
anticipateur,@tisipat9R
anticipatoire,@tisipatwaR
anticléricalisme,@tikleRikalizm
anticolonialisme,@tikolonjalizm
anticonformisme,@tik§fORmizm
antidater,@tidate
antidreyfusisme,@tidREfyzizm
antienne,@tjEn
antifading,@tifEjdiG
antifascisme,@tifaSizm
antiféminisme,@tifeminizm
antigermanisme,@tiZERmanism
antimarxiste,@timaRksist
antimilitarisme,@timilitaRizm
antimonde,@tim§d
antinationaliste,@tinasjonalist
antinaturel,@tinatyREl
antinomie,@tinomi
antiparasitage,@tipaRazitaZ
antiphrase,@tifRaz
antipodaire,@tipodER
antipodiste,@tipodist
antipoliomyélitique,@tipoljomjelitik
antipopulaire,@tipopylER
antiquaille,@tikaj
antireligieux,@tiR°liZj2
antirusse,@tiR9s
antirépublicain,@tiRepyblik5
antisepsie,@tisEpsi
antisexuel,@tiseksyEl
antiskating,@tiskEjtiG
antisolaire,@tisolER
antisoviétique,@tisovjetik
antisoviétisme,@tisovjetizm
antispasmodique,@tispasmodik
antistalinien,@tistalinj5
antitout,@titu
antituberculeux,@titybERkyl2
antityphoïdique,@titifOidik
antonomase,@tonomaz
antonyme,@tonim
antépénultième,@tepenyltjEm
antérograde,@teRogRad
anémié,anemje
anémométrique,anemometRik
aoriste,aoRist
aoûtien,ausj5
apax,apaks
aphonie,afoni
aphrodisie,afRodizi
aphérèse,afeREz
apion,apj§
apivore,apivOR
aplat,apla
apodictique,apodiktik
apolitisme,apolitizm
apologue,apolOg
apologétique,apoloZetik
apostat,aposta
apostume,apOstym
apothicairerie,apotikER°Ri
apparaissant,apaREs@
apparaux,apaRo
apparenté,apaR@te
apparier,apaRje
appartement-roi,apaRt°m@Rwa
appauvrissant,apovRis@
appauvrissement,apovRis°m@
appeleur,ap°l9R
appert,apER
appesantissement,ap°z@tis°m@
appointer,apw5te
apprenti-sorcier,apR@tisORsje
apprivoiseur,apRivwaz9R
approbateur,apRobat9R
approbatif,apRobatif
approbativement,apRobativ°m@
appréciateur,apResjat9R
appui-main,ap8im5
appétence,apet@s
après-déjeuner,apREdeZ9ne
après-mort,apREmOR
aptère,aptER
aquarelliste,akwaRelist
aquilon,akil§
aquitain,akit5
arabisant,aRabiz@
arachnoïde,aRaknoid
aragonais,aRagonE
araigne,aREN
araignée-crabe,aRENekRab
aralia,aRalja
aramon,aRam§
aratoire,aRatwaR
araucan,aRok@
araucanien,aRokanj5
arbalétrier,aRbaletRije
arbi,aRbi
arbois,aRbwa
arc-boutement,aRkbut°m@
arc-bouter,aRkbute
arcan,aRk@
archangélique,aRk@Zelik
archaïsant,aRkaiz@
archi-blet,aRSiblE
archi-dégueu,aRSideg2
archi-libre,aRSilibR
archi-méfiance,aRSimefj@s
archi-plein,aRSipl5
archi-prouvé,aRSipRuve
archi-prudent,aRSipRyd@
archi-ringard,aRSiR5gaR
archi-vieux,aRSivj2
archiatre,aRSiatR
archiconnu,aRSikony
archimandrite,aRSim@dRit
architectonique,aRSitEktonik
architrave,aRSitRav
archiviste-paléographe,aRSivistpaleOgRaf
archivolte,aRSivOlt
archiépiscopal,aRSiepiskopal
archonte,aRk§t
ardillon,aRdij§
ardito,aRdito
ardre,aRdR°
ardéchois,aRdeSwa
ardûment,aRdym@
arganier,aRganje
argentier,aRZ@tje
argenton,aRZ@t§
argileux,aRZil2
argol,aRgOl
argousin,aRguz5
argutie,aRgysi
arianisme,aRjanizm
arioso,aRjozo
aristarque,aRistaRk
aristocratiquement,aRistokRatik°m@
aristocratisme,aRistokRatizm
aristoloche,aRistolOS
aristotélicien,aRistotelisj5
arithmomètre,aRitmomEtR
ariégeois,aRjeZwa
arkose,aRkoz
arlésien,aRlezj5
arlésienne,aRlezjEn
armadille,aRmadil
armorial,aRmoRjal
arménoïde,aRmenoid
arméria,aRmeRja
aronde,aR§d
arousal,aRuzal
arpion,aRpj§
arpète,aRpEt
arquebusade,aRk°byzad
arrache-clou,aRaSklu
arrière-automne,aRjERotOn
arrière-ban,aRjERb@
arrière-gorge,aRjERgORZ
arrière-grand-tante,aRjERgR@t@t
arrière-loge,aRjERlOZ
arrière-magasin,aRjERmagaz5
arrière-main,aRjERm5
arrière-monde,aRjERm§d
arrière-neveux,aRjERn°v2
arrière-petite-nièce,aRjERp°titnjEs
arrière-petits-fils,aRjERp°tifis
arrière-petits-neveux,aRjERp°tin°v2
arrière-saison,aRjERsEz§
arrogamment,aRogam@
arroger,aRoZe
arroi,aRwa
arrêt-buffet,aREbyfE
arrête-boeuf,aREtb9f
arsacide,aRsasid
arsouiller,aRsuje
arsénieux,aRsenj2
arthrodèse,aRtRodEz
article-choc,aRtikl°SOk
articulet,aRtikylE
artiflot,aRtiflo
artison,aRtiz§
artistement,aRtist°m@
artériectomie,aRteRjEktomi
arverne,aRvERn
aréopagite,aReopaZit
arétin,aRet5
ascèse,asEz
asepsie,asEpsi
aseptisation,asEptizasj§
ashanti,aS@ti
ashkénaze,aSkenaz
asilaire,azilER
aspirateurs-traîneaux,aspiRat9RtREno
aspre,aspR
aspérité,aspeRite
assaillant,asaj@
assavoir,asavwaR
assiettée,asjete
assimilant,asimil@
assistanat,asistana
assiégeant,asjeZ@
assombrissement,as§bRis°m@
assomption,as§psj§
assonance,ason@s
assoupissant,asupis@
assourdissement,asuRdis°m@
assureur-conseil,asyR9Rk§sEj
assyro,asiRo
astic,astik
astigmatisme,astigmatizm
astragale,astRagal
astrophore,astRofOR
asturienne,astyRjEn
asymétriquement,asimetRik°m@
atabeg,atab°g
atermoiement,atERmwam@
athanor,atanOR
athénienne,atenjEn
atomiste,atomist
atomisé,atomize
atrabilaire,atRabilER
attablé,atable
attaché-case,ataSekaz
attardement,ataRd°m@
attentatoire,at@tatwaR
attifiaux,atifjo
attique,atik
attisement,atiz°m@
attisoir,atizwaR
attouchement,atuS°m@
attriquer,atRike
attrouper,atRupe
aubain,ob5
aubette,obEt
aubier,obje
aubour,obuR
aubusson,obys§
aubère,obER
audiencia,odj@sja
augustin,ogyst5
augustinien,ogystinj5
aulique,olik
aulnaie,OnE
auloffée,olofe
aulos,olo
aulx,o
auner,one
auricule,oRikyl
aurige,oRiZ
aurochs,oROk
aurone,oROn
auroral,oRoRal
auréoler,oReole
auréolé,oReole
auréomycine,oReomisin
auscultation,oskyltasj§
aussière,osjER
austèrement,ostER°m@
ausweis,oswE
autan,ot@
auto-intoxication,oto5tOksikasj§
autobiographe,otobjogRaf
autocensurer,otos@syRe
autochenille,otoS°nij
autocréation,otokReasj§
autodestructible,otodEstRyktibl
autographier,otogRafje
autolysat,otoliza
automatico,otomatiko
autorail,otoRaj
autrichiens,otRiSj5
auvergnat,ovERNa
auvergne,ovERN
auverpin,ovERp5
auxdits,odi
auxerrois,osERwa
avalement,aval°m@
avant-avant-dernier,av@av@dERnje
avant-corps,av@kOR
avant-dîner,av@dine
avant-papier,av@papje
avant-port,av@pOR
avant-printemps,av@pR5t@
avarement,avaR°m@
avaricieusement,avaRisj2z°m@
avaricieux,avaRisj2
avaro,avaRo
aventuré,av@tyRe
avers,avER
aveugle-né,av9gl°ne
avignonnais,aviNonE
avitaminose,avitaminoz
avivé,avive
avoiner,avwane
avoisiner,avwazine
avoyer,avwaje
avrillée,avRije
avunculat,av§kyla
axiomatisation,aksijomatizasj§
axonge,aks§Z
ayuntamiento,ajuntamjEnto
azerbaïdjanais,azERbaidZanE
aérolithe,aeRolit
aéromodélisme,aeRomodelizm
aérostier,aeRostje
aître,EtR
babasse,babas
babillard,babijaR
babine,babin
babiroussa,babiRusa
bachi-bouzouk,baSibuzuk
bachique,baSik
badabam,badabam
badauder,badode
badauderie,badod°Ri
badigeon,badiZ§
badigeonnage,badiZonaZ
badigeonneur,badiZon9R
badigoinces,badigw5s
badois,badwa
baffle,bafl
bafouillis,bafuji
bagagerie,bagaZ°Ri
bagoter,bagote
bagotter,bagote
bagouse,baguz
baguenaude,bag°nod
bagué,bage
bailliage,bajaZ
baillive,bajiv
baisade,b°zad
baisement,bEz°m@
balafon,balaf§
balan,bal@
balandras,bal@dRa
balanstiquer,bal@stike
balançage,bal@saZ
balatum,balatOm
balayant,balEj@
balayure,balEjyR
balbutiement,balbysim@
baleiné,balene
balistiquement,balistik°m@
baliveau,balivo
balkanique,balkanik
balle-peau,balpo
ballonnant,balon@
ballote,balOt
ballottement,balot°m@
ballotté,balote
balluche,balyS
balluchonnage,balySonaZ
balsamier,balzamje
balsamine,balzamin
balthazar,baltazaR
balto,balto
baluba,balyba
baluchonnage,balySonaZ
baluchonner,balySone
baluchonneur,balySon9R
balustre,balystR
balzacien,balzasj5
bambara,b@baRa
banalisation,banalizasj§
bananer,banane
bananier,bananje
bandagiste,b@daZist
bandaison,b@dEz§
banderille,b@d°Rij
bandoline,b@dolin
bandonéon,b@done§
bangladais,b@gladE
bank-note,b@knOt
banyuls,banjyl
baou,bau
baptismal,batismal
baptistère,batistER
bar-restaurant,baRREstoR@
baralipton,baRalipt§
barbarement,baRbaR°m@
barbaresque,baRbaREsk
barbe-de-capucin,baRbdkapys5
barbet,baRbE
barbillon,baRbij§
barbiquet,baRbikE
barbot,baRbo
barbote,baRbOt
barbotière,baRbotjER
barbouillage,baRbujaZ
barbouilleur,baRbuj9R
barbouillis,baRbuji
barcasse,baRkas
bardeau,baRdo
baret,baRE
bariolage,baRjolaZ
barje,baRZ
baronner,baRone
barricadier,baRikadje
barrissement,baRis°m@
barriste,baRist
barrésien,baRezj5
baryte,baRit
barytonner,baRitone
bas-empire,baz@piR
bas-flanc,bafl@
basaltique,bazaltik
basane,bazan
basilicum,bazilikOm
basin,baz5
basoche,bazOS
bassa,basa
basse-taille,bastaj
bassinoire,basinwaR
bat-flanc,bafl@
bat-l'eau,balo
batailleur,bataj9R
bataillonnaire,batajonER
bateau-lavoir,batolavwaR
bateau-pompe,batop§p
bateleur,bat°l9R
batellerie,batEl°Ri
batik,batik
batiste,batist
battle-dress,bat9ldREs
baudelairien,bod°lERj5
bavocher,bavoSe
bayadère,bajadER
bayard,bajaR
bazardeur,bazaRd9R
beat generation,bitZeneRasj§
beauceron,bos°R§
beaujolpif,boZOlpif
beauvais,bovE
becquetance,bEk°t@s
beethovénien,betovenj5
belle-à-voir,bElavwaR
bellevillois,bel°vilwa
belliqueusement,belik2z°m@
belluaire,bEl8ER
belon,b°l§
beloter,b°lote
benjoin,b5Zw5
benoîte,b°nwat
benoîtement,b°nwat°m@
bercelonnette,bERs°lonEt
bercement,bERs°m@
berdouillette,bERdujEt
berlin,bERl5
berlingue,bERl5g
berloque,bERlOk
berlure,bERlyR
berlurer,bERlyRe
bernard-l'ermite,bERnaRlERmit
bernois,bERnwa
berrichon,bERiS§
bertha,bERta
berthe,bERt
besaiguë,b°zegy
besef,b°zEf
besogneux,b2zoN2
bestiaire,bEstjER
bestiasse,bEstjas
betteravier,bEt°Ravje
beuglement,b2gl°m@
beurrage,b9RaZ
bezef,bezEf
biafrais,bjafRE
bibard,bibaR
bibite,bibit
bibliographe,biblijogRaf
bibliophilie,biblijofili
bibliophilique,biblijofilik
bicause,bikoz
biclou,biklu
bicorne,bikORn
bicycliste,bisiklist
bicéphalie,bisefali
bidimensionnel,bidim@sjonEl
bidonnage,bidonaZ
bien-fonds,bj5f§
bien-manger,bj5m@Ze
bien-portant,bj5pORt@
bienheureusement,bj5n2R2z°m@
biface,bifas
biftèque,biftEk
bigaille,bigaj
bigarreau,bigaRo
bigarrer,bigaRe
bigarrure,bigaRyR
bigarré,bigaRe
bigle,bigl
bigler,bigle
bigne,biN
bignole,biNOl
bignolle,biNOl
bignon,biN§
bigophoner,bigofone
bigorne,bigORn
bigorner,bigORne
bigouden,bigudEn
bigre,bigR
bigue,big
bihebdomadaire,biEbdomadER
bihoreau,bioRo
bilbergia,bilbERZja
bilieux,bilj2
bilinguisme,bil5g8izm
billevesée,bil°v°ze
billon,bij§
bimétallisme,bimetalizm
binet-simon,binEsim§
bintje,bintS
biplan,bipl@
bipolarité,bipolaRite
birbe,biRb
bire,biR
biribi,biRibi
biscaïen,biskaj5
biseness,biznEs
bisette,bizEt
bisexué,biseks8e
bismarckien,bismaRkj5
bisness,biznEs
bistouille,bistuj
bistouriser,bistuRize
bistre,bistR
bistroquet,bistRokE
bistrotier,bistRotje
bistrouille,bistRuj
bisulfite,bisylfit
bithynien,bitinj5
bitos,bitOs
bitumeux,bitym2
biturin,bityR5
bizarde,bizaRd
bizou,bizu
black-bass,blakbas
blaisois,blEzwa
blanc-gris,bl@gRi
blanchecaille,bl@Skaj
blanchement,bl@S°m@
blanchet,bl@SE
blanchoiement,bl@Swam@
blancs-manteaux,bl@m@to
blanque,bl@k
blet,blE
blettir,bletiR
blettissement,bletis°m@
bleu-ciel,bl2sjEl
bleubite,bl9bit
bleui,bl2i
bleuir,bl2iR
bliaut,blijo
blondir,bl§diR
blottissement,blOtis°m@
bloum,blum
bluette,blyEt
bluter,blyte
blutoir,blytwaR
blèche,blES
blèsement,blEzm@
blédard,bledaR
blépharite,blefaRit
bobbies,bobi
bobinard,bobinaR
bobino,bobino
bobosse,bobOs
bobèche,bobES
boc,bOk
bocard,bokaR
bocson,bOks§
boguet,bOgE
bohême,boEm
boiseur,bwaz9R
boiterie,bwat°Ri
boitillant,bwatij@
bolcheviste,bOlS°vist
boldo,bOldo
bolduc,bOldyk
bolet,bolE
bolge,bOlZ
bolognais,boloNE
bombage,b§baZ
bombillement,b§bij°m@
bombinette,b§binEt
bonace,bonas
bonassement,bonas°m@
bonasserie,bonas°Ri
bondieuserie,b§dj2z°Ri
bondissement,b§dis°m@
bonification,bonifikasj§
bonimenter,bonim@te
bonir,boniR
bonneter,bOnEte
bonnir,boniR
borborygme,bORboRigm
borchtch,bORtS
bordage,bORdaZ
bordelais,bORd°lE
bordier,bORdje
bordille,bORdij
bordj,bORdZ
bordurer,bORdyRe
bordéliser,bORdelize
borie,boRi
bornage,bORnaZ
borne-fontaine,bORnf§tEn
borsalino,bORsalino
boskoop,bOskup
bosnien,bOsnj5
bosseler,bOs°le
bossellement,bosEl°m@
bosson,bos§
bossué,bos8e
bostonner,bOstone
botteler,bOt°le
bottillon,botij§
boucaner,bukane
boucanerie,bukan°Ri
bouchage,buSaZ
boucharde,buSaRd
bouche-à-bouche,buSabuS
bouche-à-oreille,buSaoREj
bouchonné,buSone
bouchot,buSo
bouchure,buSyR
boudiné,budine
boudiou,budju
boueur,bw9R
bouffetance,buf°t@s
bouffissure,bufisyR
bouffonnant,bufon@
bouffonnement,bufOn°m@
bouffonner,bufone
bouftance,buft@s
bougnat,buNa
bougonner,bugone
bougrerie,bugR°Ri
bouif,bwif
bouilleur,buj9R
bouillonneux,bujOn2
bouillonné,bujone
boulanger-pâtissier,bul@Zepatisje
boulangisme,bul@Zizm
boulevardier,bul°vaRdje
boulodrome,bulodRom
boulonnais,bulonE
boulonnerie,bulOn°Ri
boulot-refuge,buloR°fyZ
boulu,buly
bouquetier,buk°tje
bouqueté,buk°te
bouquinage,bukinaZ
bourbonien,buRbonj5
bourdaine,buRdEn
bourgeoisement,buRZwaz°m@
bourgeoisisme,buRZwazizm
bourgeonnement,buRZOn°m@
bourgeron,buRZ°R§
bourgueil,buRg9j
bourrade,buRad
bourrelier,buR°lje
bourrellerie,buREl°Ri
bourreur,buR9R
bourrier,buRje
boursicot,buRsiko
boursicotage,buRsikotaZ
boursouflement,buRsufl°m@
bousbir,busbiR
bousin,buz5
bousine,buzin
boustrophédon,bustRofed§
bout-dehors,bud2OR
boutargue,butaRg
boutefeux,but°f2
bouteillon,butEj§
bouthéon,bute§
boutillier,butije
boutiquer,butike
boutoir,butwaR
bouton-d'or,but§dOR
boutonnage,butonaZ
boutre,butR
bouvet,buvE
bouzine,buzin
bouzy,buzi
bow-window,bowindo
bowling,buliG
box-calf,bOkskalf
boy-friend,bOjfR5nd
boy-scoutesque,bOjskutEsk
boyauter,bwajOte
brabançon,bRab@s§
bracelet-montre,bRas°lEm§tR
brachycéphale,bRakisefal
braco,bRako
bradillon,bRadij§
bragard,bRagaR
brahmane,bRaman
brahmanique,bRamanik
braisillant,bREzij@
branchage,bR@SaZ
branchu,bR@Sy
brandevinier,bR@d°vinje
brandillon,bR@dij§
braquet,bRakE
brasage,bRazaZ
braser,bRaze
brasillement,bRazij°m@
brasiller,bRazije
brasserie-hôtel,bRas°RiotEl
brassicourt,bRasikuR
brasure,bRazyR
braye,bREj
break-down,bREkdawn
bredin,bR°d5
bredouillage,bR°dujaZ
bredouillant,bR°duj@
bredouillement,bR°duj°m@
bredouillis,bR°duji
breitschwanz,bRajtSvants
breneux,bR2n2
bressan,bREs@
brestois,bREstwa
bretonnant,bR°ton@
breuil,bR9j
bric-à-brac,bRikabRak
bricheton,bRiS°t§
bridon,bRid§
brigadiste,bRigadist
brigantine,bRig@tin
brignolet,bRiNolE
brillantage,bRij@taZ
brillantiner,bRij@tine
brimbalement,bR5bal°m@
brimbaler,bR5bale
brimborion,bR5boRj§
briquage,bRikaZ
briquetage,bRik°taZ
briquetier,bRik°tje
brise-bise,bRizbiz
brise-jet,bRizdZEt
brise-lame,bRizlam
brisure,bRizyR
brivadois,bRivadwa
brocarder,bRokaRde
brocatelle,bRokatEl
brochage,bRoSaZ
brocher,bRoSe
brocheur,bRoS9R
broché,bRoSe
broiement,bRwam@
bronchitique,bR§Sitik
broncho-pneumonie,bR§kopn2moni
bronzier,bR§zje
broque,bROk
broquille,bRokij
brosseur,bRos9R
brossier,bRosje
brouetter,bRuEte
brouettée,bRuEte
brouillade,bRujad
brouillardeux,bRujaRd2
brouillasse,bRujas
brown sugar,bRawnSugaR
browning,bRoniG
bruant,bRy@
brugeois,bRyZwa
bruges,bRyZ
brugnon,bRyN§
bruiner,bR8ine
bruiter,bR8ite
brumaille,bRymaj
brunet,bRynE
brunissoir,bRyniswaR
bruxellois,bRysElwa
bréhaigne,bReEN
brûle-gueule,bRylg9l
buccin,byks5
buccinateur,byksinat9R
budgétairement,bydZetER°m@
buen retiro,b8EnR2tiRo
buffleterie,byflEt°Ri
buissonnant,b8ison@
buissonner,b8isone
buissonneux,b8ison2
bulbul,bylbyl
bulgaro,bylgaRo
bull-finch,bylfinS
bulleux,byl2
bunraku,b1Raky
bunsen,b1zEn
bureaucratiquement,byRokRatik°m@
burgraviat,byRgRavja
burlingue,byRl5g
bushman,buSman
busqué,byske
byronien,biRonj5
byzantinisant,biz@tiniz@
byzantinisme,biz@tinizm
bâillant,baj@
béatifier,beatifje
béatifique,beatifik
bécabunga,bekabuGa
bécard,bekaR
bécoteur,bekot9R
bédane,bedan
bée,be
béer,bee
bégayant,begej@
bégayeur,begEj9R
bégueulerie,beg9l°Ri
béguinage,beginaZ
béguine,begin
béguineuse,begin2z
bégum,begOm
béhémoth,beemOt
béjaune,beZon
bélinogramme,belinogRam
bénard,benaR
bénignement,beniN°m@
béninois,beninwa
bénisseur,benis9R
bénouze,benuz
bénévolence,benevOl@s
béquillard,bekijaR
béquilleux,bekj2
bérézina,beRezina
bésiclard,beziklaR
bétonnage,betonaZ
bêtifiant,betifj@
bûcheronner,byS°Rone
bûchette,bySEt
c'est-à-dire,sEtadiR
cabaliste,kabalist
cabiner,kabine
cabochon,kaboS§
cabosse,kabOs
cabotage,kabotaZ
caboulot,kabulo
cabrade,kabRad
cabrette,kabREt
cabrioler,kabRijole
cabus,kaby
cabèche,kabES
cache-brassière,kaSbRasjER
cache-coeur,kaSk9R
cache-corset,kaSkORsE
cache-tampon,kaSt@p§
cachectique,kaSEktik
cachou,kaSu
cacique,kasik
cacochyme,kakoSim
cacodylate,kakodilat
cacophonique,kakofonik
cadastral,kadastRal
cadencer,kad@se
cadratin,kadRat5
caducité,kadysite
cafeton,kaf°t§
cafouilleux,kafuj2
cafouillis,kafuji
caftage,kaftaZ
café-concert,kafek§sER
café-crème,kafekREm
café-hôtel,kafeotEl
café-restaurant,kafeREstOR@
café-tabac,kafetaba
café-théâtre,kafeteatR
cagade,kagad
cagne,kaN
cagot,kago
cagoulard,kagulaR
cahin-caha,ka5kaa
cahors,kaOR
cahotant,kaot@
cahotement,kaOt°m@
cailloutage,kajutaZ
cailloutis,kajuti
cairote,kEROt
caissette,kEsEt
cajolerie,kaZOl°Ri
calade,kalad
calamistré,kalamistRe
calancher,kal@Se
calbombe,kalb§b
calcer,kalse
calcination,kalsinasj§
calculant,kalkyl@
caldarium,kaldaRjOm
cale-pied,kalpje
calebassier,kal°basje
calebombe,kal°b§b
calembredaine,kal@bR°dEn
calendo,kal@do
calendos,kal@do
caleçonnade,kalsonad
calfat,kalfa
calfatage,kalfataZ
califat,kalifa
caller,kale
calligraphier,kaligRafje
calligraphiquement,kaligRafik°m@
callipyge,kalipiZ
calmir,kalmiR
calorifère,kaloRifER
calotin,kalot5
calus,kaly
camail,kamaj
camarero,kamaReRo
camarguais,kamaRgE
camarilla,kamaRija
camarin,kamaR5
camarluche,kamaRlyS
camaïeu,kamaj2
camaïeux,kamaj2
cambrement,k@bR°m@
camion-grue,kamj§gRy
campanaire,k@panER
camphrier,k@fRije
camping-gaz,k@piGgaz
campé,k@pe
campêche,k@pES
camélidé,kamelide
canadian river,kanadj@Rive
canaillement,kanaj°m@
canaillerie,kanaj°Ri
cananéen,kanane5
canapé-lit,kanapeli
canaque,kanak
cancanier,k@kanje
cancoillotte,k@kwajOt
cancériser,k@seRize
candidement,k@did°m@
canebière,kan°bjER
canepetière,kan°p°tjER
canetille,kan°til
canfouine,k@fwin
cangue,k@g
caninette,kaninEt
cannage,kanaZ
canné,kane
canoniquement,kanonik°m@
canonner,kanone
canoter,kanote
canotier,kanotje
cantabrique,k@tabRik
cantal,k@tal
canthare,k@taR
cantiner,k@tine
cantonal,k@tonal
cantre,k@tR
canularesque,kanylaREsk
canut,kany
caoutchouté,kautSute
cap-hornier,kapORnje
caparaçon,kapaRas§
capillarité,kapilaRite
capitalement,kapital°m@
capitane,kapitan
capiton,kapit§
capitonner,kapitone
capitulaire,kapitylER
capoc,kapo
capot,kapo
capricant,kapRik@
captation,kaptasj§
captieux,kapsj2
capucinade,kapysinad
capucine,kapysin
capucino,kaputSino
capulet,kapylE
caput mortuum,kaputmORtuOm
capétien,kapesj5
caquelon,kakEl§
carabas,kaRaba
carabe,kaRab
carabin,kaRab5
caracal,kaRakal
caracolade,kaRakolad
caracolant,kaRakol@
caracole,kaRakOl
caractérologie,kaRakteRoloZi
carambole,kaR@bOl
carambouillage,kaR@bujaZ
carambouille,kaR@buj
caraque,kaRak
caravansérail,kaRav@seRaj
carbonari,kaRbonaRi
carcajou,kaRkaZu
cardage,kaRdaZ
carderie,kaRd°Ri
cardinal-légat,kaRdinalega
cardioïde,kaRdjoid
cardium,kaRdjOm
caret,kaRE
carex,kaREks
carguer,kaRge
cariatide,kaRjatid
carillonneur,kaRijon9R
carillonné,kaRijone
carissime,kaRisim
carié,kaRje
carmagnole,kaRmaNOl
carme,kaRm
carmer,kaRme
carminé,kaRmine
carnassier,kaRnasje
carné,kaRne
carole,kaROl
carolingien,kaRol5Zj5
carouble,kaRubl
caroubler,kaRuble
caroubleur,kaRubl9R
carousse,kaRus
carpillon,kaRpij§
carrare,kaRaR
carrossable,kaRosabl
carrosser,kaRose
carte-lettre,kaRt°lEtR
cartomancien,kaRtom@sj5
cartonnage,kaRtonaZ
cartonneux,kaRton2
cartonnier,kaRtonje
cartoucherie,kaRtuS°Ri
cartésianisme,kaRtezjanizm
caréné,kaRene
carême-prenant,kaREmpR°n@
casaquin,kazak5
cascatelle,kaskatEl
casemate,kaz°mat
caserner,kazERne
cassate,kasat
casse-graine,kasgREn
casse-gueule,kasg9l
cassement,kas°m@
casserolée,kas°Role
cassier,kasje
cassine,kasin
cassitérite,kasiteRit
castagnette,kastaNEt
castelet,kastElE
castreur,kastR9R
casuel,kaz8El
casuistique,kaz8istik
catacombe,katak§b
catadioptre,katadjOptR
catalogne,katalON
catalpa,katalpa
catarrhal,kataRal
catarrheux,kataR2
catastrophiquement,katastRofik°m@
catastrophisme,katastRofizm
cathare,kataR
catherinette,katRinEt
catholicité,katolisite
catholiquement,katolik°m@
cathèdre,katEdR
cathédral,katedRal
catiche,katiS
catoblépas,katoblepa
catéchumène,katekymEn
catéchèse,kateSEz
cauchemardeux,koS°maRd2
cauchois,koSwa
caudebec,kod°bEk
caudillo,kodijo
caudines,kodin
cauri,koRi
causaliste,kozalist
causse,kos
caussenard,kosnaR
causticité,kostisite
cauteleusement,kot°l2z°m@
cauteleux,kot°l2
cautèle,kotEl
cavaillon,kavaj§
cavalcader,kavalkade
caver,kave
cavillon,kavij§
cavée,kave
caïque,kaik
ceint,s5
cellulairement,selylER°m@
celluliteux,sElylit2
cellérier,seleRje
celtisme,sEltizm
cendreux,s@dR2
censier,s@sje
censitaire,s@sitER
centaines,s@tEn
centralisme,s@tRalizm
centrouse,s@tRuz
cercler,sERkle
cercleux,sERkl2
cernable,sERnabl
cerneau,sERno
cessant,sEs@
ceste,sEst
chabanais,SabanE
chabichou,SabiSu
chabler,Sable
chabraque,SabRak
chaconne,SakOn
chafaud,Safo
chaix,SE
chalouper,Salupe
chaloupé,Salupe
chalutier-patrouilleur,SalytjepatRuj9R
chamaillerie,Samaj°Ri
chamaillis,Samaji
chambre-salon,S@bRsal§
chamoisine,Samwazin
champenois,S@p°nwa
champi,S@pi
champs élysées,S@elize
chanci,S@si
chand,S@
chanfrein,S@fR5
chanoinesse,SanwanEs
chanstiquer,S@stike
chanteau,S@to
chanteuse-vedette,S@t2zv2dEt
chantonnant,S@ton@
chantonnement,S@tOn°m@
chantoung,S@tuG
chantourner,S@tuRne
chançard,S@saR
chaotiquement,kaotik°m@
chaouch,SauS
chapellerie,SapEl°Ri
chaplinesque,SaplinEsk
chappe,Sap
chapska,Sapska
charançonné,SaR@sone
charbonner,SaRbone
charbonnette,SaRbonEt
charbonneux,SaRbon2
charbonnière,SaRbonjER
charca,SaRka
chardonneret,SaRdOn°RE
charlataner,SaRlatane
charnellement,SaRnEl°m@
charognerie,SaRON°Ri
charpenter,SaRp@te
charreton,SaR°t§
charriage,SaRjaZ
charriant,SaRj@
charroi,SaRwa
chartiste,SaRtist
chasse-d'eau,Sasdo
chasse-mouche,SasmuS
chassé-croisé,SasekRwaze
chat-huant,Sa8@
chat-tigre,SatigR
chatoyer,Satwaje
chattemite,Sat°mit
chatterie,Sat°Ri
chaud-froid,SofRwa
chaudronnerie,SodROn°Ri
chaudronnée,SodRone
chauffe-plats,Sofpla
chauffeur-livreur,Sof9RlivR9R
chauler,Sole
chausse-trape,SostRap
chausse-trappe,SostRap
chavignol,SaviNOl
chavirant,SaviR@
cheddite,SEdit
chefs-lieux,SEflj2
chenillé,S°nije
chergui,SERgi
cherté,SERte
chevaler,S°vale
chevaleresquement,S°val°REsk°m@
chevance,S°v@s
chevaucheur,S°voS9R
chevillage,S°vijaZ
chevillard,S°vijaR
cheviotte,S°vjOt
chevrotement,S°vROt°m@
chevêche,S°vES
chewing-gum,SwiGgOm
chialeur,Sjal9R
chibouk,Sibuk
chicanier,Sikanje
chicorer,SikoRe
chicoter,Sikote
chicotte,SikOt
chien-assis,Sj5asi
chien-étoile,Sj5etwal
chiffrage,SifRaZ
chimériquement,SimeRik°m@
chinchard,S5SaR
chineur,Sin9R
chinoiserie,Sinwaz°Ri
chiourme,SjuRm
chipeur,Sip9R
chipoteur,Sipot9R
chippendale,Sip9ndEjl
chiraquien,SiRakj5
chiromancien,kiRom@sj5
chiroubles,SiRubl
chitineux,Sitin2
chiton,Sit§
chlamyde,klamid
chloroformisation,kloRofORmizasj§
chlorophyllien,kloRofilj5
chlorotique,kloRotik
chnoque,SnOk
chnord,knOR
chocard,SokaR
chorba,SORba
choser,Soze
chosification,Sozifikasj§
chou-palmiste,Supalmist
chou-rave,SuRav
chouannerie,Swan°Ri
choucard,SukaR
chouchoutage,SuSutaZ
chouettement,SwEt°m@
chouraveur,SuRav9R
choux-raves,SuRav
choyé,Swaje
christiania,kRistjanja
christique,kRistik
christocentrisme,kRistos@tRizm
christologique,kRistoloZik
chromatisme,kRomatizm
chroniquement,kRonik°m@
chroniquer,kRonike
chrysostome,kRizostom
chrême,kREm
chtibe,Stib
chtimi,Stimi
chtourbe,ktuRb
chuchoteur,SySot9R
chuintant,S85t@
chuintante,S85t@t
chuinter,S85te
churrigueresque,SyRig°REsk
chyle,Sil
chypre,SipR
châlit,Sali
châlonnais,SalonE
châtaigneraie,SatEN°RE
château-fort,SatofOR
châtel,SatEl
châtelet,Sat°lE
châtellenie,SatEl°ni
châtrage,SatRaZ
châtron,SatR§
chènevis,SEn°vi
chèvre-pied,SEvR°pje
chéfesse,SefEs
chélidoine,kelidwan
chéneau,Seno
chérubinique,SeRybinik
chétivement,Setiv°m@
chétivité,Setivite
chêne-liège,SEnljEZ
chêneteau,SEn°to
ci-contre,sik§tR
ciboule,sibul
cicatrisable,sikatRizabl
cicindèle,sis5dEl
cigalou,sigalu
cigler,sigle
cillement,sij°m@
cimaise,simEz
cinabre,sinabR
cinghalais,s5galE
cinglement,s5gl°m@
cingler,s5gle
cinname,sinam
cinquante-huitième,s5k@t8itjEm
cinquante-neuvième,s5k@tn9vjEm
cinquante-sixième,s5k@tsizjEm
cinquante-troisième,s5k@ttRwazjEm
ciné-club,sinekl9b
ciné-roman,sineRom@
cinéraire,sineRER
cinérama,sineRama
cipolin,sipol5
circaète,siRkaEt
circonvallation,siRk§valasj§
circulairement,siRkylER°m@
circulant,siRkyl@
circularité,siRkylaRite
ciron,siR§
cisaillage,sizajaZ
cisaillant,sizaj@
ciselet,siz°lE
ciselure,siz°lyR
cistercien,sistERsj5
cité-dortoir,sitedORtwaR
cité-jardin,siteZaRd5
civilisateur,sivilizat9R
claboter,klabote
clafouti,klafuti
clairette,klEREt
claironnant,klERon@
clamecer,klam°se
claper,klape
clapette,klapEt
clapir,klapiR
clapotant,klapot@
clapotement,klapOt°m@
clappement,klap°m@
claquemurer,klak°myRe
classificateur,klasifikat9R
classiquement,klasik°m@
claudicant,klodik@
clavaire,klavER
claveciniste,klav°sinist
clayon,klEj§
clenche,kl@S
clepsydre,klEpsidR
clergeon,klERZ§
clermontois,klERm§twa
clichage,kliSaZ
clicherie,kliS°Ri
clicheur,kliS9R
client-roi,klij@Rwa
clignoteur,kliNot9R
clinche,kl5S
cliquetant,klik°t@
cliquettement,klikEt°m@
cliquètement,klikEt°m@
cloacal,kloakal
cloc,klOk
clochardiser,kloSaRdize
clocheton,klOS°t§
cloisonner,klwazone
clopeur,klop9R
clopin-clopant,klop5klop@
cloquer,kloke
cloqué,kloke
clouage,kluaZ
cloueur,klu9R
cloutage,klutaZ
clownerie,klun°Ri
clubman,kl9bman
clunisien,klynizj5
cluse,klyz
cléricalisme,kleRikalizm
cléricature,kleRikatyR
co-existence,koEgzist@s
co-propriété,kopRopRiete
co-tuteur,kotyt9R
coadjuteur,koadZyt9R
coaliser,koalize
coaltar,kOltaR
cocarder,kOkaRde
cocassement,kOkas°m@
cochelet,koS°lE
cochonnaille,koSonaj
cochylis,kokilis
cocoter,kokote
coction,koksj§
cocuage,kok8aZ
coercitif,koERsitif
coffiot,kOfjo
cognement,kON°m@
coinceur,kw5s9R
coincher,kw5Se
coinstot,kw5sto
coinçage,kw5saZ
colback,kOlbak
colchique,kOlSik
colcotar,kOlkotaR
colis-repas,koliR°pa
collaborationniste,kolaboRasjonist
colletage,kOl°taZ
colletin,kOl°t5
collimation,kolimasj§
colloquer,koloke
colloïde,koloid
collutoire,kolytwaR
collégiale,koleZjal
collégialité,koleZjalite
colombelle,kol§bEl
colombo,kol§bo
colonialiste,kolonjalist
colonisateur,kolonizat9R
colonnette,kolonEt
coloquinte,kolok5t
cols-de-cygne,kOld°siN
coltin,kOlt5
coltinage,kOltinaZ
coltineur,kOltin9R
columbarium,kol§baRjOm
coléreusement,kOleR2z°m@
combette,k§bEt
combisme,k§bizm
comblant,k§bl@
combourgeois,k§buRZwa
comice,komis
commensal,kom@sal
commensalisme,kom@salizm
commensurable,kom@syRabl
commençant,kom@s@
comminatoire,kominatwaR
commissure,komisyR
commode-toilette,kOmOdtwalEt
communicabilité,komynikabilite
communicable,komynikabl
communisant,komyniz@
comnène,kOmnEn
compacité,k§pasite
comparant,k§paR@
compartimentage,k§paRtim@taZ
compassé,k§pase
compisser,k§pise
complet-veston,k§plEvEst§
complu,k§ply
complémentairement,k§plem@tER°m@
comportementalisme,k§pORt°m@talizm
composter,k§poste
composteur,k§post9R
compotier,k§potje
comprimant,k§pRim@
comptabilisation,k§tabilizasj§
compte-fils,k§tfis
compulsoire,k§pylswaR
comput,k§pyt
comtal,k§tal
comtois,k§twa
concassage,k§kasaZ
concavité,k§kavite
concentrique,k§s@tRik
concetto,k§sEto
conciliable,k§siljabl
conclave,k§klav
conclaviste,k§klavist
concomitant,k§komit@
concordat,k§kORda
concurremment,k§kyRam@
concussionnaire,k§kysjonER
concédant,k§sed@
conditionnellement,k§disjonEl°m@
condottiere,k§dotjeR
condottieri,k§dotiRi
conduite-intérieure,k§d8it5teRj9R
confiteor,k§fiteOR
conflagration,k§flagRasj§
confluent,k§fly@
confondant,k§f§d@
conformé,k§fORme
confraternellement,k§fRatERnEl°m@
confraternité,k§fRatERnite
confédéral,k§fedeRal
confédérer,k§fedeRe
conféré,k§feRe
conglobation,k§globasj§
congréganiste,k§gReganist
congrûment,k§gRym@
congénitalement,k§Zenital°m@
congénère,k§ZenER
conjectural,k§ZEktyRal
conjugalement,k§Zygal°m@
conjugalité,k§Zygalite
conjungo,k§j§Go
conjuré,k§ZyRe
connement,kOn°m@
connexe,konEks
conoïde,konoid
consacrant,k§sakR@
consistoire,k§sistwaR
consistorial,k§sistoRjal
consolidé,k§solide
consoude,k§sud
conspiratif,k§spiRatif
constellé,k§stEle
constipant,k§stip@
consubstantiel,k§sypst@sjEl
consultable,k§syltabl
consumable,k§symabl
consumation,k§symasj§
consécution,k§sekysj§
contemplateur,k§t@plat9R
contemplativement,k§t@plativ°m@
contiguïté,k§tig8ite
contradictoirement,k§tRadiktwaR°m@
contrapunctique,k§tRap§ktik
contrastant,k§tRast@
contre-appel,k§tRapEl
contre-assurance,k§tRasyR@s
contre-champ,k§tR°S@
contre-chant,k§tR°S@
contre-exemple,k§tREgz@pl
contre-feux,k§tR°f2
contre-fil,k§tR°fil
contre-gré,k§tR2gRe
contre-lame,k§tR°lam
contre-lettre,k§tR°lEtR
contre-mine,k§tR°min
contre-pente,k§tR°p@t
contre-réforme,k§tR°RefORm
contre-terroriste,k§tR°tERoRist
contre-test,k§tR°tEst
contre-voie,k§tR°vwa
contre-épreuve,k§tRepR9v
contrecollé,k§tR°kole
contrefiche,k§tR°fiS
contremaîtresse,k§tR°mEtREs
contrepoison,k§tR°pwaz§
contrepèterie,k§tR°pEt°Ri
contrevent,k§tR°v@
contrevérité,k§tR°veRite
contumax,k§tymaks
conventicule,k§v@tikyl
conventuel,k§v@t8El
conventuellement,k§v@t8El°m@
convexité,k§vEksite
convoiteur,k§vwat9R
convoiteux,k§vwat2
convulsionnaire,k§vylsjonER
convulsé,k§vylse
cooccupant,kookyp@
copaïba,kopaiba
copineur,kopin9R
copla,kopla
coprologie,kopRoloZi
coprologique,kopRoloZik
coprophage,kopRofaZ
coprophile,kopRofil
copte,kOpt
copulant,kopyl@
coq-à-l'âne,kOkalan
coquebin,kOk°b5
coquelle,kokEl
coquemar,kOk°maR
coquetel,kOk°tEl
coquettement,kokEt°m@
coquillart,kokijaR
coquilleux,kokij2
coquinement,kokin°m@
cora,koRa
corbières,kORbjER
cordelier,kORd°lje
corderie,kORd°Ri
cordiforme,kORdifORm
cordouan,kORdu@
cordé,kORde
coriacité,koRjasite
corindon,koR5d§
corinthe,kOR5t
cornaline,kORnalin
cornecul,kORn°ky
cornouille,kORnuj
corné,kORne
corozo,koRozo
corps-mort,kORmOR
corpsard,kORpsaRd
correctionnaliser,koREksjonalize
corrector,koREktOR
corrodant,koRod@
corroder,koRode
corroierie,koRwaRi
corrélativement,koRelativ°m@
corselet,kORs°lE
coruscation,koRyskasj§
corvéable,kORveabl
coryphée,koRife
coryste,koRist
coryza,koRiza
cosmogonie,kOsmogoni
cosmogonique,kOsmogonik
cosmographie,kOsmogRafi
cosmologue,kOsmolOg
cosmopolitisme,kOsmopolitizm
cossus,kosy
cosy-corner,kozikORnER
coterie,kOt°Ri
cothurne,kotyRn
cotisant,kotiz@
cotonnade,kotonad
cotonnier,kotonje
cotriade,kotRijad
coturne,kotyRn
couaille,kwaj
couaquer,kwake
couchailler,kuSaje
couchoir,kuSwaR
coudoyer,kudwaje
coudreuse,kudR2z
couillard,kujaR
couinant,kwin@
coulemelle,kul°mEl
coulis,kuli
coulissant,kulis@
coulissier,kulisje
couloir-symbole,kulwaRs5bOl
coupablement,kupabl°m@
coupe-pâte,kuppat
couperosé,kup°Roze
couplé,kuple
coups-de-poing,kud°pw5
cour-jardin,kuRZaRd5
courette,kuREt
courriériste,kuRjeRist
courtelinesque,kuRtElinEsk
courtement,kuRt°m@
courtilière,kuRtiljER
courtine,kuRtin
courtisanerie,kuRtizan°Ri
cous-de-pied,kud°pje
cousette,kuzEt
cousinage,kuzinaZ
coutil,kuti
coutumièrement,kutymjER°m@
couturé,kutyRe
couvaison,kuvEz§
couventine,kuv@tin
couvet,kuvE
cow-boy,kobOj
coxalgie,kOksalZi
coxalgique,kOksalZik
coûteusement,kut2z°m@
crabillon,kRabij§
crachement,kRaS°m@
crachiner,kRaSine
crachotant,kRaSot@
crachotement,kRaSOt°m@
crachoter,kRaSote
crachoteux,kRaSot2
craintivement,kR5tiv°m@
crampette,kR@pEt
craonnais,kRaonE
crapuleusement,kRapyl2z°m@
craquèlement,kRakEl°m@
craquée,kRake
craspec,kRaspEk
crassula,kRasyla
crataegus,kRategys
cravant,kRav@
cravatage,kRavataZ
cravateur,kRavat9R
crawl,kRol
crawlé,kRole
crayon-encre,kREj§@kR
crayonnage,kREjonaZ
crayonner,kREjone
crayonneur,kREjon9R
cressonnette,kREsonEt
cressonnière,kResonjER
creusement,kR2z°m@
crevage,kR°vaZ
crevasser,kR°vase
criaillement,kRiaj°m@
criailler,kRiaje
criaillerie,kRiaj°Ri
cric-crac,kRikkRak
cris-craft,kRikRaft
cristallographie,kRistalogRafi
cristalloïde,kRistaloid
croa-croa,kRoakRoa
crobard,kRObaR
crocher,kRoSe
crocs-en-jambe,kRok@Z@b
croisette,kRwazEt
croisillon,kRwazij§
cromorne,kRomORn
cronstadt,kR§stat
croqueton,kROk°t§
croquis-minute,kRokiminyt
crosne,kROn
crossé,kRose
crouillat,kRuja
crouille,kRuj
croulement,kRul°m@
croupade,kRupad
croupissoir,kRupiswaR
croupissure,kRupisyR
croupon,kRup§
croustillance,kRustij@s
croustillon,kRustij§
crucialement,kRysjal°m@
crucifiant,kRysifj@
crucifiement,kRysifim@
crucifère,kRysifER
cruciverbiste,kRysivERbist
cryptogame,kRiptogam
crânerie,kRan°Ri
crédence,kRed@s
crémone,kRemOn
crénelé,kRen°le
crépi,kRepi
crépine,kRepin
crépinette,kRepinEt
crépir,kRepiR
crépissage,kRepisaZ
créquier,kRekje
crételle,kRetEl
crétinisant,kRetiniz@
crétinisation,kRetinizasj§
crêpelure,kREp°lyR
cuadrilla,kwadRija
cuilleron,k8ij°R§
cuirasser,k8iRase
cuisinette,k8izinEt
cuisse-madame,k8ismadam
cuissette,k8isEt
cuistance,k8ist@s
cuistrerie,k8istR°Ri
cul-de-four,kyd°fuR
cul-de-plomb,kydpl§
cul-de-poule,kydpul
culminance,kylmin@s
culotter,kylote
culottier,kylotje
culs-de-basse-fosse,kyd°basfos
culée,kyle
cumulation,kymylasj§
cunnilinctus,kynil5ktys
cupidement,kypid°m@
cupressus,kypREsy
curage,kyRaZ
curaille,kyRaj
curarisant,kyRaRiz@
curcuma,kyRkyma
curial,kyRjal
curiste,kyRist
curviligne,kyRviliN
custode,kystOd
cuti-réaction,kytiReaksj§
cuveau,kyvo
cuvier,kyvje
cyclo-cross,siklokROs
cyclopéen,siklope5
cycloïdal,sikloidal
cymbalum,s5balOm
cyniquement,sinik°m@
cynégétique,sineZetik
cyprin,sipR5
cyprinidé,sipRinide
cypriote,sipRijOt
cyrard,siRaR
czar,kzaR
câlinement,kalin°m@
cédratier,sedRatje
cédulaire,sedylER
cégétiste,seZetist
célinien,selinj5
célérifère,seleRifER
cépée,sepe
céruléen,seRyle5
céruse,seRyz
cérusé,seRyze
céréalier,seRealje
cérébralité,seRebRalite
cétoine,setwan
cévadille,sevadil
cévenol,sev°nOl
cézigue,sezig
côtes-du-rhône,kotdyRon
dabe,dab
dabuche,dabyS
dache,daS
dacique,dasik
dactyle,daktil
dactylographe,daktilogRaf
daguet,dagE
dahlia,dalja
daine,dEn
dakarois,dakaRwa
dalaï-lama,dalailama
damasquin,damask5
damasquinerie,damaskin°Ri
damasquinure,damaskinyR
damasquiné,damaskine
damassé,damase
dameret,dam°RE
dames,dam
danaïde,danaid
dandinement,d@din°m@
dandysme,d@dizm
dansotter,d@sote
danubien,danybj5
darne,daRn
darse,daRs
dasein,daz5
datable,databl
dattier,datje
dauphinat,dofina
de amicis,deamikis
de auditu,deodity
debater,d°bate
decrescendo,dEkReSEndo
della porta,dElapORta
della robbia,dElaRObja
demi-barbare,d2mibaRbaR
demi-bonheur,d2mibOn9R
demi-brigade,d°mibRigad
demi-centre,d2mis@tR
demi-chagrin,d°miSagR5
demi-clair,d2miklER
demi-clarté,d2miklaRte
demi-cloison,d2miklwaz§
demi-confidence,d2mik§fid@s
demi-conscience,d2mik§sj@s
demi-cylindre,d2misil5dR
demi-deuil,d°mid9j
demi-dévêtu,d°midevEty
demi-figure,d°mifigyR
demi-juif,d2miZ8if
demi-liberté,d2milibERte
demi-louis,d2milwi
demi-lueur,d2mily9R
demi-lumière,d2milymjER
demi-luxe,d2milyks
demi-mal,d°mimal
demi-mille,d2mimil
demi-millimètre,d2mimilimEtR
demi-muid,d°mim8i
demi-mètre,d2mimEtR
demi-nu,d2miny
demi-obscurité,d2miOpskyRite
demi-ouvrier,d°miuvRije
demi-pension,d°mip@sj§
demi-pensionnaire,d°mip@sjonER
demi-personne,d2mipERsOn
demi-pied,d2mipje
demi-pièce,d°mipjEs
demi-porte,d2mipORt
demi-quart,d°mikaR
demi-réussite,d2miReysit
demi-révérence,d2miReveR@s
demi-rêve,d2miREve
demi-saison,d°misEz§
demi-section,d2misEksj§
demi-somnolence,d2misOmnOl@s
demi-sourire,d°misuRiR
demi-succès,d°misyksE
demi-suicide,d°mis8isid
demi-ton,d°mit§
demi-tonneau,d°mitono
demi-vertu,d2mivERty
demi-volume,d2mivOlym
demi-volée,d°mivole
demi-échec,d°mieSEk
dentellière,d@t2ljER
denté,d@te
dermatose,dERmatoz
descriptible,deskRiptibl
desdites,dedit
desdits,dedi
dessaisissement,desezis°m@
dessalé,desale
dessaper,dsape
desserre,desER
dessertir,desERtiR
desservant,desERv@
dessiller,desije
destiner,destine
deuche,d2S
deux-chevaux,d2S°vo
deux-ponts,d2p§
dextre,dEkstR
dextrement,dEkstR°m@
diaconesse,djakonEs
diaconie,djakoni
diagonal,djagonal
dialecticien,djalEktisj5
dialoguiste,djalogist
diamantifère,djam@tifER
diamanté,djam@te
diapré,djapRe
diaspora,djaspoRa
diastole,djastOl
diatonique,djatonik
dichroïsme,dikRoizm
dicible,disibl
didactiquement,didaktik°m@
dieffenbachia,dif9nbaRja
difficultueux,difikylt82
diffusant,difyz@
différencié,difeR@sje
dignus est intrare,dignusEstintRaRe
dijonnais,diZonE
dilapidation,dilapidasj§
dilatable,dilatabl
dilection,dilEksj§
dilettantisme,dilet@tizm
diluvien,dilyvj5
dinanderie,din@d°Ri
dinguer,d5ge
diodon,djod§
dioptre,djOptR
diphtongue,dift§g
diphényle,difenil
directo,diREkto
dirimant,diRim@
disciple-roi,disipl°Rwa
discontinu,disk§tiny
discutailleur,diskytaj9R
disert,dizER
disgracieusement,disgRasj2z°m@
disjoindre,disZw5dR
disjonction,disZ§ksj§
diskette,diskEt
dispendieusement,disp@dj2z°m@
dispensateur,disp@sat9R
dispensation,disp@sasj§
dispersant,dispERs@
disposant,dispoz@
disputeur,dispyt9R
dissemblance,dis@bl@s
dissonant,dison@
dissymétrique,disimetRik
distendre,dist@dR
dithyrambe,ditiR@b
dito,dito
diurnal,djyRnal
divagant,divag@
divagation,divagasj§
dive,div
divertimento,divERtimEnto
divinatoire,divinatwaR
divinisant,diviniz@
divisionnisme,divizjonizm
dièdre,djEdR
djebel,dZebEl
djemââ,dZemaa
doche,dOS
doctement,dOkt°m@
doctoral,dOktoRal
doctrinal,dOktRinal
dodeliner,dod°line
dodécagone,dodekagon
dodécaphoniste,dodekafonist
dogaresse,dogaREs
doguin,dog5
doigtier,dwatje
dolent,dOl@
dolichocéphalie,dolikosefali
dolman,dOlm@
dolmen,dOlmEn
dolorisme,doloRizm
doloriste,doloRist
doléance,dole@s
domanial,domanjal
domestiquement,dOmEstik°m@
domiciliation,domisiljasj§
domicilier,domisilje
domptage,d§ptaZ
dondaine,d§dEn
donjuanesque,d§Z8anEsk
donjuanisme,d§Z8anizm
donquichottesque,d§kiSOtEsk
dorage,doRaZ
dormition,dORmisj§
dosseret,dos°RE
dossière,dosjER
douar,dwaR
double-décimètre,dubl°desimEtR
doubleau,dublo
doublet,dublE
doucereusement,dus°R2z°m@
doucettement,dusEt°m@
doucheur,duS9R
doucin,dus5
douelle,dwEl
douer,dwe
doura,duRa
douro,duRo
doutance,dut@s
douteusement,dut2z°m@
douçâtre,dusatR
down,dawn
downing street,dawniGstRit
doyenné,dwajEne
drageoir,dRaZwaR
draisienne,dREzjEn
draperie,dRap°Ri
drapier,dRapje
drave,dRav
drepou,dREpu
dressant,dREs@
dressement,dREs°m@
dreyfusisme,dREfyzizm
dribbleur,dRibl9R
drogman,dROgman
droguet,dRogE
droit-fil,dRwafil
dross,dROs
drossart,dRosaR
drosser,dRose
druidisme,dR8idizm
dryade,dRijad
dubitation,dybitasj§
dubitativement,dybitativ°m@
ducaton,dykat§
duffle-coat,d9f9lkOwt
duit,d8i
dumping,d9mpiG
dundee,d9ndi
dunkerque,d1kERk
duodi,d8odi
durablement,dyRabl°m@
duraille,dyRaj
duralumin,dyRalym5
durillon,dyRij§
duveté,dyv°te
dysentérique,dis@teRik
dyspnéique,dispneik
dytique,ditik
déambulatoire,de@bylatwaR
débagoulage,debagulaZ
déballonnage,debalonaZ
déballonner,debalone
débaptiser,debatize
débarbot,debaRbo
débardage,debaRdaZ
débarder,debaRde
débarrer,debaRe
débatteur,debat9R
débectage,debEktaZ
débectance,debEkt@s
débilitation,debilitasj§
débiller,debije
débitage,debitaZ
débitant,debit@
déblai,deblE
débobinage,debobinaZ
débobiner,debobine
déboire,debwaR
débonder,deb§de
débord,debOR
déboucler,debukle
déboulonner,debulone
déboulé,debule
débourrage,debuRaZ
débraguetter,debRagEte
débrouillage,debRujaZ
débrouillardise,debRujaRdiz
débucher,debySe
décacheter,dekaS°te
décadentisme,dekad@tizm
décadi,dekadi
décaisser,dekEse
décalitre,dekalitR
décalotter,dekalote
décalque,dekalk
décambuter,dek@byte
décamètre,dekamEtR
décaniller,dekanije
décapeur,dekap9R
décapode,dekapOd
décapotage,dekapotaZ
décapoter,dekapote
décapuchonner,dekapySone
décarpillage,dekaRpijaZ
décarpiller,dekaRpije
décarrade,dekaRad
décatir,dekatiR
décembriste,des@bRist
décentralisation,des@tRalizasj§
décervelage,desERv°laZ
déchard,deSaR
décharnement,deSaRn°m@
décharner,deSaRne
décher,deSe
déchiquetage,deSik°taZ
déchirage,deSiRaZ
déclassement,deklas°m@
déclive,dekliv
décolonisation,dekolonizasj§
décolérer,dekoleRe
décomposable,dek§pozabl
déconcentration,dek§s@tRasj§
déconnage,dekonaZ
déconomètre,dekonomEtR
déconophone,dekonofOn
déconsigner,dek§siNe
décorticage,dekORtikaZ
décortiqué,dekORtike
découplé,dekuple
décours,dekuR
décramponner,dekR@pone
décrié,dekRije
décrochant,dekRoS@
décrochement,dekROS°m@
décrochez-moi-ça,dekRoSemwasa
décrottoir,dekRotwaR
décroît,dekRwa
décrêpage,dekREpaZ
déculotté,dekylote
dédaigneuse,dedEN2z
dédicatoire,dedikatwaR
déducteur,dedykt9R
défarguer,defaRge
défavorablement,defavoRabl°m@
défectible,defEktibl
défectueusement,defEkt82z°m@
déferlant,defERl@
déferré,defERe
définissable,definisabl
défloraison,defloREz§
défoncement,def§s°m@
défrayer,defReje
défraîchir,defReSiR
défrichage,defRiSaZ
défrichement,defRiS°m@
défunter,def1te
défécatoire,defekatwaR
déférent,defeR@
dégauchir,degoSiR
dégauchisseuse,degoSis2z
dégorgement,degORZ°m@
dégoulinade,degulinad
dégoutter,degute
dégoûtation,degutasj§
dégriffeur,degRif9R
dégripper,degRipe
dégrouiller,degRuje
dégréner,degRene
dégueulando,deg2l@do
dégueulasserie,deg2las°Ri
déhaler,deale
déhotter,deote
déicide,deisid
déification,deifikasj§
déifier,deifje
déjection,deZEksj§
déjeté,dEZ°te
dékoulakisation,dekulakizasj§
délacer,delase
délaissement,delEs°m@
délaver,delave
délayé,deleje
délimitant,delimit@
délimitation,delimitasj§
délié,delje
délourder,deluRde
délustrer,delystRe
délégué-général,delegeZeneRal
délétère,deletER
démailler,demaje
démailloter,demajote
démancher,dem@Se
démaquillant,demakij@
démerdard,demERdaR
démobilisateur,demobilizat9R
démoder,demode
démographiquement,demogRafik°m@
démoniaquement,demOnjak°m@
démotique,demotik
démultiplicateur,demyltiplikat9R
démultiplication,demyltiplikasj§
démultiplier,demyltiplije
démurger,demyRZe
démuseler,demyz°le
démériter,demeRite
démêloir,demElwaR
déniaisement,denjEz°m@
dénivelé,deniv°le
dénombrement,den§bR°m@
dénominer,denOmine
dénommer,denome
dénoter,denote
dénoyauter,denwajote
déparler,depaRle
dépaver,depave
dépenaillement,dep°naj°m@
dépendeur,dep@d9R
dépeuplé,dep9ple
dépiler,depile
dépiquage,depikaZ
dépiquer,depike
dépliable,deplijabl
dépliement,deplim@
déploration,deploRasj§
dépopulation,depopylasj§
déport,depOR
déposant,depoz@
dépossession,deposesj§
déprendre,depR@dR
déprédateur,depRedat9R
déprédation,depRedasj§
députation,depytasj§
député-maire,depytemER
dépérissement,depeRis°m@
déquiller,dekije
déracinant,deRasin@
déraisonnablement,deREzonabl°m@
déresponsabilisation,deREsp§sabilizasj§
dérouillement,deRuj°m@
désabusement,dezabyz°m@
désabuser,dezabyze
désaccorder,dezakORde
désaffectation,dezafEktasj§
désaffecter,dezafEkte
désaliénation,dezaljenasj§
désamour,dezamuR
désangler,des@gle
désapeurer,dezap9Re
désappointement,dezapw5t°m@
désargenté,dezaRZ@te
désarticulation,dezaRtikylasj§
désarticuler,dezaRtikyle
désaveux,dezav2
désaxement,dezaks°m@
désembuer,dez@b8e
désemparer,dez@paRe
désenchanter,dez@S@te
désenchaînement,dez@SEn°m@
désenchaîner,dez@SEne
désenclavement,dez@klav°m@
désengluer,dez@glye
désengourdir,dez@guRdiR
désensabler,dez@sable
désensorceler,dez@sORs°le
déshabillage-éclair,dezabijaZeklER
déshabité,dezabite
désharmonie,dezaRmoni
déshérence,dezeR@s
désincarner,dez5kaRne
désincarné,dez5kaRne
désinence,dezin@s
désirabilité,deziRabilite
désobligeance,dezobliZ@s
désodé,dezode
désoeuvre,dez9vR
désoeuvré,dez9vRe
désordonnément,dezORdonem@
désorganisateur,dezORganizat9R
déspiritualisation,despiRit8alizasj§
déspiritualiser,despiRit8alize
déstalinisation,destalinizasj§
désubjectiviser,desybZEktivize
désépaissir,dezepesiR
déséquiper,dezekipe
détaillant,detaj@
déterminément,detERminem@
détestablement,detEstabl°m@
détestation,detEstasj§
détourneur,detuRn9R
détremper,detR@pe
détricoter,detRikote
détroncher,detR§Se
dévalement,deval°m@
dévaluer,deval8e
dévernir,devERniR
déviationnisme,devjasjonizm
déviationniste,devjasjonist
dévider,devide
dévideur,devid9R
dévirginiser,deviRZinize
dévirilisation,deviRilizasj§
dévissage,devisaZ
dévoiement,devwam@
dévoilant,devwal@
dévolution,devolysj§
dévorateur,devoRat9R
dévoration,devoRasj§
dévotement,devOt°m@
dévotieusement,devosj2z°m@
east river,istRiv9R
eaux-fortes,ofORt
ecthyma,Ektima
eczémateux,Egzemat2
edelweiss,edElvajs
effarement,efaR°m@
effarouchement,efaRuS°m@
effarvatte,efaRvat
effectivité,efEktivite
efficient,efisj@
effilement,efil°m@
effilochage,efiloSaZ
effilocher,efiloSe
effilochure,efiloSyR
effilure,efilyR
effleurage,efl9RaZ
effrayamment,efREjam@
effusionniste,efyzjonist
efrit,EfRit
eider,edER
ellipsoïde,elipsoid
elzévir,ElzeviR
embabouiner,@babwine
embase,@baz
embauchage,@boSaZ
embaumant,@bom@
emberlificoter,@bERlifikote
emberlucoquer,@bERlykoke
emblaver,@blave
emblavure,@blavyR
embobeliner,@bOb°line
embosser,@bose
embouche,@buS
emboucher,@buSe
embouquer,@buke
embouteiller,@buteje
emboutisseur,@butis9R
emboîtage,@bwataZ
emboîtement,@bwat°m@
embrigadé,@bRigade
embroussailler,@bRusaje
embroussaillé,@bRusaje
embruiné,@bR8ine
embu,@by
emmaillotement,@majOt°m@
emmailloter,@majote
emmailloté,@majote
emmanchage,@m@SaZ
emmanchure,@m@SyR
emmitouflé,@mitufle
emmuré,@myRe
emmêlement,@mEl°m@
empanner,@pane
empaumer,@pome
emperler,@pERle
emperlé,@pERle
empesé,@p°ze
empierrage,@pjeRaZ
empierrement,@pjER°m@
empierrer,@pjERe
empierré,@pjeRe
empilement,@pil°m@
empiriquement,@piRik°m@
empiècement,@pjEs°m@
empiétement,@pjEt°m@
emplafonner,@plafone
emplanture,@pl@tyR
empli,@pli
emplâtrage,@platRaZ
empoignant,@pwaN@
empoiler,@pwale
empoisser,@pwase
emport,@pOR
emporte-pièce,@pORt°pjEs
empoussiéré,@pusjeRe
empuanti,@p8@ti
empyrée,@piRe
encadrant,@kadR@
encager,@kaZe
encalminé,@kalmine
encanaillement,@kanaj°m@
encapuchonné,@kapySone
encartage,@kaRtaZ
encaserner,@kazERne
encaustiqué,@kostike
encaver,@kave
encellulement,@sElyl°m@
enchtiber,@tibe
enchâsser,@Sase
enchâssé,@Sase
enclore,@klOR
enclouer,@klue
encloîtrer,@klwatRe
encoconner,@kokone
encoignure,@kONyR
encollage,@kolaZ
encoller,@kole
encordé,@kORde
encorné,@kORne
encotonner,@kotone
encroûté,@kRute
enculerie,@kyl°Ri
endiamanté,@djam@te
endimanchement,@dim@S°m@
endimancher,@dim@Se
endolorir,@doloRiR
endosse,@dos
endosseur,@dos9R
endurable,@dyRabl
endêver,@dEve
enfançon,@f@s§
enfariné,@faRine
enfilage,@filaZ
enfileur,@fil9R
enfonceur,@f§s9R
enfonçage,@f§saZ
enfouiller,@fuje
enfourchement,@fuRS°m@
enfournage,@fuRnaZ
engliche,@gliS
englobant,@glob@
engoncement,@g§s°m@
engouffrement,@gufR°m@
engourdissant,@guRdis@
engraissement,@gREs°m@
engrangement,@gR@Z°m@
engravement,@gRav°m@
engraver,@gRave
engrener,@gR°ne
enhardir,@aRdiR
enhardissement,@aRdis°m@
enjambeur,@Z@b9R
enjôlement,@Zol°m@
enlaçant,@las@
enliasser,@ljase
enlisement,@liz°m@
enluminer,@lymine
enluminure,@lyminyR
ennoblissement,@noblis°m@
ennuager,@n8aZe
enquiller,@kije
enragement,@RaZ°m@
enrouement,@Rum@
enrouer,@Rwe
enroulage,@RulaZ
enrubanné,@Rybane
enrégimenter,@ReZim@te
ensablement,@sabl°m@
ensanglantement,@s@gl@t°m@
ensanglanter,@s@gl@te
ensauvagement,@sovaZ°m@
enseignant-robot,@sEN@Robo
ensellement,@sEl°m@
ensommeiller,@somEje
ensouple,@supl
entablement,@tabl°m@
entassement,@tas°m@
entement,@t°m@
entendant,@t@d@
enterreur,@tER9R
entifler,@tifle
entolome,@tolOm
entortillage,@tORtijaZ
entortillement,@tORtij°m@
entr'aimer,@tREme
entr'ouvert,@tRuvER
entr'égorger,@tRegORZe
entrebattre,@tR°batR
entrebâiller,@tR°baje
entrebâillé,@tR°baje
entrechoc,@tR°SOk
entrechoquement,@tR°SOk°m@
entrecouper,@tR°kupe
entrecoupé,@tR°kupe
entrecroisement,@tR°kRwaz°m@
entredévorer,@tR°devoRe
entrelarder,@tR°laRde
entrelardé,@tR°laRde
entremettre,@tR°mEtR
entremêlement,@tR°mEl°m@
entreteneur,@tR°t°n9R
entretoisement,@tR°twaz°m@
entrisme,@tRizm
entrouverture,@tRuvERtyR
enturbanner,@tyRbane
enténébrer,@tenebRe
entérinement,@teRin°m@
entôleur,@tol9R
envasement,@vaz°m@
enveloppeur,@v°lop9R
environner,@viRone
envoûteur,@vut9R
ergastule,ERgastyl
erre,ER
esbaudir,EzbodiR
esbigner,EsbiNe
esbroufer,EsbRufe
escadrin,EskadR5
escamotable,Eskamotabl
eschatologie,EskatoloZi
esche,ES
esclaffement,Esklafm@
esclavager,EsklavaZe
escopette,EskopEt
esgourder,EsguRde
espada,Espada
espagnolette,EspaNolEt
espalier,Espalje
espar,EspaR
espars,EspaR
espingo,Esp5go
espingole,Esp5gOl
espièglement,EspjEgl2m@
esprit-de-sel,EspRid°sEl
espérantiste,EspeR@tist
esquintement,Esk5t°m@
essartage,EsaRtaZ
essentialisme,Es@sjalizm
esseulement,s9l°m@
estafier,Estafje
estagnon,EstaN§
estampiller,Est@pije
estampillé,Est@pije
esthésiomètre,EstezjomEtR
estivant,Estiv@
estom,EstOm
estomaquer,Estomake
estompé,Est§pe
estoquer,Estoke
estouffade,Estufad
et seq,Etsek
etcetera,EtseteRa
ethnographie,EtnogRafi
ethnologique,EtnoloZik
eubage,2baZ
eubine,2bin
eucharistique,2kaRistik
eulogie,2loZi
euphonie,2foni
euphonique,2fonik
euphoniquement,2fonik°m@
euphorbe,2fORb
euromarché,2RomaRSe
eurêka,2REka
eustache,2staS
ex abrupto,EksabRypto
ex nihilo,Eksnajilo
ex-abbé,Eksabe
ex-acteur,Eksakt9R
ex-adjudant,EksadZyd@
ex-allée,Eksale
ex-appartement,EksapaRt°m@
ex-apprenti,EksapR@ti
ex-arriviste,EksaRivist
ex-artiste,EksaRtist
ex-basketteur,EksbaskEt9R
ex-batteur,Eksbat9R
ex-beatnik,Eksbitnik
ex-bibliothécaire,EksbibliotekER
ex-chanteur,EksS@t9R
ex-collabo,Ekskolabo
ex-concierge,Eksk§sjERZ
ex-diva,Eksdiva
ex-drifter,EksdRift9R
ex-drôlesse,EksdRolEs
ex-dulcinée,Eksdylsine
ex-enseigne,Eks@sEN
ex-fils,Eksfis
ex-gang,Eksg@g
ex-garde,EksgaRd
ex-gauchiste,EksgoSist
ex-gonzesse,Eksg§zEs
ex-gravosse,EksgRavos
ex-griot,EksgRio
ex-griveton,EksgRiv°t§
ex-grognasse,EksgRoNas
ex-groupe,EksgRup
ex-guitariste,EksgitaRist
ex-génie,EksZeni
ex-hôpital,Eksopital
ex-immeuble,Eksim9bl
ex-kid,Ekskid
ex-libris,EkslibRi
ex-lit,Eksli
ex-lycée,Ekslise
ex-légionnaire,EksleZjonER
ex-maître,EksmEtR
ex-opérateur,EksopeRat9R
ex-pilote,EkspilOt
ex-planton,Ekspl@t§
ex-plâtrier,EksplatRie
ex-primaire,EkspRimER
ex-profession,EkspRofEsj§
ex-présentateur,EkspRez@tat9R
ex-putain,Ekspyt5
ex-quincaillerie,Eksk5kaj°Ri
ex-quincaillier,Eksk5kaje
ex-rebelle,EksR°bEl
ex-révolutionnaire,EksRevolysjonER
ex-standardiste,Eksst@daRdist
ex-séminariste,EksseminaRist
ex-sénateur,Ekssenat9R
ex-sévère,EkssevER
ex-tirailleur,EkstiRaj9R
ex-union,Eksynj§
exacerbation,EgzasERbasj§
exarque,EgzaRk
exaucement,Egzos°m@
excepter,EksEpte
exciper,Eksipe
exciteur,Eksit9R
exclamatif,Eksklamatif
excrémentiel,EkskRem@sjEl
excursionner,EkskyRsjone
exempté,Egz@te
exequatur,EgzekwatyR
exerçant,EgzERs@
exhalaison,EgzalEz§
exhalant,Egzal@
exhaussement,Egzos°m@
exhausser,Egzose
exhaustion,Egzostj§
exhaustivement,Egzostiv°m@
exhaustivité,Egzostivite
exiguïté,Egzig8ite
exogamie,Egzogami
exogamique,Egzogamik
exophtalmique,EgzOftalmik
exorable,EgzoRabl
exorbiter,EgzORbite
exorbité,EgzORbite
exotiquement,Egzotik°m@
expansé,Eksp@se
expatriation,EkspatRijasj§
expatrié,EkspatRije
expectatif,EkspEktatif
expectorer,EkspEktoRe
expertement,EkspERt°m@
expirant,EkspiR@
explétif,Ekspletif
expressivement,EkspResiv°m@
expurger,EkspyRZe
exsudat,Eksyda
extasiant,Ekstazj@
extatiquement,Ekstatik°m@
exterritorialité,EkstERitoRjalite
extra-dry,EkstRadRaj
extra-fin,EkstRaf5
extra-muros,EkstRamyRo
extravaguer,EkstRavage
extrême-orient,EkstREmORj@
exténuement,Ekstenym@
extériorité,EksteRjoRite
exultant,Egzylt@
exécration,EgzekRasj§
exégète,EgzeZEt
fabliau,fablijo
fabulateur,fabylat9R
fabuliste,fabylist
face-à-face,fasafas
face-à-main,fasam5
faces-à-main,fasam5
faconde,fak§d
factieux,faksj2
factionnaire,faksjonER
factum,faktOm
facétieusement,fasesj2z°m@
fadaise,fadEz
fadement,fad°m@
fadette,fadEt
fadé,fade
faena,fena
fafiot,fafjo
fagne,faN
fagotage,fagotaZ
fagoter,fagote
fagotin,fagot5
faisanderie,f°z@d°Ri
fait-divers,fEdivER
faits-divers,fEdivER
falerne,falERn
faluche,falyS
familialiste,familjalist
familistère,familistER
famulus,famylys
fanatiser,fanatize
fanchon,f@S§
fantasmagorique,f@tasmagoRik
fantasmatiquement,f@tasmatik°m@
fantasquement,f@task2m@
fanti,f@ti
fantomatiquement,f@tomatik°m@
farauder,faRode
fardier,faRdje
fare,faR
faribole,faRibOl
fariboler,faRibole
farigoule,faRigul
farineux,faRin2
fashionable,faSonabl
fastidieusement,fastidj2z°m@
fastueusement,fast82z°m@
fathom,fazOm
fatum,fatOm
faubourien,fobuRj5
fauchard,foSaR
faucheux,foS2
faucillon,fosij§
faunesque,fonEsk
faunesse,fonEs
fauter,fote
fauteuil-club,fot9jkl9b
fauteuils-club,fot9jkl9b
fauverie,fov°Ri
fayard,fajaR
façonné,fasone
faîtage,fEtaZ
faîtière,fEtjER
faïencerie,faj@s°Ri
faïencier,faj@sje
feintise,f5tiz
feldgrau,fEldgRo
feldwebel,fEldvebEl
fellaga,fElaga
fellagha,fElaga
fellinien,f°linj5
femme-fleur,famfl9R
femme-refuge,famR°fyZ
fenaison,f°nEz§
fendant,f@d@
fendeur,f@d9R
fendillement,f@dij°m@
fendiller,f@dije
fendillé,f@dije
ferblanterie,fERbl@t°Ri
fermant,fERm@
ferrage,fERaZ
ferraillant,fERaj@
ferraillement,fERaj°m@
ferro,fERo
ferrocyanure,fERosjanyR
ferrocérium,fERoseRjOm
ferrugineux,fERyZin2
fertilisable,fERtilizabl
fertilisateur,fERtilizat9R
ferté,fERte
fesse-mathieu,fEsmatj2
fessu,fEsy
feudataire,f2datER
feuillaison,f9jEz§
feuille-morte,f9jmORt
feuilletage,f9j°taZ
feuilletoniste,f9j°tonist
feuillettement,f9jEt°m@
feuillure,f9jyR
feuillée,f9je
feulement,f9l°m@
feurre,f9R
feutrage,f2tRaZ
feutrer,f2tRe
feutrine,f2tRin
fibrilleux,fibRij2
fibrociment,fibRosim@
fibrotoxine,fibRotOksin
fibré,fibRe
fibule,fibyl
fictivement,fiktiv°m@
fielleusement,fjEl2z°m@
fienteux,fj@t2
fier-à-bras,fjERabRa
fiers-à-bras,fjERabRa
fieu,fj2
figaro,figaRo
fignard,fiNaR
fil-à-fil,filafil
filasse,filas
filateur,filat9R
filialement,filjal°m@
filioque,filjOk
film-livre,filmlivR
filoselle,filozEl
finage,finaZ
finasserie,finas°Ri
finet,finE
finette,finEt
finitude,finityd
finlandisation,f5l@dizasj§
fiord,fjORd
fivete,fivEt
fixage,fiksaZ
fixateur,fiksat9R
fixatif,fiksatif
fiérot,fjeRo
flache,flaS
flafla,flafla
flageoler,flaZole
flagorner,flagORne
flaireur,flER9R
flambard,fl@baR
flamberge,fl@bERZ
flamboyer,fl@bwaje
flammé,flame
flanc-garde,fl@gaRd
flanchet,fl@SE
flandrin,fl@dR5
flanquement,fl@k°m@
flatuosité,flat8ozite
flatus vocis,flatyvosi
flave,flav
flegmatiquement,flEgmatik°m@
flegmatisme,flEgmatizm
fleurage,fl9RaZ
fleurissement,fl9Ris°m@
fleuronner,fl9ROne
flexuosité,flEks8ozite
flint,flint
flip-flap,flipflap
fliquer,flike
fliqué,flike
flonflon,fl§fl§
florence,floR@s
florilège,floRilEZ
florissaient,floRisE
florissait,floRisE
florès,floREs
floréal,floReal
flottage,flotaZ
flouerie,fluRi
flouve,fluv
flouzaille,fluzaj
fluidement,fl8id°m@
fluviatile,flyvjatil
flâne,flan
flâneur,flan9R
flânocher,flanoSe
fléché,fleSe
fléole,fleOl
flétrissant,fletRis@
flétrissure,fletRisyR
flûté,flyte
foirade,fwaRad
foirail,fwaRaj
foiridon,fwaRid§
foisonnant,fwazon@
foisonnement,fwazOn°m@
folkloriste,fOlkloRist
follingue,fol5g
fonctionnaliste,f§ksjonalist
fonctionnellement,f§ksjonEl°m@
fondouk,f§duk
fondrière,f§dRijER
fontainette,f§tEnEt
foreign office,foRENnOfis
forlonger,fORl§Ze
formage,fORmaZ
fortraiture,fORtREtyR
fouaille,fwaj
fouailler,fwaje
fouchtra,fuStRa
fougeraie,fuZ°RE
fouillette,fujEt
fouir,fwiR
foulage,fulaZ
foulbé,fulbe
fouloir,fulwaR
fourber,fuRbe
fourchet,fuRSE
fourchée,fuRSe
fourgonner,fuRgone
fourme,fuRm
fourmi-lion,fuRmilj§
fourmilion,fuRmilj§
fourmillant,fuRmij@
fournier,fuRnje
fourragement,fuRaZ°m@
fourrager,fuRaZe
fourvoiement,fuRvwam@
fouterie,fut°Ri
foyard,fwajaR
foëne,fwEn
fractionnel,fRaksjonEl
fractionnement,fRaksjOn°m@
fractus,fRaktys
fragilement,fRaZil°m@
fragrant,fRagR@
frairie,fRERi
fraiseur,fREz9R
fraiseur-outilleur,fREz9Rutij9R
fraisil,fREzil
franc-comtois,fR@k§twa
francatu,fR@katy
francisation,fR@sizasj§
franciser,fR@size
francisque,fR@sisk
francité,fR@site
franco-allemand,fR@koal°m@
franco-belge,fR@kobElZ
franco-britannique,fR@kobRitanik
franco-libanais,fR@kolibanE
franco-russe,fR@koRys
franco-soviétique,fR@kosovjetik
franco-syrien,fR@kosiRj5
franco-turque,fR@kotyRk
franco-vietnamien,fR@kovjEtnamj5
francomanie,fR@komani
francophile,fR@kofil
francophilie,fR@kofili
francophobie,fR@kofobi
francophonie,fR@kofoni
francs-bourgeois,fR@buRZwa
frangipane,fR@Zipan
franglais,fR@glE
frankaoui,fR@kawi
franque,fR@k
frappement,fRap°m@
frayée,fReje
free jazz,fRidZaz
free-jazz,fRidZaz
friabilité,fRijabilite
fricandeau,fRik@do
fricasse,fRikas
fricatif,fRikatif
frileusement,fRil2z°m@
frimaire,fRimER
fripouillerie,fRipuj°Ri
frippe,fRip
friseler,fRiz°le
friselis,fRiz°li
friselée,fRiz°le
friseur,fRiz9R
frison,fRiz§
frisottant,fRizot@
frisottement,fRizOt°m@
frisotter,fRizote
frisotté,fRizote
frisselis,fRis°li
frisure,fRizyR
friturier,fRityRje
frocard,fRokaR
froidasse,fRwadas
froidir,fRwadiR
fromegi,fRomZi
fromental,fRom@tal
frondaison,fR§dEz§
fronteau,fR§to
frottant,fRot@
frottoir,fRotwaR
frouement,fRum@
froufroutant,fRufRut@
froufroutement,fRufRut°m@
fructification,fRyktifikasj§
fruiter,fR8ite
fruiteux,fR8it2
frusquer,fRyske
frétillard,fRetijaR
frétillement,fRetij°m@
frétillon,fRetij§
frôleur,fRol9R
fuel-oil,fjulOjl
fugacement,fygas°m@
fugitivement,fyZitiv°m@
fulguration,fylgyRasj§
fulgurer,fylgyRe
fulmicoton,fylmikot§
fulminement,fylmin°m@
fumaga,fymaga
fumailler,fymaje
fumaison,fymEz§
fumeron,fym°R§
fumure,fymyR
funambulesque,fyn@bylEsk
funestement,fynEst°m@
furette,fyREt
furonculeux,fyR§kyl2
furonculose,fyR§kyloz
fusant,fyz@
fuselé,fyz°le
fusiforme,fyzifORm
fusionnel,fyzjonEl
fustanelle,fystanEl
futaie,fytE
futaille,fytaj
futilement,fytil°m@
futurisme,fytyRizm
fuégien,f8eZj5
fécondant,fek§d@
fédérer,fedeRe
féeriquement,feeRik°m@
félibre,felibR
félidé,felide
félinement,felin°m@
féminiser,feminize
féminitude,feminityd
féra,feRa
féticheur,fetiS9R
fétidité,fetidite
gabelou,gab°lu
gabion,gabj§
gabonais,gabonE
gade,gad
gadouille,gaduj
gagnage,gaNaZ
gail,gEl
gaillardise,gajaRdiz
gaillette,gajEt
galalithe,galalit
galathée,galate
galber,galbe
galbé,galbe
galerie-refuge,gal°RiR°fyZ
galetouse,gal°tuz
galetteux,galEt2
galibot,galibo
galiote,galjOt
galle,gal
gallicanisme,galikanizm
gallinacé,galinase
gallique,galik
gallo-romain,galoRom5
galoche,galOS
galonnage,galonaZ
galopade,galopad
galopiner,galopine
galoup,galu
galtouse,galtuz
galuchat,galySa
galvanique,galvanik
galvaudeux,galvod2
galée,gale
galéjeur,galeZ9R
galéniste,galenist
gamay,gamE
gambade,g@bad
gambergeailler,g@bERZaje
gaminement,gamin°m@
gammaglobuline,gamaglobylin
ganaderia,ganadeRja
gandourah,g@duRa
gangstérisme,g@gsteRizm
ganterie,g@t°Ri
gaperon,gap°R§
garancière,gaR@sjER
garcette,gaRsEt
garde-barrière,gaRd°baRjER
garde-champêtre,gaRd°S@pEtR
garde-voie,gaRd°vwa
garde-à-vous,gaRdavu
gardeur,gaRd9R
gardian,gaRdj@
gardois,gaRdwa
gardénal,gaRdenal
gargamelle,gaRgamEl
gargouillette,gaRgujEt
gargoulette,gaRgulEt
gari,gaRi
garno,gaRno
garrick,gaRik
garçonne,gaRsOn
garçonnier,gaRsonje
gastrolâtre,gastRolatR
gastéropode,gasteRopOd
gauchir,goSiR
gauchisme,goSizm
gauchissement,goSis°m@
gauldo,goldo
gaulis,goli
gaulle,gol
gaullisme,golizm
gauloisement,golwaz°m@
gaupe,gop
gavial,gavjal
gaviot,gavjo
gavroche,gavROS
gayac,gajak
gazier,gazje
gazogène,gazoZEn
gazonné,gazone
gelinotte,ZelinOt
genevois,Z°n°vwa
gengis khan,dZEndZiskan
gengiskhanide,Z@Ziskanid
genreux,Z@R2
gentilice,Z@tilis
genêtière,Z°nEtjER
germanisme,ZERmanizm
germaniste,ZERmanist
germanium,ZERmanjOm
germano-russe,ZERmanoRys
germano-soviétique,ZERmanosovjetik
germanophile,ZERmanofil
germanophilie,ZERmanofili
germant,ZERm@
germen,ZERmEn
germinal,ZERminal
germination,ZERminasj§
gestapiste,gEstapist
gesticulatoire,ZEstikylatwaR
ghât,ga
gibbeux,Zib2
gibbosité,Zibozite
gibecière,Zib°sjER
gibelet,Zib°lE
gibelotte,Zib°lOt
giberne,ZibERn
giclement,Zikl°m@
gidien,Zidj5
gidouille,Ziduj
gigantomachie,Zig@tomaSi
gilbert,ZilbER
gingin,Z5Z5
giocoso,dZjokozo
girandole,ZiR@dOl
giration,ZiRasj§
gire,ZiR
girer,ZiRe
girie,ZiRi
giroflier,ZiROflije
girondin,ZiR§d5
gisquette,ZiskEt
gla-gla,glagla
glaglater,glaglate
glaiseux,glEz2
glandilleuse,gl@dij2z
glandilleux,gl@dij2
glandouilleur,gl@duj9R
glane,glan
glanure,glanyR
glapissant,glapis@
glauquement,glok°m@
glaçure,glasyR
glomérule,glomeRyl
gloser,gloze
glossématique,glosematik
glottique,glotik
glouglouter,gluglute
gloussant,glus@
gloutonnement,glutOn°m@
glucide,glysid
glène,glEn
gnard,NaR
gniard,NaR
gniouf,Nuf
gnose,gnoz
goberger,gobERZe
gobet,gobE
goder,gode
godille,godij
godiller,godije
godilleur,godij9R
goitreux,gwatR2
goldo,gOldo
golgotha,gOlgOta
goliath,gOliat
gominer,gomine
gommeux,gom2
goménol,gomenOl
goncier,g§sje
gondolant,g§dol@
gondolement,g§dOl°m@
gonelle,gonEl
gonfalon,g§fal§
gonfanon,g§fan§
gonflage,g§flaZ
gonfleur,g§fl9R
gongoriste,g§goRist
goniomètre,gonjomEtR
gonocoque,gonokOk
gopak,gopak
gordien,gORdj5
gorgerette,gORZ°REt
gorget,gORZE
gorgé,gORZe
gosseline,gOs°lin
goton,got§
gouailleur,gwaj9R
goualer,gwale
goudronnage,gudRonaZ
goudronneux,gudRon2
gouet,gwE
gougnafier,guNafje
gougère,guZER
goulafre,gulafR
gouleyant,gulEj@
goulotte,gulOt
goulée,gule
goum,gum
goumi,gumi
goumier,gumje
goura,guRa
gourance,guR@s
gourd,guR
gourmandement,guRm@d°m@
gourmander,guRm@de
gouttereau,gut°Ro
goyesque,gojEsk
goémon,goem§
gracieusé,gRasj2ze
gracilité,gRasilite
gradaille,gRadaj
gradation,gRadasj§
grader,gRade
gradus,gRadys
gradué,gRad8e
graffito,gRafito
graillonnant,gRajon@
graillonneux,gRajon2
grainer,gREne
graineterie,gREn°t°Ri
grainetier,gREn°tje
grana,gRana
grand-faim,gR@f5
grand-hâte,gR@at
grand-hôtel,gR@totEl
grand-neige,gR@nEZ
grand-officier,gR@tofisje
grand-peur,gR@p9R
grand-prêtre,gR@pREtR
grand-quartier,gR@kaRtje
grand-salle,gR@sal
grandesse,gR@dEs
grandet,gR@dE
grandiloque,gR@dilOk
grandiosement,gR@djoz°m@
grandissement,gR@dis°m@
grangette,gR@ZEt
granito,gRanito
granulé,gRanyle
grape-fruit,gRapfR8i
graphomanie,gRafomani
graphomètre,gRafomEtR
grappillon,gRapij§
grasseyant,gRasEj@
grasseyement,gRasEjm@
grasseyer,gRasEje
gratis pro deo,gRatispRodeo
gratouillis,gRatuji
gratte-cul,gRatky
gratte-pieds,gRatpje
gratture,gRatyR
gravelle,gRavEl
gravillon,gRavij§
gravosse,gRavos
grelottement,gR°lOt°m@
grelotteux,gR°lot2
greluchon,gR°lyS§
grenache,gR°naS
grenaille,gR°naj
grenoblois,gR°noblwa
gribiche,gRibiS
griffage,gRifaZ
grifton,gRift§
grignotis,gRiNoti
grill-room,gRilRum
grillagé,gRijaZe
grimacement,gRimas°m@
grimacier,gRimasje
grimpée,gR5pe
grinchir,gR5SiR
gringuer,gR5ge
griotte,gRijOt
gris-blanc,gRibl@
gris-jaune,gRiZon
gris-rose,gRiRoz
grisette,gRizEt
grisotte,gRizOt
griveton,gRiv°t§
grivoiserie,gRivwaz°Ri
grivèlerie,gRivEl°Ri
grognasser,gRoNase
grondeur,gR§d9R
grondin,gR§d5
gros-grain,gRogR5
groschen,gRoS°n
grossium,gRosjOm
grouillis,gRuji
groumer,gRum9R
gruppetto,gRupEto
grège,gREZ
grègues,gREg
grésil,gRezil
grêlon,gREl§
guadeloupéenne,gwad°lupeEn
guarani,gwaRani
guelfe,gElf
guenilleux,g°nij2
guenipe,g°nip
guerroyeur,gERwaj9R
guets-apens,gEap@
gueugueule,g2g9l
gueulement,g9l°m@
gueules-de-loup,g9ld°lu
gueuletonner,g9l°tone
gueuloir,g9lwaR
gueuserie,g2z°Ri
gueuze,g2z
guibolle,gibOl
guide-interprète,gid5tERpREt
guigner,giNe
guignolesque,giNolEsk
guignolet,giNolE
guignon,giN§
guillaume,gijom
guillotineur,gijotin9R
guillotiné,gijotine
guinche,g5S
guindal,g5dal
guinder,g5de
guinéen,gine5
guitoune,gitun
gustation,gystasj§
guyanais,g8ijanE
guzla,gyzla
guéable,geabl
guéret,geRE
guévariste,gevaRist
guêtré,getRe
gy,Zi
gymnasium,ZimnazjOm
gymnique,Zimnik
gymnopédie,Zimnopedi
gymnosophiste,Zimnosofist
gypseux,Zips2
gâchage,gaSaZ
gâpette,gapEt
gâte-bois,gatbwa
gâte-sauce,gatsos
gâtine,gatin
gélatino-bromure,ZelatinobRomyR
gélification,Zelifikasj§
gélinotte,ZelinOt
gélolevure,Zelol°vyR
gémisseur,Zemis9R
génialité,Zenjalite
génitalité,Zenitalite
génuine,Zen8in
généralife,ZeneRalif
généralisable,ZeneRalizabl
génésique,Zenezik
géodésigraphe,ZeodezigRaf
géostratégie,ZeostRateZi
géotropique,ZeotRopik
géronte,ZeR§t
gîter,Zite
habitabilité,abitabilite
habitus,abitys
hachard,aSaR
hache-paille,aSpaj
hachure,aSyR
hagiographe,aZjogRaf
haillonneux,ajon2
haire,ER
hale,al
halètement,alEt°m@
hanovrien,anOvRi5
hanteur,@t9R
happe,ap
happement,ap°m@
happy few,apifju
haquenée,ak°ne
haquet,akE
harasser,aRase
harde,aRd
haret,aRE
harfang,aRf@
hargneusement,aRN2z°m@
harissa,aRisa
harki,aRki
harnaché,aRnaSe
harpin,aRp5
hasardeusement,azaRd2z°m@
haseki,aski
hassidisme,asidizm
haut-commandement,okOm@nd°m@
haut-de-chausses,od°Sos
haut-le-corps,ol°kOR
haut-relief,oR°ljEf
hautainement,otEn°m@
hautesse,otEs
havanais,avanE
haveneau,av°no
havrais,avRE
hawaïen,awaj5
haïk,aik
haïkaï,aikai
hebdomadairement,EbdomadER°m@
hecto,Ekto
helléniser,Elenize
hellénisme,Elenizm
helminthe,Elm5t
helvète,ElvEt
helvétien,Elvesj5
helvétique,Elvetik
hennin,en5
heptagone,Eptagon
heptaméron,EptameR§
herbette,ERbEt
herboriser,ERboRize
herbu,ERby
hercynien,ERsinj5
hermaphrodisme,ERmafRodizm
hermaphroditisme,ERmafRoditizm
herminé,ERmine
hernieux,ERnj2
herser,ERse
hessois,Eswa
hic et nunc,ikEtnunk
hideur,id9R
higoumène,igumEn
hiloire,ilwaR
himalayenne,imalajEn
hippocratique,ipokRatik
hippophagique,ipofaZik
hippopotamesque,ipopotamEsk
hispano-américain,ispanoameRik5
hispano-cubain,ispanokyb5
hispano-mauresque,ispanomoREsk
historicité,istoRisite
historiette,istoRjEt
hiv,aSive
hivernage,ivERnaZ
hivernant,ivERn@
hiérarchisation,jeRaRSizasj§
hiérarchisé,jeRaRSize
hiératiquement,jeRatik°m@
hiératisme,jeRatizm
hiérophante,jeRof@t
hochepot,OSpo
hoirie,waRi
hollywoodien,Oliwudj5
hominien,ominj5
hominisation,ominizasj§
homme-sandwich,Oms@dwitS
homo habilis,omoabilis
homologable,omologabl
homonymie,omonimi
homonymique,omonimik
homophilie,omofili
homophonie,omofoni
honnir,oniR
hoplite,oplit
horion,oRj§
horizontalité,oRiz§talite
horse-guard,ORsgwaRd
hortillonnage,ORtijonaZ
hosannah,ozana
hospodar,OspodaR
hostau,Osto
hostilement,Ostil°m@
hottée,ote
hotu,oty
houari,waRi
houille,uj
houiller,uje
houler,ule
houligan,uligan
houliganisme,uliganizm
houlque,ulk
hourdis,uRdi
houseau,uzo
hoyau,wajo
huart,8aR
huchet,ySE
hugolien,ygolj5
huipil,8ipil
huit-reflets,8itR°flE
hululement,ylyl°m@
humanisation,ymanizasj§
humidement,ymid°m@
humoral,ymoRal
hussite,ysit
huée,8e
huîtrière,8itRijER
hydne,idn
hydro-électrique,idRoelEktRik
hydrocution,idRokysj§
hydrocèle,idRosEl
hydrogénisation,idRoZenizasj§
hydroquinone,idRokinOn
hygiaphone,iZjafOn
hygromètre,igRomEtR
hygrométrique,igRometRik
hylémorphique,ilemoRfik
hyménoptère,imenOptER
hypallage,ipalaZ
hyperboliquement,ipERbolik°m@
hyperborée,ipERboRe
hyperboréen,ipERboRe5
hyperesthésie,ipEREstezi
hyperlipidémie,ipERlipidemi
hypermnésie,ipERmnezi
hypernerveux,ipERnERv2
hyperréalisme,ipERRealizm
hyperréaliste,ipERRealist
hyperthyroïdien,ipERtiRoidj5
hyperémotivité,ipERemotivite
hypnogène,ipnoZEn
hypnotiquement,ipnOtik°m@
hypocondre,ipok§dR
hypocras,ipokRas
hypoderme,ipodERm
hypogée,ipoZe
hypokhâgne,ipokaN
hyposulfite,ipozylfit
hypotaupe,ipotop
hâblerie,abl°Ri
hâbleur,abl9R
hébertisme,ebERtizm
hébraïquement,ebRaik°m@
hébraïsant,ebRaiz@
hébétement,ebEt°m@
hégélianisme,eZeljanizm
hégélien,eZelj5
hélicoïdal,elikoidal
hélio,eljo
héliogravure,eljogRavyR
héliophanie,eljofani
hématie,emasi
hématite,ematit
hématocèle,ematosEl
hématopoïèse,ematopojEz
hématose,ematoz
hémi,emi
hémiptère,emiptER
hémistiche,emistiS
hémoptysie,emoptizi
héraclitéen,eRaklite5
héraldique,eRaldik
hérissement,eRis°m@
héroïde,eRoid
héréditairement,eReditER°m@
hérédo,eRedo
hérésiarque,eRezjaRk
hétaïre,etaiR
hétérodoxie,eteRodOksi
hétérogénéité,eteRoZeneite
hétéroptère,eteROptER
hêtraie,EtRE
hôtel-restaurant,otElREstOR@
ibis,ibis
ibm,ibeEm
ibère,ibER
ice-cream,ajskRim
icelle,isEl
icelles,isEl
icelui,is°l8i
icoglan,ikogl@
iconoclaste,ikonoklast
iconographe,ikonogRaf
iconographique,ikonogRafik
iconostase,ikonostaz
ictus,iktys
identiquement,id@tik°m@
identitarisme,id@titaRizm
idiotement,idjOt°m@
idéographique,ideogRafik
iftar,iftaR
ignifuge,iNifyZ
ignifuger,iNifyZe
ignominieusement,iNomiN2z°m@
igné,iNe
iguanodon,igwanod§
illogiquement,iloZik°m@
illuminant,ilymin@
illusoirement,ilyzwaR°m@
illustrement,ilystR2m@
illustrissime,ilystRisim
ilote,ilOt
imagier,imaZje
imaginairement,imaZinER°m@
imaginant,imaZin@
imago,imago
imbibition,5bibisj§
imbittable,5bitabl
imbrication,5bRikasj§
imbriqué,5bRike
imbécilement,5besil°m@
imitable,imitabl
immaculation,imakylasj§
immanence,iman@s
immanent,iman@
immanentisme,iman@tizm
immarcescible,5maRsEsibl
immatérialité,imateRjalite
immensurable,im@syRabl
immobilisant,imobiliz@
immodérément,imodeRem@
immoralisme,imoRalizm
immoraliste,imoRalist
immortalisation,imORtalizasj§
immunogène,imynoZEn
immémorial,imemoRjal
impalpabilité,5palpabilite
impalpablement,5palpabl2m@
imparablement,5paRabl°m@
impardonnablement,5paRdOnabl2m@
impartageable,5paRtaZabl
impartir,5paRtiR
impassibilité,5pasibilite
impassiblement,5pasibl°m@
impatroniser,5patRonize
impeccabilité,5pEkabilite
impedimenta,5pedim@ta
impensé,5p@se
imperméabilité,5pERmeabilite
impersonnalité,5pERsonalite
impertinemment,5pERtinam@
imperturbablement,5pERtyRbabl°m@
implosive,5ploziv
impollu,5pOly
impolluable,5pOl8abl
impollué,5pol8e
impratique,5pRatik
imprimatur,5pRimatyR
imprononcé,5pROn§se
imprécateur,5pRekat9R
imprécisable,5pResizabl
imprégnant,5pReN@
imprégné,5pReNe
impréparation,5pRepaRasj§
imprésentable,5pRez@tabl
imprévision,5pRevizj§
imprévoyant,5pRevwaj@
impubère,5pybER
imputrescible,5pytResibl
impécunieux,5pekynj2
impécuniosité,5pekynjozite
impénétrabilité,5penetRabilite
impérieusement,5peRj2z°m@
impéritie,5peRisi
in abstracto,inapstRakto
in anima vili,inanimavili
in cauda venenum,inkodavenenOm
in extenso,inEkst5so
in petto,inpeto
in vivo,invivo
in-folio,infoljo
in-folios,infoljo
in-octavo,inOktavo
in-octavos,inOktavo
in-quarto,inkwaRto
in-seize,insEz
inabouti,inabuti
inaccomplissement,inak§plis°m@
inactuel,inakt8El
inadaptable,inadaptabl
inanalysable,inanalizabl
inane,inan
inanimation,inanimasj§
inapaisable,inapEzabl
inapplication,inaplikasj§
inappréciable,inapResjabl
inappétence,inapet@s
inarrangeable,inaR@Zabl
inassimilable,inasimilabl
inassouvissable,inasuvisabl
inassouvissement,inasuvis°m@
inattrapable,inatRapabl
inauthenticité,inot@tisite
inaverti,inavERti
inavouablement,inavwabl2m@
incarnat,5kaRna
incernable,5sERnabl
inchiffrable,5SifRabl
incivil,5sivil
inclémence,5klem@s
incoerciblement,5kOERsibl2m@
incomestible,5komEstibl
incommensurablement,5kom@syRabl°m@
incommodité,5komodite
incommunicable,5komynikabl
incomplètement,5k§plEt°m@
incompréhensiblement,5k§pRe@sibl2m@
inconcevablement,5k§s°vabl°m@
inconditionné,5k§disjone
inconfiance,5k§fj@s
inconnaissance,5konEs@s
inconsistance,5k§sist@s
inconsolé,5k§sole
inconsommable,5k§somabl
inconvertible,5k§vERtibl
inconvertissable,5k§vERtisabl
incorrigiblement,5koRiZibl°m@
incrédibilité,5kRedibilite
inculcation,5kylkasj§
incultivable,5kyltivabl
inculture,5kyltyR
incurieux,5kyRj2
incuriosité,5kyRjozite
indescriptiblement,5dEskRiptibl2m@
indestructibilité,5dEstRyktibilite
indifférencié,5difeR@sje
indifférentisme,5difeR@tizm
indigestionner,5diZEstjOne
indiscrètement,5diskREt°m@
indistinction,5dist5ksj§
individualisé,5divid8alize
indivisibilité,5divizibilite
indivision,5divizj§
indivisé,5divize
indocilité,5dosilite
indolemment,5dolam@
indosable,5dozabl
industrialiser,5dystRijalize
industriellement,5dystRijEl°m@
industrieusement,5dystRij2z°m@
indécidable,5desidabl
indécises,5desiz
indécrottablement,5dekROtabl2m@
indéfectiblement,5defEktibl°m@
indéfinissablement,5definisabl2m@
indéfinition,5definisj§
indéfriché,5defRiSe
indéfrisable,5defRizabl
indélivrable,5delivRabl
indémaillable,5demajabl
indémontrable,5dem§tRabl
indépassable,5depasabl
indéracinable,5deRasinabl
ineffaçablement,inefasabl°m@
inemployé,in@plwaje
inentamé,in@tame
ineptement,inEpt2m@
inespoir,inEspwaR
inespérable,inEspeRabl
inespérément,inEspeRem@
inessentiel,inEs@sjEl
inexorabilité,inEgzoRabilite
inexplosible,inEksplozibl
inexpression,inEkspREsj§
inexprimablement,inEkspRimabl2m@
inexpugnablement,inEkspyNabl2m@
inextirpable,inEkstiRpabl
infantilement,5f@til°m@
infatigablement,5fatigabl°m@
infectement,5fEkt2m@
infernalement,5fERnal°m@
infigurable,5figyRabl
infinitude,5finityd
infinitésimalement,5finitezimal°m@
inflexiblement,5flEksibl°m@
infléchi,5fleSi
infléchissement,5fleSis°m@
informulable,5fORmylabl
informulé,5fORmyle
infranchi,5fR@Si
infus,5fy
infécondité,5fek§dite
inféoder,5feode
inférer,5feRe
ingambe,5g@b
inglorieusement,5glORj2z°m@
inglorieux,5glORj2
ingratement,5gRat°m@
inguinal,5g8inal
ingurgitation,5gyRZitasj§
ingénier,5Zenje
ingénieur-chimiste,5Zenj9RSimist
ingénieur-conseil,5Zenj9Rk§sEj
ingénument,5Zenym@
inidentifiable,inid@tifjabl
inimitablement,inimitabl2m@
inintelligence,in5teliZ@s
inintérêt,in5teRE
injurieusement,5ZyRj2z°m@
innervation,inERvasj§
innerver,inERve
innocuité,inok8ite
innombrablement,in§bRabl2m@
innommé,inome
inondable,in§dabl
inopportunité,inopORtynite
inoubliablement,inublijabl2m@
inoublié,inublje
input,input
inquilisme,5kilism
inquisitionner,5kizisjOne
inquiéteur,5kjet9R
insalissable,5salisabl
insalubrité,5salybRite
insatiablement,5sasjabl°m@
inscrivant,5skRiv@
inscrutable,5skRytabl
insensément,5s@sem@
insincère,5s5sER
insipidité,5sipidite
insolitement,5sOlit°m@
insomnieux,5sOmnj2
insondablement,5s§dabl2m@
insonorité,5sonoRite
insoucieusement,5susj2z°m@
inspiratoire,5spiRatwaR
installeur,5stal9R
instantanéité,5st@taneite
instinctivo,5st5ktivo
insufflateur,5syflat9R
insularité,5sylaRite
insulteur,5sylt9R
insurgé,5syRZe
insurpassé,5syRpase
insurrectionnel,5syREksjonEl
insécable,5sekabl
inséparabilité,5sepaRabilite
inséparablement,5sepaRabl°m@
intaille,5taj
intarissablement,5taRisabl°m@
intellectualiser,5tElEkt8alize
intellectualiste,5telEkt8alist
intellectuel-phare,5telEkt8ElfaR
intempestivement,5t@pEstiv°m@
intemporalité,5t@poRalite
interallié,5tERalje
intercalaire,5tERkalER
intercesseur,5tERses9R
interchanger,5tERS@Ze
intercours,5tERkuR
interculturel,5tERkyltyREl
interethnique,5tEREtnik
interjecter,5tERZEkte
interlope,5tERlOp
intermission,5tERmisj§
internationalisme,5tERnasjonalizm
interpellateur,5tERpelat9R
interrogative,5tERogativ
interrogativement,5tERogativ°m@
interrogeant,5tERoZ@
intertitre,5tERtitR
interview,5tERvju
interviewer,5tERvjuv9R
interviewer,5tERvjuve
intervieweur,5tERvjuv9R
interviewé,5tERvjuve
intimation,5timasj§
intirable,5tiRabl
intra-atomique,5tRaatomik
intrados,5tRado
intrait,5tRE
intransgressible,5tR@zgREsibl
intransitif,5tR@zitif
introducteur,5tRodykt9R
intromission,5tRomisj§
introït,5tRoit
intrépidement,5tRepid°m@
intuitive,5t8itiv
intégralisme,5tegRalism
inupik,inypik
inusabilité,inyzabilite
inutilisation,inytilizasj§
invendu,5v@dy
inversible,5vERsibl
inverti,5vERti
invitant,5vit@
inviteur,5vit9R
invocatoire,5vokatwaR
involutif,5volytif
involution,5volysj§
invraisemblablement,5vREs@blabl°m@
inébranlé,inebR@le
inéchangeable,ineS@Zabl
inéluctabilité,inelyktabilite
inélégamment,inelegam@
inépuisablement,inep8izabl°m@
inévaluable,ineval8abl
iodé,jode
ionien,jonj5
ipomée,ipome
irisation,iRizasj§
iriser,iRize
irisé,iRize
ironisme,iROnism
ironiste,iRonist
irreprésentable,iR2pRez@tabl
irroration,iRoRasj§
irréalisme,iRealizm
irréalisé,iRealize
irréductible,iRedyktibl
irréellement,iReEl°m@
irréligiosité,iReliZjozite
irréparablement,iRepaRabl°m@
irréprochablement,iRepRoSabl°m@
irréversibilité,iRevERsibilite
irrévérencieusement,iReveR@sj2z°m@
isard,izaR
isatis,izatis
isolateur,izolat9R
isorel,izoREl
italianisme,italjanizm
italo-brésilien,italobRezilj5
italo-français,italofR@sE
italo-polonais,italopolonE
italo-égyptien,italoeZipsj5
ite missa est,itemisaEst
ithos,itOs
ithyphallique,itifalik
ivoirien,ivwaRj5
ivoirienne,ivwaRjEn
ivoirin,ivwaR5
ivrogner,ivRoNe
ixième,iksjEm
jabadao,Zabadao
jaboter,Zabote
jacassant,Zakas@
jacasserie,Zakas°Ri
jacot,Zako
jacqueline,Zak°lin
jacquemart,Zak°maR
jacquier,Zakje
jactancier,Zakt@sje
jacteur,Zakt9R
jaculatoire,ZakylatwaR
jaillissant,Zajis@
jalmince,Zalm5s
jalonner,Zalone
jalonné,Zalone
jamais-vu,ZamEvy
jambart,Z@baR
jambonneau,Z@bono
janissaire,ZanisER
jansénisme,Z@senizm
janséniste,Z@senist
japonaiserie,ZaponEz°Ri
japonerie,ZapOn°Ri
jaquelin,ZakEl5
jaquet,ZakE
jargonner,ZaRgone
jarnicoton,ZaRnikot§
jaseur,Zaz9R
jaspe,Zasp
jaspin,Zasp5
jaspiner,Zaspine
jaunasse,Zonas
jauni,Zoni
javeline,Zav°lin
javotte,ZavOt
jean-le-blanc,Z@l°bl@
jeannot,Zano
jellaba,dZElaba
jet society,dZEtsosajti
jeunement,Z9n°m@
jinjin,dZindZin
jivaro,ZivaRo
jobardise,ZobaRdiz
jociste,Zosist
jocrisse,ZokRis
johannisberg,ZOanisb9Rg
jointif,Zw5tif
jokari,ZokaRi
jolibois,ZOlibwa
joncaille,Z§kaj
jonchaie,Z§SE
jonchet,Z§SE
jonchère,Z§SER
jonché,Z§Se
jordonner,ZORdOne
joubarbe,ZubaRb
jouteur,Zut9R
jovialement,Zovjal°m@
joyeuseté,Zwaj2z°te
jubé,Zybe
jucher,ZySe
judaïsant,Zydaiz@
judaïser,Zydaize
judaïté,Zydaite
julienne,ZyljEn
jumeler,Zym°le
jumenterie,Zym@t°Ri
jurançon,ZyR@s§
jurassien,ZyRasj5
jusques,Zysk
juste-milieu,Zyst°milj2
justinien,Zystinj5
juvénilité,Zyvenilite
juxtaposer,Zykstapoze
jèze,ZEz
jésuitière,Zez8itjER
kabarde,kabaRd
kabbalistique,kabalistik
kacha,kaSa
kaddisch,kadiS
kala-azar,kalaazaR
kalmouk,kalmuk
kandjar,k@djaR
kantisme,k@tizm
kasbah,kasba
kastro,kastRo
katangais,kat@gE
katiba,katiba
kawa,kawa
kebla,k°bla
khamsin,kamsin
khanat,kana
khazar,kazaR
khâgne,kaN
khâgneux,kaN2
khédival,kedival
khôl,kol
kibboutzim,kibutsim
kilbus,kilbus
kilowattheure,kilowat9R
king-charles,kiGSaRl
kinnor,kinOR
kino,kino
kiosk,kjOsk
kirghiz,kiRgiz
kirghize,kiRgiz
kiwi,kiwi
knout,knut
kohl,kol
kolkhozien,kOlkozj5
koran,kOR@
korè,koRE
koré,kORe
koulak,kulak
kouros,kuRos
kremlin,kREml5
kreutzer,kROjts9R
kriegspiel,kRikSpil
ksar,ksaR
kyrie,kiRje
kébour,kebuR
kéfir,kefiR
labbe,lab
labial,labjal
labre,labR
lacandon,lak@d§
lacis,lasi
lacrima-christi,lakRimakRisti
lacryma-christi,lakRimakRisti
lactescent,laktEs@
ladino,ladino
ladrerie,ladR°Ri
laguiole,lagjOl
lagunaire,lagynER
laidement,lEd°m@
laie,lE
lainier,lEnje
lainière,lEnjER
laissé-pour-compte,lesepuRk§t
lamaïsme,lamaizm
lambi,l@bi
lambic,l@bik
lambswool,l@bswul
lamedu,lam°dy
lamedé,lam°de
lamelliforme,lamElifORm
lamie,lami
lamifié,lamifje
laminaire,laminER
laminoir,laminwaR
lampadophore,l@padofOR
lampas,l@pa
lampe-phare,l@pfaR
lampe-tempête,l@pt@pEt
lamper,l@pe
lampisterie,l@pist°Ri
lance-torpille,l@stORpij
lancelot,l@s°lo
lancequiner,l@skine
lancinance,l@sin@s
landaulet,l@dolE
landerneau,l@dERno
landsturm,l@dstuRm
landwehr,l@dvER
lanlaire,l@lER
lansquine,l@skin
lansquiner,l@skine
lanterne-tempête,l@tERnt@pEt
lanternier,l@tERnje
lançant,l@s@
lapement,lap°m@
lapidification,lapidifikasj§
lapiner,lapine
lapper,lape
lardage,laRdaZ
lardeuss,laRdeus
lardeux,laRd2
lare,laR
larghetto,laRgEto
larigot,laRigo
larmoiement,laRmwam@
larmoyeur,laRmwaj9R
larvé,laRve
laryngologique,laR5gOlOZik
laryngologiste,laR5goloZist
laticlave,latiklav
latinité,latinite
latéralité,lateRalite
latérite,lateRit
laubé,lobe
laudateur,lodat9R
laurier-cerise,loRjes°Riz
lavandin,lav@d5
lave-mains,lavm5
lave-pont,lavp§
lavedu,lavdy
lavis,lavi
lavure,lavyR
layon,lEj§
lazingue,laz5g
lazzi,ladzi
lebel,l°bEl
leggins,legins
leitmotive,lajtmotiv
lentisque,l@tisk
lerch,lERS
lerche,lERS
lesdites,lEdit
lettone,lEtOn
lettreur,lEtR9R
lettrine,lEtRin
leucose,l2koz
leucotomie,l2kotomi
levreau,l°vRo
lexical,lEksikal
libeccio,libEksjo
libeller,libele
libero,lib°Ro
libidinal,libidinal
librairie-papeterie,libReRipapet°Ri
libéralement,libeRal°m@
liche,liS
licher,liSe
lichotter,liSOte
licol,likOl
licteur,likt9R
licéité,liseite
lie-de-vin,lid°v5
lieu-dit,lj2di
lieudit,lj2di
lieutenant-pilote,lj2t°n@pilOt
lieux-dits,lj2di
lifté,lifte
ligner,liNe
ligneux,liN2
lignite,liNit
ligueur,lig9R
ligure,ligyR
lilial,liljal
lillois,lilwa
limbe,l5b
limitatif,limitatif
limitrophe,limitROf
limonaire,limonER
limoneux,limon2
limonier,limonje
limousin,limuz5
linaire,linER
liquidateur,likidat9R
liquoreux,likoR2
liseur,liz9R
lisseur,lis9R
lissotriche,lisOtRiS
listel,listEl
liséré,lizeRe
lit-bateau,libato
lit-divan,lidiv@
lithographe,litogRaf
litorne,litORn
litrer,litRe
littéralité,liteRalite
litée,lite
livarot,livaRo
livrable,livRabl
livres-club,livRkl9b
liégeois,ljeZwa
lobulaire,lobylER
locature,lOkatyR
locdu,lOkdy
locomobile,lokomobil
logeable,loZabl
logomachie,logomaSi
logosphère,logosfER
lointainement,lw5tEn°m@
loisible,lwazibl
lokoum,lokum
lombard,l§baR
lombes,l§b
londrès,l§dREs
longanimité,l§ganimite
longeron,l§Z°R§
longiforme,l§ZifORm
longiligne,l§ZiliN
longitudinalement,l§Zitydinal°m@
lopaille,lOpaj
loquer,loke
loqueteau,lOk°to
lordose,lORdoz
lorrain,loR5
lorsque,lORsk°
losangé,loz@Ze
lotier,lotje
louangeur,lw@Z9R
louchebem,lukEbEm
louchement,luS°m@
louchet,luSE
louchon,luS§
louchébème,luSebEm
loufer,lufe
louftingue,luft5g
louis-philippard,lwifilipaRd
louise-bonne,lwizbOn
louloutte,lulut
loup-cervier,lusERvje
loupiat,lupja
loupiotte,lupjOt
lourderie,luRd°Ri
louvoyant,luvwaj@
lucet,lysE
luciférien,lysifeRj5
ludion,lydj§
lugubrement,lygybR°m@
luisance,l8iz@s
lumignon,lymiN§
luminaire,lyminER
luminescent,lyminEs@
lunetier,lyn°tje
lunetteux,lynEt2
lunetté,lynEte
lunule,lynyl
lur,luR
lustral,lystRal
lustrine,lystRin
lutherie,lytRi
luthérianisme,lyteRjanizm
lutrin,lytR5
lutécien,lytesj5
luxembourgeois,lyks@buRZwa
lychnis,liknis
lycien,lisj5
lycoperdon,likopERd§
lymphangite,l5f@Zit
lymphatisme,l5fatizm
lymphopénie,l5fopeni
lyriser,liRize
là-devant,lad°v@
lèchefrite,lESfRit
lès,lE
légaliste,legalist
légat,lega
légender,leZ@de
légitimiste,leZitimist
légitimé,leZitime
légumier,legymje
légumineux,legymin2
lémure,lemyR
lénification,lenifikasj§
léonin,leon5
léopardé,leopaRde
lépidoptère,lepidOptER
lépontique,lep§tik
lésine,lezin
lésinerie,lezin°Ri
macarel,makaREl
macarelle,makaREl
macaronique,makaRonik
macassar,makasaR
machinchouette,maS5SuEt
machine-outil,maSinuti
machinique,maSinik
machinisme,maSinizm
mackintosh,makintOS
macroclimat,makRoklima
macrocosme,makRokOsm
macroscopique,makRoskopik
maculage,makylaZ
maculation,makylasj§
maculature,makylatyR
macule,makyl
madapolam,madapolam
madre de dios,madRededeioEs
madrier,madRije
madré,madRe
madrépore,madRepOR
maelström,mElstR2m
maffia,mafja
maffieux,mafj2
mafflu,mafly
magdalénien,magdalenj5
maghzen,makzEn
magistère,maZistER
magnificat,maNifika
mahométan,maomet@
mahonia,maonja
maie,mE
maigrement,mEgR°m@
maigriot,megRijo
mail-coach,mEjlkOwtS
maillechort,majSOR
mailloche,majOS
maillotin,majot5
maillé,maje
maincourantier,m5kuR@tje
mainteneur,m5t°n9R
majo,maZo
majoral,maZoRal
majorat,maZoRa
mal-baisé,malbeze
malaisément,malezem@
malard,malaR
malcontent,malk§t@
malencontre,mal@k§tR
malgache,malgaS
malhabilement,malabil°m@
malherbe,malERb
mali,mali
malien,malj5
malienne,maljEn
malinké,mal5ke
mallarméen,malaRme5
malouin,malw5
malproprement,malpROpR°m@
malpropreté,malpROpR°te
malsainement,malsEn°m@
malséance,malse@s
maléficier,malefisje
maléficié,malefisje
mamaliga,mamaliga
mamamouchi,mamamuSi
mame,mam
mamelu,mam°ly
mameluk,mam°luk
manade,manad
manceau,m@so
mancheron,m@S°R§
mandarinier,m@daRinje
mandat-lettre,m@dalEtR
mandatement,m@dat°m@
mandore,m@dOR
mandorle,m@dORl
manducation,m@dykasj§
mandé,m@de
mange-tout,m@Ztu
mangerie,m@Z°Ri
mangetout,m@Z°tu
maniaquement,manjak°m@
maniaquerie,manjak°Ri
manichéisme,manikeizm
manichéiste,manikeist
manifold,manifOld
manitoba,manitoba
mannezingue,manz5g
manoeuvrier,man9vRije
mansard,m@saR
mansardé,m@saRde
mantelet,m@t°lE
mantelure,m@tElyR
mantique,m@tik
manuélin,man8el5
manzanilla,m@zanija
manécanterie,manek@t°Ri
maoïste,maoist
maquignonnage,makiNonaZ
marbrerie,maRbR°Ri
marbrure,maRbRyR
marceline,maRs2lin
marcotin,maRkOt5
marennes,maREn
mareyeur,maREj9R
margay,maRgE
marger,maRZe
marginalité,maRZinalite
margis,maRZi
margotin,maRgot5
margoton,maRgOt§
margouillat,maRguja
margouillis,maRguji
margoulette,maRgulEt
margraviat,maRgRavja
marida,maRida
marie-louise,maRilwiz
marie-salope,maRisalOp
marinage,maRinaZ
mariol,maRjOl
maritorne,maRitORn
marle,maRl
marloupin,maRlup5
marloupinerie,maRlupin°Ri
marmitage,maRmitaZ
marmoréen,maRmoRe5
marmottement,maRmOt°m@
marmotter,maRmote
maronite,maRonit
maroufler,maRufle
marquisat,maRkiza
marquisien,maRkizj5
marrane,maRan
marronnasse,maRonas
marronner,maRone
marsupilami,maRsypilami
martagon,maRtag§
martelage,maRt°laZ
martelet,maRt°lE
martiniquais,maRtinikE
martyrologe,maRtiRolOZ
maréchalat,maReSala
maréchalerie,maReSal°Ri
maréchaussée,maReSose
maréchaux-ferrants,maReSofER@
mascaret,maskaRE
mascaron,maskaR§
maskinongé,maskin§Ze
massicoter,masikote
massicotier,masikotje
massivité,masivite
mastar,mastaR
masticage,mastikaZ
matchiche,matSiS
matelasser,mat°lase
matelassier,mat°lasje
mater dolorosa,matERdoloRoza
maternalisme,matERnalizm
maternellement,matERnEl°m@
mathématiser,matematize
matinalement,matinal°m@
matineux,matin2
matité,matite
matois,matwa
matoiserie,matwaz°Ri
matouser,matuze
matraqueur,matRak9R
matras,matRa
matriculaire,matRikylER
matrilinéaire,matRilineER
matriochka,matRiOSka
matuche,matyS
maturer,matyRe
matutinal,matytinal
maurrassien,moRasj5
maurrassisme,moRasizm
maussadement,mosad°m@
maussaderie,mosad°Ri
mauvaisement,movEz°m@
mauvaiseté,movEz°te
maximalisme,maksimalizm
maxiton,maksit§
mazagran,mazagR@
mazet,mazE
maçonner,masone
maître queux,mEtR°k2
maître-assistant,mEtRasist@
maître-autel,mEtRotEl
maître-à-danser,mEtRad@se
maïa,maja
mechta,mESta
mecklembourgeois,mekl@buRZwa
medicine-ball,medisinbOl
mellifère,mElifER
membraneux,m@bRan2
mendigoter,m@digote
meneau,m°no
mensongèrement,m@s§ZER°m@
menstrues,m@stRy
mensuration,m@syRasj§
mentaliser,m@talize
mentonnet,m@tonE
mentonnier,m@tonje
mentule,m@tyl
menuiser,m2n8ize
mercurey,mERkyRE
mercuriale,mERkyRjal
merleau,mERlo
merlette,mERlEt
merrain,mER5
mesquinement,mEskin°m@
messaliste,mEsalist
messianisme,mesjanizm
messidor,mesidOR
messéance,mese@s
meublant,m9bl@
meurette,m9REt
meursault,m9Rso
meusien,m2zj5
meusienne,m2zjEn
mezza voce,mEdzavotSe
mezza-voce,mEdzavotSe
mi-accablé,miakable
mi-africains,miafRik5
mi-airain,miER5
mi-allemand,mial°m@
mi-allongé,mial§Ze
mi-angevins,mi@Z°v5
mi-animaux,mianimo
mi-août,miut
mi-appréhension,miapRe@sj§
mi-arabe,miaRab
mi-artisan,miaRtiz@
mi-automne,miotOn
mi-bandit,mib@di
mi-biblique,mibiblik
mi-blanc,mibl@
mi-blancs,mibl@
mi-bleu,mibl2
mi-bois,mibwa
mi-bordel,mibORdEl
mi-bourgeois,mibuRZwa
mi-bovins,mibov5
mi-bras,mibRa
mi-britannique,mibRitanik
mi-building,mibildiG
mi-café,mikafe
mi-campagnarde,mik@paNaRd
mi-canard,mikanaR
mi-chair,miSER
mi-chat,miSa
mi-chauve,miSov
mi-chou,miSu
mi-chourineur,miSuRin9R
mi-chèvre,miSEvR
mi-clair,miklER
mi-cloître,miklwatR
mi-comique,mikomik
mi-compote,mik§pOt
mi-confit,mik§fi
mi-consterné,mik§stERne
mi-corbeaux,mikORbo
mi-courtois,mikuRtwa
mi-coutume,mikutym
mi-crabe,mikRab
mi-croyant,mikRwaj@
mi-cruel,mikRyEl
mi-créature,mikReatyR
mi-curieux,mikyRj2
mi-céleste,miselEst
mi-cérémonieux,miseRemonj2
mi-côte,mikot
mi-dentelle,mid@tEl
mi-didactique,mididaktik
mi-douce,midus
mi-décadents,midekad@
mi-désir,mideziR
mi-effrontée,miefR§te
mi-enterré,mi@teRe
mi-envieux,mi@vj2
mi-espagnol,miEspaNOl
mi-européen,mi2Rope5
mi-excitation,miEksitasj§
mi-farceur,mifaRs9R
mi-faux,mifo
mi-fermiers,mifERmje
mi-fiel,mifjEl
mi-flanc,mifl@
mi-français,mifR@sE
mi-furieux,mifyRj2
mi-garçon,migaRs§
mi-geste,miZEst
mi-gigolpince,miZigolpis
mi-gnon,miN§
mi-gonzesse,mig§zEs
mi-grenier,migR°nje
mi-grognon,migRoN§
mi-grondeur,migR§d9R
mi-haute,miot
mi-hésitant,miezit@
mi-idiotes,miidjOt
mi-indifférente,mi5difeR@t
mi-indigène,mi5diZEn
mi-indulgent,mi5dylZ@
mi-ironique,miiRonik
mi-jambe,miZ@b
mi-jaune,miZon
mi-jersey,miZERzE
mi-joue,miZu
mi-jour,miZuR
mi-juif,miZ8if
mi-laiton,milEt§
mi-londrès,mil§dREs
mi-longueur,mil§g9R
mi-mao,mimao
mi-marchande,mimaRS@d
mi-meublé,mim9ble
mi-miel,mimjEl
mi-mollets,mimolE
mi-mondaine,mim§dEn
mi-moqueur,mimok9R
mi-mouton,mimut§
mi-métal,mimetal
mi-narquoise,minaRkwaz
mi-noir,minwaR
mi-nuit,min8i
mi-officiel,miofisjEl
mi-ogre,miOgR
mi-oriental,mioRj@tal
mi-pathétique,mipatetik
mi-patio,mipatjo
mi-patois,mipatwa
mi-peau,mipo
mi-pelouse,mip°luz
mi-pierre,mipjER
mi-pincé,mip5se
mi-plaintif,mipl5tif
mi-plaisant,miplEz@
mi-pleurant,mipl9R@
mi-pleurnichard,mipl9RniSaR
mi-poisson,mipwas§
mi-poitrine,mipwatRin
mi-porcine,mipORsin
mi-portugaise,mipORtygEz
mi-porté,mipORte
mi-poucet,mipusE
mi-poulet,mipulE
mi-prestidigitateur,mipREstidiZitat9R
mi-promenoir,mipRomnwaR
mi-protecteur,mipRotEkt9R
mi-putain,mipyt5
mi-rageur,miRaZ9R
mi-raide,miREd
mi-railleur,miRaj9R
mi-renaissance,miR°nEs@s
mi-riant,miRj@
mi-rose,miRoz
mi-roulotte,miRulOt
mi-route,miRut
mi-réalité,miRealite
mi-régime,miReZim
mi-réprobateur,miRepRobat9R
mi-résigné,miReziNe
mi-sanglotant,mis@glot@
mi-satin,misat5
mi-satisfait,misatisfE
mi-sceptique,misEptik
mi-secours,mis°kuR
mi-seigneur,misEN9R
mi-sel,misEl
mi-sombre,mis§bR
mi-sommet,misomE
mi-songe,mis§Z
mi-souriant,misuRj@
mi-suisse,mis8is
mi-sérieux,miseRj2
mi-tantouse,mit@tuz
mi-tendre,mit@dR
mi-terrorisé,mitERoRize
mi-timide,mitimid
mi-tortue,mitORty
mi-tour,mituR
mi-tout,mitu
mi-tragique,mitRaZik
mi-velours,miv°luR
mi-verre,mivER
mi-vie,mivi
mi-voluptueux,mivolypt82
mi-vrais,mivRE
mi-vénitien,mivenisj5
mi-épaule,miepol
mi-étage,mietaZ
mi-étendue,miet@dy
mi-étonné,mietone
mi-étudiant,mietydj@
mi-été,miete
micheline,miS°lin
michetonner,miS°tone
michetonneuse,miS°ton2z
micocoulier,mikokulje
microcassette,mikRokasEt
microcéphale,mikRosefal
microsillon,mikRosij§
microsociologie,mikRososjoloZi
middle class,mid2lklas
midi,midi
midship,midSip
mielle,mjEl
miellé,mjEle
mieux-vivre,mj2vivR
mignard,miNaR
mignardement,miNaRd2m@
mignonnement,miNOn°m@
migrant,migR@
milliaire,miljER
mimique,mimik
minauderie,minod°Ri
minaudeur,minod9R
minaudière,minodjER
minimisation,minimizasj§
minitel,minitEl
minoen,minO5
minotier,minotje
minus habens,minyszabEns
miquette,mikEt
mirabelle,miRabEl
mirabellier,miRabelje
miraculant,miRakyl@
mirette,miREt
mirliflore,miRliflOR
mistigri,mistigRi
mistoufle,mistufl
miséricordieusement,mizeRikORdj2z°m@
mitarder,mitaRde
miteusement,mit2z°m@
miteuserie,mit2z°Ri
mithriaque,mitRijak
mithridatisation,mitRidatizasj§
miton,mit§
mitoufle,mitufl
mitoyenneté,mitwajEn°te
mitraillade,mitRajad
mitré,mitRe
mnémotechnie,mnemotEkni
mobilisable,mobilizabl
mochard,moSaR
mod,mOd
modelable,mod°labl
modelé,mod°le
moderato,modeRato
modern style,modERnstil
modern-style,modERnstil
modernissime,mOdERnisim
modicité,modisite
modillon,modij§
moelleusement,mwal2z°m@
moellon,mwal§
mogol,mogOl
moi-moi-moi,mwamwamwa
moirure,mwaRyR
moissonneuse-lieuse,mwason2zlj2z
moitié-moitié,mwatjemwatje
molesquine,molEskin
molestation,molEstasj§
moliéresque,moljeREsk
mollarder,molaRde
molletière,mOl°tjER
molleton,mOl°t§
molletonneux,mOl°ton2
molletonné,mOl°tone
moloch,molOk
mombin,m§b5
momerie,mom°Ri
mominette,mOminEt
monacal,monakal
monachisme,monaSizm
monarchique,monaRSik
monbazillac,m§bazijak
mondainement,m§dEn°m@
mongolie,m§gOli
mongolique,m§golik
mongoloïde,m§goloid
moniale,monjal
monnaie-du-pape,monEdypap
monnaies-du-pape,monEdypap
monobloc,monoblOk
monochromie,monokRomi
monoclé,mOnOkle
monoculaire,monokylER
monoculture,monokyltyR
monocylindre,monosil5dR
monolithisme,monolitizm
mononucléaire,mononykleER
monosyllabe,monosilab
monothéisme,monoteizm
monothéiste,monoteist
monotype,monotip
monoxyle,monOksil
monstrance,m§stR@s
montaison,m§tEz§
montmartrois,m§maRtRwa
montparno,m§paRno
montueux,m§t82
moonisme,munizm
moqueusement,mok2z°m@
moraillon,moRaj§
morasse,moRas
morbidesse,mORbidEs
morbier,mORbje
morcellement,mORsEl°m@
morcelé,mORs°le
morcif,mORsif
mordançage,mORd@saZ
mordeur,mORd9R
mordillage,mORdijaZ
mordillement,mORdij°m@
morfaler,mORfale
morfalou,mORfalu
morfil,mORfil
morfondu,mORf§dy
morganatique,mORganatik
morganer,mORgane
morigéner,moRiZene
morille,moRij
morlingue,mORl5g
mornifle,mORnifl
morosement,mORoz°m@
morphologique,mORfoloZik
mortes-eaux,mORt°zo
morvandiau,mORv@djo
mosaïste,mozaist
moscoutaire,mOskutER
motesse,mOtEs
moto-club,motokl9b
motoculteur,motokylt9R
motoriser,motoRize
motrice,motRis
mottereau,mOt°Ro
motteux,mot2
motu proprio,motypRopRio
mouchachou,muSaSu
mouchette,muSEt
mouillant,muj@
mouillon,muj§
mouillure,mujyR
moujahid,muZai
moujingue,muZ5g
moukère,mukER
mouleur,mul9R
moulin-à-vent,mul5av@
mouliner,muline
mouquère,mukER
mouronner,muRone
mouscaille,muskaj
moussage,musaZ
mousseron,mus°R§
moussu,musy
moustagache,mustagaS
moutardier,mutaRdje
moutonnant,muton@
moutonnement,mutOn°m@
moutonner,mutone
moutonnerie,mutOn°Ri
moutonneux,muton2
moutonnier,mutonje
moyenner,mwajEne
moï,mOj
moût,mu
muettement,m8Et°m@
mulhousien,myluzj5
mulon,myl§
multigrade,myltigRad
multipare,myltipaR
muni,myni
munich,mynik
municipe,mynisip
munificence,mynifis@s
muphti,mufti
muretin,myR°t5
murette,myREt
murex,myREks
murmel,myRmEl
murmurant,myRmyR@
musard,myzaR
musardise,myzaRdiz
muscadelle,myskadEl
muscadin,myskad5
muscadine,myskadin
muserolle,myz°ROl
musico,myziko
musiquer,myzike
musiquette,myzikEt
musoir,myzwaR
mussolinien,mysolinj5
mutatis mutandis,mutatismut@dis
mutilant,mytil@
mutité,mytite
mutualisme,myt8alizm
mutualité,myt8alite
mycologie,mikoloZi
mycologue,mikolOg
myographe,mjogRaf
myriophylle,miRjofil
mystagogie,mistagoZi
mystagogique,mistagOZik
mystagogue,mistagOg
mythifier,mitifje
mythisation,mitizasj§
mythologue,mitolOg
myéloblaste,mjeloblast
mâchage,maSaZ
mâchicoulis,maSikuli
mâtine,matin
méandreux,me@dR2
méandrine,me@dRin
méat,mea
mécompte,mek§t
mécréance,mekRe@s
médianoche,medjanOS
médicastre,medikastR
méditant,medit@
méditativement,meditativ°m@
médiéviste,medjevist
mégalithique,megalitik
mégaron,megaR§
mégisserie,meZis°Ri
méhariste,meaRist
méjugement,meZyZ°m@
mélancolieux,mel@kolj2
mélancoliquement,mel@kolik°m@
mélancoliser,mel@kolize
mélilot,melilo
mélinite,melinit
mélisse,melis
mémorabilité,memoRabilite
mémorialiste,memoRjalist
ménesse,menEs
méplat,mepla
mérovingien,meRov5Zj5
mésestime,mezEstim
mésestimer,mezEstime
mésintelligence,mez5teliZ@s
mésinterpréter,mez5tERpRete
mésopotamienne,mezopotamjEn
mésusage,mezyzaZ
mésuser,mezyze
métairie,meteRi
métapsychologique,metapsikoloZik
métempsychose,met@psikoz
méthodisme,metodizm
méticulosité,metikylozite
métingue,met5g
métisser,metise
métonymie,metonimi
métrite,metRit
métropolite,metRopolit
mévente,mev@t
mézig,mezig
mêlé-cass,mElekas
mêlé-casse,melekas
mêlécasse,mElekas
mûron,myR§
nacarat,nakaRa
nacrure,nakRyR
naissain,nEs5
nanar,nanaR
nantais,n@tE
narbonnais,naRbonE
narcissiquement,naRsisik°m@
narcose,naRkoz
narghileh,naRgile
narquoisement,naRkwaz°m@
narquoiserie,naRkwaz°Ri
nasard,nazaR
nasillement,nazij°m@
nasiller,nazije
nassérien,naseRj5
nationale-socialiste,nasjonalsosjalist
nationalement,nasjonal°m@
nationaux-socialistes,nasjonososjalist
nattier,natje
naufrageur,nofRaZ9R
nautonier,notonje
navicert,navisER
navrance,navR@s
navrer,navRe
ne varietur,n°vaRjetyR
nemrod,nEmROd
nephtys,nEftis
nerprun,nERpR1
nervure,nERvyR
nestorianisme,nEstoRjanizm
nestorien,nEstoRj5
new wave,njuwejv
new-yorkais,njujORkE
niable,njabl
nibergue,nibERg
nicet,nisE
nichan,niS@
nichonnée,niSone
nictation,niktasj§
nictitant,niktit@
nielle,njEl
nigaudement,nigod°m@
nigauderie,nigod°Ri
niguedouille,nigduj
nihil obstat,niilOpsta
nimber,n5be
nimbo,n5bo
nimbostratus,n5bostRatys
nimbé,n5be
niolo,nijolo
nioulouque,njuluk
niquedouille,nik°duj
nisan,niz@
nitré,nitRe
nivaquine,nivakin
nivellement,nivEl°m@
nivernais,nivERnE
nivernaise,nivERnEz
nivôse,nivoz
niçois,niswa
nochère,nOSER
noctambulisme,nOkt@bylizm
noduleux,nodyl2
nodus,nodys
nolis,noli
nomenklatura,nom@klatyRa
nominaliste,nominalist
non troppo,nOntRopo
non-blanc,n§bl@
non-conformisme,n§k§fORmizm
non-pesanteur,n§p°z@t9R
non-résistance,n§Rezist@s
non-séparation,n§sepaRasj§
non-vouloir,n§vulwaR
non-être,n§nEtR
nonante-huit,non@t8it
nonette,nonEt
nonidi,nonidi
nonnain,non5
nordet,nORdE
noria,noRja
normalien,nORmalj5
noroît,noRwa
nostalgiquement,nOstalZik°m@
nota,nota
notabilité,notabilite
notariat,notaRja
notonecte,notonEkt
noumène,numEn
nourrisseur,nuRis9R
nouvelleté,nuvEl°te
novillo,novijo
noyauter,nwajote
nu-propriétaire,nypRopRijetER
nubilité,nybilite
nue-propriété,nypRopRijete
nuitée,n8ite
numerus clausus,nym°Rysklozys
numide,nymid
numéral,nymeRal
numérotage,nymeRotaZ
nuoc-mâm,n8Okmam
nuptialité,nypsjalite
nurseries,n9Rs°Ri
nyctalope,niktalOp
nymphéa,n5fea
nèpe,nEp
néantisation,ne@tizasj§
nécrologe,nekRolOZ
nécrophagie,nekRofaZi
néflier,neflije
négateur,negat9R
négril,negRil
nénesse,nenEs
néo-colonialisme,neokolonjalizm
néo-figuration,neofigyRasj§
néo-gothique,neogotik
néo-grec,neogREk
néo-malthusianisme,neomaltyzjanizm
néo-mauresque,neomoREsk
néo-mouvement,neomuv°m@
néo-renaissant,neoR°nEs@
néo-russe,neoRys
néo-réaliste,neoRealist
néocolonial,neokolonjal
néoplatonisme,neoplatonizm
néréide,neReid
névé,neve
oaristys,oaRistis
obituaire,obit8ER
objectal,ObZEktal
objurgation,ObZyRgasj§
oblatif,oblatif
oblation,oblasj§
obligado,obligado
obligeamment,obliZam@
obliquer,oblike
obnubilation,Obnybilasj§
observant,opsERv@
obsidional,Opsidjonal
obvie,Obvi
obvier,Obvje
obérer,obeRe
occidentalisme,Oksid@talizm
occitan,Oksit@
occultement,okylt°m@
ocreux,okR2
octant,Okt@
octante,Okt@t
octidi,Oktidi
octosyllabe,Oktosilab
odoriférant,odoRifeR@
odéon,ode§
oeil-de-boeuf,9jd°b9f
oeilleton,9j°t§
oeillette,9jEt
oeillère,9jER
oenologique,2noloZik
oenophile,2nofil
oenothère,2notER
oeuvrette,9vREt
offertoire,ofERtwaR
officialité,ofisjalite
officiant,ofisj@
offuscation,ofyskasj§
oflag,Oflag
ogival,oZival
oille,waj
oing,w5
oiseau-lyre,wazoliR
oiselier,waz°lje
oka,oka
okoumé,okume
olfactomètre,OlfaktOmEtR
olivette,olivEt
olivâtre,olivatR
olographe,ologRaf
olé-olé,oleole
oléagineux,oleaZin2
olécrâne,olekRan
oléine,olein
ombelle,§bEl
ombrager,§bRaZe
ombrageusement,§bRaZ2z°m@
ombrant,§bR@
ombreux,§bR2
ombré,§bRe
ombrée,§bRe
omnipuissance,Omnip8is@s
omnium,OmnjOm
omphalos,§falo
onagre,onagR
onctueusement,§kt82z°m@
ondin,§d5
ondoiement,§dwam@
ondoyant,§dwaj@
ondoyer,§dwaje
ondulatoire,§dylatwaR
onduleux,§dyl2
one-step,wanstEp
onglon,§gl§
onirologie,oniRoloZi
opalescence,opales@s
opalescent,opales@
opalin,opal5
ophite,ofit
opinel,opinEl
opopanax,opopanaks
opoponax,opoponaks
oppidum,opidOm
optant,Opt@
optatif,Optatif
optime,Optim
opéra-comique,opeRakomik
opération-miracle,opeRasj§miRakl
oranais,oRanE
orant,oR@
oratorien,oRatoRj5
orbiculaire,ORbikylER
ordinal,ORdinal
ordinant,ORdin@
ordonnancer,ORdon@se
organistique,ORganistik
orgastique,ORgastik
orgiastique,ORZjastik
oribus,oRibys
orientalisme,oRj@talizm
originairement,oRiZinER°m@
orillon,oRij§
oriol,ORjOl
orléanais,ORleanE
orléanisme,ORleanizm
orléaniste,ORleanist
ornementer,ORn°m@te
orné,ORne
oronge,oR§Z
orphique,ORfik
orphisme,ORfizm
orphée,ORfe
orphéoniste,ORfeonist
orpin,ORp5
orsec,ORsEk
ortédrine,ORtedRin
oréade,oRead
orémus,oRemys
oseraie,oz°Re
oseraient,oz°RE
osselet,Os°lE
ossification,osifikasj§
ostensible,Ost@sibl
ostentatoirement,Ost@tatwaR°m@
ostréiculteur,OstReikylt9R
oto-rhino-laryngologique,otoRinolaR5gOlOZik
ouateux,wat2
ouatiner,watine
ouighour,uiguR
ourdissage,uRdisaZ
ourdisseur,uRdis9R
ourdissoir,uRdiswaR
ourler,uRle
outarde,utaRd
outlaw,awtlo
outre-manche,utR°m@S
outre-rhin,utR°R5
outrer,utRe
ouvrager,uvRaZe
ouvrer,uvRe
ouvriérisme,uvRijeRizm
ouvriériste,uvRijeRist
ouvroir,uvRwaR
ouï-dire,widiR
ouïgour,uiguR
ovalaire,ovalER
ovariotomie,ovaRjotomi
ovibos,ovibOs
ovocyte,ovosit
ovoïdal,ovoidal
ovoïde,ovoid
oxer,Okse
oxfordien,OksfORdj5
oxhydrique,OksidRik
oxo,Okso
oxyder,Okside
oyat,oja
pacage,pakaZ
pachinko,patSinko
pachon,paS§
pacsif,pakif
paddocker,padok9R
pagailleux,pagaj2
pagayeur,pagEj9R
pagnon,paN§
pagnoter,paNote
pagodon,pagod§
pagure,pagyR
paillardement,pajaRd2m@
pailler,paje
pailleter,paj°te
pailleux,paj2
paillon,paj§
paillot,pajo
paillu,pajy
paillé,paje
palabreur,palabR9R
palanche,pal@S
palangrotte,pal@gROt
palastre,palastR
palatisation,palatizasj§
palestre,palEstR
palikare,palikaR
palimpseste,pal5psEst
palinodie,palinodi
palinodier,palinOdje
palis,pali
palissandre,palis@dR
palissonnage,palisOnaZ
palma-christi,palmakRisti
palmette,palmEt
palmipède,palmipEd
palmiste,palmist
palpe,palp
palpitement,palpit°m@
paludamentum,palydam@tOm
paludière,palydjER
palustre,palystR
paléographie,paleogRafi
pampero,p@p°Ro
pamphlétaire,p@fletER
pamplemoussier,p@pl°musje
pan bagnat,p@baNa
panarabisme,panaRabizm
panathénaïque,panatenaik
panathénées,panatene
panceltique,p@sEltik
panclastite,p@klastit
pancrace,p@kRas
pandanus,p@danys
panetier,pan°tje
panification,panifikasj§
panka,p@ka
panneau-réclame,panoReklam
panner,pane
panonceau,pan§so
panoramiquer,panoRamike
panosse,panOs
pansage,p@saZ
pansu,p@sy
pantagruélique,p@tagRyelik
pantalonnade,p@talonad
pante,p@t
panteler,p@t°le
panthéisme,p@teizm
pantière,p@tjER
panurgisme,panyRZizm
papable,papabl
papavérine,papaveRin
papayer,papaje
papegai,papgE
papelard,pap°laR
paperasser,pap°Rase
papetier,pap°tje
papier-monnaie,papjemonE
papillaire,papilER
papillonnant,papijon@
papillonnement,papijOn°m@
papillotant,papijot@
papilloter,papijote
papouille,papuj
papé,pape
par-dedans,paRd°d@
para-humain,paRaym5
parados,paRado
paradoxie,paRadOksi
paraffiné,paRafine
paraguayen,paRagwaj5
parallélogramme,paRalelogRam
parallélépipède,paRalelepipEd
parallélépipédique,paRalelepipedik
parascolaire,paRaskolER
parascève,paRasEv
parasitologie,paRazitoloZi
parcage,paRkaZ
parcellaire,paRselER
parcimonieusement,paRsimonj2z°m@
parcimonieux,paRsimonj2
pardingue,paRd5g
pare-éclats,paRekla
pare-étincelles,paRet5sEl
parentage,paR@taZ
paritaire,paRitER
parlementarisme,paRl°m@taRizm
parlementariste,paRl°m@taRist
parlerie,paRl°Ri
parlophone,paRlOfOn
parloter,paRlote
parménidien,paRmenidj5
parodiquement,paRodik°m@
paroir,paRwaR
paroli,paRoli
paronomasie,paRonomazi
parousie,paRuzi
parpaillot,paRpajo
parquetage,paRk°taZ
parqueteur,paRk°t9R
part time,paRtajm
partageux,paRtaZ2
parthe,paRt
parthique,paRtik
parthénogénèse,paRtenoZenEz
particularisme,paRtikylaRizm
partita,paRtita
partitif,paRtitif
partouzeur,paRtuz9R
parturiente,paRtyRj@t
pas-de-porte,padpORt
pascalien,paskalj5
paseo,paseo
paso-doble,pasodOble
passagèrement,pasaZER°m@
passe-boule,pasbul
passe-boules,pasbul
passe-crassane,paskRasan
passe-lacet,paslasE
passe-pied,paspje
passim,pasim
passionnellement,pasjonEl°m@
passiveté,pasiv°te
pastaga,pastaga
pasteuriser,past9Rize
pasticher,pastiSe
pasticheur,pastiS9R
pastophore,pastofOR
pastour,pastuR
patarin,pataR5
pataugas,patoga
pataugis,patoZi
patchwork,patSw9Rk
paterne,patERn
patouillard,patujaR
patriciat,patRisja
patrilinéaire,patRilineER
patrimonial,patRimonjal
patriotard,patRijotaR
patriotiquement,patRijotik°m@
patronner,patRone
pattu,paty
paturon,patyR§
pauchouse,poSuz
pauline,polin
paumelle,pomEl
paupérisation,popeRizasj§
paupérisme,popeRizm
pavane,pavan
pavement,pav°m@
paveton,pav°t§
paveur,pav9R
pavoisement,pavwaz°m@
paysagé,peizaZe
pchitt,pSit
peaucier,posje
peausserie,pos°Ri
peigne-zizi,pENzizi
peinardement,pEnaRd°m@
peineuse,pEn2z
peinturlureur,p5tyRlyR9R
pelle-bêche,pElbES
pelle-pioche,pElpjOS
pelleterie,pElEt°Ri
pelliculaire,pElikylER
pembina,p@bina
penchant,p@S@
penchement,p@S°m@
pendulaire,p@dylER
penon,p°n§
pensionner,p@sjone
pensionné,p@sjone
pentasyllabe,p5tasilab
pentateuque,p5tat2k
pentathlon,p5tatl§
penture,p@tyR
pentélique,p5telik
perce-pierre,pERspjER
percevant,pERs°v@
percheron,pERS°R§
perchiste,pERSist
perdurable,pERdyRabl
perestroïka,peREstRoika
perfectibilité,pERfEktibilite
perfectible,pERfEktibl
performer,pERfORm9R
perlot,pERlo
perlouse,pERluz
perlouze,pERluz
perlé,pERle
permissivité,pERmisivite
perpignan,pERpiN@
perpétué,pERpet8e
perré,pERe
persifleur,pERsifl9R
persiflé,pERsifle
persillé,pERsije
personnalisme,pERsonalizm
persévéramment,pERseveRam@
pertuis,pERt8i
pertuisane,pERt8izan
perversement,pERvERs°m@
pesage,p2zaZ
pesamment,p2zam@
peson,p2z§
pet-de-loup,pEd°lu
petit-beurre,p°tib9R
petit-cousin,p°tikuz5
petit-nègre,p°tinEgR
petit-salé,p°tisale
petite-cousine,p°titkuzin
petzouille,pEtzuj
peuhl,p2l
peulh,p2l
peupleraie,p2pl°RE
peureusement,p2R2z°m@
pfutt,pfyt
phagocyter,fagosite
phalangine,fal@Zin
phalangisme,fal@Zizm
phalangiste,fal@Zist
phalanstère,fal@stER
phallocratique,falokRatik
phallologie,faloloZi
phallophore,falofOR
phantasme,f@tasm
pharisien,faRizj5
pharmacomanie,faRmakomani
phaéton,faet§
philarète,filaREt
philhellène,filElEn
philologique,filoloZik
philosophaillerie,filozofaj°Ri
philosophal,filOzOfal
philosophant,filozof@
philosophard,filOzOfaR
philosémitisme,filozemitizm
philotechnique,filotEknik
phimosis,fimozis
phlox,flOks
phonatoire,fonatwaR
phonologie,fonoloZi
phonéticien,fonetisj5
phosphène,fOsfEn
photo-électrique,fotoelEktRik
photograveur,fotogRav9R
photomontage,fotom§taZ
phrase-robot,fRazRobo
phraséologique,fRazeoloZik
phrygien,fRiZj5
phtiriasis,ftiRjazis
phtisiologie,ftizjoloZi
phtisique,ftizik
phylactère,filaktER
phynances,fin@s
phénique,fenik
piaffant,pjaf@
piaffement,pjafm@
piaffer,pjafe
piaillant,pjaj@
piaillerie,pjaj°Ri
piaulant,pjol@
piaulement,pjol°m@
piauler,pjole
piauleur,pjol9R
piaye,pjaj
piazzetta,pjadzeta
pibloque,piblOk
picador,pikadOR
picard,pikaR
picassien,pikasj5
picoleur,pikol9R
picolo,pikolo
picoreur,pikoR9R
picorée,pikoRe
picotis,pikOti
picrique,pikRik
picton,pikt§
picturalement,piktyRal°m@
pidgin,pidZin
pie-grièche,pigRijES
pied-d'oeuvre,pjed9vR
pierreux,pjER2
pierrier,pjeRje
pierrière,pjERjER
piffre,pifR
pilifère,pilifER
pilou,pilu
pilsen,pilsEn
pilum,pilOm
pimpon,p5p§
pin-pon,p5p§
pinacothèque,pinakOtEk
pinasse,pinas
pinceur,p5s9R
pinchart,p5SaR
pineau,pino
pinglot,p5glo
pinçard,p5saR
pinçure,p5syR
piocheur,pjoS9R
piot,pjo
pipelet,pip°lE
piperade,pip°Rad
piperie,pip°Ri
pipeur,pip9R
pipo,pipo
piquetage,pik°taZ
piqueter,pik°te
piquetis,pik°ti
piriforme,piRifORm
pirojki,piROSki
pirolle,piROl
pisciforme,pisifORm
pissaladière,pisaladjER
pistachier,pistaSje
pistolétade,pistoletad
pitaine,pitEn
pitancher,pit@Se
pitancier,pit@sje
pitchpin,pitSpin
pithiviers,pitivje
pithécanthrope,pitek@tROp
pitonner,pitone
pive,piv
piètement,pjEt°m@
piédroit,pjedRwa
piéride,pjeRid
piétement,pjEt°m@
piéter,pjete
piétin,pjet5
piétinant,pjetin@
piétiste,pjetist
placardier,plakaRdje
placet,plasE
placette,plasEt
placidement,plasid°m@
placidité,plasidite
plaintivement,pl5tiv°m@
plaisancier,plEz@sje
planement,plan°m@
planitude,planityd
plastronneur,plastRon9R
plat-bord,plabOR
platelage,plat°laZ
plateresque,plat°REsk
platiné,platine
platière,platjER
platonicien,platonisj5
platonisant,platoniz@
plausiblement,plozibl°m@
plectre,plEktR
plein-air,plEnER
plein-cintre,pl5s5tR
plessis,plesi
plet,plE
pleurement,pl2R°m@
pleurnichement,pl9RniS°m@
pleutrerie,pl2tR°Ri
pleuviner,pl2vine
pleuvioter,pl2vjote
plioir,plijwaR
plisseur,plis9R
plissure,plisyR
ploiement,plwam@
plombières,pl§bjER
plombure,pl§byR
plombée,pl§be
plongement,pl§Z°m@
plucher,plySe
plumetis,plym°ti
plumeux,plym2
pluralité,plyRalite
pluviomètre,plyvjomEtR
pluviométrique,plyvjometRik
pluviôse,plyvjoz
plâtras,platRa
plâtreux,platR2
plénier,plenje
pléthorique,pletoRik
pneumatophore,pn2matofOR
pneumopathie,pn2mopati
pochage,poSaZ
poche-revolver,pOSRevOlvER
pocheté,pOS°te
pochetée,pOS°te
podagre,podagR
podestat,podEsta
poecile,pesil
poil-de-carotte,pwald°kaROt
poileux,pwal2
pointement,pw5t°m@
pointilliste,pw5tijist
poire-vérité,pwaRveRite
poirer,pwaRe
poiré,pwaRe
poissard,pwasaR
poisson-pilote,pwas§pilOt
poitevin,pwatv5
polder,pOldER
policé,polise
poliomyélitique,poljomjelitik
poliorcétique,poljoRsetik
polissonnerie,polisOn°Ri
polissure,polisyR
politique-fiction,politikfiksj§
pollinique,polinik
pollope,polOp
poloche,pOlOS
polope,polOp
polyamide,poliamid
polyandre,polj@dR
polychrome,polikRom
polychromie,polikRomi
polychromé,polikRome
polycopié,polikopje
polyculture,polikyltyR
polyphone,polifOn
polypier,polipje
polytonal,politonal
polytonalité,politonalite
polyèdre,poljEdR
pommader,pomade
pommadin,pOmad5
pommadé,pomade
pommard,pomaR
pommeler,pOm°le
pompiérisme,p§pjeRizm
ponceau,p§so
poncif,p§sif
pondeur,p§d9R
pondoir,p§dwaR
pondérable,p§deRabl
ponette,ponEt
pongé,p§Ze
pont-l'évêque,p§levEk
pont-promenade,p§pROmnad
pontil,p§til
pontonnier,p§tonje
ponts-levis,p§l°vi
pop-club,pOpkl9b
popeline,pOp°lin
populacier,popylasje
poquette,pOkEt
porcif,pORsif
pornocrate,pORnokRat
port-salut,pORsaly
portager,pORtaZe
porte-bannière,pORtbanjER
porte-billets,pORtbijE
porte-bois,pORtbwa
porte-bouteilles,pORtbutEj
porte-cannes,pORt°kan
porte-carte,pORt°kaRt
porte-cartes,pORt°kaRt
porte-cigarette,pORtsigaREt
porte-coton,pORtkot§
porte-couilles,pORt°kuj
porte-couteau,pORtkuto
porte-couteaux,pORtkuto
porte-cravate,pORtkRavat
porte-fanion,pORtfanj§
porte-mine,pORt°min
porte-musique,pORtmyzik
porte-parapluie,pORtpaRapl8i
porte-serviette,pORtsERvjEt
porte-à-faux,pORtafo
porte-à-porte,pORtapORt
porte-épée,pORtepe
porte-étrier,pORtetRije
portement,pORt°m@
portor,pORtOR
portraire,pORtRER
portraiturer,pORtRetyRe
portulan,pORtyl@
portus,pORty
post-empire,pOst@piR
post-punk,pOstp9nk
post-romantique,pOstRom@tik
postface,pOstfas
postillonner,pOstijone
postsynchronisation,pOsts5kRonizasj§
potard,potaR
potlatch,potlatS
poto-poto,potopoto
potos,poto
poudingue,pud5g
poudrette,pudREt
poudroiement,pudRwam@
pouffant,puf@
pouffement,pufm@
pouillerie,puj°Ri
poujadisme,puZadizm
poulardin,pulaRd5
poulbot,pulbo
poulot,pulo
poulotter,pulOte
poupard,pupaR
poupin,pup5
pourchas,puRSa
pourchasseur,puRSas9R
pourcif,puRsif
pourlécher,puRleSe
pourpier,puRpje
pourrisseur,puRis9R
pourrissoir,puRiswaR
poussah,pusa
pousse-cailloux,puskaju
poussier,pusje
poussine,pusin
poussinière,pusinjER
poussivement,pusiv°m@
poutargue,putaRg
poutraison,putREz§
pouzzolane,pudzolan
poéticien,poetisj5
poétiser,poetize
pradelle,pRadEl
prairial,pRERjal
presbyterium,pREzbit°RjOm
presbytie,pREsbisi
presse-raquette,pREsRakEt
prestesse,pREstEs
priapique,pRijapik
prime-saut,pRimso
primesautier,pRimsotje
primidi,pRimidi
primo-infection,pRimo5fEksj§
primordialement,pRimORdjal°m@
prince-de-galles,pR5sd°gal
prince-évêque,pR5sevEk
princeps,pR5sEps
principat,pR5sipa
pristi,pRisti
privauté,pRivote
prix-choc,pRiSOk
probloc,pRoblOk
probloque,pRoblOk
procalmadiol,pRokalmadjOl
processionnaire,pRosesjonER
prochinois,pRoSinwa
procommuniste,pRokomynist
procréateur,pRokReat9R
prodrome,pRodROm
profanatoire,pRofanatwaR
professe,pRofEs
profilé,pRofile
profiterole,pRofit°ROl
profus,pRofy
prognathe,pRognat
progéniteur,pROZenit9R
proliférant,pRolifeR@
prolixité,pRoliksite
prolégomènes,pRolegomEn
prolétarisation,pRoletaRizasj§
prolétariser,pRoletaRize
promenoir,pRomnwaR
prompto,pR§to
pronominal,pRonominal
prononçable,pRon§sabl
pronunciamiento,pRonunsjamjEnto
prophétiquement,pRofetik°m@
propitiatoire,pRopisjatwaR
proportionner,pRopORsjone
propre-à-rien,pROpRaRj5
propédeute,pRoped2t
prosateur,pRozat9R
prosaïquement,pRozaik°m@
prosaïsme,pRozaizm
prosodie,pRozodi
prosodique,pRozodik
prosoviétique,pRosovjetik
prospectif,pROspEktif
prostitutionnel,pROstitysjonEl
prosélytique,pROzelitik
prote,pROt
protide,pRotid
protohistoire,pRotoistwaR
protonotaire,pRotonotER
protoplasmique,pRotoplasmik
protéolytique,pRoteolitik
protêt,pRotE
proudhonisme,pRudonizm
provende,pRov@d
providentiellement,pRovid@sjEl°m@
provietnamien,pRovjEtnamj5
provincialement,pROv5sjal°m@
provisionner,pRovizjone
provéditeur,pRovedit9R
proze,pRoz
proèdre,pRoEdR
prunellier,pRyn°lje
prunus,pRynys
prurigo,pRyRigo
prytanée,pRitane
pré-salé,pResale
pré-établi,pReetabli
précairement,pRekER°m@
précellence,pResel@s
précelles,pResEl
précession,pResesj§
précipitant,pResipit@
préconçu,pRek§sy
prédelle,pRedEl
prédicant,pRedik@
prédigestion,pRediZEstj§
prédéterminer,pRedetERmine
préfacier,pRefasje
préfectance,pRefEkt@s
préfiguration,pRefigyRasj§
préformation,pRefORmasj§
préformer,pRefORme
prégnance,pReN@s
préhistorien,pReistoRj5
préhominien,pReominj5
prélegs,pRelE
préluder,pRelyde
prénom-type,pRen§tip
prénommer,pRenome
préparatif,pRepaRatif
prépotence,pRepot@s
préraphaélite,pReRafaelit
préroman,pReRom@
prérévolutionnaire,pReRevolysjonER
présocratique,pResokRatik
prévaricateur,pRevaRikat9R
préventivement,pRev@tiv°m@
préventorium,pRev@toRjOm
prévis,pRevi
prêt-bail,pREbaj
prêt-à-porter,pREtapORte
prête-nom,pREtn§
prêtraille,pREtRaj
prêtre-ouvrier,pREtRuvRije
prôneur,pRon9R
psalmiste,psalmist
psautier,psotje
pschent,psSEnt
pseudo-gouvernement,ps2doguvERn2m@
psychologie-fiction,psikoloZifiksj§
psychologisation,psikoloZizasj§
psychosociologie,psikososjoloZi
psychosomaticien,psikozomatisj5
psychotechnicien,psikotEknisj5
ptyx,ptiks
publicitairement,pyblisitER°m@
pucheux,pyS2
pudicité,pydisite
pugiler,pyZile
pugilistique,pyZilistik
puisatier,p8izatje
puisette,p8izEt
puisque,p8isk°
pullulement,pylyl°m@
pulmonie,pylmOni
pulmonique,pylmOnik
pulvérin,pylveR5
pulvérulence,pylveRyl@s
punais,pynE
punique,pynik
punkette,p9nkEt
pupazzo,pupadzo
pureau,pyRo
purificatoire,pyRifikatwaR
puriste,pyRist
purotin,pyRot5
purpurin,pyRpyR5
pusillanimité,pyzilanimite
putanat,pytana
putatif,pytatif
putier,pytje
putrescible,pytResibl
puy,p8i
puîné,p8ine
pyramidalement,piRamidal°m@
pyramidé,piRamide
pyrogène,piRoZEn
pyromètre,piRomEtR
pyrosphère,piRosfER
pyrrhonien,piRonj5
pyrrhonisme,piRonizm
pyrèthre,piREtR
pyrénéen,piRene5
pyrénéenne,piReneEn
pythagoricien,pitagoRisj5
pythonisse,pitonis
pâlement,palem@
pâmoison,pamwaz§
pâquis,paki
pâteusement,pat2z°m@
pâton,pat§
pâtour,patuR
pèse-acide,pEzasid
pèse-bébé,pEzbebe
pèse-lettre,pEzlEtR
pètesec,pEtsEk
péagiste,peaZist
péan,pe@
pébroc,pebROk
pébroque,pebROk
pécari,pekaRi
pécune,pekyn
pécuniairement,pekynjER°m@
pécunieux,pekynj2
pédalage,pedalaZ
pédaleur,pedal9R
pédanterie,ped@t°Ri
pédantesque,ped@tEsk
pédantisme,ped@tizm
pédestrement,pedEstR°m@
pédezouille,pedzuj
pédibus,pedibys
pédonculé,ped§kyle
pédoque,pedOk
pédégé,pedeZe
pédérastique,pedeRastik
pégamoïd,pegamOid
pégriot,pegRijo
pélot,pelo
pénardement,penaRd°m@
péninsulaire,pen5sylER
péplum,peplOm
péquin,pek5
péremptoire,peR@ptwaR
péremptoirement,peR@ptwaR°m@
pérenne,peREn
pérennité,peRenite
périgourdin,peRiguRd5
périlleusement,peRij2z°m@
périssoire,peRiswaR
péristyle,peRistil
péroraison,peRoREz§
péroreur,peRoR9R
pérégrination,peRegRinasj§
pérégriner,peRegRine
péréquation,peRekwasj§
pétainiste,petEnist
pétardier,petaRdje
pétase,petaz
pétiole,pesjOl
pétoulet,petulE
pétrissage,petRisaZ
pétrisseur,petRis9R
pétrochimie,petRoSimi
pétrousquin,petRusk5
pétuner,petyne
pêle-mêle,pElmEl
quadrichromie,kwadRikRomi
quadrilobé,kwadRilobe
quadriréacteur,kwadRiReakt9R
quadrivium,kwadRivjOm
quadrumane,kwadRuman
qualifiable,kalifjabl
quant-à-moi,k@tamwa
quant-à-soi,k@taswa
quarante-troisième,kaR@ttRwazjEm
quartaut,kaRto
quartenier,kaRt°nje
quartette,kwaRtEt
quartidi,kwaRtidi
quasi-agonie,kaziagoni
quasi-blasphème,kaziblasfEm
quasi-bonheur,kazibon9R
quasi-désertification,kazidezERtifikasj§
quasi-hérétique,kazieRetik
quasi-ignare,kaziiNaR
quasi-impossibilité,kazi5posibilite
quasi-impunité,kazi5pynite
quasi-indifférence,kazi5difeR@s
quasi-infirme,kazi5fiRm
quasi-mariage,kazimaRjaZ
quasi-miracle,kazimiRakl
quasi-morceau,kazimORso
quasi-nudité,kazinydite
quasi-permanence,kazipERman@s
quasi-protection,kazipRotEksj§
quasi-respect,kaziREspE
quasi-unanime,kaziynanim
quasi-unanimité,kaziynanimite
quasi-veuvage,kaziv9vaZ
quasi-ville,kazivil
quasi-voisines,kazivwazin
quat'zarts,katzaR
quatre-vingt-deux,katR°v5d2
quatre-vingt-dix-sept,katR°v5disEt
quatre-vingt-douzième,katR°v5duzjEm
quatre-vingt-treizième,katR°v5tREzjEm
quatre-vingtième,katR°v5tjEm
quenotte,k°nOt
quetsche,kwEtS
queue-d'aronde,k2daR§d
queursoir,k9RswaR
quibus,k8ibys
quichotte,kiSOt
quillon,kij§
quimper,k5pe
quincaille,k5kaj
quinconce,k5k§s
quinium,kinjOm
quinqua,k5ka
quinquagésime,k5kaZezim
quinquina,k5kina
quintaine,k5tEn
quintessencié,k5tes@sje
quinteux,k5t2
quintidi,k5tidi
quipu,kipu
quiquette,kikEt
quiqui,kiki
quiètement,kjEt°m@
quiétisme,kjetizm
quiétiste,kjetist
quolibet,kolibE
quotidienneté,kotidjEn°te
quotité,kotite
quêteur,kEt9R
rabane,Raban
rabattant,Rabat@
rabattu,Rabaty
rabbinat,Rabina
rabelaisien,Rab°lEzj5
rabibochage,RabiboSaZ
rabioter,Rabjote
rabique,Rabik
rabonnir,RaboniR
rabotage,RabotaZ
rabotin,RabOt5
rabouin,Rabw5
rabouter,Rabute
rac,Rak
raccroc,RakRo
raccrocheur,RakRoS9R
raciner,Rasine
racingman,REjsiGman
racisme,Rasizm
raclant,Rakl@
racle,Rakl
radada,Radada
radeau-radar,RadoRadaR
radeuse,Rad2z
radical-socialisme,Radikalsosjalizm
radical-socialiste,Radikalsosjalist
radicale-socialiste,Radikalsosjalist
radiophonie,Radjofoni
radiotélégraphie,RadjotelegRafi
radiotélégraphiste,RadjotelegRafist
radja,RadZa
radjah,RadZa
radoubeur,Radub9R
radoucissement,Radusis°m@
rafiau,Rafjo
rafraîchisseur,RafReSis9R
rafraîchissoir,RafReSiswaR
raglan,Ragl@
rahat-lokoum,Raatlokum
raidement,REd°m@
raidillon,REdij§
raidissement,REdis°m@
railway,RElwE
rainer,Rene
raineuse,REn2z
rainurer,RenyRe
raisonneur,REzon9R
rajustement,RaZyst°m@
ralbol,RalbOl
ralingue,Ral5g
ralléger,RalEZe
ramager,RamaZe
ramarrer,RamaRe
rambin,R@b5
rambiner,R@bine
rambineur,R@bin9R
rambla,Rambla
rambour,R@buR
ramette,RamEt
ramifiant,Ramifj@
ramifier,Ramifje
ramifié,Ramifje
ramille,Ramij
raminagrobis,RaminagRobis
ramon,Ram§
rampement,R@p°m@
ramponneau,R@pono
ramée,Rame
rancio,R@sjo
rancir,R@siR
rancissure,R@sisyR
rani,Rani
ranimation,Ranimasj§
ranz,R@z
rançonnement,R@sOn°m@
rapetassage,Rap°tasaZ
rapetasser,Rap°tase
rapetasseur,Rap°tas9R
raphaélesque,RafaelEsk
raphé,Rafe
rapiater,Rapjate
rapiaterie,Rapjat°Ri
rapin,Rap5
rapointir,Rapw5tiR
rapprocheur,RapRoS9R
rarissimement,RaRisim°m@
rase-pet,RazpE
rasif,Razif
rasse,Ras
rassembleur,Ras@bl9R
rassortiment,RasORtim@
rassurement,RasyR°m@
rasséréner,RaseRene
rat-de-cave,Rad°kav
rataplan,Ratapl@
ratiche,RatiS
ratichon,RatiS§
ratier,Ratje
ratine,Ratin
ratisseur,Ratis9R
ratonnade,Ratonad
ratonner,Ratone
raturer,RatyRe
raucité,Rosite
rauquement,Rok°m@
ravaleur,Raval9R
ravauder,Ravode
ravennate,Rav°nat
ravier,Ravje
ravigote,RavigOt
ravinement,Ravin°m@
raviner,Ravine
ravivement,Raviv°m@
ray-grass,REgRas
rayon-éclair,REj§eklER
razzier,Radzje
raïs,Rai
re-inter,R°5tER
ready-made,REdimEjd
rebab,R°bab
rebaiser,R°bEze
rebarré,R2baRe
rebecter,R2bEkte
rebiquer,R°bike
reblanchir,R°bl@SiR
rebourrer,R2buRe
rebraguetter,R°bRagEte
rebroussement,R°bRus°m@
rebéquer,R2beke
recacheter,R°kaS°te
recasable,R2kazabl
receleur-miracle,R°s°l9RmiRakl
recension,R°s@sj§
rechampi,R°S@pi
reclure,R°klyR
recogner,R2kONe
recognition,R°kOgnisj§
recollage,R°kolaZ
recommercer,R2kOmERse
recompléter,R2k§plete
recomposition,R°k§pozisj§
reconquis,R°k§ki
reconquista,R2k§kista
reconter,R2k§te
recopiage,R°kopjaZ
recouvrance,R°kuvR@s
recroquevillement,R2kROkvij°m@
recru,R2kRy
recrépir,R°kRepiR
recto tono,REktotono
recuisson,R2k8is§
reculade,R°kylad
reculotter,R°kylote
recès,R°sE
recéler,R°sele
red river,REdRiv9R
redan,R2d@
redite,R°dit
redoublant,R°dubl@
redégringoler,R2degR5gOle
refendre,R°f@dR
refeuilleter,R2f9j°te
refil,R2fil
refoulant,R°ful@
regréer,R°gRee
rehausse,R2os
rehaut,R2o
reichswehr,RajSvER
reine-claude,REnklod
reine-mère,REnmER
rejetable,R°Ztabl
rejointoyer,R°Zw5twaje
relacer,R°lase
relaisser,R°lEse
relaps,R°laps
relargué,R2laRge
relativisation,R°lativizasj§
relevable,R°l°vabl
relevailles,R°l°vaj
relevant,R°l°v@
relevée,R°l°ve
reloquer,R°loke
relourder,R°luRde
remaillage,R°majaZ
remailler,R°maje
rembarquement,R@baRk°m@
remblaiement,R@blEm@
rembour,R@buR
remboîter,R@bwate
rembrunir,R@bRyniR
remonte-pentes,R°m§tp@t
rempailleur,R@paj9R
remplisseur,R@plis9R
remploi,R@plwa
remuement,R°mym@
remugle,R°mygl
renaud,R2no
renauder,R°node
renaudeur,R2nod9R
rencogner,R@koNe
renfermement,R@fERm°m@
renfiler,R@file
renflé,R@fle
renfoncer,R@f§se
rengorgement,R@gORZ°m@
rengorger,R@gORZe
reniflant,R°nifl@
reniflette,R°niflEt
rennais,REnE
renonciateur,R°n§sjat9R
renouée,R°nwe
rentabilisation,R@tabilizasj§
renverseur,R@vERs9R
rep,REp
repasseur,R°pas9R
repique,R°pik
replantation,R°pl@tasj§
replâtrage,R°platRaZ
reportage-vérité,R°pORtaZveRite
repoussoir,R°puswaR
reproductible,R°pRodyktibl
reptation,REptasj§
republier,R°pyblije
repuiser,R2p8ize
repétrir,R°petRiR
requiescat in pace,R°kijEskainpas
rescaper,REskape
rescision,Resizj§
rescrit,REskRi
resonger,R°z§Ze
respir,REspiR
resplendissement,REspl@dis°m@
ressaisissement,R°sezis°m@
ressassement,R°sas°m@
ressasseur,R°sas9R
ressemelage,R°s°m°laZ
resserrement,R°sER°m@
ressui,R°s8i
ressuiement,R2s8im@
restauroute,REstoRut
retisser,R°tise
retombement,R°t§b°m@
retremper,R°tR@pe
retroussage,R°tRusaZ
retroussette,R°tRusEt
retroussis,R°tRusi
revalorisation,R°valoRizasj§
revancher,R°v@Se
revendicateur,R°v@dikat9R
revendicatif,R°v@dikatif
revisser,R°vise
revivifié,R°vivifje
reviviscence,R°vivis@s
revouloir,R°vulwaR
revêtu,R°vEty
rezzou,R°zu
reître,REtR
rhabilleur,Rabij9R
rhodanien,Rodanj5
rhodia,Rodja
rhodo,ROdO
rhodoïd,Rodoid
rhombe,R§b
rhomboïdal,R§boidal
rhovyl,Rovil
rhumatisant,Rymatiz@
rhumatismal,Rymatismal
rhénan,Ren@
rhéostat,Reosta
rhéteur,Ret9R
ribleur,Ribl9R
ribot,Ribo
riboter,RibOte
ribouis,Ribwi
ribouler,Ribule
ric et rac,RikeRak
ric-à-rac,RikaRak
ricaneur,Rikan9R
ricasser,Rikase
richomme,RiSOm
riffauder,Rifode
riflette,RiflEt
rigidement,RiZid°m@
rigodon,Rigod§
rigolage,RigolaZ
rigoleur,Rigol9R
rigollot,Rigolo
rigorisme,RigoRizm
rillons,Rij§
rimaillerie,Rimaj°Ri
rimbaldien,R5baldj5
rinceau,R5so
rincette,R5sEt
rinceur,R5s9R
rincée,R5se
rinforzando,RinfORdzando
ripailler,Ripaje
ripaton,Ripat§
ripeur,Rip9R
ripolin,Ripol5
ripoliner,Ripoline
ripuaire,Rip8ER
risiblement,Rizibl°m@
risque-tout,Risk°tu
rissole,RisOl
ritualisation,Rit8alizasj§
riverain,Riv°R5
riviera,RivjERa
riz-minute,Riminyt
riz-pain-sel,Rip5sEl
robette,RObEt
robinsonnade,Rob5sonad
roblot,ROblo
roboratif,RoboRatif
roburite,RobyRit
robustement,Robyst°m@
rocambole,Rok@bOl
rochassier,RoSasje
rogne-pied,RONpje
rogneux,RON2
rogomme,RogOm
roi-soleil,RwasOlEj
roidement,Rwad°m@
roideur,Rwad9R
roman-fleuve,Rom@fl9v
romancero,Rom@s°Ro
romanche,Rom@S
romanisation,Romanizasj§
romanité,Romanite
roncet,R§sE
ronceux,R§s2
ronchonnot,R§Sono
roncier,R§sje
ronde-bosse,R§dbOs
ronfleur,R§fl9R
rongeant,R§Z@
rongement,R§Z°m@
rongicide,R§Zisid
ronronnant,R§Ron@
ronéotyper,Roneotipe
roquentin,Rok@t5
roquer,Roke
rorqual,RORkal
rosace,Rozas
rosat,Roza
rose-croix,RozkRwa
rose-thé,Rozte
roser,Roze
roseur,Roz9R
rosière,RozjER
rossard,RosaR
rosserie,ROs°Ri
rotative,Rotativ
roublarder,RublaRde
roublardise,RublaRdiz
roucoulant,Rukul@
roucouleur,Rukul9R
rouelle,RwEl
rouergat,RwERga
rouf,Ruf
rouge-brun,RuZbR1
rouge-feu,RuZf2
rouge-queue,RuZ°k2
rouge-sang,RuZs@
rouillarde,RujaRd
rouilleux,Ruj2
roulé-boulé,Rulebule
roupane,Rupan
rouquemoute,Ruk°mut
rouquette,RukEt
rouscailler,Ruskaje
rouspétage,RuspetaZ
rouspéteur,Ruspet9R
rousseau,Ruso
rousserolle,Rus°ROl
roussin,Rus5
roussâtre,RusatR
routin,Rut5
rouvre,RuvR
roué,Rwe
rubato,Rybato
rubican,Rybik@
rubicond,Rybik§
rubricard,RybRikaR
ruché,RySe
rucksack,Ryksak
rudoiement,Rydwam@
rugosité,Rygozite
ruisson,R8is§
rumination,Ryminasj§
ruminement,Rymin°m@
russification,Rysifikasj§
russo-allemand,Rysoal°m@
russo-américain,RysoameRik5
russo-polonais,RysopolonE
russo-turque,RysotyRk
rutiler,Rytile
râlant,Ral@
râlement,Ral°m@
râleux,Ral2z
réaccoutumer,Reakutyme
réadopter,ReadOpte
réagencement,ReaZ@s°m@
réapercevoir,ReapERs2vwaR
réassortir,ReasORtiR
réassumer,Reasyme
rébecca,Rebeka
réchappé,ReSape
récollet,RekolE
récoltant,RekOlt@
récri,RekRi
récrier,RekRie
récusable,Rekyzabl
rédhibition,Redibisj§
réduplication,Redyplikasj§
réembarquement,Re@baRk°m@
réembarquer,Re@baRke
réemploi,Re@plwa
réemployer,Re@plwaje
réemprunter,Re@pR1te
réencadrer,Re@kadRe
réengagement,Re@gaZ°m@
réflexif,ReflEksif
réformation,RefORmasj§
référendaire,RefeR@dER
régalade,Regalad
régaleur,Regal9R
régicide,ReZisid
régionaliser,ReZjonalize
régionalisme,ReZjonalizm
régionaliste,ReZjonalist
réglure,ReglyR
réinjection,Re5ZEksj§
réitération,ReiteRasj§
rémiz,Remiz
réordonner,ReORdone
répandeur,Rep@d9R
réprobateur,RepRobat9R
réprouvé,RepRuve
réputer,Repyte
réservataire,RezERvatER
résiné,Rezine
résipiscence,Resipis@s
résorption,RezORpsj§
réticulation,Retikylasj§
rétrocession,RetRosesj§
rétrocéder,RetRosede
rétrospectif,RetRospEktif
rétroversion,RetRovERsj§
réunionnais,ReynjonE
réverbérant,RevERbeR@
réverbérer,RevERbeRe
révisionnisme,Revizjonizm
réviso,Revizo
révulsif,Revylsif
révulsé,Revylse
révérencieusement,ReveR@sj2z°m@
révérencieux,ReveR@sj2
révérendissime,ReveR@disim
rééchelonnement,ReeS°lOn°m@
rééducateur,Reedykat9R
rêvassant,REvas@
rôdailler,Rodaje
sabin,sab5
sabir,sabiR
saboterie,sabOt°Ri
sabotier,sabotje
sabouler,sabule
sabretache,sabR°taS
sabreur,sabR9R
saccade,sakad
saccader,sakade
saccagne,sakaN
sacralisation,sakRalizasj§
sacramentel,sakRam@tEl
sacrificateur,sakRifikat9R
sacré-coeur,sakRek9R
sacrédié,sakRedje
sadducéen,sadyse5
safrané,safRane
sagard,sagaR
sagoutier,sagutje
sagum,sagOm
sainfoin,s5fw5
saint-cyrien,s5siRj5
saint-germain,s5ZERm5
saint-hubert,s5tybER
saint-michel,s5miSEl
saint-nectaire,s5nEktER
saint-paulin,s5pol5
saint-synode,s5sinOd
saint-émilion,s5temilj§
saintement,s5t°m@
saisie-arrêt,seziaRE
saisissable,sezisabl
salacité,salasite
salader,salade
salamalec,salamalEk
salanque,sal@k
salariat,salaRja
salazariste,salazaRist
saleur,sal9R
salicole,salikOl
salicorne,salikORn
salingue,sal5g
salivant,saliv@
saliveur,saliv9R
salmigondis,salmig§di
salmis,salmi
salonnard,salonaR
salpicon,salpik§
salpêtreux,salpEtR2
salpêtrière,salpEtRijER
salsifis,salsifi
salutairement,salytER°m@
salutiste,salytist
salvifique,salvifik
sambenito,s@benito
samoyède,samojEd
sancerre,s@sER
sandalier,s@dalje
sandjak,s@djak
sandow,s@do
sandwich,s@dwitS
sanhédrin,sanedR5
sanie,sani
sanieux,sanj2
sans-filiste,s@filist
sans-pareil,s@paREj
santoche,s@tOS
sapement,sap°m@
saphisme,safizm
sapide,sapid
sapidité,sapidite
sapience,sapj@s
sapinette,sapinEt
sapinière,sapinjER
sapotillier,sapotije
sar,saR
sarcastiquement,saRkastik°m@
sarclage,saRklaZ
sarcloir,saRklwaR
sardoine,saRdwan
sardoniquement,saRdonik°m@
sargasse,saRgas
sarigue,saRig
sarouel,saRwEl
sarreau,saRo
sarrois,saRwa
sarrussophone,saRysofOn
sassanide,sasanid
sataner,satane
satiation,sasjasj§
satinette,satinEt
satonner,satone
saturnien,satyRnj5
saturnisme,satyRnizm
sauciflard,sosiflaR
saucissonnage,sosisonaZ
saulaie,solE
saulnier,sonje
saumoneau,somono
saumonette,somonEt
saumoné,somone
saunier,sonje
saurer,soRe
sauret,soRE
saurien,soRj5
saurin,soR5
saut-de-lit,sod°li
saute-ruisseau,sotR8iso
sauterelles,sot°REl
sautillement,sotij°m@
sauvagin,sovaZ5
sauveté,sov°te
savonnier,savonje
savonnée,savone
savoureusement,savuR2z°m@
savoyard,savwajaR
saxifrage,saksifRaZ
sayon,sEj§
scaferlati,skafERlati
scansion,sk@sj§
scapin,skap5
scarlatine,skaRlatin
scatologue,skatOlOg
scenarii,s°naRi
scenic railway,snikRajwEj
schako,Sako
schampooing,S@pw5
schbeb,Sb°b
schismatique,Sismatik
schlague,Slag
schlitte,Slit
schnick,Snik
schpile,Spil
schproum,spRum
schupo,Sypo
schème,SEm
schématisme,Sematizm
scialytique,sjalitik
scieur,sj9R
scintillation,s5tijasj§
scissionniste,sisjonist
sclérotique,skleRotik
scolie,skoli
scolopendre,skolop@dR
scotomiser,skotomize
scriban,skRib@
script-girl,skRiptg9Rl
scripteur,skRipt9R
scrogneugneu,skRoN2N2
sculptural,skyltyRal
scutigère,skytiZER
scélératesse,seleRatEs
secco,seko
seccotine,sekotin
secondairement,s°g§dER°m@
secondement,s°g§d°m@
secouement,s°kum@
secrétairerie,s°kRetER°Ri
sectateur,sektat9R
sedia gestatoria,s°djaZEstatoRja
seguedilla,s°g°dija
seille,sEj
seillon,sEj§
seldjoukide,sEldZukid
semainier,s°mEnje
semen-contra,semEnk§tRa
semi-phonétique,s2mifOnetik
semoncer,s°m§se
sempiternel,s@pitERnEl
senestre,senEstR
sensationnellement,s@sasjonEl°m@
sensitif,s@sitif
sensorialité,s@soRjalite
sensualiste,s@s8alist
sensément,s@sem@
sent-bon,s@b§
sentencieusement,s@t@sj2z°m@
sentine,s@tin
seps,sEps
septante-cinq,sEpt@ts5k
septembriseur,sEpt@bRiz9R
septennat,sEptena
septidi,sEptidi
septuagénaire,sEpt8aZenER
sepuku,s2puku
serbo-croate,sERbokRoat
serfouette,sERfwEt
sergent-pilote,sERZ@pilOt
sergé,sERZe
seringuer,s°R5ge
sermonneur,sERmon9R
serpentaire,sERp@tER
serpentant,sERp@t@
serpentement,sERp@t°m@
serpenter,sERp@te
serpentiforme,sERp@tifORm
serpette,sERpEt
serpolet,sERpolE
serrante,sER@t
sertissage,sERtisaZ
sertisseur,sERtis9R
serviette-éponge,sERvjEtep§Z
seulabre,s2labR
sexologique,seksoloZik
sextidi,sekstidi
sexué,seks8e
shake-hand,SEjk@d
shantung,S@tuG
shetland,SEtl@d
shintoïsme,S5toizm
shipchandler,SipS@dl9R
shirting,SiRt5G
show-business,SobiznEs
showbiz,Sobiz
shéol,SeOl
shôgun,Sogun
sibilant,sibil@
sibérienne,sibeRjEn
sicaire,sikER
sidi,sidi
siennois,sjEnwa
sifflard,siflaR
sifflotis,siflOti
sigillé,siZile
sigisbée,siZisbe
silhouetter,silwete
siliceux,silis2
silicosé,silikoze
silvaner,silvanER
silène,silEn
silésien,silezj5
simarre,simaR
similairement,similER°m@
simoniaque,simonjak
simplesse,s5plEs
simultanéité,simyltaneite
sinapisme,sinapizm
sinciput,s5sipyt
sindon,s5d§
sine die,sinedije
sinistrose,sinistRoz
sinologie,sinoloZi
sinople,sinOpl
sinoque,sinOk
sinoquet,sinokE
sinuer,sin8e
sinueusement,sin82z°m@
sinuosité,sin8ozite
siphonnage,sifOnaZ
sirdar,siRdaR
sirventès,siRv@tEs
sisymbre,siz5bR
situable,sit8abl
six-quatre,siskatR
sixain,siks5
sizain,siz5
skaal,skal
skating,skEjtiG
skunks,sk§s
slang,sl@g
slavisme,slavizm
slavon,slav§
sloughi,slugi
slovène,slovEn
smalah,smala
smaragdin,smaRagd5
smigard,smigaR
smorrebrod,smoR°bRod
smyrniote,smiRnjOt
sniffette,snifEt
social-traître,sOsjaltREtR
socioculturel,sosjokyltyREl
sociologiquement,sosjoloZik°m@
socius,sOsjys
socque,sOk
sodomisation,sodomizasj§
soissonnais,swasonE
soixante-deuxième,swas@td2zjEm
soixante-dix-neuvième,swas@tdisn9vjEm
soixante-dixième,swas@tdizjEm
soixantième,swas@tjEm
soldatesque,sOldatEsk
soleil-roi,solEjRwa
soleilleux,solEj2
solicitor,solisitOR
solidairement,solidER°m@
solidariser,solidaRize
solidus,solidys
soliflore,soliflOR
soliloquer,soliloke
soliveau,solivo
solognot,soloNo
solucamphre,solyk@fR
somatiser,somatize
sommeillant,somEj@
sommeilleux,somEj2
somnambuliquement,sOmn@bylik°m@
somno,sOmno
somptuaire,s§pt8ER
songeusement,s§Z2z°m@
sonnaille,sonaj
sonnailler,sonaje
sonorement,sOnOR°m@
sopha,sOfa
sopor,sopOR
sorbonne,sORbOn
sostenuto,sOstenuto
sotie,soti
soubise,subiz
souchette,suSEt
souffleter,sufl°te
soufflure,suflyR
souillage,sujaZ
souille,suj
soupeur,sup9R
soupier,supje
souplement,supl°m@
soupçonnable,supsonabl
souquenille,suk°nij
sourdaient,suRdE
sourdait,suRdE
sourdement,suRd°m@
sourdre,suRdR°
sous-alimenté,suzalim@te
sous-bibliothécaire,subiblijotekER
sous-cul,suky
sous-diacre,sudjakR
sous-emploi,suz@plwa
sous-gorge,sugORZ
sous-pied,supje
sous-plat,supla
sous-prieur,supRij9R
sous-verge,suvERZ
soussou,susu
soutache,sutaS
soutanelle,sutanEl
soutenable,sut°nabl
souterrainement,sutEREn°m@
soutirage,sutiRaZ
souventefois,suv@t°fwa
souventes fois,suv@tfwa
soviétisation,sovjetizasj§
soviétisme,sovjetizm
soyeusement,swaj2z°m@
soûlographe,sulogRaf
soûlographie,sulogRafi
spadille,spadij
spahi,spai
sparring-partner,spERiGpaRtn9R
sparte,spaRt
sparterie,spaRt°Ri
spenglérienne,sp@gleRjEn
sphinge,sf5Z
sphéricité,sfeRisite
sphéroïde,sfeRoid
spina-ventosa,spinav@toza
spinozisme,spinozizm
spiraler,spiRale
spiritualiser,spiRit8alize
spoliation,spoljasj§
sportivement,spORtiv°m@
sportsman,spORtsman
sportswear,spORtswER
sprechgesang,SpReSgesaG
spumescent,spymEs@
spumosité,spymozite
spécieusement,spesj2z°m@
spéculaire,spekylER
spéléotomie,speleotomi
squaw,skwo
stabat mater,stabamatER
stablement,stabl°m@
stabulation,stabylasj§
stakhanoviste,stakanovist
stalino,stalino
standardisation,st@daRdizasj§
standardisé,st@daRdize
starking,staRkiG
station-éclair,stasj§eklER
statistiquer,statistike
statuaire,stat8ER
statère,statER
stayer,stEj9R
stegomya,stegomia
stem,stEm
stendhalien,st5dalj5
stercoraire,stERkoRER
sterne,stERn
steward,stiwaRd
stigma,stigma
stigmatisé,stigmatize
stimulus-réponse,stimylysRep§s
stoppage,stopaZ
stoïquement,stoik°m@
stranguler,stR@gyle
stratigraphique,stRatigRafik
striduler,stRidyle
strier,stRije
strontiane,stR§sjan
structural,stRyktyRal
structuralement,stRyktyRal°m@
structuralisme,stRyktyRalizm
struggle for life,stR9g°lfoRlajf
studette,stydEt
studieusement,stydj2z°m@
stylite,stilit
stylo-feutre,stilof2tR
stylobille,stilobij
stylomine,stilomin
styrax,stiRaks
sténodactylographie,stenodaktilogRafi
stérilement,steRil°m@
stéréoscopie,steReoskopi
stéréotypie,steReotipi
sub-aquatique,sybakwatik
subcarpatique,sypkaRpatik
subjectivisme,sybZEktivizm
subjectiviste,sybZEktivist
sublimable,syblimabl
sublimissime,syblimisim
sublimé,syblime
sublunaire,syblynER
subsidiairement,sybzidjER°m@
substantif,sypst@tif
substantifique,sypst@tifik
substratum,sypstRatOm
substruction,sypstRyksj§
subtropical,syptRopikal
subvertir,sybvERtiR
successif,syksesif
sucrier,sykRije
sudète,sydEt
sufficit,syfisit
suffète,syfEt
suifer,s8ife
suiffard,s8ifaR
suiffeux,s8if2
suint,s85
suitée,s8ite
suivez-moi-jeune-homme,s8ivemwaZ9nOm
sulpicien,sylpisj5
superchampion,sypERS@pj§
superfin,sypERf5
superfluité,sypERfl8ite
supergrand,sypERgR@
superintendante,sypER5t@d@t
superlativement,sypERlativ°m@
superposable,sypERpozabl
superstitieusement,sypERstisj2z°m@
supin,syp5
suppliciant,syplisj@
supplicié,syplisje
supplémenter,syplem@te
supposable,sypozabl
supputation,sypytasj§
supra-humain,sypRaym5
supranational,sypRanasjonal
surabondamment,syRab§dam@
surabondant,syRab§d@
suractivité,syRaktivite
suradaptation,syRadaptasj§
suradapté,syRadapte
surah,syRa
surajouter,syRaZute
suralimentation,syRalim@tasj§
surard,syRaR
surbaissé,syRbEse
surbrodé,syRbROde
surcompenser,syRk§p@se
surcot,syRko
suret,syRE
surexciter,syREksite
surfaire,syRfER
surfaçage,syRfasaZ
surfilage,syRfilaZ
surgissement,syRZis°m@
surhumanité,syRymanite
surinformation,syR5fORmasj§
surintendance,syR5t@d@s
surir,syRiR
surmenant,syRm°n@
surmulot,syRmylo
surmâle,syRmal
surnageant,syRnaZ@
suroxygéné,syROksiZene
surpatte,syRpat
surréalité,syRRealite
sursum corda,syRsOmkORda
surtendu,syRt@dy
survitesse,syRvitEs
survêt,syRvE
suscription,syskRipsj§
suspensif,sysp@sif
suspente,sysp@t
susu,sysy
susucre,sysykR
susurrement,sysyR°m@
sutémi,sutemi
suçoir,syswaR
suède,s8Ed
suédine,s8edin
sveltesse,svEltEs
swahili,swaili
sweat-shirt,switS9Rt
sweater,swit9R
sweepstake,swipstEjk
swing,swiG
sybaritisme,sibaRitizm
syllepse,silEps
sylphide,silfid
sylvaner,silvanER
sylve,silv
sylvie,silvi
symbolisant,s5boliz@
symbolisation,s5bolizasj§
synchronie,s5kRoni
syncrétisme,s5kRetizm
syncrétiste,s5kRetist
synecdoque,sinEkdOk
syntagme,s5tagm
syriaque,siRjak
syrinx,siR5ks
systématisation,sistematizasj§
systématiser,sistematize
systématisé,sistematize
syzygie,siziZi
séborrhée,seboRe
sébum,sebOm
sécolle,sekOl
sécot,seko
séculairement,sekylER°m@
séculier,sekylje
sédentarisation,sed@taRizasj§
sédentariser,sed@taRize
sédentarisme,sed@taRizm
sédentarité,sed@taRite
séguedille,seg°dij
sélectionneur,selEksjon9R
sélénographie,selenogRafi
sémillon,semij§
séminole,seminOl
sémiologue,semjolOg
sénatus-consulte,senatysk§sylt
sénevé,sEn°ve
sénilement,senil°m@
séoudite,seudit
séparable,sepaRabl
séparateur,sepaRat9R
séraphique,seRafik
séreux,seR2
sérier,seRje
séton,set§
sévillan,sevil@
sévrienne,sevRijEn
sézigue,sezig
tabaski,tabaski
tabellion,tabelj§
tablature,tablatyR
table-bureau,tabl°byRo
table-coiffeuse,tablkwaf2z
tableautin,tablot5
tabletterie,tablEt°Ri
tabor,tabOR
tabulaire,tabylER
tabès,tabEs
tacatac,takatak
tacatacatac,takatakatak
tacheter,taS°te
tachiste,taSist
tachymètre,takimEtR
taciturnité,tasityRnite
tacon,tak§
taconnet,takOnE
tactilement,taktil°m@
tadjik,tadZik
tadorne,tadORn
taenia,tenja
tafanard,tafanaR
taillable,tajabl
taillandier,taj@dje
taille-douce,tajdus
tailloir,tajwaR
tajine,taZin
talavera de la reina,talav°Rad°laREna
talentueusement,tal@t82z°m@
taler,tale
talle,tal
tallipot,talipo
talmouse,talmuz
talonnette,talonEt
talonneur,talon9R
tamanoir,tamanwaR
tambourinade,t@buRinad
tambourinaire,t@buRinER
tambourinement,t@buRin°m@
tambourineur,t@buRin9R
tamoul,tamul
tampon-buvard,t@p§byvaR
tamponnement,t@pOn°m@
tamponnoir,t@ponwaR
tan-sad,t@sad
tandis que,t@dik2
tangence,t@Z@s
tangentiel,t@Z@sjEl
tangerine,t@n°Z2Rajn
tangue,t@g
tangérois,t@ZeRwa
tanka,t@ka
tankiste,t@kist
tannant,tan@
tanrec,t@REk
tansad,t@sad
tape-à-l'oeil,tapal9j
tapecul,tapky
tapotis,tapoti
taquoir,takwaR
tarabiscot,taRabisko
tarare,taRaR
taraud,taRo
taraudant,taRod@
tarbais,taRbE
tarbouche,taRbuS
tarbouif,taRbuif
tard-venu,taRv°ny
tarderie,taRd°Ri
tardillon,taRdij§
taret,taRE
targette,taRZEt
targui,taRgi
taride,taRid
tarissement,taRis°m@
tarière,taRjER
tarlatane,taRlatan
tarpan,taRp@
tartarin,taRtaR5
tartignolle,taRtiNOl
tartir,taRtiR
tartiss,taRtis
tartouille,taRtuj
tartuferie,taRtyf°Ri
tartufferie,taRtyf°Ri
tassili,tasili
tatar,tataR
tatillonner,tatijone
taupicide,topisid
taure,toR
taurillon,toRij§
taurin,toR5
taurobole,toRobOl
tauromachique,toRomaSik
tavelé,tav°le
taxaudier,taksodje
taxi-auto,taksiOto
taxi-girl,taksig9Rl
taxinomique,taksinomik
taylorisme,tEloRizm
tcherkesse,tSERkEs
tchernoziom,tSERnozj§
tchékiste,tSekist
te deum,tedeum
tea-room,tiRum
technico-commerciaux,tEknikokomERsjo
technocratique,tEknokRatik
technocratisme,tEknokRatizm
tellurique,tElyRik
temporalité,t@poRalite
temporellement,t@poREl°m@
temporisateur,t@poRizat9R
tenacement,t°nas°m@
tendancieusement,t@d@sj2z°m@
tendelet,t@d°lE
tennis-ballon,tenisbal§
tennis-club,teniskl9b
tentiaire,t@sjER
terminologique,tERminoloZik
termitière,tERmitjER
ternaire,tERnER
terrage,tERaZ
terrasson,tERas§
terre-neuvas,tERn9va
terre-à-terre,tERatER
terrifique,teRifik
territorialement,tERitoRjal°m@
tessiture,tesityR
testu,tEsty
teutonique,t2tonik
textologie,tEkstOlOZi
textuel,tEkst8El
thalweg,talvEg
thanatologique,tanatoloZik
thaumaturge,tomatyRZ
thaumaturgie,tomatyRZi
thermoformage,tERmofORmaZ
thermogène,tERmoZEn
thibaude,tibod
thomisme,tomizm
thomiste,tomist
thuriféraire,tyRifeRER
thuya,tyja
thébaïde,tebaid
thébaïne,tebain
thématiquement,tematik°m@
théocratique,teokRatik
théorbe,teORb
théosophique,teozofik
tiaré,tjaRe
ticheurte,tiS9Rt
tiercefeuille,tjERs°f9j
tiercelet,tjERs°lE
tiers-mondisme,tjERm§dizm
tiers-ordre,tjERORdR
tiers-point,tjERpw5
tigrure,tigRyR
tilbury,tilbyRi
tillac,tijak
timbalier,t5balje
timbrage,t5bRaZ
tintamarresque,t5tamaREsk
tintinnabulant,t5tinabyl@
tintinnabulement,t5tinabyl°m@
tintinnabuler,t5tinabyle
tinée,tine
tipule,tipyl
tiqueté,tik°te
tiraillé,tiRaje
tire-bouton,tiRbut§
tire-jus,tiRZy
tire-larigot,tiRlaRigo
tire-ligne,tiRliN
tire-lire,tiRliR
tirebouchonner,tiR°buSone
tisanière,tizanjER
tisonné,tizone
tisseur,tis9R
tissu-éponge,tisyep§Z
tissuterie,tisyt°Ri
tissutier,tisytje
tissé,tise
titillation,titijasj§
titillement,titij°m@
titisme,titizm
titubation,titybasj§
titubement,tityb°m@
tièdement,tjEd°m@
tiédasse,tjedas
togolais,togolE
tokay,tokE
tokharien,tokaRj5
tolstoïen,tOlstoj5
tolu,toly
tom-pouce,tOmpus
tomahawk,tomaOk
tommette,tomEt
tonitruance,tonitRy@s
tonitruer,tonitR8e
tonkinois,t§kinwa
topette,topEt
tophus,tofys
topographiquement,topogRafik°m@
toponymie,toponimi
torchonner,tORSone
torchère,tORSER
tord-nez,tORne
tordion,tORdj§
toril,toRil
torpide,tORpid
torrentueux,toR@t82
torsade,tORsad
tortil,tORtil
tortore,tORtOR
tortorer,tORtoRe
tortu,tORty
toréador-vedette,toReadORv°dEt
totalisation,totalizasj§
totoche,totOS
totémique,totemik
touchotter,tuSOte
touffeur,tuf9R
toulonnais,tulonE
toulousain,tuluz5
toungouse,tuGuz
toupilleur,tupij9R
tourangeau,tuR@Zo
tourbeux,tuRb2
tourbillonnaire,tuRbijonER
tourbillonnant,tuRbijon@
tourbillonnement,tuRbijOn°m@
touret,tuRE
tourillon,tuRij§
tourlousine,tuRluzin
tourmentant,tuRm@t@
tournelle,tuRnEl
tours-minute,tuRminyt
tourteau,tuRto
tous-terrains,tutER5
tousseur,tus9R
tousseux,tus2
toussoteux,tusot2
tout-à-l'égout,tutalegu
toutime,tutim
tracassin,tRakas5
trachéite,tRakeit
traction-avant,tRaksj§av@
trafalgar,tRafalgaR
trafiquant-espion,tRafik@Espj§
tragi-comique,tRaZikomik
tragi-comédie,tRaZikomedi
trahissant,tRais@
traintrain,tR5tR5
tramail,tRamaj
tranchecaille,tR@Skaj
tranchet,tR@SE
tranchée-abri,tR@SeabRi
tranquillos,tR@kilos
transafricain,tR@zafRik5
transcaspien,tR@skaspj5
transcendantal,tR@s@d@tal
transept,tR@sEpt
transfigurer,tR@sfigyRe
transformateur,tR@sfORmat9R
transfèrement,tR@sfER°m@
transhistorique,tR@sistoRik
transhumant,tR@zym@
transir,tR@ziR
translucidité,tR@slysidite
transplantable,tR@spl@tabl
transposable,tR@spozabl
transposée,tR@spoze
transylvain,tR@silv5
trappon,tRap§
traversier,tRavERsje
traversine,tRavERsin
trayon,tREj§
traîne-patins,tREnpat5
traîne-semelle,tREns°mEl
traîneur,tREn9R
traînier,tREnje
tremblotement,tR@blOt°m@
trempoline,tR@pOlin
trente-cinquième,tR@ts5kjEm
trente-et-quarante,tR@tekaR@t
trente-et-unième,tR@teynjEm
trente-huitième,tR@t8itjEm
trente-quatrième,tR@tkatRijEm
trente-troisième,tR@ttRwazjEm
tressautant,tREsot@
tressautement,tResot°m@
triangulairement,tRij@gylER°m@
trianon,tRijan§
tribart,tRibaR
tricoises,tRikwaz
tricoteur,tRikot9R
tricycliste,tRisiklist
tricéphale,tRisefal
tridi,tRidi
triforium,tRifoRjOm
trimard,tRimaR
trimarder,tRimaRde
trinacrie,tRinakRi
tringlot,tR5glo
triode,tRijOd
triomphaliste,tRij§falist
triomphateur,tRij§fat9R
trionix,tRijOniks
tripatouillage,tRipatujaZ
triperie,tRip°Ri
tripier,tRipje
triplace,tRiplas
tripode,tRipOd
tripoux,tRipu
triqueballe,tRik°bal
trirème,tRiREm
trismique,tRismik
trismus,tRismys
trisser,tRise
tristouillard,tRistujaR
trithéisme,tRiteizm
triturant,tRityR@
trituration,tRityRasj§
trobriandais,tRobRij@dE
trochaïque,tRokaik
troche,tROS
trochée,tRoSe
trolle,tROl
trolleybus,tRolEbys
trommel,tRomEl
tronçonner,tR§sone
trope,tROp
tropisme,tRopizm
troposphérique,tRoposfeRik
trotskisme,tROtskizm
trotte-menu,tROtm°ny
trottin,tRot5
trottinant,tRotin@
trou-trou,tRutRu
troufignard,tRufiNaR
troussequin,tRusk5
trousseur,tRus9R
troïka,tRoika
truandage,tRy@daZ
truandaille,tRy@daj
truanderie,tRy@d°Ri
truculence,tRykyl@s
truffier,tRyfje
truitelle,tR8itEl
trusquin,tRysk5
trustee,tR9sti
trusteeship,tR9stiSip
trypanosome,tRipanozom
trâlée,tRale
trèpe,tREp
trémail,tRemaj
trémière,tRemjER
trémois,tRemwa
trémoussement,tRemus°m@
trémulant,tRemyl@
trémulation,tRemylasj§
trémuler,tRemyle
trépané,tRepane
trépider,tRepide
tréponème,tReponEm
tsarisme,tsaRizm
tsé-tsé,tsetse
tu autem,tyotEm
tubardise,tybaRdiz
tuberculine,tybERkylin
tubulure,tybylyR
tubéreux,tybeR2
tudesque,tydEsk
tue-mouche,tymuS
tuffeau,tyfo
tumultuaire,tymylt8ER
tuméfier,tymefje
tuque,tyk
turbé,tyRbe
turcoman,tyRkoman
turdus,tyRdy
turelure,tyR°lyR
turgotine,tyRgotin
turlupinade,tyRlypinad
turluter,tyRlyte
turquerie,tyRk°Ri
turquin,tyRk5
tuyauteur,t8ijot9R
tuyauté,t8ijote
tweed,twid
twill,twil
twin-set,twinsEt
twist,twist
twister,twiste
typhique,tifik
typographier,tipogRafje
typomètre,tipomEtR
typé,tipe
tyranneau,tiRano
tyrannicide,tiRanisid
tzarevitch,tsaRevitS
tâtonnant,taton@
tâtonnement,tatOn°m@
tégument,tegym@
télègue,telEg
télémark,telemaRk
téléphonage,telefonaZ
témérairement,temeRER°m@
ténuité,ten8ite
ténébrionidé,tenebRionide
tératologique,teRatoloZik
térébrant,teRebR@
tétanique,tetanik
tétanisation,tetanizasj§
tétaniser,tetanize
tétradrachme,tetRadRakm
tétragramme,tetRagRam
tétramère,tetRamER
tévé,teve
tézig,tezig
tézigue,tezig
tête-de-nègre,tEtd°nEgR
tête-à-queue,tEtak2
tête-à-tête,tEtatEt
têtière,tEtjER
tôlerie,tol°Ri
tôt-fait,tofE
ubac,ybak
ubique,ybik
ubiquiste,ybik8ist
ubiquitaire,ybik8itER
ultima ratio,yltimaRasjo
ultimo,yltimo
ultra-gauche,yltRagoS
ultrafin,yltRaf5
ultragauche,yltRagoS
ultramontain,yltRam§t5
ultraperformant,yltRapERfORm@
ululement,ylyl°m@
ululer,ylyle
unanimisme,ynanimizm
uniate,ynjat
uniformiser,ynifORmize
uniment,ynim@
uninominal,yninominal
uniprix,ynipRi
universalisme,ynivERsalizm
universalité,ynivERsalite
urane,yRan
uranisme,yRanizm
urbanité,yRbanite
urf,yRf
urographie,yRogRafi
uroscopie,yRoskopi
ursuline,yRsylin
urubu,yRyby
urus,yRys
usine-pilote,yzinpilOt
usinier,yzinje
usité,yzite
ustion,ystj§
usufruitier,yzyfR8itje
utilitarisme,ytilitaRizm
uxorilocal,yksoRilokal
vaccinant,vaksin@
vachardise,vaSaRdiz
vacherin,vaS°R5
vachère,vaSER
vae soli,vaesoli
vagir,vaZiR
vairon,vER§
valablement,valabl°m@
valencien,val@sj5
valeur-refuge,val9RR°fyZ
valleuse,val2z
vallonnement,valOn°m@
vallonner,valone
valse-hésitation,valsezitasj§
vanadium,vanadjOm
vaniteusement,vanit2z°m@
vanneau,vano
vanneur,van9R
vannier,vanje
vantail,v@taj
vanterie,v@t°Ri
vape,vap
vara,vaRa
varapper,vaRape
varappeur,vaRap9R
varenne,vaREn
variorum,vaRjoROm
variqueux,vaRik2
varlope,vaRlOp
vasais,vazE
vaser,vaze
vasière,vazjER
vasouillard,vazujaR
vassalité,vasalite
vastitude,vastityd
vastité,vastite
vater,vat9R
vaticane,vatikan
vaticanesque,vatikanEsk
vaticination,vatisinasj§
vaticiner,vatisine
vau-l'eau,volo
vaudois,vodwa
vautre,votR
vauvert,vovER
veillé,veje
veinule,venyl
veinulé,venyle
veiné,vene
vellave,vElav
velouter,v°lute
velouteux,v°lut2
vendangeur,v@d@Z9R
vendéen,v@de5
vendémiaire,v@demjER
vendômois,v@domwa
veneur,v°n9R
venimeusement,venim2z°m@
ventre-saint-gris,v@tR°s5gRi
verbalisme,vERbalizm
verbaliste,vERbalist
verbosité,vERbozite
verdelet,vERd°lE
verdeur,vERd9R
verdier,vERdje
verdissant,vERdis@
verdoyer,vERdwaje
verglacé,vERglase
vergne,vERN
vergogneux,vERgoN2
vergé,vERZe
vermiculaire,vERmikylER
vermineux,vERmin2
vermoulure,vERmulyR
vernier,vERnje
vernisser,vERnise
vernissé,vERnise
verrier,vERje
verrière,vERjER
versaillais,vERsajE
versificateur,vERsifikat9R
versifier,vERsifje
vert-de-grisé,vERd°gRize
vert-galant,vERgal@
vertex,vERtEks
verticalité,vERtikalite
vertueusement,vERt82z°m@
verveux,vERv2
vespasienne,vEspazjEn
vesprée,vEspRe
vespéral,vEspeRal
vesse-de-loup,vEsd°lu
vestalat,vestala
vexatoire,vEksatwaR
viandard,vj@daR
vicelardise,vis°laRdiz
vichysme,viSism
vichyssois,viSiswa
vicier,visje
vicinal,visinal
vicinalité,visinalite
vicomté,vik§te
victimaire,viktimER
victorieusement,viktoRj2z°m@
vidame,vidam
vide-poches,vidpOS
vidéo-espion,videoEspj§
vieux-rose,vj2Roz
vigousse,vigus
viguier,vigje
vilipendé,vilip@de
ville-dortoir,vildORtwaR
vinaigrer,vinEgRe
vindicativement,v5dikativ°m@
vineux,vin2
vingt-huitième,v5t8itjEm
vingt-septième,v5tsEtjEm
vinylique,vinilik
viocard,vjOkaR
viocque,vjOk
violacer,vjolase
violine,vjolin
violoneux,vjolon2
violâtre,vjolatR
viorne,vjORn
vipéreau,vipeRo
virevoltant,viR°vOlt@
virevolte,viR°vOlt
virgilien,viRZilj5
virginalement,viRZinal°m@
virolet,viROlE
vis-à-vis,vizavi
visite-éclair,viziteklER
vitaminer,vitamine
vitement,vit°m@
vitrauphanie,vitRofani
vitriolique,vitRijOlik
vitrophanie,vitRofani
vlouf,vluf
vocalique,vokalik
vocalise,vokaliz
vocifération,vosifeRasj§
voilage,vwalaZ
voiturin,vwatyR5
volapük,volapyk
volige,voliZ
volition,volisj§
volontarisme,vol§taRizm
volontariste,vol§taRist
voltaire,vOltER
voltigement,vOltiZ°m@
volubilement,volybil°m@
volubilis,volybilis
volubilité,volybilite
volute,volyt
vomique,vomik
vopo,vopo
vosgien,voZj5
vouivre,vwivR
voussoiement,vuswam@
voussoyer,vuswaje
voussure,vusyR
vouvoiement,vuvwam@
vouvray,vuvRE
voyoucratie,vwajukRasi
voyouterie,vwajut°Ri
voyoutisme,vwajutizm
vrai-faux,vREfo
vraquier,vRakje
vrillement,vRij°m@
vriller,vRije
vulcanisation,vylkanizasj§
vulcanologue,vylkanolOg
vulgate,vylgat
vulnéraire,vylneRER
vulnérant,vylneR@
vulpin,vylp5
vélique,velik
vélo-cross,velokROs
vélocipédique,velosipedik
vélodrome,velodRom
vénerie,vEn°Ri
vénusté,venyste
vérace,veRas
vériste,veRist
vésanie,vezani
vétilleux,vetij2
vétiver,vetive
vétyver,vetivER
vêlage,vElaZ
vêture,vEtyR
wagon-lits,vag§li
walkyrie,valkiRi
wassingue,was5g
water-closet,watERklozEt
wattman,watman
western-spaghetti,wEstERnspageti
westphalien,vEstpalj5
whipcord,wipkORd
wigwam,wigwam
wilhelmien,vilElmj5
willaya,wilEja
wisigothique,vizigotik
wurtembergeois,vuRtEmbERZwa
xiphidion,gzifidj§
xénophilie,gzenofili
yachtwoman,jOtwuman
yali,jali
yoghourt,joguRt
you-you,juju
youyou,juju
ypérite,ipeRit
yé-yé,jeje
zain,z5
zanimaux,zanimo
zemstvo,zemstvo
zigzagant,zigzag@
zingage,z5gaZ
zinzolin,z5zol5
zonal,zonal
zorille,zoRij
zoroastrien,zoRoastRij5
zurichois,zyRikwa
zygoma,zigoma
zzzz,z
zébrer,zebRe
zébrure,zebRyR
zélateur,zelat9R
zénana,zenana
zézayer,zezeje
à cropetons,akROp°t§
à giorno,adZjORno
à glagla,aglagla
à la daumont,aladom§
à lurelure,alyR°lyR
à-coup,aku
à-côté,akote
à-dieu-vat,adj2va
à-peu-près,ap2pRE
à-pic,apik
à-plat,apla
à-propos,apRopo
à-valoir,avalwaR
âcrement,akR°m@
ânier,anje
ânonnement,anOn°m@
çruti,sRyti
ès,Es
ève,Ev
ébahissement,ebais°m@
ébarbage,ebaRbaZ
ébarber,ebaRbe
ébaubi,ebobi
ébauché,eboSe
ébonite,ebonit
ébouillanté,ebuj@te
ébouriffer,ebuRife
ébouser,ebuze
ébouzer,ebuze
ébranchement,ebR@S°m@
ébrancher,ebR@Se
ébranché,ebR@Se
ébrouement,ebRum@
ébrécher,ebReSe
ébréchure,ebReSyR
ébénisterie,ebenist°Ri
écailleur,ekaj9R
écailleux,ekaj2
écaillure,ekajyR
écale,ekal
écaler,ekale
écarquillement,ekaRkij°m@
écarquiller,ekaRkije
échancrer,eS@kRe
échancrure,eS@kRyR
échanson,eS@s§
écharner,eSaRne
échauder,eSode
échauguette,eSogEt
écheveler,eS°v°le
échevellement,eS°vEl°m@
échotier,ekotje
échouement,eSum@
éclaboussant,eklabus@
éclatage,eklataZ
éclusier,eklyzje
écoinçon,ekw5s§
éconocroques,ekOnOkROk
économisme,ekonomizm
écorcé,ekORse
écorner,ekORne
écornifler,ekORnifle
écosser,ekose
écourté,ekuRte
écrabouillement,ekRabuj°m@
écrasage,ekRazaZ
écrase-merde,ekRazmERd
écrasure,ekRazyR
écrevisse,ekR°vis
écrivailler,ekRivaje
écrouelles,ekRuEl
écrêter,ekREte
écubier,ekybje
écuellée,ek8Ele
éculer,ekyle
écumeux,ekym2
édilitaire,edilitER
éducable,edykabl
éduen,edy5
égailler,egeje
égalitarisme,egalitaRizm
égipan,eZip@
églantier,egl@tje
églogue,eglOg
égorgeoir,egORZwaR
égouttement,egut°m@
égouttis,eguti
égoïne,egoin
égrainer,egREne
égrillard,egRijaR
égrotant,egRot@
électivement,elEktiv°m@
électoralement,elEktoRal°m@
électrisation,elEktRizasj§
électro-acoustique,elEktRoakustik
électroacoustique,elEktRoakustik
électrodynamique,elEktRodinamik
élucubration,elykybRasj§
élyséen,elize5
élémentarité,elem@taRite
émaillé,emaje
émarger,emaRZe
émergeant,emERZ@
émergé,emERZe
émerillon,Em°Rij§
émerillonné,Em°Rijone
émersion,emERsj§
émiettement,emjEt°m@
émilien,emilj5
émirat,emiRa
émollient,emolj@
émondeur,em§d9R
émoussement,emus°m@
énigmatiquement,enigmatik°m@
éolien,eolj5
éonisme,eonizm
épaissement,epEs°m@
épaississement,epesis°m@
épandre,ep@dR
épastrouillant,epastRuj@
épatamment,epatam@
épatement,epat°m@
épateur,epat9R
épaulement,epol°m@
épaulière,epoljER
épaulé,epole
épeautre,epotR
épectase,epEktaz
épeichette,epESEt
épeire,epER
épervière,epERvjER
épeurer,ep9Re
éphébie,efebi
éphémèrement,efemER°m@
épicemard,epis°maR
épicurisme,epikyRizm
épierrer,epjeRe
épigastre,epigastR
épigraphie,epigRafi
épine-vinette,epinvinEt
épiphane,epifan
épiphylle,epifil
épiphénomène,epifenomEn
épiploon,epiplun
épiscopat,episkopa
épistolaire,epistolER
épistémologique,epistemoloZik
épithalame,epitalam
épithète,epitEt
épitoge,epitOZ
épitomé,epitome
éployer,eplwaje
épongeage,ep§ZaZ
éponyme,eponim
épousable,epuzabl
époussetage,epustaZ
épouvantement,epuv@t°m@
épulie,epyli
équanimité,ekwanimite
équarisseur,ekaRis9R
équarrisseur,ekaRis9R
équerrage,ekERaZ
équilibrisme,ekilibRizm
équin,ekin
équivaloir,ekivalwaR
éraillé,eRaje
éreintement,eR5t°m@
éroder,eRode
érotomane,eRotoman
étagé,etaZe
étalagiste,etalaZist
étamé,etame
étançon,et@s§
éteule,et9l
étiage,etjaZ
étier,etje
étiolement,etjOl°m@
étisie,etizi
étouffoir,etufwaR
étrangéité,etR@Zeite
étrenne,etREn
étrillage,etRijaZ
étrivière,etRivjER
étrécir,etResiR
étrécissement,etResis°m@
étrésillon,etRezij§
étuver,etyve
étymologique,etimoloZik
étymologiste,etimoloZist
évaluateur,eval8at9R
évanescence,evanes@s
évangéliaire,ev@ZeljER
évasement,evaz°m@
évaser,evaze
évasé,evaze
éveillant,evEj@
éveilleur,evEj9R
éventrement,ev@tR°m@
évergète,evERZEt
éversé,evERse
éwé,eve
îlette,ilEt
