7,message,5,mesaZ
8,meilleur,5,mEj9R
3,mer,3,mER
4,rêve,3,REv
5,effet,3,efE
3,vie,2,vi
5,froid,4,fRwa
5,sorte,4,sORt
6,cadeau,4,kado
6,bordel,6,bORdEl
5,doute,3,dut
7,occuper,5,okype
4,oeil,2,9j
8,vraiment,5,vREm@
5,scène,3,sEn
5,finir,5,finiR
5,carte,4,kaRt
8,pourtant,5,puRt@
6,pareil,5,paREj
4,joli,4,Zoli
6,soirée,5,swaRe
5,armée,4,aRme
6,chacun,4,Sak1
4,coin,3,kw5
6,triste,5,tRist
7,comment,4,kom@
6,gagner,4,gaNe
9,commencer,6,kom@se
5,agent,3,aZ@
11,rendez-vous,6,R@devu
7,exemple,6,Egz@pl
6,debout,4,d°bu
9,peut-être,6,p2tEtR
4,faux,2,fo
6,normal,6,nORmal
5,aimer,3,eme
6,groupe,4,gRup
10,professeur,8,pRofEs9R
9,carrément,6,kaRem@
8,cheminée,6,S°mine
7,briquet,5,bRikE
5,quête,3,kEt
8,allonger,5,al§Ze
9,eux-mêmes,4,2mEm
6,pressé,5,pRese
7,caporal,7,kapoRal
6,morgue,4,mORg
4,soie,3,swa
9,augmenter,6,ogm@te
8,chantier,5,S@tje
1,k,2,ka
6,parier,5,paRje
8,syndicat,6,s5dika
8,trottoir,7,tRotwaR
6,réagir,6,ReaZiR
8,académie,7,akademi
6,balcon,5,balk§
4,lire,3,liR
5,allée,3,ale
6,aspect,4,aspE
10,séparation,9,sepaRasj§
7,panneau,4,pano
8,attacher,5,ataSe
4,gant,2,g@
8,échanger,5,eS@Ze
7,draguer,5,dRage
8,mouchoir,6,muSwaR
8,dénoncer,6,den§se
4,fixe,4,fiks
4,vase,3,vaz
7,complot,5,k§plo
10,intervenir,9,5tERv°niR
11,philosophie,8,filozofi
8,bracelet,7,bRas°lE
8,chanteur,5,S@t9R
5,légal,5,legal
10,quelconque,6,kElk§k
7,appuyer,6,ap8ije
7,coincer,5,kw5se
7,attrape,5,atRap
7,soudain,4,sud5
7,parrain,4,paR5
9,ressentir,7,R°s@tiR
8,toilette,6,twalEt
11,funérailles,7,fyneRaj
4,mars,4,maRs
5,señor,5,seNOR
8,création,7,kReasj§
5,final,5,final
4,hall,2,ol
8,troupeau,5,tRupo
5,éclat,4,ekla
12,exceptionnel,11,EksEpsjonEl
3,dit,2,di
6,bétail,5,betaj
9,commettre,6,komEtR
7,positif,7,pozitif
8,espagnol,7,EspaNOl
5,sucer,4,syse
7,facteur,6,fakt9R
10,déposition,9,depozisj§
6,humble,3,1bl
9,industrie,7,5dystRi
8,terrasse,5,tERas
7,évacuer,6,evak8e
8,afin que,4,af5k
8,candidat,6,k@dida
7,conflit,5,k§fli
7,rencard,5,R@kaR
7,plainte,4,pl5t
7,barrage,5,baRaZ
7,crapaud,5,kRapo
7,délicat,6,delika
8,messager,6,mesaZe
10,satisfaire,8,satisfER
12,spécialement,10,spesjal°m@
14,interrogatoire,11,5tERogatwaR
7,mélange,5,mel@Z
7,recette,5,R°sEt
9,infection,7,5fEksj§
11,désagréable,10,dezagReabl
8,officiel,7,ofisjEl
4,paye,3,pEj
12,épouvantable,9,epuv@tabl
6,barque,4,baRk
7,discret,6,diskRE
4,laid,2,lE
8,signaler,6,siNale
7,sublime,6,syblim
7,tombeau,4,t§bo
11,opportunité,10,opORtynite
7,évasion,6,evazj§
6,absent,4,aps@
10,engagement,7,@gaZ°m@
10,profession,8,pRofEsj§
10,soi-disant,7,swadiz@
7,plafond,5,plaf§
8,effrayer,6,efREje
8,capacité,8,kapasite
6,argent,4,aRZ@
5,engin,3,@Z5
5,futur,5,fytyR
6,saisir,5,seziR
8,déconner,6,dekone
7,chiffre,4,SifR
8,poignard,6,pwaNaR
7,horloge,5,ORlOZ
5,album,5,albOm
7,loyauté,7,lwajote
7,plonger,5,pl§Ze
5,resto,5,REsto
8,document,6,dokym@
14,définitivement,12,definitiv°m@
4,armé,4,aRme
8,audition,6,odisj§
9,accomplir,7,ak§pliR
9,honorable,7,onoRabl
4,ouah,2,wa
9,provoquer,7,pRovoke
8,racheter,6,RaS°te
6,scotch,5,skOtS
9,beau-père,5,bopER
10,judiciaire,8,ZydisjER
4,slip,4,slip
5,total,5,total
5,nièce,4,njEs
10,conviction,8,k§viksj§
3,vif,3,vif
9,cinquante,5,s5k@t
10,découverte,8,dekuvERt
7,colonne,5,kolOn
5,culot,4,kylo
4,gage,3,gaZ
6,pourri,4,puRi
5,ruine,4,R8in
6,sieste,5,sjEst
5,valet,4,valE
7,serveur,6,sERv9R
4,boxe,4,bOks
6,moitié,6,mwatje
8,économie,7,ekonomi
5,proie,4,pRwa
11,respiration,10,REspiRasj§
3,gym,3,Zim
6,social,6,sosjal
4,lent,2,l@
3,ail,2,aj
10,beau-frère,6,bofRER
5,cuire,4,k8iR
4,soda,4,soda
5,flûte,4,flyt
3,lis,3,lis
6,réunir,6,ReyniR
8,dessiner,6,desine
8,démarrer,6,demaRe
2,us,2,ys
6,grille,4,gRij
6,intime,4,5tim
5,bingo,4,biGo
10,renseigner,6,R@seNe
7,extrême,7,EkstREm
8,chauffer,4,Sofe
7,modeste,6,modEst
7,armoire,6,aRmwaR
9,consulter,7,k§sylte
10,expédition,10,Ekspedisj§
7,grenier,6,gR°nje
9,sacrifier,8,sakRifje
5,brute,4,bRyt
8,individu,7,5dividy
4,mont,2,m§
6,rabbin,4,Rab5
3,bac,3,bak
7,glisser,5,glise
5,refus,4,R°fy
4,soit,3,swa
8,comparer,6,k§paRe
6,plante,4,pl@t
4,fois,3,fwa
10,absolument,8,apsolym@
8,habitude,6,abityd
7,pouvoir,6,puvwaR
6,avocat,5,avoka
9,expliquer,8,Eksplike
7,quelque,4,kElk
9,connaître,6,konEtR
5,santé,4,s@te
5,clair,4,klER
10,impression,7,5pResj§
7,quitter,4,kite
4,père,3,pER
3,les,2,le
4,pute,3,pyt
6,bouche,3,buS
7,village,5,vilaZ
3,loi,3,lwa
6,autour,4,otuR
2,s',1,s
4,dame,3,dam
6,visite,5,vizit
5,enfer,4,@fER
4,trop,3,tRo
4,dieu,3,dj2
7,oublier,6,ublije
6,monter,4,m§te
6,cheval,5,S°val
7,marcher,5,maRSe
7,cuisine,6,k8izin
4,chez,2,Se
10,simplement,7,s5pl°m@
3,vue,2,vy
6,écrire,5,ekRiR
3,bon,2,b§
3,aux,1,o
4,peau,2,po
9,dangereux,6,d@Z°R2
8,moi-même,6,mwamEm
4,pire,3,piR
5,monde,3,m§d
5,tenir,5,t°niR
10,rencontrer,7,R@k§tRe
5,forme,4,fORm
9,continuer,7,k§tin8e
7,compris,5,k§pRi
2,l',1,l
7,meurtre,5,m9RtR
5,crime,4,kRim
5,selon,4,s°l§
1,a,1,a
5,femme,3,fam
3,sûr,3,syR
7,sérieux,5,seRj2
3,vin,2,v5
5,appel,4,apEl
10,lieutenant,7,lj2t°n@
7,mission,5,misj§
7,matelas,6,mat°la
8,mallette,5,malEt
2,mi,2,mi
4,banc,2,b@
6,grotte,4,gROt
9,stratégie,8,stRateZi
8,habituer,6,abit8e
9,certitude,8,sERtityd
5,délai,4,delE
6,jambon,4,Z@b§
5,météo,5,meteo
5,selle,3,sEl
6,gênant,4,ZEn@
10,soviétique,8,sovjetik
9,souhaiter,5,swete
8,vocation,7,vokasj§
7,interne,5,5tERn
9,ambassade,6,@basad
7,réduire,6,Red8iR
12,atterrissage,8,ateRisaZ
5,conte,3,k§t
8,priorité,9,pRijoRite
10,profondeur,8,pRof§d9R
10,historique,7,istoRik
6,mordre,5,mORdR
8,triomphe,6,tRij§f
5,ouest,4,wEst
6,remise,5,R°miz
8,réussite,6,Reysit
8,cheville,5,S°vij
13,contrairement,9,k§tRER°m@
5,dinde,3,d5d
8,novembre,6,nov@bR
3,van,3,van
8,dépenser,6,dep@se
11,miséricorde,10,mizeRikORd
7,bouquet,4,bukE
5,pelle,3,pEl
10,disponible,9,disponibl
9,supérieur,8,sypeRj9R
5,blond,3,bl§
5,hache,2,aS
6,tester,5,tEste
12,physiquement,8,fizik°m@
7,fatigue,5,fatig
10,spécialité,10,spesjalite
4,muet,3,m8E
13,avertissement,10,avERtis°m@
6,cortex,7,kORtEks
8,quantité,6,k@tite
6,stable,5,stabl
8,bavarder,7,bavaRde
3,hou,1,u
9,quatrième,8,katRijEm
9,casquette,6,kaskEt
8,destinée,7,destine
9,intuition,7,5t8isj§
10,artillerie,8,aRtij°Ri
9,lancement,6,l@s°m@
11,arrangement,7,aR@Z°m@
6,boucle,4,bukl
7,exister,7,Egziste
5,motel,5,motEl
9,phénomène,7,fenomEn
7,typique,5,tipik
4,char,3,SaR
5,géant,3,Ze@
4,neuf,3,n9f
6,orbite,5,ORbit
7,verdict,7,vERdikt
6,pigeon,4,piZ§
6,absolu,6,apsoly
8,aspirine,7,aspiRin
8,décembre,6,des@bR
5,saint,2,s5
7,craquer,5,kRake
13,indispensable,10,5disp@sabl
9,conscient,5,k§sj@
9,religieux,7,R°liZj2
8,chantage,5,S@taZ
3,gus,3,gys
4,coke,3,kok
8,comptoir,6,k§twaR
4,lard,3,laR
8,prophète,6,pRofEt
8,détresse,6,detREs
11,littérature,9,liteRatyR
8,vulgaire,6,vylgER
10,commercial,9,komERsjal
8,sonnette,5,sonEt
6,chiant,3,Sj@
13,concentration,10,k§s@tRasj§
12,différemment,8,difeRam@
7,maillot,4,majo
7,navette,5,navEt
8,richesse,5,RiSEs
7,suspect,5,syspE
5,vaste,4,vast
11,compétition,9,k§petisj§
6,dealer,5,dil9R
7,fournir,6,fuRniR
9,mannequin,6,man°k5
8,original,8,oRiZinal
6,atroce,5,atROs
9,compagnon,6,k§paN§
10,architecte,8,aRSitEkt
7,charbon,5,SaRb§
8,criminel,8,kRiminEl
10,hémorragie,7,emoRaZi
6,amende,4,am@d
13,attentivement,9,at@tiv°m@
7,graisse,4,gREs
5,bijou,4,biZu
8,logement,6,lOZ°m@
7,taureau,4,toRo
3,boy,3,bOj
6,impact,5,5pakt
8,longueur,5,l§g9R
6,violer,5,vjole
3,col,3,kOl
9,fusillade,7,fyzijad
5,minus,5,minys
8,emmerder,6,@mERde
5,habit,3,abi
7,janvier,5,Z@vje
4,plat,3,pla
5,venue,4,v°ny
6,berger,5,bERZe
7,négatif,7,negatif
12,quelques-uns,7,kElk°z1
10,libération,9,libeRasj§
6,sperme,5,spERm
5,vider,4,vide
3,fée,2,fe
10,silencieux,7,sil@sj2
10,compliment,7,k§plim@
7,galaxie,7,galaksi
5,connu,4,kony
6,sévère,5,sevER
8,tatouage,6,tatwaZ
8,torturer,7,tORtyRe
6,bandit,4,b@di
6,chèvre,4,SEvR
7,tronche,4,tR§S
8,addition,6,adisj§
5,balai,4,balE
6,humide,4,ymid
4,sauf,3,sof
7,prévoir,7,pRevwaR
7,dégager,6,degaZe
5,bravo,5,bRavo
1,c,1,s
11,commentaire,7,kom@tER
7,crochet,5,kRoSE
6,flèche,4,flES
5,moine,4,mwan
5,mèche,3,mES
7,planque,4,pl@k
6,souris,4,suRi
10,inquiétude,7,5kjetyd
9,sauvetage,7,sov°taZ
10,conclusion,8,k§klyzj§
5,jésus,4,Zezy
5,bazar,5,bazaR
11,constamment,7,k§stam@
8,douzaine,5,duzEn
6,former,5,fORme
8,quarante,5,kaR@t
5,relax,6,R°laks
4,mémé,4,meme
6,requin,4,R°k5
5,steak,4,stEk
9,confusion,7,k§fyzj§
8,dynamite,7,dinamit
8,papillon,6,papij§
8,décoller,6,dekole
5,pénis,5,penis
9,confesser,6,k§fese
3,las,2,la
7,lessive,5,lesiv
4,nerf,3,nER
4,paie,2,pE
4,pois,3,pwa
4,ruse,3,Ryz
10,artistique,8,aRtistik
6,crayon,5,kREj§
10,entretenir,9,@tR°t°niR
6,sirène,5,siREn
6,alerte,5,alERt
4,deal,3,dil
6,fondre,4,f§dR
5,radar,5,RadaR
13,international,12,5tERnasjonal
3,out,3,awt
7,février,7,fevRije
8,perruque,5,pERyk
6,adulte,5,adylt
7,bouquin,4,buk5
7,démolir,7,demoliR
7,gardien,6,gaRdj5
6,grippe,4,gRip
6,refuge,5,R°fyZ
11,psychopathe,8,psikopat
6,ultime,5,yltim
13,éternellement,10,etERnEl°m@
10,surprendre,8,syRpR@dR
4,tout,2,tu
5,rouge,3,RuZ
6,ouvrir,5,uvRiR
4,près,3,pRE
7,réponse,5,Rep§s
4,long,2,l§
6,porter,5,poRte
5,homme,2,Om
5,bruit,4,bR8i
10,magnifique,7,maNifik
7,bonheur,5,bon9R
8,celui-là,7,s°l8ila
3,que,2,k°
5,sympa,4,s5pa
5,balle,3,bal
4,bord,3,bOR
6,accord,4,akOR
9,retourner,7,R°tuRne
5,garde,4,gaRd
6,danger,4,d@Ze
5,exact,6,Egzakt
8,terrible,6,tERibl
6,dedans,4,d°d@
5,pitié,5,pitje
6,vivant,4,viv@
7,liberté,7,libERte
6,besoin,5,b°zw5
3,ses,2,se
6,battre,4,batR
8,surprise,7,syRpRiz
4,trou,3,tRu
10,grand-père,6,gR@pER
3,nez,2,ne
5,boîte,4,bwat
3,vol,3,vOl
9,là-dedans,6,lad°d@
12,mademoiselle,10,mad°mwazEl
6,suivre,5,s8ivR
3,bas,2,ba
3,but,3,byt
5,poser,4,poze
6,vendre,4,v@dR
6,servir,6,sERviR
8,derrière,6,dERjER
7,écouter,5,ekute
5,voilà,5,vwala
4,être,3,EtR
2,d',1,d
6,marché,5,maRSe
4,robe,3,ROb
5,poste,4,pOst
7,journal,6,ZuRnal
6,avenir,6,av°niR
10,grand-mère,6,gR@mER
7,seconde,5,s°g§d
4,noir,4,nwaR
4,hors,2,OR
4,cour,3,kuR
4,vent,2,v@
5,radio,5,Radjo
4,joie,3,Zwa
6,parole,5,paROl
7,étrange,5,etR@Z
6,banque,3,b@k
7,courage,5,kuRaZ
5,tante,3,t@t
6,classe,4,klas
7,secours,5,s°kuR
7,emmener,5,@m°ne
7,fenêtre,6,f°nEtR
6,danser,4,d@se
8,ambition,6,@bisj§
8,pleuvoir,7,pl2vwaR
7,caserne,6,kazERn
7,diamant,5,djam@
7,portail,6,pORtaj
6,boulot,4,bulo
3,jet,4,dZEt
5,tribu,5,tRiby
5,voter,4,vote
8,adresser,6,adRese
5,colle,3,kOl
10,ordonnance,7,ORdon@s
5,quant,2,k@
5,degré,5,d°gRe
6,farine,5,faRin
8,oreiller,5,oReje
5,ronde,3,R§d
7,récolte,6,RekOlt
4,bouc,3,buk
8,célébrer,7,selebRe
5,fouet,3,fwE
10,pathétique,7,patetik
6,promis,5,pRomi
7,repérer,6,R°peRe
14,vice-président,10,vispRezid@
8,épidémie,7,epidemi
8,franchir,6,fR@SiR
9,invention,6,5v@sj§
6,tomate,5,tomat
5,clope,4,klOp
10,entraîneur,7,@tREn9R
7,fourgon,5,fuRg§
7,rupture,6,RyptyR
9,évolution,8,evolysj§
6,convoi,5,k§vwa
3,min,3,min
10,développer,8,dev°lope
8,inscrire,6,5skRiR
5,appui,4,ap8i
8,carnaval,8,kaRnaval
8,critique,6,kRitik
9,injection,7,5ZEksj§
7,édition,6,edisj§
5,blues,4,bluz
9,jusque-là,7,Zysk°la
5,saoul,2,su
9,structure,8,stRyktyR
6,ballet,4,balE
10,enlèvement,7,@lEv°m@
7,horizon,5,oRiz§
7,tambour,5,t@buR
4,clou,3,klu
12,généralement,10,ZeneRal°m@
5,revue,4,R°vy
11,transmettre,8,tR@smEtR
5,bidon,4,bid§
5,canon,4,kan§
9,fascinant,6,fasin@
5,flash,4,flaS
4,vice,3,vis
2,çà,2,sa
5,débat,4,deba
8,familier,7,familje
10,allergique,7,alERZik
8,héritier,6,eRitje
7,massage,5,masaZ
4,nier,3,nje
9,obsession,7,Opsesj§
7,requête,5,R°kEt
7,anonyme,6,anonim
7,balance,5,bal@s
8,gonzesse,5,g§zEs
6,cogner,4,koNe
5,media,5,medja
5,rhume,3,Rym
7,dépêche,5,depES
8,grandeur,6,gR@d9R
8,japonais,6,ZaponE
5,seize,3,sEz
7,marquer,5,maRke
4,veau,2,vo
7,embêter,5,@bete
13,psychiatrique,10,psikjatRik
5,excès,4,EksE
3,âgé,3,aZe
3,duc,3,dyk
10,perfection,9,pERfEksj§
9,quasiment,6,kazim@
5,sieur,4,sj9R
8,décevoir,8,dEs°vwaR
8,remarque,6,R°maRk
7,défaite,5,defEt
5,noeud,2,n2
10,réchauffer,6,ReSofe
7,séduire,6,sed8iR
6,botter,4,bote
7,concept,6,k§sEpt
7,saigner,4,seNe
12,transmission,9,tR@smisj§
5,autel,4,otEl
8,décharge,6,deSaRZ
9,vieillard,6,vjEjaR
10,adversaire,8,advERsER
4,clan,3,kl@
5,fermé,5,fERme
9,fréquence,6,fRek@s
9,gratitude,8,gRatityd
14,représentation,12,R°pRez@tasj§
6,risqué,5,Riske
7,hold-up,5,Old9p
10,impatience,7,5pasj@s
6,piqûre,5,pikyR
7,t-shirt,6,tiS9Rt
9,cicatrice,8,sikatRis
11,enregistrer,9,@R°ZistRe
7,gravité,7,gRavite
5,jurer,4,ZyRe
5,nuque,3,nyk
8,conclure,6,k§klyR
7,billard,5,bijaR
9,distraire,7,distRER
9,prononcer,7,pRon§se
11,quarantaine,7,kaR@tEn
7,revoilà,7,R°vwala
9,résidence,7,Rezid@s
7,haleine,4,alEn
7,manager,8,manadZ9R
6,barman,6,baRman
8,exécuter,8,Egzekyte
9,reprocher,7,R°pRoSe
4,dodo,4,dodo
8,dépêcher,6,depeSe
6,basque,4,bask
8,festival,8,fEstival
7,féminin,6,femin5
7,insensé,5,5s@se
8,migraine,6,migREn
5,colis,4,koli
4,cote,3,kOt
7,renfort,5,R@fOR
10,effraction,8,efRaksj§
6,confus,4,k§fy
7,liquide,5,likid
9,nettoyage,8,netwajaZ
1,x,3,iks
4,dope,3,dOp
8,entrepôt,6,@tR°po
9,hypothèse,6,ipotEz
7,missile,5,misil
9,répugnant,6,RepyN@
7,valable,6,valabl
6,défilé,6,defile
5,farce,4,faRs
5,fiche,3,fiS
8,étouffer,5,etufe
10,contrôleur,8,k§tRol9R
8,parcours,6,paRkuR
12,photographie,9,fotogRafi
6,préfet,5,pRefE
5,voire,4,vwaR
5,group,4,gRup
9,localiser,8,lokalize
6,nommer,4,nome
7,toucher,4,tuSe
7,visible,6,vizibl
6,bougie,4,buZi
8,disposer,7,dispoze
6,député,6,depyte
9,impatient,6,5pasj@
7,serrure,5,seRyR
6,mépris,5,mepRi
8,sinistre,7,sinistR
10,forteresse,8,fORt°REs
4,jazz,4,dZaz
5,boudu,4,budy
8,chapelle,5,SapEl
9,justifier,8,Zystifje
7,licence,5,lis@s
8,morphine,6,mORfin
6,option,5,Opsj§
8,saucisse,5,sosis
14,mesdemoiselles,10,mEd°mwazEl
10,bicyclette,8,bisiklEt
8,centrale,6,s@tRal
9,démission,7,demisj§
8,barrière,6,baRjER
5,coach,4,kotS
11,transporter,9,tR@spORte
5,serré,4,sERe
5,crack,4,kRak
13,démonstration,11,dem§stRasj§
6,pousse,3,pus
5,règne,3,REN
6,brosse,4,bROs
10,dramatique,8,dRamatik
8,enquêter,5,@kete
7,frangin,5,fR@Z5
6,guider,4,gide
11,instituteur,9,5stityt9R
4,mule,3,myl
5,pacte,4,pakt
8,procurer,7,pRokyRe
11,authentique,6,ot@tik
8,bourreau,4,buRo
7,légiste,6,leZist
7,coutume,5,kutym
8,repasser,6,R°pase
7,égoïste,6,egoist
10,assassinat,7,asasina
9,confirmer,7,k§fiRme
9,préserver,8,pRezERve
7,adopter,6,adOpte
4,cash,3,kaS
6,harper,4,aRpe
6,regret,5,R°gRE
5,élite,4,elit
6,trajet,5,tRaZE
7,chameau,4,Samo
6,ruiner,5,R8ine
10,dorénavant,8,doRenav@
9,honnêteté,6,onEtte
7,intense,4,5t@s
7,imposer,5,5poze
4,homo,3,omo
6,méfier,5,mefje
5,céder,4,sede
7,honteux,3,§t2
2,if,2,if
5,phare,3,faR
13,pressentiment,9,pRes@tim@
8,sentence,5,s@t@s
9,embarquer,6,@baRke
7,loterie,6,lOt°Ri
7,boucher,4,buSe
9,décollage,7,dekolaZ
9,esclavage,8,EsklavaZ
10,infirmerie,8,5fiRm°Ri
11,bizarrement,8,bizaR°m@
10,crépuscule,9,kRepyskyl
10,là-dessous,6,lad°su
5,récit,4,Resi
9,conquérir,7,k§keRiR
5,pacha,4,paSa
5,fâché,4,faSe
9,féliciter,8,felisite
6,pyjama,6,piZama
6,relais,4,R°lE
11,description,10,deskRipsj§
10,initiative,9,inisjativ
5,baise,3,bEz
7,coucher,4,kuSe
9,privilège,8,pRivilEZ
7,vaurien,5,voRj5
12,enthousiasme,8,@tuzjasm
4,papi,4,papi
5,fixer,5,fikse
10,inhabituel,9,inabit8El
11,inspiration,9,5spiRasj§
8,pauvreté,7,povR°te
4,pâte,3,pat
7,solaire,5,solER
9,assemblée,6,as@ble
6,fureur,5,fyR9R
12,satisfaction,11,satisfaksj§
6,brebis,5,bR°bi
4,seau,2,so
6,sûreté,6,syR°te
11,baby-sitter,9,babisit9R
7,circuit,6,siRk8i
7,ennuyer,6,@n8ije
7,fardeau,5,faRdo
9,renverser,7,R@vERse
8,tailleur,5,taj9R
6,treize,4,tREz
3,tes,2,te
6,laisse,3,lEs
11,appartement,8,apaRt°m@
7,envoyer,6,@vwaje
5,ligne,3,liN
12,probablement,10,pRobabl°m@
7,société,7,sosjete
10,incroyable,9,5kRwajabl
5,parmi,5,paRmi
5,bande,3,b@d
5,liste,4,list
4,déjà,4,deZa
9,compagnie,6,k§paNi
7,conseil,5,k§sEj
3,clé,3,kle
6,beauté,4,bote
5,bière,4,bjER
4,vrai,3,vRE
5,avoir,5,avwaR
4,mère,3,mER
6,colère,5,kolER
5,voler,4,vole
3,thé,2,te
7,là-haut,3,lao
5,signe,3,siN
4,flic,4,flik
6,départ,5,depaR
7,adresse,5,adREs
6,époque,4,epOk
8,vaisseau,4,vEso
5,autre,3,otR
9,plusieurs,7,plyzj9R
3,tel,3,tEl
7,victime,6,viktim
5,héros,3,eRo
7,système,6,sistEm
4,sept,3,sEt
4,quel,3,kEl
5,juste,4,Zyst
5,mieux,3,mj2
3,art,2,aR
7,douleur,5,dul9R
6,avance,4,av@s
7,travers,6,tRavER
9,différent,6,difeR@
9,descendre,6,des@dR
3,tas,2,ta
7,certain,5,sERt5
7,capable,6,kapabl
7,asseoir,5,aswaR
4,pote,3,pOt
3,vos,2,vo
4,tort,3,tOR
7,chanson,4,S@s§
1,j,1,Z
10,inspecteur,8,5spEkt9R
7,inutile,6,inytil
4,jour,3,ZuR
2,où,1,u
6,marier,5,maRje
4,cool,3,kul
7,intérêt,5,5teRE
8,contrôle,6,k§tRol
8,amoureux,5,amuR2
9,quelqu'un,5,kElk1
5,fille,3,fij
8,beaucoup,4,boku
5,gosse,3,gOs
4,pain,2,p5
6,salope,5,salOp
8,protéger,7,pRoteZe
6,cinéma,6,sinema
9,justement,7,Zyst°m@
4,donc,3,d§k
4,club,4,kl9b
8,utiliser,7,ytilize
3,été,3,ete
7,pleurer,5,pl2Re
4,rôle,3,Rol
6,copain,4,kop5
6,cacher,4,kaSe
3,des,2,de
1,e,1,2
6,preuve,4,pR9v
8,conduire,6,k§d8iR
6,blague,4,blag
6,église,5,egliz
3,bar,3,baR
7,stupide,6,stypid
7,indigne,4,5diN
3,kit,3,kit
12,soudainement,8,sudEn°m@
6,cachet,4,kaSE
9,fabriquer,7,fabRike
10,inspection,8,5spEksj§
8,banlieue,5,b@lj2
11,gentillesse,7,Z@tijEs
8,invasion,6,5vazj§
10,inévitable,9,inevitabl
7,égalité,7,egalite
8,baseball,6,bezbol
6,grange,4,gR@Z
7,ignoble,5,iNObl
5,ranch,4,R@nS
3,bip,3,bip
7,fédéral,7,fedeRal
8,pénétrer,7,penetRe
11,visiblement,9,vizibl°m@
10,apparition,8,apaRisj§
10,formulaire,8,fORmylER
7,arbitre,6,aRbitR
5,oubli,4,ubli
9,poursuite,7,puRs8it
7,boucler,5,bukle
5,break,4,bREk
11,instruction,9,5stRyksj§
6,marais,4,maRE
11,observation,10,opsERvasj§
7,pétasse,5,petas
8,analyser,7,analize
9,jardinier,8,ZaRdinje
7,scanner,6,skanER
8,épargner,6,epaRNe
6,bonbon,4,b§b§
10,diabolique,8,djabolik
10,rassembler,7,Ras@ble
12,thanksgiving,9,t@ksgiviG
3,vis,3,vis
8,enfoncer,5,@f§se
14,identification,12,id@tifikasj§
11,championnat,7,S@pjona
9,sympathie,6,s5pati
9,étrangler,7,etR@gle
7,cracher,5,kRaSe
10,difficulté,9,difikylte
5,ducon,4,dyk§
8,soi-même,6,swamEm
8,déclarer,7,deklaRe
9,détention,7,det@sj§
6,mérite,5,meRit
7,publier,7,pyblije
9,bataillon,6,bataj§
5,durée,4,dyRe
8,garantie,6,gaR@ti
7,éditeur,6,edit9R
7,peloton,6,p°lot§
7,reculer,6,R°kyle
9,réservoir,9,RezERvwaR
9,spirituel,9,spiRit8El
9,cargaison,7,kaRgEz§
7,courant,4,kuR@
4,doué,3,dwe
3,mac,3,mak
7,moyenne,6,mwajEn
5,navré,5,navRe
4,rond,2,R§
5,salir,5,saliR
4,boum,3,bum
9,librement,7,libR°m@
6,moulin,4,mul5
8,mâchoire,6,maSwaR
9,cuisinier,8,k8izinje
7,hôtesse,4,otEs
13,psychologique,10,psikoloZik
12,sur-le-champ,7,syRl°S@
5,extra,6,EkstRa
6,escroc,5,EskRo
8,grossier,6,gRosje
6,pureté,6,pyR°te
7,vermine,6,vERmin
5,égard,4,egaR
8,insulter,6,5sylte
4,papy,4,papi
7,rancune,5,R@kyn
8,gangster,7,g@gstER
4,loto,4,loto
8,procéder,7,pRosede
3,bec,3,bEk
9,calmement,7,kalm°m@
4,coco,4,koko
8,faillite,5,fajit
7,mériter,6,meRite
7,berceau,5,bERso
5,chips,4,Sips
12,constitution,10,k§stitysj§
11,hospitalité,10,Ospitalite
11,humiliation,9,ymiljasj§
12,prostitution,11,pROstitysj§
9,confiture,7,k§fityR
4,info,3,5fo
9,manoeuvre,6,man9vR
9,périmètre,8,peRimEtR
6,torche,4,tORS
8,complexe,7,k§plEks
5,garer,4,gaRe
8,quatorze,6,katORz
6,tumeur,5,tym9R
10,avant-hier,7,av@tjER
7,escorte,6,EskORt
5,crash,4,kRaS
5,trêve,4,tREv
8,immobile,6,imobil
8,plancher,5,pl@Se
6,claire,4,klER
5,hyper,4,ipER
10,obligation,9,obligasj§
4,rien,3,Rj5
9,celles-ci,5,sElsi
6,climat,5,klima
5,fosse,3,fOs
6,buffet,4,byfE
7,calibre,6,kalibR
9,charrette,5,SaREt
8,consoler,6,k§sole
13,développement,10,dev°lOp°m@
9,grossesse,6,gRosEs
7,mesurer,6,m°zyRe
10,monstrueux,7,m§stRy2
7,plongée,5,pl§Ze
7,blouson,5,bluz§
6,bonnet,4,bonE
9,châtiment,6,Satim@
8,cocktail,6,kOktEl
8,fontaine,5,f§tEn
5,néant,3,ne@
8,soulager,6,sulaZe
12,augmentation,9,ogm@tasj§
4,froc,4,fROk
5,raide,3,REd
11,automatique,8,otomatik
11,cambriolage,10,k@bRijolaZ
9,cavalerie,8,kaval°Ri
8,offenser,5,of@se
12,raccompagner,8,Rak§paNe
9,substance,7,sypst@s
11,fonctionner,8,f§ksjone
12,indépendance,8,5dep@d@s
6,balade,5,balad
7,exposer,7,Ekspoze
8,obstacle,7,Opstakl
11,britannique,8,bRitanik
4,pape,3,pap
5,étang,3,et@
9,accoucher,5,akuSe
6,autrui,5,otR8i
4,coté,4,kote
5,ruban,4,Ryb@
10,corruption,8,koRypsj§
9,ignorance,6,iNoR@s
9,référence,7,RefeR@s
10,temporaire,7,t@poRER
5,malle,3,mal
8,merdique,6,mERdik
10,rapprocher,7,RapRoSe
3,via,3,vja
5,wagon,4,vag§
5,épave,4,epav
8,épicerie,7,epis°Ri
5,yacht,3,jOt
7,admirer,6,admiRe
5,delta,5,dElta
4,fier,3,fje
7,achever,5,aS°ve
8,braquage,6,bRakaZ
5,encre,3,@kR
6,gerber,5,ZERbe
6,module,5,modyl
5,plume,4,plym
7,opposer,5,opoze
5,sensé,4,s@se
5,minou,4,minu
6,marrer,4,maRe
6,menton,4,m@t§
8,parvenir,8,paRv°niR
5,patte,3,pat
7,recours,5,R°kuR
9,gravement,7,gRav°m@
6,raclée,5,Rakle
8,omelette,6,om°lEt
13,techniquement,9,tEknik°m@
5,béton,4,bet§
5,batte,3,bat
6,choeur,3,k9R
9,contraire,6,k§tRER
9,fondation,7,f§dasj§
8,registre,7,R°ZistR
6,souper,4,supe
11,tremblement,8,tR@bl°m@
7,blanche,5,bl@S°
5,botte,3,bOt
6,hockey,3,OkE
7,poignet,5,pwaNE
6,remuer,5,R°m8e
8,altitude,7,altityd
10,chargement,7,SaRZ°m@
12,gratuitement,10,gRat8it°m@
9,parapluie,8,paRapl8i
8,trembler,6,tR@ble
8,harmonie,6,aRmoni
8,posséder,6,posede
3,svp,6,Esvepe
8,détester,7,detEste
10,légèrement,8,leZER°m@
7,montage,5,m§taZ
7,révolte,6,RevOlt
7,cristal,7,kRistal
8,centaine,5,s@tEn
9,génétique,7,Zenetik
4,maïs,4,mais
6,piéger,5,pjeZe
6,boxeur,6,bOks9R
8,ex-femme,6,Eksfam
7,grenade,6,gR°nad
7,hostile,5,Ostil
8,paisible,6,pezibl
5,péril,5,peRil
5,vague,3,vag
10,apparaître,7,apaREtR
7,impasse,4,5pas
7,obliger,6,obliZe
7,accéder,6,aksede
9,andouille,4,@duj
5,arabe,4,aRab
8,brochant,5,bRoS@
6,caviar,6,kavjaR
7,coupure,5,kupyR
6,fusion,5,fyzj§
9,pellicule,7,pelikyl
4,rhum,3,ROm
9,réflexion,9,ReflEksj§
6,marbre,5,maRbR
8,polonais,6,polonE
12,représentant,9,R°pRez@t@
6,touché,4,tuSe
5,butin,4,byt5
5,laine,3,lEn
9,compromis,7,k§pRomi
8,cueillir,5,k9jiR
5,guise,3,giz
8,souffler,5,sufle
6,tueuse,4,t82z
10,diagnostic,10,djagnostik
7,fiction,6,fiksj§
9,municipal,9,mynisipal
6,gâchis,4,gaSi
10,plaisanter,7,plEz@te
11,institution,9,5stitysj§
4,pris,3,pRi
5,accro,4,akRo
12,commencement,8,kom@s°m@
4,meuf,3,m9f
6,odieux,4,odj2
5,brisé,5,bRize
6,intact,5,5takt
6,surnom,5,syRn§
6,percer,5,pERse
4,ring,3,RiG
7,mourant,4,muR@
4,aimé,3,eme
8,capturer,7,kaptyRe
4,cerf,3,sER
4,duel,4,d8El
11,passionnant,7,pasjon@
6,quitte,3,kit
5,tyran,4,tiR@
4,têtu,4,tety
6,vapeur,5,vap9R
10,apercevoir,10,apERs°vwaR
10,assassiner,7,asasine
8,réplique,6,Replik
3,gin,4,dZin
10,générosité,10,ZeneRozite
9,crocodile,8,kRokodil
9,repousser,6,R°puse
7,vertige,6,vERtiZ
4,visa,4,viza
6,vortex,7,vORtEks
6,éponge,4,ep§Z
9,cinquième,6,s5kjEm
7,honorer,5,onoRe
6,office,4,ofis
8,dépasser,6,depase
4,grec,4,gREk
7,piloter,6,pilote
7,surpris,6,syRpRi
13,établissement,10,etablis°m@
9,dimension,7,dim@sj§
10,déterminer,9,detERmine
6,pilule,5,pilyl
8,ruisseau,5,R8iso
11,traumatisme,9,tRomatizm
6,banane,5,banan
8,insister,6,5siste
8,noblesse,6,noblEs
5,semer,4,s°me
10,économique,8,ekonomik
5,bosse,3,bOs
8,croyable,8,kRwajabl
6,mouton,4,mut§
5,épais,3,epE
10,évacuation,9,evak8asj§
6,peigne,3,pEN
6,choper,4,Sope
4,foin,3,fw5
11,inconscient,6,5k§sj@
8,limonade,7,limonad
8,rassurer,6,RasyRe
10,conséquent,6,k§sek@
8,coopérer,7,koopeRe
5,local,5,lokal
6,campus,5,k@pys
7,revivre,6,R°vivR
5,badge,4,badZ
12,distributeur,11,distRibyt9R
5,mètre,4,mEtR
5,pique,3,pik
4,rive,3,Riv
8,sonnerie,6,sOn°Ri
12,téléphonique,9,telefonik
9,admirable,8,admiRabl
9,comporter,7,k§pORte
9,décrocher,7,dekRoSe
8,géomètre,7,ZeomEtR
9,sexualité,10,seks8alite
8,séquence,5,sek@s
8,touchant,4,tuS@
5,décor,5,dekOR
6,imiter,5,imite
9,sacrément,7,sakRem@
7,sembler,5,s@ble
11,concurrence,7,k§kyR@s
11,emplacement,8,@plas°m@
5,fusée,4,fyze
6,infâme,4,5fam
6,ironie,5,iRoni
9,pourboire,7,puRbwaR
9,prétendre,7,pRet@dR
10,vulnérable,9,vylneRabl
4,gens,2,Z@
12,gouvernement,9,guvERn°m@
8,dimanche,5,dim@S
7,contact,6,k§takt
7,dommage,5,domaZ
4,taxi,5,taksi
4,lait,2,lE
7,demande,5,d°m@d
6,devant,4,d°v@
8,monsieur,5,m°sj2
6,langue,3,l@g
3,mur,3,myR
5,calme,4,kalm
6,sentir,5,s@tiR
4,huit,3,8it
6,droite,5,dRwat
4,lune,3,lyn
5,match,4,matS
5,glace,4,glas
5,comme,3,kOm
2,ah,1,a
5,petit,4,p°ti
6,maison,4,mEz§
6,sauter,4,sote
7,épouser,5,epuze
8,raconter,6,Rak§te
8,répondre,6,Rep§dR
4,chat,2,Sa
7,cerveau,5,sERvo
6,espoir,6,EspwaR
8,certains,5,sERt5
5,marre,3,maR
7,couleur,5,kul9R
10,importance,7,5pORt@s
6,combat,4,k§ba
7,dossier,5,dosje
8,horrible,5,oRibl
8,ridicule,7,Ridikyl
7,bonjour,5,b§ZuR
7,mémoire,6,memwaR
8,solution,7,solysj§
5,quels,3,kEl
5,faîte,3,fEt
4,juge,3,ZyZ
13,immédiatement,10,imedjat°m@
6,papier,5,papje
5,reine,3,REn
9,présenter,7,pRez@te
4,nuit,3,n8i
4,soir,4,swaR
4,peur,3,p2R
8,empêcher,5,@peSe
7,environ,5,@viR§
10,expérience,9,EkspeRj@s
2,to,2,to
7,manière,6,manjER
5,mille,3,mil
8,occasion,6,okazj§
7,planète,6,planEt
8,position,7,pozisj§
8,quartier,6,kaRtje
12,certainement,9,sERtEn°m@
6,pardon,5,paRd§
12,sous-titrage,8,sutitRaZ
8,décision,7,desizj§
4,soin,3,sw5
11,merveilleux,7,mERvEj2
5,riche,3,RiS
4,mort,3,mOR
3,foi,3,fwa
6,jardin,5,ZaRd5
5,maman,4,mam@
5,ouais,2,wE
5,blanc,3,bl@
7,enquête,4,@kEt
6,éviter,5,evite
6,client,5,klij@
7,poisson,5,pwas§
6,centre,4,s@tR
5,chier,3,Sje
6,métier,5,metje
5,bonne,3,bOn
6,dingue,3,d5g
3,nom,2,n§
3,nos,2,no
6,soldat,5,sOlda
8,celle-là,5,sElla
5,tueur,4,t89R
7,attaque,4,atak
6,regard,5,R°gaR
6,arrivé,5,aRive
3,sur,3,syR
7,maladie,6,maladi
7,réalité,7,Realite
6,offrir,5,ofRiR
6,quelle,3,kEl
7,magasin,6,magaz5
8,prochain,5,pRoS5
4,dire,3,diR
6,destin,5,dest5
3,fil,3,fil
10,formidable,9,fORmidabl
4,base,3,baz
10,différence,7,difeR@s
7,ramener,6,Ram°ne
5,image,4,imaZ
4,bête,3,bEt
9,spectacle,8,spEktakl
7,couteau,4,kuto
7,tourner,5,tuRne
7,justice,6,Zystis
3,bus,3,bys
6,humain,3,ym5
4,bain,2,b5
4,goût,2,gu
7,respect,5,REspE
4,pont,2,p§
4,sexe,4,sEks
8,discuter,7,diskyte
8,déjeuner,6,deZ9ne
7,entendu,5,@t@dy
5,idiot,4,idjo
5,chaud,2,So
3,île,2,il
8,détruire,7,detR8iR
6,camion,5,kamj§
9,opération,8,opeRasj§
6,dégoût,4,degu
5,réglo,5,Reglo
9,semblable,7,s@blabl
9,contenter,6,k§t@te
9,largement,7,laRZ°m@
5,nuire,4,n8iR
5,pisse,3,pis
11,psychologue,8,psikolOg
6,virage,5,viRaZ
7,adjoint,5,adZw5
5,appât,3,apa
7,confort,5,k§fOR
13,impressionner,9,5pResjone
4,futé,4,fyte
7,maestro,7,maEstRo
13,manifestation,12,manifEstasj§
6,calcul,6,kalkyl
5,sapin,4,sap5
8,élection,7,elEksj§
6,évader,5,evade
5,about,3,abu
3,max,4,maks
8,peignoir,6,pENwaR
10,redoutable,8,R°dutabl
6,étroit,5,etRwa
7,faculté,7,fakylte
5,civil,5,sivil
3,ras,2,Ra
8,soulever,6,sul°ve
11,conséquence,7,k§sek@s
4,exil,5,Egzil
4,haïr,3,aiR
5,mater,4,mate
8,éclairer,6,ekleRe
9,celles-là,5,sElla
9,débarquer,7,debaRke
6,marine,5,maRin
7,spatial,7,spasjal
7,enculer,5,@kyle
8,nourrice,5,nuRis
6,raisin,4,REz5
10,rechercher,7,R°SERSe
6,abuser,5,abyze
8,corriger,6,koRiZe
7,dizaine,5,dizEn
5,laser,5,lazER
5,loyal,6,lwajal
6,manoir,6,manwaR
7,sauveur,5,sov9R
5,viser,4,vize
7,étendre,5,et@dR
4,aveu,3,av2
10,orphelinat,8,ORf°lina
9,supprimer,7,sypRime
13,compréhension,9,k§pRe@sj§
7,danseur,5,d@s9R
8,district,8,distRikt
11,déshabiller,8,dezabije
7,envoler,5,@vole
8,investir,7,5vEstiR
9,maîtriser,7,metRize
10,permanence,8,pERman@s
9,surmonter,7,syRm§te
8,vivement,6,viv°m@
7,costaud,5,kOsto
5,loger,4,loZe
6,mental,5,m@tal
9,soumettre,6,sumEtR
6,sécher,4,seSe
7,tournoi,6,tuRnwa
4,unir,4,yniR
4,écho,3,eko
4,amer,4,amER
12,discrètement,10,diskREt°m@
5,dépit,4,depi
9,tentation,7,t@tasj§
7,poussin,4,pus5
5,sobre,4,sObR
6,gibier,5,Zibje
13,manifestement,11,manifEst°m@
7,pourrir,5,puRiR
5,grade,4,gRad
7,maximum,8,maksimOm
8,agressif,7,agREsif
5,crève,4,kREv
6,indien,4,5dj5
8,indiquer,5,5dike
5,round,4,Rund
7,soupçon,5,sups§
10,distinguer,7,dist5ge
2,dé,2,de
10,grenouille,6,gR°nuj
5,purée,4,pyRe
10,convention,7,k§v@sj§
6,lécher,4,leSe
9,massacrer,7,masakRe
11,respectable,10,REspEktabl
6,script,6,skRipt
10,économiser,9,ekonomize
6,chargé,5,SaRZe
6,ennemi,5,En°mi
5,matos,5,matos
13,régulièrement,11,RegyljER°m@
11,sensibilité,10,s@sibilite
6,gendre,4,Z@dR
6,jument,4,Zym@
3,kid,3,kid
6,louche,3,luS
6,toubib,5,tubib
9,trompette,6,tR§pEt
8,écureuil,6,ekyR9j
7,assumer,5,asyme
7,cruauté,6,kRyote
5,sirop,4,siRo
13,tout-puissant,7,tup8is@
6,agenda,5,aZ5da
5,cycle,4,sikl
5,hosto,4,Osto
7,ressort,5,R°sOR
7,souhait,3,swE
12,confidentiel,10,k§fid@sjEl
8,humilier,6,ymilje
9,malchance,6,malS@s
4,rude,3,Ryd
8,baguette,5,bagEt
7,exercer,7,EgzERse
10,impeccable,7,5pekabl
6,perche,4,pERS
5,poire,4,pwaR
8,racaille,5,Rakaj
4,roll,3,ROl
8,caresser,6,kaRese
5,craie,3,kRE
6,modèle,5,modEl
5,stand,4,st@d
6,statut,5,staty
4,thon,2,t§
7,aborder,6,abORde
6,toutou,4,tutu
4,pneu,3,pn2
7,presser,5,pRese
11,psychologie,9,psikoloZi
8,shopping,5,SOpiG
7,adapter,6,adapte
5,bilan,4,bil@
11,fiançailles,7,fij@saj
9,isolement,7,izOl°m@
9,pitoyable,9,pitwajabl
6,reflet,5,R°flE
10,suggestion,9,sygZEstj§
5,bâtir,5,batiR
8,fracture,7,fRaktyR
9,franchise,6,fR@Siz
6,manger,4,m@Ze
4,payé,4,peje
5,pince,3,p5s
13,signification,11,siNifikasj§
7,soucier,5,susje
6,tantôt,4,t@to
8,internet,7,5tERnEt
9,nécessité,8,nesesite
6,poisse,4,pwas
8,scolaire,6,skolER
6,ardeur,5,aRd9R
5,brise,4,bRiz
6,ciment,4,sim@
4,cure,3,kyR
6,habile,4,abil
10,hystérique,7,isteRik
12,alimentation,10,alim@tasj§
7,antique,4,@tik
10,considérer,8,k§sideRe
3,fax,4,faks
7,stérile,6,steRil
10,terrorisme,8,tERoRizm
6,avenue,5,av°ny
12,compartiment,9,k§paRtim@
7,cocaïne,6,kokain
9,fantaisie,6,f@tezi
11,pique-nique,6,piknik
4,surf,4,s9Rf
4,ôter,3,ote
8,fourrure,5,fuRyR
6,songer,4,s§Ze
4,bled,4,blEd
14,incroyablement,12,5kRwajabl°m@
9,condamner,6,k§dane
6,gérant,4,ZeR@
8,réaliste,7,Realist
7,arroser,5,aRoze
7,colonie,6,koloni
8,gendarme,6,Z@daRm
3,mou,2,mu
8,répandre,6,Rep@dR
3,sud,3,syd
11,trajectoire,10,tRaZEktwaR
6,nature,5,natyR
8,pianiste,7,pjanist
12,présentation,10,pRez@tasj§
9,redevenir,9,R°d°v°niR
6,régner,4,ReNe
6,graine,4,gREn
6,square,5,skwaR
4,tram,4,tRam
5,aigle,3,Egl
8,explorer,8,EksploRe
3,ouh,1,u
9,précision,8,pResizj§
7,arnaque,5,aRnak
4,cire,3,siR
8,vieillir,6,vjejiR
5,gêner,4,Zene
6,obligé,6,obliZe
9,sculpture,7,skyltyR
12,accouchement,7,akuS°m@
8,barbecue,8,baRb°kju
7,bouchon,4,buS§
1,d,1,d
11,perspective,10,pERspEktiv
7,carnage,6,kaRnaZ
9,déception,8,desEpsj§
9,emménager,7,@menaZe
7,insecte,5,5sEkt
5,nonne,3,nOn
5,alias,5,aljas
4,pieu,3,pj2
4,punk,3,p1k
5,seuil,3,s9j
5,valse,4,vals
6,volume,5,volym
6,énigme,5,enigm
6,hangar,4,@gaR
5,noter,4,note
10,provisoire,9,pRovizwaR
5,sabre,4,sabR
9,étiquette,6,etikEt
13,chauve-souris,7,SovsuRi
6,détour,5,detuR
11,gentilhomme,7,Z@tijOm
8,guérison,6,geRiz§
9,imposteur,7,5pOst9R
8,policier,7,polisje
7,détente,5,det@t
7,fichier,5,fiSje
5,manie,4,mani
3,oie,2,wa
8,paroisse,6,paRwas
7,offense,4,of@s
10,raccrocher,7,RakRoSe
10,sang-froid,6,s@fRwa
7,échouer,4,eSwe
6,abîmer,5,abime
4,cape,3,kap
8,chimique,5,Simik
5,marin,4,maR5
9,conserver,7,k§sERve
8,pavillon,6,pavij§
1,z,3,zEd
8,étudiant,6,etydj@
7,affiche,4,afiS
8,artifice,7,aRtifis
7,esclave,6,Esklav
10,mécanicien,9,mekanisj5
11,représenter,9,R°pRez@te
10,calendrier,9,kal@dRije
10,convenable,8,k§v°nabl
5,fatal,5,fatal
5,hymne,3,imn
8,institut,6,5stity
5,lueur,4,l89R
4,nage,3,naZ
9,toutefois,7,tut°fwa
5,coude,3,kud
6,fiable,5,fjabl
5,moral,5,moRal
10,biologique,8,bjoloZik
6,contre,4,k§tR
6,estime,5,Estim
8,habituel,7,abit8El
7,menacer,6,m°nase
6,bander,4,b@de
7,clôture,6,klotyR
5,gagné,4,gaNe
14,correspondance,10,koREsp§d@s
10,kidnapping,8,kidnapiG
10,lamentable,8,lam@tabl
6,marron,4,maR§
7,merdier,6,mERdje
7,dessein,4,des5
5,donné,4,done
8,embarras,5,@baRa
9,maquereau,6,mak°Ro
5,rampe,3,R@p
8,atomique,6,atomik
7,menteur,5,m@t9R
7,rizière,6,RizjER
5,sonde,3,s§d
5,biche,3,biS
6,blouse,4,bluz
6,brutal,6,bRytal
8,location,7,lokasj§
5,score,4,skOR
6,surfer,5,s9Rfe
6,chimie,4,Simi
5,cygne,3,siN
12,embarrassant,7,@baRas@
7,empirer,5,@piRe
6,fraise,4,fREz
5,glacé,5,glase
2,je,2,Z°
6,pissou,4,pisu
6,romain,4,Rom5
7,tranche,4,tR@S
9,détourner,7,detuRne
13,littéralement,10,liteRal°m@
8,traduire,7,tRad8iR
7,défaire,5,defER
10,opposition,8,opozisj§
8,syndrome,6,s5dRom
7,biberon,6,bib°R§
6,chauve,3,Sov
7,insulte,5,5sylt
8,pyramide,7,piRamid
8,ralentir,7,Ral@tiR
6,abruti,6,abRyti
7,metteur,5,mEt9R
5,monté,4,m§te
3,ohé,2,oe
5,ouste,3,ust
7,suffire,5,syfiR
5,vivre,4,vivR
5,écrit,4,ekRi
2,fa,2,fa
5,mollo,4,molo
8,défoncer,6,def§se
6,manège,5,manEZ
8,plombier,6,pl§bje
4,pâté,4,pate
11,coopération,10,koopeRasj§
5,marée,4,maRe
6,menthe,3,m@t
7,messire,5,mesiR
4,scie,2,si
11,sorcellerie,9,sORsEl°Ri
3,tué,3,t8e
5,achat,3,aSa
7,braquer,5,bRake
10,caoutchouc,6,kautSu
10,complicité,9,k§plisite
10,remplaçant,7,R@plas@
10,terrifiant,7,tERifj@
9,catégorie,8,kategoRi
6,claque,4,klak
6,favori,6,favoRi
4,kilo,4,kilo
8,rétablir,8,RetabliR
7,western,7,wEstERn
12,condamnation,9,k§danasj§
8,cuillère,6,k8ijER
11,obligatoire,10,obligatwaR
6,relève,5,R°lEv
8,aviation,7,avjasj§
5,mythe,3,mit
11,préparation,10,pRepaRasj§
6,racine,5,Rasin
8,complice,6,k§plis
4,déçu,4,desy
6,sortir,6,sORtiR
6,vanité,6,vanite
9,voisinage,8,vwazinaZ
10,état-major,8,etamaZOR
12,confirmation,10,k§fiRmasj§
12,démissionner,9,demisjone
5,larme,4,laRm
7,habillé,5,abije
5,gilet,4,ZilE
4,obus,3,oby
5,porno,5,pORno
6,étalon,5,etal§
7,robinet,6,RobinE
5,scoop,4,skup
6,cheveu,4,S°v2
13,collaboration,11,kolaboRasj§
4,mime,3,mim
6,audace,4,odas
9,consacrer,7,k§sakRe
10,légalement,8,legal°m@
7,ouragan,5,uRag@
8,pagaille,5,pagaj
5,solde,4,sOld
9,squelette,6,sk°lEt
7,vitrine,6,vitRin
7,briller,5,bRije
7,colombe,5,kol§b
6,fâcher,4,faSe
3,los,2,lo
7,pêcheur,5,pES9R
6,écurie,5,ekyRi
8,argument,6,aRgym@
6,croûte,4,kRut
7,dominer,6,domine
13,la plupart du,10,laplypaRdy
4,lier,3,lje
9,minuscule,8,minyskyl
8,monument,6,monym@
9,opérateur,8,opeRat9R
13,renseignement,8,R@sEN°m@
10,réparation,9,RepaRasj§
6,plâtre,5,platR
9,croisière,8,kRwazjER
9,essentiel,7,es@sjEl
14,investissement,10,5vEstis°m@
8,lointain,5,lw5t5
6,cahier,4,kaje
13,considération,11,k§sideRasj§
11,inscription,9,5skRipsj§
8,prudence,6,pRyd@s
5,abîme,4,abim
13,fonctionnaire,9,f§ksjonER
7,gratter,5,gRate
11,indépendant,7,5dep@d@
8,interdit,6,5tERdi
3,pré,3,pRe
9,librairie,7,libReRi
5,plier,5,plije
4,sida,4,sida
9,grotesque,7,gRotEsk
6,lavage,5,lavaZ
6,vaccin,5,vaks5
6,armure,5,aRmyR
9,carrefour,7,kaR°fuR
8,familial,8,familjal
6,ghetto,4,gEto
6,obscur,6,OpskyR
7,portant,5,pORt@
6,rigolo,6,Rigolo
10,socialiste,9,sosjalist
12,électronique,10,elEktRonik
3,cet,3,sEt
6,action,5,aksj§
6,témoin,5,temw5
5,arbre,4,aRbR
7,réunion,6,Reynj§
7,malheur,5,mal9R
7,terrain,4,tER5
5,folie,4,foli
4,fils,3,fis
6,fermer,5,fERme
5,telle,3,tEl
5,bombe,3,b§b
9,recherche,6,R°SERS
8,campagne,5,k@paN
7,chapeau,4,Sapo
7,défense,5,def@s
5,repas,4,R°pa
4,vide,3,vid
8,arranger,5,aR@Ze
9,certaines,6,sERtEn
7,chanter,4,S@te
7,spécial,7,spesjal
5,moins,3,mw5
4,nous,2,nu
3,air,2,ER
4,ange,2,@Z
9,réfléchir,8,RefleSiR
8,camarade,7,kamaRad
6,drogue,4,dROg
6,courir,5,kuRiR
5,odeur,4,od9R
2,in,2,in
7,choisir,6,SwaziR
11,intéressant,7,5teREs@
8,remettre,6,R°mEtR
4,voie,3,vwa
4,dans,2,d@
7,prendre,5,pR@dR
4,seul,3,s9l
6,hasard,4,azaR
4,zone,3,zon
5,danse,3,d@s
7,quelles,3,kEl
9,excellent,6,eksEl@
5,arrêt,3,aRE
6,chasse,3,Sas
7,enlever,5,@l°ve
7,moindre,5,mw5dR
8,préparer,7,pRepaRe
6,marche,4,maRS
8,lui-même,6,l8imEm
6,malgré,6,malgRe
8,coupable,6,kupabl
8,enceinte,4,@s5t
5,jambe,3,Z@b
6,mignon,4,miN§
4,fier,4,fjER
6,ventre,4,v@tR
8,rappeler,6,Rap°le
4,tête,3,tEt
4,elle,2,El
5,amour,4,amuR
6,risque,4,Risk
8,celui-ci,7,s°l8isi
3,con,2,k§
10,finalement,8,final°m@
3,sol,3,sOl
8,toi-même,6,twamEm
6,shérif,5,SeRif
7,contrat,5,k§tRa
8,vérifier,7,veRifje
6,gauche,3,goS
12,parfaitement,9,paRfEt°m@
6,niveau,4,nivo
6,procès,5,pRosE
7,superbe,6,sypERb
6,presse,4,pREs
4,mets,2,mE
7,compter,4,k§te
5,plage,4,plaZ
8,présence,6,pRez@s
7,machine,5,maSin
5,passe,3,pas
6,trésor,6,tRezOR
6,prince,4,pR5s
10,nourriture,7,nuRityR
9,récupérer,8,RekypeRe
6,samedi,6,sam°di
7,sommeil,5,somEj
10,conscience,6,k§sj@s
7,volonté,6,vol§te
4,stop,4,stOp
6,bouger,4,buZe
10,nécessaire,7,nesesER
10,restaurant,7,REstoR@
8,appareil,6,apaREj
6,projet,5,pRoZE
9,programme,7,pRogRam
8,relation,7,R°lasj§
2,du,2,dy
4,hein,1,5
2,t',1,t
9,au-dessus,5,od°sy
9,embrasser,6,@bRase
6,montre,4,m§tR
4,code,3,kOd
6,oiseau,4,wazo
6,viande,4,vj@d
6,amuser,5,amyze
8,deuxième,6,d2zjEm
6,entrée,4,@tRe
3,cou,2,ku
7,honnête,4,onEt
5,crise,4,kRiz
5,usine,4,yzin
8,accepter,7,aksEpte
9,direction,8,diREksj§
2,un,1,1
6,unique,4,ynik
11,apparemment,7,apaRam@
4,cent,2,s@
2,vu,2,vy
7,excuser,7,Ekskyze
5,piste,4,pist
6,raison,4,REz§
5,elles,2,El
11,commissaire,7,komisER
4,sort,3,sOR
5,pluie,4,pl8i
6,devoir,6,d°vwaR
7,majesté,7,maZEste
8,discours,6,diskuR
4,toit,3,twa
6,sortie,5,sORti
8,prévenir,8,pREv°niR
6,gâteau,4,gato
9,bouteille,5,butEj
5,repos,4,R°po
6,rapide,5,Rapid
7,décider,6,deside
6,régler,5,Regle
7,énergie,6,enERZi
6,entier,4,@tje
5,heure,2,9R
5,lycée,4,lise
7,arrivée,5,aRive
6,caméra,6,kameRa
9,rejoindre,7,R°Zw5dR
5,moyen,5,mwaj5
6,billet,4,bijE
6,couper,4,kupe
6,espace,5,Espas
5,tombe,3,t§b
6,taille,3,taj
6,couple,4,kupl
7,prouver,5,pRuve
5,assez,3,ase
4,plus,3,ply
6,moment,4,mom@
2,te,2,t°
6,baiser,4,beze
3,com,3,kOm
2,os,2,Os
11,responsable,9,REsp§sabl
7,morceau,5,mORso
6,pierre,4,pjER
7,château,4,Sato
7,théâtre,5,teatR
6,course,4,kuRs
6,alcool,5,alkOl
4,gare,3,gaR
7,passage,5,pasaZ
9,autrement,6,otR°m@
7,présent,5,pRez@
9,intention,6,5t@sj§
8,bulletin,6,byl°t5
13,irresponsable,10,iREsp§sabl
6,notion,5,nosj§
8,brouhaha,5,bRuaa
10,fourchette,6,fuRSEt
6,infant,3,5f@
10,propagande,8,pRopag@d
6,pudeur,5,pyd9R
12,démocratique,10,demokRatik
6,gorgée,5,gORZe
7,griller,5,gRije
6,médium,6,medjOm
12,petite-fille,8,p°titfij
5,vigne,3,viN
11,alternative,10,altERnativ
10,attraction,8,atRaksj§
9,chauffage,5,SofaZ
10,entrailles,5,@tRaj
8,supplier,7,syplije
4,brin,3,bR5
9,néanmoins,6,ne@mw5
11,strictement,9,stRikt°m@
6,débris,5,debRi
4,toux,2,tu
6,voleur,5,vol9R
12,conspiration,10,k§spiRasj§
2,fi,2,fi
5,melon,4,m°l§
9,terrestre,7,tEREstR
4,zèle,3,zEl
3,ana,3,ana
4,flou,3,flu
11,immigration,9,imigRasj§
10,occupation,8,okypasj§
6,salive,5,saliv
8,tabasser,6,tabase
4,trac,4,tRak
5,crabe,4,kRab
10,distribuer,9,distRib8e
14,interprétation,12,5tERpRetasj§
10,labyrinthe,7,labiR5t
6,lézard,5,lezaR
6,madone,5,madOn
10,socialisme,9,sosjalizm
5,divan,4,div@
9,extérieur,9,EksteRj9R
8,gâchette,5,gaSEt
6,klaxon,6,klaks§
7,orgasme,6,ORgasm
13,soutien-gorge,9,sutj5gORZ
10,surprenant,8,syRpR°n@
5,banal,5,banal
11,brusquement,8,bRysk°m@
7,stopper,5,stope
9,désespéré,9,dezEspeRe
3,est,3,Est
7,ex-mari,7,EksmaRi
5,frein,3,fR5
9,infarctus,8,5faRktys
5,stage,4,staZ
6,finale,5,final
8,garantir,7,gaR@tiR
6,trappe,4,tRap
10,apocalypse,9,apokalips
7,trophée,5,tRofe
6,étable,5,etabl
6,aérien,5,aeRj5
11,comparaison,8,k§paREz§
9,encaisser,5,@kese
7,roulant,4,Rul@
5,roule,3,Rul
11,soulagement,8,sulaZ°m@
5,tronc,3,tR§
6,trouvé,5,tRuve
9,confondre,6,k§f§dR
6,coudre,4,kudR
7,dortoir,7,dORtwaR
9,envisager,7,@vizaZe
9,hautement,5,ot°m@
9,organisme,8,ORganizm
5,rabbi,4,Rabi
6,thomas,4,toma
3,toc,3,tOk
10,affirmatif,9,afiRmatif
9,ambitieux,6,@bisj2
4,back,3,bak
7,branler,5,bR@le
8,fabrique,6,fabRik
6,fraude,4,fRod
8,contenir,7,k§t°niR
13,homosexualité,13,omoseks8alite
8,overdose,7,Ov9Rdoz
4,pépé,4,pepe
4,solo,4,solo
6,triple,5,tRipl
7,ampoule,4,@pul
7,anormal,7,anORmal
10,décoration,9,dekoRasj§
10,précaution,8,pRekosj§
7,soprano,7,sopRano
6,vanter,4,v@te
8,lumineux,6,lymin2
6,parade,5,paRad
6,pignon,4,piN§
4,titi,4,titi
10,abominable,9,abominabl
7,matelot,6,mat°lo
7,abandon,5,ab@d§
9,appliquer,6,aplike
7,bouchée,4,buSe
5,idole,4,idOl
6,pétard,5,petaR
7,tapette,5,tapEt
7,écarter,6,ekaRte
9,communion,7,komynj§
7,croiser,6,kRwaze
8,délivrer,7,delivRe
5,lever,4,l°ve
15,révolutionnaire,12,RevolysjonER
4,abus,3,aby
5,amigo,5,amigo
7,biscuit,6,bisk8i
6,devise,5,d°viz
4,méga,4,mega
6,nausée,4,noze
6,soupir,5,supiR
10,vieillesse,6,vjEjEs
9,éclaircir,8,eklERsiR
6,cuivre,5,k8ivR
5,culte,4,kylt
5,house,3,awz
9,intérieur,7,5teRj9R
5,promo,5,pRomo
7,smoking,6,smOkiG
8,visiteur,7,vizit9R
7,élégant,5,eleg@
10,définition,9,definisj§
7,ouvrage,5,uvRaZ
7,rigueur,5,Rig9R
9,vaguement,6,vag°m@
10,déclencher,7,dekl@Se
9,espionner,7,Espjone
8,extraire,7,EkstRER
9,maléfique,7,malefik
9,parlement,7,paRl°m@
9,patienter,7,pasj@te
8,rechange,5,R°S@Z
9,réconfort,7,Rek§fOR
8,sérénité,8,seRenite
8,banquier,5,b@kje
3,bof,3,bOf
9,pansement,6,p@s°m@
10,traduction,9,tRadyksj§
7,tricher,5,tRiSe
6,évêque,4,evEk
6,actuel,6,akt8El
6,renard,5,R°naR
11,tempérament,8,t@peRam@
8,glorieux,6,gloRj2
9,inaudible,7,inodibl
10,reproduire,9,R°pRod8iR
9,séduisant,7,sed8iz@
12,tranquillité,9,tR@kilite
7,écharpe,5,eSaRp
7,autobus,6,otobys
6,capote,5,kapOt
13,conservatoire,11,k§sERvatwaR
6,lignée,4,liNe
8,mutation,7,mytasj§
9,pneumonie,7,pn2moni
9,splendeur,7,spl@d9R
10,transférer,8,tR@sfeRe
4,aîné,3,ene
5,clean,4,klin
3,dot,3,dOt
4,flot,3,flo
6,galant,4,gal@
9,raisonner,6,REzone
10,révélation,9,Revelasj§
10,dispositif,10,dispozitif
7,dresser,5,dRese
6,lequel,5,l°kEl
10,préférence,8,pRefeR@s
6,saloon,5,salun
8,amertume,7,amERtym
8,fantasme,6,f@tasm
5,négro,5,negRo
9,ressortir,8,R°sORtiR
8,sainteté,5,s5tte
5,ancre,3,@kR
7,caleçon,5,kals§
7,caprice,6,kapRis
12,distribution,11,distRibysj§
7,notaire,5,notER
7,pointer,5,pw5te
7,retrait,5,R°tRE
5,urine,4,yRin
11,consolation,9,k§solasj§
10,inoffensif,8,inof@sif
6,isoler,5,izole
6,orange,4,oR@Z
7,prodige,6,pRodiZ
9,ravissant,6,Ravis@
6,valoir,6,valwaR
6,verser,5,vERse
3,gel,3,ZEl
9,injustice,7,5Zystis
3,pic,3,pik
10,rafraîchir,8,RafReSiR
12,sexuellement,10,seks8El°m@
4,élan,3,el@
8,éveiller,5,eveje
5,coque,3,kOk
6,foirer,5,fwaRe
10,discrétion,9,diskResj§
9,embuscade,7,@byskad
14,grands-parents,7,gR@paR@
8,immédiat,6,imedja
6,patate,5,patat
12,reconstruire,10,R°k§stR8iR
8,sanglier,7,s@glije
6,barrer,4,baRe
12,deuxièmement,9,d2zjEm°m@
13,porte-bonheur,9,pORtbOn9R
5,poêle,4,pwal
7,sportif,7,spORtif
5,tarif,5,taRif
10,fréquenter,7,fRek@te
7,hésiter,5,ezite
9,maladroit,8,maladRwa
8,moralité,8,moRalite
3,ouf,2,uf
8,assassin,5,asas5
8,bêtement,6,bEt°m@
6,palace,5,palas
4,aire,2,ER
8,planning,6,planiG
6,poumon,4,pum§
10,admiration,9,admiRasj§
7,artiste,6,aRtist
16,incompréhensible,11,5k§pRe@sibl
10,proprement,8,pROpR°m@
6,subtil,6,syptil
3,der,3,dER
9,favorable,8,favoRabl
4,rein,2,R5
3,arc,3,aRk
11,gouvernante,8,guvERn@t
4,lutz,4,lyts
7,violeur,6,vjol9R
6,volcan,5,vOlk@
6,bassin,4,bas5
5,furax,6,fyRaks
9,monastère,8,monastER
11,alimentaire,8,alim@tER
5,bacon,5,bekon
7,claquer,5,klake
9,persuader,8,pERs8ade
7,secouer,5,s°kwe
5,tendu,4,t@dy
10,impuissant,6,5p8is@
8,masculin,7,maskyl5
7,brûlant,5,bRyl@
6,clarté,6,klaRte
7,immonde,4,im§d
9,intrusion,7,5tRyzj§
12,relativement,10,R°lativ°m@
8,régulier,7,Regylje
5,tonne,3,tOn
5,fléau,4,fleo
11,utilisation,10,ytilizasj§
9,agitation,8,aZitasj§
9,blasphème,7,blasfEm
8,chrétien,6,kRetj5
14,extraterrestre,13,EkstRatEREstR
8,mélanger,6,mel@Ze
5,pente,3,p@t
12,ressemblance,8,R°s@bl@s
9,réveillon,6,RevEj§
9,compétent,6,k§pet@
7,falaise,5,falEz
7,ketchup,6,kEtS9p
10,sifflement,7,sifl°m@
9,sélection,8,selEksj§
6,agonie,5,agoni
5,brune,4,bRyn
7,cabaret,6,kabaRE
8,dix-huit,6,diz8it
8,détacher,6,detaSe
11,gendarmerie,9,Z@daRm°Ri
9,nostalgie,8,nOstalZi
6,trauma,5,tRoma
7,virgule,6,viRgyl
9,allumette,6,alymEt
8,annuaire,5,an8ER
7,commode,5,komOd
7,céleste,6,selEst
3,hip,2,ip
8,mouiller,4,muje
4,noce,3,nOs
9,proviseur,8,pRoviz9R
4,sofa,4,sofa
6,cordon,5,kORd§
10,courtoisie,8,kuRtwazi
10,encourager,7,@kuRaZe
13,photographier,10,fotogRafje
3,pli,3,pli
9,satisfait,7,satisfE
9,accélérer,8,akseleRe
8,anéantir,7,ane@tiR
7,baptême,5,batEm
4,case,3,kaz
4,girl,4,g9Rl
10,passerelle,7,pas°REl
8,brancher,5,bR@Se
6,famine,5,famin
7,hygiène,5,iZjEn
11,impitoyable,10,5pitwajabl
8,réserver,7,RezERve
11,sentimental,9,s@tim@tal
8,évanouir,7,evanuiR
9,critiquer,7,kRitike
6,féroce,5,feROs
6,gratis,6,gRatis
6,mienne,4,mjEn
4,onde,2,§d
9,perroquet,6,pERokE
10,préférable,9,pRefeRabl
13,rassemblement,9,Ras@bl°m@
8,seringue,5,s°R5g
7,sordide,6,sORdid
10,subitement,8,sybit°m@
8,antidote,6,@tidOt
7,bloquer,5,bloke
8,bonhomme,5,bonOm
5,citer,4,site
6,cuisse,4,k8is
4,héro,3,eRo
9,interdire,7,5tERdiR
6,puzzle,5,p9z9l
6,rivage,5,RivaZ
6,sermon,5,sERm§
6,visuel,6,viz8El
10,avortement,8,avORt°m@
6,blâmer,5,blame
12,comptabilité,10,k§tabilite
11,mentalement,8,m@tal°m@
4,trip,4,tRip
8,découper,6,dekupe
7,fourrer,4,fuRe
9,manipuler,8,manipyle
8,paiement,4,pEm@
9,protocole,8,pRotokOl
10,embrouille,5,@bRuj
6,oignon,3,ON§
7,réviser,6,Revize
6,bourré,4,buRe
7,carreau,4,kaRo
8,contexte,7,k§tEkst
7,glacier,6,glasje
12,informatique,9,5fORmatik
7,comique,5,komik
6,douane,4,dwan
5,indic,4,5dik
12,irrésistible,10,iRezistibl
7,sanguin,4,s@g5
7,combine,5,k§bin
7,défiler,6,defile
6,neutre,4,n2tR
8,obsèques,5,OpsEk
8,révérend,6,ReveR@
8,sabotage,7,sabotaZ
9,supporter,8,sypoRt9R
6,bridge,5,bRidZ
8,bénéfice,7,benefis
7,couture,5,kutyR
5,pépin,4,pep5
7,velours,5,v°luR
5,ravin,4,Rav5
5,vexer,5,vEkse
4,volé,4,vole
10,vous-mêmes,5,vumEm
10,communisme,8,komynizm
6,longue,3,l§g
6,majeur,5,maZ9R
9,politesse,7,politEs
9,renforcer,7,R@fORse
9,bien-être,7,bj5nEtR
6,cinglé,5,s5gle
7,désirer,6,deziRe
7,pelouse,5,p°luz
5,caché,4,kaSe
8,compteur,5,k§t9R
8,déchirer,6,deSiRe
7,mondial,6,m§djal
8,affirmer,6,afiRme
6,amical,6,amikal
7,ceux-ci,4,s2si
9,diversion,8,divERsj§
7,nombril,6,n§bRil
10,présidence,8,pRezid@s
10,sanctuaire,7,s@kt8ER
6,argile,5,aRZil
5,chêne,3,SEn
14,compréhensible,10,k§pRe@sibl
9,fortement,7,fORt°m@
8,paniquer,6,panike
5,papet,4,papE
8,septième,6,sEtjEm
7,shabbat,4,Saba
9,virginité,9,viRZinite
6,bourre,3,buR
8,humilité,7,ymilite
9,juridique,7,ZyRidik
10,obéissance,7,obeis@s
9,engueuler,5,@g2le
7,frisson,5,fRis§
7,gestion,6,ZEstj§
14,miséricordieux,12,mizeRikORdj2
5,stock,4,stOk
10,démoniaque,8,demonjak
9,ferraille,5,fERaj
7,funeste,6,fynEst
4,naïf,4,naif
4,dont,2,d§
6,fonder,4,f§de
7,funèbre,6,fynEbR
11,inoubliable,10,inublijabl
6,moelle,4,mwal
11,passe-temps,5,past@
6,revenu,6,R°v°ny
7,réciter,6,Resite
4,taro,4,taRo
8,instable,6,5stabl
4,naze,3,naz
10,pâtisserie,8,patis°Ri
7,semence,5,s°m@s
8,suggérer,7,sygZeRe
4,abbé,3,abe
6,bougre,4,bugR
9,boulevard,7,bul°vaR
6,façade,5,fasad
6,priver,5,pRive
14,supplémentaire,10,syplem@tER
10,terroriste,8,tERoRist
7,vicieux,5,visj2
8,anarchie,6,anaRSi
8,bouillie,4,buji
6,canyon,6,kanjOn
5,cargo,5,kaRgo
7,conduit,5,k§d8i
9,exploiter,9,Eksplwate
4,gène,3,ZEn
4,jeep,4,dZip
6,pioche,4,pjOS
5,brume,4,bRym
11,coffre-fort,8,kOfR°fOR
10,correction,8,koREksj§
6,fracas,5,fRaka
6,légion,5,leZj§
8,modifier,7,modifje
8,standard,6,st@daR
6,taudis,4,todi
5,vital,5,vital
6,ardent,4,aRd@
10,croissance,7,kRwas@s
6,e-mail,5,imEjl
3,ego,3,ego
8,employer,7,@plwaje
9,grandiose,7,gR@djoz
12,installation,9,5stalasj§
7,larguer,5,laRge
8,maîtrise,6,metRiz
6,mobile,5,mobil
10,secondaire,7,s°g§dER
9,célébrité,9,selebRite
9,follement,6,fOl°m@
12,résurrection,10,RezyREksj§
5,secte,4,sEkt
7,utilité,7,ytilite
6,liston,5,list§
4,nova,4,nova
7,pervers,6,pERvER
9,bien-aimé,7,bj5neme
8,biologie,7,bjoloZi
4,daya,4,daja
15,immatriculation,13,imatRikylasj§
5,jules,3,Zyl
8,parce qu,6,paRs°k
5,perle,4,pERl
7,revient,5,R°vj5
7,tablier,7,tablije
5,actif,5,aktif
9,convertir,8,k§vERtiR
6,flacon,5,flak§
9,parachute,7,paRaSyt
7,parquet,5,paRkE
8,élégance,6,eleg@s
7,caillou,4,kaju
7,camping,5,k@piG
7,gymnase,6,Zimnaz
8,lingerie,6,l5Z°Ri
9,paperasse,7,pap°Ras
5,vagin,4,vaZ5
9,vingtaine,5,v5tEn
7,épatant,5,epat@
9,espérance,7,EspeR@s
5,fossé,4,fose
9,hamburger,7,@buRg9R
9,intégrité,8,5tegRite
7,mouillé,4,muje
12,mélancolique,9,mel@kolik
5,primo,5,pRimo
7,près de,5,pREd2
5,tordu,5,tORdy
8,humidité,7,ymidite
8,nocturne,7,nOktyRn
8,relâcher,6,R°laSe
9,violation,8,vjolasj§
9,cafétéria,9,kafeteRja
13,désespérément,11,dezEspeRem@
7,dévorer,6,devoRe
9,faciliter,8,fasilite
5,hibou,3,ibu
5,isolé,5,izole
10,pare-brise,7,paRbRiz
12,reproduction,11,R°pRodyksj§
8,suspense,7,syspEns
6,faucon,4,fok§
5,firme,4,fiRm
4,flux,3,fly
9,impliquer,6,5plike
7,plaider,5,plede
8,coursier,6,kuRsje
10,exemplaire,8,Egz@plER
11,fabrication,10,fabRikasj§
10,hypocrisie,8,ipokRizi
6,pincer,4,p5se
14,administrateur,13,administRat9R
9,bousiller,6,buzije
6,corvée,5,kORve
6,festin,5,fEst5
8,flinguer,5,fl5ge
6,rentré,5,R@tRe
8,touriste,6,tuRist
8,circuler,7,siRkyle
3,doc,3,dOk
11,entre-temps,6,@tR°t@
10,insensible,7,5s@sibl
9,métaphore,7,metafOR
6,orteil,5,ORtEj
6,ruelle,4,R8El
9,vestiaire,7,vEstjER
10,dévouement,6,devum@
8,expulser,8,Ekspylse
7,mention,5,m@sj§
6,oublié,6,ublije
7,parlant,5,paRl@
5,talon,4,tal§
6,émeute,4,em2t
6,amiral,6,amiRal
9,boucherie,6,buS°Ri
12,embarquement,8,@baRk°m@
6,fessée,4,fese
14,habituellement,10,abit8El°m@
9,identique,6,id@tik
9,intendant,5,5t@d@
8,milliard,6,miljaR
12,télécommande,9,telekom@d
5,beurk,4,b9Rk
7,chialer,5,Sjale
8,commando,6,kom@do
5,flanc,3,fl@
7,frotter,5,fRote
12,imprévisible,10,5pRevizibl
10,interprète,8,5tERpREt
10,séparément,8,sepaRem@
9,définitif,9,definitif
9,financier,7,fin@sje
14,laissez-passer,8,lEsepase
5,lèvre,4,lEvR
9,rébellion,7,Rebelj§
6,sierra,5,sjERa
5,sérum,5,seROm
6,tortue,5,tORty
8,problème,7,pRoblEm
7,combien,5,k§bj5
5,doigt,3,dwa
7,reposer,6,R°poze
7,horreur,4,oR9R
7,falloir,6,falwaR
12,heureusement,7,2R2z°m@
7,miracle,6,miRakl
6,énorme,5,enORm
8,échapper,5,eSape
5,démon,4,dem§
8,violence,6,vjol@s
6,succès,5,syksE
5,étage,4,etaZ
8,week-end,6,wikEnd
12,sérieusement,9,seRj2z°m@
9,cigarette,7,sigaREt
4,acte,3,akt
9,désormais,7,dezORmE
7,réparer,6,RepaRe
4,miss,3,mis
4,coup,2,ku
7,voiture,6,vwatyR
6,partir,6,paRtiR
2,eh,1,e
3,mon,2,m§
5,trois,4,tRwa
4,tant,2,t@
7,costume,6,kOstym
5,queue,2,k2
5,front,3,fR§
7,urgence,5,yRZ@s
7,chaleur,5,Sal9R
8,celle-ci,5,sElsi
9,remercier,8,R°mERsje
6,minuit,5,min8i
6,prêtre,5,pREtR
7,flingue,4,fl5g
5,droit,4,dRwa
8,retraite,6,R°tREt
6,proche,4,pROS
5,censé,4,s@se
10,université,10,ynivERsite
2,ça,2,sa
8,ministre,7,ministR
5,champ,2,S@
5,merci,5,mERsi
2,ni,2,ni
4,tous,3,tus
2,au,1,o
5,entre,3,@tR
4,avec,4,avEk
9,naissance,5,nEs@s
7,vitesse,5,vitEs
5,nulle,3,nyl
7,tableau,5,tablo
8,agréable,7,agReabl
4,doux,2,du
5,neige,3,nEZ
4,agir,4,aZiR
5,hiver,4,ivER
9,chauffeur,5,Sof9R
6,source,4,suRs
6,cousin,4,kuz5
6,savoir,6,savwaR
8,recevoir,8,R°s°vwaR
9,découvrir,8,dekuvRiR
8,imaginer,7,imaZine
7,frapper,5,fRape
5,salon,4,sal§
6,mentir,5,m@tiR
4,même,3,mEm
7,travail,6,tRavaj
5,venir,5,v°niR
5,aider,3,ede
11,aujourd'hui,7,oZuRd8i
9,reprendre,7,R°pR@dR
6,paquet,4,pakE
9,sentiment,6,s@tim@
5,adieu,4,adj2
4,mine,3,min
7,million,5,milj§
8,montagne,5,m§taN
7,obtenir,7,Opt°niR
9,réveiller,6,Reveje
12,connaissance,7,konEs@s
8,défendre,6,def@dR
6,nombre,4,n§bR
5,fusil,4,fyzi
7,chemise,5,S°miz
5,utile,4,ytil
3,gaz,3,gaz
6,casser,4,kase
5,poche,3,pOS
7,manteau,4,m@to
5,lundi,4,l1di
5,veste,4,vEst
7,famille,5,famij
4,tard,3,taR
5,ombre,3,§bR
6,coffre,4,kOfR
5,fumer,4,fyme
4,lors,3,lOR
6,amener,5,am°ne
7,parfait,5,paRfE
3,don,2,d§
8,officier,6,ofisje
15,malheureusement,10,mal2R2z°m@
8,tribunal,8,tRibynal
8,pression,6,pREsj§
8,attraper,6,atRape
8,enchanté,5,@S@te
6,oeuvre,3,9vR
8,carrière,6,kaRjER
8,continue,6,k§tiny
3,heu,1,2
12,conversation,10,k§vERsasj§
11,franchement,7,fR@S°m@
9,militaire,7,militER
4,tuer,3,t8e
6,passer,4,pase
8,chercher,5,SERSe
7,assurer,5,asyRe
4,test,4,tEst
5,point,3,pw5
6,gloire,5,glwaR
6,celles,3,sEl
5,vieil,4,vjEj
5,génie,4,Zeni
7,oreille,4,oREj
8,apporter,6,apORte
5,poids,3,pwa
4,bien,3,bj5
8,souffrir,6,sufRiR
7,univers,6,ynivER
8,partager,7,paRtaZe
5,bouge,3,buZ
5,laver,4,lave
5,grand,3,gR@
8,quelques,4,kElk
6,chance,3,S@s
4,idée,3,ide
6,signal,5,siNal
5,gaffe,3,gaf
7,aveugle,5,av9gl
7,sourire,5,suRiR
3,fer,3,fER
8,mensonge,5,m@s§Z
3,hum,2,9m
4,note,3,nOt
7,article,6,aRtikl
5,série,4,seRi
6,talent,4,tal@
7,paradis,6,paRadi
6,valise,5,valiz
5,règle,4,REgl
5,malin,4,mal5
7,trouver,5,tRuve
3,oui,2,wi
4,vélo,4,velo
7,essence,4,es@s
7,joindre,5,Zw5dR
8,identité,7,id@tite
6,chaise,3,SEz
7,enfance,4,@f@s
6,douche,3,duS
7,nerveux,5,nERv2
6,valeur,5,val9R
6,ancien,4,@sj5
5,titre,4,titR
6,amitié,6,amitje
11,débarrasser,8,debaRase
7,fortune,6,fORtyn
6,poulet,4,pulE
9,également,7,egal°m@
5,grâce,4,gRas
4,sous,2,su
4,mois,3,mwa
5,frère,4,fRER
6,rester,5,REste
4,sage,3,saZ
11,intelligent,7,5teliZ@
6,joyeux,5,Zwaj2
6,secret,5,s°kRE
5,taire,3,tER
1,b,2,be
5,soupe,3,sup
8,portable,7,pORtabl
8,pistolet,7,pistolE
5,désir,5,deziR
5,crier,5,kRije
5,haine,2,En
8,pantalon,6,p@tal§
8,aéroport,7,aeRopOR
5,geste,4,ZEst
8,déranger,6,deR@Ze
8,vendredi,7,v@dR°di
3,bel,3,bEl
8,victoire,7,viktwaR
4,soif,4,swaf
4,bleu,3,bl2
3,lac,3,lak
4,allo,3,alo
6,faveur,5,fav9R
5,style,4,stil
7,cellule,5,selyl
6,faible,4,fEbl
4,parc,4,paRk
3,ils,2,il
4,sang,2,s@
4,fuir,4,f8iR
1,t,1,t
9,américain,7,ameRik5
9,là-dessus,6,lad°sy
4,mode,3,mOd
7,passion,5,pasj§
7,manquer,4,m@ke
9,rencontre,6,R@k§tR
6,nouvel,5,nuvEl
5,sucre,4,sykR
6,acteur,5,akt9R
9,troisième,8,tRwazjEm
8,souvenir,7,suv°niR
4,zéro,4,zeRo
7,marrant,4,maR@
6,fiston,5,fist§
6,examen,6,Egzam5
9,puissance,6,p8is@s
4,prof,4,pROf
8,nettoyer,7,netwaje
1,y,1,i
7,méchant,4,meS@
5,offre,3,OfR
10,ordinateur,9,ORdinat9R
5,perte,4,pERt
4,porc,3,pOR
10,permission,8,pERmisj§
4,aube,2,ob
9,supporter,7,sypoRte
9,proximité,10,pROksimite
8,purement,6,pyR°m@
5,chiot,3,Sjo
4,must,4,m9st
6,parano,6,paRano
8,primaire,6,pRimER
6,ulcère,5,ylsER
8,adoption,7,adOpsj§
7,exploit,7,Eksplwa
7,gueuler,4,g9le
8,offrande,5,ofR@d
10,préfecture,9,pRefEktyR
11,égratignure,9,egRatiNyR
8,éprouver,6,epRuve
12,bombardement,9,b§baRd°m@
7,capsule,6,kapsyl
10,chaleureux,6,Sal2R2
5,cobra,5,kobRa
8,démarche,6,demaRS
8,financer,6,fin@se
10,introduire,8,5tRod8iR
8,modestie,7,modEsti
6,récent,4,Res@
7,réjouir,6,ReZwiR
6,slogan,5,slog@
7,éduquer,5,edyke
7,kiosque,5,kjOsk
7,monstre,5,m§stR
5,opium,5,opjOm
9,plastique,7,plastik
15,station-service,12,stasj§sERvis
8,aquarium,8,akwaRjOm
10,différents,6,difeR@
7,foulard,5,fulaR
6,gratos,6,gRatos
13,la plupart de,10,laplypaRd2
7,rejeter,5,R°Zte
4,cuit,3,k8i
11,déguisement,8,degiz°m@
4,iris,4,iRis
10,pourriture,7,puRityR
9,arrogance,6,aRog@s
6,chalet,4,SalE
7,déchiré,6,deSiRe
6,défier,5,defje
7,emparer,5,@paRe
5,gelée,4,Z°le
8,orphelin,6,ORf°l5
5,peser,4,p2ze
7,remonte,5,R°m§t
8,soixante,6,swas@t
8,supposer,6,sypoze
10,suspension,8,sysp@sj§
11,colocataire,9,kolokatER
7,lâcheté,6,laS°te
6,suisse,4,s8is
12,architecture,10,aRSitEktyR
7,baratin,6,baRat5
7,cynique,5,sinik
4,live,3,liv
7,morsure,6,mORsyR
8,proverbe,7,pRovERb
8,regagner,6,R°gaNe
8,acheteur,6,aS°t9R
8,agrandir,7,agR@diR
6,bunker,6,bunkER
9,catalogue,7,katalOg
8,fasciste,6,faSist
11,maintenance,7,m5t°n@s
7,raciste,6,Rasist
8,allusion,6,alyzj§
9,amusement,7,amyz°m@
6,broche,4,bROS
5,cache,3,kaS
7,caverne,6,kavERn
9,décharger,7,deSaRZe
10,décidément,8,desidem@
10,inquiétant,6,5kjet@
8,mexicain,7,mEksik5
3,nul,3,nyl
6,poteau,4,poto
7,sentier,5,s@tje
5,signé,4,siNe
8,trancher,5,tR@Se
4,axis,5,aksis
6,cavale,5,kaval
9,clientèle,8,klij@tEl
6,franco,5,fR@ko
11,gigantesque,8,Zig@tEsk
6,nounou,4,nunu
6,porter,6,pORtER
7,rouleau,4,Rulo
7,spectre,6,spEktR
11,susceptible,9,sysEptibl
8,cendrier,7,s@dRije
12,exploitation,12,Eksplwatasj§
6,infini,5,5fini
10,inventaire,6,5v@tER
6,muscle,5,myskl
5,répit,4,Repi
6,résumé,6,Rezyme
9,braguette,6,bRagEt
10,communiqué,8,komynike
8,conquête,5,k§kEt
7,ecstasy,7,Ekstazi
6,faille,3,faj
7,malsain,5,mals5
11,étrangement,8,etR@Z°m@
9,abandonné,7,ab@done
12,compromettre,9,k§pRomEtR
10,conception,8,k§sEpsj§
9,dictature,8,diktatyR
10,effroyable,9,efRwajabl
8,vêtement,6,vEt°m@
7,envahir,5,@vaiR
11,pourcentage,8,puRs@taZ
5,périr,5,peRiR
9,convaincu,6,k§v5ky
7,entrain,4,@tR5
7,buisson,5,b8is§
10,excitation,9,Eksitasj§
8,fatigant,6,fatig@
2,hi,1,i
7,livreur,6,livR9R
6,louper,4,lupe
8,planquer,5,pl@ke
5,songe,3,s§Z
5,évier,4,evje
5,bonus,5,bonys
8,dévoiler,7,devwale
7,fanfare,5,f@faR
10,imaginaire,8,imaZinER
4,tank,3,t@k
6,homard,4,omaR
10,infanterie,7,5f@t°Ri
6,mineur,5,min9R
9,mécanisme,8,mekanizm
6,poivre,5,pwavR
8,pop-corn,7,pOpkORn
5,serre,3,sER
5,short,4,SORt
7,tribord,6,tRibOR
8,liquider,6,likide
5,pénal,5,penal
8,attentif,6,at@tif
9,chemisier,7,S°mizje
9,comptable,6,k§tabl
8,consulat,6,k§syla
9,formalité,9,fORmalite
10,homosexuel,10,omoseks8El
9,intéressé,7,5teRese
9,marijuana,9,maRiRwana
4,once,2,§s
8,préciser,7,pResize
6,rappel,5,RapEl
4,rite,3,Rit
9,sincérité,8,s5seRite
6,suture,5,sytyR
7,trousse,4,tRus
11,boulangerie,8,bul@Z°Ri
7,cantine,5,k@tin
8,doctorat,7,dOktoRa
5,light,4,lajt
4,néné,4,nene
11,orientation,9,oRj@tasj§
7,sifflet,5,siflE
7,sixième,6,sizjEm
3,ave,3,ave
6,délice,5,delis
4,home,2,om
12,inacceptable,11,inaksEptabl
10,projection,9,pRoZEksj§
5,torse,4,tORs
9,traversée,8,tRavERse
8,vaillant,4,vaj@
5,voulu,4,vuly
10,appartenir,9,apaRt°niR
7,citerne,6,sitERn
8,emballer,5,@bale
4,insu,3,5sy
11,intolérable,9,5toleRabl
10,magnétique,7,maNetik
4,delà,4,d°la
9,fleuriste,7,fl9Rist
5,halte,3,alt
9,kilomètre,8,kilomEtR
5,nommé,4,nome
7,normale,6,nORmal
9,permanent,7,pERman@
10,provenance,8,pRov°n@s
8,rajouter,6,RaZute
7,rebelle,5,R°bEl
9,spaghetti,7,spageti
11,contrebande,8,k§tR°b@d
13,difficilement,10,difisil°m@
10,dissimuler,8,disimyle
6,manuel,6,man8El
9,mi-chemin,6,miS°m5
7,minimum,7,minimOm
10,anesthésie,8,anEstezi
10,astronaute,8,astRonot
8,chaperon,6,Sap°R§
10,combustion,8,k§bystj§
9,connexion,8,konEksj§
10,contagieux,7,k§taZj2
7,coureur,5,kuR9R
8,intégrer,6,5tegRe
9,irlandais,6,iRl@dE
6,labeur,5,lab9R
10,longuement,6,l§g°m@
10,microscope,9,mikRoskOp
8,nounours,6,nunuRs
5,noyau,5,nwajo
7,partage,6,paRtaZ
6,yankee,4,j@ki
9,éclairage,7,eklERaZ
7,disparu,7,dispaRy
8,doublure,6,dublyR
7,endurer,5,@dyRe
5,poney,4,ponE
8,tranchée,5,tR@Se
8,dix-sept,5,disEt
4,drap,3,dRa
10,locomotive,9,lokomotiv
9,prophétie,7,pRofesi
12,raisonnement,8,REzOn°m@
11,réservation,10,RezERvasj§
8,bouillon,4,buj§
8,chargeur,6,SaRZ9R
7,coriace,6,koRjas
6,envoyé,6,@vwaje
4,more,3,mOR
5,roche,3,ROS
7,trouduc,6,tRudyk
7,chiffon,4,Sif§
14,divertissement,11,divERtis°m@
11,immortalité,10,imORtalite
8,ironique,6,iRonik
5,rogne,3,RON
6,abbaye,4,abei
5,atout,3,atu
4,bide,3,bid
6,gringo,5,gRiGo
4,mare,3,maR
2,p.,2,pe
9,quotidien,7,kotidj5
4,roux,2,Ru
8,récolter,7,RekOlte
9,ascension,6,as@sj§
7,avorter,6,avORte
11,bourgeoisie,8,buRZwazi
11,harcèlement,8,aRsEl°m@
9,pratiquer,7,pRatike
5,punch,3,p§S
7,ballade,5,balad
4,clin,3,kl5
10,contourner,7,k§tuRne
10,couvre-feu,7,kuvR°f2
8,faisable,6,f°zabl
10,mayonnaise,7,majonEz
16,merveilleusement,11,mERvEj2z°m@
5,outil,3,uti
2,ra,2,Ra
11,strip-tease,8,stRiptiz
7,banquet,4,b@kE
11,compositeur,9,k§pozit9R
6,foutre,4,futR
12,indifférence,8,5difeR@s
4,jean,4,dZin
6,magnum,6,magnOm
8,réacteur,7,Reakt9R
6,thorax,6,toRaks
12,consultation,10,k§syltasj§
12,contremaître,9,k§tR°mEtR
8,diffuser,6,difyze
11,dérangement,8,deR@Z°m@
12,enseignement,7,@sEN°m@
5,fente,3,f@t
5,fugue,3,fyg
9,hypocrite,7,ipokRit
9,inspecter,7,5spEkte
7,mélodie,6,melodi
11,réconcilier,9,Rek§silje
12,superstition,11,sypERstisj§
7,vigueur,5,vig9R
8,bouillir,5,bujiR
4,diva,4,diva
5,gifle,4,Zifl
4,lacs,3,lak
3,mûr,3,myR
14,principalement,11,pR5sipal°m@
6,revers,5,R°vER
6,sursis,5,syRsi
7,amnésie,6,amnezi
8,camelote,7,kam°lOt
8,natation,7,natasj§
11,psychiatrie,9,psikjatRi
5,recul,5,R°kyl
10,réciproque,8,ResipROk
5,sitôt,4,sito
10,spécifique,8,spesifik
14,volontairement,10,vol§tER°m@
9,étincelle,6,et5sEl
4,coût,2,ku
6,excité,6,Eksite
5,gazon,4,gaz§
7,ici-bas,5,isiba
9,inattendu,7,inat@dy
12,inconvénient,8,5k§venj@
7,lunaire,5,lynER
6,timing,6,tajmiG
7,barbier,6,baRbje
7,corbeau,5,kORbo
11,empoisonner,8,@pwazone
10,légendaire,7,leZ@dER
5,venin,4,v°n5
10,adrénaline,9,adRenalin
10,affectueux,7,afEkt82
7,amateur,6,amat9R
11,composition,9,k§pozisj§
6,consul,5,k§syl
7,couille,3,kuj
9,embaucher,5,@boSe
3,let,2,lE
5,moule,3,mul
2,on,1,§
1,v,2,ve
8,courroux,4,kuRu
7,gorille,5,goRij
6,people,5,pip9l
13,procès-verbal,11,pRosEvERbal
10,alcoolique,7,alkolik
6,brèche,4,bRES
10,concession,7,k§sesj§
4,ding,3,diG
6,décret,5,dekRE
4,grue,3,gRy
1,m,1,m
12,perquisition,10,pERkizisj§
5,sceau,2,so
6,verrou,4,veRu
3,vil,3,vil
1,w,7,dubl°ve
7,abeille,4,abEj
9,collision,7,kolizj§
10,vingt-cinq,6,v5ts5k
9,astucieux,7,astysj2
5,crête,4,kREt
5,enjeu,3,@Z2
6,filtre,5,filtR
2,né,2,ne
9,optimiste,8,Optimist
7,rebours,5,R°buR
13,soigneusement,9,swaN2z°m@
7,tequila,6,tekila
5,thune,3,tyn
7,étendue,5,et@dy
9,chandelle,5,S@dEl
8,citation,7,sitasj§
3,pet,2,pE
8,émouvant,5,emuv@
3,cal,3,kal
6,calife,5,kalif
8,dentaire,5,d@tER
4,gale,3,gal
5,morse,4,mORs
9,parcourir,8,paRkuRiR
13,quelques-unes,8,kElk°zyn
13,spectaculaire,11,spEktakylER
7,apaiser,5,apeze
8,forgeron,7,fORZ°R§
10,fraternité,10,fRatERnite
9,mauviette,6,movjEt
7,meeting,5,mitiG
5,parce,4,paRs
1,q,2,ky
7,bourrer,4,buRe
9,constater,7,k§state
8,hystérie,6,isteRi
8,insolent,5,5sOl@
5,maçon,4,mas§
3,pan,2,p@
11,performance,9,pERfORm@s
4,user,3,yze
5,envoi,4,@vwa
9,maternité,9,matERnite
9,parchemin,7,paRS°m5
11,respectueux,9,REspEkt82
7,retenue,6,R°t°ny
6,crotte,4,kROt
6,crèche,4,kRES
13,hallucination,10,alysinasj§
6,ingrat,4,5gRa
7,liqueur,5,lik9R
5,morue,4,moRy
9,quiconque,5,kik§k
9,redevable,8,R°d°vabl
7,rouvrir,6,RuvRiR
8,spécimen,8,spesimEn
9,tournevis,8,tuRn°vis
7,vacarme,6,vakaRm
8,assommer,5,asome
5,sauna,4,sona
10,scandaleux,7,sk@dal2
6,souche,3,suS
5,speed,4,spid
8,traiteur,6,tREt9R
10,transition,8,tR@zisj§
4,bond,2,b§
8,clémence,6,klem@s
8,démonter,6,dem§te
5,figue,3,fig
5,joker,5,ZokER
8,mendiant,5,m@dj@
10,pleinement,7,plEn°m@
9,protester,8,pRotEste
10,république,8,Repyblik
1,s,2,Es
10,silhouette,6,silwEt
10,thérapeute,7,teRap2t
6,bûcher,4,bySe
6,extase,6,Ekstaz
7,frayeur,6,fREj9R
7,gouffre,4,gufR
7,relâche,5,R°laS
11,cache-cache,6,kaSkaS
10,extinction,9,Ekst5ksj§
6,hanche,2,@S
2,or,2,OR
6,permis,5,pERmi
10,tendrement,7,t@dR°m@
8,triangle,7,tRij@gl
4,unes,2,yn
6,vipère,5,vipER
5,virée,4,viRe
8,écrouler,6,ekRule
9,est-ce qu,5,Es°k°
7,scooter,6,skut9R
3,ado,3,ado
7,balayer,6,baleje
6,expert,6,EkspER
7,goudron,5,gudR§
8,handicap,6,@dikap
12,mutuellement,9,myt8El°m@
7,outrage,5,utRaZ
12,vérification,11,veRifikasj§
7,étonner,5,etone
16,accidentellement,12,aksid@tEl°m@
11,agriculture,10,agRikyltyR
4,brun,3,bR1
7,essuyer,6,es8ije
6,signor,5,siNOR
12,consommation,9,k§somasj§
7,devenir,7,d°v°niR
7,décorer,6,dekoRe
11,déplacement,9,deplas°m@
11,interpréter,9,5tERpRete
10,méchanceté,8,meS@s°te
6,serein,4,s°R5
11,signalement,8,siNal°m@
8,symbiote,6,s5bjOt
10,abonnement,7,abOn°m@
8,anatomie,7,anatomi
8,moquette,5,mokEt
7,pendule,5,p@dyl
11,prétentieux,8,pRet@sj2
6,ragoût,4,Ragu
3,roc,3,ROk
9,réduction,8,Redyksj§
4,sire,3,siR
5,vache,3,vaS
10,évaluation,9,eval8asj§
5,clodo,5,klodo
10,efficacité,9,efikasite
8,infernal,7,5fERnal
6,joueur,4,Zw9R
6,lancer,4,l@se
6,lièvre,5,ljEvR
6,strict,6,stRikt
7,cocotte,5,kokOt
7,engrais,4,@gRE
9,humiliant,6,ymilj@
10,loup-garou,6,lugaRu
11,pleurnicher,8,pl9RniSe
10,talentueux,7,tal@t82
5,tiens,3,tj5
5,tiède,4,tjEd
6,animal,6,animal
7,batteur,5,bat9R
10,champignon,6,S@piN§
8,cultiver,7,kyltive
8,déguiser,6,degize
11,délicatesse,9,delikatEs
12,enthousiaste,8,@tuzjast
8,escadron,7,EskadR§
6,foncer,4,f§se
10,malhonnête,7,malonEt
11,orthographe,8,ORtogRaf
7,rentrée,5,R@tRe
7,acompte,4,ak§t
7,coffrer,5,kofRe
4,dure,3,dyR
4,fado,4,fado
9,imitation,8,imitasj§
5,manif,5,manif
8,naviguer,6,navige
6,chaton,4,Sat§
5,creux,3,kR2
10,espionnage,8,EspjonaZ
6,impoli,5,5poli
7,jacuzzi,6,Zakyzi
7,martyre,6,maRtiR
11,provocation,10,pRovokasj§
8,puanteur,6,p8@t9R
6,ramper,4,R@pe
9,rédacteur,8,Redakt9R
8,éruption,7,eRypsj§
5,canot,4,kano
7,fouiner,5,fwine
4,gala,4,gala
6,hausse,2,os
8,héroïque,5,eRoik
14,nécessairement,10,nesesER°m@
6,restau,5,REsto
9,sculpteur,7,skylt9R
6,voisin,5,vwaz5
10,avancement,7,av@s°m@
3,bio,3,bjo
6,bouffe,3,buf
12,contribution,10,k§tRibysj§
8,croyance,7,kRwaj@s
7,grossir,6,gRosiR
7,sud-est,6,sydEst
8,terminus,8,tERminys
9,équitable,7,ekitabl
11,belle-fille,6,bElfij
10,chaussette,5,SosEt
5,cirer,4,siRe
8,crédible,7,kRedibl
7,doucher,4,duSe
4,guet,2,gE
7,hypnose,5,ipnoz
7,ivresse,5,ivREs
9,locataire,7,lokatER
8,poliment,6,polim@
4,tôle,3,tol
7,épingle,5,ep5gl
7,étagère,6,etaZER
10,amendement,7,am@d°m@
6,annuel,5,an8El
10,déshonneur,7,dezon9R
4,oser,3,oze
8,pancarte,6,p@kaRt
7,procédé,7,pRosede
6,tuteur,5,tyt9R
10,acceptable,9,aksEptabl
4,ados,3,ado
6,chevet,4,S°vE
5,crêpe,4,kREp
8,durement,6,dyR°m@
8,embrasse,5,@bRas
10,immobilier,8,imobilje
11,introuvable,8,5tRuvabl
5,loser,4,loze
4,nazi,4,nazi
6,niquer,4,nike
3,off,2,Of
11,regrettable,9,R°gREtabl
6,spider,7,spajd9R
7,volupté,7,volypte
8,érection,7,eREksj§
9,évènement,7,evEn°m@
4,amen,4,amEn
6,choisi,5,Swazi
8,escalade,7,Eskalad
4,expo,5,Ekspo
5,jetée,4,Z°te
8,refermer,7,R°fERme
3,sas,2,sa
6,sonore,5,sonOR
11,transaction,9,tR@zaksj§
3,age,2,aZ
7,centime,5,s@tim
9,diligence,7,diliZ@s
5,hutte,2,yt
10,itinéraire,8,itineRER
11,journalisme,9,ZuRnalizm
6,milice,5,milis
10,navigation,9,navigasj§
7,obscène,5,OpsEn
6,pantin,4,p@t5
7,peluche,5,p°lyS
10,poignarder,8,pwaNaRde
8,revendre,6,R°v@dR
6,tienne,4,tjEn
4,yang,3,j@g
6,cendre,4,s@dR
12,entrepreneur,10,@tR°pR°n9R
9,fraîcheur,6,fRES9R
5,gnôle,3,Nol
6,levier,5,l°vje
6,palier,5,palje
10,résolution,9,Rezolysj§
8,semestre,7,s°mEstR
10,archevêque,7,aRS°vEk
8,croisade,7,kRwazad
9,démontrer,7,dem§tRe
10,détonateur,9,detonat9R
9,emballage,6,@balaZ
6,hormis,4,ORmi
12,horriblement,8,oRibl°m@
9,nouveauté,6,nuvote
8,sanglant,5,s@gl@
9,trentaine,6,tR@tEn
5,égout,3,egu
6,boucan,4,buk@
9,effondrer,6,ef§dRe
4,fief,4,fjEf
6,junkie,5,Z9nki
6,bagage,5,bagaZ
8,enseigne,4,@sEN
5,gomme,3,gOm
11,hors-la-loi,7,ORlalwa
8,inhumain,5,inym5
8,inspirer,6,5spiRe
10,paragraphe,8,paRagRaf
10,procession,8,pRosesj§
8,remédier,7,R°medje
11,réconforter,9,Rek§fORte
6,souple,4,supl
6,vessie,4,vesi
6,exquis,5,Ekski
6,légume,5,legym
11,obstruction,10,OpstRyksj§
7,poulain,4,pul5
11,secrètement,9,s°kREt°m@
10,assurément,7,asyRem@
7,cascade,6,kaskad
9,champagne,5,S@paN
8,coquille,5,kokij
7,costard,6,kOstaR
6,dépens,4,dep@
7,fouille,3,fuj
10,influencer,7,5fly@se
5,mulet,4,mylE
9,paresseux,6,paREs2
10,pharmacien,8,faRmasj5
8,prospère,7,pROspER
6,renvoi,5,R@vwa
5,rosée,4,Roze
4,sève,3,sEv
6,tombée,4,t§be
7,emprunt,4,@pR1
5,geler,4,Z°le
9,gouverner,7,guvERne
7,léopard,6,leopaR
6,milady,6,miledi
6,please,4,pliz
8,réclamer,7,Reklame
11,cambrioleur,10,k@bRijol9R
5,globe,4,glOb
7,gonfler,5,g§fle
9,nettement,6,nEt°m@
3,rap,3,Rap
9,refroidir,9,R°fRwadiR
4,yoga,4,joga
9,applaudir,7,aplodiR
9,autoriser,7,otoRize
4,caca,4,kaka
8,chouchou,4,SuSu
6,crasse,4,kRas
3,cru,3,kRy
7,flotter,5,flote
6,forger,5,fORZe
6,hétéro,5,eteRo
10,manifester,9,manifEste
6,satané,6,satane
3,tac,3,tak
4,topo,4,topo
5,truie,4,tR8i
7,capital,7,kapital
7,carbone,6,kaRbOn
9,matricule,8,matRikyl
7,millier,5,milje
8,minorité,8,minoRite
8,alphabet,6,alfabE
5,boxer,5,bOkse
9,concevoir,8,k§s°vwaR
6,organe,5,ORgan
6,sabbat,4,saba
10,émotionnel,9,emosjonEl
12,affreusement,8,afR2z°m@
6,artère,5,aRtER
6,asthme,3,asm
6,exiger,6,EgziZe
7,ficelle,5,fisEl
8,garnison,7,gaRniz§
11,inquisition,8,5kizisj§
8,supplice,6,syplis
8,allergie,6,alERZi
9,bourgeois,6,buRZwa
5,doyen,5,dwaj5
7,hot-dog,5,OtdOg
7,jacques,3,Zak
4,pôle,3,pol
14,transformation,12,tR@sfORmasj§
7,affront,4,afR§
12,délibérément,10,delibeRem@
10,délégation,9,delegasj§
7,effrayé,6,efREje
4,gold,4,gOld
9,intensité,7,5t@site
13,participation,12,paRtisipasj§
10,perpétuité,10,pERpet8ite
6,saveur,5,sav9R
10,simulation,9,simylasj§
8,totalité,8,totalite
6,brandy,5,bR@di
8,condamné,6,k§dane
5,crevé,5,kR°ve
6,dégueu,4,deg2
9,imprudent,6,5pRyd@
12,involontaire,8,5vol§tER
6,livret,5,livRE
9,maquiller,6,makije
10,nomination,9,nominasj§
6,par-ci,5,paRsi
3,pop,3,pOp
7,athlète,5,atlEt
6,aumône,4,omon
6,béguin,4,beg5
8,calculer,7,kalkyle
12,conformément,9,k§fORmem@
9,excursion,9,EkskyRsj§
10,projecteur,9,pRoZEkt9R
8,retarder,7,R°taRde
8,révision,7,Revizj§
8,tripoter,7,tRipote
6,appelé,5,ap°le
5,banjo,5,b@dZo
6,cookie,4,kuki
12,demi-million,9,d2mimilj§
8,diverses,6,divERs
10,déchiffrer,7,deSifRe
2,dû,2,dy
7,emprise,5,@pRiz
6,moeurs,4,m9Rs
5,orgue,3,ORg
7,partant,5,paRt@
7,proprio,8,pRopRijo
10,prospérité,10,pROspeRite
7,ralenti,6,Ral@ti
11,redescendre,8,R°des@dR
7,épargne,5,epaRN
9,charlatan,7,SaRlat@
7,définir,7,definiR
10,exterminer,10,EkstERmine
8,musicien,7,myzisj5
7,portier,6,pORtje
6,potage,5,potaZ
8,renaître,6,R°nEtR
7,sorcier,6,sORsje
8,équipier,6,ekipje
9,audacieux,6,odasj2
11,exclusivité,12,Eksklyzivite
6,foetus,5,fetys
9,gaspiller,7,gaspije
7,hospice,5,Ospis
7,prêcher,5,pReSe
9,remporter,7,R@pORte
2,ré,2,Re
10,eau-de-vie,5,od°vi
5,râler,4,Rale
3,set,3,sEt
6,tourne,4,tuRn
7,tutoyer,7,tytwaje
5,baver,4,bave
8,consigne,5,k§siN
6,craché,5,kRaSe
8,dentelle,5,d@tEl
6,désert,5,dezER
9,portugais,7,pORtygE
7,potence,5,pot@s
6,redire,5,R°diR
7,traquer,5,tRake
11,violoncelle,8,vjol§sEl
8,érotique,6,eRotik
6,coincé,5,kw5se
10,contredire,8,k§tR°diR
9,tolérance,7,toleR@s
7,traître,5,tREtR
7,trouble,5,tRubl
9,accordéon,7,akORde§
6,camper,4,k@pe
6,cobaye,5,kobaj
7,détroit,6,detRwa
8,escorter,7,EskORte
12,interdiction,10,5tERdiksj§
4,mono,4,mono
10,motivation,9,motivasj§
6,piaule,4,pjol
9,radiateur,8,Radjat9R
7,repaire,5,R°pER
11,ridiculiser,10,Ridikylize
6,schéma,4,Sema
7,siffler,5,sifle
11,vocabulaire,9,vokabylER
10,argenterie,8,aRZ@t°Ri
8,armement,6,aRm°m@
6,aurore,4,oROR
6,cachot,4,kaSo
8,flagrant,6,flagR@
11,informateur,9,5fORmat9R
4,lave,3,lav
5,nappe,3,nap
5,paroi,5,paRwa
8,reporter,8,R°poRtER
6,tirage,5,tiRaZ
5,bluff,4,bl9f
8,briefing,6,bRifiG
4,cale,3,kal
7,compote,5,k§pOt
9,consommer,6,k§some
8,enrichir,6,@RiSiR
9,entourage,6,@tuRaZ
4,gêne,3,ZEn
8,harceler,6,aRs°le
9,impulsion,7,5pylsj§
7,lugubre,6,lygybR
8,pétition,7,petisj§
6,réussi,5,Reysi
4,shit,3,Sit
7,toxique,6,tOksik
4,part,3,paR
3,eux,1,2
8,histoire,6,istwaR
8,question,6,kEstj§
3,eau,1,o
9,longtemps,4,l§t@
7,échange,4,eS@Z
7,connard,5,konaR
8,patience,6,pasj@s
4,vers,3,vER
8,nombreux,5,n§bR2
6,whisky,5,wiski
6,jaloux,4,Zalu
4,chut,3,Syt
6,humeur,4,ym9R
8,français,5,fR@sE
12,propriétaire,11,pRopRijetER
7,fantôme,5,f@tom
5,forêt,4,foRE
5,gorge,4,gORZ
9,davantage,7,dav@taZ
6,palais,4,palE
5,accès,4,aksE
4,fait,2,fE
5,vingt,2,v5
6,caisse,3,kEs
6,excuse,6,Ekskyz
10,secrétaire,8,s°kRetER
4,port,3,pOR
4,épée,3,epe
5,unité,5,ynite
9,mouvement,6,muv°m@
6,signer,4,siNe
5,leçon,4,l°s§
5,trace,4,tRas
5,sacré,5,sakRe
5,coupe,3,kup
5,croix,4,kRwa
9,cimetière,8,sim°tjER
4,gars,2,ga
5,porte,4,pORt
2,hé,1,e
6,putain,4,pyt5
6,enfant,3,@f@
4,main,2,m5
2,se,2,s°
4,beau,2,bo
4,type,3,tip
3,cas,2,ka
5,place,4,plas
3,fac,3,fak
4,star,4,staR
5,corde,4,kORd
5,cesse,3,sEs
7,évident,5,evid@
6,saison,4,sEz§
5,cible,4,sibl
6,double,4,dubl
9,procureur,8,pRokyR9R
10,totalement,8,total°m@
9,lendemain,6,l@d°m5
3,bal,3,bal
9,frontière,7,fR§tjER
9,personnel,8,pERsonEl
5,chéri,4,SeRi
10,convaincre,6,k§v5kR
7,opinion,6,opinj§
6,chaîne,3,SEn
10,abandonner,7,ab@done
4,labo,4,labo
8,bataille,5,bataj
5,somme,3,sOm
10,évidemment,7,evidam@
9,vous-même,5,vumEm
7,rivière,6,RivjER
5,créer,4,kRee
8,revolver,8,RevOlvER
11,grand-chose,6,gR@Soz
9,seulement,6,s9l°m@
5,ville,3,vil
5,voici,5,vwasi
4,leur,3,l9R
5,salut,4,saly
5,terre,3,tER
4,truc,4,tRyk
6,police,5,polis
5,suite,4,s8it
2,ce,2,s2
5,faire,3,fER
6,mettre,4,mEtR
9,inquiéter,6,5kjete
7,général,7,ZeneRal
7,cadavre,6,kadavR
4,fort,3,fOR
5,maire,3,mER
9,printemps,5,pR5t@
9,vengeance,5,v@Z@s
8,émission,6,emisj§
8,champion,5,S@pj§
4,pour,3,puR
5,cents,2,s@
5,herbe,3,ERb
8,respirer,7,REspiRe
6,ménage,5,menaZ
5,piège,4,pjEZ
8,charmant,5,SaRm@
7,pousser,4,puse
8,approche,5,apROS
7,tromper,5,tR§pe
5,frais,3,fRE
3,sec,3,sEk
4,égal,4,egal
7,retirer,6,R°tiRe
5,pause,3,poz
6,siècle,5,sjEkl
7,théorie,5,teoRi
6,ballon,4,bal§
3,job,4,dZOb
8,jeunesse,5,Z9nEs
11,disparaître,9,dispaREtR
11,imagination,10,imaZinasj§
4,poil,4,pwal
4,race,3,Ras
10,changement,6,S@Z°m@
5,enfin,3,@f5
5,matin,4,mat5
7,chambre,4,S@bR
6,là-bas,4,laba
6,revoir,6,R°vwaR
10,construire,8,k§stR8iR
10,surveiller,7,syRveje
5,taule,3,tol
11,recommencer,8,R°kom@se
9,autrefois,7,otR°fwa
4,date,3,dat
5,objet,4,ObZE
7,étudier,6,etydje
10,facilement,8,fasil°m@
4,sexy,5,seksi
6,bosser,4,bose
7,monnaie,4,monE
9,cauchemar,7,koS°maR
9,véritable,8,veRitabl
6,urgent,4,yRZ@
11,directement,9,diREkt°m@
5,souci,4,susi
7,station,6,stasj§
1,i,1,i
6,membre,4,m@bR
10,demi-heure,6,d°mi9R
1,f,2,Ef
5,lapin,4,lap5
7,souffle,4,sufl
3,hop,2,Op
7,concert,5,k§sER
10,couverture,8,kuvERtyR
10,rapidement,8,Rapid°m@
9,lentement,6,l@t°m@
4,nana,4,nana
3,pur,3,pyR
7,sergent,5,sERZ@
9,permettre,7,pERmEtR
7,refaire,5,R°fER
11,monseigneur,7,m§sEN9R
6,pensée,4,p@se
7,libérer,6,libeRe
5,bague,3,bag
5,péché,4,peSe
8,distance,6,dist@s
7,curieux,5,kyRj2
14,responsabilité,13,REsp§sabilite
5,fuite,4,f8it
4,papa,4,papa
4,mari,4,maRi
8,ensemble,5,@s@bl
3,mec,3,mEk
3,toi,3,twa
3,peu,2,p2
4,côté,4,kote
5,corps,3,kOR
5,celui,5,s°l8i
7,célèbre,6,selEbR
6,emploi,5,@plwa
5,foule,3,ful
9,ambulance,6,@byl@s
8,attaquer,5,atake
4,côte,3,kot
5,filer,4,file
8,peinture,5,p5tyR
6,crédit,5,kRedi
6,vision,5,vizj§
6,région,5,ReZj§
5,virer,4,viRe
3,pot,2,po
5,terme,4,tERm
7,fromage,6,fRomaZ
5,moche,3,mOS
4,pédé,4,pede
9,condition,7,k§disj§
5,magie,4,maZi
4,joue,2,Zu
8,semblant,5,s@bl@
5,asile,4,azil
4,chou,2,Su
5,prier,5,pRije
10,télévision,9,televizj§
10,traitement,7,tREt°m@
7,affreux,4,afR2
7,suicide,6,s8isid
8,poitrine,7,pwatRin
7,science,4,sj@s
6,crever,5,kR°ve
7,amusant,5,amyz@
11,reconnaître,8,R°konEtR
7,traiter,5,tRete
9,maîtresse,6,mEtREs
5,fleur,4,fl9R
5,tâche,3,taS
4,demi,4,d°mi
4,page,3,paZ
8,résultat,7,Rezylta
8,exploser,8,Eksploze
11,raisonnable,8,REzonabl
6,madame,5,madam
4,loin,3,lw5
6,chaque,3,Sak
5,train,3,tR5
5,leurs,3,l9R
7,laisser,4,lese
6,charge,4,SaRZ
9,contrôler,7,k§tRole
6,miroir,6,miRwaR
9,politique,7,politik
11,accompagner,7,ak§paNe
5,russe,3,Rys
7,couloir,6,kulwaR
4,vert,3,vER
7,profond,5,pRof§
11,enterrement,7,@tER°m@
5,rater,4,Rate
9,existence,8,Egzist@s
6,sombre,4,s§bR
5,lâche,3,laS
5,sport,4,spOR
11,explication,11,Eksplikasj§
5,jeudi,4,Z2di
7,secteur,6,sekt9R
5,brave,4,bRav
10,malheureux,6,mal2R2
3,tir,3,tiR
6,manque,3,m@k
8,empereur,6,@p°R9R
6,parfum,5,paRf1
9,atteindre,5,at5dR
6,garage,5,gaRaZ
3,mai,2,mE
9,assurance,6,asyR@s
11,journaliste,9,ZuRnalist
6,fièvre,5,fjEvR
9,forcément,7,fORsem@
6,vierge,5,vjERZ
5,hélas,4,elas
3,rat,2,Ra
11,fantastique,8,f@tastik
4,foot,3,fut
7,royaume,6,Rwajom
3,car,3,kaR
2,ma,2,ma
5,jeune,3,Z9n
2,ok,3,oke
6,mourir,5,muRiR
3,lui,3,l8i
5,virus,5,viRys
4,réel,4,ReEl
4,ours,3,uRs
6,marque,4,maRk
11,information,9,5fORmasj§
8,concours,5,k§kuR
10,protection,9,pRotEksj§
6,chèque,3,SEk
6,führer,5,fyR9R
5,panne,3,pan
5,avant,3,av@
7,prudent,5,pRyd@
5,donne,3,dOn
5,noble,4,nObl
7,période,6,peRjOd
14,extraordinaire,13,EkstRaORdinER
5,siège,4,sjEZ
6,exprès,6,EkspRE
5,vidéo,5,video
8,cassette,5,kasEt
5,poule,3,pul
8,innocent,5,inos@
4,lien,3,lj5
6,mandat,4,m@da
4,haut,1,o
14,la plupart des,10,laplypaRdE
5,barbe,4,baRb
8,courrier,5,kuRje
6,patrie,5,patRi
8,médecine,6,mEdsin
5,amant,3,am@
6,effort,4,efOR
6,prénom,5,pRen§
6,masque,4,mask
8,humanité,7,ymanite
6,brûler,5,bRyle
3,bye,3,baj
9,explosion,9,Eksplozj§
10,révolution,9,Revolysj§
7,estomac,6,Estoma
8,blessure,6,blesyR
7,anglais,4,@glE
8,adorable,7,adoRabl
5,jouer,3,Zwe
5,coeur,3,k9R
4,hier,3,jER
7,docteur,6,dOkt9R
7,salaire,5,salER
6,cirque,4,siRk
9,remplacer,7,R@plase
4,bite,3,bit
5,ferme,4,fERm
5,prise,4,pRiz
7,mystère,6,mistER
5,neveu,4,n°v2
6,calmer,5,kalme
9,ascenseur,6,as@s9R
5,océan,4,ose@
8,religion,7,R°liZj§
7,soigner,5,swaNe
4,rire,3,RiR
10,entreprise,8,@tR°pRiz
7,attente,4,at@t
3,bah,2,ba
9,poussière,6,pusjER
9,installer,6,5stale
9,traverser,8,tRavERse
8,bâtiment,6,batim@
6,enculé,5,@kyle
10,excellence,7,EksEl@s
4,abri,4,abRi
7,avancer,5,av@se
8,puissant,5,p8is@
8,portrait,6,pORtRE
7,inviter,5,5vite
4,moto,4,moto
4,rare,3,RaR
6,oublie,4,ubli
8,aventure,6,av@tyR
8,profiter,7,pRofite
6,figure,5,figyR
5,mener,4,m°ne
8,survivre,7,syRvivR
5,mardi,5,maRdi
3,jus,2,Zy
6,cancer,5,k@sER
8,boutique,5,butik
8,chouette,4,SwEt
4,foie,3,fwa
4,file,3,fil
5,lampe,3,l@p
10,partenaire,8,paRt°nER
7,répéter,6,Repete
7,piscine,5,pisin
7,origine,6,oRiZin
10,communauté,8,komynote
6,poudre,4,pudR
7,nourrir,5,nuRiR
2,qu,1,k
6,poupée,4,pupe
7,absence,5,aps@s
6,écoute,4,ekut
10,commission,7,komisj§
5,lutte,3,lyt
5,genre,3,Z@R
5,cause,3,koz
6,guerre,3,gER
5,façon,4,fas§
2,si,2,si
5,envie,3,@vi
6,plutôt,5,plyto
7,aimable,5,Emabl
5,digne,3,diN
3,feu,2,f2
6,quinze,3,k5z
6,fiancé,5,fj@se
10,uniquement,7,ynik°m@
7,surface,6,syRfas
7,magique,5,maZik
5,douze,3,duz
7,au-delà,5,od°la
9,cérémonie,8,seRemoni
9,pardonner,7,paRdone
6,étoile,5,etwal
7,divorce,6,divORs
5,singe,3,s5Z
7,absurde,6,apsyRd
7,traîner,5,tRene
4,rock,3,ROk
6,livrer,5,livRe
3,pub,3,p9b
8,attitude,6,atityd
7,refuser,6,R°fyze
3,for,3,fOR
6,bouton,4,but§
8,chasseur,5,Sas9R
8,réaction,7,Reaksj§
7,visiter,6,vizite
7,bagnole,5,baNOl
8,annoncer,5,an§se
10,réputation,9,Repytasj§
8,sensible,6,s@sibl
6,menace,5,m°nas
9,récemment,6,Resam@
13,naturellement,10,natyREl°m@
6,mesure,5,m°zyR
4,plus,4,plys
5,chute,3,Syt
2,là,2,la
5,ainsi,3,5si
7,affaire,4,afER
6,aucune,4,okyn
5,merde,4,mERd
5,reste,4,REst
4,pays,3,pei
4,ceux,2,s2
7,réussir,6,ReysiR
4,loup,2,lu
9,combattre,6,k§batR
10,gouverneur,8,guvERn9R
6,studio,6,stydjo
3,sel,3,sEl
6,venger,4,v@Ze
5,vente,3,v@t
8,escalier,7,Eskalje
7,serpent,5,sERp@
8,résoudre,6,RezudR
7,comédie,6,komedi
7,qualité,6,kalite
6,pisser,4,pise
6,enfuir,5,@f8iR
5,rêver,4,Reve
9,détective,8,detEktiv
8,écrivain,6,ekRiv5
7,appétit,5,apeti
4,fini,4,fini
10,personnage,8,pERsonaZ
6,bijoux,4,biZu
9,délicieux,7,delisj2
5,durer,4,dyRe
3,moi,3,mwa
5,quart,3,kaR
10,romantique,7,Rom@tik
8,promesse,6,pRomEs
9,éducation,8,edykasj§
8,créature,7,kReatyR
6,tenter,4,t@te
6,agence,4,aZ@s
8,mercredi,8,mERkR°di
11,normalement,9,nORmal°m@
6,disque,4,disk
7,séparer,6,sepaRe
5,essai,3,esE
5,garce,4,gaRs
5,huile,3,8il
9,courageux,6,kuRaZ2
10,téléphoner,8,telefone
6,précis,5,pResi
5,tapis,4,tapi
9,cependant,6,s°p@d@
2,ho,1,o
5,cieux,3,sj2
10,souffrance,6,sufR@s
7,tension,5,t@sj§
6,fidèle,5,fidEl
5,fêter,4,fete
8,promener,6,pROmne
5,bulle,3,byl
7,casting,6,kastiG
6,commis,4,komi
7,gagnant,4,gaN@
12,inauguration,10,inogyRasj§
7,activer,6,aktive
8,arrogant,5,aRog@
10,au-dessous,5,od°su
6,masser,4,mase
4,pion,3,pj§
7,romance,5,Rom@s
9,stupidité,9,stypidite
8,tourisme,6,tuRizm
7,tremper,5,tR@pe
4,vomi,4,vomi
11,capitalisme,10,kapitalizm
10,chancelier,7,S@s2lje
8,couillon,4,kuj§
8,entrevue,6,@tR°vy
9,mutinerie,8,mytin°Ri
11,paranoïaque,9,paRanojak
6,radeau,4,Rado
10,reconduire,8,R°k§d8iR
8,secourir,7,s°kuRiR
5,antre,3,@tR
9,assassiné,7,asasine
12,consentement,8,k§s@t°m@
6,copier,5,kopje
7,immoral,6,imoRal
11,impératrice,9,5peRatRis
6,manier,5,manje
10,négligence,8,negliZ@s
5,penny,4,peni
7,pinceau,4,p5so
9,pénitence,7,penit@s
7,radical,7,Radikal
8,recoudre,6,R°kudR
6,rigide,5,RiZid
6,tampon,4,t@p§
4,tata,4,tata
7,tolérer,6,toleRe
7,égorger,6,egORZe
7,émettre,5,emEtR
6,enclos,4,@klo
7,endormi,6,@dORmi
8,inculper,6,5kylpe
6,porche,4,pORS
8,reporter,7,R°pORte
6,sonate,5,sonat
7,torchon,5,tORS§
10,traducteur,9,tRadykt9R
8,trinquer,5,tR5ke
5,bétel,5,betEl
6,clause,4,kloz
10,contrainte,6,k§tR5t
5,coupé,4,kupe
6,donjon,4,d§Z§
2,ha,1,a
6,piment,4,pim@
11,ressusciter,8,Resysite
13,réfrigérateur,12,RefRiZeRat9R
9,tee-shirt,6,tiS9Rt
7,tonneau,4,tono
8,tourment,5,tuRm@
8,troubler,6,tRuble
6,voyeur,6,vwaj9R
7,capture,6,kaptyR
4,poli,4,poli
7,tailler,4,taje
7,anxiété,7,@ksjete
7,cricket,6,kRikEt
7,décence,5,des@s
7,guichet,4,giSE
8,immunité,7,imynite
10,invincible,7,5v5sibl
6,luxure,6,lyksyR
7,moineau,5,mwano
8,soucoupe,5,sukup
2,su,2,sy
4,tell,3,tEl
7,bruyant,6,bR8ij@
9,casserole,7,kas°ROl
7,flirter,6,fl9Rte
10,impensable,7,5p@sabl
10,infraction,8,5fRaksj§
9,offensive,6,of@siv
7,peinard,5,pEnaR
5,samba,4,s@ba
10,sentinelle,7,s@tinEl
8,vinaigre,6,vinEgR
10,violoniste,9,vjolonist
8,absenter,6,aps@te
5,agité,5,aZite
3,axe,3,aks
8,branleur,6,bR@l9R
10,charitable,8,SaRitabl
10,contempler,7,k§t@ple
8,cérébral,8,seRebRal
7,frousse,4,fRus
11,grille-pain,6,gRijp5
3,gui,2,gi
9,ingénieux,6,5Zenj2
9,pacifique,7,pasifik
7,peloter,6,p°lote
12,restauration,10,REstoRasj§
8,rubrique,6,RybRik
10,tsarévitch,9,tsaRevitS
6,étoffe,4,etOf
7,évoluer,6,evol8e
11,brutalement,9,bRytal°m@
8,fatiguer,6,fatige
6,limace,5,limas
14,recommandation,11,R°kom@dasj§
8,reproche,6,R°pROS
9,vainqueur,5,v5k9R
11,adolescence,8,adoles@s
8,civilisé,8,sivilize
8,collecte,6,kolEkt
8,immortel,7,imORtEl
5,jeton,4,Z°t§
9,menuisier,8,m2n8izje
9,meurtrier,8,m9RtRije
9,partition,8,paRtisj§
5,placé,5,plase
8,reparler,7,R°paRle
9,souffrant,5,sufR@
6,utérus,6,yteRys
7,élevage,6,El°vaZ
11,attachement,7,ataS°m@
9,brutalité,9,bRytalite
7,censure,5,s@syR
12,centre-ville,8,s@tR°vil
8,composer,6,k§poze
6,défunt,4,def1
11,marionnette,8,maRjonEt
6,motion,5,mosj§
8,redonner,6,R°done
10,solidarité,10,solidaRite
6,yaourt,5,jauRt
8,associer,6,asosje
6,cactus,6,kaktys
8,caniveau,6,kanivo
6,cochon,4,koS§
9,confrérie,7,k§fReRi
11,convaincant,6,k§v5k@
8,exagérer,8,EgzaZeRe
8,exotique,7,Egzotik
7,lecteur,6,lEkt9R
10,mentionner,7,m@sjone
5,rendu,4,R@dy
11,réalisation,10,Realizasj§
4,crac,4,kRak
9,déprimant,7,depRim@
3,fun,3,fyn
6,hernie,4,ERni
6,plasma,6,plasma
10,porcelaine,8,pORs°lEn
8,vertueux,6,vERt82
9,approprié,9,apRopRije
7,commune,5,komyn
8,diarrhée,5,djaRe
9,effectuer,7,efEkt8e
8,embauche,4,@boS
11,escroquerie,9,EskROk°Ri
8,infidèle,6,5fidEl
5,islam,5,islam
4,lobe,3,lOb
8,marmotte,6,maRmOt
8,primitif,8,pRimitif
7,saboter,6,sabote
6,sachet,4,saSE
11,ventilation,9,v@tilasj§
10,antéchrist,8,@tekRist
7,anxieux,5,@ksj2
5,arche,3,aRS
5,belge,4,bElZ
12,compensation,9,k§p@sasj§
6,effroi,5,efRwa
9,fourrière,6,fuRjER
5,galop,4,galo
7,morbide,6,mORbid
9,mécanique,7,mekanik
7,pendant,4,p@d@
7,perdrix,6,pERdRi
4,raté,4,Rate
7,semelle,5,s°mEl
6,crypte,5,kRipt
8,imprimer,6,5pRime
12,millionnaire,8,miljonER
4,raid,3,REd
9,rédaction,8,Redaksj§
10,soupçonner,7,supsone
8,tournure,6,tuRnyR
8,éventail,6,ev@taj
9,amabilité,9,amabilite
5,battu,4,baty
4,boom,3,bum
9,distingué,7,dist5ge
6,gaieté,4,gete
10,gouvernail,8,guvERnaj
5,quand,2,k@
9,rassurant,6,RasyR@
10,seigneurie,6,sEN9Ri
6,vernis,5,vERni
5,viril,5,viRil
7,bistrot,6,bistRo
11,distraction,10,distRaksj§
8,héberger,6,ebERZe
7,pudding,5,pudiG
10,violemment,7,vjolam@
5,animé,5,anime
8,autruche,5,otRyS
7,bandage,5,b@daZ
10,clandestin,8,kl@dEst5
9,clarifier,8,klaRifje
8,débarras,6,debaRa
9,entretuer,7,@tR°tye
10,importuner,8,5pORtyne
10,improviser,8,5pRovize
9,irruption,7,iRypsj§
5,miser,4,mize
8,organisé,8,ORganize
3,pin,2,p5
13,pénitentiaire,10,penit@sjER
9,repeindre,6,R°p5dR
7,sacoche,5,sakOS
8,tabouret,6,tabuRE
7,because,5,bikoz
8,bravoure,6,bRavuR
8,européen,6,2Rope5
6,fourmi,5,fuRmi
7,magnéto,6,maNeto
6,nickel,5,nikEl
9,pendaison,6,p@dEz§
5,brûlé,5,bRyle
7,cortège,6,kORtEZ
6,danois,5,danwa
12,diplomatique,10,diplomatik
6,dérive,5,deRiv
7,express,7,EkspREs
10,improbable,8,5pRobabl
11,nationalité,11,nasjonalite
6,tordre,5,tORdR
7,abdomen,7,abdomEn
9,abondance,6,ab§d@s
9,autonomie,7,otonomi
7,brosser,5,bRose
10,cellulaire,7,selylER
8,confrère,6,k§fRER
6,lucide,5,lysid
7,martini,7,maRtini
8,naufrage,6,nofRaZ
5,parlé,5,paRle
10,prudemment,7,pRydam@
7,requiem,8,Rek8ijEm
8,anomalie,7,anomali
6,avancé,5,av@se
6,couché,4,kuSe
7,démence,5,dem@s
13,détermination,12,detERminasj§
5,litre,4,litR
8,mystique,6,mistik
12,nationalisme,11,nasjonalizm
10,prometteur,8,pRomEt9R
11,renaissance,7,R°nEs@s
6,sherry,4,SERi
10,simplicité,9,s5plisite
9,triompher,7,tRij§fe
6,trèfle,5,tREfl
7,évaluer,6,eval8e
6,astuce,5,astys
8,conserve,6,k§sERv
12,débarquement,9,debaRk°m@
7,enfiler,5,@file
11,gymnastique,9,Zimnastik
5,ligue,3,lig
7,marshal,6,maRSal
5,puant,3,p8@
8,retomber,6,R°t§be
11,supposition,9,sypozisj§
6,trompe,4,tR§p
6,arrêté,5,aRete
5,bocal,5,bokal
9,brigadier,8,bRigadje
12,compréhensif,9,k§pRe@sif
10,coéquipier,8,koekipje
8,escargot,7,EskaRgo
11,frustration,10,fRystRasj§
5,guêpe,3,gEp
7,merdeux,5,mERd2
13,politiquement,10,politik°m@
9,porcherie,7,pORS°Ri
10,pouffiasse,6,pufjas
9,séminaire,7,seminER
7,épicier,6,episje
6,agiter,5,aZite
10,contrarier,8,k§tRaRje
8,débauche,5,deboS
7,entente,4,@t@t
7,fertile,6,fERtil
4,hard,3,aRd
10,méditation,9,meditasj§
4,mémo,4,memo
10,succession,8,syksesj§
4,suer,3,s8e
13,universitaire,11,ynivERsitER
8,bancaire,5,b@kER
8,boussole,5,busOl
7,branché,5,bR@Se
8,calomnie,7,kalOmni
10,collaborer,8,kolaboRe
10,conducteur,8,k§dykt9R
8,divertir,8,divERtiR
6,girafe,5,ZiRaf
10,incapacité,9,5kapasite
7,instant,4,5st@
5,lisse,3,lis
9,magistrat,8,maZistRa
8,maternel,8,matERnEl
7,mosquée,5,mOske
11,négociation,10,negosjasj§
8,plongeon,5,pl§Z§
8,poulette,5,pulEt
9,radiation,8,Radjasj§
5,rejet,4,R°ZE
7,support,5,sypOR
7,édifice,6,edifis
9,employeur,8,@plwaj9R
9,hostilité,8,Ostilite
5,logis,4,loZi
5,river,4,Rive
8,braiment,5,bREm@
10,domestique,8,domEstik
9,expertise,9,EkspERtiz
14,fonctionnement,10,f§ksjOn°m@
9,insolence,6,5sol@s
10,notre-dame,8,nOtR°dam
5,quasi,4,kazi
5,radin,4,Rad5
12,sensationnel,10,s@sasjonEl
6,trique,4,tRik
4,zizi,4,zizi
9,branlette,6,bR@lEt
10,industriel,10,5dystRijEl
6,pinson,4,p5s§
10,préoccuper,8,pReokype
4,tact,4,takt
8,abattoir,7,abatwaR
5,boire,4,bwaR
5,carré,4,kaRe
7,coiffer,5,kwafe
6,décent,4,des@
5,fibre,4,fibR
5,gamme,3,gam
5,impôt,3,5po
5,joyau,5,Zwajo
8,maréchal,7,maReSal
9,ping-pong,6,piGp§G
4,plan,3,pl@
8,pointure,6,pw5tyR
12,à l'encontre,7,al@k§tR
14,à l'improviste,10,al5pRovist
8,amnistie,7,amnisti
9,banquette,5,b@kEt
7,bourbon,5,buRb§
12,déménagement,10,demenaZ°m@
11,fascination,9,fasinasj§
8,fatalité,8,fatalite
8,flambeau,5,fl@bo
6,gloria,6,gloRja
9,majordome,8,maZoRdOm
6,milord,5,milOR
5,pardi,5,paRdi
9,perturber,8,pERtyRbe
11,questionner,8,kEstjone
14,ravitaillement,10,Ravitaj°m@
6,rebord,5,R°bOR
12,traditionnel,11,tRadisjonEl
11,transparent,8,tR@spaR@
11,affectation,9,afEktasj§
10,alchimiste,8,alSimist
8,arnaquer,6,aRnake
7,console,5,k§sOl
8,flatteur,6,flat9R
11,présentable,9,pRez@tabl
7,relaxer,7,R°lakse
5,satin,4,sat5
5,spray,5,spREj
10,trafiquant,7,tRafik@
5,zèbre,4,zEbR
8,blaireau,5,blERo
8,débattre,6,debatR
10,esthétique,7,Estetik
6,karaté,6,kaRate
10,littéraire,7,liteRER
7,parloir,7,paRlwaR
5,ruche,3,RyS
14,temporairement,10,t@poRER°m@
5,corne,4,kORn
7,croquis,5,kRoki
3,hue,1,y
9,inférieur,7,5feRj9R
4,nada,4,nada
10,souterrain,6,sutER5
10,suicidaire,8,s8isidER
7,taverne,6,tavERn
6,tourné,5,tuRne
9,unanimité,9,ynanimite
9,alimenter,7,alim@te
6,crampe,4,kR@p
12,dictionnaire,9,diksjonER
9,dissuader,7,dis8ade
4,doré,4,doRe
11,fournisseur,8,fuRnis9R
5,jeter,4,Z°te
12,licenciement,8,lis@sim@
7,limiter,6,limite
12,mitraillette,8,mitRajEt
7,moisson,5,mwas§
10,perception,9,pERsEpsj§
4,rate,3,Rat
11,électricien,10,elEktRisj5
15,automatiquement,11,otomatik°m@
5,dandy,4,d@di
7,hameçon,5,am°s§
12,haut-parleur,7,opaRl9R
8,maturité,8,matyRite
2,me,2,m°
7,sheriff,5,SERif
6,dévoué,5,devwe
7,exciter,6,Eksite
9,fermement,7,fERm°m@
4,haie,1,E
8,illustre,6,ilystR
10,mélancolie,8,mel@koli
10,métallique,7,metalik
9,paralysie,8,paRalizi
7,rancard,5,R@kaR
10,supplément,7,syplem@
6,séisme,5,seizm
8,égyptien,7,eZipsj5
8,attirant,5,atiR@
9,battement,6,bat°m@
4,bile,3,bil
8,carrosse,5,kaROs
7,croquer,5,kRoke
9,défenseur,7,def@s9R
8,médiocre,7,medjOkR
8,purifier,7,pyRifje
8,recruter,7,R°kRyte
10,recueillir,7,R°k9jiR
8,repentir,7,R°p@tiR
6,string,5,stRiG
10,successeur,8,sykses9R
10,tourmenter,7,tuRm@te
8,charogne,5,SaRON
10,croisement,8,kRwaz°m@
2,da,2,da
13,décomposition,11,dek§pozisj§
8,gaiement,4,gem@
4,gain,2,g5
10,hollandais,5,ol@dE
12,interrupteur,9,5tERypt9R
7,inverse,5,5vERs
9,mascarade,8,maskaRad
6,paysan,5,peiz@
11,recommander,8,R°kom@de
7,refiler,6,R°file
8,remarier,7,R°maRje
4,taré,4,taRe
13,théoriquement,9,teoRik°m@
13,adjudant-chef,9,adZyd@SEf
4,cake,3,kEk
9,clochette,6,kloSEt
3,cor,3,kOR
7,foireux,5,fwaR2
9,infantile,6,5f@til
8,maquette,5,makEt
7,régaler,6,Regale
3,sus,3,sys
13,chef-d'oeuvre,6,SEd9vR
7,chorale,5,koRal
9,couvercle,7,kuvERkl
10,fédération,9,fedeRasj§
4,gêné,4,ZEne
10,hiérarchie,7,jeRaRSi
12,interminable,10,5tERminabl
8,intrigue,5,5tRig
4,land,3,l@d
6,lavabo,6,lavabo
2,li,2,li
7,matinal,7,matinal
9,organique,7,ORganik
11,approbation,9,apRobasj§
10,artificiel,10,aRtifisjEl
9,fabricant,7,fabRik@
11,financement,8,fin@s°m@
7,grabuge,6,gRabyZ
8,insomnie,6,5sOmni
1,l,1,l
8,matériel,8,mateRjEl
4,saké,4,sake
5,sujet,4,syZE
3,zen,3,zEn
11,agressivité,10,agResivite
12,amour-propre,9,amuRpROpR
7,besogne,5,b2zON
5,cadet,4,kadE
9,collignon,6,koliN§
7,faucher,4,foSe
8,fougasse,5,fugas
9,kidnapper,7,kidnape
6,miette,4,mjEt
6,moteur,5,mot9R
5,natal,5,natal
7,paresse,5,paREs
11,patriotisme,11,patRijotizm
8,prestige,7,pREstiZ
6,rangée,4,R@Ze
6,soûler,4,sule
6,verger,5,vERZe
10,victorieux,8,viktoRj2
9,diffusion,7,difyzj§
4,fisc,4,fisk
11,juridiction,10,ZyRidiksj§
9,moustique,6,mustik
10,précipiter,9,pResipite
12,remerciement,9,R°mERsim@
7,soulier,5,sulje
7,beignet,4,bENE
8,camisole,7,kamizOl
7,choléra,6,koleRa
10,commandeur,7,kom@d9R
8,marraine,5,maREn
6,massif,5,masif
4,ogre,3,OgR
8,pressing,6,pResiG
7,prédire,6,pRediR
5,skier,4,skje
7,tic-tac,6,tiktak
6,truand,4,tRy@
5,épine,4,epin
8,aisément,5,ezem@
4,chip,3,Sip
7,croyant,6,kRwaj@
6,déluge,5,delyZ
9,expulsion,9,Ekspylsj§
10,rhinocéros,9,RinoseROs
6,rougir,5,RuZiR
3,tom,3,tOm
9,universel,9,ynivERsEl
8,bestiole,7,bEstjOl
5,bille,3,bij
9,chevelure,7,S°v°lyR
7,clément,5,klem@
7,combler,5,k§ble
6,coyote,5,kojOt
5,gober,4,gobe
5,hobby,3,Obi
11,impuissance,7,5p8is@s
11,ouvertement,8,uvERt°m@
7,pharaon,5,faRa§
8,roulette,5,RulEt
10,spectateur,9,spEktat9R
4,spot,4,spOt
9,séduction,8,sedyksj§
8,tyrannie,6,tiRani
7,vanille,5,vanij
10,aspiration,9,aspiRasj§
5,bagne,3,baN
6,boudin,4,bud5
3,duo,3,d8o
8,détecter,7,detEkte
6,fendre,4,f@dR
9,instruire,7,5stR8iR
11,plate-forme,8,platfORm
10,répression,8,RepResj§
8,équation,7,ekwasj§
14,éventuellement,10,ev@t8El°m@
3,ace,3,Ejs
3,box,4,bOks
10,centimètre,8,s@timEtR
12,circonstance,9,siRk§st@s
5,clone,4,klon
6,dicton,5,dikt§
9,entraider,6,@tREde
5,envol,4,@vOl
7,externe,7,EkstERn
5,foncé,4,f§se
10,hypothèque,6,ipotEk
12,inimaginable,11,inimaZinabl
6,montée,4,m§te
7,plaquer,5,plake
9,plausible,7,plozibl
11,rééducation,10,Reedykasj§
6,sphère,4,sfER
5,catch,4,katS
7,distant,5,dist@
9,gouttière,6,gutjER
9,horoscope,7,oRoskOp
12,intellectuel,10,5telEkt8El
4,joug,2,Zu
6,piètre,5,pjEtR
12,publiquement,9,pyblik°m@
4,rame,3,Ram
6,stéréo,6,steReo
3,tic,3,tik
10,adaptation,9,adaptasj§
9,asiatique,7,azjatik
11,bienfaiteur,8,bj5fEt9R
9,campement,6,k@p°m@
8,charabia,7,SaRabja
7,colosse,5,kolOs
8,confiant,5,k§fj@
5,crème,4,kREm
8,dépendre,6,dep@dR
6,frérot,5,fReRo
13,impardonnable,10,5paRdonabl
10,indulgence,7,5dylZ@s
8,infliger,6,5fliZe
6,moisir,6,mwaziR
8,passager,6,pasaZe
11,prémonition,10,pRemonisj§
4,rusé,4,Ryze
6,sniper,7,snajp9R
9,sortilège,8,sORtilEZ
10,sévèrement,8,sevER°m@
8,virilité,8,viRilite
8,amulette,6,amylEt
5,black,4,blak
8,cinéaste,7,sineast
6,fouine,4,fwin
11,micro-ondes,7,mikRo§d
9,révérence,7,ReveR@s
9,amnésique,7,amnezik
9,boulanger,6,bul@Ze
7,coussin,4,kus5
4,doña,4,dONa
7,droguer,5,dRoge
9,démasquer,7,demaske
6,encens,3,@s@
5,errer,3,ERe
7,glacial,7,glasjal
8,guerrier,5,gERje
8,marchand,5,maRS@
8,moniteur,7,monit9R
7,méditer,6,medite
8,pilotage,7,pilotaZ
6,repère,5,R°pER
5,réglé,5,Regle
5,serbe,4,sERb
7,sottise,5,sotiz
5,strip,5,stRip
9,trimestre,8,tRimEstR
11,tuberculose,10,tybERkyloz
9,valeureux,6,val2R2
6,affamé,5,afame
8,choquant,4,Sok@
9,extension,8,Ekst@sj§
6,pilier,5,pilje
10,poulailler,6,pulaje
11,prioritaire,10,pRijoRitER
11,prélèvement,9,pRelEv°m@
10,récréation,9,RekReasj§
9,similaire,7,similER
11,ventilateur,9,v@tilat9R
5,vogue,3,vOg
6,étonné,5,etone
8,agresser,6,agRese
5,barré,4,baRe
9,bombarder,7,b§baRde
2,bu,2,by
5,carpe,4,kaRp
6,chrono,5,kRono
7,entamer,5,@tame
7,filleul,5,fij9l
8,gracieux,6,gRasj2
8,immature,6,imatyR
11,indifférent,7,5difeR@
6,masqué,5,maske
9,prolonger,7,pRol§Ze
8,rudement,6,Ryd°m@
9,sanitaire,7,sanitER
8,silicone,7,silikOn
10,sous-marin,6,sumaR5
9,suspendre,7,sysp@dR
8,torpille,6,tORpij
7,variole,6,vaRjOl
6,étaler,5,etale
6,avatar,6,avataR
10,camouflage,8,kamuflaZ
6,clique,4,klik
8,connasse,5,konas
9,désaccord,7,dezakOR
8,embêtant,5,@bEt@
3,gag,3,gag
6,gouine,4,gwin
6,loisir,6,lwaziR
3,lys,3,lis
9,numérique,7,nymeRik
8,rigolade,7,Rigolad
6,transe,4,tR@s
7,vautour,5,votuR
6,castor,6,kastOR
8,clochard,6,kloSaR
10,estimation,9,Estimasj§
6,formel,6,fORmEl
4,gelé,4,Z°le
9,intimider,7,5timide
6,lagune,5,lagyn
10,prévisible,9,pRevizibl
9,réessayer,7,Reeseje
6,aboyer,6,abwaje
6,bavard,5,bavaR
7,caillot,4,kajo
9,carrelage,7,kaR°laZ
7,choquer,4,Soke
10,domination,9,dominasj§
8,fréquent,5,fRek@
8,légalité,8,legalite
8,pastèque,6,pastEk
8,sagement,6,saZ°m@
4,tige,3,tiZ
6,éclair,5,eklER
9,aluminium,9,alyminjOm
7,ampleur,5,@pl9R
7,attaché,5,ataSe
9,attirance,6,atiR@s
12,couronnement,8,kuROn°m@
7,cuvette,5,kyvEt
11,distinction,9,dist5ksj§
12,entreprendre,9,@tR°pR@dR
6,global,6,global
5,gémir,5,ZemiR
9,infiltrer,7,5filtRe
7,porteur,6,pORt9R
7,prairie,5,pReRi
14,réconciliation,12,Rek§siljasj§
7,abriter,6,abRite
8,chasteté,7,Sast°te
9,conteneur,7,k§t°n9R
4,dupe,3,dyp
7,estimer,6,Estime
6,golden,6,gOldEn
8,instruit,6,5stR8i
5,multi,5,mylti
3,olé,3,ole
6,soufre,4,sufR
4,étui,4,et8i
10,allégresse,7,alegREs
7,aspirer,6,aspiRe
5,basse,3,bas
10,biographie,8,bjogRafi
7,bye-bye,6,bajbaj
5,bénir,5,beniR
10,catéchisme,8,kateSizm
6,cutter,5,kytER
5,forcé,5,fORse
5,gnome,4,gnom
3,hui,2,8i
7,maintes,3,m5t
8,ordonner,6,ORdone
6,parent,4,paR@
8,rapidité,8,Rapidite
15,science-fiction,10,sj@sfiksj§
7,session,5,sesj§
8,affecter,6,afEkte
8,caméléon,7,kamele§
4,cocu,4,koky
12,détournement,9,detuRn°m@
4,gong,3,g§g
7,horaire,4,oRER
4,juré,4,ZyRe
8,lanterne,6,l@tERn
7,marmite,6,maRmit
5,ongle,3,§gl
5,philo,4,filo
9,pollution,7,polysj§
8,reporter,7,R°poRte
10,rédemption,8,Red@psj§
10,shampooing,5,S@pw5
6,truite,5,tR8it
9,admission,7,admisj§
8,africain,6,afRik5
7,bandeau,4,b@do
6,bikini,6,bikini
9,bouillant,4,buj@
8,boulette,5,bulEt
10,classement,7,klas°m@
6,cosmos,6,kOsmos
8,poétique,6,poetik
10,protecteur,9,pRotEkt9R
6,relier,5,R°lje
15,rez-de-chaussée,8,Red°Sose
10,sarcophage,8,saRkofaZ
10,tourbillon,7,tuRbij§
7,veillée,4,veje
3,web,3,wEb
8,basculer,7,baskyle
7,bercail,6,bERkaj
4,bise,3,biz
7,bouffon,4,buf§
5,horde,3,ORd
4,para,4,paRa
5,perso,5,pERso
7,sondage,5,s§daZ
5,soute,3,sut
6,zombie,4,z§bi
8,aggraver,6,agRave
13,bienveillance,8,bj5vEj@s
9,dinosaure,7,dinozoR
5,flair,4,flER
12,inaccessible,10,inaksesibl
7,limpide,5,l5pid
6,oracle,5,oRakl
7,picoler,6,pikole
3,ému,3,emy
2,aï,2,ai
6,balise,5,baliz
7,brûlure,6,bRylyR
12,considérable,10,k§sideRabl
8,culturel,8,kyltyREl
8,divinité,8,divinite
6,flaque,4,flak
11,incertitude,9,5sERtityd
8,marécage,7,maRekaZ
11,neutraliser,9,n2tRalize
8,parterre,6,paRtER
9,plomberie,7,pl§b°Ri
7,précoce,6,pRekOs
9,précédent,7,pResed@
7,résumer,6,Rezyme
9,synagogue,7,sinagOg
4,tape,3,tap
6,tâcher,4,taSe
9,télescope,8,telEskOp
8,volaille,5,volaj
10,végétarien,9,veZetaRj5
5,écume,4,ekym
5,bâche,3,baS
9,corbeille,6,kORbEj
7,créatif,7,kReatif
11,célébration,10,selebRasj§
6,fauché,4,foSe
4,flan,3,fl@
11,moléculaire,9,molekylER
7,portion,6,pORsj§
9,potentiel,8,pot@sjEl
8,solennel,7,solanEl
10,sécheresse,7,seS°REs
4,trio,5,tRijo
8,autorisé,7,otoRize
7,bouseux,4,buz2
8,dynastie,7,dinasti
8,pingouin,5,p5gw5
6,plonge,4,pl§Z
9,prototype,8,pRototip
11,récompenser,8,Rek§p@se
3,sil,3,sil
9,tailleuse,5,taj2z
11,travailleur,8,tRavaj9R
6,violet,5,vjolE
6,énervé,6,enERve
6,épuisé,6,ep8ize
10,annulation,8,anylasj§
6,dicter,5,dikte
7,grimace,6,gRimas
2,lé,2,le
6,maître,4,mEtR
6,nectar,6,nEktaR
9,redresser,7,R°dRese
8,salement,6,sal°m@
4,soja,4,soZa
3,sot,2,so
7,arsenal,7,aRs2nal
10,atrocement,8,atROs°m@
7,atteint,3,at5
10,cambrioler,9,k@bRijole
8,crinière,7,kRinjER
9,disperser,8,dispERse
10,débrancher,7,debR@Se
8,fouetter,5,fwete
4,full,3,ful
10,hésitation,8,ezitasj§
8,incision,6,5sizj§
12,introduction,10,5tRodyksj§
6,junior,6,ZynjOR
7,laverie,6,lav°Ri
12,magnétophone,9,maNetofOn
5,mamma,5,mamma
5,porto,5,pORto
7,reprise,6,R°pRiz
7,rédiger,6,RediZe
4,skip,4,skip
8,tactique,6,taktik
8,traîneau,5,tREno
4,zoom,3,zum
5,avare,4,avaR
13,contamination,11,k§taminasj§
8,dévotion,7,devosj§
5,frire,4,fRiR
10,géographie,8,ZeogRafi
10,humblement,6,1bl°m@
9,incurable,7,5kyRabl
12,insignifiant,8,5siNifj@
6,jumper,7,dZ9mp9R
5,jusqu,4,Zysk
7,macabre,6,makabR
5,rayer,4,Reje
12,respiratoire,11,REspiRatwaR
7,scalpel,7,skalpEl
11,stratégique,9,stRateZik
6,surgir,6,syRZiR
6,volant,4,vol@
11,élémentaire,8,elem@tER
5,arène,4,aREn
8,confirmé,7,k§fiRme
7,diabète,6,djabEt
4,déco,4,deko
11,détachement,8,detaS°m@
6,escale,5,Eskal
9,indiscret,7,5diskRE
8,internat,6,5tERna
5,meute,3,m2t
10,miraculeux,8,miRakyl2
6,planer,5,plane
10,plantation,8,pl@tasj§
6,planté,5,pl@te
11,psychotique,8,psikotik
8,qualifié,7,kalifje
5,récré,5,RekRe
5,tapin,4,tap5
5,tchao,4,tSao
6,traîne,4,tREn
6,archer,4,aRSe
7,cuistot,6,k8isto
12,inadmissible,10,inadmisibl
8,insolite,6,5solit
6,larbin,5,laRb5
5,magot,4,mago
6,phoque,3,fOk
13,porte-monnaie,9,pORt°monE
6,ranger,5,R@ZER
6,ration,5,Rasj§
7,réforme,6,RefORm
7,autocar,6,otokaR
7,chômeur,5,Som9R
10,confidence,7,k§fid@s
7,crucial,7,kRysjal
7,cyanure,6,sjanyR
7,douteux,4,dut2
6,ermite,5,ERmit
6,futile,5,fytil
6,geisha,4,geSa
6,invité,5,5vite
8,invoquer,5,5voke
4,mail,4,mEjl
5,mixte,5,mikst
10,progresser,8,pRogRese
7,roumain,4,Rum5
10,symbolique,7,s5bolik
5,tempe,3,t@p
8,bactérie,7,bakteRi
9,binoclard,8,binoklaR
12,cheeseburger,10,tSizb9Rg9R
6,injure,4,5ZyR
9,israélien,8,isRaelj5
5,minet,4,minE
9,rhabiller,6,Rabije
16,scientifiquement,11,sj@tifik°m@
7,sombrer,5,s§bRe
8,souriant,5,suRj@
6,tuerie,4,tyRi
10,activation,9,aktivasj§
7,attendu,5,at@dy
5,bodhi,4,bOdi
7,caresse,5,kaREs
5,catin,4,kat5
7,cigogne,5,sigON
8,courtier,6,kuRtje
4,duce,5,dutSe
6,durian,5,dyRj@
11,elles-mêmes,5,ElmEm
14,financièrement,11,fin@sjER°m@
7,finesse,5,finEs
7,gobelet,6,gOb°lE
3,hic,2,ik
11,héréditaire,8,eReditER
3,mas,2,ma
8,objectif,8,ObZEktif
12,opérationnel,11,opeRasjonEl
4,ouïe,2,wi
7,pommade,5,pomad
12,préliminaire,10,pReliminER
6,python,4,pit§
9,ravisseur,7,Ravis9R
9,reddition,7,REdisj§
8,rentable,6,R@tabl
3,ria,3,Rja
7,saouler,4,sule
9,sceptique,6,sEptik
5,volet,4,volE
10,clarinette,8,klaRinEt
7,dilemme,5,dilEm
7,enrager,5,@RaZe
7,jogging,6,dZOgiG
10,kidnappeur,8,kidnap9R
9,notamment,6,notam@
9,restaurer,7,REstoRe
9,serrurier,7,seRyRje
9,somptueux,6,s§pt82
9,vénérable,8,veneRabl
8,écriteau,6,ekRito
9,barracuda,8,baRakyda
10,beaux-arts,5,bozaR
6,boomer,5,bum9R
8,calvaire,6,kalvER
4,caïd,4,kaid
5,dague,3,dag
9,escalader,8,Eskalade
8,fusiller,6,fyzije
6,garant,4,gaR@
6,illico,5,iliko
8,joliment,6,Zolim@
4,miam,4,mjam
10,patrimoine,9,patRimwan
10,prodigieux,8,pRodiZj2
7,radieux,5,Radj2
5,sucré,5,sykRe
5,chili,4,Sili
8,cosmique,6,kOsmik
6,divers,5,divER
6,enragé,5,@RaZe
7,hamster,6,amstER
5,index,5,5dEks
8,méfiance,6,mefj@s
5,paume,3,pom
4,rade,3,Rad
5,régal,5,Regal
8,teinture,5,t5tyR
9,boomerang,7,bum°R@g
9,bousculer,7,buskyle
5,corse,4,kORs
10,demi-frère,8,d°mifRER
3,die,2,di
7,exclure,7,EksklyR
10,garde-robe,8,gaRd°ROb
5,niche,3,niS
10,oppression,7,opResj§
6,pointu,5,pw5ty
8,propreté,8,pROpR°te
9,roulement,6,Rul°m@
7,variété,7,vaRjete
3,yin,3,jin
5,hasch,2,aS
9,hurlement,6,yRl°m@
10,perspicace,9,pERspikas
7,poivrot,6,pwavRo
11,réanimation,10,Reanimasj§
2,té,2,te
8,acquérir,6,akeRiR
7,adoptif,7,adOptif
7,barreau,4,baRo
5,basta,5,basta
10,bijouterie,8,biZut°Ri
11,candidature,9,k@didatyR
9,captivité,9,kaptivite
10,créativité,10,kReativite
7,foutoir,6,futwaR
6,grillé,5,gRije
10,inondation,8,in§dasj§
14,instantanément,10,5st@tanem@
12,interruption,9,5tERypsj§
9,mentalité,8,m@talite
7,potable,6,potabl
6,prurit,6,pRyRit
6,puceau,4,pyso
7,reconnu,6,R°kony
6,tisane,5,tizan
7,égoïsme,6,egoizm
5,élire,4,eliR
7,évoquer,5,evoke
15,autodestruction,13,otodEstRyksj§
9,dictateur,8,diktat9R
5,gland,3,gl@
7,gronder,5,gR§de
5,gueux,2,g2
7,guignol,5,giNOl
7,ivrogne,5,ivRON
6,mister,6,mist9R
4,noël,4,noEl
5,nurse,4,n9Rs
7,robuste,6,Robyst
11,sanguinaire,7,s@ginER
5,skate,5,skEjt
6,augure,4,ogyR
8,bûcheron,6,byS°R§
7,cratère,6,kRatER
14,dangereusement,10,d@Z°R2z°m@
7,finance,5,fin@s
9,forestier,8,foREstje
7,fâcheux,4,faS2
7,indemne,5,5dEmn
6,neveux,4,n°v2
9,placement,7,plas°m@
7,propice,6,pRopis
7,tornade,6,tORnad
6,trempe,4,tR@p
9,trousseau,5,tRuso
12,vingt-quatre,7,v5tkatR
8,échéance,5,eSe@s
7,éloigné,6,elwaNe
9,antiquité,7,@tikite
5,benne,3,bEn
7,cadence,5,kad@s
10,capricieux,8,kapRisj2
5,caser,4,kaze
4,clip,4,klip
10,compétence,7,k§pet@s
13,confrontation,10,k§fR§tasj§
6,entité,5,@tite
9,extrémité,10,EkstRemite
7,fermeté,7,fERm°te
6,leurre,3,l9R
6,piller,4,pije
6,podium,6,podjOm
7,pénurie,6,penyRi
12,reconstituer,10,R°k§stit8e
14,reconstitution,12,R°k§stitysj§
5,risée,4,Rize
9,soeurette,5,s9REt
11,superficiel,11,sypERfisjEl
4,turc,4,tyRk
3,val,3,val
6,bondir,5,b§diR
11,charpentier,8,SaRp@tje
13,christianisme,11,kRistjanizm
10,confronter,7,k§fR§te
7,cuiller,6,k8ijER
7,diviser,6,divize
8,dix-neuf,6,dizn9f
6,hourra,3,uRa
8,plaisant,5,plEz@
6,psycho,5,psiko
6,savant,4,sav@
8,télévisé,8,televize
6,vallon,4,val§
3,ale,2,al
11,application,9,aplikasj§
10,bouleversé,9,bul°vERse
7,brigand,5,bRig@
7,cadenas,6,kad°na
6,cocher,4,koSe
8,félicité,8,felisite
8,impérial,7,5peRjal
11,infaillible,7,5fajibl
4,issu,3,isy
7,maigrir,6,megRiR
4,mâle,3,mal
6,nudité,6,nydite
12,paisiblement,9,pezibl°m@
9,sud-ouest,7,sydwEst
7,tentant,4,t@t@
8,veilleur,5,vEj9R
5,alpha,4,alfa
14,bibliothécaire,12,biblijotekER
8,biblique,6,biblik
11,bienheureux,7,bj5n2R2
5,bûche,3,byS
9,collectif,8,kolEktif
9,container,7,k§tEnER
7,dérangé,6,deR@Ze
8,expédier,8,Ekspedje
6,fumeur,5,fym9R
5,orgie,4,ORZi
6,vigile,5,viZil
12,amélioration,11,ameljoRasj§
4,aval,4,aval
4,bave,3,bav
8,carabine,7,kaRabin
5,châle,3,Sal
6,cirage,5,siRaZ
9,démocrate,8,demokRat
7,dérober,6,deRobe
13,embouteillage,8,@butEjaZ
13,extermination,13,EkstERminasj§
7,glucose,6,glykoz
7,inceste,5,5sEst
13,incontrôlable,10,5k§tRolabl
12,indéfiniment,9,5definim@
5,naval,5,naval
7,pencher,4,p@Se
6,puéril,6,p8eRil
5,ravir,5,RaviR
8,rotation,7,Rotasj§
14,rétablissement,11,Retablis°m@
9,saucisson,6,sosis§
9,signifier,7,siNifje
13,superstitieux,11,sypERstisj2
8,tablette,6,tablEt
6,toupet,4,tupE
6,tracer,5,tRase
11,vingt-trois,7,v5ttRwa
5,borné,5,bORne
6,clergé,6,klERZe
6,cloche,4,klOS
12,culpabiliser,11,kylpabilize
10,dépouiller,6,depuje
6,fiesta,6,fjEsta
9,idéologie,8,ideoloZi
7,mendier,5,m@dje
7,méfiant,5,mefj@
6,racket,5,RakEt
14,reconstruction,12,R°k§stRyksj§
7,élargir,7,elaRZiR
8,afficher,5,afiSe
3,bey,2,bE
9,compenser,6,k§p@se
12,compte-rendu,7,k§tR@dy
7,convenu,6,k§v°ny
11,défaillance,7,defaj@s
4,exam,5,Egzam
7,femelle,5,f°mEl
10,feuilleton,6,f9j°t§
8,huissier,5,8isje
10,originaire,8,oRiZinER
8,plongeur,6,pl§Z9R
10,prospectus,10,pROspEktys
9,rossignol,7,RosiNOl
6,vibrer,5,vibRe
8,étreinte,5,etR5t
5,bizut,4,bizy
8,déterrer,6,deteRe
8,excessif,7,Eksesif
13,exclusivement,12,Eksklyziv°m@
5,furie,4,fyRi
5,hymen,4,imEn
11,inculpation,9,5kylpasj§
9,météorite,8,meteoRit
8,pompiste,6,p§pist
10,propulsion,9,pRopylsj§
11,sarcastique,9,saRkastik
7,sensass,5,s@sas
9,substitut,8,sypstity
9,vigoureux,6,viguR2
4,aise,2,Ez
6,berner,5,bERne
7,biopsie,6,bjOpsi
12,concrètement,9,k§kREt°m@
8,décalage,7,dekalaZ
8,hépatite,6,epatit
6,invite,4,5vit
10,méchamment,6,meSam@
9,mémorable,8,memoRabl
12,par-derrière,9,paRdERjER
10,providence,8,pRovid@s
7,pupille,5,pypij
11,pénitencier,9,penit@sje
10,répertoire,9,RepERtwaR
6,salami,6,salami
15,transplantation,12,tR@spl@tasj§
9,téméraire,7,temeRER
8,agricole,7,agRikOl
4,capo,4,kapo
7,clairon,5,klER§
9,commotion,7,komosj§
7,défoncé,6,def§se
10,dépendance,7,dep@d@s
16,fondamentalement,12,f§dam@tal°m@
8,habileté,7,abil°te
6,infect,5,5fEkt
7,jaillir,5,ZajiR
12,mortellement,9,mORtEl°m@
8,paranoïa,8,paRanoja
8,perplexe,8,pERplEks
10,popularité,10,popylaRite
8,pédiatre,7,pedjatR
5,servi,5,sERvi
5,sushi,4,suSi
8,symptôme,6,s5ptom
13,véritablement,11,veRitabl°m@
11,vétérinaire,9,veteRinER
5,amaro,5,amaRo
6,ananas,5,anana
6,aperçu,6,apERsy
17,approvisionnement,13,apRovizjOn°m@
4,bang,3,b@g
7,bizness,6,biznEs
7,boiteux,5,bwat2
5,buste,4,byst
6,cierge,5,sjERZ
7,classer,5,klase
9,compléter,7,k§plete
8,comédien,7,komedj5
11,conditionné,9,k§disjone
14,convenablement,11,k§v°nabl°m@
8,convenir,7,k§v°niR
6,dément,4,dem@
6,honoré,5,onoRe
10,mythologie,8,mitoloZi
10,médiocrité,10,medjokRite
5,panse,3,p@s
5,patio,5,patjo
10,pèlerinage,9,pEl°RinaZ
8,spontané,7,sp§tane
5,taffe,3,taf
5,tibia,5,tibja
11,transfusion,9,tR@sfyzj§
8,albatros,8,albatRos
6,assise,4,asiz
4,cold,4,kold
7,commère,5,komER
6,drague,4,dRag
11,footballeur,8,futbOl9R
10,gagne-pain,5,gaNp5
11,implication,9,5plikasj§
7,inciter,5,5site
7,infamie,5,5fami
5,nabot,4,nabo
8,pizzeria,8,pidzeRja
9,quinzaine,5,k5zEn
7,richard,5,RiSaR
12,récupération,11,RekypeRasj§
7,suédois,6,s8edwa
8,aération,7,aeRasj§
7,caniche,5,kaniS
5,cidre,4,sidR
5,clebs,5,klEps
6,coquin,4,kok5
7,déduire,6,ded8iR
9,fossoyeur,8,foswaj9R
5,gombo,4,g§bo
7,implant,4,5pl@
14,inconsciemment,8,5k§sjam@
7,infirme,5,5fiRm
12,manipulation,11,manipylasj§
7,matrice,6,matRis
8,musulman,7,myzylm@
4,nice,3,nis
7,préavis,6,pReavi
10,pulmonaire,8,pylmonER
3,rut,3,Ryt
6,sertão,6,sERtaw
11,supériorité,11,sypeRjoRite
7,tanière,6,tanjER
7,tutelle,5,tytEl
11,épouvantail,8,epuv@taj
11,éventualité,10,ev@t8alite
5,école,4,ekOl
7,endroit,5,@dRwa
4,film,4,film
8,possible,6,posibl
5,après,4,apRE
6,désolé,6,dezole
5,peine,3,pEn
6,croire,5,kRwaR
7,appeler,5,ap°le
5,cette,3,sEt
6,vérité,6,veRite
5,piper,4,pipe
7,blesser,5,blese
8,jugement,6,ZyZ°m@
8,allemand,5,al°m@
5,fumée,4,fyme
7,chasser,4,Sase
6,détail,5,detaj
6,fleuve,4,fl9v
9,passeport,6,paspOR
5,écran,4,ekR@
5,pomme,3,pOm
6,charme,4,SaRm
12,comportement,9,k§pORt°m@
8,connerie,6,kOn°Ri
5,tenue,4,t°ny
12,entraînement,8,@tREn°m@
7,retenir,7,R°t°niR
9,approcher,6,apRoSe
9,affronter,6,afR§te
7,couvrir,6,kuvRiR
5,époux,3,epu
8,repartir,8,R°paRtiR
12,autorisation,10,otoRizasj§
10,discussion,8,diskysj§
5,puits,3,p8i
3,cap,3,kap
8,solitude,7,solityd
7,cabinet,6,kabinE
7,voyager,7,vwajaZe
8,ceinture,5,s5tyR
8,commande,5,kom@d
10,volontiers,7,vol§tje
4,rang,2,R@
9,règlement,7,REgl°m@
9,saloperie,8,salOp°Ri
5,rayon,4,REj§
3,man,2,m@
5,boule,3,bul
11,proposition,10,pRopozisj§
7,placard,6,plakaR
9,demi-tour,7,d°mituR
7,domaine,5,domEn
9,propriété,10,pRopRijete
3,top,3,tOp
6,prière,6,pRijER
6,rythme,4,Ritm
5,taper,4,tape
8,remonter,6,R°m§te
7,version,6,vERsj§
8,scandale,6,sk@dal
3,blé,3,ble
5,frigo,5,fRigo
12,surveillance,8,syRvEj@s
6,empire,4,@piR
7,immense,4,im@s
7,naturel,7,natyREl
3,ben,2,b5
7,engager,5,@gaZe
6,plaire,4,plER
12,profondément,9,pRof§dem@
5,votre,4,vOtR
4,chef,3,SEf
8,demander,6,d°m@de
6,garçon,5,gaRs§
7,semaine,5,s°mEn
7,bientôt,5,bj5to
9,tellement,6,tEl°m@
7,arriver,5,aRive
3,pas,2,pa
7,presque,5,pREsk
3,fou,2,fu
4,gros,3,gRo
6,dehors,4,d2OR
6,tomber,4,t§be
5,vieux,3,vj2
12,organisation,11,ORganizasj§
7,annonce,4,an§s
5,opéra,5,opeRa
9,ingénieur,7,5Zenj9R
7,remplir,6,R@pliR
6,trente,4,tR@t
8,cercueil,6,sERk9j
4,môme,3,mom
4,hâte,2,at
11,dégueulasse,7,deg2las
3,ami,3,ami
3,cri,3,kRi
8,imbécile,6,5besil
2,as,2,as
7,culture,6,kyltyR
10,clairement,7,klER°m@
8,conduite,6,k§d8it
8,craindre,5,kR5dR
5,nager,4,naZe
4,jury,4,ZyRi
7,tournée,5,tuRne
8,autorité,7,otoRite
5,pizza,5,pidza
5,musée,4,myze
6,poison,5,pwaz§
5,mamie,4,mami
8,commerce,6,komERs
7,progrès,6,pRogRE
6,régime,5,ReZim
5,tasse,3,tas
3,riz,2,Ri
6,séance,4,se@s
8,équipage,6,ekipaZ
7,fatigué,6,fatige
4,rose,3,Roz
7,liaison,5,ljEz§
1,u,1,y
15,personnellement,11,pERsonEl°m@
10,récompense,7,Rek§p@s
9,cardiaque,7,kaRdjak
6,comité,6,komite
6,tendre,4,t@dR
5,sauce,3,sos
5,paire,3,pER
12,suffisamment,8,syfizam@
6,avouer,4,avwe
3,gay,2,gE
12,intelligence,8,5teliZ@s
10,réellement,7,ReEl°m@
7,bouffer,4,bufe
6,gâcher,4,gaSe
3,aïe,2,aj
12,bibliothèque,10,biblijotEk
8,collègue,5,kolEg
7,soutien,5,sutj5
7,hauteur,4,ot9R
7,serment,5,sERm@
5,congé,4,k§Ze
6,réveil,5,RevEj
12,commandement,8,kom@d°m@
8,exprimer,8,EkspRime
5,union,4,ynj§
7,furieux,5,fyRj2
5,juger,4,ZyZe
8,terminer,7,tERmine
7,section,6,seksj§
8,éternité,8,etERnite
7,arrêter,5,aRete
5,alors,4,alOR
6,partie,5,paRti
8,attendre,5,at@dR
7,plaisir,6,pleziR
3,lit,2,li
5,aucun,3,ok1
4,tour,3,tuR
7,d'abord,5,dabOR
3,son,2,s§
3,mot,2,mo
4,bébé,4,bebe
3,ton,2,t§
2,en,1,@
3,qui,2,ki
4,aide,2,Ed
7,nouveau,4,nuvo
4,prêt,3,pRE
8,admettre,6,admEtR
6,dessin,4,des5
6,épaule,4,epol
7,inquiet,4,5kjE
6,public,6,pyblik
9,elle-même,5,ElmEm
6,débile,5,debil
7,collier,5,kolje
6,cercle,5,sERkl
7,complet,5,k§plE
8,incendie,5,5s@di
10,expression,9,EkspREsj§
6,guérir,5,geRiR
6,canapé,6,kanape
5,métro,5,metRo
6,cabine,5,kabin
5,chant,2,S@
6,auteur,4,ot9R
4,chic,3,Sik
7,deviner,6,d°vine
6,anneau,3,ano
11,arrestation,9,aREstasj§
6,maudit,4,modi
6,poésie,5,poezi
8,exercice,8,EgzERsis
9,respecter,8,REspEkte
8,résister,7,Reziste
9,principal,8,pR5sipal
5,tuyau,5,t8ijo
7,musical,7,myzikal
5,perdu,5,pERdy
6,appart,5,apaRt
6,bourse,4,buRs
5,court,3,kuR
2,nu,2,ny
7,arrière,5,aRjER
9,incapable,7,5kapabl
7,parking,6,paRkiG
10,conférence,7,k§feR@s
10,poursuivre,8,puRs8ivR
5,fichu,4,fiSy
5,bonté,4,b§te
6,solide,5,solid
8,enterrer,5,@teRe
8,plaindre,5,pl5dR
4,juif,4,Z8if
9,caractère,8,kaRaktER
6,humour,4,ymuR
5,aller,3,ale
8,arracher,5,aRaSe
9,compliqué,7,k§plike
11,entièrement,8,@tjER°m@
8,fauteuil,5,fot9j
9,serviette,7,sERvjEt
10,commandant,6,kom@d@
8,habiller,5,abije
10,production,9,pRodyksj§
7,attirer,5,atiRe
8,véhicule,6,veikyl
5,bible,4,bibl
5,léger,4,leZe
5,guère,3,gER
7,musique,5,myzik
9,important,6,5pORt@
7,rentrer,5,R@tRe
7,journée,5,ZuRne
5,faute,3,fot
9,confiance,6,k§fj@s
6,numéro,6,nymeRo
4,cinq,3,s5k
7,bonsoir,6,b§swaR
6,dormir,6,dORmiR
6,entrer,4,@tRe
5,poète,4,poEt
6,nation,5,nasj§
6,ordure,5,ORdyR
5,assis,3,asi
5,sourd,3,suR
8,avantage,6,av@taZ
8,réaliser,7,Realize
3,bol,3,bOl
4,sein,2,s5
5,vodka,5,vOdka
9,ministère,8,ministER
8,trouille,4,tRuj
7,automne,4,otOn
5,copie,4,kopi
7,épreuve,5,epR9v
9,ouverture,7,uvERtyR
6,misère,5,mizER
6,veille,3,vEj
11,possibilité,10,posibilite
7,moderne,6,modERn
5,linge,3,l5Z
4,tire,3,tiR
7,écraser,6,ekRaze
8,trahison,6,tRaiz§
8,alliance,5,alj@s
9,entretien,7,@tR°tj5
6,alarme,5,alaRm
8,scénario,7,senaRjo
8,emporter,6,@pORte
5,peste,4,pEst
6,toutes,3,tut
7,sauvage,5,sovaZ
2,do,2,do
4,cage,3,kaZ
7,pasteur,6,past9R
9,réception,8,ResEpsj§
4,ivre,3,ivR
8,généreux,6,ZeneR2
5,gérer,4,ZeRe
7,langage,5,l@gaZ
9,signature,7,siNatyR
12,portefeuille,8,pORt°f9j
10,identifier,8,id@tifje
4,came,3,kam
8,adjudant,6,adZyd@
11,déclaration,10,deklaRasj§
8,examiner,8,Egzamine
5,major,5,maZOR
7,pension,5,p@sj§
8,renvoyer,7,R@vwaje
5,gamin,4,gam5
10,conseiller,6,k§seje
8,salopard,7,salopaR
8,ténèbres,6,tenEbR
9,rattraper,7,RatRape
6,forcer,5,fORse
5,foutu,4,futy
4,auto,3,oto
10,collection,8,kolEksj§
6,jungle,4,Z1gl
9,tentative,7,t@tativ
9,populaire,7,popylER
6,flotte,4,flOt
10,interroger,7,5tERoZe
5,texte,5,tEkst
5,loyer,5,lwaje
7,panique,5,panik
5,messe,3,mEs
8,précieux,6,pResj2
9,contacter,7,k§takte
10,par-dessus,7,paRd°sy
7,couvent,4,kuv@
1,ô,1,o
5,baron,4,baR§
7,légende,5,leZ@d
7,bagarre,5,bagaR
7,douceur,5,dus9R
10,participer,9,paRtisipe
4,vain,2,v5
9,septembre,7,sEpt@bR
4,très,3,tRE
2,ou,1,u
5,chien,3,Sj5
7,mariage,6,maRjaZ
9,attention,6,at@sj§
3,jeu,2,Z2
6,bureau,4,byRo
7,service,6,sERvis
4,quoi,3,kwa
7,heureux,3,2R2
9,téléphone,7,telefOn
5,soeur,3,s9R
5,super,5,sypER
5,verre,3,vER
6,facile,5,fasil
4,lieu,3,lj2
7,parfois,6,paRfwa
5,route,3,Rut
8,nouvelle,5,nuvEl
6,autant,3,ot@
6,quatre,4,katR
9,capitaine,7,kapitEn
3,âge,2,aZ
7,cravate,6,kRavat
5,fruit,4,fR8i
5,poème,4,poEm
6,sexuel,7,seks8El
11,coïncidence,8,ko5sid@s
10,électrique,8,elEktRik
7,injuste,5,5Zyst
3,psy,3,psi
4,reçu,4,R°sy
9,sacrifice,8,sakRifis
6,salade,5,salad
6,tunnel,5,tynEl
9,emprunter,6,@pR1te
6,navire,5,naviR
5,élève,4,elEv
6,casier,5,kazje
5,idéal,5,ideal
4,pars,3,paR
7,congrès,5,k§gRE
11,électricité,11,elEktRisite
8,tournage,6,tuRnaZ
3,uns,1,1
9,vachement,6,vaS°m@
7,plateau,5,plato
7,tempête,5,t@pEt
9,assistant,6,asist@
6,séjour,5,seZuR
5,tabac,4,taba
9,tradition,8,tRadisj§
6,fumier,5,fymje
9,tendresse,6,t@dREs
7,espérer,6,EspeRe
5,savon,4,sav§
7,afin de,5,af5d°
5,cruel,5,kRyEl
9,merveille,6,mERvEj
5,pouls,2,pu
8,business,6,biznEs
8,ennuyeux,6,@n8ij2
8,principe,6,pR5sip
7,colline,5,kolin
9,exécution,9,Egzekysj§
5,barre,3,baR
7,charger,5,SaRZe
6,élever,5,El°ve
3,are,2,aR
9,ordinaire,7,ORdinER
4,rage,3,RaZ
7,éclater,6,eklate
8,étonnant,5,eton@
5,thème,3,tEm
5,voile,4,vwal
5,jaune,3,Zon
6,causer,4,koze
5,échec,4,eSEk
6,canard,5,kanaR
7,ajouter,5,aZute
9,splendide,7,spl@did
4,luxe,4,lyks
6,statue,5,staty
6,phrase,4,fRaz
9,entraîner,6,@tRene
8,endormir,7,@dORmiR
6,mouche,3,muS
6,piquer,4,pike
4,pose,3,poz
5,stylo,5,stilo
10,territoire,8,tERitwaR
4,pipi,4,pipi
4,ciao,4,tSao
2,go,2,go
6,second,4,s°g§
8,paraître,6,paREtR
5,villa,5,villa
7,vampire,5,v@piR
8,renoncer,6,R°n§se
5,otage,4,otaZ
7,atelier,6,at°lje
7,sincère,5,s5sER
8,couronne,5,kuROn
6,sommet,4,somE
6,telles,3,tEl
5,fonds,2,f§
4,boue,2,bu
10,invitation,8,5vitasj§
14,reconnaissance,9,R°konEs@s
6,envers,4,@vER
7,déposer,6,depoze
5,louer,3,lwe
6,tarder,5,taRde
4,aile,2,El
2,la,2,la
4,bras,3,bRa
5,payer,4,peje
6,pauvre,4,povR
7,surtout,5,syRtu
2,an,1,@
10,travailler,7,tRavaje
8,seigneur,5,sEN9R
6,malade,5,malad
6,depuis,5,d°p8i
7,premier,6,pR2mje
3,cul,2,ky
3,dur,3,dyR
4,paix,2,pE
6,minute,5,minyt
10,exactement,9,Egzakt°m@
3,dès,2,dE
5,cours,3,kuR
6,prison,5,pRiz§
4,ciel,4,sjEl
7,partout,5,paRtu
6,rendre,4,R@dR
5,aussi,3,osi
4,voir,4,vwaR
7,changer,4,S@Ze
6,penser,4,p@se
6,briser,5,bRize
8,angoisse,5,@gwas
7,marquis,5,maRki
7,suprême,6,sypREm
5,robot,4,Robo
6,ranger,4,R@Ze
6,opérer,5,opeRe
6,couler,4,kule
8,assiette,5,asjEt
4,café,4,kafe
6,certes,4,sERt
7,analyse,6,analiz
10,population,9,popylasj§
8,poubelle,5,pubEl
8,sénateur,7,senat9R
11,disparition,10,dispaRisj§
16,particulièrement,14,paRtikyljER°m@
11,technologie,9,tEknoloZi
5,ennui,4,@n8i
8,physique,5,fizik
10,la plupart,8,laplypaR
11,catastrophe,9,katastROf
11,département,9,depaRt°m@
11,extrêmement,10,EkstREm°m@
5,guide,3,gid
12,pratiquement,9,pRatik°m@
7,drapeau,5,dRapo
8,éliminer,7,elimine
7,ceux-là,4,s2la
7,chinois,5,Sinwa
6,mortel,6,mORtEl
4,clef,3,kle
12,commissariat,9,komisaRja
7,dignité,6,diNite
10,instrument,7,5stRym@
4,lion,3,lj§
12,anniversaire,9,anivERsER
8,dentiste,6,d@tist
5,grève,4,gREv
3,une,2,yn
4,pâle,3,pal
8,éloigner,6,elwaNe
5,orage,4,oRaZ
5,mêmes,3,mEm
8,éteindre,5,et5dR
7,réserve,6,RezERv
3,pro,3,pRo
7,abattre,5,abatR
3,sou,2,su
11,température,9,t@peRatyR
6,rouler,4,Rule
6,prêter,5,pRete
5,tente,3,t@t
10,accueillir,6,ak9jiR
5,élevé,5,El°ve
6,temple,4,t@pl
5,écart,4,ekaR
6,cabane,5,kaban
5,stade,4,stad
9,obscurité,9,OpskyRite
7,correct,6,koREkt
9,exception,8,EksEpsj§
3,net,3,nEt
6,bêtise,5,betiz
6,direct,6,diREkt
8,instinct,4,5st5
4,bloc,4,blOk
5,large,4,laRZ
8,brillant,5,bRij@
4,dose,3,doz
8,tragédie,7,tRaZedi
5,marge,4,maRZ
5,canal,5,kanal
7,matière,6,matjER
6,timide,5,timid
8,cervelle,6,sERvEl
10,concentrer,7,k§s@tRe
7,auberge,5,obERZ
9,promotion,8,pRomosj§
10,auparavant,7,opaRav@
4,cuir,4,k8iR
8,dialogue,6,djalOg
5,mince,3,m5s
6,remède,5,R°mEd
7,annuler,5,anyle
4,coca,4,koka
6,change,3,S@Z
7,éternel,7,etERnEl
4,golf,4,gOlf
8,rarement,6,RaR°m@
8,magazine,7,magazin
7,oxygène,7,OksiZEn
7,émotion,6,emosj§
4,yeah,2,jE
4,avis,3,avi
6,compte,3,k§t
7,dernier,6,dERnje
5,drôle,4,dRol
8,regarder,7,R°gaRde
7,mauvais,4,movE
4,fête,3,fEt
6,retour,5,R°tuR
8,entendre,5,@t@dR
2,le,2,l°
6,jamais,4,ZamE
4,état,3,eta
7,montrer,5,m§tRe
4,vous,2,vu
7,souvent,4,suv@
10,comprendre,7,k§pR@dR
9,difficile,7,difisil
8,pourquoi,6,puRkwa
7,essayer,5,eseje
5,grave,4,gRav
6,gentil,4,Z@ti
2,ne,2,n°
8,sûrement,6,syR°m@
8,d'autres,4,dotR
4,ceci,4,s°si
5,chose,3,Soz
5,ordre,4,ORdR
6,esprit,5,EspRi
9,président,7,pRezid@
6,perdre,5,pERdR
4,voix,3,vwa
4,cher,3,SER
5,bisou,4,bizu
5,trône,4,tRon
7,lecture,6,lEktyR
11,destruction,10,destRyksj§
11,réalisateur,10,Realizat9R
4,four,3,fuR
7,diriger,6,diRiZe
6,tonton,4,t§t§
8,football,6,futbOl
9,organiser,8,ORganize
4,pari,4,paRi
4,venu,4,v°ny
4,site,3,sit
3,etc,8,EtseteRa
6,dollar,5,dolaR
4,sain,2,s5
11,particulier,10,paRtikylje
6,plaque,4,plak
7,terreur,5,tER9R
5,acier,4,asje
12,personnalité,11,pERsonalite
6,pognon,4,poN§
3,ski,3,ski
7,accueil,4,ak9j
7,méthode,5,metOd
3,mal,3,mal
6,panier,5,panje
5,punir,5,pyniR
9,autoroute,6,otoRut
7,logique,5,loZik
5,obéir,5,obeiR
7,préféré,7,pRefeRe
7,brigade,6,bRigad
5,vomir,5,vomiR
9,classique,6,klasik
8,revanche,5,R°v@S
5,toast,4,tost
9,orchestre,7,ORkEstR
7,pétrole,6,petROl
7,vaincre,4,v5kR
9,curiosité,9,kyRjozite
5,issue,3,isy
6,limite,5,limit
3,zut,3,zyt
9,formation,8,fORmasj§
6,serrer,4,seRe
4,curé,4,kyRe
9,directeur,8,diREkt9R
7,médical,7,medikal
4,tels,3,tEl
7,galerie,6,gal°Ri
7,épisode,6,epizOd
12,scientifique,8,sj@tifik
6,ticket,4,tikE
4,cran,3,kR@
9,événement,7,evEn°m@
7,peintre,4,p5tR
5,saute,3,sot
11,sincèrement,8,s5sER°m@
13,effectivement,10,efEktiv°m@
6,fierté,6,fjERte
7,sagesse,5,saZEs
7,charité,6,SaRite
4,oeuf,2,9f
4,saut,2,so
8,aussitôt,5,osito
8,audience,5,odj@s
9,commander,6,kom@de
7,avertir,7,avERtiR
4,roue,2,Ru
5,vertu,5,vERty
5,drame,4,dRam
6,mairie,4,meRi
4,lady,5,lEjdi
8,proposer,7,pRopoze
7,échelle,4,eSEl
10,atmosphère,8,atmosfER
4,boss,3,bOs
9,promenade,7,pROmnad
4,hôte,2,ot
4,viol,4,vjOl
12,plaisanterie,9,plEz@t°Ri
5,bâton,4,bat§
8,déplacer,7,deplase
4,juin,3,Z85
10,génération,9,ZeneRasj§
6,profil,6,pRofil
14,petit-déjeuner,10,p°tideZ9ne
5,câble,4,kabl
9,témoigner,7,temwaNe
7,culotte,5,kylOt
9,influence,6,5fly@s
6,espion,5,Espj§
7,grandir,6,gR@diR
6,indice,4,5dis
7,diplôme,6,diplom
4,dent,2,d@
3,fan,3,fan
11,malédiction,10,malediksj§
9,procédure,8,pRosedyR
14,tranquillement,9,tR@kil°m@
5,usage,4,yzaZ
5,poing,3,pw5
14,administration,13,administRasj§
7,feuille,3,f9j
11,laboratoire,10,laboRatwaR
6,trafic,6,tRafik
6,réseau,4,Rezo
6,cesser,4,sese
8,jalousie,6,Zaluzi
9,sensation,7,s@sasj§
4,baby,5,bejbi
6,ouvert,4,uvER
6,salaud,4,salo
8,ramasser,6,Ramase
8,fonction,6,f§ksj§
6,occupé,5,okype
10,concernant,7,k§sERn@
7,minable,6,minabl
7,risquer,5,Riske
9,transport,7,tR@spOR
8,activité,8,aktivite
7,ignorer,5,iNoRe
6,agneau,3,aNo
7,italien,6,italj5
2,et,1,e
3,tôt,2,to
5,année,3,ane
4,puis,3,p8i
8,ailleurs,4,aj9R
2,sa,2,sa
7,ensuite,5,@s8it
4,l'un,2,l1
4,faim,2,f5
3,rue,2,Ry
2,ta,2,ta
7,honneur,4,on9R
4,prix,3,pRi
7,hôpital,6,opital
6,retard,5,R°taR
6,visage,5,vizaZ
6,simple,4,s5pl
4,face,3,fas
5,oncle,3,§kl
6,garder,5,gaRde
3,ces,2,se
5,photo,4,foto
6,patron,5,patR§
10,impossible,7,5posibl
3,âme,2,am
1,à,1,a
4,bout,2,bu
6,soleil,5,solEj
6,propre,5,pROpR
4,sale,3,sal
10,résistance,8,Rezist@s
6,accent,4,aks@
14,impressionnant,9,5pResjon@
8,thérapie,6,teRapi
8,étranger,6,etR@Ze
9,suffisant,6,syfiz@
7,fragile,6,fRaZil
10,intéresser,7,5teRese
9,tristesse,7,tRistEs
3,ère,2,ER
5,buter,4,byte
5,comte,3,k§t
6,filmer,5,filme
6,morale,5,moRal
13,communication,11,komynikasj§
8,fouiller,4,fuje
9,invisible,7,5vizibl
5,franc,3,fR@
7,violent,5,vjol@
4,noix,3,nwa
6,tireur,5,tiR9R
5,décès,4,desE
8,légitime,7,leZitim
11,précisément,9,pResizem@
8,sous-sol,5,susOl
11,sympathique,7,s5patik
7,guitare,5,gitaR
5,dette,3,dEt
6,fameux,4,fam2
7,peindre,4,p5dR
6,naître,4,nEtR
4,pipe,3,pip
7,habiter,5,abite
7,altesse,5,altEs
6,coucou,4,kuku
11,débrouiller,7,debRuje
8,enfermer,6,@fERme
10,démocratie,9,demokRasi
9,affection,7,afEksj§
5,marié,5,maRje
3,mis,2,mi
4,août,2,ut
6,douter,4,dute
10,accusation,8,akyzasj§
6,flamme,4,flam
6,rompre,4,R§pR
5,tache,3,taS
6,coûter,4,kute
4,coma,4,koma
8,capitale,7,kapital
8,informer,6,5fORme
6,blessé,5,blese
6,commun,4,kom1
11,photographe,8,fotogRaf
6,vallée,4,vale
7,chômage,5,SomaZ
6,foudre,4,fudR
10,petit-fils,7,p°tifis
8,assister,6,asiste
2,by,2,bi
9,chaussure,5,SosyR
11,interrompre,7,5tER§pR
7,enfoiré,6,@fwaRe
8,excitant,6,Eksit@
4,gang,3,g@g
8,médaille,5,medaj
5,étape,4,etap
5,casse,3,kas
5,phase,3,faz
7,balader,6,balade
6,pendre,4,p@dR
10,chirurgien,8,SiRyRZj5
12,intervention,9,5tERv@sj§
5,dalle,3,dal
8,désordre,7,dezORdR
6,machin,4,maS5
8,ambiance,5,@bj@s
3,âne,2,an
10,témoignage,8,temwaNaZ
10,énormément,8,enORmem@
8,désastre,7,dezastR
4,nord,3,nOR
6,profit,5,pRofi
7,demeure,5,d°m9R
7,facture,6,faktyR
8,national,8,nasjonal
8,araignée,5,aRENe
5,deuil,3,d9j
7,chacune,5,Sakyn
5,lance,3,l@s
5,motif,5,motif
11,remarquable,9,R°maRkabl
8,efficace,6,efikas
8,héritage,6,eRitaZ
6,tiroir,6,tiRwaR
4,aura,3,oRa
5,métal,5,metal
4,tube,3,tyb
7,gratuit,6,gRat8i
4,loge,3,lOZ
3,fin,2,f5
7,chariot,5,SaRjo
9,publicité,9,pyblisite
9,rapporter,7,RapORte
6,casque,4,kask
8,chapitre,6,SapitR
8,prétexte,8,pRetEkst
9,vaisselle,5,vEsEl
8,magicien,7,maZisj5
9,objection,8,ObZEksj§
7,pénible,6,penibl
11,honnêtement,7,onEt°m@
9,regretter,7,R°gRete
11,confortable,9,k§fORtabl
8,divorcer,7,divORse
10,médicament,8,medikam@
6,gueule,3,g9l
5,toute,3,tut
3,dix,3,dis
6,équipe,4,ekip
6,encore,4,@kOR
4,sens,3,s@s
3,six,3,sis
7,bizarre,5,bizaR
4,allô,3,alo
7,lumière,6,lymjER
10,est-ce que,5,Es°k°
7,rapport,5,RapOR
4,bois,3,bwa
7,acheter,5,aS°te
6,génial,6,Zenjal
6,propos,5,pRopo
7,content,4,k§t@
4,arme,3,aRm
6,chemin,4,S°m5
5,tirer,4,tiRe
5,choix,3,Swa
8,sécurité,8,sekyRite
5,livre,4,livR
7,médecin,5,mEds5
6,voyage,6,vwajaZ
5,table,4,tabl
6,dessus,4,d°sy
5,salle,3,sal
3,mes,2,me
5,pièce,4,pjEs
5,libre,4,libR
4,fond,2,f§
8,cuisiner,7,k8izine
5,privé,5,pRive
8,écriture,7,ekRityR
7,allumer,5,alyme
6,crétin,5,kRet5
8,punition,7,pynisj§
7,juillet,5,Z8ijE
6,saleté,6,sal°te
6,avaler,5,avale
7,illégal,6,ilegal
3,nan,2,n@
11,spécialiste,10,spesjalist
9,baignoire,6,bENwaR
5,dépôt,4,depo
5,pouce,3,pus
10,douloureux,6,duluR2
8,négocier,7,negosje
12,terriblement,9,tERibl°m@
3,lot,2,lo
11,quelquefois,8,kElk°fwa
9,apparence,6,apaR@s
7,branche,4,bR@S
6,saluer,5,sal8e
7,marteau,5,maRto
10,mystérieux,8,misteRj2
8,produire,7,pRod8iR
6,déesse,4,deEs
5,jouet,3,ZwE
5,nuage,4,n8aZ
11,transformer,9,tR@sfORme
6,adorer,5,adoRe
7,octobre,6,OktObR
12,après-demain,8,apREd°m5
8,détendre,6,det@dR
10,rembourser,7,R@buRse
6,sonner,4,sone
13,professionnel,11,pRofEsjonEl
5,toile,4,twal
9,chirurgie,7,SiRyRZi
7,boisson,5,bwas§
9,technique,6,tEknik
8,massacre,6,masakR
6,cognac,5,koNak
5,voyou,5,vwaju
7,routine,5,Rutin
7,poignée,5,pwaNe
4,tsar,4,tsaR
5,masse,3,mas
6,survie,5,syRvi
11,disposition,10,dispozisj§
10,prisonnier,8,pRizonje
4,vote,3,vOt
7,citoyen,7,sitwaj5
7,confier,5,k§fje
7,dessert,5,desER
8,division,7,divizj§
8,domicile,7,domisil
10,discipline,8,disiplin
8,fillette,5,fijEt
11,ambassadeur,8,@basad9R
8,autopsie,6,otOpsi
11,culpabilité,11,kylpabilite
5,angle,3,@gl
7,orgueil,5,ORg9j
10,possession,7,posesj§
6,violon,5,vjol§
6,baisse,3,bEs
10,volontaire,7,vol§tER
9,apprécier,7,apResje
7,baleine,5,balEn
4,bail,3,baj
6,pilote,5,pilOt
5,cassé,4,kase
7,dispute,6,dispyt
12,précédemment,9,pResedam@
8,régiment,6,ReZim@
9,dégoûtant,6,degut@
6,moquer,4,moke
9,nucléaire,7,nykleER
10,ressembler,7,R°s@ble
2,ya,2,ja
3,zoo,3,zoo
11,combinaison,8,k§binEz§
5,genou,4,Z°nu
8,attentat,5,at@ta
9,empreinte,5,@pR5t
8,majorité,8,maZoRite
4,pull,3,pyl
9,enveloppe,6,@v°lOp
12,actuellement,9,akt8El°m@
7,crainte,4,kR5t
10,psychiatre,8,psikjatR
6,pointe,4,pw5t
6,tennis,5,tenis
3,gré,3,gRe
10,maquillage,7,makijaZ
5,délit,4,deli
8,inventer,5,5v@te
7,patient,5,pasj@
6,touche,3,tuS
5,étude,4,etyd
5,mafia,5,mafja
7,baigner,4,beNe
9,faiblesse,6,fEblEs
9,gentiment,6,Z@tim@
9,remarquer,7,R°maRke
10,répétition,9,Repetisj§
5,chaos,3,kao
7,collège,5,kolEZ
12,construction,10,k§stRyksj§
7,vendeur,5,v@d9R
10,certificat,9,sERtifika
4,onze,2,§z
10,exposition,10,Ekspozisj§
5,micro,5,mikRo
12,dernièrement,10,dERnjER°m@
6,défaut,4,defo
5,mêler,4,mele
6,assaut,3,aso
5,avril,5,avRil
8,observer,7,opsERve
4,taux,2,to
8,cachette,5,kaSEt
14,enregistrement,11,@R°ZistR°m@
8,illusion,6,ilyzj§
7,vedette,5,v°dEt
9,déménager,8,demenaZe
5,tigre,4,tigR
8,évidence,6,evid@s
5,foire,4,fwaR
7,hommage,4,omaZ
10,nous-mêmes,5,numEm
7,baraque,5,baRak
8,fabuleux,6,fabyl2
6,maigre,4,mEgR
12,correctement,9,koREkt°m@
5,péter,4,pete
3,nid,2,ni
6,carnet,5,kaRnE
9,fermeture,8,fERm°tyR
5,parti,5,paRti
4,gris,3,gRi
4,lame,3,lam
9,solitaire,7,solitER
6,vilain,4,vil5
11,célibataire,9,selibatER
8,coiffeur,6,kwaf9R
7,dessous,4,d°su
7,décrire,6,dekRiR
13,insupportable,10,5sypORtabl
8,pratique,6,pRatik
5,début,4,deby
4,fric,4,fRik
3,euh,1,2
6,lettre,4,lEtR
8,toujours,5,tuZuR
5,hôtel,4,otEl
6,bateau,4,bato
3,sac,3,sak
4,camp,2,k@
6,peuple,4,p2pl
5,avion,4,avj§
7,silence,5,sil@s
4,pied,3,pje
7,revenir,7,R°v°niR
12,complètement,9,k§plEt°m@
6,espèce,5,EspEs
5,plein,3,pl5
4,télé,4,tele
5,temps,2,t@
9,doucement,6,dus°m@
10,tranquille,6,tR@kil
5,honte,2,§t
6,sauver,4,sove
10,maintenant,6,m5t°n@
5,notre,4,nOtR
7,colonel,7,kolonEl
5,passé,4,pase
9,apprendre,6,apR@dR
9,situation,8,sit8asj§
6,erreur,4,ER9R
4,deux,2,d2
4,sans,2,s@
9,retrouver,7,R°tRuve
3,dos,2,do
8,accident,6,aksid@
5,filet,4,filE
5,cadre,4,kadR
11,hélicoptère,9,elikOptER
7,formule,6,fORmyl
5,comté,4,k§te
8,tendance,5,t@d@s
6,délire,5,deliR
9,agression,7,agREsj§
6,carton,5,kaRt§
1,g,2,Ze
6,basket,6,baskEt
10,catholique,7,katolik
8,tonnerre,5,tonER
6,casino,6,kazino
2,cm,8,s@timEtR
6,couche,3,kuS
6,frappe,4,fRap
9,processus,8,pRosesys
6,stress,5,stREs
8,atterrir,6,ateRiR
10,patrouille,6,patRuj
5,hello,3,Elo
6,pétrin,5,petR5
9,concierge,7,k§sjERZ
6,rideau,4,Rido
7,suivant,5,s8iv@
9,drôlement,7,dRol°m@
8,intimité,7,5timite
11,circulation,10,siRkylasj§
11,communiquer,8,komynike
10,confession,7,k§fesj§
9,chevalier,7,S°valje
5,veine,3,vEn
3,coq,3,kOk
3,gai,2,gE
5,grain,3,gR5
7,symbole,5,s5bOl
5,karma,5,kaRma
4,voeu,2,v2
7,caution,5,kosj§
10,équipement,7,ekip°m@
10,malentendu,8,mal@t@dy
9,testament,7,tEstam@
9,livraison,7,livREz§
11,supermarché,10,sypERmaRSe
7,remords,5,R°mOR
9,améliorer,8,ameljoRe
5,maths,3,mat
9,moustache,6,mustaS
5,subir,5,sybiR
6,cigare,5,sigaR
9,innocence,6,inos@s
8,querelle,5,k°REl
9,satellite,7,satelit
9,serviteur,8,sERvit9R
5,plomb,3,pl§
5,poker,5,pokER
8,batterie,6,bat°Ri
11,bénédiction,10,benediksj§
9,désespoir,9,dezEspwaR
8,probable,8,pRobabl°
8,accorder,6,akORde
3,par,3,paR
7,planter,5,pl@te
7,paysage,6,peizaZ
3,rex,4,REks
4,gras,3,gRa
8,tragique,6,tRaZik
6,budget,5,bydZE
8,disputer,7,dispyte
11,marchandise,8,maRS@diz
6,dragon,5,dRag§
10,télégramme,8,telegRam
9,équilibre,7,ekilibR
7,établir,7,etabliR
5,pompe,3,p§p
5,royal,6,Rwajal
11,association,9,asosjasj§
6,rançon,4,R@s§
8,suicider,7,s8iside
12,civilisation,11,sivilizasj§
8,descente,5,des@t
7,rigoler,6,Rigole
3,sir,3,siR
8,bouclier,7,buklije
4,look,3,luk
9,accrocher,6,akRoSe
7,relever,6,R°l°ve
5,jouir,4,ZwiR
5,plaie,3,plE
11,destination,10,destinasj§
14,officiellement,10,ofisjEl°m@
8,aiguille,5,eg8ij
6,hurler,4,yRle
4,quai,2,kE
6,rocher,4,RoSe
11,échantillon,7,eS@tij§
7,énerver,6,enERve
4,bref,4,bREf
8,caravane,7,kaRavan
7,creuser,5,kR2ze
6,coller,4,kole
7,révéler,6,Revele
4,ciné,4,sine
13,reconnaissant,8,R°konEs@
9,gentleman,10,dZEntl°man
7,inconnu,5,5kony
6,troupe,4,tRup
10,infiniment,7,5finim@
5,alibi,5,alibi
6,leader,5,lid9R
9,maintenir,7,m5t°niR
5,raser,4,Raze
5,sueur,4,s89R
10,communiste,8,komynist
8,fidélité,8,fidelite
8,chanceux,4,S@s2
6,lutter,4,lyte
6,placer,5,plase
2,ci,2,si
4,défi,4,defi
4,soûl,2,su
5,thèse,3,tEz
5,canne,3,kan
8,province,6,pRov5s
5,vitre,4,vitR
10,assistance,7,asist@s
7,élément,5,elem@
7,veiller,4,veje
9,misérable,8,mizeRabl
8,soutenir,7,sut°niR
8,éléphant,5,elef@
6,trahir,5,tRaiR
8,balancer,6,bal@se
10,compassion,7,k§pasj§
5,lourd,3,luR
6,rumeur,5,Rym9R
3,ais,1,e
6,record,5,R°kOR
9,transfert,7,tR@sfER
7,torture,6,tORtyR
9,base-ball,6,bEzbol
4,jupe,3,Zyp
6,manche,3,m@S
10,dépression,8,depResj§
7,central,6,s@tRal
8,coiffure,6,kwafyR
7,antenne,4,@tEn
9,pharmacie,7,faRmasi
9,effrayant,6,efREj@
13,environnement,9,@viROn°m@
9,reportage,8,R°pORtaZ
7,accuser,5,akyze
5,coton,4,kot§
9,enseigner,5,@seNe
11,camionnette,8,kamjonEt
7,effacer,5,efase
9,promettre,7,pRomEtR
5,divin,4,div5
7,planche,4,pl@S
6,potion,5,posj§
6,allure,4,alyR
6,boulet,4,bulE
6,caveau,4,kavo
10,fripouille,6,fRipuj
9,langouste,6,l@gust
8,laquelle,5,lakEl
12,localisation,11,lokalizasj§
7,minibus,7,minibys
8,parcelle,6,paRsEl
8,propager,7,pRopaZe
7,ringard,5,R5gaR
7,coroner,7,koRonER
7,derrick,5,dERik
8,disciple,6,disipl
5,ferry,4,fERi
5,flirt,5,fl9Rt
7,gazelle,5,gazEl
10,intervalle,7,5tERval
7,luxueux,6,lyks82
12,magnétoscope,10,maNetoskOp
8,marathon,6,maRat§
10,moralement,8,moRal°m@
8,oculaire,6,okylER
8,orchidée,6,ORkide
9,paillasse,5,pajas
7,pick-up,5,pik9p
11,pots-de-vin,6,pod°v5
7,refrain,5,R°fR5
10,renouveler,8,R°nuv°le
10,scénariste,8,senaRist
8,brancard,6,bR@kaR
6,bâbord,5,babOR
7,civière,6,sivjER
8,douillet,4,dujE
9,dynamique,7,dinamik
11,excentrique,8,Eks@tRik
4,fumé,4,fyme
6,glisse,4,glis
6,laitue,4,lety
6,lester,5,lEste
7,morveux,5,mORv2
9,paternité,9,patERnite
12,photogénique,9,fotoZenik
7,preneur,6,pR°n9R
8,apprenti,6,apR@ti
10,automobile,8,otomobil
9,chimpanzé,6,S5p@ze
6,comète,5,komEt
11,congélateur,9,k§Zelat9R
5,coran,4,koR@
6,crosse,4,kROs
5,duper,4,dype
7,décisif,7,desizif
9,développé,8,dev°lope
6,gifler,5,Zifle
11,grossièreté,10,gRosjER°te
3,han,1,@
12,inexplicable,12,inEksplikabl
7,intello,5,5tElo
7,jackpot,5,Zakpo
4,orge,3,ORZ
8,relancer,6,R°l@se
9,théologie,7,teoloZi
11,tiers-monde,7,tjERm§d
6,voyant,5,vwaj@
4,zinc,3,z5g
9,éclaireur,7,eklER9R
6,capter,5,kapte
7,cynisme,6,sinizm
8,dépanner,6,depane
6,fiasco,6,fjasko
9,framboise,7,fR@bwaz
10,guérisseur,7,geRis9R
5,imper,4,5pER
13,investigation,11,5vEstigasj§
7,juriste,6,ZyRist
8,manucure,7,manykyR
10,navigateur,9,navigat9R
8,partouze,6,paRtuz
9,perfusion,8,pERfyzj§
6,poigne,4,pwaN
7,présage,6,pRezaZ
11,touristique,8,tuRistik
7,étalage,6,etalaZ
5,avide,4,avid
9,convoquer,6,k§voke
7,couvert,5,kuvER
7,délirer,6,deliRe
10,délivrance,8,delivR@s
7,enterré,5,@teRe
8,fascisme,6,faSizm
8,froideur,7,fRwad9R
5,gamma,4,gama
6,graver,5,gRave
3,hep,2,Ep
8,hilarant,5,ilaR@
7,linceul,5,l5s9l
9,planifier,8,planifje
5,poilu,5,pwaly
8,recoller,6,R°kole
7,sudiste,6,sydist
6,sénile,5,senil
5,tango,4,t@go
7,tombeur,5,t§b9R
10,transpirer,8,tR@spiRe
5,tâter,4,tate
10,télépathie,8,telepati
4,urne,3,yRn
4,veto,4,veto
10,balançoire,8,bal@swaR
4,bêta,4,bEta
7,cockpit,6,kOkpit
10,comparable,8,k§paRabl
8,diminuer,7,dimin8e
7,déguisé,6,degize
9,dévaliser,8,devalize
7,enflure,5,@flyR
7,gaucher,4,goSe
8,graffiti,7,gRafiti
6,grappe,4,gRap
6,hideux,3,id2
9,moucheron,6,muS°R§
10,planétaire,8,planetER
7,poussée,4,puse
12,publicitaire,10,pyblisitER
6,renier,5,R°nje
7,synchro,5,s5kRo
5,tonic,5,tonik
4,vole,3,vOl
11,échappement,7,eSap°m@
10,épuisement,8,ep8iz°m@
9,aérodrome,8,aeRodRom
7,bouffée,4,bufe
10,brièvement,9,bRijEv°m@
9,cafetière,8,kaf°tjER
7,cagoule,5,kagul
8,déserter,7,dezERte
11,embrouiller,6,@bRuje
6,hanter,3,@te
5,larve,4,laRv
8,lucidité,8,lysidite
11,pare-balles,6,paRbal
5,paumé,4,pome
3,pou,2,pu
10,purgatoire,9,pyRgatwaR
3,rab,3,Rab
5,rodéo,5,Rodeo
11,républicain,9,Repyblik5
10,aubergiste,8,obERZist
6,bâtard,5,bataR
10,compliquer,7,k§plike
11,criminalité,11,kRiminalite
7,déficit,7,defisit
8,dénicher,6,deniSe
7,informé,6,5fORme
8,justesse,6,ZystEs
8,mascotte,6,maskOt
6,mitard,5,mitaR
11,pénétration,10,penetRasj§
7,supposé,6,sypoze
7,tatouer,5,tatwe
6,triche,4,tRiS
9,versement,7,vERs°m@
8,voyageur,8,vwajaZ9R
7,épuiser,6,ep8ize
4,acné,4,akne
9,animateur,8,animat9R
9,bourrique,5,buRik
12,curieusement,9,kyRj2z°m@
10,décourager,8,dekuRaZe
12,expérimental,12,EkspeRim@tal
8,farouche,5,faRuS
6,ficher,4,fiSe
9,grand-duc,6,gR@dyk
13,génétiquement,10,Zenetik°m@
6,hareng,3,aR@
6,hélice,4,elis
10,impunément,7,5pynem@
12,indiscrétion,10,5diskResj§
6,jargon,5,ZaRg§
6,merlot,5,mERlo
5,polka,5,pOlka
13,précipitation,12,pResipitasj§
3,pus,2,py
7,reptile,6,REptil
5,astre,4,astR
9,avalanche,6,aval@S
4,bobo,4,bobo
8,carcasse,6,kaRkas
9,chaudière,6,SodjER
8,chérubin,6,SeRyb5
11,crédibilité,11,kRedibilite
7,déprimé,7,depRime
9,déserteur,8,dezERt9R
6,engagé,5,@gaZe
9,expansion,8,Eksp@sj§
8,fixement,7,fiks°m@
8,gretchen,7,gR°tSEn
8,guérilla,6,geRija
11,hyperespace,8,ipERspas
9,indulgent,6,5dylZ@
6,passif,5,pasif
6,piazza,6,pjadza
8,pochette,5,poSEt
13,quincaillerie,8,k5kaj°Ri
13,remboursement,9,R@buRs°m@
8,renommée,6,R°nome
12,retravailler,9,R°tRavaje
10,thoracique,7,toRasik
9,épaisseur,6,epEs9R
9,épilepsie,8,epilEpsi
7,bronzer,5,bR§ze
9,cascadeur,8,kaskad9R
7,concret,5,k§kRE
8,constant,5,k§st@
6,décidé,6,deside
11,envahisseur,7,@vais9R
8,formuler,7,fORmyle
4,hadj,3,adZ
8,machette,5,maSEt
9,marketing,8,maRketiG
5,muter,4,myte
8,prodigue,6,pRodig
6,pécher,4,peSe
7,shooter,4,Sute
8,soutirer,6,sutiRe
6,speech,5,spitS
5,tombé,4,t§be
10,vernissage,8,vERnisaZ
5,audio,4,odjo
8,chocolat,6,Sokola
7,clocher,5,kloSe
8,féminité,8,feminite
12,illégalement,9,ilegal°m@
9,incognito,7,5koNito
6,irréel,5,iReEl
10,lourdement,7,luRd°m@
8,maintien,5,m5tj5
10,pensionnat,7,p@sjona
9,perpétuel,9,pERpet8El
8,sournois,6,suRnwa
15,synchronisation,12,s5kRonizasj§
3,yen,3,jEn
9,émissaire,6,emisER
8,absorber,7,apsORbe
5,acide,4,asid
13,apprentissage,9,apR@tisaZ
7,basilic,7,bazilik
8,blanchir,6,bl@SiR
8,canadien,7,kanadj5
8,couchage,5,kuSaZ
8,demeurer,6,d°m9Re
11,diffamation,9,difamasj§
10,enfreindre,6,@fR5dR
9,exorcisme,9,EgzORsizm
8,faufiler,6,fofile
7,hériter,5,eRite
4,idem,4,idEm
10,imbattable,7,5batabl
4,jack,4,dZak
9,macchabée,6,makabe
7,microbe,6,mikROb
6,nourri,4,nuRi
5,pieux,3,pj2
12,présidentiel,11,pRezid@sjEl
12,remplacement,9,R@plas°m@
6,rincer,4,R5se
8,réfugier,7,RefyZje
7,schnaps,5,Snaps
4,taxe,4,taks
11,typiquement,8,tipik°m@
7,véranda,6,veR@da
7,vétéran,6,veteR@
3,zou,2,zu
7,associé,6,asosje
5,blâme,4,blam
13,contravention,10,k§tRav@sj§
8,filature,7,filatyR
4,gogo,4,gogo
5,haute,2,ot
7,inclure,5,5klyR
13,interrogation,10,5tERogasj§
8,isabelle,6,izabEl
8,kibboutz,6,kibuts
4,képi,4,kepi
6,noyade,6,nwajad
10,pare-chocs,6,paRSOk
10,alcoolisme,8,alkolizm
6,barder,5,baRde
9,destroyer,9,destRwaje
8,déguster,7,degyste
9,détection,8,detEksj§
5,fissa,4,fisa
6,goûter,4,gute
9,indemnité,8,5dEmnite
8,infecter,6,5fEkte
6,kimono,6,kimono
7,lanceur,5,l@s9R
6,lésion,5,lezj§
8,panthère,5,p@tER
8,penderie,6,p@d°Ri
6,pipeau,4,pipo
7,post-it,6,pOstit
6,relire,5,R°liR
7,réservé,7,RezERve
11,sollicitude,9,solisityd
7,tousser,4,tuse
7,adverse,6,advERs
12,aller-retour,8,aleR°tuR
8,atteinte,4,at5t
8,bannière,6,banjER
6,brevet,5,bR2vE
9,chapiteau,6,Sapito
9,enquêteur,6,@kEt9R
11,inutilement,9,inytil°m@
5,ovale,4,oval
9,poussette,5,pusEt
13,schizophrénie,10,skizofReni
7,tchèque,4,tSEk
6,écorce,5,ekORs
6,abattu,5,abaty
8,ambulant,5,@byl@
8,analyste,7,analist
12,appartenance,9,apaRt°n@s
7,attache,4,ataS
8,baptiser,6,batize
8,cavalier,7,kavalje
9,concombre,6,k§k§bR
7,dépense,5,dep@s
12,effondrement,8,ef§dR°m@
13,irréprochable,10,iRepRoSabl
10,jouissance,6,Zwis@s
4,muse,3,myz
8,ponctuel,7,p§kt8El
6,rituel,6,Rit8El
6,timbre,4,t5bR
8,adultère,7,adyltER
5,baril,5,baRil
8,bastille,6,bastij
4,bing,3,biG
6,caille,3,kaj
11,cholestérol,10,kolEsteROl
8,croiseur,7,kRwaz9R
11,croque-mort,7,kROkmOR
8,diamètre,7,djamEtR
9,disquette,6,diskEt
10,déplaisant,7,deplEz@
8,déployer,8,deplwaje
7,déprime,6,depRim
8,désigner,6,deziNe
4,dôme,3,dom
11,exploration,11,EksploRasj§
4,fada,4,fada
5,fesse,3,fEs
7,friture,6,fRityR
10,gaspillage,8,gaspijaZ
8,gourmand,5,guRm@
13,généreusement,10,ZeneR2z°m@
7,heurter,4,9Rte
7,idiotie,6,idjosi
11,intercepter,9,5tERsEpte
4,mire,3,miR
12,pornographie,10,pORnogRafi
9,pâtissier,7,patisje
5,radis,4,Radi
10,saignement,6,sEN°m@
6,soutif,5,sutif
10,spiritisme,9,spiRitizm
9,stabilité,9,stabilite
8,abstenir,8,apst°niR
4,dada,4,dada
9,dignement,6,diN°m@
10,diplomatie,9,diplomasi
7,déjouer,5,deZwe
14,empoisonnement,10,@pwazOn°m@
6,format,5,fORma
8,foutaise,5,futEz
5,gâter,4,gate
5,merle,4,mERl
7,raffiné,6,Rafine
9,satanique,7,satanik
6,traire,4,tRER
6,trempé,5,tR@pe
5,abcès,4,apsE
9,actualité,9,akt8alite
7,animaux,5,animo
7,artisan,6,aRtiz@
5,baume,3,bom
5,berge,4,bERZ
10,cappuccino,9,kaputSino
6,changé,4,S@Ze
13,climatisation,12,klimatizasj§
7,douille,3,duj
10,extraction,10,EkstRaksj§
5,fable,4,fabl
5,filou,4,filu
8,ignorant,5,iNoR@
8,imminent,5,imin@
11,inestimable,10,inEstimabl
5,inouï,4,inwi
6,libido,6,libido
6,motard,5,motaR
10,méticuleux,8,metikyl2
11,persécution,10,pERsekysj§
8,perturbé,8,pERtyRbe
6,piston,5,pist§
8,psychose,6,psikoz
9,recoucher,6,R°kuSe
6,reggae,4,Rege
5,sabot,4,sabo
8,sociable,7,sosjabl
11,sophistiqué,9,sofistike
8,soucieux,5,susj2
13,stationnement,10,stasjOn°m@
9,écoutille,6,ekutij
9,épouvante,6,epuv@t
8,déborder,7,debORde
9,imposture,7,5pOstyR
5,latin,4,lat5
5,laïus,5,lajys
3,nim,3,nim
8,négation,7,negasj§
7,oseille,4,ozEj
11,palestinien,10,palEstinj5
8,parabole,7,paRabOl
5,piger,4,piZe
5,pâtée,4,pate
8,scorpion,7,skORpj§
9,souverain,6,suv°R5
8,succéder,7,syksede
8,trombone,6,tR§bOn
7,ajuster,6,aZyste
6,ambigu,5,@bigy
4,apte,3,apt
11,aveuglement,8,av9gl°m@
9,blockhaus,6,blOkos
7,brusque,5,bRysk
14,catastrophique,11,katastRofik
7,coffret,5,kofRE
8,cupidité,8,kypidite
7,détendu,6,det@dy
7,entuber,5,@tybe
8,exigeant,6,EgziZ@
5,faine,3,fEn
5,filon,4,fil§
8,homicide,6,omisid
6,hublot,4,yblo
10,implacable,8,5plakabl
13,inconfortable,10,5k§fORtabl
12,municipalité,12,mynisipalite
9,passionné,7,pasjone
12,prescription,11,pREskRipsj§
8,raquette,5,RakEt
9,recherché,7,R°SERSe
9,résistant,7,Rezist@
3,sis,2,si
14,solennellement,10,solanEl°m@
10,stupéfiant,8,stypefj@
7,unanime,6,ynanim
5,usure,4,yzyR
6,vassal,5,vasal
8,aptitude,7,aptityd
9,cartouche,6,kaRtuS
6,casbah,5,kasba
9,couronner,6,kuRone
7,dauphin,4,dof5
5,disco,5,disko
8,disgrâce,7,disgRas
9,découvert,7,dekuvER
9,fondement,6,f§d°m@
8,glissant,5,glis@
6,gramme,4,gRam
10,guitariste,8,gitaRist
3,lin,2,l5
7,mandala,6,m@dala
8,menaçant,6,m°nas@
6,merlan,5,mERl@
8,mépriser,7,mepRize
12,présentateur,10,pRez@tat9R
9,recharger,7,R°SaRZe
3,rot,2,Ro
6,résolu,6,Rezoly
7,simuler,6,simyle
9,théorique,6,teoRik
4,aigu,3,egy
8,allumage,6,alymaZ
11,appendicite,8,ap5disit
8,arthrite,6,aRtRit
8,bagarrer,6,bagaRe
7,british,6,bRitiS
6,cartel,6,kaRtEl
7,collant,4,kol@
8,comptant,4,k§t@
8,crasseux,5,kRas2
7,célibat,6,seliba
8,désobéir,8,dezobeiR
9,engendrer,6,@Z@dRe
4,fion,3,fj§
7,frivole,6,fRivOl
9,hydrogène,7,idRoZEn
8,implorer,6,5ploRe
12,inconcevable,9,5k§s°vabl
10,insouciant,6,5susj@
8,manquant,4,m@k@
4,open,4,op°n
10,patiemment,7,pasjam@
6,persil,5,pERsi
4,piaf,4,pjaf
8,prélever,7,pRel°ve
9,psychique,6,psiSik
6,rachat,4,RaSa
8,timidité,8,timidite
7,tribune,6,tRibyn
5,vendu,4,v@dy
11,énergétique,9,enERZetik
6,épeler,5,ep°le
8,anguille,4,@gij
11,autodéfense,8,otodef@s
7,belette,5,b°lEt
8,braqueur,6,bRak9R
7,chimère,5,SimER
9,clavicule,8,klavikyl
6,datcha,5,datSa
10,défectueux,8,defEkt82
14,emprisonnement,10,@pRizOn°m@
8,gangrène,6,g@gREn
6,granit,6,gRanit
7,hip-hop,4,ipOp
6,hostie,4,Osti
11,insuffisant,7,5syfiz@
8,maritime,7,maRitim
4,mess,3,mEs
9,randonnée,6,R@done
9,recouvrir,8,R°kuvRiR
8,repenser,6,R°p@se
6,typhus,5,tifys
10,téléviseur,9,televiz9R
11,attentionné,8,at@sjone
5,canoë,5,kanoe
6,cerner,5,sERne
9,chronique,6,kRonik
8,comptine,5,k§tin
9,connecter,7,konEkte
7,corrida,6,koRida
7,country,7,kawntRi
7,digérer,6,diZeRe
7,dixième,6,dizjEm
6,déclin,5,dekl5
6,expier,6,Ekspje
6,frimer,5,fRime
9,grammaire,6,gRamER
10,insatiable,8,5sasjabl
18,lieutenant-colonel,14,lj2t°n@kolonEl
4,lynx,4,l5ks
11,patriotique,10,patRijotik
9,perpétuer,8,pERpet8e
7,platine,6,platin
8,prothèse,6,pRotEz
6,pâture,5,patyR
5,ramer,4,Rame
6,recrue,5,R°kRy
5,rôtir,5,RotiR
6,saisie,4,sezi
6,trimer,5,tRime
8,vigilant,6,viZil@
12,affrontement,8,afR§t°m@
8,arrosage,6,aRozaZ
6,boyard,6,bwajaR
5,chair,3,SER
8,chéquier,5,Sekje
9,clairière,7,klERjER
10,cordonnier,8,kORdonje
7,débuter,6,debyte
8,dédicace,7,dedikas
9,endurance,6,@dyR@s
7,fermier,6,fERmje
5,fritz,5,fRits
12,incorrigible,9,5koRiZibl
9,inflation,7,5flasj§
9,judicieux,7,Zydisj2
8,leucémie,6,l2semi
5,loque,3,lOk
6,miteux,4,mit2
6,pomper,4,p§pe
5,pongo,4,p§go
9,prescrire,8,pREskRiR
10,soustraire,7,sustRER
7,sponsor,6,sp§sOR
6,valide,5,valid
7,allongé,5,al§Ze
5,bouse,3,buz
9,cacahuète,7,kakawEt
7,canular,7,kanylaR
10,conversion,8,k§vERsj§
11,dispensaire,8,disp@sER
7,exagéré,8,EgzaZeRe
6,exposé,7,Ekspoze
5,frêne,4,fREn
6,glaise,4,glEz
6,glaive,4,glEv
14,indescriptible,12,5dEskRiptibl
8,interner,6,5tERne
7,lunette,5,lynEt
4,maxi,5,maksi
5,myope,4,mjOp
8,myrtille,6,miRtij
6,paella,5,paela
5,pence,4,pEns
7,polaire,5,polER
4,raie,2,RE
6,rempli,5,R@pli
8,respecté,8,REspEkte
6,rigole,5,RigOl
8,savourer,6,savuRe
4,soul,3,sul
5,voûte,3,vut
8,autonome,6,otonom
6,bielle,4,bjEl
5,clash,4,klaS
8,clinique,6,klinik
7,compère,5,k§pER
9,damnation,7,danasj§
10,music-hall,7,myzikOl
6,prompt,3,pR§
6,pédale,5,pedal
4,rail,3,Raj
7,riposte,6,RipOst
3,tex,4,tEks
7,torride,5,toRid
5,agile,4,aZil
12,bienfaisance,8,bj5f°z@s
6,bobine,5,bobin
5,borne,4,bORn
6,calmos,6,kalmOs
5,dense,3,d@s
9,dépouille,5,depuj
7,ferveur,6,fERv9R
5,gerbe,4,ZERb
9,grignoter,7,gRiNote
4,levé,4,l°ve
9,manchette,5,m@SEt
4,mini,4,mini
7,palmier,6,palmje
7,perfide,6,pERfid
6,postal,6,pOstal
11,procuration,10,pRokyRasj§
12,protestation,11,pRotEstasj§
13,questionnaire,9,kEstjonER
9,rémission,7,Remisj§
8,sapristi,8,sapRisti
6,sonder,4,s§de
6,titane,5,titan
6,volage,5,volaZ
5,aérer,4,aeRe
6,docile,5,dosil
10,détestable,9,detEstabl
10,grièvement,9,gRijEv°m@
8,moutarde,6,mutaRd
6,mécano,6,mekano
3,ney,2,ne
9,olympique,6,ol5pik
8,ponction,6,p§ksj§
9,potassium,8,potasjOm
11,probabilité,11,pRobabilite
8,préférer,7,pRefeRe
17,psychologiquement,13,psikoloZik°m@
6,rallye,4,Rali
13,réincarnation,11,Re5kaRnasj§
6,sultan,5,sylt@
5,volée,4,vole
6,accroc,4,akRo
9,approuver,6,apRuve
6,borgne,4,bORN
8,building,6,bildiG
6,buveur,5,byv9R
7,chagrin,5,SagR5
15,continuellement,11,k§tin8El°m@
10,contribuer,8,k§tRib8e
12,correspondre,9,koREsp§dR
6,coréen,5,koRe5
6,dosage,5,dozaZ
9,déchéance,6,deSe@s
6,dédier,5,dedje
10,escadrille,8,EskadRij
8,garderie,7,gaRd°Ri
3,hot,2,Ot
9,incorrect,7,5koREkt
8,libraire,6,libRER
6,meneur,5,m°n9R
5,nouer,3,nwe
7,partagé,7,paRtaZe
12,savoir-vivre,10,savwaRvivR
9,superstar,9,sypERstaR
10,tristement,8,tRist°m@
7,voilier,6,vwalje
10,alignement,7,aliN°m@
7,barbare,6,baRbaR
8,bronzage,6,bR§zaZ
8,caissier,5,kesje
7,confins,4,k§f5
8,défouler,6,defule
7,enfermé,6,@fERme
9,envergure,7,@vERgyR
5,grill,4,gRil
8,inaperçu,8,inapERsy
5,loupe,3,lup
10,musculaire,8,myskylER
8,nicotine,7,nikotin
9,optimisme,8,Optimizm
13,rapprochement,9,RapROS°m@
11,recrutement,9,R°kRyt°m@
9,sparadrap,8,spaRadRa
10,subvention,8,sybv@sj§
11,superviseur,10,sypERviz9R
4,trot,3,tRo
5,verbe,4,vERb
6,veston,5,vEst§
7,éminent,5,emin@
6,bronzé,5,bR§ze
7,contrée,5,k§tRe
5,curry,4,kyRi
15,essentiellement,10,es@sjEl°m@
6,grimpe,4,gR5p
9,jardinage,8,ZaRdinaZ
5,latex,6,latEks
4,logo,4,logo
6,mature,5,matyR
7,maudire,5,modiR
7,passeur,5,pas9R
7,pieuvre,5,pj9vR
9,rabaisser,6,Rabese
11,serpillière,8,sERpijER
9,souligner,6,suliNe
10,stabiliser,9,stabilize
11,surveillant,7,syRvEj@
4,veuf,3,v9f
11,agenouiller,7,aZ°nuje
17,approximativement,15,apROksimativ°m@
11,bouleverser,9,bul°vERse
8,brochure,6,bRoSyR
8,chaussée,4,Sose
13,convalescence,9,k§vales@s
7,dentier,5,d@tje
5,hyène,3,jEn
11,immunitaire,8,imynitER
12,incomparable,9,5k§paRabl
8,mausolée,6,mozole
7,mesquin,5,mEsk5
10,mont-blanc,5,m§bl@
6,pondre,4,p§dR
8,renifler,7,R°nifle
11,respirateur,10,REspiRat9R
14,réceptionniste,12,ResEpsjonist
7,sadique,5,sadik
7,secundo,6,s°g§do
9,écoeurant,5,ek9R@
8,érotisme,7,eRotizm
5,éveil,4,evEj
8,alentour,6,al@tuR
9,alligator,8,aligatOR
4,anus,4,anys
6,apport,4,apOR
12,baby-sitting,9,babisitiG
13,bourdonnement,9,buRdOn°m@
5,bride,4,bRid
8,calamité,8,kalamite
11,capitaliste,10,kapitalist
11,comparaître,8,k§paREtR
10,confesseur,7,k§fEs9R
8,conforme,6,k§fORm
8,déballer,6,debale
12,espace-temps,7,Espast@
7,estrade,6,EstRad
7,freiner,5,fRene
6,gourou,4,guRu
6,gratin,5,gRat5
5,hamac,4,amak
12,illumination,10,ilyminasj§
8,insinuer,6,5sin8e
6,joujou,4,ZuZu
15,mystérieusement,12,misteRj2z°m@
12,redressement,9,R°dREs°m@
5,rôder,4,Rode
10,sauterelle,7,sot°REl
5,scout,4,skut
10,soumission,7,sumisj§
11,épileptique,9,epilEptik
6,bannir,5,baniR
6,biceps,6,bisEps
9,bookmaker,8,bukmEk9R
8,brailler,5,bRaje
7,clavier,6,klavje
8,dégainer,6,degene
9,déguerpir,8,degERpiR
15,fur et à mesure,10,fyReam°zyR
12,incompétence,8,5k§pet@s
8,instance,5,5st@s
15,invraisemblable,11,5vREs@blabl
5,jeûne,3,Z2n
4,maté,4,mate
6,mentor,5,m5tOR
9,miniature,8,minjatyR
7,murmure,6,myRmyR
8,négliger,7,negliZe
10,ras-le-bol,7,Ral°bOl
9,rendormir,8,R@dORmiR
8,repérage,7,R°peRaZ
12,réconfortant,9,Rek§fORt@
11,répartition,10,RepaRtisj§
8,synthèse,5,s5tEz
6,tenace,5,t°nas
12,transmetteur,9,tR@smEt9R
7,éclairé,6,ekleRe
7,abréger,6,abReZe
7,alerter,6,alERte
7,aligner,5,aliNe
10,allégeance,6,aleZ@s
7,ancêtre,5,@sEtR
6,aplomb,4,apl§
8,attarder,6,ataRde
6,broyer,6,bRwaje
12,cannibalisme,10,kanibalizm
13,constellation,10,k§stElasj§
9,corrompre,6,koR§pR
5,devin,4,d°v5
7,durable,6,dyRabl
7,déplacé,7,deplase
6,enclin,4,@kl5
7,flipper,5,flipe
5,fondu,4,f§dy
10,holocauste,7,olokost
10,lampadaire,7,l@padER
6,latino,6,latino
9,licencier,7,lis@sje
4,mien,3,mj5
7,monture,5,m§tyR
9,mortuaire,7,mORt8ER
6,mâcher,4,maSe
10,médiatique,8,medjatik
5,oasis,5,oazis
9,pacotille,7,pakotij
10,perversion,9,pERvERsj§
11,progression,9,pRogREsj§
8,receveur,7,R°s°v9R
7,recréer,6,R°kRee
11,retardement,9,R°taRd°m@
5,sahib,4,saib
7,sceptre,5,sEptR
9,scolarité,9,skolaRite
4,snob,4,snOb
5,vôtre,4,votR
10,abstinence,8,apstin@s
12,aristocratie,11,aRistokRasi
5,barge,4,baRZ
8,chimiste,6,Simist
7,contrer,5,k§tRe
7,coûteux,4,kut2
11,cul-terreux,6,kytER2
12,demi-journée,9,d°miZuRne
8,explosif,9,Eksplozif
8,froisser,6,fRwase
5,harem,4,aREm
6,hombre,3,§bR
10,imprimerie,8,5pRim°Ri
5,morve,4,mORv
6,museau,4,myzo
14,mécontentement,10,mek§t@t°m@
4,môle,3,mol
5,peint,2,p5
11,progéniture,10,pRoZenityR
12,prédécesseur,10,pRedeses9R
7,retaper,6,R°tape
11,supportable,9,sypORtabl
7,torrent,4,toR@
6,touffe,3,tuf
7,uranium,7,yRanjOm
5,valve,4,valv
8,vaniteux,6,vanit2
7,éclipse,6,eklips
9,chalumeau,6,Salymo
6,dictée,5,dikte
7,décoder,6,dekode
11,désinfecter,9,dez5fEkte
9,enflammer,6,@flame
8,entracte,6,@tRakt
8,esquiver,6,Eskive
7,fusible,6,fyzibl
10,grandement,7,gR@d°m@
3,pff,2,pf
8,projeter,7,pRoZ°te
8,prostate,7,pROstat
6,purger,5,pyRZe
10,sanatorium,10,sanatoRjOm
12,transparence,9,tR@spaR@s
5,ultra,5,yltRa
9,vulgarité,9,vylgaRite
10,écologique,8,ekoloZik
5,bossu,4,bosy
7,caféine,6,kafein
10,caricature,9,kaRikatyR
7,continu,6,k§tiny
10,corbillard,8,kORbijaR
8,courtois,6,kuRtwa
7,crânien,6,kRanj5
4,cube,3,kyb
9,drugstore,8,dR9gstOR
5,duvet,4,dyvE
6,décédé,6,desede
4,flip,4,flip
6,fluide,5,fl8id
8,fragment,6,fRagm@
10,initiation,9,inisjasj§
11,injustement,8,5Zyst°m@
10,interphone,7,5tERfOn
8,juke-box,8,dZukbOks
6,juteux,4,Zyt2
9,lunatique,7,lynatik
10,millimètre,8,milimEtR
9,nervosité,9,nERvozite
5,norme,4,nORm
10,pathologie,8,patoloZi
3,pif,3,pif
12,positivement,10,pozitiv°m@
10,prestation,9,pREstasj§
8,rivalité,8,Rivalite
9,sacrement,7,sakR°m@
6,safari,6,safaRi
11,synthétique,7,s5tetik
9,thermique,6,tERmik
3,tri,3,tRi
8,venimeux,6,v°nim2
7,blocage,6,blokaZ
4,cave,3,kav
14,discrimination,13,diskRiminasj§
9,dégueuler,6,deg2le
8,désarmer,7,dezaRme
9,extorsion,9,EkstORsj§
9,firmament,7,fiRmam@
6,hoquet,3,okE
6,jasmin,5,Zasm5
5,lande,3,l@d
9,lassitude,7,lasityd
7,malaria,7,malaRja
12,masturbation,11,mastyRbasj§
7,papyrus,7,papiRys
12,pareillement,8,paREj°m@
6,rabais,4,RabE
3,rai,2,RE
11,ressemblant,7,R°s@bl@
8,souiller,4,suje
6,steppe,4,stEp
7,stupeur,6,styp9R
7,adoucir,6,adusiR
4,amas,3,ama
6,assuré,5,asyRe
8,balayage,7,balEjaZ
3,boa,3,boa
8,carillon,6,kaRij§
10,citrouille,6,sitRuj
8,concerto,7,k§sERto
10,constituer,8,k§stit8e
14,contradictoire,12,k§tRadiktwaR
11,convocation,9,k§vokasj§
6,dureté,6,dyR°te
9,fast-food,7,fastfud
5,frisé,5,fRize
3,fût,2,fy
7,garanti,6,gaR@ti
10,imprudence,7,5pRyd@s
11,indigestion,9,5diZEstj§
9,irritable,7,iRitabl
5,jaser,4,Zaze
5,mambo,4,m@bo
5,nique,3,nik
10,occurrence,6,okyR@s
9,orthodoxe,8,ORtodOks
12,pamplemousse,8,p@pl°mus
5,prime,4,pRim
10,promouvoir,9,pRomuvwaR
9,préjudice,8,pReZydis
6,raffut,4,Rafy
8,rebondir,7,R°b§diR
15,refroidissement,12,R°fRwadis°m@
7,rempart,5,R@paR
7,replier,7,R°plije
12,ressentiment,8,R°s@tim@
5,suivi,5,s8ivi
10,terroriser,8,tERoRize
4,tofu,4,tofy
8,tropical,8,tRopikal
5,vison,4,viz§
7,bassine,5,basin
5,bette,3,bEt
7,châtier,5,Satje
4,dune,3,dyn
9,déduction,8,dedyksj§
6,garrot,4,gaRo
6,glaçon,5,glas§
5,golfe,4,gOlf
7,largeur,6,laRZ9R
6,marqué,5,maRke
4,math,3,mat
7,notoire,6,notwaR
5,pitre,4,pitR
7,pommier,5,pomje
14,réhabilitation,12,Reabilitasj§
9,stellaire,6,stElER
11,supercherie,9,sypERS°Ri
9,surcharge,7,syRSaRZ
9,trésorier,8,tRezoRje
5,vêtir,5,vetiR
7,avancée,5,av@se
8,aveugler,6,av9gle
9,bijoutier,7,biZutje
9,cameraman,9,kameRaman
8,cartable,7,kaRtabl
13,cessez-le-feu,8,sEsel°f2
8,chapelet,6,Sap°lE
6,christ,5,kRist
15,confortablement,12,k§fORtabl°m@
8,doctrine,7,dOktRin
11,délinquance,7,del5k@s
5,gallo,4,galo
10,instructif,9,5stRyktif
8,mah-jong,5,maZ§G
9,manivelle,7,manivEl
9,mécontent,6,mek§t@
4,nase,3,naz
7,parbleu,6,paRbl2
5,party,5,paRti
6,pirate,5,piRat
9,postérité,9,pOsteRite
6,ripoux,4,Ripu
6,ronger,4,R§Ze
5,sonar,5,sonaR
5,sosie,4,sozi
10,stratagème,9,stRataZEm
4,tenu,4,t°ny
6,traite,4,tREt
4,visé,4,vize
3,zob,3,zOb
9,all right,6,alRajt
5,antan,3,@t@
8,biscotte,6,biskOt
6,brunch,5,bR9nS
7,capuche,5,kapyS
10,coopératif,10,koopeRatif
11,coopérative,10,koopeRativ
8,corrompu,6,koR§py
5,dolce,6,dOltSe
10,démolition,9,demolisj§
7,flatter,5,flate
7,inculte,5,5kylt
6,infime,4,5fim
7,lavande,5,lav@d
6,lotion,5,losj§
14,méconnaissable,10,mekonEsabl
9,palpitant,7,palpit@
5,plaza,5,plaza
8,populace,7,popylas
7,protégé,7,pRoteZe
13,préoccupation,11,pReokypasj§
8,syphilis,7,sifilis
8,tourelle,5,tuREl
6,tulipe,5,tylip
10,télégraphe,8,telegRaf
10,vandalisme,8,v@dalizm
9,veilleuse,5,vEj2z
8,écossais,5,ekosE
16,émotionnellement,12,emosjonEl°m@
5,épier,4,epje
10,antiquaire,6,@tikER
9,astéroïde,8,asteRoid
8,attirail,6,atiRaj
10,auxiliaire,8,oksiljER
11,avant-garde,7,av@gaRd
11,avant-poste,7,av@pOst
6,avoine,5,avwan
13,beaux-parents,6,bopaR@
10,bouilloire,6,bujwaR
12,casse-croûte,7,kaskRut
7,cloison,6,klwaz§
7,culbute,6,kylbyt
7,cultivé,7,kyltive
8,déplaire,6,deplER
11,déportation,10,depORtasj§
7,effigie,5,efiZi
11,embarrasser,7,@baRase
6,gonflé,5,g§fle
11,humanitaire,8,ymanitER
7,hérésie,5,eRezi
8,illimité,7,ilimite
9,immensité,7,im@site
10,insistance,7,5sist@s
6,musclé,6,myskle
6,ourson,4,uRs§
5,paddy,4,padi
7,pompier,5,p§pje
10,primordial,10,pRimORdjal
14,provisoirement,12,pRovizwaR°m@
3,reg,3,REg
7,sirocco,6,siRoko
6,tapage,5,tapaZ
6,élixir,7,eliksiR
11,appréhender,7,apRe@de
8,corridor,7,koRidOR
6,corset,5,kORsE
4,fade,3,fad
5,forge,4,fORZ
5,funky,5,f9nki
11,garçonnière,9,gaRsonjER
7,gourdin,5,guRd5
6,laveur,5,lav9R
9,mortalité,9,mORtalite
8,paravent,6,paRav@
9,prématuré,9,pRematyRe
10,prétention,8,pRet@sj§
11,réinsertion,9,Re5sERsj§
7,troublé,6,tRuble
6,volley,4,volE
6,égarer,5,egaRe
5,égaré,5,egaRe
11,étroitement,9,etRwat°m@
8,agrément,6,agRem@
9,appendice,6,ap5dis
5,bahut,3,bay
4,book,3,buk
7,charrue,4,SaRy
6,chaste,4,Sast
6,chiche,3,SiS
6,compas,4,k§pa
9,concentré,7,k§s@tRe
8,copilote,7,kopilOt
9,couchette,5,kuSEt
6,envier,4,@vje
7,escrime,6,EskRim
6,fautif,5,fotif
5,fiole,4,fjOl
7,forfait,5,fORfE
9,gingembre,6,Z5Z@bR
10,grand-papa,7,gR@papa
7,iceberg,7,ajsbERg
9,incinérer,7,5sineRe
15,instinctivement,11,5st5ktiv°m@
7,intègre,5,5tEgR
9,maraudeur,7,maRod9R
6,messer,5,mes9R
6,mutuel,6,myt8El
10,occidental,9,Oksid@tal
4,pack,3,pak
8,paradoxe,8,paRadOks
7,penalty,7,penalti
10,photocopie,8,fotokopi
9,poufiasse,6,pufjas
8,rallumer,6,Ralyme
8,ramassis,6,Ramasi
9,rigoureux,6,RiguR2
3,ris,2,Ri
8,résigner,6,ReziNe
6,sketch,5,skEtS
4,sécu,4,seky
5,taïga,5,tajga
6,toupie,4,tupi
11,unification,10,ynifikasj§
8,éclipser,7,eklipse
10,accessible,8,aksesibl
9,attribuer,7,atRib8e
5,bison,4,biz§
4,casa,4,kaza
6,chérir,5,SeRiR
7,cottage,5,kotaZ
7,créneau,5,kReno
8,entaille,4,@taj
7,glamour,6,glamuR
9,historien,7,istoRj5
9,incertain,6,5sERt5
14,indestructible,12,5dEstRyktibl
7,mangeur,5,m@Z9R
10,opératoire,9,opeRatwaR
6,quille,3,kij
6,remous,4,R°mu
7,soutane,5,sutan
9,tranchant,5,tR@S@
6,vielle,4,vjEl
18,arrière-grand-père,11,aRjERgR@pER
8,assureur,6,asyR9R
9,bavardage,8,bavaRdaZ
5,bourg,3,buR
6,braver,5,bRave
15,clandestinement,12,kl@dEstin°m@
11,compatriote,10,k§patRijOt
9,contester,7,k§tEste
5,dater,4,date
9,devinette,7,d°vinEt
9,digestion,8,diZEstj§
13,distinctement,10,dist5kt°m@
12,délicatement,10,delikat°m@
11,emprisonner,8,@pRizone
12,formellement,9,fORmEl°m@
10,hygiénique,7,iZjenik
10,ingrédient,7,5gRedj@
8,invalide,6,5valid
4,lime,3,lim
4,loco,4,loko
14,pharmaceutique,10,faRmas2tik
10,philosophe,7,filozOf
4,pine,3,pin
6,piquet,4,pikE
9,plutonium,9,plytonjOm
6,poulpe,4,pulp
7,raclure,6,RaklyR
7,rejouer,5,R°Zwe
10,romantisme,8,Rom@tizm
11,sauvagement,8,sovaZ°m@
9,serviable,8,sERvjabl
8,taquiner,6,takine
7,tremble,5,tR@bl
9,urbanisme,8,yRbanizm
8,virement,6,viR°m@
6,viseur,5,viz9R
8,épanouir,7,epanwiR
6,épater,5,epate
6,bloqué,5,bloke
7,bluffer,5,bl9fe
14,casse-couilles,6,kaskuj
13,court-circuit,9,kuRsiRk8i
6,cramer,5,kRame
7,densité,6,d@site
6,design,6,dizajn
6,diesel,6,djezEl
8,exclusif,9,Eksklyzif
8,facilité,8,fasilite
5,faune,3,fon
8,fixation,8,fiksasj§
8,grillage,6,gRijaZ
6,gâteux,4,gat2
6,limité,6,limite
10,maharadjah,8,maaRadZa
3,mât,2,ma
11,partenariat,10,paRt°naRja
11,pittoresque,8,pitoREsk
5,piété,5,pjete
7,péniche,5,peniS
7,romarin,6,RomaR5
11,élimination,10,eliminasj§
9,accroître,7,akRwatR
12,accélération,11,akseleRasj§
8,acrobate,7,akRobat
5,barda,5,baRda
6,bécane,5,bekan
6,chaire,3,SER
15,chaleureusement,10,Sal2R2z°m@
9,chuchoter,6,SySote
6,cornet,5,kORnE
11,cruellement,8,kRyEl°m@
15,désintoxication,14,dez5tOksikasj§
10,embarrassé,7,@baRase
12,enchantement,7,@S@t°m@
9,enchaîner,5,@Sene
12,hospitaliser,10,Ospitalize
8,ouistiti,7,wistiti
5,panda,4,p@da
5,pendu,4,p@dy
7,perpète,6,pERpEt
9,phosphore,6,fOsfOR
4,polo,4,polo
5,ponte,3,p§t
7,porcher,5,pORSe
9,précipité,9,pResipite
10,pseudonyme,8,ps2donim
6,putsch,4,putS
9,stimulant,7,stimyl@
9,surpasser,7,syRpase
12,échappatoire,9,eSapatwaR
5,épice,4,epis
7,agaçant,5,agas@
9,animation,8,animasj§
9,artichaut,6,aRtiSo
7,brioche,6,bRijOS
5,cabot,4,kabo
13,consciencieux,8,k§sj@sj2
10,dédommager,8,dedomaZe
8,encadrer,6,@kadRe
6,errant,3,ER@
9,fièrement,7,fjER°m@
11,fondamental,9,f§dam@tal
11,hippopotame,8,ipopotam
10,hologramme,7,ologRam
11,indignation,8,5diNasj§
8,insuline,6,5sylin
16,irresponsabilité,14,iREsp§sabilite
9,justicier,8,Zystisje
7,languir,5,l@giR
6,loulou,4,lulu
4,mais,2,mE
9,nullement,6,nyl°m@
8,opportun,6,opORt1
8,stimuler,7,stimyle
6,visser,4,vise
9,absurdité,9,apsyRdite
10,accrochage,7,akRoSaZ
7,aisance,4,Ez@s
4,aisé,3,eze
8,aumônier,6,omonje
7,bastion,6,bastj§
6,blindé,5,bl5de
3,bru,3,bRy
12,cinquantaine,7,s5k@tEn
8,dialecte,7,djalEkt
6,en-cas,3,@ka
7,escadre,6,EskadR
10,euthanasie,7,2tanazi
4,fard,3,faR
8,glacière,7,glasjER
5,guéri,4,geRi
7,hirsute,5,iRsyt
5,impur,4,5pyR
10,irrégulier,8,iRegylje
7,laideur,5,lEd9R
6,manqué,4,m@ke
8,marinade,7,maRinad
9,monologue,7,monolOg
9,médaillon,6,medaj§
9,orangeade,6,oR@Zad
10,porte-clés,8,pORt°kle
6,portée,5,pORte
15,progressivement,12,pRogResiv°m@
9,précipice,8,pResipis
4,puer,3,p8e
11,pénicilline,9,penisilin
6,robert,5,RobER
8,secousse,5,s°kus
7,sodomie,6,sodomi
9,soussigné,6,susiNe
9,sépulture,8,sepyltyR
9,verticale,8,vERtikal
7,virtuel,7,viRt8El
4,anal,4,anal
11,assignation,8,asiNasj§
8,attelage,6,at°laZ
6,baston,5,bast§
6,blocus,6,blokys
7,brasier,6,bRazje
10,bénéficier,9,benefisje
9,bénéfique,7,benefik
7,caisson,4,kEs§
6,cigale,5,sigal
4,clap,4,klap
11,contretemps,7,k§tR°t@
6,céleri,6,sEl°Ri
8,dissiper,6,disipe
13,documentation,11,dokym@tasj§
7,dégaine,5,degEn
10,désactiver,9,dezaktive
10,désamorcer,9,dezamORse
7,figurer,6,figyRe
14,magnifiquement,10,maNifik°m@
8,maniaque,6,manjak
10,marchander,7,maRS@de
7,mouette,4,mwEt
6,nageur,5,naZ9R
9,pardessus,7,paRd°sy
6,pastis,6,pastis
6,phobie,4,fobi
13,pousse-pousse,6,puspus
5,rebut,4,R°by
9,rescousse,6,REskus
5,salsa,5,salsa
11,secrétariat,10,s°kRetaRja
9,stupéfait,7,stypefE
6,tracas,5,tRaka
6,verset,5,vERsE
5,éther,4,etER
11,archéologie,9,aRkeoloZi
6,cadran,5,kadR@
4,care,3,kaR
5,clore,4,klOR
8,combiner,6,k§bine
8,conjugal,7,k§Zygal
8,créateur,7,kReat9R
5,fémur,5,femyR
9,garnement,7,gaRn°m@
8,greffier,6,gRefje
10,indication,8,5dikasj§
8,injecter,6,5ZEkte
9,kangourou,6,k@guRu
6,mazout,5,mazut
9,minimiser,8,minimize
6,mirage,5,miRaZ
5,momie,4,momi
7,orateur,6,oRat9R
8,panoplie,7,panopli
7,parenté,6,paR@te
12,pensionnaire,8,p@sjonER
4,pété,4,pete
6,réduit,5,Red8i
4,rôti,4,Roti
7,sourcil,5,suRsi
6,triage,6,tRijaZ
5,verse,4,vERs
8,éclatant,6,eklat@
3,élu,3,ely
8,accompli,6,ak§pli
8,anonymat,7,anonima
7,babouin,5,babw5
5,baffe,3,baf
9,challenge,8,tSalEndZ
5,cuite,4,k8it
4,daim,2,d5
8,dominant,6,domin@
5,drive,5,dRajv
6,fiscal,6,fiskal
5,force,4,fORs
8,fougueux,4,fug2
6,furtif,6,fyRtif
7,geindre,4,Z5dR
5,gigot,4,Zigo
6,huître,4,8itR
11,idéologique,9,ideoloZik
8,labourer,6,labuRe
7,licorne,6,likORn
10,magnétisme,8,maNetizm
6,master,6,mast9R
8,matraque,6,matRak
10,méprisable,9,mepRizabl
7,punaise,5,pynEz
11,reconquérir,9,R°k§keRiR
7,relique,5,R°lik
8,rengaine,5,R@gEn
8,riposter,7,RipOste
7,routier,5,Rutje
8,superflu,8,sypERfly
7,tartine,6,taRtin
4,émoi,4,emwa
6,abject,6,abZEkt
7,alléger,5,aleZe
6,apogée,5,apoZe
8,asphalte,6,asfalt
7,baiseur,5,bEz9R
8,canaille,5,kanaj
11,cerf-volant,7,sERvol@
6,clouer,4,klue
9,commenter,6,kom@te
12,dissertation,10,disERtasj§
5,dixie,5,diksi
9,dégourdir,8,deguRdiR
7,entorse,5,@tORs
7,gravier,6,gRavje
11,hallucinant,7,alysin@
7,haricot,5,aRiko
8,impulsif,7,5pylsif
5,lèpre,4,lEpR
12,manuellement,9,man8El°m@
5,ogive,4,oZiv
8,orienter,6,oRj@te
11,publication,10,pyblikasj§
9,rivaliser,8,Rivalize
8,rousseur,5,Rus9R
4,talc,4,talk
8,tortilla,7,tORtija
9,échauffer,5,eSofe
8,épuisant,6,ep8iz@
7,étanche,4,et@S
9,ardemment,6,aRdam@
9,blanc-bec,6,bl@bEk
8,effusion,6,efyzj§
4,elfe,3,Elf
6,fiacre,5,fjakR
7,fraiser,5,fREze
9,funéraire,7,fyneRER
12,insurrection,9,5syREksj§
10,interférer,8,5tERfeRe
6,liesse,4,ljEs
7,masquer,5,maske
3,mie,2,mi
10,multiplier,10,myltiplije
8,piétiner,7,pjetine
9,probation,8,pRobasj§
5,quota,4,kota
16,rafraîchissement,11,RafReSis°m@
4,ravi,4,Ravi
8,scrabble,6,skRabl
8,tirelire,7,tiR°liR
17,vraisemblablement,13,vREs@blabl°m@
11,échographie,8,ekogRafi
7,éveillé,5,eveje
11,basket-ball,9,baskEtbOl
4,brut,4,bRyt
9,chauffard,5,SofaR
8,chenille,5,S°nij
10,couramment,6,kuRam@
6,courge,4,kuRZ
7,cuisson,5,k8is§
7,diadème,6,djadEm
9,dissoudre,6,disudR
7,donnant,4,don@
6,frémir,6,fRemiR
8,gaspacho,8,gaspatSo
10,gladiateur,9,gladjat9R
11,gynécologue,9,ZinekolOg
8,habitant,5,abit@
9,harmonica,8,aRmonika
11,hospitalier,9,Ospitalje
4,hugh,2,yg
12,infiltration,10,5filtRasj§
8,influent,5,5fly@
9,insultant,6,5sylt@
12,intoxication,11,5tOksikasj§
5,lèche,3,lES
13,passionnément,9,pasjonem@
4,perm,4,pERm
10,pessimiste,8,pesimist
6,poutre,4,putR
8,prologue,6,pRolOg
8,présente,6,pRez@t
6,pâleur,5,pal9R
9,renouveau,6,R°nuvo
6,rosbif,6,ROsbif
10,réintégrer,8,Re5tegRe
12,sergent-chef,8,sERZ@SEf
9,shampoing,5,S@pw5
5,sénat,4,sena
8,talisman,8,talisman
5,tempo,5,tEmpo
6,tondre,4,t§dR
13,troisièmement,11,tRwazjEm°m@
10,trouvaille,6,tRuvaj
4,tuba,4,tyba
7,vitrail,6,vitRaj
8,éventuel,7,ev@t8El
6,accusé,5,akyze
7,algèbre,6,alZEbR
7,audimat,6,odimat
9,bonnement,6,bOn°m@
7,chorizo,7,tSoRizo
7,civique,5,sivik
12,conservateur,10,k§sERvat9R
6,cubain,4,kyb5
7,diction,6,diksj§
10,décorateur,9,dekoRat9R
7,fresque,5,fREsk
5,gardé,5,gaRde
7,glander,5,gl@de
6,hisser,3,ise
3,hit,2,it
12,inconsolable,9,5k§solabl
9,infirmier,7,5fiRmje
7,inonder,5,in§de
10,intendance,6,5t@d@s
9,intrépide,7,5tRepid
6,jockey,4,ZokE
4,jojo,4,ZoZo
5,lubie,4,lybi
8,macaroni,8,makaRoni
8,monopoly,8,monopoli
6,pseudo,5,ps2do
5,rangé,4,R@Ze
5,raton,4,Rat§
10,surnaturel,10,syRnatyREl
11,thermomètre,9,tERmomEtR
8,tricoter,7,tRikote
9,énergique,7,enERZik
9,équilibré,8,ekilibRe
5,affût,3,afy
9,aléatoire,8,aleatwaR
6,apôtre,5,apotR
8,barbarie,7,baRbaRi
10,chandelier,7,S@d°lje
12,coordination,11,koORdinasj§
10,doublement,7,dubl°m@
8,décevant,6,dEs°v@
8,délirant,6,deliR@
3,fat,3,fat
4,fiel,4,fjEl
7,figuier,5,figje
6,fourré,4,fuRe
5,gradé,5,gRade
7,grappin,5,gRap5
8,indécent,5,5des@
8,inverser,6,5vERse
10,lansquenet,7,l@sk°nE
7,optique,5,Optik
7,ouvrier,6,uvRije
9,parallèle,7,paRalEl
10,programmer,8,pRogRame
8,provenir,8,pRov°niR
9,rapatrier,9,RapatRije
5,rital,5,Rital
9,récipient,7,Resipj@
11,sauvegarder,9,sov°gaRde
5,staff,4,staf
8,temporel,7,t@poREl
5,terne,4,tERn
11,verrouiller,6,veRuje
11,acquisition,8,akizisj§
7,adéquat,6,adekwa
6,ailier,4,elje
10,allocation,8,alokasj§
9,anticorps,6,@tikOR
6,aviron,5,aviR§
7,avorton,6,avORt§
4,berk,4,bERk
9,cachemire,7,kaS°miR
6,caddie,4,kadi
10,circulaire,8,siRkylER
14,contre-attaque,8,k§tRatak
7,croître,6,kRwatR
8,discorde,7,diskORd
13,dissimulation,11,disimylasj§
9,fondateur,7,f§dat9R
7,frisbee,6,fRisbi
5,jupon,4,Zyp§
7,kleenex,7,klinEks
8,légèreté,8,leZER°te
5,macho,5,matSo
5,ozone,4,ozon
5,piano,5,pjano
7,pourpre,5,puRpR
12,psychanalyse,10,psikanaliz
10,sage-femme,6,saZfam
12,satisfaisant,9,satisf°z@
12,spontanément,9,sp§tanem@
5,store,4,stOR
5,subit,4,sybi
7,terrien,5,tERj5
8,ébranler,6,ebR@le
8,épingler,6,ep5gle
7,étriper,6,etRipe
7,aboutir,6,abutiR
13,administratif,13,administRatif
4,beat,3,bit
7,couette,4,kwEt
13,demi-douzaine,9,d°miduzEn
11,disjoncteur,9,disZ§kt9R
8,escouade,6,Eskwad
10,est-ce-que,5,Es°k°
9,explicite,9,Eksplisit
8,flanquer,5,fl@ke
8,fraction,7,fRaksj§
6,jumeau,4,Zymo
7,largage,6,laRgaZ
4,legs,3,lEg
9,magistral,9,maZistRal
15,miraculeusement,12,miRakyl2z°m@
10,neurologue,7,n2RolOg
11,originalité,11,oRiZinalite
5,pègre,4,pEgR
11,ravissement,8,Ravis°m@
9,rendement,6,R@d°m@
6,treuil,4,tR9j
10,trouillard,6,tRujaR
9,vidéoclub,9,videokl9b
9,amplement,6,@pl°m@
5,armer,4,aRme
8,bricoler,7,bRikole
9,brouiller,5,bRuje
6,burger,6,b9Rg9R
12,congrégation,10,k§gRegasj§
12,contrepartie,10,k§tR°paRti
7,cyclone,6,siklon
8,droiture,7,dRwatyR
9,endommagé,7,@domaZe
10,entre-tuer,7,@tR°t8e
11,expérimenté,11,EkspeRim@te
6,feutre,4,f2tR
11,incantation,8,5k@tasj§
12,interférence,9,5tERfeR@s
11,irréparable,9,iRepaRabl
12,irréversible,10,iRevERsibl
5,javel,5,ZavEl
5,lapon,4,lap§
11,logiquement,8,loZik°m@
8,paternel,8,patERnEl
8,prétendu,7,pRet@dy
10,prévention,8,pRev@sj§
7,recueil,5,R°k9j
6,rejeté,5,R°Zte
10,repoussant,6,R°pus@
4,rime,3,Rim
7,rosaire,5,RozER
7,récital,7,Resital
7,texture,7,tEkstyR
11,trente-cinq,7,tR@ts5k
2,tu,2,ty
6,vaincu,4,v5ky
6,valser,5,valse
6,vaudou,4,vodu
8,éphémère,6,efemER
8,alouette,5,alwEt
8,apitoyer,8,apitwaje
6,bambou,4,b@bu
11,bloody mary,9,blOdimaRi
6,bélier,5,belje
7,calèche,5,kalES
5,chaux,2,So
6,choqué,4,Soke
6,conter,4,k§te
9,contrarié,8,k§tRaRje
10,diaphragme,8,djafRagm
9,déchaîner,6,deSEne
8,désarroi,7,dezaRwa
6,fourbe,4,fuRb
4,goal,3,gol
5,hâter,3,ate
11,ingratitude,9,5gRatityd
4,miro,4,miRo
8,monopole,7,monopOl
6,opposé,5,opoze
8,par-delà,7,paRd°la
10,profitable,9,pRofitabl
7,puberté,7,pybERte
8,roulotte,5,RulOt
10,simplifier,8,s5plifje
7,skipper,6,skip9R
8,stockage,6,stokaZ
7,treille,4,tREj
6,trouer,4,tRue
4,âpre,3,apR
8,éplucher,6,eplySe
6,anémie,5,anemi
9,brasserie,7,bRas°Ri
7,chevelu,6,S°v°ly
9,chevreuil,6,S°vR9j
15,confidentialité,13,k§fid@sjalite
11,consistance,8,k§sist@s
8,d'emblée,5,d@ble
8,distrait,6,distRE
10,dénouement,6,denum@
10,déshonorer,8,dezonoRe
8,fastoche,6,fastOS
5,foyer,5,fwaje
6,gadget,6,gadZEt
7,habitat,5,abita
7,hot dog,5,OtdOg
9,instaurer,6,5stoRe
4,mark,4,maRk
9,multitude,8,myltityd
7,mélasse,5,melas
3,ola,3,ola
3,paf,3,paf
5,plouf,4,pluf
12,purification,11,pyRifikasj§
7,pèlerin,6,pEl°R5
10,rappliquer,7,Raplike
7,sonneur,5,son9R
9,tourmenté,7,tuRm@te
8,vitamine,7,vitamin
5,éloge,4,elOZ
8,élucider,7,elyside
6,allumé,5,alyme
7,anchois,4,@Swa
10,approprier,9,apRopRije
5,atome,4,atom
8,atténuer,6,aten8e
11,aveuglément,8,av9glem@
7,bifteck,6,biftEk
7,blairer,5,bleRe
5,bouée,3,bwe
5,brick,4,bRik
7,charmer,5,SaRme
6,chenil,5,S°nil
4,choc,3,SOk
14,collectionneur,11,kolEksjon9R
6,condor,5,k§dOR
4,dard,3,daR
11,descendance,7,des@d@s
7,euskera,6,2skeRa
7,feeling,5,filiG
9,feuillage,5,f9jaZ
4,folk,4,fOlk
6,gravir,6,gRaviR
4,halo,3,alo
5,hardi,4,aRdi
12,hebdomadaire,9,EbdomadER
6,inapte,5,inapt
7,initial,7,inisjal
10,injonction,7,5Z§ksj§
9,interface,7,5tERfas
9,islamique,7,islamik
8,jaquette,5,ZakEt
6,kopeck,5,kopEk
5,label,5,labEl
6,loutre,4,lutR
9,là-dehors,6,lad2OR
10,machiniste,8,maSinist
10,modération,9,modeRasj§
8,monotone,7,monotOn
7,mortier,6,mORtje
7,motiver,6,motive
6,muffin,5,m9fin
9,mémoriser,8,memoRize
6,pincée,4,p5se
5,poupe,3,pup
10,proportion,9,pRopORsj§
5,proue,3,pRu
13,préméditation,12,pRemeditasj§
6,refusé,6,R°fyze
13,réunification,12,Reynifikasj§
8,samouraï,7,samuRaj
9,saxophone,8,saksofOn
5,sinus,5,sinys
8,subvenir,8,sybv°niR
9,subversif,9,sybvERsif
9,symphonie,6,s5foni
13,thérapeutique,9,teRap2tik
4,tien,3,tj5
8,tolérant,6,toleR@
10,utilisable,9,ytilizabl
11,va-et-vient,6,vaevj5
9,éloquence,6,elok@s
9,affichage,6,afiSaZ
9,anticiper,7,@tisipe
8,bamboula,6,b@bula
5,cacao,5,kakao
3,chi,2,ki
7,chignon,4,SiN§
9,coalition,8,koalisj§
13,confessionnal,10,k§fEsjonal
9,cornichon,7,kORniS§
10,déplorable,9,deploRabl
9,embobiner,7,@bobine
10,expiration,10,EkspiRasj§
7,gamelle,5,gamEl
4,gâté,4,gate
7,harnais,4,aRnE
9,immersion,7,imERsj§
10,impassible,7,5pasibl
12,impénétrable,10,5penetRabl
14,intérieurement,10,5teRj9R°m@
9,lèche-cul,5,lESky
13,momentanément,10,mom@tanem@
8,piercing,6,piRsiG
8,pyromane,7,piRoman
6,rameau,4,Ramo
8,retordre,7,R°tORdR
5,salve,4,salv
4,salé,4,sale
13,simultanément,11,simyltanem@
4,sole,3,sOl
7,soudeur,5,sud9R
8,traverse,7,tRavERs
5,wouah,2,wa
17,électromagnétique,14,elEktRomaNetik
8,émouvoir,7,emuvwaR
8,absinthe,5,aps5t
9,anévrisme,8,anevRizm
6,bavure,5,bavyR
10,baïonnette,7,bajonEt
10,blasphémer,8,blasfeme
6,brelan,5,bR2l@
8,clitoris,8,klitoRis
13,contradiction,11,k§tRadiksj§
7,corsage,6,kORsaZ
9,cortisone,8,kORtizOn
8,corvette,6,kORvEt
10,diabétique,8,djabetik
9,décadence,7,dekad@s
9,déterminé,9,detERmine
8,empocher,5,@poSe
9,engloutir,7,@glutiR
11,fonctionnel,9,f§ksjonEl
4,glas,3,gla
3,hai,1,E
14,intelligemment,9,5teliZam@
11,intégration,9,5tegRasj§
10,jarretière,8,ZaR°tjER
5,judas,4,Zyda
4,kiné,4,kine
5,lupus,5,lypys
6,mastoc,6,mastOk
7,mijoter,6,miZote
8,muraille,5,myRaj
6,odorat,5,odoRa
9,prévision,8,pRevizj§
9,régisseur,7,ReZis9R
9,salutaire,7,salytER
7,sensuel,6,s@s8El
9,souplesse,6,suplEs
13,strangulation,11,stR@gylasj§
8,sédition,7,sedisj§
7,teindre,4,t5dR
5,tuile,4,t8il
7,veinard,5,vEnaR
9,vibration,8,vibRasj§
7,vouloir,6,vulwaR
10,étonnement,7,etOn°m@
15,accomplissement,10,ak§plis°m@
10,adolescent,7,adoles@
9,adversité,9,advERsite
11,affirmation,9,afiRmasj§
11,auditionner,8,odisjone
5,barbu,5,baRby
9,beau-fils,5,bofis
2,bi,2,bi
7,bringue,4,bR5g
7,candeur,5,k@d9R
6,chahut,3,Say
7,clébard,6,klebaR
8,cocorico,8,kokoRiko
13,collaborateur,11,kolaboRat9R
10,contaminer,8,k§tamine
7,control,6,k§tRol
6,disant,4,diz@
8,décennie,6,deseni
6,déchet,4,deSE
8,démerder,7,demERde
8,dérision,7,deRizj§
10,entêtement,7,@tEt°m@
7,eunuque,4,2nyk
8,faisceau,4,fEso
9,impudence,6,5pyd@s
7,initier,6,inisje
5,maint,2,m5
7,malabar,7,malabaR
12,mathématique,9,matematik
10,milk-shake,8,milkSEjk
9,normalité,9,nORmalite
5,nylon,4,nil§
7,néfaste,6,nefast
5,outre,3,utR
8,passoire,6,paswaR
6,perron,4,pER§
8,pionnier,6,pjonje
9,plénitude,8,plenityd
11,prestigieux,9,pREstiZj2
12,présentement,9,pRez@t°m@
9,quéquette,5,kekEt
4,rave,3,Rav
8,rougeole,5,RuZOl
8,réécrire,7,ReekRiR
5,saule,3,sol
7,sillage,5,sijaZ
6,sphinx,5,sf5ks
7,sucette,5,sysEt
8,survoler,7,syRvole
13,technologique,10,tEknoloZik
5,totem,5,totEm
9,traîtrise,7,tRetRiz
6,viable,5,vjabl
10,visibilité,10,vizibilite
6,à jeun,3,aZ1
8,énervant,6,enERv@
7,anthrax,6,@tRaks
8,argentin,6,aRZ@t5
13,assurance-vie,8,asyR@svi
7,austère,5,ostER
10,autrichien,7,otRiSj5
7,bestiau,6,bEstjo
9,bulldozer,8,byldozER
7,cabanon,6,kaban§
6,cavité,6,kavite
6,décrit,5,dekRi
7,dépassé,6,depase
8,dérouler,6,deRule
6,enzyme,4,@zim
8,essayage,6,esEjaZ
10,exactitude,10,Egzaktityd
8,exécutif,9,Egzekytif
12,fourgonnette,8,fuRgonEt
6,guidon,4,gid§
4,lord,4,lORd
8,nautilus,6,notily
12,neurologique,9,n2RoloZik
11,obstination,10,Opstinasj§
7,patiner,6,patine
7,posture,6,pOstyR
8,rajeunir,7,RaZ9niR
7,ranimer,6,Ranime
9,rationnel,8,RasjonEl
9,ressaisir,7,R°seziR
6,sésame,5,sezam
8,tonalité,8,tonalite
10,avant-goût,5,av@gu
6,battue,4,baty
8,carriole,6,kaRjOl
7,casquer,5,kaske
12,circoncision,10,siRk§sizj§
10,compatible,8,k§patibl
12,contribuable,10,k§tRib8abl
7,couffin,4,kuf5
9,dérailler,6,deRaje
7,emmerde,5,@mERd
10,enchanteur,6,@S@t9R
6,favela,6,favela
7,fissure,5,fisyR
9,garagiste,8,gaRaZist
9,gourmette,6,guRmEt
6,gredin,5,gR°d5
8,guimauve,5,gimov
5,icône,4,ikon
11,incompétent,7,5k§pet@
7,intuber,5,5tybe
5,jauge,3,ZoZ
3,kif,3,kif
8,marqueur,6,maRk9R
5,myrte,4,miRt
5,navet,4,navE
6,oedème,4,2dEm
5,palme,4,palm
5,papas,4,papa
8,patinage,7,patinaZ
7,peureux,4,p2R2
14,photographique,10,fotogRafik
8,pourvoir,7,puRvwaR
9,prémédité,9,pRemedite
6,quinte,3,k5t
8,recourir,7,R°kuRiR
10,sacristain,8,sakRist5
8,saignant,4,sEN@
7,sniffer,5,snife
7,surplus,6,syRply
16,systématiquement,13,sistematik°m@
5,tacot,4,tako
6,tirade,5,tiRad
7,tordant,5,tORd@
6,tricot,5,tRiko
9,troublant,6,tRubl@
7,utilisé,7,ytilize
7,vermeil,6,vERmEj
10,vingt-deux,5,v5td2
11,abomination,10,abominasj§
11,acceptation,10,aksEptasj§
4,body,4,bOdi
12,bouleversant,9,bul°vERs@
4,dine,3,din
9,démarreur,7,demaR9R
7,fortuné,7,fORtyne
10,foutrement,7,futR°m@
8,immuable,6,im8abl
8,inachevé,7,inaS°ve
10,incitation,8,5sitasj§
8,juvénile,7,Zyvenil
9,nettoyeur,8,netwaj9R
9,périscope,8,peRiskOp
9,universal,9,ynivERsal
6,videur,5,vid9R
9,attendrir,7,at@dRiR
8,aviateur,7,avjat9R
9,ballerine,7,bal°Rin
9,blancheur,6,bl@S9R
13,blanchisserie,9,bl@Sis°Ri
8,bénévole,7,benevOl
9,chaumière,6,SomjER
11,chirurgical,10,SiRyRZikal
5,coche,3,kOS
8,cohérent,5,koeR@
9,collagène,7,kolaZEn
9,contraste,7,k§tRast
6,denrée,4,d@Re
6,dindon,4,d5d§
8,donation,7,donasj§
11,empêchement,7,@pES°m@
10,endommager,7,@domaZe
12,expérimenter,11,EkspeRim@te
6,farcir,6,faRsiR
7,feindre,4,f5dR
7,fichtre,5,fiStR
9,frustrant,7,fRystR@
8,frénésie,7,fRenezi
5,giton,4,Zit§
6,gluant,4,gly@
6,goujat,4,guZa
6,hébreu,4,ebR2
12,inconscience,7,5k§sj@s
11,intouchable,7,5tuSabl
4,lama,4,lama
5,nègre,4,nEgR
12,observatoire,11,opsERvatwaR
7,orifice,6,oRifis
6,payant,4,pEj@
8,régional,8,ReZjonal
8,répartir,8,RepaRtiR
8,sanction,6,s@ksj§
12,savoir-faire,9,savwaRfER
7,scripte,6,skRipt
6,sophie,4,sOfi
11,souhaitable,7,swEtabl
5,stase,4,staz
11,stimulation,10,stimylasj§
8,susciter,6,sysite
7,torcher,5,tORSe
9,ultimatum,9,yltimatOm
12,verrouillage,7,veRujaZ
6,véreux,4,veR2
7,accordé,6,akORde
6,aucuns,3,ok1
7,blaguer,5,blage
6,bouché,4,buSe
11,camaraderie,10,kamaRad°Ri
8,carapace,7,kaRapas
11,carrosserie,8,kaROs°Ri
10,chamailler,6,Samaje
11,cochonnerie,8,koSOn°Ri
4,codé,4,kode
7,collage,5,kolaZ
11,conformisme,9,k§fORmizm
10,convenance,7,k§v°n@s
8,crucifix,7,kRysifi
14,dégénérescence,11,deZeneRes@s
8,dépotoir,8,depotwaR
8,exigence,7,EgziZ@s
8,fainéant,5,fene@
6,fanfan,4,f@f@
11,ferroviaire,8,fERovjER
7,fervent,5,fERv@
7,fiancer,5,fj@se
16,individuellement,12,5divid8El°m@
10,instantané,8,5st@tane
6,lasser,4,lase
8,lentille,5,l@tij
6,malice,5,malis
7,manager,7,manadZe
11,marseillais,7,maRsEjE
6,mutilé,6,mytile
11,métabolisme,10,metabolizm
12,métamorphose,10,metamORfoz
6,pompon,4,p§p§
10,pot-de-vin,6,pod°v5
13,problématique,11,pRoblematik
13,prématurément,11,pRematyRem@
7,présumé,7,pRezyme
8,pénombre,6,pen§bR
8,renfermé,7,R@fERme
14,respectabilité,14,REspEktabilite
6,rouble,4,Rubl
9,roupiller,6,Rupije
7,stocker,5,stoke
9,urticaire,7,yRtikER
6,établi,6,etabli
11,accueillant,5,ak9j@
11,actionnaire,8,aksjonER
4,afro,4,afRo
5,baste,4,bast
7,bazooka,6,bazuka
5,colon,4,kol§
11,compression,8,k§pREsj§
9,contagion,7,k§taZj§
11,contraindre,7,k§tR5dR
7,dormant,5,dORm@
8,entourer,5,@tuRe
7,fourche,4,fuRS
9,impératif,8,5peRatif
9,infortune,7,5fORtyn
8,lavement,6,lav°m@
6,marmot,5,maRmo
7,minerai,6,min°RE
9,minuterie,8,minyt°Ri
9,minutieux,7,minysj2
4,néon,3,ne§
9,patinoire,8,patinwaR
6,pesant,4,p2z@
6,pichet,4,piSE
7,pillage,5,pijaZ
8,pompette,5,p§pEt
12,porte-avions,8,pORtavj§
10,périphérie,8,peRifeRi
5,shoot,3,Sut
8,surcroît,7,syRkRwa
8,suspendu,7,sysp@dy
9,suspicion,8,syspisj§
10,thermostat,8,tERmosta
7,tombola,6,t§bola
9,tourmente,6,tuRm@t
5,téton,4,tet§
12,égocentrique,9,egos@tRik
6,angine,4,@Zin
11,asthmatique,7,asmatik
9,attrapeur,7,atRap9R
7,aérobic,7,aeRobik
6,beurre,3,b9R
11,bicarbonate,10,bikaRbonat
6,calice,5,kalis
12,chancellerie,8,S@sEl°Ri
7,chiotte,4,SjOt
11,discréditer,10,diskRedite
11,déploiement,8,deplwam@
11,désagrément,9,dezagRem@
9,ensevelir,8,@s°v°liR
8,férocité,8,feRosite
6,gosier,5,gozje
9,hardiment,6,aRdim@
12,insuffisance,8,5syfiz@s
8,lamenter,6,lam@te
7,lavette,5,lavEt
7,macumba,7,makymba
5,mégot,4,mego
11,orgueilleux,6,ORg9j2
7,parleur,6,paRl9R
6,percée,5,pERse
12,perturbation,11,pERtyRbasj§
6,pollen,5,polEn
9,singulier,7,s5gylje
7,spirale,6,spiRal
5,squat,5,skwat
8,symétrie,7,simetRi
12,télencéphale,9,tel@sefal
7,usurier,6,yzyRje
9,vaillance,5,vaj@s
8,vendetta,6,v@dEta
7,whiskey,5,wiski
8,écorcher,6,ekORSe
12,accoutrement,8,akutR°m@
6,agacer,5,agase
7,alarmer,6,alaRme
10,aliénation,9,aljenasj§
6,amorce,5,amORs
10,anarchiste,8,anaRSist
11,archéologue,8,aRkeolOg
8,asphyxie,7,asfiksi
11,autoritaire,8,otoRitER
5,béret,4,beRE
9,changeant,4,S@Z@
5,crade,4,kRad
5,crâne,4,kRan
8,dégénéré,8,deZeneRe
8,figurine,7,figyRin
7,guidage,5,gidaZ
5,impie,3,5pi
6,killer,5,kil9R
7,lifting,6,liftiG
4,luge,3,lyZ
7,partiel,7,paRsjEl
9,percevoir,9,pERs°vwaR
4,pool,3,pul
4,puce,3,pys
7,pulsion,6,pylsj§
7,rechute,5,R°Syt
9,resserrer,6,R°seRe
8,réalisme,7,Realizm
8,révolter,7,RevOlte
5,vespa,5,vEspa
10,activement,8,aktiv°m@
6,aimant,3,Em@
6,annulé,5,anyle
13,anthropologue,9,@tRopolOg
9,aquatique,7,akwatik
7,attrait,4,atRE
7,avarice,6,avaRis
10,bredouille,6,bR°duj
4,cric,4,kRik
10,crissement,7,kRis°m@
9,côtelette,7,kot°lEt
12,demi-portion,10,d°mipORsj§
12,différencier,9,difeR@sje
9,diplomate,8,diplomat
10,désespérer,9,dezEspeRe
9,désirable,8,deziRabl
9,fragilité,9,fRaZilite
4,fret,3,fRE
3,gal,3,gal
2,gi,2,Zi
10,grondement,7,gR§d°m@
8,génocide,7,Zenosid
10,illégitime,8,ileZitim
10,malfaiteur,8,malfEt9R
4,marc,3,maR
11,narcissisme,9,naRsisizm
9,perdition,8,pERdisj§
10,poireauter,7,pwaRote
6,presto,6,pREsto
5,rance,3,R@s
5,remis,4,R°mi
4,ride,3,Rid
4,sono,4,sono
7,sorbier,6,sORbje
14,spécifiquement,11,spesifik°m@
6,teigne,3,tEN
5,télex,6,telEks
8,vermouth,6,vERmut
6,voguer,4,voge
6,échine,4,eSin
6,écuyer,6,ek8ije
8,éducatif,8,edykatif
7,éjecter,6,eZEkte
8,éminence,6,emin@s
8,abordage,7,abORdaZ
7,amputer,5,@pyte
5,aride,4,aRid
6,bercer,5,bERse
7,bourdon,5,buRd§
12,bureaucratie,9,byRokRasi
5,butte,3,byt
10,camionneur,8,kamjon9R
11,cardiologue,9,kaRdjolOg
10,craquement,7,kRak°m@
7,déloger,6,deloZe
9,démarrage,7,demaRaZ
9,dépannage,7,depanaZ
10,détonation,9,detonasj§
5,flush,4,fl9S
6,fougue,3,fug
11,fraîchement,7,fRES°m@
11,grand-tante,6,gR@t@t
8,immiscer,5,imise
5,jarre,3,ZaR
5,joint,3,Zw5
6,margot,5,maRgo
5,meule,3,m2l
7,mondain,4,m§d5
8,murmurer,7,myRmyRe
8,perfidie,7,pERfidi
6,pétale,5,petal
7,quoique,5,kwak°
5,rente,3,R@t
8,styliste,7,stilist
4,thym,2,t5
9,titulaire,7,titylER
10,trampoline,8,tR@polin
9,tromperie,7,tR§p°Ri
9,télépathe,7,telepat
4,vrac,4,vRak
7,ébauche,4,eboS
8,évangile,6,ev@Zil
5,aorte,4,aORt
5,blême,4,blEm
7,boniche,5,boniS
6,buffle,4,byfl
9,camomille,7,kamomij
6,chacal,5,Sakal
10,choucroute,6,SukRut
7,congelé,6,k§Z°le
13,conventionnel,10,k§v@sjonEl
4,déca,4,deka
8,détritus,8,detRitys
5,figer,4,fiZe
5,foret,4,foRE
10,frigidaire,8,fRiZidER
8,frisquet,6,fRiskE
11,fréquemment,7,fRekam@
5,gaine,3,gEn
9,grincheux,5,gR5S2
8,insolent,4,5sOl
15,insubordination,13,5sybORdinasj§
6,jarret,4,ZaRE
6,libéré,6,libeRe
11,législation,10,leZislasj§
8,mammouth,5,mamut
9,masturber,8,mastyRbe
7,modeler,6,mod°le
8,monarque,6,monaRk
7,naguère,5,nagER
12,nationaliste,11,nasjonalist
10,night-club,8,najtkl9b
9,norvégien,8,nORveZj5
7,papoter,6,papote
7,parjure,6,paRZyR
9,pauvrette,6,povREt
9,quantique,6,kw@tik
13,quarante-cinq,8,kaR@ts5k
10,radiologie,9,RadjoloZi
10,ralliement,6,Ralim@
6,ravoir,6,RavwaR
9,redoubler,7,R°duble
8,remorque,6,R°mORk
6,situer,5,sit8e
9,stressant,6,stREs@
10,toxicomane,10,tOksikoman
10,trimballer,7,tR5bale
6,utopie,5,ytopi
3,zig,3,zig
6,émotif,6,emotif
11,amicalement,9,amikal°m@
5,athée,3,ate
6,averse,5,avERs
8,bassesse,5,basEs
9,bronchite,6,bR§Sit
10,coccinelle,8,koksinEl
9,différend,6,difeR@
13,déraisonnable,10,deREzonabl
7,frontal,6,fR§tal
3,gun,3,g9n
5,henné,3,ene
11,hydraulique,7,idRolik
11,insouciance,7,5susj@s
4,iode,3,jOd
7,laquais,4,lakE
7,lenteur,5,l@t9R
7,mascara,7,maskaRa
7,matador,7,matadOR
10,moisissure,8,mwazisyR
6,mouais,3,mwE
9,moyen-âge,8,mwajEnaZ
8,nordique,6,nORdik
12,patrouilleur,8,patRuj9R
8,péruvien,7,peRyvj5
5,renom,4,R°n§
7,réclame,6,Reklam
7,scanner,5,skane
9,succomber,6,syk§be
12,testostérone,11,tEstosteROn
13,atmosphérique,10,atmosfeRik
7,bulgare,6,bylgaR
9,caméraman,9,kameRaman
9,carburant,7,kaRbyR@
6,citron,5,sitR§
6,classé,5,klase
6,cloque,4,klOk
5,coule,3,kul
9,culinaire,7,kylinER
10,divinement,8,divin°m@
12,encyclopédie,10,@siklopedi
9,et cetera,8,etseteRa
7,exaucer,6,Egzose
13,excessivement,10,Eksesiv°m@
15,extra-terrestre,13,EkstRatEREstR
7,fenouil,5,f°nuj
5,forum,5,foROm
7,frustré,7,fRystRe
11,gratte-ciel,8,gRatsjEl
11,hémoglobine,9,emoglobin
9,incomplet,6,5k§plE
11,inconvenant,7,5k§v°n@
9,intellect,7,5telEkt
12,inutilisable,11,inytilizabl
11,joyeusement,9,Zwaj2z°m@
11,là-derrière,8,ladERjER
11,machination,9,maSinasj§
6,marina,6,maRina
6,occase,4,okaz
7,pactole,6,paktOl
10,plaidoirie,8,plEdwaRi
10,pulvériser,9,pylveRize
9,rangement,6,R@Z°m@
11,recensement,8,R°s@s°m@
7,ronfler,5,R§fle
5,roque,3,ROk
5,rugby,5,Rygbi
10,sensualité,9,s@s8alite
10,technicien,8,tEknisj5
10,traîtresse,7,tREtREs
9,trébucher,7,tRebySe
7,trépied,6,tRepje
8,uniforme,7,ynifORm
10,équitation,8,ekitasj§
9,acquitter,5,akite
6,adroit,5,adRwa
9,affaiblir,7,afebliR
4,anda,3,@da
8,anecdote,7,anEkdOt
9,assembler,6,as@ble
11,citoyenneté,11,sitwajEn°te
11,controverse,9,k§tRovERs
7,coupole,5,kupOl
9,crucifier,8,kRysifje
11,crémaillère,8,kRemajER
9,dégradant,7,degRad@
10,désastreux,8,dezastR2
8,endosser,5,@dose
11,entendement,7,@t@d°m@
9,fertilité,9,fERtilite
8,fourneau,5,fuRno
9,fraternel,9,fRatERnEl
11,furtivement,9,fyRtiv°m@
9,gastrique,7,gastRik
10,gramophone,8,gRamofOn
8,hors-jeu,4,ORZ2
7,mercure,6,mERkyR
4,mino,4,mino
9,mobiliser,8,mobilize
10,mutilation,9,mytilasj§
10,nourrisson,6,nuRis§
15,obligatoirement,13,obligatwaR°m@
14,officieusement,10,ofisj2z°m@
8,pancréas,7,p@kReas
8,porridge,6,pORidZ
7,prenant,5,pR°n@
19,professionnellement,14,pRofEsjonEl°m@
8,raclette,6,RaklEt
4,rapt,4,Rapt
8,ratisser,6,Ratise
9,ressource,6,R°suRs
9,sacristie,8,sakRisti
5,saper,4,sape
8,sarcasme,7,saRkasm
4,shah,2,Sa
6,sodium,6,sodjOm
12,sélectionner,10,selEksjone
7,sévices,5,sevis
5,vocal,5,vokal
7,walkman,7,wOlkman
7,yeshiva,6,jESiva
6,épiler,5,epile
6,épopée,5,epope
11,administrer,10,administRe
8,alarmant,6,alaRm@
11,altercation,10,altERkasj§
4,ante,2,@t
5,arôme,4,aRom
14,autobiographie,11,otobjogRafi
6,balèze,5,balEz
6,braise,4,bREz
7,caboche,5,kabOS
6,carter,6,kaRtER
8,colonial,8,kolonjal
8,congeler,6,k§Z°le
7,cyclope,6,siklOp
6,cécité,6,sesite
11,discothèque,8,diskotEk
8,détaillé,6,detaje
10,engraisser,6,@gRese
10,fidèlement,8,fidEl°m@
7,glauque,4,glok
7,habitué,6,abit8e
9,illuminer,7,ilymine
8,incident,5,5sid@
16,irrémédiablement,13,iRemedjabl°m@
7,libéral,7,libeRal
12,magistrature,11,maZistRatyR
8,maharani,7,maaRani
9,nationale,8,nasjonal
9,nous-même,5,numEm
5,patin,4,pat5
9,pesanteur,7,p2z@t9R
15,potentiellement,11,pot@sjEl°m@
11,poussiéreux,7,pusjeR2
11,prolétariat,10,pRoletaRja
9,promoteur,8,pRomot9R
12,rationnement,9,RasjOn°m@
5,repli,5,R°pli
7,rénover,6,Renove
5,rétro,5,RetRo
5,scier,3,sje
12,soixante-dix,9,swas@tdis
8,spacieux,6,spasj2
8,superman,8,sypERman
4,tong,3,t§g
5,youpi,4,jupi
6,égaler,5,egale
11,éloignement,8,elwaN°m@
12,émancipation,10,em@sipasj§
15,affectueusement,11,afEkt82z°m@
7,aliment,5,alim@
7,bla-bla,6,blabla
8,dompteur,6,d§pt9R
4,drop,4,dROp
8,décompte,5,dek§t
9,dépressif,8,depResif
7,détenir,7,dEt°niR
10,euphémisme,7,2femizm
11,exclamation,11,Eksklamasj§
4,imam,4,imam
7,infecté,6,5fEkte
10,infidélité,9,5fidelite
13,irremplaçable,10,iR@plasabl
8,kolkhoze,6,kOlkoz
4,loft,4,lOft
7,lopette,5,lopEt
6,minois,5,minwa
5,mûrir,5,myRiR
6,narine,5,naRin
5,niais,3,njE
11,nostalgique,9,nOstalZik
5,obèse,4,obEz
7,offensé,5,of@se
5,orner,4,ORne
8,pamphlet,5,p@flE
8,panorama,8,panoRama
9,préoccupé,8,pReokype
13,quarante-huit,8,kaR@t8it
10,radioactif,10,Radjoaktif
6,relief,6,R°ljEf
10,réfectoire,9,RefEktwaR
10,rétrovirus,10,RetRoviRys
5,stone,4,ston
8,stratège,7,stRatEZ
6,séparé,6,sepaRe
6,tacher,4,taSe
5,tarte,4,taRt
4,tilt,4,tilt
4,tiré,4,tiRe
5,trust,5,tR9st
6,tudieu,5,tydj2
9,ténébreux,7,tenebR2
14,à l'aveuglette,9,alav9glEt
11,éjaculation,10,eZakylasj§
6,érable,6,eRabl°
6,éteint,3,et5
8,aménager,7,amenaZe
7,arsenic,7,aRs2nik
9,ascendant,5,as@d@
8,bourbier,6,buRbje
6,bourde,4,buRd
8,bretelle,6,bR°tEl
8,brouette,5,bRuEt
7,canette,5,kanEt
7,capteur,6,kapt9R
4,colo,4,kolo
8,corporel,8,kORpoREl
11,destructeur,10,destRykt9R
8,dopamine,7,dopamin
5,débit,4,debi
13,dédommagement,10,dedomaZ°m@
11,embarcadère,9,@baRkadER
10,fastidieux,8,fastidj2
10,femmelette,7,fam°lEt
8,fourguer,5,fuRge
6,fétide,5,fetid
8,graisser,5,gRese
9,implanter,6,5pl@te
7,indiqué,5,5dike
11,injoignable,8,5ZwaNabl
12,interception,10,5tERsEpsj§
12,intersection,10,5tERseksj§
7,intérim,6,5teRim
6,jeûner,4,Z2ne
12,milliardaire,9,miljaRdER
9,monarchie,7,monaRSi
9,noisetier,8,nwaz°tje
11,néerlandais,8,neERl@dE
8,paquebot,6,pak°bo
9,pertinent,7,pERtin@
5,pilot,4,pilo
6,quiche,3,kiS
9,restituer,8,REstit8e
9,retoucher,6,R°tuSe
5,serge,4,sERZ
6,souder,4,sude
7,trapèze,6,tRapEz
10,tuyauterie,9,t8ijot°Ri
8,vignoble,6,viNObl
11,électrogène,10,elEktRoZEn
8,abaisser,5,abese
10,accidentel,9,aksid@tEl
10,affliction,8,afliksj§
8,alcatraz,8,alkatRaz
11,arc-en-ciel,8,aRk@sjEl
11,assortiment,8,asORtim@
7,bascule,6,baskyl
8,cagnotte,5,kaNOt
12,calligraphie,9,kaligRafi
5,carne,4,kaRn
9,cartonner,7,kaRtone
12,continuation,10,k§tin8asj§
8,couchant,4,kuS@
9,décapiter,8,dekapite
9,dérisoire,8,deRizwaR
7,dériver,6,deRive
5,gibet,4,ZibE
7,humilié,6,ymilje
8,latitude,7,latityd
10,majestueux,8,maZEst82
8,neuvième,6,n9vjEm
6,nuance,4,n8@s
7,parodie,6,paRodi
13,programmation,11,pRogRamasj§
10,raccourcir,8,RakuRsiR
8,rancoeur,5,R@k9R
9,rancunier,7,R@kynje
8,reluquer,6,R°lyke
12,restaurateur,10,REstoRat9R
5,roman,4,Rom@
9,réclusion,8,Reklyzj§
6,réputé,6,Repyte
10,sociologie,9,sosjoloZi
7,soudure,5,sudyR
9,stérilité,9,steRilite
9,sécuriser,8,sekyRize
7,tralala,7,tRalala
6,tripot,5,tRipo
7,vidange,5,vid@Z
9,vingt-six,6,v5tsis
7,écouler,5,ekule
3,épi,3,epi
6,abolir,6,aboliR
8,absoudre,6,apsudR
7,alcoolo,6,alkolo
8,anathème,6,anatEm
12,anormalement,10,anORmal°m@
8,apparent,5,apaR@
5,aïeul,4,aj9l
9,brochette,6,bRoSEt
11,catégorique,9,kategoRik
4,cime,3,sim
6,collet,4,kolE
6,comble,4,k§bl
10,congestion,8,k§ZEstj§
7,crachat,5,kRaSa
11,dessinateur,9,desinat9R
8,dispense,6,disp@s
9,exécrable,9,EgzekRabl
4,fine,3,fin
6,florin,5,floR5
7,freezer,6,fRiz9R
8,grosseur,6,gRos9R
8,hématome,6,ematom
9,illustrer,7,ilystRe
13,insaisissable,9,5sezisabl
4,line,3,lin
8,non-lieu,5,n§lj2
10,négociable,9,negosjabl
9,oliveraie,7,oliv°RE
5,polio,5,poljo
10,prédiction,9,pRediksj§
6,puiser,5,p8ize
9,pédiatrie,8,pedjatRi
4,rune,3,Ryn
8,réanimer,7,Reanime
6,sangle,4,s@gl
10,saturation,9,satyRasj§
9,savoureux,6,savuR2
11,spéculation,10,spekylasj§
7,tantine,5,t@tin
8,terrifié,7,tERifje
6,tertio,6,tERsjo
6,tintin,4,t5t5
9,trafiquer,7,tRafike
6,traité,5,tRete
5,trier,5,tRije
4,troc,4,tROk
7,violent,4,vjOl
8,vitalité,8,vitalite
5,étain,3,et5
6,amande,4,am@d
9,animosité,9,animozite
10,chaudement,6,Sod°m@
7,cinoche,5,sinOS
5,cocon,4,kok§
9,collecter,7,kolEkte
5,cosmo,5,kOsmo
9,dentition,7,d@tisj§
9,désertion,8,dezERsj§
10,enseignant,5,@sEN@
7,gigoter,6,Zigote
10,guillotine,7,gijotin
6,hachis,3,aSi
6,idylle,4,idil
7,jugeote,5,ZyZOt
9,libellule,7,libelyl
6,lister,5,liste
9,lâchement,6,laS°m@
3,mol,3,mOl
7,monteur,5,m§t9R
6,octave,5,Oktav
4,ovni,4,Ovni
7,perdant,5,pERd@
5,plant,3,pl@
10,presbytère,9,pREsbitER
7,ramadan,6,Ramad@
11,restriction,10,REstRiksj§
6,tatoué,5,tatwe
7,tumulte,6,tymylt
7,tunique,5,tynik
7,vautrer,5,votRe
10,absolution,9,apsolysj§
3,alu,3,aly
7,amender,5,am@de
7,amiable,6,amjabl
5,argot,4,aRgo
8,arrondir,6,aR§diR
9,assommant,5,asom@
9,auto-stop,7,otostOp
4,beuh,2,b2
6,boulon,4,bul§
4,buté,4,byte
9,canaliser,8,kanalize
8,cheminot,6,S°mino
10,chinetoque,7,Sin°tOk
7,couplet,5,kuplE
6,crique,4,kRik
7,critère,6,kRitER
4,crue,3,kRy
5,cyclo,5,siklo
9,divulguer,7,divylge
8,démentir,7,dem@tiR
8,embellir,6,@beliR
7,esquive,5,Eskiv
5,fanny,4,fani
4,funk,3,f1k
7,gnocchi,4,NOki
6,griffe,4,gRif
7,gugusse,5,gygys
9,géométrie,8,ZeometRi
8,héroïsme,6,eRoizm
5,impec,4,5pEk
11,infériorité,10,5feRjoRite
13,lance-flammes,7,l@sflam
8,lombaire,5,l§bER
7,made in,6,mejdin
7,offrant,4,ofR@
13,philosophique,9,filozofik
6,plumer,5,plyme
11,présomption,9,pRez§psj§
6,putois,5,pytwa
12,reconsidérer,10,R°k§sideRe
10,skateboard,9,skEjtbORd
5,snack,4,snak
4,tare,3,taR
5,titan,4,tit@
8,traction,7,tRaksj§
4,anis,4,anis
9,armistice,8,aRmistis
12,authenticité,9,ot@tisite
7,avidité,7,avidite
5,azote,4,azOt
6,bottin,4,bot5
8,béquille,5,bekij
8,cannabis,7,kanabis
11,carburateur,10,kaRbyRat9R
14,chimiothérapie,11,SimjoteRapi
7,clonage,6,klonaZ
8,coulisse,5,kulis
8,couscous,6,kuskus
8,déprimer,7,depRime
8,désireux,6,deziR2
12,encourageant,7,@kuRaZ@
10,ensoleillé,7,@solEje
11,fornication,10,fORnikasj§
7,geôlier,5,Zolje
5,glass,4,glas
7,générer,6,ZeneRe
10,hypnotiser,8,ipnotize
8,immaculé,7,imakyle
10,imprésario,9,5pResaRjo
13,indirectement,10,5diREkt°m@
12,inébranlable,10,inebR@labl
6,mixeur,6,miks9R
7,nuptial,7,nypsjal
12,paperasserie,10,pap°Ras°Ri
8,paralysé,8,paRalize
10,passionnel,8,pasjonEl
12,pathologique,9,patoloZik
7,relatif,7,R°latif
6,relevé,6,R°l°ve
9,repassage,7,R°pasaZ
5,rider,4,Ride
8,réfléchi,7,RefleSi
7,sangsue,4,s@sy
12,sous-estimer,9,suzEstime
10,succursale,8,sykyRsal
6,triade,6,tRijad
11,ventriloque,8,v@tRilOk
7,verdure,6,vERdyR
4,vlan,3,vl@
6,youpin,4,jup5
6,amante,4,am@t
9,ancestral,8,@sEstRal
11,approfondir,9,apRof§diR
6,armada,6,aRmada
7,aubaine,4,obEn
7,auréole,5,oReOl
3,bit,3,bit
9,bougeotte,5,buZOt
7,brumeux,5,bRym2
10,cambrousse,6,k@bRus
6,charte,4,SaRt
10,comestible,9,komEstibl
11,désarmement,9,dezaRm°m@
10,désolation,9,dezolasj§
9,emmerdant,6,@mERd@
6,fondue,4,f§dy
6,fumant,4,fym@
9,glycérine,8,gliseRin
5,green,4,gRin
8,illettré,6,iletRe
11,instructeur,9,5stRykt9R
18,intentionnellement,12,5t@sjonEl°m@
7,krypton,6,kRipt§
3,lai,2,lE
7,louable,5,lwabl
7,loubard,5,lubaR
8,lubrique,6,lybRik
5,matou,4,matu
8,maussade,5,mosad
6,minime,5,minim
9,mélodrame,8,melodRam
7,nacelle,5,nasEl
6,novice,5,novis
7,nursery,7,n9Rs°Ri
7,névrose,6,nevRoz
10,patriarche,9,patRijaRS
11,profanation,10,pRofanasj§
7,quatuor,7,kwat8OR
6,relaxe,6,R°laks
6,rocket,5,RokEt
4,rush,3,R9S
4,râle,3,Ral
11,socialement,9,sosjal°m@
3,taf,3,taf
9,télésiège,8,telesjEZ
14,vieillissement,9,vjejis°m@
7,advenir,7,adv°niR
7,aucunes,4,okyn
9,bagatelle,7,bagatEl
7,bordure,6,bORdyR
7,bortsch,5,bORtS
8,certaine,6,sERtEn
7,chilien,5,Silj5
10,confisquer,7,k§fiske
9,contusion,7,k§tyzj§
9,déchirure,7,deSiRyR
9,déplaisir,8,depleziR
7,déroute,5,deRut
7,embolie,5,@boli
18,exceptionnellement,14,EksEpsjonEl°m@
8,finement,6,fin°m@
6,frayer,5,fReje
4,fuel,4,fjul
7,fétiche,5,fetiS
9,magnanime,7,maNanim
9,magouille,5,maguj
8,muchacho,8,mutSatSo
12,médicalement,10,medikal°m@
4,nain,2,n5
10,nécrologie,9,nekRoloZi
11,observateur,10,opsERvat9R
7,oranger,5,oR@Ze
8,originel,8,oRiZinEl
13,partiellement,10,paRsjEl°m@
17,professionnalisme,14,pRofEsjonalizm
4,rain,2,R5
15,raisonnablement,11,REzonabl°m@
8,redouter,6,R°dute
8,retracer,7,R°tRase
7,sablier,7,sablije
10,sauvegarde,8,sov°gaRd
12,schizophrène,9,skizofREn
10,superviser,9,sypERvize
7,tilleul,5,tij9l
8,timonier,7,timonje
6,tourte,4,tuRt
5,tracé,5,tRase
5,turbo,5,tyRbo
5,untel,4,1tEl
9,varicelle,7,vaRisEl
5,water,5,watER
5,yo-yo,4,jojo
6,équipé,5,ekipe
10,alternatif,10,altERnatif
7,barbant,5,baRb@
6,baveux,4,bav2
5,beige,3,bEZ
6,bleuet,4,bl2E
8,capuchon,6,kapyS§
6,carafe,5,kaRaf
8,craignos,6,kRENos
6,cupide,5,kypid
7,de visu,6,d2vizy
7,dialyse,6,djaliz
5,digue,3,dig
13,divisionnaire,10,divizjonER
3,dry,4,dRaj
7,défendu,6,def@dy
7,dégoter,6,degote
7,détaché,6,detaSe
7,employé,7,@plwaje
9,exclusion,9,Eksklyzj§
4,flat,3,fla
5,groom,4,gRum
7,gruyère,6,gRyjER
8,intensif,6,5t@sif
14,inévitablement,12,inevitabl°m@
9,isolation,8,izolasj§
2,jà,2,Za
10,messagerie,8,mesaZ°Ri
11,patrouiller,7,patRuje
11,rayonnement,8,REjOn°m@
4,râpe,3,Rap
13,réchauffement,7,ReSofm@
11,réclamation,10,Reklamasj§
5,scalp,5,skalp
8,sicilien,7,sisilj5
12,significatif,11,siNifikatif
8,sérénade,7,seRenad
8,tantinet,6,t@tinE
2,ut,2,yt
7,émigrer,6,emigRe
8,éternuer,7,etERn8e
8,amadouer,6,amadwe
10,aucunement,7,okyn°m@
11,bourgmestre,9,buRgmEstR
7,brandir,6,bR@diR
6,broder,5,bRode
11,camping-car,8,k@piGkaR
5,catho,4,kato
7,cellier,5,selje
8,chavirer,6,SaviRe
12,compatissant,8,k§patis@
12,complication,10,k§plikasj§
11,confinement,8,k§fin°m@
9,courtiser,7,kuRtize
10,diminution,9,diminysj§
13,disponibilité,13,disponibilite
9,diversité,9,divERsite
11,décapotable,10,dekapotabl
7,filtrer,6,filtRe
8,flottant,5,flot@
9,fusionner,7,fyzjone
6,gigolo,6,Zigolo
7,gondole,5,g§dOl
7,guetter,4,gete
8,hongrois,5,§gRwa
8,importer,6,5pORte
9,imprimeur,7,5pRim9R
7,insérer,5,5seRe
7,kung-fu,5,kuGfu
7,luciole,6,lysjOl
5,moite,4,mwat
8,mythique,5,mitik
13,perfectionner,11,pERfEksjone
11,ponctualité,10,p§kt8alite
10,privilégié,10,pRivileZje
8,procréer,7,pRokRee
9,provision,8,pRovizj§
8,présider,7,pRezide
8,pur-sang,5,pyRs@
8,rabattre,6,RabatR
11,symphonique,7,s5fonik
5,trahi,4,tRai
5,ténor,5,tenOR
10,vasculaire,8,vaskylER
10,éperdument,8,epERdym@
11,étonnamment,7,etonam@
7,affoler,5,afole
7,agilité,7,aZilite
12,alphabétique,9,alfabetik
7,auguste,5,ogyst
8,baignade,5,bENad
8,bizutage,7,bizytaZ
9,black-out,7,blakaut
6,bobard,5,bobaR
4,bodo,4,bodo
7,calepin,6,kal°p5
8,calvitie,7,kalvisi
4,cato,4,kato
12,chansonnette,7,S@sonEt
10,chevaucher,6,S°voSe
13,configuration,11,k§figyRasj§
16,considérablement,13,k§sideRabl°m@
10,consolider,8,k§solide
11,contraction,9,k§tRaksj§
6,doigté,5,dwate
7,dompter,5,d§pte
15,douloureusement,10,duluR2z°m@
8,dégrader,7,degRade
8,dépourvu,7,depuRvy
9,déviation,8,devjasj§
13,encouragement,9,@kuRaZ°m@
8,enflammé,6,@flame
9,entrevoir,8,@tR°vwaR
9,escroquer,7,EskRoke
7,fleurir,6,fl9RiR
5,frêle,4,fREl
10,galanterie,8,gal@t°Ri
7,gaulois,5,golwa
5,givré,5,ZivRe
4,gone,3,gon
5,hotte,2,Ot
11,impolitesse,8,5politEs
4,keuf,3,k9f
10,lacération,9,laseRasj§
6,levure,5,l°vyR
12,modification,11,modifikasj§
6,morose,5,moRoz
6,mémère,5,memER
7,ouvreur,5,uvR9R
10,parenthèse,7,paR@tEz
9,pendentif,7,p@d@tif
4,phot,3,fOt
4,pink,4,pink
6,poncho,5,p§tSo
10,préhenseur,7,pRe@s9R
12,préservation,11,pRezERvasj§
4,puni,4,pyni
6,pépère,5,pepER
9,péquenaud,6,pEk°no
10,redémarrer,8,R°demaRe
8,standing,6,st@diG
7,starter,7,staRt9R
8,trappeur,6,tRap9R
13,téléportation,12,telepORtasj§
6,égayer,5,egeje
8,éraflure,7,eRaflyR
9,arnaqueur,7,aRnak9R
10,assemblage,7,as@blaZ
8,bergerie,7,bERZ°Ri
8,bienvenu,7,bj5v°ny
6,bitume,5,bitym
12,chorégraphie,9,koRegRafi
6,chuter,4,Syte
8,devancer,6,d°v@se
14,historiquement,10,istoRik°m@
10,hypnotique,7,ipnotik
6,hélium,5,eljOm
10,invalidité,9,5validite
10,maltraiter,8,maltRete
5,model,5,modEl
5,mérou,4,meRu
9,obéissant,6,obeis@
5,oxyde,5,Oksid
5,pager,4,paZe
8,piquette,5,pikEt
7,potiron,6,potiR§
14,précipitamment,11,pResipitam@
12,radicalement,10,Radikal°m@
15,remarquablement,12,R°maRkabl°m@
10,revêtement,8,R°vEt°m@
15,silencieusement,11,sil@sj2z°m@
7,siroter,6,siRote
8,soupirer,6,supiRe
11,séropositif,11,seRopozitif
4,taco,4,tako
6,tagada,6,tagada
10,teinturier,7,t5tyRje
4,vêtu,4,vety
11,abracadabra,11,abRakadabRa
9,angoisser,6,@gwase
8,archange,5,aRk@Z
9,au-devant,5,od°v@
8,bienfait,5,bj5fE
7,bigleux,5,bigl2
9,bénévolat,8,benevola
7,calcium,7,kalsjOm
9,call-girl,7,kOlg9Rl
11,chronomètre,9,kRonomEtR
9,citadelle,7,sitadEl
6,clapet,5,klapE
9,cornemuse,8,kORn°myz
7,crampon,5,kR@p§
5,daube,3,dob
11,décommander,8,dekom@de
9,défensive,7,def@siv
9,embrayage,7,@bREjaZ
8,euphorie,5,2foRi
10,exaltation,10,Egzaltasj§
7,exhiber,6,Egzibe
6,faisan,4,f2z@
14,gouvernemental,12,guvERn°m@tal
11,gravitation,10,gRavitasj§
7,grillon,5,gRij§
3,gué,2,ge
7,gâterie,6,gat°Ri
8,hargneux,4,aRN2
9,idéalisme,8,idealizm
7,incarné,6,5kaRne
10,inefficace,8,inefikas
8,iniquité,7,inikite
6,instit,5,5stit
13,interlocuteur,11,5tERlokyt9R
6,landau,4,l@do
2,lu,2,ly
8,minuteur,7,minyt9R
8,moelleux,5,mwal2
13,mont-de-piété,9,m§d°pjete
4,pfft,3,pft
6,ponton,4,p§t§
7,pudique,5,pydik
7,périple,6,peRipl
11,résignation,9,ReziNasj§
10,soufflerie,7,sufl°Ri
9,tisonnier,7,tizonje
10,traquenard,8,tRak°naR
8,urinaire,6,yRinER
10,verrouillé,6,veRuje
7,écuelle,5,ek8El
7,éleveur,6,El°v9R
7,atteler,5,at°le
8,aversion,7,avERsj§
6,chaman,5,Saman
9,charlotte,6,SaRlOt
7,châssis,4,Sasi
5,clamp,4,kl@p
10,coqueluche,7,kOk°lyS
8,craintif,6,kR5tif
4,dong,3,d§g
7,enlacer,5,@lase
9,exécuteur,9,Egzekyt9R
11,familiarité,11,familjaRite
6,galeux,4,gal2
11,gémissement,8,Zemis°m@
9,hongroise,6,§gRwaz
8,imposant,5,5poz@
10,individuel,9,5divid8El
18,intellectuellement,13,5telEkt8El°m@
11,inéluctable,10,inelyktabl
11,irréfutable,9,iRefytabl
5,joute,3,Zut
7,karaoké,7,kaRaoke
4,lest,4,lEst
3,lié,3,lje
7,louange,4,lw@Z
10,maladresse,8,maladREs
7,mutisme,6,mytizm
6,mylord,5,milOR
4,noté,4,note
6,palper,5,palpe
11,passe-passe,6,paspas
8,patraque,6,patRak
8,paupière,6,popjER
6,paître,4,pEtR
6,pointé,5,pw5te
8,pressant,5,pREs@
8,péquenot,6,pEk°no
15,quotidiennement,11,kotidjEn°m@
10,recommandé,8,R°kom@de
7,sternum,7,stERnOm
13,sèche-cheveux,7,sESS°v2
7,trachée,5,tRaSe
12,transpondeur,9,tR@sp§d9R
10,vingt-huit,6,v5t8it
7,éboueur,5,ebw9R
9,éradiquer,7,eRadike
12,antipathique,8,@tipatik
8,assouvir,6,asuviR
8,atrocité,8,atRosite
7,baraqué,6,baRake
5,beauf,3,bof
5,biper,4,bipe
10,carabinier,9,kaRabinje
7,centile,5,s@til
7,chevron,5,S°vR§
6,chieur,4,Sj9R
10,complément,7,k§plem@
9,constance,6,k§st@s
10,coordonner,8,koORdone
5,crane,4,kRan
10,diététique,8,djetetik
9,décemment,6,desam@
6,déclic,6,deklik
15,décontamination,13,dek§taminasj§
4,fifi,4,fifi
5,fjord,5,fjORd
8,gouverne,6,guvERn
10,groupement,7,gRup°m@
6,gynéco,6,Zineko
10,hémisphère,7,emisfER
10,inavouable,8,inavwabl
11,incarnation,9,5kaRnasj§
10,malfaisant,7,malf°z@
9,méningite,7,men5Zit
7,méprise,6,mepRiz
6,napalm,6,napalm
7,nullité,6,nylite
6,obsédé,6,opsede
7,occulte,5,okylt
6,panade,5,panad
11,pourparlers,8,puRpaRle
9,qualifier,7,kalifje
6,repose,5,R°poz
10,rhumatisme,8,Rymatizm
9,récession,7,Resesj§
6,rêveur,5,REv9R
7,sexiste,7,seksist
4,suif,4,s8if
7,travelo,7,tRav°lo
5,troll,4,tROl
6,urbain,4,yRb5
5,versé,5,vERse
9,vestibule,8,vEstibyl
10,vingt-neuf,6,v5tn9f
8,éventrer,6,ev@tRe
8,alchimie,6,alSimi
9,alpiniste,8,alpinist
7,asticot,6,astiko
11,attestation,9,atEstasj§
10,avantageux,7,av@taZ2
5,barjo,5,baRZo
6,border,5,bORde
6,bouclé,5,bukle
6,bouder,4,bude
7,brousse,4,bRus
10,bruyamment,8,bR8ijam@
7,chopper,4,SOpe
10,ciboulette,7,sibulEt
9,commodore,7,komodOR
9,communier,7,komynje
13,condescendant,8,k§des@d@
12,croustillant,8,kRustij@
9,diablesse,7,djablEs
5,dingo,4,d5go
12,divertissant,9,divERtis@
5,dégât,4,dega
8,déporter,7,depORte
11,examinateur,11,Egzaminat9R
8,fiévreux,6,fjevR2
7,galoper,6,galope
10,halluciner,7,alysine
11,impopulaire,8,5popylER
10,imprimante,7,5pRim@t
12,indiscutable,10,5diskytabl
7,inertie,6,inERsi
4,inné,3,ine
12,ironiquement,9,iRonik°m@
11,jalousement,8,Zaluz°m@
5,luire,4,l8iR
8,matériau,7,mateRjo
7,monceau,4,m§so
9,métropole,8,metRopOl
13,no man's land,9,nomansl@d
5,nouba,4,nuba
11,pakistanais,9,pakistanE
7,panache,5,panaS
12,perspicacité,12,pERspikasite
7,ravioli,7,Ravjoli
10,romanesque,8,RomanEsk
8,rustique,6,Rystik
11,réjouissant,7,ReZwis@
4,rêvé,4,Reve
10,sauvagerie,8,sovaZ°Ri
4,situ,4,sity
9,soubrette,6,subREt
11,soupçonneux,7,supson2
7,speaker,6,spik9R
11,surréaliste,10,syRRealist
9,suspecter,8,syspEkte
8,sévérité,8,seveRite
10,trapéziste,9,tRapezist
7,traînée,5,tRene
9,trempette,6,tR@pEt
9,églantine,7,egl@tin
6,activé,6,aktive
8,affectif,7,afEktif
6,animer,5,anime
14,arrondissement,9,aR§dis°m@
3,ars,2,aR
9,barricade,7,baRikad
6,bidule,5,bidyl
10,bouddhiste,6,budist
9,brésilien,8,bRezilj5
7,carrure,5,kaRyR
10,challenger,9,tSalEndZe
4,clic,4,klik
11,clopinettes,8,klopinEt
12,contemporain,8,k§t@poR5
7,côtoyer,7,kotwaje
7,dancing,5,d@siG
5,devis,4,d°vi
8,difforme,6,difORm
8,drive-in,7,dRajvin
6,décoré,6,dekoRe
10,dérouiller,6,deRuje
11,désillusion,9,dezilyzj§
6,effacé,5,efase
8,escalope,7,EskalOp
6,fictif,6,fiktif
10,froidement,8,fRwad°m@
7,fébrile,6,febRil
10,galactique,8,galaktik
8,goulette,5,gulEt
5,harpe,3,aRp
13,impossibilité,11,5posibilite
10,ingénierie,7,5ZeniRi
5,largo,5,laRgo
6,larynx,6,laR5ks
5,lasso,4,laso
7,lithium,6,litjOm
6,lâcher,4,laSe
7,maillon,4,maj§
8,marxisme,8,maRksizm
8,mercerie,7,mERs°Ri
7,naïveté,7,naiv°te
11,négociateur,10,negosjat9R
3,ode,2,Od
8,parisien,7,paRizj5
4,paré,4,paRe
6,pelote,5,p°lOt
6,physio,5,fizjo
5,plouc,4,pluk
8,prunelle,6,pRynEl
5,pêché,4,peSe
13,revendication,11,R°v@dikasj§
8,réprimer,7,RepRime
6,rôdeur,5,Rod9R
9,sacrebleu,8,sakR°bl2
8,scrupule,7,skRypyl
7,soliste,6,solist
9,sommation,7,somasj§
9,statu quo,8,statykwo
5,suave,4,s8av
10,talmudique,8,talmydik
6,torero,6,toReRo
5,vanne,3,van
8,vaseline,7,vaz°lin
7,vengeur,5,v@Z9R
7,verglas,6,vERgla
8,visqueux,5,visk2
7,vénérer,6,veneRe
7,éthique,4,etik
10,accompagné,7,ak§paNe
5,ambre,3,@bR
10,apesanteur,8,ap°z@t9R
5,atlas,5,atlas
8,bassiste,6,basist
7,boudoir,6,budwaR
4,brio,5,bRijo
8,broderie,7,bROd°Ri
8,charmeur,6,SaRm9R
14,colin-maillard,9,kol5majaR
12,contrecarrer,9,k§tR°kaRe
13,disciplinaire,10,disiplinER
10,dispersion,9,dispERsj§
4,dojo,4,doZo
5,drain,3,dR5
7,farfelu,7,faRf°ly
7,flairer,5,fleRe
3,fra,3,fRa
6,guigne,3,giN
8,impunité,7,5pynite
9,incendier,6,5s@dje
11,instabilité,10,5stabilite
11,intolérance,8,5toleR@s
8,kermesse,6,kERmEs
6,lapsus,6,lapsys
6,lustre,5,lystR
8,mastoïde,7,mastoid
3,mob,3,mOb
7,morfler,6,mORfle
10,neurologie,8,n2RoloZi
13,pacifiquement,10,pasifik°m@
10,paillasson,6,pajas§
5,palet,4,palE
7,préjugé,7,pReZyZe
12,quatre-vingt,7,katR°v5
7,relayer,6,R°leje
6,régate,5,Regat
8,sterling,7,stERliG
9,taciturne,8,tasityRn
13,toxicologique,12,tOksikoloZik
8,verrerie,6,vER°Ri
6,étirer,5,etiRe
7,appâter,5,apate
12,astronomique,10,astRonomik
9,au-dedans,5,od°d@
12,cliniquement,9,klinik°m@
10,complexité,10,k§plEksite
12,consciemment,7,k§sjam@
8,crevasse,6,kR°vas
9,demi-lune,7,d°milyn
4,dock,3,dOk
11,déchiqueter,8,deSik°te
7,enrayer,5,@Reje
9,gonflable,7,g§flabl
11,impertinent,8,5pERtin@
7,inspiré,6,5spiRe
13,intermédiaire,10,5tERmedjER
3,leu,2,l2
7,lyrique,5,liRik
7,mixture,7,mikstyR
6,notice,5,notis
4,noyé,5,nwaje
9,négligent,7,negliZ@
9,obscénité,8,Opsenite
9,officieux,6,ofisj2
8,oriental,7,oRj@tal
11,pointilleux,7,pw5tij2
7,pruneau,5,pRyno
9,rectifier,8,REktifje
5,régie,4,ReZi
9,souffleur,6,sufl9R
10,torticolis,9,tORtikoli
6,verbal,6,vERbal
7,éblouir,6,ebluiR
10,abnégation,9,abnegasj§
7,apathie,5,apati
6,arcade,5,aRkad
12,arrière-plan,8,aRjERpl@
8,astiquer,6,astike
10,astronomie,9,astRonomi
9,au-dehors,5,od2OR
7,baroque,5,baROk
9,bobsleigh,7,bObslEg
5,canif,5,kanif
7,carence,5,kaR@s
10,confiserie,8,k§fiz°Ri
6,crible,5,kRibl
7,divorcé,7,divORse
13,désobéissance,10,dezobeis@s
8,endurcir,7,@dyRsiR
7,enivrer,6,@nivRe
11,extravagant,10,EkstRavag@
4,fixé,5,fikse
9,fracasser,7,fRakase
7,germain,5,ZERm5
11,indomptable,7,5d§tabl
8,jacasser,6,Zakase
8,kérosène,7,keRozEn
6,ladies,6,lEjdiz
6,levant,4,l°v@
6,maquis,4,maki
10,nord-ouest,7,nORwEst
7,ovation,6,ovasj§
5,palle,4,pal2
10,protestant,8,pRotEst@
12,présomptueux,9,pRez§pt82
9,quereller,6,k°Rele
10,rabat-joie,7,RabaZwa
6,rafiot,5,Rafjo
13,rectification,12,REktifikasj§
8,repêcher,6,R°peSe
15,restructuration,14,R°stRyktyRasj§
8,roquette,5,RokEt
9,solidaire,7,solidER
11,spontanéité,10,sp§taneite
15,statistiquement,12,statistik°m@
9,suffoquer,6,syfoke
7,séchoir,6,seSwaR
7,thermos,6,tERmos
4,toro,4,tORo
11,télécharger,9,teleSaRZe
6,vénéré,6,veneRe
7,wallace,5,walas
8,écourter,6,ekuRte
8,accroché,6,akRoSe
10,ancienneté,8,@sjEn°te
6,benoît,5,b°nwa
4,bris,3,bRi
15,caractéristique,13,kaRakteRistik
6,caïman,5,kaim@
8,cirrhose,5,siRoz
8,civilité,8,sivilite
13,claustrophobe,10,klostRofOb
8,craquant,5,kRak@
9,cuillerée,7,k8ijeRe
12,discernement,9,disERn°m@
6,dévier,5,devje
9,extorquer,8,EkstORke
8,hacienda,7,asjEnda
12,invulnérable,10,5vylneRabl
4,joué,3,Zwe
4,judo,4,Zydo
7,laurier,5,loRje
3,mat,3,mat
5,maure,3,moR
4,mile,4,majl
9,penthouse,5,p@tuz
5,pinte,3,p5t
7,pirater,6,piRate
8,pouliche,5,puliS
9,pronostic,9,pRonOstik
5,péage,4,peaZ
6,raider,6,Rajd9R
9,ramassage,7,RamasaZ
4,rayé,4,Reje
8,rouiller,4,Ruje
8,réticent,6,Retis@
7,sceller,4,sele
6,soigné,5,swaNe
10,suffisance,7,syfiz@s
8,tangible,6,t@Zibl
3,tee,2,ti
6,tendon,4,t@d§
6,teneur,5,t°n9R
7,terrier,5,tERje
12,tire-bouchon,7,tiRbuS§
6,toxine,6,tOksin
7,trotter,5,tRote
8,vésicule,7,vezikyl
6,ânesse,4,anEs
10,aberration,8,abERasj§
5,abord,4,abOR
10,affolement,7,afOl°m@
8,almanach,7,almanak
7,ameuter,5,am2te
11,antichambre,7,@tiS@bR
9,armurerie,8,aRmyR°Ri
9,attrayant,6,atREj@
7,bedaine,5,b2dEn
7,bicoque,5,bikOk
10,bombardier,8,b§baRdje
5,bonze,3,b§z
6,boueux,3,bw2
7,candide,5,k@did
7,chauffe,3,Sof
6,chiper,4,Sipe
13,communautaire,9,komynotER
8,consumer,6,k§syme
6,deuzio,5,d2zjo
10,dilatation,9,dilatasj§
5,drink,4,dR5k
6,druide,5,dR8id
9,débusquer,7,debyske
6,détenu,6,dEt°ny
7,emballé,5,@bale
12,enchaînement,7,@SEn°m@
8,enfantin,5,@f@t5
8,enrhumer,5,@Ryme
8,escapade,7,Eskapad
8,estropié,8,EstRopje
5,faner,4,fane
9,faussaire,5,fosER
7,fugitif,7,fyZitif
5,galon,4,gal§
8,gothique,5,gotik
7,gourmet,5,guRmE
9,grouiller,5,gRuje
8,immeuble,5,im9bl
6,impuni,5,5pyni
9,impétueux,6,5pet82
10,indéniable,8,5denjabl
6,larsen,6,laRsEn
13,main-d'oeuvre,6,m5d9vR
7,malpoli,7,malpoli
8,membrane,6,m@bRan
6,merder,5,mERde
5,mordu,5,mORdy
6,muette,4,m8Et
10,mère-grand,6,mERgR@
8,non-stop,7,nOnstOp
6,nougat,4,nuga
11,objectivité,11,ObZEktivite
9,outre-mer,7,utR°mER
5,pouah,3,pwa
9,productif,9,pRodyktif
8,protéine,7,pRotein
7,prélude,6,pRelyd
7,rallier,5,Ralje
14,renouvellement,10,R°nuvEl°m@
7,renégat,6,R°nega
8,retourne,6,R°tuRn
7,réfuter,6,Refyte
6,résidu,6,Rezidy
6,saumon,4,som§
7,semoule,5,s°mul
7,servile,6,sERvil
5,suçon,4,sys§
13,talkie-walkie,10,tOlkiwOlki
10,tapisserie,8,tapis°Ri
8,ténacité,8,tenasite
11,underground,11,9nd9RgRawnd
13,vraisemblable,10,vREs@blabl
7,équiper,5,ekipe
6,adepte,5,adEpt
9,adoration,8,adoRasj§
9,antérieur,7,@teRj9R
9,archaïque,6,aRkaik
6,avérer,5,aveRe
7,battant,4,bat@
8,bisexuel,9,biseks8El
9,blablabla,9,blablabla
11,brillamment,7,bRijam@
5,bémol,5,bemOl
10,chrétienté,8,kRetj5te
5,cohue,3,koy
9,collation,7,kolasj§
5,drone,4,dRon
7,enchère,4,@SER
6,enrobé,5,@Robe
8,extirper,8,EkstiRpe
7,faiseur,5,f°z9R
9,fellation,7,fElasj§
6,formol,6,fORmOl
7,gravure,6,gRavyR
5,gusto,5,gysto
5,hisse,2,is
10,horizontal,8,oRiz§tal
8,incliner,6,5kline
12,inflammation,9,5flamasj§
12,insoutenable,9,5sut°nabl
11,instigateur,9,5stigat9R
6,jingle,7,dZing9l
14,lave-vaisselle,8,lavvEsEl
8,lucratif,8,lykRatif
7,lutteur,5,lyt9R
5,motus,5,motys
11,narcissique,8,naRsisik
5,natte,3,nat
6,nymphe,3,n5f
5,oméga,5,omega
9,pacifiste,8,pasifist
5,patch,4,patS
3,pie,2,pi
7,polenta,7,polEnta
8,postuler,7,pOstyle
5,preux,3,pR2
7,profane,6,pRofan
7,prépuce,6,pRepys
9,péninsule,7,pen5syl
8,rigidité,8,RiZidite
7,risible,6,Rizibl
6,roller,5,ROl9R
3,réa,3,Rea
8,réceptif,8,ResEptif
7,référer,6,RefeRe
5,soude,3,sud
4,sumo,4,symo
3,tau,2,to
7,torturé,7,tORtyRe
9,vigilance,7,viZil@s
10,académique,8,akademik
8,anorexie,8,anoREksi
10,astrologie,9,astRoloZi
8,attester,6,atEste
10,aux aguets,5,ozagE
8,baluchon,6,balyS§
6,bambin,4,b@b5
11,bolchevique,8,bOlS°vik
9,bricolage,8,bRikolaZ
11,casse-pieds,6,kaspje
6,cliché,5,kliSe
10,consultant,7,k§sylt@
7,contour,5,k§tuR
10,contrition,8,k§tRisj§
6,corral,5,koRal
11,demi-finale,9,d°mifinal
13,demi-milliard,10,d2mimiljaR
6,donnée,4,done
7,déceler,6,dEs°le
5,enflé,4,@fle
15,expérimentation,14,EkspeRim@tasj§
8,friction,7,fRiksj§
12,furieusement,9,fyRj2z°m@
8,gélatine,7,Zelatin
5,hi-fi,3,ifi
6,hippie,3,ipi
11,horizontale,8,oRiz§tal
13,incontestable,10,5k§tEstabl
11,intensément,7,5t@sem@
6,living,5,liviG
9,manifeste,8,manifEst
9,mobylette,7,mobilEt
9,monotonie,8,monotoni
12,obsessionnel,10,OpsesjonEl
9,périlleux,6,peRij2
6,rancho,5,R@tSo
9,recruteur,8,R°kRyt9R
10,renversant,7,R@vERs@
6,saquer,4,sake
8,sculpter,6,skylte
8,tignasse,5,tiNas
12,transgresser,9,tR@sgRese
8,témérité,8,temeRite
8,égaliser,7,egalize
5,abdos,4,abdo
9,agitateur,8,aZitat9R
4,alma,4,alma
12,appréciation,10,apResjasj§
8,arthrose,6,aRtRoz
8,atropine,7,atRopin
5,avisé,5,avize
3,bai,2,bE
3,bis,3,bis
10,bousculade,8,buskylad
9,boy-scout,7,bOjskut
6,carlin,5,kaRl5
6,ciseau,4,sizo
7,croupir,6,kRupiR
4,cuve,3,kyv
9,dégénérer,8,deZeneRe
14,désintégration,12,dez5tegRasj§
8,efforcer,6,efORse
9,enveloppé,7,@v°lope
9,fantasmer,7,f@tasme
6,feinte,3,f5t
6,fronde,4,fR§d
3,gon,3,gon
7,groupie,5,gRupi
6,herpès,5,ERpEs
11,humainement,7,ymEn°m@
11,inapproprié,11,inapRopRije
10,insécurité,9,5sekyRite
10,intubation,8,5tybasj§
7,irakien,6,iRakj5
10,irrigation,8,iRigasj§
7,maladif,7,maladif
6,mixage,6,miksaZ
12,mobilisation,11,mobilizasj§
8,moumoute,5,mumut
9,nutrition,8,nytRisj§
8,ombrelle,5,§bREl
11,phonographe,8,fonogRaf
9,plaignant,5,plEN@
15,porte-documents,10,pORtdokym@
13,prochainement,9,pRoSEn°m@
8,précaire,6,pRekER
13,radioactivité,13,Radjoaktivite
6,rapace,5,Rapas
9,replonger,7,R°pl§Ze
9,revendeur,7,R°v@d9R
6,rocker,5,Rok9R
5,rubis,4,Rybi
11,rétroviseur,10,RetRoviz9R
11,singularité,10,s5gylaRite
8,surhomme,5,syROm
5,tenté,4,t@te
9,tournesol,8,tuRn°sOl
6,uriner,5,yRine
5,vista,5,vista
8,vénitien,7,venisj5
8,zibeline,7,zib°lin
12,écrabouiller,8,ekRabuje
9,accumuler,7,akymyle
11,adroitement,9,adRwat°m@
7,agrafer,6,agRafe
8,auditeur,6,odit9R
7,basique,5,bazik
11,belle-maman,7,bElmam@
2,bé,2,be
6,cagibi,6,kaZibi
9,cassation,7,kasasj§
8,cervelet,7,sERv°lE
11,chatouiller,6,Satuje
17,cinématographique,14,sinematogRafik
12,conservation,10,k§sERvasj§
10,documenter,8,dokym@te
8,dégommer,6,degome
10,départager,9,depaRtaZe
9,encercler,7,@sERkle
7,entrave,5,@tRav
8,ethnique,5,Etnik
15,exhibitionniste,13,Egzibisjonist
8,folklore,7,fOlklOR
11,gribouillis,7,gRibuji
6,gêneur,5,ZEn9R
5,havre,3,avR
15,intergalactique,12,5tERgalaktik
7,manchot,4,m@So
10,manoeuvrer,7,man9vRe
7,martial,7,maRsjal
5,obtus,4,Opty
6,patois,5,patwa
7,peigner,4,peNe
7,pieuter,5,pj2te
7,pompeux,4,p§p2
9,reichstag,8,RajSstag
9,remorquer,7,R°mORke
4,ruée,3,R8e
6,sprint,6,spRint
8,tantouze,5,t@tuz
7,tonsure,5,t§syR
12,traumatisant,9,tRomatiz@
7,truquer,5,tRyke
4,tune,3,tyn
10,télémétrie,9,telemetRi
12,vibromasseur,10,vibRomas9R
10,vice-versa,8,visvERsa
8,échafaud,5,eSafo
8,accolade,6,akolad
8,aiguiser,5,egize
8,analogie,7,analoZi
8,assécher,5,aseSe
10,avant-bras,6,av@bRa
12,bienveillant,7,bj5vEj@
10,biologiste,9,bjoloZist
11,businessman,9,biznEsman
7,cloître,6,klwatR
7,conteur,5,k§t9R
6,diacre,5,djakR
11,distillerie,9,distil°Ri
11,déclencheur,8,dekl@S9R
11,dégustation,10,degystasj§
7,démêler,6,demele
7,enrôler,5,@Role
4,euro,3,2Ro
7,filiale,6,filjal
7,flamber,5,fl@be
8,fortiche,6,fORtiS
8,freinage,6,fREnaZ
12,félicitation,11,felisitasj§
7,greffer,5,gRefe
10,harmonieux,7,aRmonj2
13,incarcération,11,5kaRseRasj§
9,incruster,7,5kRyste
5,inter,4,5tER
10,intimement,7,5tim°m@
13,justification,12,Zystifikasj§
6,malaga,6,malaga
7,mariner,6,maRine
8,multiple,7,myltipl
4,mélo,4,melo
8,nord-est,6,nOREst
10,obligeance,7,obliZ@s
8,obsolète,7,OpsolEt
5,otite,4,otit
8,partisan,7,paRtiz@
7,penseur,5,p@s9R
8,perdreau,6,pERdRo
12,philanthrope,8,fil@tROp
7,philtre,5,filtR
13,physiologique,10,fizjoloZik
6,poucet,4,pusE
11,privilégier,10,pRivileZje
10,rattrapage,8,RatRapaZ
8,reposant,6,R°poz@
7,ruminer,6,Rymine
7,sardine,6,saRdin
8,synonyme,7,sinonim
3,tif,3,tif
13,transcription,11,tR@skRipsj§
6,vacant,4,vak@
8,vagabond,6,vagab§
8,vice-roi,6,visRwa
5,vivat,4,viva
9,élocution,8,elokysj§
10,équilibrer,8,ekilibRe
9,accoupler,6,akuple
7,altérer,6,alteRe
18,arrière-grand-mère,11,aRjERgR@mER
8,breuvage,6,bR9vaZ
8,brusquer,6,bRyske
8,cantique,5,k@tik
10,cosmonaute,8,kOsmonot
6,dressé,5,dRese
10,eucalyptus,9,2kaliptys
8,flambant,5,fl@b@
12,géographique,9,ZeogRafik
9,infirmité,8,5fiRmite
9,intenable,7,5t°nabl
7,jongler,5,Z§gle
5,lacet,4,lasE
10,lave-linge,6,lavl5Z
5,lobby,4,lObi
9,lobotomie,8,lobotomi
6,magnat,5,magna
9,ménopause,7,menopoz
8,non-sens,5,n§s@s
11,obstétrique,9,OpstetRik
10,perturbant,8,pERtyRb@
12,pique-niquer,7,piknike
4,pope,3,pOp
6,prouvé,5,pRuve
13,préhistorique,10,pReistoRik
6,psaume,4,psom
13,psychanalyste,11,psikanalist
15,quartier-maître,10,kaRtjemEtR
6,rasage,5,RazaZ
6,recoin,5,R°kw5
5,rhino,4,Rino
10,royalement,9,Rwajal°m@
12,réapparaître,9,ReapaREtR
7,réchaud,4,ReSo
6,résine,5,Rezin
7,servant,5,sERv@
9,signaleur,7,siNal9R
10,sous-titre,6,sutitR
6,spring,5,spRiG
8,stand-by,7,st@dbaj
4,tain,2,t5
5,taxer,5,takse
6,timbré,5,t5bRe
4,tutu,4,tyty
3,usé,3,yze
4,vécu,4,veky
9,étouffant,5,etuf@
7,adhérer,5,adeRe
7,amiante,5,amj@t
5,ample,3,@pl
12,anesthésiste,10,anEstezist
11,banqueroute,7,b@k°Rut
11,best-seller,9,bEstsel9R
8,blessant,5,blEs@
4,buse,3,byz
11,cardiologie,10,kaRdjoloZi
8,charrier,5,SaRje
13,commanditaire,9,kom@ditER
10,dentifrice,8,d@tifRis
7,débiter,6,debite
11,déroulement,8,deRul°m@
12,déséquilibre,10,dezekilibR
8,flambeur,6,fl@b9R
6,forage,5,foRaZ
10,habitation,8,abitasj§
7,haineux,3,En2
10,hermétique,7,ERmetik
11,hibernation,9,ibERnasj§
8,houlette,4,ulEt
5,impro,4,5pRo
7,joujoux,4,ZuZu
13,jurisprudence,11,ZyRispRyd@s
6,looser,5,luz9R
8,minijupe,7,miniZyp
12,mousquetaire,8,musk°tER
7,ménager,6,menaZe
11,négligeable,9,negliZabl
10,obtempérer,8,Opt@peRe
9,offensant,5,of@s@
12,pacificateur,11,pasifikat9R
9,papeterie,8,papet°Ri
11,paralytique,9,paRalitik
5,paria,5,paRja
13,particularité,13,paRtikylaRite
8,passible,6,pasibl
7,pitbull,6,pitbul
11,pourchasser,7,puRSase
10,projectile,9,pRoZEktil
8,présumer,7,pRezyme
4,pèze,3,pEz
11,ravitailler,8,Ravitaje
8,rebeller,6,R°bEle
7,rebâtir,7,R°batiR
8,recopier,7,R°kopje
12,retournement,9,R°tuRn°m@
11,revendiquer,8,R°v@dike
8,saccager,6,sakaZe
16,sentimentalement,12,s@tim@tal°m@
5,serra,4,sERa
8,souillon,4,suj§
11,stupidement,9,stypid°m@
10,sulfurique,8,sylfyRik
11,tachycardie,9,takikaRdi
7,taulard,5,tolaR
11,trente-deux,6,tR@td2
6,truffe,4,tRyf
6,truqué,5,tRyke
6,voiler,5,vwale
6,zyklon,5,zikl§
6,éclore,5,eklOR
6,acquis,3,aki
7,alliage,5,aljaZ
5,amène,4,amEn
3,ara,3,aRa
9,autoradio,8,otoRadjo
9,baisemain,6,bEz°m5
6,blabla,6,blabla
9,buanderie,7,b8@d°Ri
5,caddy,4,kadi
11,charcuterie,9,SaRkyt°Ri
7,chiasse,4,Sjas
6,chiffe,3,Sif
11,coefficient,8,koefisj@
5,cogne,3,kON
8,colossal,7,kolosal
6,coupée,4,kupe
4,coït,4,koit
11,crématorium,11,kRematORjOm
7,dansant,4,d@s@
8,décamper,6,dek@pe
9,décoction,8,dekOksj§
10,décomposer,8,dek§poze
7,déloyal,8,delwajal
10,désinvolte,8,dez5vOlt
8,effarant,5,efaR@
8,embaumer,5,@bome
7,emblème,5,@blEm
9,entonnoir,7,@tonwaR
8,espiègle,7,EspjEgl
8,exaltant,7,Egzalt@
5,exclu,6,Ekskly
7,exhumer,6,Egzyme
9,forcement,7,fORs°m@
8,fouillis,4,fuji
9,frimousse,6,fRimus
4,gaze,3,gaz
7,girofle,6,ZiROfl
5,goret,4,goRE
9,illusoire,7,ilyzwaR
9,impartial,8,5paRsjal
13,irrécupérable,11,iRekypeRabl
8,jouvence,5,Zuv@s
7,jusqu'à,5,Zyska
5,levée,4,l°ve
7,litière,6,litjER
10,loyalement,9,lwajal°m@
8,lynchage,5,l5SaZ
12,manipulateur,11,manipylat9R
7,missive,5,misiv
9,monétaire,7,monetER
5,morne,4,mORn
6,mouise,4,mwiz
6,mousse,3,mus
5,mâche,3,maS
7,nirvana,7,niRvana
7,oblique,5,oblik
7,pensant,4,p@s@
10,persuasion,9,pERs8azj§
8,plaintif,6,pl5tif
7,plastic,7,plastik
6,poster,5,pOste
8,posthume,6,pOstym
9,proclamer,8,pRoklame
12,progressiste,10,pRogResist
5,prose,4,pRoz
7,raccord,5,RakOR
6,rafler,5,Rafle
5,renne,3,REn
7,retardé,7,R°taRde
10,ribambelle,7,Rib@bEl
8,résonner,6,Rezone
5,sauge,3,soZ
7,septime,6,sEptim
6,shaman,5,Saman
10,solidement,8,solid°m@
4,souk,3,suk
6,syrien,5,siRj5
8,tchetnik,7,tSEtnik
11,translucide,9,tR@slysid
7,unisson,5,ynis§
8,variable,7,vaRjabl
8,éloquent,5,elok@
5,épicé,5,epise
10,angoissant,6,@gwas@
7,angélus,6,@Zelys
12,appréhension,8,apRe@sj§
10,auditorium,9,oditoRjOm
10,balistique,8,balistik
9,camoufler,7,kamufle
12,capitulation,11,kapitylasj§
12,complaisance,8,k§plEz@s
9,confident,6,k§fid@
16,contre-la-montre,11,k§tR2lam§tR
10,convoitise,8,k§vwatiz
5,curer,4,kyRe
11,dissolution,9,disolysj§
10,distorsion,9,distORsj§
10,dysenterie,8,dis@t°Ri
6,démodé,6,demode
12,déstabiliser,11,destabilize
6,embêté,5,@bEte
9,enclenché,6,@kl@Se
8,enfanter,5,@f@te
8,enivrant,6,@nivR@
12,envisageable,9,@vizaZabl
10,flamboyant,8,fl@bwaj@
5,forer,4,foRe
5,féria,5,feRja
9,garniture,8,gaRnityR
11,hypothermie,8,ipotERmi
10,incassable,7,5kasabl
11,inquisiteur,8,5kizit9R
10,interposer,8,5tERpoze
8,irritant,5,iRit@
10,irritation,8,iRitasj§
5,kraft,5,kRaft
3,lei,2,lE
7,mastard,6,mastaR
8,miserere,8,mizeReRe
8,mémorial,8,memoRjal
4,palu,4,paly
8,patriote,8,patRijOt
9,persuasif,9,pERs8azif
6,rasoir,6,RazwaR
8,refléter,7,R°flete
9,relecture,8,R°lEktyR
14,religieusement,11,R°liZj2z°m@
4,rixe,4,Riks
9,réparable,8,RepaRabl
10,simulateur,9,simylat9R
5,sténo,5,steno
8,survenir,8,syRv°niR
6,survol,6,syRvOl
7,théière,5,tejER
8,théâtral,7,teatRal
10,vadrouille,6,vadRuj
8,échalote,6,eSalOt
7,émérite,6,emeRit
11,énigmatique,9,enigmatik
11,acupuncture,9,akyp§ktyR
5,aigri,4,egRi
6,alcôve,5,alkov
14,arrière-pensée,9,aRjERp@se
8,asperger,7,aspERZe
8,bistouri,7,bistuRi
7,bobonne,5,bobOn
9,camembert,7,kam@bER
10,carbonique,8,kaRbonik
8,chaudron,5,SodR§
6,chlore,4,klOR
15,commissionnaire,10,komisjonER
11,conjoncture,8,k§Z§ktyR
12,consommateur,9,k§somat9R
10,consortium,9,k§sORsjOm
8,célimène,7,selimEn
8,dorloter,7,dORlote
10,dérangeant,6,deR@Z@
8,dérapage,7,deRapaZ
8,ennuyant,6,@n8ij@
13,entomologiste,11,@tomoloZist
7,extrait,6,EkstRE
5,farci,5,faRsi
11,folklorique,9,fOlkloRik
8,frappant,5,fRap@
5,frime,4,fRim
9,féministe,8,feminist
9,gauchiste,6,goSist
6,hameau,3,amo
9,idyllique,6,idilik
12,impatiemment,8,5pasjam@
7,irriter,5,iRite
13,irrépressible,10,iRepResibl
5,laque,3,lak
6,lascar,6,laskaR
10,mortadelle,8,mORtadEl
10,mysticisme,9,mistisizm
6,neural,5,n2Ral
15,neurochirurgien,12,n2RoSiRyRZj5
14,nitroglycérine,13,nitRogliseRin
7,onguent,3,§g@
6,ouille,2,uj
9,piédestal,9,pjedEstal
7,popotin,6,popot5
16,post-traumatique,12,pOsttRomatik
11,prohibition,9,pRoibisj§
13,psychédélique,10,psikedelik
12,radiographie,10,RadjogRafi
6,rafale,5,Rafal
7,raviver,6,Ravive
16,respectueusement,13,REspEkt82z°m@
6,rosser,4,Rose
8,répartie,7,RepaRti
8,sclérose,7,skleRoz
8,snobisme,7,snobizm
4,soft,4,sOft
7,sortant,5,sORt@
3,spa,3,spa
12,spiritualité,12,spiRit8alite
3,tag,3,tag
8,tchatche,5,tSatS
8,terminal,8,tERminal
11,utilisateur,10,ytilizat9R
10,vindicatif,9,v5dikatif
14,violoncelliste,11,vjol§selist
6,vérole,5,veROl
6,yakuza,6,jakuza
10,ébullition,8,ebylisj§
7,écolier,6,ekolje
6,équité,5,ekite
6,ériger,5,eRiZe
11,analphabète,9,analfabEt
7,annales,4,anal
13,anthropologie,10,@tRopoloZi
6,astral,6,astRal
7,baryton,6,baRit§
5,boche,3,bOS
9,bosniaque,7,bOsnjak
8,brocante,6,bRok@t
7,bâtisse,5,batis
8,carotide,7,kaRotid
5,civet,4,sivE
11,climatiseur,10,klimatiz9R
6,coloré,6,koloRe
8,combatif,7,k§batif
10,contondant,6,k§t§d@
6,cornée,5,kORne
5,credo,5,kRedo
4,cône,3,kon
7,discuté,7,diskyte
6,drogué,5,dRoge
9,déboucher,6,debuSe
4,déni,4,deni
7,enjôler,5,@Zole
11,entourloupe,7,@tuRlup
11,extradition,11,EkstRadisj§
9,fanatique,7,fanatik
9,flatterie,7,flat°Ri
8,fourreau,4,fuRo
6,gourde,4,guRd
10,gratifiant,8,gRatifj@
15,impressionnable,11,5pResjonabl
7,lucarne,6,lykaRn
7,menotte,5,m°nOt
4,menu,4,m°ny
4,meuh,2,m2
5,mixer,5,mikse
12,montgolfière,9,m§gOlfjER
5,nôtre,4,notR
8,omission,6,omisj§
7,orgelet,6,ORZ°lE
6,orient,4,oRj@
8,panthéon,5,p@te§
6,pilori,6,piloRi
7,plomber,5,pl§be
7,poterie,6,pOt°Ri
5,prépa,5,pRepa
9,pull-over,7,pylovER
5,rafle,4,Rafl
9,recevable,8,R°s°vabl
9,recyclage,8,R°siklaZ
12,remue-ménage,9,R°mymenaZ
9,sermonner,7,sERmone
6,smiley,6,smajli
15,spirituellement,12,spiRit8El°m@
5,tabou,4,tabu
7,torpeur,6,tORp9R
12,trente-trois,8,tR@ttRwa
8,troufion,6,tRufj§
10,tumultueux,8,tymylt82
7,tzigane,6,tsigan
10,vagabonder,8,vagab§de
7,veuvage,5,v9vaZ
10,végétation,9,veZetasj§
3,zip,3,zip
6,écrasé,6,ekRaze
5,admis,4,admi
11,appétissant,7,apetis@
9,artisanat,8,aRtizana
8,banalité,8,banalite
9,betterave,7,bEt°Rav
9,blondasse,6,bl§das
9,broutille,6,bRutij
4,bâti,4,bati
5,caler,4,kale
6,cancre,4,k@kR
7,caramba,6,kaR@ba
12,catholicisme,10,katolisizm
7,chanvre,4,S@vR
10,chevalerie,8,S°val°Ri
3,cil,3,sil
6,concis,4,k§si
11,concubinage,9,k§kybinaZ
12,condensateur,9,k§d@sat9R
6,coquet,4,kokE
10,coquillage,7,kokijaZ
5,creek,4,kRik
8,cuirasse,6,k8iRas
9,débloquer,7,debloke
8,débutant,6,debyt@
6,fieffé,5,fjefe
8,flexible,8,flEksibl
4,frac,4,fRak
13,fragmentation,11,fRagm@tasj§
8,géranium,8,ZeRanjOm
9,honoraire,6,onoRER
7,hourrah,3,uRa
6,hutter,4,yt9R
12,incalculable,10,5kalkylabl
11,incohérence,7,5koeR@s
7,ineptie,6,inEpsi
15,infranchissable,10,5fR@Sisabl
9,intermède,7,5tERmEd
7,latéral,7,lateRal
6,limier,5,limje
4,mayo,4,majo
7,moiteur,6,mwat9R
5,média,5,medja
7,observé,7,opsERve
7,olivier,6,olivje
4,ouïr,3,wiR
8,partance,6,paRt@s
12,pertinemment,9,pERtinam@
15,petit-bourgeois,10,p°tibuRZwa
10,phénoménal,9,fenomenal
5,piqué,4,pike
14,portrait-robot,10,pORtRERobo
4,pouf,3,puf
10,prostituer,9,pROstit8e
6,pépite,5,pepit
5,recel,5,R°sEl
9,ressasser,6,R°sase
6,râteau,4,Rato
6,régent,4,ReZ@
12,sauf-conduit,8,sofk§d8i
7,scrotum,7,skRotOm
7,siamois,6,sjamwa
11,soulèvement,8,sulEv°m@
10,sourd-muet,6,suRm8E
8,spéculer,7,spekyle
6,tresse,4,tREs
6,vacher,4,vaSe
8,variante,6,vaRj@t
8,violette,6,vjolEt
6,voirie,5,vwaRi
13,vulnérabilité,13,vylneRabilite
7,échelon,5,eS°l§
10,écoulement,7,ekul°m@
4,afin,3,af5
6,allant,3,al@
8,arrivage,6,aRivaZ
10,australien,8,ostRalj5
3,ban,2,b@
5,bayou,4,baju
8,blizzard,6,blizaR
9,chaotique,6,kaotik
11,chiffonnier,7,Sifonje
6,cibler,5,sible
10,clignotant,7,kliNot@
9,compresse,6,k§pREs
11,contrariant,8,k§tRaRj@
8,corniche,6,kORniS
9,dialoguer,7,djaloge
7,débâcle,6,debakl
6,dégagé,6,degaZe
9,dégonfler,7,deg§fle
10,entrejambe,7,@tR°Z@b
8,excédent,6,Eksed@
11,exportation,11,EkspORtasj§
10,finlandais,6,f5l@dE
6,gicler,5,Zikle
9,idéaliste,8,idealist
9,ignominie,7,iNomini
7,imprévu,6,5pRevy
9,indicible,7,5disibl
10,innocenter,7,inos@te
11,interaction,9,5tERaksj§
5,latte,3,lat
3,lie,2,li
10,légitimité,10,leZitimite
9,majuscule,8,maZyskyl
6,martyr,6,maRtiR
5,miens,3,mj5
8,molécule,7,molekyl
8,mouchard,5,muSaR
7,moucher,4,muSe
4,moue,2,mu
6,pister,5,piste
7,planqué,5,pl@ke
8,poucette,5,pusEt
9,pédagogue,7,pedagOg
13,radiophonique,10,Radjofonik
7,rancart,5,R@kaR
7,repenti,6,R°p@ti
6,rotary,6,RotaRi
5,roulé,4,Rule
10,sabbatique,7,sabatik
9,sacerdoce,8,sasERdOs
7,scierie,4,siRi
15,sous-lieutenant,9,sulj2t°n@
10,stériliser,9,steRilize
10,systolique,8,sistolik
9,tortiller,7,tORtije
9,tricherie,7,tRiS°Ri
7,acolyte,6,akolit
14,approvisionner,11,apRovizjone
5,archi,4,aRSi
8,assoiffé,6,aswafe
13,belle lurette,8,bEllyREt
9,biographe,7,bjogRaf
10,black-jack,8,blakdZak
11,bruissement,8,bR8is°m@
7,buvette,5,byvEt
10,canadienne,8,kanadjEn
9,cartilage,8,kaRtilaZ
7,chamade,5,Samad
8,charisme,6,kaRizm
7,charter,6,SaRtER
6,chrome,4,kRom
8,clavecin,7,klav°s5
13,compromettant,9,k§pRomEt@
6,courre,3,kuR
6,couver,4,kuve
5,croco,5,kRoko
9,crédulité,9,kRedylite
10,cul-de-sac,6,kydsak
10,descendant,6,des@d@
10,diablement,8,djabl°m@
4,dico,4,diko
6,dispos,5,dispo
6,défait,4,defE
11,déformation,10,defORmasj§
9,dépistage,8,depistaZ
8,entraver,6,@tRave
5,farad,5,faRad
8,fausseté,5,foste
5,gaule,3,gol
7,glaçage,6,glasaZ
6,harpon,4,aRp§
8,huitième,6,8itjEm
11,immobiliser,9,imobilize
9,inversion,7,5vERsj§
9,klaxonner,8,klaksone
13,laisser-aller,7,leseale
11,liposuccion,10,liposyksj§
9,léthargie,7,letaRZi
9,magnésium,8,maNezjOm
7,musette,5,myzEt
4,pair,3,pER
7,paprika,7,papRika
10,persécuter,9,pERsekyte
12,persévérance,10,pERseveR@s
10,pessimisme,8,pesimizm
5,phono,4,fono
9,physicien,7,fizisj5
11,physiologie,9,fizjoloZi
12,productivité,12,pRodyktivite
12,ravitailleur,9,Ravitaj9R
5,ruiné,5,R8ine
7,réalisé,7,Realize
5,récif,5,Resif
8,réformer,7,RefORme
9,sauveteur,7,sov°t9R
15,sentimentalisme,12,s@tim@talizm
9,souteneur,7,sut°n9R
7,stature,6,statyR
8,stresser,6,stREse
5,sévir,5,seviR
13,transpiration,11,tR@spiRasj§
7,trognon,5,tRoN§
6,zapper,4,zape
4,émir,4,emiR
5,ampli,4,@pli
11,blanchiment,7,bl@Sim@
9,caméscope,8,kameskOp
7,caribou,6,kaRibu
7,charnel,6,SaRnEl
4,chas,2,Sa
7,crevant,5,kR°v@
7,crédule,6,kRedyl
9,délibérer,8,delibeRe
7,désarmé,7,dezaRme
5,fange,3,f@Z
5,fonte,3,f§t
7,frileux,5,fRil2
6,glande,4,gl@d
8,hasarder,6,azaRde
7,hybride,5,ibRid
9,imparfait,6,5paRfE
7,impiété,6,5pjete
10,imprenable,8,5pR2nabl
7,inactif,7,inaktif
14,minutieusement,11,minysj2z°m@
3,new,3,nju
4,pale,3,pal
5,pavot,4,pavo
12,prolongation,10,pRol§gasj§
9,prévenant,7,pREv°n@
7,putride,6,pytRid
11,péniblement,9,penibl°m@
9,remémorer,8,R°memoRe
8,rochelle,5,RoSEl
8,saligaud,6,saligo
10,solliciter,8,solisite
9,stagiaire,7,staZjER
10,strychnine,8,stRiknin
11,suppression,8,sypResj§
11,sèche-linge,6,sESl5Z
8,vivacité,8,vivasite
3,wax,4,waks
7,éliminé,7,elimine
11,évangéliste,9,ev@Zelist
7,adhésif,6,adezif
7,affecté,6,afEkte
9,agrafeuse,7,agRaf2z
5,ajout,3,aZu
6,alinéa,6,alinea
8,antilope,6,@tilOp
12,après-guerre,7,apREgER
10,arbitraire,8,aRbitRER
7,attelle,4,atEl
11,avant-scène,6,av@sEn
12,aéroglisseur,10,aeRoglis9R
7,bastide,6,bastid
3,beu,2,b2
6,cabale,5,kabal
8,cathéter,7,katetER
8,chaloupe,5,Salup
7,clameur,6,klam9R
5,clerc,4,klER
8,coléreux,6,koleR2
5,craps,4,kRap
7,dactylo,7,daktilo
15,donnant-donnant,8,don@don@
6,durcir,6,dyRsiR
11,dégradation,10,degRadasj§
8,enquérir,6,@keRiR
8,enviable,6,@vjabl
6,exiler,6,Egzile
7,faiblir,6,febliR
7,filière,6,filjER
10,frissonner,7,fRisone
8,gisement,6,Ziz°m@
8,géologue,6,ZeolOg
5,haché,3,aSe
6,hermès,5,ERmEz
7,immoler,5,imole
11,importation,9,5pORtasj§
11,inclinaison,8,5klinEz§
9,incompris,6,5k§pRi
9,infortuné,8,5fORtyne
7,inscrit,5,5skRi
7,malfrat,6,malfRa
6,mangue,3,m@g
9,marmelade,8,maRm°lad
7,mensuel,6,m@s8El
7,mousson,4,mus§
6,mycose,5,mikoz
9,méthadone,7,metadOn
10,napolitain,8,napolit5
7,nuageux,5,n8aZ2
7,obésité,7,obezite
7,parapet,6,paRapE
6,penché,4,p@Se
4,peso,4,pezo
4,posé,4,poze
11,préhistoire,9,pReistwaR
7,pupitre,6,pypitR
11,raffinement,8,Rafin°m@
10,raffinerie,8,Rafin°Ri
8,retourné,7,R°tuRne
12,rudimentaire,9,Rydim@tER
9,réchauffé,6,ReSofe
13,réglementaire,10,Regl°m@tER
5,sacre,4,sakR
4,saga,4,saga
5,salop,4,salo
8,sourdine,6,suRdin
6,soviet,6,sovjEt
6,squash,5,skwaS
7,syncope,5,s5kOp
6,tanner,4,tane
11,transpercer,9,tR@spERse
6,traque,4,tRak
12,trompettiste,9,tR§petist
7,truelle,5,tRyEl
5,tuant,3,t8@
4,vidé,4,vide
5,visée,4,vize
7,ébriété,8,ebRijete
8,émetteur,6,emet9R
12,accouplement,8,akupl°m@
9,altimètre,8,altimEtR
10,antisémite,8,@tisemit
11,apostolique,9,apostolik
9,attendant,5,at@d@
9,batifoler,8,batifole
9,bichonner,6,biSone
9,boutonner,6,butone
7,boîtier,6,bwatje
5,bénit,4,beni
8,bénitier,7,benitje
8,chenapan,6,S°nap@
9,compulsif,8,k§pylsif
8,confesse,5,k§fEs
15,constitutionnel,13,k§stitysjonEl
12,cordialement,10,kORdjal°m@
7,cracker,6,kRakER
6,derche,4,dERS
10,dramatiser,9,dRamatize
7,embargo,6,@baRgo
10,et caetera,8,etseteRa
15,excommunication,14,Ekskomynikasj§
7,expirer,7,EkspiRe
6,fiente,4,fj@t
7,forceps,7,fORsEps
8,goupille,5,gupij
6,grappa,5,gRapa
7,grizzly,6,gRizli
9,humaniste,7,ymanist
11,impatienter,8,5pasj@te
13,improvisation,11,5pRovizasj§
13,informaticien,11,5fORmatisj5
10,instinctif,8,5st5ktif
7,jumelle,5,ZymEl
6,lambda,5,l@bda
15,lance-roquettes,8,l@sRokEt
8,littéral,7,liteRal
5,loupé,4,lupe
5,manta,4,m@ta
6,moudre,4,mudR
7,parader,6,paRade
7,parasol,7,paRasOl
13,parlementaire,10,paRl°m@tER
7,passade,5,pasad
15,perquisitionner,12,pERkizisjone
10,perversité,10,pERvERsite
11,photocopier,9,fotokopje
7,primate,6,pRimat
8,rallonge,5,Ral§Z
8,refouler,6,R°fule
9,régénérer,8,ReZeneRe
8,salpêtre,7,salpEtR
7,sangria,7,s@gRija
4,sari,4,saRi
4,saxo,5,sakso
6,sonnet,4,sonE
4,suie,3,s8i
3,ter,3,tER
5,tique,3,tik
9,tremblant,6,tR@bl@
6,typhon,4,tif§
7,valider,6,valide
8,verveine,6,vERvEn
14,économiquement,11,ekonomik°m@
6,écoper,5,ekope
8,épitaphe,6,epitaf
13,admirablement,11,admiRabl°m@
4,ailé,3,ele
8,alléluia,7,aleluja
8,alterner,7,altERne
10,anarchisme,8,anaRSizm
6,annexe,5,anEks
7,asperge,6,aspERZ
12,autoportrait,9,otopORtRE
13,belle-famille,8,bElfamij
6,bibine,5,bibin
4,blot,3,blo
9,bordereau,7,bORd°Ro
10,bouledogue,7,bul°dOg
7,casseur,5,kas9R
12,cinémathèque,9,sinematEk
6,clamer,5,klame
10,claquement,7,klak°m@
9,cohabiter,7,koabite
12,colonisation,11,kolonizasj§
9,comploter,7,k§plote
9,concluant,6,k§kly@
9,confisqué,7,k§fiske
10,coquelicot,8,kOk°liko
7,cornard,6,kORnaR
7,coulant,4,kul@
9,couleuvre,6,kul9vR
7,diplômé,7,diplome
8,défensif,7,def@sif
12,désinfection,10,dez5fEksj§
8,effronté,6,efR§te
7,enfouir,5,@fwiR
11,ensanglanté,8,@s@gl@te
7,espadon,6,Espad§
11,ex-champion,8,EksS@pj§
8,feignant,4,fEN@
7,flexion,7,flEksj§
6,frappé,5,fRape
10,grincement,7,gR5s°m@
6,groggy,5,gRogi
7,grognon,5,gRoN§
6,habité,5,abite
4,holà,3,ola
15,hospitalisation,13,Ospitalizasj§
8,hérédité,7,eRedite
10,indélébile,8,5delebil
10,inopportun,8,inopORt1
12,intimidation,10,5timidasj§
5,lagon,4,lag§
9,longévité,8,l§Zevite
11,légionnaire,8,leZjonER
6,maille,3,maj
6,menacé,6,m°nase
9,migration,8,migRasj§
9,modernité,9,modERnite
7,moulant,4,mul@
8,nautique,5,notik
6,pin-up,5,pin9p
8,pédicure,7,pedikyR
8,riesling,6,RisliG
7,roulure,5,RulyR
6,senior,6,senjOR
13,sergent-major,10,sERZ@maZOR
9,succulent,6,sykyl@
7,sursaut,5,syRso
12,syphilitique,9,sifilitik
10,tambouille,5,t@buj
11,trente-sept,7,tR@tsEt
8,trompeur,6,tR§p9R
7,voyance,6,vwaj@s
5,zelle,3,zEl
6,éclaté,6,eklate
5,évadé,5,evade
8,apaisant,5,apEz@
5,arête,4,aREt
9,assimiler,7,asimile
10,bizarrerie,8,bizaR°Ri
5,block,4,blOk
8,bordeaux,5,bORdo
9,botanique,7,botanik
7,bouille,3,buj
7,brouter,5,bRute
8,cachalot,6,kaSalo
6,calmar,6,kalmaR
4,cati,4,kati
15,catégoriquement,12,kategoRik°m@
9,ceinturon,6,s5tyR§
6,ci-gît,4,siZi
14,condescendance,9,k§des@d@s
11,contrefaçon,9,k§tR°fas§
3,dam,2,d@
12,diagnostique,10,djagnostik
10,désorienté,9,dezoRj@te
5,essor,4,esOR
8,estragon,7,EstRag§
6,festif,6,fEstif
5,flore,4,flOR
6,flâner,5,flane
12,hypertension,9,ipERt@sj§
15,indubitablement,12,5dybitabl°m@
11,ingéniosité,10,5Zenjozite
11,liquidation,9,likidasj§
4,lolo,4,lolo
7,masseur,5,mas9R
9,mea culpa,8,meakylpa
7,merguez,6,mERgEz
5,miche,3,miS
13,médecin-major,10,mEds5maZOR
8,médiéval,8,medjeval
7,méthane,5,metan
14,neurasthénique,10,n2Rastenik
8,peuplier,7,p2plije
11,piaillement,7,pjaj°m@
4,pita,4,pita
6,piteux,4,pit2
8,plantier,6,pl@tje
7,plumard,6,plymaR
5,plèbe,4,plEb
9,privation,8,pRivasj§
8,profaner,7,pRofane
6,psyché,5,psiSe
7,railler,4,Raje
7,renouer,5,R°nwe
12,reprogrammer,11,R°pRogRam9R
6,retiré,6,R°tiRe
7,risette,5,RizEt
11,réapprendre,8,ReapR@dR
11,réorganiser,10,ReORganize
11,résidentiel,10,Rezid@sjEl
8,sobriété,9,sobRijete
5,socle,4,sOkl
9,travaillé,7,tRavaje
10,travelling,8,tRav°liG
9,voiturier,8,vwatyRje
9,wagon-lit,6,vag§li
7,yiddish,5,jidiS
4,zozo,4,zozo
11,échafaudage,8,eSafodaZ
9,échiquier,6,eSikje
7,émerger,6,emERZe
10,accommoder,7,akomode
6,apeuré,5,ap9Re
6,appris,4,apRi
9,attachant,5,ataS@
10,aventureux,7,av@tyR2
11,balancement,8,bal@s°m@
8,baptiste,6,batist
7,bestial,7,bEstjal
5,bidet,4,bidE
5,bitte,3,bit
3,bob,3,bOb
9,brindille,6,bR5dij
7,brocoli,7,bRokoli
6,butter,4,byte
7,cambrer,5,k@bRe
10,casse-tête,6,kastEt
8,causette,5,kozEt
9,chiendent,5,Sj5d@
6,coccyx,6,kOksis
11,collimateur,9,kolimat9R
6,comics,5,komik
9,composeur,7,k§poz9R
9,consigner,6,k§siNe
13,consternation,11,k§stERnasj§
12,contestation,10,k§tEstasj§
11,contrecoeur,8,k§tR°k9R
10,corroborer,8,koRoboRe
9,discerner,7,disERne
8,doberman,8,dobERman
8,droitier,7,dRwatje
9,débardeur,8,debaRd9R
9,dédicacer,8,dedikase
12,délibération,11,delibeRasj§
8,déminage,7,deminaZ
12,dénonciation,10,den§sjasj§
8,emprunté,6,@pR1te
6,essaim,3,es5
6,facial,6,fasjal
7,faction,6,faksj§
12,fibrillation,10,fibRilasj§
8,folichon,6,fOliS§
6,frange,4,fR@Z
5,furet,4,fyRE
10,germanique,8,ZERmanik
7,gestapo,7,gEstapo
7,grogner,5,gRoNe
5,gruau,4,gRyo
8,guéridon,6,geRid§
7,génisse,5,Zenis
12,généalogique,10,ZenealoZik
10,hit-parade,7,itpaRad
8,hérisson,5,eRis§
11,immangeable,7,5m@Zabl
10,imposition,8,5pozisj§
11,incendiaire,7,5s@djER
8,indolore,6,5dolOR
12,intentionnel,9,5t@sjonEl
7,intégré,6,5tegRe
7,lactose,6,laktoz
7,linotte,5,linOt
10,maigrichon,7,megRiS§
11,matrimonial,11,matRimonjal
10,maçonnerie,8,masOn°Ri
4,miel,4,mjEl
7,minerve,6,minERv
6,mécène,5,mesEn
7,métrage,6,metRaZ
7,noiraud,5,nwaRo
6,nympho,4,n5fo
7,nénette,5,nenEt
10,oreillette,6,oREjEt
6,ourlet,4,uRlE
9,paralyser,8,paRalize
8,parasite,7,paRazit
5,parer,4,paRe
10,paso doble,8,pazodObl
8,percuter,7,pERkyte
2,pi,2,pi
8,placenta,7,plas5ta
5,pogne,3,pON
11,poissonnier,8,pwasonje
4,post,4,pOst
10,propulseur,9,pRopyls9R
14,psychothérapie,11,psikoteRapi
8,pâturage,7,patyRaZ
11,pédagogique,9,pedagoZik
10,rebrousser,7,R°bRuse
11,renoncement,8,R°n§s°m@
6,retenu,6,R°t°ny
9,robotique,7,Robotik
9,résonance,7,Rezon@s
9,réticence,7,Retis@s
6,rétine,5,Retin
6,sciure,4,sjyR
8,scélérat,6,seleRa
6,seigle,4,sEgl
6,serial,6,s°Rjal
9,simulacre,8,simylakR
8,softball,7,sOftbal
9,sous-chef,5,suSEf
8,spéciale,7,spesjal
9,sursauter,7,syRsote
10,tabernacle,9,tabERnakl
5,talus,4,taly
11,train-train,6,tR5tR5
9,trentième,7,tR@tjEm
6,tribut,5,tRiby
6,trotte,4,tROt
5,verge,4,vERZ
5,vichy,4,viSi
10,volcanique,8,vOlkanik
5,zeste,4,zEst
4,zélé,4,zele
9,étreindre,6,etR5dR
4,able,3,abl
6,afghan,4,afg@
14,agrandissement,10,agR@dis°m@
7,argenté,6,aRZ@te
8,assigner,5,asiNe
11,baraquement,8,baRak°m@
8,barrique,5,baRik
6,billot,4,bijo
12,cantonnement,8,k@tOn°m@
7,cavaler,6,kavale
7,censeur,5,s@s9R
9,centurion,7,s@tyRj§
8,check-up,6,tSEk9p
5,chica,4,Sika
6,cicero,6,siseRo
12,complimenter,9,k§plim@te
9,congédier,7,k§Zedje
8,corniaud,6,kORnjo
7,costumé,7,kOstyme
9,crémation,8,kRemasj§
12,documentaire,9,dokym@tER
10,démanteler,8,dem@t°le
9,déroutant,6,deRut@
10,embouchure,6,@buSyR
9,engrenage,7,@gR°naZ
6,enlevé,5,@l°ve
12,entremetteur,9,@tR°mEt9R
9,falsifier,8,falsifje
8,figurant,6,figyR@
8,flanelle,6,flanEl
4,flop,4,flOp
6,frôler,5,fRole
6,fugace,5,fygas
7,fusillé,6,fyzije
5,futal,5,fytal
6,fuyant,5,f8ij@
12,garde-manger,8,gaRdm@Ze
5,gazer,4,gaze
11,globalement,9,global°m@
10,guet-apens,6,gEtap@
7,hachoir,5,aSwaR
11,hébergement,8,ebERZ°m@
9,illisible,7,ilizibl
11,impersonnel,9,5pERsonEl
9,incidence,6,5sid@s
8,indigène,6,5diZEn
11,inépuisable,10,inep8izabl
13,irrespectueux,10,iREspEkt82
11,irrévocable,9,iRevokabl
3,lev,3,lEv
8,loufoque,5,lufOk
12,lèche-bottes,6,lESbOt
4,malt,4,malt
9,mangeable,6,m@Zabl
7,muflier,6,myflie
7,noircir,7,nwaRsiR
10,non-fumeur,7,n§fym9R
11,nourrissant,6,nuRis@
4,oral,4,oRal
9,pissenlit,6,pis@li
9,portfolio,9,pORtfoljo
6,pourim,5,puRim
10,producteur,9,pRodykt9R
6,pétrir,6,petRiR
13,qualification,11,kalifikasj§
14,quarante-trois,10,kaR@t°tRwa
8,rabâcher,6,RabaSe
11,ressouvenir,9,R°suv°niR
2,ri,2,Ri
9,romancier,7,Rom@sje
5,rumba,5,Rumba
8,saindoux,4,s5du
8,saladier,7,saladje
7,samurai,7,samuRaj
8,sodomite,7,sodomit
11,supervision,10,sypERvizj§
8,symbiose,6,s5bjoz
9,tintement,6,t5t°m@
6,toison,5,twaz§
6,toxico,7,tOksiko
6,têtard,5,tEtaR
8,vacciner,7,vaksine
11,vagabondage,9,vagab§daZ
8,vertèbre,7,vERtEbR
7,vicaire,5,vikER
6,épique,4,epik
9,accentuer,7,aks@t8e
8,accoster,6,akOste
12,accumulation,10,akymylasj§
7,aciérie,6,asjeRi
9,alpinisme,8,alpinizm
7,aplatir,7,aplatiR
8,approuvé,6,apRuve
9,bacchante,5,bak@t
9,banderole,7,b@d°ROl
11,barbouiller,7,baRbuje
8,barillet,6,baRijE
10,bartavelle,8,baRtavEl
6,branle,4,bR@l
10,cannelloni,8,kaneloni
6,cassis,4,kasi
8,chausson,4,Sos§
7,chaînon,4,SEn§
5,chine,3,Sin
15,circonscription,13,siRk§skRipsj§
12,clairvoyance,10,klERvwaj@s
5,coing,3,kw5
10,collecteur,8,kolEkt9R
5,combi,4,k§bi
10,consistant,7,k§sist@
17,contre-espionnage,12,k§tREspjonaZ
10,demi-litre,8,d°militR
12,destinataire,10,destinatER
11,déshonorant,8,dezonoR@
9,dévisager,8,devizaZe
12,efficacement,9,efikas°m@
10,encaisseur,6,@kEs9R
10,ensorceler,8,@sORs°le
8,escabeau,6,Eskabo
8,exutoire,8,EgzytwaR
7,facette,5,fasEt
8,flancher,5,fl@Se
10,fricadelle,8,fRikadEl
7,galette,5,galEt
8,goinfrer,6,gw5fRe
10,guérillero,8,geRijeRo
5,hanté,3,@te
7,holding,5,OldiG
12,illustration,10,ilystRasj§
10,immoralité,9,imoRalite
6,inerte,5,inERt
7,informe,5,5fORm
12,insémination,10,5seminasj§
5,jerez,5,xeREs
4,jeté,4,Z°te
10,langoureux,6,l@guR2
7,lisière,6,lizjER
6,léguer,4,lege
8,marxiste,8,maRksist
5,mixer,6,miks9R
7,mutiler,6,mytile
8,myrmidon,7,miRmid§
6,nichon,4,niS§
4,orée,3,oRe
9,paparazzi,9,papaRadzi
11,pentagramme,8,p5tagRam
15,prodigieusement,12,pRodiZj2z°m@
13,prononciation,11,pRon§sjasj§
6,quorum,5,koROm
9,remarcher,7,R°maRSe
8,renverse,6,R@vERs
7,revoici,7,R°vwasi
10,ronflement,7,R§fl°m@
12,régénération,11,ReZeneRasj§
9,sauternes,6,sotERn
4,self,4,sElf
10,sociopathe,8,sosjopat
12,substitution,11,sypstitysj§
12,systématique,10,sistematik
7,taulier,5,tolje
4,tome,3,tOm
10,vingt-sept,6,v5tsEt
5,volte,4,vOlt
6,xavier,6,gzavje
13,époustouflant,9,epustufl@
11,abstraction,10,apstRaksj§
7,aiguisé,5,egize
14,antiterroriste,11,@titERoRist
9,antivirus,8,@tiviRys
8,armagnac,7,aRmaNak
4,asse,2,as
10,backgammon,8,bakgamon
5,blasé,5,blaze
6,bouffi,4,bufi
13,bouillabaisse,7,bujabEs
7,briseur,6,bRiz9R
10,brouilleur,6,bRuj9R
9,chalutier,7,Salytje
11,conserverie,9,k§sERv°Ri
13,contraception,11,k§tRasEpsj§
7,copuler,6,kopyle
9,corpulent,7,kORpyl@
4,croc,3,kRo
7,destiné,7,destine
5,diapo,5,djapo
9,débourser,7,debuRse
8,dégoûter,6,degute
9,dépeindre,6,dep5dR
8,factotum,8,faktotOm
10,faussement,6,fos°m@
11,fifty-fifty,10,fiftififti
6,gastro,6,gastRo
9,graphique,6,gRafik
12,grassouillet,7,gRasujE
6,hacker,4,ak9R
10,immobilité,9,imobilite
12,incompatible,9,5k§patibl
7,indécis,5,5desi
11,inflammable,8,5flamabl
10,inhibition,8,inibisj§
10,intestinal,9,5tEstinal
4,lala,4,lala
10,luminosité,10,lyminozite
4,luné,4,lyne
4,mamy,4,mami
10,millénaire,7,milenER
7,mocheté,6,mOS°te
7,mousser,4,muse
12,mythologique,9,mitoloZik
6,méduse,5,medyz
9,particule,8,paRtikyl
10,paysagiste,9,peizaZist
7,piquant,4,pik@
7,planeur,6,plan9R
10,platonique,8,platonik
10,prolétaire,8,pRoletER
10,prospecter,9,pROspEkte
11,prédicateur,10,pRedikat9R
6,quidam,6,k8idam
6,racial,6,Rasjal
9,recracher,7,R°kRaSe
6,remake,5,RimEk
9,remballer,6,R@bale
10,requinquer,6,R°k5ke
5,ripou,4,Ripu
7,running,5,RyniG
5,rural,5,RyRal
10,révélateur,9,Revelat9R
8,saboteur,7,sabot9R
9,sacrilège,8,sakRilEZ
7,sauteur,5,sot9R
10,secourable,8,s°kuRabl
4,silo,4,silo
10,spécialisé,10,spesjalize
6,suceur,5,sys9R
5,surin,4,syR5
8,tringler,6,tR5gle
6,turban,5,tyRb@
6,varier,5,vaRje
6,verrue,4,veRy
9,véridique,7,veRidik
8,écarlate,7,ekaRlat
8,accabler,6,akable
3,aga,3,aga
7,alambic,6,al@bik
10,athlétique,7,atletik
12,avant-guerre,6,av@gER
6,aviser,5,avize
8,banquise,5,b@kiz
7,barmaid,6,baRmEd
8,boniment,6,bonim@
8,broncher,5,bR§Se
8,brushing,6,bR9SiG
13,collectionner,10,kolEksjone
10,coloration,9,koloRasj§
9,consensus,7,k§s5sys
7,couguar,5,kugaR
7,déclaré,7,deklaRe
6,dédain,4,ded5
8,désolant,6,dezol@
11,embaumement,7,@bom°m@
12,empoisonneur,9,@pwazon9R
6,enfler,4,@fle
8,entasser,5,@tase
10,envelopper,7,@v°lope
10,faiblement,7,fEbl°m@
10,faire-part,6,fERpaR
3,far,3,faR
5,faxer,5,fakse
10,feuilleter,6,f9j°te
7,fifille,5,fifij
6,fouler,4,fule
7,frigide,6,fRiZid
3,fui,3,f8i
9,graisseux,5,gREs2
10,grognement,7,gRON°m@
12,hypothétique,8,ipotetik
5,hâtif,4,atif
9,incessant,5,5ses@
15,incompréhension,10,5k§pRe@sj§
12,indétectable,10,5detEktabl
7,inexact,8,inEgzakt
8,invétéré,7,5veteRe
6,inédit,5,inedi
6,jaguar,6,ZagwaR
5,lente,3,l@t
8,levrette,6,l°vREt
4,loch,3,lOk
7,manette,5,manEt
8,marquage,6,maRkaZ
13,mathématicien,11,matematisj5
12,matérialiste,11,mateRjalist
6,meublé,5,m9ble
9,mitraille,6,mitRaj
4,muer,3,m8e
9,notoriété,9,notoRjete
5,oscar,5,OskaR
6,pagaie,4,pagE
9,paradoxal,10,paRadOksal
7,pavaner,6,pavane
8,pedigree,7,pedigRe
9,pervertir,9,pERvERtiR
7,pirogue,5,piROg
3,pis,2,pi
4,ploc,4,plOk
7,polluer,5,pol8e
16,porte-cigarettes,11,pORtsigaREt
6,quérir,5,keRiR
7,rappeur,5,Rap9R
5,rogue,3,ROg
10,référendum,9,RefeR5dOm
13,répréhensible,10,RepRe@sibl
6,scribe,5,skRib
5,senti,4,s@ti
8,solidité,8,solidite
15,sous-secrétaire,10,sus°kRetER
6,stoker,6,stok9R
9,subjectif,9,sybZEktif
7,surfeur,6,s9Rf9R
10,suspicieux,8,syspisj2
7,syllabe,5,silab
8,syndical,7,s5dikal
6,tardif,6,taRdif
8,temporal,7,t@poRal
5,toque,3,tOk
10,tourniquet,7,tuRnikE
13,tranquilliser,9,tR@kilize
4,vive,3,viv
6,vrille,4,vRij
4,yéti,4,jeti
11,éblouissant,7,ebluis@
3,écu,3,eky
8,étendard,6,et@daR
6,étendu,5,et@dy
9,éterniser,8,etERnize
11,éternuement,8,etERnym@
4,aine,2,En
8,arpenter,6,aRp@te
13,arrière-train,8,aRjERtR5
8,arythmie,6,aRitmi
8,aspirant,6,aspiR@
9,austérité,8,osteRite
6,averti,6,avERti
7,boycott,6,bOjkOt
3,bug,3,b9g
7,bégayer,6,begeje
6,cadrer,5,kadRe
6,cageot,4,kaZo
8,chambrée,5,S@bRe
13,chronologique,10,kRonoloZik
5,couic,4,kwik
6,croupe,4,kRup
6,denier,5,d°nje
9,disséquer,6,diseke
10,distrayant,8,distREj@
11,déconnecter,9,dekonEkte
7,défonce,5,def§s
13,détérioration,12,deteRjoRasj§
6,eczéma,6,Egzema
7,envieux,4,@vj2
9,esplanade,8,Esplanad
4,game,4,gEjm
7,garenne,5,gaREn
9,grand-rue,5,gR@Ry
7,griffer,5,gRife
4,gril,4,gRil
6,grossi,5,gRosi
3,gut,3,gyt
6,harpie,4,aRpi
10,herboriste,8,ERboRist
8,impotent,5,5pot@
12,impérialisme,10,5peRjalizm
11,inexcusable,11,inEkskyzabl
10,inimitable,9,inimitabl
11,innocemment,7,inosam@
11,insatisfait,8,5satisfE
9,insertion,7,5sERsj§
13,insurmontable,10,5syRm§tabl
10,interrompu,7,5tER§py
13,intransigeant,8,5tR@ziZ@
6,intrus,4,5tRy
14,invariablement,11,5vaRjabl°m@
6,jauger,4,ZoZe
4,jute,3,Zyt
6,liasse,4,ljas
6,lycéen,5,lise5
13,malencontreux,9,mal@k§tR2
7,marelle,5,maREl
9,margarine,8,maRgaRin
6,matter,4,mate
6,maxime,6,maksim
10,miaulement,7,mjol°m@
8,moquerie,6,mOk°Ri
4,mors,3,mOR
10,mozzarella,9,modzaREla
12,métaphysique,9,metafizik
7,métèque,5,metEk
3,nec,3,nEk
5,ovule,4,ovyl
11,palefrenier,10,pal°fR°nje
7,paniqué,6,panike
7,parfumé,7,paRfyme
5,phone,3,fon
13,punching-ball,9,p9nSiGbOl
6,pécule,5,pekyl
8,quadrant,6,kwadR@
8,quiétude,6,kjetyd
8,renversé,7,R@vERse
10,réceptacle,9,ResEptakl
9,réchapper,6,ReSape
10,scrupuleux,8,skRypyl2
9,signorina,8,siNoRina
6,soccer,5,sOs9R
12,stationnaire,9,stasjonER
11,subsistance,9,sybzist@s
10,surenchère,7,syR@SER
11,trente-huit,7,tR@t8it
7,tétanos,7,tetanos
3,uni,3,yni
6,zinzin,4,z5z5
7,échappé,5,eSape
11,étouffement,6,etufm@
8,évaporer,7,evapoRe
8,a priori,8,apRijoRi
8,abattage,6,abataZ
6,adopté,6,adOpte
12,agréablement,10,agReabl°m@
9,amèrement,7,amER°m@
12,anticipation,10,@tisipasj§
9,baldaquin,7,baldak5
6,barjot,5,baRZo
7,bibelot,6,bib°lo
9,biochimie,7,bjoSimi
6,bodega,6,bod°ga
5,bridé,5,bRide
7,bâillon,4,baj§
8,canarder,7,kanaRde
6,captif,6,kaptif
8,chandail,5,S@daj
12,chatouilleux,6,Satuj2
11,chauffe-eau,4,Sofo
10,chaufferie,6,Sof°Ri
11,chloroforme,9,kloRofORm
6,cloner,5,klOne
10,commerçant,7,komERs@
11,connaisseur,7,konEs9R
3,cop,3,kOp
5,couru,4,kuRy
9,coutumier,7,kutymje
12,décompresser,9,dek§pRese
12,déconcertant,9,dek§sERt@
10,déménageur,9,demenaZ9R
12,désintéressé,10,dez5teRese
8,empathie,5,@pati
8,engeance,4,@Z@s
9,favoriser,8,favoRize
6,fretin,5,fR°t5
8,fringant,5,fR5g@
10,fétichisme,8,fetiSizm
8,genièvre,7,Z°njEvR
6,génome,5,Zenom
6,iguane,5,igwan
9,impudique,6,5pydik
12,incinérateur,10,5sineRat9R
7,jupette,5,ZypEt
6,kasher,5,kaSER
6,laissé,4,lese
4,lice,3,lis
11,malchanceux,7,malS@s2
8,malmener,7,malm°ne
3,mam,3,mam
8,mariachi,7,maRjaSi
5,mauve,3,mov
8,moussant,4,mus@
9,moustachu,7,mustaSy
12,médico-légal,11,medikolegal
5,mêlée,4,mele
7,nazisme,6,nazizm
8,noirceur,7,nwaRs9R
12,non-violence,8,n§vjol@s
4,nuls,3,nyl
10,pickpocket,8,pikpokEt
10,relaxation,10,R°laksasj§
6,roseau,4,Rozo
7,rougeur,5,RuZ9R
13,réfléchissant,9,RefleSis@
14,sous-directeur,10,sudiREkt9R
12,souveraineté,10,suv°REn°te
9,surmenage,8,syRm°naZ
11,survêtement,9,syRvEt°m@
8,tantouse,5,t@tuz
10,tchétchène,7,tSetSEn
13,vestimentaire,10,vEstim@tER
5,zarbi,5,zaRbi
6,zénith,5,zenit
5,éclos,4,eklo
8,élaborer,7,elaboRe
8,ajusteur,7,aZyst9R
14,anéantissement,10,ane@tis°m@
7,berline,6,bERlin
5,boxer,6,bOksER
7,briefer,5,bRife
14,camion-citerne,11,kamj§sitERn
9,captivant,7,kaptiv@
10,cataclysme,9,kataklizm
8,cloutier,6,klutje
5,codex,6,kodEks
6,coiffe,4,kwaf
7,compact,6,k§pakt
7,composé,6,k§poze
7,crotale,6,kRotal
8,cylindre,6,sil5dR
11,débordement,9,debORd°m@
8,déformer,7,defORme
7,dénouer,5,denwe
9,effleurer,6,efl9Re
11,embarcation,9,@baRkasj§
7,escient,4,esj@
10,férocement,8,feROs°m@
6,glaner,5,glane
9,guirlande,6,giRl@d
9,inaugurer,7,inogyRe
9,inculquer,6,5kylke
11,insomniaque,8,5sOmnjak
6,jusque,4,Zysk
3,kip,3,kip
3,kir,3,kiR
6,livide,5,livid
5,madre,4,madR
6,menuet,5,m°n8E
13,microscopique,11,mikRoskopik
12,missionnaire,8,misjonER
10,monumental,9,monym@tal
9,muselière,8,myz°ljER
3,néo,3,neo
7,patelin,6,pat°l5
7,pennies,4,pEni
7,pioncer,5,pj§se
7,proteus,7,pROteys
5,pulpe,4,pylp
7,pécheur,5,peS9R
7,raideur,5,REd9R
7,relance,5,R°l@s
11,récidiviste,10,Residivist
9,salissant,6,salis@
14,saperlipopette,12,sapERlipopEt
10,savonnette,7,savonEt
11,scepticisme,9,sEptisizm
7,scrutin,6,skRyt5
12,stratosphère,10,stRatosfER
8,teigneux,4,tEN2
7,textile,7,tEkstil
10,transistor,9,tR@zistOR
8,tréfonds,5,tRef§
12,téléobjectif,12,teleobZEktif
8,zakouski,7,zakuski
12,échauffement,6,eSofm@
6,écoulé,5,ekule
14,épanouissement,10,epanwis°m@
14,étourdissement,10,etuRdis°m@
14,évanouissement,10,evanwis°m@
8,abstrait,6,apstRE
14,accompagnement,9,ak§paN°m@
5,adage,4,adaZ
9,amerloque,7,amERlOk
6,amoral,6,amoRal
5,apéro,5,apeRo
9,archétype,7,aRketip
4,ardu,4,aRdy
10,argumenter,8,aRgym@te
8,arrimage,6,aRimaZ
10,balustrade,9,balystRad
14,blasphématoire,12,blasfematwaR
4,bull,3,byl
14,bureaucratique,10,byRokRatik
7,burette,5,byREt
5,carry,4,kaRi
4,cata,4,kata
11,cha-cha-cha,9,tSatSatSa
7,chamois,5,Samwa
9,chercheur,6,SERS9R
10,complainte,6,k§pl5t
5,condo,4,k§do
10,confection,8,k§fEksj§
11,coquetterie,8,kokEt°Ri
14,courageusement,10,kuRaZ2z°m@
7,courber,5,kuRbe
14,croque-mitaine,9,kROkmitEn
6,damner,4,dane
9,disculper,8,diskylpe
10,dissection,8,diseksj§
9,décoincer,7,dekw5se
11,décontracté,10,dek§tRakte
14,déshydratation,12,dezidRatasj§
8,déverser,7,devERse
11,exagération,11,EgzaZeRasj§
8,finition,7,finisj§
6,fleuri,5,fl9Ri
8,furoncle,6,fyR§kl
6,gospel,6,gospEl
14,gravitationnel,13,gRavitasjonEl
13,grossièrement,10,gRosjER°m@
14,hermétiquement,10,ERmetik°m@
11,honorifique,8,onoRifik
17,incontestablement,13,5k§tEstabl°m@
10,infrarouge,7,5fRaRuZ
10,intimidant,7,5timid@
11,irrationnel,9,iRasjonEl
11,irrecevable,9,iR2s°vabl
12,irrespirable,10,iREspiRabl
7,jésuite,6,Zez8it
7,lambeau,4,l@bo
6,longer,4,l§Ze
6,maboul,5,mabul
12,maltraitance,9,maltREt@s
6,messie,4,mesi
13,mort-aux-rats,6,mORoRa
7,netteté,5,nEtte
5,orque,3,ORk
11,par mégarde,9,paRmegaRd
15,parapsychologie,13,paRapsikoloZi
11,parlementer,9,paRl°m@te
5,pesée,4,p°ze
7,piqueur,5,pik9R
5,pivot,4,pivo
7,poireau,5,pwaRo
5,potin,4,pot5
7,rejeton,5,R°Zt§
8,relaxant,7,R°laks@
7,reliure,6,R°ljyR
6,report,5,R°pOR
8,retouche,5,R°tuS
11,rugissement,8,RyZis°m@
5,ruser,4,Ryze
10,réalisable,9,Realizabl
10,réparateur,9,RepaRat9R
7,saillie,4,saji
9,soupirant,6,supiR@
8,statique,6,statik
11,statistique,9,statistik
10,sérotonine,9,seRotonin
8,tonnelle,5,tonEl
11,toxicologie,11,tOksikoloZi
8,tricheur,6,tRiS9R
6,trombe,4,tR§b
9,turbulent,7,tyRbyl@
5,turco,5,tyRko
13,ventriculaire,10,v@tRikylER
5,verso,5,vERso
8,vertical,8,vERtikal
9,écorchure,7,ekORSyR
7,élancer,5,el@se
9,éprouvant,6,epRuv@
4,étau,3,eto
12,étranglement,9,etR@gl°m@
11,acharnement,8,aSaRn°m@
12,acquittement,7,akit°m@
8,affinité,7,afinite
7,affligé,6,afliZe
8,allaiter,5,alete
5,apnée,4,apne
8,armurier,7,aRmyRje
9,aventurer,7,av@tyRe
6,bistro,6,bistRo
10,bordélique,8,bORdelik
5,boxon,5,bOks§
9,breakfast,8,bREkf9st
10,brouillage,6,bRujaZ
8,carliste,7,kaRlist
8,catcheur,6,katS9R
9,charcuter,7,SaRkyte
8,chienlit,5,Sj@li
9,chiffonné,6,Sifone
11,concertiste,9,k§sERtist
9,concilier,7,k§silje
9,conformer,7,k§fORme
10,connivence,7,koniv@s
11,couci-couça,8,kusikusa
9,crevaison,7,kR°vEz§
11,crucifixion,11,kRysifiksj§
7,culasse,5,kylas
9,cure-dent,5,kyRd@
10,didactique,8,didaktik
4,drag,4,dRag
8,décadent,6,dekad@
11,désespérant,9,dezEspeR@
10,ectoplasme,9,Ektoplasm
7,embryon,6,@bRij§
12,ex-président,10,EkspRezid@
7,farceur,6,faRs9R
8,fauvette,5,fovEt
8,goélette,6,goelEt
8,guetteur,5,gEt9R
11,hypnotiseur,9,ipnotiz9R
11,hématocrite,9,ematokRit
12,hétérosexuel,12,eteRoseks8El
9,imbuvable,7,5byvabl
10,impalpable,8,5palpabl
8,infinité,7,5finite
7,influer,5,5flye
14,infrastructure,12,5fRastRyktyR
8,inhabité,7,inabite
10,inhalation,8,inalasj§
9,joignable,7,ZwaNabl
9,laborieux,7,laboRj2
6,loquet,4,lokE
8,margrave,7,maRgRav
5,moose,3,muz
10,méthodique,7,metodik
5,nasal,5,nazal
7,onéreux,5,oneR2
11,panoramique,9,panoRamik
4,paon,2,p@
9,plaidoyer,8,plEdwaje
7,pontage,5,p§taZ
12,proclamation,11,pRoklamasj§
6,pulque,4,pylk
8,pénalité,8,penalite
5,pêche,3,pES
7,revêtir,7,R°vetiR
11,rétribution,10,RetRibysj§
9,révoltant,7,RevOlt@
6,révolu,6,Revoly
8,scarabée,7,skaRabe
6,siéger,5,sjeZe
8,soudoyer,7,sudwaje
8,staroste,7,staROst
10,striptease,8,stRiptiz
6,synthé,4,s5te
6,tandem,5,t@dEm
6,teinte,3,t5t
7,timbale,5,t5bal
5,tissu,4,tisy
4,toge,3,tOZ
11,translation,9,tR@slasj§
11,télékinésie,10,telekinezi
11,vaillamment,6,vajam@
8,vicelard,7,vis°laR
13,virtuellement,10,viRt8El°m@
11,volontariat,9,vol§taRja
8,à tâtons,5,atat§
6,écarté,6,ekaRte
10,émigration,9,emigRasj§
7,acharné,6,aSaRne
6,achevé,5,aS°ve
7,aguerri,5,agERi
10,altération,9,alteRasj§
9,assesseur,6,ases9R
7,attardé,6,ataRde
12,bannissement,8,banis°m@
9,bravement,7,bRav°m@
9,caucasien,7,kokazj5
9,certifier,8,sERtifje
9,chantilly,6,S@tiji
8,chicorée,6,SikoRe
8,ci-joint,5,siZw5
7,cloaque,5,kloak
12,constructeur,10,k§stRykt9R
14,contre-courant,9,k§tR°kuR@
6,courbé,5,kuRbe
7,crapule,6,kRapyl
7,croûton,5,kRut§
10,discutable,9,diskytabl
8,dragueur,6,dRag9R
5,déchu,4,deSy
11,fantaisiste,8,f@tezist
7,flambée,5,fl@be
9,focaliser,8,fokalize
9,fournaise,6,fuRnEz
6,frelon,5,fR°l§
9,godemiché,8,god°miSe
9,gondolier,7,g§dolje
7,grincer,5,gR5se
4,haha,2,aa
15,incompatibilité,13,5k§patibilite
5,infra,4,5fRa
11,lotissement,8,lotis°m@
7,mafieux,5,mafj2
6,medium,6,medjOm
10,mitrailler,7,mitRaje
9,monogamie,8,monogami
6,neiger,4,neZe
17,occasionnellement,12,okazjonEl°m@
8,oisiveté,8,waziv°te
9,palissade,7,palisad
12,paradisiaque,10,paRadizjak
14,philharmonique,10,filaRmonik
10,plateforme,9,plat°fORm
17,porte-jarretelles,12,pORt°ZaR°tEl
9,pourpoint,6,puRpw5
11,propagation,10,pRopagasj§
5,pubis,5,pybis
9,péripétie,8,peRipesi
7,radoter,6,Radote
9,regrouper,7,R°gRupe
4,ruer,3,R8e
7,réglage,6,ReglaZ
16,semi-automatique,12,s°miotomatik
9,sodomiser,8,sodomize
11,soporifique,9,sopoRifik
8,springer,8,spRing9R
8,toboggan,6,tobog@
12,trois-quarts,7,tRwakaR
10,tyrannique,7,tiRanik
10,usurpation,9,yzyRpasj§
11,vinaigrette,8,vinEgREt
4,yoyo,4,jojo
12,éclaboussure,9,eklabusyR
10,écosystème,9,ekosistEm
10,équivalent,7,ekival@
6,étoilé,6,etwale
8,aberrant,5,abER@
10,absorption,9,apsORpsj§
10,alcoolémie,8,alkolemi
6,amarre,4,amaR
13,aphrodisiaque,10,afRodizjak
10,apolitique,8,apolitik
9,auditoire,7,oditwaR
10,auto-école,7,otoekOl
8,bas-côté,6,bakote
7,bouleau,4,bulo
9,béatitude,8,beatityd
7,cadrage,6,kadRaZ
8,canasson,6,kanas§
9,capituler,8,kapityle
10,chambouler,6,S@bule
6,chapon,4,Sap§
9,charpente,6,SaRp@t
12,chasse-neige,6,SasnEZ
6,chipie,4,Sipi
6,chiqué,4,Sike
8,colloque,5,kolOk
6,comblé,5,k§ble
9,convoyeur,8,k§vwaj9R
8,coquette,5,kokEt
8,corsaire,6,kORsER
6,crénom,5,kRen§
2,dc,4,dese
9,diagramme,7,djagRam
4,diem,4,djEm
8,digestif,8,diZEstif
6,doudou,4,dudu
8,dressage,6,dREsaZ
9,débandade,7,deb@dad
10,débriefing,8,debRifiG
8,décliner,7,dekline
9,défaillir,7,defajiR
8,défiance,6,defj@s
7,dévasté,7,devaste
15,encéphalogramme,11,@sefalogRam
8,faubourg,5,fobuR
7,flasque,5,flask
7,fléchir,6,fleSiR
8,fourrage,5,fuRaZ
4,gaga,4,gaga
11,gastronomie,10,gastRonomi
6,gaufre,4,gofR
10,gesticuler,9,ZEstikyle
7,golfeur,6,gOlf9R
11,géométrique,9,ZeometRik
10,habilement,7,abil°m@
6,hammam,4,amam
10,hippocampe,6,ipok@p
11,homéopathie,8,omeopati
12,honteusement,7,§t2z°m@
3,ici,3,isi
12,inadvertance,10,inadvERt@s
11,incrédulité,10,5kRedylite
16,intercontinental,13,5tERk§tin@tal
7,isoloir,7,izolwaR
4,jugé,4,ZyZe
7,lassant,4,las@
7,loquace,5,lokas
5,lotus,5,lotys
7,lyncher,4,l5Se
6,malais,4,malE
12,malnutrition,11,malnytRisj§
7,mazurka,7,mazyRka
5,miner,4,mine
5,minot,4,mino
9,monticule,7,m§tikyl
7,mouvoir,6,muvwaR
9,mégaphone,7,megafOn
11,mésaventure,9,mezav@tyR
5,nacre,4,nakR
19,national-socialisme,17,nasjonalsosjalizm
9,noblement,7,nObl°m@
4,pacs,4,paks
8,parfaire,6,paRfER
4,past,4,past
9,pathogène,7,patoZEn
7,payable,6,pEjabl
6,pensif,5,p@sif
8,phalange,5,fal@Z
6,pinède,5,pinEd
8,play-boy,6,plEbOj
5,prolo,5,pRolo
9,prévoyant,8,pRevwaj@
8,prêcheur,6,pRES9R
10,pédophilie,8,pedofili
9,resservir,8,R°sERviR
7,royauté,7,Rwajote
8,septique,6,sEptik
9,sillonner,6,sijone
7,sinueux,5,sin82
10,substituer,9,sypstit8e
6,tisser,4,tise
8,tournant,5,tuRn@
7,tournis,5,tuRni
12,tragiquement,9,tRaZik°m@
8,véracité,8,veRasite
7,évincer,5,ev5se
8,accourir,6,akuRiR
11,ambulancier,8,@byl@sje
10,antipathie,7,@tipati
13,assourdissant,8,asuRdis@
9,ausculter,7,oskylte
10,basse-cour,6,baskuR
10,bienséance,7,bj5se@s
8,biliaire,6,biljER
9,buraliste,8,byRalist
4,bure,3,byR
5,burin,4,byR5
8,cardinal,8,kaRdinal
6,cerise,5,s°Riz
13,chiropracteur,11,kiRopRakt9R
12,choux-fleurs,6,Sufl9R
6,cintre,4,s5tR
4,cité,4,site
14,classification,12,klasifikasj§
4,colt,4,kOlt
7,criquet,5,kRikE
7,crottin,5,kRot5
6,créole,5,kReOl
5,cucul,4,kyky
10,cueillette,5,k9jEt
8,culbuter,7,kylbyte
17,dysfonctionnement,13,disf§ksjOn°m@
10,défaitiste,8,defetist
14,défibrillateur,12,defibRilat9R
8,défiguré,8,defigyRe
6,défini,6,defini
9,dépanneur,7,depan9R
9,détriment,7,detRim@
7,entouré,5,@tuRe
9,exorciste,9,EgzORsist
15,expressionniste,13,EkspREsjonist
4,flag,4,flag
8,foufoune,5,fufun
8,glissade,6,glisad
4,gore,3,gOR
7,griffon,5,gRif§
9,guimbarde,6,g5baRd
7,géhenne,4,ZeEn
12,hiérarchique,8,jeRaRSik
9,homophobe,6,omofOb
3,hon,1,§
7,hormone,5,ORmOn
11,hypothéquer,7,ipoteke
10,hôtellerie,7,otEl°Ri
10,incriminer,8,5kRimine
13,individualité,12,5divid8alite
13,intermittence,9,5tERmit@s
13,intégralement,10,5tegRal°m@
16,involontairement,11,5vol§tER°m@
9,israélite,8,isRaelit
14,journalistique,11,ZuRnalistik
4,laps,4,laps
6,lardon,5,laRd§
6,litige,5,litiZ
9,lubricité,9,lybRisite
9,majorette,7,maZoREt
10,management,8,manaZ°m@
5,mante,3,m@t
6,massue,4,masy
8,mijaurée,6,miZoRe
9,mollusque,6,molysk
6,mutant,4,myt@
9,ombilical,8,§bilikal
7,ordonné,6,ORdone
9,pantoufle,6,p@tufl
12,parachutiste,10,paRaSytist
9,pentecôte,6,p@tkot
5,perme,4,pERm
10,pertinence,8,pERtin@s
9,play-back,6,plEbak
4,pore,3,pOR
11,positionner,9,pozisjone
6,poulie,4,puli
11,promiscuité,11,pRomisk8ite
6,pubien,5,pybj5
4,puff,3,p9f
8,racolage,7,RakolaZ
12,raz-de-marée,8,Rad°maRe
9,regardant,7,R°gaRd@
9,renfermer,7,R@fERme
10,revirement,8,R°viR°m@
10,revérifier,9,R2veRifje
6,rotule,5,Rotyl
8,récidive,7,Residiv
9,réécouter,7,Reekute
11,skate-board,9,skEjtbORd
6,tacite,5,tasit
8,tracteur,7,tRakt9R
10,triumvirat,10,tRijOmviRa
15,vice-présidence,11,vispRezid@s
7,vérifié,7,veRifje
7,écaille,4,ekaj
6,acuité,6,ak8ite
8,armateur,7,aRmat9R
6,arrosé,5,aRoze
10,athlétisme,8,atletizm
9,baromètre,8,baRomEtR
5,bique,3,bik
6,boléro,6,boleRo
5,bénin,4,ben5
4,camé,4,kame
5,canin,4,kan5
9,cannibale,7,kanibal
9,cellulite,7,selylit
8,chantant,4,S@t@
10,citronnade,8,sitRonad
8,classeur,6,klas9R
4,clos,3,klo
7,cocagne,5,kokaN
8,colmater,7,kOlmate
13,confédération,11,k§fedeRasj§
11,contrepoids,8,k§tR°pwa
11,copropriété,12,kopRopRijete
13,correspondant,9,koREsp§d@
8,courroie,5,kuRwa
9,couturier,7,kutyRje
8,cravache,6,kRavaS
10,demi-tarif,9,d°mitaRif
7,dioxyde,7,djOksid
10,défaitisme,8,defetizm
11,défavorable,10,defavoRabl
10,déficience,8,defisj@s
9,défigurer,8,defigyRe
10,délectable,9,delEktabl
9,dépendant,6,dep@d@
11,dépravation,10,depRavasj§
7,dépravé,7,depRave
9,enchanter,5,@S@te
9,envoûtant,5,@vut@
11,envoûtement,7,@vut°m@
10,euphorique,6,2foRik
8,facturer,7,faktyRe
6,figuré,6,figyRe
4,fluo,4,flyo
9,franc-jeu,5,fR@Z2
6,galope,5,galOp
6,gandin,4,g@d5
9,glorifier,8,gloRifje
3,glu,3,gly
6,guilde,4,gild
13,hors-d'oeuvre,6,ORd9vR
12,hypertrophie,9,ipERtRofi
11,indésirable,9,5deziRabl
10,inflexible,9,5flEksibl
12,influençable,9,5fly@sabl
8,intégral,7,5tegRal
9,inutilité,9,inytilite
6,kirsch,4,kiRS
5,lacer,4,lase
4,lamé,4,lame
10,libertaire,8,libERtER
7,litanie,6,litani
11,maisonnette,7,mEzonEt
8,maléfice,7,malefis
4,mary,4,maRi
6,mauser,5,moz9R
9,miam-miam,8,mjammjam
9,mini-jupe,7,miniZyp
4,mise,3,miz
6,motivé,6,motive
12,médecin-chef,8,mEds5SEf
5,nocif,5,nosif
3,not,3,nOt
8,nuisible,7,n8izibl
5,ortho,4,ORto
7,palazzo,7,paladzo
8,pastille,6,pastij
5,pater,5,patER
6,petiot,5,p°tjo
8,pimenter,6,pim@te
6,pingre,4,p5gR
8,polisson,6,polis§
14,pornographique,11,pORnogRafik
9,pour-cent,5,puRs@
10,pratiquant,7,pRatik@
7,produit,6,pRod8i
5,pâtir,5,patiR
9,rallonger,6,Ral§Ze
9,ramasseur,7,Ramas9R
8,recharge,6,R°SaRZ
8,recycler,7,R°sikle
3,roi,3,Rwa
6,roulis,4,Ruli
9,roupettes,5,RupEt
9,récurrent,6,RekyR@
10,répugnance,7,RepyN@s
9,répulsion,8,Repylsj§
10,réélection,9,ReelEksj§
7,saignée,4,seNe
6,sapeur,5,sap9R
7,sapiens,5,sapj5
15,scrupuleusement,12,skRypyl2z°m@
5,sigle,4,sigl
8,sismique,6,sismik
8,soigneux,5,swaN2
10,subversion,9,sybvERsj§
6,summum,5,s9mOm
9,supérette,7,sypeREt
8,surnommé,7,syRnome
9,thrombose,6,tR§boz
11,tomographie,9,tomogRafi
9,tracasser,7,tRakase
13,transgression,10,tR@sgREsj§
11,traumatique,8,tRomatik
7,troquer,5,tRoke
10,turbulence,8,tyRbyl@s
5,turne,4,tyRn
7,unifier,6,ynifje
7,vareuse,5,vaR2z
7,vibrant,5,vibR@
9,visionner,7,vizjone
6,vorace,5,voRas
5,vénus,5,venys
6,yourte,4,juRt
7,zizanie,6,zizani
5,émail,4,emaj
14,émerveillement,10,emERvEj°m@
6,énième,5,EnjEm
7,étourdi,6,etuRdi
10,accrocheur,7,akRoS9R
9,acheminer,7,aS°mine
10,affranchir,7,afR@SiR
10,amputation,8,@pytasj§
12,arrière-goût,7,aRjERgu
9,baby-foot,7,babifut
7,balafre,6,balafR
10,bourrasque,6,buRask
10,boutonneux,6,buton2
7,braille,4,bRaj
11,brancardier,9,bR@kaRdje
10,budgétaire,8,bydZetER
10,cantatrice,8,k@tatRis
6,chichi,4,SiSi
8,clôturer,7,klotyRe
6,cobalt,6,kobalt
9,concourir,7,k§kuRiR
9,continuum,8,k§tin8Om
7,culotté,6,kylote
5,cuvée,4,kyve
10,damoiselle,8,damwazEl
7,déformé,7,defORme
9,dépuceler,8,depys°le
10,dérivation,9,deRivasj§
6,dûment,4,dym@
11,emportement,8,@pORt°m@
9,engrosser,6,@gRose
7,envolée,5,@vole
6,exalté,7,Egzalte
12,exaspération,12,EgzaspeRasj§
7,fortuit,6,fORt8i
12,frémissement,9,fRemis°m@
5,gaîté,4,gete
5,germe,4,ZERm
5,gnole,3,Nol
6,guindé,4,g5de
5,guppy,4,gypi
11,habillement,7,abij°m@
5,honni,3,oni
12,identifiable,10,id@tifjabl
6,ignare,4,iNaR
10,illégalité,9,ilegalite
12,immortaliser,10,imORtalize
14,impérativement,11,5peRativ°m@
14,indépendamment,9,5dep@dam@
14,initialisation,13,inisjalizasj§
10,innovation,8,inovasj§
7,innover,5,inove
10,insolation,8,5solasj§
10,invocation,8,5vokasj§
3,ire,2,iR
5,kebab,5,kebab
7,leurrer,4,l9Re
4,lyre,3,liR
4,moka,4,moka
7,mélangé,6,mel@Ze
7,météore,6,meteOR
5,nabab,5,nabab
9,offenseur,6,of@s9R
12,poltronnerie,10,pOltROn°Ri
9,porc-épic,8,pORkepik
10,porte-voix,8,pORt°vwa
7,potiche,5,potiS
11,prophétique,8,pRofetik
9,préalable,8,pRealabl
15,psychosomatique,12,psikosomatik
9,pétillant,6,petij@
6,rebond,4,R°b§
9,recompter,6,R°k§te
10,régularité,10,RegylaRite
11,réprimander,9,RepRim@de
13,révolutionner,11,Revolysjone
8,shilling,5,SiliG
9,subtilité,9,syptilite
3,sui,3,s8i
9,supernova,9,sypERnova
7,thermes,4,tERm
8,thriller,6,tRil9R
11,trente-neuf,7,tR@tn9f
10,trente-six,7,tR@tsis
12,térébenthine,9,teReb@tin
9,vainement,6,vEn°m@
10,ventricule,8,v@tRikyl
12,vide-ordures,8,vidORdyR
14,vigoureusement,10,viguR2z°m@
8,vénéneux,6,venen2
10,yougoslave,8,jugOslav
9,élastique,7,elastik
9,évocation,8,evokasj§
6,abrupt,6,abRypt
8,aisselle,4,EsEl
9,amourette,6,amuREt
8,armature,7,aRmatyR
12,articulation,11,aRtikylasj§
3,aïd,3,aid
7,bafouer,5,bafwe
8,beuverie,6,b9v°Ri
4,bibi,4,bibi
6,biquet,4,bikE
5,bondé,4,b§de
5,boots,4,buts
7,bottine,5,botin
3,bri,3,bRi
6,bronze,4,bR§z
10,bégaiement,6,begEm@
8,cadastre,7,kadastR
7,capoter,6,kapote
10,centenaire,7,s@t°nER
13,charismatique,10,kaRismatik
12,chimiquement,8,Simik°m@
10,chou-fleur,6,Sufl9R
4,city,4,siti
11,communément,8,komynem@
8,conteste,6,k§tEst
10,corpulence,8,kORpyl@s
8,croulant,5,kRul@
7,crûment,5,kRym@
6,cursus,6,kyRsys
5,cégep,5,seZEp
9,dies irae,7,djEsiRe
10,divination,9,divinasj§
5,dixit,6,diksit
10,drolatique,8,dRolatik
9,dynamisme,8,dinamizm
8,dérouter,6,deRute
12,désobligeant,9,dezobliZ@
8,entraide,5,@tREd
6,erroné,5,ERone
8,esquisse,5,Eskis
9,ex-copine,8,Ekskopin
9,exemption,8,Egz@psj§
9,fanatisme,8,fanatizm
10,funérarium,10,fyneRaRjOm
5,gadjo,5,gadZo
5,galet,4,galE
10,garde-côte,8,gaRd°kot
8,garrigue,5,gaRig
7,gaspard,6,gaspaR
13,gracieusement,10,gRasj2z°m@
3,hom,2,Om
9,hérétique,6,eRetik
5,igloo,4,iglu
8,imagerie,7,imaZ°Ri
7,induire,5,5d8iR
13,inexpérimenté,13,inEkspeRim@te
8,infusion,6,5fyzj§
8,insipide,6,5sipid
12,irrégularité,11,iRegylaRite
7,jetable,6,Z°tabl
11,lacrymogène,10,lakRimoZEn
8,lamantin,6,lam@t5
6,lingam,6,lingam
5,lunch,5,l9ntS
7,mafioso,7,mafjozo
4,maja,4,maZa
9,mandoline,7,m@dolin
11,marchandage,8,maRS@daZ
6,mexico,7,mEksiko
6,mioche,4,mjOS
7,morbleu,6,mORbl2
13,mortification,12,mORtifikasj§
7,moutard,5,mutaR
9,ménagerie,8,menaZ°Ri
6,nigaud,4,nigo
4,nuée,3,n8e
8,opulence,6,opyl@s
8,opérette,6,opeREt
7,pardieu,6,paRdj2
8,pentacle,6,p5takl
7,pipette,5,pipEt
6,piéton,5,pjet§
8,poisseux,5,pwas2
12,poisson-chat,7,pwas§Sa
8,polarité,8,polaRite
10,processeur,8,pRoses9R
6,puffin,4,pyf5
9,pulsation,8,pylsasj§
5,pâlir,5,paliR
7,quinine,5,kinin
9,raillerie,6,Raj°Ri
11,ratatouille,7,Ratatuj
10,redemander,8,R°d°m@de
9,redingote,7,R°d5gOt
4,repu,4,R°py
7,risotto,6,Rizoto
9,royalties,8,Rwajalti
13,réactionnaire,10,ReaksjonER
7,sasseur,5,sas9R
7,secrète,6,s°kREt
6,seyant,4,sEj@
8,solstice,7,sOlstis
10,sourciller,7,suRsije
10,sous-merde,6,sumERd
5,stick,4,stik
8,studieux,6,stydj2
9,toussaint,4,tus5
7,vestale,6,vEstal
7,vestige,6,vEstiZ
10,vieillerie,7,vjEj°Ri
10,zigouiller,6,ziguje
10,à tue-tête,6,atytEt
9,équivoque,6,ekivOk
6,abysse,4,abis
7,alcazar,7,alkazaR
12,amuse-gueule,7,amyzg9l
15,anti-terrorisme,11,@titeRoRizm
9,apartheid,8,apaRtEjd
7,assorti,6,asORti
7,assoupi,5,asupi
9,avènement,7,avEn°m@
6,basset,4,basE
7,bourrin,4,buR5
7,bruyère,7,bR8ijER
9,cabriolet,9,kabRijolE
11,californien,10,kalifORnj5
6,casher,5,kaSER
10,chambellan,6,S@bEl@
7,chancre,4,S@kR
7,cheddar,5,SEdaR
10,circoncire,8,siRk§siR
11,clairvoyant,9,klERvwaj@
9,cochonnet,6,koSonE
10,combattant,6,k§bat@
8,communal,7,komynal
10,compétitif,9,k§petitif
11,corporation,10,kORpoRasj§
6,coulée,4,kule
6,courbe,4,kuRb
13,diagnostiquer,11,djagnostike
10,dominateur,9,dominat9R
7,donneur,5,don9R
10,dramaturge,9,dRamatyRZ
12,déchargement,9,deSaRZ°m@
8,déclamer,7,deklame
13,déclenchement,9,dekl@S°m@
8,dénigrer,7,denigRe
7,déraper,6,deRape
10,exorbitant,9,EgzORbit@
6,export,6,EkspOR
9,expressif,9,EkspResif
5,faste,4,fast
12,franc-parler,8,fR@paRle
10,fructifier,9,fRyktifje
9,gestation,8,ZEstasj§
6,gratte,4,gRat
5,grêle,4,gREl
6,huerta,5,wERta
12,implantation,9,5pl@tasj§
10,incubation,8,5kybasj§
9,insuffler,6,5syfle
15,interplanétaire,12,5tERplanetER
4,kiki,4,kiki
5,limon,4,lim§
4,lope,3,lOp
10,magasinier,9,magazinje
4,mage,3,maZ
8,militant,6,milit@
6,missel,5,misEl
12,mondialement,9,m§djal°m@
7,monocle,6,monOkl
7,mort-né,5,mORne
8,mosaïque,6,mozaik
7,moulage,5,mulaZ
6,mouron,4,muR§
8,nageoire,6,naZwaR
10,naphtaline,8,naftalin
14,neurochirurgie,11,n2RoSiRyRZi
8,obstiner,7,Opstine
9,obtention,7,Opt@sj§
11,omniprésent,9,OmnipRez@
3,osé,3,oze
9,ovulation,8,ovylasj§
11,perforation,10,pERfoRasj§
8,piratage,7,piRataZ
11,portoricain,9,pORtoRik5
4,quiz,3,kiz
8,ramollir,7,RamoliR
7,rapidos,6,Rapido
4,rata,4,Rata
14,réquisitionner,11,Rekizisjone
8,rétrécir,8,RetResiR
5,sable,4,sabl
9,salopette,7,salopEt
4,sana,4,sana
12,standardiste,10,st@daRdist
9,submerger,8,sybmERZe
3,suc,3,syk
5,tamis,4,tami
3,tap,3,tap
7,tsunami,7,tsynami
17,télécommunication,15,telekomynikasj§
11,unijambiste,9,yniZ@bist
11,verbalement,9,vERbal°m@
8,whiskies,5,wiski
8,zodiaque,6,zodjak
9,épicentre,7,epis@tR
9,épilation,8,epilasj§
10,achèvement,7,aSEv°m@
11,aimablement,8,Emabl°m@
9,altruiste,8,altR8ist
14,anaphylactique,11,anafilaktik
8,anémique,6,anemik
8,arbalète,7,aRbalEt
13,archéologique,10,aRkeoloZik
5,aspic,5,aspik
7,avenant,5,av°n@
4,best,4,bEst
3,bim,3,bim
7,booster,5,buste
10,bougrement,7,bugR°m@
7,bromure,6,bRomyR
12,caporal-chef,10,kapoRalSEf
7,caramel,7,kaRamEl
8,carcéral,8,kaRseRal
9,cassoulet,6,kasulE
7,cerceau,5,sERso
10,chandeleur,7,S@d°l9R
7,charpie,5,SaRpi
10,chimérique,7,SimeRik
10,chromosome,8,kRomozom
9,circoncis,7,siRk§si
15,conditionnement,11,k§disjOn°m@
10,conformité,9,k§fORmite
7,conquis,4,k§ki
8,cryptage,7,kRiptaZ
6,cyprès,5,sipRE
5,derme,4,dERm
9,dirigeant,6,diRiZ@
9,domicilié,9,domisilje
8,délibéré,8,delibeRe
14,délicieusement,11,delisj2z°m@
8,déléguer,6,delege
6,embrun,4,@bR1
9,exaspérer,9,EgzaspeRe
9,fantasque,6,f@task
7,fission,5,fisj§
5,formé,5,fORme
9,fourberie,7,fuRb°Ri
10,frénétique,8,fRenetik
9,funambule,7,fyn@byl
5,férié,5,feRje
4,fêlé,4,fele
5,grive,4,gRiv
4,grog,4,gROg
9,gueuleton,6,g9l°t§
5,hampe,2,@p
8,handball,5,@dbal
10,hippodrome,7,ipodRom
7,hotline,6,Otlajn
5,huard,3,8aR
9,hurricane,6,9Rikan
8,hydromel,7,idRomEl
7,importé,6,5pORte
11,inattention,8,inat@sj§
6,inepte,5,inEpt
9,ingénuité,8,5Zen8ite
9,irascible,7,iRasibl
12,irrémédiable,10,iRemedjabl
10,journalier,8,ZuRnalje
5,jumbo,6,dZ9mbo
5,kippa,4,kipa
4,lift,4,lift
5,lopin,4,lop5
7,luisant,5,l8iz@
11,majoritaire,9,maZoRitER
5,manne,3,man
8,materner,7,matERne
11,modestement,9,modEst°m@
8,moribond,6,moRib§
7,muscade,6,myskad
7,muscler,6,myskle
5,nenni,4,nEni
5,noyer,5,nwaje
6,onglet,4,§glE
8,ossature,6,osatyR
8,palpable,7,palpabl
10,paralysant,8,paRaliz@
8,plancton,6,pl@kt§
5,plate,4,plat
9,proxénète,9,pROksenEt
8,rasseoir,6,RaswaR
12,regroupement,9,R°gRup°m@
4,reis,4,REjs
5,rugir,5,RyZiR
9,répétitif,9,Repetitif
6,seller,4,sele
4,semi,4,s°mi
8,sinécure,7,sinekyR
6,techno,5,tEkno
4,thaï,3,taj
12,viennoiserie,10,vjEnwaz°Ri
4,yogi,4,jogi
9,abat-jour,6,abaZuR
13,accessoiriste,11,akseswaRist
9,affluence,6,afly@s
9,alexandra,9,alEks@dRa
10,algorithme,8,algoRitm
10,alunissage,8,alynisaZ
9,ambroisie,7,@bRwazi
7,annexer,6,anEkse
7,apparat,5,apaRa
11,appareiller,7,apaReje
7,aztèque,5,astEk
7,balancé,6,bal@se
10,barricader,8,baRikade
4,basé,4,baze
9,bourgogne,6,buRgON
12,canalisation,11,kanalizasj§
6,cancan,4,k@k@
10,catalepsie,9,katalEpsi
9,cataracte,8,kataRakt
5,class,4,klas
6,coiffé,5,kwafe
10,consentant,6,k§s@t@
16,contre-expertise,13,k§tREkspERtiz
6,corail,5,koRaj
6,coupon,4,kup§
8,couveuse,5,kuv2z
6,croate,5,kRoat
5,cuver,4,kyve
8,designer,6,deziNe
7,désigné,6,deziNe
9,déteindre,6,det5dR
8,enchaîné,5,@Sene
10,entraînant,6,@tREn@
7,errance,4,ER@s
12,familiariser,11,familjaRize
8,faucille,5,fosij
11,ferrailleur,7,fERaj9R
8,fonderie,6,f§d°Ri
9,forniquer,7,fORnike
7,frimeur,6,fRim9R
5,frite,4,fRit
5,glèbe,4,glEb
6,gousse,3,gus
12,gribouillage,8,gRibujaZ
7,hautain,3,ot5
6,heaume,2,om
8,hormonal,7,ORmonal
11,inhabitable,9,inabitabl
11,internement,8,5tERn°m@
8,jaunisse,5,Zonis
6,jersey,5,ZERzE
8,judaïsme,7,Zydaizm
5,kyste,4,kist
4,loir,4,lwaR
7,lustrer,6,lystRe
4,mesa,4,meza
9,microfilm,9,mikRofilm
12,monte-charge,7,m§tSaRZ
14,mélodramatique,12,melodRamatik
8,méritant,6,meRit@
16,métaphoriquement,12,metafoRik°m@
7,navrant,5,navR@
9,organiste,8,ORganist
10,orthopédie,8,ORtopedi
12,passablement,9,pasabl°m@
8,patronat,7,patRona
5,païen,4,paj5
12,pigmentation,10,pigm@tasj§
7,poivron,6,pwavR§
9,proconsul,8,pRok§syl
5,pâque,3,pak
6,racler,5,Rakle
10,radiologue,8,RadjolOg
6,rareté,6,RaR°te
11,rembourrage,7,R@buRaZ
10,régression,8,RegResj§
10,rénovation,9,Renovasj§
7,répandu,6,Rep@dy
8,rêvasser,6,REvase
15,sainte nitouche,8,s5tnituS
8,sauterie,6,sot°Ri
7,senteur,5,s@t9R
7,sevrage,6,s°vRaZ
13,tire-au-flanc,7,tiRofl@
5,tondu,4,t§dy
10,trotskiste,9,tROtskist
7,turbine,6,tyRbin
5,tétée,4,tete
7,usurper,6,yzyRpe
9,vaporiser,8,vapoRize
8,vergogne,6,vERgON
5,vigie,4,viZi
8,édifiant,6,edifj@
10,énergumène,9,enERgymEn
7,éponger,5,ep§Ze
9,épuisette,7,ep8izEt
9,abdominal,9,abdominal
13,aboutissement,9,abutis°m@
15,applaudissement,10,aplodis°m@
14,assaisonnement,9,asEzOn°m@
6,assidu,5,asidy
9,attrister,7,atRiste
9,ayatollah,7,ajatola
7,bagnard,5,baNaR
10,bouillotte,5,bujOt
11,broussaille,6,bRusaj
10,bâillement,6,baj°m@
6,carien,5,kaRj5
10,casse-pipe,6,kaspip
5,caste,4,kast
7,chaland,4,Sal@
5,cheap,4,tSip
7,cinzano,8,tSinzano
7,collyre,5,koliR
8,comprimé,7,k§pRime
10,concepteur,8,k§sEpt9R
11,connotation,9,konotasj§
9,consentir,7,k§s@tiR
10,contresens,8,k§tR°s@s
6,corona,6,koRona
9,créancier,7,kRe@sje
5,cumin,4,kym5
4,dona,4,dona
8,dresseur,6,dREs9R
11,désintégrer,9,dez5tegRe
7,endurci,6,@dyRsi
4,este,3,Est
9,flingueur,6,fl5g9R
6,foulée,4,fule
8,fox-trot,7,fOkstRo
8,fracturé,8,fRaktyRe
10,franquisme,7,fR@kizm
5,gaver,4,gave
9,glaciaire,7,glasjER
6,goujon,4,guZ§
9,grossiste,7,gRosist
9,halothane,6,alotan
10,incestueux,7,5sEst82
14,incontournable,10,5k§tuRnabl
14,individualisme,12,5divid8alizm
9,insoluble,7,5solybl
8,invaincu,5,5v5ky
5,jadis,5,Zadis
8,jonction,6,Z§ksj§
4,kilt,4,kilt
6,lancée,4,l@se
5,leste,4,lEst
8,licencié,7,lis@sje
5,limer,4,lime
4,logé,4,loZe
13,machiavélique,10,makjavelik
12,malformation,11,malfORmasj§
12,malhonnêteté,9,malonEtte
7,mamelon,6,mam°l§
9,maniement,6,manim@
6,marlin,5,maRl5
18,marxisme-léninisme,17,maRksizm°leninizm
5,maton,4,mat§
12,messeigneurs,7,mEsEN9R
7,montant,4,m§t@
7,nasique,5,nazik
4,nope,3,nOp
6,osmose,5,Osmoz
6,panser,4,p@se
8,parental,7,paR@tal
7,piocher,5,pjoSe
7,planton,5,pl@t§
10,possesseur,7,poses9R
9,profiteur,8,pRofit9R
15,projectionniste,13,pRoZEksjonist
5,prude,4,pRyd
5,purge,4,pyRZ
7,pétoche,5,petOS
7,pétunia,7,petynja
14,rafraîchissant,9,RafReSis@
8,raisonné,6,REzone
9,rayonnant,6,REjon@
14,reconnaissable,10,R°konEsabl
6,rectum,6,REktOm
10,reformuler,9,R°fORmyle
10,relativité,10,R°lativite
7,restant,5,REst@
8,riquiqui,6,Rikiki
9,ristourne,7,RistuRn
7,rugueux,4,Ryg2
9,rétracter,8,RetRakte
10,rétrograde,9,RetRogRad
6,shaker,6,SEjk9R
10,sommeiller,6,someje
14,somptueusement,10,s§pt82z°m@
5,sonné,4,sone
6,soumis,4,sumi
9,spartiate,8,spaRsjat
6,spinal,6,spinal
6,taillé,4,taje
3,tan,2,t@
5,tiare,4,tjaR
13,tourne-disque,9,tuRn°disk
8,tricycle,7,tRisikl
10,troubadour,8,tRubaduR
9,variation,8,vaRjasj§
4,yuan,4,jyan
3,zeb,3,zEb
7,épineux,5,epin2
6,évolué,6,evol8e
10,acoustique,7,akustik
6,amidon,5,amid§
9,apothéose,7,apoteoz
7,arraché,5,aRaSe
9,asymétrie,8,asimetRi
4,auge,2,oZ
12,baccalauréat,9,bakaloRea
6,baffer,4,bafe
9,bourricot,6,buRiko
11,chroniqueur,8,kRonik9R
11,chronologie,9,kRonoloZi
11,coexistence,10,koEgzist@s
7,cohorte,5,koORt
11,congélation,9,k§Zelasj§
8,conjurer,6,k§ZyRe
9,convivial,8,k§vivjal
3,dan,3,dan
5,dogme,4,dOgm
11,dépassement,8,depas°m@
7,dînette,5,dinEt
8,efféminé,7,efemine
7,enclume,5,@klym
8,engourdi,6,@guRdi
8,entraîné,6,@tRene
4,figé,4,fiZe
6,flemme,4,flEm
8,féconder,6,fek§de
7,gallois,5,galwa
6,gasoil,6,gazwal
7,ginseng,6,Zins@G
6,goulot,4,gulo
4,hare,2,aR
8,hippique,4,ipik
8,injurier,6,5ZyRje
11,insinuation,9,5sin8asj§
11,kilométrage,10,kilometRaZ
11,languissant,6,l@gis@
7,lesbien,6,lEzbj5
10,libérateur,9,libeRat9R
6,mongol,5,m§gOl
9,moyennant,7,mwajEn@
6,neuneu,4,n2n2
7,notable,6,notabl
7,névrosé,7,nevRoze
7,orfèvre,6,ORfEvR
6,ovaire,4,ovER
6,papaye,5,papaj
9,piraterie,8,piRat°Ri
12,polichinelle,9,poliSinEl
9,polygamie,8,poligami
6,poreux,4,poR2
7,prunier,6,pRynje
12,putréfaction,11,pytRefaksj§
6,pécore,5,pekOR
5,pépée,4,pepe
11,quadrillage,8,kadRijaZ
6,quaker,6,kwEk9R
10,remorquage,8,R°mORkaZ
9,réactiver,8,Reaktive
10,scaphandre,7,skaf@dR
9,sous-bois,5,subwa
9,tambourin,6,t@buR5
6,tanker,5,t@k9R
8,traqueur,6,tRak9R
8,vouvoyer,7,vuvwaje
10,écologiste,9,ekoloZist
9,émergence,7,emERZ@s
6,énoncé,5,en§se
8,abreuver,6,abR9ve
7,adonner,5,adone
10,aiguillage,7,eg8ijaZ
10,anthologie,7,@toloZi
9,arbitrage,8,aRbitRaZ
8,archipel,7,aRSipEl
4,aria,4,aRja
16,artificiellement,13,aRtifisjEl°m@
10,aéronavale,9,aeRonaval
7,babiole,6,babjOl
8,balayeur,7,balEj9R
8,bavasser,6,bavase
6,beigne,3,bEN
5,blaze,4,blaz
10,braconnier,8,bRakonje
6,brader,5,bRade
10,brutaliser,9,bRytalize
7,calmant,5,kalm@
7,caneton,6,kan°t§
10,capillaire,7,kapilER
11,chorégraphe,8,koRegRaf
13,cicatrisation,12,sikatRizasj§
10,cicatriser,9,sikatRize
14,cinématographe,12,sinematogRaf
13,clandestinité,12,kl@dEstinite
10,coercition,9,koERsisj§
8,coltiner,7,kOltine
10,commémorer,8,komemoRe
11,consternant,8,k§stERn@
11,continental,9,k§tin@tal
10,contracter,8,k§tRakte
7,copieux,5,kopj2
5,corso,5,kORso
12,criminologie,11,kRiminoloZi
9,culminant,7,kylmin@
7,demeuré,6,d°m9Re
7,dormeur,6,dORm9R
8,déféquer,6,defeke
7,dénommé,6,denome
10,dénégation,9,denegasj§
9,détendeur,7,det@d9R
8,dévisser,6,devise
6,empoté,5,@pote
11,encéphalite,8,@sefalit
7,entrant,4,@tR@
8,estuaire,6,Est8ER
7,ex-voto,7,Eksvoto
9,exorciser,9,EgzORsize
13,explicitement,12,Eksplisit°m@
7,fougère,5,fuZER
3,fox,4,fOks
4,huis,2,8i
10,immaturité,9,imatyRite
8,impropre,6,5pROpR
12,impérialiste,10,5peRjalist
7,inanimé,7,inanime
12,inattaquable,9,inatakabl
12,incessamment,7,5sesam@
12,incinération,10,5sineRasj§
6,jovial,6,Zovjal
7,ligoter,6,ligote
8,lingette,5,l5ZEt
9,maharajah,8,maaRadZa
15,messieurs-dames,8,mEsj2dam
10,microphone,8,mikRofOn
7,minutie,6,minysi
10,moderniser,9,modERnize
8,mousquet,5,muskE
14,multinationale,13,myltinasjonal
11,musculation,10,myskylasj§
4,none,3,nOn
11,obstinément,9,Opstinem@
9,oesophage,6,2zofaZ
8,omoplate,7,omoplat
12,organisateur,11,ORganizat9R
9,oto-rhino,7,otoRino
4,ouzo,3,uzo
6,parure,5,paRyR
8,patauger,6,patoZe
10,performant,8,pERfORm@
5,perse,4,pERs
10,persévérer,9,pERseveRe
7,phoenix,6,feniks
11,physionomie,9,fizjonomi
5,plane,4,plan
7,plumeau,5,plymo
10,plus-value,7,plyvaly
16,prestidigitateur,15,pREstidiZitat9R
12,providentiel,11,pRovid@sjEl
11,pédiatrique,9,pedjatRik
6,retors,5,R°tOR
7,ruffian,5,Ryfj@
11,réouverture,9,ReuvERtyR
11,réquisition,9,Rekizisj§
9,rétention,7,Ret@sj§
10,salamandre,8,salam@dR
10,sanctifier,8,s@ktifje
9,sciemment,5,sjam@
3,sen,3,sEn
11,sensiblerie,9,s@sibl°Ri
9,sobriquet,7,sobRikE
10,sociologue,8,sosjolOg
4,soma,4,soma
9,stabilisé,9,stabilize
11,stéthoscope,9,stetoskOp
10,subterfuge,9,syptERfyZ
10,surchauffe,6,syRSof
6,syndic,5,s5dik
5,tanne,3,tan
8,tenaille,5,t°naj
6,tesson,4,tes§
13,tiroir-caisse,9,tiRwaRkEs
6,tocsin,5,tOks5
7,trolley,5,tRolE
10,visualiser,9,viz8alize
4,york,4,jORk
10,éboulement,7,ebul°m@
7,échevin,5,ES°v5
11,éclabousser,8,eklabuse
4,écot,3,eko
8,électeur,7,elEkt9R
7,épauler,5,epole
9,accostage,7,akOstaZ
11,after-shave,8,aft9RSav
9,agnus dei,8,agnusdei
7,albinos,7,albinos
7,amasser,5,amase
9,anagramme,7,anagRam
13,arrière-garde,9,aRjERgaRd
9,artilleur,7,aRtij9R
11,attribution,9,atRibysj§
5,audit,4,odit
17,autodétermination,15,otodetERminasj§
9,bagarreur,7,bagaR9R
10,banditisme,8,b@ditizm
7,beffroi,6,befRwa
4,bill,3,bil
7,bip-bip,6,bipbip
10,bloc-notes,7,blOknOt
7,bosquet,5,bOskE
9,botaniste,8,botanist
8,bourgeon,5,buRZ§
7,bretzel,7,bREdzEl
5,cajun,4,kaZ1
7,camelot,6,kam°lo
5,campo,4,k@po
5,camée,4,kame
10,castration,9,kastRasj§
7,castrer,6,kastRe
9,champêtre,6,S@pEtR
8,chevalet,6,S°valE
6,chiard,4,SjaR
7,châtrer,5,SatRe
7,cligner,5,kliNe
6,cocker,5,kokER
8,cohésion,6,koezj§
8,compatir,7,k§patiR
14,complémentaire,10,k§plem@tER
12,constatation,10,k§statasj§
9,contraint,5,k§tR5
13,contrebandier,10,k§tR°b@dje
7,crevure,6,kR°vyR
10,cruciforme,9,kRysifORm
5,cèdre,4,sEdR
9,demi-dieu,7,d°midj2
6,durite,5,dyRit
7,décaler,6,dekale
12,déconcentrer,9,dek§s@tRe
9,découpage,7,dekupaZ
7,découpe,5,dekup
5,dégel,5,deZEl
9,démagogie,8,demagoZi
7,dépecer,6,dep°se
11,désignation,9,deziNasj§
13,désintoxiquer,11,dez5tOksike
7,dévêtir,7,devetiR
9,empiffrer,6,@pifRe
10,encombrant,6,@k§bR@
8,encombre,5,@k§bR
9,encombrer,6,@k§bRe
6,enfoui,4,@fwi
7,epsilon,6,Epsil§
8,esquimau,6,Eskimo
9,esquinter,6,Esk5te
10,exubérance,9,EgzybeR@s
13,favorablement,11,favoRabl°m@
11,favoritisme,10,favoRitizm
5,field,4,fild
9,fortifier,8,fORtifje
8,fricoter,7,fRikote
6,gascon,5,gask§
9,girouette,6,ZiRwEt
8,goguette,5,gogEt
11,gourmandise,8,guRm@diz
8,grimoire,7,gRimwaR
5,hadji,4,adZi
10,hispanique,7,ispanik
13,holographique,9,ologRafik
3,ide,2,id
13,import-export,10,5pOREkspOR
8,impudent,5,5pyd@
11,inaltérable,10,inalteRabl
13,incorruptible,10,5koRyptibl
9,indignité,7,5diNite
14,interstellaire,10,5tERstElER
11,inversement,8,5vERs°m@
12,irréalisable,10,iRealizabl
6,julien,5,Zylj5
11,lamentation,9,lam@tasj§
5,laqué,4,lake
6,lingot,4,l5go
4,louf,3,luf
7,manitou,6,manitu
8,meringue,5,m°R5g
10,modulateur,9,modylat9R
9,momentané,8,mom@tane
9,morfondre,7,mORf§dR
14,météorologique,12,meteoRoloZik
6,noirci,6,nwaRsi
11,nonchalance,7,n§Sal@s
7,négligé,7,negliZe
10,ostracisme,9,OstRasizm
10,parfumerie,9,paRfym°Ri
8,perruche,5,pERyS
10,phacochère,7,fakoSER
5,pilon,4,pil§
7,pisteur,6,pist9R
7,placebo,7,plasebo
8,polaroïd,8,polaRoid
9,pouilleux,4,puj2
10,pourvoyeur,9,puRvwaj9R
6,poussé,4,puse
12,purificateur,11,pyRifikat9R
14,quatre-saisons,9,katR°sEz§
8,qui-vive,5,kiviv
5,quite,5,kwit2
4,rami,4,Rami
7,ravaler,6,Ravale
6,reflux,5,R°fly
13,rentre-dedans,8,R@tRd°d@
5,rêche,3,RES
9,sacripant,7,sakRip@
9,sainement,6,sEn°m@
7,scruter,6,skRyte
6,soyeux,5,swaj2
6,spasme,5,spasm
10,stationner,8,stasjone
10,suprématie,9,sypRemasi
6,sérail,5,seRaj
9,taillader,6,tajade
9,tchatcher,6,tSatSe
5,tiers,4,tjER
7,tripler,6,tRiple
7,trivial,7,tRivjal
5,varié,5,vaRje
4,velu,4,v°ly
9,vendanger,6,v@d@Ze
13,vrombissement,9,vR§bis°m@
7,échéant,4,eSe@
12,électrocuter,11,elEktRokyte
6,étayer,5,eteje
8,accalmie,6,akalmi
8,algérien,7,alZeRj5
7,allonge,4,al§Z
12,amphithéâtre,8,@fiteatR
12,annihilation,9,aniilasj§
10,apaisement,7,apEz°m@
9,apathique,6,apatik
11,appréciable,9,apResjabl
6,archet,4,aRSE
7,autiste,5,otist
10,baisodrome,8,bEzodRom
7,bandana,6,b@dana
6,banner,4,bane
6,baquet,4,bakE
6,bichon,4,biS§
14,biologiquement,11,bjoloZik°m@
7,boulder,6,buld9R
8,cashmere,6,kaSmER
11,citronnelle,8,sitRonEl
9,co-auteur,6,koot9R
9,cohérence,6,koeR@s
9,contenant,6,k§t°n@
21,contre-interrogatoire,15,k§tR5tERogatwaR
12,contre-ordre,8,k§tRORdR
11,controversé,10,k§tRovERse
7,crécher,5,kReSe
11,cultivateur,10,kyltivat9R
9,devanture,7,d°v@tyR
8,diapason,7,djapaz§
12,discutailler,9,diskytaje
8,doudoune,5,dudun
10,dyslexique,9,dislEksik
10,déchiqueté,8,deSik°te
12,décoloration,11,dekoloRasj§
13,décompression,10,dek§pREsj§
9,décrypter,8,dekRipte
12,dédoublement,9,dedubl°m@
9,démentiel,8,dem@sjEl
10,désaffecté,9,dezafEkte
11,effronterie,8,efR§t°Ri
8,empaillé,5,@paje
12,empressement,8,@pREs°m@
10,enclencher,6,@kl@Se
10,engueulade,6,@g2lad
18,extraordinairement,16,EkstRaORdinER°m@
9,fair-play,6,fERplE
8,façonner,6,fasone
8,finalité,8,finalite
5,fondé,4,f§de
7,fournée,5,fuRne
7,fouteur,5,fut9R
9,freluquet,7,fR°lykE
9,friandise,8,fRij@diz
9,fricassée,7,fRikase
7,frégate,6,fRegat
13,fréquentation,10,fRek@tasj§
7,fumerie,6,fym°Ri
7,furioso,7,fyRjozo
6,féerie,4,feRi
9,féminisme,8,feminizm
5,gitan,4,Zit@
7,godasse,5,godas
9,gonflette,6,g§flEt
8,goulache,5,gulaS
6,grigri,6,gRigRi
9,gyroscope,8,ZiRoskOp
9,hardiesse,6,aRdjEs
6,houhou,2,uu
13,incorporation,11,5kORpoRasj§
8,jongleur,6,Z§gl9R
7,jouable,5,Zwabl
4,kaki,4,kaki
6,lascif,5,lasif
9,linguiste,7,l5g8ist
5,liège,4,ljEZ
9,longitude,7,l§Zityd
10,lévitation,9,levitasj§
7,léviter,6,levite
7,mamours,5,mamuR
8,mansarde,6,m@saRd
10,marronnier,7,maRonje
10,menuiserie,9,m2n8iz°Ri
8,micheton,6,miS°t§
3,mil,3,mil
6,mimosa,6,mimoza
7,morpion,6,mORpj§
10,moucharder,7,muSaRde
9,médiation,8,medjasj§
6,méfait,4,mefE
10,neutralité,9,n2tRalite
7,neutron,5,n2tR§
11,occasionnel,9,okazjonEl
7,ombrage,5,§bRaZ
4,orbe,3,ORb
5,panic,5,panik
7,parvenu,7,paRv°ny
9,passivité,8,pasivite
3,pat,3,pat
5,pinot,4,pino
9,polyester,9,poliEstER
10,pont-levis,6,p§l°vi
13,pourrissement,8,puRis°m@
6,pulsar,6,pylsaR
6,rasade,5,Razad
9,recouvrer,7,R°kuvRe
9,rencontré,7,R@k§tRe
13,représentatif,12,R°pRez@tatif
5,rouer,3,Rwe
9,rouspéter,7,Ruspete
10,régulation,9,Regylasj§
7,résigné,6,ReziNe
10,résurgence,8,RezyRZ@s
9,schnitzel,7,SnitzEl
7,scorbut,7,skORbyt
6,scénar,5,senaR
6,sillon,4,sij§
8,sommaire,5,somER
10,somnambule,8,sOmn@byl
11,substantiel,10,sypst@sjEl
10,symétrique,8,simetRik
11,tardivement,9,taRdiv°m@
5,tatou,4,tatu
12,terminologie,11,tERminoloZi
6,terrer,4,tERe
5,texan,5,tEks@
9,transiger,7,tR@ziZe
7,tricard,6,tRikaR
7,vilenie,6,vileni
8,williams,7,wiljams
4,yack,3,jak
4,yard,3,jaR
6,zouave,4,zwav
8,écervelé,8,esERv°le
6,égérie,5,eZeRi
8,énumérer,7,enymeRe
13,équitablement,10,ekitabl°m@
9,abolition,8,abolisj§
10,acclimater,8,aklimate
8,accroche,5,akROS
8,adhésion,6,adezj§
11,aggravation,9,agRavasj§
6,agréer,5,agRee
11,ajournement,8,aZuRn°m@
8,amarrage,6,amaRaZ
7,amoroso,7,amoRozo
7,amphore,4,@fOR
12,anciennement,8,@sjEn°m@
7,auditif,6,oditif
13,aérodynamique,11,aeRodinamik
15,bactériologique,13,bakteRjoloZik
7,balaise,5,balEz
7,binaire,5,binER
6,bipède,5,bipEd
6,bouler,4,bule
11,boutonnière,8,butonjER
11,briqueterie,9,bRikEt°Ri
6,caquet,4,kakE
7,carotte,5,kaROt
5,cheik,3,SEk
10,chevalière,8,S°valjER
14,compte-gouttes,6,k§tgut
11,concordance,8,k§kORd@s
10,continuité,9,k§tin8ite
7,couiner,5,kwine
7,câliner,6,kaline
10,despotisme,9,despotizm
9,dessouder,6,desude
8,déblayer,7,debleje
8,décerner,7,desERne
12,dépoussiérer,9,depusjeRe
9,empailler,5,@paje
3,ers,2,ER
9,eugénisme,7,2Zenizm
5,exilé,6,Egzile
5,fakir,5,fakiR
6,faquin,4,fak5
7,footing,5,futiG
7,gerbier,6,ZERbje
7,gicleur,6,Zikl9R
11,grand-oncle,7,gR@t§kl
11,grandissant,7,gR@dis@
13,gratte-papier,9,gRatpapje
11,guillotiner,8,gijotine
9,happy end,6,apiEnd
10,hors-piste,6,ORpist
13,imperceptible,11,5pERsEptibl
14,inconditionnel,11,5k§disjonEl
11,intraitable,8,5tREtabl
12,invisibilité,11,5vizibilite
8,laudanum,7,lodanOm
12,maladivement,10,maladiv°m@
7,malaxer,7,malakse
10,manigancer,8,manig@se
6,maraud,4,maRo
13,maître-nageur,10,mEtR°naZ9R
5,miaou,4,mjau
8,montreur,6,m§tR9R
4,mêlé,4,mele
7,normand,5,nORm@
7,organdi,6,ORg@di
8,oublieux,6,ublij2
8,pacifier,7,pasifje
10,palindrome,8,pal5dRom
13,passe-partout,8,paspaRtu
6,peiner,4,pene
8,perverti,8,pERvERti
6,plombe,4,pl§b
12,pneumothorax,11,pn2motoRaks
9,pédagogie,8,pedagoZi
9,pépinière,8,pepinjER
7,quantum,6,kw@tOm
6,quartz,6,kwaRts
8,rambarde,6,R@baRd
6,razzia,6,Radzja
7,renommé,6,R°nome
12,restructurer,11,R°stRyktyRe
10,rhétorique,7,RetoRik
7,ricotta,6,Rikota
4,ridé,4,Ride
5,roter,4,Rote
6,répété,6,Repete
8,saborder,7,sabORde
10,salmonelle,8,salmonEl
7,samovar,7,samovaR
13,semi-remorque,10,s°miR°mORk
9,simpliste,7,s5plist
9,souillure,5,sujyR
10,sous-fifre,6,sufifR
5,stout,4,stut
9,subsister,8,sybziste
7,sulfate,6,sylfat
13,surpopulation,12,syRpopylasj§
7,tartare,6,taRtaR
6,tasser,4,tase
5,texto,6,tEksto
8,thalasso,6,talaso
3,tin,2,t5
7,toaster,6,toaste
8,treillis,5,tReji
9,tremblote,7,tR@blOt
7,trinité,7,tRinite
10,trémousser,7,tRemuse
8,téléfilm,8,telefilm
7,vaginal,7,vaZinal
11,vertigineux,9,vERtiZin2
6,viagra,6,vjagRa
10,vietnamien,9,vjEtnamj5
7,voltige,6,vOltiZ
5,vénal,5,venal
11,yom kippour,8,jOmkipuR
6,yuppie,4,jupi
4,âcre,3,akR
8,électron,7,elEktR§
8,épiderme,7,epidERm
12,équilibriste,10,ekilibRist
10,étalonnage,8,etalonaZ
9,aboiement,6,abwam@
10,admissible,8,admisibl
8,agripper,6,agRipe
6,airbag,5,ERbag
10,amouracher,7,amuRaSe
13,argumentation,11,aRgym@tasj§
10,artificier,9,aRtifisje
7,assisté,6,asiste
12,astrologique,10,astRoloZik
4,aune,2,on
7,aérosol,7,aeRosOl
5,baser,4,baze
3,bic,3,bik
12,blanchisseur,8,bl@Sis9R
5,boeuf,3,b9f
6,boston,6,bOstOn
8,bourgade,6,buRgad
7,brochet,5,bRoSE
12,califourchon,9,kalifuRS§
7,cassure,5,kasyR
8,censurer,6,s@syRe
8,cerisier,7,s°Rizje
7,chantre,4,S@tR
8,chevreau,5,S°vRo
7,command,6,komand
11,condamnable,8,k§danabl
6,conque,3,k§k
13,contemplation,10,k§t@plasj§
7,convier,5,k§vje
7,cosaque,5,kozak
5,damné,4,dane
7,diocèse,6,djosEz
17,disfonctionnement,13,disf§ksjOn°m@
5,dispo,5,dispo
8,divaguer,6,divage
10,dromadaire,8,dRomadER
6,duquel,5,dykEl
10,dégagement,8,degaZ°m@
9,dénicheur,7,deniS9R
15,engourdissement,10,@guRdis°m@
9,expiation,9,Ekspjasj§
8,exsangue,5,Eks@g
10,fatalement,8,fatal°m@
8,fermenté,7,fERm@te
12,flagellation,10,flaZElasj§
11,flexibilité,12,flEksibilite
8,fossette,5,fosEt
8,fuselage,7,fyz°laZ
4,fève,3,fEv
9,fécondité,8,fek§dite
12,garde-malade,9,gaRdmalad
6,gardon,5,gaRd§
8,glycémie,7,glisemi
11,grosso modo,9,gRosomodo
7,grouper,5,gRupe
11,généraliser,10,ZeneRalize
10,générateur,9,ZeneRat9R
8,géorgien,7,ZeORZj5
9,handicapé,7,@dikape
5,houle,2,ul
8,illicite,6,ilisit
10,imaginatif,10,imaZinatif
8,incendié,6,5s@dje
9,indigence,6,5diZ@s
12,inextricable,12,inEkstRikabl
7,insigne,4,5siN
12,intarissable,9,5taRisabl
14,intelligentsia,11,5teliZEnsja
9,intrigant,6,5tRig@
4,java,4,Zava
7,javelot,6,Zav°lo
6,jeunot,4,Z9no
14,lamentablement,11,lam@tabl°m@
7,laminer,6,lamine
9,lituanien,8,lit8anj5
9,londonien,7,l§donj5
7,luzerne,6,lyzERn
11,lymphatique,7,l5fatik
11,malveillant,7,malvEj@
10,marécageux,8,maRekaZ2
4,maya,4,maja
9,mendicité,8,m@disite
8,mi-homme,4,miOm
8,mielleux,5,mjEl2
6,migrer,5,migRe
11,mitrailleur,8,mitRaj9R
8,mollesse,5,molEs
8,moulinet,6,mulinE
5,natif,5,natif
11,naturaliste,10,natyRalist
11,non-fumeurs,7,n§fym9R
10,nymphomane,7,n5foman
9,négritude,8,negRityd
8,outsider,9,awtsajd9R
7,pallier,5,palje
7,pancake,5,p@kEk
9,paquetage,7,pak°taZ
9,participe,8,paRtisip
9,passavant,6,pasav@
9,peaufiner,6,pofine
6,pelage,5,p°laZ
5,peler,4,p°le
7,phallus,5,falys
7,pilleur,5,pij9R
7,pintade,5,p5tad
9,plongeoir,7,pl§ZwaR
8,porcelet,7,pORs°lE
9,prospérer,8,pROspeRe
13,précieusement,10,pResj2z°m@
5,pâlot,4,palo
7,quarter,5,kaRte
11,rediffusion,9,R°difyzj§
10,refourguer,7,R°fuRge
11,relâchement,8,R°laS°m@
10,respirable,9,REspiRabl
8,retenter,6,R°t@te
8,ricochet,6,RikoSE
10,rond-point,5,R§pw5
10,réexaminer,10,ReEgzamine
8,seizième,6,sEzjEm
5,selva,5,sElva
6,sensas,5,s@sas
6,single,6,sing9l
4,skin,4,skin
8,sombrero,7,s§bReRo
7,spatule,6,spatyl
12,subjectivité,12,sybZEktivite
11,subtilement,9,syptil°m@
10,surcharger,8,syRSaRZe
10,séquestrer,8,sekEstRe
13,testamentaire,10,tEstam@tER
9,testicule,8,tEstikyl
6,timoré,6,timoRe
8,tortueux,6,tORt82
6,tourbe,4,tuRb
9,traversin,8,tRavERs5
13,tétraplégique,11,tetRapleZik
8,ventouse,5,v@tuz
11,vomissement,8,vomis°m@
9,égarement,7,egaR°m@
5,épieu,4,epj2
10,éprouvette,7,epRuvEt
9,épuration,8,epyRasj§
8,équinoxe,7,ekinOks
5,étron,4,etR§
8,ablation,7,ablasj§
9,actionner,7,aksjone
7,affiner,5,afine
8,anaconda,7,anak§da
6,ballot,4,balo
6,beurré,4,b9Re
10,bidonville,7,bid§vil
8,blindage,6,bl5daZ
8,bonniche,5,boniS
7,brasser,5,bRase
5,bénef,5,benEf
7,cartoon,6,kaRtun
8,chanoine,6,Sanwan
10,chevrotine,8,S°vRotin
9,chèrement,6,SER°m@
6,chétif,5,Setif
7,cogiter,6,koZite
4,cola,4,kola
9,colérique,7,koleRik
8,commandé,6,kom@de
12,consumérisme,10,k§symeRizm
11,croche-pied,7,kROSpje
7,crouler,5,kRule
6,daller,4,dale
11,de traviole,9,d°tRavjOl
6,djihad,5,dZiad
9,drastique,7,dRastik
6,drelin,5,dR2l5
9,dynamiter,8,dinamite
11,débarcadère,10,debaRkadER
12,décapitation,11,dekapitasj§
9,défendeur,7,def@d9R
7,défiant,5,defj@
7,déjanté,6,deZ@te
11,désavantage,9,dezav@taZ
14,désorientation,12,dezoRj@tasj§
4,dîme,3,dim
10,embrouillé,6,@bRuje
7,encrier,6,@kRije
7,esseulé,5,es9le
7,factice,6,faktis
6,fenton,4,f@t§
9,filigrane,8,filigRan
8,glousser,5,gluse
9,guacamole,9,gwakamole
7,hausser,3,ose
6,hochet,3,oSE
9,hockeyeur,6,OkEj9R
9,hydravion,7,idRavj§
9,improvisé,8,5pRovize
12,indisponible,10,5disponibl
11,intégralité,10,5tegRalite
9,invivable,7,5vivabl
4,jais,2,ZE
5,karen,5,kaREn
6,larcin,5,laRs5
6,laïque,4,laik
7,malotru,7,malotRy
8,mandarin,6,m@daR5
7,marieur,6,maRj9R
6,myrrhe,3,miR
9,narrateur,7,naRat9R
9,narration,7,naRasj§
8,offshore,5,OfSOR
7,papiste,6,papist
8,perchoir,7,pERSwaR
15,perfectionniste,13,pERfEksjonist
6,picsou,5,piksu
6,plexus,7,plEksys
8,plombage,6,pl§baZ
11,pragmatique,9,pRagmatik
5,prion,5,pRij§
9,prostitué,9,pROstit8e
12,préparatoire,11,pRepaRatwaR
10,prévoyance,9,pRevwaj@s
3,pst,3,pst
12,quintessence,7,k5tes@s
10,relèvement,8,R°lEv°m@
8,retraité,7,R°tRete
4,riff,3,Rif
7,satiété,7,sasjete
5,sbire,4,sbiR
10,secouriste,8,s°kuRist
11,sereinement,8,s°REn°m@
6,siphon,4,sif§
8,soufflet,5,suflE
14,spécialisation,13,spesjalizasj§
12,surintendant,8,syR5t@d@
11,teinturerie,8,t5tyR°Ri
5,terri,4,tERi
5,trame,4,tRam
12,transporteur,10,tR@spORt9R
13,trente-quatre,8,tR@tkatR
8,trucider,7,tRyside
4,turf,4,tyRf
5,téter,4,tete
6,tétine,5,tetin
11,vagissement,8,vaZis°m@
7,vitriol,8,vitRijOl
3,yue,2,jy
8,échappée,5,eSape
5,étuve,4,etyv
11,agriculteur,10,agRikylt9R
10,ahurissant,6,ayRis@
6,aiglon,4,Egl§
5,aigre,3,EgR
7,aileron,5,El°R§
13,amortissement,10,amORtis°m@
10,animalerie,9,animal°Ri
11,anonymement,9,anonim°m@
11,apprivoiser,9,apRivwaze
9,assaillir,6,asajiR
9,assouplir,7,asupliR
5,aster,5,astER
9,baratiner,8,baRatine
6,bastos,6,bastOs
10,bastringue,7,bastR5g
10,bestialité,10,bEstjalite
10,bouddhisme,6,budizm
7,branque,4,bR@k
8,brassard,6,bRasaR
7,bricole,6,bRikOl
5,bêche,3,bES
8,cannette,5,kanEt
8,centaure,5,s@toR
8,changeur,5,S@Z9R
8,charnier,6,SaRnje
10,chevauchée,6,S°voSe
6,chiure,4,SjyR
9,chtouille,4,Stuj
3,coi,3,kwa
13,commémoration,11,komemoRasj§
11,complaisant,7,k§plEz@
12,convivialité,11,k§vivjalite
12,couillonnade,7,kujonad
8,couperet,6,kup°RE
11,couvre-chef,8,kuvR°Sef
9,crocheter,7,kROS°te
7,croquet,5,kRokE
12,cul-de-jatte,7,kyd°Zat
7,câblage,6,kablaZ
5,damas,4,dama
6,damier,5,damje
10,demi-soeur,7,d°mis9R
10,difformité,9,difORmite
9,disquaire,6,diskER
5,diète,4,djEt
8,doublage,6,dublaZ
7,drainer,5,dRene
8,dulcinée,7,dylsine
10,décimation,9,desimasj§
8,découdre,6,dekudR
8,décrépit,7,dekRepi
9,défection,8,defEksj§
14,désapprobation,12,dezapRobasj§
7,ellipse,5,elips
13,embranchement,8,@bR@S°m@
5,encor,4,@kOR
10,engouement,5,@gum@
8,enjamber,5,@Z@be
8,entonner,5,@tone
9,entériner,7,@teRine
7,exalter,7,Egzalte
5,exode,5,EgzOd
15,extrême-onction,12,EkstREm§ksj§
10,exécutoire,10,EgzekytwaR
11,farfouiller,7,faRfuje
4,fart,3,faR
8,faucheur,5,foS9R
3,fez,3,fEz
11,fidéicommis,9,fideikomi
6,foreur,5,foR9R
6,foufou,4,fufu
6,friser,5,fRize
7,froissé,6,fRwase
6,fuguer,4,fyge
8,féerique,5,feRik
4,gnon,2,N§
6,grogne,4,gRON
6,hargne,3,aRN
9,humanoïde,7,ymanoid
11,inconsidéré,9,5k§sideRe
9,induction,7,5dyksj§
7,inhumer,5,inyme
8,initiale,7,inisjal
8,insurger,6,5syRZe
8,intenter,5,5t@te
8,intifada,7,5tifada
10,intonation,8,5tonasj§
9,intégrale,7,5tegRal
9,inventeur,6,5v@t9R
8,ironiser,7,iRonize
7,jet-set,7,dZEtsEt
5,juron,4,ZyR§
6,kabuki,6,kabuki
4,kick,3,kik
7,lanière,6,lanjER
6,largué,5,laRge
8,lesquels,5,lEkEl
6,lierre,4,ljER
10,mandragore,8,m@dRagOR
9,manomètre,8,manomEtR
15,marteau-piqueur,10,maRtopik9R
10,masochisme,8,mazoSizm
7,molette,5,molEt
9,motricité,9,motRisite
11,moyennement,9,mwajEn°m@
9,mythomane,7,mitoman
8,mélanome,7,melanom
10,ménagement,8,menaZ°m@
8,ossuaire,5,os8ER
5,ouche,2,uS
6,ourdou,4,uRdu
7,perforé,7,pERfoRe
8,persuadé,8,pERs8ade
8,pipeline,9,pajp°lajn
9,pirouette,6,piRwEt
13,planification,12,planifikasj§
8,planteur,6,pl@t9R
8,pluvieux,6,plyvj2
10,plébiscite,8,plebisit
7,poirier,6,pwaRje
7,poudrer,5,pudRe
10,progressif,9,pRogResif
12,protagoniste,11,pRotagonist
12,proxénétisme,12,pROksenetizm
7,préface,6,pRefas
9,prévaloir,9,pRevalwaR
4,puma,4,pyma
8,pétrifié,8,petRifje
9,quadruple,8,kwadRupl
8,quotient,5,kosj@
8,rondelle,5,R§dEl
9,roupillon,6,Rupij§
7,rudesse,5,RydEs
4,réac,4,Reak
9,répliquer,7,Replike
9,réverbère,8,RevERbER
9,rééduquer,7,Reedyke
5,satan,4,sat@
6,satyre,5,satiR
7,saumure,5,somyR
9,servitude,8,sERvityd
11,soixantaine,8,swas@tEn
12,sous-produit,8,supRod8i
11,stimulateur,10,stimylat9R
11,suffocation,9,syfokasj§
11,sympathiser,8,s5patize
9,terrorisé,8,tERoRize
15,thermonucléaire,12,tERmonykleER
6,toréer,5,toRee
6,touffu,4,tufy
9,trimbaler,7,tR5bale
8,vacherie,6,vaS°Ri
10,verbaliser,9,vERbalize
17,vidéosurveillance,13,videosyRvEj@s
5,vouer,3,vwe
4,éden,4,edEn
8,éjection,7,eZEksj§
4,îlot,3,ilo
13,accroissement,9,akRwas°m@
9,addiction,7,adiksj§
9,agonisant,7,agoniz@
7,amocher,5,amoSe
7,amortir,7,amORtiR
11,aménagement,9,amenaZ°m@
9,angélique,6,@Zelik
14,anti-moustique,9,@timustik
4,arak,4,aRak
10,archiviste,8,aRSivist
12,arrière-cour,8,aRjERkuR
7,balourd,5,baluR
13,bande-annonce,7,b@dan§s
10,bar-mitsva,8,baRmisva
10,belliqueux,6,belik2
6,bisque,4,bisk
11,bla-bla-bla,9,blablabla
6,blatte,4,blat
7,bondage,5,b§daZ
9,bricoleur,8,bRikol9R
5,bécot,4,beko
10,bénédicité,10,benedisite
5,cador,5,kadOR
4,calé,4,kale
6,canine,5,kanin
10,caravanier,9,kaRavanje
10,chardonnay,7,SaRdonE
7,chicane,5,Sikan
9,chilienne,6,SiljEn
5,chope,3,SOp
9,coca-cola,8,kokakola
12,collectivité,11,kolEktivite
8,comateux,6,komat2
12,confiscation,10,k§fiskasj§
11,conjonction,8,k§Z§ksj§
8,consacré,7,k§sakRe
9,conspirer,7,k§spiRe
9,constante,6,k§st@t
10,contenance,7,k§t°n@s
9,contracté,8,k§tRakte
13,contre-nature,10,k§tR°natyR
4,cops,3,kOp
9,copyright,8,kopiRajt
5,crabs,5,kRabs
10,culturisme,9,kyltyRizm
7,cénacle,6,senakl
14,demi-bouteille,9,d°mibutEj
3,dia,3,dja
7,diantre,5,dj@tR
10,dictaphone,8,diktafOn
10,divergence,8,divERZ@s
6,divisé,6,divize
4,doge,3,dOZ
8,donzelle,5,d§zEl
8,drainage,6,dREnaZ
6,décalé,6,dekale
7,décimer,6,desime
9,dédaigner,6,dedeNe
8,démesuré,8,dem°zyRe
10,dépucelage,9,depys°laZ
7,dépérir,7,depeRiR
13,désactivation,12,dezaktivasj§
6,désiré,6,deziRe
10,désopilant,8,dezopil@
9,détraquer,7,detRake
11,dévastation,10,devastasj§
7,emporté,6,@pORte
11,encadrement,8,@kadR°m@
9,fatidique,7,fatidik
8,faux-cul,4,foky
3,fol,3,fOl
10,foudroyant,8,fudRwaj@
11,fécondation,9,fek§dasj§
5,gnouf,3,Nuf
8,grillade,6,gRijad
5,haque,2,ak
5,hippo,3,ipo
13,honorablement,10,onoRabl°m@
9,humanisme,7,ymanizm
4,imbu,3,5by
9,imparable,7,5paRabl
8,impureté,7,5pyR°te
9,incursion,7,5kyRsj§
10,injustifié,9,5Zystifje
11,inopinément,9,inopinem@
11,jean-foutre,6,Z@futR
13,kyrie eleison,12,kiRjeeleisOn
8,libertin,7,libERt5
10,licencieux,7,lis@sj2
6,loueur,4,lw9R
7,ludique,5,lydik
10,législatif,10,leZislatif
7,maillet,4,majE
5,mammy,4,mami
4,mara,4,maRa
7,marasme,6,maRasm
8,marteler,7,maRt°le
11,martèlement,9,maRtEl°m@
6,menhir,5,meniR
4,mons,3,m§s
7,moqueur,5,mok9R
7,mot-clé,5,mokle
10,mousqueton,7,musk°t§
6,murène,5,myREn
10,mégalomane,9,megaloman
7,mégoter,6,megote
7,narguer,5,naRge
3,nef,3,nEf
6,nulles,3,nyl
12,nécrologique,10,nekRoloZik
13,objectivement,11,ObZEktiv°m@
7,oeuvrer,4,9vRe
7,opossum,6,oposOm
5,ortie,4,ORti
9,pacemaker,9,pEs°mEk9R
8,palmarès,8,palmaREs
9,pantomime,7,p@tomim
12,paratonnerre,9,paRatonER
10,passionner,7,pasjone
7,perçant,5,pERs@
10,pieusement,7,pj2z°m@
9,pinailler,6,pinaje
10,pissotière,8,pisotjER
6,plaine,4,plEn
7,plumage,6,plymaZ
9,possessif,7,posesif
7,praline,6,pRalin
10,prime time,8,pRimtajm
13,privatisation,12,pRivatizasj§
10,propension,8,pRop@sj§
9,prussique,6,pRysik
9,pénétrant,7,penetR@
7,pétoire,6,petwaR
13,quatrièmement,11,katRijEm°m@
9,quémander,6,kem@de
15,rationnellement,11,RasjonEl°m@
7,rejoint,5,R°Zw5
8,replacer,7,R°plase
5,rieur,4,Rj9R
7,ronchon,4,R§S§
5,rosse,3,ROs
10,réinventer,7,Re5v@te
12,saxophoniste,11,saksofonist
8,sex-shop,7,seksSOp
13,signalisation,11,siNalizasj§
7,signalé,6,siNale
5,situé,5,sit8e
7,surdité,7,syRdite
8,tartiner,7,taRtine
11,technicolor,10,tEknikolOR
10,temporiser,8,t@poRize
5,toqué,4,toke
5,tract,5,tRakt
9,transfuge,7,tR@sfyZ
13,transportable,11,tR@spORtabl
6,trench,5,tREnS
6,turbin,5,tyRb5
14,téléconférence,11,telek§feR@s
12,télépathique,9,telepatik
5,vagal,5,vagal
7,vicomte,5,vik§t
7,voltage,6,vOltaZ
5,xérès,6,kseREs
4,yéyé,4,jeje
9,zigzaguer,7,zigzage
8,éborgner,6,ebORNe
7,échalas,5,eSala
15,échantillonnage,10,eS@tijonaZ
8,écologie,7,ekoloZi
10,économiste,9,ekonomist
8,écrasant,6,ekRaz@
7,élaboré,7,elaboRe
14,accompagnateur,10,ak§paNat9R
9,accoudoir,7,akudwaR
8,agronome,7,agRonom
10,ajustement,8,aZyst°m@
8,al dente,7,aldEnte
8,ammonite,6,amonit
7,amorcer,6,amORse
6,apache,4,apaS
5,appas,3,apa
10,approchant,6,apRoS@
10,archevêché,8,aRS°veSe
8,assoupir,6,asupiR
7,ballast,6,balast
10,bourrichon,6,buRiS§
7,briquer,5,bRike
6,buddha,4,byda
3,cab,3,kab
7,calamar,7,kalamaR
8,cardigan,7,kaRdig@
9,carrousel,7,kaRusEl
5,celer,4,sele
6,chassé,4,Sase
7,clarine,6,klaRin
5,click,4,klik
7,clipper,6,klip9R
5,combo,4,k§bo
13,compatibilité,12,k§patibilite
12,consignation,9,k§siNasj§
4,coré,4,koRe
7,couenne,4,kwan
9,craquelin,7,kRak°l5
6,crâner,5,kRane
9,directive,8,diREktiv
5,dirlo,5,diRlo
10,disjoncter,8,disZ§kte
8,dissoute,5,disut
2,dm,8,desimEtR
5,druze,4,dRyz
11,décortiquer,9,dekORtike
10,déductible,9,dedyktibl
10,dérogation,9,deRogasj§
13,effervescence,9,efERves@s
10,emprisonné,8,@pRizone
5,encas,3,@ka
8,endiguer,5,@dige
6,enduit,4,@d8i
14,endurcissement,10,@dyRsis°m@
9,estimable,8,Estimabl
10,figuration,9,figyRasj§
8,flemmard,6,flemaR
8,frappeur,6,fRap9R
9,freelance,6,fRil@s
8,fringale,6,fR5gal
9,frivolité,9,fRivolite
7,fureter,6,fyR°te
13,gastronomique,11,gastRonomik
4,gent,2,Z@
7,génique,5,Zenik
8,géologie,7,ZeoloZi
8,homogène,6,omoZEn
7,hurlant,4,yRl@
12,hypoglycémie,10,ipoglisemi
7,hébreux,4,ebR2
2,il,2,il
5,imité,5,imite
15,impitoyablement,13,5pitwajabl°m@
10,incontesté,8,5k§tEste
11,indivisible,9,5divizibl
12,inexprimable,12,inEkspRimabl
10,ingurgiter,8,5gyRZite
7,investi,6,5vEsti
10,irréfléchi,8,iRefleSi
4,isba,4,izba
8,jactance,6,Zakt@s
9,jubilaire,7,ZybilER
7,jubiler,6,Zybile
7,lisible,6,lizibl
8,lividité,8,lividite
7,loucher,4,luSe
7,manille,5,manij
5,mitan,4,mit@
8,mobilité,8,mobilite
7,molaire,5,molER
12,mononucléose,11,mononykleoz
8,monoxyde,8,monOksid
12,monstruosité,11,m§stRyozite
9,méprisant,7,mepRiz@
8,mûrement,6,myR°m@
11,naturalisme,10,natyRalizm
13,onomatopéique,11,onomatopeik
10,orographie,8,OROgRafi
7,passant,4,pas@
11,perceptible,10,pERsEptibl
11,peu ou prou,6,p2upRu
6,picaro,6,pikaRo
7,piccolo,6,pikolo
7,pisseux,4,pis2
5,piton,4,pit§
13,polytechnique,10,politEknik
8,portatif,8,pORtatif
11,procréation,10,pRokReasj§
13,quarante-sept,8,kaR@tsEt
9,quittance,5,kit@s
6,rameur,5,Ram9R
6,rapper,4,Rape
6,raquer,4,Rake
8,rascasse,6,Raskas
5,ratio,5,Rasjo
9,ratissage,7,RatisaZ
10,ressourcer,7,R°suRse
6,rustre,5,RystR
11,récapituler,10,Rekapityle
10,rédempteur,8,Red@pt9R
7,saxhorn,7,saksORn
6,semeur,5,s°m9R
7,sixties,7,sikstiz
5,smash,4,smaS
4,song,3,s§g
8,sourcier,6,suRsje
8,straight,5,stREt
8,strident,6,stRid@
9,surhumain,6,syRym5
11,ségrégation,10,segRegasj§
5,targe,4,taRZ
6,taupin,4,top5
11,tergiverser,10,tERZivERse
11,thaïlandais,7,tajl@dE
8,tonnelet,6,tOn°lE
6,transi,5,tR@zi
10,trésorerie,9,tRezOR°Ri
5,verve,4,vERv
7,vivable,6,vivabl
4,volt,4,vOlt
12,vulgairement,9,vylgER°m@
9,végétatif,9,veZetatif
8,zoologie,7,zooloZi
10,éclatement,8,eklat°m@
5,écolo,5,ekolo
9,écritoire,8,ekRitwaR
7,édicule,6,edikyl
6,éhonté,4,e§te
13,électrocution,12,elEktRokysj§
10,épidémique,8,epidemik
8,épouseur,6,epuz9R
9,érudition,8,eRydisj§
7,accablé,6,akable
8,albanais,6,albanE
5,allié,4,alje
9,ambiguïté,8,@big8ite
12,approximatif,12,apROksimatif
9,arquebuse,7,aRk°byz
9,asphyxier,8,asfiksje
10,astrologue,8,astRolOg
8,atrophie,6,atRofi
8,attenter,5,at@te
10,avilissant,7,avilis@
9,balnéaire,7,balneER
3,bot,2,bo
8,boursier,6,buRsje
8,bousillé,6,buzije
14,boute-en-train,7,but@tR5
6,buteur,5,byt9R
10,cacahouète,7,kakawEt
10,cellophane,7,selofan
8,chambrer,5,S@bRe
6,charmé,5,SaRme
13,chevaleresque,10,S°val°REsk
7,chierie,4,SiRi
8,cocotier,7,kokotje
7,coloris,6,koloRi
11,concrétiser,9,k§kRetize
8,concéder,6,k§sede
13,conjonctivite,10,k§Z§ktivit
11,constructif,10,k§stRyktif
11,contre-jour,8,k§tR°ZuR
18,contre-proposition,15,k§tR°pRopozisj§
9,croissant,6,kRwas@
6,croisé,6,kRwaze
13,croquemitaine,10,kROk°mitEn
12,cryptogramme,10,kRiptogRam
6,cuesta,6,kwEsta
8,discount,7,diskunt
9,discourir,8,diskuRiR
6,docker,5,dok9R
3,dom,2,d§
7,dégarni,7,degaRni
12,démangeaison,8,dem@Zez§
9,détecteur,8,detEkt9R
8,dévorant,6,devoR@
7,empaler,5,@pale
8,empester,6,@pEste
7,en-tête,4,@tEt
9,estropier,8,EstRopje
9,esturgeon,7,EstyRZ§
9,excusable,9,Ekskyzabl
7,faillir,5,fajiR
5,farsi,5,faRsi
9,feignasse,5,fENas
10,fille-mère,6,fijmER
7,fitness,6,fitnEs
7,flamant,5,flam@
8,flotteur,6,flot9R
8,fluidité,8,fl8idite
6,forain,4,foR5
9,foudroyer,8,fudRwaje
7,frottis,5,fRoti
9,froussard,6,fRusaR
10,frémissant,7,fRemis@
6,fuseau,4,fyzo
5,giron,4,ZiR§
7,gracier,6,gRasje
10,géologique,8,ZeoloZik
9,happening,6,ap°niG
8,haschich,4,aSiS
6,hindou,3,5du
9,illogique,6,iloZik
11,immensément,7,im@sem@
8,immerger,6,imERZe
10,inexistant,9,inEgzist@
10,infaisable,7,5f°zabl
9,inélégant,7,ineleg@
9,itinérant,7,itineR@
6,labour,5,labuR
13,lance-pierres,7,l@spjER
4,lavé,4,lave
11,libertinage,10,libERtinaZ
12,luxueusement,10,lyks82z°m@
5,lâché,4,laSe
13,machinalement,10,maSinal°m@
12,malveillance,8,malvEj@s
10,manquement,6,m@k°m@
12,mille-pattes,6,milpat
9,mongolien,7,m§golj5
9,moraliste,8,moRalist
7,mouvant,4,muv@
9,méli-mélo,8,melimelo
5,nasse,3,nas
7,oeillet,3,9jE
3,ord,2,OR
7,papesse,5,papEs
7,parieur,6,paRj9R
14,passe-montagne,8,pasm§taN
12,personnalisé,11,pERsonalize
3,phi,2,fi
4,pige,3,piZ
6,pinard,5,pinaR
8,polaroid,8,polaRoid
5,promu,5,pRomy
7,propane,6,pRopan
6,prévôt,5,pRevo
9,rassasier,7,Rasazje
6,reculé,6,R°kyle
7,relater,6,R°late
8,resurgir,8,R°syRZiR
9,régresser,7,RegRese
12,réquisitoire,10,RekizitwaR
10,résolument,8,Rezolym@
8,savetier,7,sav°tje
10,scrutateur,9,skRytat9R
7,sexisme,7,seksizm
8,sioniste,7,sjonist
12,sociologique,10,sosjoloZik
7,soluble,6,solybl
7,soupape,5,supap
8,stimulus,8,stimylys
7,strasse,5,stRas
7,succube,5,sykyb
9,survivant,7,syRviv@
6,svelte,5,svElt
9,séjourner,7,seZuRne
7,tapiner,6,tapine
6,tenant,4,t°n@
7,tiennes,4,tjEn
8,tintouin,5,t5tw5
7,tombant,4,t§b@
11,transitoire,9,tR@zitwaR
5,trapu,5,tRapy
12,trente-et-un,6,tR@te1
5,usant,3,yz@
6,velcro,6,vElkRo
6,vexant,5,vEks@
6,écluse,5,eklyz
7,édredon,6,edR°d§
6,érudit,5,eRydi
10,affligeant,6,afliZ@
8,affliger,6,afliZe
9,allégorie,7,alegoRi
8,alourdir,7,aluRdiR
12,amniocentèse,10,amnjos5tEz
8,amphibie,5,@fibi
8,analogue,6,analOg
10,analytique,8,analitik
6,anodin,5,anod5
13,apocalyptique,11,apokaliptik
5,argon,4,aRg§
9,avidement,7,avid°m@
11,barbichette,8,baRbiSEt
8,big bang,6,bigb@g
11,bodhisattva,9,bodizatva
6,bolide,5,bolid
4,broc,3,bRo
8,bâtonnet,6,batonE
6,camaro,6,kamaRo
8,cambouis,5,k@bwi
5,carie,4,kaRi
4,chum,3,Sum
9,cliquetis,7,klik°ti
10,colporteur,9,kOlpORt9R
10,coléoptère,9,koleOptER
11,commutateur,9,komytat9R
13,concupiscence,9,k§kypis@s
11,conglomérat,9,k§glomeRa
12,constipation,10,k§stipasj§
11,contrariété,10,k§tRaRjete
6,corpus,6,kORpys
9,critérium,9,kRiteRjOm
12,dermatologue,10,dERmatolOg
9,desserrer,6,deseRe
9,diablotin,8,djablot5
5,dèche,3,dES
12,débrouillard,8,debRujaR
9,décoratif,9,dekoRatif
7,dégeler,6,deZ°le
11,dégringoler,9,degR5gole
7,désaper,6,desape
11,dévastateur,10,devastat9R
7,dévouer,5,devwe
7,empaffé,5,@pafe
12,essuie-glace,8,Es8iglas
9,est-ouest,7,EstwEst
5,exigu,6,Egzigy
4,famé,4,fame
8,fandango,6,f@d@go
8,faux-pas,4,fopa
8,favorite,7,favoRit
7,fermoir,7,fERmwaR
11,franc-maçon,7,fR@mas§
8,gambader,6,g@bade
7,globule,6,glObyl
6,gouape,4,gwap
7,graveur,6,gRav9R
8,hautbois,4,obwa
6,hégire,4,eZiR
9,idolâtrie,8,idolatRi
11,imperméable,9,5pERmeabl
10,impresario,9,5pResaRjo
9,impérieux,6,5peRj2
11,inclination,9,5klinasj§
8,indolent,5,5dol@
7,ingérer,5,5ZeRe
8,inhérent,5,ineR@
14,inlassablement,10,5lasabl°m@
10,insondable,7,5s§dabl
11,interurbain,8,5tERyRb5
11,investiture,9,5vEstityR
10,jardinière,9,ZaRdinjER
10,leadership,8,lid9RSip
8,libanais,6,libanE
4,lino,4,lino
6,livrée,5,livRe
8,machiste,7,matSist
7,malaise,5,malEz
7,marsala,7,maRsala
12,matérialisme,11,mateRjalizm
7,meubler,5,m9ble
10,micro-onde,7,mikRo§d
11,ministériel,11,ministeRjEl
7,modifié,7,modifje
12,moustiquaire,8,mustikER
5,mucus,5,mykys
6,muguet,4,mygE
12,nerveusement,9,nERv2z°m@
7,neurone,5,n2Ron
7,nitrate,6,nitRat
10,noctambule,8,nOkt@byl
8,nuisance,6,n8iz@s
8,nébuleux,6,nebyl2
8,occident,6,Oksid@
9,occipital,9,Oksipital
12,opportuniste,10,opORtynist
10,oppressant,6,opRes@
11,parabolique,9,paRabolik
6,pathos,5,patos
6,paumer,4,pome
9,phallique,5,falik
9,phosphate,6,fOsfat
6,pistou,5,pistu
10,plasticien,9,plastisj5
7,playboy,8,plEjbwaj
8,poignant,5,pwaN@
5,polir,5,poliR
11,polystyrène,10,polistiREn
12,potentialité,11,pot@sjalite
14,pressurisation,12,pREsyRizasj§
6,prieur,6,pRij9R
11,programmeur,9,pRogRam9R
6,prosit,6,pROzit
10,présentoir,9,pRez@twaR
9,psychisme,7,psiSizm
8,pucelage,7,pys°laZ
5,purin,4,pyR5
9,pétrolier,8,petRolje
10,quadriller,7,kadRije
9,rarissime,7,RaRisim
12,remboursable,9,R@buRsabl
16,réapprovisionner,13,ReapRovizjone
10,réformiste,9,RefORmist
10,sex-appeal,8,sEksapil
7,simplet,5,s5plE
10,souricière,8,suRisjER
6,sucrer,5,sykRe
7,surfait,5,syRfE
7,suturer,6,sytyRe
5,tacle,4,takl
11,tressaillir,8,tResajiR
6,trépas,5,tRepa
10,tutoiement,7,tytwam@
10,vasectomie,9,vazEktomi
6,vergue,4,vERg
7,vieilli,5,vjeji
11,visionnaire,8,vizjonER
5,vroum,4,vRum
11,édification,10,edifikasj§
9,éjectable,8,eZEktabl
8,équateur,7,ekwat9R
11,évaporation,10,evapoRasj§
9,abjection,8,abZEksj§
11,abréviation,10,abRevjasj§
6,abusif,6,abyzif
9,accablant,6,akabl@
7,affable,5,afabl
9,amplifier,7,@plifje
11,anesthésier,9,anEstezje
7,angelot,5,@Z°lo
8,annexion,7,anEksj§
13,antipersonnel,11,@tipERsonEl
8,arctique,6,aRktik
12,arrière-pays,8,aRjERpei
8,arrosoir,7,aRozwaR
8,asservir,7,asERviR
13,attendrissant,8,at@dRis@
7,aviaire,5,avjER
10,bacchanale,7,bakanal
7,bigamie,6,bigami
7,blafard,6,blafaR
10,bleusaille,6,bl2zaj
7,bouilli,4,buji
6,brasse,4,bRas
6,brique,4,bRik
8,béchamel,7,beSamEl
7,calleux,4,kal2
12,cartographie,10,kaRtogRafi
11,catatonique,9,katatonik
10,charognard,7,SaRoNaR
13,chronométrage,11,kRonometRaZ
6,chômer,4,Some
9,colporter,8,kOlpORte
8,compadre,6,k§padR
12,conciliation,10,k§siljasj§
18,confidentiellement,13,k§fid@sjEl°m@
12,consécration,10,k§sekRasj§
15,contre-attaquer,9,k§tRatake
17,contre-révolution,14,k§tR°Revolysj§
8,couvreur,6,kuvR9R
8,croupion,6,kRupj§
5,câlin,4,kal5
9,dessoûler,6,desule
13,débarbouiller,9,debaRbuje
11,déontologie,9,de§toloZi
8,détraqué,7,detRake
5,dévot,4,devo
8,effondré,6,ef§dRe
8,embrayer,6,@bReje
8,enchérir,6,@SeRiR
9,escrimeur,8,EskRim9R
10,extrémiste,10,EkstRemist
13,falsification,12,falsifikasj§
13,faux-semblant,7,fos@bl@
9,fiabilité,9,fjabilite
8,fibrille,6,fibRij
8,friperie,7,fRip°Ri
6,fruste,5,fRyst
17,fusil-mitrailleur,12,fyzimitRaj9R
6,gadoue,4,gadu
8,gaillard,5,gajaR
6,gazeux,4,gaz2
6,guenon,4,g°n§
9,générique,7,ZeneRik
4,houe,1,u
6,ignoré,5,iNoRe
4,inca,3,5ka
8,inchangé,5,5S@Ze
9,inconfort,6,5k§fOR
8,indigner,5,5diNe
10,intercéder,8,5tERsede
3,ion,2,j§
7,isotope,6,izotOp
9,jugulaire,7,ZygylER
8,luxation,8,lyksasj§
9,madeleine,7,mad°lEn
7,marâtre,6,maRatR
5,modem,5,modEm
6,médina,6,medina
9,mélodieux,7,melodj2
13,métamorphoser,11,metamORfoze
15,méticuleusement,12,metikyl2z°m@
12,notification,11,notifikasj§
8,oculiste,7,okylist
7,omnibus,7,Omnibys
5,opter,4,Opte
5,pagne,3,paN
13,pharmacologie,11,faRmakoloZi
11,philosopher,8,filozofe
10,photomaton,8,fotomat§
13,prolifération,12,pRolifeRasj§
12,prétendument,9,pRet@dym@
7,pédaler,6,pedale
9,quiproquo,7,kipRoko
9,rapproché,7,RapRoSe
9,rattacher,6,RataSe
6,reclus,5,R°kly
11,remplissage,8,R@plisaZ
12,rentabiliser,10,R@tabilize
9,repoudrer,7,R°pudRe
6,rhésus,5,Rezys
4,sado,4,sado
8,saoudien,6,saudj5
8,seconder,6,s°g§de
4,sima,4,sima
8,sleeping,6,slipiG
6,sorbet,5,sORbE
6,stalag,6,stalag
9,statuette,7,stat8Et
7,strudel,7,StRud9l
13,stérilisation,12,steRilizasj§
7,surmené,7,syRm°ne
10,surtension,8,syRt@sj§
6,séduit,5,sed8i
7,tam-tam,6,tamtam
5,tarot,4,taRo
9,terrasser,6,tERase
6,trompé,5,tR§pe
7,tréteau,5,tReto
14,ultérieurement,11,ylteRj9R°m@
7,urinoir,7,yRinwaR
6,vaquer,4,vake
6,zoomer,4,zume
8,ébruiter,7,ebR8ite
7,écharde,5,eSaRd
8,écouteur,6,ekut9R
8,épancher,5,ep@Se
8,ammonium,7,amonjOm
9,annihiler,6,aniile
13,antisémitisme,11,@tisemitizm
14,antérieurement,10,@teRj9R°m@
8,archiduc,7,aRSidyk
7,armoise,6,aRmwaz
4,bale,3,bal
6,boiter,5,bwate
9,bolchevik,8,bOlS°vik
9,brassière,7,bRasjER
7,bâiller,4,baje
10,bâillonner,6,bajone
7,bécasse,5,bekas
6,bêcher,4,beSe
7,cajoler,6,kaZole
9,calomnier,8,kalOmnje
15,cauchemardesque,11,koS°maRdEsk
8,cerisaie,6,s°RizE
6,chaume,3,Som
6,cireur,5,siR9R
8,cisaille,5,sizaj
5,clito,5,klito
8,comanche,5,kOm@S
9,concerner,7,k§sERne
9,confédéré,8,k§fedeRe
9,converser,7,k§vERse
5,conçu,4,k§sy
5,coulé,4,kule
12,coupe-papier,8,kuppapje
8,courtage,6,kuRtaZ
7,crasher,5,kRaSe
14,culturellement,11,kyltyREl°m@
5,curie,4,kyRi
9,cylindrée,7,sil5dRe
5,derby,5,dERbi
7,digital,7,diZital
8,donateur,7,donat9R
9,déchirant,6,deSiR@
10,défaillant,6,defaj@
10,délinquant,6,del5k@
6,dénudé,6,denyde
16,dépressurisation,14,depREsyRizasj§
8,déraison,6,deREz§
10,détériorer,9,deteRjoRe
10,effacement,7,efas°m@
7,effréné,6,efRene
12,emblématique,9,@blematik
8,embusqué,6,@byske
9,en-dehors,5,@d2OR
8,enrouler,5,@Rule
10,entreposer,8,@tR°poze
9,escalator,9,EskalatOR
9,esclandre,7,Eskl@dR
9,essoreuse,6,esoR2z
9,excrément,8,EkskRem@
10,exhibition,9,Egzibisj§
12,exosquelette,10,Egzosk2lEt
8,extrader,8,EkstRade
9,farniente,9,faRnjEnte
9,fréquenté,7,fRek@te
9,futuriste,8,fytyRist
7,galérer,6,galeRe
8,gantelet,6,g@t°lE
10,harmonique,7,aRmonik
11,homme-femme,5,Omfam
15,hydroélectrique,12,idRoelEktRik
12,hypodermique,9,ipodERmik
7,imprimé,6,5pRime
8,incarner,6,5kaRne
7,inciser,5,5size
9,insistant,6,5sist@
8,intitulé,7,5tityle
10,inégalable,9,inegalabl
5,laird,3,lER
8,langueur,5,l@g9R
3,lez,2,lE
9,lidocaïne,8,lidokain
7,liftier,6,liftje
5,limbo,5,limbo
4,loué,3,lwe
5,luger,4,lyZe
7,lésiner,6,lezine
8,machisme,7,matSizm
10,main-forte,6,m5fORt
10,marchepied,8,maRS°pje
14,marionnettiste,11,maRjonEtist
7,martien,6,maRsj5
7,menthol,5,m@tOl
13,misérablement,11,mizeRabl°m@
4,mite,3,mit
13,modernisation,12,modERnizasj§
7,moignon,5,mwaN§
6,mollah,4,mola
12,motocyclette,10,motosiklEt
10,mousseline,7,mus°lin
6,muscat,5,myska
11,musculature,10,myskylatyR
5,mytho,4,mito
9,méritoire,8,meRitwaR
9,objecteur,8,ObZEkt9R
7,obstiné,7,Opstine
5,oisif,5,wazif
8,parution,7,paRysj§
5,probe,4,pROb
8,proférer,7,pRofeRe
5,projo,5,pRoZo
9,pédéraste,8,pedeRast
13,quatre-vingts,7,katR°v5
6,rayure,5,RejyR
9,reboucher,6,R°buSe
8,rechuter,6,R°Syte
12,reconversion,10,R°k§vERsj§
7,refoulé,6,R°fule
9,ressurgir,8,R°syRZiR
14,retransmission,11,R°tR@smisj§
3,rez,2,Re
5,rompu,4,R§py
7,rosales,5,Rozal
8,râtelier,7,Rat°lje
5,régir,5,ReZiR
14,réorganisation,13,ReORganizasj§
13,rétrospective,12,RetRospEktiv
17,rétrospectivement,15,RetRospEktiv°m@
7,sadisme,6,sadizm
5,saisi,4,sezi
7,saliver,6,salive
3,sax,4,saks
13,scintigraphie,9,s5tigRafi
5,scope,4,skOp
7,segment,5,sEgm@
12,self-service,10,sElfsERvis
8,sellette,5,sElEt
5,sioux,3,sju
8,solarium,8,solaRjOm
8,solvable,7,sOlvabl
6,sommer,4,some
10,somnolence,8,sOmnol@s
13,stabilisation,12,stabilizasj§
12,stupéfaction,11,stypefaksj§
11,symbiotique,8,s5bjotik
12,synthétiseur,9,s5tetiz9R
6,tender,5,t@d9R
8,théorème,6,teoREm
8,titiller,6,titije
6,topaze,5,topaz
7,torsion,6,tORsj§
8,tremplin,6,tR@pl5
6,tribun,5,tRib1
8,trilogie,7,tRiloZi
5,tripe,4,tRip
7,tuméfié,7,tymefje
6,tympan,4,t5p@
8,typhoïde,6,tifoid
13,télégraphiste,11,telegRafist
12,téléphérique,9,telefeRik
11,vidéothèque,8,videotEk
8,vigneron,6,viN°R§
7,voyelle,6,vwajEl
6,zigzag,6,zigzag
4,zona,4,zona
10,éclectique,8,eklEktik
5,écrin,4,ekR5
10,étroitesse,8,etRwatEs
9,éventreur,7,ev@tR9R
8,acharner,6,aSaRne
9,aiguillon,6,eg8ij§
4,alto,4,alto
11,anti-drogue,7,@tidROg
11,anti-stress,8,@tistREs
8,anti-vol,6,@tivOl
7,aplanir,7,aplaniR
7,appoint,4,apw5
11,autocensure,8,otos@syR
10,aventurier,8,av@tyRje
9,aveuglant,6,av9gl@
7,balafré,7,balafRe
7,barbelé,7,baRb°le
10,barbouillé,7,baRbuje
9,bassement,6,bas°m@
9,boui-boui,6,bwibwi
11,bouillonner,6,bujone
10,box-office,8,bOksofis
7,bridger,6,bRidZe
5,broyé,6,bRwaje
7,cafteur,6,kaft9R
8,canicule,7,kanikyl
9,casse-cou,5,kasku
10,chantonner,6,S@tone
9,chochotte,5,SoSOt
4,ciré,4,siRe
8,constipé,7,k§stipe
13,correctionnel,11,koREksjonEl
10,cotisation,9,kotizasj§
6,domino,6,domino
5,doper,4,dope
8,débouler,6,debule
8,décodeur,7,dekod9R
9,découragé,8,dekuRaZe
12,déraillement,8,deRaj°m@
11,dérèglement,9,deREgl°m@
10,désaltérer,9,dezalteRe
7,désoler,6,dezole
14,ecclésiastique,11,eklezjastik
8,effectif,7,efEktif
12,encaissement,7,@kEs°m@
8,enculeur,6,@kyl9R
6,ennuyé,6,@n8ije
5,enter,3,@te
7,estival,7,Estival
8,fasciner,6,fasine
7,fazenda,7,fazEnda
12,femme-enfant,6,fam@f@
7,gageure,5,gaZyR
6,gauler,4,gole
6,giclée,5,Zikle
10,glissement,7,glis°m@
5,gravé,5,gRave
7,gringue,4,gR5g
6,hacher,3,aSe
7,haïtien,5,aisj5
6,housse,2,us
6,héraut,3,eRo
8,illuminé,7,ilymine
10,increvable,8,5kR°vabl
9,insalubre,7,5salybR
15,intrinsèquement,10,5tR5sEk°m@
7,ionique,5,jonik
10,irréaliste,8,iRealist
9,jiu-jitsu,8,ZjyZitsy
4,lego,4,lego
8,louloute,5,lulut
11,manufacture,10,manyfaktyR
9,maraîcher,6,maReSe
8,marginal,8,maRZinal
9,martienne,7,maRsjEn
16,mathématiquement,12,matematik°m@
5,matte,3,mat
6,nicher,4,niSe
5,noise,4,nwaz
7,nunuche,5,nynyS
7,omettre,5,omEtR
9,oncologie,7,§koloZi
4,opus,4,opys
5,osier,4,ozje
8,palabrer,7,palabRe
12,passe-la-moi,8,paslamwa
9,perpétrer,8,pERpetRe
7,pianola,7,pjanola
5,piler,4,pile
7,pitance,5,pit@s
7,plagiat,6,plaZja
9,plaisance,6,plEz@s
7,poinçon,5,pw5s§
7,pompage,5,p§paZ
9,portillon,7,pORtij§
8,portique,6,pORtik
8,pourcent,5,puRs@
8,profiler,7,pRofile
12,prolongement,9,pRol§Z°m@
11,promptement,7,pR§t°m@
9,proscrire,8,pROskRiR
6,putter,4,p9te
4,rams,3,Ram
12,renonciation,10,R°n§sjasj§
10,richissime,7,RiSisim
5,rivet,4,RivE
6,rouget,4,RuZE
7,récurer,6,RekyRe
8,réitérer,7,ReiteRe
7,résider,6,Rezide
10,rôtisserie,8,Rotis°Ri
15,sainte-nitouche,8,s5tnituS
7,scalper,6,skalpe
11,scintillant,6,s5tij@
12,scénographie,9,senogRafi
3,ska,3,ska
7,sonique,5,sonik
9,souriceau,6,suRiso
8,start-up,7,staRt9p
7,stoïque,5,stoik
10,superficie,9,sypERfisi
12,surlendemain,9,syRl@d°m5
9,sèchement,6,sES°m@
9,tabatière,8,tabatjER
4,taie,2,tE
8,tangente,5,t@Z@t
14,tchécoslovaque,11,tSekOslovak
5,teint,2,t5
7,termite,6,tERmit
6,ternir,6,tERniR
7,terreux,4,tER2
10,théologien,8,teoloZj5
4,till,3,til
7,tonique,5,tonik
11,touche-pipi,7,tuSpipi
8,tourneur,6,tuRn9R
12,trachéotomie,10,tRakeotomi
10,transcrire,8,tR@skRiR
5,trick,4,tRik
6,triton,5,tRit§
5,truck,4,tRyk
8,validité,8,validite
10,valorisant,8,valoRiz@
10,vaudeville,7,vod°vil
5,viral,5,viRal
6,vivace,5,vivas
10,voiturette,8,vwatyREt
5,voûté,4,vute
16,wagon-restaurant,11,vag§REstoR@
10,zoologique,8,zooloZik
13,énergiquement,10,enERZik°m@
9,étiqueter,7,etik°te
9,étrangeté,8,etR@Z°te
6,évasif,6,evazif
9,abordable,8,abORdabl
9,abreuvoir,8,abR9vwaR
14,afro-américain,11,afRoameRik5
6,agrafe,5,agRaf
6,agrégé,6,agReZe
5,ahuri,4,ayRi
8,amérique,6,ameRik
11,antidouleur,8,@tidul9R
10,approfondi,8,apRof§di
8,arbitrer,7,aRbitRe
8,artefact,8,aRtefakt
9,articuler,8,aRtikyle
9,assombrir,7,as§bRiR
16,autobiographique,12,otobjogRafik
8,babiller,6,babije
7,baisser,4,bese
6,beeper,5,bip9R
6,bomber,4,b§be
6,braire,4,bRER
5,béant,3,be@
11,cadavérique,9,kadaveRik
8,cafetier,7,kaf°tje
9,calabrais,7,kalabRE
10,candélabre,8,k@delabR
6,canton,4,k@t§
8,carquois,6,kaRkwa
11,carriériste,9,kaRjeRist
9,caustique,6,kostik
5,chulo,4,Sylo
7,châtain,4,Sat5
7,ciblage,6,siblaZ
7,cithare,5,sitaR
9,civiliser,8,sivilize
12,colonialisme,11,kolonjalizm
11,comparution,9,k§paRysj§
7,conasse,5,konas
9,concocter,7,k§kOkte
7,confiné,6,k§fine
10,congénital,9,k§Zenital
15,contorsionniste,12,k§tORsjonist
5,cosse,3,kOs
16,course-poursuite,11,kuRspuRs8it
8,croquant,5,kRok@
11,cryogénique,10,kRijoZenik
8,cyclisme,7,siklizm
6,dadais,4,dadE
15,della francesca,12,dElafR@sEska
5,dinar,5,dinaR
10,distinctif,9,dist5ktif
5,djinn,4,dZin
4,dodu,4,dody
3,dol,3,dOl
8,dominion,8,dominjOn
5,doter,4,dote
6,doublé,5,duble
5,douma,4,duma
11,décapsuleur,10,dekapsyl9R
11,démoraliser,10,demoRalize
9,embaumeur,6,@bom9R
10,entre-deux,6,@tR°d2
9,entretenu,8,@tR°t°ny
9,essoufflé,6,esufle
11,eucharistie,8,2kaRisti
12,expressément,10,EkspREsem@
12,extérioriser,12,EksteRjoRize
5,fanal,5,fanal
6,fatras,5,fatRa
7,fausser,4,fose
8,festoyer,8,fEstwaje
7,fondeur,5,f§d9R
12,formaldéhyde,10,fORmaldeid
9,fouettard,6,fwEtaR
6,fronce,4,fR§s
5,fuser,4,fyze
6,fêtard,5,fEtaR
5,gager,4,gaZe
8,galicien,7,galisj5
5,gambe,3,g@b
12,garde-meuble,9,gaRd°m9bl
13,glorieusement,10,gloRj2z°m@
7,granite,6,gRanit
7,gravats,5,gRava
5,gâche,3,gaS
9,habitable,7,abitabl
6,hetman,4,Etm@
7,hyménée,5,imene
12,imperfection,10,5pERfEksj§
12,impertinence,9,5pERtin@s
12,imprudemment,8,5pRydam@
8,informel,7,5fORmEl
11,inséparable,9,5sepaRabl
11,intérimaire,8,5teRimER
4,isme,3,ism
15,je-ne-sais-quoi,9,Z°n°sekwa
8,jerrican,7,ZeRikan
8,jonkheer,6,jOnkER
8,jusqu'au,5,Zysko
7,karting,6,kaRtiG
5,kayak,5,kajak
7,lacérer,6,laseRe
14,lance-grenades,9,l@sgR°nad
6,larron,4,laR§
5,liane,4,ljan
6,lisser,4,lise
3,lux,4,lyks
10,macfarlane,9,makfaRlan
6,maints,2,m5
8,mal-être,6,malEtR
9,mammifère,7,mamifER
6,mander,4,m@de
6,mantra,5,m@tRa
12,matérialiser,11,mateRjalize
7,maximal,8,maksimal
4,mica,4,mika
7,modérer,6,modeRe
9,moscovite,8,mOskovit
9,motoneige,7,motonEZ
11,moussaillon,6,musaj§
5,métis,5,metis
15,nanotechnologie,13,nanotEknoloZi
10,nauséabond,7,nozeab§
10,non-retour,7,n§R2tuR
4,onyx,5,oniks
7,onzième,5,§zjEm
8,palourde,6,paluRd
5,pampa,4,p@pa
8,passable,6,pasabl
6,pastel,6,pastEl
6,pelvis,6,pElvis
5,penne,3,pEn
10,photogénie,8,fotoZeni
7,pimpant,4,p5p@
10,piémontais,7,pjem§tE
6,pliant,5,plij@
10,polygraphe,8,poligRaf
10,pot-pourri,6,popuRi
12,prédilection,11,pRedilEksj§
8,prémices,6,pRemis
14,ralentissement,10,Ral@tis°m@
3,ran,2,R@
12,rationaliser,11,Rasjonalize
12,rationalisme,11,Rasjonalizm
8,receleur,7,R°s°l9R
9,rehausser,5,R2ose
7,reluire,6,R°l8iR
6,renter,4,R@te
8,repoussé,6,R°puse
4,revu,4,R°vy
5,rondo,4,R§do
6,royale,6,Rwajal
7,sagouin,5,sagw5
7,sarcome,6,saRkom
6,savane,5,savan
7,sibylle,5,sibil
10,similitude,9,similityd
9,sommelier,7,sOm°lje
16,sous-prolétariat,12,supRoletaRja
12,spectromètre,11,spEktRomEtR
10,sécurisant,8,sekyRiz@
7,taillis,4,taji
4,tala,4,tala
6,taquin,4,tak5
9,tentateur,7,t@tat9R
5,tonus,5,tonys
8,toxicité,9,tOksisite
18,traditionnellement,14,tRadisjonEl°m@
10,traînasser,7,tREnase
7,tresser,5,tRese
8,tribunat,7,tRibyna
7,triceps,7,tRisEps
8,truquage,6,tRykaZ
11,typographie,9,tipogRafi
10,télécabine,9,telekabin
3,têt,2,tE
12,ultramoderne,11,yltRamodERn
8,ultrason,7,yltRas§
2,va,2,va
9,vingtième,6,v5tjEm
6,vinyle,5,vinil
11,vivisection,10,viviseksj§
7,volière,6,voljER
6,vôtres,4,votR
5,xénon,5,gzen§
5,écrou,4,ekRu
10,énervement,8,enERv°m@
10,éparpiller,8,epaRpije
16,épouvantablement,12,epuv@tabl°m@
10,étincelant,7,et5s°l@
7,évanoui,6,evanwi
10,accoutumer,7,akutyme
11,additionner,8,adisjone
7,affamer,5,afame
11,allègrement,8,alEgR°m@
4,anse,2,@s
9,anti-gang,6,@tig@g
4,apex,5,apEks
9,apoplexie,9,apoplEksi
8,assainir,6,aseniR
7,attiser,5,atize
16,authentification,12,ot@tifikasj§
5,badin,4,bad5
8,baigneur,5,bEN9R
9,balayette,7,balEjEt
7,bambino,6,b@bino
7,bandant,4,b@d@
8,barrette,5,baREt
8,benjamin,6,b5Zam5
7,bidoche,5,bidOS
8,bidonner,6,bidone
5,biffe,3,bif
5,biner,4,bine
7,blottir,6,blotiR
7,blouser,5,bluze
8,bonbonne,5,b§bOn
11,branchement,7,bR@S°m@
4,brie,3,bRi
7,catcher,5,katSe
10,chatouille,5,Satuj
16,chirurgicalement,13,SiRyRZikal°m@
5,choir,4,SwaR
11,chouchouter,6,SuSute
11,coagulation,10,koagylasj§
6,coffin,4,kof5
7,collabo,6,kolabo
10,collatéral,9,kolateRal
10,concitoyen,9,k§sitwaj5
11,contrepoint,8,k§tR°pw5
11,couillonner,6,kujone
9,crapuleux,7,kRapyl2
7,crisper,6,kRispe
6,crochu,5,kRoSy
8,croupier,6,kRupje
8,crucifié,8,kRysifje
12,dimensionnel,10,dim@sjonEl
9,dispenser,7,disp@se
9,dissocier,7,disosje
11,divulgation,10,divylgasj§
8,douzième,6,duzjEm
7,dualité,7,d8alite
11,déferlement,9,defERl°m@
10,déshydraté,9,dezidRate
16,désintéressement,12,dez5teREs°m@
11,déterminant,9,detERmin@
7,déveine,5,devEn
13,déverrouiller,8,devERuje
7,déviant,5,devj@
7,enfoncé,5,@f§se
9,engourdir,7,@guRdiR
10,enjoliveur,8,@Zoliv9R
8,enticher,5,@tiSe
11,envahissant,6,@vais@
9,estafette,7,EstafEt
8,fantasia,7,f@tazja
7,flamand,5,flam@
10,flash-back,7,flaSbak
4,floc,4,flOk
5,flood,4,flud
9,fléchette,6,fleSEt
7,foncier,5,f§sje
5,fripé,5,fRipe
8,fumigène,7,fymiZEn
13,gargantuesque,10,gaRg@t8Esk
10,gargouille,6,gaRguj
8,glandeur,6,gl@d9R
8,géniteur,7,Zenit9R
9,humoriste,7,ymoRist
9,imbroglio,9,5bRoglijo
14,indéniablement,11,5denjabl°m@
10,inexorable,10,inEgzoRabl
14,inexorablement,13,inEgzoRabl°m@
10,innommable,7,inomabl
13,introspection,11,5tRospEksj§
9,inégalité,9,inegalite
9,joaillier,5,Zoaje
6,jonque,3,Z§k
8,kamikaze,7,kamikaz
3,kot,3,kOt
6,ladite,5,ladit
4,laïc,4,laik
5,léser,4,leze
5,magma,5,magma
9,maisonnée,6,mEzone
9,mangouste,6,m@gust
8,marocain,6,maRok5
4,mimi,4,mimi
3,mir,3,miR
9,mollement,6,mOl°m@
10,montagneux,6,m§taN2
11,morphologie,9,mORfoloZi
5,moult,4,mult
3,nem,3,nEm
4,niet,4,njEt
6,nippon,4,nip§
8,nuisette,6,n8izEt
10,occultisme,8,okyltizm
11,oecuménique,8,2kymenik
8,opprobre,6,opRObR
7,orageux,5,oRaZ2
4,orme,3,ORm
8,ornement,6,ORn°m@
10,ostéopathe,8,Osteopat
6,patati,6,patati
9,pervenche,6,pERv@S
7,picorer,6,pikoRe
7,pilotis,6,piloti
7,pivoter,6,pivote
6,potelé,6,pOt°le
6,poupon,4,pup§
10,printanier,8,pR5tanje
8,prolongé,7,pRol§Ze
12,protubérance,10,pRotybeR@s
9,prélasser,7,pRelase
11,psychodrame,9,psikodRam
9,péricarde,8,peRikaRd
6,rectal,6,REktal
7,relieur,6,R°lj9R
10,rembobiner,8,R@bobine
7,ricaner,6,Rikane
11,régulariser,10,RegylaRize
9,sacredieu,8,sakR°dj2
10,saisissant,6,sezis@
6,salace,5,salas
12,saltimbanque,8,salt5b@k
6,scellé,4,sele
10,sectionner,8,seksjone
5,silex,6,silEks
6,solder,5,sOlde
9,sottement,6,sOt°m@
13,sous-vêtement,8,suvEt°m@
11,sponsoriser,9,sp§soRize
7,succion,5,sysj§
8,suffrage,6,syfRaZ
4,suée,3,s8e
7,tapioca,7,tapjoka
11,topographie,9,topogRafi
6,trader,6,tREd9R
8,traitant,5,tREt@
13,trompe-l'oeil,7,tR§pl9j
7,troquet,5,tRokE
7,tutorat,6,tytORa
8,utopique,6,ytopik
4,vamp,3,v@p
9,versatile,8,vERsatil
4,vire,3,viR
7,visière,6,vizjER
7,vitreux,5,vitR2
12,vérificateur,11,veRifikat9R
6,zonzon,4,z§z§
8,éjaculer,7,eZakyle
6,éluder,5,elyde
4,éros,4,eRos
4,étal,4,etal
9,étourneau,6,etuRno
6,étrier,6,etRije
9,acrobatie,8,akRobasi
8,allumeur,6,alym9R
10,ambidextre,9,@bidEkstR
12,angiographie,9,@ZjOgRafi
8,angliche,5,@gliS
9,angulaire,6,@gylER
9,animalier,8,animalje
11,apothicaire,8,apotikER
14,appareil-photo,10,apaREjfOto
7,arrimer,5,aRime
10,assermenté,8,asERm@te
12,authentifier,8,ot@tifje
6,basané,6,bazane
8,bellâtre,6,bElatR
9,berlinois,8,bERlinwa
7,beurrer,4,b9Re
6,blazer,6,blazER
5,bobby,4,bobi
9,boycotter,7,bOjkote
8,breveter,7,bR2v°te
7,briguer,5,bRige
4,buée,3,b8e
6,cafter,5,kafte
10,campagnard,7,k@paNaR
7,canevas,6,kan°va
8,carpette,6,kaRpEt
6,carrer,4,kaRe
9,cassonade,7,kasonad
7,cathode,5,katod
10,cautériser,8,koteRize
5,celte,4,sElt
6,centon,4,s@t§
9,charnière,7,SaRnjER
7,chauvin,4,Sov5
6,cheikh,3,SEk
7,chianti,5,kj@ti
8,chlorure,6,kloRyR
8,choriste,6,koRist
6,chouia,4,Suja
18,concentrationnaire,13,k§s@tRasjonER
10,conceptuel,9,k§sEpt8El
9,concerter,7,k§sERte
10,concurrent,6,k§kyR@
12,conditionner,9,k§disjone
11,conjuration,9,k§ZyRasj§
8,convoyer,7,k§vwaje
10,courbaturé,9,kuRbatyRe
9,courbette,6,kuRbEt
9,coïncider,7,ko5side
8,crachoir,7,kRaSwaR
4,crin,3,kR5
3,cré,3,kRe
7,créance,5,kRe@s
7,curable,6,kyRabl
5,céans,3,se@
11,demi-vérité,10,d°miveRite
14,dermatologique,12,dERmatoloZik
9,dextérité,10,dEksteRite
12,dissociation,10,disosjasj§
5,dring,4,dRiG
7,découpé,6,dekupe
8,dégonflé,7,deg§fle
8,dégrafer,7,degRafe
7,démener,5,demne
17,désensibilisation,15,des@sibilizasj§
12,désinvolture,10,dez5vOltyR
13,déstabilisant,11,destabiliz@
6,en-but,4,@byt
11,escarmouche,8,EskaRmuS
10,espingouin,7,Esp5gw5
10,exaspérant,9,EgzaspeR@
9,exubérant,8,EgzybeR@
6,fadeur,5,fad9R
9,farandole,7,faR@dOl
13,feld-maréchal,11,fEldmaReSal
6,finish,5,finiS
6,fortin,5,fORt5
10,franquette,6,fR@kEt
6,friqué,5,fRike
9,fructueux,7,fRykt82
5,fèces,3,fEs
7,galopin,6,galop5
5,gigue,3,Zig
5,givre,4,ZivR
8,grinçant,5,gR5s@
5,groin,4,gRw5
8,hilarité,7,ilaRite
5,humus,4,ymys
9,hépatique,6,epatik
12,impartialité,11,5paRsjalite
8,imploser,6,5ploze
6,import,4,5pOR
10,inconstant,6,5k§st@
10,incorporer,8,5kORpoRe
13,indemnisation,11,5dEmnizasj§
10,indemniser,8,5dEmnize
9,indélicat,7,5delika
9,inexploré,10,inEksploRe
12,intersidéral,11,5tERsideRal
5,ipéca,5,ipeka
10,jubilation,9,Zybilasj§
9,larmoyant,8,laRmwaj@
5,ledit,4,l°di
10,libidineux,8,libidin2
13,libre-échange,8,libReS@Z
10,léproserie,9,lepRoz°Ri
10,maçonnique,7,masonik
7,miennes,4,mjEn
6,mincir,5,m5siR
7,modique,5,modik
14,modus operandi,12,modusopeR@di
5,moisi,5,mwazi
8,monokini,8,monokini
7,mustang,6,myst@g
6,mégalo,6,megalo
10,méridional,10,meRidjonal
12,météorologue,10,meteoRolOg
4,nant,2,n@
8,offensif,6,of@sif
6,origan,5,oRig@
6,osseux,3,os2
11,ostentation,9,Ost@tasj§
7,ouvrant,4,uvR@
11,ouvre-boîte,8,uvR°bwat
9,palanquin,6,pal@k5
11,par-dessous,7,paRd°su
6,patata,6,patata
4,pavé,4,pave
9,percutant,7,pERkyt@
6,peuplé,5,p2ple
8,pléthore,6,pletOR
9,pomponner,6,p§pone
6,porque,4,pORk
11,poursuivant,8,puRs8iv@
8,prononcé,7,pRon§se
10,précepteur,9,pResEpt9R
10,prétendant,7,pRet@d@
9,puérilité,9,p8eRilite
5,pécan,4,pek@
14,pédopsychiatre,12,pedopsikjatR
10,péritonite,9,peRitonit
14,questionnement,10,kEstjOn°m@
6,radium,6,RadjOm
8,rameuter,6,Ram2te
5,rasta,5,Rasta
7,recaler,6,R°kale
13,recommandable,10,R°kom@dabl
9,redondant,6,R°d§d@
9,repeupler,7,R°p9ple
10,resplendir,9,REspl@diR
12,retardataire,10,R°taRdatER
4,rise,3,Riz
6,rodage,5,RodaZ
6,rouste,4,Rust
7,rudoyer,7,Rydwaje
5,rupin,4,Ryp5
5,rénal,5,Renal
9,répressif,8,RepResif
10,révocation,9,Revokasj§
9,sansonnet,6,s@sonE
6,shogun,5,Sogun
8,sinusite,7,sinyzit
7,sol-air,5,sOlER
12,sténographie,10,stenogRafi
14,successivement,11,syksesiv°m@
7,synapse,6,sinaps
11,synthétiser,8,s5tetize
9,séditieux,7,sedisj2
5,tarpé,5,taRpe
10,tempérance,7,t@peR@s
4,tipi,4,tipi
6,tramer,5,tRame
11,transsexuel,11,tR@sseks8El
10,tributaire,8,tRibytER
10,trisomique,8,tRizOmik
11,trottinette,8,tRotinEt
14,téléchargement,11,teleSaRZ°m@
10,vampirisme,8,v@piRizm
9,vaporetto,8,vapoREto
7,ventilo,6,v@tilo
12,visuellement,9,viz8El°m@
5,vulve,4,vylv
6,ânerie,5,an°Ri
11,écroulement,8,ekRul°m@
7,écusson,5,ekys§
4,édit,3,edi
9,électoral,9,elEktoRal
5,épars,4,epaR
8,éprendre,6,epR@dR
7,érosion,6,eRozj§
11,abaissement,7,abEs°m@
11,acrobatique,9,akRobatik
7,agraire,5,agRER
9,alcoolisé,8,alkolize
9,alcootest,8,alkotEst
10,allocution,8,alokysj§
9,altruisme,8,altR8izm
10,anorexique,9,anoREksik
12,antiatomique,9,@tiatomik
6,arquer,4,aRke
9,arracheur,6,aRaS9R
16,arrière-boutique,10,aRjERbutik
7,autisme,5,otizm
6,auvent,3,ov@
4,baba,4,baba
10,basketteur,8,baskEt9R
6,be-bop,5,bibOp
10,bien-fondé,7,bj5f§de
12,blanchissage,8,bl@SisaZ
8,braderie,7,bRad°Ri
4,brrr,2,bR
5,bulbe,4,bylb
6,butoir,6,bytwaR
8,cabriole,8,kabRijOl
10,canonnière,8,kanonjER
8,caqueter,6,kak°te
11,carambolage,9,kaR@bolaZ
9,caravelle,7,kaRavEl
8,centuple,6,s@typl
9,chapelure,7,Sap°lyR
6,chelem,5,SelEm
8,chez-soi,5,Seswa
9,coloriage,8,koloRjaZ
9,concision,7,k§sizj§
10,consulaire,7,k§sylER
7,contenu,6,k§t°ny
10,coupe-vent,5,kupv@
6,diluer,5,dil8e
8,distinct,5,dist5
8,douanier,6,dwanje
11,déboutonner,8,debutone
13,décongélation,11,dek§Zelasj§
12,déflagration,11,deflagRasj§
9,déglingue,6,degl5g
11,déglutition,10,deglytisj§
9,dégueulis,6,deg2li
9,entrelacs,6,@tR°la
7,esquire,5,EskiR
12,est-allemand,8,Estal°m@
12,extravagance,11,EkstRavag@s
8,farfadet,7,faRfadE
7,fauteur,5,fot9R
6,ficelé,6,fis°le
8,fielleux,5,fjEl2
7,fleuron,5,fl9R§
6,foison,5,fwaz§
10,frottement,7,fROt°m@
6,fruité,6,fR8ite
6,fumoir,6,fymwaR
6,glandu,5,gl@dy
7,glouton,5,glut§
6,goulag,5,gulag
7,goéland,5,goel@
4,grès,3,gRE
8,hanoukka,5,anuka
7,homélie,5,omeli
7,houblon,4,ubl§
10,inhumation,8,inymasj§
8,inimitié,8,inimitje
9,insidieux,6,5sidj2
11,intensifier,8,5t@sifje
8,jardiner,7,ZaRdine
6,kodiak,6,kodjak
8,limbique,5,l5bik
5,lutin,4,lyt5
7,lévrier,7,levRije
9,marmonner,7,maRmone
14,matériellement,11,mateRjEl°m@
8,menotter,6,m°note
7,mi-voix,5,mivwa
13,minéralogique,11,mineRaloZik
11,monarchiste,9,monaRSist
8,monogame,7,monogam
8,napperon,6,nap°R§
9,occlusion,7,oklyzj§
7,ogresse,5,ogREs
9,ombrageux,6,§bRaZ2
6,opaque,4,opak
8,orgiaque,6,ORZjak
9,parapente,7,paRap@t
6,parité,6,paRite
9,patchouli,7,patSuli
10,pauvrement,7,povR°m@
5,perce,4,pERs
4,pico,4,piko
6,piolet,5,pjolE
5,plain,3,pl5
11,planétarium,11,planetaRjOm
7,platane,6,platan
8,plumitif,8,plymitif
6,plèvre,5,plEvR
11,pneumatique,8,pn2matik
7,pourvoi,6,puRvwa
10,privatiser,9,pRivatize
7,probant,5,pRob@
14,protestantisme,12,pRotEst@tizm
6,pylône,5,pilon
12,périscopique,10,peRiskopik
9,recouvert,7,R°kuvER
9,restreint,6,REstR5
6,ripper,5,Rip9R
5,rotor,5,RotOR
7,récuser,6,Rekyze
14,réglementation,12,Regl°m@tasj§
9,réévaluer,8,Reeval8e
9,sangloter,7,s@glote
5,sarde,4,saRd
9,satanisme,8,satanizm
7,sculpté,6,skylte
3,soc,3,sOk
9,sphincter,7,sf5ktER
5,spoon,4,spun
5,stèle,4,stEl
9,séquestre,7,sekEstR
7,tanneur,5,tan9R
11,technocrate,9,tEknokRat
12,thoracotomie,10,tORakOtOmi
6,tinter,4,t5te
7,titrage,6,titRaZ
6,toutim,5,tutim
13,transposition,11,tR@spozisj§
9,treizième,7,tREzjEm
6,urémie,5,yRemi
9,véhémence,6,veem@s
6,webcam,6,wEbkam
7,yogourt,6,joguRt
7,économe,6,ekonOm
6,écumer,5,ekyme
7,édifier,6,edifje
6,éditer,5,edite
11,éradication,10,eRadikasj§
9,éthiopien,7,etjopj5
11,abondamment,7,ab§dam@
6,abonné,5,abone
12,accélérateur,11,akseleRat9R
9,adorateur,8,adoRat9R
13,affectivement,10,afEktiv°m@
6,alcade,5,alkad
14,alea jacta est,12,aleaZaktaEst
15,alphabétisation,13,alfabetizasj§
9,alter ego,8,altERego
8,amalgame,7,amalgam
5,amble,3,@bl
12,anti-douleur,8,@tidul9R
12,antiseptique,9,@tisEptik
8,apatride,7,apatRid
9,astronome,8,astRonOm
6,atrium,7,atRijOm
4,azur,4,azyR
4,baie,2,bE
6,bajoue,4,baZu
8,bazarder,7,bazaRde
6,berlue,5,bERly
8,biathlon,6,biatl§
8,bilingue,5,bil5g
11,biochimiste,9,bjoSimist
7,breveté,7,bR2v°te
10,brigandage,8,bRig@daZ
8,brouillé,5,bRuje
7,bulldog,6,buldOg
11,cafouillage,7,kafujaZ
11,calculateur,10,kalkylat9R
5,camer,4,kame
11,cancérigène,9,k@seRiZEn
8,carambar,7,kaR@baR
9,carnation,8,kaRnasj§
6,carter,5,kaRte
4,cela,4,s°la
7,chatter,5,tSate
10,chienchien,6,Sj5Sj5
10,chiennerie,7,SjEn°Ri
8,chignole,5,SiNOl
9,chihuahua,6,Siwawa
9,chlamydia,8,klamidja
8,clapotis,7,klapoti
6,codage,5,kodaZ
9,collégien,7,koleZj5
7,combiné,6,k§bine
8,comptage,5,k§taZ
10,conciliant,7,k§silj@
12,concurrencer,8,k§kyR@se
11,contredanse,8,k§tR°d@s
7,coquard,5,kokaR
5,cotte,3,kOt
7,coupeur,5,kup9R
10,couvre-lit,7,kuvR°li
8,crevette,6,kR°vEt
12,criminologue,10,kRiminolOg
7,crâneur,6,kRan9R
7,csardas,7,ksaRdas
7,cuisant,5,k8iz@
4,cuti,4,kyti
17,céphalo-rachidien,13,sefaloRaSidj5
7,dalmate,6,dalmat
10,demi-lieue,7,d2milj2
10,demi-verre,7,d2mivER
10,discipliné,9,disipline
9,distancer,7,dist@se
9,duplicité,9,dyplisite
9,déballage,7,debalaZ
12,décélération,11,deseleRasj§
14,démoralisation,13,demoRalizasj§
7,détoner,6,detone
9,eau-forte,5,ofORt
6,empalé,5,@pale
9,emphysème,6,@fizEm
6,emplir,5,@pliR
9,exhaustif,8,Egzostif
10,exhumation,9,Egzymasj§
4,fana,4,fana
10,flottement,7,flOt°m@
5,forte,4,fORt
6,forçat,5,fORsa
6,fusain,4,fyz5
7,gabarit,6,gabaRi
10,gazouillis,6,gazuji
6,glacer,5,glase
9,gris-bleu,6,gRibl2
9,groseille,6,gRozEj
5,grêlé,5,gRele
9,gyrophare,7,ZiRofaR
3,géo,3,Zeo
13,haut-de-forme,7,od°fORm
9,hortensia,7,ORt@sja
10,hypnotisme,8,ipnotizm
7,imbiber,5,5bibe
9,impayable,7,5pEjabl
10,indistinct,6,5dist5
10,interactif,9,5tERaktif
12,intermittent,8,5tERmit@
11,irrévérence,8,iReveR@s
4,itou,3,itu
4,kart,4,kaRt
8,labrador,8,labRadOR
10,lavandière,8,lav@djER
8,ligature,7,ligatyR
8,linéaire,6,lineER
12,localisateur,11,lokalizat9R
7,lâcheur,5,laS9R
7,lécheur,5,leS9R
9,légaliser,8,legalize
11,législateur,10,leZislat9R
8,lémurien,7,lemyRj5
9,madrilène,8,madRilEn
9,marmaille,6,maRmaj
10,masochiste,8,mazoSist
8,mendigot,6,m@digo
10,mercenaire,8,mERs°nER
15,monstrueusement,11,m§stRy2z°m@
6,moujik,5,muZik
8,muscadet,7,myskadE
12,musicalement,10,myzikal°m@
9,négociant,7,negosj@
3,obi,3,obi
15,océanographique,12,oseanogRafik
8,oisillon,6,wazij§
13,orthophoniste,10,ORtofonist
11,paramédical,11,paRamedikal
10,paranormal,10,paRanORmal
7,patache,5,pataS
16,perfectionnement,13,pERfEksjOn°m@
16,personnification,14,pERsonifikasj§
11,persévérant,9,pERseveR@
2,ph,4,peaS
5,pin's,4,pins
7,pistage,6,pistaZ
8,playmate,7,plEjmat
8,pointage,6,pw5taZ
4,poly,4,poli
11,ponctuation,9,p§kt8asj§
12,portemanteau,9,pORt°m@to
8,pourceau,5,puRso
10,praticable,9,pRatikabl
9,praticien,8,pRatisj5
10,proliférer,9,pRolifeRe
13,préjudiciable,12,pReZydisjabl
10,prénuptial,10,pRenypsjal
8,purgatif,8,pyRgatif
12,périphérique,9,peRifeRik
11,rase-mottes,6,RazmOt
8,ratifier,7,Ratifje
6,rauque,3,Rok
5,recto,5,REkto
5,relié,5,R°lje
10,renégocier,9,R°negosje
14,resplendissant,10,REspl@dis@
15,responsabiliser,13,REsp§sabilize
11,restreindre,8,REstR5dR
12,ridiculement,10,Ridikyl°m@
5,roder,4,Rode
5,ronin,4,ROn5
8,roseraie,6,Roz°RE
6,rouage,4,RwaZ
11,rouge-gorge,7,RuZgORZ
7,rouquin,4,Ruk5
6,rythmé,5,Ritme
8,réglisse,6,Reglis
10,réincarner,8,Re5kaRne
7,sabayon,6,sabaj§
11,saint-siège,6,s5sjEZ
5,saler,4,sale
7,sanglot,5,s@glo
9,sautiller,6,sotije
6,savate,5,savat
12,scientologie,9,sj@toloZi
6,simulé,6,simyle
6,sit-in,5,sitin
5,soule,3,sul
18,sous-développement,12,sudev°lOp°m@
7,soutenu,6,sut°ny
15,stratégiquement,12,stRateZik°m@
11,superbement,9,sypERb°m@
9,surnombre,7,syRn§bR
8,surplace,7,syRplas
13,séquestration,11,sekEstRasj§
7,séquoia,6,sekoja
8,taillade,5,tajad
6,tirant,4,tiR@
6,tocade,5,tokad
10,transformé,9,tR@sfORme
9,tricolore,8,tRikolOR
10,trop-plein,6,tRopl5
4,ténu,4,teny
7,vacciné,7,vaksine
9,valériane,8,valeRjan
7,velouté,6,v°lute
6,véniel,6,venjEl
5,zigue,3,zig
9,échangeur,6,eS@Z9R
7,écoeuré,5,ek9Re
6,écrier,6,ekRije
8,écumoire,7,ekymwaR
10,élasticité,10,elastisite
8,élogieux,6,eloZj2
9,élévation,8,elevasj§
7,énoncer,5,en§se
10,étourderie,8,etuRd°Ri
7,évaporé,7,evapoRe
7,abraxas,8,abRaksas
6,acquit,3,aki
10,agrégation,9,agRegasj§
10,aiguilleur,7,eg8ij9R
5,algue,3,alg
11,allaitement,7,alEt°m@
7,ambages,4,@baZ
11,amontillado,9,am§tijado
5,amphi,3,@fi
9,amplitude,7,@plityd
9,analyseur,8,analiz9R
11,apitoiement,8,apitwam@
12,appareillage,8,apaREjaZ
5,arien,4,aRj5
8,athéisme,6,ateizm
6,auquel,4,okEl
6,bachot,4,baSo
12,balai-brosse,8,balEbROs
6,bancal,5,b@kal
4,bath,3,bat
8,bavarois,7,bavaRwa
11,bienfaisant,7,bj5f°z@
11,bifurcation,10,bifyRkasj§
6,biniou,5,binju
7,blanchi,5,bl@Si
6,blason,5,blaz§
6,borner,5,bORne
10,branle-bas,6,bR@lba
6,cafard,5,kafaR
10,capricorne,9,kapRikORn
7,cassant,4,kas@
7,causant,4,koz@
7,causeur,5,koz9R
8,cervical,8,sERvikal
9,chatoyant,7,Satwaj@
6,châsse,3,Sas
4,clac,4,klak
7,clamser,6,klamse
9,climatisé,9,klimatize
6,clouté,5,klute
9,coexister,9,koEgziste
9,colombien,7,kol§bj5
6,corser,5,kORse
14,court-bouillon,7,kuRbuj§
15,court-circuiter,11,kuRsiRk8ite
10,crocheteur,8,kROS°t9R
7,crémeux,5,kRem2
7,daurade,5,doRad
3,dig,3,dig
7,dilater,6,dilate
11,discipliner,9,disipline
10,dissuasion,8,dis8azj§
7,dribble,5,dRibl
9,déambuler,7,de@byle
12,défourailler,8,defuRaje
7,dégoûté,6,degute
11,démarcation,10,demaRkasj§
11,déshydrater,9,dezidRate
7,dévaler,6,devale
9,dînatoire,8,dinatwaR
8,emboîter,6,@bwate
8,endolori,7,@doloRi
10,endorphine,7,@dORfin
7,entravé,6,@tRave
6,esquif,5,Eskif
12,excentricité,11,Eks@tRisite
10,exploiteur,10,Eksplwat9R
13,fabuleusement,10,fabyl2z°m@
6,falzar,6,falzaR
9,fantassin,6,f@tas5
12,fermentation,10,fERm@tasj§
8,filament,6,filam@
7,fleuret,5,fl9RE
9,fleurette,6,fl9REt
9,floraison,7,floREz§
11,fluctuation,10,flykt8asj§
7,fluxion,7,flyksj§
3,foc,3,fOk
9,fragrance,7,fRagR@s
11,franciscain,8,fR@sisk5
6,friand,5,fRij@
8,fringuer,5,fR5ge
10,fumisterie,9,fymist°Ri
8,gerbille,6,ZERbij
5,godet,4,godE
5,gogol,5,gogOl
6,gracié,6,gRasje
11,grand-messe,6,gR@mEs
8,graphite,6,gRafit
13,gratification,12,gRatifikasj§
8,greluche,6,gR°lyS
9,grimpette,6,gR5pEt
7,grisant,5,gRiz@
9,grumeleux,7,gRym°l2
7,gérance,5,ZeR@s
9,hara-kiri,7,aRakiRi
5,haïku,4,aiky
5,heurt,2,9R
9,high-tech,5,ajtEk
10,horlogerie,8,ORlOZ°Ri
12,hypothalamus,10,ipotalamys
6,hébété,5,ebete
4,ides,2,id
8,immigrer,6,imigRe
8,impavide,6,5pavid
10,inaptitude,9,inaptityd
12,inconvenance,8,5k§v°n@s
7,inculpé,6,5kylpe
11,indubitable,9,5dybitabl
11,infatigable,9,5fatigabl
13,inqualifiable,10,5kalifjabl
9,interlude,7,5tERlyd
9,islandais,6,isl@dE
2,ka,2,ka
4,kapo,4,kapo
8,laiterie,6,lEt°Ri
8,lancette,5,l@sEt
8,lapereau,6,lap°Ro
7,laïcité,7,laisite
6,licite,5,lisit
8,ligament,6,ligam@
6,ligoté,6,ligote
7,lobbies,4,lObi
10,longue-vue,5,l§gvy
8,lymphome,5,l5fom
5,lynch,3,l5S
12,marmonnement,9,maRmOn°m@
7,meccano,6,mekano
9,mensonger,6,m@s§Ze
8,miroiter,7,miRwate
8,misogyne,7,mizoZin
6,mohair,4,moER
8,monnayer,6,moneje
6,myopie,5,mjopi
4,noué,3,nwe
8,occulter,6,okylte
9,palmeraie,7,palm°Re
4,pano,4,pano
12,parachutisme,10,paRaSytizm
9,passation,7,pasasj§
11,passivement,8,pasiv°m@
12,pathologiste,10,patoloZist
8,pelletée,6,pEl°te
9,penalties,7,penalti
10,permanente,8,pERman@t
9,pistonner,7,pistone
5,pitch,4,pitS
9,pizzicato,9,pidzikato
7,plâtrer,6,platRe
8,portance,6,pORt@s
11,porte-plume,9,pORt°plym
9,portuaire,7,pORt8ER
13,post-scriptum,12,pOstskRiptOm
7,puisard,6,p8izaR
10,pédérastie,9,pedeRasti
9,pélagique,7,pelaZik
13,quarante-deux,7,kaR@td2
12,rapatriement,9,RapatRim@
11,reconnecter,9,R°konEkte
11,redécouvrir,10,R°dekuvRiR
8,reformer,7,R°fORme
9,regonfler,7,R°g§fle
10,retrancher,7,R°tR@Se
6,roupie,4,Rupi
6,râpeux,4,Rap2
7,récrire,6,RekRiR
7,saturer,6,satyRe
10,scandinave,8,sk@dinav
7,semonce,5,s°m§s
7,sinusal,7,sinyzal
4,smog,4,smOg
8,sophisme,6,sofizm
12,squelettique,8,sk°letik
13,stabilisateur,12,stabilizat9R
7,stretch,6,stREtS
13,sud-américain,10,sydameRik5
6,tampax,6,t@paks
7,tapoter,6,tapote
8,taratata,8,taRatata
5,taupe,3,top
11,théologique,8,teoloZik
8,tibétain,6,tibet5
9,tolérable,8,toleRabl
8,toréador,8,toReadOR
11,transcender,7,tR@s@de
7,traçage,6,tRasaZ
11,trou-du-cul,7,tRudyky
8,urologue,6,yRolOg
7,vacance,5,vak@s
8,vaciller,6,vasije
7,vantard,5,v@taR
10,vermisseau,7,vERmiso
9,vivifiant,7,vivifj@
9,vociférer,8,vosifeRe
4,yeti,4,jeti
13,éblouissement,9,ebluis°m@
8,épilogue,6,epilOg
9,épouiller,5,epuje
11,épousailles,6,epuzaj
7,éthanol,6,etanOl
5,étole,4,etOl
6,adonis,6,adonis
8,affairer,5,afERe
8,affréter,6,afRete
8,ajourner,6,aZuRne
6,ajusté,6,aZyste
10,allégation,8,alegasj§
11,ambivalence,8,@bival@s
10,aménorrhée,7,amenoRe
10,analogique,8,analoZik
8,angoissé,6,@gwase
10,appariteur,8,apaRit9R
11,appellation,8,apelasj§
11,applicateur,9,aplikat9R
7,apposer,5,apoze
7,arbuste,6,aRbyst
13,astrophysique,10,astRofizik
7,attitré,6,atitRe
13,auto-stoppeur,9,otostop9R
11,autocuiseur,9,otok8iz9R
9,autopsier,7,otOpsje
12,avant-centre,7,av@s@tR
4,aéré,4,aeRe
8,bailleur,5,baj9R
6,barouf,5,baRuf
9,baudruche,6,bodRyS
9,berzingue,6,bERz5g
7,bicycle,6,bisikl
9,bigrement,7,bigR°m@
8,bluffeur,6,bl9f9R
13,boogie-woogie,8,bugiwugi
11,bouquiniste,8,bukinist
6,bourru,4,buRy
6,braisé,5,bReze
6,brider,5,bRide
10,brocanteur,8,bRok@t9R
9,broussard,6,bRusaR
8,brunette,6,bRynEt
5,buggy,4,b9gi
7,bécoter,6,bekote
5,bévue,4,bevy
7,cafetan,6,kaf°t@
6,canner,4,kane
11,caractériel,11,kaRakteRjEl
6,carcan,5,kaRk@
6,carmel,6,kaRmEl
9,carmélite,8,kaRmelit
7,carrick,5,kaRik
11,casse-dalle,6,kasdal
5,cella,4,sEla
8,centième,6,s@tjEm
8,chahuter,5,Sayte
9,chartreux,6,SaRtR2
11,cheese-cake,7,tSizkEk
7,chopper,5,SOpER
12,circulatoire,11,siRkylatwaR
7,clapier,6,klapje
9,colophane,7,kolofan
11,combativité,10,k§bativite
11,combustible,9,k§bystibl
11,compétiteur,9,k§petit9R
8,concorde,6,k§kORd
12,condensation,9,k§d@sasj§
9,congolais,6,k§golE
10,conjecture,8,k§ZEktyR
8,conservé,7,k§sERve
11,contentieux,7,k§t@sj2
9,contralto,8,k§tRalto
10,contrordre,8,k§tRORdR
10,cordillère,8,kORdijER
7,cosinus,7,kosinys
11,coupe-gorge,7,kupgORZ
9,courtisan,7,kuRtiz@
8,cracheur,6,kRaS9R
6,cricri,6,kRikRi
15,croque-monsieur,9,kROkm°sj2
6,croton,5,kRot§
6,cruche,4,kRyS
11,crépitement,9,kRepit°m@
8,cycliste,7,siklist
9,daltonien,8,daltonj5
7,diminué,7,dimin8e
8,dressing,6,dResiG
9,droguerie,7,dROg°Ri
8,débander,6,deb@de
8,décarrer,6,dekaRe
9,délaisser,6,delese
9,démembrer,7,dem@bRe
11,dénigrement,9,denigR°m@
11,déroutement,8,deRut°m@
14,déverrouillage,9,devERujaZ
8,emboutir,6,@butiR
11,embrasement,8,@bRaz°m@
9,empoigner,6,@pwaNe
8,encombré,6,@k§bRe
9,entendeur,6,@t@d9R
9,envenimer,7,@v°nime
6,essieu,4,Esj2
10,ex-taulard,8,EkstolaR
9,ex-épouse,7,Eksepuz
13,expropriation,14,EkspRopRijasj§
8,fan-club,7,fankl9b
7,fashion,5,faSOn
7,faïence,5,faj@s
7,fibrose,6,fibRoz
6,floral,6,floRal
10,florissant,7,floRis@
9,flottille,6,flotij
7,formica,7,fORmika
11,formulation,10,fORmylasj§
10,fratricide,9,fRatRisid
6,friche,4,fRiS
7,fumette,5,fymEt
5,futon,4,fyt§
8,galéjade,7,galeZad
6,gaucho,4,goSo
6,gentry,7,dZEntRi
4,gram,4,gRam
6,grouse,4,gRuz
11,gynécologie,10,ZinekoloZi
10,généalogie,9,ZenealoZi
9,hasardeux,6,azaRd2
7,hermine,5,ERmin
10,hindouisme,6,5duizm
5,humer,3,yme
5,husky,4,yski
11,hypotension,8,ipot@sj§
8,héparine,6,epaRin
10,idéalement,8,ideal°m@
9,idéologue,7,ideolOg
11,immatriculé,10,imatRikyle
8,imprécis,6,5pResi
8,incisive,6,5siziv
12,incontinence,8,5k§tin@s
10,incorporel,9,5kORpoREl
11,indignement,7,5diN°m@
9,indécence,6,5des@s
10,inexpliqué,10,inEksplike
12,inexpérience,11,inEkspeRj@s
14,infaillibilité,11,5fajibilite
10,inhumanité,9,inymanite
13,insensibilité,11,5s@sibilite
7,intimer,5,5time
15,invulnérabilité,14,5vylneRabilite
15,irréconciliable,12,iRek§siljabl
6,ivoire,5,ivwaR
5,jihad,6,dZijad
10,jurassique,7,ZyRasik
5,kilim,5,kilim
8,kommando,6,kOm@do
7,laxisme,7,laksizm
7,literie,6,lit°Ri
5,lycra,5,likRa
9,malpropre,8,malpROpR
10,maquilleur,7,makij9R
12,menstruation,10,m@stRyasj§
6,mikado,6,mikado
6,minier,5,minje
7,minimal,7,minimal
5,molto,5,mOlto
6,moufle,4,mufl
14,multiplication,13,myltiplikasj§
8,munition,7,mynisj§
5,muret,4,myRE
4,musc,4,mysk
12,médiocrement,10,medjOkR°m@
9,ménestrel,9,menEstREl
8,ménisque,6,menisk
11,métabolique,9,metabolik
4,nabi,4,nabi
10,non-voyant,7,n§vwaj@
7,nécrose,6,nekRoz
8,objecter,7,ObZEkte
12,obstétricien,11,OpstetRisj5
5,occis,4,Oksi
11,occultation,9,okyltasj§
7,onction,5,§ksj§
5,opéré,5,opeRe
7,palette,5,palEt
5,panel,5,panEl
10,parachever,8,paRaS°ve
5,parka,5,paRka
6,phénix,6,feniks
8,pied-bot,5,pjebo
13,pied-de-biche,8,pjed°biS
10,pierreries,7,pjER°Ri
5,plaid,4,plEd
9,plaquette,6,plakEt
5,poché,4,poSe
12,poliomyélite,11,poljomjelit
6,popaul,5,popOl
7,possédé,6,posede
11,post mortem,11,pOst°mORtEm
7,potager,6,potaZe
4,pouh,2,pu
9,prosaïque,7,pRozaik
10,provincial,9,pRov5sjal
11,prérogative,10,pReRogativ
8,prêtrise,7,pRetRiz
7,pustule,6,pystyl
7,pélican,6,pelik@
13,quarante-neuf,8,kaR@tn9f
5,quiet,3,kjE
8,radotage,7,RadotaZ
4,raki,4,Raki
8,rassasié,7,Rasazje
12,ratification,11,Ratifikasj§
7,ravager,6,RavaZe
10,recomposer,8,R°k§poze
12,recouvrement,9,R°kuvR°m@
7,refonte,5,R°f§t
10,reliquaire,7,R°likER
11,remplaçable,9,R@plasabl
11,restitution,10,REstitysj§
10,revigorant,8,R°vigoR@
8,revoyure,8,R°vwajyR
5,ricin,4,Ris5
7,rinçage,5,R5saZ
13,rocking-chair,9,ROkiGtSER
9,roudoudou,6,Rududu
5,ruade,4,Ryad
11,réciprocité,11,ResipRosite
6,régule,5,Regyl
7,réguler,6,Regyle
11,réhabiliter,9,Reabilite
8,scabreux,6,skabR2
13,sensuellement,9,s@s8El°m@
7,shiatsu,6,Sjatsu
4,sien,3,sj5
3,soi,3,swa
7,sommier,5,somje
8,sortable,7,sORtabl
9,sous-main,4,sum5
13,sous-officier,9,suzofisje
6,soûlot,4,sulo
10,stretching,8,stREtSiG
6,suaire,4,s8ER
9,subjuguer,7,sybZyge
7,subside,6,sypzid
10,symboliser,8,s5bolize
6,tarama,6,taRama
6,tarmac,6,taRmak
11,tendancieux,7,t@d@sj2
5,tiser,4,tize
10,tissulaire,7,tisylER
5,titré,5,titRe
7,tiédeur,6,tjed9R
7,toiture,6,twatyR
9,torpiller,7,tORpije
10,torpilleur,8,tORpij9R
16,tranche-montagne,9,tR@Sm§taN
12,travailliste,9,tRavajist
6,tribal,6,tRibal
13,trigonométrie,12,tRigonometRi
15,turbopropulseur,14,tyRbopRopyls9R
9,turquoise,7,tyRkwaz
9,ukrainien,7,ykREnj5
8,uppercut,7,ypERkyt
7,valence,5,val@s
12,vaporisateur,11,vapoRizat9R
10,villageois,7,vilaZwa
11,vingt-et-un,5,v5te1
5,viole,4,vjOl
9,virologie,8,viRoloZi
5,xième,6,iksjEm
9,xylophone,8,gzilofOn
3,yak,3,jak
5,zombi,4,z§bi
7,écorché,6,ekORSe
11,électrochoc,10,elEktRoSOk
12,électrophone,10,elEktRofOn
8,épaissir,6,epesiR
8,équestre,6,ekEstR
7,étouffé,5,etufe
7,abonner,5,abone
8,accéléré,8,akseleRe
7,acidité,7,asidite
4,acra,4,akRa
4,acre,3,akR
7,affaler,5,afale
14,agenouillement,8,aZnuj°m@
10,alexandrin,9,alEks@dR5
5,algie,4,alZi
6,aloyau,6,alwajo
9,amharique,6,amaRik
5,amibe,4,amib
11,amphétamine,8,@fetamin
12,anesthésiant,9,anEstezj@
7,apanage,6,apanaZ
6,appuyé,6,ap8ije
8,apéritif,8,apeRitif
4,arec,4,aREk
12,assa-foetida,9,asafetida
8,astronef,8,astRonEf
9,asystolie,8,asistoli
6,avilir,6,aviliR
5,azéri,5,azeRi
8,badamier,7,badamje
10,baissement,6,bEs°m@
5,banni,4,bani
6,bardot,5,baRdo
4,binz,4,binz
10,boisselier,8,bwas2lje
8,bouclage,6,buklaZ
10,braconnage,8,bRakonaZ
8,breloque,6,bR2lOk
8,bretteur,6,bREt9R
9,brillance,6,bRij@s
7,brocart,6,bRokaR
5,butor,5,bytOR
8,calibrer,7,kalibRe
6,cancel,5,k@sEl
9,cantonais,6,k@tonE
9,capuccino,9,kaputSino
7,caracul,7,kaRakyl
7,carnier,6,kaRnje
8,cascader,7,kaskade
10,cautionner,7,kosjone
7,ch'timi,5,Stimi
7,chabrot,5,SabRo
6,chevir,5,S2viR
8,chipoter,6,Sipote
12,chocolaterie,10,Sokolat°Ri
9,châtelain,6,Sat°l5
7,chéchia,5,SeSja
7,cliquer,5,klike
9,co-pilote,7,kopilOt
5,colin,4,kol5
6,colley,4,kolE
12,colombophile,9,kol§bofil
9,commercer,7,komERse
10,concevable,8,k§s°vabl
10,confluence,7,k§fly@s
11,consomption,8,k§s§psj§
13,courtoisement,10,kuRtwaz°m@
6,crieur,6,kRij9R
9,cryogénie,9,kRijoZeni
8,crémerie,7,kREm°Ri
8,daiquiri,7,dajkiRi
10,dauphinois,7,dofinwa
5,delco,5,dElko
11,deux-pièces,6,d2pjEs
4,deçà,4,d°sa
8,différer,6,difeRe
13,disproportion,12,dispRopORsj§
10,dissidence,7,disid@s
14,documentaliste,12,dokym@talist
14,dramatiquement,11,dRamatik°m@
8,débilité,8,debilite
7,débiner,6,debine
12,déboutonnage,9,debutonaZ
12,décontracter,10,dek§tRakte
13,découragement,10,dekuRaZ°m@
6,dédale,5,dedal
5,dédié,5,dedje
9,déglingué,7,degl5ge
9,déraciner,8,deRasine
12,dératisation,11,deRatizasj§
7,emmurer,5,@myRe
10,enlumineur,8,@lymin9R
7,esthète,5,EstEt
7,exhaler,6,Egzale
6,fauche,3,foS
7,feinter,4,f5te
11,fichtrement,8,fiStR°m@
8,flagellé,7,flaZEle
9,flageolet,7,flaZolE
6,foetal,5,fetal
7,folâtre,6,folatR
10,fontainier,7,f§tEnje
9,fracturer,8,fRaktyRe
11,framboisier,9,fR@bwazje
4,fugu,4,fygy
10,fétichiste,8,fetiSist
7,galline,5,galin
3,gan,3,gan
9,genévrier,9,Z°nevRije
8,glaucome,6,glokom
9,globuleux,7,globyl2
12,gloutonnerie,9,glutOn°Ri
8,goulasch,5,gulaS
7,gousset,4,gusE
11,grand-route,6,gR@Rut
6,ground,6,gRawnd
6,grunge,5,gR9nZ
7,guépard,5,gepaR
7,guêpier,5,gepje
13,générationnel,12,ZeneRasjOnEl
6,haggis,4,agis
10,hammerless,7,amERlEs
11,harassement,7,aRas°m@
7,hectare,5,EktaR
9,high-life,6,ajlajf
12,homosexuelle,10,omoseks8El
8,hourvari,6,uRvaRi
7,huileux,4,8il2
14,hydrographique,10,idRogRafik
13,hypersensible,10,ipERs@sibl
5,héron,3,eR§
12,immoralement,9,imoRal°m@
7,imparti,6,5paRti
9,imprégner,6,5pReNe
10,inch allah,6,inSala
11,incidemment,7,5sidam@
10,incohérent,6,5koeR@
9,indolence,6,5dol@s
12,inefficacité,11,inefikasite
15,infailliblement,10,5fajibl°m@
6,inique,4,inik
12,initialement,10,inisjal°m@
8,insonore,6,5sonOR
12,inséminateur,10,5seminat9R
11,intentionné,8,5t@sjone
15,inéluctablement,13,inelyktabl°m@
7,jazzman,7,dZazman
4,keum,3,k2m
5,khmer,4,kmER
12,kommandantur,10,kom@d@ntuR
8,laitance,5,lEt@s
7,lapider,6,lapide
9,laryngite,7,laR5Zit
6,lazaro,6,lazaRo
10,limitation,9,limitasj§
6,lindor,5,l5dOR
5,liter,4,lite
5,loden,5,lodEn
7,looping,5,lupiG
5,luron,4,lyR§
8,lyonnais,5,ljonE
12,légitimement,10,leZitim°m@
9,léninisme,8,leninizm
9,léviathan,7,levjat@
9,magasiner,8,magazine
12,magnificence,9,maNifis@s
14,maladroitement,12,maladRwat°m@
8,maniable,7,manjabl
8,manillon,6,manij§
18,marxiste-léniniste,17,maRksist°leninist
10,minestrone,9,minEstROn
5,moise,4,mwaz
4,mole,3,mOl
5,moque,3,mOk
5,mutin,4,myt5
9,méprendre,7,mepR@dR
12,méthodologie,10,metodoloZi
9,naturlich,8,natyRliS
9,naïvement,7,naiv°m@
7,nonante,5,non@t
8,notifier,7,notifje
12,nouvellement,8,nuvEl°m@
8,novateur,7,novat9R
4,oued,3,wEd
6,oui-da,4,wida
7,paddock,5,padOk
6,pampre,4,p@pR
7,panacée,6,panase
8,parfumer,7,paRfyme
7,parigot,6,paRigo
5,paros,5,paROs
9,paroxysme,9,paROksizm
5,parsi,5,paRsi
8,pelleter,6,pEl°te
9,pelucheux,6,p°lyS2
8,perdurer,7,pERdyRe
9,persister,8,pERsiste
12,perturbateur,11,pERtyRbat9R
12,pestilentiel,11,pEstil@sjEl
10,petit-gris,7,p°tigRi
8,pianoter,7,pjanote
8,pic-vert,5,pivER
10,pichenette,6,piSnEt
10,pigeonnier,7,piZonje
9,pipelette,7,pip°lEt
14,pique-assiette,8,pikasjEt
7,pluriel,7,plyRjEl
11,porte-clefs,8,pORt°kle
8,postiche,6,pOstiS
9,prestance,7,pREst@s
4,proc,4,pROk
8,prouesse,5,pRuEs
8,prénatal,8,pRenatal
11,préoccupant,8,pReokyp@
7,punitif,7,pynitif
10,putschiste,7,putSist
10,pâquerette,7,pak°REt
5,pékin,4,pek5
6,péroné,6,peRone
11,quatre-mâts,6,katRma
5,quick,3,kik
8,rebelote,7,R°b2lOt
14,rebondissement,10,R°b§dis°m@
7,reboule,5,R2bul
11,recontacter,9,R2k§takte
11,rentabilité,10,R@tabilite
8,retentir,7,R°t@tiR
7,revente,5,R°v@t
10,ricanement,8,Rikan°m@
6,rocade,5,Rokad
8,ronflant,5,R§fl@
7,réflexe,7,ReflEks
10,réfraction,9,RefRaksj§
7,résille,5,Rezij
6,satire,5,satiR
5,scion,3,sj§
10,signifiant,7,siNifj@
7,soierie,5,swaRi
15,soixante-quinze,9,swas@tk5z
13,somnambulisme,11,sOmn@bylizm
15,souffre-douleur,10,sufR°dul9R
6,splash,5,splaS
6,spéléo,6,speleo
7,statuer,6,stat8e
8,stomoxys,8,stomOksi
10,stéphanois,8,stefanwa
9,suggestif,9,sygZEstif
12,suppositoire,10,sypozitwaR
7,surdose,6,syRdoz
9,surpeuplé,8,syRp9ple
12,synchroniser,9,s5kRonize
7,syntaxe,6,s5taks
10,séquençage,7,sek@saZ
9,tamponner,6,t@pone
9,tentacule,7,t@takyl
5,toman,5,tOman
11,tord-boyaux,8,tORbwajo
4,tors,3,tOR
9,tournoyer,8,tuRnwaje
6,trouée,4,tRue
7,tsigane,6,tsigan
10,télévisuel,10,televiz8El
9,ultérieur,8,ylteRj9R
9,ustensile,7,yst@sil
7,vacuité,7,vak8ite
9,vertubleu,8,vERtybl2
13,vice-ministre,10,visministR
12,vide-gousset,8,vid°gusE
8,voïvodie,7,vojvOdi
8,écarteur,7,ekaRt9R
7,écumeur,6,ekym9R
8,électrum,8,elEktROm
8,émeraude,6,Em°Rod
8,émétique,6,emetik
8,épervier,7,epERvje
6,épicer,5,epise
10,a l'instar,7,al5staR
13,accordéoniste,11,akORdeonist
9,admiratif,9,admiRatif
6,affect,5,afEkt
11,affiliation,9,afiljasj§
6,ancrer,4,@kRe
5,anniv,4,aniv
15,anti-terroriste,11,@titeRoRist
4,anya,4,ania
8,arachide,6,aRaSid
11,archidiacre,9,aRSidjakR
14,artistiquement,11,aRtistik°m@
14,assainissement,9,asenis°m@
11,asymétrique,9,asimetRik
8,atypique,6,atipik
6,azimut,6,azimyt
8,baisable,6,bEzabl
9,balancier,7,bal@sje
8,barboter,7,baRbote
9,bel canto,7,bElk@to
6,belote,5,b°lOt
9,bipolaire,7,bipolER
7,bivouac,6,bivwak
8,boisseau,5,bwaso
8,boulimie,6,bulimi
8,boulotte,5,bulOt
6,bâfrer,5,bafRe
7,camphre,4,k@fR
8,certifié,8,sERtifje
9,chouraver,6,SuRave
12,chronométrer,10,kRonometRe
7,civisme,6,sivizm
14,claustrophobie,11,klostRofobi
10,climatique,8,klimatik
9,commodité,8,komodite
11,compilation,9,k§pilasj§
12,conférencier,9,k§feR@sje
11,contestable,9,k§tEstabl
11,cordon-bleu,8,kORd§bl2
7,corolle,5,koROl
12,coupe-ongles,6,kup§gl
8,coursive,6,kuRsiv
8,célérité,8,seleRite
14,d'ores et déjà,9,dORzedeZa
6,damned,6,damnEd
5,decca,4,deka
10,deltaplane,9,dEltaplan
6,dharma,5,daRma
9,diphtérie,7,difteRi
6,diseur,5,diz9R
11,dramaturgie,10,dRamatyRZi
7,duperie,6,dyp°Ri
9,décathlon,7,dekatl§
11,décollement,8,dekOl°m@
10,dédaigneux,6,dedEN2
10,déglinguer,7,degl5ge
8,délation,7,delasj§
9,déloyauté,9,delwajote
14,départementale,12,depaRt°m@tal
8,détourné,7,detuRne
11,emmagasiner,9,@magazine
11,endossement,7,@dos°m@
8,enseigné,5,@seNe
10,escampette,7,Esk@pEt
13,establishment,12,EstabliSmEnt
9,ex-copain,7,Ekskop5
11,exagérément,10,EgzaZeRem@
8,extasier,8,Ekstazje
11,facturation,10,faktyRasj§
12,farouchement,8,faRuS°m@
6,fesser,4,fese
8,filtrage,7,filtRaZ
6,flopée,5,flope
7,fournil,5,fuRni
14,frénétiquement,11,fRenetik°m@
7,gargote,6,gaRgOt
5,garni,5,gaRni
7,gazette,5,gazEt
5,gecko,4,ZEko
6,gommer,4,gome
5,goule,3,gul
8,gréement,5,gRem@
8,gymnaste,7,Zimnast
10,généticien,9,Zenetisj5
9,habitacle,7,abitakl
5,halle,2,al
5,herse,3,ERs
9,hitlérien,7,itleRj5
13,hystérectomie,11,isteREktomi
11,ignominieux,7,iNomiN2
7,imputer,5,5pyte
11,inconstance,7,5k§st@s
10,infectieux,7,5fEksj2
11,intervertir,10,5tERvERtiR
10,inviolable,8,5vjolabl
11,irradiation,9,iRadjasj§
9,joli-joli,8,ZOliZOli
6,kevlar,6,k°vlaR
14,lance-missiles,8,l@smisil
6,limage,5,limaZ
10,locomotion,9,lokomosj§
7,lyrisme,6,liRizm
13,lèche-vitrine,9,lESvitRin
9,macintosh,8,makintoS
18,malencontreusement,13,mal@k§tR2z°m@
9,mandarine,7,m@daRin
12,marie-jeanne,7,maRiZan
9,maximiser,9,maksimize
4,merl,4,mERl
6,mescal,6,mEskal
7,minibar,7,minibaR
7,mitoyen,7,mitwaj5
5,mitre,4,mitR
10,montagnard,7,m§taNaR
5,motte,3,mOt
5,moulu,4,muly
5,mâtin,4,mat5
12,métaphorique,9,metafoRik
8,naissant,4,nEs@
7,oléoduc,7,oleodyk
7,orignal,6,oRiNal
5,ouate,3,wat
8,outrager,6,utRaZe
11,outre-tombe,7,utR°t§b
8,palpiter,7,palpite
11,pare-soleil,8,paRsolEj
9,parrainer,6,paREne
7,partner,7,paRtnER
10,pause-café,7,pozkafe
11,permutation,10,pERmytasj§
15,perpétuellement,12,pERpet8El°m@
10,philologue,7,filolOg
5,pilaf,5,pilaf
7,piranha,6,piRana
8,pit-bull,6,pitbul
4,plot,3,plo
4,plue,3,ply
6,pneumo,5,pn2mo
7,pommelé,6,pOm°le
14,ponctuellement,10,p§kt8El°m@
12,portraitiste,10,pORtRetist
6,potier,5,potje
9,poulaille,5,pulaj
9,programmé,8,pRogRame
9,préventif,8,pRev@tif
9,pyramidal,9,piRamidal
6,pâques,3,pak
13,quatre-quarts,7,katRkaR
11,quinquennal,7,k5kenal
14,rajeunissement,10,RaZ9nis°m@
8,rapporté,7,RapORte
9,rebouteux,6,R°but2
6,recalé,6,R°kale
7,recteur,6,REkt9R
8,redécoré,8,R2dekORe
11,remaquiller,8,R°makije
7,remuant,5,R°m8@
8,rhubarbe,6,RybaRb
5,rival,5,Rival
7,réactif,7,Reaktif
9,réajuster,8,ReaZyste
14,réciproquement,11,ResipROk°m@
7,réfugié,7,RefyZje
13,réintégration,11,Re5tegRasj§
8,résulter,7,Rezylte
7,rêverie,6,REv°Ri
5,sauté,4,sote
8,savonner,6,savone
15,scandaleusement,11,sk@dal2z°m@
10,secourisme,8,s°kuRizm
12,semi-liberté,11,s°milibERte
4,snif,4,snif
8,sonorité,8,sonoRite
10,soubresaut,7,subR°so
11,sous-comité,8,sukomite
7,strophe,5,stROf
14,superficialité,14,sypERfisjalite
5,supra,5,sypRa
9,sécession,7,sesesj§
9,tabagisme,8,tabaZizm
13,tambour-major,10,t@buRmaZOR
6,tocard,5,tokaR
7,topless,6,toplEs
4,toto,4,toto
11,trimestriel,12,tRimEstRijEl
8,tripette,6,tRipEt
8,tripotée,7,tRipote
5,troué,4,tRue
8,turlutte,6,tyRlyt
15,universellement,12,ynivERsEl°m@
10,vade retro,9,vadeRetRo
5,verni,5,vERni
10,volte-face,8,vOlt°fas
7,végéter,6,veZete
10,à l'instar,7,al5staR
8,épagneul,6,epaN9l
10,épousseter,6,epuste
9,éthylique,6,etilik
7,étioler,6,etjole
9,éviscérer,7,eviseRe
4,aber,3,abe
9,accordeur,7,akORd9R
13,acétylcholine,11,asetilkolin
6,afflux,4,afly
9,alléchant,5,aleS@
6,alunir,6,alyniR
7,amazone,6,amazon
8,amélioré,8,ameljoRe
12,annonciateur,9,an§sjat9R
6,anorak,6,anoRak
10,antiaérien,8,@tiaeRj5
6,aphone,4,afOn
15,appendicectomie,12,ap5disektomi
6,avarie,5,avaRi
6,bagout,4,bagu
6,baille,3,baj
6,balais,4,balE
8,bataclan,7,batakl@
8,batelier,7,bat°lje
6,bedeau,4,b2do
7,binette,5,binEt
7,bottier,5,botje
11,bourguignon,7,buRgiN§
4,bozo,4,bozo
9,bubonique,7,bybonik
8,by night,7,bajnajt
6,bébête,5,bebEt
9,cabillaud,6,kabijo
7,cafeter,5,kafte
7,calotte,5,kalOt
8,cancaner,6,k@kane
11,carillonner,8,kaRijone
9,carnivore,8,kaRnivOR
6,carême,5,kaREm
10,centrifuge,8,s@tRifyZ
9,chaînette,5,SEnEt
6,chibre,4,SibR
12,chlorophylle,8,kloRofil
8,ciboulot,6,sibulo
11,cofondateur,9,kof§dat9R
6,cognée,4,koNe
6,colite,5,kolit
8,colorier,7,koloRje
12,commentateur,9,kom@tat9R
6,confit,4,k§fi
18,consciencieusement,12,k§sj@sj2z°m@
9,courgette,6,kuRZEt
5,crépu,5,kRepy
4,cyan,3,sj@
4,dano,4,dano
12,demi-sommeil,9,d°misomEj
9,dessécher,6,deseSe
8,destrier,8,destRije
7,destroy,8,destRwaj
11,discourtois,9,diskuRtwa
9,dissident,6,disid@
5,dièse,4,djEz
4,doit,3,dwa
9,doucereux,6,dus°R2
7,drakkar,6,dRakaR
6,driver,7,dRajv9R
10,décrochage,8,dekRoSaZ
7,délégué,6,delege
11,démaquiller,8,demakije
10,démontable,8,dem§tabl
12,démonte-pneu,8,dem§tpn2
7,déphasé,6,defaze
9,dépouillé,6,depuje
12,déséquilibré,11,dezekilibRe
7,détrôné,7,detRone
8,embraser,6,@bRaze
9,emergency,10,im9RdZansi
12,emménagement,9,@menaZ°m@
7,empiler,5,@pile
11,en tapinois,8,@tapinwa
10,endoscopie,8,@doskopi
11,enfantement,7,@f@t°m@
6,enjoué,4,@Zwe
9,enraciner,7,@Rasine
10,enrôlement,7,@Rol°m@
9,entrecôte,7,@tR°kot
5,ester,5,estER
8,estomper,6,Est§pe
11,exonération,11,EgzoneRasj§
9,expatrier,10,EkspatRije
8,exposant,7,Ekspoz@
13,exterminateur,13,EkstERminat9R
4,faon,2,f@
5,fayot,4,fajo
6,ferrer,4,fERe
5,filin,4,fil5
9,finaliser,8,finalize
5,focal,5,fokal
7,fofolle,5,fofOl
10,frauduleux,7,fRodyl2
9,fric-frac,8,fRikfRak
10,fumigation,9,fymigasj§
8,furibond,6,fyRib§
7,gamelan,6,gam°l@
9,garde-fou,7,gaRd°fu
9,garde-vue,7,gaRd°vy
7,gommage,5,gomaZ
4,gord,3,gOR
11,grand-peine,6,gR@pEn
9,grisaille,6,gRizaj
7,grivois,6,gRivwa
10,généralisé,10,ZeneRalize
7,gérable,6,ZeRabl
8,horloger,6,ORloZe
4,huer,2,8e
10,hydrophone,7,idRofOn
12,hémorragique,8,emoRaZik
9,impromptu,7,5pR§pty
8,impudeur,6,5pyd9R
9,incarcéré,8,5kaRseRe
8,incongru,6,5k§gRy
16,indiscutablement,13,5diskytabl°m@
9,indisposé,8,5dispoze
6,influx,4,5fly
11,informatisé,10,5fORmatize
17,insupportablement,13,5sypORtabl°m@
7,isomère,6,izomER
7,jacquet,4,ZakE
13,jaillissement,8,Zajis°m@
8,jerrycan,7,ZeRikan
6,jogger,5,dZOge
8,komsomol,8,kOmsomOl
6,lampée,4,l@pe
12,lance-pierre,7,l@spjER
10,lapidation,9,lapidasj§
12,latéralement,10,lateRal°m@
7,laxiste,7,laksist
12,lithographie,9,litogRafi
8,localisé,8,lokalize
6,logeur,5,loZ9R
13,long-courrier,7,l§kuRje
9,magnitude,7,maNityd
9,malléable,7,maleabl
10,malodorant,8,malodoR@
12,marginaliser,11,maRZinalize
10,marguerite,8,maRg°Rit
9,mescaline,8,mEskalin
11,mi-parcours,8,mipaRkuR
9,millésime,7,milezim
6,modéré,6,modeRe
8,mollasse,5,molas
9,mollasson,6,molas§
9,mordiller,7,mORdije
5,mufti,5,mufti
11,mégalomanie,10,megalomani
8,nitrique,6,nitRik
6,nubile,5,nybil
7,nudisme,6,nydizm
14,nutritionniste,12,nytRisjonist
5,nécro,5,nekRo
8,nénuphar,7,nenyfaR
2,ob,2,Ob
7,opprimé,6,opRime
13,ornithorynque,9,ORnitoR5k
4,oust,3,ust
9,outillage,6,utijaZ
8,pactiser,7,paktize
9,paludisme,8,palydizm
6,panzer,6,p@nzER
12,paraplégique,10,paRapleZik
8,paresser,6,paRese
10,partialité,10,paRsjalite
9,passereau,6,pas°Ro
9,patronyme,8,patRonim
8,pecorino,8,p°koRino
9,pentagone,7,p5tagon
4,pers,3,pER
6,persan,5,pERs@
11,pharmacopée,9,faRmakope
13,photosynthèse,9,fotos5tEz
7,pignouf,5,piNuf
7,pisseur,5,pis9R
7,planant,5,plan@
8,poudrier,7,pudRije
9,poudrière,8,pudRijER
7,prostré,7,pROstRe
5,prout,4,pRut
11,provocateur,10,pRovokat9R
9,préambule,7,pRe@byl
11,prédication,10,pRedikasj§
9,préétabli,9,pReetabli
11,raccommoder,8,Rakomode
4,rack,3,Rak
7,racloir,7,RaklwaR
7,rageant,4,RaZ@
6,ravine,5,Ravin
8,recouper,6,R°kupe
7,relâché,6,R°laSe
9,rembarrer,6,R@baRe
12,renversement,9,R@vERs°m@
8,repriser,7,R°pRize
13,retransmettre,10,R°tR@smEtR
9,revérifié,9,R2veRifje
6,rictus,6,Riktys
10,réentendre,7,Re@t@dR
8,révoquer,6,Revoke
5,sarin,4,saR5
9,simultané,9,simyltane
5,solex,6,solEks
7,songeur,5,s§Z9R
6,stance,4,st@s
8,sucrerie,7,sykR°Ri
9,tacticien,8,taktisj5
12,tactiquement,9,taktik°m@
10,théoricien,8,teoRisj5
7,tissage,5,tisaZ
9,tournedos,7,tuRn°do
15,transfiguration,13,tR@sfigyRasj§
8,traversé,8,tRavERse
7,trucage,6,tRykaZ
12,ultrasonique,10,yltRasonik
8,univoque,6,ynivOk
10,urgentiste,8,yRZ@tist
6,varech,5,vaREk
6,vaseux,4,vaz2
4,vexé,5,vEkse
7,vibreur,6,vibR9R
8,vieillot,5,vjEjo
11,volley-ball,7,volEbOl
8,vélocité,8,velosite
10,xénophobie,9,gzenofobi
6,zigoto,6,zigoto
10,zoologiste,9,zooloZist
19,électrocardiogramme,17,elEktRokaRdiogRam
9,électrode,8,elEktROd
15,électrostatique,13,elEktRostatik
8,élitiste,7,elitist
8,épaulard,6,epolaR
9,éventaire,6,ev@tER
9,abasourdi,8,abazuRdi
5,accru,4,akRy
5,agrès,4,agRE
5,alène,4,alEn
12,anachronisme,10,anakRonizm
9,antitrust,8,@titR9st
13,arrière-salle,8,aRjERsal
10,ascendance,6,as@d@s
9,asticoter,8,astikote
9,bagagiste,8,bagaZist
8,barbaque,6,baRbak
8,bionique,6,bjonik
4,bush,3,buS
7,bédouin,5,bedw5
5,candi,4,k@di
7,cantate,5,k@tat
8,capiteux,6,kapit2
16,cardiovasculaire,14,kaRdjovaskylER
10,chambrette,6,S@bREt
12,chausse-pied,6,Sospje
8,chicaner,6,Sikane
12,chiche-kebab,8,SiSkebab
6,chique,3,Sik
13,circonférence,10,siRk§feR@s
7,cogneur,5,koN9R
9,collector,8,kOlEktOR
11,compresseur,8,k§pREs9R
11,convergence,8,k§vERZ@s
10,coordonnée,8,koORdone
9,coriandre,7,koRj@dR
11,cosmopolite,10,kOsmopolit
8,courriel,6,kuRjEl
7,cresson,5,kRes§
11,cunnilingus,9,kynil5gys
5,datte,3,dat
10,décontract,9,dek§tRakt
12,défiguration,11,defigyRasj§
8,dégourdi,7,deguRdi
9,déodorant,7,deodoR@
6,dépose,5,depoz
9,emmerdeur,7,@mERd9R
9,enfourner,6,@fuRne
12,entreprenant,9,@tR°pR°n@
6,entêté,5,@tete
7,ex-flic,7,Eksflik
12,excroissance,10,EkskRwas@s
10,expertiser,10,EkspERtize
11,explorateur,11,EksploRat9R
7,fixette,6,figzEt
9,foldingue,6,fold5g
14,formidablement,12,fORmidabl°m@
10,fracassant,7,fRakas@
8,fracassé,7,fRakase
5,fumet,4,fymE
11,fébrilement,9,febRil°m@
7,gantier,5,g@tje
4,geai,2,ZE
5,gente,3,Z@t
13,graduellement,10,gRad8El°m@
10,grassement,7,gRas°m@
6,hagard,4,agaR
5,halal,4,alal
6,happer,3,ape
4,hile,2,il
10,incarcérer,8,5kaRseRe
4,inde,2,5d
9,indigeste,7,5diZEst
12,indéfectible,10,5defEktibl
10,inlassable,7,5lasabl
11,inoculation,10,inokylasj§
10,inopérable,9,inopeRabl
8,intuitif,7,5t8itif
8,italiano,8,italjano
5,kendo,5,kEndo
7,leasing,5,liziG
12,linguistique,9,l5g8istik
9,lubrifier,8,lybRifje
7,lépreux,5,lepR2
6,manant,4,man@
10,marjolaine,8,maRZolEn
11,marque-page,8,maRk°paZ
8,martinet,7,maRtinE
6,micron,5,mikR§
7,molosse,5,molOs
6,mormon,5,mORm§
5,munir,5,myniR
6,muséum,6,myzeOm
8,métrique,6,metRik
6,nomade,5,nomad
4,nome,3,nOm
14,nord-américain,10,nORameRik5
11,nord-coréen,8,nORkoRe5
9,obscurcir,9,OpskyRsiR
8,pare-feu,5,paRf2
7,parlote,6,paRlOt
10,paroissial,9,paRwasjal
17,physiologiquement,13,fizjoloZik°m@
14,physiothérapie,11,fizjoteRapi
7,picotin,6,pikot5
11,pragmatisme,10,pRagmatizm
14,presse-papiers,9,pREspapje
9,profusion,8,pRofyzj§
12,prémonitoire,11,pRemonitwaR
9,pédophile,7,pedofil
6,pêcher,4,peSe
8,ratatiné,8,Ratatine
9,rejaillir,7,R°ZajiR
7,retable,6,R°tabl
6,rosier,5,Rozje
8,roustons,5,Rust§
8,rutabaga,8,Rytabaga
12,réadaptation,11,Readaptasj§
8,résident,6,Rezid@
10,salutation,9,salytasj§
8,saucière,6,sosjER
10,scintiller,6,s5tije
8,silicium,8,silisjOm
7,sommité,6,somite
13,sourde-muette,8,suRdm8Et
13,subventionner,10,sybv@sjone
9,suffocant,6,syfok@
8,syndiqué,6,s5dike
7,tangage,5,t@gaZ
9,tendinite,7,t@dinit
8,tiramisu,8,tiRamizy
12,tortionnaire,9,tORsjonER
11,tractopelle,9,tRaktOpEl
7,transfo,6,tR@sfo
11,traumatiser,9,tRomatize
4,vaps,3,vap
4,yama,4,jama
5,yucca,4,juka
7,zézette,5,zezEt
11,égoïstement,9,egoist°m@
9,électorat,8,elEktoRa
8,émulsion,7,emylsj§
9,acquéreur,6,akeR9R
11,acuponcteur,9,akyp§kt9R
15,affaiblissement,10,afeblis°m@
11,agoraphobie,9,agoRafobi
5,aloès,5,aloEs
10,amygdalite,8,amidalit
10,andropause,7,@dRopoz
11,anglo-saxon,9,@glosaks§
3,ape,2,ap
7,aqueduc,6,ak°dyk
10,archi-nuls,7,aRSinyl
11,assèchement,7,asES°m@
8,atavique,6,atavik
10,atlantique,7,atl@tik
6,auburn,5,ob9Rn
12,aéronautique,9,aeRonotik
10,bas-ventre,6,bav@tR
8,bassiner,6,basine
10,bastingage,8,bast5gaZ
10,batifolage,9,batifolaZ
9,beau-papa,6,bopapa
6,bigame,5,bigam
9,blondinet,7,bl§dinE
8,bombance,5,b§b@s
5,bonde,3,b§d
8,bouffeur,5,buf9R
7,bougran,5,bugR@
12,boustifaille,8,bustifaj
8,brasseur,6,bRas9R
6,bruire,5,bR8iR
12,bénévolement,10,benevOl°m@
8,cabestan,7,kabEst@
9,calembour,7,kal@buR
7,calumet,6,kalymE
6,canule,5,kanyl
7,carpien,6,kaRpj5
9,castillan,7,kastij@
7,catalan,6,katal@
12,cataleptique,10,katalEptik
10,cataloguer,8,kataloge
9,catharsis,8,kataRsis
10,catéchiste,8,kateSist
9,causalité,8,kozalite
9,chapelier,7,Sap°lje
6,chapka,5,Sapka
7,chutney,5,S9tnE
7,citadin,6,sitad5
13,clarinettiste,11,klaRinetist
10,classifier,8,klasifje
10,colocation,9,kolokasj§
8,combinat,6,k§bina
8,compiler,6,k§pile
8,confiner,6,k§fine
9,conforter,7,k§fORte
8,congédié,7,k§Zedje
13,conjointement,9,k§Zw5t°m@
9,continent,6,k§tin@
14,contre-plongée,10,k§tR°pl§Ze
9,contrebas,7,k§tR°ba
10,contrecoup,7,k§tR°ku
5,corsé,5,kORse
10,cosmétique,8,kOsmetik
7,couillu,4,kujy
7,crooner,6,kRun9R
7,crétacé,7,kRetase
5,cueva,5,kueva
10,curriculum,9,kyRikylOm
11,cyclomoteur,10,siklomot9R
5,côlon,4,kol§
4,dais,2,dE
12,dermatologie,11,dERmatoloZi
11,deutéronome,9,d2teRonom
6,digest,6,diZEst
9,discobole,8,diskobOl
9,distiller,7,distile
11,diversifier,10,divERsifje
5,dorer,4,doRe
6,driver,6,dRajve
11,déchirement,8,deSiR°m@
7,décéder,6,desede
10,déferlante,8,defERl@t
8,dégotter,6,degote
6,délavé,6,delave
6,délier,5,delje
12,démonstratif,11,dem§stRatif
11,dépositaire,9,depozitER
10,dérouillée,6,deRuje
12,déshabillage,9,dezabijaZ
9,ecchymose,6,ekimoz
10,empathique,6,@patik
12,essuie-mains,6,Es8im5
8,exotisme,8,Egzotizm
16,expert-comptable,12,EkspERk§tabl
14,extérieurement,12,EksteRj9R°m@
8,fanfaron,6,f@faR§
7,fatuité,7,fat8ite
5,fauve,3,fov
9,filiation,8,filjasj§
6,flouze,4,fluz
5,fluet,4,flyE
6,flétan,5,flet@
7,flétrir,7,fletRiR
7,fouetté,5,fwete
11,fraterniser,10,fRatERnize
9,fredonner,7,fR°done
8,freudien,6,fR2dj5
7,fringue,4,fR5g
5,frise,4,fRiz
11,froissement,8,fRwas°m@
8,froufrou,6,fRufRu
8,fusilier,7,fyzilje
4,féru,4,feRy
6,fêlure,5,felyR
9,gabardine,8,gabaRdin
6,galène,5,galEn
9,gamberger,7,g@bERZe
11,gargouillis,7,gaRguji
5,genêt,4,Z°nE
6,germer,5,ZERme
8,glouglou,6,gluglu
8,gnangnan,4,N@N@
9,gnognotte,5,NoNOt
6,gogues,3,gOg
6,grabat,5,gRaba
9,graissage,6,gREsaZ
11,grand-voile,7,gR@vwal
9,graphisme,7,gRafizm
5,grief,6,gRijEf
5,guano,5,gwano
4,hack,2,ak
7,haddock,4,adOk
14,hallucinatoire,11,alysinatwaR
9,harponner,6,aRpone
3,haï,2,ai
7,hemlock,5,EmlOk
8,hexagone,7,Egzagon
8,histrion,7,istRij§
12,horticulture,10,ORtikyltyR
7,hosanna,5,ozana
16,hyperventilation,13,ipERv@tilasj§
16,hypothétiquement,11,ipotetik°m@
10,hémorroïde,7,emoRoid
8,hôtelier,6,ot°lje
10,immatériel,9,imateRjEl
9,implicite,7,5plisit
9,implorant,6,5ploR@
9,implosion,7,5plozj§
9,incommode,6,5komOd
8,indirect,7,5diREkt
12,indiscipliné,10,5disipline
8,indocile,6,5dosil
16,inexplicablement,15,inEksplikabl°m@
11,insecticide,9,5sEktisid
14,insoupçonnable,10,5supsonabl
15,instrumentation,12,5stRym@tasj§
6,inégal,6,inegal
10,ionisation,9,jonizasj§
8,ischémie,6,iskemi
3,jap,3,Zap
6,jodler,6,jOdl9R
6,kitsch,4,kitS
19,laissés-pour-compte,10,lesepuRk§t
7,lancier,5,l@sje
6,langer,4,l@Ze
7,lavasse,5,lavas
7,listing,6,listiG
11,littérateur,9,liteRat9R
11,living-room,8,liviGRum
8,localité,8,lokalite
8,lourdaud,5,luRdo
7,macadam,7,makadam
7,macérer,6,maseRe
9,manganèse,7,m@ganEz
9,mangeoire,6,m@ZwaR
6,manioc,6,manjOk
9,marinière,8,maRinjER
7,matrone,6,matROn
6,meuble,4,m9bl
7,meurtri,6,m9RtRi
10,microcosme,9,mikRokOsm
8,milanais,6,milanE
11,milligramme,8,miligRam
8,minigolf,8,minigOlf
7,misaine,5,mizEn
9,misogynie,8,mizoZini
10,moulinette,7,mulinEt
14,multipropriété,14,myltipROpRiete
13,médiatisation,12,medjatizasj§
9,médicinal,9,medisinal
13,métallurgiste,11,metalyRZist
9,métissage,7,metisaZ
19,national-socialiste,17,nasjonalsosjalist
7,neigeux,4,neZ2
10,numération,9,nymeRasj§
7,odyssée,5,odise
9,offusquer,6,ofyske
7,onduler,5,§dyle
7,origami,7,oRigami
11,outrepasser,8,utR°pase
6,pagode,5,pagOd
10,parabellum,9,paRabelOm
11,parasitaire,9,paRazitER
6,pascal,6,paskal
4,paso,4,pazo
9,pauvresse,6,povREs
11,paysannerie,9,peizan°Ri
7,percher,5,pERSe
7,peupler,5,p2ple
8,phosgène,6,fOsZEn
8,piedmont,5,pjem§
4,plié,5,plije
6,plumet,5,plymE
5,polar,5,polaR
12,polyclinique,10,poliklinik
6,polype,5,polip
12,polyphonique,9,polifonik
7,pontife,5,p§tif
14,positionnement,11,pozisjOn°m@
9,positiver,8,pOzitive
7,préfixe,7,pRefiks
10,présomptif,9,pRez§ptif
10,prévenance,8,pREv°n@s
6,prêche,4,pRES
7,prêteur,6,pREt9R
16,psychothérapeute,12,psikoteRap2t
4,punt,4,punt
12,quarante-six,8,kaR@tsis
5,quine,3,kin
5,rabat,4,Raba
11,ragougnasse,7,RaguNas
6,rajout,4,RaZu
7,ramollo,6,Ramolo
3,raz,2,Ra
10,rebaptiser,8,R°batize
10,rebrancher,7,R°bR@Se
7,redoute,5,R°dut
11,relativiser,10,R°lativize
7,reloger,6,R°loZe
11,rembobinage,9,R@bobinaZ
7,rendant,4,R@d@
9,renflouer,6,R@flue
6,reposé,6,R°poze
6,repris,5,R°pRi
7,revêche,5,R°vES
12,rhinoplastie,10,RinOplasti
14,rigoureusement,10,RiguR2z°m@
5,rodeo,5,Rodeo
3,ron,2,R§
12,rond-de-cuir,8,R§d°k8iR
6,rondin,4,R§d5
6,roquet,4,RokE
4,rosé,4,Roze
9,roucouler,6,Rukule
9,récepteur,8,ResEpt9R
9,réfection,8,RefEksj§
7,réformé,7,RefORme
13,réfrigération,12,RefRiZeRasj§
9,réinsérer,7,Re5seRe
6,réjoui,5,ReZwi
11,réplication,10,Replikasj§
10,réprimande,8,RepRim@d
7,rétamer,6,Retame
6,révélé,6,Revele
5,réélu,5,Reely
7,sanctus,6,s@ktys
7,sashimi,6,saSimi
8,scoliose,7,skoljoz
6,seiche,3,sES
10,septicémie,9,sEptisemi
8,side-car,7,sajdkaR
9,snack-bar,7,snakbaR
18,sociaux-démocrates,13,sosjodemokRat
14,soixante-douze,9,swas@tduz
13,sollicitation,11,solisitasj§
13,spermatozoïde,12,spERmatozoid
9,sphérique,6,sfeRik
8,sprinter,8,spRint9R
6,squale,5,skwal
11,story-board,9,stoRibORd
8,stylisme,7,stilizm
10,stéréotype,9,steReotip
13,subséquemment,9,sypsekam@
11,sui generis,10,Es8iZ°n°Ri
7,surdoué,6,syRdwe
8,surpoids,6,syRpwa
9,sylvestre,8,silvEstR
9,syndiquer,6,s5dike
11,sécuritaire,9,sekyRitER
9,séducteur,8,sedykt9R
8,sénilité,8,senilite
3,tab,3,tab
7,taliban,6,talib@
9,tarentule,7,taR@tyl
7,taximan,8,taksiman
7,tchador,6,tSadOR
10,tortellini,9,tORtElini
7,tracter,6,tRakte
5,trait,3,tRE
10,transfuser,8,tR@sfyze
10,trianguler,8,tRi@gyle
6,troyen,6,tRwaj5
13,ultrasensible,11,yltRas@sibl
8,urologie,7,yRoloZi
9,uruguayen,8,yRygwEj5
6,venant,4,v°n@
8,ventiler,6,v@tile
5,vicié,5,visje
8,virginal,8,viRZinal
8,virulent,6,viRyl@
8,viscéral,7,viseRal
13,voiture-balai,10,vwatyRbalE
9,voltmètre,8,vOltmEtR
10,vélomoteur,9,velomot9R
10,vénération,9,veneRasj§
10,water-polo,9,watERpolo
6,édenté,5,ed@te
12,égocentrisme,10,egos@tRizm
11,élaboration,10,elaboRasj§
10,élégamment,7,elegam@
9,épiphanie,7,epifani
10,ésotérisme,9,ezoteRizm
6,éthéré,5,eteRe
12,étourdissant,8,etuRdis@
7,abjurer,6,abZyRe
11,accommodant,7,akomod@
7,acidose,6,asidoz
4,alde,3,ald
4,aloi,4,alwa
6,altéré,6,alteRe
7,amarrer,5,amaRe
8,amirauté,7,amiRote
13,amoureusement,9,amuR2z°m@
13,antitétanique,10,@titetanik
5,aprèm,5,apREm
10,arbrisseau,7,aRbRiso
11,aristocrate,10,aRistokRat
8,arroseur,6,aRoz9R
7,artimon,6,aRtim§
5,aryen,4,aRj5
7,audible,5,odibl
7,baccara,6,bakaRa
6,barine,5,baRin
3,bau,2,bo
6,bavoir,6,bavwaR
11,biochimique,8,bjoSimik
14,biotechnologie,12,bjotEknoloZi
12,bistouquette,8,bistukEt
6,bohème,4,boEm
6,bonsaï,5,b§zaj
11,bouche-trou,6,buStRu
9,bâtisseur,7,batis9R
10,bétonnière,8,betonjER
7,bêcheur,5,bES9R
9,canonique,7,kanonik
9,canoniser,8,kanonize
7,carbure,6,kaRbyR
9,carlingue,6,kaRl5g
14,casse-noisette,9,kasnwazEt
9,caverneux,7,kavERn2
7,cession,5,sEsj§
8,chambard,5,S@baR
10,check-list,8,tSEklist
5,chiée,3,Sje
13,chlorhydrique,9,kloRidRik
8,cicérone,7,siseROn
12,co-locataire,9,kolokatER
7,cocarde,6,kokaRd
10,colifichet,8,kolifiSE
14,collectivement,11,kolEktiv°m@
9,coloniser,8,kolonize
9,confiseur,7,k§fiz9R
13,consanguinité,10,k§s@ginite
11,contrefaire,8,k§tR°fER
13,convertisseur,10,k§vERtis9R
7,copiste,6,kopist
11,corn-flakes,9,kORnflEks
11,crematorium,11,kRematORjOm
5,cross,4,kROs
6,curare,5,kyRaR
7,cureton,6,kyR°t§
4,deck,3,dEk
8,directif,8,diREktif
7,dissipé,6,disipe
12,dix-septième,8,disEtjEm
6,dorade,5,doRad
8,déboîter,7,debwate
14,démobilisation,13,demobilizasj§
8,dérégler,7,deRegle
12,déterminisme,11,detERminizm
7,détesté,7,detEste
12,effrontément,8,efR§tem@
7,emphase,4,@faz
9,empirique,6,@piRik
11,entrecuisse,8,@tR°k8is
4,ergo,4,ERgo
9,esperanto,8,EspeR@to
8,exempter,6,Egz@te
7,exergue,6,EgzERg
9,extatique,8,Ekstatik
9,eye-liner,8,ajlajn9R
10,fauconneau,6,fokono
6,flegme,5,flEgm
7,flicard,6,flikaR
13,fortification,12,fORtifikasj§
5,fripe,4,fRip
12,fréquentable,9,fRek@tabl
8,futilité,8,fytilite
12,garde-chasse,8,gaRd°Sas
12,garden-party,11,gaRdEnpaRti
12,gardien-chef,9,gaRdj5SEf
7,gazoduc,7,gazodyk
6,gazole,5,gazOl
8,gazpacho,8,gaspatSo
8,giroflée,7,ZiRofle
6,glaire,4,glER
9,glissière,7,glisjER
13,glorification,12,gloRifikasj§
10,gorgonzola,9,gORg§zola
6,gourer,4,guRe
11,gras-double,7,gRadubl
9,gris-gris,6,gRigRi
8,grondant,5,gR§d@
10,harmoniser,8,aRmonize
8,hassidim,6,asidim
10,houspiller,6,uspije
7,humérus,6,ymeRys
16,hypersensibilité,14,ipERs@sibilite
8,in vitro,7,invitRo
11,inabordable,10,inabORdabl
9,inaugural,8,inogyRal
6,inclus,4,5kly
8,indûment,5,5dym@
6,ingénu,5,5Zeny
8,insanité,7,5sanite
10,introverti,9,5tRovERti
7,inusité,7,inyzite
8,inventif,6,5v@tif
4,iota,4,jota
5,jante,3,Z@t
8,jointure,6,Zw5tyR
11,justaucorps,8,ZystokOR
6,kobold,6,kobOld
7,laitage,5,lEtaZ
7,laiteux,4,lEt2
8,lambiner,6,l@bine
11,langoustine,8,l@gustin
11,laparotomie,10,lapaRotomi
11,libéralisme,10,libeRalizm
6,lifter,5,lifte
6,liguer,4,lige
10,localement,8,lokal°m@
7,lourder,5,luRde
14,malhonnêtement,10,malonEt°m@
8,marchant,5,maRS@
8,marquant,5,maRk@
10,martyriser,9,maRtiRize
16,maréchal-ferrant,11,maReSalfER@
11,mastectomie,10,mastEktomi
9,menstruel,8,m@stRyEl
11,millionième,9,miljonjEm
7,mordant,5,mORd@
10,médication,9,medikasj§
8,noisette,6,nwazEt
9,non-droit,6,n§dRwa
8,nordiste,7,nORdist
6,noueux,3,nw2
9,océanique,7,oseanik
9,odalisque,7,odalisk
11,orang-outan,6,oR@ut@
13,orchestration,11,ORkEstRasj§
13,orthodontiste,10,ORtod§tist
11,panégyrique,9,paneZiRik
14,paradoxalement,13,paRadOksal°m@
9,paraffine,7,paRafin
10,parcimonie,9,paRsimoni
9,parcmètre,8,paRkmEtR
8,parpaing,5,paRp5
9,percuteur,8,pERkyt9R
10,picotement,8,pikOt°m@
7,placage,6,plakaZ
6,placer,6,plasER
8,plaquage,6,plakaZ
11,plastiqueur,9,plastik9R
12,pleurnichard,9,pl9RniSaR
12,pleurnicheur,9,pl9RniS9R
10,pluraliste,9,plyRalist
12,poissonnerie,9,pwasOn°Ri
4,pole,3,pOl
7,pommeau,4,pomo
6,poseur,5,poz9R
10,postérieur,9,pOsteRj9R
7,prieuré,7,pRij9Re
8,princier,6,pR5sje
11,proctologue,9,pROktolOg
9,promeneur,7,pRomn9R
9,propulser,8,pRopylse
5,prune,4,pRyn
6,périmé,6,peRime
8,quatrain,5,katR5
10,quenouille,5,k°nuj
6,quinto,4,k5to
9,rabatteur,7,Rabat9R
10,racketteur,7,Raket9R
7,rafting,6,RaftiG
8,remontée,6,R°m§te
5,remue,4,R°my
8,renommer,6,R°nome
8,rependre,6,R2p@dR
9,richement,6,RiS°m@
6,romano,6,Romano
9,rondement,6,R§d°m@
9,rougeoyer,7,RuZwaje
7,ruineux,5,R8in2
10,réfutation,9,Refytasj§
12,réjouissance,8,ReZwis@s
12,rémunération,11,RemyneRasj§
9,répondant,6,Rep§d@
10,rétroactif,10,RetRoaktif
9,satirique,7,satiRik
8,sectaire,6,sektER
9,sensoriel,8,s@soRjEl
4,serf,3,sER
10,serrurerie,8,seRyR°Ri
7,sextant,6,sekst@
8,sibérien,7,sibeRj5
14,sophistication,12,sofistikasj§
11,sous-espace,8,suzEspas
7,stadium,7,stadjOm
6,status,6,statys
3,sub,3,syb
12,subconscient,8,sypk§sj@
10,subjonctif,9,sybZ§ktif
6,suerte,6,swERte
14,superpuissance,11,sypERp8is@s
8,tatillon,6,tatij§
11,tauromachie,8,toRomaSi
7,tempéré,6,t@peRe
9,transiter,7,tR@zite
9,travestir,9,tRavEstiR
14,traîne-savates,9,tREnsavat
7,tumulus,7,tymylys
10,téléphonie,8,telefoni
10,unilatéral,10,ynilateRal
5,usagé,5,yzaZe
9,valoriser,8,valoRize
7,valvule,6,valvyl
10,volumineux,8,volymin2
7,vétille,5,vetij
13,à cloche-pied,8,aklOSpje
7,éclaire,5,eklER
9,éducateur,8,edykat9R
9,émasculer,8,emaskyle
12,éviscération,10,eviseRasj§
11,accablement,8,akabl°m@
10,accélérant,8,akseleR@
9,acrylique,7,akRilik
7,acétone,6,asetOn
7,affluer,5,aflye
9,affranchi,6,afR@Si
9,agacement,7,agas°m@
8,aguicher,5,agiSe
7,aigreur,5,EgR9R
9,aiguiller,6,eg8ije
4,alim,4,alim
8,amygdale,6,amidal
12,anesthésique,9,anEstezik
12,anxiolytique,10,@ksjolitik
8,arménien,7,aRmenj5
12,autodétruire,10,otodetR8iR
14,avant-gardiste,10,av@gaRdist
7,bailler,4,baje
7,baklava,7,baklava
7,bidasse,5,bidas
10,boulimique,7,bulimik
8,bouzouki,6,buzuki
9,bréviaire,7,bRevjER
5,bucco,4,buko
7,buvable,6,byvabl
4,béat,3,bea
8,cafarder,7,kafaRde
7,cailler,4,kaje
6,caillé,4,kaje
7,canasta,7,kanasta
6,cardan,5,kaRd@
9,chapelain,6,Sap°l5
11,chaperonner,8,Sap°Rone
10,chatterton,8,SatERtOn
8,cherokee,6,SeRoki
14,cinquante-deux,7,s5k@td2
11,co-équipier,8,koekipje
7,codéine,6,kodein
7,colibri,7,kolibRi
14,comportemental,12,k§pORt°m@tal
9,conjuguer,6,k§Zyge
9,continuel,8,k§tin8El
11,contreseing,7,k§tR°s5
8,converti,7,k§vERti
8,courbure,6,kuRbyR
8,courtaud,5,kuRto
7,creuset,5,kR2zE
7,curatif,7,kyRatif
9,céramique,7,seRamik
9,demi-fond,6,d°mif§
9,desperado,9,despeRado
16,dessous-de-table,10,d°sud°tabl
9,dialectal,9,djalEktal
11,diffamateur,9,difamat9R
10,digitaline,9,diZitalin
10,dignitaire,7,diNitER
9,diminutif,9,diminytif
6,dragée,5,dRaZe
8,drôlesse,6,dRolEs
10,déchausser,6,deSose
9,décolleté,8,dekOl°te
10,décongeler,8,dek§Z°le
6,déduit,5,ded8i
9,déficient,7,defisj@
7,délabré,7,delabRe
8,délecter,7,delEkte
9,démagogue,7,demagOg
18,démocrate-chrétien,14,demokRatkRetj5
12,déprogrammer,10,depRogRame
8,dérobade,7,deRobad
8,dévaster,7,devaste
10,enfourcher,6,@fuRSe
7,enliser,5,@lize
7,enrhumé,5,@Ryme
10,entrouvrir,8,@tRuvRiR
8,envoyeur,7,@vwaj9R
6,ersatz,6,ERzats
6,faciès,6,fasjEs
8,fantoche,5,f@tOS
5,fendu,4,f@dy
6,filant,4,fil@
9,florentin,7,floR@t5
11,fornicateur,10,fORnikat9R
7,froment,5,fRom@
5,fréon,4,fRe§
9,fulminant,7,fylmin@
6,galion,5,galj§
9,galipette,7,galipEt
9,gangrener,7,g@gR°ne
9,garçonnet,7,gaRsonE
11,gloussement,7,glus°m@
7,glycine,6,glisin
6,gonfle,4,g§fl
7,gri-gri,6,gRigRi
6,gruger,5,gRyZe
8,hiberner,6,ibERne
5,huilé,4,8ile
9,hédoniste,7,edonist
7,imberbe,5,5bERb
6,imposé,5,5poze
12,indiscipline,9,5disiplin
8,indéfini,7,5defini
11,indéterminé,10,5detERmine
9,ingérence,6,5ZeR@s
11,initiatique,9,inisjatik
14,insatisfaction,12,5satisfaksj§
7,insulté,6,5sylte
10,intemporel,8,5t@poREl
5,intox,5,5tOks
10,ipso facto,9,ipsofakto
15,irrévocablement,12,iRevokabl°m@
6,ivraie,4,ivRE
10,ivrognerie,8,ivRON°Ri
6,jaunir,5,ZoniR
6,judoka,6,Zydoka
7,juguler,6,Zygyle
7,jumping,7,dZ9mpiG
4,khan,3,kan
6,laiton,4,lEt§
6,latent,4,lat@
8,lionceau,5,lj§so
10,logistique,8,loZistik
7,lutiner,6,lytine
9,malicieux,7,malisj2
3,mao,3,mao
9,maquignon,6,makiN§
11,masculinité,11,maskylinite
4,maso,4,mazo
11,massivement,8,masiv°m@
7,meunier,5,m2nje
7,minaret,6,minaRE
10,modérément,8,modeRem@
8,molester,7,molEste
10,monogramme,8,monogRam
8,monoprix,7,monopRi
8,motivant,6,motiv@
6,mousmé,5,musme
8,mousseux,4,mus2
8,mélomane,7,meloman
11,narcolepsie,10,naRkolEpsi
8,nauséeux,5,noze2
4,neck,3,nEk
11,non-croyant,8,n§kRwaj@
16,non-intervention,12,nOn5tERv@sj§
10,nonchalant,6,n§Sal@
4,omni,4,Omni
9,oncologue,6,§kolOg
7,opacité,7,opasite
7,opérant,5,opeR@
13,ordinairement,10,ORdinER°m@
4,orin,3,oR5
3,oye,2,wa
12,panier-repas,9,panjeR°pa
10,peau-rouge,5,poRuZ
15,perfectionnisme,13,pERfEksjonizm
8,perforer,7,pERfoRe
15,perpendiculaire,12,pERp@dikylER
8,perpette,6,pERpEt
10,perplexité,11,pERplEksite
12,philharmonie,9,filaRmOni
10,philologie,8,filoloZi
8,piailler,5,pjaje
7,pigiste,6,piZist
8,pistonné,7,pistone
10,poiscaille,7,pwaskaj
11,poissonneux,7,pwason2
8,pommette,5,pomEt
6,ponter,4,p§te
12,possiblement,9,posibl°m@
7,potasse,5,potas
9,prompteur,7,pR§pt9R
11,promptitude,8,pR§tityd
6,proton,5,pRot§
6,provoc,6,pRovOk
14,prédisposition,13,pRedispozisj§
12,prémenstruel,11,pRem@stRyEl
10,punissable,8,pynisabl
4,putt,3,p9t
21,quatre-vingt-dix-neuf,13,katR°v5dizn9f
12,quincaillier,6,k5kaje
9,raccorder,7,RakORde
13,radiothérapie,11,RadjoteRapi
9,ragnagnas,6,RaNaNa
7,raifort,5,REfOR
6,ramdam,6,Ramdam
9,ratatiner,8,Ratatine
8,rayonner,6,REjone
13,recrudescence,10,R°kRydes@s
8,repartie,7,R°paRti
7,repayer,6,R°pEje
9,replanter,7,R°pl@te
12,retranscrire,10,R°tR@skRiR
10,retrousser,7,R°tRuse
9,rythmique,6,Ritmik
19,réapprovisionnement,15,ReapRovizjOn°m@
12,récalcitrant,10,RekalsitR@
7,saccadé,6,sakade
11,sacrificiel,11,sakRifisjEl
11,sacro-saint,7,sakRos5
8,sans-fil,5,s@fil
9,sarabande,7,saRab@d
9,sataniste,8,satanist
10,serre-tête,6,sERtEt
9,sexologie,9,seksoloZi
6,snober,5,snobe
16,social-démocrate,14,sosjaldemokRat
17,soixante-dix-sept,11,swas@tdisEt
9,somnifère,8,sOmnifER
13,splendidement,10,spl@did°m@
8,sprinter,7,spRinte
11,spécialiser,10,spesjalize
7,stagner,6,stagne
9,starlette,7,staRlEt
7,stetson,6,stEts§
6,strass,5,stRas
9,supplique,6,syplik
14,symboliquement,10,s5bolik°m@
10,sédentaire,7,sed@tER
8,sélectif,8,selEktif
5,sérac,5,seRak
6,taguer,4,tage
6,teckel,5,tekEl
7,thermal,6,tERmal
5,thêta,4,tEta
10,titanesque,8,titanEsk
10,top-modèle,8,tOpmodEl
6,toscan,5,tOsk@
11,toxicomanie,11,tOksikomani
8,trempage,6,tR@paZ
12,télégraphier,10,telegRafje
10,usurpateur,9,yzyRpat9R
11,vadrouiller,7,vadRuje
10,vampirique,7,v@piRik
7,venelle,5,v°nEl
8,veulerie,6,v2l°Ri
10,vif-argent,7,vifaRZ@
7,vinasse,5,vinas
13,visualisation,12,viz8alizasj§
8,voltiger,7,vOltiZe
6,zipper,4,zipe
14,électriquement,11,elEktRik°m@
16,électroniquement,13,elEktRonik°m@
9,éreintant,5,eR5t@
9,évidement,7,evid°m@
9,accaparer,7,akapaRe
11,acclamation,9,aklamasj§
8,acclamer,6,aklame
12,accoutumance,8,akutym@s
10,accusateur,8,akyzat9R
12,acheminement,9,aS°min°m@
7,acétate,6,asetat
12,adorablement,10,adoRabl°m@
12,affabulation,10,afabylasj§
7,affûter,5,afyte
13,aide-soignant,7,EdswaN@
10,aigre-doux,6,EgR°du
10,allume-gaz,7,alymgaz
10,alternance,8,altERn@s
14,amaigrissement,10,amegRis°m@
7,ambiant,4,@bj@
9,amnistier,8,amnistje
11,amortisseur,9,amORtis9R
7,andalou,5,@dalu
10,angleterre,7,@gl2tER
8,angolais,5,@golE
8,anodique,6,anOdik
10,anormalité,10,anORmalite
11,anti-aérien,8,@tiaeRj5
10,anti-rejet,7,@tiR°ZE
6,aparté,6,apaRte
7,aphasie,5,afazi
9,appontage,6,ap§taZ
13,approximation,12,apROksimasj§
9,ardennais,6,aRd°nE
12,arithmétique,9,aRitmetik
9,arpentage,7,aRp@taZ
7,arrondi,5,aR§di
7,ascaris,7,askaRis
8,athénien,6,atenj5
7,augment,4,Ogm@
6,auprès,4,opRE
11,auriculaire,8,oRikylER
15,autodestructeur,13,otodEstRykt9R
13,automobiliste,11,otomobilist
14,automutilation,12,otomytilasj§
6,avarié,6,avaRje
11,avion-cargo,9,avj§kaRgo
9,baliverne,8,balivERn
9,ball-trap,7,baltRap
5,banco,4,b@ko
6,bazard,5,bazaR
9,beefsteak,6,biftEk
8,besogner,6,b2zoNe
6,binôme,5,binom
8,blondeur,6,bl§d9R
5,blush,4,bl9S
7,bosseur,5,bos9R
5,botté,4,bote
9,bouffarde,6,bufaRd
12,bouffonnerie,8,bufOn°Ri
7,brabant,5,bRab@
8,branlant,5,bR@l@
9,brigantin,7,bRig@t5
10,bronchique,6,bR§Sik
8,brossage,6,bRosaZ
7,bustier,6,bystje
6,béhème,4,beEm
9,béryllium,8,beRiljOm
7,cadogan,6,kadog@
7,cagneux,4,kaN2
11,caillouteux,6,kajut2
7,camorra,6,kamoRa
11,capitaliser,10,kapitalize
8,carlisme,7,kaRlism
8,casanier,7,kazanje
6,centré,5,s@tRe
9,chagriner,7,SagRine
7,chardon,5,SaRd§
6,chenal,5,S°nal
8,chevrier,7,S°vRije
7,chloral,6,kloRal
13,chorégraphier,10,kORegRafje
7,chourer,4,SuRe
6,chérif,5,SeRif
9,ci-dessus,6,sid°sy
5,ciguë,4,sigy
14,cinquante-cinq,8,s5k@ts5k
13,cinéma-vérité,12,sinemaveRite
7,citrate,6,sitRat
10,claironner,7,klERone
8,claymore,7,klEjmoR
7,cocasse,5,kokas
9,composant,6,k§poz@
9,comprimer,7,k§pRime
11,conformiste,9,k§fORmist
13,consolidation,11,k§solidasj§
8,consonne,5,k§sOn
12,consumériste,10,k§symeRist
12,convalescent,8,k§vales@
11,convertible,9,k§vERtibl
9,convoiter,7,k§vwate
11,coprophagie,9,kopRofaZi
10,coton-tige,7,kot§tiZ
15,cristallisation,13,kRistalizasj§
8,cruzeiro,7,kRuzERo
7,cubitus,7,kybitys
6,césium,6,sezjOm
8,datation,7,datasj§
9,demandeur,7,d°m@d9R
15,dessous-de-plat,9,d°sud°pla
6,deusio,5,d2zjo
10,dichotomie,8,dikotomi
15,disproportionné,14,dispRopORsjone
9,documenté,8,dokym@te
6,dondon,4,d§d§
5,dorée,4,doRe
8,dribbler,6,dRible
5,ducat,4,dyka
9,duelliste,7,d8Elist
7,dum-dum,6,dumdum
8,débiteur,7,debit9R
10,déblatérer,9,deblateRe
8,déchaîné,6,deSEne
9,déclenche,6,dekl@S
9,décoiffer,7,dekwafe
10,déconcerté,9,dek§sERte
9,découcher,6,dekuSe
7,décousu,6,dekuzy
10,découvreur,8,dekuvR9R
10,décryptage,9,dekRiptaZ
10,défendable,8,def@dabl
7,défends,4,def@
8,délateur,7,delat9R
8,démettre,6,demEtR
6,dératé,6,deRate
15,désacralisation,14,desakRalizasj§
9,désavouer,7,dezavwe
9,désemparé,8,dez@paRe
14,désinformation,12,dez5fORmasj§
8,désunion,7,dezynj§
9,ecce homo,7,EtSeomo
7,emmêler,5,@mele
8,empiéter,6,@pjete
8,empressé,6,@pRese
8,empêtrer,6,@petRe
8,encaissé,5,@kese
8,encorner,6,@kORne
8,enculade,6,@kylad
11,enfermement,8,@fERm°m@
7,enfumer,5,@fyme
9,engageant,5,@gaZ@
7,enneigé,5,@neZe
12,enrichissant,7,@RiSis@
14,enrichissement,9,@RiSis°m@
9,entrechat,6,@tR°Sa
8,esbroufe,6,EsbRuf
7,ex-chef,6,EksSEf
9,ex-patron,8,EkspatR§
15,exhibitionnisme,13,Egzibisjonizm
5,facho,4,faSo
6,failli,4,faji
12,faire-valoir,9,fERvalwaR
7,faitout,4,fEtu
10,faramineux,8,faRamin2
9,figuratif,9,figyRatif
10,filtration,9,filtRasj§
9,flicaille,6,flikaj
6,french,5,fREnS
11,funiculaire,9,fynikylER
10,galvaniser,9,galvanize
6,gammée,4,game
8,gastrite,7,gastRit
7,germano,7,ZERmano
10,gigantisme,8,Zig@tizm
6,gisant,4,Ziz@
13,globe-trotter,10,glObtROt9R
10,gonflement,7,g§fl°m@
4,grip,4,gRip
11,groupuscule,9,gRupyskyl
8,hachette,4,aSEt
7,haleter,5,al°te
6,herber,4,ERbe
11,hiéroglyphe,8,jeRoglif
16,homme-grenouille,8,OmgR°nuj
12,honorabilité,11,onoRabilite
8,huitaine,5,8itEn
14,humidificateur,12,ymidifikat9R
12,humoristique,9,ymoRistik
10,hurluberlu,9,yRlybERly
7,huskies,4,yski
12,hydroponique,9,idRoponik
9,hécatombe,6,ekat§b
10,hémiplégie,8,emipleZi
10,imaginable,9,imaZinabl
6,imbibé,5,5bibe
11,imbécillité,9,5besilite
9,imitateur,8,imitat9R
8,immérité,7,imeRite
6,impair,4,5pER
8,importun,6,5pORt1
9,imposable,7,5pozabl
11,improductif,10,5pRodyktif
11,incontinent,7,5k§tin@
10,incroyance,8,5kRwaj@s
11,indécelable,9,5des°labl
11,indénouable,8,5denuabl
9,instiller,6,5stile
12,intercession,9,5tERsesj§
10,interstice,8,5tERstis
10,ionosphère,8,jonosfER
7,iranien,6,iRanj5
12,irritabilité,11,iRitabilite
4,jaja,4,ZaZa
5,japon,4,Zap§
7,kabbale,5,kabal
7,kaddish,5,kadiS
4,kami,4,kami
8,karatéka,8,kaRateka
7,kif-kif,6,kifkif
7,kursaal,6,kyRsal
4,kvas,4,kvas
9,liposucer,8,lipOsyse
4,lise,3,liz
6,litron,5,litR§
8,logiciel,8,loZisjEl
5,lurex,6,lyREks
6,lymphe,3,l5f
11,législature,10,leZislatyR
5,macro,5,makRo
6,magner,4,maNe
6,mainte,3,m5t
8,mammaire,5,mamER
14,manutentionner,11,manyt@sjOne
7,marotte,5,maROt
10,merdouille,6,mERduj
11,mesquinerie,9,mEskin°Ri
6,mesuré,6,m°zyRe
13,mezzo-soprano,12,mEdzosopRano
10,mi-journée,7,miZuRne
7,miauler,5,mjole
8,milicien,7,milisj5
7,minceur,5,m5s9R
8,miséreux,6,mizeR2
5,miter,4,mite
6,mièvre,5,mjEvR
7,mordieu,6,mORdj2
8,mozarabe,7,mozaRab
9,médiastin,8,medjast5
6,mûrier,5,myRje
8,natalité,8,natalite
7,nescafé,7,nEskafe
11,nymphomanie,8,n5fomani
10,nécrophile,8,nekRofil
9,nécropole,8,nekRopOl
10,négativité,10,negativite
9,octogonal,9,Oktogonal
6,ondine,4,§din
7,oraison,5,oREz§
9,oralement,7,oRal°m@
12,ornithologie,10,ORnitoloZi
5,outré,4,utRe
3,ove,2,Ov
7,paluche,5,palyS
8,palucher,6,palySe
13,parallèlement,10,paRalEl°m@
12,parallélisme,10,paRalelizm
8,pariétal,8,paRjetal
7,partial,7,paRsjal
12,patronymique,10,patRonimik
7,peccata,6,pekata
6,penaud,4,p°no
12,petit-maître,8,p°timEtR
9,piétaille,6,pjetaj
10,planchiste,7,pl@Sist
5,pleur,4,pl9R
12,ploutocratie,10,plutokRasi
17,pochette-surprise,12,poSEtsyRpRiz
8,poitrail,7,pwatRaj
11,positiviste,10,pozitivist
11,pouponnière,8,puponjER
11,principauté,9,pR5sipote
13,proportionnel,12,pRopORsjonEl
12,prosélytisme,11,pRozelitizm
11,préposition,10,pRepozisj§
13,psychokinésie,11,psikokinezi
15,psychotechnique,11,psikotEknik
6,pubère,5,pybER
9,pugiliste,8,pyZilist
8,puritain,6,pyRit5
10,putrescent,7,pytRes@
9,quadrille,6,kadRij
10,quantifier,7,k@tifje
7,quartet,6,kwaRtE
5,quint,2,k5
7,rainure,5,RenyR
5,raval,5,Raval
8,recadrer,7,R°kadRe
7,recaser,6,R°kaze
8,recenser,6,R°s@se
9,recontrer,7,R2k§tRe
13,recueillement,8,R°k9j°m@
9,remodeler,8,R°mod°le
8,rempiler,6,R@pile
8,repaître,6,R°pEtR
9,ressouder,6,R°sude
10,restrictif,10,REstRiktif
9,retroussé,7,R°tRuse
5,rough,3,Ruf
9,royaliste,9,Rwajalist
10,réactivité,10,Reaktivite
14,récapitulation,13,Rekapitylasj§
10,réflecteur,9,ReflEkt9R
8,réfréner,7,RefRene
8,résilier,7,Rezilje
10,réutiliser,9,Reytilize
12,saint-esprit,8,s5tEspRi
7,salarié,7,salaRje
7,salière,6,saljER
5,sambo,5,sambo
8,saugrenu,7,sogR°ny
8,saumâtre,6,somatR
7,savarin,6,savaR5
9,scoubidou,7,skubidu
7,secondo,6,s2g§do
13,septante-sept,10,sEpt@t°sEt
6,seulet,4,s9lE
3,sic,3,sik
6,skieur,5,skj9R
6,slalom,6,slalOm
5,smala,5,smala
5,smart,5,smaRt
13,soixante-sept,9,swas@tsEt
9,soudanais,6,sudanE
9,souscrire,7,suskRiR
6,soutra,5,sutRa
7,speeder,5,spide
5,suant,3,s8@
7,suinter,5,s85te
10,supplanter,7,sypl@te
9,suppliant,7,syplij@
9,sur-place,7,syRplas
7,surboum,6,syRbum
5,sutra,5,sutRa
8,suzerain,5,syzR5
7,sylvain,5,silv5
6,synode,5,sinOd
11,séminariste,10,seminaRist
9,séquencer,6,sek@se
6,taïaut,4,tajo
7,tenture,5,t@tyR
11,terre-plein,6,tERpl5
7,terrine,5,tERin
5,tiret,4,tiRE
6,torera,6,tOReRa
10,tourniquer,7,tuRnike
12,transgénique,9,tR@zZenik
7,transit,6,tR@zit
8,trecento,9,tRetSEnto
15,trente-septième,10,tR@tsEtjEm
13,triangulation,12,tRij@gylasj§
8,trouvère,6,tRuvER
11,trépanation,10,tRepanasj§
8,turinois,7,tyRinwa
12,tyrrhénienne,8,tiRenjEn
12,télescopique,10,telEskopik
13,télégraphique,10,telegRafik
9,téléphoné,8,telefone
5,ukase,4,ykaz
12,ultra-rapide,10,yltRaRapid
12,ultra-secret,10,yltRas2kRE
4,urée,3,yRe
11,vaccination,10,vaksinasj§
6,vamper,4,v@pe
8,vidanger,6,vid@Ze
6,viking,5,vikiG
10,virtuosité,10,viRt8ozite
9,vomissure,7,vomisyR
11,xylographie,10,ksilOgRafi
8,à l'envi,5,al@vi
7,ébréché,6,ebReSe
6,échoir,5,eSwaR
5,égide,4,eZid
8,émigrant,6,emigR@
11,énumération,10,enymeRasj§
6,éperon,5,ep°R§
7,épigone,6,epigon
6,éploré,6,eploRe
11,étanchement,7,et@S°m@
11,évangélique,8,ev@Zelik
8,évitable,7,evitabl
8,abrasion,7,abRazj§
13,accréditation,11,akReditasj§
8,acronyme,7,akRonim
9,activiste,8,aktivist
10,affichette,6,afiSEt
6,affolé,5,afole
10,agencement,7,aZ@s°m@
9,alarmiste,8,alaRmist
13,allume-cigare,9,alymsigaR
13,amplification,11,@plifikasj§
6,amputé,5,@pyte
11,analgésique,9,analZezik
7,ancrage,5,@kRaZ
12,angioplastie,10,@Zjoplasti
10,annotation,8,anotasj§
12,archidiocèse,10,aRSidjosEz
8,arrivant,5,aRiv@
8,artériel,8,aRteRjEl
9,assiduité,8,asid8ite
8,attribué,7,atRib8e
8,automate,6,otomat
8,ballonné,6,balone
7,bavette,5,bavEt
9,bidouille,5,biduj
9,bigorneau,7,bigORno
7,billion,5,bilj§
4,blob,4,blOb
3,bop,3,bOp
9,botulique,7,bOtylik
10,boursouflé,8,buRsufle
7,boutade,5,butad
5,boyau,5,bwajo
10,braquemart,8,bRak°maR
5,broum,4,bRum
4,bâté,4,bate
7,caduque,5,kadyk
8,cambrure,6,k@bRyR
6,cambré,5,k@bRe
9,cardamome,8,kaRdamOm
9,catatonie,8,katatoni
11,cathartique,8,kataRtik
8,chagatte,5,Sagat
9,chef-lieu,6,SEflj2
8,chiffrer,5,SifRe
6,chromo,5,kRomo
12,claque-merde,8,klakmERd
9,cliqueter,7,klik°te
8,coaguler,7,koagyle
12,cohabitation,10,koabitasj§
9,coin-coin,6,kw5kw5
15,comparativement,12,k§paRativ°m@
6,compil,5,k§pil
9,complaire,6,k§plER
7,concave,5,k§kav
13,conservatrice,11,k§sERvatRis
8,consigné,6,k§siNe
13,contre-amiral,10,k§tRamiRal
8,convoler,6,k§vole
9,convulser,7,k§vylse
10,convulsion,8,k§vylsj§
7,copieur,6,kopj9R
9,corneille,6,kORnEj
9,coronaire,7,koRonER
6,coteau,4,koto
8,cotillon,6,kotij§
6,couvée,4,kuve
10,crapahuter,8,kRapayte
6,criant,5,kRij@
12,cybernétique,10,sibERnetik
7,cymbale,5,s5bal
8,demi-mot,6,d°mimo
11,dialectique,9,djalEktik
11,disqualifié,10,diskalifje
9,dissuasif,8,dis8azif
9,druidique,7,dR8idik
11,duplication,10,dyplikasj§
6,dynamo,6,dinamo
9,débaucher,6,deboSe
8,décodage,7,dekodaZ
9,déconneur,7,dekon9R
12,décourageant,8,dekuRaZ@
10,dégraisser,7,degRese
8,déhanché,5,de@Se
8,démordre,7,demORdR
8,dénaturé,8,denatyRe
7,dérider,6,deRide
16,désinsectisation,14,dez5sektizasj§
11,désorienter,9,dezoRj@te
8,détrôner,7,detRone
7,effendi,5,ef5di
8,embrumer,6,@bRyme
13,enthousiasmer,9,@tuzjasme
11,entomologie,9,@tomoloZi
8,entropie,6,@tRopi
6,escape,5,Eskap
11,excommunier,10,Ekskomynje
8,existant,7,Egzist@
10,explicable,10,Eksplikabl
11,extralucide,11,EkstRalysid
8,faiblard,6,fEblaR
11,faisabilité,10,f°zabilite
12,fantomatique,9,f@tomatik
9,fatalisme,8,fatalizm
8,filouter,6,filute
8,filtrant,6,filtR@
6,flocon,5,flok§
9,formateur,8,fORmat9R
4,giga,4,Ziga
13,globalisation,12,globalizasj§
8,gonflant,5,g§fl@
9,gratifier,8,gRatifje
8,griffure,6,gRifyR
7,grizzli,6,gRizli
6,guimpe,3,g5p
12,habilitation,10,abilitasj§
5,haras,3,aRa
7,hercule,5,ERkyl
11,hippogriffe,7,ipogRif
5,hodja,4,OdZa
10,horrifiant,6,oRifj@
11,horripilant,7,oRipil@
5,huche,2,yS
10,hygiéniste,8,iZjenist
4,hypo,3,ipo
11,identifiant,8,id@tifj@
13,implicitement,10,5plisit°m@
12,indéfendable,9,5def@dabl
11,infructueux,8,5fRykt82
13,ininflammable,10,in5flamabl
12,intercepteur,10,5tERsEpt9R
10,invendable,7,5v@dabl
11,inventorier,8,5v@toRje
6,isthme,3,izm
9,jerricane,7,ZERikan
4,jonc,2,Z§
4,kali,4,kali
4,kari,4,kaRi
11,kitchenette,8,kitS°nEt
9,knock-out,6,nOkawt
9,lancinant,6,l@sin@
5,liard,4,ljaR
5,lieue,3,lj2
8,liquette,5,likEt
8,lourdeur,6,luRd9R
9,légiférer,8,leZifeRe
9,légitimer,8,leZitime
7,mamelle,5,mamEl
8,mannitol,7,manitOl
6,masure,5,mazyR
9,mesurable,8,m°zyRabl
9,migrateur,8,migRat9R
4,moco,4,moko
11,monographie,9,monogRafi
8,mordicus,8,mORdikys
9,mortifier,8,mORtifje
9,motocross,8,motokROs
9,mouflette,6,muflEt
11,multicolore,10,myltikolOR
7,museler,6,myz°le
8,mécréant,6,mekRe@
9,médiateur,8,medjat9R
5,médoc,5,medOk
7,mésange,5,mez@Z
9,naufrager,7,nofRaZe
8,neuronal,7,n2Ronal
11,non-violent,7,n§vjol@
8,notation,7,notasj§
8,numéroté,8,nymeRote
12,nécromancien,10,nekRom@sj5
7,occiput,7,Oksipyt
7,optimal,7,Optimal
6,orgeat,4,ORZa
9,oubliette,7,ublijEt
8,oxygéner,8,OksiZene
8,papotage,7,papotaZ
13,paquet-cadeau,8,pakEkado
11,paris-brest,9,paRibREst
6,parvis,5,paRvi
8,pelotage,7,p°lotaZ
8,pensable,6,p@sabl
8,perfecto,8,pERfEkto
9,perméable,8,pERmeabl
10,persiflage,9,pERsiflaZ
10,phonétique,7,fonetik
6,picker,5,pik9R
7,pivoine,6,pivwan
7,placide,6,plasid
8,pleurant,5,pl2R@
7,pliable,6,pliabl
10,politicien,9,politisj5
6,porcin,5,pORs5
13,porte-drapeau,9,pORtdRapo
13,porte-malheur,9,pORtmal9R
8,presbyte,7,pREsbit
9,précarité,9,pRekaRite
11,préfabriqué,10,pRefabRike
10,prémolaire,8,pRemolER
9,prétexter,9,pRetEkste
7,prévenu,7,pREv°ny
12,ptérodactyle,11,pteRodaktil
6,pétant,4,pet@
16,quatre-vingt-six,10,katR°v5sis
8,quenelle,5,k°nEl
8,queutard,5,k2taR
7,quintal,5,k5tal
8,rabougri,7,RabugRi
10,rapetisser,8,Rap°tise
9,rationner,7,Rasjone
10,ravalement,8,Raval°m@
8,refroidi,8,R°fRwadi
9,remontrer,7,R°m§tRe
7,renonce,5,R°n§s
11,rock'n'roll,8,ROkEnROl
8,roitelet,7,Rwat°lE
7,rondeur,5,R§d9R
13,réaménagement,11,ReamenaZ°m@
9,répondeur,7,Rep§d9R
14,réveille-matin,9,RevEjmat5
12,sac-poubelle,8,sakpubEl
13,salsepareille,10,sals°paREj
6,sarong,5,saR§g
5,saxon,5,saks§
10,schtroumpf,6,StRumf
9,sciatique,6,sjatik
13,self-contrôle,10,sElfk§tRol
7,seriner,6,s°Rine
5,shift,4,Sift
8,silicose,7,silikoz
5,slave,4,slav
5,slice,4,slis
8,soupente,5,sup@t
11,sous-jacent,6,suZas@
9,spécifier,8,spesifje
10,stagnation,9,stagnasj§
6,stalle,4,stal
10,subsonique,8,sypsonik
12,susmentionné,10,sysm@sjone
10,symbolisme,8,s5bolizm
12,syndicaliste,10,s5dikalist
8,sélénium,8,selenjOm
9,sémillant,6,semij@
11,séronégatif,11,seRonegatif
6,tapeur,5,tap9R
7,tendeur,5,t@d9R
9,terrifier,7,tERifje
5,tollé,4,tole
8,too much,6,tum9tS
7,toundra,6,tundRa
13,transmissible,10,tR@smisibl
13,transparaître,10,tR@spaREtR
10,transporté,9,tR@spORte
9,trattoria,8,tRatoRja
8,travesti,8,tRavEsti
5,tulle,3,tyl
7,unicité,7,ynisite
7,valoche,5,valOS
8,vignette,5,viNEt
8,vindicte,6,v5dikt
5,voilé,5,vwale
5,whist,4,wist
7,échoppe,4,eSOp
15,éclaircissement,11,eklERsis°m@
8,écraseur,7,ekRaz9R
7,écrouer,5,ekRue
8,égorgeur,7,egORZ9R
9,élévateur,8,elevat9R
5,épate,4,epat
10,épithélium,9,epiteljOm
7,équerre,4,ekER
11,équivalence,8,ekival@s
4,étai,3,etE
7,absorbé,7,apsORbe
10,abécédaire,8,abesedER
9,acouphène,6,akufEn
10,acquiescer,6,akjese
9,acétylène,8,asetilEn
5,alloc,4,alOk
5,alpin,4,alp5
7,amuseur,6,amyz9R
10,anarchique,7,anaRSik
10,anti-venin,7,@tiv°n5
12,après-rasage,9,apRERazaZ
7,aquavit,7,akwavit
13,aromathérapie,11,aRomateRapi
9,arriviste,7,aRivist
14,autodiscipline,11,otodisiplin
7,baballe,5,babal
7,bacille,5,basil
7,badiner,6,badine
9,badminton,9,badmintOn
10,balancelle,7,bal@sEl
6,baobab,6,baobab
6,baraka,6,baRaka
8,barbiche,6,baRbiS
5,barde,4,baRd
7,battage,5,bataZ
7,bauxite,6,boksit
7,bighorn,6,bigORn
7,bigoudi,6,bigudi
7,biroute,5,biRut
11,bonimenteur,9,bonim@t9R
7,bonnard,5,bonaR
7,borough,4,boRO
5,bougé,4,buZe
8,béribéri,8,beRibeRi
9,cabochard,7,kaboSaR
10,camionnage,8,kamjonaZ
9,carpaccio,8,kaRpatSo
14,cartographique,11,kaRtogRafik
7,casaque,5,kazak
9,catamaran,8,katamaR@
10,cathodique,7,katodik
8,causerie,6,koz°Ri
7,charlot,5,SaRlo
6,charre,3,SaR
6,châtré,5,SatRe
13,cinquante-six,8,s5k@tsis
14,cinquantenaire,9,s5k@t°nER
6,climax,7,klimaks
11,code-barres,6,kOdbaR
8,colorant,6,koloR@
14,commercialiser,12,komERsjalize
9,commérage,7,komeRaZ
6,condom,5,k§dOm
11,conflictuel,10,k§flikt8El
11,connaissant,6,konEs@
16,contre-offensive,10,k§tRof@siv
9,corrosion,7,koRozj§
7,croisée,6,kRwaze
9,croquette,6,kRokEt
6,crotté,5,kRote
4,dahu,3,day
9,dantesque,6,d@tEsk
9,diagonale,8,djagonal
9,disloquer,7,disloke
8,dispersé,8,dispERse
7,disposé,7,dispoze
10,disséminer,8,disemine
11,domesticité,11,domEstisite
6,doseur,5,doz9R
7,doubler,5,duble
9,débraillé,7,debRaje
8,décréter,7,dekRete
8,défaveur,7,defav9R
16,démocratiquement,13,demokRatik°m@
11,démolisseur,9,demolis9R
6,démuni,6,demyni
10,dénudation,9,denydasj§
7,déroger,6,deRoZe
11,désamorçage,10,dezamORsaZ
10,déshériter,8,dezeRite
8,désister,7,deziste
15,déstabilisation,14,destabilizasj§
9,déversoir,9,devERswaR
6,dévoyé,7,devwaje
10,embonpoint,6,@b§pw5
6,embout,3,@bu
10,emphatique,6,@fatik
8,endetter,5,@dete
7,enduire,5,@d8iR
7,entêter,5,@tete
13,ex-partenaire,11,EkspaRt°nER
7,exténué,8,Eksten8e
12,fanfaronnade,9,f@faRonad
7,fauchon,4,foS§
10,fertiliser,9,fERtilize
6,finaud,4,fino
6,flippé,5,flipe
7,fonceur,5,f§s9R
12,foncièrement,9,f§sjER°m@
8,friterie,7,fRit°Ri
6,frugal,6,fRygal
6,gallon,4,gal§
8,ganglion,7,g@glij§
5,ganja,4,g@Za
7,gencive,5,Z@siv
9,gingivite,7,Z5Zivit
7,glanage,6,glanaZ
9,graphiste,7,gRafist
7,greffon,5,gREf§
10,grisonnant,7,gRizon@
11,généraliste,10,ZeneRalist
13,hallucinogène,10,alysinoZEn
13,haltérophilie,10,alteRofili
8,has been,6,abij5n
5,hebdo,4,Ebdo
6,hocher,3,oSe
11,hollandaise,6,ol@dEz
7,hydrate,5,idRat
5,hêtre,3,EtR
7,immigré,6,imigRe
11,impétuosité,10,5pet8ozite
10,indicateur,8,5dikat9R
10,indonésien,8,5donezj5
13,inextinguible,11,inEkst5gibl
12,infroissable,9,5fRwasabl
6,inhibé,5,inibe
14,insatisfaisant,10,5satisf°z@
13,insignifiance,9,5siNifj@s
7,iridium,7,iRidjOm
8,jardinet,7,ZaRdinE
5,jatte,3,Zat
12,kaléidoscope,11,kaleidoskOp
12,laryngoscope,10,laR5gOskOp
7,layette,5,lEjEt
6,levain,4,l°v5
7,limoger,6,limoZe
8,linoléum,8,linoleOm
5,lotte,3,lOt
8,louvoyer,7,luvwaje
9,luxuriant,8,lyksyRj@
12,lycanthropie,9,lik@tRopi
11,léthargique,8,letaRZik
10,machinerie,8,maSin°Ri
6,mariné,6,maRine
4,mati,4,mati
7,matinée,6,matine
7,minéral,7,mineRal
10,moissonner,7,mwasone
9,monospace,8,monospas
5,moulé,4,mule
7,mutiner,6,mytine
2,n',1,n
9,naturiste,8,natyRist
6,navajo,6,navaRo
5,naïve,4,naiv
6,nullos,4,nylo
12,orthopédique,9,ORtopedik
3,ost,3,Ost
7,ottoman,5,otom@
13,paléontologue,10,pale§tolOg
7,pelvien,6,pElvj5
10,pernicieux,8,pERnisj2
9,persécuté,9,pERsekyte
5,pietà,5,pjeta
9,pincement,6,p5s°m@
9,platitude,8,platityd
7,prolixe,7,pRoliks
11,promontoire,9,pRom§twaR
8,prospect,6,pROspE
11,protectorat,10,pRotEktoRa
9,provolone,8,pRovolOn
8,prénommé,7,pRenome
13,pulvérisateur,12,pylveRizat9R
6,pédant,4,ped@
10,péritonéal,10,peRitOneal
9,rachidien,7,RaSidj5
3,rad,3,Rad
9,raffermir,8,RafERmiR
12,reconfigurer,10,R°k§figyRe
8,rectorat,7,REktoRa
7,redorer,6,R°doRe
7,remiser,6,R°mize
8,resserre,5,R°sER
13,rocambolesque,10,Rok@bolEsk
8,réglable,7,Reglabl
12,réintroduire,10,Re5tRod8iR
9,résection,8,Reseksj§
9,réédition,8,Reedisj§
7,sautoir,6,sotwaR
12,self-défense,9,sElfdef@s
14,sentimentalité,12,s@tim@talite
6,silice,5,silis
7,solvant,5,sOlv@
15,sous-commission,9,sukomisj§
5,sprat,5,spRat
12,streptocoque,10,stREptokOk
13,stérilisateur,12,steRilizat9R
8,surbooké,7,syRbuke
15,surprise-partie,12,syRpRizpaRti
12,sympathisant,8,s5patiz@
7,taboulé,6,tabule
9,tantrique,6,t@tRik
9,tenancier,7,t°n@sje
7,terreau,4,tERo
4,tian,4,tij@
9,tohu-bohu,6,toyboy
14,tranquillisant,9,tR@kiliz@
9,triathlon,8,tRijatl§
9,tularémie,8,tylaRemi
9,turpitude,8,tyRpityd
8,verbiage,7,vERbjaZ
11,vice-consul,8,visk§syl
8,viennois,6,vjEnwa
8,villette,5,vilEt
10,virevolter,9,viR°vOlte
8,virtuose,7,viRt8oz
7,végétal,7,veZetal
10,vérifiable,9,veRifjabl
6,zircon,5,ziRk§
6,écueil,4,ek9j
8,égoutter,5,egute
11,électrisant,9,elEktRiz@
6,épître,5,epitR
10,ésotérique,8,ezoteRik
6,éventé,5,ev@te
9,évitement,7,evit°m@
10,abattement,7,abat°m@
6,acabit,5,akabi
6,acajou,5,akaZu
14,accessoirement,11,akseswaR°m@
11,acuponcture,9,akyp§ktyR
8,affaibli,6,afEbli
6,affilé,5,afile
7,agitato,7,aZitato
6,airain,3,ER5
8,albumine,7,albymin
8,ammoniac,7,amonjak
5,anche,2,@S
8,anguleux,5,@gyl2
10,anti-tabac,7,@titaba
14,anticommuniste,11,@tikomynist
12,anxieusement,9,@ksj2z°m@
8,apologie,7,apoloZi
6,arpent,4,aRp@
15,artériosclérose,14,aRteRjoskleRoz
11,assentiment,7,as@tim@
8,atomiser,7,atomize
8,autarcie,6,otaRsi
15,authentiquement,9,ot@tik°m@
11,automatisme,9,otomatizm
6,autres,3,otR
7,avaleur,6,aval9R
8,bakchich,6,bakSiS
10,baratineur,9,baRatin9R
6,barème,5,baREm
9,bastonner,7,bastone
8,baudrier,7,bodRije
9,belvédère,8,bElvedER
7,best of,6,bEstOf
7,beugler,5,b2gle
13,bibliographie,12,biblijogRafi
9,bigophone,7,bigofOn
5,bigot,4,bigo
11,billetterie,8,bijEt°Ri
10,blanquette,6,bl@kEt
4,bore,3,bOR
8,bougeoir,6,buZwaR
10,bouillasse,5,bujas
14,bouleversement,11,bul°vERs°m@
9,bouquiner,6,bukine
11,bradycardie,10,bRadikaRdi
6,breton,5,bR°t§
7,cagnard,5,kaNaR
6,cahute,4,kayt
5,cajou,4,kaZu
7,calicot,6,kaliko
9,camériste,8,kameRist
6,canari,6,kanaRi
10,canneberge,8,kan°bERZ
10,cantonnier,7,k@tonje
8,carburer,7,kaRbyRe
8,carreler,6,kaR°le
11,carton-pâte,8,kaRt§pat
9,caténaire,7,katenER
13,chambardement,9,S@baRd°m@
8,chausser,4,Sose
11,cheminement,8,S°min°m@
12,chlorhydrate,9,kloRidRat
9,chocolaté,8,Sokolate
6,cimier,5,simje
9,cinétique,7,sinetik
6,citrus,6,sitRys
8,cloîtrer,7,klwatRe
9,collapsus,8,kolapsys
7,colvert,6,kOlvER
9,complexer,8,k§plEkse
10,compulsion,8,k§pylsj§
10,concasseur,7,k§kas9R
7,concile,5,k§sil
9,condenser,6,k§d@se
11,congratuler,9,k§gRatyle
10,consonance,7,k§son@s
9,consterné,8,k§stERne
10,copulation,9,kopylasj§
7,cordage,6,kORdaZ
6,corner,5,koRne
5,cornu,5,kORny
8,corrosif,7,koRozif
11,corrélation,9,koRelasj§
9,coucherie,6,kuS°Ri
7,coulage,5,kulaZ
13,court-métrage,9,kuRmetRaZ
8,couvrant,5,kuvR@
5,crado,5,kRado
6,criard,6,kRijaR
12,croche-patte,7,kROSpat
7,cruiser,5,kRuze
14,cryogénisation,14,kRijoZenizasj§
10,crématoire,9,kRematwaR
4,cucu,4,kyky
8,cuirassé,7,k8iRase
12,cyanhydrique,9,sjanidRik
9,cybercafé,9,sibERkafe
12,cyclosporine,11,siklospoRin
3,dab,3,dab
9,dare-dare,6,daRdaR
11,demi-siècle,9,d°misjEkl
9,destituer,8,destit8e
11,destitution,10,destitysj§
4,diam,4,djam
6,diffus,4,dify
10,dindonneau,6,d5dono
10,directoire,9,diREktwaR
11,discriminer,10,diskRimine
11,dissociatif,10,disosjatif
9,divisible,8,divizibl
5,docte,4,dOkt
6,dorsal,6,dORsal
8,douiller,4,duje
13,dramatisation,12,dRamatizasj§
7,drummer,6,dR9m9R
8,duodénum,8,d8odenOm
10,débrouille,6,debRuj
12,décalcomanie,11,dekalkomani
8,décanter,6,dek@te
7,décorum,7,dekoROm
11,défenestrer,10,def°nEstRe
8,dégorger,7,degORZe
8,démineur,7,demin9R
8,déplorer,7,deploRe
13,dépouillement,8,depuj°m@
9,dératiser,8,deRatize
11,désarçonner,9,dezaRsone
10,désertique,8,dezERtik
10,détectable,9,detEktabl
11,détrousseur,8,detRus9R
11,développeur,9,dev°lop9R
5,embué,4,@b8e
6,emmêlé,5,@mele
8,empoigne,5,@pwaN
9,empresser,6,@pREse
8,encolure,6,@kolyR
8,endiablé,7,@djable
8,enjôleur,6,@Zol9R
12,enquiquineur,8,@kikin9R
11,environnant,7,@viRon@
9,erratique,6,ERatik
10,escarcelle,8,EskaRsEl
8,escompte,5,Esk§t
8,ex-amant,6,Eksam@
17,exponentiellement,14,Ekspon@sjEl°m@
8,exporter,8,EkspORte
9,expédient,8,Ekspedj@
9,famélique,7,famelik
13,fantasmagorie,11,f@tasmagoRi
7,fanzine,5,f@zin
7,ficeler,6,fis°le
5,ficus,5,fikys
9,finaliste,8,finalist
9,flageller,7,flaZele
6,flambe,4,fl@b
6,flambé,5,fl@be
7,flasher,5,flaSe
8,fluorure,7,flyoRyR
11,forfanterie,9,fORf@t°Ri
12,fortuitement,10,fORt8it°m@
7,foulure,5,fulyR
7,fourchu,5,fuRSy
16,franc-maçonnerie,11,fR@masOn°Ri
14,fume-cigarette,10,fymsigaREt
8,furibard,7,fyRibaR
6,fécule,5,fekyl
7,félonie,6,feloni
4,fétu,4,fety
8,gangrené,7,g@gR°ne
8,gaufrier,7,gofRije
4,gazé,4,gaze
6,geyser,5,ZEzER
4,gnou,3,gnu
7,graissé,5,gREse
11,graphologue,8,gRafolOg
10,gravissime,8,gRavisim
9,gringalet,7,gR5galE
12,grésillement,9,gRezij°m@
9,gémellité,8,Zemelite
6,génois,5,Zenwa
10,géodésique,8,Zeodezik
6,hamada,5,amada
6,harder,4,aRde
10,harponnage,7,aRponaZ
13,homéopathique,9,omeopatik
6,hongre,3,§gR
5,huppé,3,ype
7,hussard,4,ysaR
5,hydre,3,idR
5,hydro,4,idRo
13,hyperactivité,12,ipERaktivite
12,hypertrophié,10,ipERtRofje
14,hypocondriaque,11,ipok§dRijak
10,idéogramme,8,ideogRam
6,impala,5,5pala
15,imprévisibilité,14,5pRevizibilite
10,inactivité,10,inaktivite
10,indécision,8,5desizj§
8,inespéré,8,inEspeRe
9,ingestion,7,5ZEstj§
7,inhaler,5,inale
8,insoumis,5,5sumi
14,institutionnel,12,5stitysjonEl
9,inséminer,7,5semine
9,interagir,8,5tERaZiR
11,intercostal,10,5tERkOstal
13,intuitivement,10,5t8itiv°m@
8,irriguer,5,iRige
5,jaffe,3,Zaf
5,jocko,4,ZOko
6,joseph,5,ZozEf
14,judicieusement,11,Zydisj2z°m@
5,junte,3,Z1t
13,juxtaposition,13,Zykstapozisj§
5,kappa,4,kapa
5,kitch,4,kitS
5,krill,4,kRil
9,laboureur,7,labuR9R
3,lad,3,lad
7,laitier,5,letje
7,linteau,4,l5to
5,lippu,4,lipy
4,luth,3,lyt
7,léchage,5,leSaZ
8,malavisé,8,malavize
11,malfaisance,8,malf°z@s
9,mandibule,7,m@dibyl
17,maniaco-dépressif,15,manjakodepResif
10,mansuétude,8,m@s8etyd
11,marathonien,9,maRatonj5
10,mass media,8,masmedja
9,massepain,5,masp5
8,maîtrisé,7,metRize
10,mi-hauteur,6,miot9R
8,mi-lourd,5,miluR
15,microprocesseur,13,mikRopRosEs9R
6,millet,4,mijE
9,mimétisme,8,mimetizm
11,minoritaire,9,minoRitER
8,minouche,5,minuS
7,minuter,6,minyte
9,monsignor,7,m§siNOR
7,mouflet,5,muflE
12,multiplicité,12,myltiplisite
7,mulâtre,6,mylatR
8,myosotis,8,mjozotis
7,méconnu,6,mekony
7,niaiser,5,njEze
11,nietzschéen,6,nitSe5
8,nigérien,7,niZeRj5
9,nitrogène,8,nitRoZEn
11,notoirement,9,notwaR°m@
10,nouveau-né,6,nuvone
9,névralgie,8,nevRalZi
7,névrite,6,nevRit
9,obligeant,6,obliZ@
6,ocelot,5,Os°lo
6,octroi,6,OktRwa
8,officine,6,ofisin
6,orangé,5,oR@Ze
8,oratoire,7,oRatwaR
7,orbital,7,ORbital
14,ornithologique,11,ORnitoloZik
7,ornière,6,ORnjER
11,oscillateur,8,osijat9R
8,outrance,5,utR@s
8,paillard,5,pajaR
9,palladium,8,paladjOm
6,palmer,6,palmER
8,pandémie,6,p@demi
11,parachutage,9,paRaSytaZ
8,parmesan,7,paRm°z@
8,patapouf,7,patapuf
8,pavoiser,7,pavwaze
7,peignée,4,peNe
10,pense-bête,6,p@sbEt
9,pentothal,7,p5total
6,pernod,5,pERno
8,peroxyde,8,peROksid
8,persique,6,pERsik
11,persistance,9,pERsist@s
10,persistant,8,pERsist@
11,personnifié,10,pERsonifje
13,philanthropie,9,fil@tRopi
8,phonique,5,fonik
13,pitoyablement,12,pitwajabl°m@
9,plagiaire,7,plaZjER
9,pleurésie,7,pl9Rezi
9,pléonasme,8,pleonasm
8,politico,8,politiko
6,populo,6,popylo
11,pornographe,9,pORnogRaf
12,porte-chance,8,pORt°S@s
10,positivité,10,pozitivite
15,post-opératoire,13,pOstopeRatwaR
8,potasser,6,potase
8,pressoir,7,pREswaR
9,priapisme,9,pRijapizm
10,prolifique,8,pRolifik
11,prospection,10,pROspEksj§
9,provocant,7,pRovok@
8,précepte,7,pResEpt
7,putting,5,p9tiG
14,périodiquement,11,peRjodik°m@
9,péroniste,8,peROnist
8,pétanque,5,pet@k
10,rabibocher,8,RabiboSe
9,raconteur,7,Rak§t9R
6,raidir,5,RediR
7,ramolli,6,Ramoli
7,ramoner,6,Ramone
10,randonneur,7,R@don9R
7,rapière,6,RapjER
6,rasant,4,Raz@
6,rassis,4,Rasi
7,reboire,6,R°bwaR
9,recentrer,7,R°s@tRe
9,rencarder,7,R@kaRde
10,renflement,7,R@fl°m@
13,repositionner,11,R°pozisjone
8,reposoir,8,R°pozwaR
10,représenté,9,R°pRez@te
9,retriever,8,RitRiv9R
6,ricain,4,Rik5
9,rillettes,5,RijEt
10,robustesse,8,RobystEs
9,ronronner,6,R§Rone
3,roy,3,Rwa
10,récitation,9,Resitasj§
10,récurrence,7,RekyR@s
13,réinitialiser,12,Reinisjalize
12,réinterroger,9,Re5tERoZe
12,rétractation,11,RetRaktasj§
10,réversible,9,RevERsibl
7,réélire,6,ReeliR
13,saint-bernard,8,s5bERnaR
14,saint-frusquin,8,s5fRysk5
10,saisonnier,7,sEzonje
8,saoulard,5,sulaR
8,scanning,6,skaniG
13,scintillement,8,s5tij°m@
8,scotcher,6,skOtSe
10,scratching,8,skRatSiG
5,seltz,5,sElts
5,shale,3,Sal
4,shed,3,SEd
8,sidérant,6,sideR@
7,siennes,4,sjEn
5,siens,3,sj5
10,signataire,7,siNatER
9,simplette,6,s5plEt
9,singleton,7,s5gl2t§
8,siphonné,6,sifone
8,skinhead,6,skinEd
10,sous-louer,5,sulwe
13,sous-ministre,9,suministR
12,sous-station,8,sustasj§
8,spectral,8,spEktRal
14,sporadiquement,11,spoRadik°m@
6,strate,5,stRat
11,stylo-bille,8,stilobij
8,submergé,8,sybmERZe
6,suppôt,4,sypo
8,synopsis,8,sinOpsis
7,séchage,5,seSaZ
9,sécrétion,8,sekResj§
7,sédatif,7,sedatif
7,séminal,7,seminal
6,séropo,6,seRopo
8,taffetas,6,taf°ta
6,talkie,5,tOlki
7,tamiser,6,tamize
10,tamponnade,7,t@pOnad
7,tanguer,4,t@ge
6,tannée,4,tane
9,tantrisme,7,t@tRizm
9,tapissier,7,tapisje
11,terminaison,9,tERminEz§
7,terroir,6,tERwaR
5,tiama,5,tjama
8,toasteur,6,tost9R
5,tonte,3,t§t
13,topographique,10,topogRafik
6,traduc,6,tRadyk
7,tramway,6,tRamwE
15,tridimensionnel,13,tRidim@sjonEl
11,trithérapie,9,tRiteRapi
10,trois-huit,7,tRwa8it
7,tronçon,5,tR§s§
6,téflon,5,tefl§
6,unième,5,ynjEm
7,vanillé,6,vanije
7,vecteur,6,vEkt9R
8,vendange,5,v@d@Z
7,ventilé,6,v@tile
7,verbeux,5,vERb2
13,verticalement,11,vERtikal°m@
6,viaduc,6,vjadyk
7,vintage,5,v5taZ
7,vitrier,7,vitRije
8,volatile,7,volatil
4,youp,3,jup
7,zizique,5,zizik
14,à tire-larigot,10,atiRlaRigo
10,échafauder,7,eSafode
8,écoeurer,5,ek9Re
13,élargissement,10,elaRZis°m@
5,émule,4,emyl
11,épidermique,9,epidERmik
11,équilibrage,9,ekilibRaZ
8,étourdir,7,etuRdiR
10,abrogation,9,abRogasj§
11,abusivement,9,abyziv°m@
9,accession,7,aksEsj§
9,accidenté,8,aksid@te
8,accroupi,6,akRupi
12,adaptabilité,12,adaptabilite
8,adjacent,6,adZas@
9,adulation,8,adylasj§
11,affirmative,9,afiRmativ
8,affluent,5,afly@
10,agissement,7,aZis°m@
9,alcaloïde,8,alkaloid
15,alternativement,13,altERnativ°m@
11,amerrissage,8,amERisaZ
11,antagonisme,9,@tagonizm
15,anthropologique,11,@tRopoloZik
10,anti-bruit,7,@tibR8i
13,anti-incendie,8,@ti5s@di
8,anticipé,7,@tisipe
12,anticlérical,11,@tikleRikal
8,antigang,6,@tig@g
10,antigrippe,7,@tigRip
10,antipoison,8,@tipwaz§
10,antécédent,7,@tesed@
3,api,3,api
9,apprenant,6,apR°n@
7,arabica,7,aRabika
7,ardoise,6,aRdwaz
9,arpenteur,7,aRp@t9R
9,arrivisme,7,aRivizm
7,arriéré,6,aRjeRe
13,artériopathie,11,aRteRjopati
6,ashram,5,aSRam
8,assortir,7,asORtiR
10,astringent,7,astR5Z@
9,attaquant,5,atak@
8,attristé,7,atRiste
11,audiovisuel,10,odjoviz8El
12,australienne,9,ostRaljEn
12,autobronzant,8,otobR§z@
12,autocritique,9,otokRitik
11,autodidacte,9,otodidakt
15,avantageusement,11,av@taZ2z°m@
12,avilissement,9,avilis°m@
10,avocaillon,7,avokaj§
9,aéroplane,8,aeRoplan
8,aérostat,7,aeRosta
9,balluchon,6,balyS§
10,banalement,8,banal°m@
9,banaliser,8,banalize
5,barca,5,baRka
8,bassinet,6,basinE
3,ber,3,b9R
9,bergamote,8,bERgamOt
6,bifton,5,bift§
12,biomécanique,10,bjomekanik
6,birman,5,biRm@
10,blanc-bleu,6,bl@bl2
8,bombonne,5,b§bOn
5,bombé,4,b§be
5,borax,6,boRaks
12,bouillonnant,6,bujon@
10,bourriquet,6,buRikE
9,boutanche,5,but@S
6,bouter,4,bute
4,bran,3,bR@
10,branchette,6,bR@SEt
10,brouillard,6,bRujaR
6,brunir,6,bRyniR
6,buccal,5,bykal
7,butiner,6,bytine
9,bâtonnier,7,batonje
6,béance,4,be@s
10,bétaillère,7,betajER
8,bétonner,6,betone
8,cabernet,7,kabERnE
9,cache-pot,5,kaSpo
7,caducée,6,kadyse
9,cafardeur,8,kafaRd9R
7,calebar,7,kal°baR
9,cancéreux,6,k@seR2
9,canonnier,7,kanonje
9,catapulte,8,katapylt
14,centralisation,12,s@tRalizasj§
13,charlatanisme,11,SaRlatanizm
10,charretier,7,SaR°tje
8,charybde,6,SaRibd
8,chassant,4,Sas@
10,chemiserie,8,S°miz°Ri
7,chiquer,4,Sike
7,choucas,4,Suka
6,cilice,5,silis
13,cinquièmement,9,s5kjEm°m@
11,circonflexe,10,siRk§flEks
6,clapot,5,klapo
9,clignoter,7,kliNote
5,cloué,4,klue
6,cocard,5,kokaR
5,coder,4,kode
7,colorer,6,koloRe
9,coloriste,8,koloRist
9,comandant,6,kom@d@
15,commercialement,12,komERsjal°m@
12,commémoratif,11,komemoRatif
10,comploteur,8,k§plot9R
10,compresser,7,k§pREse
13,compromission,10,k§pRomisj§
7,conneau,4,kono
12,conscription,10,k§skRipsj§
11,constrictor,10,k§stRiktOR
12,coproduction,11,kopRodyksj§
9,coranique,7,koRanik
7,cordeau,5,kORdo
6,corder,5,kORde
11,cordonnerie,9,kORdOn°Ri
6,corner,6,koRnER
7,coupant,4,kup@
6,craque,4,kRak
9,cravacher,7,kRavaSe
13,croc-en-jambe,8,kRok@Z@b
9,cyclotron,8,siklotR§
7,câbleur,6,kabl9R
6,côtelé,6,kot°le
4,dale,3,dal
9,damoiseau,7,damwazo
8,de facto,7,defakto
8,deadline,7,dEdlajn
10,demi-dieux,7,d°midj2
11,dentisterie,9,d@tist°Ri
10,despotique,8,despotik
9,dessaisir,7,deseziR
8,dessaler,6,desale
15,deus ex machina,13,deuseksmakina
11,dionysiaque,9,djonizjak
8,diplômer,7,diplOme
11,disc-jockey,8,diskZokE
9,disgracié,9,disgRasje
11,dislocation,10,dislokasj§
9,droguiste,7,dRogist
5,dudit,5,dydit
5,durci,5,dyRsi
4,dyke,3,dik
7,débotté,6,debote
11,déconnexion,10,dekonEksj§
12,décontenancé,10,dek§t°n@se
10,déconvenue,8,dek§v°ny
11,dégrisement,9,degRiz°m@
8,dégrossi,7,degRosi
11,délassement,8,delas°m@
13,déliquescence,9,delikes@s
6,déluré,6,delyRe
8,démiurge,7,demjyRZ
10,démobilisé,10,demobilize
11,démographie,9,demogRafi
11,démonologie,10,demonoloZi
9,déphasage,7,defazaZ
7,déplier,7,deplije
7,déplumé,7,deplyme
12,désapprouver,9,dezapRuve
15,désenchantement,10,dez@S@t°m@
7,déserté,7,dezERte
6,désuet,5,dez8E
8,dévoreur,7,devoR9R
9,dézinguer,6,dez5ge
8,embardée,6,@baRde
10,embrassade,7,@bRasad
12,embrouilleur,7,@bRuj9R
10,embêtement,7,@bEt°m@
10,empoignade,7,@pwaNad
10,en loucedé,6,@lusde
9,encadreur,7,@kadR9R
12,enfant-robot,7,@f@Robo
8,enferrer,5,@fERe
8,enfilade,6,@filad
9,entremise,7,@tR°miz
13,enveloppement,9,@v°lOp°m@
15,environnemental,12,@viROn°m@tal
7,ergoter,6,ERgote
10,escogriffe,8,EskogRif
8,esquinté,6,Esk5te
13,essoufflement,8,esufl°m@
5,estoc,5,EstOk
9,ex-boxeur,9,EksbOks9R
12,excellemment,8,EksElam@
8,exceller,6,Eksele
10,excommunié,10,Ekskomynje
7,excéder,6,Eksede
10,expiatoire,10,EkspjatwaR
15,expéditionnaire,13,EkspedisjonER
6,fanion,5,fanj§
4,faro,4,faRo
7,fibreux,5,fibR2
8,fignoler,6,fiNole
7,fluvial,7,flyvjal
8,flûtiste,7,flytist
7,fourgue,4,fuRg
6,fourni,5,fuRni
10,fourniture,8,fuRnityR
7,frauder,5,fRode
5,freak,4,fREk
6,frette,4,fREt
10,froncement,7,fR§s°m@
11,gagne-petit,7,gaNp°ti
15,garde-forestier,13,gaRd2fOREstje
15,garde-frontière,12,gaRd°fR§tjER
13,garde-meubles,9,gaRd°m9bl
6,garnir,6,gaRniR
9,glutamate,8,glytamat
10,goujaterie,8,guZat°Ri
9,goupillon,6,gupij§
7,gracile,6,gRasil
6,grenat,5,gR°na
6,griffu,5,gRify
8,grimacer,7,gRimase
5,griot,5,gRijo
9,grésiller,7,gRezije
8,gréviste,7,gRevist
10,guichetier,7,giS°tje
11,guili-guili,8,giligili
7,génital,7,Zenital
6,halage,4,alaZ
7,herbier,5,ERbje
13,honoris causa,10,onoRiskoza
6,humano,5,ymano
8,humecter,6,ymEkte
6,hyoïde,4,ioid
9,hypoxique,7,ipOksik
6,ictère,5,iktER
12,idéalisation,11,idealizasj§
11,ignoblement,8,iNObl°m@
10,immettable,7,5mEtabl
15,impressionnisme,11,5pResjonizm
13,imprononçable,10,5pRon§sabl
7,in pace,5,inpas
8,inadapté,8,inadapte
10,inamovible,9,inamovibl
13,inatteignable,9,inatENabl
10,inattentif,8,inat@tif
15,incommensurable,11,5kom@syRabl
10,indisposer,8,5dispoze
13,indécrottable,10,5dekRotabl
14,indéfinissable,11,5definisabl
9,ingérable,7,5ZeRabl
6,inondé,5,in§de
9,inspirant,6,5spiR@
12,instrumental,10,5stRym@tal
13,insurpassable,10,5syRpasabl
12,intempérance,8,5t@peR@s
11,interpeller,8,5tERpEle
15,intramusculaire,12,5tRamyskylER
8,inusable,7,inyzabl
12,irish coffee,9,ajRiSkOfi
12,irrémissible,9,iRemisibl
10,jaunissant,6,Zonis@
13,joint-venture,13,dZOjntvEntS9R
8,karmique,6,kaRmik
3,kil,3,kil
5,kurde,4,kyRd
4,lack,3,lak
10,larfeuille,6,laRf9j
9,lascivité,8,lasivite
3,lem,3,lEm
10,lesquelles,5,lEkEl
6,libera,6,lib°Ra
5,lilas,4,lila
8,littoral,7,litoRal
10,liturgique,8,lityRZik
5,logos,5,logOs
5,lotta,4,lOta
8,machinal,7,maSinal
13,macrobiotique,11,makRobjotik
13,manu militari,12,manymilitaRi
7,marigot,6,maRigo
6,martre,5,maRtR
11,mastication,10,mastikasj§
13,merchandising,11,mERtS@diziG
11,microclimat,10,mikRoklima
5,milli,4,mili
9,missilier,7,misilje
8,mobilier,7,mobilje
10,modulation,9,modylasj§
7,mollard,5,molaR
10,monsignore,7,m§siNOR
11,moudjahidin,8,mudZaid5
10,mouvementé,8,muv°m@te
3,mue,2,my
13,mystification,12,mistifikasj§
6,médius,6,medjys
11,métallurgie,9,metalyRZi
6,narrer,4,naRe
8,navigant,6,navig@
11,neutraliste,9,n2tRalist
9,niaiserie,7,njEz°Ri
3,nib,3,nib
7,nitreux,5,nitR2
8,nocivité,8,nosivite
11,non-respect,7,n§REspE
7,nouille,3,nuj
6,nuancé,5,n8@se
6,nubuck,5,nybyk
8,nutritif,8,nytRitif
10,nécessiter,8,nesesite
11,nécessiteux,8,nesesit2
11,omnipotence,9,Omnipot@s
9,optionnel,8,OpsjonEl
8,ordurier,7,ORdyRje
3,ort,2,OR
9,outrigger,8,awtRig9R
12,ouvre-boîtes,8,uvR°bwat
9,oxydation,9,Oksidasj§
11,paillardise,8,pajaRdiz
7,paladin,6,palad5
7,panière,6,panjER
10,par-devant,7,paRd°v@
8,parlotte,6,paRlOt
9,passéiste,7,paseist
8,patachon,6,pataS§
12,paternaliste,11,patERnalist
2,pc,4,pese
6,pelade,5,p°lad
10,percepteur,9,pERsEpt9R
10,percussion,8,pERkysj§
6,peyotl,6,pEjOtl
10,phréatique,7,fReatik
6,piffer,4,pife
7,piffrer,5,pifRe
5,piner,4,pine
7,pistole,6,pistOl
8,pitrerie,7,pitR°Ri
6,pivert,5,pivER
11,plastiquage,9,plastikaZ
10,plastiquer,8,plastike
10,pluralisme,9,plyRalizm
7,pléiade,6,plejad
4,pogo,4,pOgo
9,pointillé,7,pw5tije
11,poinçonneur,8,pw5son9R
14,police-secours,10,pOliss2kuR
7,poltron,6,pOltR§
6,poncer,4,p§se
10,pontifical,9,p§tifikal
9,populiste,8,popylist
5,poque,3,pOk
7,pouding,5,pudiG
11,pourfendeur,8,puRf@d9R
6,poêlon,5,pwal§
14,premier-maître,10,pR2mjemEtR
10,presqu'île,7,pREskil
13,presse-papier,9,pREspapje
7,primeur,6,pRim9R
12,proportionné,11,pRopORsjone
8,prussien,6,pRysj5
10,psalmodier,9,psalmodje
8,pulluler,6,pylyle
7,périnée,6,peRine
6,périph,5,peRif
8,pétarade,7,petaRad
14,quasi-totalité,12,kazitotalite
14,quinquagénaire,9,k5kaZenER
9,rabougrir,8,RabugRiR
9,racketter,6,RakEte
7,racoler,6,Rakole
11,radiculaire,9,RadikylER
6,ramage,5,RamaZ
6,raphia,5,Rafja
6,ratage,5,RataZ
10,rectiligne,8,REktiliN
10,redisposer,9,R2dispoze
8,remmener,6,R@m°ne
11,remontrance,8,R°m§tR@s
9,remuscler,8,R2myskle
12,renforcement,9,R@fORs°m@
8,reperdre,7,R°pERdR
6,replat,5,R°pla
9,repérable,8,R°peRabl
14,respectivement,12,REspEktiv°m@
10,restoroute,8,REstoRut
13,retransformer,11,R2tR@sfORme
9,revisiter,8,R°vizite
12,rhumatologie,10,RymatOlOZi
4,riel,4,RjEl
6,rimmel,5,RimEl
8,rocaille,5,Rokaj
7,rocheux,4,RoS2
9,rogatoire,8,RogatwaR
7,rognure,5,RoNyR
10,ronchonner,6,R§Sone
6,ronron,4,R§R§
10,roucoulade,7,Rukulad
12,roucoulement,8,Rukul°m@
7,roulier,5,Rulje
7,routage,5,RutaZ
7,runique,5,Rynik
13,réaffectation,11,ReafEktasj§
4,réal,4,Real
12,réapparition,10,ReapaRisj§
10,rébarbatif,10,RebaRbatif
10,récriminer,9,RekRimine
8,régenter,6,ReZ@te
8,réopérer,7,ReopeRe
10,réserviste,9,RezERvist
11,rétrograder,10,RetRogRade
6,sabler,5,sable
12,saint-pierre,6,s5pjER
7,saloper,6,salope
9,salopiaud,7,salopjo
12,sans-culotte,7,s@kylOt
8,sarcelle,6,saRsEl
12,self-control,10,sElfk§tRol
12,sensibiliser,10,s@sibilize
11,septentrion,10,sEpt@tRij§
5,shunt,4,S9nt
12,sine qua non,10,sinekwanOn
5,sitar,5,sitaR
9,soignable,7,swaNabl
17,soixante-dix-huit,12,swas@tdiz8it
13,soixante-huit,9,swas@t8it
13,soixante-neuf,9,swas@tn9f
7,solfège,6,solfEZ
8,sonotone,7,sonotOn
9,soupirail,7,supiRaj
10,sous-homme,5,suzOm
14,souverainement,10,suv°REn°m@
9,spongieux,6,sp§Zj2
8,squatter,7,skwat9R
8,stigmate,7,stigmat
9,stock-car,7,stOkkaR
10,strapontin,8,stRap§t5
10,subtiliser,9,syptilize
8,sunlight,7,s9nlajt
11,surenchérir,9,syR@SeRiR
10,surestimer,9,syREstime
10,synaptique,8,sinaptik
4,séné,4,sene
8,tapinage,7,tapinaZ
10,tarabuster,9,taRabyste
12,taxidermiste,12,taksidERmist
7,taï chi,5,tajSi
5,tenon,4,t°n§
6,tergal,6,tERgal
6,tertre,5,tERtR
7,testeur,6,tEst9R
9,théâtreux,6,teatR2
4,tiki,4,tiki
4,tine,3,tin
9,tirailler,6,tiRaje
10,tortillard,8,tORtijaR
10,tout-paris,6,tupaRi
7,transat,6,tR@zat
8,trempeur,6,tR@p9R
12,triangulaire,10,tRij@gylER
9,tripaille,6,tRipaj
9,triplette,7,tRiplEt
7,triquer,5,tRike
11,tristouille,7,tRistuj
10,trois-mâts,6,tRwama
7,trémolo,7,tRemolo
8,turbiner,7,tyRbine
8,tyrolien,7,tiRolj5
7,téloche,5,telOS
6,tétras,6,tetRas
7,ukulélé,7,ykylele
11,ultraviolet,10,yltRavjolE
6,urètre,5,yREtR
10,vantardise,8,v@taRdiz
6,verdir,6,vERdiR
6,vernir,6,vERniR
5,veule,3,v2l
9,violenter,7,vjol@te
10,visionnage,8,vizjonaZ
7,voilure,6,vwalyR
12,wait and see,9,wEjt5ndsi
6,wicket,5,wikEt
10,à fortiori,9,afORsjoRi
4,ânon,3,an§
12,ébouillanter,7,ebuj@te
7,éboulis,5,ebuli
10,échangisme,7,eS@Zizm
8,égotisme,7,egotizm
23,électro-encéphalogramme,18,elEktRo@sefalogRam
8,élitisme,7,elitizm
6,élysée,5,elize
5,émeri,5,Em°Ri
6,émigré,6,emigRe
11,émoustiller,8,emustije
6,éméché,5,emeSe
8,énormité,8,enORmite
8,épiphyse,6,epifiz
10,épouvanter,7,epuv@te
9,épouvanté,7,epuv@te
8,érythème,6,eRitEm
8,étancher,5,et@Se
9,éteignoir,7,etENwaR
8,étouffée,5,etufe
9,acception,8,aksEpsj§
13,acquiescement,8,akjEs°m@
9,activisme,8,aktivizm
16,agro-alimentaire,12,agRoalim@tER
8,anisette,6,anizEt
12,annuellement,8,an8El°m@
10,antalgique,7,@talZik
9,antisèche,6,@tisES
8,aortique,6,aORtik
10,apostrophe,8,apostROf
13,architectural,12,aRSitEktyRal
9,artisanal,9,aRtizanal
8,aruspice,7,aRyspis
7,assagir,6,asaZiR
8,attorney,6,atORnE
5,avéré,5,aveRe
10,aérophagie,8,aeRofaZi
7,bagasse,5,bagas
9,ballonner,6,balone
9,barquette,6,baRkEt
5,basal,5,bazal
9,belladone,7,beladOn
8,bicolore,7,bikolOR
12,biotechnique,9,bjotEknik
9,bipartite,8,bipaRtit
13,blasphémateur,11,blasfemat9R
5,boisé,5,bwaze
5,bordé,5,bORde
9,botulisme,9,botylizm°
8,boulgour,6,bulguR
7,boulier,5,bulje
8,bourrage,5,buRaZ
10,bousillage,7,buzijaZ
10,bravissimo,9,bRavisimo
12,bénéficiaire,10,benefisjER
9,cache-nez,5,kaSne
6,caftan,5,kaft@
9,calendula,8,kal@dyla
7,calorie,6,kaloRi
12,capitainerie,10,kapitEn°Ri
8,castagne,6,kastaN
4,chao,3,kao
13,chateaubriand,9,SatobRij@
14,chatouillement,8,Satuj°m@
12,chaude-pisse,6,Sodpis
10,chemisette,7,S°mizEt
6,chorus,5,koRys
8,ci-après,6,siapRE
15,cinquante-trois,9,s5k@ttRwa
7,civette,5,sivEt
12,codification,11,kodifikasj§
9,colonnade,7,kolonad
17,commercialisation,15,komERsjalizasj§
7,compost,6,k§pOst
12,concertation,10,k§sERtasj§
9,concorder,7,k§kORde
8,conjugué,6,k§Zyge
8,consoeur,5,k§s9R
12,contentement,8,k§t@t°m@
9,contredit,7,k§tR°di
12,contreplaqué,10,k§tR°plake
7,convive,5,k§viv
10,corregidor,9,koReZidOR
12,couscoussier,8,kuskusje
9,crinoline,8,kRinolin
6,cristi,6,kRisti
10,créatinine,9,kReatinin
8,crépiter,7,kRepite
9,cucaracha,9,kukaRatSa
7,cui-cui,6,k8ik8i
9,demi-mois,7,d2mimwa
8,desquels,5,dekEl
7,diluant,5,dil8@
15,discriminatoire,14,diskRiminatwaR
6,distal,6,distal
10,distancier,8,dist@sje
12,dix-neuvième,9,dizn9vjEm
8,djellaba,7,dZElaba
6,dopant,4,dOp@
9,douceâtre,6,dusatR
7,dragage,6,dRagaZ
13,décontraction,11,dek§tRaksj§
9,découpeur,7,dekup9R
9,défouloir,8,defulwaR
8,délester,7,delEste
12,dénominateur,11,denominat9R
9,dépaysant,7,depeiz@
9,déprécier,8,depResje
10,désherbage,8,dezERbaZ
15,déshumanisation,13,dezymanizasj§
9,embourber,6,@buRbe
10,embringuer,6,@bR5ge
9,emmenthal,6,em@tal
7,encadré,6,@kadRe
9,encroûter,6,@kRute
7,endetté,5,@dete
9,endoscope,7,@doskOp
12,enfantillage,8,@f@tijaZ
7,enrichi,5,@RiSi
7,enrober,5,@Robe
8,expansif,8,Eksp@sif
9,exécutant,8,Egzekyt@
10,fahrenheit,8,faREnajt
13,familièrement,11,familjER°m@
10,fauconnier,7,fokonje
8,filmique,6,filmik
9,follicule,7,folikyl
7,forgeur,6,fORZ9R
6,fripon,5,fRip§
8,fruitier,7,fR8itje
10,gargariser,9,gaRgaRize
6,genèse,5,Z°nEz
13,gesticulation,12,ZEstikylasj§
3,gig,3,Zig
7,goinfre,5,gw5fR
8,grailler,5,gRaje
13,grandiloquent,9,gR@dilok@
11,graphologie,9,gRafoloZi
6,grisbi,6,gRisbi
5,gréco,5,gReko
13,gynécologique,11,ZinekoloZik
4,gîte,3,Zit
11,handicapant,7,@dikap@
5,henry,3,@Ri
9,histamine,7,istamin
10,homéopathe,7,omeopat
15,horizontalement,11,oRiz§tal°m@
12,hyperthermie,9,ipERtERmi
4,hâle,2,al
11,ichtyologie,9,iktjoloZi
13,imperturbable,11,5pERtyRbabl
12,impraticable,10,5pRatikabl
9,impériale,7,5peRjal
11,in memoriam,10,inm°moRjam
12,incandescent,7,5k@des@
16,inextricablement,15,inEkstRikabl°m@
16,informatiquement,12,5fORmatik°m@
10,inoxydable,10,inOksidabl
11,intempestif,9,5t@pEstif
8,intestin,6,5tEst5
10,intolérant,7,5toleR@
10,intégriste,8,5tegRist
16,irréversiblement,13,iRevERsibl°m@
9,islamiste,8,islamist
15,italo-américain,12,italoameRik5
5,jabot,4,Zabo
13,journellement,9,ZuRnEl°m@
5,junky,5,Zynki
5,koala,5,koala
5,krach,4,kRak
8,larmoyer,8,laRmwaje
7,lasagne,5,lazaN
6,lattis,4,lati
6,lavoir,6,lavwaR
8,lectorat,7,lEktoRa
8,lichette,5,liSEt
5,locus,5,lokys
5,lupin,4,lyp5
9,lécithine,7,lesitin
9,magnifier,7,maNifje
12,mammographie,9,mamogRafi
7,mandrin,5,m@dR5
5,maori,5,maoRi
6,maquer,4,make
15,matérialisation,14,mateRjalizasj§
10,mensualité,9,m@s8alite
8,mi-longs,4,mil§
15,miniaturisation,14,minjatyRizasj§
7,mirador,7,miRadOR
9,moralisme,8,moRalizm
6,mouler,4,mule
6,muleta,6,myl°ta
7,muqueux,4,myk2
10,méthodiste,8,metodist
9,métronome,8,metRonOm
5,nanti,4,n@ti
6,navaja,6,navaZa
8,neutrino,7,n2tRino
6,noceur,5,nos9R
8,nord-sud,6,nORsyd
10,nourricier,7,nuRisje
9,néocortex,10,neokORtEks
8,occupant,5,okyp@
7,optimum,7,OptimOm
10,orthodoxie,9,ORtodOksi
10,outrageant,6,utRaZ@
11,oxygénation,11,OksiZenasj§
6,panama,6,panama
17,parthénogénétique,14,paRtenoZenetik
5,patri,5,patRi
10,patriarcat,10,patRijaRka
3,pep,3,pEp
10,photonique,7,fotonik
5,piéta,5,pjeta
6,plaqué,5,plake
7,plisser,5,plise
9,plongeant,5,pl§Z@
12,poisson-lune,8,pwas§lyn
8,polygame,7,poligam
9,posologie,8,pozoloZi
10,pourparler,8,puRpaRle
8,practice,7,pRaktis
6,primer,5,pRime
9,prolapsus,9,pRolapsys
7,prorata,7,pRoRata
10,préconiser,9,pRekonize
7,pulseur,6,pyls9R
11,pyrotechnie,9,piRotEkni
7,pénates,5,penat
10,périodique,8,peRjodik
4,pêne,3,pEn
12,quantifiable,9,k@tifjabl
9,raccourci,7,RakuRsi
8,racoleur,7,Rakol9R
6,radius,6,Radjys
7,rancher,7,R@ntS9R
9,rediriger,8,R°diRiZe
11,refoulement,8,R°ful°m@
5,remix,6,R2miks
9,renfrogné,7,R@fRoNe
10,repentance,7,R°p@t@s
8,repincer,6,R°p5se
9,repêchage,7,R°pESaZ
9,resquille,6,REskij
12,retéléphoner,10,R2telefOne
11,revitaliser,10,R°vitalize
5,riant,3,Rj@
5,rimer,4,Rime
5,rouet,3,RwE
10,rougeoyant,7,RuZwaj@
9,rougeâtre,6,RuZatR
8,roupette,5,RupEt
8,rutilant,6,Rytil@
12,réajustement,10,ReaZyst°m@
10,réarranger,7,ReaR@Ze
11,réenvisager,9,Re@vizaZe
11,réfractaire,9,RefRaktER
17,réglementairement,13,Regl°m@tER°m@
13,réutilisation,11,Reytilizaj§
6,safran,5,safR@
11,sanctionner,8,s@ksjone
6,santal,5,s@tal
10,scientiste,7,sj@tist
13,shakespearien,9,SEkspiRj5
9,simiesque,7,simjEsk
10,similarité,10,similaRite
14,simplification,12,s5plifikasj§
6,singer,4,s5Ze
7,smasher,5,smaSe
10,soap-opéra,9,sOwpopeRa
13,soixante-deux,8,swas@td2
14,soixante-trois,10,swas@ttRwa
9,solennité,8,solanite
6,soluté,6,solyte
11,solvabilité,11,sOlvabilite
11,spasmodique,9,spasmodik
4,stuc,4,styk
9,stupéfier,8,stypefje
14,subrepticement,12,sybREptis°m@
8,sécateur,7,sekat9R
7,sécurit,6,sekyRi
7,tabagie,6,tabaZi
17,technologiquement,13,tEknoloZik°m@
10,terrassier,7,tERasje
14,tiers-mondiste,10,tjERm§dist
9,trancheur,6,tR@S9R
8,tunisien,7,tynizj5
12,tutti quanti,10,tytikwanti
11,téléguidage,9,telegidaZ
7,tétanie,6,tetani
8,usufruit,7,yzyfR8i
6,velvet,6,vElvEt
10,vermicelle,8,vERmisEl
10,vilipender,8,vilip@de
10,visitation,9,vizitasj§
5,vizir,5,viziR
6,yakusa,6,jakuza
6,zoulou,4,zulu
16,à votre encontre,10,avOtR@k§tR
8,écheveau,5,ES°vo
10,égratigner,8,egRatiNe
9,émotivité,9,emotivite
7,énarque,5,enaRk
9,épurateur,8,epyRat9R
7,érafler,6,eRafle
14,évolutionniste,12,evolysjonist
8,abatteur,6,abat9R
7,abattis,5,abati
11,abrutissant,8,abRytis@
11,absentéisme,9,aps@teizm
10,abstention,8,apst@sj§
11,absurdement,9,apsyRd°m@
11,académicien,10,akademisj5
13,acclimatation,11,aklimatasj§
11,accointance,7,akw5t@s
6,aconit,6,akonit
8,acquitté,5,akite
5,acéré,5,aseRe
10,adriatique,9,adRijatik
10,adéquation,9,adekwasj§
8,affubler,6,afyble
5,agrég,5,agReg
9,agrémenté,8,agRem@te
5,agréé,5,agRee
5,alain,3,al5
6,alaire,4,alER
8,alderman,8,aldERman
8,aliénant,6,aljen@
12,allergologie,10,alERgOlOZi
10,allopathie,7,alopati
14,allume-cigares,9,alymsigaR
16,alphabétiquement,12,alfabetik°m@
8,alstonia,8,alstonja
11,alternateur,10,altERnat9R
6,altier,5,altje
8,amandier,6,am@dje
11,ambulatoire,9,@bylatwaR
5,amish,4,amiS
10,amniotique,8,amnjotik
7,amorphe,5,amORf
11,anecdotique,9,anEkdotik
13,anfractuosité,12,@fRakt8ozite
17,anti-démocratique,13,@tidemokRatik
8,antibois,6,@tibwa
13,anticoagulant,10,@tikoagyl@
19,anticonstitutionnel,16,@tik§stitysjonEl
14,antidreyfusard,11,@tidREfyzaR
16,antiscientifique,11,@tisj@tifik
7,antivol,6,@tivOl
7,antonin,5,@ton5
12,apoplectique,10,apoplEktik
9,appauvrir,7,apovRiR
10,applicable,8,aplikabl
9,aquarelle,7,akwaREl
11,arc-boutant,7,aRkbut@
6,arceau,4,aRso
13,architectonie,11,aRSitEktOni
7,aridité,7,aRidite
7,arobase,6,aRObaz
18,arrière-petit-fils,12,aRjERp°tifis
8,aréquier,6,aRekie
9,ascétisme,7,asetizm
4,aspi,4,aspi
12,assimilation,10,asimilasj§
8,astrakan,7,astRak@
5,astro,5,astRo
9,astérisme,8,asteRism
7,atchoum,5,atSum
5,atour,4,atuR
9,attractif,8,atRaktif
10,autochtone,7,otoktOn
11,autogestion,9,otoZEstj§
10,autographe,7,otogRaf
10,automation,8,otomasj§
14,automatisation,12,otomatizasj§
10,automatisé,9,otomatize
14,autorégulation,12,otoRegylasj§
8,badinage,7,badinaZ
8,baissier,5,besje
7,baladin,6,balad5
10,balbutiant,8,balbysj@
12,ballon-sonde,7,bal§s§d
8,baltique,6,baltik
10,bananeraie,8,banan°RE
10,banc-titre,6,b@titR
9,bardolino,9,baRdolino
10,barguigner,7,baRgiNe
5,bauge,3,boZ
4,bcbg,8,besebeZe
8,becfigue,6,bEkfig
9,bedonnant,6,b2don@
9,bellement,6,bEl°m@
4,beur,3,b9R
9,bifurquer,7,bifyRke
9,bigoterie,8,bigOt°Ri
9,bilatéral,9,bilateRal
12,biographique,9,bjogRafik
12,biogénétique,10,bjoZenetik
7,bischof,5,biSOf
5,biser,4,bize
8,bistorte,7,bistORt
6,bitter,5,bitER
10,bizarroïde,8,bizaRoid
12,blennorragie,9,blenoRaZi
6,blêmir,6,blemiR
6,bocage,5,bokaZ
5,bogie,4,bOZi
8,bohémien,6,boemj5
9,bombardon,7,b§baRd§
12,bonapartiste,11,bonapaRtist
11,bonbonnière,8,b§bonjER
11,bonne-maman,7,bOnmam@
10,bonneterie,8,bonEt°Ri
8,bonnette,5,bOnEt
6,bonzaï,5,b§zaj
10,borderline,9,bORdERlin
5,borée,4,bORe
6,boukha,4,buka
10,bourdillon,7,buRdij§
9,bout-rimé,6,buRime
10,boutiquier,7,butikje
8,brandade,6,bR@dad
8,bravache,6,bRavaS
6,brimer,5,bRime
7,brocard,6,bRokaR
9,bucolique,7,bykolik
6,bumper,6,b9mp9R
7,butagaz,7,bytagaz
5,bâter,4,bate
5,caban,4,kab@
5,cabas,4,kaba
4,cade,3,kad
5,caduc,5,kadyk
3,caf,3,kaf
9,caillasse,5,kajas
6,calame,5,kalam
8,calanque,5,kal@k
10,calculette,8,kalkylEt
11,calfeutrage,9,kalf2tRaZ
8,calisson,6,kalis§
9,cancrelat,7,k@kR°la
5,capon,4,kap§
8,captiver,7,kaptive
6,caraco,6,kaRako
5,carat,4,kaRa
9,carbonade,8,kaRbOnad
17,cardio-vasculaire,14,kaRdjovaskylER
7,carioca,7,kaRjoka
6,carmin,5,kaRm5
7,carogne,5,kaRON
9,carreleur,7,kaR°l9R
7,cassage,5,kasaZ
6,castel,6,kastEl
9,castrisme,8,kastRism
7,caséine,6,kazein
11,catalytique,9,katalitik
5,causa,4,koza
12,cautionnaire,8,kosjonER
7,cavette,5,kavEt
7,caviste,6,kavist
11,centenaires,7,s@t°nER
9,centriole,8,s@tRijOl
7,centrum,6,s@tROm
6,cerque,4,sERk
6,chabot,4,Sabo
6,chalon,4,Sal§
8,chamarré,6,SamaRe
9,chanceler,6,S@s°le
9,chassieux,5,Sasj2
8,chatière,6,SatjER
11,chavirement,8,SaviR°m@
8,chemiser,6,S°mize
5,chenu,4,S°ny
13,chevauchement,8,S°voS°m@
6,chicot,4,Siko
10,chien-loup,5,Sj5lu
9,chinoiser,7,Sinwaze
6,choral,5,koRal
11,châtaignier,6,SateNe
9,cimeterre,7,sim°tER
12,circassienne,9,siRkasjEn
16,circumnavigation,14,siRk§navigasj§
7,clamper,5,kl@pe
8,claquant,5,klak@
9,classable,7,klasabl
9,classieux,6,klasj2
7,clinker,7,klink9R
8,clystère,7,klistER
9,clématite,8,klematit
2,co,2,ko
4,coda,4,koda
10,cohéritier,8,koeRitje
13,collectivisme,11,kolEktivizm
9,collégial,8,koleZjal
13,colombophilie,10,kol§bofili
10,colorature,9,koloRatyR
5,comac,5,komak
11,comiquement,8,komik°m@
11,commanderie,8,kom@d°Ri
13,commisération,11,komizeRasj§
10,communiant,7,komynj@
13,compagnonnage,9,k§paNonaZ
10,comparatif,9,k§paRatif
10,complétude,8,k§pletyd
9,composite,7,k§pozit
8,computer,6,k§pyte
14,confectionneur,11,k§fEksjon9R
5,conga,4,k§ga
11,conjecturer,9,k§ZEktyRe
11,consolateur,9,k§solat9R
12,conspirateur,10,k§spiRat9R
11,constitutif,10,k§stitytif
13,contestataire,10,k§tEstatER
18,contre-performance,14,k§tR2pERfORm@s
12,contrescarpe,10,k§tREskaRp
7,contrit,5,k§tRi
6,copule,5,kopyl
9,coquetier,7,kOk°tje
6,corbin,5,kORb5
9,cordonnet,7,kORdonE
11,corn flakes,9,kORnflEks
13,cot cot codec,11,kOtkOtkOdEk
8,cotation,7,kotasj§
7,cotiser,6,kotize
11,couleuvrine,8,kul9vRin
11,coupe-choux,5,kupSu
8,coupleur,6,kupl9R
7,courser,5,kuRse
5,cousu,4,kuzy
10,cover-girl,9,kOv9Rg9Rl
10,craquelure,8,kRak°lyR
9,crescendo,8,kReSEndo
7,crosser,5,kROse
12,cryofracture,12,kRijofRaktyR
13,créationnisme,11,kReasjonizm
6,cubage,5,kybaZ
12,cucurbitacée,11,kykyRbitase
7,cuisiné,7,k8izine
8,cuisseau,5,k8iso
9,curaillon,6,kyRaj§
8,curetage,7,kyR°taZ
10,cymbaliste,8,s5balist
5,céara,5,seaRa
6,césure,5,sezyR
9,dalmatien,8,dalmasj5
6,demain,4,d°m5
8,demi-fou,6,d2mifu
14,demi-kilomètre,12,d2mikilOmEtR
11,demi-mesure,9,d°mim°zyR
10,demi-point,7,d2mipw5
12,dermographie,10,dERmogRafi
9,deux-mâts,4,d2ma
9,diablerie,8,djabl°Ri
8,diaclase,7,djaklaz
14,diamétralement,12,djametRal°m@
6,dirham,5,diRam
16,disqualification,14,diskalifikasj§
12,disqualifier,10,diskalifje
10,dissonance,7,dison@s
11,dissymétrie,9,disimetRi
10,diurétique,8,djyRetik
15,diversification,14,divERsifikasj§
9,dixieland,8,diksil@d
6,dizain,4,diz5
8,docilité,8,dosilite
6,dogger,5,dOg9R
5,dogue,3,dOg
9,dominance,7,domin@s
7,dossard,5,dosaR
10,double-six,8,dubl2sis
9,doublette,6,dublEt
9,draconien,8,dRakonj5
10,dreyfusard,8,dREfyzaR
8,drôlerie,7,dRol°Ri
11,déblaiement,7,deblEm@
14,débroussailler,9,debRusaje
12,déchaînement,8,deSEn°m@
10,déclancher,7,dekl@Se
9,déclasser,7,deklase
8,déclassé,7,deklase
12,dédouanement,9,dedwan°m@
8,déductif,8,dedyktif
14,défibrillation,12,defibRilasj§
11,démagogique,9,demagoZik
13,démantèlement,10,dem@tEl°m@
16,démilitarisation,15,demilitaRizasj§
13,démographique,10,demogRafik
9,dénaturer,8,denatyRe
8,dépister,7,depiste
13,dépressuriser,11,depResyRize
8,dériveur,7,deRiv9R
13,désaccoutumer,10,dezakutyme
13,désengagement,10,dez@gaZ°m@
10,détachable,8,detaSabl
9,détailler,6,detaje
7,détaler,6,detale
9,détenteur,7,det@t9R
9,détourage,7,detuRaZ
11,dévaluation,10,deval8asj§
11,déversement,9,devERs°m@
9,efflanqué,6,efl@ke
11,empaquetage,8,@pak°taZ
10,empaqueter,7,@pak°te
8,encarter,6,@kaRte
10,enchrister,7,@kRiste
12,enchérisseur,8,@SeRis9R
8,encornet,6,@kORnE
11,endocardite,9,@dOkaRdit
10,enjouement,5,@Zum@
12,enregistreur,10,@R°ZistR9R
9,ensellure,6,@selyR
11,entortiller,8,@tORtije
9,entr'acte,6,@tRakt
13,entrebâilleur,9,@tR2baj9R
9,entregent,6,@tR°Z@
6,enture,4,@tyR
6,ergoté,6,ERgote
10,escagasser,8,Eskagase
5,escot,4,Esko
10,espionnite,8,Espjonit
9,essential,7,Es@tjal
8,estacade,7,Estakad
9,estrapade,8,EstRapad
10,ethnologue,7,EtnolOg
5,event,5,ivEnt
12,ex-chauffeur,8,EksSof9R
7,ex-star,7,EksstaR
8,ex-super,8,EkssypER
11,existentiel,11,Egzist@sjEl
11,exploitable,11,Eksplwatabl
11,exponentiel,11,Ekspon@sjEl
15,expérimentateur,14,EkspeRim@tat9R
10,extrapoler,10,EkstRapole
7,exégèse,7,EgzeZEz
9,facturier,8,faktyRje
10,facultatif,10,fakyltatif
7,facétie,6,fasesi
7,falbala,7,falbala
8,fastueux,6,fast82
5,fatma,5,fatma
3,fau,2,fo
8,faustien,6,fostj5
6,fellah,4,fela
11,fenestrelle,9,f2nEstREl
7,ferreux,4,fER2
10,ferry-boat,8,fERibOwt
6,filial,6,filjal
7,filoche,5,filOS
10,filouterie,8,filut°Ri
6,fixité,7,fiksite
10,flagorneur,9,flagORn9R
8,flamenco,8,flamEnko
9,flammèche,6,flamES
8,flashage,6,flaSaZ
11,fleurdelisé,10,fl9Rd°lize
8,flibuste,7,flibyst
11,fluorescent,8,flyoRes@
6,flûter,5,flyte
10,fontanelle,7,f§tanEl
8,forgeage,6,fORZaZ
6,foulon,4,ful§
9,fourvoyer,8,fuRvwaje
8,fraisier,6,fRezje
15,franco-africain,11,fR@koafRik5
10,franquiste,7,fR@kist
7,frasque,5,fRask
8,fâcherie,6,faS°Ri
11,fédéralisme,10,fedeRalizm
9,félibrige,8,felibRiZ
5,fêler,4,fele
9,fête-dieu,6,fEtdj2
7,galetas,6,gal°ta
7,garbure,6,gaRbyR
9,gargotier,8,gaRgotje
11,garibaldien,10,gaRibaldj5
11,gazouillant,6,gazuj@
8,gentiane,6,Z@sjan
16,gentleman-farmer,15,ZEntl°manfaRm9R
9,gigolette,7,ZigolEt
11,girl friend,8,g9RlfR5d
11,glaciologue,9,glasjOlOg
7,gna gna,4,NaNa
6,gomina,6,gomina
9,goulûment,6,gulym@
6,graben,6,gRab9n
9,grafigner,7,gRafiNe
11,grammatical,10,gRamatikal
16,grammaticalement,13,gRamatikal°m@
10,granitique,8,gRanitik
9,grelotter,7,gR°lote
9,grenadine,8,gR°nadin
12,grenouillage,8,gR°nujaZ
11,griffonneur,8,gRifOn9R
9,grimaçant,7,gRimas@
5,grisé,5,gRize
9,grognasse,6,gRoNas
7,grutier,6,gRytje
9,guerroyer,7,gERwaje
9,guilleret,6,gij°RE
10,guinguette,5,g5gEt
7,guipure,5,gipyR
5,gusse,3,gys
10,gyrocompas,8,ZiRok§pa
9,habillage,6,abijaZ
7,hallali,5,alali
15,haut-de-chausse,6,od°Sos
12,hennissement,7,enis°m@
10,hermétisme,8,ERmetizm
7,hickory,5,ikoRi
10,highlander,7,ajl@d9R
6,hilare,4,ilaR
5,hindi,4,indi
18,histocompatibilité,16,istok§patibilite
10,holistique,7,olistik
8,homeland,6,omEl@d
15,homogénéisateur,13,OmOZeneizat9R
9,homuncule,6,Om§kyl
11,hongkongais,6,§gk§gE
11,hydrographe,8,idRogRaf
10,hydropique,7,idRopik
11,hygrométrie,9,igRometRi
13,hypocritement,10,ipokRit°m@
8,hébétude,6,ebetyd
11,hématologue,8,ematolOg
10,hémophilie,7,emofili
12,hémostatique,9,emostatik
12,héroïquement,8,eRoik°m@
10,hétérogène,8,eteRoZEn
9,idiotisme,8,idjotizm
7,iliaque,5,iljak
13,illusionniste,10,ilyzjonist
8,ilotisme,7,ilOtism
10,imbaisable,7,5bEzabl
12,immutabilité,11,imytabilite
17,imperceptiblement,14,5pERsEptibl°m@
9,inadéquat,8,inadekwa
7,inanité,7,inanite
8,incolore,6,5kolOR
9,incrédule,7,5kRedyl
6,incréé,5,5kRee
11,incurvation,9,5kyRvasj§
7,indigné,5,5diNe
11,indémodable,9,5demodabl
16,infirmière-major,13,5fiRmjERmaZOR
14,inflationniste,11,5flasjonist
10,initiateur,9,inisjat9R
7,inodore,6,inodOR
11,insolemment,7,5solam@
11,instigation,9,5stigasj§
13,intensivement,9,5t@siv°m@
14,interglaciaire,11,5tERglasjER
15,intériorisation,13,5teRjoRizasj§
15,invraisemblance,10,5vREs@bl@s
16,inébranlablement,13,inebR@labl°m@
13,inéligibilité,13,ineliZibilite
10,inélégance,8,ineleg@s
9,irréalité,8,iRealite
16,irrésistiblement,13,iRezistibl°m@
7,isolant,5,izol@
9,isolément,7,izolem@
6,jacter,5,Zakte
11,jam-session,10,dZamsesj9n
9,jamaïcain,7,Zamaik5
9,jazz-rock,7,dZazROk
5,jazzy,5,dZazi
8,jouissif,6,Zwisif
13,juridiquement,10,ZyRidik°m@
9,jérémiade,8,ZeRemjad
4,kama,4,kama
6,kicker,4,kike
10,kilogramme,8,kilogRam
9,kilohertz,8,kiloERts
10,kleptomane,9,klEptoman
6,kraken,6,kRakEn
8,la-la-la,6,lalala
9,labourage,7,labuRaZ
13,laisse-la-moi,8,lEslamwa
7,lamelle,5,lamEl
7,latrine,6,latRin
8,laïciser,7,laisize
10,lettre-clé,7,lEtRkle
4,lige,3,liZ
5,lippe,3,lip
9,liquéfier,7,likefje
5,liron,4,liR§
7,livèche,5,livES
6,loader,5,lod9R
7,longane,5,l§gan
5,loran,4,loR@
7,lorgner,5,lORNe
11,louablement,8,lwabl2m@
7,loufiat,5,lufja
5,lover,4,love
13,lubrification,12,lybRifikasj§
5,lucre,4,lykR
7,lumbago,6,l§bago
4,lump,3,l1p
7,luncher,4,l1Se
3,lut,2,ly
6,lychee,5,litSi
9,légataire,7,legatER
9,léniniste,8,leninist
7,macaque,5,makak
7,macramé,7,makRame
9,macédoine,8,masedwan
9,maelstrom,8,malstROm
9,maghrébin,7,magReb5
11,magiquement,8,maZik°m@
10,magouiller,6,maguje
8,mainmise,5,m5miz
8,maldonne,6,maldOn
7,malvenu,7,malv°ny
9,manganite,7,m@ganit
10,mangeaille,5,m@Zaj
9,manigance,7,manig@s
7,maousse,4,maus
9,maquisard,7,makizaR
8,marcheur,6,maRS9R
7,marital,7,maRital
6,marlou,5,maRlu
8,marmiter,7,maRmite
9,marmiteux,7,maRmit2
8,maroufle,6,maRufl
9,mastiquer,7,mastike
10,mastroquet,8,mastRokE
8,matamore,7,matamOR
9,matelassé,8,mat°lase
10,matraquage,8,matRakaZ
10,matriarcat,10,matRijaRka
7,menuise,6,m2n8iz
8,mercanti,7,mERk@ti
7,mercier,6,mERsje
6,mi-bas,4,miba
8,mi-black,6,miblak
8,mi-russe,5,miRys
9,mi-saison,6,misEz§
13,microbiologie,12,mikRobjoloZi
5,milan,4,mil@
13,millimétrique,10,milimetRik
8,millième,6,miljEm
11,minablement,9,minabl°m@
11,mini-chaîne,7,miniSEn
8,mirmidon,7,miRmid§
10,mirobolant,8,miRobol@
8,mitonner,6,mitone
6,mitose,5,mitoz
6,mitron,5,mitR§
7,modiste,6,modist
4,moko,4,moko
8,monition,7,mOnisj§
13,montre-la-moi,10,m§tR°lamwa
6,morbac,6,mORbak
8,moresque,6,moREsk
8,morillon,6,moRij§
12,morphinomane,10,mORfinoman
8,mortaise,6,mORtEz
11,motoculture,10,motokyltyR
9,mouillage,5,mujaZ
7,moutier,5,mutje
13,mucoviscidose,11,mykovisidoz
7,muezzin,7,m8Edzin
14,multifonctions,11,myltif§ksj§
11,multirisque,9,myltiRisk
10,musicalité,10,myzikalite
6,musqué,5,myske
6,mâture,5,matyR
7,méandre,5,me@dR
10,médiascope,9,medjaskOp
6,méhari,5,meaRi
4,méta,4,meta
12,métempsycose,10,met@psikoz
4,nano,4,nano
8,nantaise,5,n@tEz
13,narcoleptique,11,naRkolEptik
6,nasdaq,6,nazdak
6,naseau,4,nazo
8,nativité,8,nativite
12,neurasthénie,9,n2Rasteni
12,neurotoxique,10,n2RotOksik
8,neuvaine,5,n9vEn
12,nid-de-poule,7,nid°pul
13,nimbo-stratus,11,n5bostRatys
8,nipponne,5,nipOn
5,nière,4,njER
10,nonciature,8,n§sjatyR
8,novation,7,nOvasj§
11,numérologie,10,nymeROlOZi
11,néogothique,8,neogotik
14,néolibéralisme,13,neolibeRalism
6,nôtres,4,notR
13,obscurantisme,11,OpskyR@tizm
10,observance,8,opsERv@s
9,obédience,7,obedj@s
4,ocre,3,OkR
6,oedipe,4,2dip
12,officialiser,10,ofisjalize
6,oiseux,4,waz2
7,olifant,5,olif@
6,omerta,6,omERta
10,omnipotent,8,Omnipot@
10,omniscient,7,Omnisj@
6,on-dit,3,§di
8,onirisme,7,OniRism
9,oppresser,6,opRese
9,optalidon,8,Optalid§
12,optimisation,11,Optimizasj§
6,orchis,5,ORkis
16,orgueilleusement,10,ORg9j2z°m@
10,orientable,8,oRj@tabl
9,orienteur,7,oRj@t9R
13,ornementation,11,ORn°m@tasj§
9,ostensoir,8,Ost@swaR
8,oustachi,6,ustaSi
10,outrancier,7,utR@sje
10,pachyderme,8,paSidERm
9,pacifisme,8,pasifizm
3,pal,3,pal
13,paléontologie,11,pale§toloZi
10,panaméenne,8,panameEn
11,pancréatite,9,p@kReatit
5,panis,4,pani
11,pantocrator,10,p@tOkRatOR
4,pané,4,pane
10,papamobile,9,papamObil
6,parait,4,paRE
8,parjurer,7,paRZyRe
9,passement,6,pas°m@
10,passiflore,8,pasiflOR
8,passiver,6,pasive
8,pastoral,8,pastoRal
6,patent,4,pat@
7,patenté,6,pat@te
11,patronnesse,8,patRonEs
12,pattemouille,7,pat°muj
7,peeling,5,piliG
8,perchman,7,pERSman
8,perquise,6,pERkiz
9,persifler,8,pERsifle
10,petitement,8,p°tit°m@
8,peuchère,5,p2SER
6,phallo,4,falo
16,photocomposition,13,fotok§pozisj§
11,phylogenèse,9,filoZ2nEz
7,piastre,6,pjastR
6,picote,5,pikOt
7,pierrot,5,pjERo
15,pigeon-voyageur,12,piZ§vwajaZ9R
9,pis-aller,6,pizale
8,pissette,5,pisEt
10,pitchounet,7,pitSunE
12,pitchounette,8,pitSunEt
11,piteusement,8,pit2z°m@
8,plantoir,7,pl@twaR
9,platement,7,plat°m@
6,ployer,6,plwaje
6,pluton,5,plyt§
9,pochetron,7,poSEtR§
7,poigner,5,pwaNe
8,poivrade,7,pwavRad
4,poix,3,pwa
6,polski,6,pOlski
14,polytechnicien,12,politEknisj5
9,polémiste,8,polemist
9,pont-neuf,5,p§n9f
13,populairement,10,popylER°m@
16,porte-parapluies,12,pORtpaRapl8i
12,post-moderne,10,pOstmodERn
15,post-production,13,pOstpRodyksj§
8,postulat,7,pOstyla
13,potentiomètre,11,pot@sjomEtR
7,poulaga,6,pulaga
10,poulinière,8,pulinjER
9,pouponner,6,pupone
10,pressentir,8,pRes@tiR
10,pressurisé,9,pResyRize
11,prolétarien,10,pRoletaRj5
14,prophylactique,11,pRofilaktik
11,prophétiser,9,pRofetize
11,prostration,10,pRostRasj§
9,prosélyte,8,pRozelit
13,prudhommesque,9,pRydOmEsk
8,présager,7,pRezaZe
11,prétentiard,9,pRet@sjaR
9,prévalent,6,pReval
9,psoriasis,9,psoRjazis
13,psychanalyser,11,psikanalize
10,pubertaire,8,pybERtER
9,pyrrhique,5,piRik
10,pénétrable,9,penetRabl
7,pépiant,5,pepj@
5,périf,5,peRif
14,périssodactyle,12,peRisodaktil
8,pêcherie,6,pES°Ri
14,quasi-mendiant,9,kazim@dj@
11,quaternaire,9,kwatERnER
17,quatre-vingt-neuf,10,katR°v5n9f
19,quatre-vingt-quinze,10,katR°v5k5z
10,querelleur,7,k°REl9R
15,queue-de-cheval,9,k2d°S°val
6,quinté,4,k5te
6,quitus,5,kitys
5,rader,4,Rade
14,radiesthésiste,12,RadjEstezist
10,radio-taxi,10,Radjotaksi
7,rampant,4,R@p@
8,rapiécer,7,Rapjese
9,rebloquer,7,R2blOke
8,rebouter,6,R°bute
8,recasser,6,R2kase
10,recentrage,8,R°s@tRaZ
12,reclassement,9,R°klas°m@
9,recreuser,7,R°kR2ze
9,refleurir,8,R°fl9RiR
8,refondre,6,R°f§dR
8,reforger,7,R°fORZe
6,regain,4,R°g5
8,regarnir,8,R°gaRniR
11,relationnel,10,R°lasjonEl
4,relu,4,R°ly
9,reluisant,7,R°l8iz@
8,requérir,7,R°keRiR
10,resquiller,7,REskije
6,ressac,5,R°sak
11,retardateur,10,R°taRdat9R
12,retentissant,8,R°t@tis@
10,retirement,8,R2tiR°m@
7,revival,8,RivajvOl
6,ribaud,4,Ribo
5,ribes,5,RibEs
9,rigoriste,8,RigoRist
4,rink,4,Rink
12,rituellement,9,Rit8El°m@
10,roast-beef,6,Rosbif
11,roman-photo,8,Rom@foto
5,ronce,3,R§s
9,ronflette,6,R§flEt
7,rongeur,5,R§Z9R
6,roture,5,RotyR
7,roulade,5,Rulad
5,roumi,4,Rumi
2,ru,2,Ry
7,rubéole,6,RybeOl
10,ruisselant,7,R8is°l@
8,rupestre,7,RypEstR
4,râpé,4,Rape
11,réassembler,8,Reas@ble
11,récupérable,10,RekypeRabl
11,répertorier,10,RepERtoRje
9,rétribuer,8,RetRib8e
14,rétrécissement,11,RetResis°m@
5,sablé,5,sable
10,sagittaire,7,saZitER
12,saint-honoré,8,s5tonoRe
10,saint-père,5,s5pER
12,saisissement,8,sezis°m@
8,salaison,6,salEz§
8,salarier,7,salaRje
7,sampang,5,s@p@G
9,sarbacane,8,saRbakan
8,sarrasin,6,saRaz5
10,saturnales,8,satyRnal
7,saucier,5,sosje
12,saute-mouton,7,sotmut§
13,scarification,12,skaRifikasj§
7,scatter,5,skate
9,schizoïde,7,skizoid
7,schnock,4,SnOk
6,schuss,3,Sus
6,sciène,4,sjEn
8,scottish,6,skOtiS
5,seine,3,sEn
13,self-made man,11,sElfmEjdman
7,seringa,6,s°R5ga
5,serve,4,sERv
6,sherpa,5,SERpa
11,signifiance,8,siNifj@s
17,significativement,14,siNifikativ°m@
8,simagrée,7,simagRe
5,skiff,4,skif
5,smack,4,smak
8,sonatine,7,sonatin
8,songerie,6,s§Z°Ri
7,sophora,6,sofoRa
11,sordidement,9,sORdid°m@
6,souabe,4,swab
7,sourate,5,suRat
12,souscription,10,suskRipsj§
14,spectrographie,12,spEktRogRafi
4,spin,4,spin
13,spiritualisme,12,spiRit8alizm
9,spéculoos,8,spekylos
10,stalinisme,9,stalinizm
14,strasbourgeois,11,stRazbuRZwa
10,structurer,9,stRyktyRe
6,stupre,5,stypR
11,sub-normaux,8,sybnORmo
10,subliminal,10,sybliminal
11,subordonner,9,sybORdone
8,sudation,7,sydasj§
7,sulfure,6,sylfyR
5,sulky,5,sylki
10,supplicier,8,syplisje
10,suppléance,7,syple@s
9,suppléant,6,syple@
8,suppléer,6,syplee
6,surfin,5,syRf5
8,surprime,7,syRpRim
9,symposium,8,s5pozjOm
8,synergie,7,sinERZi
10,systémique,8,sistemik
4,sème,3,sEm
7,tactile,6,taktil
10,talmudiste,9,talmydist
7,taloche,5,talOS
7,tamarin,6,tamaR5
8,tamiseur,7,tamiz9R
8,tapisser,6,tapise
6,tarzan,5,taRz@
5,tassé,4,tase
8,tatoueur,6,tatw9R
12,taxi-brousse,9,taksibRus
10,technicité,9,tEknisite
7,tellure,5,tElyR
11,terramycine,9,tERamisin
5,tette,3,tEt
8,thallium,6,taljOm
4,théo,3,teo
11,thésauriser,8,tezoRize
12,tiens-la-moi,8,tj5lamwa
6,tombal,5,t§bal
13,tonicardiaque,11,tonikaRdjak
7,tonnant,4,ton@
8,torgnole,6,tORNOl
5,toton,4,tot§
11,tournailler,7,tuRnaje
10,tramontane,8,tRam§tan
11,travestisme,10,tRavEstizm
9,treuiller,5,tR9je
8,trictrac,8,tRiktRak
7,triolet,7,tRijolE
10,triomphant,7,tRij§f@
8,triphasé,7,tRifaze
8,triplice,7,tRiplis
7,tripoli,7,tRipoli
8,triturer,7,tRityRe
13,trouillomètre,9,tRujomEtR
10,truchement,7,tRyS°m@
6,tsuica,6,ts8ika
11,turgescence,8,tyRZes@s
14,tyranniquement,10,tiRanik°m@
4,tél.,3,tel
13,télémarketing,12,telemaRk°tiG
16,téléphoniquement,12,telefonik°m@
11,tétraplégie,10,tetRapleZi
8,ubuesque,6,ybyEsk
5,uhlan,3,yl@
15,unidimensionnel,13,ynidim@sjonEl
12,urbanisation,11,yRbanizasj§
11,vaguemestre,9,vag°mEstR
7,valeter,6,val°te
10,validation,9,validasj§
8,vannerie,6,van°Ri
16,vasoconstricteur,14,vazok§stRikt9R
10,vauclusien,8,voklyzj5
7,veineux,4,vEn2
7,ventôse,5,v@toz
11,verdoiement,8,vERdwam@
5,verne,4,vERn
9,vertement,7,vERt°m@
6,viager,5,vjaZe
9,vibrateur,8,vibRat9R
10,vidéo-clip,9,videoklip
8,vielleux,5,vjEl2
8,vilement,6,vil°m@
7,vitrage,6,vitRaZ
10,vociférant,8,vosifeR@
7,voleter,6,vOl°te
9,volleyeur,7,volEj9R
9,voltigeur,8,vOltiZ9R
10,vénitienne,8,venisjEn
8,xiphoïde,7,ksifoid
7,zappeur,5,zap9R
5,zicmu,5,zikmy
10,zigounette,7,zigunEt
8,zodiacal,8,zodjakal
17,à brûle-pourpoint,11,abRylpuRpw5
10,échangiste,7,eS@Zist
11,éclairement,8,eklER°m@
11,écoeurement,7,ek9R°m@
10,écrasement,8,ekRaz°m@
8,écriveur,7,ekRiv9R
5,éculé,5,ekyle
9,égouttoir,7,egutwaR
9,épicurien,8,epikyRj5
13,épidémiologie,12,epidemjoloZi
7,épousée,5,epuze
5,épure,4,epyR
11,équidistant,9,ek8idist@
7,équipée,5,ekipe
8,éreinter,5,eR5te
9,étalement,7,etal°m@
13,étincellement,9,et5sEl°m@
7,étirage,6,etiRaZ
7,étoffer,5,etofe
8,étrusque,6,etRysk
6,évacué,6,evak8e
11,évaporateur,10,evapoRat9R
6,évêché,5,eveSe
7,être-là,5,EtRla
4,abat,3,aba
6,abrité,6,abRite
13,abrutissement,10,abRytis°m@
9,acariâtre,8,akaRjatR
7,acculer,5,akyle
6,acerbe,5,asERb
10,affabilité,9,afabilite
10,agenouillé,7,aZ°nuje
12,agrandisseur,9,agR@dis9R
7,air-sol,5,ERsOl
6,alcyon,5,alsj§
13,algorithmique,10,algoRitmik
7,allègre,5,alEgR
10,amphitryon,7,@fitRi§
14,amygdalectomie,12,amidalEktomi
14,analphabétisme,12,analfabetizm
7,angiome,5,@Zjom
17,anti-pelliculaire,12,@tipElikylER
10,anti-viral,8,@tiviRal
11,antimatière,9,@timatjER
7,archive,5,aRSiv
8,archiver,6,aRSive
12,argumentaire,9,aRgym@tER
20,arrière-petite-fille,13,aRjERp°titfij
8,articulé,8,aRtikyle
8,artéfact,8,aRtefakt
7,aryenne,5,aRjEn
6,asexué,7,aseks8e
10,auréolaire,7,oReolER
9,autofocus,8,otofokys
9,autogérer,7,otoZeRe
16,autosatisfaction,14,otosatisfaksj§
9,avionique,7,avjonik
5,azuré,5,azyRe
8,babeurre,5,bab9R
10,bafouiller,6,bafuje
6,bafoué,5,bafwe
5,balsa,5,balza
8,baratter,6,baRate
5,berle,4,bERl
6,besace,5,b°zas
12,bibliquement,9,biblik°m@
9,bleu-vert,6,bl2vER
6,bougon,4,bug§
6,bourge,4,buRZ
8,brièveté,9,bRijEv°te
5,brodé,5,bRode
13,bronchoscopie,10,bR§kOskOpi
7,burnous,6,byRnus
6,butane,5,bytan
8,cacheter,6,kaS°te
7,cadmium,7,kadmjOm
5,calla,4,kala
11,calorifique,9,kaloRifik
7,campeur,5,k@p9R
7,candida,6,k@dida
10,caravaning,9,kaRavaniG
9,carcinome,8,kaRsinOm
7,caroube,5,kaRub
6,casoar,6,kazoaR
15,casse-noisettes,9,kasnwazEt
13,cataclysmique,11,kataklismik
11,centraliser,9,s@tRalize
5,cerné,5,sERne
9,cheftaine,6,SEftEn
6,cherry,4,SeRi
11,chiffrement,7,SifR°m@
9,chop suey,7,SOps8Ej
14,chrétiennement,10,kRetjEn°m@
9,chuchotis,6,SySoti
13,châteaubriant,9,SatobRij@
10,ci-dessous,6,sid°su
9,cigarillo,8,sigaRijo
16,cinquante-quatre,9,s5k@tkatR
8,cloporte,7,klopORt
7,coaxial,8,koaksjal
7,cockney,5,koknE
8,codétenu,8,kodet°ny
10,colchicine,8,kOlSisin
10,coloscopie,9,kolOskopi
8,comparse,6,k§paRs
10,consensuel,8,k§s@s8El
5,conso,4,k§so
11,consultatif,10,k§syltatif
13,contournement,9,k§tuRn°m@
17,contractuellement,13,k§tRakt8El°m@
12,contrevenant,9,k§tR°v°n@
9,convulsif,8,k§vylsif
6,coolie,4,kuli
12,coordinateur,11,koORdinat9R
12,copieusement,9,kopj2z°m@
7,cordite,6,kORdit
9,correctif,8,koREktif
9,coruscant,7,koRysk@
13,coup-de-poing,7,kud°pw5
8,cramoisi,8,kRamwazi
12,cristalliser,10,kRistalize
8,créatine,7,kReatin
16,curriculum vitae,13,kyRikylOmvite
11,cyberespace,10,sibERespas
9,céramiste,8,seRamist
7,cérumen,7,seRymEn
6,daphné,5,dafne
12,demi-seconde,9,d2mis2g§d
12,différentiel,10,difeR@sjEl
5,doser,4,doze
3,dru,3,dRy
9,dupliquer,7,dyplike
6,décade,5,dekad
9,décomposé,8,dek§poze
8,découler,6,dekule
12,dégringolade,10,degR5golad
8,démanger,6,dem@Ze
9,démarquer,7,demaRke
12,démembrement,9,dem@bR°m@
8,dépêtrer,7,depetRe
15,désagréablement,13,dezagReabl°m@
12,désobéissant,9,dezobeis@
10,désordonné,9,dezORdone
8,désosser,6,dezose
7,désunir,7,dezyniR
7,effraie,4,efRE
8,embrassé,6,@bRase
9,embrocher,6,@bRoSe
11,encanailler,7,@kanaje
7,enclave,5,@klav
7,encoche,4,@kOS
14,endoctrinement,11,@dOktRin°m@
6,enfumé,5,@fyme
9,entrepont,6,@tR°p§
8,excédant,6,Eksed@
10,extrémisme,10,EkstRemizm
6,fagoté,6,fagote
11,ferronnerie,8,fEROn°Ri
10,fiduciaire,8,fidysjER
7,folique,5,fOlik
7,forcing,6,fORsiG
13,fossilisation,11,fosilizasj§
8,fouineur,6,fwin9R
10,fourniment,7,fuRnim@
11,friponnerie,9,fRipOn°Ri
4,fung,3,fuG
6,féodal,6,feodal
4,geez,4,dZiz
9,glorieuse,7,gloRj2z
11,gribouiller,7,gRibuje
9,gueulante,5,g2l@t
10,gélatineux,8,Zelatin2
12,géothermique,9,ZeotERmik
8,hibiscus,7,ibiskys
5,houlà,3,ula
11,hydratation,9,idRatasj§
9,hydroxyde,8,idROksid
10,hyperactif,9,ipERaktif
14,hypoglycémique,11,ipoglisemik
7,hypoxie,6,ipOksi
9,hémostase,7,emOstaz
9,idéaliser,8,idealize
9,immodeste,7,imodEst
8,immodéré,7,imodeRe
11,impudemment,7,5pydam@
11,impulsivité,10,5pylsivite
7,inavoué,6,inavwe
12,inconséquent,7,5k§sek@
10,incontrôlé,8,5k§tRole
9,indicatif,8,5dikatif
11,ineffaçable,9,inefasabl
12,inexpugnable,11,inEkspyNabl
10,inhibiteur,8,inibit9R
4,inox,5,inOks
12,insubordonné,10,5sybORdone
11,intrinsèque,7,5tR5sEk
13,inviolabilité,12,5vjolabilite
9,irrespect,6,iREspE
10,ischémique,7,iskemik
7,kascher,5,kaSER
6,kazakh,5,kazak
7,kumquat,7,kOmkwat
7,lambada,6,l@bada
8,larfeuil,6,laRf9j
7,lesdits,4,lEdi
7,libelle,5,libEl
7,lignage,5,liNaZ
9,lorgnette,6,lORNEt
9,louveteau,6,luv°to
5,léché,4,leSe
11,magnanimité,10,maNanimite
14,magnétiquement,10,maNetik°m@
9,maharadja,8,maaRadZa
4,maid,3,mEd
7,malaisé,6,maleze
9,malhabile,7,malabil
12,maquereauter,8,mak°Rote
10,mastodonte,8,mastod§t
11,melting-pot,9,mEltiGpOt
8,merisier,7,m°Rizje
7,meugler,5,m2gle
6,mezcal,6,mezkal
11,mi-novembre,8,minov@bR
9,millénium,8,milenjOm
8,mondiale,6,m§djal
14,mondialisation,12,m§djalizasj§
10,monitoring,9,monitoRiG
9,métacarpe,8,metakaRp
8,méthanol,7,metanOl
12,météorologie,11,meteoRoloZi
14,neutralisation,12,n2tRalizasj§
6,nibard,5,nibaR
13,normalisation,12,nORmalizasj§
9,novocaïne,8,novokain
9,népotisme,8,nepotizm
10,névrotique,8,nevRotik
8,obsessif,7,OpsEsif
10,obséquieux,7,Opsekj2
11,odontologie,9,od§toloZi
7,ombragé,6,§bRaZe
6,ombrer,4,§bRe
8,opticien,7,Optisj5
8,opérable,7,opeRabl
12,organigramme,10,ORganigRam
10,ornemental,9,ORn°m@tal
11,oscillation,8,osijasj§
6,otarie,5,otaRi
7,pagayer,6,pageje
11,pantouflard,8,p@tuflaR
9,paradigme,8,paRadigm
11,paraphraser,9,paRafRaze
9,parce que,6,paRs°k
10,pare-balle,6,paRbal
7,patente,5,pat@t
4,pelé,4,p°le
8,permuter,7,pERmyte
11,pipistrelle,9,pipistREl
10,plafonnier,8,plafonje
11,plantigrade,9,pl@tigRad
9,plexiglas,10,plEksiglas
6,plombé,5,pl§be
6,plâtré,6,platRe
12,polyéthylène,10,polietilEn
9,polémique,7,polemik
14,postopératoire,13,pOstopeRatwaR
11,pousse-café,7,puskafe
10,premier-né,8,pR2mjene
9,prédateur,8,pRedat9R
15,psychanalytique,12,psikanalitik
13,psychiquement,9,psiSik°m@
14,psychopathique,10,psikopatik
9,péritoine,8,peRitwan
5,quark,5,kwaRk
6,quêter,4,kete
7,ragtime,7,Ragtajm
12,rattachement,8,RataS°m@
12,redistribuer,11,R°distRib8e
9,redéfinir,9,R°definiR
11,redémarrage,9,R°demaRaZ
10,referendum,9,RefeR5dOm
7,refluer,6,R°flye
11,reparcourir,10,R2paRkuRiR
8,repousse,5,R°pus
9,requérant,6,R°keR@
7,retsina,6,R°sina
5,rotin,4,Rot5
10,réaffirmer,8,ReafiRme
12,réceptionner,10,ResEpsjone
5,récup,5,Rekyp
6,référé,6,RefeRe
16,réinitialisation,15,Reinisjalizasj§
11,réinstaller,8,Re5stale
10,résonateur,9,Rezonat9R
11,rétroaction,10,RetRoaksj§
14,sadomasochiste,12,sadomazoSist
6,saline,5,salin
5,sammy,4,sami
6,samoan,5,samo@
6,saucée,4,sose
9,schilling,5,SiliG
15,schizophrénique,11,skizofRenik
12,sensiblement,9,s@sibl°m@
6,signet,4,siNE
14,singulièrement,11,s5gyljER°m@
10,socialiser,9,sosjalize
11,solliciteur,9,solisit9R
12,sommairement,8,somER°m@
7,soufflé,5,sufle
7,soûlard,5,sulaR
8,spoutnik,7,sputnik
11,spéculateur,10,spekylat9R
8,spéculum,8,spekylOm
9,stérilisé,9,steRilize
8,stéroïde,7,steRoid
11,subatomique,9,sybatomik
7,suicidé,7,s8iside
5,sumac,5,symak
11,surchauffer,7,syRSofe
7,surtaxe,7,syRtaks
10,syllogisme,8,siloZizm
6,tabard,5,tabaR
6,tagger,4,tage
6,tamtam,6,tamtam
5,tapir,5,tapiR
4,tari,4,taRi
8,thalamus,7,talamys
7,thorine,5,tORin
6,thrace,4,tRas
6,tiquer,4,tike
5,tison,4,tiz§
7,tituber,6,titybe
14,titularisation,13,titylaRizasj§
10,toilettage,8,twalEtaZ
7,toquade,5,tokad
10,torpillage,8,tORpijaZ
10,tourtereau,7,tuRt2Ro
7,tranché,5,tR@Se
12,transcendant,7,tR@s@d@
15,travestissement,12,tRavEstis°m@
14,tressaillement,9,tResaj°m@
11,trifouiller,7,tRifuje
10,trinitrine,9,tRinitRin
8,truander,6,tRy@de
14,trypanosomiase,13,tRipanozomjaz
12,tyrannosaure,9,tiRanozoR
14,téléspectateur,13,telespEktat9R
10,témoin-clé,8,temw5kle
6,vacuum,6,vak8Om
9,verdoyant,8,vERdwaj@
7,vertigo,7,vERtigo
9,virologue,7,viRolOg
11,volatiliser,10,volatilize
10,voyeurisme,9,vwaj9Rizm
7,wallaby,6,walabi
11,whisky-soda,9,wiskisoda
8,âprement,6,apR°m@
5,ébahi,4,ebai
12,éclairagiste,10,eklERaZist
8,émancipé,7,em@sipe
10,éminemment,7,eminam@
10,étanchéité,8,et@Seite
8,étranglé,7,etR@gle
7,étriqué,6,etRike
9,évocateur,8,evokat9R
7,abscons,5,apsk§
11,absolutisme,10,apsolytizm
10,accessoire,8,akseswaR
10,accouchant,5,akuS@
9,acoquiner,7,akokine
10,adaptateur,9,adaptat9R
6,affiné,5,afine
10,affriolant,8,afRijol@
7,aliéner,6,aljene
6,alpaga,6,alpaga
5,alvin,4,alv5
11,amateurisme,9,amat9Rizm
11,ameublement,8,am9bl°m@
9,amoindrir,8,amw5dRiR
9,amphibien,6,@fibj5
8,androïde,6,@dRoid
8,ankylose,6,@kiloz
12,annihilateur,9,aniilat9R
15,anti-avortement,11,@tiavORt°m@
15,anti-brouillard,9,@tibRujaR
10,antisocial,9,@tisosjal
8,appliqué,6,aplike
14,arbitrairement,11,aRbitRER°m@
4,area,4,aRea
14,aristocratique,12,aRistokRatik
14,arrière-cousin,9,aRjERkuz5
14,astrophysicien,12,astRofizisj5
5,atoll,4,atOl
7,augurer,5,ogyRe
13,autodirecteur,11,otodiREkt9R
6,avorté,6,avORte
5,avoué,4,avwe
5,awacs,4,awak
12,aérospatiale,11,aeRospasjal
9,babouchka,7,babuSka
8,badaboum,7,badabum
8,balisage,7,balizaZ
11,bandoulière,8,b@duljER
6,bantou,4,b@tu
10,bastonnade,8,bastonad
7,benzène,5,b5zEn
5,benêt,4,b°nE
8,beurrier,5,b9Rje
9,bidonnant,6,bidon@
10,bidouiller,6,biduje
11,biométrique,9,bjometRik
5,blase,4,blaz
5,bogue,3,bOg
6,bombyx,6,b§biks
10,bossa-nova,8,bosanova
8,bouderie,6,bud°Ri
9,bougnoule,5,buNul
9,boulotter,6,bulote
7,bouvier,5,buvje
8,brachial,7,bRakjal
7,bravade,6,bRavad
9,bronzette,6,bR§zEt
7,brûleur,6,bRyl9R
6,buller,4,byle
6,bâcler,5,bakle
3,bât,2,ba
5,bègue,3,bEg
8,bêlement,6,bEl°m@
8,cacatoès,8,kakatoEs
7,calciné,7,kalsine
9,calibrage,8,kalibRaZ
5,calot,4,kalo
5,caque,3,kak
9,carabosse,7,kaRabOs
9,caritatif,9,kaRitatif
10,casse-noix,6,kasnwa
7,cautère,5,kotER
9,cellulose,7,selyloz
3,cep,3,sEp
5,cerne,4,sERn
7,charade,5,SaRad
14,chasse-mouches,6,SasmuS
12,chaufferette,7,Sof°REt
7,chester,6,SEstER
10,chinchilla,6,S5Sila
10,châtaigner,6,SatENe
8,col-vert,6,kOlvER
9,colombier,7,kol§bje
12,communicatif,11,komynikatif
13,concentrateur,10,k§s@tRat9R
12,conquistador,10,k§kistadOR
10,consécutif,9,k§sekytif
6,contra,5,k§tRa
14,contrebalancer,11,k§tR°bal@se
9,coordonné,8,koORdone
8,cormoran,7,kORmoR@
9,costumier,8,kOstymje
9,coupe-feu,5,kupf2
8,courante,5,kuR@t
9,cradingue,6,kRad5g
10,crevettier,8,kR°v°tje
8,cricoïde,7,kRikoid
7,crémier,6,kRemje
6,cuiter,5,k8ite
10,cunéiforme,9,kyneifORm
7,curling,6,k9RliG
6,câbler,5,kable
10,demi-livre,8,d2milivR
8,dextrose,8,dEkstRoz
8,diatribe,7,djatRib
8,diffamer,6,difame
7,dioxine,7,diOksin
11,dispatching,9,dispatSiG
7,dissolu,6,disoly
8,dotation,7,dotasj§
8,dyslexie,8,dislEksi
9,débordant,7,debORd@
8,décideur,7,desid9R
11,décrépitude,10,dekRepityd
10,déculottée,8,dekylote
8,dédicacé,8,dedikase
9,dédoubler,7,deduble
8,déflorer,7,defloRe
10,désarçonné,9,dezaRsone
9,désenfler,7,dez@fle
10,déshabillé,8,dezabije
11,désistement,9,dezist°m@
10,détartrage,9,detaRtRaZ
9,détergent,7,detERZ@
7,dévoyer,7,devwaje
10,effeuiller,5,ef9je
6,embuer,4,@b8e
11,empapaouter,8,@papaute
8,emplâtre,6,@platR
11,en catimini,9,@katimini
14,encyclopédique,11,@siklopedik
12,enorgueillir,9,@nORg9jiR
11,enquiquiner,7,@kikine
8,envoûter,5,@vute
6,essuie,4,Es8i
7,estampe,5,Est@p
7,ex-nana,7,Eksnana
10,excavation,10,Ekskavasj§
6,exempt,4,Egz@
13,extrapolation,13,EkstRapolasj§
8,eyeliner,8,ajlajn9R
4,fane,3,fan
7,feuillu,4,f9jy
10,flottaison,7,flotEz§
5,fluor,5,flyOR
10,formalisme,9,fORmalizm
6,fourbu,5,fuRby
10,fourmilier,8,fuRmilje
10,free-lance,6,fRil@s
9,fulgurant,7,fylgyR@
7,fumasse,5,fymas
5,gadin,4,gad5
9,gaucherie,6,goS°Ri
9,gauleiter,8,golajt9R
13,gazouillement,8,gazuj°m@
5,gemme,3,ZEm
6,glotte,4,glOt
6,glycol,6,glikOl
10,goinfrerie,8,gw5fR°Ri
6,gourbi,5,guRbi
7,goûteur,5,gut9R
11,grand-place,7,gR@plas
7,granité,7,gRanite
6,graphe,4,gRaf
8,gueulard,5,g2laR
6,gégène,5,ZeZEn
13,généralissime,11,ZeneRalisim
8,habilité,7,abilite
9,halluciné,7,alysine
11,halopéridol,10,alopeRidOl
8,havresac,7,avR°sak
10,homologuer,7,omologe
6,huiler,4,8ile
6,hunier,4,ynje
8,hydrater,6,idRate
12,hydrocéphale,9,idRosefal
11,hypermarché,9,ipERmaRSe
15,hypochondriaque,10,ipok§dRiak
10,hâtivement,7,ativ°m@
8,héliport,6,elipOR
10,hémogramme,7,emogRam
11,hémolytique,8,emolitik
9,idolâtrer,8,idolatRe
9,imminence,6,imin@s
9,impulsive,7,5pylsiv
8,inaction,7,inaksj§
17,incommunicabilité,15,5komynikabilite
13,incurablement,10,5kyRabl°m@
10,indexation,9,5dEksasj§
12,indissoluble,9,5disolybl
11,infestation,9,5fEstasj§
7,inhiber,5,inibe
6,insert,4,5sER
10,insolvable,8,5sOlvabl
10,instamment,6,5stam@
10,interarmes,7,5tERaRm
10,interféron,8,5tERfeR§
13,intraduisible,11,5tRad8izibl
9,intriguer,6,5tRige
13,irrattrapable,10,iRatRapabl
8,italique,6,italik
7,jachère,5,ZaSER
3,jar,3,ZaR
5,jenny,4,Zeni
8,jeunette,5,Z9nEt
7,joufflu,5,Zufly
10,journaleux,7,ZuRnal2
5,julot,4,Zylo
3,kan,3,kan
4,kana,4,kana
8,klystron,7,klistR§
5,kondo,4,k§do
8,lactique,6,laktik
12,lance-fusées,7,l@sfyze
7,lauréat,5,loRea
11,lesbianisme,10,lEsbjanizm
8,lessiver,6,lesive
13,libre-arbitre,10,libRaRbitR
11,lilliputien,9,lilipysj5
5,loche,3,lOS
8,louanger,5,lw@Ze
7,loupiot,5,lupjo
7,macaron,6,makaR§
8,madrigal,8,madRigal
11,maison-mère,7,mEz§mER
15,majoritairement,12,maZoRitER°m@
4,maki,4,maki
16,manutentionnaire,12,manyt@sjonER
5,maque,3,mak
8,marmiton,7,maRmit§
10,martingale,8,maRt5gal
7,mastite,6,mastit
9,mauresque,6,moREsk
9,mezzanine,8,mEdzanin
8,mi-femme,5,mifam
10,mi-janvier,7,miZ@vje
6,micmac,6,mikmak
10,mieux-être,7,mj2zEtR
13,militairement,10,militER°m@
6,minbar,6,minbaR
9,mirabilis,9,miRabilis
11,mitraillage,8,mitRajaZ
14,monte-en-l'air,7,m§t@lER
8,motorisé,8,motoRize
8,muflerie,7,myfl°Ri
10,myasthénie,8,mjasteni
8,myocarde,7,mjokaRd
13,mécaniquement,10,mekanik°m@
8,narquois,6,naRkwa
9,nectarine,8,nEktaRin
6,nodule,5,nodyl
10,normaliser,9,nORmalize
7,nudiste,6,nydist
12,numérotation,11,nymeRotasj§
8,négative,7,negativ
12,négativement,10,negativ°m@
7,négrier,7,negRije
13,néo-classique,9,neoklasik
11,névralgique,9,nevRalZik
10,névropathe,8,nevRopat
8,obsédant,6,opsed@
7,obséder,6,opsede
10,obturateur,9,OptyRat9R
6,oindre,4,w5dR
7,oiselet,6,waz°lE
10,oligarchie,8,oligaRSi
5,olive,4,oliv
7,omicron,6,omikR§
10,oppresseur,7,opRes9R
9,optimiser,8,Optimize
10,orchestrer,8,ORkEstRe
10,ordination,9,ORdinasj§
12,ornithologue,9,ORnitolOg
14,ouest-allemand,9,wEstal°m@
12,pacification,11,pasifikasj§
13,paramilitaire,11,paRamilitER
8,parangon,6,paR@g§
10,paraphrase,8,paRafRaz
9,parfumeur,8,paRfym9R
4,parr,3,paR
9,pastorale,8,pastoRal
12,paternalisme,11,patERnalizm
7,pennage,5,pEnaZ
10,pentamètre,8,p5tamEtR
7,perceur,6,pERs9R
9,photopile,7,fotopil
10,pianissimo,9,pjanisimo
10,pierraille,6,pjERaj
9,pilonnage,7,pilonaZ
6,pinter,4,p5te
10,pituitaire,8,pit8itER
10,plain-pied,6,pl5pje
11,plate-bande,7,platb@d
11,plein-temps,5,pl5t@
7,pleural,6,pl9Ral
8,polygone,7,poligon
11,pondération,9,p§deRasj§
11,populariser,10,popylaRize
9,porphyrie,7,pORfiRi
16,porte-serviettes,11,pORtsERvjEt
6,posada,6,pozada
14,postcombustion,12,pOstk§bystj§
12,presbytérien,11,pREsbiteRj5
11,prestataire,9,pREstatER
10,probatoire,9,pRobatwaR
9,profilage,8,pRofilaZ
6,pronom,5,pRon§
16,proportionnalité,15,pRopORsjOnalite
10,prosterner,9,pRostERne
5,provo,5,pRovo
9,précocité,9,pRekosite
12,prépondérant,9,pRep§deR@
10,publiciste,9,pyblisist
9,pénaliser,8,penalize
12,péricardique,10,peRikaRdik
10,périssable,8,peRisabl
6,radial,6,Radjal
10,rafistoler,9,Rafistole
14,ramollissement,10,Ramolis°m@
7,ratière,6,RatjER
6,ravage,5,RavaZ
8,rechaper,6,R°Sape
9,recoiffer,7,R°kwafe
11,reconvertir,10,R°k§vERtiR
9,regrimper,7,R°gR5pe
8,remanier,7,R°manje
9,remontoir,8,R°m§twaR
7,rentier,5,R@tje
11,reproductif,11,R°pRodyktif
8,ressayer,6,REsEje
8,retombée,6,R°t§be
11,retraverser,10,R°tRavERse
4,rets,2,RE
6,râleur,5,Ral9R
10,réaménager,9,ReamenaZe
9,récidiver,8,Residive
9,réducteur,8,Redykt9R
8,rétribué,8,RetRib8e
7,révolté,7,RevOlte
7,révérer,6,ReveRe
5,rôtie,4,Roti
5,sabra,5,sabRa
7,saccage,5,sakaZ
7,sacquer,4,sake
8,sacrifié,8,sakRifje
9,sataniser,8,satanize
9,satiriste,8,satiRist
7,scarole,6,skaROl
11,schématique,7,Sematik
6,select,6,selEkt
6,sevrer,5,s°vRe
11,shampouiner,7,S@pwine
10,sidérurgie,9,sideRyRZi
4,sino,4,sino
4,skaï,4,skaj
5,sniff,4,snif
8,soignant,5,swaN@
13,soixante-cinq,9,swas@ts5k
11,solutionner,9,solysjone
10,sombrement,7,s§bR°m@
13,sournoisement,10,suRnwaz°m@
11,spéléologue,9,speleolOg
7,strider,6,stRide
10,structurel,10,stRyktyREl
10,subalterne,9,sybaltERn
8,succinct,5,syks5
11,suffragette,8,syfRaZEt
7,surgelé,7,syRZ°le
6,surmoi,6,syRmwa
6,susdit,5,sysdi
9,séculaire,7,sekylER
9,sémaphore,7,semafOR
7,tai-chi,6,tajtSi
10,tarentelle,7,taR@tEl
3,tek,3,tEk
8,templier,7,t@plije
8,tempérer,6,t@peRe
6,teuton,4,t2t§
5,tille,3,tij
7,tinette,5,tinEt
7,tommies,4,tomi
6,tonner,4,tone
7,tordeur,6,tORd9R
6,tories,4,toRi
8,torréfié,7,toRefje
13,tourbillonner,9,tuRbijone
7,tractus,7,tRaktys
13,transcriptase,11,tR@skRiptaz
9,traveller,8,tRav°l9R
7,trident,5,tRid@
9,triomphal,8,tRij§fal
9,tungstène,7,t1kstEn
6,turbot,5,tyRbo
5,varon,4,vaR§
8,vexation,8,vEksasj§
7,vibrato,7,vibRato
9,victorien,8,viktoRj5
7,vigogne,5,vigON
11,vilebrequin,9,vil°bR°k5
11,virologiste,10,viROlOZist
9,virulence,7,viRyl@s
9,véhiculer,7,veikyle
8,wagonnet,6,vagonE
8,waterman,8,wat2Rman
8,écoutant,5,ekut@
5,édito,5,edito
11,émerveiller,8,emERveje
7,émincer,5,em5se
7,épinard,6,epinaR
9,épluchure,7,eplySyR
10,étiquetage,8,etik°taZ
7,abouler,5,abule
7,abrutir,7,abRytiR
13,accommodement,9,akomOd°m@
9,accusatif,8,akyzatif
11,acupuncteur,9,akyp§kt9R
6,ad hoc,4,adOk
7,adipeux,5,adip2
7,agnelet,5,aN2lE
13,agressivement,10,agResiv°m@
10,algébrique,8,alZebRik
7,allegro,6,alEgRo
7,alvéole,6,alveOl
10,ambivalent,7,@bival@
8,amovible,7,amovibl
5,ancré,4,@kRe
8,ankylosé,7,@kiloze
15,anthropologiste,12,@tRopoloZist
14,anthropophagie,10,@tRopofaZi
17,anti-impérialiste,13,@ti5peRjalist
10,anti-russe,6,@tiRys
8,antigène,6,@tiZEn
15,antimilitariste,13,@timilitaRist
8,antipape,6,@tipap
11,antiracisme,9,@tiRasism
9,antithèse,6,@titEz
8,approché,6,apRoSe
6,apprêt,4,apRE
7,apprêté,6,apRete
5,arder,4,aRde
9,ascétique,6,asetik
8,assemblé,6,as@ble
14,asservissement,10,asERvis°m@
9,atomiseur,8,atomiz9R
9,aubergine,7,obERZin
8,automnal,6,otonal
13,avant-dernier,9,av@dERnje
3,avé,3,ave
8,aérogare,7,aeRogaR
13,bactériologie,12,bakteRjoloZi
9,baragouin,7,baRagw5
5,bardo,5,baRdo
9,basilique,7,bazilik
6,baudet,4,bodE
7,beatnik,6,bitnik
10,benedictus,10,benediktys
5,berne,4,bERn
5,bicot,4,biko
6,blotti,5,bloti
9,bobinette,7,bobinEt
8,boiserie,7,bwaz°Ri
4,bola,4,bola
11,bolchevisme,9,bOlS°vizm
7,borique,5,boRik
6,boréal,6,boReal
6,boubou,4,bubu
7,bouddha,4,buda
8,bougnoul,5,buNul
14,bouillonnement,8,bujOn°m@
15,brandebourgeois,11,bR@d°buRZwa
11,bredouiller,7,bR°duje
5,brève,4,bREv
7,bréchet,5,bReSE
6,brûlis,5,bRyli
7,butteur,5,byt9R
9,caballero,8,kabajeRo
7,cadreur,6,kadR9R
7,caesium,6,sezjOm
9,cafardage,8,kafaRdaZ
9,cafeteria,9,kafeteRja
9,calebasse,7,kal°bas
10,calviniste,9,kalvinist
12,caléidoscope,11,kaleidOskOp
9,campanule,7,k@panyl
9,cantilène,7,k@tilEn
12,caractériser,11,kaRakteRize
10,carboniser,9,kaRbonize
12,cardiogramme,11,kaRdijogRam
13,cardiotonique,11,kaRdjotonik
11,cartographe,9,kaRtogRaf
6,carène,5,kaREn
8,centrage,6,s@tRaZ
7,centrer,5,s@tRe
9,cessation,7,sEsasj§
4,chai,2,SE
8,chaumine,5,Somin
14,chef-d'oeuvres,6,SEd9vR
9,chevrette,6,S°vREt
9,chevronné,7,S°vRone
9,chiatique,6,Sjatik
7,chicano,6,Sikano
8,chistera,7,Sist°Ra
11,chocolatier,9,Sokolatje
6,choyer,5,Swaje
12,chuchotement,8,SySOt°m@
13,chèvrefeuille,8,SEvR°f9j
10,clignement,7,kliN°m@
7,colleur,5,kol9R
11,commutation,9,komytasj§
12,concupiscent,8,k§kypis@
9,condiment,6,k§dim@
10,connétable,8,konetabl
9,consolant,6,k§sol@
8,consommé,6,k§some
12,constricteur,10,k§stRikt9R
10,contingent,6,k§t5Z@
12,continuateur,10,k§tin8at9R
12,contraignant,7,k§tREN@
11,contrechamp,7,k§tR°S@
14,copropriétaire,13,kopRopRijetER
7,coquart,5,kokaR
10,corinthien,7,koR5tj5
8,corporal,8,kORpoRal
10,corrupteur,8,koRypt9R
5,couac,4,kwak
14,couche-culotte,8,kuSkylOt
13,coupe-circuit,9,kupsiRk8i
7,coûtant,4,kut@
8,craquelé,7,kRak°le
7,crumble,7,kR9mb9l
8,cryogène,8,kRijoZEn
9,cueilleur,5,k9j9R
9,cumulatif,9,kymylatif
7,curseur,6,kyRs9R
5,câpre,4,kapR
10,cérémonial,10,seRemonjal
13,dactyloscopie,12,daktilOskOpi
11,demi-cercle,9,d°misERkl
10,demi-place,8,d°miplas
9,demi-tête,7,d2mitEt
9,dentelure,7,d@t°lyR
4,desk,4,dEsk
10,deux-roues,4,d2Ru
14,diaboliquement,11,djabolik°m@
7,diorama,7,djoRama
9,discrédit,8,diskRedi
10,dissension,7,dis@sj§
13,distraitement,10,distREt°m@
10,dreadlocks,7,dREdlOk
7,drumlin,7,dR9mlin
9,débriefer,7,debRife
6,décavé,6,dekave
11,déchetterie,8,deSEt°Ri
14,déculpabiliser,13,dekylpabilize
8,dégivrer,7,deZivRe
12,démoralisant,10,demoRaliz@
12,déracinement,10,deRasin°m@
6,dérobé,6,deRobe
10,désagréger,9,dezagReZe
11,désenchanté,8,dez@S@te
10,détrousser,7,detRuse
10,dévergondé,9,devERg§de
14,effroyablement,12,efRwajabl°m@
9,emballeur,6,@bal9R
12,embryonnaire,9,@bRijonER
9,endeuillé,5,@d9je
11,endiguement,7,@dig°m@
9,endémique,6,@demik
12,enguirlander,8,@giRl@de
8,enlaidir,6,@lediR
10,enrubanner,7,@Rybane
6,entame,4,@tam
11,entreposage,9,@tR°pozaZ
8,essorage,6,esoRaZ
11,essuie-tout,6,Es8itu
11,esthéticien,9,Estetisj5
14,esthétiquement,10,Estetik°m@
8,ex-petit,7,Eksp°ti
10,ex-vedette,8,Eksv°dEt
13,extrascolaire,12,EkstRaskOlER
7,factuel,7,faktyEl
7,fascine,5,fasin
7,fendoir,6,f@dwaR
8,fermette,6,fERmEt
9,fignolage,7,fiNolaZ
15,fondamentaliste,12,f§dam@talist
7,formulé,7,fORmyle
8,fouinard,6,fwinaR
14,franchissement,9,fR@Sis°m@
15,fraternellement,12,fRatERnEl°m@
6,frimas,5,fRima
11,frissonnant,7,fRison@
8,froidure,7,fRwadyR
9,frôlement,7,fRol°m@
8,fugacité,8,fygasite
7,fémoral,7,femoRal
10,galimatias,9,galimatja
8,gardénia,8,gaRdenja
10,gazouiller,6,gazuje
7,glaviot,6,glavjo
10,grabataire,8,gRabatER
10,graduation,9,gRad8asj§
10,gratte-dos,6,gRatdo
6,grelot,5,gR°lo
8,grégaire,6,gRegER
9,guillemot,6,gij°mo
10,généralité,10,ZeneRalite
9,haschisch,4,aSiS
13,hermaphrodite,10,ERmafRodit
5,hippy,3,ipi
10,histologie,8,istoloZi
15,historiographie,12,istoRjogRafi
7,houleux,3,ul2
13,humanitarisme,11,ymanitaRizm
3,hun,1,1
4,hure,2,yR
12,hydrocarbure,10,idRokaRbyR
5,héler,3,ele
8,hésitant,5,ezit@
4,ibex,5,ibeks
8,ibérique,6,ibeRik
6,impayé,5,5pEje
14,implacablement,11,5plakabl°m@
15,impressionniste,11,5pResjonist
13,improbabilité,12,5pRobabilite
12,improprement,9,5pROpR°m@
11,imprécation,9,5pRekasj§
16,imprévisiblement,13,5pRevizibl2m@
11,inaliénable,10,inaljenabl
9,incartade,7,5kaRtad
9,inclusion,7,5klyzj§
11,incoercible,9,5koERsibl
7,incurie,5,5kyRi
10,indiscrète,8,5diskREt
15,indépendantiste,11,5dep@d@tist
11,infanticide,8,5f@tisid
13,ingouvernable,10,5guvERnabl
16,inhabituellement,12,inabityEl°m@
13,inhospitalier,11,inOspitalje
7,inimité,7,inimite
8,inoccupé,7,inokype
15,interdépendance,11,5tERdep@d@s
9,intituler,7,5tityle
7,invasif,6,5vazif
13,invincibilité,11,5v5sibilite
11,inénarrable,9,inenaRabl
9,isotherme,7,izOtERm
8,jacquard,5,ZakaR
6,japper,4,Zape
6,jasper,5,Zaspe
4,jerk,5,dZERk
7,joncher,4,Z§Se
8,joystick,7,ZOjstik
9,jusquiame,7,Zyskjam
4,kadi,4,kadi
5,ketch,4,kEtS
6,latter,4,late
7,lexique,6,lEksik
10,libéralité,10,libeRalite
9,limogeage,7,limoZaZ
11,lisiblement,9,lizibl°m@
8,lock-out,6,lOkawt
8,lubrifié,8,lybRifje
7,luthier,5,lytje
11,lèche-botte,6,lESbOt
9,macadamia,9,makadamja
6,madère,5,madER
9,mam'selle,6,mamzEl
9,manuscrit,8,manyskRi
9,maravédis,9,maRavedis
8,maroquin,6,maRok5
11,marqueterie,9,maRkEt°Ri
10,mascarpone,9,maskaRpOn
6,mateur,5,mat9R
9,matraquer,7,matRake
12,maître-chien,8,mEtR°Sj5
7,mi-clos,5,miklo
6,milieu,5,milj2
5,mimer,4,mime
7,monitor,7,monitOR
12,moralisateur,11,moRalizat9R
15,morphogénétique,12,mORfoZenetik
6,moyeux,5,mwaj2
7,myriade,6,miRjad
6,médire,5,mediR
11,médiumnique,9,medjOmnik
10,mélatonine,9,melatonin
12,mésentérique,9,mez@teRik
13,métapsychique,10,metapsiSik
7,métayer,6,meteje
15,neuromusculaire,12,n2RomyskylER
10,niaisement,7,njEz°m@
9,nihilisme,7,niilizm
7,nullard,5,nylaR
8,néphrite,6,nefRit
13,objectivation,12,ObZEktivasj§
5,obole,4,obOl
15,obscurcissement,12,OpskyRsis°m@
8,octroyer,8,OktRwaje
8,olfactif,8,Olfaktif
12,omniprésence,10,OmnipRez@s
12,opportunisme,10,opORtynizm
10,orangeraie,7,oR@Z°RE
7,ortolan,6,ORtol@
12,outrecuidant,9,utR°k8id@
3,pad,3,pad
7,pandore,5,p@dOR
10,parachuter,8,paRaSyte
11,paracétamol,11,paRasetamOl
9,parentèle,7,paR@tEl
10,parrainage,7,paREnaZ
8,partouse,6,paRtuz
8,patineur,7,patin9R
12,peinturlurer,9,p5tyRlyRe
7,pelisse,5,p°lis
11,pendouiller,6,p@duje
7,percale,6,pERkal
12,perpétration,11,pERpetRasj§
6,peseta,6,pezeta
17,petite-bourgeoise,12,p°titbuRZwaz
12,philatéliste,10,filatelist
12,photocopieur,10,fotokopj9R
4,pile,3,pil
7,plagier,6,plaZje
6,pliage,6,plijaZ
6,plénum,6,plenOm
8,pochtron,6,pOStR§
7,pointer,6,pw5t9R
7,poisser,5,pwase
9,polissage,7,polisaZ
5,prang,4,pR@g
12,première-née,9,pR°mjERne
6,primal,6,pRimal
13,princièrement,10,pR5sjER°m@
9,professer,7,pRofese
9,profileur,8,pRofil9R
10,prostatite,9,pROstatit
9,protoxyde,9,pRotOksid
9,protéique,7,pRoteik
10,prévalence,8,pReval@s
13,prêchi-prêcha,10,pRESipRESa
7,pugilat,6,pyZila
6,pulser,5,pylse
9,punisseur,7,pynis9R
5,pâtre,4,patR
10,pécuniaire,8,pekynjER
6,pépier,5,pepje
10,périphrase,8,peRifRaz
5,pérot,4,peRo
6,péteur,5,pet9R
10,quadrature,9,kwadRatyR
10,quadriceps,10,kwadRisEps
14,quadriphonique,11,kwadRifonik
18,quatre-vingt-douze,10,katR°v5duz
19,quatre-vingt-treize,11,katR°v5tREz
7,quignon,4,kiN§
8,quiscale,6,kiskal
9,québécois,7,kebekwa
10,rachitique,7,RaSitik
11,radiogramme,9,RadjogRam
8,radouber,6,Radube
3,ram,3,Ram
8,raplapla,8,Raplapla
11,rationalité,11,Rasjonalite
6,reader,5,Rid9R
8,regimber,6,R°Z5be
6,requis,4,R°ki
13,ressortissant,9,R°sORtis@
9,reteindre,6,R°t5dR
8,revaloir,8,R°valwaR
9,revigorer,8,R°vigoRe
7,rockeur,5,Rok9R
7,rogaton,6,Rogat§
6,romani,6,Romani
8,roulante,5,Rul@t
7,routeur,5,Rut9R
6,rucher,4,RySe
7,rythmer,5,Ritme
10,réaffecter,8,ReafEkte
13,réenregistrer,11,Re@R°ZistRe
12,répercussion,10,RepERkysj§
8,résiduel,8,Rezid8El
8,résineux,6,Rezin2
15,rétroprojecteur,14,RetRopRoZEkt9R
10,réécriture,9,ReekRityR
6,sabrer,5,sabRe
5,sacro,5,sakRo
11,salvadorien,10,salvadoRj5
7,sarment,5,saRm@
5,scone,4,skon
7,scratch,6,skRatS
8,scénique,5,senik
7,semeuse,5,s°m2z
8,septante,6,sEpt@t
12,shampouineur,8,S@pwin9R
6,shimmy,4,Simi
5,sinon,4,sin§
7,slibard,6,slibaR
8,somnoler,7,sOmnole
11,sophistique,8,sOfistik
8,sornette,6,sORnEt
8,sororité,8,soRoRite
5,soudé,4,sude
4,soue,2,su
13,sous-entendre,8,suz@t@dR
11,sous-espèce,8,suzEspEs
8,sous-off,5,suzOf
15,sous-prolétaire,10,supRoletER
10,sous-tasse,5,sutas
12,soustraction,10,sustRaksj§
6,spleen,5,splin
10,sporadique,8,spoRadik
10,stalactite,9,stalaktit
10,stalagmite,9,stalagmit
10,statutaire,8,statytER
13,strip-teaseur,10,stRiptiz9R
11,stylistique,9,stilistik
5,stylé,5,stile
8,stérilet,7,steRilE
8,sublimer,7,syblime
9,subodorer,8,sybodoRe
12,sud-africain,9,sydafRik5
10,suintement,7,s85t°m@
12,supersonique,10,sypERsonik
14,superstructure,13,sypERstRyktyR
12,supplication,10,syplikasj§
8,sycomore,7,sikomOR
13,symptomatique,10,s5ptomatik
15,symptomatologie,13,s5ptOmatOlOZi
16,ségrégationniste,14,segRegasjOnist
8,séquelle,5,sekEl
10,séquenceur,7,sek@s9R
6,tantra,5,t@tRa
11,tchin-tchin,8,tSintSin
4,teck,3,tEk
8,tempêter,6,t@pete
12,timbre-poste,9,t5bR°pOst
9,tisserand,6,tis°R@
5,tommy,4,tOmi
15,traditionalisme,14,tRadisjonalizm
10,traficoter,9,tRafikote
9,transmuer,7,tR@sm8e
13,transsibérien,11,tR@ssibeRj5
6,travée,5,tRave
7,trimeur,6,tRim9R
7,tritium,7,tRitjOm
9,trucmuche,7,tRykmyS
8,tétanisé,8,tetanize
10,utilitaire,8,ytilitER
8,utopiste,7,ytopist
8,valentin,6,val@t5
11,vanity-case,10,vanitikEjs
6,vautré,5,votRe
7,venteux,4,v@t2
4,vina,4,vina
8,virginie,7,viRZini
10,végétalien,9,veZetalj5
10,vélocipède,9,velosipEd
11,zygomatique,9,zigomatik
6,âcreté,6,akR°te
5,ébène,4,ebEn
8,ébéniste,7,ebenist
17,électromagnétisme,15,elEktRomaNetizm
6,élégie,5,eleZi
9,émanciper,7,em@sipe
12,émoustillant,8,emustij@
8,énucléer,7,enyklee
8,épandage,6,ep@daZ
12,équidistance,10,ek8idist@s
9,éthologie,7,etoloZi
11,évangéliser,9,ev@Zelize
5,évent,3,ev@
3,ôté,3,ote
11,abjectement,9,abZEkt°m@
9,aborigène,8,aboRiZEn
9,abstinent,7,apstin@
5,abusé,5,abyze
10,abyssinien,8,abisinj5
10,activateur,9,aktivat9R
8,affolant,5,afol@
11,africanisme,10,afRikanism
13,agglomération,11,aglomeRasj§
9,agit-prop,8,aZitpROp
8,agoniser,7,agonize
7,agreste,6,agREst
6,aicher,3,ESe
7,ajutage,6,aZytaZ
4,alfa,4,alfa
12,allusivement,9,alyziv°m@
15,allégoriquement,11,alegoRik°m@
8,almohade,6,almoad
8,alpestre,7,alpEstR
6,aminci,5,am5si
13,amincissement,9,am5sis°m@
10,anachorète,8,anakoREt
10,anacoluthe,8,anakolyt
10,anatomique,8,anatomik
7,angevin,5,@Z°v5
17,anti-gouvernement,12,@tiguvERn°m@
11,anti-émeute,7,@tiem2t
15,anticapitaliste,13,@tikapitalist
14,anticommunisme,11,@tikomynizm
9,antillais,5,@tijE
11,antitoxique,9,@titOksik
9,apostolat,8,apostola
8,apprêter,6,apRete
9,aquatinte,7,akwat5t
6,araser,5,aRaze
7,arbouse,5,aRbuz
8,arcadien,7,aRkadj5
9,argonaute,7,aRgonot
12,arme-miracle,9,aRmmiRakl
9,arrachage,6,aRaSaZ
8,aréopage,7,aReopaZ
5,asdic,5,asdik
14,assoupissement,9,asupis°m@
19,assurance-accidents,12,asyR@saksid@
6,ataman,5,atam@
15,attendrissement,10,at@dRis°m@
14,attrape-nigaud,9,atRapnigo
11,auto-pilote,8,otopilOt
10,autocratie,8,otokRasi
11,automutiler,9,otomytile
12,avant-gauche,6,av@goS
10,aviculture,9,avikyltyR
6,axiome,6,aksjom
7,azulejo,7,azulexo
4,aède,3,aEd
9,aéronaval,9,aeRonaval
9,aéroporté,9,aeRopORte
8,baladeur,7,balad9R
10,balsamique,8,balzamik
12,banderillero,10,b@d°RijeRo
12,baragouinage,10,baRagwinaZ
9,barattage,7,baRataZ
8,baronnet,6,baRonE
9,batailler,6,bataje
13,bec-de-lièvre,10,bEkd2ljEvR
9,becqueter,6,bEk°te
8,bectance,6,bEkt@s
12,benzonaphtol,10,b5zonaftOl
10,bersaglier,10,bERsaglije
4,bief,4,bjEf
15,bienveillamment,9,bj5vEjam@
7,biguine,5,bigin
5,biler,4,bile
13,biodégradable,12,bjodegRadabl
7,bizuter,6,bizyte
6,blinde,4,bl5d
7,blinder,5,bl5de
4,bock,3,bOk
10,bondissant,6,b§dis@
10,bootlegger,8,butleg9R
7,botteur,5,bot9R
7,boudine,5,budin
8,boulange,5,bul@Z
9,braillard,6,bRajaR
9,bramement,7,bRam°m@
10,breakdance,8,bREkdEns
11,brillantine,8,bRij@tin
11,brontosaure,8,bR§tozoR
9,brouillon,5,bRuj§
5,brout,3,bRu
8,brumaire,6,bRymER
6,brésil,6,bRezil
7,brûlage,6,bRylaZ
11,bureaucrate,8,byRokRat
4,cadi,4,kadi
8,calaison,6,kalEz§
8,calcaire,6,kalkER
12,calculatrice,11,kalkylatRis
9,calorique,7,kaloRik
10,calvinisme,9,kalvinizm
8,canadair,7,kanadER
5,canna,4,kana
8,capeline,7,kap°lin
7,capitan,6,kapit@
8,capitole,7,kapitOl
15,capricieusement,12,kapRisj2z°m@
19,cardio-respiratoire,17,kaRdjoREspiRatwaR
7,carolus,7,kaRolys
9,carotteur,7,kaRot9R
11,cartothèque,8,kaRtOtEk
12,catastropher,10,katastRofe
10,cathédrale,8,katedRal
8,chachlik,6,SaSlik
9,chaparral,7,SapaRal
5,chape,3,Sap
11,charbonnier,8,SaRbonje
15,chauffe-biberon,9,Sofbib°R§
11,chevillette,7,S°vijEt
6,chilom,5,SilOm
7,choline,5,kOlin
10,chouchoute,5,SuSut
9,choupette,5,SupEt
17,chronologiquement,13,kRonoloZik°m@
10,chrysalide,8,kRizalid
8,claquage,6,klakaZ
9,claquette,6,klakEt
9,clic-clac,8,klikklak
10,clownesque,7,klunEsk
7,coacher,5,kotSe
11,coffee shop,7,kOfiSOp
10,cognassier,7,koNasje
12,collationner,9,kolasjone
9,collusion,7,kolyzj§
9,communard,7,komynaR
10,compacteur,8,k§pakt9R
10,conquérant,6,k§keR@
19,constitutionnaliste,16,k§stitysjOnalist
10,continence,7,k§tin@s
11,contractant,8,k§tRakt@
13,contre-plaqué,10,k§tR°plake
6,copeau,4,kopo
8,coquelet,6,kOk°lE
8,coramine,7,kORamin
10,cordelette,8,kORd°lEt
8,cosigner,6,kosiNe
9,couardise,7,kwaRdiz
11,coupe-coupe,6,kupkup
12,criminaliste,11,kRiminalist
7,crispin,6,kRisp5
13,cryptographie,11,kRiptogRafi
10,cuirassier,8,k8iRasje
7,cuissot,5,k8iso
7,cuistre,6,k8istR
13,cybernéticien,12,sibERnetisj5
11,cyclothymie,9,siklotimi
11,cylindrique,8,sil5dRik
5,câblé,5,kable
9,câlinerie,8,kalin°Ri
8,césarien,7,sezaRj5
13,daguerréotype,10,dagEReotip
6,damage,5,damaZ
6,darder,5,daRde
2,de,2,d°
9,de santis,7,des@tis
13,demi-paralysé,12,d2mipaRalize
10,descriptif,10,deskRiptif
12,diffamatoire,10,difamatwaR
6,diktat,5,dikta
6,dilaté,6,dilate
9,diocésain,7,djosez5
17,directeur-adjoint,13,diREkt9RadZw5
8,disjoint,6,disZw5
8,distendu,7,dist@dy
10,dogmatisme,9,dOgmatizm
14,dolichocéphale,11,dolikosefal
9,dominical,9,dominikal
11,dommageable,8,domaZabl
6,dopage,5,dopaZ
10,dragonnier,8,dRagOnje
7,dribler,6,dRible
9,dysthymie,7,distimi
11,décantation,9,dek@tasj§
8,décharné,7,deSaRne
8,déclouer,6,deklue
9,décolorer,8,dekoloRe
15,décongestionner,12,dek§ZEstjone
9,décrasser,7,dekRase
10,décrypteur,9,dekRipt9R
8,déferrer,6,defeRe
9,défricher,7,defRiSe
12,dégénération,11,deZeneRasj§
6,déisme,5,deism
15,démystification,14,demistifikasj§
6,dénier,5,denje
9,dépensier,7,dep@sje
7,dépiter,6,depite
11,déraisonner,8,deREzone
13,dérisoirement,11,deRizwaR°m@
13,désagrégation,12,dezagRegasj§
10,désherbant,7,dezERb@
17,déshumidification,15,dezymidifikasj§
17,désillusionnement,13,dezilyzjOn°m@
20,désindividualisation,18,dez5divid8alizasj§
9,détacheur,7,detaS9R
12,déterministe,11,detERminist
8,détonner,6,detone
8,détrempe,6,detR@p
12,dévalorisant,10,devalORiz@
8,effaceur,6,efas9R
13,emberlificoté,12,@bERlifikote
10,embrassant,6,@bRas@
9,empaumure,6,@pomyR
8,encaisse,4,@kEs
8,encorder,6,@kORde
8,encourir,6,@kuRiR
8,endurant,5,@dyR@
13,enfantinement,9,@f@tin°m@
11,enfourchure,7,@fuRSyR
11,engoulevent,7,@gul°v@
11,enneigement,7,@nEZ°m@
11,ensommeillé,7,@somEje
8,entacher,5,@taSe
9,entailler,5,@taje
18,entre-deux-guerres,9,@tR°d2gER
7,essieux,4,Esj2
10,estonienne,8,EstOnjEn
11,ethnographe,8,EtnogRaf
14,ethnographique,10,EtnogRafik
9,ex-fiancé,8,Eksfj@se
14,exemplairement,11,Egz@plER°m@
11,exemplifier,10,Egz@plifje
12,exploratoire,12,EksploRatwaR
11,exténuation,11,Eksten8asj§
7,faillie,4,faji
4,faix,2,fE
10,fallacieux,7,falasj2
6,fathma,5,fatma
10,fauchaison,6,foSEz§
8,feedback,6,fidbak
11,ferblantier,9,fERbl@tje
7,ferlage,6,fERlaZ
7,fessier,5,fesje
10,feuillette,5,f9jEt
6,feuler,4,f9le
10,flemmarder,8,flemaRde
8,flirteur,7,fl9Rt9R
13,flétrissement,10,fletRis°m@
7,flûtiau,6,flytjo
7,fondant,4,f§d@
5,fonts,2,f§
7,forlane,6,fORlan
8,fortifié,8,fORtifje
12,franc-tireur,8,fR@tiR9R
11,francophone,8,fR@kofOn
7,friable,7,fRijabl
9,fricoteur,8,fRikot9R
12,frigorifique,10,fRigoRifik
7,fronton,5,fR§t§
8,fulminer,7,fylmine
7,futaine,5,fytEn
11,futurologue,9,fytyRolOg
11,fécondateur,9,fek§dat9R
4,fêle,3,fEl
6,gabare,5,gabaR
13,gaillardement,9,gajaRd°m@
9,galeriste,8,gal°Rist
9,galvauder,7,galvode
10,gauchement,6,goS°m@
8,geignant,4,ZEN@
6,giaour,5,ZjauR
12,glacialement,10,glasjal°m@
12,glandouiller,7,gl@duje
13,glisse-la-moi,9,glislamwa
9,gloriette,7,gloRjEt
6,goitre,5,gwatR
5,golem,5,golEm
7,gosplan,6,gospl@
3,goy,3,gOj
12,grand-maître,7,gR@mEtR
8,grattage,6,gRataZ
10,grelottant,7,gR°lot@
10,gribouille,6,gRibuj
10,griffonner,7,gRifone
10,grignotage,8,gRiNotaZ
8,grisâtre,7,gRizatR
12,groenlandais,9,gRoenl@dE
8,grognant,5,gRoN@
9,grouillot,5,gRujo
8,guincher,4,g5Se
8,guindant,4,g5d@
6,guinée,4,gine
6,gulden,6,gyldEn
16,géographiquement,12,ZeogRafik°m@
6,gésine,5,Zezin
11,hanséatique,7,@seatik
10,harenguier,6,aR@gje
9,harengère,6,aR@ZER
6,hautin,3,ot5
3,hem,2,Em
11,hippomobile,8,ipomobil
12,homologation,10,omologasj§
8,hooligan,6,uligan
11,hostellerie,7,OtEl°Ri
5,houri,3,uRi
7,hulotte,4,ylOt
9,hydrolase,7,idRolaz
10,hydrophile,7,idRofil
11,hématologie,9,ematoloZi
15,idéologiquement,12,ideoloZik°m@
11,illusionner,8,ilyzjone
12,illustrateur,10,ilystRat9R
8,illustré,7,ilystRe
9,imbriquer,6,5bRike
15,immanquablement,10,5m@kabl°m@
9,immixtion,7,imiksj§
8,implanté,6,5pl@te
12,imprévoyance,10,5pRevwaj@s
10,incollable,7,5kolabl
7,indivis,5,5divi
13,indo-européen,9,5do2Rope5
15,indépendantisme,11,5dep@d@tism
8,inemploi,7,in@plwa
10,inexpiable,10,inEkspjabl
7,infuser,5,5fyze
7,injecté,6,5ZEkte
13,inquisitorial,11,5kizitoRjal
14,insensiblement,10,5s@sibl°m@
9,insinuant,6,5sin8@
10,intermezzo,9,5tERmEdzo
8,intouché,5,5tuSe
11,intériorité,10,5teRjoRite
9,invalider,7,5valide
10,isotonique,8,izOtOnik
7,jacobin,6,Zakob5
12,jeu-concours,7,Z2k§kuR
11,jeune-homme,5,Z9nOm
7,jonchée,4,Z§Se
8,juiverie,7,Z8iv°Ri
11,justiciable,10,Zystisjabl
8,kachoube,5,kaSub
7,kérabau,6,keRabo
5,lacté,5,lakte
7,landing,5,l@diG
5,lange,3,l@Z
8,languide,5,l@gid
13,laryngoscopie,11,laR5gOskOpi
11,libératoire,10,libeRatwaR
6,lichen,5,likEn
10,lipothymie,8,lipotimi
6,loggia,6,lOdZja
10,lubrifiant,8,lybRifj@
13,lumineusement,10,lymin2z°m@
9,luthérien,7,lyteRj5
10,luxuriance,9,lyksyRj@s
8,magister,8,maZistER
8,magnolia,7,maNolja
6,magyar,6,magjaR
7,malaire,5,malER
5,mamba,4,m@ba
8,mamzelle,6,mamzEl
12,mange-disque,7,m@Zdisk
9,manucurer,8,manykyRe
13,maquereautage,9,mak°RotaZ
12,maquerellage,9,mak°RElaZ
9,marmouset,7,maRmuzE
8,massicot,6,masiko
8,menterie,6,m@t°Ri
10,mercantile,8,mERk@til
9,mi-oiseau,6,miwazo
11,minimaliste,10,minimalist
5,mongo,4,m§go
9,monocoque,7,monokOk
7,monodie,6,monodi
13,monolinguisme,11,monol5g8ism
12,monotonement,10,monotOn°m@
8,moucheté,6,muS°te
5,moyer,5,mwaje
7,mudéjar,7,mydeZaR
9,mugissant,6,myZis@
12,multipartite,11,myltipaRtit
9,munichois,7,mynikwa
5,muser,4,myze
6,mutiné,6,mytine
10,mythomanie,8,mitomani
11,méconnaître,8,mekonEtR
8,mêmement,6,mEm°m@
11,mûrissement,8,myRis°m@
12,n'est-ce pas,6,nEs°pa
6,naphte,4,naft
7,navarin,6,navaR5
9,navarrais,6,navaRE
10,nobiliaire,8,nobiljER
9,nobilitas,8,nobilita
9,nommément,6,nomem@
9,non-amour,7,nOnamuR
14,non-assistance,10,nOnasist@s
15,non-conformiste,11,n§k§fORmist
12,non-croyance,9,n§kRwaj@s
12,non-paiement,6,n§pEm@
7,nucléus,7,nykleys
10,nébulosité,10,nebylozite
6,négoce,5,negOs
5,négus,5,negys
12,néo-réalisme,10,neoRealizm
13,néo-zélandais,9,neozel@dE
9,obélisque,7,obelisk
17,occidentalisation,15,Oksid@talizasj§
6,occire,5,OksiR
8,odomètre,7,OdOmEtR
4,oint,2,w5
9,olympiade,7,ol5pjad
8,onanisme,7,onanizm
7,orphéon,5,ORfe§
8,orpiment,6,ORpim@
12,orthopédiste,10,ORtopedist
12,otospongiose,10,Otosp§Zjoz
9,outilleur,6,utij9R
5,oyant,4,waj@
12,panaméricain,10,panameRik5
7,parador,7,paRadOR
7,paraphe,5,paRaf
12,parasiticide,11,paRazitisid
10,paroissien,8,paRwasj5
12,passementier,9,pas°m@tje
14,pasteurisation,12,past9Rizasj§
12,pater noster,11,patERnOstER
6,patène,5,patEn
7,peccavi,6,pekavi
8,pelloche,5,pElOS
6,pelure,5,p°lyR
11,perfidement,9,pERfid°m@
7,pergola,7,pERgola
13,personnaliser,11,pERsonalize
11,phosphatine,8,fOsfatin
10,phylloxera,9,filokseRa
10,phylloxéra,9,filOkseRa
13,physiologiste,11,fizjoloZist
13,phénobarbital,12,fenobaRbital
9,phéromone,7,feRomOn
9,pianotage,8,pjanotaZ
8,pilonner,6,pilone
7,pilotin,6,pilOt5
7,pinçage,5,p5saZ
5,pisan,4,piz@
6,pissat,4,pisa
11,pisse-froid,7,pisfRwa
11,plain-chant,5,pl5S@
13,plan-séquence,8,pl@sek@s
9,plantaire,6,pl@tER
8,pleurite,6,pl9Rit
7,plinthe,4,pl5t
13,plurinational,13,plyRinasjOnal
8,plâtrier,8,platRije
7,poilant,5,pwal@
12,policlinique,10,pOliklinik
8,pongiste,6,p§Zist
6,pontin,4,p§t5
8,porphyre,6,pORfiR
9,porte-clé,8,pORt°kle
12,porte-glaive,9,pORt°glEv
7,postier,6,pOstje
5,posté,5,pOste
8,posément,6,pozem@
8,potentat,6,pot@ta
10,poujadiste,8,puZadist
8,poupoule,5,pupul
10,praesidium,9,pRezidjOm
6,praxie,6,pRaksi
16,prestidigitation,15,pREstidiZitasj§
6,priant,5,pRij@
12,primitivisme,11,pRimitivizm
4,prin,3,pR5
6,prisme,5,pRizm
7,probité,7,pRobite
9,prolifère,8,pRolifER
12,promotionnel,11,pRomosjonEl
8,propolis,8,pROpOlis
8,proroger,7,pRoRoZe
11,prothésiste,9,pRotezist
13,protège-dents,8,pRotEZd@
5,préau,4,pReo
10,précurseur,9,pRekyRs9R
10,préhension,7,pRe@sj§
6,prôner,5,pRone
16,psychosociologue,13,psikosOsjOlOg
8,puncture,6,p§ktyR
10,putasserie,8,pytas°Ri
9,pâlissant,6,palis@
15,qu'en-dira-t-on,8,k@diRat§
16,quantitativement,12,k@titativ°m@
18,quarante-cinquième,11,kaR@ts5kjEm
15,quarante-quatre,10,kaR@t°katR
14,quasi-monopole,11,kazimOnOpOl
17,quatre-vingt-onze,9,katR°v5§z
21,quatre-vingt-quatorze,13,katR°v5katORz
18,quatre-vingt-seize,10,katR°v5sEz
12,quattrocento,12,kwatRotSEnto
8,questeur,7,k8Est9R
8,questure,6,kEstyR
11,quinquennat,7,k85kena
8,raboteux,6,Rabot2
9,rabâchage,7,RabaSaZ
15,rachianesthésie,12,RaSjanEstezi
10,racontable,8,Rak§tabl
14,radicalisation,13,Radikalizasj§
12,radio-réveil,10,RadjoRevEj
18,radiogoniométrique,16,RadjogOnjometRik
15,radiotéléphonie,13,RadjotelefOni
4,raft,4,Raft
4,raga,4,Raga
6,ranche,3,R@S
8,raréfier,7,RaRefje
4,raïa,4,Raja
11,reboisement,9,R°bwaz°m@
9,rechanger,6,R2S@Ze
10,rediscuter,9,R°diskyte
14,redistribution,13,R°distRibysj§
13,refroidisseur,11,R°fRwadis9R
6,relent,4,R°l@
10,relégation,9,R°legasj§
9,remariage,8,R°maRjaZ
9,remontant,6,R°m§t@
9,repiquage,7,R°pikaZ
11,resquilleur,8,REskij9R
10,resserrage,7,R°sERaZ
6,retiro,6,RetiRo
11,rhinoscopie,9,RinOskOpi
10,rocailleux,6,Rokaj2
7,rotonde,5,Rot§d
7,rustaud,5,Rysto
5,rébus,5,Rebys
13,rédemptoriste,11,Red@ptORist
9,réengager,7,Re@gaZe
12,régimentaire,9,ReZim@tER
7,régleur,6,Regl9R
8,régénéré,8,ReZeneRe
16,réinterprétation,14,Re5tERpRetasj§
10,réinvestir,9,Re5vEstiR
9,résonnant,6,Rezon@
8,rétinien,7,Retinj5
11,rêveusement,8,REv2z°m@
10,sacristine,9,sakRistin
8,salicine,7,salisin
6,saloir,6,salwaR
7,sampler,5,s@ple
10,sans-façon,6,s@fas§
4,sape,3,sap
9,sapotille,7,sapOtij
4,sara,4,saRa
7,sarcler,6,saRkle
10,sarcoïdose,9,saRkOidoz
10,sardonique,8,saRdonik
10,saupoudrer,7,sopudRe
14,sauve-qui-peut,7,sovkip2
9,savonnage,7,savonaZ
8,scannage,6,skanaZ
9,scoumoune,6,skumun
10,seaborgium,9,sibORgjOm
6,semtex,7,sEmtEks
6,sertao,6,sERtaw
7,shogoun,5,Sogun
9,siphonner,6,sifone
4,slow,3,slo
4,slug,4,sl9g
13,socialisation,12,sosjalizasj§
8,sophiste,6,sofist
10,sourdingue,6,suRd5g
11,sous-cutané,8,sukytane
13,sous-effectif,10,suzefEktif
14,sous-intendant,8,suz5t@d@
16,sous-secrétariat,12,sus°kRetaRja
13,sous-traitant,7,sutREt@
7,species,7,spesjEs
7,squeeze,5,skwiz
6,stokes,5,stOks
14,stroboscopique,12,stRoboskopik
11,submersible,10,sybmERsibl
7,sulfaté,7,sylfate
14,superintendant,10,sypER5t@d@
9,superposé,9,sypERpoze
11,sureffectif,10,syRefEktif
15,surentraînement,11,syR@tREn°m@
14,surprise-party,12,syRpRizpaRti
11,surprotéger,10,syRpROteZe
11,surréalisme,10,syRRealizm
8,surseoir,7,syRswaR
8,survolté,8,syRvOlte
9,synchrone,6,s5kRon
8,tapageur,7,tapaZ9R
6,taquet,4,takE
5,tarin,4,taR5
9,taxinomie,9,taksinomi
7,tempera,6,t@peRa
9,tenailler,6,t°naje
6,tercer,5,tERse
6,thermo,5,tERmo
6,thrène,4,tREn
10,timidement,8,timid°m@
5,timon,4,tim§
12,tiraillement,8,tiRaj°m@
5,tirée,4,tiRe
6,toubab,5,tubab
8,touiller,4,tuje
7,touillé,4,tuje
12,tout-terrain,6,tutER5
10,tracassier,8,tRakasje
11,tractoriste,10,tRaktoRist
8,transmis,6,tR@smi
13,transmutation,11,tR@smytasj§
10,transposer,8,tR@spoze
7,tringle,5,tR5gl
10,triporteur,9,tRipORt9R
10,troglodyte,9,tRoglodit
9,trompeter,7,tR§p°te
6,trémie,5,tRemi
11,trépidation,10,tRepidasj§
8,tsariste,7,tsaRist
9,typologie,8,tipoloZi
12,téléphoniste,10,telefonist
9,télétexte,10,teletEks°t
9,tétrarque,7,tetRaRk
16,ultra-catholique,12,yltRakatOlik
7,umbanda,6,umb@da
15,unilatéralement,13,ynilateRal°m@
7,unisexe,7,ynisEks
11,usuellement,8,yz8El°m@
12,vadrouilleur,8,vadRuj9R
6,vaguer,4,vage
9,varsovien,8,vaRsOvj5
10,vasouiller,6,vazuje
8,velléité,7,vEleite
10,vernisseur,8,vERnis9R
16,vertigineusement,13,vERtiZin2z°m@
9,viabilité,9,vjabilite
10,vibratoire,9,vibRatwaR
11,vice-amiral,9,visamiRal
12,vice-recteur,9,visREkt9R
12,villégiature,10,vileZjatyR
9,vivandier,7,viv@dje
10,voluptueux,8,volypt82
5,vérif,5,veRif
9,véronique,7,veRonik
11,vésicatoire,10,vezikatwaR
11,vésiculaire,9,vezikylER
6,welter,6,vElt9R
6,zarabe,5,zaRab
7,zingaro,7,zingaRo
6,zonage,5,zonaZ
7,zéphire,5,zefiR
8,écailler,5,ekaje
9,éclampsie,7,ekl@psi
8,éclosion,7,eklozj§
10,écorcherie,8,ekORS°Ri
9,éditorial,9,editoRjal
11,électrolyte,10,elEktRolit
8,éligible,7,eliZibl
9,élégiaque,7,eleZjak
6,émaner,5,emane
8,émergent,6,emERZ@
11,épanchement,7,ep@S°m@
9,éthylisme,7,etilizm
6,étudié,6,etydje
8,abondant,5,ab§d@
7,abroger,6,abRoZe
9,accroupir,7,akRupiR
7,adverbe,6,advERb
7,affilié,6,afilje
7,air-air,4,ERER
6,ajouté,5,aZute
8,albacore,7,albakOR
7,alcalin,6,alkal5
6,aliéné,6,aljene
11,allongement,7,al§Z°m@
7,allouer,4,alwe
8,alpaguer,6,alpage
13,aléatoirement,11,aleatwaR°m@
8,amorçage,7,amORsaZ
13,amplificateur,11,@plifikat9R
7,amylase,6,amilaz
14,anatomiquement,11,anatomik°m@
10,anglophone,7,@glofOn
9,annonceur,6,an§s9R
6,anoxie,6,anOksi
4,anti,3,@ti
10,anti-bombe,6,@tib§b
9,anti-viol,7,@tivjOl
10,anti-virus,8,@tiviRys
9,antisérum,8,@tiseROm
6,aplati,6,aplati
8,apponter,5,ap§te
9,arboretum,9,aRbORetOm
5,argus,5,aRgys
11,articulaire,9,aRtikylER
14,artériographie,12,aRteRjOgRafi
8,aseptisé,8,asEptize
11,assaisonner,7,asEzone
10,assidûment,7,asidym@
8,assiéger,6,asjeZe
11,astreignant,7,astREN@
10,attracteur,8,atRakt9R
11,atténuateur,9,aten8at9R
14,audacieusement,10,odasj2z°m@
14,autosuggestion,12,otosygZEstj§
7,back up,5,bak9p
9,bande-son,5,b@ds§
10,bandelette,7,b@d°lEt
8,bibendum,7,bib5dOm
8,bichette,5,biSEt
6,biture,5,bityR
10,bivouaquer,7,bivwake
14,blanchissement,9,bl@Sis°m@
10,blitzkrieg,9,blitskRik
7,bolivar,7,bolivaR
6,bonder,4,b§de
5,bongo,4,b§go
7,bosselé,6,bOs°le
4,bour,3,buR
5,bovin,4,bov5
8,brassage,6,bRasaZ
6,brisée,5,bRize
8,brouille,4,bRuj
10,brusquerie,8,bRysk°Ri
5,burne,4,byRn
7,bursite,6,byRsit
4,bédé,4,bede
10,cachottier,7,kaSotje
8,calandre,6,kal@dR
10,californie,9,kalifORni
6,camber,4,k@be
12,cancérologue,9,k@seROlOg
15,cardiomyopathie,13,kaRdjomjopati
10,carotidien,9,kaROtidj5
13,cavalièrement,11,kavaljER°m@
8,celtique,6,sEltik
13,certification,12,sERtifikasj§
7,chablis,5,Sabli
10,chambranle,6,S@bR@l
8,chasuble,6,Sazybl
9,chauffant,4,Sof@
7,cheptel,6,SEptEl
6,chintz,5,Sints
15,chloramphénicol,12,klOR@fenikOl
7,chtarbé,6,StaRbe
10,cleptomane,9,klEptoman
12,co-capitaine,9,kokapitEn
6,cocoon,5,kokun
8,cognitif,8,kognitif
10,colostomie,9,kolostomi
11,commodément,8,komodem@
7,comparé,6,k§paRe
8,complies,5,k§pli
13,comptabiliser,10,k§tabilize
8,conférer,6,k§feRe
10,conjonctif,8,k§Z§ktif
10,contraster,8,k§tRaste
16,contre-productif,14,k§tR2pROdyktif
7,copiner,6,kopine
12,coproducteur,11,kopRodykt9R
11,corruptible,9,koRyptibl
10,cosmologie,9,kOsmoloZi
10,cramponner,7,kR@pone
7,crisser,5,kRise
5,croup,4,kRup
7,cumulus,7,kymylys
5,curve,4,kyRv
8,cyclique,6,siklik
8,cystique,6,sistik
7,cystite,6,sistit
12,célébrissime,10,selebRisim
16,céphalorachidien,13,sefaloRaSidj5
6,côtier,5,kotje
8,dandiner,6,d@dine
3,dao,3,dao
8,delirium,8,deliRjOm
7,dermite,6,dERmit
13,dessus-de-lit,8,d°syd°li
9,diffuseur,7,difyz9R
9,dilatoire,8,dilatwaR
12,directionnel,11,diREksjonEl
15,discrétionnaire,12,diskResjonER
11,disgracieux,9,disgRasj2
3,dna,5,deEna
7,douglas,5,dugla
6,durham,5,dyRam
11,dysfonction,9,disf§ksj§
9,déblayage,8,deblEjaZ
7,décimal,7,desimal
11,déclinaison,9,deklinEz§
14,défenestration,13,def°nEstRasj§
9,déflexion,9,deflEksj§
7,dégradé,7,degRade
9,déhancher,5,de@Se
8,déjanter,6,deZ@te
12,démesurément,10,dem°zyRem@
12,désamiantage,10,dezamj@taZ
12,désapprendre,9,dezapR@dR
11,dévaloriser,10,devaloRize
8,embouché,5,@buSe
7,embrasé,6,@bRaze
11,empattement,7,@pat°m@
14,enchevêtrement,10,@S°vEtR°m@
11,endettement,7,@dEt°m@
8,enfiévré,7,@fjevRe
13,enfouissement,8,@fwis°m@
10,engouffrer,6,@gufRe
9,ensorcelé,8,@sORs°le
10,espacement,8,Espas°m@
8,ex-agent,6,EksaZ@
8,ex-démon,7,Eksdem§
6,exercé,7,EgzERse
10,extensible,9,Ekst@sibl
4,feta,4,fEta
8,filetage,7,fil°taZ
9,fiscalité,9,fiskalite
7,fossile,5,fosil
10,franchiser,7,fR@Size
9,frou-frou,6,fRufRu
7,fumiger,6,fymiZe
6,gabier,5,gabje
5,geôle,3,Zol
6,goulet,4,gulE
7,goûteux,4,gut2
6,griser,5,gRize
6,groupé,5,gRupe
5,gypse,4,Zips
9,génomique,7,Zenomik
10,hassidique,6,asidik
5,hertz,4,ERts
11,homme-chien,5,OmSj5
9,humaniser,7,ymanize
7,hurleur,5,yRl9R
14,hydrochlorique,10,idRoklORik
9,hyperbole,7,ipERbOl
10,hypoténuse,8,ipotenyz
9,hébraïque,6,ebRaik
11,hémoculture,9,emokyltyR
9,immuniser,7,imynize
13,immunologiste,11,imynolOZist
14,impeccablement,10,5pekabl°m@
9,imperator,8,5peRatOR
12,impérissable,9,5peRisabl
8,infester,6,5fEste
9,injurieux,6,5ZyRj2
8,inoculer,7,inokyle
13,insubmersible,11,5sybmERsibl
9,intoxiqué,8,5tOksike
12,intérioriser,10,5teRjoRize
8,iraquien,6,iRakj5
5,jacob,5,ZakOb
8,jamboree,7,ZamboRi
4,jars,3,ZaR
6,kaposi,6,kapozi
5,kriss,4,kRis
7,labelle,5,labEl
10,laborantin,8,laboR@t5
6,lacune,5,lakyn
9,languette,5,l@gEt
8,lanoline,7,lanolin
12,laparoscopie,11,lapaRoskopi
7,laryngé,6,laR5Ze
4,lats,4,lats
4,loti,4,loti
11,lycanthrope,8,lik@tROp
12,légalisation,11,legalizasj§
6,lévite,5,levit
7,mandant,4,m@d@
11,manifestant,9,manifEst@
5,manip,5,manip
11,manipulable,10,manipylabl
8,manouche,5,manuS
5,maous,4,maus
10,matriarche,8,matRiaRS
7,militer,6,milite
12,millefeuille,7,mil°f9j
12,milliseconde,9,milis°g§d
5,mirus,5,miRys
11,moissonneur,8,mwason9R
8,médaillé,6,medaje
8,médiator,8,medjatOR
10,mémorandum,9,memoR@dOm
14,méthodiquement,10,metodik°m@
10,méthédrine,8,metedRin
10,naphtalène,8,naftalEn
10,narcotique,8,naRkotik
12,neurologiste,10,n2RoloZist
9,nihiliste,7,niilist
6,nimbus,5,n5bys
7,niveler,6,niv°le
7,nominal,7,nominal
7,non-dit,4,n§di
17,non-prolifération,14,n§pRolifeRasj§
6,nubien,5,nybj5
13,numériquement,10,nymeRik°m@
11,nécromancie,9,nekRom@si
11,occasionner,8,okazjone
6,octane,5,Oktan
11,omniscience,8,Omnisj@s
13,ophtalmologie,11,OftalmoloZi
15,ophtalmologiste,13,OftalmoloZist
14,originellement,11,oRiZinEl°m@
7,package,5,pakaZ
8,panaméen,7,paname5
15,pancréatectomie,13,p@kReatEktOmi
9,paranoïde,8,paRanoid
7,parquer,5,paRke
11,percolateur,10,pERkolat9R
5,perçu,5,pERsy
17,philosophiquement,12,filozofik°m@
6,photon,4,fot§
13,physionomiste,11,fizjonomist
8,pilosité,8,pilozite
9,pipe-line,8,pajplajn
11,piétinement,9,pjetin°m@
7,plastoc,7,plastOk
8,plastron,7,plastR§
11,pneumonique,8,pn2monik
12,poisson-épée,8,pwas§epe
13,pollinisation,11,polinizasj§
8,polymère,7,polimER
11,porte-savon,8,pORtsav§
8,pourtour,6,puRtuR
10,prestement,8,pREst°m@
6,primat,5,pRima
5,primé,5,pRime
9,prodiguer,7,pRodige
13,prosternation,12,pRostERnasj§
10,protonique,8,pRotonik
8,provoqué,7,pRovoke
8,précéder,7,pResede
11,préservatif,11,pRezERvatif
8,prétoire,7,pRetwaR
7,purpura,7,pyRpyRa
7,pénétré,7,penetRe
9,pépiement,6,pepim@
11,quadriennal,11,kwadRijEnal
6,quasar,5,kazaR
16,quatre-vingt-dix,10,katR°v5dis
9,quintette,5,k5tEt
9,quinzième,6,k5zjEm
5,raban,4,Rab@
12,raccordement,9,RakORd°m@
7,radiner,6,Radine
12,radiologique,10,RadjOlOZik
14,radiotélescope,13,RadjotelEskOp
4,raff,3,Raf
5,rager,4,RaZe
6,ravagé,6,RavaZe
13,rectangulaire,10,REkt@gylER
10,redéployer,10,R°deplwaje
10,regardable,9,R°gaRdabl
7,regency,6,R°Z@si
11,remaniement,8,R°manim@
8,rengager,6,R@gaZe
12,renouvelable,10,R°nuv°labl
12,reproducteur,11,R°pRodykt9R
8,ressenti,6,R°s@ti
8,reverser,7,R°vERse
6,rififi,6,Rififi
6,rikiki,6,Rikiki
6,rogner,4,RoNe
14,romantiquement,10,Rom@tik°m@
10,rossinante,7,Rosin@t
8,roténone,7,RotenOn
9,routinier,7,Rutinje
9,rugissant,6,RyZis@
10,réarmement,8,ReaRm°m@
8,récessif,7,Resesif
9,récépissé,8,Resepise
11,réfrigérant,9,RefRiZeR@
10,régulateur,9,Regylat9R
10,régurgiter,9,RegyRZite
14,réimplantation,11,Re5pl@tasj§
10,saccharine,7,sakaRin
6,sagace,5,sagas
8,sagacité,8,sagasite
8,salopiot,7,salopjo
6,sampan,4,s@p@
6,sauton,4,sot§
6,scampi,5,sk@pi
7,schisme,4,Sizm
15,sensibilisation,13,s@sibilizasj§
6,septum,6,sEptOm
4,show,2,So
8,shrapnel,7,SRapnEl
11,sociabilité,11,sosjabilite
5,socio,5,sosjo
8,soigneur,6,swaN9R
9,solénoïde,8,solenoid
10,sorbetière,9,sORb°tjER
14,sous-développé,10,sudev°lope
14,sous-programme,9,supRogRam
12,sous-section,8,suseksj§
4,soya,5,swaja
15,spatio-temporel,13,spasjot@poREl
11,spationaute,9,spasjonot
16,spectrographique,13,spEktRogRafik
13,spectrométrie,12,spEktRometRi
12,splénectomie,11,splenEktOmi
10,sponsoring,8,sp§soRiG
13,staphylocoque,10,stafilokOk
12,statisticien,11,statistisj5
9,stipulant,7,stipyl@
11,subornation,10,sybORnasj§
8,substrat,7,sypstRa
15,supraconducteur,13,sypRak§dykt9R
11,suprêmement,9,sypREm°m@
14,surdimensionné,13,syRdijm@sjone
8,surplomb,6,syRpl§
11,surpression,9,syRpREsj§
11,surpuissant,8,syRp8is@
14,susceptibilité,13,sysEptibilite
10,suspensoir,9,sysp@swaR
8,svastika,8,svastika
5,syrah,4,siRa
13,sédimentation,11,sedim@tasj§
10,sénégalais,8,senegalE
11,séparatiste,10,sepaRatist
9,sérologie,8,seRoloZi
14,séropositivité,14,seRopozitivite
11,tambouriner,8,t@buRine
9,timonerie,8,timOn°Ri
5,trans,4,tR@s
16,transcontinental,13,tR@sk§tin@tal
13,traumatologie,11,tRomatoloZi
9,travertin,8,tRavERt5
7,trigger,6,tRig9R
10,tristounet,8,tRistunE
8,triumvir,9,tRijOmviR
12,tutti frutti,9,tytifRyti
12,tétracycline,11,tetRasiklin
6,vahiné,5,vaine
4,vair,3,vER
10,vandaliser,8,v@dalize
6,vanner,4,vane
12,vaporisation,11,vapoRizasj§
7,ventral,6,v@tRal
13,vraisemblance,9,vREs@bl@s
7,william,6,wiljam
10,égalitaire,8,egalitER
7,élaguer,5,elage
6,élancé,5,el@se
22,électroencéphalogramme,18,elEktRo@sefalogRam
11,élément-clé,8,elem@kle
4,émeu,3,em2
7,épanoui,6,epanwi
6,éperdu,6,epERdy
9,éplucheur,7,eplyS9R
11,éthiquement,7,etik°m@
8,éthylène,6,etilEn
6,étique,4,etik
9,étirement,7,etiR°m@
10,étymologie,9,etimoloZi
8,abdiquer,6,abdike
7,abricot,6,abRiko
9,absorbant,7,apsORb@
11,acidocétose,10,asidosetoz
10,acrophobie,8,akRofobi
5,adobe,4,adOb
10,adventiste,8,adv@tist
10,agnostique,8,agnostik
7,airelle,4,EREl
3,ako,3,ako
6,alcali,6,alkali
9,allemagne,6,al°maN
13,am stram gram,11,amstRamgRam
7,amicale,6,amikal
10,anastomose,9,anastomoz
10,anti-corps,6,@tikOR
12,anti-matière,9,@timatjER
14,anti-sémitisme,11,@tisemitizm
10,antidrogue,7,@tidROg
10,antitoxine,9,@titOksin
6,aoûtat,4,auta
8,appentis,5,ap@ti
9,arabesque,7,aRabEsk
10,aspirateur,9,aspiRat9R
8,attribut,6,atRiby
12,attroupement,8,atRup°m@
14,automédication,12,otomedikasj§
8,avaliser,7,avalize
14,avocat-conseil,10,avokak§sEj
10,babylonien,9,babilonj5
10,bain-marie,6,b5maRi
10,bas-relief,8,baR°ljEf
6,beagle,5,big9l
7,bermuda,7,bERmyda
9,biosphère,7,bjosfER
7,bonasse,5,bonas
8,bonifier,7,bonifje
9,braconner,7,bRakone
7,bristol,7,bRistOl
7,broyage,7,bRwajaZ
6,calcif,6,kalsif
13,calcification,12,kalsifikasj§
4,calo,4,kalo
9,cantonner,6,k@tone
11,caractérisé,11,kaRakteRize
9,carbonate,8,kaRbonat
9,caressant,6,kaREs@
4,cari,4,kaRi
10,cataplasme,9,kataplasm
9,celluloïd,8,selyloid
9,chaparder,7,SapaRde
11,chauvinisme,8,Sovinizm
9,christmas,7,kRismas
13,chromosomique,10,kRomozomik
10,cimenterie,8,sim@t°Ri
14,cinquante-sept,8,s5k@tsEt
5,claim,4,klEm
8,coauteur,6,koot9R
11,cocaïnomane,10,kokainoman
7,commuer,5,kom8e
13,communicateur,11,komynikat9R
11,compilateur,9,k§pilat9R
15,concessionnaire,10,k§sesjonER
10,connecteur,8,konEkt9R
12,contraceptif,11,k§tRasEptif
17,contre-torpilleur,13,k§tR°tORpij9R
11,contrôlable,9,k§tRolabl
9,convoyage,8,k§vwajaZ
8,copinage,7,kopinaZ
10,cordialité,10,kORdjalite
7,cormier,6,kORmje
11,cornouiller,7,kORnuje
10,coronarien,9,kOROnaRj5
8,cortical,8,kORtikal
6,couard,4,kwaR
10,coupe-faim,5,kupf5
8,couronné,6,kuRone
10,croquemort,8,kROk°mOR
8,créditer,7,kRedite
15,cytomégalovirus,15,sitomegaloviRys
10,demi-tasse,7,d°mitas
8,demi-vie,6,d°mivi
9,dermatite,8,dERmatit
8,derviche,6,dERviS
10,dessaouler,6,desule
5,dhole,4,dol2
10,discordant,8,diskORd@
8,dolomite,7,dolomit
6,drille,4,dRij
9,duplicata,9,dyplikata
9,décaféiné,9,dekafeine
9,décompter,6,dek§te
14,déconstruction,12,dek§stRyksj§
8,déferler,7,defERle
9,déférence,7,defeR@s
10,dégouliner,8,deguline
8,délaissé,6,delEse
8,déneiger,6,denEZe
12,dénonciateur,10,den§sjat9R
7,dénuder,6,denyde
9,dénuement,6,denym@
10,déposséder,8,deposede
8,désabusé,8,dezabyze
10,désengager,8,dez@gaZe
9,détromper,7,detR§pe
11,effeuillage,6,ef9jaZ
11,emmerdement,8,@mERd°m@
9,enjoliver,7,@Zolive
10,ensemencer,7,@s°m@se
11,ergonomique,9,ERgonomik
9,errements,5,ER°m@
7,essorer,5,esoRe
10,essouffler,6,esufle
6,ethnie,4,Etni
9,exacerber,9,EgzasERbe
8,excision,7,Eksizj§
9,exfoliant,8,Eksfolj@
9,fer-blanc,6,fERbl@
10,fibroscope,9,fibRoskOp
4,filé,4,file
10,fiscaliste,9,fiskalist
6,fixing,6,fiksiG
6,follet,4,folE
7,fou-fou,4,fufu
7,froncer,5,fR§se
8,frustrer,7,fRystRe
9,frétiller,7,fRetije
5,félin,4,fel5
8,galopant,6,galop@
6,galure,5,galyR
9,gaminerie,8,gamin°Ri
8,geignard,5,ZENaR
9,gonorrhée,6,gonoRe
8,graillon,5,gRaj§
10,grappiller,7,gRapije
8,grattoir,7,gRatwaR
6,grippé,5,gRipe
4,guru,4,guRu
7,gypaète,6,ZipaEt
8,génotype,7,Zenotip
15,géométriquement,12,ZeometRik°m@
5,halon,3,al§
9,hand-ball,5,@dbOl
8,harpiste,6,aRpist
8,hivernal,7,ivERnal
9,hochement,5,OS°m@
13,hydrothérapie,10,idRoteRapi
15,hétérosexualité,15,eteRoseks8alite
8,iambique,5,j@bik
5,imagé,5,imaZe
14,immobilisation,12,imobilizasj§
12,immunisation,10,imynizasj§
8,imperium,7,5p°RjOm
8,impétigo,7,5petigo
17,inconstitutionnel,14,5k§stitysjonEl
14,indéchiffrable,10,5deSifRabl
9,infertile,7,5fERtil
9,inflexion,8,5flEksj§
14,inintelligible,11,in5teliZibl
12,ininterrompu,9,in5tER§py
9,injecteur,7,5ZEkt9R
7,interné,6,5tERne
14,intracardiaque,11,5tRakaRdjak
8,intranet,7,5tRanEt
9,inutilisé,9,inytilize
12,investisseur,9,5vEstis9R
8,jaunâtre,6,ZonatR
10,jouvenceau,6,Zuv@so
9,lacunaire,7,lakynER
3,lap,3,lap
8,largesse,6,laRZEs
6,largue,4,laRg
7,latence,5,lat@s
7,limande,5,lim@d
7,lombric,6,l§bRik
5,longe,3,l§Z
7,losange,5,loz@Z
9,loyalisme,9,lwajalizm
3,lsd,6,ElEsde
6,mailer,5,mEjle
7,manchon,4,m@S§
6,marker,6,maRk9R
8,marsouin,6,maRsw5
6,martin,5,maRt5
7,matheux,4,mat2
9,mi-course,6,mikuRs
9,mi-fleuve,6,mifl9v
9,mi-humain,5,miym5
8,mi-moyen,7,mimwaj5
15,micro-organisme,13,mikRoORganizm
9,millenium,8,milenjOm
12,miniaturiser,11,minjatyRize
8,minutage,7,minytaZ
10,modernisme,9,modERnizm
5,moria,5,mORja
9,mouffette,5,mufEt
5,mufle,4,myfl
17,multimillionnaire,13,myltimiljonER
10,multimédia,10,myltimedja
5,mural,5,myRal
9,méditatif,9,meditatif
13,méditerranéen,11,meditERane5
10,mésentente,7,mez@t@t
9,métastase,8,metastaz
12,métastatique,10,metastatik
8,nigérian,7,niZeRj@
11,nécrophilie,9,nekRofili
7,obturer,6,OptyRe
11,océanologue,9,OseanOlOg
7,odorant,5,odoR@
13,oiseau-mouche,7,wazomuS
5,okapi,5,Okapi
3,ope,2,Op
12,orang-outang,6,oR@ut@
10,orgasmique,8,ORgasmik
4,oryx,5,oRiks
12,oscilloscope,9,osijoskOp
12,ostentatoire,10,Ost@tatwaR
14,outrageusement,10,utRaZ2z°m@
15,ouvre-bouteille,9,uvR°butEj
9,paillette,5,pajEt
6,pandit,4,p@di
11,participant,9,paRtisip@
11,passe-droit,7,pasdRwa
16,pathologiquement,12,patoloZik°m@
6,patine,5,patin
6,patère,5,patER
15,percussionniste,12,pERkysjonist
8,perfuser,7,pERfyze
17,persona non grata,14,pERsonan§gRata
9,petitesse,7,p°titEs
4,peuh,2,p2
8,phlébite,6,flebit
14,phosphorescent,9,fOsfoRes@
11,pimprenelle,8,p5pR°nEl
9,pistolero,9,pistoleRo
7,piégeur,6,pjeZ9R
13,plasmaphérèse,11,plasmafeREz
7,pochoir,6,poSwaR
8,poivrier,8,pwavRije
10,polyglotte,8,poliglOt
7,portage,6,pORtaZ
13,porte-flingue,9,pORt°fl5g
11,postmoderne,10,pOstmodERn
7,potache,5,potaS
19,proportionnellement,15,pRopORsjonEl°m@
11,protoplasme,10,pRotoplasm
8,protéiné,8,pROteine
13,préalablement,11,pRealabl°m@
9,prépubère,8,pRepybER
12,prévisionnel,11,pRevizjonEl
7,pépètes,5,pepEt
10,quelqu'une,6,kElkyn
8,ramoneur,7,Ramon9R
5,raout,4,Raut
6,rapine,5,Rapin
15,rationalisation,14,Rasjonalizasj§
9,rechigner,6,R°SiNe
12,recoloration,11,R2kOlORasj§
11,recoupement,8,R°kup°m@
5,recta,5,REkta
12,reprographie,10,R°pRogRafi
8,revenant,6,R°v°n@
16,rhythm and blues,10,RitmEnbluz
8,ricocher,6,RikoSe
12,rince-doigts,6,R5sdwa
8,romancer,6,Rom@se
7,rustine,6,Rystin
9,réadapter,8,Readapte
11,réembaucher,7,Re@boSe
10,réhydrater,8,ReidRate
13,réorientation,11,ReORj@tasj§
12,rééquilibrer,10,ReekilibRe
5,salto,5,salto
4,saur,3,soR
12,scanographie,10,skanogRafi
9,scaphoïde,7,skafOid
10,sex-symbol,9,sekss5bOl
12,soixante-six,9,swas@tsis
10,solidifier,9,solidifje
9,somnolent,7,sOmnOl@
13,sous-ensemble,8,suz@s@bl
8,soûlerie,6,sul°Ri
10,spermaceti,10,spERmaseti
5,spica,5,spika
7,steeple,5,stipl
11,strip-poker,10,stRippokER
5,stups,4,styp
11,sténographe,9,stenogRaf
10,sub-espace,8,sybEspas
9,suicidant,7,s8isid@
12,surabondance,9,syRab§d@s
10,surfactant,8,syRfakt@
8,surmener,7,syRm°ne
11,surqualifié,10,syRkalifje
9,sustenter,7,syst@te
12,synchronisme,9,s5kRonizm
8,sédation,7,sedasj§
6,sélect,6,selEkt
8,sépulcre,7,sepylkR
8,take-off,5,tEkOf
10,tamagotchi,9,tamagotSi
6,tarpon,5,taRp§
11,territorial,10,tERitoRjal
5,tolar,5,tolaR
15,toute-puissance,9,tutp8is@s
10,transverse,8,tR@svERs
10,trapézoïde,9,tRapezOid
10,traversant,8,tRavERs@
11,trentenaire,8,tR@t°nER
8,trublion,8,tRyblij§
7,truffer,5,tRyfe
6,tubard,5,tybaR
8,tâtonner,6,tatone
12,télémétrique,10,telemetRik
13,téléprompteur,11,telepR§pt9R
8,télétype,7,teletip
5,ténia,5,tenja
8,uréthane,6,yRetan
7,vachard,5,vaSaR
5,vanné,4,vane
8,vasistas,8,vazistas
8,venaison,6,v°nEz§
6,ventru,5,v@tRy
8,verdâtre,7,vERdatR
6,verrat,4,vERa
13,vibro-masseur,10,vibRomas9R
6,zonard,5,zonaR
9,zoophilie,7,zoofili
16,à rebrousse-poil,11,aR°bRuspwal
4,âtre,3,atR
12,échauffourée,7,eSofuRe
9,éclaircie,7,eklERsi
7,écrémer,6,ekReme
12,éliminatoire,11,eliminatwaR
10,élongation,8,el§gasj§
9,éparpillé,8,epaRpije
9,éphédrine,7,efedRin
5,épris,4,epRi
8,évolutif,8,evolytif
11,abruptement,9,abRypt°m@
13,accessoiriser,11,aksEswaRize
9,accrédité,8,akRedite
9,adaptable,8,adaptabl
7,addenda,5,ad5da
7,adosser,5,adose
9,adénosine,8,adenozin
12,affaissement,7,afEs°m@
10,agoraphobe,8,agoRafOb
9,agronomie,8,agRonomi
8,aguerrir,6,ageRiR
9,ajustable,8,aZystabl
14,alphanumérique,11,alfanymeRik
10,ammoniaque,7,amonjak
13,amoncellement,9,am§sEl°m@
5,aneth,4,anEt
4,ankh,2,@k
7,anosmie,6,anOsmi
11,antagoniste,9,@tagonist
10,anthracite,7,@tRasit
9,antiacide,7,@tiasid
8,antichar,6,@tiSaR
9,antitabac,7,@titaba
7,asocial,7,asosjal
8,aspartam,8,aspaRtam
11,aspergillus,10,aspERZilys
9,assertion,7,asERsj§
8,autodafé,7,otodafe
8,autostop,7,otostOp
9,avantager,7,av@taZe
11,aérospatial,11,aeRospasjal
7,aînesse,4,EnEs
5,babil,5,babil
9,babillage,7,babijaZ
9,bactérien,8,bakteRj5
13,bactériophage,11,bakteRjOfaZ
7,baderne,6,badERn
4,baht,3,bat
6,banyan,6,banjan
11,baragouiner,9,baRagwine
7,baronet,6,baRonE
6,barzoï,6,baRzOj
6,basson,4,bas§
10,benzédrine,8,b5zedRin
8,bernicle,7,bERnikl
6,biffer,4,bife
10,bilirubine,9,biliRybin
7,biotope,6,bjotOp
10,bipartisme,9,bipaRtism
8,bisbille,6,bisbij
8,blagueur,6,blag9R
6,bleuté,5,bl2te
11,blocs-notes,7,blOknOt
8,bon-papa,6,b§papa
9,boucanier,7,bukanje
8,bouffant,4,buf@
14,boule-de-neige,8,buld°nEZ
7,bouline,5,bulin
10,bourdonner,7,buRdone
11,brise-glace,8,bRizglas
9,brodequin,7,bROd°k5
10,bubble-gum,8,b9b9lgOm
6,bugler,5,bygle
5,cabri,5,kabRi
9,cafardeux,7,kafaRd2
8,calendes,5,kal@d
11,calibration,10,kalibRasj§
6,canope,5,kanOp
5,caoua,4,kawa
6,carder,5,kaRde
17,cardio-pulmonaire,14,kaRdjOpylmOnER
8,carterie,7,kaRt2Ri
7,castine,6,kastin
5,cañon,5,kaNOn
9,charançon,6,SaR@s§
9,charivari,8,SaRivaRi
9,chausseur,5,Sos9R
11,chiropraxie,10,kiROpRaksi
8,chlorate,6,kloRat
15,chromatographie,12,kROmatOgRafi
11,chuintement,7,S85t°m@
8,cimarron,6,simaR§
11,cinémascope,10,sinemaskOp
8,citrique,6,sitRik
13,clarification,12,klaRifikasj§
12,claudication,10,klodikasj§
12,clignotement,9,kliNOt°m@
8,clinicat,7,klinika
9,clinquant,5,kl5k@
7,cloîtré,7,klwatRe
9,co-signer,6,kosiNe
12,co-voiturage,10,kovwatyRaZ
10,cochenille,7,kOS°nij
14,cocotte-minute,10,kokOtminyt
10,code-barre,6,kOdbaR
5,combe,3,k§b
12,combinatoire,10,k§binatwaR
14,compartimenter,11,k§paRtim@te
10,compressif,8,k§pREsif
13,concurrentiel,10,k§kyR@sjEl
10,concussion,7,k§kysj§
10,conduction,8,k§dyksj§
10,configurer,8,k§figyRe
10,contre-feu,7,k§tR2f2
17,contre-terrorisme,13,k§tR°tERoRism
10,contrefait,7,k§tR°fE
7,convexe,6,k§vEks
12,cosmétologie,11,kOsmetoloZi
6,costal,6,kOstal
8,couplage,6,kuplaZ
11,covoiturage,10,kovwatyRaZ
7,cribler,6,kRible
6,croche,4,kROS
7,croûter,5,kRute
7,cumuler,6,kymyle
10,cyrillique,7,siRilik
16,delirium tremens,15,deliRjOmtRemEns
10,demi-pinte,7,d2mip5t
7,denture,5,d@tyR
14,dermatologiste,13,dERmatOlOZist
8,desserte,6,desERt
9,desservir,8,desERviR
9,deutérium,8,d2teRjOm
11,diastolique,9,djastolik
7,différé,6,difeRe
9,dilapider,8,dilapide
5,diode,4,djOd
6,dirigé,6,diRiZe
8,disloqué,7,disloke
9,disparité,9,dispaRite
11,dispendieux,8,disp@dj2
13,dissémination,11,diseminasj§
10,distension,8,dist@sj§
9,distillat,7,distila
6,diurne,5,djyRn
7,diurèse,6,djyREz
9,divergent,7,divERZ@
10,docilement,8,dosil°m@
11,domestiquer,9,domEstike
7,dorsale,6,dORsal
6,dorure,5,dORyR
8,doubleur,6,dubl9R
10,dream team,7,dRimtim
4,dual,4,d8al
9,dubitatif,9,dybitatif
7,dunette,5,dynEt
10,dynamitage,9,dinamitaZ
10,déboucheur,7,debuS9R
7,décaper,6,dekape
8,décoloré,8,dekoloRe
11,déconfiture,9,dek§fityR
12,décontaminer,10,dek§tamine
8,décupler,7,dekyple
13,déductibilité,13,dedyktibilite
10,défavorisé,10,defavoRize
7,défiger,6,defiZe
11,dégraissage,8,degREsaZ
11,délectation,10,delEktasj§
9,délimiter,8,delimite
7,démonté,6,dem§te
10,démoralisé,10,demoRalize
12,dénomination,11,denominasj§
7,dépoter,6,depote
15,déprogrammation,13,depROgRamasj§
7,déréglé,7,deRegle
7,désaveu,6,dezav2
6,désaxé,7,dezakse
12,désinfectant,9,dez5fEkt@
13,désintéresser,10,dez5teRese
10,désintérêt,8,dez5teRE
12,désodorisant,10,dezodoRiz@
13,déséquilibrer,11,dezekilibRe
9,embrasure,7,@bRazyR
12,empoisonnant,8,@pwazon@
7,encreur,5,@kR9R
14,endocrinologie,12,@dokRinoloZi
11,enfoncement,7,@f§s°m@
9,enjoindre,6,@Zw5dR
6,enrôlé,5,@Role
8,enseveli,7,@s°v°li
8,entaillé,5,@taje
12,entre-jambes,7,@tR°Z@b
10,entrefilet,8,@tR°filE
6,envahi,4,@vai
8,envisagé,7,@vizaZe
12,ergothérapie,10,ERgoteRapi
8,escarpin,7,EskaRp5
12,esclavagisme,11,EsklavaZizm
9,estourbir,8,EstuRbiR
13,ex-secrétaire,11,Ekss°kREtER
11,ex-équipier,9,Eksekipje
15,existentialisme,14,Egzist@sjalizm
15,expressionnisme,13,EkspREsjonizm
16,extravéhiculaire,14,EkstRaveikylER
9,exténuant,8,Eksten8@
7,exulter,7,Egzylte
9,facétieux,7,fasesj2
9,familiale,8,familjal
15,fantastiquement,11,f@tastik°m@
6,fascia,5,fasja
13,fausse-couche,6,foskuS
11,femme-robot,7,famRobo
13,fertilisation,12,fERtilizasj§
5,fifre,4,fifR
12,finalisation,11,finalizasj§
10,flatulence,8,flatyl@s
9,flip-flop,8,flipflOp
6,flouer,4,flue
9,fluctuant,7,flykt8@
14,fonctionnalité,12,f§ksjOnalite
9,formatage,8,fORmataZ
13,fourmillement,9,fuRmij°m@
8,fourreur,5,fuR9R
9,francfort,7,fR@kfOR
12,frappadingue,8,fRapad5g
7,fratrie,6,fRatRi
8,fructose,7,fRyktoz
10,frétillant,7,fRetij@
6,fumage,5,fymaZ
9,furtivité,9,fyRtivite
6,férule,5,feRyl
6,gaffer,4,gafe
9,galamment,6,galam@
8,galérien,7,galeRj5
9,gigahertz,8,ZigaERts
5,glide,4,glid
11,grappillage,8,gRapijaZ
13,guatémaltèque,11,gwatemaltEk
12,géopolitique,10,Zeopolitik
9,gériatrie,8,ZeRjatRi
11,gériatrique,9,ZeRjatRik
7,hantise,4,@tiz
4,hart,2,aR
5,haver,3,ave
9,haïssable,6,aisabl
7,holster,6,Olst9R
11,homme-robot,6,OmRobo
4,houp,2,up
4,houx,1,u
8,hydrique,5,idRik
9,hyperbare,7,ipERbaR
13,hypercalcémie,11,ipERkalsemi
14,hypertrophique,10,ipERtRofik
9,hypophyse,6,ipofiz
5,hélix,5,eliks
8,hémolyse,6,emoliz
9,hémophile,6,emofil
11,impeachment,10,impitSmEnt
11,importateur,9,5pORtat9R
13,impulsivement,10,5pylsiv°m@
11,in extremis,11,inEkstRemis
7,incisif,6,5sizif
15,inconsidérément,11,5k§sideRem@
6,incube,4,5kyb
7,incurvé,6,5kyRve
8,indompté,5,5d§te
8,infirmer,6,5fiRme
10,initialisé,10,inisjalize
9,inopérant,7,inopeR@
12,installateur,9,5stalat9R
15,interchangeable,10,5tERS@Zabl
10,interfacer,8,5tERfase
18,internationalement,15,5tERnasjonal°m@
14,interpellation,11,5tERpelasj§
10,invariable,8,5vaRjabl
10,invertébré,9,5vERtebRe
12,irréfragable,10,iRefRagabl
10,joaillerie,7,Zoaj°Ri
7,joggeur,6,dZOg9R
6,judéen,5,Zyde5
6,kamala,6,kamala
8,keiretsu,7,keREtsu
3,ket,3,kEt
14,kinésithérapie,12,kineziteRapi
5,laper,4,lape
8,larvaire,6,laRvER
7,lemming,5,lEmiG
10,leptonique,8,lEptOnik
4,lido,4,lido
7,limette,5,limEt
9,liminaire,7,liminER
10,lithuanien,8,lit8anj5
8,lobbying,7,lObijiG
6,louage,4,lwaZ
10,lourdingue,6,luRd5g
5,loute,3,lut
7,lupanar,7,lypanaR
10,lysergique,8,lizERZik
14,lèche-vitrines,9,lESvitRin
7,macchab,5,makab
4,mach,3,mak
7,magenta,6,maZ@ta
14,magistralement,12,maZistRal°m@
8,magnésie,6,maNezi
9,magnétite,7,maNetit
9,maigrelet,7,mEgR°lE
12,malversation,11,malvERsasj§
10,mandataire,7,m@datER
5,mango,4,m@go
9,manhattan,7,manatan
9,marihuana,9,maRiRwana
13,marteau-pilon,9,maRtopil§
6,mastic,6,mastik
10,maturation,9,matyRasj§
9,mea-culpa,8,meakylpa
13,mercurochrome,11,mERkyRokRom
9,mignonnet,6,miNonE
8,minauder,6,minode
6,mixité,7,miksite
4,mlle,9,madmwazEl
10,mobil-home,7,mObilom
7,moduler,6,modyle
12,momification,11,momifikasj§
8,momifier,7,momifje
9,monocycle,8,monosikl
11,monopoliser,10,monopolize
8,monorail,7,monoRaj
15,montre-bracelet,12,m§tR°bRas°lE
7,moraine,5,moREn
9,morbidité,9,mORbidite
8,morosité,8,moRozite
12,mots-croisés,8,mokRwaze
7,mouroir,6,muRwaR
8,moussaka,6,musaka
13,multinational,13,myltinasjonal
15,myocardiopathie,13,mjOkaRdjOpati
10,médullaire,7,medylER
8,mémoriel,8,memoRjEl
10,métabolite,9,metabOlit
13,métallurgique,10,metalyRZik
13,métropolitain,11,metRopolit5
8,narguilé,7,naRgile
5,negro,5,negRo
9,nettoyant,7,netwaj@
11,neuropathie,8,n2Ropati
5,nitre,4,nitR
13,non-agression,10,nOnagREsj§
13,non-existence,11,nOnEgzist@s
11,norvégienne,9,nORveZjEn
12,numérisation,11,nymeRizasj§
9,nymphette,5,n5fEt
8,négroïde,7,negRoid
9,oblitérer,8,obliteRe
12,océanographe,10,oseanogRaf
9,off-shore,5,OfSOR
8,olympien,6,ol5pj5
7,ombilic,6,§bilik
7,on-line,6,Onlajn
8,onctueux,5,§kt82
6,ongulé,5,§gyle
13,opportunément,10,opORtynem@
8,oppressé,6,opRese
8,opprimer,6,opRime
11,orthophonie,8,ORtofoni
13,oscillographe,9,osijogRaf
11,ostéoporose,10,OsteopoRoz
6,pagaïe,5,pagaj
5,palan,4,pal@
5,paolo,5,paOlo
13,papier-cadeau,9,papjekado
11,papillonner,8,papijone
9,paramètre,8,paRamEtR
15,paranéoplasique,13,paRaneoplazik
9,parasiter,8,paRazite
9,patronage,8,patRonaZ
5,paxon,5,paks§
7,peanuts,6,pin9ts
8,pectoral,8,pEktoRal
10,peigne-cul,5,pENky
5,perco,5,pERko
10,permafrost,10,pERmafRost
6,phénol,5,fenOl
16,phéochromocytome,13,feokROmositom
9,pied-noir,7,pjenwaR
10,pigeonnant,6,piZon@
7,pigment,5,pigm@
9,pince-nez,5,p5sne
10,pirouetter,7,piRwEte
8,piécette,6,pjesEt
8,plaqueur,6,plak9R
6,pocher,4,poSe
12,poissonnière,9,pwasonjER
5,polak,5,polak
9,politiser,8,politize
5,ponce,3,p§s
14,porte-aiguille,9,pORteg8ij
8,pressage,6,pREsaZ
13,presse-fruits,8,pREsfR8i
8,proactif,8,pRoaktif
7,process,6,pROsEs
12,progestérone,11,pRoZEsteROn
8,proximal,9,pROksimal
13,prépondérance,10,pRep§deR@s
12,préprogrammé,11,pRepRogRame
9,péjoratif,9,peZoRatif
7,pérorer,6,peRoRe
5,pétri,5,petRi
10,quadrupler,9,kwadRyple
17,quatre-vingt-cinq,10,katR°v5s5k
17,quatre-vingt-sept,10,katR°v5sEt
9,raclement,7,Rakl°m@
11,radiobalise,10,Radjobaliz
5,radon,4,Rad§
8,radoucir,7,RadusiR
9,rancarder,7,R@kaRde
8,ravageur,7,RavaZ9R
7,raviser,6,Ravize
14,recommencement,10,R°kom@s°m@
7,rejuger,6,R°ZyZe
10,relogement,8,R°lOZ°m@
8,relooker,6,R°luke
7,remblai,5,R@blE
9,renifleur,8,R°nifl9R
7,repeint,4,R°p5
8,repiquer,6,R°pike
9,reptilien,8,REptilj5
9,ressauter,6,R°sote
9,rhapsodie,7,Rapsodi
3,rif,3,Rif
9,roquefort,6,ROkfOR
7,rosette,5,RozEt
7,rotatif,7,Rotatif
8,roublard,6,RublaR
7,rouille,3,Ruj
5,râper,4,Rape
12,réalignement,9,RealiN°m@
10,réassigner,7,ReasiNe
10,récusation,9,Rekyzasj§
8,réexamen,8,ReEgzam5
10,réexpédier,10,ReEkspedje
7,régence,5,ReZ@s
10,réhabituer,8,Reabit8e
12,rémunérateur,11,RemyneRat9R
10,réorienter,8,ReORj@te
11,répartiteur,10,RepaRtit9R
8,résidant,6,Rezid@
11,résiliation,10,Reziljasj§
11,rétractable,10,RetRaktabl
10,rétracteur,9,RetRakt9R
14,rétrogradation,13,RetRogRadasj§
9,réversion,8,RevERsj§
13,révisionniste,11,Revizjonist
12,réévaluation,11,Reeval8asj§
5,rônin,4,Ron5
8,saillant,4,saj@
6,sample,4,s@pl
7,sangler,5,s@gle
10,saperlotte,8,sapERlOt
14,sapeur-pompier,10,sap9Rp§pje
7,saphène,5,safEn
9,sassafras,7,sasafRa
12,scientologue,8,sj@tolOg
5,scrub,5,skROb
16,sensationnalisme,13,s@sasjonalizm
5,sente,3,s@t
7,seppuku,6,sepuku
6,setter,5,setER
9,seventies,6,s°v@ti
9,sexologue,8,seksolOg
7,sextuor,8,sekst8OR
8,silicate,7,silikat
10,sismologue,8,sismOlOg
5,slash,4,slaS
5,snipe,4,snip
10,socratique,8,sokRatik
14,soixante-seize,9,swas@tsEz
7,sondeur,5,s§d9R
8,soupière,6,supjER
14,sous-maîtresse,8,sumEtREs
5,spath,4,spat
12,spectroscope,11,spEktRoskOp
11,spécificité,11,spesifisite
7,stepper,5,stEpe
9,stoïcisme,8,stoisizm
6,stylet,5,stilE
7,sténopé,7,stenope
7,sténose,6,stenoz
13,succinctement,9,syks5t°m@
7,suiveur,6,s8iv9R
9,sulfureux,7,sylfyR2
14,supérieurement,11,sypeRj9R°m@
9,surligner,7,syRliNe
7,surplis,6,syRpli
10,sénatorial,10,senatoRjal
11,sérénissime,9,seRenisim
9,tabassage,7,tabasaZ
7,tachyon,5,takj§
6,tartan,5,taRt@
5,taube,3,tob
10,taxidermie,10,taksidERmi
6,telson,5,tEls§
12,testiculaire,10,tEstikylER
9,thermidor,8,tERmidOR
6,thrill,4,tRil
12,thrombotique,8,tR§bOtik
9,tire-lait,5,tiRlE
5,tomme,3,tOm
5,toner,5,tonER
8,tonicité,8,tonisite
7,tonnage,5,tonaZ
11,tonnellerie,8,tonEl°Ri
6,toquer,4,toke
7,tordage,6,tORdaZ
12,toxoplasmose,12,tOksoplasmoz
7,traceur,6,tRas9R
15,traditionaliste,14,tRadisjonalist
9,tragédien,8,tRaZedj5
15,transatlantique,11,tR@zatl@tik
14,transportation,12,tR@spORtasj§
4,tric,4,tRik
10,tricuspide,9,tRikyspid
6,trogne,4,tRON
13,trombinoscope,11,tR§binoskOp
3,tub,3,t9b
11,tuméfaction,10,tymefaksj§
8,tuyauter,7,t8ijote
10,uniformité,10,ynifORmite
9,unioniste,8,ynjonist
9,vacillant,6,vasij@
10,vaisselier,7,vEs°lje
11,vedettariat,9,v°dEtaRja
6,verlan,5,vERl@
6,versus,6,vERsys
15,vice-chancelier,11,vis°S@s2lje
12,vicieusement,9,visj2z°m@
8,vidéaste,7,videast
12,vieillissant,7,vjejis@
13,viscéralement,10,viseRal°m@
6,vivier,5,vivje
8,voracité,8,voRasite
5,vroom,4,vRum
11,vénézuélien,10,venez8elj5
7,warning,6,waRniG
10,waterproof,9,watERpRuf
16,échocardiogramme,13,ekokaRdjOgRam
7,écluser,6,eklyze
9,égosiller,7,egozije
12,électromètre,11,elEktROmEtR
9,émanation,8,emanasj§
7,émoussé,5,emuse
9,émulation,8,emylasj§
3,éon,2,e§
8,étatique,6,etatik
6,éthyle,4,etil
9,étinceler,7,et5s°le
6,étoupe,4,etup
6,étrave,5,etRav
8,étrenner,6,etRene
7,éventer,5,ev@te
6,abrégé,6,abReZe
12,accentuation,10,aks@t8asj§
10,accoucheur,6,akuS9R
9,acrimonie,8,akRimoni
10,actualiser,9,akt8alize
9,adhérence,6,adeR@s
6,aduler,5,adyle
9,affidavit,7,afidavi
9,agresseur,7,agREs9R
9,aguicheur,6,agiS9R
3,ahi,2,ai
6,alkali,6,alkali
7,amerrir,6,ameRiR
11,anaphylaxie,10,anafilaksi
8,anglican,6,@glik@
9,anicroche,7,anikROS
11,antarctique,8,@taRktik
11,anti-dopage,8,@tidopaZ
12,anti-gravité,10,@tigRavite
16,anti-patriotique,12,@tipatRiotik
11,anti-racket,8,@tiRakEt
11,antirouille,6,@tiRuj
6,appeau,3,apo
8,applique,5,aplik
9,après-ski,7,apREski
9,arachnide,7,aRaknid
7,arborer,6,aRboRe
9,archivage,7,aRSivaZ
9,arrangeur,6,aR@Z9R
9,aspersion,8,aspERsj§
6,assagi,5,asaZi
7,asséner,5,asene
9,astigmate,8,astigmat
9,astroport,8,astRopOR
12,audio-visuel,10,odjoviz8El
5,avent,3,av@
6,aérage,5,aeRaZ
10,aéromobile,9,aeRomobil
7,baliser,6,balize
6,barber,5,baRbe
6,baryum,6,baRjOm
13,beaux-enfants,6,boz@f@
9,berlingot,7,bERl5go
10,biomédical,10,bjomedikal
11,biophysique,8,bjofizik
11,biscuiterie,10,bisk8it°Ri
8,blanchon,5,bl@S§
8,bombarde,6,b§baRd
11,bourlinguer,7,buRl5ge
9,bourrelet,6,buR°lE
6,braque,4,bRak
8,briscard,7,bRiskaR
6,bruine,5,bR8in
13,bucco-génital,11,bykoZenital
5,bugle,4,bygl
9,burlesque,7,byRlEsk
5,butée,4,byte
7,bésigue,5,bezig
8,cabosser,6,kabose
10,cambodgien,8,k@bOdZj5
7,cambuse,5,k@byz
9,cantaloup,6,k@talu
10,cantharide,7,k@taRid
13,caoutchouteux,8,kautSut2
6,cardon,5,kaRd§
6,casqué,5,kaske
9,cassandre,6,kas@dR
7,castrat,6,kastRa
10,catalyseur,9,kataliz9R
4,caté,4,kate
11,chancelière,8,S@s2ljER
10,chapardage,8,SapaRdaZ
6,charnu,5,SaRny
11,chenillette,7,S°nijEt
10,chiffonner,6,Sifone
14,chlorpromazine,12,klORpRomazin
8,chouquet,4,SukE
10,chouquette,5,SukEt
7,cibiche,5,sibiS
11,cicatriciel,11,sikatRisjEl
8,cimenter,6,sim@te
14,cinquante-huit,8,s5k@t8it
6,cireux,4,siR2
4,clam,4,klam
8,clarisse,6,klaRis
5,clown,4,klun
11,coelacanthe,7,selak@t
11,commanditer,8,kom@dite
19,commissaire-priseur,13,komisERpRiz9R
5,compo,4,k§po
13,compétitivité,12,k§petitivite
10,concoction,8,k§kOksj§
12,conditionnel,10,k§disjonEl
7,conique,5,konik
8,conjoint,5,k§Zw5
13,connaissement,8,konEs°m@
12,connectivité,11,konEktivite
9,consister,7,k§siste
12,contemplatif,10,k§t@platif
10,contention,7,k§t@sj§
11,contingence,7,k§t5Z@s
12,contresigner,9,k§tR°siNe
11,contusionné,9,k§tyzjone
10,convection,8,k§vEksj§
10,convergent,7,k§vERZ@
7,cordial,7,kORdjal
13,cornouaillais,8,kORnuajE
10,corpuscule,9,kORpyskyl
9,cotonneux,6,koton2
10,couinement,7,kwin°m@
8,crispant,6,kRisp@
9,croupière,7,kRupjER
6,crépon,5,kRep§
6,crêper,5,kRepe
8,curateur,7,kyRat9R
5,curée,4,kyRe
7,cyanose,6,sjanoz
9,célébrant,7,selebR@
7,céréale,6,seReal
15,dactylographier,13,daktilogRafje
14,dactylographié,13,daktilogRafje
12,de profundis,11,depRofundis
13,demi-longueur,9,d°mil§g9R
6,devers,5,d°vER
13,diaphorétique,10,djafORetik
11,diapositive,10,djapozitiv
8,digitale,7,diZital
10,digression,8,digResj§
7,disette,5,dizEt
7,disputé,7,dispyte
9,dissimulé,8,disimyle
7,dissous,4,disu
9,distribué,9,distRib8e
6,donner,4,done
7,doublon,5,dubl§
11,douce-amère,7,dusamER
5,douve,3,duv
6,drisse,4,dRis
10,drosophile,8,dRozofil
5,duché,4,dySe
9,dysplasie,8,displazi
8,débauché,6,deboSe
10,débonnaire,7,debonER
9,décalquer,7,dekalke
11,déchiffrage,8,deSifRaZ
8,décocher,6,dekoSe
11,déconcerter,9,dek§sERte
12,déconseiller,8,dek§seje
11,déficitaire,9,defisitER
11,défoulement,8,deful°m@
9,défraîchi,7,defRESi
8,dégriser,7,degRize
14,délocalisation,13,delokalizasj§
11,délocaliser,10,delOkalize
10,démarchage,8,demaRSaZ
9,démontage,7,dem§taZ
8,démêlant,6,demEl@
9,dépiauter,7,depjote
8,dépraver,7,depRave
16,déréglementation,14,deRegl°m@tasj§
9,désuétude,8,des8etyd
11,dévoilement,9,devwal°m@
10,effarouché,7,efaRuSe
6,effilé,5,efile
10,elliptique,7,eliptik
14,embellissement,9,@belis°m@
13,enclenchement,8,@kl@S°m@
8,encodage,6,@kodaZ
7,encoder,5,@kode
8,encodeur,6,@kod9R
8,enculage,6,@kylaZ
10,endimanché,7,@dim@Se
8,englober,6,@globe
8,enjambée,5,@Z@be
7,envoûté,5,@vute
11,enzymatique,8,@zimatik
9,ergonomie,8,ERgonomi
14,ergothérapeute,11,ERgoteRap2t
7,espacer,6,Espase
9,esquisser,6,Eskise
8,estancia,7,Est@sja
13,ex-gouverneur,11,EksguvERn9R
8,ex-homme,5,EksOm
9,ex-marine,8,EksmaRin
8,exhorter,7,EgzORte
4,exit,5,Egzit
8,exonérer,8,EgzoneRe
11,expectative,11,EkspEktativ
10,expliciter,10,Eksplisite
7,expulsé,8,Ekspylse
10,extraverti,11,EkstRavERti
9,faillible,6,fajibl
9,fataliste,8,fatalist
7,fendard,5,f@daR
7,ferment,5,fERm@
8,feuillet,4,f9jE
9,feuilleté,6,f9j°te
7,fiducie,6,fidysi
6,filage,5,filaZ
8,finasser,6,finase
5,fioul,4,fjul
8,fissurer,6,fisyRe
7,flagada,7,flagada
8,fomenter,6,fom@te
14,fraternisation,13,fRatERnizasj§
8,fraudeur,6,fRod9R
11,frictionner,9,fRiksjone
9,frigidité,9,fRiZidite
10,frigorifié,10,fRigoRifje
7,fuchsia,5,fySja
7,gallium,6,galjOm
14,garde-chiourme,10,gaRd°SjuRm
6,gavage,5,gavaZ
6,ginkgo,4,Z5ko
10,girl-scout,8,g9Rlskut
11,glandulaire,8,gl@dylER
7,glaneur,6,glan9R
6,gluten,6,glytEn
6,glyphe,4,glif
5,gonze,3,g§z
6,goudou,4,gudu
11,gourgandine,8,guRg@din
6,gourme,4,guRm
11,gouzi-gouzi,8,guziguzi
6,goyave,5,gojav
11,gracieuseté,10,gRasj2z°te
8,graffeur,6,gRaf9R
11,grand-angle,7,gR@t@gl
14,grandiloquence,10,gR@dilok@s
12,grenouillère,8,gR2nujER
12,gribouilleur,8,gRibuj9R
6,griffé,5,gRife
8,gros-bec,6,gRobEk
13,grossissement,9,gRosis°m@
6,guiche,3,giS
10,gypsophile,8,Zipsofil
9,habilleur,6,abij9R
8,haletant,5,al°t@
7,haltère,5,altER
12,haltérophile,9,alteRofil
11,handicapeur,8,@dikap9R
9,haranguer,5,aR@ge
15,harmonieusement,11,aRmonj2z°m@
12,harnachement,8,aRnaS°m@
10,haussement,5,os°m@
5,hayon,3,Ej§
9,herniaire,6,ERnjER
7,hidalgo,6,idalgo
7,hispano,6,ispano
12,histologique,9,istoloZik
11,holographie,8,ologRafi
13,homme-poisson,7,Ompwas§
12,horticulteur,10,ORtikylt9R
10,humidifier,8,ymidifje
4,hune,2,yn
5,huppe,2,yp
13,hydroglisseur,10,idRoglis9R
12,hypertonique,9,ipERtonik
16,hypoallergénique,12,ipoalERZenik
6,idiome,5,idjom
12,idiopathique,9,idjopatik
13,incandescence,8,5k@des@s
10,inconduite,7,5k§d8it
14,incorrectement,10,5koREkt°m@
12,incrustation,10,5kRystasj§
14,indifféremment,9,5difeRam@
14,individualiste,12,5divid8alist
8,inertiel,8,inERsjEl
10,inexploité,11,inEksplwate
10,informatif,9,5fORmatif
10,ingagnable,7,5gaNabl
14,ingénieusement,10,5Zenj2z°m@
13,inintéressant,9,in5teREs@
11,initialiser,10,inisjalize
13,injustifiable,11,5Zystifjabl
10,innovateur,8,inovat9R
12,introspectif,11,5tRospEktif
7,inégalé,7,inegale
3,ira,3,iRa
14,irrévérencieux,10,iReveR@sj2
8,javanais,6,ZavanE
6,jouter,4,Zute
8,judaïque,6,Zydaik
11,justifiable,10,Zystifjabl
5,k-way,4,kawe
9,laconique,7,lakonik
7,lactate,6,laktat
8,laideron,6,lEd°R§
7,laineux,4,lEn2
12,lance-flamme,7,l@sflam
14,lance-roquette,8,l@sRokEt
9,lanterner,7,l@tERne
9,lave-auto,6,lavoto
7,lazaret,6,lazaRE
6,laîche,3,lES
12,leishmaniose,9,lESmanjoz
9,leitmotiv,9,lEjtmotiv
6,lepton,5,lEpt§
6,lettré,5,letRe
9,libérable,8,libeRabl
9,logorrhée,6,logoRe
12,long-métrage,8,l§metRaZ
9,loqueteux,6,lOk°t2
7,loustic,6,lustik
10,lyophilisé,9,ljOfilize
8,légation,7,legasj§
7,macache,5,makaS
15,majestueusement,12,maZEst82z°m@
8,malséant,6,malse@
10,mappemonde,7,map°m§d
9,marasquin,7,maRask5
6,marcel,6,maRsEl
19,marie-couche-toi-là,12,maRikuStwala
10,massacreur,8,masakR9R
12,masturbateur,11,mastyRbat9R
11,maîtrisable,9,metRizabl
10,mi-machine,7,mimaSin
4,miao,4,miao
15,microbiologiste,14,mikRobjoloZist
14,microchirurgie,12,mikRoSiRyRZi
12,microseconde,10,mikRos°g§d
9,midinette,7,midinEt
12,militantisme,10,milit@tizm
11,minimalisme,10,minimalizm
11,misanthrope,8,miz@tROp
4,mita,4,mita
7,mitaine,5,mitEn
3,mme,5,madam
8,mocassin,6,mokas5
9,modulaire,7,modylER
7,moufter,5,mufte
7,moulure,5,mulyR
7,mouture,5,mutyR
10,moyenâgeux,9,mwajEnaZ2
6,muesli,6,m82sli
6,native,5,nativ
14,naturalisation,13,natyRalizasj§
6,nichée,4,niSe
11,nombriliste,9,n§bRilist
12,non-recevoir,10,n§R2s2vwaR
10,obturation,9,OptyRasj§
8,oedipien,6,2dipj5
8,oiseleur,7,waz°l9R
7,oiselle,5,wazEl
6,oliver,5,Olive
9,opiniâtre,8,opinjatR
7,orienté,6,oRj@te
9,ougandais,5,ug@dE
6,paille,3,paj
12,pancréatique,9,p@kReatik
7,pantois,5,p@twa
8,parapher,6,paRafe
15,parapsychologue,12,paRapsikolOg
8,parolier,7,paRolje
7,pattern,6,pat9Rn
5,paver,4,pave
8,paysager,7,peizaZe
9,penthotal,7,p5total
10,pestilence,8,pEstil@s
13,photosensible,10,fotos@sibl
9,photostat,7,fOtosta
10,pigeonneau,6,piZono
6,pileux,4,pil2
7,pimenté,6,pim@te
9,piscicole,7,pisikOl
11,placoplâtre,10,plakoplatR
10,plastifier,9,plastifje
8,pleureur,6,pl2R9R
6,plissé,5,plise
7,pluvial,7,plyvjal
7,poindre,5,pw5dR
12,polarisation,11,polaRizasj§
6,polish,5,pOliS
8,polochon,6,poloS§
9,possédant,6,posed@
9,pourliche,6,puRliS
11,pourrissant,6,puRis@
7,poutine,5,putin
6,poutou,4,putu
9,poutrelle,6,putREl
9,pressurer,7,pResyRe
6,priser,5,pRize
7,procure,6,pRokyR
11,professoral,10,pRofEsoRal
10,promulguer,8,pRomylge
13,pronostiqueur,11,pRonOstik9R
12,protocolaire,10,pRotokolER
5,proxo,6,pROkso
12,préférentiel,11,pRefeR@sjEl
7,puceron,6,pys°R§
7,pugnace,5,pyNas
11,puissamment,7,p8isam@
13,pulvérisation,12,pylveRizasj§
10,pupillaire,7,pypilER
8,purulent,6,pyRyl@
6,pygmée,5,pigme
13,pyrotechnique,10,piRotEknik
8,pâlichon,6,paliS§
5,pâmer,4,pame
9,pédoncule,7,ped§kyl
7,péteuse,5,pet2z
6,péteux,4,pet2
18,quatre-vingt-trois,11,katR°v5tRwa
6,rabiot,5,Rabjo
8,raffiner,6,Rafine
7,rappelé,6,Rap°le
10,ratiboiser,9,Ratibwaze
10,recalculer,9,R°kalkyle
7,receler,6,R°s°le
13,recombinaison,10,R°k§binEz§
10,reconquête,7,R°k§kEt
10,recyclable,9,R°siklabl
6,refait,4,R°fE
7,relaver,6,R°lave
8,reléguer,6,R°lege
10,rembourrer,6,R@buRe
9,renchérir,7,R@SeRiR
10,reparaître,8,R°paREtR
6,retape,5,R°tap
12,retraitement,9,R°tREt°m@
3,rho,2,Ro
8,rigolote,7,RigolOt
8,ripaille,5,Ripaj
5,riser,6,Rajz9R
6,rognon,4,RoN§
8,rondelet,6,R§d°lE
11,roubignoles,7,RubiNOl
9,réamorcer,8,ReamORse
9,récréatif,9,RekReatif
12,rédhibitoire,10,RedibitwaR
10,réfrigérer,9,RefRiZeRe
9,réfrigéré,9,RefRiZeRe
11,réimplanter,8,Re5pl@te
8,résorber,7,RezORbe
10,rétraction,9,RetRaksj§
6,sacrer,5,sakRe
8,salinité,8,salinite
7,salique,5,salik
6,saucer,4,sose
7,saynète,5,sEnEt
5,scare,4,skaR
4,scat,4,skat
6,schlem,4,SlEm
6,sciage,4,sjaZ
13,scribouillard,9,skRibujaR
10,sectarisme,9,sektaRizm
8,shogunat,6,SOguna
9,sifflante,6,sifl@t
8,sirupeux,6,siRyp2
5,sloop,4,slup
9,sobrement,7,sObR°m@
16,socio-économique,13,sosjoekonomik
15,sous-estimation,12,suzEstimasj§
13,sous-location,9,sulokasj§
12,sous-traiter,7,sutRete
10,sous-verre,5,suvER
5,spire,4,spiR
10,sponsorisé,9,sp§soRize
8,spécieux,6,spesj2
8,spécifié,8,spesifje
9,strontium,8,stR§sjOm
10,stégosaure,8,stegozoR
11,subdivision,10,sybdivizj§
11,subsidiaire,9,sybzidjER
16,supercalculateur,15,sypERkalkylat9R
17,superficiellement,14,sypERfisjEl°m@
15,superproduction,14,sypERpRodyksj§
4,suri,4,syRi
13,surprotecteur,12,syRpRotEkt9R
9,surélever,8,syRel°ve
8,séraphin,6,seRaf5
11,taille-haie,4,tajE
8,talonner,6,talone
8,tandoori,6,t@doRi
7,tangara,6,t@gaRa
7,taoïsme,6,taoizm
6,tapant,4,tap@
10,tapotement,8,tapOt°m@
4,tapé,4,tape
9,tavernier,8,tavERnje
9,tennisman,8,tenisman
9,terrarium,8,tERaRjOm
9,tertiaire,7,tERsjER
7,tocante,5,tok@t
9,tonnelier,7,ton°lje
10,torche-cul,7,tORS°ky
9,tortillon,7,tORtij§
9,tourbière,7,tuRbjER
10,tournemain,7,tuRn°m5
14,transbordement,11,tR@sbORd°m@
10,transvaser,8,tR@svaze
11,transversal,10,tR@svERsal
7,traquet,5,tRakE
8,traînard,6,tREnaR
11,tremblotant,8,tR@blot@
8,trillion,6,tRilj§
11,trismégiste,10,tRismeZist
8,troupier,6,tRupje
9,tubulaire,7,tybylER
5,tuner,5,tynER
9,téléachat,7,teleaSa
13,télécommander,10,telekom@de
11,télégraphie,9,telegRafi
11,ultrasecret,10,yltRas°kRE
11,unanimement,9,ynanim°m@
12,uniformément,10,ynifORmem@
6,urique,4,yRik
6,utérin,5,yteR5
7,vaquero,6,vakeRo
7,varappe,5,vaRap
8,vauxhall,6,voksol
9,vertébral,9,vERtebRal
11,vide-ordure,8,vidORdyR
13,vidéocassette,10,videokasEt
9,viscosité,9,viskozite
5,vitré,5,vitRe
6,vivats,4,viva
7,volatil,7,volatil
7,vulcain,5,vylk5
7,zieuter,5,zj2te
6,zygote,5,zigOt
4,zébu,4,zeby
9,écarteler,8,ekaRt°le
9,éclairant,6,eklER@
11,économiseur,10,ekonomiz9R
4,écru,4,ekRy
11,égyptologie,10,eZiptoloZi
6,éphèbe,4,efEb
9,épiglotte,7,epiglOt
9,épiloguer,7,epiloge
7,épéiste,6,epeist
8,étriller,6,etRije
8,abattant,5,abat@
10,abdication,9,abdikasj§
9,abduction,8,abdyksj§
6,acacia,6,akasja
8,acétique,6,asetik
12,ad infinitum,10,ad5finitOm
3,ada,3,ada
9,adjoindre,7,adZw5dR
14,adjudant-major,11,adZyd@maZOR
18,administrativement,16,administRativ°m@
7,adénome,6,adenom
16,affranchissement,9,afR@Sism@
7,afin qu,6,af5k8y
9,afrikaner,9,afRikan9R
8,agissant,5,aZis@
7,alcalde,6,alkald
5,aldol,5,aldOl
5,aleph,4,alEf
9,algonquin,6,alg§k5
9,aliéniste,8,aljenist
12,allitération,10,aliteRasj§
8,alopécie,7,alopesi
5,alvar,5,alvaR
6,ambler,4,@ble
10,amoraliste,9,amORalist
7,ampoulé,5,@pule
13,amyotrophique,10,amjotRofik
9,anaérobie,8,anaeRobi
13,anti-atomique,9,@tiatomik
8,anti-gel,6,@tiZEl
14,anti-nucléaire,10,@tinykleER
11,anti-poisse,7,@tipwas
13,antiaméricain,10,@tiameRik5
15,anticonformiste,12,@tik§fORmist
13,antipollution,10,@tipolysj§
7,anémone,6,anemOn
11,appontement,7,ap§t°m@
11,appuie-tête,7,ap8itEt
11,après-vente,7,apREv@t
8,arabique,6,aRabik
6,arcane,5,aRkan
10,archi-faux,6,aRSifo
12,archéoptéryx,12,aRkeOpteRiks
9,argotique,7,aRgotik
6,arguer,4,aRge
6,aristo,6,aRisto
11,arraisonner,7,aREzone
5,aréna,5,aRena
13,astronautique,10,astRonotik
14,astucieusement,11,astysj2z°m@
14,asymptomatique,11,as5ptomatik
7,atlante,5,atl@t
9,atrophier,7,atRofje
8,attenant,5,at°n@
8,aubépine,6,obepin
15,austro-hongrois,10,ostRo§gRwa
11,autocollant,7,otokol@
11,autoguidage,8,otogidaZ
12,avant-propos,8,av@pRopo
5,avenu,5,av°ny
10,avoisinant,8,avwazin@
4,axel,5,aksEl
9,axillaire,7,aksilER
6,azalée,5,azale
5,babel,5,babEl
9,baby-boom,7,babibum
8,baccarat,6,bakaRa
9,bachelier,7,baS2lje
10,background,9,bakgRawnd
5,baile,3,bel
9,baleineau,6,balEno
5,balte,4,balt
5,bandé,4,b@de
7,barbara,7,baRbaRa
6,barolo,6,baRolo
9,baroudeur,7,baRud9R
7,barreur,5,baR9R
5,batak,5,batak
11,bathyscaphe,8,batiskaf
6,baveur,5,bav9R
11,belle-doche,6,bEldOS
7,bibiche,5,bibiS
9,bibliobus,10,biblijobys
11,bidouillage,7,bidujaZ
8,biennale,6,bjenal
8,big band,6,bigb@d
4,bigo,4,bigo
12,biodiversité,12,bjodivERsite
15,bioluminescence,12,bjolymines@s
8,biquette,5,bikEt
8,bisaïeul,7,bizaj9l
11,bisexualité,12,biseks8alite
5,blair,4,blER
10,blanchâtre,7,bl@SatR
9,blue-jean,7,bludZin
9,boitement,7,bwat°m@
7,bossoir,6,boswaR
9,bouclette,6,buklEt
11,boxer-short,10,bOks9RSORt
6,brisis,5,bRizi
5,brème,4,bREm
7,buffalo,6,byfalo
4,burg,4,b9Rg
8,byzantin,6,biz@t5
7,bâfreur,6,bafR9R
13,béatification,12,beatifikasj§
8,bégueule,5,beg9l
10,cabotinage,9,kabotinaZ
7,cadencé,6,kad@se
8,cahoteux,5,kaot2
8,caldeira,7,kaldeRa
7,calypso,7,kalipso
8,cannelle,5,kanEl
12,canonisation,11,kanonizasj§
9,cantinier,7,k@tinje
10,capharnaüm,9,kafaRnaOm
8,capitule,7,kapityl
10,carboglace,9,kaRboglas
7,casette,5,kazEt
12,casse-burnes,7,kasbyRn
11,casus belli,10,kazysbElli
9,catalyser,8,katalize
6,catgut,6,katg9t
9,censément,6,s@sem@
9,centaurée,6,s@toRe
9,centrales,6,s@tRal
7,cerbère,6,sERbER
8,chagriné,7,SagRine
7,chassie,4,Sasi
11,chatoiement,7,Satwam@
7,chaussé,4,Sose
11,chevauchant,6,S°voS@
7,chiader,5,Sjade
6,chicon,4,Sik§
7,chiffré,5,SifRe
7,chinook,5,Sinuk
10,chiricahua,8,SiRikaua
8,chouiner,5,Swine
12,chromosphère,9,kRomosfER
13,chèque-cadeau,7,SEkkado
8,cinglage,6,s5glaZ
10,circassien,8,siRkasj5
12,circonscrire,10,siRk§skRiR
14,circonstanciel,12,siRk§st@sjEl
11,circonvenir,10,siRk§v°niR
12,cisaillement,8,sizaj°m@
9,cisailler,6,sizaje
9,clafoutis,7,klafuti
9,clergyman,9,klERZiman
10,club-house,7,kl9baws
9,clubhouse,7,kl9baws
10,co-exister,9,koEgziste
15,co-propriétaire,12,kopRopRietER
9,codicille,7,kodisil
7,colique,5,kolik
13,collectiviser,11,kolEktivize
5,colza,5,kOlza
12,combientième,9,k§bj@tjEm
6,comite,5,kOmit
15,commis-voyageur,12,komivwajaZ9R
12,compensateur,9,k§p@sat9R
5,condé,4,k§de
8,confluer,6,k§fl8e
11,considérant,8,k§sideR@
9,constable,7,k§stabl
9,constitué,8,k§stit8e
10,contacteur,8,k§takt9R
9,converger,7,k§vERZe
8,coquerie,6,kOk°Ri
7,corrigé,6,koRiZe
8,costumer,7,kOstyme
4,cosy,4,kozi
8,coucheur,5,kuS9R
10,coupe-chou,5,kupSu
11,coupe-ongle,6,kup§gl
8,covenant,6,kov°n@
10,cramouille,6,kRamuj
7,cranter,5,kR@te
5,criée,5,kRije
13,cross-country,11,kROskawntRi
7,cruchon,5,kRyS§
9,créditeur,8,kRedit9R
7,cubique,5,kybik
9,cure-pipe,6,kyRpip
6,cutané,6,kytane
13,cyanoacrylate,12,sjanoakRilat
8,cyclable,7,siklabl
12,cyclo-pousse,8,siklopus
13,cyclothymique,10,siklotimik
10,cérémoniel,10,seRemonjEl
9,demi-page,7,d2mipaZ
11,demi-talent,8,d2mital@
7,dentelé,6,d@t°le
10,dernier-né,8,dERnjene
7,dessiné,6,desine
10,destructif,10,destRyktif
10,diaboliser,9,djabolize
11,diamantaire,8,djam@tER
9,diamantin,7,djam@t5
15,diaphragmatique,12,djafRagmatik
9,diaporama,9,djapORama
7,digeste,6,diZEst
10,dilettante,7,dilet@t
11,diligemment,8,diliZam@
8,dilution,7,dilysj§
9,dinguerie,6,d5g°Ri
9,dipneuste,7,dipn2st
10,dirigeable,8,diRiZabl
13,discontinuité,12,disk§tin8ite
5,dolby,5,dOlbi
10,dominicain,8,dominik5
8,duveteux,6,dyv°t2
9,dyspepsie,8,dispEpsi
7,dyspnée,6,dispne
10,dystrophie,8,distROfi
9,déblocage,8,deblokaZ
8,débouter,6,debute
11,décarcasser,9,dekaRkase
9,décroître,8,dekRwatR
10,déculotter,8,dekylote
9,décélérer,8,deseleRe
11,défraiement,7,defREm@
8,défriser,7,defRize
7,déférer,6,defeRe
10,dégobiller,8,degobije
11,dégoulinant,8,degulin@
11,dégénératif,11,deZeneRatif
11,délabrement,9,delabR°m@
9,démarcher,7,demaRSe
14,dématérialiser,14,demateRijalize
7,démenti,6,dem@ti
7,démerde,6,demERd
9,dénombrer,7,den§bRe
12,dépatouiller,8,depatuje
10,dépenaillé,8,dep°naje
6,dépité,6,depite
7,déployé,8,deplwaje
12,dépréciation,11,depResjasj§
12,désassembler,9,dezas@ble
12,désembourber,9,dez@buRbe
10,désinviter,8,dez5vite
8,désirant,6,deziR@
12,désorganiser,11,dezORganize
11,dévitaliser,10,devitalize
10,embrasseur,7,@bRas9R
7,embrumé,6,@bRyme
7,emplumé,6,@plyme
8,empreint,4,@pR5
6,encart,4,@kaR
9,enclenche,5,@kl@S
12,encombrement,8,@k§bR°m@
15,encéphalopathie,11,@sefalopati
9,engranger,6,@gR@Ze
8,enrobage,6,@RobaZ
6,enroué,4,@Rwe
14,ensorcellement,10,@sORsEl°m@
13,entre-dévorer,10,@tR°devoRe
8,entresol,7,@tR°sOl
10,entropique,7,@tRopik
10,enturbanné,8,@tyRbane
10,escarbille,8,EskaRbij
12,esclavagiste,11,EsklavaZist
6,est-ce,3,Es°
10,estafilade,9,Estafilad
11,estudiantin,9,Estydj@t5
13,ex-belle-mère,9,EksbElmER
11,ex-commando,9,Ekskom@do
12,ex-militaire,10,EksmilitER
7,ex-miss,6,Eksmis
11,ex-officier,9,Eksofisje
7,exciser,6,Eksize
15,existentialiste,14,Egzist@sjalist
8,exploité,9,Eksplwate
11,exportateur,11,EkspORtat9R
10,expéditeur,10,Ekspedit9R
9,expéditif,10,Ekspeditif
15,extériorisation,15,EksteRjoRizasj§
10,exultation,10,Egzyltasj§
11,fanfaronner,8,f@faRone
9,fermenter,7,fERm@te
9,fettucine,9,fetutSine
11,fibroscopie,10,fibRoskOpi
5,fifty,5,fifti
10,filandreux,7,fil@dR2
9,filariose,8,filaRjoz
9,filochard,7,filoSaR
5,flapi,5,flapi
10,floconneux,7,flokon2
12,fluorescence,9,flyoRes@s
12,folliculaire,9,folikylER
8,fongique,5,f§Zik
11,forfaitaire,8,fORfEtER
10,fortifiant,8,fORtifj@
9,fortitude,8,fORtityd
13,fougueusement,8,fug2z°m@
7,foutral,6,futRal
7,fractal,7,fRaktal
11,frapadingue,8,fRapad5g
8,frottage,6,fRotaZ
9,fulminate,8,fylminat
6,fumeux,4,fym2
8,fustiger,7,fystiZe
5,fécal,5,fekal
5,félon,4,fel§
6,gainer,4,gene
5,galbe,4,galb
8,gamberge,6,g@bERZ
10,garde-boue,7,gaRd°bu
9,garde-feu,7,gaRd°f2
11,gardiennage,9,gaRdjEnaZ
11,gargouiller,7,gaRguje
9,gin-rummy,8,dZinRymi
6,glabre,5,glabR
6,gliome,5,gliom
7,godiche,5,godiS
7,gommier,5,gomje
10,goudronner,7,gudRone
5,graff,4,gRaf
12,grand-vergue,7,gR@vERg
10,grattement,7,gRat°m@
12,grattouillis,7,gRatuji
8,gratuité,8,gRat8ite
6,greffé,5,gRefe
8,grenader,7,gR°nade
10,grippe-sou,6,gRipsu
8,grégeois,6,gReZwa
7,guibole,5,gibOl
8,gustatif,8,gystatif
7,guérite,5,geRit
8,guêpière,6,gEpjER
8,gymkhana,7,Zimkana
14,généralisation,13,ZeneRalizasj§
12,gérontologie,10,ZeR§toloZi
4,géré,4,ZeRe
6,gésier,5,Zezje
10,hallebarde,7,al°baRd
10,handicaper,7,@dikape
8,hanneton,5,an°t§
13,harmonisation,11,aRmonizasj§
9,harmonium,8,aRmonjOm
4,heur,2,9R
8,hommasse,4,omas
10,homme-loup,4,Omlu
12,homme-oiseau,6,Omwazo
8,horrifié,6,oRifje
9,humectant,6,ymEkt@
11,hybridation,9,ibRidasj§
12,hyponatrémie,10,iponatRemi
12,hypothécaire,8,ipotekER
9,hédonisme,7,edonizm
8,hématine,6,ematin
11,identitaire,8,id@titER
6,igname,4,iNam
8,ignition,6,iNisj§
11,illettrisme,8,ilEtRizm
10,immolation,8,imolasj§
13,immunologique,10,imynoloZik
11,implémenter,8,5plem@te
8,in utero,7,inyteRo
15,in vino veritas,13,invinovERitas
12,inadaptation,11,inadaptasj§
12,incapacitant,9,5kapasit@
7,incliné,6,5kline
10,incommoder,7,5komode
20,inconditionnellement,14,5k§disjonEl°m@
7,incuber,5,5kybe
8,indigent,5,5diZ@
6,indoor,5,indOR
14,inenvisageable,11,in@vizaZabl
9,inexprimé,10,inEkspRime
12,infantilisme,9,5f@tilizm
9,infléchir,7,5fleSiR
7,infondé,5,5f§de
6,initié,6,inisje
10,injectable,8,5ZEktabl
6,insane,4,5san
11,insonoriser,9,5sonoRize
9,instituer,7,5stit8e
10,intangible,7,5t@Zibl
12,intelligible,9,5teliZibl
13,interactivité,12,5tERaktivite
11,interarmées,8,5tERaRme
10,intercaler,8,5tERkale
11,intercourse,8,5tERkuRs
16,interminablement,13,5tERminabl°m@
10,introniser,8,5tRonize
13,intéressement,9,5teREs°m@
6,iodure,5,jodyR
6,ionisé,6,jonize
7,isocèle,6,izosEl
14,isolationnisme,12,izolasjonizm
8,jacobite,7,Zakobit
6,jaffer,4,Zafe
3,jam,4,dZam
10,jamaïquain,7,Zamaik5
6,jobard,5,ZobaR
6,jouxte,5,Zukst
5,kafir,5,kafiR
8,keepsake,6,kipsEk
16,kinésithérapeute,13,kineziteRap2t
6,l-dopa,6,Eldopa
9,lactation,8,laktasj§
5,lagan,4,lag@
7,lavable,6,lavabl
5,lento,5,lEnto
5,lexie,5,lEksi
8,libation,7,libasj§
9,ligaturer,8,ligatyRe
5,linon,4,lin§
6,lisant,4,liz@
5,lissé,4,lise
10,logarithme,8,logaRitm
8,loucheur,5,luS9R
5,lumen,5,lymEn
12,luminescence,9,lyminEs@s
8,lustrage,7,lystRaZ
11,lyophiliser,9,ljofilize
7,léonard,6,leonaR
12,maccarthysme,9,makaRtizm
9,maintenue,6,m5t°ny
7,malfamé,7,malfame
8,malléole,6,maleOl
10,maniérisme,9,manjeRizm
8,marabout,6,maRabu
6,marner,5,maRne
12,maroquinerie,10,maRokin°Ri
6,martel,6,maRtEl
10,massacrant,7,masakR@
15,maître-chanteur,10,mEtR°S@t9R
6,membré,5,m@bRe
7,mesclun,6,mEskl1
9,mi-animal,8,mianimal
11,middle-west,9,mid2lwEst
19,militaro-industriel,18,militaRo5dystRijEl
5,mirer,4,miRe
7,mitiger,6,mitiZe
10,mnémonique,8,mnemonik
8,montjoie,5,m§Zwa
11,mort-vivant,7,mORviv@
10,mortifiant,8,mORtifj@
10,motivateur,9,motivat9R
5,moïse,4,moiz
8,muletier,7,myl°tje
6,mullah,4,myla
12,multi-tâches,8,myltitaS
16,multirécidiviste,15,myltiResidivist
7,munster,7,mynst9R
5,murer,4,myRe
10,musaraigne,7,myzaREN
13,mystificateur,12,mistifikat9R
7,myélite,6,mjelit
9,mégahertz,8,megaERts
9,mélangeur,7,mel@Z9R
8,méridien,7,meRidj5
11,mésalliance,8,mezalj@s
7,méthyle,5,metil
9,méthylène,7,metilEn
10,météorique,8,meteoRik
14,météorologiste,13,meteoRoloZist
5,nacré,5,nakRe
4,naga,4,naga
3,nap,3,nap
8,narratif,7,naRatif
11,naturaliser,10,natyRalize
7,nautile,5,notil
8,nazaréen,7,nazaRe5
5,nervi,5,nERvi
16,neurofibromatose,14,n2RofibROmatoz
11,neurotoxine,10,n2RotOksin
17,neurotransmetteur,13,n2RotR@smEt9R
13,nietzschéenne,7,nitSeEn
6,nikkei,5,nikEj
3,nil,3,nil
9,nominatif,9,nominatif
3,non,2,n§
13,noradrénaline,12,nORadRenalin
11,numérologue,9,nymeRolOg
8,nunchaku,7,nunSaku
9,nécropsie,8,nekRopsi
10,nécrotique,8,nekRotik
11,néphrologie,9,nefRoloZi
13,océanographie,11,oseanogRafi
7,olivine,6,Olivin
10,ondulation,8,§dylasj§
4,onto,3,§to
9,opposable,7,opozabl
12,optométriste,11,OptometRist
9,osso buco,7,osobuko
9,overdrive,9,Ov9RdRajv
7,oxygéné,8,OksiZene
8,oxymoron,8,OksimoR§
9,palliatif,8,paljatif
5,palot,4,palo
7,panaché,6,panaSe
5,panty,4,p@ti
9,pare-feux,5,paRf2
11,paresthésie,9,paREstezi
9,parodique,7,paRodik
10,pasteurisé,9,past9Rize
14,pathétiquement,10,patetik°m@
7,pauvret,5,povRE
9,pavlovien,8,pavlOvj5
6,payeur,5,pEj9R
5,pentu,4,p@ty
10,peppermint,9,pEpERmint
11,perforateur,10,pERfoRat9R
16,personnalisation,14,pERsonalizasj§
11,persécuteur,10,pERsekyt9R
9,pestiféré,9,pEstifeRe
10,petit-lait,6,p°tilE
9,phalarope,7,falaROp
7,phalène,5,falEn
7,phalère,5,falER
9,philistin,7,filist5
6,phrasé,5,fRaze
7,phtisie,5,ftizi
15,phénoménalement,12,fenOmenal°m@
9,piano-bar,8,pjanobaR
9,pied-plat,6,pjepla
9,pigeonner,6,piZone
8,pimbêche,5,p5bES
15,pince-sans-rire,8,p5ss@RiR
8,pincette,5,p5sEt
8,pioupiou,6,pjupju
9,pipi-room,7,pipiRum
9,plafonner,7,plafone
14,platoniquement,11,platonik°m@
6,plazza,6,pladza
4,plie,3,pli
9,podologue,7,podolOg
9,poivrière,9,pwavRijER
7,polaque,5,polak
10,polymorphe,8,polimORf
10,polymérase,9,pOlimeRaz
12,polyuréthane,10,pOliyRetan
6,portal,6,pORtal
8,portland,7,pORtl@d
12,post-synchro,9,pOsts5kRo
9,postulant,7,pOstyl@
7,pouffer,4,pufe
7,praliné,7,pRaline
7,premium,7,pRemjOm
9,propylène,8,pROpilEn
11,prospecteur,10,pROspEkt9R
10,préemption,8,pRe@psj§
10,préfrontal,9,pRefR§tal
8,prémisse,6,pRemis
13,préopératoire,12,pReopeRatwaR
7,préposé,7,pRepoze
11,préscolaire,9,pReskolER
9,préséance,7,pRese@s
11,pseudomonas,10,ps2dOmOnas
11,psilocybine,10,psilOsibin
10,psittacose,8,psitakoz
16,psychopathologie,13,psikopatoloZi
6,pucier,5,pysje
6,pueblo,6,py°blo
7,pullman,6,pulman
9,purifiant,7,pyRifj@
11,puritanisme,10,pyRitanizm
8,pénitent,6,penit@
11,péricardite,10,peRikaRdit
8,pétiller,6,petije
8,pétoncle,6,pet§kl
12,qualificatif,11,kalifikatif
7,quechua,5,keSua
12,queue-de-pie,6,k2d°pi
7,quiller,4,kije
7,quintet,4,k5tE
4,rabe,3,Rab
10,rachitisme,8,RaSitizm
12,radiologiste,11,RadjOlOZist
8,raffoler,6,Rafole
6,rageur,5,RaZ9R
12,ramification,11,Ramifikasj§
8,rapacité,8,Rapasite
9,ravageant,6,RavaZ@
17,reconditionnement,13,R°k§disjOn°m@
9,recroiser,8,R°kRwaze
12,rectificatif,12,REktifikatif
9,rectitude,8,REktityd
10,rediffuser,8,R°difyze
8,redoublé,7,R°duble
11,relativisme,10,R°lativizm
14,remue-méninges,9,R°mymen5Z
9,rengainer,6,R@gene
9,reniflage,8,R2niflaZ
13,renégociation,12,R°negosjasj§
8,repéreur,7,R2peR9R
7,rescapé,7,REskape
5,reset,5,R2zEt
10,retapisser,8,R°tapise
11,riboflavine,10,Riboflavin
9,réaligner,7,RealiNe
7,réarmer,6,ReaRme
12,réexpédition,12,ReEkspedisj§
10,référencer,8,RefeR@se
9,réprouver,7,RepRuve
8,répudier,7,Repydje
10,répétiteur,9,Repetit9R
8,rétameur,7,Retam9R
15,rétroactivement,13,RetRoaktiv°m@
13,réverbération,12,RevERbeRasj§
9,rôtisseur,7,Rotis9R
8,sabéenne,6,sabeEn
6,sachem,5,saSEm
12,saint-crépin,7,s5kRep5
4,saki,4,saki
12,sanguinolent,8,s@ginol@
10,sans-faute,5,s@fot
10,sans-grade,6,s@gRad
8,saoudite,6,saudit
11,scandaliser,9,sk@dalize
7,scander,5,sk@de
7,schiste,4,Sist
7,scinder,4,s5de
9,scoutisme,7,skutizm
13,second-maître,9,s2g§dmEtR
8,sellerie,6,sEl°Ri
11,sentencieux,7,s@t@sj2
5,serin,4,s°R5
8,siffleur,6,sifl9R
9,siffloter,7,siflote
8,slalomer,7,slalome
8,solderie,7,sOld°Ri
10,soudaineté,8,sudEn°te
8,soupeser,6,sup°ze
14,sous-continent,8,suk§tin@
14,spatiotemporel,13,spatjot@poREl
9,speakeasy,7,spikizi
13,spectrographe,11,spEktRogRaf
4,spic,4,spik
5,spina,5,spina
9,splénique,7,splenik
7,steamer,6,stim9R
5,strie,4,stRi
11,stroboscope,10,stRObOskOp
16,structurellement,13,stRyktyREl°m@
9,structuré,9,stRyktyRe
6,subito,6,sybito
10,submersion,9,sybmERsj§
14,sud-vietnamien,12,sydvjEtnamj5
8,suintant,5,s85t@
7,sultane,6,syltan
10,supination,9,sypinasj§
6,sureau,4,syRo
11,surfacturer,10,syRfaktyRe
8,suricate,7,syRikat
13,surimpression,10,syR5pResj§
13,surproduction,12,syRpRodyksj§
10,survoltage,9,syRvOltaZ
8,symphyse,5,s5fiz
13,synchroniseur,10,s5kROniz9R
11,syndication,9,s5dikasj§
6,sébacé,6,sebase
12,sédimentaire,9,sedim@tER
13,sélectivement,11,selEktiv°m@
10,sémantique,7,sem@tik
7,tableur,6,tabl9R
6,talion,5,talj§
5,tanin,4,tan5
3,tao,3,tao
5,tarir,5,taRiR
10,taupinière,8,topinjER
7,tempura,6,t@pyRa
7,tendron,5,t@dR§
5,terni,5,tERni
14,territorialité,13,teRitORjalite
6,thaler,5,talER
11,thalidomide,9,talidomid
6,thymus,5,timys
7,timbrer,5,t5bRe
6,tipper,5,tip9R
10,tonitruant,8,tonitRy@
6,torque,4,tORk
8,tortille,6,tORtij
11,totalitaire,9,totalitER
8,tournois,6,tuRnwa
11,tout-venant,6,tuv°n@
8,trachéal,7,tRakeal
9,traitable,7,tREtabl
14,transmigration,12,tR@smigRasj§
11,transpirant,8,tR@spiR@
12,transplanter,9,tR@spl@te
9,trappiste,7,tRapist
9,treillage,6,tREjaZ
13,tricentenaire,10,tRis@t°nER
6,trieur,6,tRij9R
6,triper,5,tRipe
8,tromblon,6,tR§bl§
8,tropique,6,tRopik
6,trépan,5,tRep@
11,tuberculeux,9,tybERkyl2
8,tue-loup,4,tylu
7,turista,7,tyRista
13,typographique,10,tipogRafik
10,tyranniser,8,tiRanize
9,téléroman,8,teleROm@
14,télévangéliste,12,telev@Zelist
8,tératome,7,teRatom
6,téteur,5,tet9R
13,unicellulaire,10,ynisElylER
7,usinage,6,yzinaZ
7,va-tout,4,vatu
9,vacataire,7,vakatER
8,vacation,7,vakasj§
15,vaisseau-amiral,10,vEsoamiRal
10,valdinguer,7,vald5ge
11,variabilité,11,vaRjabilite
15,vidéoconférence,12,videok§feR@s
11,viticulteur,10,vitikylt9R
8,voilette,6,vwalEt
18,voiture-restaurant,13,vwatyRREstOR@
8,volubile,7,volybil
7,vomitif,7,vomitif
4,voué,3,vwe
5,vérin,4,veR5
7,vétuste,6,vetyst
13,walkie-talkie,10,wOlkitOlki
8,windsurf,8,winds9Rf
4,zest,4,zEst
9,ziggourat,7,ziguRat
9,zirconium,9,ziRkonjom
14,à mon encontre,9,am§n@k§tR
14,à son encontre,9,as§n@k§tR
1,é,1,e
7,ébattre,5,ebatR
6,ébloui,5,eblui
9,ébouriffé,7,ebuRife
10,écartement,8,ekaRt°m@
7,échaudé,5,eSode
7,échiner,5,eSine
16,écholocalisation,14,ekolOkalizasj§
10,éclectisme,9,eklEktizm
6,éclopé,6,eklope
9,égaliseur,8,egaliz9R
10,égorgement,8,egORZ°m@
8,égotiste,7,egotist
8,éjecteur,7,eZEkt9R
11,électrolyse,10,elEktRoliz
14,électrolytique,12,elEktRolitik
11,éloquemment,7,elokam@
11,élucidation,10,elysidasj§
18,émetteur-récepteur,14,emet9RResEpt9R
8,émietter,6,emjete
8,émousser,5,emuse
6,épicéa,6,episea
12,épiscopalien,11,episkopalj5
11,épisiotomie,10,epizjotomi
12,époustoufler,9,epustufle
7,éreinté,5,eR5te
13,érythrophobie,10,eRitRofObi
7,étamine,6,etamin
10,éthylotest,9,etilOtEst
6,étuvée,5,etyve
8,éviction,7,eviksj§
9,a capella,7,akapEla
10,a cappella,7,akapEla
10,a fortiori,9,afORsjoRi
14,abaisse-langue,7,abEsl@g
3,abc,5,abese
6,abouti,5,abuti
7,abrasif,7,abRazif
7,abribus,7,abRibys
7,abuseur,6,abyz9R
5,abyme,4,abim
7,acanthe,4,ak@t
12,accastillage,9,akastijaZ
9,acceptant,7,aksEpt@
13,accommodation,10,akomodasj§
9,adaptatif,9,adaptatif
11,additionnel,9,adisjonEl
9,adduction,7,adyksj§
3,adp,5,adepe
14,adénocarcinome,13,adenokaRsinom
7,affairé,5,afeRe
8,afférent,5,afeR@
8,affûtage,6,afytaZ
10,aficionado,10,afisjonado
6,afin d,4,af5d
13,aggiornamento,12,aZjORnamEnto
9,aguichant,5,agiS@
14,aide-comptable,8,Edk§tabl
14,aide-infirmier,9,Ed5fiRmje
12,aide-mémoire,8,EdmemwaR
9,aiguiseur,6,egiz9R
7,ajourné,6,aZuRne
7,albâtre,6,albatR
10,allume-feu,6,alymf2
10,allègement,7,alEZ°m@
8,allécher,5,aleSe
11,allégorique,8,alegoRik
5,alose,4,aloz
10,alvéolaire,8,alveOlER
4,aman,3,am@
9,amidonner,7,amidone
5,aminé,5,amine
6,amnios,6,amnjos
9,amoralité,9,amoRalite
12,améliorateur,11,ameljoRat9R
10,amérindien,8,ameR5dj5
12,anachronique,9,anakRonik
9,anaglyphe,7,anaglif
12,andouillette,6,@dujEt
9,androgyne,7,@dRoZin
6,angora,5,@goRa
7,anhydre,5,anidR
9,anhydride,7,anidRid
10,anthracine,7,@tRasin
13,anti-blindage,9,@tibl5daZ
11,anti-cancer,8,@tik@sER
15,anti-corruption,11,@tikoRypsj§
10,anti-démon,7,@tidem§
14,anti-explosion,12,@tiEksplozj§
13,anti-intimité,10,@ti5timite
11,anti-poison,8,@tipwaz§
14,anti-pollution,10,@tipolysj§
9,anti-poux,5,@tipu
12,anti-sociaux,8,@tisosjo
19,anti-vieillissement,12,@tivjEjis°m@
8,anti-âge,5,@tiaZ
12,antibiotique,9,@tibjotik
8,antichoc,6,@tiSOk
18,antigravitationnel,16,@tigRavitasjOnEl
16,antihistaminique,12,@tiistaminik
9,antihéros,6,@tieRo
11,antimissile,8,@timisil
10,antiproton,8,@tipROt§
15,antipsychotique,11,@tipsikOtik
10,apiculteur,9,apikylt9R
10,apiculture,9,apikyltyR
7,apollon,5,apol§
13,appropriation,12,apRopRijasj§
15,après-shampoing,9,apRES@pw5
16,après-shampooing,9,apRES@pw5
7,aquagym,7,akwaZim
6,arable,5,aRabl
7,araméen,6,aRame5
9,archifaux,6,aRSifo
8,arlequin,6,aRl°k5
12,arrière-fond,7,aRjERf§
19,arrière-grand-oncle,11,aRjERgR@§kl
6,aréole,5,aReOl
8,ascendre,5,as@dR
6,ascite,4,asit
8,asphyxié,8,asfiksje
6,aspiré,6,aspiRe
15,assouplissement,10,asuplis°m@
10,assujettir,8,asyZetiR
17,assurance-maladie,12,asyR@smaladi
11,astrochimie,9,astRoSimi
10,astérisque,8,asteRisk
8,atrophié,7,atRofje
7,atrésie,6,atRezi
5,aulne,2,on
10,autistique,7,otistik
16,auto-tamponneuse,10,otot@pon2z
12,autodérision,10,otodeRizj§
9,autoneige,6,otonEZ
14,autosuffisance,10,otosyfiz@s
10,auxquelles,4,okEl
8,auxquels,4,okEl
6,avachi,5,avaSi
6,avanie,5,avani
12,avant-projet,8,av@pRoZE
11,avertisseur,9,avERtis9R
9,avocatier,8,avokatje
5,azyme,4,azim
4,aéro,4,aeRo
10,aérographe,8,aeRogRaf
8,babouche,5,babuS
9,bacchanal,7,bakanal
11,badigeonner,8,badiZone
9,bafouille,5,bafuj
11,baisouiller,6,bEzuje
8,bakélite,7,bakelit
6,banian,5,banj@
11,banlieusard,8,b@lj2zaR
7,banquer,4,b@ke
10,barbarisme,9,baRbaRizm
7,bardane,6,baRdan
12,barométrique,10,baRometRik
6,baroud,5,baRud
9,basculant,7,baskyl@
11,basculement,9,baskyl°m@
9,basilaire,7,bazilER
8,basileus,6,bazil2
10,beaujolais,6,boZolE
5,bedon,4,b2d§
10,belliciste,8,bElisist
6,beluga,6,belyga
8,benzoate,6,b5zOat
4,berg,4,bERg
5,biais,3,bjE
9,bicéphale,7,bisefal
9,bienséant,6,bj5se@
9,bilboquet,7,bilbokE
6,biller,4,bije
11,blackbouler,8,blakbule
8,bleuâtre,6,bl2atR
8,bloqueur,6,blok9R
8,blâmable,7,blamabl
6,bolcho,5,bOlSo
4,bold,4,bOld
8,bombardé,7,b§baRde
5,bosco,5,bOsko
13,bougainvillée,8,bug5vile
8,bouiboui,6,bwibwi
9,boulonner,6,bulone
6,bourbe,4,buRb
10,bourre-pif,6,buRpif
9,bourriche,5,buRiS
8,boutonné,6,butone
9,bouvillon,6,buvij§
13,brainstorming,12,bREjnstORmiG
7,braiser,5,bREze
7,brassée,5,bRase
7,bricolo,7,bRikolo
7,brimade,6,bRimad
6,brouet,4,bRuE
7,broyeur,7,bRwaj9R
8,bruitage,7,bR8itaZ
8,bêtisier,7,betizje
8,caberlot,7,kabERlo
7,cabrage,6,kabRaZ
10,cacophonie,8,kakofoni
10,cadavéreux,8,kadaveR2
4,calf,4,kalf
10,calfeutrer,8,kalf2tRe
6,calque,4,kalk
8,calville,6,kalvil
7,camélia,7,kamelja
9,candidose,7,k@didoz
5,caner,4,kane
9,canonnade,7,kanonad
8,canotage,7,kanotaZ
14,capital-risque,11,kapitalRisk
9,caquetage,7,kak°taZ
8,carabiné,8,kaRabine
18,carboxyhémoglobine,17,kaRbOksiemoglObin
13,cardiomégalie,12,kaRdjOmegali
11,caricatural,11,kaRikatyRal
7,cariste,6,kaRist
8,carrelet,6,kaR°lE
12,cartouchière,9,kaRtuSjER
5,carvi,5,kaRvi
9,caryotype,8,kaRjotip
8,carénage,7,kaRenaZ
7,cascara,7,kaskaRa
9,castagner,7,kastaNe
10,catapulter,9,katapylte
12,cauchemarder,9,koS°maRde
6,caudal,5,kodal
9,cavalcade,8,kavalkad
10,centigrade,8,s@tigRad
4,chah,2,Sa
6,chalut,4,Saly
10,chamanisme,8,Samanizm
10,chambertin,7,S@bERt5
10,chancelant,6,S@s°l@
10,charcutage,8,SaRkytaZ
9,chardonay,7,SaRdOnE
12,charpenterie,9,SaRp@t°Ri
12,chauffagiste,8,SofaZist
12,chef-adjoint,8,SEfadZw5
10,chichement,6,SiS°m@
6,chiner,4,Sine
14,chiropraticien,12,kiROpRatisj5
10,cholédoque,7,koledOk
6,chorée,4,koRe
6,chouya,4,Suja
5,chtar,4,StaR
7,chênaie,4,SEnE
7,chômedu,6,Som°dy
7,cibiste,6,sibist
6,ciller,4,sije
8,cinglant,5,s5gl@
15,cinématographie,13,sinematogRafi
9,cinéphile,7,sinefil
11,circonspect,8,siRk§spE
14,circonspection,12,siRk§spEksj§
6,cirrus,5,siRys
10,citronnier,8,sitRonje
10,civilement,8,sivil°m@
6,clandé,5,kl@de
8,clapoter,7,klapote
11,classicisme,9,klasisizm
8,clearing,6,kliRiG
11,clitoridien,10,klitoRidj5
12,close-combat,8,klozk§ba
8,coaccusé,7,koakyze
3,cob,3,kOb
10,cochléaire,7,kOkleER
8,cocufier,7,kokyfje
6,codeur,5,kod9R
9,colimaçon,8,kolimas§
16,collectivisation,14,kolEktivizasj§
10,collerette,7,kOl°REt
12,colorisation,11,koloRizasj§
8,commuter,6,komyte
8,complexé,8,k§plEkse
8,comporte,6,k§pORt
18,comportementaliste,15,k§pORt°m@talist
12,compte-tours,6,k§ttuR
9,computeur,7,k§pyt9R
6,conard,5,konaR
12,conciergerie,10,k§sjERZ°Ri
14,concrétisation,12,k§kRetizasj§
13,conditionneur,10,k§disjon9R
13,confectionner,10,k§fEksjone
8,confetti,6,k§feti
11,conjugaison,8,k§ZygEz§
13,contorsionner,10,k§tORsjone
11,contractuel,10,k§tRakt8El
12,contre-allée,7,k§tRale
17,contre-indication,12,k§tR5dikasj§
13,contre-mesure,10,k§tR2m2zyR
11,contre-pied,8,k§tR°pje
9,contre-ut,7,k§tR°yt
11,contrevenir,10,k§tR°v°niR
6,coolos,5,kulos
5,copra,5,kopRa
10,corollaire,7,koRolER
12,corporatiste,11,kORpoRatist
7,cossard,5,kosaR
5,cossu,4,kosy
8,coudrier,7,kudRije
9,coulisser,6,kulise
6,coulpe,4,kulp
8,coupelle,5,kupEl
9,coussinet,6,kusinE
11,couvre-feux,7,kuvR°f2
6,cracra,6,kRakRa
8,craquage,6,kRakaZ
8,crassier,6,kRasje
7,crevard,6,kR°vaR
4,crib,4,kRib
8,crincrin,6,kR5kR5
10,crispation,9,kRispasj§
10,cristallin,8,kRistal5
11,cristallisé,10,kRistalize
10,crochetage,8,kROS°taZ
6,crocus,6,kRokys
6,crypto,6,kRipto
6,crédié,6,kRedje
8,créosote,7,kReozOt
7,crêpage,6,kREpaZ
10,cubitainer,9,kybitEn9R
7,cul-cul,4,kyky
9,culbuteur,8,kylbyt9R
10,cultivable,9,kyltivabl
7,cupidon,6,kypid§
7,curaçao,7,kyRasao
8,cuticule,7,kytikyl
9,cynophile,7,sinOfil
10,cytoplasme,9,sitoplasm
8,cytosine,7,sitozin
11,cytotoxique,10,sitotOksik
6,cépage,5,sepaZ
13,cérébralement,11,seRebRal°m@
11,cérémonieux,9,seRemonj2
10,césarienne,8,sezaRjEn
14,dactylographie,12,daktilogRafi
7,dallage,5,dalaZ
5,damer,4,dame
8,de plano,7,deplano
11,demi-minute,9,d°miminyt
9,demi-sang,6,d°mis@
11,demi-teinte,7,d°mit5t
5,denim,5,d2nim
6,dental,5,d@tal
10,descendeur,7,des@d9R
10,desiderata,10,dezideRata
5,devon,4,dev§
10,diabolisme,9,djabOlism
11,diffraction,9,difRaksj§
8,digicode,7,diZikOd
8,diligent,6,diliZ@
9,diminuant,7,dimin8@
7,diorite,6,djORit
16,diplomatiquement,13,diplomatik°m@
11,discordance,9,diskORd@s
12,disculpation,11,diskylpasj§
9,disserter,7,disERte
11,dissipation,9,disipasj§
12,distillation,10,distilasj§
9,distinguo,7,dist5go
11,diversement,9,divERs°m@
13,diverticulose,12,divERtikyloz
12,dix-huitième,9,diz8itjEm
8,dog-cart,7,dOgkaRt
7,doigter,5,dwate
17,dommages-intérêts,12,domaZze5teRE
4,doté,4,dote
10,douillette,5,dujEt
9,doux-amer,6,duamER
8,dragster,8,dRagstER
5,drift,5,dRift
8,droppage,6,dRopaZ
5,drums,4,dR9m
5,durit,5,dyRit
10,dynamiteur,9,dinamit9R
10,débilitant,8,debilit@
8,déboguer,6,deboge
9,débrayage,8,debREjaZ
11,débridement,9,debRid°m@
8,débrider,7,debRide
10,décapsuler,9,dekapsyle
6,décati,6,dekati
9,décelable,8,des°labl
13,déchiffrement,9,deSifR°m@
7,décibel,7,desibEl
13,décisionnaire,10,desizjonER
11,décisionnel,10,desizjonEl
11,déclenchant,7,dekl@S@
11,décompenser,8,dek§p@se
8,déconfit,6,dek§fi
10,décrassage,8,dekRasaZ
7,décuver,6,dekyve
5,dédit,4,dedi
10,déflecteur,9,deflEkt9R
13,déforestation,12,defoREstasj§
9,déformant,7,defORm@
8,défroqué,7,defRoke
11,dégrèvement,9,degREv°m@
12,dégueulasser,8,deg2lase
12,déhanchement,7,de@S°m@
8,délasser,6,delase
7,délivre,6,delivR
8,déloquer,6,deloke
12,démagnétiser,10,demaNetize
8,démesure,7,dem°zyR
14,démissionnaire,10,demisjonER
9,démonique,7,demOnik
11,démystifier,10,demistifje
8,démérite,7,demeRit
9,déniaiser,7,denjeze
8,départir,8,depaRtiR
8,dépayser,7,depeize
7,dépeint,4,dep5
11,déperdition,10,depERdisj§
11,dépilatoire,10,depilatwaR
10,déplantoir,9,depl@twaR
9,dépolluer,7,depOl8e
12,dérégulation,11,deRegylasj§
12,désaffection,10,dezafEksj§
11,désappointé,9,dezapw5te
14,désapprobateur,12,dezapRobat9R
9,désarmant,7,dezaRm@
9,désherber,7,dezERbe
11,désodoriser,10,dezodoRize
13,désolidariser,12,desolidaRize
7,dételer,6,det°le
7,ectopie,6,EktOpi
9,ectopique,7,EktOpik
12,effervescent,8,efERves@
8,effriter,6,efRite
8,eldorado,8,EldoRado
6,embole,4,@bOl
7,embûche,4,@byS
9,empennage,6,@p°naZ
8,empilage,6,@pilaZ
9,emplâtrer,7,@platRe
8,emporium,7,@poRjOm
10,emprunteur,7,@pR1t9R
9,empêcheur,6,@pES9R
7,empêché,5,@peSe
9,encablure,7,@kablyR
11,encaustique,7,@kostik
8,encenser,5,@s@se
9,encensoir,7,@s@swaR
10,encyclique,7,@siklik
12,encéphalique,8,@sefalik
14,endocrinologue,11,@dokRinolOg
11,endoctriner,9,@dOktRine
12,endométriose,11,@dOmetRijoz
14,endormissement,10,@dORmis°m@
11,engorgement,8,@gORZ°m@
14,ensoleillement,9,@solEj°m@
14,enthousiasmant,9,@tuzjasm@
14,entourloupette,9,@tuRlupEt
8,entêtant,5,@tEt@
11,enveloppant,7,@v°lop@
5,ergot,4,ERgo
8,ermitage,7,ERmitaZ
9,esclaffer,7,Esklafe
9,escorteur,8,EskORt9R
10,esthétisme,8,Estetizm
11,euphorisant,7,2foRiz@
12,ex-capitaine,10,EkskapitEn
11,ex-ministre,10,EksministR
15,ex-propriétaire,13,EkspRopRietER
8,exacerbé,9,EgzasERbe
8,excentré,7,Eks@tRe
7,excepté,7,EksEpte
14,excursionniste,13,EkskyRsjonist
12,excédentaire,9,Eksed@tER
12,exfiltration,12,EksfiltRasj§
3,exo,4,Ekso
10,exproprier,11,EkspRopRije
7,exsuder,6,Eksyde
10,extra-fort,9,EkstRafOR
12,extra-lucide,11,EkstRalysid
10,extracteur,10,EkstRakt9R
10,factoriser,9,faktORize
7,fadasse,5,fadas
3,faf,3,faf
10,fainéanter,7,fene@te
11,fainéantise,8,fene@tiz
9,faisander,6,f°z@de
4,fané,4,fane
8,fauchage,5,foSaZ
7,fausset,4,fosE
10,faux-filet,6,fofilE
9,feed-back,6,fidbak
5,ferré,4,fERe
6,fileur,5,fil9R
6,firman,5,fiRm@
8,fissible,6,fisibl
7,fistule,6,fistyl
11,flagornerie,10,flagORn°Ri
12,flamboiement,8,fl@bwam@
10,flibustier,9,flibystje
8,fluorite,7,flyORit
5,foehn,3,f2n
6,folklo,6,fOlklo
8,folâtrer,7,folatRe
8,fongible,6,f§Zibl
6,fongus,4,f§gy
7,footeux,4,fut2
10,formaliser,9,fORmalize
8,formater,7,fORmate
8,formique,6,fORmik
7,forçage,6,fORsaZ
10,foutriquet,7,futRikE
11,fox-terrier,9,fOkstERje
8,franklin,6,fR@kl5
12,fredonnement,9,fR°dOn°m@
7,fritter,5,fRite
8,fromager,7,fRomaZe
8,frometon,7,fROm°t§
10,frontalier,8,fR§talje
13,frotti-frotta,10,fRotifRota
12,full-contact,9,fulk§takt
9,fullerène,7,fyl°REn
6,fécond,4,fek§
5,férir,5,feRiR
7,gabegie,5,gabZi
7,gagneur,5,gaN9R
7,galurin,6,galyR5
6,gambit,4,g@bi
6,gammas,4,gama
7,ganache,5,ganaS
5,ganté,4,g@te
8,garrotte,5,gaROt
15,gastro-entérite,12,gastRo@teRit
18,gastro-entérologue,14,gastRo@teRolOg
17,gastro-intestinal,15,gastRo5tEstinal
10,gastronome,9,gastRonOm
6,gaufré,5,gofRe
11,gentamicine,9,Z@tamisin
9,gentillet,6,Z@tijE
8,gerboise,7,ZERbwaz
8,gin-fizz,8,dZinfidz
8,gin-rami,8,dZinRami
6,glapir,6,glapiR
8,glaréole,7,glaReOl
12,glioblastome,12,glijOblastom
9,glissoire,7,gliswaR
9,globalité,9,globalite
10,globulaire,8,globylER
9,glossaire,6,glosER
8,glucagon,7,glykag§
5,gluon,4,gly§
8,gnognote,5,NoNOt
6,gobage,5,gobaZ
7,gobelin,6,gOb°l5
8,godillot,6,godijo
6,gonade,5,gonad
4,gond,2,g§
5,gotha,4,gota
7,gouache,4,gwaS
9,goupiller,6,gupije
11,gouttelette,7,gut°lEt
5,graal,4,gRal
9,granuleux,7,gRanyl2
8,gratteur,6,gRat9R
9,graveleux,7,gRav°l2
7,gravide,6,gRavid
8,graviter,7,gRavite
6,greffe,4,gREf
9,grenadier,8,gR°nadje
11,griffonnage,8,gRifonaZ
12,grignotement,9,gRiNOt°m@
7,gripper,5,gRipe
5,grole,4,gROl
6,grolle,4,gROl
8,gros-cul,5,gRoky
11,grossissant,7,gRosis@
13,grotesquement,10,gRotEsk°m@
10,grouillant,5,gRuj@
7,guanine,6,gwanin
8,guenille,5,g°nij
6,guette,3,gEt
4,guna,4,gyna
8,guttural,7,gytyRal
9,guéguerre,5,gegER
6,gélule,5,Zelyl
6,gémeau,4,Zemo
9,gémissant,6,Zemis@
11,génialement,9,Zenjal°m@
11,génocidaire,9,ZenOsidER
12,généalogiste,11,ZenealoZist
5,géode,4,ZeOd
9,géographe,7,ZeogRaf
15,géostationnaire,12,ZeostasjonER
10,half-track,7,alftRak
9,halloween,6,alowin
9,harnacher,6,aRnaSe
13,haut-le-coeur,6,ol°k9R
7,heptane,5,Eptan
7,herbage,5,ERbaZ
9,herbivore,7,ERbivOR
13,herboristerie,11,ERboRist°Ri
12,herpétologie,10,ERpetOlOZi
6,hi-han,2,i@
6,hiatus,5,jatys
9,high life,6,ajlajf
7,hittite,4,itit
9,homme-clé,5,Omkle
13,homme-machine,7,OmmaSin
12,homo erectus,10,omoeRektys
11,homogénéité,10,omoZeneite
9,homérique,6,omeRik
10,horrifique,6,oRifik
9,hors-bord,5,ORbOR
9,huisserie,6,8is°Ri
9,hyacinthe,5,jas5t
9,hydratant,6,idRat@
11,hydrophobie,8,idRofobi
13,hydrostatique,10,idRostatik
11,hyperplasie,9,ipERplazi
10,hypertendu,8,ipERt@dy
12,hypnagogique,9,ipnagOZik
11,hypocondrie,8,ipok§dRi
13,hypothermique,9,ipotERmik
13,hypothyroïdie,10,ipotiRoidi
4,hère,2,ER
9,hégémonie,7,eZemoni
10,héliotrope,8,eljotROp
11,hémodialyse,9,emodjaliz
5,iboga,5,ibOga
9,icarienne,7,ikaRjEn
13,idiosyncrasie,11,idjos5kRazi
8,ignifugé,7,iNifyZe
12,illégitimité,11,ileZitimite
11,immanquable,7,5m@kabl
12,immatriculer,10,imatRikyle
11,immobilisme,9,imobilizm
16,immunodéficience,13,imynodefisj@s
14,impartialement,11,5paRsjal°m@
8,implosif,7,5plozif
14,implémentation,11,5plem@tasj§
11,imprécision,9,5pResizj§
9,impédance,6,5ped@s
8,inamical,8,inamikal
13,inapprochable,10,inapROSabl
9,inassouvi,7,inasuvi
10,incitateur,8,5sitat9R
10,inclinable,8,5klinabl
11,incommodant,7,5komOd@
13,inconséquence,8,5k§sek@s
7,indexer,6,5dEkse
6,indigo,5,5digo
6,induit,4,5d8i
8,indécise,6,5desiz
9,ineffable,7,inefabl
11,inexpressif,11,inEkspResif
11,infographie,8,5fogRafi
9,informant,6,5fORm@
7,infoutu,5,5futy
10,inhalateur,8,inalat9R
8,innovant,5,inov@
7,inopiné,7,inopine
14,insensibiliser,11,5s@sibilize
14,insidieusement,10,5sidj2z°m@
10,insoucieux,6,5susj2
11,insoupçonné,8,5supsone
9,intension,6,5t@sj§
10,interligne,7,5tERliN
9,interposé,8,5tERpoze
10,interrègne,7,5tERREN
13,interservices,10,5tERsERvis
17,interventionniste,13,5tERv@sjOnist
12,interversion,10,5tERvERsj§
14,intervertébral,13,5tERvERtebRal
14,intransigeance,9,5tR@ziZ@s
15,intravasculaire,12,5tRavaskylER
8,intrusif,7,5tRyzif
11,intrépidité,10,5tRepidite
5,inuit,5,in8it
7,inviolé,6,5vjole
11,inéquitable,9,inekitabl
13,inévitabilité,13,inevitabilite
8,ionisant,6,jOniz@
8,iroquois,6,iRokwa
13,irrationalité,12,iRasjonalite
8,irrésolu,7,iRezoly
10,isotopique,8,izotopik
6,jacket,5,ZakEt
9,jappement,6,Zap°m@
10,jardinerie,9,ZaRdin°Ri
6,jeteur,5,Z°t9R
6,jigger,6,dZig9R
9,jovialité,9,Zovjalite
7,jéjunum,7,ZeZynOm
5,kanji,4,k@Zi
5,kapok,5,kapOk
6,kerrie,4,kERi
12,kilométrique,10,kilometRik
6,kipper,5,kip9R
8,kugelhof,6,kuglOf
6,lacéré,6,laseRe
7,lambris,5,l@bRi
6,larder,5,laRde
12,laurier-rose,8,loRjeRoz
5,lesté,5,lEste
6,letton,4,lEt§
5,liant,3,lj@
13,libre-penseur,10,libR°p@s9R
13,libre-service,11,libR°sERvis
8,libretto,7,libREto
14,libéralisation,13,libeRalizasj§
7,lingère,5,l5ZER
6,liquor,6,likwOR
12,liquéfaction,10,likefaksj§
8,lithiase,6,litjaz
9,litigieux,7,litiZj2
3,lob,3,lOb
11,lobotomiser,10,lobotomize
11,localisable,10,lokalizabl
8,locution,7,lokysj§
5,login,5,lOgin
6,lolita,6,lolita
5,loris,5,lORis
6,lorsqu,5,lORsk
11,loufoquerie,8,lufOk°Ri
5,louée,3,lwe
5,luffa,4,l9fa
4,lyse,3,liz
6,lysine,5,lizin
8,légalisé,8,legalize
10,macération,9,maseRasj§
12,magnétomètre,10,maNetomEtR
7,mahatma,6,maatma
8,maigreur,6,mEgR9R
7,mailing,6,mEjliG
7,majorer,6,maZoRe
9,malaisien,7,malEzj5
9,malandrin,7,mal@dR5
8,malaxeur,8,malaks9R
10,malcommode,8,malkomOd
8,malfaçon,7,malfas§
9,malignité,8,maliNite
5,malus,5,malys
5,manga,4,m@ga
9,manichéen,7,manike5
7,maniéré,7,manjeRe
15,manoeuvrabilité,13,man9vRabilite
12,manoeuvrable,9,man9vRabl
11,manutention,9,manyt@sj§
8,marbrier,7,maRbRje
6,marbré,6,maRbRe
7,margaux,5,maRgo
8,margelle,6,maRZEl
8,marinier,7,maRinje
9,marsupial,9,maRsypjal
9,marteleur,8,maRt°l9R
8,maryland,7,maRil@d
8,matelote,7,mat°lOt
9,maternage,8,matERnaZ
10,maxillaire,8,maksilER
9,mennonite,7,menonit
4,mens,2,m@
8,mentholé,6,m@tole
13,mercantilisme,11,mERk@tilizm
6,merdre,5,mERdR
10,mesmérisme,9,mEsmeRizm
15,meurtre-suicide,12,m9RtR°s8isid
8,meurtrir,7,m9RtRiR
12,meurtrissure,9,m9RtRisyR
7,mi-bête,5,mibEt
9,mi-cuisse,6,mik8is
11,mi-distance,8,midist@s
7,mi-mars,6,mimaRs
11,microscopie,10,mikRoskOpi
11,mignonnette,7,miNonEt
7,mildiou,6,mildju
14,militarisation,13,militaRizasj§
10,millilitre,8,mililitR
9,mimétique,7,mimetik
4,ming,3,miG
6,minium,6,minjOm
8,mirliton,7,miRlit§
11,miroitement,9,miRwat°m@
12,mitochondrie,9,mitOk§dRi
6,mitral,6,mitRal
8,modelage,7,mod°laZ
8,modeleur,7,mod°l9R
10,modifiable,9,modifjabl
12,modélisation,11,modelizasj§
9,modéliste,8,modelist
9,moinillon,7,mwanij§
21,moissonneuse-batteuse,13,mwason2zbat2z
6,mollir,5,moliR
4,moly,4,mOli
5,moman,4,mom@
10,moment-clé,7,mom@kle
7,momifié,7,momifje
10,monitorage,9,mOnitORaZ
10,monochrome,8,monokRom
12,monomaniaque,10,monomanjak
9,monoplace,8,monoplas
11,monte-plats,6,m§tpla
9,morphique,6,mORfik
10,moto-cross,8,motokROs
12,motocycliste,11,motosiklist
11,mouchardage,8,muSaRdaZ
8,moufette,5,mufEt
7,mouflon,5,mufl§
10,mouillette,5,mujEt
5,mugir,5,myZiR
11,mugissement,8,myZis°m@
5,mulot,4,mylo
17,multidimensionnel,15,myltidim@sjonEl
13,multifonction,11,myltif§ksj§
17,multimilliardaire,14,myltimiljaRdER
14,multiplicateur,13,myltiplikat9R
6,mycène,5,misEn
6,mygale,5,migal
10,myoglobine,9,mjOglObin
6,myosis,6,mjozis
12,mystiquement,9,mistik°m@
7,mâcheur,5,maS9R
9,mâchonner,6,maSone
11,mâchouiller,6,maSuje
11,mère-patrie,8,mERpatRi
7,mécénat,6,mesena
6,médian,5,medj@
15,médicamentation,13,medikam@tasj§
9,médisance,7,mediz@s
8,médisant,6,mediz@
9,mégatonne,7,megatOn
6,méiose,5,mejoz
8,mélanine,7,melanin
10,méphitique,7,mefitik
12,mésencéphale,9,mez@sefal
12,mésopotamien,11,mezopotamj5
10,mésozoïque,8,mezozoik
14,métallographie,11,metalogRafi
5,nanan,4,nan@
8,napoléon,7,napole§
7,nappage,5,napaZ
8,narcisse,6,naRsis
6,narval,6,naRval
6,natron,5,natR§
14,navire-hôpital,11,naviRopital
12,neuroscience,8,n2Rosj@s
11,neutropénie,9,n2tROpeni
8,niaiseux,5,njEz2
12,nicaraguayen,11,nikaRagwaj5
12,nidification,11,nidifikasj§
6,nipper,4,nipe
7,nominer,6,nOmine
14,non-alignement,10,nOnaliN°m@
10,non-savoir,8,n§savwaR
7,non-vie,4,n§vi
13,nonchalamment,8,n§Salam@
8,nonnette,5,nonEt
10,nonobstant,8,nonOpst@
8,nonsense,5,n§s@s
15,nord-vietnamien,12,nORvjEtnamj5
11,notablement,9,notabl°m@
7,notarié,7,notaRje
8,noviciat,7,novisja
8,nuancier,6,ny@sje
9,numéroter,8,nymeRote
12,nutritionnel,11,nytRisjonEl
7,nymphal,5,n5fal
12,négligemment,9,negliZam@
9,négrillon,7,negRij§
8,néonatal,8,neonatal
11,néoplasique,9,neoplazik
9,népenthès,7,nep@tEz
8,obstruer,7,OpstRye
8,octogone,7,Oktogon
10,oisellerie,8,wazEl°Ri
6,ondulé,5,§dyle
8,onirique,6,oniRik
11,ontologique,8,§toloZik
13,ophtalmologue,10,OftalmolOg
8,opposant,5,opoz@
9,oppressif,7,opResif
7,ordalie,6,ORdali
3,ore,2,OR
5,orlon,4,ORl§
10,oropharynx,9,ORofaR5ks
11,orthodontie,8,ORtod§si
13,orthographier,10,ORtogRafje
5,orvet,4,ORvE
9,oscillant,5,osij@
8,osciller,5,osije
3,ose,2,oz
14,ostensiblement,11,Ost@sibl°m@
12,ostéosarcome,11,OsteosaRkom
10,ouananiche,7,wananiS
6,oursin,4,uRs5
16,outre-atlantique,10,utRatl@tik
6,ovuler,5,ovyle
7,packson,5,paks§
6,pacson,5,paks§
9,paganisme,8,paganizm
7,paillis,4,paji
6,paiute,5,pajyt
9,palpation,8,palpasj§
11,palpitation,10,palpitasj§
15,paléontologiste,13,pale§toloZist
5,paner,4,pane
9,paniquant,6,panik@
7,panurge,6,panyRZ
14,papillomavirus,13,papijOmaviRys
7,papisme,6,papizm
8,paraclet,7,paRaklE
13,parapsychique,10,paRapsiSik
9,pare-boue,5,paRbu
12,parkinsonien,11,paRkinsonj5
10,parmentier,8,paRm@tje
14,parthénogenèse,12,paRtenoZenEz
9,partouzer,7,paRtuze
11,parégorique,9,paRegoRik
10,passe-plat,6,paspla
7,passing,5,pasiG
10,pastenague,8,past2nag
8,patatras,7,patatRa
11,pataugeoire,8,patoZwaR
10,patriarcal,11,patRijaRkal
6,pavage,5,pavaZ
10,peccadille,7,pekadij
10,pedzouille,6,pedzuj
8,pellagre,6,pelagR
9,pelleteur,7,pEl°t9R
8,pendjabi,8,pEndZabi
11,perchlorate,9,pERkloRat
9,perforant,7,pERfoR@
10,perforeuse,8,pERfoR2z
12,permanganate,10,pERm@ganat
12,perpétuation,11,pERpet8asj§
10,perruquier,7,pERykje
12,personnifier,10,pERsonifje
11,petit-neveu,8,p°tin°v2
10,peuplement,7,p2pl°m@
11,pharisaïque,8,faRizaik
6,pharma,5,faRma
8,phobique,5,fobik
12,photogravure,10,fotogRavyR
11,photophobie,8,fOtofObi
16,photosensibilité,14,fotos@sibilite
14,phénoménologie,12,fenomenoloZi
11,pigmentaire,8,pigm@tER
5,pincé,4,p5se
6,pinçon,4,p5s§
12,pisciculture,10,pisikyltyR
14,pisse-vinaigre,9,pisvinEgR
8,pivotant,6,pivot@
9,placarder,8,plakaRde
11,placentaire,8,plas5tER
12,plafonnement,9,plafOn°m@
8,plaideur,6,plEd9R
8,plantage,6,pl@taZ
10,planétoïde,9,planetoid
10,plasticité,10,plastisite
13,plateau-repas,9,platoR°pa
14,plateaux-repas,9,platoR°pa
6,platée,5,plate
12,plausibilité,11,plozibilite
8,plébéien,7,plebej5
6,pogrom,6,pogROm
10,poinsettia,8,pw5sEtja
13,point-virgule,9,pw5viRgyl
10,poinçonner,7,pw5sone
6,polack,5,polak
9,polariser,8,polaRize
7,policer,6,polise
12,polykystique,10,pOlikistik
6,pommer,4,pOme
7,pompeur,5,p§p9R
5,pompé,4,p§pe
6,ponant,4,pon@
9,pontifier,7,p§tifje
8,porosité,8,poRozite
11,porte-avion,8,pORtavj§
14,porte-chapeaux,8,pORtSapo
11,positivisme,10,pozitivizm
18,post-apocalyptique,15,pOstapokaliptik
11,post-partum,10,pOstpaRtOm
8,postcure,7,pOstkyR
5,potée,4,pote
5,pouic,4,pwik
10,pouponnage,7,puponaZ
10,pourfendre,7,puRf@dR
12,poétiquement,9,poetik°m@
12,premièrement,10,pR2mjER°m@
10,prescience,7,pResj@s
14,presse-agrumes,9,pREsagRym
13,presse-bouton,8,pREsbut§
12,presse-purée,8,pREspyRe
6,preste,5,pREst
12,programmable,10,pRogRamabl
13,programmateur,11,pRogRamat9R
7,prohibé,6,pRoibe
12,promulgation,11,pRomylgasj§
9,pronation,8,pRonasj§
11,pronostique,9,pRonOstik
12,pronostiquer,10,pRonOstike
11,prophylaxie,10,pRofilaksi
7,proposé,7,pRopoze
11,prorogation,10,pRoRogasj§
8,proscrit,7,pROskRi
11,prostatique,9,pROstatik
12,prothrombine,9,pROtR§bin
11,protozoaire,9,pRotozoER
11,protubérant,9,pRotybeR@
11,protéinurie,10,pROteinyRi
10,proéminent,8,pRoemin@
14,précautionneux,10,pRekosjon2
9,prédation,8,pRedasj§
14,prédestination,13,pRedEstinasj§
11,prédominant,9,pRedomin@
8,préfacer,7,pRefase
6,prélat,5,pRela
8,prémunir,8,pRemyniR
11,préparateur,10,pRepaRat9R
11,préretraite,9,pReR°tREt
14,présidentiable,12,pRezid@sjabl
12,présélection,11,pReselEksj§
13,prévisibilité,13,pRevizibilite
5,prêté,5,pRete
3,psi,3,psi
11,psychotrope,9,psikotROp
9,pugnacité,8,pyNasite
6,pyrite,5,piRit
8,pékinois,7,pekinwa
9,pénaliste,8,penalist
5,pépie,4,pepi
4,péri,4,peRi
10,péronnelle,7,peRonEl
9,pétarader,8,petaRade
9,pétrifier,8,petRifje
13,pétrochimique,10,petRoSimik
11,pétrolifère,10,petRolifER
8,pétéchie,6,peteSi
11,quadrillion,7,kadRij§
10,quadrupède,9,kwadRupEd
6,quarre,3,kaR
15,quasi-certitude,12,kazisERtityd
9,quasimodo,8,kazimodo
11,quatorzième,9,katORzjEm
13,quatre-heures,6,katR9R
8,quinquet,4,k5kE
8,rabrouer,6,RabRue
12,raccommodage,9,RakomodaZ
6,rachis,5,RaSis
13,radio-isotope,11,RadjoizotOp
13,radiographier,11,RadjogRafje
5,radié,5,Radje
11,rafistolage,10,RafistolaZ
9,ragoûtant,6,Ragut@
8,rainette,5,REnEt
5,rajah,4,RaZa
12,ralentisseur,9,Ral@tis9R
9,randonner,6,R@dOne
9,rançonner,6,R@sone
6,raseur,5,Raz9R
8,raticide,7,Ratisid
8,rebattre,6,R°batR
8,rebiffer,6,R°bife
7,rebondi,6,R°b§di
12,rebondissant,8,R°b§dis@
8,rebooter,7,R°bOOte
9,rechanter,6,R°S@te
12,rechargement,9,R°SaRZ°m@
9,reclasser,7,R°klase
10,recombiner,8,R2k§bine
9,recordman,9,R°kORdman
10,redessiner,8,R°dEsine
10,redondance,7,R°d§d@s
13,redéploiement,10,R°deplwam@
13,refinancement,10,R2fin@s°m@
13,refroidissant,10,R°fRwadis@
8,reliquat,6,R°lika
7,relouer,5,R°lue
8,remanger,6,R2m@Ze
10,rembarquer,7,R@baRke
9,remplumer,7,R@plyme
7,remueur,6,R°m89R
10,renaissant,6,R°nEs@
8,repavage,7,R2pavaZ
12,requin-tigre,8,R2k5tigR
8,reservir,8,R2sERviR
10,revanchard,7,R°v@SaR
12,revitalisant,10,R2vitaliz@
14,revitalisation,13,R°vitalizasj§
8,rhizopus,7,RizOpys
7,rhodium,6,ROdjOm
12,rhumatologue,9,RymatOlOg
7,ric-rac,6,RikRak
10,ringardise,8,R5gaRdiz
12,ronronnement,8,R§ROn°m@
5,rosir,5,RoziR
7,rosâtre,6,RozatR
8,rougeaud,4,RuZo
10,rutherford,9,Ryt9RfORd
11,réadmission,9,Readmisj§
11,réanimateur,10,Reanimat9R
11,réceptivité,11,ResEptivite
11,réglementer,9,Regl°m@te
5,régul,5,Regyl
13,régurgitation,12,RegyRZitasj§
10,réimprimer,8,Re5pRime
10,réinscrire,8,Re5skRiR
12,réminiscence,9,Reminis@s
9,rémunérer,8,RemyneRe
10,répercuter,9,RepERkyte
6,répons,4,Rep§
11,réprobation,10,RepRobasj§
9,réticulum,9,RetikylOm
5,rétif,5,Retif
7,rétréci,7,RetResi
9,réunifier,8,Reynifje
3,rôt,2,Ro
10,rôtissoire,8,RotiswaR
10,saccharose,7,sakaRoz
6,sacrum,6,sakROm
8,sagittal,7,saZital
4,saie,2,sE
9,salivaire,7,salivER
9,salubrité,9,salybRite
9,salvation,8,salvasj§
8,sanscrit,6,s@skRi
6,saphir,5,safiR
6,sarrau,4,saRo
7,sautant,4,sot@
9,sauvignon,6,soviN§
7,scalène,6,skalEn
8,scanneur,6,skan9R
5,scato,5,skato
9,schnauzer,7,Snawz9R
6,sconse,4,sk§s
10,scrutation,9,skRytasj§
6,scythe,3,sit
5,sedan,4,s°d@
5,semis,4,s°mi
6,semoir,6,s°mwaR
7,senseur,5,s@s9R
7,sentant,4,s@t@
12,septicémique,10,sEptisemik
10,serre-file,6,sERfil
8,shipping,5,SipiG
7,sidéral,7,sideRal
6,sidéré,6,sideRe
8,sifflant,5,sifl@
10,sigillaire,7,siZilER
12,signalétique,9,siNaletik
6,simili,6,simili
11,simplissime,8,s5plisim
12,singulariser,10,s5gylaRize
10,sinusoïdal,10,sinyzoidal
8,sionisme,7,sjonizm
11,sismographe,9,sismogRaf
6,smegma,6,smEgma
11,sociopathie,9,sOsjopati
15,soixante-quatre,10,swas@tkatR
10,solipsiste,9,solipsist
6,solive,5,soliv
8,somalien,7,somalj5
9,somatique,7,somatik
7,sonnant,4,son@
7,soudage,5,sudaZ
12,sournoiserie,10,suRnwaz°Ri
13,sous-division,9,sudivizj§
13,sous-marinier,9,sumaRinje
10,sous-payer,6,supeje
12,sous-système,8,susistEm
14,sous-traitance,8,sutREt@s
11,soutènement,8,sutEn°m@
17,spectaculairement,14,spEktakylER°m@
6,speedé,5,spide
14,spermatogenèse,13,spERmatoZ°nEz
12,spina-bifida,11,spinabifida
7,spolier,6,spolje
6,spruce,5,spRys
8,squameux,6,skwam2
8,stagnant,6,stagn@
13,starting-gate,11,staRtiGgEjt
9,steamboat,8,stimbOwt
7,stentor,6,st@tOR
7,sternal,7,stERnal
7,sticker,6,stik9R
7,stilton,6,stilt§
7,stipule,6,stipyl
8,stoppeur,6,stop9R
12,stradivarius,12,stRadivaRjys
10,stramonium,10,stRamOnjOm
9,stratifié,9,stRatifje
13,streptomycine,12,stREptomisin
7,stridor,7,stRidOR
6,styler,5,stile
7,styrène,6,stiREn
14,stéréophonique,11,steReofonik
12,sub-atomique,9,sybatomik
15,subconsciemment,10,sybk§sjam@
10,subduction,9,sybdyksj§
10,sublingual,9,sybl5g8al
10,subordonné,9,sybORdone
8,suborner,7,sybORne
17,substantiellement,13,sypst@sjEl°m@
8,sucrette,6,sykREt
9,sulfurisé,9,sylfyRize
11,supposément,8,sypozem@
12,surdéveloppé,11,syRdev°lOpe
13,surexcitation,12,syREksitasj§
14,surfacturation,13,syRfaktyRasj§
12,surintensité,10,syR5t@site
6,surjet,5,syRZE
9,surnommer,7,syRnome
10,survivance,8,syRviv@s
8,susnommé,7,sysnome
15,suspicieusement,12,syspisj2z°m@
15,syndicalisation,13,s5dikalizasj§
12,syndicalisme,10,s5dikalizm
8,synovite,7,sinOvit
11,sèche-mains,5,sESm5
6,sébile,5,sebil
10,sémiotique,8,semjotik
12,séropositive,11,seRopozitiv
6,tabler,5,table
8,tabloïde,7,tabloid
13,tachyarythmie,10,takiaRitmi
6,tacler,5,takle
7,tagalog,7,tagalOg
8,tahitien,6,taisj5
13,taille-crayon,8,tajkREj§
5,tamia,5,tamja
6,tanche,3,t@S
8,tannerie,6,tan°Ri
8,tape-cul,5,tapky
4,tapi,4,tapi
7,targuer,5,taRge
10,tartelette,8,taRt°lEt
10,tartempion,8,taRt@pj§
9,tassement,6,tas°m@
6,teaser,5,tiz9R
9,teuf-teuf,6,t9ft9f
8,thanatos,7,tanatOs
8,thermite,6,tERmit
12,thermographe,9,tERmogRaf
13,thermographie,10,tERmogRafi
8,thiamine,6,tjamin
12,thoracentèse,9,tORas5tEz
7,thymine,5,timin
12,théophylline,8,teOfilin
9,théoriser,7,teoRize
11,théâtralité,10,teatRalite
6,tibial,6,tibjal
10,tintamarre,7,t5tamaR
10,tirailleur,7,tiRaj9R
7,toccata,6,tokata
10,toiletteur,8,twalEt9R
7,tokamak,7,tOkamak
7,toluène,6,tol8En
7,tom-tom,6,tOmtOm
17,tomodensitométrie,15,tomod@sitOmEtRi
7,tondeur,5,t§d9R
5,toper,4,tope
9,topologie,8,topoloZi
4,tore,3,tOR
12,tournoiement,8,tuRnwam@
9,tout-fait,4,tufE
11,toxicologue,10,tOksikolOg
6,tracté,6,tRakte
5,tramp,4,tR@p
12,transbordeur,10,tR@sbORd9R
13,transcendance,8,tR@s@d@s
12,transducteur,10,tR@sdykt9R
13,transgresseur,10,tR@sgRes9R
11,transitaire,8,tR@zitER
10,transposon,8,tR@spoz§
8,traînant,5,tREn@
11,trench-coat,9,tREnSkOwt
5,trial,6,tRijal
10,trichinose,8,tRikinoz
9,tricotage,8,tRikotaZ
17,trimestriellement,15,tRimEstRijEl°m@
7,triplex,8,tRiplEks
6,triplé,6,tRiple
9,triptyque,7,tRiptik
7,trivium,7,tRivjOm
7,tronqué,5,tR§ke
9,trouvable,7,tRuvabl
10,tumescence,7,tymEs@s
7,turgide,6,tyRZid
4,typo,4,tipo
3,tél,3,tEl
13,téléscripteur,12,teleskRipt9R
13,tétrachlorure,11,tetRakloRyR
8,ubiquité,8,ybik8ite
8,ufologie,7,yfOlOZi
8,unitaire,6,ynitER
6,update,6,9pdajt
7,uretère,6,yR°tER
8,urétrite,7,yRetRit
5,usuel,5,yz8El
7,vaccine,6,vaksin
6,validé,6,valide
8,vaporeux,6,vapoR2
5,veldt,4,vElt
11,velléitaire,8,vEleitER
12,ventriloquie,9,v@tRiloki
13,verbalisation,12,vERbalizasj§
10,verroterie,8,veROt°Ri
7,versant,5,vERs@
12,victimologie,11,viktimOlOZi
6,vidage,5,vidaZ
13,vide-greniers,9,vidgR2nje
10,vide-poche,6,vidpOS
10,vidéophone,8,videofOn
5,vigil,5,viZil
11,vilainement,8,vilEn°m@
8,vinicole,7,vinikOl
9,virginien,8,viRZinj5
8,viticole,7,vitikOl
11,vivisecteur,10,vivisekt9R
8,voix-off,5,vwaOf
10,volatilité,10,volatilite
9,vomissant,6,vomis@
5,vélar,5,velaR
6,véloce,5,velOs
7,véronal,7,veRonal
6,wombat,4,w§ba
12,xylophoniste,11,gzilofonist
9,xénophobe,8,gzenofOb
10,yacht-club,7,jOtkl9b
8,yachting,5,jOtiG
4,yole,3,jOl
10,yom kippur,8,jOmkipuR
4,zani,4,zani
5,zazou,4,zazu
8,zeppelin,6,zEp°l5
3,zzz,1,z
6,zéphyr,5,zefiR
9,âme-soeur,5,ams9R
6,âpreté,6,apR°te
8,écartelé,8,ekaRt°le
8,écharper,6,eSaRpe
7,échasse,4,eSas
10,échelonner,7,eS°lone
11,écorchement,8,ekORS°m@
11,égalisation,10,egalizasj§
11,égyptologue,9,eZiptolOg
10,élancement,7,el@s°m@
13,électronicien,12,elEktRonisj5
11,éligibilité,11,eliZibilite
13,éléphantiasis,11,elef@tjazis
6,émincé,5,em5se
8,énamouré,7,enamuRe
11,énonciation,9,en§sjasj§
10,épellation,8,epElasj§
9,éperonner,7,ep°Rone
15,épidémiologique,13,epidemjOlOgik
9,épilateur,8,epilat9R
7,épinglé,6,ep5gle
13,épistémologie,12,epistemoloZi
10,épithélial,9,epiteljal
9,épluchage,7,eplySaZ
9,époumoner,7,epumone
5,époxy,6,epOksi
7,éprouvé,6,epRuve
11,équilatéral,11,ek8ilateRal
7,érogène,6,eRoZEn
10,érotomanie,9,eRotomani
7,éructer,6,eRykte
13,érythromycine,11,eRitRomisin
6,étoffé,5,etofe
12,événementiel,11,even°m@sjEl
7,îlotier,6,ilotje
9,abaissant,5,abEs@
7,abaissé,5,abese
14,abolitionniste,12,abolisjonist
7,abonder,5,ab§de
6,abordé,6,abORde
7,aboyeur,7,abwaj9R
13,abracadabrant,11,abRakadabR@
9,absorbeur,8,apsORb9R
7,abyssal,6,abisal
9,acadienne,7,akadjEn
13,accessibilité,12,aksEsibilite
10,accréditer,8,akRedite
9,accrétion,7,akResj§
12,accumulateur,10,akymylat9R
11,acellulaire,8,aselylER
7,achards,4,aSaR
14,achondroplasie,11,ak§dRoplazi
9,acid jazz,8,asiddZaz
8,actuaire,6,akt8ER
13,actualisation,12,akt8alizasj§
17,acétylsalicylique,15,asetilsalisilik
8,adhérent,5,adeR@
8,adipique,6,adipik
7,adjuger,6,adZyZe
10,admirateur,9,admiRat9R
6,adossé,5,adose
11,adoucisseur,8,adusis9R
12,adéquatement,10,adekwat°m@
13,affaiblissant,8,afeblis@
9,affaisser,5,afese
7,affiler,5,afile
12,affleurement,8,afl9R°m@
11,affrètement,8,afREt°m@
5,agace,4,agas
5,agnat,3,aNa
5,agora,5,agoRa
8,agrafage,7,agRafaZ
8,agrafeur,7,agRaf9R
11,agronomique,9,agRonomik
10,agrémenter,8,agRem@te
11,aguardiente,11,agwaRdjEnte
12,aiguillonner,8,eg8ijone
8,akkadien,6,akadj5
10,alcalinité,10,alkalinite
6,alerté,6,alERte
11,alexithymie,10,alEksitimi
6,aligot,5,aligo
12,allergologue,9,alERgolOg
6,allier,4,alje
10,allégement,7,alEZ°m@
11,allégrement,8,alEgR°m@
6,alysse,4,alis
12,amaigrissant,8,amegRis@
9,amaryllis,8,amaRilis
9,amazonien,8,amazonj5
7,amincir,6,am5siR
11,amincissant,7,am5sis@
7,amollir,6,amoliR
6,amorti,6,amORti
12,amuse-bouche,7,amyzbuS
8,amusette,6,amyzEt
12,américanisme,11,ameRikanizm
20,américano-soviétique,17,ameRikanOsOvjetik
9,américium,9,ameRisjOm
7,analysé,7,analize
8,anaphase,6,anafaz
7,annoter,5,anote
13,année-lumière,9,anelymjER
11,antagonique,8,@tagonik
17,anthropomorphique,12,@tRopomORfik
13,anthropophage,9,@tRopofaZ
14,anti-agression,10,@tiagREsj§
16,anti-capitaliste,13,@tikapitalist
15,anti-communiste,11,@tikomynist
10,anti-crime,7,@tikRim
9,anti-dieu,6,@tidj2
12,anti-mariage,9,@timaRjaZ
9,anti-mite,6,@timit
12,anti-souffle,7,@tisufl
9,anti-tank,6,@tit@k
13,antibactérien,11,@tibakteRj5
11,antiblocage,9,@tiblokaZ
11,anticyclone,9,@tisiklon
14,antidépresseur,11,@tidepRes9R
12,antidérapant,9,@tideRap@
12,antifongique,8,@tif§Zik
11,antinomique,8,@tinomik
13,antinucléaire,10,@tinykleER
13,antisatellite,10,@tisatElit
12,antivenimeux,9,@tiv2nim2
13,aplatissement,10,aplatis°m@
8,apoptose,7,apOptoz
13,apparentement,9,apaR@t°m@
10,apparenter,7,apaR@te
11,appartenant,8,apaRt°n@
8,appelant,5,ap°l@
8,appendre,5,ap@dR
13,aquariophilie,11,akwaRjOfili
4,arac,4,aRak
6,arpège,5,aRpEZ
10,arrangeant,5,aR@Z@
11,arriération,9,aRjeRasj§
11,arthritique,8,aRtRitik
8,artérite,7,aRteRit
10,arythmique,7,aRitmik
5,ascot,5,askOt
10,asphyxiant,8,asfiksj@
6,asseau,3,aso
7,assener,5,asene
11,assermenter,8,asERm@te
13,assouplissant,8,asuplis@
14,assouvissement,9,asuvis°m@
16,assujettissement,11,asyZetis°m@
8,atavisme,7,atavizm
16,attrape-couillon,9,atRapkuj§
11,attribuable,9,atRib8abl
11,atélectasie,10,atelEktazi
15,audioconférence,11,odjok§feR@s
10,audiophile,7,odjofil
7,augural,6,ogyRal
6,aureus,5,oReys
7,austral,6,ostRal
16,australopithèque,12,ostRalopitEk
12,autocratique,9,otokRatik
15,automobile-club,12,otomobilkl9b
11,autonomique,8,OtOnOmik
12,autopunition,10,otopynisj§
12,autoérotique,9,otoeROtik
7,avalage,6,avalaZ
7,avalant,5,aval@
9,avaliseur,8,avaliz9R
13,avion-citerne,10,avj§sitERn
6,aviver,5,avive
8,avulsion,7,avylsj§
3,aya,3,aja
7,aéronef,7,aeRonEf
11,baguenauder,8,bag°node
14,baise-en-ville,7,bEz@vil
9,balbuzard,8,balbyzaR
9,baleinier,7,balenje
7,bandeur,5,b@d9R
9,bar-tabac,7,baRtaba
7,baratte,5,baRat
8,barbouze,6,baRbuz
10,barcarolle,8,baRkaROl
6,barnum,6,baRnOm
7,basalte,6,bazalt
5,basic,5,bazik
7,basmati,7,basmati
14,bateau-citerne,10,batositERn
9,batracien,8,batRasj5
5,berme,4,bERm
8,bernache,6,bERnaS
7,betting,5,bEtiG
8,beuglant,5,b2gl@
7,biaiser,5,bjeze
6,biffin,4,bif5
8,big-bang,6,bigb@g
14,bilatéralement,12,bilateRal°m@
5,bin's,4,bins
11,binoculaire,9,binokylER
8,biomasse,6,bjomas
9,biométrie,8,bjOmetRi
7,biotite,6,bjOtit
10,bissextile,9,bisekstil
9,blablater,8,blablate
12,blanchissant,7,bl@Sis@
8,bleuette,5,bl2Et
8,bobineau,6,bobino
12,boitillement,9,bwatij°m@
7,bombeur,5,b§b9R
9,bouffable,6,bufabl
14,bougainvillier,9,bug5vilje
9,bouquetin,6,buk°t5
8,bourbeux,5,buRb2
7,bousier,5,buzje
10,bousilleur,7,buzij9R
7,bouture,5,butyR
11,brain-trust,10,bREjntR9st
8,branchie,5,bR@Si
11,branquignol,8,bR@kiNOl
6,briard,6,bRijaR
5,bribe,4,bRib
15,bric et de broc,10,bRiked2bRo
7,brisant,5,bRiz@
7,brisque,5,bRisk
7,bronche,4,bR§S
7,broncho,5,bR§ko
13,broussailleux,7,bRusaj2
8,broutage,6,bRutaZ
10,brucellose,8,bRysEloz
8,bruiteur,7,bR8it9R
8,brunâtre,7,bRynatR
4,buis,3,b8i
9,butadiène,8,bytadjEn
7,by-pass,6,bajpas
12,cabalistique,10,kabalistik
7,cabotin,6,kabot5
8,cacatois,7,kakatwa
10,cache-sexe,7,kaSseks
8,cacheton,6,kaS°t§
10,cafardeuse,8,kafaRd2z
5,cafre,4,kafR
7,cagoulé,6,kagule
7,cahoter,5,kaote
10,caillasser,6,kajase
8,caillera,6,kaj°Ra
5,cairn,4,kERn
9,cake-walk,6,kEkwOk
10,calamiteux,8,kalamit2
8,calcémie,7,kalsemi
11,californium,12,kalifORnijOm
10,calomnieux,8,kalOmnj2
7,calquer,5,kalke
5,calva,5,kalva
12,camion-benne,8,kamj§bEn
9,campagnol,7,k@paNOl
6,canada,6,kanada
7,capisco,7,kapisko
14,capitalisation,13,kapitalizasj§
10,capsulaire,8,kapsylER
7,capucin,6,kapys5
13,carbonisation,12,kaRbonizasj§
11,carcharodon,9,kaRkaRod§
8,carotter,6,kaRote
9,carte-clé,8,kaRt°kle
12,carthaginois,10,kaRtaZinwa
7,cascher,5,kaSER
12,casse-pattes,6,kaspat
11,caterpillar,10,katERpilaR
7,catogan,6,katog@
14,catégorisation,13,kategORizasj§
10,caucasique,7,kOkazik
13,cautérisation,11,koteRizasj§
7,ceindre,4,s5dR
6,cendré,5,s@dRe
4,cens,3,s@s
8,cerclage,7,sERklaZ
8,cerfeuil,6,sERf9j
6,certif,6,sERtif
8,cervelas,7,sERv°la
8,chafouin,5,Safw5
9,chahuteur,6,Sayt9R
8,chairman,5,SERm@
10,challenger,6,Sal@Ze
13,chamboulement,8,S@bul°m@
11,chansonnier,7,S@sonje
7,charale,5,SaRal
10,charcutier,8,SaRkytje
7,charrié,5,SaRje
7,charron,4,SaR§
9,chaussant,4,Sos@
11,chauviniste,8,Sovinist
8,chevalin,6,S°val5
5,chiné,4,Sine
9,chipolata,8,Sipolata
9,chipotage,7,SipotaZ
11,chiquenaude,7,Sik°nod
10,chiroptère,8,kiROptER
6,chlass,4,Slas
16,cholécystectomie,14,kOlesistEktOmi
12,cholécystite,10,kOlesistit
6,choses,3,Soz
6,chouïa,4,Suja
13,chronométreur,11,kRonometR9R
9,châtaigne,5,SatEN
7,chébran,5,SebR@
8,chéloïde,6,kelOid
7,ciboire,6,sibwaR
14,cinquante-neuf,8,s5k@tn9f
18,cinquante-septième,11,s5k@tsEtjEm
6,cintré,5,s5tRe
11,cinématique,9,sinematik
9,circadien,8,siRkadj5
13,circonstancié,11,siRk§st@sje
14,circonvolution,12,siRk§volysj§
3,cis,2,si
7,citrine,6,sitRin
8,citronné,7,sitRone
7,clapper,5,klape
15,clitoridectomie,14,klitORidEktOmi
6,cloper,5,klOpe
8,clubiste,7,klybist
7,cluster,7,kl9st9R
12,co-animateur,10,koanimat9R
9,coagulant,7,koagyl@
12,coentreprise,10,ko@tR°pRiz
8,coenzyme,6,ko@zim
10,cold-cream,8,koldkRim
8,colleter,6,kOl°te
9,collodion,7,kolodj§
7,collure,5,kolyR
9,colmatage,8,kOlmataZ
9,comburant,6,k§byR@
5,comma,4,kOma
10,commandite,7,kom@dit
8,commérer,6,komeRe
11,comparateur,9,k§paRat9R
15,complémentarité,13,k§plem@taRite
11,comprenette,8,k§pR°nEt
9,compulser,7,k§pylse
14,compulsivement,11,k§pylsiv°m@
11,condoléance,8,k§dole@s
11,conductance,8,k§dykt@s
11,confusément,8,k§fyzem@
9,congestif,8,k§ZEstif
21,constitutionnellement,16,k§stitysjonEl°m@
13,conséquemment,8,k§sekam@
9,contracte,7,k§tRakt
11,contracture,9,k§tRaktyR
14,contre-culture,11,k§tR°kyltyR
22,contre-révolutionnaire,17,k§tR°RevolysjonER
9,contumace,7,k§tymas
7,convent,4,k§v@
8,converse,6,k§vERs
11,coopérateur,10,kOOpeRat9R
13,coordonnateur,11,koORdonat9R
10,coquerelle,7,kOk°REl
10,coquinerie,8,kokin°Ri
6,cornac,6,kORnak
8,cornette,6,kORnEt
7,cornéen,6,kORne5
7,coronal,7,koRonal
14,corpus delicti,13,kORpysdelikti
10,correcteur,8,koREkt9R
13,corroboration,11,koRoboRasj§
7,cortine,6,kORtin
8,cortisol,8,kORtizOl
6,corton,5,kORt§
12,cosmologique,10,kOsmOlOZik
6,costar,6,kOstaR
5,cotre,4,kOtR
5,coudé,4,kude
10,coupe-file,6,kupfil
7,courlis,5,kuRli
9,court-jus,5,kuRZy
7,crachin,5,kRaS5
12,craniométrie,11,kRanjometRi
11,craniotomie,10,kRanjotomi
8,cravater,7,kRavate
8,criblage,7,kRiblaZ
12,criminaliser,11,kRiminalize
14,criminologiste,13,kRiminoloZist
8,croasser,6,kRoase
13,croque-madame,9,kROkmadam
10,croquignol,8,kRokiNOl
10,croustille,7,kRustij
5,crown,5,kRawn
8,croûteux,5,kRut2
15,cryptographique,12,kRiptogRafik
11,cryptologie,10,kRiptOlOZi
8,crécelle,6,kResEl
13,crépusculaire,11,kRepyskylER
10,crétinerie,9,kRetin°Ri
4,crêt,3,kRE
13,crêtes-de-coq,9,kREtd2kOk
7,cubisme,6,kybizm
7,cubiste,6,kybist
8,cuivreux,6,k8ivR2
7,culbuto,7,kylbyto
5,culer,4,kyle
8,culminer,7,kylmine
10,culturiste,9,kyltyRist
9,cyanogène,8,sjanOZEn
10,cyclonique,8,siklonik
14,céphalosporine,12,sefalospORin
6,cétacé,6,setase
4,dace,3,das
5,dakin,4,dak5
11,delta-plane,9,dEltaplan
9,demi-dose,7,d2midoz
8,demi-sel,7,d°misEl
12,dent-de-lion,7,d@d°lj§
8,dermique,6,dERmik
9,desseller,6,desele
12,dessiccation,9,desikasj§
12,destructible,11,destRyktibl
11,deux-quatre,6,d2katR
7,deviser,6,d°vize
7,diabolo,7,djabolo
11,diacritique,9,djakRitik
5,diane,4,djan
8,diaphane,6,djafan
11,dictatorial,11,diktatoRjal
15,différenciation,12,difeR@sjasj§
12,digitaliseur,11,diZitaliz9R
8,dilation,7,dilasj§
6,dionée,5,djone
8,diplopie,7,diplOpi
8,directos,7,diREkto
12,discontinuer,10,disk§tin8e
8,dispensé,7,disp@se
11,diverticule,10,divERtikyl
9,dividende,7,divid@d
8,dix-cors,5,dikOR
11,diététicien,10,djetetisj5
10,doctissime,8,dOktisim
9,docudrame,8,dokydRam
14,documentariste,12,dokym@taRist
10,dodécaèdre,9,dodekaEdR
10,dogmatique,8,dOgmatik
6,dompté,5,d§pte
8,dormance,6,dORm@s
8,dormitif,8,dORmitif
9,dosimètre,8,dozimEtR
14,douillettement,8,dujEt°m@
6,draper,5,dRape
5,drapé,5,dRape
9,duplicate,8,dyplikat
11,duplicateur,10,dyplikat9R
10,durcisseur,8,dyRsis9R
6,duègne,4,d8EN
11,dynamomètre,10,dinamomEtR
8,dystocie,7,distOsi
8,débarqué,7,debaRke
3,déc,3,dek
10,décerveler,9,desERv2le
10,déchargeur,8,deSaRZ9R
9,décilitre,8,desilitR
11,déclamation,10,deklamasj§
9,déclarant,7,deklaR@
12,déclaratoire,11,deklaRatwaR
9,déclinant,7,deklin@
17,déconditionnement,13,dek§disjOn°m@
12,déconnection,10,dekonEksj§
13,décontenancer,10,dek§t°n@se
10,décret-loi,8,dekRElwa
7,décrier,7,dekRije
13,décérébration,12,deseRebRasj§
9,dédouaner,7,dedwane
12,dédramatiser,11,dedRamatize
8,défroque,6,defROk
8,dégazage,7,degazaZ
9,dégivrage,8,deZivRaZ
10,dégouttant,6,degut@
9,dégriffer,7,degRife
8,délabrer,7,delabRe
7,délayer,6,deleje
10,délictueux,8,delikt82
6,démago,6,demago
11,démobiliser,10,demobilize
11,démontrable,9,dem§tRabl
9,démotiver,8,demOtive
8,démouler,6,demule
15,démystificateur,14,demistifikat9R
14,dénazification,13,denazifikasj§
11,dénoyauteur,10,denwajot9R
5,dénué,5,den8e
13,déontologique,10,de§toloZik
11,dépareiller,8,depaREje
11,dépaysement,9,depeiz°m@
8,dépeceur,7,dep°s9R
8,dépoiler,7,depwale
11,dépollution,9,depOlysj§
7,déporté,7,depORte
15,dépressionnaire,11,depREsjonER
11,dépôt-vente,7,depov@t
8,déraciné,8,deRasine
9,dérivatif,9,deRivatif
6,dérivé,6,deRive
12,désacraliser,11,desakRalize
12,désappointer,9,dezapw5te
12,désencrasser,9,dez@kRase
12,désespérance,10,dezEspeR@s
9,déshérité,8,dezeRite
14,désintégrateur,12,dez5tegRat9R
13,désoeuvrement,9,dez9vR°m@
10,déstockage,8,destOkaZ
15,déstructuration,14,destRyktyRasj§
13,déségrégation,12,desegRegasj§
9,détachant,6,detaS@
7,déterré,6,deteRe
8,détonant,6,deton@
12,dévergondage,10,devERg§daZ
8,dévidoir,8,devidwaR
7,dévissé,6,devise
10,e-commerce,7,ikomERs
13,ectoplasmique,11,Ektoplasmik
6,effaré,5,efaRe
7,effiler,5,efile
12,effleurement,8,efl9R°m@
8,ellébore,6,elebOR
10,embauchoir,7,@boSwaR
9,embusquer,6,@byske
4,emmi,3,@mi
11,emmitoufler,8,@mitufle
10,empailleur,6,@paj9R
8,emplette,5,@plEt
7,empâter,5,@pate
10,encaissant,5,@kEs@
9,encastrer,7,@kastRe
8,encastré,7,@kastRe
12,encerclement,9,@sERkl°m@
10,encryptage,8,@kRiptaZ
6,endive,4,@div
8,endogène,6,@doZEn
15,endolorissement,11,@doloRis°m@
13,endoplasmique,10,@dOplasmik
11,engineering,9,EnZiniRiG
10,enlacement,7,@las°m@
8,enraciné,7,@Rasine
15,ensevelissement,11,@s°v°lis°m@
11,ensorcelant,8,@sORs°l@
10,entortillé,8,@tORtije
11,entre-jambe,7,@tR°Z@b
10,entrelacer,8,@tR°lase
9,entremets,6,@tR°mE
11,entérovirus,10,@teRoviRys
10,escaladeur,9,Eskalad9R
10,escamotage,9,EskamotaZ
9,escamoter,8,Eskamote
11,escarboucle,9,EskaRbukl
11,escarpement,9,EskaRp°m@
7,escarpé,7,EskaRpe
7,escarre,5,EskaR
8,escrimer,7,EskRime
11,espièglerie,10,EspjEgl°Ri
8,estocade,7,Estokad
9,estrogène,8,EstROZEn
4,etc.,8,EtseteRa
11,ex-collègue,8,EkskolEg
9,ex-junkie,9,EksdZ9nki
9,ex-madame,8,Eksmadam
9,ex-membre,7,Eksm@bR
12,ex-procureur,11,EkspRokyR9R
7,excaver,7,Ekskave
9,excitable,8,Eksitabl
8,exclamer,8,Eksklame
9,exfiltrer,9,EksfiltRe
12,exothermique,10,EgzotERmik
12,extra-utérin,11,EkstRayteR5
13,extraconjugal,13,EkstRak§Zygal
12,extrasystole,12,EkstRasistOl
9,extrusion,9,EkstRyzj§
10,fabulation,9,fabylasj§
12,facilitation,11,fasilitasj§
6,factor,6,faktOR
5,fagot,4,fago
4,fang,3,f@g
5,fanon,4,fan§
13,fantasmatique,10,f@tasmatik
6,farder,5,faRde
8,fayotage,7,fajotaZ
9,feldspath,8,fEldspat
11,femme-objet,7,famObZE
8,fenugrec,8,f°nygREk
7,ferrite,5,feRit
6,feutré,5,f2tRe
11,fibrinogène,10,fibRinOZEn
7,fichant,4,fiS@
9,fidéliser,8,fidElize
8,fifrelin,7,fifR°l5
7,fifties,5,fifti
6,fileté,6,fil°te
9,filiforme,8,filifORm
12,filmographie,10,filmogRafi
9,finissant,6,finis@
13,fiévreusement,10,fjevR2z°m@
3,fla,3,fla
8,flasheur,6,flaS9R
9,flatulent,7,flatyl@
7,fleurer,5,fl9Re
6,floche,4,flOS
11,fluidifiant,9,fl8idifj@
7,foramen,7,foRamEn
6,forban,5,fORb@
8,fourcher,5,fuRSe
6,fourre,3,fuR
9,foutument,6,futym@
10,fragmenter,8,fRagm@te
4,frai,3,fRE
11,franchisage,8,fR@SizaZ
15,frauduleusement,11,fRodyl2z°m@
7,frichti,6,fRiSti
9,fricotage,8,fRikotaZ
8,frisette,6,fRizEt
6,froncé,5,fR§se
6,frotté,5,fRote
10,fulgurance,8,fylgyR@s
6,fuyard,6,f8ijaR
12,fâcheusement,8,faS2z°m@
11,fédéraliste,10,fedeRalist
10,fédérateur,9,fedeRat9R
7,galonné,6,galone
9,gambiller,6,g@bije
13,gardes-chasse,8,gaRd°Sas
5,garou,4,gaRu
7,gaîment,4,gem@
7,gerfaut,5,ZERfo
17,germano-irlandais,13,ZERmanoiRl@dE
6,gerris,4,ZERi
12,gestionnaire,9,ZEstjonER
8,giboulée,6,Zibule
5,gipsy,5,Zipsi
10,glaciation,9,glasjasj§
8,glandage,6,gl@daZ
8,glasnost,8,glasnOst
12,glockenspiel,10,glokEnSpil
8,gloriole,7,gloRjOl
13,glycoprotéine,12,glikopROtein
8,glénoïde,7,glenOid
6,gobeur,5,gob9R
6,goddam,5,gOdam
8,gommette,5,gOmEt
10,gonococcie,9,gOnOkOksi
6,gorger,5,gORZe
5,gouda,4,guda
6,goupil,5,gupil
10,gouvernant,7,guvERn@
8,gradient,6,gRadj@
8,grammage,6,gRamaZ
7,grammer,5,gRame
11,grandissime,8,gR@disim
9,granulome,8,gRanylom
4,gray,3,gRE
9,grenadage,8,gR°nadaZ
7,gressin,5,gRes5
8,grognard,6,gRoNaR
9,grommeler,7,gROm°le
12,gréco-romain,9,gRekoRom5
5,gréer,4,gRee
9,grégorien,8,gRegoRj5
6,grêler,5,gRele
14,gueule-de-loup,7,g9ld2lu
12,gutta-percha,9,gytapERka
6,guêtre,4,gEtR
12,gynécomastie,11,Zinekomasti
11,génuflexion,11,ZenyflEksj§
14,géologiquement,11,ZeoloZik°m@
6,halter,4,alte
10,hantavirus,8,@taviRys
9,harassant,5,aRas@
9,harceleur,7,aRs°l9R
4,haro,3,aRo
10,harponneur,7,aRpon9R
9,haussière,5,osjER
16,haut-commissaire,8,okomisER
14,haute-fidélité,10,otfidelite
10,hellénique,6,Elenik
6,hennir,4,eniR
7,hercher,4,ERSe
10,herpétique,7,ERpetik
11,heuristique,7,2Ristik
8,heurtoir,6,9RtwaR
11,hideusement,7,id2z°m@
11,hindoustani,8,5dustani
12,histaminique,9,istaminik
15,histopathologie,12,istopatOlOZi
12,hitchcockien,8,itSkOkj5
15,homme-orchestre,9,OmORkEstR
15,homogénéisation,13,omoZeneizasj§
8,homonyme,6,omonim
9,hong kong,5,§gk§g
11,houppelande,6,up°l@d
8,huguenot,5,yg°no
12,humain-robot,7,ym5Robo
14,humidification,12,ymidifikasj§
14,hydrocortisone,12,idRokORtizOn
9,hydrolyse,7,idRoliz
7,hygroma,6,igROma
20,hypercholestérolémie,17,ipERkOlEsteROlemi
18,hypercoagulabilité,17,ipERkOagylabilite
13,hyperkaliémie,11,ipERkaliemi
11,hypersomnie,9,ipERsOmni
13,hypertrichose,10,ipERtRikOz
12,hypocalcémie,10,ipokalsemi
13,hypogonadisme,11,ipogOnadism
14,hystériquement,10,isteRik°m@
4,hâlé,3,ale
9,hémicycle,7,emisikl
13,hémodynamique,10,emodinamik
8,hérisser,5,eRise
7,hérissé,5,eRise
13,hétérochromie,10,eteRokROmi
12,iconographie,10,ikonogRafi
9,icosaèdre,8,ikozaEdR
8,idéation,7,ideasj§
5,iléus,5,ileys
9,imidazole,8,imidazOl
17,immunodéficitaire,14,imynodefisitER
10,impoliment,7,5polim@
11,improuvable,8,5pRuvabl
10,impudicité,9,5pydisite
10,imputation,8,5pytasj§
10,impénitent,7,5penit@
10,inaccompli,8,inak§pli
10,inarticulé,10,inaRtikyle
14,incompressible,10,5k§pResibl
16,incorruptibilité,14,5koRyptibilite
10,incubateur,8,5kybat9R
11,indentation,8,5d@tasj§
15,indisponibilité,14,5disponibilite
4,indo,3,5do
5,indou,3,5du
11,indécodable,9,5dekOdabl
12,inemployable,11,in@plwajabl
12,inexactitude,12,inEgzaktityd
11,infertilité,10,5fERtilite
12,infibulation,10,5fibylasj§
13,infinitésimal,12,5finitezimal
10,infliction,8,5fliksj§
13,inguérissable,9,5geRisabl
11,insincérité,9,5s5seRite
12,insoumission,8,5sumisj§
14,insuffisamment,9,5syfizam@
9,insulaire,6,5sylER
18,intercommunication,15,5tERkomynikasj§
11,intersaison,8,5tERsEz§
13,intradermique,10,5tRadERmik
11,introductif,10,5tRodyktif
15,intussusception,12,5tyssysEpsj§
10,intégrisme,8,5tegRism
12,invagination,10,5vaZinasj§
11,inégalement,9,inegal°m@
10,inéligible,9,ineliZibl
6,iodler,5,jOdle
5,ippon,3,ip§
9,irradiant,6,iRadj@
10,irraisonné,7,iREzone
15,irréfutablement,12,iRefytabl°m@
15,irrégulièrement,12,iRegyljER°m@
11,irréligieux,8,iReliZj2
4,item,4,itEm
11,jacassement,8,Zakas°m@
9,jacasseur,7,Zakas9R
4,jade,3,Zad
5,jalon,4,Zal§
3,jas,2,Za
6,jojoba,6,ZoZoba
8,jonglage,6,Z§glaZ
7,jungien,5,juGj5
5,juter,4,Zyte
7,khédive,5,kediv
6,kinase,5,kinaz
4,kiva,4,kiva
4,komi,4,komi
5,kraal,4,kRal
8,kyrielle,6,kiRjEl
8,kystique,6,kistik
8,lacrymal,8,lakRimal
8,lamproie,6,l@pRwa
15,lance-torpilles,9,l@stORpij
5,lapis,5,lapis
16,latino-américain,13,latinoameRik5
10,lave-glace,7,lavglas
7,laxatif,8,laksatif
5,layer,4,leje
6,laçage,5,lasaZ
8,lettrage,6,lEtRaZ
11,leucocytose,9,l2kOsitoz
5,liber,5,libER
11,liberticide,10,libERtisid
16,libre-échangiste,11,libReS@Zist
5,licou,4,liku
8,limerick,7,lim°Rik
10,limonadier,9,limonadje
8,liniment,6,linim@
6,lipome,5,lipom
9,liquidité,8,likidite
11,lithosphère,8,litOsfER
12,lithotripsie,10,litotRipzi
6,litote,5,litOt
8,liturgie,7,lityRZi
14,livre-cassette,10,livR2kasEt
10,lobectomie,9,lobEktomi
5,lober,4,lobe
8,logicien,7,loZisj5
12,longitudinal,11,l§Zitydinal
9,loyaliste,9,lwajalist
6,luette,4,l8Et
4,lulu,4,lyly
10,lymphocyte,7,l5fosit
12,lèse-majesté,10,lEzmaZEste
12,légionellose,10,leZjOneloz
12,légitimation,11,leZitimasj§
5,létal,5,letal
10,m'as-tu-vu,6,matyvy
7,macoute,5,makut
10,macédonien,9,masedonj5
12,macédonienne,10,masedonjEn
6,madras,6,madRas
7,maganer,6,magane
10,magasinage,9,magazinaZ
6,magico,6,maZiko
10,magmatique,8,magmatik
11,magouilleur,7,maguj9R
7,mainate,5,mEnat
10,majoration,9,maZoRasj§
8,mal-aimé,6,maleme
8,malingre,6,mal5gR
12,malléabilité,11,maleabilite
11,malléolaire,8,maleOlER
7,maltais,5,maltE
9,mam'zelle,6,mamzEl
4,mana,4,mana
7,mandale,5,m@dal
12,mandat-poste,8,m@dapOst
8,manguier,5,m@gje
11,maniabilité,11,manjabilite
16,maniacodépressif,15,manjakodepResif
7,manieur,6,manj9R
9,manubrium,10,manybRijOm
8,marauder,6,maRode
9,margoulin,7,maRgul5
11,marguillier,7,maRgije
7,mariole,6,maRjOl
12,maritalement,10,maRital°m@
11,marivaudage,9,maRivodaZ
5,marne,4,maRn
5,marri,4,maRi
8,maugréer,6,mogRee
7,maïzena,7,maizena
6,mecton,5,mEkt§
5,melba,5,mElba
6,menora,6,menoRa
11,messianique,8,mesjanik
10,meuglement,7,m2gl°m@
5,mezzo,5,mEdzo
6,mi-mot,4,mimo
12,mi-septembre,9,misEpt@bR
11,microchimie,9,mikRoSimi
14,microstructure,13,mikRostRyktyR
7,miction,6,miksj§
11,militariser,10,militaRize
11,militarisme,10,militaRizm
8,milk-bar,7,milkbaR
7,milonga,6,miloga
15,mission-suicide,11,misj§s8isid
6,mitigé,6,mitiZe
13,mitochondrial,12,mitOk§dRijal
9,mitotique,7,mitOtik
4,mité,4,mite
2,ml,8,mililitR
14,mnémotechnique,11,mnemotEknik
12,modificateur,11,modifikat9R
9,modulable,8,modylabl
9,modélisme,8,mOdelism
4,moho,3,moo
11,mondovision,9,m§dovizj§
9,monoamine,8,monoamin
15,monumentalement,12,mOnym@tal°m@
5,mooré,4,mORe
4,moos,3,mOs
9,moraliser,8,moRalize
9,moratoire,8,moRatwaR
8,morceler,7,mORs°le
8,mordeuse,6,mORd2z
6,morpho,5,mORfo
5,motet,4,motE
13,moudjahiddine,9,mudZaidin
6,mourre,3,muR
14,moyen-oriental,13,mwajEnoRj@tal
10,mozzarelle,8,mOdzaREl
13,multiculturel,13,myltikyltyREl
10,multiprise,9,myltipRiz
10,multitâche,8,myltitaS
8,musarder,7,myzaRde
9,musculeux,7,myskyl2
11,musicologie,10,myzikoloZi
10,mutabilité,10,mytabilite
10,mutilateur,9,mytilat9R
10,myocardite,9,mjokaRdit
9,myopathie,7,mjopati
9,mystifier,8,mistifje
10,myxomatose,10,miksomatoz
5,mâter,4,mate
6,mâtiné,6,matine
7,méchoui,5,meSwi
8,méconium,8,mekOnjOm
14,méconnaissance,9,mekonEs@s
11,mécontenter,8,mek§t@te
10,médiumnité,10,medjOmnite
9,mélodique,7,melodik
6,mélèze,5,melEz
5,méson,4,mez§
6,naevus,5,nevys
7,nageant,4,naZ@
5,naira,4,nERa
9,nanomètre,8,nanOmEtR
11,narcissiste,9,naRsisist
11,nasopharynx,10,nazofaR5ks
8,natrémie,7,natRemi
9,naturisme,8,natyRizm
11,naturopathe,9,natyRopat
8,naufragé,7,nofRaZe
6,navale,5,naval
5,navel,5,navEl
6,naïade,5,najad
11,nettoiement,7,netwam@
11,neurochimie,8,n2RoSimi
10,neuronique,7,n2ROnik
16,neuropsychiatrie,13,n2RopsikjatRi
7,niakoué,6,njakue
5,nippo,4,nipo
5,nième,4,njEm
3,nok,3,nOk
11,nombrilisme,9,n§bRilism
12,nomenclature,10,nom@klatyR
16,non-consommation,11,n§k§sOmasj§
13,nord-nord-est,9,nORnOREst
9,nougatine,7,nugatin
12,novélisation,11,novelizasj§
7,nursing,6,n9RsiG
10,nécrologue,8,nekRolOg
9,nécromant,7,nekRom@
10,nécrophage,8,nekRofaZ
8,néoprène,7,neopREn
12,néphrectomie,10,nefREktomi
11,néphrologue,8,nefRolOg
6,néroli,6,neROli
12,oblitération,11,obliteRasj§
10,observable,9,OpsERvabl
10,obsidienne,8,OpsidjEn
7,obstrué,7,OpstRye
7,ocarina,7,okaRina
9,ocytocine,8,OsitOsin
11,odieusement,8,odj2z°m@
8,official,7,Ofisjal
10,offusquant,6,ofysk@
8,olibrius,9,olibRijys
7,oléfine,6,Olefin
3,onc,2,§k
10,onomatopée,9,onomatope
8,opiomane,7,opjoman
8,opuscule,7,opyskyl
9,orangerie,7,oR@Z°Ri
8,orbitèle,7,ORbitEl
11,ordonnateur,9,ORdonat9R
10,orthogonal,9,ORtOgonal
10,oryctérope,9,oRikteROp
12,ostéomyélite,11,Osteomjelit
7,otalgie,6,OtalZi
9,oubliable,8,ublijabl
9,outrageux,6,utRaZ2
8,ouvrable,6,uvRabl
7,oxymore,7,OksimOR
9,oxymétrie,9,OksimetRi
6,pairie,4,peRi
7,paletot,6,pal°to
10,palsambleu,8,pals@bl2
13,paléolithique,10,paleolitik
10,palétuvier,9,paletyvje
7,panaris,6,panaRi
8,pancetta,6,p@sEta
9,pantelant,6,p@t°l@
10,panthéiste,7,p@teist
9,paparazzo,9,papaRadzo
13,parapharmacie,11,paRafaRmasi
10,parcheminé,9,paRS°mine
11,pardonnable,9,paRdonabl
8,parement,6,paR°m@
9,parkinson,9,paRkinsOn
6,parque,4,paRk
6,pasque,4,pask
8,pastiche,6,pastiS
14,pater familias,13,patERfamiljas
13,pavillonnaire,9,pavijonER
8,payement,5,pEjm@
6,peigné,4,peNe
7,pendard,5,p@daR
10,pendulette,7,p@dylEt
7,peptide,6,pEptid
8,peptique,6,pEptik
13,perce-oreille,8,pERsoREj
7,perchée,5,pERSe
7,perclus,6,pERkly
12,perlimpinpin,9,pERl5p5p5
12,perspiration,11,pERspiRasj§
7,perçage,6,pERsaZ
6,pessah,4,pesa
9,pesticide,8,pEstisid
10,petit-four,7,p°tifuR
11,phallocrate,8,falokRat
16,pharmacothérapie,13,faRmakoteRapi
15,philanthropique,10,fil@tRopik
9,philippin,6,filip5
12,philodendron,9,filod@dR§
14,phonétiquement,10,fonetik°m@
15,phosphorylation,12,fOsfORilasj§
11,phrénologie,9,fRenOlOZi
9,phtaléine,7,ftalein
6,phylum,5,filOm
4,pian,3,pj@
10,picaresque,8,pikaREsk
5,picot,4,piko
11,pictogramme,9,piktogRam
7,pillard,5,pijaR
17,pince-monseigneur,10,p5sm§sEN9R
9,pique-feu,5,pikf2
9,pisiforme,8,pizifORm
7,pitcher,5,pitSe
5,pixel,6,piksEl
10,piètrement,8,pjEtR°m@
7,placeur,6,plas9R
7,placier,6,plasje
10,plaisantin,7,plEz@t5
13,planificateur,12,planifikat9R
7,plastie,6,plasti
7,pleutre,5,pl2tR
6,plique,4,plik
6,pliure,6,plijyR
7,plumier,6,plymje
7,pluvier,6,plyvje
6,poiler,5,pwale
7,poivrer,6,pwavRe
9,policeman,9,polis°man
9,politburo,9,politbyRo
10,politicard,9,politikaR
13,pollinisateur,11,pOlinizat9R
8,polluant,5,pol8@
12,polyacrylate,11,pOliakRilat
12,polyarthrite,10,pOliaRtRit
13,polycarbonate,12,polikaRbonat
10,polynésien,9,polinezj5
13,polyvinylique,11,pOlivinilik
10,polémiquer,8,polemike
9,pompadour,7,p§paduR
7,pondéré,6,p§deRe
13,porte-fenêtre,10,pORtf°nEtR
12,possessivité,10,posEsivite
10,post-natal,9,pOstnatal
9,postillon,7,pOstij§
15,postérieurement,12,pOsteRj9R°m@
10,pot-au-feu,6,potof2
12,potron-minet,9,potR§minE
5,pound,5,pawnd
10,press-book,7,pREsbuk
8,prisunic,8,pRizynik
11,procurateur,10,pRokyRat9R
11,procédurier,10,pRosedyRje
11,prodigalité,11,pRodigalite
7,proline,6,pROlin
10,prométhéen,8,pROmete5
12,protège-slip,10,pROtEZslip
8,provider,9,pRovajd9R
12,précognition,11,pRekOgnisj§
13,préternaturel,13,pRetERnatyREl
9,prétorien,8,pRetoRj5
9,psalmodie,8,psalmodi
19,psychopharmacologie,16,psikofaRmakoloZi
14,publireportage,13,pybliR2pORtaZ
6,puisqu,5,p8isk
11,pusillanime,9,pyzilanim
9,pylorique,7,piloRik
9,pyromanie,8,piRomani
10,pyréthrine,8,piRetRin
8,pète-sec,6,pEtsEk
6,pédalo,6,pedalo
8,pédicule,7,pedikyl
9,pédologue,7,pedOlOg
5,pékan,4,pek@
10,pénalement,8,penal°m@
8,pépettes,5,pepEt
12,pépiniériste,11,pepinjeRist
10,péricliter,9,peRiklite
8,pétomane,7,petoman
6,pétrus,5,petRy
6,quadra,6,kwadRa
10,quadrangle,8,kwadR@gl
12,quadrilatère,11,kwadRilatER
14,quadriplégique,12,kwadRipleZik
11,quantitatif,9,k@titatif
17,quarante-deuxième,11,kaR@td2zjEm
17,quarante-septième,11,kaR@tsEtjEm
11,quarantième,8,kaR@tjEm
19,quatre-vingt-quatre,11,katR°v5katR
12,questionneur,9,kEstjon9R
9,quintuple,6,k5typl
10,quote-part,6,kotpaR
7,raboter,6,Rabote
5,racho,4,RaSo
7,racleur,6,Rakl9R
4,racé,4,Rase
6,radier,5,Radje
11,radioscopie,10,Radjoskopi
6,radoub,4,Radu
9,raffineur,7,Rafin9R
11,rageusement,8,RaZ2z°m@
7,ragoter,6,Ragote
8,railleur,5,Raj9R
8,raiponce,5,REp§s
4,raja,4,RaZa
10,rantanplan,7,R@t@pl@
6,rapiat,5,Rapja
4,rash,3,RaS
9,rastafari,9,RastafaRi
6,ratite,5,Ratit
9,rayonneur,7,REjOn9R
9,rebuffade,7,R°byfad
9,recenseur,7,R°s@s9R
8,recorder,7,R2kORde
8,recourbé,7,R°kuRbe
14,recroqueviller,9,R°kROkvje
6,recuit,5,R°k8i
8,recâbler,7,R2kable
9,redevance,7,R°d°v@s
12,redoublement,9,R°dubl°m@
12,redécouverte,10,R°dekuvERt
8,refoutre,6,R°futR
7,refumer,6,R°fyme
8,regorger,7,R°gORZe
8,regoûter,6,R2gute
5,reich,4,RajS
11,relancement,8,R2l@s°m@
8,releveur,7,R°l°v9R
10,remodelage,9,R°mod°laZ
9,remontage,7,R°m§taZ
10,remprunter,7,R@pR1te
12,renfoncement,8,R@f§s°m@
8,rentrant,5,R@tR@
9,repentant,6,R°p@t@
6,replet,5,R°plE
10,reposséder,8,R2pOsede
9,repreneur,8,R°pR°n9R
7,resucée,6,R°syse
13,retranchement,9,R°tR@S°m@
15,retranscription,13,R°tR@skRipsj§
12,retrouvaille,8,R°tRuvaj
7,retuber,6,R2tybe
7,revoler,6,R2vOle
7,revoter,6,RevOte
7,rhinite,5,Rinit
8,rhumerie,6,ROm°Ri
4,rift,4,Rift
12,rince-bouche,6,R5sbuS
5,riper,4,Ripe
8,roadster,8,ROwdst9R
5,robin,4,Rob5
12,robinetterie,10,RobinEt°Ri
5,roide,4,Rwad
8,rollmops,7,ROlmOps
16,roman-feuilleton,10,Rom@f9j°t§
7,romancé,6,ROm@se
12,rondouillard,7,R§dujaR
4,roof,3,Ruf
4,roto,4,Roto
8,rotulien,7,Rotylj5
5,rouan,3,Rw@
12,rougeoiement,7,RuZwam@
12,rougissement,8,RuZis°m@
7,rouleur,5,Rul9R
6,router,4,Rute
8,rugbyman,8,Rygbiman
9,ruisseler,7,R8is°le
8,rumsteck,7,ROmstEk
12,réabonnement,9,ReabOn°m@
9,réabonner,7,ReabOne
12,réabsorption,11,ReapsORpsj§
12,réactivation,11,Reaktivasj§
12,réactualiser,11,Reakt8alize
13,réarrangement,9,ReaR@Z°m@
13,réassignation,10,ReasiNasj§
11,réchauffeur,7,ReSof9R
13,récrimination,12,RekRiminasj§
8,récurage,7,RekyRaZ
8,récursif,8,RekyRsif
14,réductionnisme,12,RedyksjOnism
11,réformateur,10,RefORmat9R
9,régressif,8,RegResif
12,régénérateur,11,ReZeneRat9R
13,réhydratation,11,ReidRatasj§
14,réinstallation,11,Re5stalasj§
13,réinterpréter,11,Re5tERpRete
8,répulsif,8,Repylsif
9,résoluble,8,RezOlybl
9,rétorsion,8,RetORsj§
15,rétropropulsion,14,RetRopRopylsj§
13,rétrospection,12,RetROspEksj§
12,réveillonner,8,RevEjone
9,révocable,8,Revokabl
10,rééligible,9,ReeliZibl
7,sableux,5,sabl2
10,sablonneux,7,sablon2
6,sabord,5,sabOR
10,sacerdotal,10,sasERdotal
6,sacret,5,sakRE
9,saint-guy,4,s5gi
5,salam,5,salam
5,salat,4,sala
10,sanderling,8,s@dERliG
6,santon,4,s@t§
10,saoudienne,7,saudjEn
9,saoulerie,6,sul°Ri
14,saponification,13,saponifikasj§
6,satiné,6,satine
6,saturé,6,satyRe
9,savamment,6,savam@
8,scalaire,6,skalER
10,scandalisé,9,sk@dalize
12,scaphandrier,10,skaf@dRije
10,scapulaire,8,skapylER
6,schleu,3,Sl2
8,schooner,6,skun9R
11,schématiser,8,Sematize
8,scission,5,sisj§
12,sclérodermie,11,skleRodERmi
11,scénographe,8,senogRaf
11,segmentaire,8,sEgm@tER
9,septicité,9,sEptisite
9,serpentin,7,sERp@t5
12,serre-livres,7,sERlivR
9,serrement,6,sER°m@
7,servage,6,sERvaZ
10,servofrein,8,sERvofR5
11,shampooiner,7,S@pwine
8,shocking,5,SOkiG
24,sic transit gloria mundi,20,siktR@zitgloRjamundi
10,sidération,9,sideRasj§
12,sidérurgique,10,sideRyRZik
4,sikh,3,sik
4,sipo,4,sipo
5,sisal,5,sizal
6,sitcom,6,sitkOm
8,sittelle,5,sitEl
7,smicard,6,smikaR
5,smurf,5,sm9Rf
6,snifer,5,snife
9,snobinard,8,snobinaR
8,sociétal,8,sOsjetal
6,socket,5,sOkEt
8,soiffard,6,swafaR
17,soixante-quatorze,12,swas@tkatORz
5,solen,5,solEn
12,solutionneur,10,solysjon9R
11,somptuosité,10,s§pt8ozite
12,sonorisation,11,sonoRizasj§
9,sonoriser,8,sonoRize
8,sorbitol,8,sORbitOl
9,sordidité,9,sORdidite
6,sorgho,5,sORgo
17,sous-alimentation,13,suzalim@tasj§
11,sous-couche,5,sukuS
12,sous-entendu,8,suz@t@dy
15,sous-préfecture,11,supRefEktyR
13,sous-qualifié,9,sukalifje
12,sous-tension,7,sut@sj§
14,sous-ventrière,10,suv@tRijER
10,soutenance,7,sut°n@s
6,souter,4,sute
7,soutier,5,sutje
10,souvenance,7,suv°n@s
10,spasticité,10,spastisite
13,spectrogramme,11,spEktRogRam
7,spencer,7,spEnsER
11,spirographe,9,spiRogRaf
11,spongiforme,9,sp§ZifORm
8,stipuler,7,stipyle
8,stomacal,8,stomakal
5,strié,6,stRije
10,stéréotypé,10,steReotipe
12,subaquatique,10,sybakwatik
11,sublimation,10,syblimasj§
11,subordonnée,9,sybORdone
9,succédané,9,syksedane
11,sud-sud-est,9,sydsydEst
7,sujette,5,syZEt
8,sujétion,7,syZesj§
7,sulfite,6,sylfit
9,sulfonate,8,sylfOnat
14,superfétatoire,13,sypERfetatwaR
15,superordinateur,14,sypERORdinat9R
10,superposer,9,sypERpoze
11,supertanker,10,sypERt@kER
11,suppresseur,8,sypREs9R
10,sur-mesure,8,syRm°zyR
9,suractivé,9,syRaktive
11,surcapacité,11,syRkapasite
9,surcontre,7,syRk§tR
13,surgénérateur,12,syRZeneRat9R
10,surligneur,8,syRliN9R
6,suroît,5,syRwa
13,surpeuplement,10,syRp9pl°m@
7,surréel,7,syRReEl
9,surrégime,8,syRReZim
12,surélévation,11,syRelevasj§
10,sycophante,7,sikof@t
14,symétriquement,11,simetRik°m@
7,syncopé,6,s5kope
12,synergétique,10,sinERZetik
4,syro,4,siRo
5,séant,3,se@
8,sédiment,6,sedim@
9,sélecteur,8,selEkt9R
9,séléniure,8,selenjyR
6,sérial,6,seRjal
7,tagueur,5,tag9R
6,taleth,5,talEt
7,tangent,4,t@Z@
5,tanné,4,tane
7,taoïste,6,taoist
5,tapée,4,tape
10,taquinerie,8,takin°Ri
6,tartre,5,taRtR
5,tatin,4,tat5
5,tavel,5,tavEl
4,team,3,tim
10,tectonique,8,tEktonik
3,tem,3,tEm
7,tenable,6,t°nabl
14,tergiversation,13,tERZivERsasj§
11,terre-neuve,6,tERn9v
8,teutonne,5,t2tOn
13,textuellement,11,tEkst8El°m@
14,thermosensible,11,tERmos@sibl
7,thonier,5,tonje
9,thrombosé,7,tR§boze
11,thymectomie,9,timEktOmi
14,thyroïdectomie,12,tiROidEktOmi
10,thyroïdien,8,tiRoidj5
10,thématique,7,tematik
15,théologiquement,11,teOlOZik°m@
10,théosophie,7,teozofi
9,tictaquer,7,tiktake
10,tiers-état,7,tjEReta
7,tirette,5,tiREt
6,titrer,5,titRe
11,titulariser,10,titylaRize
6,toiser,5,twaze
16,tomodensitomètre,14,tomod@sitOmEtR
10,tomographe,8,tomogRaf
9,tonifiant,7,tonifj@
5,tonka,4,t§ka
7,topique,5,topik
7,toquard,5,tokaR
7,torchis,5,tORSi
7,torpédo,7,tORpedo
9,totaliser,8,totalize
13,totalitarisme,12,totalitaRizm
7,touareg,6,twaReg
6,toucan,4,tuk@
10,tourmentin,7,tuRm@t5
10,tout-petit,6,tup°ti
12,transbahuter,9,tR@sbayte
15,transcanadienne,12,tR@skanadjEn
11,transcutané,10,tR@skytane
12,transduction,10,tR@sdyksj§
13,transitionnel,11,tR@zisjonEl
19,transsubstantiation,16,tR@ssypst@tjasj§
10,transsudat,8,tR@ssyda
10,traînement,7,tREn°m@
4,trek,4,tREk
8,trekking,6,tREkiG
10,triathlète,8,tRiatlEt
12,triglycéride,11,tRigliseRid
6,trille,4,tRij
10,trimardeur,9,tRimaRd9R
10,trinitaire,8,tRinitER
10,trinquette,6,tR5kEt
14,triomphalement,11,tRij§fal°m@
7,tripant,5,tRip@
13,tripatouiller,9,tRipatuje
9,tripotage,8,tRipotaZ
11,trivialiser,10,tRivjalize
10,trivialité,10,tRivjalite
8,troncher,5,tR§Se
9,trottiner,7,tRotine
10,trébuchant,7,tRebyS@
8,trépaner,7,tRepane
9,trépidant,7,tRepid@
6,trôner,5,tRone
8,tuilerie,7,t8il°Ri
8,turfiste,7,tyRfist
10,turgescent,7,tyRZes@
8,turnover,8,t9Rnov9R
8,tutorial,8,tytoRjal
6,tuyère,6,t8ijER
8,tympanon,6,t5pan§
4,tzar,4,tsaR
11,télécopieur,10,telekopj9R
8,télécran,7,telekR@
12,télédiffuser,10,teledifyze
10,télémesure,9,telem°zyR
10,tétramètre,9,tetRamEtR
10,ultra-chic,8,yltRaSik
11,ultrarapide,10,yltRaRapid
15,unidirectionnel,14,ynidiREksjonEl
13,unilatéralité,13,ynilateRalite
6,urinal,6,yRinal
9,utilement,7,ytil°m@
8,vaginite,7,vaZinit
9,vagissant,6,vaZis@
8,vallonné,6,valone
8,variance,6,vaRj@s
16,vasoconstriction,14,vazok§stRiksj§
14,vaudevillesque,10,vod°vilEsk
9,vectoriel,9,vEktoRjEl
5,velum,5,velOm
6,venise,5,v2niz
6,venter,4,v@te
7,verseur,6,vERs9R
8,vertébré,8,vERtebRe
10,vibraphone,8,vibRafOn
14,vingt-deuxième,9,v5td2zjEm
4,vioc,4,vjOk
10,virtualité,10,viRt8alite
7,viscose,6,viskoz
7,viscère,5,visER
5,vissé,4,vise
8,vitaminé,8,vitamine
4,vite,3,vit
11,viticulture,10,vitikyltyR
8,vivarium,8,vivaRjOm
6,viveur,5,viv9R
5,vodou,4,vodu
9,vomisseur,7,vomis9R
10,voracement,8,voRas°m@
8,vulvaire,6,vylvER
11,végétarisme,10,veZetaRizm
9,wagon-bar,7,vag§baR
11,wall street,8,wOlstRit
4,watt,3,wat
5,wharf,4,waRf
4,whig,3,wig
6,xylène,6,ksilEn
6,yodler,5,jOdle
7,zig-zig,6,zigzig
5,zoner,4,zone
5,zébré,5,zebRe
10,zézaiement,6,zezEm@
15,à leur encontre,9,al9R@k§tR
8,ébaucher,5,eboSe
9,écaillage,6,ekajaZ
8,échancré,6,eS@kRe
10,échéancier,7,eSe@sje
11,éclamptique,8,ekl@ptik
7,écloper,6,eklOpe
9,éconduire,7,ek§d8iR
8,économat,7,ekonoma
5,écope,4,ekOp
9,écorcheur,7,ekORS9R
6,écorné,6,ekORne
11,écrivaillon,8,ekRivaj§
8,écrémage,7,ekRemaZ
4,édam,4,edam
13,éditorialiste,12,editoRjalist
12,égocentriste,10,egos@tRist
7,élagage,6,elagaZ
8,élagueur,6,elag9R
11,électrifier,10,elEktRifje
10,électriser,9,elEktRize
13,électroaimant,10,elEktRoEm@
14,électroménager,13,elEktRomenaZe
6,émacié,6,emasje
12,épanouissant,8,epanwis@
8,épidural,8,epidyRal
10,épilatoire,9,epilatwaR
6,épurer,5,epyRe
12,équarrissage,8,ekaRisaZ
11,équilibreur,9,ekilibR9R
12,érythémateux,9,eRitemat2
7,étameur,6,etam9R
10,état-civil,8,etasivil
11,étatisation,10,etatizasj§
9,étiologie,8,etjOlOZi
9,étouffeur,6,etuf9R
10,étrangleur,8,etR@gl9R
7,éventré,6,ev@tRe
6,évitée,5,evite
7,abaisse,4,abEs
5,aboli,5,aboli
10,abricotier,9,abRikotje
8,abscisse,5,apsis
6,absous,4,apsu
9,abstraire,7,apstRER
10,accaparant,7,akapaR@
10,accapareur,8,akapaR9R
8,accessit,7,aksesit
10,accidenter,8,aksid@te
9,accouchée,5,akuSe
8,accoutré,6,akutRe
9,accoutumé,7,akutyme
8,accroire,6,akRwaR
8,acerbité,8,asERbite
7,acidulé,7,asidyle
11,acrimonieux,9,akRimonj2
10,acrostiche,8,akROstiS
9,actuariel,9,aktyaRjEl
9,ad patres,8,adpatREs
10,adjonction,8,adZ§ksj§
12,adjudication,11,adZydikasj§
10,administré,10,administRe
13,admissibilité,12,admisibilite
6,adouci,5,adusi
8,affermir,7,afERmiR
5,affin,3,af5
9,affréteur,7,afRet9R
7,agencer,5,aZ@se
10,agglutiner,8,aglytine
7,agnosie,6,agnozi
7,agrégat,6,agRega
14,aide-cuisinier,10,Edk8izinje
8,aigrette,5,EgREt
9,aiguillat,6,eg8ija
8,aimanter,5,Em@te
4,ains,2,5s
7,air bag,5,ERbag
7,air-mer,5,ERmER
6,ajoute,4,aZut
6,alaise,4,alEz
7,alangui,5,al@gi
9,albinisme,8,albinism
11,alcaliniser,10,alkalinize
8,alcalose,7,alkaloz
10,alchimique,7,alSimik
8,algarade,7,algaRad
6,aligné,5,aliNe
6,aliter,5,alite
6,allium,5,aljOm
12,alphabétiser,10,alfabetize
8,alsacien,7,alzasj5
8,altérité,8,alteRite
4,aléa,4,alea
9,aléoutien,7,aleusj5
7,amaigri,6,amegRi
6,amenée,5,am°ne
11,ampèremètre,9,@pER°mEtR
10,amygdalien,8,amidalj5
5,amyle,4,amil
8,amylique,6,amilik
15,américanisation,14,ameRikanizasj§
9,analysant,7,analiz@
4,anas,3,ana
16,anglo-soviétique,12,@glosovjetik
10,anglophile,7,@glofil
6,animus,6,animys
5,anode,4,anOd
11,anthropoïde,8,@tRopoid
9,anti-acné,7,@tiakne
14,anti-castriste,11,@tikastRist
9,anti-club,7,@tikl9b
19,anti-discrimination,16,@tidiskRiminasj§
18,anti-establishment,15,@tiEstabliSmEnt
13,anti-fasciste,9,@tifaSist
16,anti-immigration,12,@tiimigRasj§
18,anti-inflammatoire,13,@ti5flamatwaR
10,anti-rhume,6,@tiRym
9,anti-sida,7,@tisida
15,anti-sous-marin,9,@tisumaR5
11,anti-sémite,8,@tisemit
14,antialcoolique,10,@tialkolik
16,antiaméricanisme,14,@tiameRikanizm
16,antidémocratique,13,@tidemokRatik
12,antifasciste,9,@tifaSist
7,antigel,6,@tiZEl
14,antimigraineux,10,@timigREn2
11,antioxydant,9,@tiOksid@
8,antipode,6,@tipOd
13,antiradiation,11,@tiRadjasj§
9,antirides,6,@tiRid
12,antiviolence,9,@tivjol@s
9,antiviral,8,@tiviRal
10,anémomètre,9,anemomEtR
9,aphasique,6,afazik
9,aphorisme,7,afoRizm
13,applaudimètre,10,aplodimEtR
13,applicabilité,12,aplikabilite
8,appointé,6,apw5te
15,apprenti-pilote,11,apR@tipilOt
17,approfondissement,12,apRof§dis°m@
10,après-coup,6,apREku
11,après-dîner,8,apREdine
9,aquaplane,8,akwaplan
6,aqueux,3,ak2
7,aquilin,5,akil5
9,arachnéen,7,aRakne5
12,arborescence,9,aRboREs@s
11,arborescent,8,aRboREs@
9,argilière,8,aRZiljER
12,argumentatif,11,aRgym@tatif
6,arnica,6,aRnika
10,aromatique,8,aRomatik
5,arqué,4,aRke
11,arrachement,7,aRaS°m@
15,arrière-cuisine,11,aRjERk8izin
4,arum,4,aROm
9,aréflexie,9,aReflEksi
3,asa,3,aza
5,asana,5,azana
12,ascensionnel,9,as@sjonEl
6,ascète,4,asEt
12,aspergillose,10,aspERZiloz
9,asphodèle,7,asfodEl
7,asservi,6,asERvi
11,assimilable,9,asimilabl
8,assimilé,7,asimile
7,assiégé,6,asjeZe
9,assoiffer,6,aswafe
9,assommoir,7,asomwaR
9,assujetti,7,asyZEti
8,assurage,6,asyRaZ
4,aste,3,ast
8,asthénie,6,asteni
10,astreindre,7,astR5dR
9,astreinte,6,astR5t
16,astronomiquement,13,astROnOmik°m@
8,ataraxie,8,ataRaksi
5,atone,4,aton
8,attabler,6,atable
10,attentisme,7,at@tizm
10,attentiste,7,at@tist
9,attrition,7,atRisj§
7,atténué,6,aten8e
10,audiophone,7,odjofOn
9,aumônerie,7,omon°Ri
6,austro,5,ostRo
12,auto-analyse,9,otoanaliz
13,auto-érotisme,10,otoeRotizm
9,autocrate,7,otokRat
10,autogenèse,8,otoZ°nEz
13,autonettoyant,10,otonEtwaj@
13,autoritarisme,11,otoRitaRizm
10,autostrade,8,otostRad
16,autosurveillance,11,otosyRvEj@s
7,avachir,6,avaSiR
13,avant-coureur,8,av@kuR9R
10,avant-plan,6,av@pl@
14,avant-première,10,av@pR°mjER
5,aviso,5,avizo
4,axer,4,akse
7,axolotl,8,aksolOtl
7,azimuté,7,azimyte
13,aérodynamisme,12,aeRodinamizm
6,aïkido,6,ajkido
4,babi,4,babi
9,bachotage,7,baSotaZ
7,baguage,5,bagaZ
6,baguer,4,bage
8,balafrer,7,balafRe
9,balalaïka,9,balalaika
6,balboa,6,balboa
9,balbutier,8,balbysje
7,ballant,4,bal@
6,baller,4,bale
12,ballonnement,8,balOn°m@
10,ballottage,7,balotaZ
9,ballotter,6,balote
10,balourdise,8,baluRdiz
8,bamboche,5,b@bOS
7,bandera,6,b@d°Ra
9,baptiseur,7,batiz9R
9,barbacane,8,baRbakan
12,barbiturique,10,baRbityRik
6,barbon,5,baRb§
8,barbotte,6,baRbOt
7,bariolé,7,baRjole
8,baronnie,6,baRoni
8,bas-fond,4,baf§
9,batardeau,7,bataRdo
7,battoir,6,batwaR
7,becquet,4,bekE
7,becquée,4,bEke
6,becter,5,bEkte
8,belgique,6,bElZik
14,benzodiazépine,12,b5zodjazepin
12,bestialement,10,bEstjal°m@
6,biaisé,5,bjeze
10,biberonner,8,bib°Rone
11,bibliophile,10,biblijofil
6,bicher,4,biSe
3,bif,3,bif
12,bimbeloterie,10,b5b°lOt°Ri
8,bimoteur,7,bimot9R
15,biochimiquement,11,bjoSimik°m@
8,biotique,6,bjotik
7,bioxyde,7,bjOksid
7,biplace,6,biplas
6,biseau,4,bizo
6,bishop,5,biSOp
7,bismuth,6,bismyt
7,bisquer,5,biske
6,bissel,5,bisEl
7,biturer,6,bityRe
6,bizuth,4,bizy
8,bleu-roi,6,bl2Rwa
5,blini,5,blini
9,blocaille,6,blokaj
7,blondin,5,bl§d5
9,blue note,6,blunOt
11,boat people,9,bOwtpip9l
8,bobinage,7,bobinaZ
6,boggie,4,bogi
6,boghei,5,bogEj
15,bonheur-du-jour,10,bon9RdyZuR
8,bonhomie,6,bonomi
9,bonneteau,6,bOn°to
9,boqueteau,6,bOk°to
7,bordeau,5,bORdo
6,bortch,5,bORtS
10,bouchonner,6,buSone
4,bouf,3,buf
9,bougresse,6,bugREs
8,bouliste,6,bulist
11,bourgeonner,7,buRZone
12,bourlingueur,8,buRl5g9R
9,bourratif,7,buRatif
12,boursouflure,9,buRsuflyR
8,boutefeu,6,but°f2
7,bouteur,5,but9R
16,boutique-cadeaux,9,butikkado
15,bouton-pression,10,but§pREsj§
12,brachiosaure,9,bRakjozOR
11,brahmanisme,9,bRamanizm
5,brand,3,bR@
7,brandon,5,bR@d§
8,branlage,6,bR@laZ
7,branlée,5,bR@le
7,brasero,7,bRazeRo
7,briffer,5,bRife
13,bringuebalant,9,bR5g°bal@
7,brioché,7,bRijoSe
6,broker,6,bRok9R
8,bronzant,5,bR§z@
5,brook,4,bRuk
4,brou,3,bRu
10,brunissage,8,bRynisaZ
5,bubon,4,byb§
7,bulbeux,5,bylb2
5,bulge,5,b9ldZ
12,bull-terrier,8,byltERje
6,busard,5,byzaR
6,buvard,5,byvaR
7,bécarre,5,bekaR
7,bélouga,6,beluga
6,béluga,6,belyga
5,béryl,5,beRil
7,bétonné,6,betone
6,bêlant,4,bEl@
5,bêler,4,bele
8,bêtifier,7,betifje
4,bôme,3,bom
8,caboteur,7,kabot9R
10,cadenasser,8,kad°nase
10,cafouiller,6,kafuje
6,calbar,6,kalbaR
8,calciner,7,kalsine
7,calecif,7,kal°sif
9,callosité,8,kalozite
6,calter,5,kalte
8,calvados,8,kalvados
10,calédonien,9,kaledonj5
9,cambusier,7,k@byzje
9,camouflet,7,kamuflE
9,campanile,7,k@panil
6,canado,6,kanado
11,cancérogène,9,k@seROZEn
11,caniculaire,9,kanikylER
9,cantabile,7,k@tabil
6,canter,5,k@t9R
8,capelage,7,kap°laZ
5,caper,4,kape
7,captage,6,kaptaZ
11,caquètement,8,kakEt°m@
9,caracoler,8,kaRakole
10,caramélisé,10,kaRamelize
11,carburation,10,kaRbyRasj§
11,caricaturer,10,kaRikatyRe
13,caricaturiste,12,kaRikatyRist
9,carottage,7,kaRotaZ
5,carpé,5,kaRpe
5,carre,3,kaR
10,carrossier,7,kaRosje
6,carrée,4,kaRe
8,carthame,6,kaRtam
13,cartilagineux,11,kaRtilaZin2
13,cartographier,11,kaRtogRafje
11,casse-pipes,6,kaspip
9,castriste,8,kastRist
10,catalogage,9,katalOgaZ
10,cataplexie,10,kataplEksi
8,catarrhe,5,kataR
11,catégoriser,10,kategoRize
13,cautionnement,9,kosjOn°m@
10,cavitation,9,kavitasj§
9,ceinturer,6,s5tyRe
5,celle,3,sEl
10,cendrillon,7,s@dRij§
7,centavo,6,s@tavo
10,centripète,8,s@tRipEt
8,centurie,6,s@tyRi
8,cervoise,7,sERvwaz
7,chamane,5,Saman
10,chambarder,7,S@baRde
10,chapardeur,8,SapaRd9R
9,chapitrer,7,SapitRe
13,charlatanerie,11,SaRlatan°Ri
9,charmille,6,SaRmij
11,chatouillis,6,Satuji
12,chaudronnier,8,SodRonje
9,chemineau,6,S°mino
8,cheminer,6,S°mine
13,cheval-vapeur,10,S°valvap9R
8,chevesne,5,S°vEn
9,chevroter,7,S°vRote
9,chiasseux,5,Sjas2
9,chicaneur,7,Sikan9R
11,chiffonnade,7,Sifonad
11,chiromancie,8,kiRom@si
13,chiropratique,10,kiROpRatik
19,chirurgien-dentiste,14,SiRyRZj5d@tist
7,chlorer,5,klORe
12,chloroformer,10,kloRofORme
6,chnouf,4,Snuf
14,cholinestérase,12,kOlinEsteRaz
7,chopine,5,Sopin
14,chorégraphique,10,koRegRafik
18,chronophotographie,14,kRonofOtOgRafi
12,chrysanthème,8,kRiz@tEm
6,chérot,4,SeRo
7,cigalon,6,sigal§
6,ciselé,6,siz°le
12,clair-obscur,10,klEROpskyR
7,clairet,5,klERE
7,clampin,5,kl@p5
7,claquet,5,klakE
12,claustration,10,klostRasj§
11,cleptomanie,10,klEptomani
12,climatologue,10,klimatOlOg
7,cliquet,5,klikE
10,clémentine,8,klem@tin
10,co-habiter,7,koabite
12,co-président,9,kopRezid@
10,co-vedette,7,kov2dEt
7,coasser,5,koase
9,cochonner,6,koSone
10,cogitation,9,koZitasj§
8,coiffant,5,kwaf@
10,coin-repas,7,kw5R°pa
12,colis-cadeau,8,kolikado
9,colistier,8,kolistje
9,combinard,7,k§binaR
18,commedia dell'arte,14,komedjadElaRte
16,commercialisable,14,kOmERsjalizabl
19,commissaire-adjoint,12,kOmisERadZw5
13,compartimenté,11,k§paRtim@te
13,compensatoire,10,k§p@satwaR
10,complexion,9,k§plEksj§
8,compound,6,k§pund
14,conceptualiser,12,k§sEpt8alize
12,conciliabule,10,k§siljabyl
10,concordant,7,k§kORd@
8,concubin,6,k§kyb5
8,condensé,6,k§d@se
11,condominium,10,k§dominjOm
12,conductivité,11,k§dyktivite
8,confiote,6,k§fjOt
8,confondu,6,k§f§dy
13,confucianisme,11,k§fysjanizm
7,congère,5,k§ZER
12,congédiement,8,k§Zedim@
8,conifère,7,konifER
10,consanguin,6,k§s@g5
8,conscrit,6,k§skRi
7,consort,5,k§sOR
8,conspuer,6,k§sp8e
18,constitutionnalité,16,k§stitysjOnalite
8,consulte,6,k§sylt
15,consécutivement,12,k§sekytiv°m@
11,contaminant,8,k§tamin@
7,contigu,6,k§tigy
10,contorsion,8,k§tORsj§
14,contrapuntique,10,k§tRap§tik
9,contrasté,8,k§tRaste
15,contre-pression,11,k§tR°pREsj§
17,contre-propagande,13,k§tR°pRopag@d
13,contre-vérité,11,k§tR°veRite
10,contrefort,8,k§tR°fOR
12,contributeur,10,k§tRibyt9R
6,convié,5,k§vje
5,coopé,5,koope
9,coopérant,7,koopeR@
11,coprophilie,9,kOpROfili
8,coqueron,6,kOk°R§
10,coquillard,7,kokijaR
9,cornillon,7,kORnij§
9,cornélien,8,kORnelj5
12,corporatisme,11,kORpoRatizm
6,cortès,6,kORtEz
12,cosmiquement,9,kOsmik°m@
12,cosmétologue,10,kOsmetOlOg
5,coter,4,kote
7,coupage,5,kupaZ
12,coupe-cigare,8,kupsigaR
12,coupe-jarret,7,kupZaRE
10,courailler,6,kuRaje
10,courroucer,6,kuRuse
8,coutelas,6,kut°la
9,coutelier,7,kutElje
9,craqueler,7,kRak°le
10,crash-test,8,kRaStEst
14,criminellement,11,kRiminEl°m@
15,cristallomancie,12,kRistalOm@si
11,croassement,8,kRoas°m@
8,cromlech,7,kROmlEk
7,crotter,5,kRote
6,croule,4,kRul
9,croustade,7,kRustad
12,cryptographe,10,kRiptogRaf
8,créative,7,kReativ
10,crécerelle,8,kRes°REl
5,crécy,5,kResi
11,crédit-bail,8,kRedibaj
9,crépitant,7,kRepit@
9,crétineux,7,kRetin2
8,cuissage,6,k8isaZ
9,cul-bénit,6,kybeni
11,cul-de-porc,6,kydpOR
5,culex,6,kylEks
11,culmination,10,kylminasj§
5,cumul,5,kymyl
13,cumulo-nimbus,11,kymylon5bys
6,cursif,6,kyRsif
7,cursive,6,kyRsiv
12,cybernétiser,11,sibERnetize
10,cyberspace,9,sibERspes
9,cyclorama,9,siklORama
8,câblerie,7,kabl°Ri
11,câblogramme,9,kablogRam
4,cène,3,sEn
4,cèpe,3,sEp
7,céladon,6,selad§
10,céphalique,7,sefalik
11,céphalopode,9,sefalopOd
16,cérémonieusement,13,seRemonj2z°m@
6,dacron,5,dakR§
7,daigner,4,deNe
10,dalmatique,8,dalmatik
10,daltonisme,9,daltonizm
5,darce,4,daRs
5,datif,5,datif
6,datura,6,datyRa
6,davier,5,davje
10,delphinium,9,dElfinjOm
15,demi-centimètre,12,d2mis@timEtR
9,demi-jour,7,d°miZuR
9,demi-nuit,7,d2min8i
11,demi-vierge,9,d°mivjERZ
6,dengue,3,d@g
12,dessèchement,8,desES°m@
13,deutsche mark,9,dOjtSmaRk
9,deux-deux,4,d2d2
3,dey,2,dE
10,diminuendo,9,dimin85do
6,discal,6,diskal
9,disparate,8,dispaRat
12,dissemblable,9,dis@blabl
12,dissentiment,8,dis@tim@
9,disséminé,8,disemine
12,distillateur,10,distilat9R
11,dixièmement,9,dizjEm°m@
11,doctrinaire,9,dOktRinER
13,domestication,12,domEstikasj§
9,dominante,7,domin@t
9,domotique,7,domotik
6,doucet,4,dusE
7,drachme,5,dRakm
8,draisine,6,dREzin
13,drastiquement,10,dRastik°m@
7,drifter,7,dRift9R
12,drone-espion,9,dRonEspj§
9,druidesse,7,dR8idEs
8,dualisme,7,d8alizm
5,ducal,5,dykal
9,duchnoque,6,dySnOk
6,durant,4,dyR@
9,dure-mère,6,dyRmER
9,dynamiser,8,dinamize
11,dyspeptique,9,dispEptik
9,dysphorie,7,disfoRi
15,débarbouillette,10,debaRbujEt
10,débilement,8,debil°m@
6,débine,5,debin
8,débouché,6,debuSe
9,débourrer,6,debuRe
13,débranchement,9,debR@S°m@
7,débridé,7,debRide
9,débronzer,7,debR§ze
5,décan,4,dek@
8,décapant,6,dekap@
9,déchanter,6,deS@te
9,déchaussé,6,deSose
12,déchiffrable,9,deSifRabl
9,déchireur,7,deSiR9R
10,décoffrage,8,dekOfRaZ
12,décompliquer,9,dek§plike
9,décrisper,8,dekRispe
9,décroiser,8,dekRwaze
6,décrue,5,dekRy
7,décuple,6,dekypl
7,décuplé,7,dekyple
10,défonceuse,7,def§s2z
9,défroquer,7,defROke
8,dégarnir,8,degaRniR
10,dégingandé,8,deZ5g@de
8,déglutir,8,deglytiR
8,dégoiser,7,degwaze
8,dégriffé,7,degRife
11,dégustateur,10,degystat9R
10,déhiscence,6,deis@s
5,déité,5,deite
7,déjuger,6,deZyZe
9,délassant,6,delas@
9,délestage,8,delEstaZ
12,déliquescent,8,delikes@
12,déloyalement,11,delwajal°m@
10,démarcheur,8,demaRS9R
12,démodulateur,11,demodylat9R
13,démonstrateur,11,dem§stRat9R
12,dénaturation,11,denatyRasj§
13,dénivellation,11,denivElasj§
13,départemental,12,depaRt°m@tal
18,dépersonnalisation,16,depERsOnalizasj§
9,dépeupler,7,dep9ple
8,déplumer,7,deplyme
12,dépoitraillé,10,depwatRaje
10,dérailleur,7,deRaj9R
9,déroulant,6,deRul@
14,désalinisation,13,dezalinizasj§
11,désarrimage,9,dezaRimaZ
12,désavantager,10,dezav@taZe
10,désennuyer,9,dez@n8ije
11,désenvoûter,8,dez@vute
14,désillusionner,11,dezilyzjone
12,désinstaller,9,dez5stale
10,désorbiter,9,dezORbite
6,désuni,6,dezyni
10,détartrant,8,detaRtR@
9,déterreur,7,detER9R
11,dévergonder,9,devERg§de
9,déviateur,8,devjat9R
6,dévolu,6,devoly
7,effarer,5,efaRe
11,effaroucher,7,efaRuSe
7,effluve,5,eflyv
9,eidétique,6,Edetik
11,embastiller,8,@bastije
8,embellie,5,@bEli
13,embourgeoiser,9,@buRZwaze
12,embrouillage,7,@bRujaZ
8,empaffer,5,@pafe
10,empalement,7,@pal°m@
9,empirisme,7,@piRizm
7,empêtré,6,@petRe
6,encagé,5,@kaZe
12,encaustiquer,8,@kostike
7,encrage,5,@kRaZ
6,encrer,4,@kRe
16,encéphalographie,12,@sefalogRafi
9,endogamie,7,@dogami
9,endormant,6,@dORm@
9,endormeur,7,@dORm9R
10,enfant-roi,6,@f@Rwa
11,enfouraillé,7,@fuRaje
8,engelure,6,@Z°lyR
7,engluer,5,@glye
7,engorgé,6,@gORZe
10,enivrement,8,@nivR°m@
7,enjoint,4,@Zw5
8,enluminé,7,@lymine
8,enrayage,6,@REjaZ
10,enrayement,6,@REjm@
8,ensacher,5,@saSe
11,ensoleiller,7,@soleje
8,ensuivre,6,@s8ivR
9,entièreté,8,@tjER°te
12,entourlouper,8,@tuRlupe
15,entrebâillement,10,@tR°baj°m@
12,entrechoquer,8,@tR°Soke
12,entrecroiser,10,@tR°kRwaze
10,entrouvert,7,@tRuvER
13,envahissement,8,@vais°m@
8,enviandé,6,@vj@de
10,ergotamine,9,ERgotamin
8,ergoteur,7,ERgot9R
13,erpétologiste,12,ERpetOlOZist
7,erratum,6,eRatOm
10,esbroufeur,8,EzbRuf9R
6,eskimo,6,Eskimo
6,espacé,6,Espase
10,espadrille,8,EspadRij
9,espéranto,8,EspeR@to
4,esse,2,Es
8,essuyeur,7,es8ij9R
9,estampage,7,Est@paZ
8,estamper,6,Est@pe
9,ethnicité,8,Etnisite
12,ex-assistant,9,Eksasist@
16,ex-contrebandier,13,Eksk§tR°b@dje
9,ex-dealer,8,EksdilER
13,ex-inspecteur,11,Eks5spEkt9R
14,ex-journaliste,12,EksZuRnalist
9,ex-leader,8,Ekslid9R
10,ex-monteur,8,Eksm§t9R
7,ex-para,7,EkspaRa
8,ex-reine,6,EksREn
10,ex-sergent,8,EkssERZ@
8,ex-élève,7,EkselEv
10,excavateur,10,Ekskavat9R
8,excréter,8,EkskRete
11,exhortation,10,EgzORtasj§
11,exobiologie,11,EgzobjolOZi
8,exostose,8,Egzostoz
10,expansible,9,Eksp@sibl
14,expansionniste,12,Eksp@sjonist
11,expectation,11,EkspEktasj§
13,expectoration,13,EkspEktoRasj§
9,expédient,8,ekspedj@
10,extorqueur,9,EkstORk9R
15,extra-sensoriel,14,EkstRas@soRjEl
15,extragalactique,14,EkstRagalaktik
14,extrasensoriel,14,EkstRas@soRjEl
7,exécrer,7,EgzekRe
7,fabuler,6,fabyle
10,fac-similé,9,faksimile
7,facturé,7,faktyRe
8,faisandé,6,f°z@de
5,falot,4,falo
11,fameusement,8,fam2z°m@
13,fanatiquement,10,fanatik°m@
11,fanfreluche,8,f@fR°lyS
7,fangeux,4,f@Z2
6,faraud,4,faRo
6,farter,5,faRte
7,faubert,5,fobER
12,faux-bourdon,7,fobuRd§
8,faux-col,5,fokOl
11,faux-fuyant,7,fof8ij@
10,façonnable,8,fasOnabl
5,feint,2,f5
8,feinteur,5,f5t9R
5,fenil,5,f°nil
5,feria,5,f°Rja
7,fermage,6,fERmaZ
11,fertilisant,9,fERtiliz@
9,festivité,9,fEstivite
6,feston,5,fEst§
9,festonner,7,fEstone
7,fiasque,5,fjask
4,fiat,4,fjat
10,fictionnel,9,fiksjonEl
5,fieux,3,fj2
7,filmage,6,filmaZ
9,finisseur,7,finis9R
11,flegmatique,9,flEgmatik
7,flemmer,5,fleme
7,flingot,5,fl5go
9,fliquesse,6,flikEs
9,floralies,7,floRali
12,flottabilité,11,flotabilite
8,fluctuer,7,flykt8e
6,focale,5,fokal
8,folingue,5,fol5g
5,folio,5,foljo
11,folledingue,7,fOl°d5g
11,folliculite,9,fOlikylit
15,fondamentalisme,12,f§dam@talism
15,footballistique,11,futbalistik
7,forcené,7,fORs°ne
7,forceur,6,fORs9R
10,forfaiture,8,fORfetyR
10,formaliste,9,fORmalist
6,formid,6,fORmid
9,fouetteur,6,fuEt9R
9,fouilleur,5,fuj9R
11,fractionner,9,fRaksjone
10,fragiliser,9,fRaZilize
9,fragilisé,9,fRaZilize
7,frelaté,7,fR°late
9,freudisme,7,fR2dizm
5,freux,3,fR2
7,fripier,6,fRipje
7,frisant,5,fRiz@
9,frugivore,8,fRyZivOR
7,fugueur,5,fyg9R
8,fuligule,7,fyligyl
11,fulmination,10,fylminasj§
8,furetage,7,fyR°taZ
5,furia,5,fyRja
8,féculent,6,fekyl@
10,féodalisme,9,feodalizm
9,féodalité,9,feodalite
7,gabelle,5,gabEl
7,gaffeur,5,gaf9R
6,galago,6,galago
8,galloise,6,galwaz
10,galvanisme,9,galvanizm
9,gambadant,6,g@bad@
8,gambette,5,g@bEt
5,ganse,3,g@s
10,gargarisme,9,gaRgaRizm
14,gargouillement,9,gaRguj°m@
7,gas-oil,6,gazOjl
17,gastroentérologue,14,gastRo@teRolOg
5,gatte,3,gEt
9,gaudriole,8,godRijOl
7,gausser,4,gose
6,gazage,5,gazaZ
9,gazomètre,8,gazomEtR
10,gazométrie,9,gazometRi
6,gelure,5,Z°lyR
9,germanité,9,ZERmanite
5,germé,5,ZERme
7,gestuel,7,ZEst8El
6,gibbon,4,Zib§
9,giratoire,8,ZiRatwaR
6,glacis,5,glasi
8,glaireux,5,glER2
12,glapissement,9,glapis°m@
7,glaçant,5,glas@
12,gobe-mouches,6,gObmuS
5,goglu,5,gOgly
8,gondoler,6,g§dole
6,gopher,5,gOf9R
7,gorgone,6,gORgOn
4,goth,2,go
9,goudronné,7,gudRone
5,goulu,4,guly
6,goétie,5,gOesi
10,graffiteur,8,gRafit9R
9,graisseur,6,gREs9R
7,graphie,5,gRafi
7,gratiné,7,gRatine
8,gratinée,7,gRatine
6,grever,5,gR°ve
6,grigou,5,gRigu
11,grilladerie,9,gRijad°Ri
7,grimage,6,gRimaZ
8,grimpant,5,gR5p@
7,grinche,4,gR5S
8,griserie,7,gRiz°Ri
12,gros-porteur,9,gRopORt9R
12,grouillement,7,gRuj°m@
7,grumeau,5,gRymo
5,grèbe,4,gREb
8,guaracha,6,gaRaSa
9,guilledou,5,gijdu
8,guindeau,4,g5do
5,guède,3,gEd
12,gyroscopique,10,ZiRoskopik
7,gâtisme,6,gatizm
13,géomagnétique,10,ZeomaNetik
12,géosynchrone,9,Zeos5kRon
5,gésir,5,ZeziR
8,haggadah,5,agada
7,halcyon,5,alsj§
5,haler,3,ale
12,hallebardier,9,al°baRdje
14,halte-garderie,10,altgaRd2Ri
12,hambourgeois,7,@buRZwa
6,harari,5,aRaRi
9,harcelant,6,aRs°l@
9,harmattan,6,aRmat@
12,harmoniciste,10,aRmonisist
4,hase,2,az
6,hauban,3,ob@
17,haut-commissariat,10,okomisaRja
9,haut-fond,3,of§
7,hellène,4,ElEn
13,hellénistique,9,Elenistik
9,herculéen,7,ERkyle5
7,hilaire,4,ilER
8,hippisme,5,ipism
10,hirsutisme,8,iRsytizm
12,hispanophone,9,ispanofOn
6,hister,5,istER
8,hiverner,6,ivERne
8,hobereau,5,Ob°Ro
8,hollande,4,ol@d
10,holographe,7,ologRaf
13,homme-serpent,7,OmsERp@
11,homogénéisé,10,omoZeneize
9,homoncule,6,om§kyl
9,houppette,4,upEt
10,house-boat,7,awsbOwt
6,hunter,5,9nt9R
9,hydrogéné,8,idRoZene
10,hydrologie,8,idRoloZi
10,hydroptère,8,idROptER
7,hystéro,6,isteRo
13,hébéphrénique,9,ebefRenik
9,hématurie,7,ematyRi
11,héroïnomane,9,eRoinoman
11,hétéroclite,9,eteRoklit
4,i.e.,5,idEst
5,iambe,3,j@b
3,ibo,3,ibo
13,ichtyologiste,11,iktjoloZist
7,ikebana,7,ikebana
14,illégitimement,11,ileZitim°m@
6,imager,5,imaZe
7,imageur,6,imaZ9R
4,iman,3,im@
7,immergé,6,imERZe
9,immigrant,6,imigR@
9,immondice,6,im§dis
13,immunodéprimé,12,imynodepRime
11,immunologie,9,imynoloZi
11,immédiateté,10,imedjat°te
14,imparfaitement,10,5paRfEt°m@
10,impassable,7,5pasabl
13,implacabilité,12,5plakabilite
9,imputable,7,5pytabl
11,in absentia,10,inabsEntja
11,inaccoutumé,9,inakutyme
9,inanition,8,inanisj§
12,inapplicable,10,inaplikabl
11,inassurable,9,inasyRabl
12,inchangeable,7,5S@Zabl
6,incise,4,5siz
11,inclassable,8,5klasabl
9,inclément,6,5klem@
8,incomber,5,5k§be
9,incommodé,7,5komode
12,incorrection,9,5koREksj§
9,incroyant,7,5kRwaj@
8,indexeur,7,5dEks9R
13,indiscernable,10,5disERnabl
13,indisposition,11,5dispozisj§
13,indissociable,10,5disosjabl
4,indu,3,5dy
9,inducteur,7,5dykt9R
13,indélicatesse,10,5delikatEs
13,ineffablement,10,inefabl°m@
12,inesthétique,9,inEstetik
11,inexistence,10,inEgzist@s
13,inexploitable,13,inEksplwatabl
8,infamant,5,5fam@
12,infantiliser,9,5f@tilize
7,infatué,6,5fat8e
14,inflammabilité,12,5flamabilite
9,injouable,6,5Zwabl
11,innombrable,8,in§bRabl
15,inopportunément,12,inopORtynem@
10,inorganisé,10,inORganize
11,insectivore,9,5sEktivOR
7,insight,6,insajt
10,insociable,8,5sosjabl
14,insonorisation,12,5sonoRizasj§
12,instauration,9,5stoRasj§
8,insuccès,6,5syksE
15,intensification,12,5t@sifikasj§
14,interdépendant,10,5tERdep@d@
10,interloqué,8,5tERloke
10,interniste,8,5tERnist
13,interprétatif,12,5tERpRetatif
13,interrogateur,10,5tERogat9R
11,intervenant,8,5tERv°n@
4,inti,3,5ti
15,intolérablement,12,5toleRabl°m@
10,intoxicant,8,5tOksik@
5,intra,4,5tRa
15,intransportable,12,5tR@spORtabl
13,intronisation,11,5tRonizasj§
10,invalidant,7,5valid@
12,invalidation,10,5validasj§
10,invectiver,8,5vEktive
11,inventivité,9,5v@tivite
9,inverseur,7,5vERs9R
13,investigateur,11,5vEstigat9R
7,ioniser,6,jonize
14,irrecevabilité,13,iR2s°vabilite
18,irrespectueusement,14,iREspEkt82z°m@
11,irrécusable,9,iRekyzabl
14,isolationniste,12,izolasjonist
11,isométrique,9,izOmetRik
7,jacasse,5,Zakas
8,jambière,6,Z@bjER
10,jarretelle,7,ZaR°tEl
9,jazz-band,7,dZazb@d
9,jeanneton,6,Zan°t§
9,jeannette,5,ZanEt
6,jeunet,4,Z9nE
8,joliesse,6,ZoljEs
9,jonglerie,7,Z§gl°Ri
9,jonquille,5,Z§kij
7,jouasse,4,Zwas
8,jubilant,6,Zybil@
11,jubilatoire,10,ZybilatwaR
7,judéité,7,Zydeite
6,jujube,5,ZyZyb
5,julep,5,ZylEp
6,junker,6,Z9nkER
12,jupe-culotte,8,ZypkylOt
10,jupitérien,9,ZypiteRj5
10,jésuitique,8,Zez8itik
3,k-o,3,kao
6,kacher,4,kaSe
8,kafkaïen,7,kafkaj5
6,kaftan,5,kaft@
6,kaiser,6,kajz9R
7,khalife,5,kalif
4,kief,4,kjEf
11,kleptomanie,10,klEptomani
4,kola,4,kola
4,koto,4,koto
7,kouglof,6,kuglOf
6,kényan,5,kenj@
14,laborieusement,11,laboRj2z°m@
13,labyrinthique,9,labiR5tik
8,lacustre,7,lakystR
6,lambin,4,l@b5
12,lance-engins,6,l@s@Z5
13,lance-grenade,9,l@sgR°nad
15,langoureusement,10,l@guR2z°m@
7,laotien,6,laosj5
8,largable,7,laRgabl
8,largueur,6,laRg9R
11,lascivement,8,lasiv°m@
9,latiniste,8,latinist
10,lavallière,8,lavaljER
6,laxité,7,laksite
5,leben,4,l°b@
9,lessivage,7,lesivaZ
9,lestement,7,lEst°m@
10,leucémique,7,l2semik
6,levage,5,l°vaZ
8,levantin,6,l°v@t5
6,leveur,5,l°v9R
6,libyen,5,libj5
12,ligamentaire,9,ligam@tER
8,limaille,5,limaj
8,limiteur,7,limit9R
7,lingala,7,lingala
7,lirette,5,liREt
6,liseré,6,liz°Re
9,livresque,7,livREsk
3,lof,3,lOf
13,logarithmique,10,logaRitmik
10,lord-maire,7,lORdmER
7,lorgnon,5,lORN§
6,loriot,5,loRjo
11,louisianais,9,luizijanE
7,loukoum,5,lukum
8,loupiote,6,lupjOt
10,lucidement,8,lysid°m@
7,lucilie,6,lysili
9,luxurieux,8,lyksyRj2
13,lymphocytaire,9,l5fositER
7,lâchage,5,laSaZ
11,léchouiller,6,leSuje
10,légitimant,8,leZitim@
8,létalité,8,letalite
9,lévitique,7,levitik
7,ma-jong,5,maZ§G
8,machiner,6,maSine
9,machmètre,7,makmEtR
8,macreuse,6,makR2z
13,macroéconomie,12,makRoekOnOmi
7,maculer,6,makyle
8,madrague,6,madRag
8,maestria,9,maEstRija
8,maharaja,8,maaRadZa
7,mailler,4,maje
13,major-général,12,maZORZeneRal
12,malentendant,8,mal@t@d@
14,malicieusement,11,malisj2z°m@
14,malintentionné,11,mal5t@sjone
11,mammectomie,9,mamEktomi
8,mandater,6,m@date
12,mandibulaire,9,m@dibylER
12,manufacturer,11,manyfaktyRe
5,marae,4,maRe
7,marante,5,maR@t
9,marcassin,7,maRkas5
7,marimba,7,maRimba
8,mariolle,6,maRjOl
10,marivauder,8,maRivode
5,massé,4,mase
7,mastiff,6,mastif
13,masturbatoire,12,mastyRbatwaR
7,mastère,6,mastER
5,mataf,5,mataf
11,maximaliser,11,maksimalize
5,meiji,4,mEZi
8,membrure,6,m@bRyR
5,menon,4,m2n§
8,merdasse,6,mERdas
6,merlin,5,mERl5
8,mettable,6,mEtabl
6,meuler,4,m2le
13,mi-américaine,10,miameRikEn
11,mi-capacité,10,mikapasite
8,mi-démon,6,midem§
8,mi-figue,5,mifig
10,mi-juillet,7,miZ8ijE
10,mi-octobre,8,miOktObR
8,mi-pente,5,mip@t
9,mi-raisin,6,miREz5
5,miché,4,miSe
12,microanalyse,11,mikRoanaliz
12,microcircuit,11,mikRosiRk8i
11,microgramme,9,mikROgRam
10,micromètre,9,mikRomEtR
7,midrash,6,midRaS
10,mignardise,8,miNaRdiz
10,migratoire,9,migRatwaR
11,militariste,10,militaRist
13,mille-feuille,6,milf9j
12,milliardième,10,miljaRdjEm
10,millimétré,9,milimetRe
12,millénariste,10,milenaRist
15,mini-ordinateur,13,miniORdinat9R
9,minotaure,7,minotoR
8,miraculé,8,miRakyle
6,miraud,4,miRo
9,mirifique,7,miRifik
10,miroiterie,9,miRwat°Ri
9,miroitier,8,miRwatje
7,mistral,7,mistRal
11,moindrement,8,mw5dR°m@
5,moire,4,mwaR
5,moiré,5,mwaRe
7,moldave,6,mOldav
10,monastique,8,monastik
10,monnayable,8,monEjabl
9,monocorde,8,monokORd
12,monofilament,10,monofilam@
9,monolithe,7,monolit
12,monolithique,9,monolitik
14,monosyllabique,11,monosilabik
9,montrable,7,m§tRabl
6,moreau,4,mORo
8,moricaud,6,moRiko
8,mortibus,8,mORtibys
8,motilité,8,mOtilite
12,motocyclisme,11,motosiklism
5,mound,4,mund
15,multicellulaire,12,myltisElylER
10,multiforme,9,myltifORm
9,multiplex,10,myltiplEks
11,multiracial,11,myltiRasjal
5,mungo,4,muGo
13,musicologique,11,myzikoloZik
7,mutable,6,mytabl
8,mutagène,7,mytaZEn
8,myéloïde,7,mjeloid
12,mâchouilleur,7,maSuj9R
9,mécaniser,8,mekanize
7,médiane,6,medjan
12,médicamenter,10,medikam@te
13,médicamenteux,10,medikam@t2
7,méforme,6,mefORm
10,mégalopole,9,megalOpOl
12,mémorisation,11,memoRizasj§
10,mésomorphe,8,mezomORf
10,mésosphère,8,mezosfER
11,métaboliser,10,metabolize
7,métallo,6,metalo
13,métaphysicien,11,metafizisj5
14,méthodologique,11,metodoloZik
7,mézigue,5,mezig
5,nable,4,nabl
4,naja,4,naZa
7,nanisme,6,nanizm
6,nankin,4,n@k5
11,nanoseconde,9,nanoz°g§d
11,napoléonien,10,napoleonj5
10,naturalisé,10,natyRalize
4,nave,3,nav
9,navigable,8,navigabl
6,nerver,5,n2Rve
15,neurobiologiste,13,n2RobjOlOZist
16,neurologiquement,12,n2RoloZik°m@
16,neurophysiologie,13,n2RofizjoloZi
13,neuroplégique,10,n2RopleZik
16,neuropsychologue,12,n2RopsikolOg
7,nickelé,6,nik°le
7,nitrite,6,nitRit
5,niébé,5,njebe
10,noblaillon,7,noblaj§
6,nocher,4,noSe
8,noirâtre,7,nwaRatR
13,non-événement,10,nOneven°m@
13,nord-africain,9,nORafRik5
11,nourrissage,7,nuRisaZ
7,nu-tête,5,nytEt
9,nucléique,7,nykleik
10,nuitamment,7,n8itam@
10,numérateur,9,nymeRat9R
9,numériser,8,nymeRize
9,nutriment,7,nytRim@
10,négrophile,8,negRofil
8,néophyte,6,neofit
11,néoréalisme,10,neoRealizm
8,népalais,6,nepalE
11,obliquement,8,oblik°m@
8,oblitéré,8,obliteRe
6,oblong,4,obl§
9,obnubiler,8,Obnybile
12,obsolescence,9,OpsolEs@s
11,octogénaire,9,OktoZenER
7,octuple,6,Oktypl
8,oeillade,4,9jad
11,oesophagien,8,2zofaZj5
8,offusqué,6,ofyske
10,oisivement,8,waziv°m@
5,oison,4,waz§
4,ollé,4,Olle
4,omis,3,omi
16,omnidirectionnel,15,OmnidiREksjonEl
8,omnivore,7,OmnivOR
8,onaniste,7,onanist
7,ondatra,6,§datRa
9,ontologie,7,§toloZi
15,ontologiquement,11,§tOlOZik°m@
15,ophtalmologique,12,OftalmoloZik
13,ophtalmoscope,11,OftalmoskOp
6,opiacé,6,opjase
6,opiner,5,opine
13,opiniâtrement,11,opinjatR°m@
8,oratorio,8,oRatoRjo
9,orbitaire,7,ORbitER
10,orchestral,9,ORkEstRal
10,orfèvrerie,9,ORfEvR°Ri
13,organiquement,10,ORganik°m@
6,orphie,4,ORfi
14,orthographique,10,ORtogRafik
6,osmium,6,OsmjOm
7,osmonde,5,Osm§d
8,ossement,5,Os°m@
8,ostinato,8,Ostinato
11,ostéogenèse,10,OsteoZ°nEz
24,oto-rhino-laryngologiste,19,otoRinolaR5goloZist
6,ouiche,3,wiS
9,ouroboros,8,uRoboROs
8,outremer,7,utR°mER
7,ouvragé,6,uvRaZe
7,ovarien,6,ovaRj5
6,pagaye,5,pagaj
6,pageot,4,paZo
8,paillote,5,pajOt
7,palatin,6,palat5
8,palmaire,6,palmER
11,pandémonium,10,p@demonjOm
6,panini,6,panini
5,papal,5,papal
9,papillote,7,papijOt
5,papou,4,papu
7,paqueté,6,pak°te
9,parallaxe,8,paRalaks
17,parapsychologique,14,paRapsikoloZik
9,partageur,8,paRtaZ9R
7,parâtre,6,paRatR
10,pasionaria,10,pazjonaRja
11,pasteurella,9,past2REla
10,pastoureau,7,pastuRo
10,patagonien,9,patagonj5
8,pataquès,7,patakEs
11,patriarchie,9,patRiaRSi
9,patricien,8,patRisj5
9,paupiette,6,popjEt
9,pelletage,7,pEl°taZ
8,peloteur,7,p°lot9R
8,pendable,6,p@dabl
6,pensum,5,p5sOm
12,pentecôtiste,9,p@tkotist
6,perler,5,pERle
11,permanenter,9,pERman@te
19,perpendiculairement,15,pERp@dikylER°m@
14,personnage-clé,11,pERsonaZkle
6,pester,5,pEste
12,petite-nièce,9,p°titnjEs
4,peul,3,p2l
15,pharmacologique,12,faRmakoloZik
10,philatélie,8,filateli
11,phosphatase,8,fOsfataz
15,phosphorescence,10,fOsfoRes@s
16,photojournalisme,13,fOtoZuRnalism
10,phototaxie,9,fOtotaksi
15,photoélectrique,12,fotoelEktRik
10,phrase-clé,7,fRazkle
12,phraséologie,10,fRazeoloZi
9,phénicien,7,fenisj5
16,phénoménologique,13,fenomenoloZik
13,pied-de-poule,8,pjed°pul
9,pifomètre,8,pifomEtR
5,pigne,3,piN
8,pilastre,7,pilastR
7,pinacle,6,pinakl
10,pinaillage,7,pinajaZ
10,pinailleur,7,pinaj9R
9,pingrerie,7,p5gR°Ri
6,pinéal,6,pineal
4,pipa,4,pipa
5,pipée,4,pipe
7,piquage,5,pikaZ
8,piquouse,5,pikuz
8,piquouze,5,pikuz
7,pissoir,6,piswaR
8,pistache,6,pistaS
6,pistil,6,pistil
20,pistolet-mitrailleur,15,pistolEmitRaj9R
4,pisé,4,pize
8,pitchoun,6,pitSun
3,piu,3,piu
9,pizzaiolo,9,pidzajOlo
10,piétonnier,8,pjetonje
9,plaidable,7,plEdabl
11,plaisamment,7,plEzam@
11,plastronner,9,plastRone
6,playon,5,plEj§
13,pleurnicherie,10,pl9RniS°Ri
6,pleyel,6,plEjEl
10,plissement,7,plis°m@
12,plum-pudding,9,plumpudiG
6,plumée,5,plyme
16,plus-que-parfait,11,plysk°paRfE
9,plutonien,8,plytonj5
12,pluviométrie,11,plyvjometRi
11,pléistocène,10,pleistosEn
11,plésiosaure,9,plezjozoR
11,pneus-neige,6,pn2nEZ
7,pochade,5,poSad
7,pochard,5,poSaR
12,poids-lourds,6,pwaluR
9,point-clé,6,pw5kle
8,poiroter,7,pwaRote
13,poisson-globe,9,pwas§glOb
11,poitrinaire,9,pwatRinER
6,poivré,6,pwavRe
9,polissoir,8,poliswaR
11,polymorphie,9,polimORfi
10,polyphonie,8,polifoni
10,polyvalent,8,polival@
8,ponctuer,6,p§kt8e
10,pontifiant,7,p§tifj@
9,populisme,8,popylizm
13,porte-bagages,9,pORtbagaZ
10,porte-bébé,8,pORtbebe
10,porte-clef,8,pORt°kle
9,posemètre,8,poz°mEtR
15,post-hypnotique,11,pOstipnotik
9,poste-clé,8,pOst°kle
14,postproduction,13,pOstpRodyksj§
5,poter,4,pOte
7,poterne,6,potERn
8,poudreux,5,pudR2
6,poudré,5,pudRe
15,pousse-au-crime,8,pusokRim
8,pousseur,5,pus9R
7,poussif,5,pusif
8,poussoir,6,puswaR
13,presse-citron,9,pREssitR§
11,pressuriser,9,pREsyRize
13,primitivement,11,pRimitiv°m@
11,prismatique,9,pRismatik
8,privatif,8,pRivatif
8,procaïne,7,pROkain
11,procès-test,9,pRosEtEst
11,professorat,9,pRofEsoRa
11,propagateur,10,pRopagat9R
8,prophase,6,pRofaz
7,propret,6,pRopRE
11,prospective,10,pROspEktiv
15,protectionnisme,13,pRotEksjonizm
13,protège-tibia,11,pRotEZtibja
9,proustien,7,pRustj5
9,prouvable,7,pRuvabl
7,prussik,6,pRysik
5,prèle,4,pREl
12,préchauffage,8,pReSofaZ
10,préciosité,10,pResjozite
12,précolombien,10,pRekol§bj5
10,prédestiné,10,pRedEstine
6,prédit,5,pRedi
8,préjuger,7,pReZyZe
10,préméditer,9,pRemedite
7,préside,6,pRezid
19,président-directeur,15,pRezid@diREkt9R
9,présidium,9,pRezidjOm
11,prétentaine,8,pRet@tEn
7,préteur,6,pRet9R
7,pschitt,4,pSit
18,psychiatre-conseil,13,psikjatRk§sEj
15,psychochirurgie,12,psikoSiRyRZi
14,psychométrique,11,psikOmetRik
12,psychopathie,9,psikOpati
12,psychorigide,10,psikoRiZid
6,pucher,4,pySe
8,pudibond,6,pydib§
11,pudiquement,8,pydik°m@
7,pulpeux,5,pylp2
8,puncheur,6,p9nS9R
9,purgation,8,pyRgasj§
9,purulence,7,pyRyl@s
9,pustuleux,7,pystyl2
9,putréfier,8,pytRefje
6,pylore,5,pilOR
13,pyroclastique,11,piRoklastik
6,pythie,4,piti
6,pâteux,4,pat2
7,pâturin,6,patyR5
13,pèse-personne,9,pEzpERsOn
6,pénien,5,penj5
9,pénologie,8,penOlOZi
7,périgée,6,peRiZe
9,pétochard,7,petoSaR
6,pétrel,6,petREl
10,pétrolette,8,petRolEt
9,pétulance,7,petyl@s
14,quadrangulaire,11,kwadR@gylER
6,quadri,5,kadRi
12,quadrimoteur,11,kwadRimot9R
13,quadripartite,12,kwadRipaRtit
12,quadriphonie,10,kwadRifoni
10,quakeresse,8,kwEk°REs
9,quantième,6,k@tjEm
17,quarante-huitième,11,kaR@t8itjEm
11,quart-monde,6,kaRm§d
6,quarto,6,kwaRto
13,quasi-chômage,9,kaziSomaZ
13,quasi-inconnu,9,kazi5kony
17,quasi-instantanée,12,kazi5st@tane
12,quasi-émeute,8,kaziem2t
21,quatre-vingt-dix-huit,13,katR°v5diz8it
17,quatre-vingt-huit,10,katR°v58it
15,quatre-vingt-un,8,katR°v51
12,question-clé,9,kEstj§kle
16,question-réponse,11,kEstj§Rep§s
9,quintolet,7,k85tOlE
10,quémandeur,7,kem@d9R
11,racialement,9,Rasjal°m@
8,racontar,7,Rak§taR
8,racornir,8,RakORniR
11,radicalisme,10,Radikalizm
9,radinerie,8,Radin°Ri
13,radiocassette,10,RadjokasEt
12,radioguidage,10,RadjogidaZ
14,radiotéléphone,12,RadjotelefOn
8,radoteur,7,Radot9R
12,ragaillardir,10,RagajaRdiR
12,rajeunissant,8,RaZ9nis@
8,rajuster,7,RaZyste
15,ramasse-miettes,9,RamasmjEt
17,ramasse-poussière,11,RamaspusjER
7,ramassé,6,Ramase
8,ramonage,7,RamonaZ
5,ranci,4,R@si
8,rapatrié,9,RapatRije
10,rapporteur,8,RapORt9R
10,rapprendre,7,RapR@dR
8,rapsodie,7,Rapsodi
7,raréfié,7,RaRefje
7,ratafia,7,Ratafja
13,ratiocination,12,Rasjosinasj§
8,rational,8,RasjOnal
10,ravigotant,8,Ravigot@
9,ravigoter,8,Ravigote
7,rebattu,6,R°baty
9,reblochon,7,R°bloS§
9,rebonjour,7,R2b§ZuR
9,rebrosser,7,R2bROse
8,rebutant,6,R°byt@
7,rebuter,6,R°byte
12,rechargeable,9,R°SaRZabl
9,rechasser,6,R°Sase
15,reconfiguration,13,R°k§figyRasj§
11,reconvoquer,8,R2k§vOke
9,recueilli,6,R°k9ji
7,recuire,6,R°k8iR
11,reformation,10,R°fORmasj§
15,regrettablement,12,R°gREtabl°m@
8,relative,7,R°lativ
11,relativiste,10,R2lativist
8,relayeur,7,R2lej9R
7,remixer,7,R2mikse
13,remonte-pente,8,R°m§tp@t
10,remorqueur,8,R°mORk9R
10,remouiller,6,R°muje
12,remémoration,11,R2memORasj§
9,reniement,6,R°nim@
11,replacement,9,R°plas°m@
10,repoussage,7,R°pusaZ
9,respectif,9,REspEktif
10,ressemeler,8,R°s°m°le
8,resserré,6,R°seRe
9,retailler,6,R°taje
14,retentissement,10,R°t@tis°m@
9,retombant,6,R°t§b@
9,revalider,8,R°valide
11,revaloriser,10,R°valoRize
8,reverdir,8,R°vERdiR
12,rhododendron,9,Rodod5dR§
8,rhyolite,6,Riolit
14,rhythm'n'blues,10,RitmEnbluz
12,ribouldingue,8,Ribuld5g
9,richelieu,7,RiS°lj2
5,rifle,4,Rifl
6,rimeur,5,Rim9R
6,rinker,5,Rinke
5,rober,4,RObe
11,ronchonneur,7,R§Son9R
8,rondache,5,R§daS
7,rondeau,4,R§do
5,ronéo,5,Roneo
6,rostre,5,ROstR
8,rotateur,7,Rotat9R
6,rototo,6,ROtOto
8,roturier,7,RotyRje
10,rougissant,6,RuZis@
7,roulage,5,RulaZ
7,roussir,5,RusiR
7,rupteur,6,Rypt9R
9,rusticité,9,Rystisite
13,rythmiquement,9,Ritmik°m@
9,réassurer,7,ReasyRe
13,récapitulatif,13,Rekapitylatif
8,récitant,6,Resit@
14,réconciliateur,12,Rek§siljat9R
10,réendosser,7,Re@dose
3,réf,3,Ref
12,réflexologie,12,ReflEksoloZi
8,référent,6,RefeR@
14,régénérescence,11,ReZeneREs@s
10,réhabilité,9,Reabilite
12,réimpression,9,Re5pREsj§
10,réinjecter,8,Re5ZEkte
11,réinstaurer,8,Re5stORe
8,rémanent,6,Reman@
6,rémora,6,RemORa
9,rémoulade,7,Remulad
9,rémouleur,7,Remul9R
11,répudiation,10,Repydjasj§
10,résilience,8,Rezilj@s
6,réséda,6,Rezeda
11,réticulaire,9,RetikylER
8,réticule,7,Retikyl
8,rétinite,7,Retinit
12,rétinopathie,10,Retinopati
10,rétrofusée,9,RetRofyze
8,révulser,7,Revylse
9,révulsion,8,Revylsj§
9,réétudier,8,Reetydje
4,rêne,3,REn
9,sabordage,8,sabORdaZ
9,sacculine,7,sakylin
13,sacro-iliaque,10,sakRoiljak
14,sadomasochisme,12,sadomazoSizm
8,saducéen,7,sadyse5
8,saigneur,5,sEN9R
6,salant,4,sal@
9,salissure,7,salisyR
12,salmonellose,10,salmonEloz
9,salvateur,8,salvat9R
13,san francisco,10,s@fR@sisko
10,sandiniste,8,s@dinist
8,saponite,7,saponit
10,satelliser,8,satElize
12,satellitaire,9,satElitER
4,sati,4,sati
10,satisfecit,10,satisfesit
7,satrape,6,satRap
11,saupoudrage,8,sopudRaZ
11,saupoudreur,8,sopudR9R
5,saura,4,soRa
10,sautillant,6,sotij@
10,sauvagesse,7,sovaZEs
7,savater,6,savate
9,savonneux,6,savon2
5,schah,2,Sa
7,schlass,4,Slas
10,schlinguer,5,Sl5ge
8,schnoque,4,SnOk
9,schtroumf,6,StRumf
10,scientisme,7,sj@tism
8,sclérosé,8,skleRoze
11,scopolamine,10,skopolamin
9,scratcher,7,skRatSe
8,scrofule,7,skRofyl
10,scrofuleux,8,skRofyl2
8,secoueur,6,s°kw9R
10,seersucker,8,siRs9k9R
13,self-made-man,11,sElfmEjdman
7,sellier,5,selje
9,semblance,6,s@bl@s
15,semi-conducteur,12,s°mik§dykt9R
12,semi-lunaire,9,s°milynER
5,serti,5,sERti
11,servilement,9,sERvil°m@
11,sexagénaire,10,seksaZenER
10,shintoïste,7,S5toist
7,shunter,4,S1te
8,sibyllin,6,sibil5
5,sicle,4,sikl
8,sidaïque,6,sidaik
7,sidérer,6,sideRe
8,signifié,7,siNifje
6,simien,5,simj5
8,sinistré,8,sinistRe
10,sismologie,9,sismoloZi
5,sixte,5,sikst
5,skeet,4,skit
17,social-démocratie,15,sosjaldemokRasi
9,socquette,5,sokEt
7,sodique,5,sOdik
13,somnambulique,10,sOmn@bylik
12,soubassement,8,subas°m@
9,soufflant,5,sufl@
11,souffreteux,7,sufR°t2
5,soufi,4,sufi
7,soulevé,6,sul°ve
10,sous-genre,5,suZ@R
14,sous-locataire,9,sulOkatER
11,sous-préfet,7,supRefE
12,sous-secteur,8,susekt9R
8,souvlaki,7,suvlaki
9,spadassin,7,spadas5
11,spasmophile,9,spasmofil
10,spermicide,9,spERmisid
8,spetsnaz,8,spEtsnaz
16,sphygmomanomètre,14,sfigmomanomEtR
9,spinnaker,8,spinak°R
7,spirite,6,spiRit
10,spirochète,8,spiROSEt
10,sportivité,10,spORtivite
9,sprinkler,9,spRinkl9R
13,spécification,12,spesifikasj§
10,spéculatif,10,spekylatif
11,spéléologie,10,speleoloZi
11,stabilisant,9,stabiliz@
8,staccato,7,stakato
9,stalinien,8,stalinj5
13,steeple-chase,11,stip°ltSEjz
7,stipulé,7,stipyle
6,stomie,5,stOmi
9,strabisme,8,stRabizm
15,stratosphérique,12,stRatosfeRik
12,stridulation,11,stRidylasj§
5,stuka,5,styka
12,sténodactylo,12,stenodaktilo
14,sténographique,11,stenogRafik
12,sténotypiste,11,stenotipist
14,stéréoscopique,12,steReoskopik
7,suavité,7,s8avite
13,subcellulaire,10,sypsElylER
10,subculture,9,sybkyltyR
11,sublimement,9,syblim°m@
10,subreptice,9,sybREptis
11,subrogation,10,sybRogasj§
10,subséquent,7,sybsek@
12,subventionné,10,sybv@sjone
11,successoral,10,syksesoRal
10,sudoripare,9,sydoRipaR
14,suggestibilité,14,sygZEstibilite
9,sulfamide,8,sylfamid
7,sulfuré,7,sylfyRe
8,sultanat,7,syltana
8,sumérien,7,symeRj5
5,sunna,4,syna
12,super-espion,10,sypEREspj§
14,supercarburant,12,sypERkaRbyR@
10,superlatif,10,sypERlatif
13,superposition,12,sypERpozisj§
10,supporteur,8,sypORt9R
8,suppurer,6,sypyRe
12,suralimenter,10,syRalim@te
7,suranné,6,syRane
10,surclasser,8,syRklase
15,surconsommation,12,syRk§sOmasj§
7,surcoût,5,syRku
11,surentraîné,9,syR@tREne
13,surexposition,13,syREkspozisj§
7,surgeon,5,syRZ§
7,suriner,6,syRine
11,surplombant,8,syRpl§b@
8,survenue,7,syRv°ny
10,survolteur,9,syRvOlt9R
12,synchronique,8,s5kRonik
12,syndicaliser,10,s5dikalize
10,synergique,8,sinERZik
8,sécréter,7,sekRete
11,sélectionné,10,selEksjone
8,sélénite,7,selenit
9,sémitique,7,semitik
5,sépia,5,sepja
10,séquentiel,8,sek@sjEl
8,sérosité,8,seRozite
6,tablée,5,table
11,tachéomètre,9,takeomEtR
7,taiseux,4,tEz2
7,talquer,5,talke
6,tamisé,6,tamize
7,tamouré,6,tamuRe
10,tamponnage,7,t@ponaZ
10,tamponneur,7,t@pon9R
6,tangon,4,t@g§
8,tapenade,7,tap°nad
8,tarauder,6,taRode
5,tarse,4,taRs
6,tatami,6,tatami
8,taxation,8,taksasj§
4,taxé,5,takse
8,teenager,8,tinedz9R
8,tefillin,5,tefj5
13,temporisation,11,t@poRizasj§
10,tempétueux,7,t@pet82
7,tenseur,5,t@s9R
11,tensiomètre,9,t@sjomEtR
11,terminateur,10,tERminat9R
15,terra incognita,13,tERainkOgnita
10,terraplane,8,tERaplan
6,terril,4,tERi
11,terrorisant,8,tERoRiz@
5,tesla,5,tEsla
10,thessalien,7,tEsalj5
9,thyroxine,8,tiROksin
8,thyroïde,6,tiRoid
7,théiste,5,teist
13,théâtralement,10,teatRal°m@
9,tie-break,7,tajbREk
11,tire-au-cul,6,tiRoky
11,tire-d'aile,6,tiRdEl
10,tire-laine,6,tiRlEn
5,toise,4,twaz
8,toltèque,6,tOltEk
5,tonal,5,tonal
5,tonie,4,toni
11,topinambour,9,topin@buR
8,torpillé,7,tORpije
10,torrentiel,8,toR@sjEl
12,torréfaction,10,toRefaksj§
12,tortillement,9,tORtij°m@
5,torve,4,tORv
4,toss,3,tOs
4,toue,2,tu
5,touer,3,twe
6,touque,3,tuk
11,tourmenteur,8,tuRm@t9R
12,tournebroche,9,tuRn°bROS
10,tournoyant,8,tuRnwaj@
9,tourtière,7,tuRtjER
7,trabuco,7,tRabyko
8,trachome,6,tRakom
14,trachée-artère,10,tRaSeaRtER
8,training,7,tREjniG
15,trajectographie,13,tRaZEktogRafi
12,transférable,10,tR@sfeRabl
11,transplanté,9,tR@spl@te
13,transvestisme,11,tR@svEstism
11,trapézoïdal,11,tRapezoidal
13,traumatologue,10,tRomatolOg
5,trave,4,tRav
11,traçabilité,11,tRasabilite
11,traînailler,7,tREnaje
9,treillard,6,tREjaR
10,trembloter,8,tR@blote
7,tremblé,6,tR@ble
14,trente-sixième,10,tR@tsizjEm
9,triasique,8,tRijasik
16,trichloréthylène,13,tRikloRetilEn
11,tricératops,11,tRiseRatOps
9,trilobite,8,tRilobit
7,trimmer,6,tRim9R
9,tripoteur,8,tRipot9R
10,trochanter,8,tROk@tER
12,trois-quatre,8,tRwakatR
10,troufignon,7,tRufiN§
8,trouveur,6,tRuv9R
9,truculent,7,tRykyl@
7,truisme,6,tR8izm
8,truqueur,6,tRyk9R
7,truster,6,tR9ste
11,tryptophane,9,tRiptofan
5,tréma,5,tRema
9,trépigner,7,tRepiNe
16,trésorier-payeur,13,tRezoRjepEj9R
9,tubercule,8,tybERkyl
15,tumultueusement,12,tymylt82z°m@
5,typer,4,tipe
11,télescopage,10,telEskopaZ
15,téléavertisseur,13,teleavERtis9R
11,télégénique,9,teleZenik
9,télémètre,8,telemEtR
7,téléski,7,teleski
13,tétrodotoxine,13,tetROdotOksin
10,tête-bêche,6,tEtbES
9,unitarien,8,ynitaRj5
9,upanishad,7,ypaniSa
8,uraniste,7,yRanist
4,urdu,4,yRdy
12,urgentissime,9,yRZ@tisim
8,urémique,6,yRemik
6,usager,5,yzaZe
9,vacancier,7,vak@sje
8,vachette,5,vaSEt
10,vae victis,9,vaeviktis
10,vaguelette,7,vag°lEt
11,valentinien,9,val@tinj5
6,valgus,6,valgys
5,varia,5,vaRja
9,variateur,8,vaRjat9R
11,vascularisé,11,vaskylaRize
10,vaudouisme,7,voduizm
8,vendable,6,v@dabl
10,ventrebleu,8,v@tR°bl2
5,venté,4,v@te
3,ver,3,vER
5,verdi,5,vERdi
8,vergence,6,vERZ@s
9,vermillon,7,vERmij§
11,versatilité,11,vERsatilite
7,verseau,5,vERso
12,vert-de-gris,8,vERd°gRi
10,vert-jaune,6,vERZon
7,viandox,7,vj@dOks
11,vicissitude,9,visisityd
8,victoria,8,viktoRja
10,vidéo-club,9,videokl9b
9,vidéoclip,9,videoklip
16,ville-champignon,9,vilS@piN§
6,vioque,4,vjOk
11,vishnouisme,8,viSnuism
8,visserie,6,vis°Ri
9,vitupérer,8,vitypeRe
7,vivoter,6,vivote
7,vocable,6,vokabl
12,vocalisation,11,vokalizasj§
9,vocaliste,8,vokalist
8,voiturer,7,vwatyRe
11,vol-au-vent,6,volov@
9,volailler,6,volaje
12,volcanologue,10,vOlkanolOg
12,volumétrique,10,volymetRik
9,vomitoire,8,vomitwaR
10,vox populi,10,vOkspopyli
7,vrombir,6,vR§biR
8,véhément,5,veem@
5,vélin,4,vel5
5,vélum,5,velOm
8,vénalité,8,venalite
8,vénérien,7,veneRj5
9,vérifieur,8,veRifj9R
6,vérolé,6,veRole
7,vétusté,7,vetyste
4,wali,4,wali
6,wapiti,6,wapiti
11,way of life,9,wEjOflajf
14,weltanschauung,11,vEltanSawuG
7,wildcat,8,wajldkat
11,world music,11,w9Rldmjuzik
8,yachtman,6,jOtman
5,yeuse,3,j2z
5,zanzi,4,z@zi
7,zapping,5,zapiG
13,zombification,11,z§bifikasj§
8,zoologue,6,zoolOg
8,zoreille,5,zOREj
7,zyeuter,5,zj2te
6,zélote,5,zelOt
19,à la saint-glinglin,11,alas5gl5gl5
16,à notre encontre,10,anOtR@k§tR
14,à ton encontre,9,at§n@k§tR
6,âgisme,5,aZism
7,ânonner,5,anone
6,ébahir,5,ebaiR
7,écaillé,5,ekaje
12,écartèlement,10,ekaRtEl°m@
8,échalier,6,eSalje
7,éclisse,5,eklis
9,édulcorer,8,edylkoRe
7,égrener,6,egR°ne
11,éjaculateur,10,eZakylat9R
15,électrification,14,elEktRifikasj§
14,électro-aimant,10,elEktRoEm@
13,électrochimie,11,elEktRoSimi
15,électrochimique,12,elEktRoSimik
23,électroencéphalographie,19,elEktRo@sefalOgRafi
7,élingue,4,el5g
12,élisabéthain,9,elizabet5
11,éléphanteau,7,elef@to
13,éléphantesque,9,elef@tEsk
12,émancipateur,10,em@sipat9R
12,émasculation,11,emaskylasj§
8,énurésie,7,enyRezi
8,épandeur,6,ep@d9R
5,épaté,5,epate
9,épaulette,6,epolEt
7,éperlan,6,epERl@
9,épididyme,8,epididim
6,épieux,4,epj2
7,épisser,5,epise
8,érailler,5,eRaje
8,érectile,7,eREktil
8,étendage,6,et@daZ
8,étendoir,7,et@dwaR
11,éventration,9,ev@tRasj§
5,évidé,5,evide
12,a posteriori,11,apOsteRjoRi
2,aa,2,aa
9,ab initio,8,abinisjo
5,abaca,5,abaka
7,abalone,6,abalOn
10,abasourdir,9,abazuRdiR
14,abasourdissant,10,abazuRdis@
9,abducteur,8,abdykt9R
8,ablution,7,ablysj§
14,abominablement,12,abominabl°m@
7,abortif,7,abORtif
7,aboyant,6,abwaj@
8,abritant,6,abRit@
6,abrogé,6,abRoZe
11,absentéiste,9,aps@teist
15,abstentionniste,12,apst@sjonist
6,abêtir,6,abetiR
7,acadien,6,akadj5
14,académiquement,11,akademik°m@
9,accenteur,7,aks@t9R
8,accentué,7,aks@t8e
12,accompagnant,7,ak§paN@
7,accordo,6,akORdo
6,accort,4,akOR
10,accotement,7,akOt°m@
8,accouder,5,akude
13,acculturation,11,akyltyRasj§
6,acculé,5,akyle
11,accusatoire,9,akyzatwaR
10,acetabulum,10,asetabylOm
9,achalandé,7,aSal@de
7,achaler,5,aSale
8,achillée,5,akile
11,achoppement,7,aSOp°m@
8,achopper,5,aSOpe
4,acmé,4,akme
15,acrobatiquement,12,akRobatik°m@
8,acromion,7,akRomj§
13,acrylonitrile,12,akRilonitRil
6,actine,5,aktin
12,actionnariat,10,aksjOnaRja
12,actionnement,9,aksjOn°m@
10,actionneur,8,aksjOn9R
9,actuation,8,akt8asj§
8,addendum,6,ad5dOm
7,additif,6,aditif
9,adducteur,7,adykt9R
5,adent,3,ad@
8,adjectif,8,adZEktif
10,admonester,9,admonEste
10,admonition,9,admonisj§
4,adon,3,ad§
7,adorant,5,adoR@
10,adoubement,7,adub°m@
7,adouber,5,adube
13,adoucissement,9,adusis°m@
9,adressage,7,adResaZ
9,adultérin,8,adylteR5
7,adénine,6,adenin
11,adénopathie,9,adenopati
10,adénovirus,10,adenoviRys
11,affacturage,9,afaktyRaZ
10,affairiste,7,afeRist
10,affalement,7,afal°m@
11,affectionné,9,afEksjone
11,affectivité,10,afEktivite
9,afficheur,6,afiS9R
6,affidé,5,afide
8,affilier,6,afilje
10,affinement,7,afin°m@
7,affublé,6,afyble
8,affûteur,6,afyt9R
9,afrikaans,7,afRik@s
14,afro-asiatique,11,afRoazjatik
11,afro-cubain,8,afRokyb5
9,agapanthe,6,agap@t
5,agate,4,agat
13,agglutination,11,aglytinasj§
7,aggrave,5,agRav
8,aggravée,6,agRave
8,agioteur,7,aZjot9R
7,agitant,5,aZit@
8,agonique,6,agonik
6,agonir,6,agoniR
6,agouti,5,aguti
14,agranulocytose,13,agRanylositoz
15,agroalimentaire,12,agRoalim@tER
6,agrume,5,agRym
9,aguichage,6,agiSaZ
7,aguiche,4,agiS
4,ahou,2,au
14,aide-jardinier,10,EdZaRdinje
6,aigrir,5,egRiR
9,aiguillée,6,eg8ije
9,aiguisoir,7,egizwaR
7,ailette,4,ElEt
6,ailler,3,aje
6,airbus,5,ERbys
8,airedale,5,ERdEl
7,aisseau,3,Eso
8,ajustage,7,aZystaZ
10,akkadienne,7,akadjEn
7,akvavit,7,akvavit
8,alacrité,8,alakRite
11,albanophone,9,albanofOn
4,albe,3,alb
9,alcibiade,8,alsibjad
8,aldéhyde,6,aldeid
6,alevin,5,al°v5
6,alexie,6,alEksi
6,alezan,5,al°z@
5,alise,4,aliz
9,alitement,7,alit°m@
9,allergène,7,alERZEn
11,allitératif,10,aliteRatif
10,allochtone,7,alOktOn
10,allogreffe,7,alOgREf
12,allostérique,9,alOsteRik
8,alluvion,6,alyvj§
6,allèle,4,alEl
11,alphabétisé,10,alfabetize
9,alternant,7,altERn@
7,alterne,6,altERn
7,alterné,7,altERne
7,althaea,5,altea
9,altérable,8,alteRabl
7,aluette,5,al8Et
5,alèse,4,alEz
6,amadou,5,amadu
8,amandine,6,am@din
6,ambrer,4,@bRe
5,ambré,4,@bRe
9,amenuiser,8,am2n8ize
5,amine,4,amin
13,aminophylline,10,aminofilin
8,amnistié,8,amnistje
15,amoindrissement,11,amw5dRis°m@
4,amok,4,amOk
9,amonceler,7,am§s°le
5,amont,3,am§
11,ampli-tuner,10,@plitjyn9R
6,ampère,4,@pER
8,ampérage,6,@peRaZ
3,amé,3,ame
12,américaniser,11,ameRikanize
9,américano,9,ameRikano
21,américano-britannique,17,ameRikanobRitanik
15,américano-russe,12,ameRikanoRys
11,anabaptiste,9,anabatist
11,anabolisant,9,anabOliz@
9,analgésie,8,analZezi
14,analytiquement,11,analitik°m@
14,anarchiquement,10,anaRSik°m@
11,anarchisant,8,anaRSiz@
14,ancestralement,11,@sEstRal°m@
10,anecdotier,9,anEkdotje
12,angiocholite,9,@ZjokOlit
6,angler,4,@gle
10,angliciser,8,@glisize
14,anglo-allemand,9,@gloal°m@
15,anglo-américain,11,@gloameRik5
13,anglo-chinois,9,@gloSinwa
14,anglo-français,9,@glofR@sE
11,anglo-russe,7,@gloRus
10,anglophobe,7,@glofOb
5,angor,4,@gOR
8,angström,7,@gStR2m
7,angéite,5,@Zeit
7,aniline,6,anilin
9,animalité,9,animalite
15,animaux-espions,10,animoEspj§
9,anionique,7,anjOnik
9,annulaire,6,anylER
6,anobli,6,anobli
7,anoblir,7,anobliR
8,anophèle,6,anofEl
9,anosmique,7,anOsmik
9,anthonome,6,@tOnOm
10,anthracose,7,@tRakoz
10,anthracène,7,@tRasEn
13,anthraquinone,9,@tRakinOn
19,anthropologiquement,14,@tRopoloZik°m@
14,anthropomorphe,10,@tRopomORf
17,anthropomorphiser,13,@tROpOmORfize
17,anthropomorphisme,13,@tRopomORfizm
13,anti-allergie,9,@tialERZi
15,anti-anatomique,11,@tianatomik
16,anti-asthmatique,10,@tiasmatik
10,anti-beauf,6,@tibof
13,anti-braquage,9,@tibRakaZ
14,anti-cellulite,10,@tisElylit
11,anti-colère,8,@tikolER
16,anti-conformisme,12,@tik§fORmizm
16,anti-conformiste,12,@tik§fORmist
10,anti-crash,7,@tikRaS
16,anti-criminalité,14,@tikRiminalite
14,anti-desperado,12,@tidEspeRado
11,anti-drague,7,@tidRag
10,anti-femme,6,@tifam
14,anti-fusionnel,11,@tifyzjonEl
14,anti-féministe,11,@tifeminist
6,anti-g,5,@tiZe
10,anti-gerce,7,@tiZERs
13,anti-graffiti,10,@tigRafiti
9,anti-gros,6,@tigRo
17,anti-hypertenseur,12,@tiipERt@s9R
12,anti-inertie,9,@tiinERsi
15,anti-infectieux,10,@ti5fEksj2
12,anti-insecte,8,@ti5sEkt
20,anti-insurrectionnel,15,@ti5syREksjonEl
10,anti-mafia,8,@timafja
17,anti-manipulation,14,@timanipylasj§
16,anti-militariste,13,@timilitaRist
11,anti-nausée,7,@tinoze
11,anti-navire,8,@tinaviR
10,anti-odeur,7,@tiod9R
14,anti-particule,11,@tipaRtikyl
13,anti-patriote,10,@tipatRiOt
13,anti-piratage,10,@tipiRataZ
11,anti-pirate,8,@tipiRat
16,anti-psychotique,11,@tipsikotik
13,anti-religion,10,@tiR°liZj§
15,anti-romantique,10,@tiRom@tik
12,anti-rouille,6,@tiRuj
15,anti-somnolence,11,@tisomnol@s
13,anti-syndical,10,@tis5dikal
10,anti-sèche,6,@tisES
12,anti-tension,8,@tit@sj§
9,anti-toux,5,@titu
10,anti-truie,7,@titR8i
13,anti-violence,9,@tivjol@s
12,anti-évasion,9,@tievazj§
9,antibruit,7,@tibR8i
13,anticastriste,11,@tikastRist
17,anticholinergique,13,@tikOlinERZik
25,anticonstitutionnellement,19,@tik§stitysjonEl°m@
12,anticyclique,9,@tisiklik
10,antidopage,8,@tidopaZ
13,antidémarrage,10,@tidemaRaZ
16,antiesclavagiste,14,@tiEsklavaZist
9,antifumée,7,@tifyme
15,antigravitation,13,@tigRavitasj§
11,antigravité,10,@tigRavite
14,antihygiénique,10,@tiiZjenik
11,antilogique,8,@tilOZik
13,antimicrobien,11,@timikRObj5
8,antimite,6,@timit
9,antimoine,7,@timwan
12,antiparasite,10,@tipaRazit
12,antipatriote,11,@tipatRijOt
16,antipelliculaire,12,@tipElikylER
12,antiprotéase,10,@tipROteaz
15,antipsychiatrie,12,@tipsikjatRi
9,antiquark,8,@tikwaRk
11,antirabique,8,@tiRabik
11,antisportif,10,@tispORtif
12,antistatique,9,@tistatik
10,antistress,8,@tistREs
14,antiterrorisme,11,@tit°RoRizm
10,antitussif,8,@titysif
14,antivariolique,11,@tivaRjOlik
10,antiémeute,6,@jem2t
12,antiémétique,9,@tiemetik
12,antédiluvien,10,@tedilyvj5
9,anuscopie,8,anyskOpi
7,apeurer,5,ap9Re
9,aphrodite,7,afROdit
7,aphteux,4,aft2
4,apis,4,apis
13,aplanissement,10,aplanis°m@
7,aplasie,6,aplazi
7,apocope,6,apokOp
9,apocryphe,7,apokRif
10,apologiste,9,apoloZist
13,aponévrotique,11,aponevROtik
9,apostasie,8,apostazi
11,apostropher,9,apostRofe
11,apparatchik,9,apaRatSik
10,appesantir,8,ap°z@tiR
13,applaudisseur,9,aplodis9R
12,appoggiature,10,apOdZjatyR
10,apposition,8,apozisj§
11,appréhensif,8,apRe@sif
10,appui-tête,8,ap8itEt°
11,après-repas,8,apRER°pa
6,apurer,5,apyRe
11,aquaculture,10,akwakyltyR
8,aquifère,6,akifER
9,aragonite,8,aRagOnit
6,araire,4,aRER
8,araldite,7,aRaldit
7,aramide,6,aRamid
9,araucaria,8,aRokaRja
10,arboricole,9,aRboRikOl
13,arboriculteur,12,aRboRikylt9R
13,arboriculture,12,aRboRikyltyR
9,archaïsme,7,aRkaizm
11,archi-connu,8,aRSikony
13,archi-mortels,10,aRSimORtEl
9,archi-nul,7,aRSinyl
9,archi-usé,7,aRSiyze
11,archicomble,8,aRSik§bl
11,archiprêtre,9,aRSipREtR
18,architecturalement,15,aRSitEktyRal°m@
5,ardin,4,aRd5
13,argumentateur,11,aRgym@tat9R
16,arithmétiquement,12,aRitmetik°m@
8,armoirie,7,aRmwaRi
5,armon,4,aRm§
7,aromate,6,aRomat
10,aromatiser,9,aRomatize
7,arpette,5,aRpEt
19,arrière-petit-neveu,13,aRjERp°tin°v2
9,arsouille,5,aRsuj
12,arthropathie,9,aRtROpati
13,arthroplastie,11,aRtROplasti
12,arthroscopie,10,aRtROskOpi
9,arthurien,7,aRtyRj5
7,artiche,5,aRtiS
13,artificialité,13,aRtifisjalite
14,artisanalement,12,aRtizanal°m@
15,artiste-peintre,11,aRtist2p5tR
9,artériole,8,aRteRjOl
8,artésien,7,aRtezj5
5,arçon,4,aRs§
7,as-rois,5,asRwa
7,asbeste,6,asbEst
9,asbestose,8,asbEstoz
12,ascensionner,8,as@sjone
9,asclépias,8,asklepja
10,ascorbique,8,askORbik
9,aseptique,7,asEptik
10,asexualité,11,asEksyalite
6,asiate,5,azjat
12,asociabilité,12,asosjabilite
9,asparagus,9,aspaRagys
9,aspartame,8,aspaRtam
10,aspartique,8,aspaRtik
9,asphalter,7,asfalte
10,aspidistra,10,aspidistRa
11,aspécifique,9,aspesifik
10,assembleur,7,as@bl9R
12,asservissant,8,asERvis@
11,assignement,7,asiN°m@
9,assommeur,6,asom9R
8,assourdi,6,asuRdi
9,assourdir,7,asuRdiR
14,assujettissant,9,asyZetis@
9,assurable,7,asyRabl
17,assurance-chômage,11,asyR@sSomaZ
9,assuétude,7,as8etyd
8,assyrien,6,asiRj5
7,astarté,7,astaRte
4,asti,4,asti
9,astiquage,7,astikaZ
9,astiqueur,7,astik9R
8,astreint,5,astR5
9,astrolabe,8,astRolab
16,astrologiquement,13,astROlOZik°m@
11,astrométrie,10,astRometRi
10,astroscope,9,astRoskOp
10,asynchrone,7,as5kRon
6,ataxie,6,ataksi
8,athéiste,6,ateist
7,athénée,5,atene
6,atonal,6,atonal
6,atonie,5,atoni
10,attaquable,7,atakabl
9,attaqueur,6,atak9R
11,atteignable,7,atENabl
13,attendrisseur,9,at@dRis9R
9,atterrant,5,atER@
7,atterré,5,ateRe
7,attesté,6,atEste
7,attifer,5,atife
18,attraction-vedette,13,atRaksj§v°dEt
9,attrapage,7,atRapaZ
14,attrape-mouche,8,atRapmuS
10,attristant,7,atRist@
11,atténuation,9,aten8asj§
5,atèle,4,atEl
5,atémi,5,atemi
6,aubade,4,obad
11,audiogramme,8,odjogRam
11,audiométrie,9,odjometRi
7,auditer,5,odite
4,aula,3,ola
5,aurai,3,oRE
8,aurifère,6,oRifER
10,autarcique,7,otaRsik
10,auto-immun,7,otoimm1
9,autoclave,7,otoklav
16,autoconservation,13,otok§sERvasj§
13,autocritiquer,11,otok°Ritike
14,autodidactique,11,otodidaktik
9,autodrome,7,otodRom
15,autodénigrement,12,otodenigR°m@
15,autofinancement,11,otofin@s°m@
8,autogire,6,otoZiR
9,autoguidé,7,otogide
8,autogène,6,otoZEn
8,autolyse,6,otoliz
10,automoteur,8,otomot9R
10,autopilote,8,otopilOt
11,autoplastie,9,otoplasti
11,autoproduit,9,otopRod8i
14,autopropulseur,12,otopROpyls9R
12,autopropulsé,11,otopRopylse
16,autoreproduction,13,otoRpROdyksj§
15,autoritairement,11,OtORitER°m@
12,autoroutière,9,otoRutjER
14,autorégulateur,12,otoRegylat9R
15,autosubsistance,12,otosybzist@s
13,autosuffisant,9,otosyfiz@
13,avachissement,9,avaSis°m@
9,avant-bec,6,av@bEk
10,avant-toit,6,av@twa
11,avant-train,6,av@tR5
10,avant-trou,6,av@tRu
12,avant-veille,6,av@vEj
7,avicole,6,avikOl
5,aviné,5,avine
13,avion-suicide,10,avj§s8isid
11,avion-école,8,avj§ekOl
14,avions-espions,9,avj§Espj§
10,avitailler,7,avitaje
8,avocette,6,avosEt
8,avorteur,7,avORt9R
8,avouable,6,avwabl
11,avunculaire,8,av§kylER
5,axial,6,aksjal
12,ayants droit,7,Ej@dRwa
7,aye-aye,4,ajaj
8,azimutal,8,azimytal
11,azoospermie,10,azoospERmi
7,azoture,6,azOtyR
7,azoïque,5,azOik
6,azygos,6,azigOs
8,aérateur,7,aeRat9R
9,aéro-club,8,aeRokl9b
9,aérofrein,7,aeRofR5
9,aérologie,8,aeROlOZi
9,aéronaute,7,aeRonot
10,aéropathie,8,aeROpati
11,aéropostale,10,aeRopOstal
5,aïoli,5,ajoli
8,bachoter,6,baSote
11,bactéricide,10,bakteRisid
15,bactériologiste,14,bakteRjOlOZist
11,bactériémie,10,bakteRjemi
6,badaud,4,bado
5,bader,4,bade
6,badine,5,badin
11,bafouillage,7,bafujaZ
11,bafouillant,6,bafuj@
11,bafouilleur,7,bafuj9R
5,bagou,4,bagu
7,bagouze,5,baguz
6,bailli,4,baji
9,balconnet,7,balkonE
8,balinais,6,balinE
7,baliste,6,balist
10,ballottine,7,balotin
14,balnéothérapie,12,balneoteRapi
7,balpeau,5,balpo
10,bambinette,7,b@binEt
9,bambocher,6,b@boSe
9,bancroche,6,b@kROS
11,bandothèque,7,b@dOtEk
13,banqueroutier,9,b@k°Rutje
5,bantu,4,b@tu
9,bar-hôtel,7,baRotEl
12,baragouineur,10,baRagwin9R
9,baraterie,8,baRat°Ri
7,barbeau,5,baRbo
8,barbette,6,baRbEt
8,barbichu,7,baRbiSy
10,barbouille,6,baRbuj
6,barbue,5,baRby
7,bardage,6,baRdaZ
15,barotraumatisme,13,baRotRomatism
5,barye,4,baRi
6,baryon,5,baRj§
6,baryté,6,baRite
8,bas-bleu,5,babl2
11,basse-fosse,6,basfos
8,bassette,5,basEt
6,baster,5,baste
6,batave,5,batav
13,bateau-mouche,7,batomuS
13,bateau-pilote,9,batopilOt
10,bathymètre,8,batimEtR
13,bathymétrique,10,batimetRik
11,bathysphère,8,batisfER
5,batée,4,bate
4,baud,2,bo
8,baudroie,6,bodRwa
7,baumier,5,bomje
9,bavasseur,7,bavas9R
5,bayer,4,baje
11,beau-parent,6,bopaR@
7,beaupré,5,bopRe
11,bec-de-cane,8,bEkd2kan
7,becquer,4,beke
12,behavioriste,10,beavjoRist
12,belligérance,9,bEliZeR@s
11,belligérant,8,beliZeR@
10,bellissime,7,bElisim
6,bellot,4,bElo
9,bengalais,6,b5galE
7,bengali,6,b5gali
9,benthique,5,b5tik
9,benzidine,7,b5zidin
7,benzine,5,b5zin
10,benzylique,7,b5zilik
7,berbère,6,bERbER
5,berce,4,bERs
7,berceur,6,bERs9R
13,bergeronnette,10,bERZ°RonEt
17,bernard-l'hermite,12,bERnaRlERmit
8,bernique,6,bERnik
6,besant,4,b°z@
8,besicles,6,bezikl
6,besson,4,bes§
6,beuark,5,b2aRk
3,bib,3,bib
15,bibliographique,13,biblijOgRafik
12,bicentenaire,9,bis@t°nER
9,bicuspide,8,bikyspid
12,bien-pensant,7,bj5p@s@
9,bienvenue,7,bj5v°ny
8,biffeton,6,bif°t§
6,bifide,5,bifid
6,bileux,4,bil2
11,bilharziose,9,bilaRzjoz
9,bimensuel,8,bim@s8El
8,bimestre,7,bimEstR
7,binocle,6,binOkl
10,biogénique,8,bjoZenik
12,biomécanisme,11,bjomekanizm
9,biorythme,7,bjoRitm
13,bioélectrique,11,bjoelEktRik
10,bipartisan,9,bipaRtiz@
9,biphényle,7,bifenil
13,birth control,10,b9Rsk§tROl
13,biréfringence,10,biRefR5Z@s
9,bisannuel,8,bizan8El
8,biscornu,8,biskORny
12,bisou-éclair,9,bizueklER
6,bissac,5,bisak
6,bisser,4,bise
8,bitoniau,7,bitonjo
10,bitumineux,8,bitymin2
7,bivalve,6,bivalv
11,blanc-seing,5,bl@s5
6,blaser,5,blaze
8,blastula,8,blastyla
8,blessing,6,blEsiG
9,bleu-noir,7,bl2nwaR
14,bloc-cylindres,10,blOksil5dR
11,bloc-moteur,9,blOkmot9R
5,bloom,4,blum
7,bloomer,5,blume
8,bloquant,5,blok@
8,bochiman,6,boSim@
13,body-building,10,bOdibildiG
12,bodybuilding,10,bOdibildiG
4,boer,3,b9R
6,boguer,4,boge
9,boitiller,7,bwatije
8,bolivien,7,bOlivj5
5,bolée,4,bole
6,bonard,5,bonaR
11,bondieusard,8,b§dj2zaR
7,bondrée,5,b§dRe
4,boni,4,boni
9,bonneteur,7,bOn°t9R
4,bora,4,boRa
8,borderie,7,bORd2Ri
6,bordée,5,bORde
7,bossage,5,bosaZ
9,bosselure,7,bOs°lyR
9,bostonien,8,bOstonj5
13,botaniquement,10,bOtanik°m@
7,bottelé,6,bOt°le
10,boucharder,7,buSaRde
10,bouddhique,5,budik
7,boudeur,5,bud9R
5,boudi,4,budi
12,bougonnement,8,bugOn°m@
7,bouillu,4,bujy
6,boulle,3,bul
7,bouloir,6,bulwaR
10,boulonnage,7,bulOnaZ
10,bouquineur,7,bukin9R
11,bourdonnant,7,buRdon@
12,bourgeonnant,7,buRZon@
10,bourlingue,6,buRl5g
9,bourrache,5,buRaS
10,bourre-mou,5,buRmu
8,bourrine,5,buRin
12,boursicoteur,10,buRsikot9R
11,boursoufler,8,buRsufle
10,boutonnant,6,buton@
9,bouvreuil,6,buvR9j
6,bovidé,6,bovide
17,brachiocéphalique,13,bRakjOsefalik
4,brai,3,bRE
9,braiement,5,bREm@
11,braillement,7,bRaj°m@
9,brailleur,6,bRaj9R
5,brame,4,bRam
6,bramer,5,bRame
10,brancarder,8,bR@kaRde
9,brandevin,7,bR@d°v5
10,branlement,7,bR@l°m@
6,bregma,6,bREgma
6,brette,4,bREt
14,brigadier-chef,11,bRigadjeSEf
12,brindezingue,7,bR5dz5g
12,bringuebaler,9,bR5g°bale
12,brinquebaler,9,bR5k°bale
9,briquette,6,bRikEt
9,brise-fer,7,bRizfER
10,brise-vent,6,bRizv@
5,brize,4,bRiz
4,brol,4,bROl
5,brome,4,bRom
20,broncho-pneumopathie,14,bR§kopn2mopati
12,bronchoscope,9,bR§kOskOp
12,brouillamini,9,bRujamini
8,broutard,6,bRutaR
8,brouteur,6,bRut9R
9,bruissant,6,bR8is@
11,brumisateur,10,bRymizat9R
5,bruni,5,bRyni
6,brûlot,5,bRylo
13,budgétisation,12,bydZetizasj§
4,bufo,4,bufo
5,bugne,3,byN
14,buisson-ardent,9,b8is§aRd@
8,bull-dog,6,buldOg
8,bullaire,5,bylER
5,bulot,4,bylo
4,buna,4,byna
8,bungalow,6,b1galo
11,bureautique,7,byRotik
7,buriner,6,byRine
6,buriné,6,byRine
9,burkinabé,9,byRkinabe
9,burundais,7,byRyndE
5,bushi,4,buSi
7,bushido,6,buSido
4,bute,3,byt
8,butineur,7,bytin9R
7,buttoir,6,bytwaR
6,buvant,4,byv@
6,bâcher,4,baSe
5,bâché,4,baSe
9,bâtardise,8,bataRdiz
8,bâtonner,6,batone
8,béarnais,6,beaRnE
9,béatement,7,beat°m@
9,bécassine,7,bekasin
6,bécher,4,beSe
7,bélître,6,belitR
9,bénignité,8,beniNite
10,bénédictin,9,benedikt5
7,béotien,6,beosj5
5,bésef,5,bezEf
8,bésicles,6,bezikl
7,bétoine,6,betwan
5,bézef,5,bezEf
7,bézoard,6,bezoaR
8,bêtatron,7,bEtatR§
7,bûcheur,5,byS9R
10,cabaretier,9,kabaR°tje
7,caboter,6,kabote
6,cabrer,5,kabRe
9,cacaotier,8,kakaotje
8,cacaoyer,8,kakawaje
9,cache-col,6,kaSkOl
15,cache-poussière,9,kaSpusjER
8,cachexie,7,kaSEksi
11,cachotterie,8,kaSOt°Ri
7,cachère,5,kaSER
6,caecum,5,sekOm
8,cafeteur,7,kaf°t9R
7,caféier,6,kafeje
7,cagette,5,kaZEt
5,cagna,4,kaNa
5,cagou,4,kagu
6,caguer,4,kage
5,cahot,3,kao
11,caillebotis,8,kaj°boti
9,caillette,5,kajEt
8,cajoleur,7,kaZol9R
8,calamine,7,kalamin
5,calao,5,kalao
8,calcifié,8,kalsifje
7,calcite,6,kalsit
10,calendaire,7,kal@dER
8,calendre,6,kal@dR
8,calfater,7,kalfate
11,calligraphe,8,kaligRaf
14,calligraphique,10,kaligRafik
7,calomel,7,kalomEl
12,calomniateur,11,kalOmnjat9R
11,caloporteur,10,kalopORt9R
6,camard,5,kamaR
8,cambiste,6,k@bist
8,camellia,7,kamelja
11,camerounais,8,kam°RunE
5,camus,4,kamy
13,caméra-espion,11,kameRaEspj§
12,canalisateur,11,kanalizat9R
6,canche,3,k@S
12,cancérologie,10,k@seROlOZi
10,canne-épée,6,kanepe
9,cannelure,7,kan°lyR
7,cannelé,6,kan°le
9,canonnage,7,kanonaZ
10,cantilever,8,k@til°ve
9,cantonade,7,k@tonad
9,capacités,8,kapasite
14,capilliculteur,12,kapilikylt9R
10,capilotade,9,kapilotad
9,capitanat,8,kapitana
11,capitonnage,9,kapitonaZ
9,capitonné,8,kapitone
10,capitulard,9,kapitylaR
5,cappa,4,kapa
9,caquetant,6,kak°t@
13,caractérisant,11,kaRakteRiz@
15,caractérisation,14,kaRakteRizasj§
7,carafon,6,kaRaf§
10,caramboler,8,kaR@bole
11,caraméliser,10,kaRamelize
9,carapater,8,kaRapate
7,caraïbe,6,kaRaib
7,carboné,7,kaRbone
10,carcinoïde,9,kaRsinOid
5,carde,4,kaRd
7,cardeur,6,kaRd9R
6,cardia,6,kaRdja
19,cardinal-archevêque,15,kaRdinalaRS2vEk
11,cardinalice,10,kaRdinalis
12,cardiographe,10,kaRdjOgRaf
13,cardiographie,11,kaRdjogRafi
7,cardite,6,kaRdit
6,carier,5,kaRje
13,carnavalesque,11,kaRnavalEsk
9,caroncule,7,kaR§kyl
9,carottier,7,kaRotje
8,carotène,7,kaRotEn
9,caroubier,7,kaRubje
7,carrier,5,kaRje
11,carriérisme,9,kaRjeRizm
6,carron,4,kaR§
11,cartomancie,9,kaRtom@si
9,cartésien,8,kaRtezj5
4,cary,4,kaRi
7,caréner,6,kaRene
11,casernement,9,kazERn°m@
7,casimir,7,kazimiR
8,cassable,6,kasabl
9,casse-cul,5,kasky
10,cassolette,7,kasolEt
7,castard,6,kastaR
8,castille,6,kastij
10,castrateur,9,kastRat9R
11,catabolique,9,katabOlik
10,catachrèse,8,katakREz
10,catafalque,8,katafalk
14,catastrophiste,12,katastRofist
8,cathexis,7,katEksi
12,cathétérisme,10,kateteRism
6,cation,5,katj§
13,catécholamine,11,katekOlamin
6,causal,5,kozal
8,cavaleur,7,kaval9R
5,cavum,5,kavOm
7,cayenne,5,kajEn
8,cellular,7,selylaR
8,cellules,5,selyl
7,cendrée,5,s@dRe
13,centrafricain,10,s@tRafRik5
14,centrifugation,12,s@tRifygasj§
12,centrifugeur,10,s@tRifyZ9R
9,centriste,7,s@tRist
8,cerf-roi,6,sERRwa
12,cessionnaire,8,sEsjonER
8,chaldéen,6,kalde5
11,challengeur,9,SalEndZ9R
9,chamaille,5,Samaj
11,chamailleur,7,Samaj9R
10,chambrière,8,S@bRijER
9,chamelier,7,Sam2lje
15,champignonnière,9,S@piNoNER
7,chancel,5,S@sEl
10,chansonner,6,S@sOne
11,chanterelle,7,S@t°REl
10,chantrerie,7,S@tR°Ri
10,chapeauter,6,Sapote
9,chapeauté,6,Sapote
12,charcutaille,8,SaRkytaj
6,charia,5,SaRja
14,charitablement,11,SaRitabl°m@
10,charleston,9,SaRlEstOn
9,charpenté,7,SaRp@te
9,charretée,6,SaR°te
7,chartre,5,SaRtR
14,chasse-pierres,7,SaspjER
9,chasselas,6,Sas°la
10,chastement,7,Sast°m@
10,chaussures,5,SosyR
5,chaut,2,So
6,chenet,4,S°nE
12,cherche-midi,8,SERSmidi
12,chevau-léger,8,S°voleZe
7,chiasma,6,kjasma
7,chiasme,5,kjasm
9,chic-type,6,Siktip
10,chichiteux,6,SiSit2
8,chicotin,6,Sikot5
11,chien-robot,7,Sj5Robo
6,chiens,3,Sj5
10,chiffrable,7,SifRabl
9,chiffreur,6,SifR9R
10,chiquement,6,Sik°m@
8,chiqueur,5,Sik9R
6,chisel,5,SizEl
7,chitine,5,Sitin
6,chleuh,3,Sl2
9,chlinguer,5,Sl5ge
9,chlorique,6,klORik
12,chloroplaste,10,kloRoplast
11,chloroquine,8,klOROkin
6,chloré,5,kloRe
5,choke,3,SOk
8,cholique,5,kOlik
9,chosifier,7,Sozifje
6,chouan,3,Sw@
8,chromage,6,kRomaZ
11,chromatique,8,kRomatik
14,chromatogramme,11,kROmatOgRam
12,chronographe,9,kRonogRaf
20,chronophotographique,15,kROnofOtOgRafik
10,chrysolite,8,kRizOlit
11,chrysolithe,8,kRizOlit
18,chrétien-démocrate,14,kRetj5demokRat
10,chuchotant,6,SySot@
9,chypriote,8,SipRijOt
6,chèche,3,SES
7,chélate,5,kelat
5,chômé,4,Some
9,ci-inclus,6,si5kly
8,cidrerie,7,sidR°Ri
11,cigarettier,9,sigaREtje
7,cinoque,5,sinOk
12,cinquantième,8,s5k@tjEm
8,cintrage,6,s5tRaZ
7,cintrer,5,s5tRe
21,cinématographiquement,17,sinematogRafik°m@
5,cipal,5,sipal
6,cipaye,5,sipaj
11,cirrhotique,7,siRotik
7,ciseler,6,siz°le
5,ciste,4,sist
12,citizen band,10,sitiz2nb@d
9,civadière,8,sivadjER
10,clabaudage,8,klabodaZ
9,clabauder,7,klabode
5,claie,3,klE
11,claire-voie,7,klERvwa
9,clairsemé,8,klERs°me
8,classico,7,klasiko
6,claude,4,klod
10,claudiquer,7,klodike
8,clavette,6,klavEt
10,clayonnage,8,klEjonaZ
7,clicher,5,kliSe
10,climatiser,9,klimatize
11,clin-d'oeil,6,kl5d9j
9,clinicien,8,klinisj5
7,clivage,6,klivaZ
6,cliver,5,klive
15,clochardisation,13,kloSaRdizasj§
11,cloche-pied,7,klOSpje
13,cloisonnement,10,klwazOn°m@
9,cloisonné,8,klwazone
8,clonique,6,klOnik
8,clopiner,7,klopine
8,close-up,6,kloz9p
8,closerie,7,kloz°Ri
8,clérical,8,kleRikal
9,co-avocat,7,koavoka
13,co-dépendance,9,kodep@d@s
13,co-production,11,kopRodyksj§
10,co-proprio,9,kopRopRio
14,co-responsable,11,koREsp§sabl
10,coassement,7,koas°m@
5,coati,5,koati
5,cobol,5,kobOl
9,cocardier,8,kokaRdje
10,cocasserie,8,kokas°Ri
7,cochlée,5,kokle
10,cochonceté,8,koS§s°te
9,cochonnée,6,kOSOne
7,cocufié,7,kokyfje
8,code-clé,6,kOdkle
8,codifier,7,kodifje
5,codon,4,kod§
9,coeliaque,6,seljak
6,coffio,5,kOfjo
8,coffrage,6,kofRaZ
13,cofinancement,10,kofin@s°m@
7,cofondé,6,kof§de
6,cogito,6,koZito
9,cognition,8,kOgnisj§
8,cogérant,6,koZeR@
10,cohabitant,7,kOabit@
4,coir,4,kwaR
12,col-de-cygne,8,kOld°siN
10,colectomie,9,kOlEktomi
15,collationnement,11,kolasjOn°m@
13,collectiviste,11,kolEktivist
8,colleuse,5,kol2z
8,colombin,6,kol§b5
8,colonisé,8,kolonize
12,colonoscopie,11,kOlOnOskOpi
10,colopathie,8,kolopati
10,colorectal,10,koloREktal
9,colostrum,9,kOlOstROm
10,colportage,9,kOlpORtaZ
11,colposcopie,10,kOlposkOpi
5,colée,4,kole
7,colérer,6,kOleRe
13,comestibilité,13,kOmEstibilite
10,comic book,8,kOmikbuk
9,comitadji,9,komitadZi
10,commandité,8,kom@dite
10,commettant,6,komEt@
11,communicant,8,komynik@
10,compactage,8,k§paktaZ
13,comparabilité,12,k§paRabilite
9,comparoir,8,k§paRwaR
10,compendium,8,k§p5djOm
8,compensé,6,k§p@se
14,complaisamment,9,k§plEzam@
11,componction,8,k§p§ksj§
9,comprador,8,k§pRadOR
12,compressible,9,k§pREsibl
9,compressé,7,k§pREse
14,compromissoire,11,k§pROmiswaR
9,concasser,6,k§kase
13,concaténation,11,k§katenasj§
16,conceptuellement,12,k§sEptyEl°m@
10,concertina,9,k§sERtina
8,concerté,7,k§sERte
8,conchier,5,k§Sje
12,conciliateur,10,k§siljat9R
12,concomitance,9,k§komit@s
10,concourant,6,k§kuR@
10,concrétion,8,k§kResj§
10,condenseur,7,k§d@s9R
12,condescendre,8,k§des@dR
11,condisciple,8,k§disipl
14,conductibilité,13,k§dyktibilite
7,condyle,5,k§dil
13,confessionnel,10,k§fEsjonEl
7,confire,5,k§fiR
12,conformation,10,k§fORmasj§
12,confraternel,11,k§fRatERnEl
9,confronté,7,k§fR§te
14,confusionnisme,11,k§fyzjonizm
12,congestionné,10,k§ZEstjone
6,congre,4,k§gR
18,congrégationaliste,16,k§gRegasjOnalist
10,conjoindre,7,k§Zw5dR
11,conjoncteur,8,k§Z§kt9R
11,conjonctive,8,k§Z§ktiv
11,conjurateur,9,k§ZyRat9R
12,conjuratoire,10,k§ZyRatwaR
7,connais,4,konE
12,connaissable,8,konEsabl
13,conservatisme,11,k§sERvatizm
13,consignataire,9,k§siNatER
11,consommable,8,k§somabl
7,constat,5,k§sta
11,constituant,8,k§stit8@
12,constriction,10,k§stRiksj§
15,constructivisme,13,k§stRyktivizm
10,containeur,7,k§tEn9R
13,contaminateur,11,k§taminat9R
11,contempteur,8,k§t@pt9R
14,contextualiser,13,k§tEkst8alize
10,contextuel,10,k§tEkstyEl
15,contingentement,10,k§t5Z@t°m@
11,continûment,8,k§tinym@
9,contourné,7,k§tuRne
11,contractile,9,k§tRaktil
13,contradicteur,11,k§tRadikt9R
12,contrat-type,8,k§tRatip
13,contre-emploi,9,k§tR@plwa
14,contre-indiqué,9,k§tR5dike
15,contre-réaction,12,k§tR°Reaksj§
16,contre-transfert,12,k§tR2tR@sfER
11,contrebasse,8,k§tR°bas
14,contrebassiste,11,k§tR°basist
12,contrefoutre,9,k§tR°futR
12,contremander,9,k§tR°m@de
17,contreproposition,15,k§tR°pRopozisj§
15,contrevallation,12,k§tR2valasj§
7,convalo,6,k§valo
10,convecteur,8,k§vEkt9R
9,convenant,6,k§v°n@
19,conventionnellement,13,k§v@sjonEl°m@
7,convers,5,k§vER
7,convict,6,k§vikt
10,convocable,8,k§vOkabl
14,convulsivement,11,k§vylsiv°m@
13,coolie-pousse,7,kulipus
10,cooptation,9,koOptasj§
7,coopter,6,koOpte
12,coopératisme,11,koopeRatism
5,copal,5,kOpal
8,copiable,7,kopjabl
7,copiage,6,kopjaZ
5,coppa,4,kOpa
12,coproculture,11,kOpROkyltyR
10,coproduire,9,kopRod8iR
12,coprésidence,10,kopRezid@s
8,coqueter,6,kOk°te
8,coquinet,6,kokinE
9,corallien,7,koRalj5
9,cordonner,7,kORdOne
6,cordée,5,kORde
11,cornemuseur,10,kORn°myz9R
6,cornue,5,kORny
5,coron,4,koR§
11,corporalité,11,kORpoRalite
10,corporatif,10,kORpoRatif
16,correspondancier,12,koREsp§d@sje
10,corrélatif,9,koRelatif
8,corréler,6,koRele
8,corseter,7,kORs2te
9,coryphène,7,koRifEn
11,costaricain,9,kOstaRik5
10,cotonnerie,8,kOtOn°Ri
10,cotonnière,8,kOtonjER
11,cou-de-pied,7,kud°pje
6,coudée,4,kude
7,coulure,5,kulyR
9,coumarine,7,kumaRin
9,countries,7,kawntRi
10,coupailler,6,kupaje
9,couperose,7,kup°Roz
7,coupler,5,kuple
13,coupon-cadeau,8,kup§kado
8,courbatu,7,kuRbaty
10,courbature,8,kuRbatyR
14,court-circuits,9,kuRsiRk8i
14,court-courrier,8,kuRkuRje
12,courtepointe,9,kuRt°pw5t
12,couteau-scie,6,kutosi
11,coutellerie,8,kutEl°Ri
7,couvade,5,kuvad
11,couvre-pied,8,kuvR°pje
12,couvre-pieds,8,kuvR°pje
8,covalent,6,koval@
10,coïncident,7,kO5sid@
12,crachouillis,7,kRaSuji
8,cracking,6,kRakiG
8,cradoque,6,kRadOk
14,crapaud-buffle,9,kRapobyfl
8,crapoter,7,kRapOte
9,crapoteux,7,kRapot2
11,crapouillot,7,kRapujo
10,crapulerie,9,kRapyl°Ri
5,crase,4,kRaz
7,crayeux,5,kREj2
6,creton,5,kR2t§
8,creuseur,6,kR2z9R
15,criminalistique,13,kRiminalistik
12,cristallerie,10,kRistal°Ri
11,critiquable,9,kRitikabl
9,croassant,6,kRoas@
8,croqueur,6,kROk9R
12,croquignolet,9,kRokiNolE
8,crossman,7,kROsman
6,croupi,5,kRupi
11,croupissant,7,kRupis@
5,croît,4,kRwa
7,crudité,7,kRydite
8,crustacé,8,kRystase
9,cryonique,8,kRijonik
13,cryotechnique,10,kRiotEknik
7,crypter,6,kRipte
9,cryptique,7,kRiptik
13,cryptogamique,11,kRiptogamik
10,cryptomère,9,kRiptomER
9,crânement,7,kRan°m@
7,crémant,5,kRem@
6,crémer,5,kReme
11,créolophone,9,kReOlOfOn
11,crépitation,10,kRepitasj§
6,crésol,6,kRezOl
6,crésus,6,kRezys
6,crésyl,6,kRezil
10,crétiniser,9,kRetinize
10,crétinisme,9,kRetinizm
7,crétois,6,kRetwa
7,cubital,7,kybital
9,cucurbite,8,kykyRbit
9,cucuterie,8,kykyt°Ri
11,cueillaison,6,k9jEz§
8,cuissard,6,k8isaR
6,cuivré,6,k8ivRe
9,cul-blanc,5,kybl@
18,cul-de-basse-fosse,10,kyd°basfos
12,cul-de-lampe,7,kyd°l@p
13,culpabilisant,11,kylpabiliz@
15,culpabilisation,14,kylpabilizasj§
8,cultural,8,kyltyRal
8,cumulard,7,kymylaR
11,cupronickel,10,kypRonikEl
6,cupule,5,kypyl
9,curariser,8,kyRaRize
7,cureter,6,kyR°te
7,curette,5,kyREt
6,custom,6,k9stOm
13,cyanobactérie,12,sjanobakteRi
10,cybermonde,8,sibERm§d
5,cycas,5,sikas
8,cyclamen,8,siklamEn
12,cycliquement,9,siklik°m@
6,cynips,6,sinips
11,cynocéphale,9,sinosefal
9,cynodrome,8,sinodRom
13,cyphoscoliose,11,sifoskOljoz
7,cyphose,5,sifoz
10,cystotomie,9,sistOtOmi
9,cytologie,8,sitoloZi
13,cytoplasmique,11,sitOplasmik
7,czardas,7,kzaRdas
7,câblier,7,kablije
6,cédant,4,sed@
6,cédrat,5,sedRa
6,cédule,5,sedyl
8,célestin,7,selEst5
8,cénobite,7,senobit
9,cénotaphe,7,senotaf
9,céphaline,7,sefalin
5,césar,5,sezaR
6,cétone,5,setOn
4,daba,4,daba
8,dadaïsme,7,dadaizm
8,dadaïste,7,dadaist
3,dal,3,dal
12,damasquinage,10,damaskinaZ
11,dame-jeanne,6,damZan
8,damnable,6,danabl
11,dangerosité,10,d@Z°Rozite
5,daron,4,daR§
6,datage,5,dataZ
6,dateur,5,dat9R
6,dauber,4,dobe
8,daubière,6,dobjER
8,daïquiri,7,dajkiRi
11,de guingois,7,d2g5gwa
8,deltoïde,7,dEltoid
8,demi-bas,6,d°miba
9,demi-cent,6,d2mis@
9,demi-coma,8,d2mikOma
10,demi-degré,9,d2mid2gRe
14,demi-finaliste,12,d2mifinalist
9,demi-gros,7,d°migRo
13,demi-mensonge,9,d2mim5s§Z
10,demi-monde,7,d°mim§d
9,demi-mort,7,d°mimOR
9,demi-part,7,d2mipaR
8,demi-pas,6,d2mipa
10,demi-plein,7,d2mipl5
10,demi-pouce,7,d2mipus
10,demi-queue,6,d°mik2
10,demi-solde,8,d°misOld
10,demi-volte,8,d2mivOlt
8,dendrite,6,d@dRit
10,densimètre,8,d@simEtR
11,deo gratias,9,deogRatja
8,derechef,7,d°R°SEf
8,dermeste,7,dERmEst
12,dernière-née,9,dERnjERne
9,desceller,6,desEle
10,descenseur,7,des@s9R
7,despote,6,despOt
12,desquamation,11,deskwamasj§
10,desquelles,5,dekEl
10,desserrage,7,desERaZ
9,dessouler,6,desule
15,dessous-de-bras,9,d°sud°bRa
16,dessous-de-verre,9,d°sud°vER
10,desséchant,6,deseS@
11,deux-points,5,d2pw5
8,devineur,7,d2vin9R
13,dexaméthasone,12,dEgzametazOn
6,diable,5,djabl
12,diachronique,9,djakRonik
16,diacétylmorphine,14,diasetilmORfin
8,diagnose,7,djagnoz
14,diagnostiqueur,12,djagnOstik9R
13,diagonalement,11,djagonal°m@
10,dialogique,8,djaloZik
8,dialyser,7,djalize
7,diamine,6,djamin
11,diamorphine,9,djamORfin
11,diarrhéique,7,djaReik
8,diatomée,7,djatome
10,dichroïque,7,dikROik
8,dieu-roi,6,dj2Rwa
7,diffamé,6,difame
9,difracter,8,difRakte
5,digit,5,diZit
10,dilatateur,9,dilatat9R
10,diligenter,8,diliZ@te
15,dimensionnement,11,dim@sjOn°m@
9,dionysien,8,djonizj5
10,diplodocus,10,diplodokys
9,dipsomane,8,dipsOman
10,dipsomanie,9,dipsOmani
8,diptyque,6,diptik
6,dipôle,5,dipol
10,directorat,9,diREktoRa
11,directorial,11,diREktoRjal
11,discernable,9,disERnabl
12,discographie,10,diskOgRafi
10,discoureur,8,diskuR9R
12,discriminant,10,diskRimin@
10,disgracier,9,disgRasje
11,disharmonie,9,dizaRmoni
13,disparaissant,9,dispaREs@
10,dispatcher,8,dispatSe
11,dispensable,9,disp@sabl
12,dispersement,10,dispERs°m@
9,dispersif,9,dispERsif
13,disque-jockey,8,diskZokE
9,disruptif,9,disRyptif
10,disruption,9,disRypsj§
10,dissimiler,8,disimile
13,dissimulateur,11,disimylat9R
11,dissipateur,9,disipat9R
10,dissolvant,7,disOlv@
10,disséqueur,7,disek9R
13,distanciation,11,dist@sjasj§
9,distordre,8,distORdR
13,dithyrambique,9,ditiR@bik
8,diverger,7,divERZe
8,diviseur,7,diviz9R
13,diéthylénique,10,djetilenik
10,diététiste,9,djetetist
10,dodelinant,8,dod°lin@
6,doline,5,dOlin
7,dolique,5,dOlik
15,donquichottisme,10,d§kiSOtizm
6,doping,5,dOpiG
7,doppler,6,dOplER
7,dorique,5,doRik
9,doryphore,7,doRifOR
9,dos-d'âne,5,dodan
7,douaire,4,dwER
8,doublard,6,dublaR
14,double-cliquer,10,dubl2klike
13,double-croche,9,dubl2kROS
11,double-fond,7,dubl2f§
10,doublonner,7,dublone
5,douce,3,dus
8,doucette,5,dusEt
7,doucine,5,dusin
13,dressing-room,9,dResiGRum
8,dressoir,7,dREswaR
5,drill,4,dRil
10,droitement,8,dRwat°m@
5,drome,4,dRom
6,dronte,4,dR§t
7,droséra,7,dRozeRa
5,drège,4,dREZ
13,drépanocytose,12,dRepanOsitoz
6,drôlet,5,dRolE
8,dualiste,7,d8alist
7,ducasse,5,dykas
7,ductile,6,dyktil
11,duffel-coat,9,d9f9lkOwt
6,dugong,4,dyg§
6,dumper,6,d9mp9R
8,duodénal,8,d8odenal
7,duopole,6,d8OpOl
6,dupeur,5,dyp9R
6,duplex,7,dyplEks
7,duplice,6,dyplis
10,durabilité,10,dyRabilite
12,durcissement,9,dyRsis°m@
14,dynamométrique,12,dinamometRik
10,dynastique,8,dinastik
10,dyscinésie,8,disinezi
9,dyscrasie,8,diskRazi
12,dysménorrhée,9,dismenORe
11,dyspepsique,9,dispEpsik
9,dysphonie,7,disfOni
7,dysurie,6,dizyRi
10,déambulant,7,de@byl@
12,déambulateur,10,de@bylat9R
12,déambulation,10,de@bylasj§
10,débagouler,8,debagule
8,débattue,6,debaty
10,débaucheur,7,deboS9R
8,débecter,7,debEkte
6,débite,5,debit
9,déblayeur,8,deblEj9R
8,débogage,7,debOgaZ
11,déboisement,9,debwaz°m@
8,déboiser,7,debwaze
10,débouchage,7,debuSaZ
10,débouchoir,8,debuSwaR
7,débours,5,debuR
12,déboursement,9,debuRs2m@
11,déboussoler,8,debusole
11,déboîtement,9,debwat°m@
8,débrayer,7,debReje
15,débroussaillage,10,debRusajaZ
10,décabosser,8,dekabOse
11,décachetage,9,dekaS°taZ
12,décaissement,8,dekEs°m@
15,décalcification,14,dekalsifikasj§
13,décalcomanies,11,dekalkomani
9,décalogue,7,dekalOg
9,décanteur,7,dek@t9R
8,décapage,7,dekapaZ
8,décapoté,8,dekapOte
8,décennal,7,desenal
12,décentrement,9,des@tR2m@
11,déchiffreur,8,deSifR9R
12,déchiqueteur,9,deSik°t9R
7,déchoir,6,deSwaR
8,déchouer,5,deSue
4,déci,4,desi
10,décigramme,8,desigRam
6,décile,5,desil
14,décimalisation,13,desimalizasj§
10,décimalité,10,desimalite
10,décimateur,9,desimat9R
9,décimètre,8,desimEtR
12,décision-clé,10,desizj§kle
12,déclamatoire,11,deklamatwaR
9,déclivité,9,deklivite
10,décoinçage,8,dekw5saZ
11,décollation,9,dekolasj§
10,décolleter,8,dekOl°te
10,décolorant,8,dekoloR@
14,décompensation,11,dek§p@sasj§
11,décomposeur,9,dek§poz9R
11,décomprimer,9,dek§pRime
14,déconditionner,11,dek§disjone
9,déconfire,7,dek§fiR
11,décongestif,10,dek§ZEstif
12,décongestion,10,dek§ZEstj§
15,déconsidération,13,dek§sideRasj§
12,déconsidérer,10,dek§sideRe
11,déconstiper,9,dek§stipe
8,décorner,7,dekORne
13,décortication,12,dekORtikasj§
10,découplage,8,dekuplaZ
9,découpler,7,dekuple
9,découpure,7,dekupyR
14,décriminaliser,13,dekRiminalise
12,décroissance,9,dekRwas@s
11,décroissant,8,dekRwas@
9,décrotter,7,dekRote
14,décrédibiliser,13,dekRedibilize
8,décrêper,7,dekREpe
10,décérébrer,9,deseRebRe
15,dédaigneusement,10,dedEN2z°m@
6,dédire,5,dediR
9,défalquer,7,defalke
9,défausser,6,defose
8,défectif,8,defEktif
12,défectuosité,12,defEkt8ozite
6,défens,4,def@
9,défibreur,8,defibR9R
9,déficeler,8,defis°le
12,défigurement,10,defigyR°m@
10,défilement,8,defil°m@
14,déflationniste,12,deflasjOnist
11,défloration,10,defloRasj§
9,défoliant,7,defOlj@
13,défragmenteur,11,defRagm@t9R
9,défrisage,8,defRizaZ
10,défroisser,8,defRwase
10,défécation,9,defekasj§
11,déféminiser,10,defeminize
7,dégazer,6,degaze
7,dégelée,6,deZ°le
8,déglacer,7,deglase
11,dégobillage,9,degobijaZ
9,dégommage,7,degomaZ
10,dégonflage,8,deg§flaZ
10,dégonflard,8,deg§flaR
12,dégonflement,9,deg§fl2m@
13,dégoulinement,10,degulin°m@
11,dégoupiller,8,degupije
10,dégradable,9,degRadabl
9,dégrafeur,8,degRaf9R
11,dégraissant,7,degREs@
9,dégrossir,8,degRosiR
13,dégrossissage,10,degRosisaZ
10,déguenillé,8,dEg°nije
15,dégueulassement,10,deg2las°m@
7,déjà-vu,6,deZavy
8,délayage,7,delEjaZ
13,délibératoire,12,delibeRatwaR
12,démantibuler,10,dem@tibyle
12,démaquillage,9,demakijaZ
8,démarier,7,demaRje
10,démasquage,8,demaskaZ
17,dématérialisation,16,demateRjalizasj§
7,déminer,6,demine
5,démis,4,demi
15,démocratisation,14,demokRatizasj§
12,démocratiser,11,demokRatize
11,démonomanie,10,demonomani
17,démonstrativement,14,dem§stRativ°m@
14,démoralisateur,13,demORalizat9R
12,démotivation,11,demotivasj§
7,démunir,7,demyniR
7,démâter,6,demate
8,démêlage,7,demElaZ
10,dénatalité,10,denatalite
10,dénazifier,9,denazifje
11,déneigement,8,denEZ°m@
11,dénervation,10,den2Rvasj§
9,dénigrant,7,denigR@
11,dénominatif,11,denominatif
10,dépareillé,8,depaREje
7,déparer,6,depaRe
9,dépassant,6,depas@
15,dépersonnaliser,13,depERsonalize
8,dépeçage,7,dep°saZ
14,dépigmentation,12,depigm@tasj§
8,dépliant,7,deplij@
9,déplisser,7,deplise
14,déplorablement,12,deploRabl°m@
6,dépoli,6,depoli
9,dépoudrer,7,depudRe
11,dépouillage,7,depujaZ
13,dépoussiérage,10,depusjeRaZ
10,dépuceleur,9,depys°l9R
7,députer,6,depyte
11,dépénaliser,10,depenalize
11,déqualifier,9,dekalifje
7,dérayer,6,deReje
8,dérivant,6,deRiv@
11,dérogatoire,10,deROgatwaR
9,dérouleur,7,deRul9R
9,déroutage,7,deRutaZ
9,déréglage,8,deReglaZ
9,déréguler,8,deRegyle
11,déréliction,10,deReliksj§
12,désaccoupler,9,dezakuple
10,désadopter,9,dezadOpte
10,désaminase,9,dezaminaz
15,désastreusement,12,dezastR2z°m@
14,désembrouiller,9,dez@bRuje
11,désenrouler,8,dez@Rule
10,déshonnête,7,dezonEt
12,déshumaniser,10,dezymanize
16,désincarcération,14,dez5kaRseRasj§
14,désincarnation,12,dez5kaRnasj§
12,désincruster,10,dez5kRyste
11,désinformer,9,dez5fORme
13,désinsectiser,11,dez5sEktize
19,désintellectualiser,16,dez5tElEktyalize
10,désobliger,9,dezobliZe
13,désorbitation,12,dezORbitasj§
15,désorganisation,14,dezORganizasj§
9,désossage,7,dezosaZ
11,désossement,8,dezOs°m@
9,désosseur,7,dezos9R
14,désoxygénation,14,dezOksiZenasj§
19,désoxyribonucléique,18,dezOksiRibonykleik
12,déstructurer,11,destRyktyRe
17,désynchronisation,14,des5kROnizasj§
10,détalonner,8,detalOne
6,détaxe,6,detaks
17,détective-conseil,13,detEktivk§sEj
8,dételage,7,det°laZ
9,déterrage,7,detERaZ
10,détracteur,9,detRakt9R
12,détraquement,9,detRak°m@
11,détrônement,9,detRon°m@
14,dévalorisation,13,devaloRizasj§
10,développée,8,dev°lope
8,déventer,6,dev@te
9,déversant,7,devERs@
8,déviance,6,devj@s
10,dévissable,8,devisabl
14,dévitalisation,13,devitalizasj§
8,dévonien,7,devonj5
5,dîner,4,dine
6,dîneur,5,din9R
4,dôle,3,dol
10,eau-minute,6,ominyt
9,ecchymosé,7,ekimoze
5,ecsta,5,2ksta
7,ectasie,6,2ktazi
12,ectodermique,10,EktOdERmik
9,effaçable,7,efasabl
8,effaçage,6,efasaZ
10,efficience,7,efisj@s
13,efflorescence,9,efloRes@s
8,effluent,5,efly@
11,effritement,8,efRit°m@
11,emballement,7,@bal°m@
9,embarrure,6,@baRyR
9,embolique,6,@bOlik
10,embouchoir,7,@buSwaR
8,embourbé,6,@buRbe
16,embourgeoisement,11,@buRZwaz°m@
12,embourgeoisé,9,@buRZwaze
7,embouti,5,@buti
9,embraquer,6,@bRake
12,embrassement,8,@bRas°m@
11,embrocation,9,@bRokasj§
14,embrouillamini,10,@bRujamini
14,embrouillement,8,@bRuj°m@
11,embryologie,10,@bRijoloZi
13,embryologiste,12,@bRijOlOZist
7,embâcle,5,@bakl
9,emmancher,5,@m@Se
8,emmental,6,em5tal
10,emmurement,7,@myR°m@
5,empan,3,@p@
9,empanaché,7,@panaSe
11,empaqueteur,8,@pak°t9R
9,empaqueté,7,@pak°te
8,empeigne,4,@pEN
7,empenne,4,@pEn
8,empesage,6,@p°zaZ
14,emphatiquement,9,@fatik°m@
6,empois,4,@pwa
12,empoissonner,8,@pwasone
10,empourprer,7,@puRpRe
9,empuantir,7,@p8@tiR
10,empâtement,7,@pat°m@
6,empâté,5,@pate
8,en-avant,5,@nav@
8,en-cours,4,@kuR
11,encaissable,7,@kEsabl
10,encapsuler,8,@kapsyle
12,encastrement,9,@kastR°m@
9,enceinter,5,@s5te
11,encensement,7,@s@s°m@
10,enchevêtré,8,@S°vEtRe
7,enclavé,6,@klave
11,encliqueter,8,@klik°te
9,enclosure,7,@klozyR
14,encorbellement,10,@kORbEl°m@
7,encours,4,@kuR
9,encrasser,6,@kRase
8,encrassé,6,@kRase
12,encroûtement,8,@kRut°m@
9,encéphale,6,@sefal
10,endeuiller,5,@d9je
9,endocarde,7,@dokaRd
9,endocrine,7,@dokRin
11,endocrinien,9,@dokRinj5
16,endocrinologiste,14,@dOkRinOlOZist
13,endommagement,9,@dOmaZ°m@
10,endomorphe,7,@dOmORf
12,endomorphine,9,@domORfin
11,endométrite,9,@dOmetRit
12,endoscopique,9,@dOskOpik
13,endosquelette,9,@dosk°lEt
13,endothermique,9,@dotERmik
9,enfariner,7,@faRine
6,enfilé,5,@file
10,engageable,7,@gaZabl
12,engendrement,8,@Z@dR°m@
9,englander,7,@gl@d9R
15,engloutissement,10,@glutis°m@
6,englué,5,@gl8e
7,engoncé,5,@g§se
8,engorger,6,@gORZe
8,enjuiver,6,@Z8ive
8,enkyster,6,@kiste
14,enlaidissement,9,@ledis°m@
8,enneiger,5,@nEZe
8,ennoblir,7,@nobliR
12,enquiquinant,7,@kikin@
14,enquiquinement,9,@kikin°m@
12,enracinement,9,@Rasin°m@
13,enregistrable,11,@R°ZistRabl
11,enroulement,7,@Rul°m@
8,ensabler,6,@sable
7,ensablé,6,@sable
10,enseigneur,6,@sEN9R
7,ensellé,5,@sele
13,ensemencement,9,@s°m@s°m@
8,enserrer,5,@seRe
11,ensorceleur,9,@sORs°l9R
7,entaché,5,@taSe
4,ente,2,@t
9,enthalpie,6,@talpi
11,entichement,7,@tiS°m@
9,entoilage,7,@twalaZ
8,entoiler,6,@twale
13,entomologique,10,@tomoloZik
6,entour,4,@tuR
15,entr'apercevoir,13,@tRapERs°vwaR
14,entrapercevoir,13,@tRapERs°vwaR
14,entre-déchirer,10,@tR°deSiRe
10,entre-rail,7,@tR°Raj
13,entrelacement,10,@tR°las°m@
9,entrelacé,8,@tR°lase
9,entreposé,8,@tR°poze
10,entretoise,8,@tR°twaz
9,entrevous,6,@tR°vu
13,entrée-sortie,9,@tResORti
9,entérique,6,@teRik
8,entérite,6,@teRit
12,entérocolite,10,@teRokolit
8,entôlage,6,@tolaZ
7,entôler,5,@tole
7,envaser,5,@vaze
8,envenimé,7,@v°nime
3,erg,3,ERg
5,ergol,5,ERgOl
8,ergotage,7,ERgotaZ
10,escamoteur,9,Eskamot9R
12,escarpolette,10,EskaRpolEt
6,escher,3,ESe
9,escompter,6,Esk§te
6,escudo,6,Eskydo
8,esgourde,6,EsguRd
9,espionite,8,Espjonit
13,esprit-de-vin,9,EspRid°v5
8,esquille,5,Eskij
8,essayeur,6,esEj9R
9,essayiste,7,esejist
6,essoré,5,EsoRe
8,essuyage,7,es8ijaZ
12,est-africain,9,EstafRik5
9,estaminet,8,EstaminE
10,estampille,7,Est@pij
5,ester,4,este
7,estompe,5,Est§p
8,estonien,7,Estonj5
9,ethmoïdal,8,EtmOidal
12,ethniquement,8,Etnik°m@
14,ethnobotaniste,12,Etnobotanist
10,ethnologie,8,EtnoloZi
9,euclidien,7,2klidj5
9,eugénique,6,2Zenik
8,eurasien,6,2Razj5
10,eurasienne,7,2RazjEn
10,eurodollar,8,2RodolaR
10,ex-alcoolo,9,Eksalkolo
14,ex-ambassadeur,11,Eks@basad9R
8,ex-amour,7,EksamuR
10,ex-associé,9,Eksasosje
12,ex-ballerine,10,Eksbal°Rin
11,ex-banquier,8,Eksb@kje
9,ex-barman,9,EksbaRman
7,ex-boss,6,EksbOs
9,ex-buteur,8,Eksbyt9R
7,ex-caïd,7,Ekskaid
16,ex-chiropracteur,14,EkskiRopRakt9R
11,ex-citation,10,Ekssitasj§
10,ex-citoyen,10,Ekssitwaj5
10,ex-colonel,10,EkskolonEl
8,ex-corps,6,EkskOR
9,ex-couple,7,Ekskupl
7,ex-dieu,6,Eksdj2
9,ex-gendre,7,EksZ@dR
19,ex-homme-grenouille,11,EksOmgR°nuj
13,ex-lieutenant,10,Ekslj2t°n@
8,ex-maire,6,EksmER
9,ex-motard,8,EksmotaR
12,ex-perroquet,9,EkspERokE
10,ex-planète,9,EksplanEt
10,ex-premier,9,EkspR°mje
9,ex-prison,8,EkspRiz§
12,ex-profileur,11,EkspRofil9R
12,ex-promoteur,11,EkspRomot9R
9,ex-prêtre,8,EkspREtR
6,ex-roi,6,EksRwa
12,ex-résidence,10,EksRezid@s
13,ex-teinturier,10,Ekst5tyRje
8,ex-tueur,7,Eksty9R
9,ex-tuteur,8,Ekstyt9R
8,ex-usine,7,Eksyzin
8,exaction,8,Egzaksj§
15,excellentissime,11,EksEl@tisim
9,excentrer,7,Eks@tRe
9,excrétion,9,EkskResj§
5,exeat,6,Egzeat
11,exemplarité,11,Egz@plaRite
8,exfolier,8,Eksfolje
10,exhalation,9,Egzalasj§
8,exigible,8,EgziZibl
6,exocet,6,EgzosE
7,exogène,7,EgzoZEn
6,exorde,6,EgzORd
9,exosphère,8,EgzosfER
14,expansionnisme,12,Eksp@sjonizm
11,expectorant,10,EkspEktoR@
10,explicatif,11,Eksplikatif
10,exploitant,9,Eksplwat@
9,exploreur,9,EksploR9R
9,exploseur,9,Eksploz9R
10,exprimable,10,EkspRimabl
8,expédiée,8,Ekspedje
17,expérimentalement,15,EkspeRim@tal°m@
10,exsudation,9,Eksydasj§
7,extasié,8,Ekstazje
9,extenseur,8,Ekst@s9R
11,externalité,12,EkstERnalite
8,externat,8,EkstERna
10,extincteur,9,Ekst5kt9R
11,extinctrice,10,Ekst5ktRis
11,extirpation,11,EkstiRpasj§
7,extradé,8,EkstRade
13,extravasation,13,EkstRavazasj§
10,extroverti,11,EkstRovERti
8,exténuer,8,Eksten8e
12,facilitateur,11,fasilitat9R
13,factorisation,12,faktoRizasj§
10,facturette,8,faktyREt
5,fader,4,fade
6,fading,6,fEjdiG
6,faibli,5,fEbli
8,faignant,4,fEN@
12,faillibilité,10,fajibilite
9,fait-tout,4,fEtu
10,falciforme,9,falsifORm
15,fallacieusement,11,falasj2z°m@
8,far-west,7,faRwEst
9,fascicule,7,fasikyl
9,fataliser,8,fatalize
11,fauconnerie,8,fokOn°Ri
6,faufil,5,fofil
7,fausses,3,fos
8,fauvisme,6,fovism
9,faux-bond,4,fob§
10,faux-frère,6,fofRER
14,faux-monnayeur,9,fomonEj9R
9,faux-pont,4,fop§
7,fayoter,6,fajote
13,faîtes-la-moi,8,fEtlamwa
7,fedayin,6,fedaj5
6,feeder,5,fid9R
8,felouque,5,f°luk
6,fennec,5,fenEk
5,fermi,5,fERmi
7,fermium,7,fERmjOm
10,ferrailler,6,fERaje
10,ferronnier,7,fERonje
7,ferrure,5,fERyR
7,fesseur,5,fEs9R
11,festivalier,10,fEstivalje
4,feuj,3,f2Z
8,fibrillé,7,fibRije
7,fibrine,6,fibRin
7,fibrome,6,fibRom
3,fic,3,fik
7,fichage,5,fiSaZ
8,fichaise,5,fiSEz
9,fignoleur,7,fiNol9R
14,figurativement,12,figyRativ°m@
7,filaire,5,filER
11,filamenteux,8,filam@t2
11,file-la-moi,8,fillamwa
6,fillér,4,fjeR
11,filmothèque,8,filmOtEk
8,filocher,6,filoSe
9,filoguidé,8,filogide
7,finnois,5,finwa
9,fioriture,8,fjoRityR
11,fiscalement,9,fiskal°m@
10,fissionner,7,fisjone
12,five o'clock,9,fajvoklOk
4,flac,4,flak
8,flaccide,7,flaksid
10,flaccidité,10,flaksidite
10,flagellant,7,flaZ2l@
12,flagellateur,10,flaZElat9R
8,flagelle,6,flaZEl
10,flageolant,7,flaZol@
9,flagrance,7,flagR@s
11,flamboyance,9,fl@bwaj@s
7,flamine,6,flamin
5,flask,5,flask
7,flaveur,6,flav9R
11,flemmardise,9,flEmaRdiz
11,fleurissant,7,fl9Ris@
7,flicage,6,flikaZ
8,flingage,6,fl5gaZ
10,flirtation,9,fl9Rtasj§
11,floculation,10,flokylasj§
10,flottation,8,flOtasj§
6,flouse,4,fluz
7,fluence,5,fly@s
10,fluidifier,9,fl8idifje
12,fluorescéine,10,flyOResein
13,fluorhydrique,10,flyoRidRik
8,flânerie,7,flan°Ri
8,flâneuse,6,flan2z
7,flécher,5,fleSe
13,fléchissement,9,fleSis°m@
11,fléchisseur,8,fleSis9R
12,focalisation,11,fokalizasj§
4,foil,4,fOjl
9,foisonner,7,fwazone
7,folasse,5,folas
8,foncteur,6,f§kt9R
9,fongicide,7,f§Zisid
19,footballeur-vedette,13,futbOl9Rv°dEt
6,forcir,6,fORsiR
9,formalisé,9,fORmalize
7,formant,5,fORm@
7,formide,6,fORmid
4,fors,3,fOR
10,fortissimo,9,fORtisimo
10,fossoyeuse,8,foswaj2z
8,fou-rire,5,fuRiR
7,foucade,5,fukad
12,foudroiement,8,fudRwam@
11,fouettement,7,fwEt°m@
11,foufounette,7,fufunEt
9,fouisseur,6,fwis9R
7,foulant,4,ful@
7,fouleur,5,ful9R
7,foulque,4,fulk
6,fourbi,5,fuRbi
7,fourbir,6,fuRbiR
10,fourmiller,7,fuRmije
11,fourre-tout,5,fuRtu
8,fourrier,5,fuRje
8,fourvoyé,8,fuRvwaje
5,fouta,4,futa
9,foutraque,6,futRak
9,foutrerie,7,futR°Ri
12,fragmentaire,9,fRagm@tER
9,fragmenté,8,fRagm@te
14,franchouillard,8,fR@SujaR
16,franco-américain,12,fR@koameRik5
14,franco-anglais,9,fR@ko@glE
15,franco-canadien,12,fR@kokanadj5
16,franco-italienne,12,fR@koitaljEn
6,fraser,5,fRaze
6,frater,6,fRatER
8,fraîchir,6,fReSiR
7,freesia,6,fRizja
8,frelater,7,fR2late
10,fresquiste,8,fREskist
6,fricot,5,fRiko
8,fridolin,7,fRidOl5
11,frigorifier,10,fRigoRifje
11,frigorigène,10,fRigORiZEn
9,frilosité,9,fRilozite
11,fringillidé,9,fR5Zilide
4,frio,5,fRijo
6,friper,5,fRipe
12,frise-poulet,8,fRizpulE
9,frisottis,7,fRizoti
13,frissonnement,9,fRisOn°m@
6,fritte,4,fRit
10,fromagerie,9,fRomaZ°Ri
8,frondeur,6,fR§d9R
11,frontispice,9,fR§tispis
8,frotteur,6,fRot9R
7,frottin,5,fRot5
11,froufrouter,8,fRufRute
9,fructidor,9,fRyktidOR
11,frugalement,9,fRygal°m@
9,frugalité,9,fRygalite
6,fréter,5,fRete
4,fuie,3,f8i
6,fuiter,5,f8ite
10,fuligineux,8,fyliZin2
10,fumigateur,9,fymigat9R
7,fumiste,6,fymist
8,fureteur,7,fyR°t9R
12,fusionnement,9,fyzjOn°m@
11,fustigation,10,fystigasj§
2,fy,2,fi
4,féal,4,feal
9,fébrilité,9,febRilite
8,fécalome,7,fekalom
6,fédéré,6,fedeRe
8,félinité,8,felinite
12,féminisation,11,feminizasj§
7,fétuque,5,fetyk
4,gaba,4,gaba
6,gabbro,5,gabRo
5,gable,4,gabl
10,gadolinium,10,gadOlinjOm
4,gagé,4,gaZe
7,gaillet,4,gajE
13,gaine-culotte,8,gEnkylOt
12,galactophore,10,galaktOfOR
9,galantine,7,gal@tin
8,galapiat,7,galapja
6,galate,5,galat
8,galiléen,7,galile5
8,galoubet,6,galubE
6,gamète,5,gamEt
8,gandoura,6,g@duRa
10,gangreneux,7,g@gR°n2
6,gangue,3,g@g
3,gap,3,gap
7,gapette,5,gapEt
7,garance,5,gaR@s
11,garde-corps,8,gaRd°kOR
11,garde-pêche,8,gaRd°pES
9,gargantua,8,gaRg@t8a
12,gargouillant,7,gaRguj@
10,garnissage,8,gaRnisaZ
9,garrotter,6,gaRote
10,gaspilleur,8,gaspij9R
6,gaster,6,gastER
10,gastralgie,9,gastRalZi
12,gastrectomie,11,gastREktOmi
8,gastrula,8,gastRyla
9,gaufrette,6,gofREt
9,gaulliste,6,golist
10,gaulthérie,7,golteRi
6,gaulée,4,gole
5,gauss,3,gos
4,gave,3,gav
9,gazinière,8,gazinjER
8,gazoline,7,gazolin
9,gazéifier,8,gazeifje
8,gaélique,6,gaelik
10,geignement,6,ZEN°m@
6,geline,5,Z°lin
10,gemmologie,8,ZEmOlOZi
9,gendarmer,7,Z@daRme
5,genet,4,Z2nE
11,genouillère,7,Z°nujER
6,gercer,5,ZERse
13,germanisation,12,ZERmanizasj§
13,germano-belge,11,ZERmanobElZ
12,germanophone,10,ZERmanOfOn
11,gesticulant,9,ZEstikyl@
7,gibelin,6,Zib°l5
8,giboyeux,7,Zibwaj2
5,gibus,5,Zibys
7,gigogne,5,ZigON
10,gigolpince,8,ZigOlp5s
6,gigoté,6,ZigOte
7,gimmick,5,Z5mik
7,gineste,6,ZinEst
8,girafeau,6,ZiRafo
7,girafon,6,ZiRaf§
7,girolle,5,ZiROl
6,girond,4,ZiR§
7,givrage,6,ZivRaZ
6,givrer,5,ZivRe
8,glabelle,6,glabEl
9,glavioter,8,glavjote
7,glaïeul,6,glaj9l
9,glissando,7,glis@do
9,globuline,8,globylin
4,glop,4,glOp
5,glose,4,gloz
14,glougloutement,10,gluglut°m@
10,gluconique,8,glykOnik
8,glycérol,8,gliseROl
7,gnafron,5,NafR§
9,gnagnagna,6,NaNaNa
6,gnaule,3,Nol
11,gnian-gnian,4,N@N@
11,gnosticisme,10,gnostisizm
9,gnostique,7,gnostik
10,godelureau,8,god°lyRo
9,goguenard,7,gOg°naR
9,golf-club,8,gOlfkl9b
5,gommé,4,gome
14,gonadotrophine,12,gOnadOtROfin
6,gonder,4,g§de
7,gondolé,6,g§dole
12,gonococcique,10,gOnOkOksik
15,gorge-de-pigeon,10,gORZd2piZ§
7,gorgeon,5,gORZ§
8,gorgerin,7,gORZ°R5
8,gouaille,4,gwaj
9,goualante,6,gwal@t
5,gouge,3,guZ
9,gougoutte,5,gugut
4,gour,3,guR
6,gourmé,5,guRme
6,goutte,3,gut
7,goutter,4,gute
8,goutteux,4,gut2
11,gouvernable,9,guvERnabl
11,gouvernance,8,guvERn@s
11,gouvernorat,9,guvERnORa
6,gradin,5,gRad5
7,graduel,7,gRad8El
7,graduer,6,gRad8e
9,graffiter,7,gRafite
6,gramen,6,gRamEn
8,graminée,7,gRamine
11,grammairien,8,gRamERj5
11,grand-duché,7,gR@dySe
13,grand-guignol,8,gR@giNOl
18,grand-guignolesque,11,gR@giNOlEsk
10,granulaire,8,gRanylER
11,granulation,10,gRanylasj§
8,granulie,7,gRanyli
13,graphologique,10,gRafoloZik
10,graphomane,8,gRafOman
11,graphophone,8,gRafofOn
11,grappilleur,8,gRapij9R
8,gratiner,7,gRatine
8,grattant,5,gRat@
12,grattouiller,7,gRatuje
4,grau,3,gRo
9,gravidité,9,gRavidite
6,gravos,6,gRavos
8,greffage,6,gREfaZ
9,grenadeur,8,gR2nad9R
12,grenouillard,8,gR°nujaR
18,grenouille-taureau,10,gR°nujtoRo
5,grenu,5,gR°ny
8,griffeur,6,gRif9R
14,grimace-éclair,11,gRimaseklER
6,grimer,5,gRime
7,grimper,5,gR5pe
8,grimpeur,6,gR5p9R
7,grippal,6,gRipal
10,gris-perle,7,gRipERl
9,gris-vert,6,gRivER
6,grison,5,gRiz§
9,grisonner,7,gRizone
6,grisou,5,gRizu
6,grivet,5,gRivE
10,grognonner,7,gRoNone
13,grommellement,9,gRomEl°m@
11,groseillier,7,gRozEje
8,grouiner,6,gRwine
8,groupage,6,gRupaZ
5,grume,4,gRym
7,grumier,6,gRymje
6,gréage,5,gReaZ
8,grébiche,6,gRebiS
10,grésillant,7,gRezij@
7,guanaco,7,gwanako
13,guerre-éclair,8,gEReklER
9,gueulette,5,g9lEt
8,guidance,5,gid@s
9,guillemet,6,gij°mE
11,guérissable,8,geRisabl
7,gynécée,6,Zinese
5,gyrus,5,ZiRys
7,gâcheur,5,gaS9R
9,gélifiant,7,Zelifj@
6,géline,5,Zelin
6,gélose,5,Zeloz
10,gémellaire,7,ZemelER
8,gémonies,6,Zemoni
9,génératif,9,ZeneRatif
6,généré,6,ZeneRe
9,géomancie,7,Zeom@si
11,géophysique,8,Zeofizik
10,géothermie,8,ZeotERmi
10,gérontisme,8,ZeR§tism
12,gérontologue,9,ZeR§tolOg
8,habanera,7,abanERa
7,hachage,4,aSaZ
7,hacheur,4,aS9R
8,hachisch,4,aSiS
6,hadith,4,adit
12,hagiographie,9,aZjogRafi
7,haillon,3,aj§
12,haineusement,7,En2z°m@
4,haka,3,aka
5,hakka,3,aka
6,haleur,4,al9R
7,hallier,4,alje
8,halogène,6,aloZEn
10,halogénure,8,alOZenyR
5,halva,4,alva
10,hamadryade,9,amadRijad
9,hamadryas,9,amadRijas
9,hamamélis,8,amamelis
5,hanap,4,anap
12,haptoglobine,10,aptoglObin
8,harangue,4,aR@g
7,harassé,5,aRase
9,hard edge,6,aRdEdZ
8,hard-top,6,aRdtOp
9,harenguet,5,aR@gE
9,haridelle,6,aRidEl
14,harmoniquement,10,aRmOnik°m@
7,harnois,5,aRnwa
8,harpagon,6,aRpag§
7,haubert,4,obER
8,haussier,4,osje
9,havanaise,6,avanEz
6,havane,4,avan
10,helléniste,7,Elenist
10,hennissant,5,enis@
7,herbeux,4,ERb2
9,herbicide,7,ERbisid
10,herminette,7,ERminEt
13,herméneutique,9,ERmen2tik
14,herpétologiste,12,ERpetOlOZist
6,heurté,4,9Rte
9,hexagonal,9,Egzagonal
8,himalaya,7,imalaja
8,hirudine,6,iRydin
13,histoplasmose,11,istoplasmoz
14,historiographe,11,istORjogRaf
10,hitlérisme,8,itleRizm
16,hiérarchiquement,11,jeRaRSik°m@
10,hiératique,7,jeRatik
14,hiéroglyphique,10,jeRoglifik
10,hodgkinien,8,OdZkinj5
12,home-trainer,9,omtREjn9R
9,homologue,6,omolOg
9,homologué,7,omologe
9,homophile,6,omofil
9,homophone,6,OmOfOn
10,homozygote,8,omozigOt
13,homéostatique,10,OmeOstatik
12,homéothermie,9,OmeOtERmi
9,hondurien,6,§dyRj5
5,hopak,4,Opak
4,hopi,3,opi
8,hoqueter,5,Ok°te
10,hornblende,8,ORnbl5nd
9,horrifier,6,oRifje
13,horripilation,10,oRipilasj§
10,horripiler,7,oRipile
9,hors-cote,5,ORkOt
10,hors-série,6,ORseRi
13,horticultrice,11,ORtikyltRis
6,hotter,3,Ote
9,houillère,4,ujER
6,houppe,2,up
11,house music,9,awzmjyzik
10,hovercraft,9,Ov9RkRaft
7,huilier,5,8ilje
7,hululer,5,ylyle
6,humbug,5,9mb9g
9,humectage,7,ymEktaZ
5,huron,3,yR§
6,hurrah,3,yRa
8,huîtrier,6,8itRie
9,hydatique,6,idatik
12,hydraulicien,9,idRolisj5
13,hydrocéphalie,10,idRosefali
14,hydrodynamique,11,idRodinamik
9,hydrofoil,8,idRofOjl
12,hydrographie,9,idRogRafi
10,hydrophobe,7,idRofOb
10,hydrophyte,7,idRofit
10,hydropisie,8,idRopizi
16,hydropneumatique,12,idRopn2matik
6,hydrox,6,idROks
14,hygiéniquement,10,iZjenik°m@
12,hyperacidité,11,ipERasidite
12,hyperbolique,9,ipERbolik
12,hyperlipémie,10,ipERlipemi
9,hyperplan,7,ipERpl@
15,hyperréactivité,13,ipEReaktivite
12,hypersonique,9,ipERsOnik
17,hypersustentateur,14,ipERsyst@tat9R
10,hypocapnie,8,ipokapni
10,hypocauste,7,ipokost
10,hypocentre,7,ipos@tR
12,hypochlorite,9,ipoklORit
12,hypophysaire,8,ipofizER
10,hypoplasie,8,ipoplazi
11,hypospadias,10,ipospadjas
9,hypostase,7,ipostaz
9,hypotendu,7,ipot@dy
10,hypotensif,8,ipot@sif
9,hypotonie,7,ipOtOni
6,hysope,4,izOp
4,hâve,2,av
7,héberge,5,ebERZ
6,hélico,5,eliko
11,héliographe,8,eljOgRaf
10,héliporter,8,elipORte
9,héliporté,8,elipORte
13,hélitreuiller,8,elitR9je
13,hématologique,10,ematOlOZik
12,hémiplégique,9,emipleZik
13,hémisphérique,9,emisfeRik
13,hémorroïdaire,9,emOROidER
13,hépatomégalie,11,epatOmegali
12,hétérozygote,10,eteRozigOt
5,hévéa,4,evea
10,hôtel-dieu,7,otEldj2
9,ictérique,7,ikteRik
14,identificateur,12,id@tifikat9R
11,idiomatique,9,idjomatik
15,idiosyncrasique,12,idjOs5kRazik
6,idoine,5,idwan
8,idolâtre,7,idolatR
8,idée-clé,6,idekle
10,idée-force,7,idefORs
5,idéel,5,ideEl
11,idéographie,9,ideOgRafi
11,ignifugeant,7,iNifyZ@
4,igue,2,ig
5,ilium,5,iljOm
12,illicitement,9,ilisit°m@
9,illogisme,7,iloZizm
13,illusionnisme,10,ilyzjonizm
11,imaginative,10,imaZinativ
9,imbitable,7,5bitabl
10,imbrisable,8,5bRizabl
10,immodestie,8,imodEsti
11,immuabilité,10,im8abilite
12,immuablement,9,im8abl°m@
15,immunostimulant,12,imynostimyl@
14,immunothérapie,11,imynoteRapi
9,impatiens,7,5pasj@s
13,imperfectible,11,5pERfEktibl
16,imperméabilisant,13,5pERmeabiliz@
15,imperméabiliser,13,5pERmeabilize
15,impersonnaliser,12,5pERsOnalize
11,implantable,8,5pl@tabl
11,imploration,9,5ploRasj§
12,impondérable,9,5p§deRabl
12,impopularité,11,5popylaRite
10,importable,8,5pORtabl
7,imposte,5,5pOst
9,impotence,6,5pot@s
15,impraticabilité,14,5pRatikabilite
15,imprescriptible,13,5pREskRiptibl
10,imprimable,8,5pRimabl
11,improvisade,9,5pROvizad
13,improvisateur,11,5pRovizat9R
12,imprégnation,9,5pReNasj§
11,impubliable,10,5pyblijabl
13,impudiquement,9,5pydik°m@
15,impérialisation,13,5peRjalizasj§
9,impétrant,6,5petR@
14,impétueusement,10,5pet82z°m@
7,in-bord,6,inbORd
15,inaccessibilité,14,inaksEsibilite
12,inachèvement,9,inaSEv°m@
12,inactivation,11,inaktivasj§
8,inactivé,8,inaktive
14,inadéquatement,12,inadekwat°m@
12,inadéquation,11,inadekwasj§
8,inaltéré,8,inalteRe
12,incantatoire,9,5k@tatwaR
12,inchavirable,9,5SaviRabl
11,incirconcis,8,5siRk§si
8,incitant,5,5sit@
9,incitatif,8,5sitatif
12,inclinomètre,10,5klinomEtR
13,inclusivement,10,5klyziv°m@
13,incombustible,10,5k§bystibl
16,incomparablement,12,5k§paRabl°m@
12,incomplétude,9,5k§pletyd
14,incompréhensif,10,5k§pRe@sif
13,inconciliable,10,5k§siljabl
17,inconfortablement,13,5k§fORtabl°m@
11,incongruité,9,5k§gR8ite
14,inconnaissable,9,5konEsabl
12,inconsistant,8,5k§sist@
14,incoordination,12,5koORdinasj§
12,incorporable,10,5kORpoRabl
13,incrimination,11,5kRiminasj§
13,incrochetable,10,5kROS°tabl
8,incurver,6,5kyRve
5,incus,3,5ky
10,indansable,7,5d@sabl
12,indemnisable,10,5dEmnizabl
8,indenter,5,5d@te
15,indentification,12,5d@tifikasj§
10,indiciaire,7,5disjER
13,indiciblement,10,5disibl°m@
17,indifférenciation,13,5difeR@sjasj§
9,indiscuté,8,5diskyte
16,indissolublement,12,5disolybl°m@
15,indistinctement,11,5dist5kt°m@
14,individualiser,12,5divid8alize
11,indochinois,8,5doSinwa
6,indole,4,5dOl
8,inductif,7,5dyktif
17,industrialisation,16,5dystRijalizasj§
13,industrialisé,13,5dystRijalize
13,industrie-clé,10,5dystRikle
11,industrieux,9,5dystRij2
11,indécemment,7,5desam@
12,indéchirable,9,5deSiRabl
12,indécollable,9,5dekolabl
12,indélogeable,9,5deloZabl
14,indéterminable,12,5detERminabl
15,indétermination,13,5detERminasj§
11,inentamable,9,in@tamabl
12,inexactement,11,inEgzakt°m@
13,infalsifiable,11,5falsifjabl
11,infatuation,9,5fat8asj§
8,infatuer,6,5fat8e
13,infectiologie,11,5fEksjOlOZi
9,infiltrat,7,5filtRa
9,infinitif,8,5finitif
13,inflammatoire,10,5flamatwaR
13,inflexibilité,13,5flEksibilite
13,inflorescence,9,5floRes@s
9,influenza,7,5fly@za
12,informatiser,10,5fORmatize
11,infrangible,8,5fR@Zibl
8,infrason,6,5fRas§
14,infréquentable,10,5fRek@tabl
12,inférioriser,10,5feRjoRize
8,inhabile,6,inabil
8,inhalant,5,inal@
12,inharmonieux,9,inaRmOnj2
13,inhospitalité,12,inOspitalite
13,inhumainement,9,inymEn°m@
16,inimaginablement,14,inimaZinabl2m@
13,inintelligent,9,in5teliZ@
11,inorganique,9,inORganik
10,insortable,8,5sORtabl
11,inspirateur,9,5spiRat9R
11,instinctuel,9,5st5kt8El
12,instrumenter,9,5stRym@te
14,instrumentiste,11,5stRym@tist
6,insula,5,5syla
10,insulation,8,5sylasj§
11,insulinique,8,5sylinik
13,intangibilité,11,5t@Zibilite
19,intellectualisation,16,5tElEkt8alizasj§
16,intellectualisme,13,5telEkt8alizm
15,intelligibilité,13,5teliZibilite
16,intelligiblement,12,5teliZibl°m@
15,intentionnalité,12,5t@sjOnalite
15,intercellulaire,11,5tERsElylER
11,interclasse,8,5tERklas
10,interclubs,8,5tERklyb
13,intercommunal,11,5tERkOmynal
18,intercommunautaire,13,5tERkOmynotER
14,interconnexion,12,5tERkOnEksj§
11,interférent,8,5tERfeR@
15,interférométrie,13,5tERfeROmetRi
19,intergouvernemental,16,5tERguvERn2m@tal
12,interjection,10,5tERZEksj§
10,interjeter,8,5tERZ2te
14,interlocutoire,12,5tERlOkytwaR
20,internationalisation,18,5tERnasjonalizasj§
17,internationaliste,15,5tERnasjonalist
10,internaute,7,5tERnot
10,interphase,7,5tERfaz
13,interpolateur,11,5tERpOlat9R
13,interpolation,11,5tERpolasj§
13,interposition,11,5tERpozisj§
13,interprétable,11,5tERpRetabl
12,interpréteur,10,5tERpRet9R
16,interpénétration,14,5tERpenetRasj§
13,interpénétrer,11,5tERpenetRe
11,interracial,10,5tERRasjal
12,interrogatif,10,5tERogatif
13,interscolaire,10,5tERskOlER
14,intersubjectif,13,5tERsybZEktif
11,intertribal,10,5tERtRibal
17,interventionnisme,13,5tERv@sjOnism
18,interventriculaire,14,5tERv@tRikylER
13,interétatique,10,5tERetatik
8,intestat,6,5tEsta
11,intimidable,9,5timidabl
12,intimidateur,10,5timidat9R
9,intimiste,7,5timist
6,intimé,5,5time
10,intoxiquer,8,5tOksike
11,intra muros,8,5tRamyRo
11,intra-muros,9,5tRamyRos
12,intracrânien,10,5tRakRanj5
15,intransmissible,11,5tR@smisibl
13,intraoculaire,10,5tRaOkylER
12,intraveineux,8,5tRavEn2
12,introspecter,10,5tROspEkte
12,intumescence,8,5tymes@s
11,intégrateur,9,5tegRat9R
10,invariance,7,5vaRj@s
9,invective,7,5vEktiv
11,investiguer,8,5vEstige
14,invinciblement,10,5v5sibl°m@
13,invisiblement,10,5vizibl°m@
12,invérifiable,10,5veRifjabl
10,inéducable,9,inedykabl
9,iodoforme,8,jodofORm
8,ionienne,6,jonjEn
4,ipse,4,ipse
11,iridescence,8,iRidEs@s
10,iridescent,7,iRidEs@
10,iridologie,9,iRidOlOZi
8,irradier,6,iRadje
13,irraisonnable,9,iREzonabl
17,irrationnellement,12,iRasjonEl°m@
10,irrigateur,8,iRigat9R
16,irréductiblement,13,iRedyktibl°m@
12,irrésolution,10,iRezolysj§
15,irrétrécissable,12,iRetResisabl
14,irrévocabilité,13,iRevOkabilite
7,ischion,5,iskj§
9,islamiser,8,islamize
9,islamisme,8,islamizm
9,ismaélien,8,ismaelj5
9,ismaélite,8,ismaelit
12,isochronisme,10,izOkROnism
10,isoniazide,9,izOnjazid
12,isothermique,9,izOtERmik
13,israélo-arabe,11,isRaeloaRab
9,isthmique,5,ismik
15,italo-irlandais,11,italoiRl@dE
3,ive,2,iv
10,ivrognesse,7,ivRoNEs
8,jacinthe,5,Zas5t
7,jacquot,4,Zako
10,jaguarondi,9,ZagwaR§di
8,jalouser,6,Zaluze
7,jambage,5,Z@baZ
7,jambier,5,Z@bje
9,japoniser,8,Zaponize
7,jappeur,5,Zap9R
9,jaquemart,7,Zak°maR
10,jaune-vert,6,ZonvER
12,jaunissement,8,Zonis°m@
7,javelle,5,ZavEl
10,javelliser,8,Zavelize
16,je-m'en-fichiste,10,Z°m@fiSist
16,je-m'en-foutisme,10,Z2m@futizm
16,je-m'en-foutiste,10,Z2m@futist
10,jet-stream,9,dZEtstRim
5,jette,3,ZEt
5,joice,4,Zwas
10,joli-coeur,7,ZOlik9R
5,jolie,4,Zoli
6,joliet,5,ZOljE
11,jordanienne,9,ZORdanjEn
9,jouisseur,6,Zwis9R
4,juan,4,xwan
6,jubilé,6,Zybile
6,juchée,4,ZySe
9,judaïcité,9,Zydaisite
8,judéenne,6,ZydeEn
5,judéo,5,Zydeo
19,judéo-christianisme,16,ZydeokRistjanism
6,jugeur,5,ZyZ9R
8,jumelage,7,Zym°laZ
14,juridictionnel,13,ZyRidiksjOnEl
6,jusant,4,Zyz@
10,justifiant,8,Zystifj@
12,justificatif,12,Zystifikatif
8,jéroboam,8,ZeRoboam
6,kabyle,5,kabil
8,kaliémie,7,kaljemi
5,kalpa,5,kalpa
7,kantien,5,k@tj5
6,kaolin,5,kaol5
5,kaori,5,kaORi
8,kapokier,7,kapOkje
6,kapout,5,kaput
6,karité,6,kaRite
4,kata,4,kata
5,katal,5,katal
4,kava,4,kava
5,kayac,5,kajak
9,kayakiste,8,kajakist
7,keffieh,5,kefje
8,kekchose,6,kEkSoz
4,khat,3,kat
9,kinescope,8,kinEskOp
11,kinesthésie,9,kinEstezi
4,kipa,4,kipa
5,klebs,5,klEps
2,km,8,kilomEtR
5,kodak,5,kodak
9,komintern,9,kOmintERn
4,kora,4,kORa
8,korrigan,6,koRig@
7,kosovar,7,kOsOvaR
4,krak,4,kRak
7,kroumir,6,kRumiR
4,kula,4,kyla
6,kummel,5,kymEl
13,kératoplastie,12,keRatoplasti
8,kératose,7,keRatoz
5,l'une,3,lyn
8,la plata,7,laplata
6,labile,5,labil
10,labourable,8,labuRabl
5,labri,5,labRi
8,lacanien,7,lakanj5
13,laconiquement,10,lakonik°m@
9,laconisme,8,lakonizm
9,lactifère,8,laktifER
5,ladre,4,ladR
7,lainage,5,lEnaZ
13,laisser-faire,7,lesefER
13,laissez-faire,7,lEsefER
6,lambel,5,l@bEl
7,lambine,5,l@bin
11,lambrissage,8,l@bRisaZ
7,lamento,7,lamEnto
5,lamer,4,lame
8,laminage,7,laminaZ
12,laminectomie,11,laminEktOmi
7,lampion,5,l@pj§
8,lampiste,6,l@pist
11,lance-fusée,7,l@sfyze
7,landais,4,l@dE
8,landlord,6,l@dlOR
14,languissamment,8,l@gisam@
8,lanthane,5,l@tan
3,lao,3,lao
11,lapalissade,9,lapalisad
9,lapidaire,7,lapidER
9,lapinière,8,lapinjER
12,lapis-lazuli,11,lapizlazyli
6,laquer,4,lake
5,lardu,5,laRdy
11,larmichette,8,laRmiSEt
9,larvicide,8,laRvisid
6,lasure,5,lasyR
3,lav,3,lav
6,legato,6,legato
3,lek,3,lEk
5,lette,3,lEt
12,leucocytaire,9,l2kositER
9,leucocyte,7,l2kosit
11,leucoplasie,9,l2koplazi
10,leucopénie,8,l2kopeni
4,leva,4,l°va
5,liage,4,ljaZ
7,libellé,6,libele
11,librettiste,9,libRetist
8,libérien,7,libeRj5
6,libéro,6,libeRo
4,lied,3,lid
5,lieur,4,lj9R
5,ligot,4,ligo
8,ligotage,7,ligotaZ
6,lilium,6,liljOm
5,liman,4,lim@
7,limaçon,6,limas§
6,limogé,6,limoZe
9,limoselle,7,limozEl
9,limpidité,8,l5pidite
5,linga,5,linga
6,linger,4,l5Ze
7,lingual,6,l5gwal
16,linguistiquement,12,l5g8istik°m@
8,linotype,7,linotip
6,linter,6,lint9R
12,linéairement,9,lineER°m@
6,lipase,5,lipaz
6,lipide,5,lipid
8,lipiodol,8,lipjOdOl
8,liposome,7,lipozom
10,liquoriste,8,likoRist
7,liseron,6,liz°R§
10,lisibilité,10,lizibilite
6,lisier,5,lizje
7,lissage,5,lisaZ
8,listeria,8,listeRja
8,lit-cage,5,likaZ
8,lithique,5,litik
5,litho,4,lito
12,lithotriteur,10,litotRit9R
14,littérairement,10,liteRER°m@
5,lloyd,4,lOjd
7,lobaire,5,lObER
7,locatif,7,lokatif
10,locomoteur,9,lokomot9R
7,locuste,6,lokyst
8,locuteur,7,lokyt9R
11,logisticien,10,lOZistisj5
10,logogriphe,8,logogRif
9,lombalgie,7,l§balZi
8,lombardo,7,l§baRdo
5,lompe,3,l§p
7,longuet,4,l§gE
9,loquacité,8,lokasite
7,loquedu,6,lOk°dy
7,lorette,5,lOREt
4,lori,4,lORi
5,lotir,5,lotiR
5,louis,3,lwi
6,louvet,4,luvE
4,luce,3,lys
6,lucite,5,lysit
7,luddite,5,lydit
8,lunaison,6,lynEz§
8,lustreur,7,lystR9R
6,lustré,6,lystRe
8,lustucru,8,lystykRy
12,luthéranisme,10,lyteRanizm
5,luxer,5,lykse
12,lymphocytose,9,l5fOsitoz
13,lymphosarcome,10,l5fosaRkom
9,lymphoïde,6,l5fOid
9,lysimaque,7,lizimak
5,légué,4,lege
5,lémur,5,lemyR
9,lénifiant,7,lenifj@
10,léprologie,9,lepROlOZi
5,lérot,4,leRo
11,lésionnaire,8,lezjOnER
8,lézarder,7,lezaRde
7,lézardé,7,lezaRde
8,macareux,6,makaR2
7,machaon,5,maka§
13,machiavélisme,11,makjavelizm
10,machinette,7,maSinEt
7,machino,6,makino
5,macis,4,masi
9,macrolide,8,makRolid
10,macrophage,8,makROfaZ
6,macula,6,makyla
11,magnétiseur,9,maNetiz9R
9,magnétron,7,maNetR§
6,magret,5,magRE
8,mahousse,4,maus
13,main-courante,7,m5kuR@t
9,mainlevée,6,m5l°ve
9,majolique,7,maZolik
9,malachite,7,malakit
10,maladrerie,9,maladR2Ri
9,malappris,7,malapRi
8,malformé,8,malfORme
11,malgracieux,9,malgRasj2
11,malignement,8,maliN°m@
8,malinois,7,malinwa
4,malm,4,malm
9,malmenage,8,malm2naZ
9,malvoisie,8,malvwazi
8,mamelouk,7,mam°luk
12,mammoplastie,10,mamOplasti
8,manageur,7,manaZ9R
12,mancenillier,7,m@snije
12,mandat-carte,8,m@dakaRt
9,mandement,6,m@d°m@
9,mandingue,5,m@d5g
8,mandrill,6,m@dRil
8,mangrove,6,m@gROv
8,manipule,7,manipyl
10,maniériste,9,manjeRist
10,manouvrier,9,manuvRije
7,mansion,5,m@sj§
8,mantille,5,m@tij
7,maoïsme,6,maoizm
11,maquettiste,8,maketist
7,maranta,6,maR@ta
13,marchandiseur,10,maRS@diz9R
7,marconi,7,maRkoni
8,marcotte,6,maRkOt
7,marengo,6,maR@go
13,marginalement,11,maRZinal°m@
8,mariable,7,maRjabl
13,marin-pêcheur,9,maR5pES9R
8,maronner,6,maRone
11,maroquinier,9,maRokinje
9,marouette,6,maRwEt
7,marrade,5,maRad
14,martin-pêcheur,10,maRt5pES9R
5,masaï,5,masaj
12,masculiniser,11,maskylinize
5,maser,5,mazER
8,masquage,6,maskaZ
13,masque-espion,9,maskEspj§
7,mastaba,7,mastaba
10,materniser,9,matERnize
10,matriarcal,11,matRijaRkal
9,matricide,8,matRisid
9,matriciel,9,matRisjEl
11,matérialité,11,mateRjalite
14,maxillo-facial,13,maksilofasjal
12,maximisation,12,maksimizasj§
7,mazette,5,mazEt
10,maître-coq,8,mEtR2kOk
11,membranaire,8,m@bRanER
5,mendé,4,m@de
5,menez,4,m°ne
8,menhaden,7,mEnad°n
13,mensuellement,9,m@s8El°m@
6,mentez,4,m@te
5,menée,4,m°ne
7,mer-air,5,mERER
9,mercaptan,8,mERkapt@
6,merise,5,m°Riz
5,merlu,5,mERly
8,merluche,6,mERlyS
13,merveillosité,11,mERvEjozite
6,mestre,5,mEstR
9,mesurette,7,m2zyREt
8,mesureur,7,m°zyR9R
11,mets-la-toi,7,mElatwa
7,meulage,5,m2laZ
8,meuleuse,5,m2l2z
7,mi-ange,4,mi@Z
9,mi-carême,7,mikaREm
9,mi-chatte,5,miSat
8,mi-corps,5,mikOR
11,mi-décembre,8,mides@bR
9,mi-enfant,5,mi@f@
10,mi-février,9,mifevRije
10,mi-humaine,6,miymEn
10,mi-humains,5,miym5
9,mi-indien,6,mi5dj5
7,mi-juin,5,miZ85
7,mi-lent,4,mil@
6,mi-mai,4,mimE
11,mi-mexicain,9,mimEksik5
9,mi-mollet,6,mimolE
9,mi-salade,7,misalad
10,mi-salaire,7,misalER
9,mi-samoan,7,misamo@
8,mi-singe,5,mis5Z
8,mi-série,6,miseRi
12,mi-trimestre,10,mitRimEstR
10,mi-végétal,9,miveZetal
6,miasme,5,mjasm
8,miauleur,6,mjOl9R
13,micro-cravate,11,mikRokRavat
16,micro-ordinateur,14,mikRoORdinat9R
14,micro-trottoir,12,mikRotRotwaR
8,microbus,8,mikRobys
10,microcopie,9,mikRokOpi
12,microgravité,12,mikRogRavite
17,microscopiquement,14,mikRoskOpik°m@
10,microsonde,8,mikRos§d
12,microédition,11,mikRoedisj§
7,miellat,6,mjElat
8,mignoter,6,miNote
11,migraineuse,8,migREn2z
10,migraineux,7,migREn2
9,mijoteuse,7,miZot2z
8,militaro,8,militaRo
12,millénarisme,10,milenaRism
7,milouin,5,milw5
9,mimolette,7,mimOlEt
6,minage,5,minaZ
9,minaudant,6,minod@
8,minerval,8,minERval
12,miniaturiste,11,minjatyRist
12,minicassette,9,minikasEt
11,minimaliser,10,minimalize
7,minimax,8,minimaks
14,minéralisation,13,mineRalizasj§
8,mirepoix,6,miRpwa
9,miroitant,7,miRwat@
8,mironton,6,miR§t§
7,miroton,6,miRot§
12,misanthropie,9,miz@tRopi
8,miscible,6,misibl
13,misérabilisme,12,mizeRabilizm
13,misérabiliste,12,mizeRabilist
10,mièvrement,8,mjEvR°m@
9,mièvrerie,8,mjEvR°Ri
2,mm,8,milimEtR
2,mn,5,minyt
12,mobilisateur,11,mobilizat9R
8,modalité,8,modalite
10,moderniste,9,modERnist
13,modus vivendi,12,modusvivEndi
10,modérateur,9,modeRat9R
6,moghol,5,mOgOl
7,mohican,5,mOik@
6,molard,5,mOlaR
7,molasse,5,molas
9,moleskine,8,molEskin
6,mollet,4,molE
9,molybdène,8,molibdEn
11,monadologie,10,mOnadOlOZi
9,mondanité,8,m§danite
6,monder,4,m§de
9,monnayeur,7,mOnEj9R
14,monocellulaire,11,monoselylER
10,monoclonal,10,monoklonal
10,monocratie,9,monokRasi
10,monologuer,8,monologe
8,monomane,7,monoman
9,monomanie,8,monomani
10,monomoteur,9,monomot9R
12,monoparental,11,monopaR@tal
8,monoplan,7,monopl@
8,monopode,7,monopOd
13,monte-charges,7,m§tSaRZ
10,monte-plat,6,m§tpla
14,montre-gousset,8,m§tRgusE
11,monténégrin,9,m§tenegR5
13,monumentalité,12,mOnym@talite
11,monétariste,10,monetaRist
10,morainique,7,moREnik
12,moralisation,11,moRalizasj§
6,morave,5,mORav
8,morbaque,6,mORbak
11,morbidement,9,mORbid°m@
7,mordoré,7,mORdoRe
7,morelle,5,mOREl
6,morfal,6,mORfal
9,morgeline,8,mORZ2lin
6,morgon,5,mORg§
9,mornement,7,mORn2m@
4,moro,4,moRo
8,morphing,6,mORfiG
12,morphogenèse,10,mORfoZ2nEz
9,mortaiser,7,mORtEze
12,morte-saison,8,mORtsEz§
9,mortifère,8,mORtifER
6,morula,6,mORyla
3,mos,3,mos
10,mot-valise,7,movaliz
12,moteur-fusée,9,mOt9Rfyze
11,motoneurone,9,moton2ROn
12,motorisation,11,motoRizasj§
8,mouchage,5,muSaZ
10,moucheture,7,muS°tyR
8,moucheur,5,muS9R
12,moudjahidine,9,mudZaidin
7,mouille,3,muj
9,mouilleur,5,muj9R
9,moulinage,7,mulinaZ
12,mousqueterie,9,muskEt°Ri
8,mouvance,5,muv@s
15,moyen-orientaux,12,mwajEnoRj@to
5,moyeu,5,mwaj2
8,mucilage,7,mysilaZ
5,mucor,5,mykOR
8,mucosité,8,mykozite
6,muflée,5,myfle
6,mulard,5,mylaR
18,multiconfessionnel,15,myltik§fEsjOnEl
11,multicouche,8,myltikuS
17,multiculturalisme,16,myltikyltyRalizm
18,multidisciplinaire,15,myltidisiplinER
13,multifamilial,13,myltifamiljal
16,multifonctionnel,14,myltif§ksjonEl
10,multiplexe,10,myltiplEks
11,multiplexer,11,myltiplEkse
9,multiplié,10,myltiplije
11,multipoints,8,myltipw5
10,mulâtresse,8,mylatREs
4,muon,3,m8§
6,murage,5,myRaZ
10,muriatique,8,myRjatik
5,murin,4,myR5
9,muscovite,8,myskOvit
11,musicologue,9,myzikolOg
14,musicothérapie,12,myzikoteRapi
8,muskogee,7,myskoZi
10,muséologie,9,myzeoloZi
12,muséologique,10,myzeOlOZik
10,muséologue,8,myzeOlOg
7,mutique,5,mytik
8,mycénien,7,misenj5
11,myocardique,9,mjOkaRdik
9,myoclonie,8,mjoklOni
11,myopathique,8,mjOpatik
7,myosine,6,mjozin
5,myste,4,mist
7,myéline,6,mjelin
8,mâchefer,6,maSfER
5,mânes,3,man
12,mécanisation,11,mekanizasj§
6,mécher,4,meSe
10,méconduite,8,mek§d8it
15,médecin-conseil,10,mEds5k§sEj
15,médecin-général,12,mEds5ZeneRal
13,médecine-ball,9,mEdsinbol
14,médicalisation,13,medikalizasj§
20,médico-psychologique,16,medikopsikOlOZik
13,médico-social,12,medikososjal
7,médulla,6,medyla
7,méduser,6,medyze
6,médusé,6,medyze
9,mégacôlon,8,megakol§
9,mégalithe,7,megalit
14,mégalomaniaque,12,megalomanjak
11,mégalosaure,9,megalozoR
8,mégapole,7,megapOl
8,mégotage,7,megotaZ
10,mélangeant,6,mel@Z@
14,mélodieusement,11,melodj2z°m@
7,mélopée,6,melope
6,ménade,5,menad
10,méningiome,8,men5Zjom
12,méningocoque,9,men5gOkOk
9,ménopausé,8,menopoze
16,méphistophélique,12,mefistofelik
12,méprisamment,9,mepRizam@
7,mérinos,7,meRinos
12,méritocratie,11,meRitOkRasi
9,mésentère,7,mez@tER
13,mésomorphique,10,mezomORfik
11,métacarpien,10,metakaRpj5
13,métallisation,11,metalizasj§
13,métamorphique,10,metamORfik
9,métaphase,7,metafaz
16,métaphysiquement,12,metafizik°m@
15,métapsychologie,13,metapsikoloZi
8,métayage,7,metEjaZ
12,méthacrylate,10,metakRilat
8,méthanal,7,metanal
10,méthylique,7,metilik
7,métreur,6,metR9R
14,météoriquement,11,meteoRik°m@
12,météoritique,10,meteoRitik
9,mêle-tout,5,mEltu
9,mûrissant,6,myRis@
2,na,2,na
5,nadir,5,nadiR
8,naisseur,5,nEs9R
6,nanard,5,nanaR
6,nantir,5,n@tiR
12,nantissement,8,n@tis°m@
5,napel,5,napEl
6,napper,4,nape
13,narco-analyse,11,naRkoanaliz
11,narcotrafic,11,naRkotRafik
4,nard,3,naR
8,narghilé,7,naRgile
7,narthex,7,naRtEks
9,nasillard,7,nazijaR
9,natatoire,8,natatwaR
15,nationalisation,14,nasjonalizasj§
12,nationaliser,11,nasjonalize
6,natrum,6,natROm
6,natter,4,nate
12,navigabilité,12,navigabilite
14,navire-citerne,11,naviRsitERn
3,nay,2,nE
15,negro spiritual,14,negRospiRit8Ol
6,nestor,6,nEstOR
10,nettoyable,9,netwajabl
9,neurinome,7,n2Rinom
13,neurobiologie,11,n2RobjoloZi
13,neurochimique,9,n2RoSimik
13,neuroleptique,10,n2RolEptik
17,neurolinguistique,13,n2ROl5g8istik
15,neuropathologie,12,n2RopatoloZi
12,neuropeptide,10,n2RopEptid
12,neutralisant,9,n2tRaliz@
14,neutralisateur,12,n2tRalizat9R
11,neutronique,8,n2tROnik
5,nimbe,3,n5b
5,ninas,4,nina
7,niobium,7,njObjOm
5,nippe,3,nip
7,nirvâna,7,niRvana
8,niveleur,7,niv°l9R
4,nixe,4,niks
3,nié,3,nje
7,nobliau,7,nOblijo
5,nocer,4,nOse
9,nocturnal,9,nOktyRnal
5,nodal,5,nodal
9,nomadisme,8,nomadizm
12,nominalement,10,nOminal°m@
16,non-appartenance,12,nOnapaRt2n@s
14,non-combattant,8,n§k§bat@
15,non-comparution,11,n§k§paRysj§
15,non-concurrence,9,n§k§kyR@s
14,non-conformité,11,n§k§fORmite
15,non-culpabilité,13,n§kylpabilite
11,non-ferreux,6,n§fER2
10,non-initié,9,nOninisje
9,non-lieux,5,n§lj2
17,non-participation,14,n§paRtisipasj§
12,non-présence,8,n§pRez@s
18,non-représentation,14,n§R2pRez@tasj§
15,non-spécialiste,12,n§spesjalist
15,non-utilisation,13,nOnytilizasj§
11,nonagénaire,9,nonaZenER
5,nonce,3,n§s
9,nordicité,9,nORdisite
8,normatif,8,nORmatif
9,nota bene,8,notabene
8,notarial,8,notaRjal
6,nouage,4,nwaZ
4,noue,2,nu
11,nouvelliste,8,nuvelist
9,novotique,7,nOvOtik
9,noyautage,8,nwajotaZ
7,nuancer,5,n8@se
5,nucal,5,nykal
10,nucléoside,9,nykleozid
4,nuer,3,n8e
7,nuiteux,5,n8it2
10,nullissime,7,nylisim
9,numismate,8,nymismat
12,numismatique,10,nymismatik
9,numéraire,7,nymeRER
13,néandertalien,11,ne@dERtalj5
14,néanderthalien,11,ne@dERtalj5
10,nébuliseur,9,nebyliz9R
8,nécroser,7,nekRoze
13,négationnisme,11,negasjonism
11,négativisme,10,negativizm
11,négativiste,10,negativist
14,néo-communiste,11,neokomynist
12,néo-fascisme,9,neofaSizm
12,néo-gangster,10,neog@gstER
14,néo-romantique,10,neoRom@tik
12,néoclassique,9,neoklasik
15,néocolonialisme,14,neokolonjalizm
11,néofascisme,9,neofaSizm
11,néolithique,8,neolitik
10,néologisme,9,neoloZizm
9,néoplasie,8,neoplazi
9,néoplasme,8,neoplasm
11,néphrétique,8,nefRetik
1,o,1,o
11,obligataire,9,obligatER
9,obliquité,9,oblik8ite
8,obnubilé,8,Obnybile
13,obscurantiste,11,OpskyR@tist
11,obscurément,9,OpskyRem@
11,obscènement,8,OpsEn°m@
18,obsessionnellement,13,OpsEsjonEl°m@
10,obstructif,10,OpstRyktif
16,obstructionnisme,14,OpstRyksjOnism
11,obstétrical,11,OpstetRikal
15,obséquieusement,11,Opsekj2z°m@
12,obséquiosité,11,Opsekjozite
7,obusier,6,obyzje
10,occultiste,8,Okyltist
6,octavo,6,Oktavo
5,octet,4,OktE
6,octuor,6,Okt8OR
11,oculomoteur,10,OkylomOt9R
6,oculus,6,okylys
11,océanologie,10,OseanOlOZi
8,odelette,6,od°lEt
13,odontologiste,11,Od§tOlOZist
11,oecuménisme,9,2kymenizm
9,oenologie,7,2noloZi
9,oenothera,6,2notRa
10,oestrogène,8,2stRoZEn
6,offset,5,OfsEt
2,oh,1,o
10,oiseau-clé,7,wazokle
14,oiseau-vedette,9,wazov°dEt
7,olmèque,5,OlmEk
6,olympe,4,ol5p
8,olécrane,7,OlekRan
5,omani,5,omani
5,omble,3,§bl
10,omnisports,8,OmnispOR
11,oncologique,8,§koloZik
10,onctuosité,9,§kt8ozite
5,onder,3,§de
8,ondulant,5,§dyl@
5,ondée,3,§de
6,onglée,4,§gle
13,opacification,12,opasifikasj§
9,opacifier,8,opasifje
5,opale,4,opal
8,opercule,7,opERkyl
8,ophidien,6,Ofidj5
11,ophtalmique,8,Oftalmik
5,opiat,4,Opja
6,opimes,4,opim
11,opiniâtreté,11,opinjatR°te
13,oppositionnel,11,OpozisjOnEl
10,optométrie,9,OptometRi
7,opulent,5,opyl@
10,opératique,8,OpeRatik
7,oralité,7,oRalite
7,orbiter,6,ORbite
9,orchestré,8,ORkEstRe
4,ordo,4,ORdo
14,ordonnancement,10,ORdon@s°m@
7,orfraie,5,ORfRE
11,organiciser,10,ORganisize
10,organiseur,9,ORganiz9R
16,organométallique,13,ORganometalik
7,organon,6,ORgan§
12,orientaliste,10,oRj@talist
9,oriflamme,7,oRiflam
13,originalement,11,oRiZinal°m@
6,ormeau,4,ORmo
12,ornithoptère,10,ORnitOptER
10,orpailleur,7,ORpaj9R
13,orthodontique,9,ORtod§tik
10,orthoptère,8,ORtOptER
13,orthostatique,10,ORtostatik
12,oscillatoire,9,osijatwaR
12,oscillomètre,9,osijomEtR
9,ostrogoth,7,OstRogo
13,ostréiculture,12,OstReikyltyR
13,ostéoarthrite,11,OsteoaRtRit
12,ostéologique,10,OsteOlOZik
11,ostéopathie,9,Osteopati
10,ostéotomie,9,OsteotOmi
8,otoscope,7,OtOskOp
8,ottomane,6,otoman
7,ouaille,3,waj
9,ouaouaron,6,wawaR§
5,ouaté,4,wate
6,ouléma,5,ulema
5,ounce,4,awns
6,ourdir,5,uRdiR
6,ousque,3,usk
8,outiller,5,utije
7,outillé,5,utije
13,outrecuidance,10,utR°k8id@s
5,ouvré,4,uvRe
12,ovariectomie,11,OvaRjEktOmi
10,ovationner,8,ovasjone
4,ovin,3,ov5
7,ovipare,6,ovipaR
8,ovulaire,6,ovylER
7,oxalate,7,Oksalat
11,oxychlorure,10,OksiklORyR
7,oxydant,6,Oksid@
3,oïl,3,Ojl
4,p.m.,4,peEm
2,pa,2,pa
13,pachydermique,10,paSidERmik
9,packaging,7,pakaZiG
10,pagination,9,paZinasj§
7,paginer,6,paZine
5,pagus,5,pagys
7,paierie,4,peRi
8,pailleté,6,paj°te
9,pakistano,9,pakistano
7,palabre,6,palabR
9,palanquer,6,pal@ke
8,palefroi,8,pal°fRwa
7,paleron,6,pal°R§
9,palilalie,8,palilali
6,palmer,5,palme
7,palmure,6,palmyR
7,palombe,5,pal§b
9,palonnier,7,palonje
7,palpeur,6,palp9R
9,paltoquet,7,paltokE
5,palus,4,paly
11,palynologie,10,palinOlOZi
4,palé,4,pale
5,paléo,5,paleo
11,paléozoïque,9,paleozoik
9,panachage,7,panaSaZ
8,panacher,6,panaSe
6,panais,4,panE
6,panard,5,panaR
9,panatella,8,panatEla
13,pangermanisme,11,p@ZERmanizm
8,panneton,6,pan°t§
5,panné,4,pane
9,panouille,5,panuj
10,panspermie,8,p@spERmi
7,pantins,4,p@t5
11,pantographe,8,p@togRaf
10,pantoufler,7,p@tufle
11,papa-cadeau,8,papakado
7,papauté,6,papote
7,papaver,7,papavER
11,paperassier,9,pap°Rasje
11,papilionacé,11,papiljOnase
7,papille,5,papij
12,papillonnage,9,papijonaZ
10,papouiller,6,papuje
6,paqson,5,paks§
15,paquets-cadeaux,8,pakEkado
10,par-devers,8,paRd°vER
15,paraboliquement,12,paRabOlik°m@
11,paraboloïde,10,paRabOlOid
13,parachèvement,10,paRaSEv°m@
7,parafer,6,paRafe
6,parage,5,paRaZ
12,paralléliste,10,paRalelist
14,paramagnétique,11,paRamaNetik
10,paramnésie,9,paRamnezi
12,paramétrique,10,paRametRik
11,parasitisme,10,paRazitizm
10,parasitose,9,paRazitoz
10,parcomètre,9,paRkomEtR
10,parenchyme,7,paR@Sim
14,paresseusement,10,paREs2z°m@
6,pareur,5,paR9R
7,pariade,6,paRjad
8,parlante,6,paRl@t
6,parler,5,paRle
5,parme,4,paRm
8,parodier,7,paRodje
10,parodontal,9,paRod§tal
12,paroxysmique,11,paROksismik
12,paroxystique,11,paROksistik
9,parricide,7,paRisid
6,parsec,6,paRsEk
8,parsemer,7,paRs°me
7,parsemé,7,paRs°me
11,partageable,9,paRtaZabl
10,partageant,7,paRtaZ@
16,partenaire-robot,12,paRt°nERRobo
9,partouser,7,paRtuze
11,parturition,10,paRtyRisj§
5,paréo,5,paReo
7,parésie,6,paRezi
6,pas-je,4,paZ2
14,passe-muraille,8,pasmyRaj
13,passementerie,10,pas°m@t°Ri
9,passepoil,7,paspwal
9,pastiller,7,pastije
7,patagon,6,patag§
6,pataud,4,pato
10,patellaire,7,patElER
14,paternellement,11,patERnEl°m@
12,pathogénique,9,patOZenik
10,pathétisme,8,patetizm
11,patibulaire,9,patibylER
9,patinette,7,patinEt
7,patoche,5,patOS
8,patronal,8,patRonal
6,pauser,4,poze
6,pavois,5,pavwa
13,pax americana,13,paksameRikana
5,payse,4,peiz
10,peaufinage,7,pofinaZ
9,peaussier,5,posje
3,pec,3,pEk
8,peccable,6,pEkabl
10,pelotonner,8,p°lotone
8,pemmican,6,pemik@
10,pendeloque,7,p@d°lOk
7,pendeur,5,p@d9R
6,pennon,4,pEn§
11,pensivement,8,p@siv°m@
10,pentagonal,9,p5tagOnal
15,penthiobarbital,13,p5tjObaRbital
7,pepsine,6,pEpsin
9,percement,7,pERs°m@
9,perceptif,9,pERsEptif
12,perchlorique,9,pERklORik
11,percolation,10,pERkOlasj§
8,percoler,7,pERkOle
5,percé,5,pERse
9,perforage,8,pERfoRaZ
10,pergélisol,10,pERZelisOl
8,perlière,7,pERljER
9,permalloy,8,pERmalOj
15,permissionnaire,11,pERmisjonER
9,permutant,7,pERmyt@
12,perméabilité,12,pERmeabilite
10,peroxydase,10,pEROksidaz
7,perrier,5,pERje
9,persienne,7,pERsjEn
13,persona grata,12,pERsonagRata
8,personne,6,pERsOn
9,personnes,6,pERsOn
9,perséides,7,pERseid
8,pessaire,5,pEsER
5,pesse,3,pEs
12,petit-suisse,8,p°tis8is
5,peton,4,p°t§
8,peuplade,6,p2plad
7,pfennig,6,pfenig
9,phagocyte,7,fagosit
15,phallocentrique,10,falos@tRik
12,phallocratie,9,falokRasi
11,pharamineux,8,faRamin2
11,pharaonique,8,faRaonik
11,pharisaïsme,9,faRizaizm
8,pharmaco,7,faRmako
14,pharmacognosie,12,faRmakognozi
10,pharyngite,7,faR5Zit
7,pharynx,6,faR5ks
10,phascolome,8,faskOlOm
13,phlébographie,10,flebOgRafi
11,phlébologue,8,flebOlOg
11,phlébotomie,9,flebOtOmi
13,phospholipide,10,fOsfolipid
9,phosphoré,7,fOsfORe
8,photique,5,fOtik
12,photo-finish,9,fOtofiniS
11,photo-robot,8,fotoRobo
13,photochimique,9,fOtoSimik
15,photoconducteur,12,fOtok§dykt9R
11,photogramme,8,fotogRam
15,photographiable,12,fotogRafjabl
16,photojournaliste,13,fOtoZuRnalist
17,photomicrographie,14,fOtomikRogRafi
15,photopériodique,12,fotopeRjodik
9,phototype,7,fOtotip
14,photovoltaïque,11,fotovOltaik
7,phraser,5,fRaze
8,phraseur,6,fRaz9R
9,phrénique,6,fRenik
13,phrénologiste,11,fRenoloZist
13,physionomique,10,fizjonomik
13,phytoplancton,10,fitopl@kt§
7,phénate,5,fenat
13,phénothiazine,10,fenOtjazin
9,phénotype,7,fenotip
4,pica,4,pika
9,picaillon,6,pikaj§
7,picoter,6,pikote
7,picrate,6,pikRat
8,pictural,8,piktyRal
8,pie-mère,5,pimER
15,pied-d'alouette,9,pjedalwEt
4,pier,4,pjER
5,pifer,4,pife
6,pigner,4,piNe
7,pignole,5,piNOl
9,pile-poil,7,pilpwal
5,pilée,4,pile
7,pionner,5,pjOne
7,piqueux,4,pik2
7,piquier,5,pikje
9,piquouser,6,pikuze
12,pisciculteur,10,pisikylt9R
11,pisse-copie,7,piskopi
7,pistard,6,pistaR
7,pituite,6,pit8it
10,pityriasis,10,pitiRjazis
10,pivotement,8,pivOt°m@
8,piégeage,6,pjeZaZ
7,piémont,5,pjem§
3,più,3,pju
8,plafonné,7,plafone
11,plagioclase,10,plaZjoklaz
10,planchette,6,pl@SEt
8,planelle,6,planEl
11,planifiable,10,planifjabl
11,planisphère,9,planisfER
8,plantain,5,pl@t5
10,plantureux,7,pl@tyR2
12,plaquettaire,8,plak2tER
10,plasmagène,9,plasmaZEn
9,plasmique,7,plasmik
6,plaste,5,plast
10,plasticage,9,plastikaZ
11,plastifiant,9,plastifj@
14,plastification,13,plastifikasj§
9,plastisol,9,plastisOl
11,plat-ventre,7,plav@tR
4,play,3,plE
12,plein-emploi,9,pl5n@plwa
8,pleurard,6,pl2RaR
12,pleurnichage,9,pl9RniSaZ
11,pleurétique,8,pl9Retik
5,plexi,6,plEksi
6,plieur,6,plij9R
8,pliocène,8,plijosEn
5,plouk,4,pluk
11,ploutocrate,9,plutokRat
7,ployant,6,plwaj@
7,pluches,4,plyS
7,plupart,6,plypaR
11,pluriannuel,10,plyRian8El
18,pluridisciplinaire,15,plyRidisiplinER
10,plutonique,8,plytOnik
10,pluviosité,10,plyvjozite
11,plébisciter,9,plebisite
16,plénipotentiaire,13,plenipot@sjER
13,pneumoconiose,11,pn2mokOnjoz
11,pneumocoque,8,pn2mokOk
13,pneumocystose,11,pn2mosistoz
11,pneumologue,8,pn2mOlOg
14,pneumonectomie,12,pn2mOnEktOmi
6,pochon,4,poS§
9,podomètre,8,pOdOmEtR
7,pogrome,6,pogROm
8,pointeau,5,pw5to
8,pointeur,6,pw5t9R
12,pointillisme,9,pw5tijizm
10,polarisant,8,pOlaRiz@
8,polarisé,8,polaRize
9,polisseur,7,polis9R
11,polissonner,8,polisOne
12,politisation,11,politizasj§
10,polliniser,8,pOlinize
8,pollueur,6,poly9R
12,polychlorure,10,polikloRyR
9,polycopie,8,polikopi
10,polycopier,9,polikopje
11,polycéphale,9,polisefal
12,polydactylie,11,pOlidaktili
9,polygonal,9,poligonal
11,polygénique,9,pOliZenik
11,polymérique,9,polimeRik
13,polypropylène,12,polipRopilEn
11,polysyllabe,9,pOlisilab
14,polysyllabique,11,polisilabik
9,polythène,7,politEn
11,polythéiste,9,politeist
11,polyvalence,9,polival@s
10,polyvinyle,9,polivinil
6,pomelo,6,pOmelo
9,pommeraie,6,pOm°RE
12,pompeusement,8,p§p2z°m@
8,pompéien,6,p§pej5
6,pomélo,6,pomelo
10,poméranien,9,pomeRanj5
11,ponctionner,8,p§ksjone
8,pondérer,6,p§deRe
6,pontet,4,p§tE
10,pontificat,8,p§tifika
5,ponté,4,p§te
7,ponçage,5,p§saZ
7,poplité,7,pOplite
6,popote,5,popOt
8,populeux,6,popyl2
11,portabilité,11,pORtabilite
16,porte-conteneurs,12,pORt°k§t°n9R
12,porte-crayon,10,pORt°kREj§
14,porte-document,10,pORtdokym@
14,porte-drapeaux,9,pORtdRapo
11,porte-objet,8,pORtObZE
12,porte-papier,9,pORtpapje
11,porte-queue,7,pORt°k2
13,porte-tambour,8,pORt@buR
14,porte-étendard,10,pORtet@daR
9,portefaix,7,pORt°fE
8,porterie,7,pORt°Ri
11,pose-la-moi,8,pozlamwa
12,position-clé,10,pozisj§kle
11,positionnel,10,pozisjOnEl
12,positionneur,10,pozisjOn9R
7,positon,6,pozit§
8,positron,7,pozitR§
20,post-impressionnisme,15,pOst5pREsjOnism
12,post-rupture,10,pOstRyptyR
14,post-victorien,12,pOstviktoRj5
8,post-zoo,7,pOstzoo
7,postage,6,postaZ
9,postdater,8,pOstdate
12,postdoctoral,12,pOstdOktoRal
13,postillonneur,10,pOstijon9R
14,postmodernisme,13,pOstmodERnizm
14,postmoderniste,13,pOstmodERnist
9,postnatal,9,pOstnatal
11,pot-bouille,5,pobuj
16,potentialisation,14,pOt@sjalizasj§
13,potentialiser,11,pOt@sjalize
10,potimarron,8,pOtimaR§
7,pouacre,5,pwakR
10,pouce-pied,6,puspje
8,poudrage,6,pudRaZ
7,pouille,3,puj
8,pouillot,4,pujo
7,pouilly,4,puji
7,pourpré,6,puRpRe
15,pragmatiquement,12,pRagmatik°m@
11,pragmatiste,10,pRagmatist
6,praire,4,pRER
8,prenable,7,pR2nabl
10,pressement,7,pREs°m@
9,pressenti,7,pRes@ti
8,presseur,6,pREs9R
9,prie-dieu,6,pRidj2
12,primatologue,10,pRimatOlOg
8,primauté,7,pRimote
9,primerose,8,pRim°Roz
9,primevère,7,pRimvER
7,priseur,6,pRiz9R
9,privément,7,pRivem@
14,pro-occidental,12,pRoOksid@tal
15,proche-oriental,11,pROSORj@tal
15,procrastination,14,pRokRastinasj§
11,proctologie,10,pROktoloZi
10,procédural,10,pROsedyRal
11,profanateur,10,pRofanat9R
13,profitabilité,13,pRofitabilite
9,profitant,7,pRofit@
12,prognathisme,10,pROgnatism
12,progressisme,10,pRogREsizm
9,projectif,9,pROZEktif
12,prolongateur,10,pROl§gat9R
8,prolonge,6,pRol§Z
9,promazine,8,pRomazin
13,propagandiste,11,pRopag@dist
9,propergol,9,pRopERgOl
10,propionate,9,pROpjOnat
9,propulsif,9,pROpylsif
10,proscenium,9,pRosenjOm
12,proscription,11,pROskRipsj§
14,prostatectomie,13,pROstatEktOmi
12,prosthétique,9,pROstetik
6,protal,6,pROtal
11,prothétique,8,pROtetik
10,protidique,8,pROtidik
11,protococcus,10,pROtOkOkys
11,protoplaste,10,pROtOplast
10,protrusion,9,pROtRyzj§
14,protège-cahier,10,pRotEZkaje
8,protéase,7,pROteaz
11,protéiforme,10,pRoteifORm
11,protéinique,9,pRoteinik
9,provençal,8,pRov@sal
10,proverbial,10,pRovERbjal
12,provisionnel,11,pRovizjonEl
11,proéminence,9,pRoemin@s
10,prud'homme,6,pRydOm
8,pruderie,7,pRyd°Ri
14,préadolescence,11,pReadOlEs@s
11,précambrien,9,pRek@bRj5
19,précautionneusement,14,pRekosjon2z°m@
11,préchauffer,7,pReSOfe
7,précité,7,pResite
11,précocement,9,pRekOs°m@
13,préconisation,12,pRekonizasj§
7,précuit,6,pRek8i
8,prédicat,7,pRedika
11,prédictible,10,pRediktibl
9,prédictif,9,pRediktif
9,prédigéré,9,pRediZeRe
12,prédominance,10,pRedomin@s
10,prédominer,9,pRedomine
10,préencollé,8,pRe@kole
11,préexistant,10,pReEgzist@
10,préfigurer,9,pRefigyRe
6,préfix,7,pRefiks
11,préfixation,11,pRefiksasj§
14,préférablement,12,pRefeRabl2m@
10,préhensile,7,pRe@sil
13,préindustriel,13,pRe5dystRijEl
9,prélavage,8,pRelavaZ
8,prélaver,7,pRelave
11,prématurité,11,pRematyRite
10,prérentrée,8,pReR@tRe
12,préservateur,11,pRezERvat9R
7,préture,6,pRetyR
7,prévôté,7,pRevote
12,préélectoral,12,pReelEktoRal
11,prééminence,9,pReemin@s
5,prône,4,pRon
14,pseudobulbaire,11,ps2dobylbER
5,psitt,4,psit
17,psychodysleptique,14,psikodislEptik
10,psychogène,8,psikoZEn
18,psycholinguistique,14,psikol5g8istik
13,psychonévrose,11,psikonevRoz
18,psychopathologique,14,psikopatoloZik
17,psychophysiologie,14,psikofizjoloZi
19,psychophysiologique,15,psikofizjoloZik
12,psychosexuel,12,psikosEks8El
8,psyllium,7,psiljOm
6,ptosis,6,ptozis
9,publiable,9,pyblijabl
16,public-relations,14,p9blikRilEjS9n
9,publicain,7,pyblik5
7,publico,7,pybliko
8,publieur,7,pyblj9R
10,publiphone,8,pyblifOn
12,pudibonderie,10,pydib§d°Ri
9,pulsatile,8,pylsatil
11,punctiforme,9,p§ktifORm
4,pupe,3,pyp
9,pupitreur,8,pypitR9R
9,putassier,7,pytasje
11,putrescence,8,pytRes@s
10,putrescine,8,pytResin
12,puériculture,11,p8eRikyltyR
11,puérilement,9,p8eRil°m@
7,pyogène,6,pjOZEn
8,pyralène,7,piRalEn
6,pyrame,5,piRam
5,pyrex,6,piREks
7,pyrexie,7,piREksi
10,pyridoxine,10,piRidOksin
8,pyrolyse,7,piROliz
14,pyrotechnicien,12,piROtEknisj5
8,pyroxène,8,piROksEn
5,pâtis,4,pati
7,pâturer,6,patyRe
8,pédalier,7,pedalje
8,pédestre,7,pedEstR
9,pédicurie,8,pedikyRi
7,pédieux,5,pedj2
9,pédomètre,8,pedomEtR
14,péjorativement,12,peZoRativ°m@
12,pénalisation,11,penalizasj§
6,pénard,5,penaR
5,pénil,5,penil
10,pénultième,9,penyltjEm
4,péon,3,pe§
9,péricarpe,8,peRikaRp
10,péridurale,9,peRidyRal
7,périmer,6,peRime
11,périodicité,11,peRjodisite
12,périscolaire,10,peRiskOlER
13,péristaltique,11,peRistaltik
13,péristaltisme,12,peRistaltism
12,pérodictique,10,peRodiktik
5,pérou,4,peRu
10,pétaradant,8,petaRad@
10,pétaudière,8,petodjER
11,pétillement,8,petij°m@
11,pétitionner,9,petisjone
7,pétreux,5,petR2
13,pétrification,12,petRifikasj§
8,pétulant,6,petyl@
13,quadragénaire,11,kwadRaZenER
11,quadratique,9,kwadRatik
18,quadridimensionnel,16,kwadRidim@sjOnEl
8,quadrige,6,kadRiZ
12,quadrimestre,11,kwadRimEstR
10,qualitatif,9,kalitatif
6,quanto,4,k@to
13,quarantenaire,9,kaR@t°nER
6,quarte,4,kaRt
9,quarteron,7,kaRt°R§
6,quarté,5,kaRte
14,quasi-débutant,10,kazidebyt@
18,quasi-décapitation,15,kazidekapitasj§
15,quasi-facétieux,11,kazifasesj2
14,quasi-génocide,11,kaziZenosid
15,quasi-jungienne,10,kazijuGjEn
13,quasi-maximum,12,kazimaksimOm
12,quasi-noyade,10,kazinwajad
15,quasi-religieux,11,kaziR°liZj2
15,quasi-équitable,11,kaziekitabl
6,quater,6,kwatER
15,quatre-feuilles,7,katRf9j
20,quatre-vingt-dixième,13,katR°v5dizjEm
11,quatrillion,9,kwatRilj§
6,quette,3,kEt
7,quetzal,6,kEtzal
6,quinoa,5,kinOa
7,quinton,5,k85t§
12,rabaissement,8,RabEs°m@
10,rabattable,8,Rabatabl
10,rabbinique,7,Rabinik
5,rabot,4,Rabo
8,raboteur,7,Rabot9R
8,rabouler,6,Rabule
9,rabâcheur,7,RabaS9R
16,raccourcissement,11,RakuRsis°m@
11,raccrochage,8,RakRoSaZ
7,radiant,5,Radj@
11,radicaliser,10,Radikalize
8,radicule,7,Radikyl
12,radieusement,9,Radj2z°m@
12,radioamateur,11,Radjoamat9R
14,radioastronome,13,RadjoastRonOm
13,radiobalisage,12,RadjobalizaZ
14,radiodiffusion,12,Radjodifyzj§
15,radiogoniomètre,14,RadjogOnjomEtR
14,radiographique,11,RadjogRafik
10,radiomètre,9,RadjomEtR
11,radiométrie,10,RadjometRi
10,radiophare,8,RadjofaR
11,radioréveil,10,RadjoRevEj
13,radioscopique,11,RadjOskOpik
10,radiosonde,8,Radjos§d
17,radiotéléphonique,14,RadjotelefOnik
15,radioélectrique,13,RadjoelEktRik
12,radioélément,10,Radjoelem@
6,radôme,5,Radom
9,raffinage,7,RafinaZ
3,rag,3,Rag
5,ragot,4,Rago
5,raire,3,RER
7,raisiné,6,REzine
6,raller,4,Rale
6,rallié,5,Ralje
12,rallongement,8,Ral§Z°m@
9,rallumage,7,RalymaZ
5,ramas,4,Rama
6,rambot,4,R@bo
8,ramenard,6,RamnaR
6,ramier,5,Ramje
6,ramser,5,Ramse
6,ramure,5,RamyR
10,rançonnage,7,R@sonaZ
13,rapetissement,10,Rap°tis°m@
9,rapiéçage,8,RapjesaZ
10,rapportage,8,RapORtaZ
11,raréfaction,10,RaRefaksj§
7,rasibus,7,Razibys
10,rassasiant,7,Rasazj@
6,rassir,5,RasiR
9,rassortir,8,RasORtiR
12,rastaquouère,9,RastakwER
11,ratiocineur,10,Rasjosin9R
12,rationaliste,11,Rasjonalist
5,ratte,3,Rat
6,rature,5,RatyR
9,ravaudage,7,RavodaZ
9,rayonnage,7,REjonaZ
9,re-belote,7,R°b2lOt
8,rebander,6,R°b@de
5,rebec,5,R2bEk
9,rebobiner,8,R2bObine
8,reborder,7,R2bORde
9,reboucler,7,R°bukle
11,reboutonner,8,R°butone
8,recacher,6,R°kaSe
8,recalage,7,R2kalaZ
10,recarreler,8,R°kaR°le
12,recevabilité,12,R2s2vabilite
10,rechausser,6,R°Sose
12,recherchiste,9,R2SERSist
8,reclouer,6,R2klue
8,recodage,7,R°kodaZ
11,recombinant,8,R2k§bin@
13,reconductible,11,R°k§dyktibl
12,reconduction,10,R°k§dyksj§
10,recongeler,8,R°k§Z°le
13,reconstituant,10,R°k§stit8@
14,reconstructeur,12,R2k§stRykt9R
11,reconsulter,9,R2k§sylte
6,recors,5,R°kOR
8,recouler,6,R°kule
9,recourber,7,R°kuRbe
10,recouvrant,7,R°kuvR@
13,recroquevillé,10,R°kROkvije
10,recréation,9,R°kReasj§
9,rectangle,7,REkt@gl
13,rectilinéaire,11,REktilineER
8,reculant,6,R°kyl@
9,recycleur,8,R°sikl9R
10,redescente,7,R°des@t
8,redevoir,8,R2d2vwaR
14,redimensionner,11,R2dim@sjOne
8,redormir,8,R°dORmiR
14,redoutablement,11,R°dutabl°m@
6,redoux,4,R°du
10,redresseur,8,R°dREs9R
10,redéconner,8,R°dekone
11,redécoupage,9,R°dekupaZ
12,redéfinition,11,R2definisj§
9,redémolir,9,R2demOliR
9,redéposer,8,R2depoze
11,refabriquer,9,R2fabRike
14,refamiliariser,13,R2familjaRize
10,refaçonner,8,R2fasOne
6,reflex,7,ReflEks
8,refoncer,6,R2f§se
10,reformater,9,R°fORmate
13,reformulation,12,R2fORmylasj§
10,refouiller,6,R2fuje
9,refouloir,8,R2fulwaR
10,refranchir,8,R2fR@SiR
9,refrapper,7,R2fRape
8,refréner,7,R°fRene
9,regardeur,8,R°gaRd9R
10,regonflage,8,R2g§flaZ
9,regrossir,8,R2gRosiR
12,rehaussement,7,R2os°m@
10,rehausseur,6,R2os9R
10,reichsmark,9,RajSsmaRk
8,reinette,5,REnEt
9,relanceur,7,R2l@s9R
7,reliage,6,R2ljaZ
11,religiosité,11,R°liZjozite
7,relégué,6,R°lege
9,remaigrir,8,R2megRiR
10,remballage,7,R@balaZ
9,remblayer,7,R@bleje
11,remembrance,8,R°m@bR@s
12,remembrement,9,R°m@bR°m@
9,remettant,6,R°mEt@
10,rempailler,6,R@paje
8,rempoter,6,R@pote
7,remuage,6,R°myaZ
8,remâcher,6,R°maSe
14,remède-miracle,11,R°mEdmiRakl
10,remédiable,9,R2medjabl
9,renardeau,7,R°naRdo
8,reneiger,6,R°nEZe
10,renettoyer,9,R2nEtwaje
10,renflouage,7,R@fluaZ
12,renflouement,7,R@flum@
13,renfrognement,9,R@fRON°m@
10,renfrogner,7,R@fRoNe
11,rengagement,8,R@gaZ°m@
11,reniflement,9,R°nifl°m@
9,renoncule,7,R°n§kyl
7,renoter,6,R2nOte
8,rentamer,6,R@tame
8,renâcler,7,R°nakle
7,repaver,6,R2pave
12,repeuplement,9,R°p9pl°m@
10,repliement,7,R°plim@
9,replâtrer,8,R°platRe
11,repose-pied,8,R°pozpje
10,reproposer,9,R2pROpoze
4,reps,4,REps
13,republication,12,R2pyblikasj§
11,requalifier,9,R2kalifje
14,requin-baleine,9,R2k5balEn
7,resalir,7,R2saliR
15,resocialisation,14,R2sosializasj§
18,responsabilisation,16,REsp§sabilizasj§
7,ressaut,4,R°so
8,ressemer,6,R2s°me
13,ressourcement,9,R°suRs°m@
8,retapeur,7,R2tap9R
8,retendre,6,R°t@dR
9,retirable,8,R2tiRabl
7,retombe,5,R°t§b
10,retoucheur,7,R°tuS9R
12,retraduction,11,R2tRadyksj§
8,retraire,6,R°tRER
12,retransférer,10,R2tR@sfeRe
9,retreinte,6,R°tR5t
6,retuer,5,R2t8e
6,reubeu,4,R9b2
12,revalidation,11,R°validasj§
10,revendable,8,R°v@dabl
8,revernir,8,R2vERniR
7,revirer,6,R2viRe
10,revivifier,9,R2vivifje
7,revomir,7,R°vomiR
7,rexiste,7,REksist
13,rez-de-jardin,9,Red°ZaRd5
10,rhabillage,7,RabijaZ
7,rhizome,5,Rizom
9,rhodamine,7,ROdamin
10,rhumatoïde,8,RymatOid
11,rhétoricien,9,RetoRisj5
3,rhô,2,Ro
4,rial,4,Rjal
8,riboteur,7,RibOt9R
8,ricanant,6,Rikan@
14,ridiculisation,13,Ridikylizasj§
6,ridule,5,Ridyl
6,rifain,4,Rif5
7,riflard,6,RiflaR
8,rigaudon,6,Rigod§
10,rigidifier,9,RiZidifje
8,rigolard,7,RigolaR
10,rimailleur,7,Rimaj9R
6,rimaye,5,Rimaj
5,rioja,5,Rjoxa
10,risibilité,10,Rizibilite
8,risorius,8,RizoRjys
8,rissoler,6,Risole
11,ritournelle,8,RituRnEl
10,ritualiste,9,Rit8alist
8,rivetage,7,Riv°taZ
9,riveteuse,7,Riv°t2z
6,rivoir,6,RivwaR
6,rochet,4,RoSE
6,rococo,6,Rokoko
7,roi-roi,6,RwaRwa
6,roidir,6,RwadiR
5,rolle,3,ROl
3,rom,3,ROm
10,romanichel,9,RomaniSEl
12,romanticisme,10,ROm@tisism
11,rosicrucien,10,RozikRysj5
13,rosicrucienne,11,RozikRysjEn
6,rossée,4,Rose
7,roséole,6,RozeOl
11,rotationnel,10,ROtasjOnEl
9,rotatoire,8,RotatwaR
4,rote,3,ROt
6,roteur,5,ROt9R
9,rotondité,8,Rot§dite
8,rotoplos,7,ROtOplo
9,rotoplots,7,Rotoplo
7,rouerie,4,RuRi
11,rouspétance,8,Ruspet@s
12,rousseauiste,7,Rusoist
9,roussette,5,RusEt
6,roussi,4,Rusi
7,rouston,5,Rust§
7,routard,5,RutaR
7,royalty,8,Rwajalti
5,rubia,5,Rybja
8,rudiment,6,Rydim@
6,rufian,5,Ryfj@
9,ruisselet,7,R8is°lE
13,ruissellement,9,R8isEl°m@
8,ruminant,6,Rymin@
10,russophone,7,RysofOn
5,râble,4,Rabl
5,râblé,5,Rable
7,râteler,6,Rat°le
11,réacheminer,9,ReaS2mine
8,réactant,6,Reakt@
11,réactionnel,10,ReaksjonEl
15,réactualisation,14,Reakt8alizasj§
13,réaffirmation,11,ReafiRmasj§
11,réalimenter,9,Realim@te
10,réamorçage,9,ReamORsaZ
9,réappeler,7,Reap°le
10,réargenter,8,ReaRZ@te
10,réattaquer,7,Reatake
11,réchauffage,7,ReSofaZ
10,récidivant,8,Residiv@
13,récipiendaire,10,Resipj@dER
9,récitatif,9,Resitatif
10,récoltable,9,RekOltabl
7,récréer,6,RekRee
12,récupérateur,11,RekypeRat9R
12,rédactionnel,11,RedaksjOnEl
14,réductionniste,12,Redyksjonist
10,réemballer,7,Re@bale
10,réenterrer,7,Re@teRe
11,réentraîner,8,Re@tREne
9,réenvahir,7,Re@vaiR
10,réformisme,9,RefORmism
15,réfractionniste,13,RefRaksjOnist
9,réfutable,8,Refytabl
13,référencement,10,RefeR@s°m@
6,régale,5,Regal
8,régalien,7,Regalj5
8,réglette,6,ReglEt
7,régnant,4,ReN@
14,régularisation,13,RegylaRizasj§
12,réincarcérer,10,Re5kaRseRe
10,réinfecter,8,Re5fEkte
11,réinvention,8,Re5v@sj§
16,réinvestissement,12,Re5vEstis°m@
9,réinviter,7,Re5vite
9,rémanence,7,Reman@s
6,rénine,5,Renin
10,rénovateur,9,Renovat9R
9,réoccuper,7,Reokype
7,réparti,7,RepaRti
10,répresseur,8,RepRes9R
8,répugner,6,RepyNe
10,résiliable,9,Reziljabl
10,résistible,9,Rezistibl
10,résorbable,9,RezORbabl
9,résultant,7,Rezylt@
10,résultante,8,Rezylt@t
8,réséquer,6,Reseke
8,réticulé,8,Retikyle
7,rétinal,7,Retinal
9,rétorquer,7,RetORke
10,rétractile,9,RetRaktil
13,rétrogression,11,RetRogREsj§
11,réunionnite,9,Reynjonit
13,réversibilité,13,RevERsibilite
8,réviseur,7,Reviz9R
19,révolutionnairement,15,RevOlysjOnER°m@
11,révérenciel,10,ReveR@sjEl
9,réédifier,8,Reedifje
8,rééditer,7,Reedite
6,réélus,5,Reely
13,rééquilibrage,11,ReekilibRaZ
9,rééquiper,7,Reekipe
10,rêvasserie,8,REvas°Ri
10,rôle-titre,7,RoltitR
6,rônier,5,Ronje
8,sablière,8,sablijER
6,sabéen,5,sabe5
13,saccharomyces,11,sakaRomisEs
11,sadiquement,8,sadik°m@
12,safari-photo,10,safaRifoto
6,sagaie,4,sagE
8,saharien,6,saaRj5
7,saillir,5,sajiR
14,saint-glinglin,8,s5gl5gl5
4,sais,2,sE
5,salin,4,sal5
9,salisseur,7,salis9R
10,salivation,9,salivasj§
9,salmonidé,9,salmOnide
10,salpingite,8,salp5Zit
7,salubre,6,salybR
7,salueur,6,sal89R
13,salvadorienne,11,salvadoRjEn
10,samaritain,8,samaRit5
11,samaritaine,9,samaRitEn
14,sanctification,12,s@ktifikasj§
6,sandre,4,s@dR
10,sanglotant,7,s@glot@
8,sanguine,5,s@gin
10,sans-coeur,5,s@k9R
8,sanskrit,6,s@skRi
7,santiag,6,s@tjag
7,sapajou,6,sapaZu
7,sarcine,6,saRsin
9,sarclette,7,saRklEt
7,saroual,6,saRwal
10,sarracénie,8,saRaseni
9,sarriette,6,saRjEt
8,satrapie,7,satRapi
9,satyrique,7,satiRik
12,saucissonner,8,sosisone
9,saumurage,7,somyRaZ
8,saumurer,6,somyRe
8,sautelle,5,sotEl
9,sauvageon,6,sovaZ§
5,sauve,3,sov
3,saï,3,sai
8,scalpeur,7,skalp9R
10,scatologie,9,skatoloZi
12,scatologique,10,skatoloZik
8,scellage,5,sElaZ
10,scellement,6,sEl°m@
6,scheik,3,SEk
12,schizophasie,9,skizofazi
7,schnouf,4,Snuf
8,schnouff,4,Snuf
15,schématiquement,10,Sematik°m@
6,sciant,3,sj@
13,scientificité,11,sj@tifisite
6,scirpe,4,siRp
12,scissiparité,10,sisipaRite
8,scléreux,6,skleR2
12,scolairement,9,skolER°m@
13,scolarisation,12,skolaRizasj§
10,scolariser,9,skolaRize
11,scolastique,9,skolastik
7,scolyte,6,skolit
6,scopie,5,skopi
14,scotch-terrier,10,skOtStERje
12,scribouiller,8,skRibuje
11,scrofulaire,9,skROfylER
7,scrotal,7,skROtal
12,scrupulosité,12,skRypylozite
9,scène-clé,6,sEnkle
11,scénarimage,9,senaRimaZ
13,scénaristique,10,senaRistik
14,scénographique,10,senogRafik
8,secréter,7,s°kRete
13,sectionnement,10,seksjOn°m@
13,sectorisation,12,sEktORizasj§
11,seigneurial,8,sEN9Rjal
5,seing,2,s5
13,self-made-men,11,sElfmEjdmEn
13,semblablement,10,s@blabl°m@
10,semestriel,11,s°mEstRijEl
16,semestriellement,14,s2mEstRijEl°m@
15,semi-circulaire,12,s°misiRkylER
13,semi-officiel,11,s°miofisjEl
11,semi-ouvert,8,s2miuvER
14,semi-perméable,12,s2mipERmeabl
14,semi-précieuse,11,s°mipResj2z
11,semi-public,10,s2mipyblik
11,semi-rigide,9,s°miRiZid
17,sempiternellement,13,s@pitERnEl°m@
15,sentimentaliser,12,s@tim@talize
13,septentrional,13,sEpt@tRijonal
7,septuor,7,sEpt8OR
8,septuple,7,sEptypl
6,sequin,4,s°k5
6,sergot,5,sERgo
5,serpe,4,sERp
10,serpenteau,7,sERp@to
7,serrage,5,sERaZ
11,serre-joint,6,sERZw5
4,sert,3,sER
6,sertir,6,sERtiR
6,serval,6,sERval
12,serviabilité,12,sERvjabilite
9,servilité,9,sERvilite
11,servomoteur,10,sERvomOt9R
14,servomécanisme,13,sERvomekanizm
5,sexto,6,sEksto
8,sextuple,8,sekstypl
10,sexualiser,10,sEks8alize
5,shako,4,Sako
8,shamisen,7,Samiz°n
10,shanghaien,6,S@gaj5
6,shilom,5,SilOm
7,shingle,4,S5gl
6,shintô,5,Sinto
8,shogunal,7,Sogynal
9,shrapnell,7,SRapnEl
4,siam,4,sjam
8,sidérite,7,sideRit
6,sienne,4,sjEn
12,sifflotement,9,siflOt°m@
8,sigmoïde,7,sigmoid
10,signaliser,8,siNalize
9,siliconer,8,silikone
8,silionne,6,siljOn
6,sillet,4,sijE
10,similicuir,10,similik8iR
7,similor,7,similOR
6,simoun,5,simun
14,singe-araignée,8,s5ZaRENe
8,singerie,6,s5Z°Ri
6,singes,3,s5Z
12,sinistrement,10,sinistR°m@
14,sino-américain,11,sinoameRik5
10,sino-arabe,8,sinoaRab
12,sismologique,10,sismoloZik
10,sismomètre,9,sismomEtR
13,sismothérapie,11,sismoteRapi
9,sitariste,8,sitaRist
12,situationnel,11,sit8asjOnEl
14,situationnisme,12,sit8asjonizm
11,sixièmement,9,sizjEm°m@
6,sixtus,7,sikstys
7,skiable,6,skjabl
7,skydome,7,skajdom
8,slovaque,6,slovak
5,slush,4,sl9S
6,smocks,4,smok
12,sociabiliser,11,sOsjabilize
7,socialo,7,sOsjalo
13,sociobiologie,12,sosjobjoloZi
14,sociopolitique,12,sOsjopOlitik
10,sociétaire,8,sosjetER
17,soixante-dix-neuf,12,swas@tdizn9f
16,soixante-huitard,11,swas@t8itaR
15,soixante-treize,10,swas@ttREz
9,solanacée,8,solanase
7,soldeur,6,sOld9R
10,solenniser,8,sOlanize
14,solidification,13,solidifikasj§
9,soliloque,7,solilOk
10,solipsisme,9,solipsizm
13,solitairement,10,solitER°m@
10,solubilité,10,solybilite
10,sonagramme,8,sOnagRam
5,sondé,4,s§de
11,songe-creux,6,s§ZkR2
16,sonoluminescence,13,sonolyminEs@s
10,sonothèque,7,sOnOtEk
6,sorite,5,sORit
7,sororal,7,soRoRal
7,souchet,4,suSE
7,soudard,5,sudaR
11,soufflement,7,sufl°m@
6,soufré,5,sufRe
10,soulageant,6,sulaZ@
13,soumissionner,9,sumisjone
7,souquer,4,suke
11,sourcilleux,7,suRsij2
11,sous-classe,6,suklas
14,sous-dominante,9,sudomin@t
10,sous-garde,6,sugaRd
11,sous-groupe,6,sugRup
13,sous-humanité,10,suzymanite
11,sous-marque,6,sumaRk
10,sous-ordre,7,suzORdR
11,sous-titrer,7,sutitRe
12,souscripteur,10,suskRipt9R
8,souscrit,6,suskRi
9,soutenant,6,sut°n@
8,sovkhoze,6,sOvkoz
7,soûlant,4,sul@
7,soûlaud,4,sulo
8,spamming,6,spamiG
9,spartéine,8,spaRtein
15,spasmodiquement,12,spasmodik°m@
12,spasmophilie,10,spasmofili
9,spastique,7,spastik
12,spatialement,10,spasjal°m@
8,spatuler,7,spatyle
18,spectrohéliographe,15,spEktRoeljOgRaf
15,spectrométrique,13,spEktRometRik
17,spectrophotomètre,15,spEktRofOtomEtR
13,spectroscopie,12,spEktRoskopi
11,spermatique,9,spERmatik
8,spermato,8,spERmato
12,spermogramme,10,spERmogRam
8,sphaigne,4,sfEN
9,sphénoïde,7,sfenoid
13,sphériquement,9,sfeRik°m@
3,spi,3,spi
7,spiralé,7,spiRale
13,spiritualiste,12,spiRit8alist
10,spiritueux,8,spiRit82
9,spiruline,8,spiRylin
5,spitz,5,spits
8,splitter,6,splite
7,spoiler,7,spOjlER
6,spolié,6,spolje
15,spondylarthrose,12,sp§dilaRtRoz
10,spondylite,8,sp§dilit
5,spore,4,spOR
9,sprinteur,8,spRint9R
9,squatteur,7,skwat9R
8,squeezer,7,skwiz9R
6,squire,6,skwajR
11,sri lankais,7,sRil@kE
11,stagflation,10,stagflasj§
14,staphylococcie,12,stafilokOksi
16,staphylococcique,13,stafilokOksik
11,star-system,10,staRsistEm
4,stat,4,stat
6,stater,5,state
9,statufier,8,statyfje
16,staturo-pondéral,14,statyRop§deRal
7,stencil,7,stEnsil
24,sterno-cléido-mastoïdien,21,stERnokleidomastOidj5
11,stigmatiser,10,stigmatize
11,stipulation,10,stipylasj§
12,stochastique,9,stOkastik
7,storage,6,stORaZ
8,stoïcien,7,stoisj5
9,stramoine,8,stRamwan
14,stratification,13,stRatifikasj§
7,stratus,7,stRatys
11,stratégiste,10,stRateZist
10,strelitzia,10,stRElitsja
13,streptococcie,12,stREptokOksi
15,streptococcique,13,stREptOkOksik
13,streptokinase,12,stREptOkinaz
13,stricto sensu,11,stRiktos5sy
9,stridence,7,stRid@s
8,stripper,7,stRip9R
14,structuraliste,13,stRyktyRalist
9,strychnos,8,stRiknos
8,studiolo,8,stydjOlo
7,stygien,6,stiZj5
11,stylisation,10,stilizasj§
11,stylographe,9,stilogRaf
8,styloïde,7,stilOid
5,stère,4,stER
8,stéarate,7,steaRat
9,stéarique,7,steaRik
9,sténotype,8,stenotip
11,stérilisant,9,steRiliz@
12,stéréophonie,10,steReofoni
11,stéréoscope,10,steReoskOp
11,stéréotyper,10,steReOtipe
9,suavement,7,s8av°m@
12,sub-claquant,8,sybklak@
9,sub-vocal,8,sybvokal
15,sub-véhiculaire,11,sybveikylER
8,sub-zéro,7,sybzeRo
5,suber,5,sybER
14,subjectivement,12,sybZEktiv°m@
11,subjugation,10,sybZygasj§
9,sublimité,9,syblimite
13,subordination,12,sybORdinasj§
9,suborneur,8,sybORn9R
11,subrécargue,9,sybRekaRg
10,subsistant,8,sybzist@
9,suburbain,7,sybyRb5
10,succulence,7,sykyl@s
10,sud-coréen,8,sydkoRe5
13,suggestionner,11,sygZEstjone
12,suggestivité,12,sygZEstivite
4,suiv,4,s8iv
8,sulfater,7,sylfate
12,sulfhydrique,9,sylfidRik
10,sulfonique,8,sylfOnik
12,super-pilote,10,sypERpilOt
12,superfamille,10,sypERfamij
13,superpuissant,10,sypERp8is@
9,suppurant,6,sypyR@
11,suppuration,9,sypyRasj§
8,supputer,6,sypyte
17,supraconductivité,16,sypRak§dyktivite
12,supranaturel,12,sypRanatyREl
14,supraterrestre,12,sypRatEREstR
10,suractiver,9,syRaktive
7,suraigu,6,syRegy
11,surarmement,9,syRaRm2m@
12,surbrillance,9,syRbRij@s
8,surchoix,6,syRSwa
15,surcompensation,12,syRk§p@sasj§
9,surdosage,8,syRdozaZ
13,surdévelopper,11,syRdev°lOpe
9,suremploi,8,syR@plwa
13,surestimation,12,syREstimasj§
8,surfacer,7,syRfase
8,surgeler,7,syRZ°le
5,surgé,5,syRZe
6,surimi,6,syRimi
17,surinvestissement,13,syR5vEstis°m@
17,surmédicalisation,16,syRmedikalizasj§
8,surnager,7,syRnaZe
12,surnuméraire,10,syRnymeRER
11,suroxygéner,11,syROksiZene
10,surpeupler,8,syRp9ple
10,surplomber,8,syRpl§be
11,surpresseur,9,syRpRes9R
12,surpuissance,9,syRp8is@s
8,surrénal,8,syRRenal
11,surrénalien,10,syRRenalj5
14,surréservation,12,syRezERvasj§
10,sursitaire,8,syRsitER
8,surtaxer,8,syRtakse
12,survivaliste,11,syRvivalist
13,surévaluation,12,syReval8asj§
13,sus-orbitaire,10,sysORbitER
7,suspens,5,sysp@
10,suspenseur,8,sysp@s9R
12,sustentation,10,syst@tasj§
8,susurrer,6,sysyRe
11,suzeraineté,9,syzREn°te
6,suçage,5,sysaZ
7,suçoter,6,sysote
8,syllabus,7,silabys
13,syllogistique,10,siloZistik
12,sylviculture,11,silvikyltyR
9,symbionte,6,s5bj§t
10,symboliste,8,s5bolist
14,sympathectomie,11,s5patEktomi
17,sympathomimétique,13,s5patomimetik
11,synchrotron,8,s5kRotR§
8,syncopal,7,s5kopal
8,syncoper,6,s5kOpe
9,syncytial,8,s5sitjal
11,synesthésie,9,sinEstezi
8,synopsie,7,sinOpsi
10,synoptique,8,sinOptik
10,syntaxique,8,s5taksik
15,synthétiquement,10,s5tetik°m@
13,syringomyélie,11,siR5gOmjeli
7,systole,6,sistOl
7,syénite,6,sjenit
6,sèvres,4,sEvR
7,sébaste,6,sebast
12,séborrhéique,8,sebOReik
14,sécessionniste,11,sesesjOnist
7,séchard,5,seSaR
8,sécherie,6,seS°Ri
9,sécréteur,8,sekRet9R
9,sécrétine,8,sekRetin
11,séculariser,10,sekylaRize
12,sécurisation,11,sekyRizasj§
8,séfarade,7,sefaRad
5,séide,4,seid
14,sélectionneuse,11,selEksjOn2z
11,sélectivité,11,selEktivite
8,séminome,7,seminom
10,sémiologie,9,semjoloZi
6,sémite,5,semit
10,sénescence,7,senes@s
8,sénéchal,7,seneSal
6,sépale,5,sepal
9,sépharade,7,sefaRad
9,sépulcral,9,sepylkRal
16,séquentiellement,11,sek@sjEl°m@
6,sériel,6,seRjEl
7,sérique,5,seRik
8,tabassée,6,tabase
5,tabla,5,tabla
7,tabloïd,7,tablOid
10,tabulateur,9,tabylat9R
10,tacitement,8,tasit°m@
5,tafia,5,tafja
11,tagliatelle,9,tagliatEl
17,tailleur-pantalon,11,taj9Rp@tal§
6,talbin,5,talb5
6,taller,4,tale
8,talocher,6,taloSe
10,tamarinier,9,tamaRinje
7,tamaris,7,tamaRis
8,tamisage,7,tamizaZ
6,tamise,5,tamiz
8,tanaisie,6,tanEzi
6,tancer,4,t@se
9,tandis qu,5,t@dik
11,tangibilité,10,t@Zibilite
7,tannage,5,tanaZ
6,tannin,4,tan5
4,taon,2,t@
8,tapement,6,tap°m@
12,tapis-brosse,8,tapibROs
11,tarabiscoté,11,taRabiskote
10,tardigrade,9,taRdigRad
12,tarification,11,taRifikasj§
10,tarpéienne,8,taRpejEn
7,tarsier,6,taRsje
12,tarte-minute,9,taRtminyt
7,tartufe,6,taRtyf
9,tasmanien,8,tasmanj5
7,tasseau,4,taso
9,taste-vin,8,tajst°v5
6,tatane,5,tatan
5,taupé,4,tope
10,tautologie,8,totoloZi
9,taximètre,9,taksimEtR
11,taxinomiste,11,taksinOmist
9,taxiphone,8,taksifOn
9,taxonomie,9,taksonomi
11,taxonomique,10,taksOnOmik
11,tchin tchin,8,tSintSin
3,tec,3,tEk
10,technétium,9,tEknesjOm
7,teinter,4,t5te
8,tendreté,7,t@dR°te
12,tentaculaire,9,t@takylER
6,tenure,5,t2nyR
10,tepidarium,10,tepidaRjOm
6,tercio,6,tERsjo
12,terrassement,8,tERas°m@
13,terre-neuvien,8,tERn9vj5
10,test-match,8,tEstmatS
5,teste,4,tEst
10,thalamique,7,talamik
16,thalassothérapie,12,talasoteRapi
11,thalassémie,8,talasemi
12,thanatologie,10,tanatoloZi
13,thanatopraxie,12,tanatopRaksi
15,thermodynamique,12,tERmodinamik
18,thermoluminescence,14,tERmolyminEs@s
16,thermorégulateur,14,tERmoRegylat9R
9,thesaurus,7,tesORys
6,thoron,4,tOR§
11,thrombolyse,8,tR§bOliz
14,thrombolytique,10,tR§bOlitik
4,thug,3,tyg
14,thyréotoxicose,13,tiReotOksikoz
6,théier,4,teje
6,théine,4,tein
10,théodolite,8,teOdOlit
7,thésard,5,tezaR
9,thésaurus,7,tesORys
6,tiercé,6,tjERse
5,tigré,5,tigRe
6,tiller,4,tije
12,time-sharing,9,tajmSERiG
10,tire-botte,6,tiRbOt
10,tire-fesse,6,tiRfEs
8,tisonner,6,tizone
9,titanique,7,titanik
8,titubant,6,tityb@
6,tiédir,6,tjediR
6,toffee,4,tOfi
9,toiletter,7,twalEte
5,tolet,4,tolE
9,toluidine,8,tOl8idin
9,tombereau,6,t§b°Ro
8,tonifier,7,tonifje
4,tope,3,tOp
11,topologique,9,topoloZik
8,toquante,5,tok@t
6,torana,6,tORana
9,torturant,7,tORtyR@
10,totalisant,8,totaliz@
12,totalisateur,11,totalizat9R
9,totémisme,8,totemism
13,touche-touche,6,tuStuS
9,touchette,5,tuSEt
7,touille,3,tuj
10,tourlourou,7,tuRluRu
9,tournette,6,tuRnEt
11,tournicoter,9,tuRnikote
12,toussotement,8,tusOt°m@
9,toussoter,6,tusote
8,tout-fou,4,tufu
11,tout-étoile,8,tutetwal
11,tracasserie,9,tRakas°Ri
8,tractage,7,tRaktaZ
10,tractation,9,tRaktasj§
9,tranchage,6,tR@SaZ
9,tranchoir,7,tR@SwaR
12,transaminase,10,tR@zaminaz
11,transborder,9,tR@sbORde
13,transcripteur,11,tR@skRipt9R
13,transdermique,10,tR@sdERmik
13,transformable,11,tR@sfORmabl
12,transformant,9,tR@sfORm@
13,transformiste,11,tR@sfORmist
11,transfuseur,9,tR@sfyz9R
9,transfusé,8,tR@sfyze
12,transhumance,8,tR@zym@s
17,transillumination,14,tR@zilyminasj§
9,transitif,8,tR@zitif
15,transitoirement,12,tR@zitwaR°m@
10,translater,8,tR@slate
13,translocation,11,tR@slOkasj§
10,transmuter,8,tR@smyte
13,transnational,12,tR@snasjOnal
14,transocéanique,11,tR@zOseanik
15,transsexualisme,13,tR@seksyalizm
14,transsexualité,14,tR@ssEks8alite
16,transversalement,13,tR@svERsal°m@
15,traumatologique,12,tRomatOlOZik
11,traversable,10,tRavERsabl
7,travois,6,tRavwa
4,trax,5,tRaks
8,traînage,6,tREnaZ
13,traîne-misère,9,tREnmizER
13,traîne-savate,9,tREnsavat
15,traîne-semelles,9,tREns°mEl
14,traîtreusement,10,tREtR2z°m@
8,trekkeur,6,tREk9R
9,trembleur,7,tR@bl9R
15,trente-neuvième,10,tR@tn9vjEm
10,tressauter,7,tResote
5,trias,6,tRijas
11,tribulation,10,tRibylasj§
16,trichloracétique,13,tRiklORasetik
11,trichlorure,9,tRiklORyR
8,tricorne,7,tRikORn
9,trifolium,9,tRifoljOm
9,trilingue,6,tRil5g
11,trimballage,8,tR5balaZ
10,tringlette,7,tR5glEt
13,trinidadienne,11,tRinidadjEn
7,trinôme,6,tRinom
9,triolisme,8,tRiolizm
13,triomphalisme,11,tRij§falism
7,trional,8,tRijOnal
7,tripang,5,tRip@
10,tripartite,9,tRipaRtit
12,triphosphate,9,tRifOsfat
10,triplement,8,tRipl°m@
9,triploïde,8,tRiplOid
9,trisaïeul,8,tRizaj9l
8,trisomie,7,tRizOmi
12,trivialement,10,tRivjal°m@
7,trocart,6,tRokaR
13,troglodytique,11,tROglOditik
10,trois-deux,6,tRwad2
12,trois-points,7,tRwapw5
9,trois-six,7,tRwasis
8,trombine,6,tR§bin
11,tromboniste,9,tR§bOnist
13,trompeusement,9,tR§p2z°m@
11,tronconique,8,tR§konik
8,tronquer,5,tR§ke
10,trop-perçu,8,tRopERsy
11,troposphère,9,tRoposfER
8,trotteur,6,tRot9R
12,trottinement,9,tRotin°m@
8,trousser,5,tRuse
6,troène,5,tRoEn
7,trumeau,5,tRymo
8,trypsine,7,tRipsin
12,trébuchement,9,tRebyS°m@
9,trébuchet,7,tRebySE
9,trépasser,7,tRepase
8,trépassé,7,tRepase
10,trépignant,7,tRepiN@
12,trépignement,9,tRepiN°m@
6,trôler,5,tRole
11,tsoin-tsoin,8,tsw5tsw5
7,tss-tss,4,tsts
5,tuber,4,tybe
6,tubule,5,tybyl
10,tubérosité,10,tybeRozite
3,tuf,3,tyf
8,tulipier,7,tylipje
9,tumescent,6,tymEs@
16,turbocompresseur,13,tyRbok§pRes9R
13,turboréacteur,12,tyRboReakt9R
10,turbotière,9,tyRbotjER
5,turlu,5,tyRly
10,turlupiner,9,tyRlypine
9,turlututu,9,tyRlytyty
9,tussilage,7,tysilaZ
6,tussor,5,tysOR
9,tutélaire,7,tytelER
10,tympanique,7,t5panik
10,typographe,8,tipogRaf
8,tâcheron,6,taS°R§
12,tégumentaire,9,tegym@tER
10,télescoper,9,telEskope
7,télexer,7,telEkse
10,télécinéma,10,telesinema
13,télédiffusion,11,teledifyzj§
7,téléfax,8,telefaks
10,téléguider,8,telegide
9,télégénie,8,teleZeni
11,télématique,9,telematik
12,téléologique,10,teleoloZik
16,télépathiquement,12,telepatik°m@
8,téléport,7,telepOR
13,téléreportage,12,teleR°pORtaZ
16,télésurveillance,12,telesyRvEj@s
11,télétravail,10,teletRavaj
11,télévendeur,9,telev@d9R
9,télévente,7,telev@t
14,témoin-vedette,10,temw5v°dEt
7,ténèbre,6,tenEbR
10,térébinthe,7,teReb5t
5,tétra,5,tetRa
10,tétralogie,9,tetRaloZi
12,tête-de-mort,8,tEtd°mOR
6,tôlier,5,tolje
3,uht,2,yt
8,ulcéreux,6,ylseR2
6,ulcéré,6,ylseRe
4,ulna,4,ylna
7,ulnaire,5,ylnER
10,ultimement,8,yltim°m@
14,ultra-sensible,11,yltRas@sibl
12,ultra-violet,10,yltRavjolE
10,ultraléger,9,yltRaleZe
10,ultravirus,10,yltRaviRys
4,unau,3,yno
8,unetelle,6,yn°tEl
7,unguéal,6,§g8eal
8,unicorne,7,ynikORn
14,uniformisation,13,ynifORmizasj§
13,universaliste,12,ynivERsalist
4,upas,4,ypas
7,updater,6,9pdate
9,urbaniste,8,yRbanist
12,urbi et orbi,10,uRbiEtORbi
9,urgemment,6,yRZam@
5,urger,4,yRZe
9,urokinase,8,yRokinaz
10,urologique,8,yROlOZik
6,usiner,5,yzine
8,usuraire,6,yzyRER
8,vaccinal,8,vaksinal
11,vacillement,8,vasij°m@
7,vacuole,6,vak8Ol
13,vacuolisation,12,vak8Olizasj§
9,vagotomie,8,vagOtOmi
7,valaque,5,valak
10,valetaille,7,val°taj
14,valeureusement,10,val9R2z°m@
12,valorisation,11,valoRizasj§
12,valpolicella,12,valpolitSEla
7,valseur,6,vals9R
13,valétudinaire,11,valetydinER
9,vamp-club,7,v@pkl9b
7,vandale,5,v@dal
3,var,3,vaR
5,varan,4,vaR@
7,variant,5,vaRj@
6,varice,5,vaRis
8,variétal,8,vaRjetal
6,varlet,5,vaRlE
15,vasculo-nerveux,12,vaskylonERv2
9,vaseliner,8,vaz°line
14,vasodilatateur,13,vazodilatat9R
14,vasodilatation,13,vazodilatasj§
12,vasopressine,10,vazopResin
6,vasque,4,vask
3,vau,2,vo
4,veld,4,vEld
5,velte,4,vElt
5,velux,6,v2luks
7,venette,5,v°nEt
7,ventail,5,v@taj
6,ventis,4,v@ti
12,ventripotent,9,v@tRipot@
9,ventrière,8,v@tRijER
7,ventrée,5,v@tRe
8,verbatim,8,vERbatim
9,vergeture,8,vERZ°tyR
6,verjus,5,vERZy
9,vermifuge,8,vERmifyZ
8,vermoulu,7,vERmuly
7,vermout,6,vERmut
12,vernaculaire,10,vERnakylER
6,vernal,6,vERnal
13,versification,12,vERsifikasj§
10,verticille,8,vERtisil
10,vertugadin,9,vERtygad5
5,vesce,3,vEs
7,viander,5,vj@de
8,viatique,6,vjatik
9,vibratile,8,vibRatil
12,vice-premier,9,vispR°mje
8,vichyste,6,viSist
10,victuaille,7,vikt8aj
9,vidangeur,7,vid@Z9R
7,vidicon,6,vidik§
7,viduité,7,vid8ite
11,vidéogramme,9,videOgRam
11,vidéophonie,9,videOfOni
7,vigiler,6,viZile
13,villégiaturer,11,vileZjatyRe
5,viner,4,vine
15,vingt-cinquième,9,v5ts5kjEm
15,vingt-et-unième,9,v5teynjEm
14,vingt-neuvième,9,v5tn9vjEm
15,vingt-quatrième,11,v5tkatRijEm
13,vingt-sixième,9,v5tsizjEm
15,vingt-troisième,11,v5ttRwazjEm
4,vins,2,v5
7,violacé,7,vjolase
6,virago,6,viRago
10,virilement,8,viRil°m@
9,viriliser,8,viRilize
9,visagiste,8,vizaZist
15,visioconférence,12,vizjok§feR@s
10,visiophone,8,vizjofOn
9,vitaliser,8,vitalize
8,vitellin,6,vitel5
8,vitiligo,8,vitiligo
9,vitrifier,8,vitRifje
9,vitrioler,8,vitRiole
12,vivification,11,vivifikasj§
8,vivifier,7,vivifje
10,vocalement,8,vokal°m@
9,vocaliser,8,vokalize
7,vocatif,7,vokatif
8,vocodeur,7,vOkOd9R
8,voisiner,7,vwazine
11,voiture-bar,9,vwatyRbaR
11,voiture-lit,8,vwatyRli
14,volatilisation,13,volatilizasj§
14,volcanologique,12,vOlkanoloZik
7,volerie,6,vOl°Ri
8,voletant,6,vOl°t@
10,voltairien,8,vOltERj5
9,voltaïque,7,vOltaik
6,volter,5,vOlte
9,volumique,7,vOlymik
15,voluptueusement,12,volypt82z°m@
5,volve,4,vOlv
7,volémie,6,vOlemi
12,vomito negro,11,vomitonegRo
6,votant,4,vot@
5,votif,5,votif
5,vouge,3,vuZ
5,voyer,5,vwaje
6,voûter,4,vute
9,vrillette,6,vRijEt
6,vrillé,5,vRije
11,vrombissant,7,vR§bis@
11,vulcanienne,9,vylkanjEn
10,vulcaniser,9,vylkanize
9,vulcanisé,9,vylkanize
13,vulgarisation,12,vylgaRizasj§
10,vulgariser,9,vylgaRize
12,vulgum pecus,11,vylgOmpekys
5,vécés,4,vese
11,végétalisme,10,veZetalism
13,véhémentement,9,veem@t°m@
14,véliplanchiste,11,velipl@Sist
11,vélo-pousse,7,velopus
10,vélocement,8,velOs°m@
8,vénusien,7,venyzj5
12,vénéréologie,11,veneReoloZi
13,véridiquement,10,veRidik°m@
5,vêler,4,vele
9,wagnérien,8,vagneRj5
11,wagon-salon,8,vag§sal§
6,wallon,4,wal§
6,walter,6,waltER
12,white-spirit,10,wajtspiRit
10,winchester,10,wintSEstER
11,wintergreen,10,wint2RgRin
8,wishbone,6,wiSbon
4,witz,4,witz
6,woofer,5,wuf9R
5,xiang,5,gzj@g
10,xénogenèse,10,gzenoZ°nEz
10,xénogreffe,9,gzenogREf
11,xérographie,10,kseROgRafi
13,xérographique,11,gzeRogRafik
8,yakitori,8,jakitORi
7,yatagan,6,jatag@
8,yearling,6,j9RliG
11,ylang-ylang,6,il@il@
9,yorkshire,7,jORkSiR
6,youtre,4,jutR
8,zaibatsu,8,zajbatsu
8,zanzibar,7,z@zibaR
7,zaïrois,6,zaiRwa
3,zef,3,zEf
6,zester,5,zEste
7,zigomar,7,zigomaR
6,zinnia,5,zinja
5,zloty,5,zloti
6,zodiac,6,zOdjak
6,zoning,5,zoniG
8,zoophile,6,zoofil
12,zoroastrisme,11,zoRoastRizm
4,zouk,3,zuk
7,zoziaux,5,zozjo
10,zozotement,8,zozOt°m@
6,zydeco,6,zid2ko
12,à croupetons,8,akRup°t§
9,à l'encan,5,al@k@
15,à touche-touche,7,atuStuS
8,éberluer,7,ebERl8e
7,éberlué,7,ebERl8e
7,ébouler,5,ebule
11,ébouriffant,7,ebuRif@
11,ébranlement,8,ebR@l°m@
7,ébrouer,5,ebRue
9,échassier,6,eSasje
5,écher,3,eSe
8,échevelé,7,eS°v°le
17,échocardiographie,14,ekokaRdjOgRafi
12,échographier,9,ekogRafje
13,échographiste,10,ekogRafist
12,écholocation,10,ekolOkasj§
8,échouage,5,eSwaZ
14,éclaboussement,10,eklabus°m@
13,éclaircissage,10,eklERsisaZ
10,écliptique,8,ekliptik
14,écologiquement,11,ekoloZik°m@
7,écorcer,6,ekORse
9,écorchage,7,ekORSaZ
9,écosphère,7,ekosfER
6,écosse,4,ekOs
7,écotone,6,ekOtOn
10,écouvillon,7,ekuvij§
13,écrabouillage,9,ekRabujaZ
12,écrivailleur,9,ekRivaj9R
7,écumant,5,ekym@
7,édicter,6,edikte
12,éducationnel,11,edykasjOnEl
10,édulcorant,8,edylkoR@
8,édénique,6,edenik
8,égalable,7,egalabl
11,égalisateur,10,egalizat9R
8,égoutier,6,egutje
8,égrenage,7,egR°naZ
8,éjaculat,7,eZakyla
14,élasticimétrie,13,elastisimetRi
10,élastomère,9,elastomER
7,électif,7,elEktif
15,électrobiologie,14,elEktRobjoloZi
12,électrologie,11,elEktROlOZi
16,électronucléaire,14,elEktRonykleER
14,électrophorèse,12,elEktROfOREz
8,éliciter,7,elisite
6,élimer,5,elime
11,éliminateur,10,eliminat9R
5,élimé,5,elime
9,élucubrer,8,elykybRe
6,élytre,5,elitR
15,éléphantiasique,11,elef@tjazik
8,émailler,5,emaje
10,émargement,8,emaRZ°m@
8,émeutier,6,em2tje
7,émonder,5,em§de
6,émoulu,5,emuly
6,émuler,5,emyle
11,émulsifiant,9,emylsifj@
10,émulsifier,9,emylsifje
7,émétine,6,emetin
10,énergisant,8,enERZiz@
11,énucléation,10,enykleasj§
10,énurétique,8,enyRetik
6,éocène,5,eOsEn
6,éosine,5,eOzin
9,épargnant,6,epaRN@
13,éparpillement,10,epaRpij°m@
5,épart,4,epaR
8,épendyme,6,ep@dim
10,éphéméride,8,efemeRid
10,épicanthus,8,epik@tys
10,épicondyle,8,epik§dil
15,épidémiologiste,14,epidemjoloZist
12,épigastrique,10,epigastRik
9,épigramme,7,epigRam
9,épigraphe,7,epigRaf
13,épileptiforme,12,epilEptifORm
7,épinaie,5,epinE
8,épinette,6,epinEt
9,épinglage,7,ep5glaZ
10,épinglette,7,ep5glEt
11,épiphysaire,8,epifizER
8,épiphyte,6,epifit
9,épiscopal,9,episkopal
10,épisodique,8,epizodik
14,épisodiquement,11,epizodik°m@
10,épistolier,9,epistolje
11,épithélioma,10,epiteljoma
15,épluche-légumes,10,eplySlegym
10,épouillage,6,epujaZ
7,époxyde,7,epOksid
6,épucer,5,epyse
7,équarri,5,ekaRi
8,équarrir,6,ekaRiR
10,équatorial,10,ekwatoRjal
10,équatorien,9,ekwatoRj5
8,équeuter,5,ek2te
10,équivoquer,7,ekivOke
11,éradicateur,10,eRadikat9R
9,éreinteur,6,eR5t9R
5,érodé,5,eRode
12,érotiquement,9,eRotik°m@
8,érotiser,7,eRotize
10,éructation,9,eRyktasj§
5,étale,4,etal
9,étalonner,7,etalone
7,étambot,5,et@bo
8,étatisme,7,etatizm
7,étayage,6,etejaZ
6,éthane,4,etan
9,éthologue,6,EtOlOg
9,éthérique,6,eteRik
11,étiologique,9,etjOlOZik
8,étirable,7,etiRabl
16,étouffe-chrétien,10,etufkRetj5
11,étourdiment,8,etuRdim@
7,étrille,5,etRij
8,étripage,7,etRipaZ
16,étymologiquement,13,etimoloZik°m@
10,évanescent,7,evanes@
14,évangélisateur,12,ev@Zelizat9R
14,évangélisation,12,ev@Zelizasj§
11,évasivement,9,evaziv°m@
8,éveinage,6,evEnaZ
8,évertuer,7,evERtye
6,évider,5,evide
11,a contrario,9,ak§tRaRjo
8,a giorno,8,adZjORno
10,ab absurdo,9,abapsuRdo
6,ab ovo,5,abovo
12,abandonnique,8,ab@donik
6,abaque,4,abak
8,abat-son,5,abas§
7,abatage,6,abataZ
6,abatis,5,abati
8,abbatial,7,abasjal
9,abbatiale,7,abasjal
8,abhorrer,5,abORe
7,abhorré,5,abORe
10,abjuration,9,abZyRasj§
7,abkhaze,5,abkaz
7,ablatif,7,ablatif
7,ablette,5,ablEt
4,aboi,4,abwa
8,abominer,7,abomine
10,abornement,8,abORn°m@
8,aboucher,5,abuSe
7,aboulie,5,abuli
9,aboulique,6,abulik
11,aboutissant,7,abutis@
9,abreuvage,7,abR9vaZ
7,abreuvé,6,abR9ve
11,abri-refuge,9,abRiR°fyZ
10,abricotine,9,abRikotin
11,abrutisseur,9,abRytis9R
10,abréviatif,10,abRevjatif
10,abscission,7,apsisj§
6,abside,5,apsid
9,absidiole,8,apsidjOl
9,absolvant,7,apsOlv@
7,absoute,5,apsut
13,abstraitement,10,apstREt°m@
7,abstrus,6,apstRy
7,abyssin,5,abis5
9,abâtardir,9,abataRdiR
5,abêti,5,abeti
12,abêtissement,9,abetis°m@
10,académisme,9,akademizm
10,acagnarder,8,akaNaRde
11,accelerando,11,akseleRando
13,acclimatement,10,aklimat°m@
10,accolement,7,akOl°m@
7,accoler,5,akole
12,accordailles,7,akORdaj
11,accordement,8,akORd°m@
6,accore,4,akOR
9,accostant,6,akOst@
7,accoter,5,akote
7,accoudé,5,akude
10,accrochant,6,akRoS@
14,accroche-coeur,8,akROSk9R
15,accroupissement,10,akRupis°m@
6,accrue,4,akRy
10,accréditif,9,akReditif
4,accu,3,aky
11,achalandage,8,aSal@daZ
4,ache,2,aS
9,achetable,7,aS°tabl
8,achélème,6,akelEm
13,acqua-toffana,10,akwatofana
6,acquêt,3,akE
16,acrimonieusement,13,akRimonj2z°m@
11,acrocéphale,9,akRosefal
8,acropole,7,akRopOl
8,acrotère,7,akRotER
4,acré,4,akRe
15,action painting,13,akSj9npEjntiG
8,activant,6,aktiv@
6,acumen,6,akymEn
8,acéphale,6,asefal
10,ad libitum,9,adlibitOm
9,ad limina,8,adlimina
22,ad majorem dei gloriam,19,admaZoREmdeigloRjam
8,ad nutum,7,adnutOm
17,ad vitam aeternam,14,advitametERnam
6,adagio,7,adadZjo
9,adamantin,7,adam@t5
8,adamique,6,adamik
9,adiposité,9,adipozite
4,adja,4,adZa
8,adjupète,7,adZypEt
10,adjuration,9,adZyRasj§
7,adjurer,6,adZyRe
9,adjutrice,8,adZytRis
12,administrant,10,administR@
14,admirativement,12,admiRativ°m@
9,admixtion,8,admiksj§
13,admonestation,12,admonEstasj§
5,adonc,4,ad§k
9,adoncques,4,ad§k
7,adonies,5,adoni
9,adoptable,8,adOptabl
8,adoptant,6,adOpt@
11,adoucissant,7,adusis@
5,adret,4,adRE
9,adulateur,8,adylat9R
7,adultat,6,adylta
12,adultération,11,adylteRasj§
11,affablement,8,afabl°m@
9,affabuler,7,afabyle
7,affadir,6,afadiR
13,affadissement,9,afadis°m@
11,affairement,7,afER°m@
10,affairisme,7,afERizm
12,affectionner,9,afEksjone
14,affermissement,10,afERmis°m@
9,affichant,5,afiS@
10,affichiste,7,afiSist
8,affinage,6,afinaZ
15,affirmativement,12,afiRmativ°m@
6,affixé,6,afikse
10,affleurant,6,afl9R@
9,affleurer,6,afl9Re
8,affouage,5,afwaZ
13,affouillement,7,afuj°m@
10,affriander,8,afRij@de
9,affrioler,8,afRijole
11,affublement,8,afybl°m@
7,affurer,5,afyRe
9,afféterie,7,afet°Ri
8,agacerie,7,agas°Ri
7,agaceur,6,agas9R
5,agami,5,agami
5,agape,4,agap
9,agar-agar,8,agaRagaR
6,agathe,4,agat
5,agave,4,agav
5,agglo,4,aglo
10,agglomérat,8,aglomeRa
10,agglomérer,8,aglomeRe
9,aggloméré,8,aglomeRe
12,agglutinatif,11,aglytinatif
13,agglutinement,10,aglytin°m@
13,agglutinogène,11,aglytinoZEn
7,aglagla,7,aglagla
8,agnelage,6,aN2laZ
8,agneline,6,aN2lin
9,agnus-dei,8,agnusdei
8,agoniste,7,agonist
7,agoyate,6,agojat
9,agrainage,7,agREnaZ
8,agrarien,7,agRaRj5
9,agrippant,6,agRip@
11,agrippement,8,agRip°m@
4,agro,4,agRo
9,agrégatif,9,agRegatif
10,agrégative,9,agRegativ
7,agréger,6,agReZe
4,ahan,2,a@
7,ahanant,4,aan@
9,ahanement,6,aan°m@
6,ahaner,4,aane
6,ahurir,5,ayRiR
12,ahurissement,8,ayRis°m@
13,aide-bourreau,6,EdbuRo
10,aide-major,7,EdmaZOR
13,aide-ménagère,9,EdmenaZER
15,aide-pharmacien,10,EdfaRmasj5
8,aiglefin,6,Egl°f5
8,aigrelet,6,EgR°lE
9,aigrement,6,EgR°m@
7,aiguade,4,Egad
7,aiguail,4,Egaj
12,aigue-marine,7,EgmaRin
8,aiguière,5,EgjER
11,aimantation,8,Em@tasj§
6,aixois,5,Ekswa
10,ajaccienne,8,aZaksjEn
4,ajax,5,aZaks
8,ajointer,6,aZw5te
5,ajonc,3,aZ§
6,ajouré,5,aZuRe
8,ajusture,7,aZystyR
8,alanguir,6,al@giR
14,alanguissement,9,al@gis°m@
9,alarmisme,8,alaRmizm
4,alba,4,alba
9,albertine,8,albERtin
9,albigeois,7,albiZwa
7,alboche,5,albOS
6,albugo,6,albygo
6,albène,5,albEn
10,alcoomètre,8,alkomEtR
7,alcoran,6,alkoR@
11,alençonnais,7,al@sonE
10,alertement,8,alERt°m@
14,algébriquement,11,alZebRik°m@
10,algébriste,9,alZebRist
8,algérois,7,alZeRwa
8,alhambra,6,al@bRa
7,alidade,6,alidad
7,aligoté,7,aligote
7,alisier,6,alizje
5,alizé,5,alize
9,allaitant,5,alEt@
10,allegretto,8,alEgREto
7,alliacé,6,aljase
12,allobarbital,11,alobaRbital
11,allocations,8,alokasj§
8,allumoir,7,alymwaR
6,alluré,5,alyRe
7,allusif,6,alyzif
8,alléguer,5,alege
5,almée,4,alme
14,alourdissement,10,aluRdis°m@
6,alpage,5,alpaZ
4,alpe,3,alp
10,alpenstock,8,alp@stOk
5,alter,5,altER
11,altièrement,9,altjER°m@
8,altuglas,8,altyglas
4,alun,3,al1
7,alvéolé,7,alveole
5,alèze,4,alEz
6,aléser,5,aleze
9,amalgamer,8,amalgame
7,amanite,6,amanit
8,amarante,6,amaR@t
8,amaurose,6,amoRoz
11,ambitionner,8,@bisjone
7,amboine,5,@bwan
5,ambon,3,@b§
12,amenuisement,10,am2n8iz°m@
6,amerlo,6,amERlo
9,amignoter,7,amiNote
10,ammoniaqué,8,amonjake
11,ammonitrate,9,amOnitRat
11,amnistiable,10,amnistjabl
11,amollissant,7,amolis@
13,amollissement,9,amolis°m@
8,amorçoir,8,amORswaR
10,amour-goût,6,amuRgu
13,amour-passion,9,amuRpasj§
7,amourer,5,amuRe
10,amphigouri,7,@figuRi
13,amphigourique,8,@figuRik
10,amphitrite,7,@fitRit
10,ampélopsis,9,@pelOpsis
5,amure,4,amyR
11,améliorable,10,ameljoRabl
7,aménité,7,amenite
11,américanité,11,ameRikanite
14,américanophile,12,ameRikanofil
9,améthyste,7,ametist
7,anabase,6,anabaz
16,anachroniquement,12,anakRonik°m@
10,anadyomène,9,anadjomEn
8,anamnèse,7,anamnEz
11,anamorphose,9,anamORfoz
15,anaphoriquement,11,anafoRik°m@
4,anar,4,anaR
20,anarcho-syndicalisme,16,anaRkos5dikalizm
20,anarcho-syndicaliste,16,anaRkos5dikalist
10,anatomiser,9,anatomize
10,anatomiste,9,anatomist
20,anatomophysiologique,17,anatomofizjoloZik
12,ancestralité,11,@sEstRalite
19,anch'io son pittore,13,@kjosOnpitORe
9,anchilops,7,@kilOps
9,anchoïade,7,@Swajad
10,ancillaire,6,@silER
7,ancolie,5,@koli
6,andain,3,@d5
7,andante,4,@d@t
10,andouiller,5,@duje
10,andrinople,8,@dRinOpl
10,androgynie,8,@dRoZini
12,androgynique,9,@dRoZinik
15,anecdotiquement,12,anEkdOtik°m@
13,anglicisation,11,@glisizasj§
14,anglo-albanais,10,@gloalbanE
11,anglo-arabe,8,@gloaRab
16,anglo-hellénique,10,@gloelenik
15,anglo-irlandais,10,@gloiRl@dE
13,anglo-normand,9,@glonORm@
14,anglo-égyptien,11,@gloeZipsj5
15,anglo-éthiopien,11,@gloetjopj5
9,anglomane,7,@gloman
10,anglomanie,8,@glomani
11,anglophobie,8,@glofobi
5,angon,3,@g§
6,anguis,3,@gi
10,angulosité,9,@gylozite
9,angustura,8,@gystyRa
13,angéliquement,9,@Zelik°m@
9,angélisme,7,@Zelizm
10,animal-roi,9,animalRwa
10,animalcule,9,animalkyl
11,animalement,9,animal°m@
8,animique,6,animik
8,animisme,7,animizm
8,animiste,7,animist
5,anisé,5,anize
9,ankyloser,7,@kiloze
8,annamite,6,anamit
6,annelé,5,an°le
10,annihilant,6,aniil@
12,annonciation,9,an§sjasj§
13,anoblissement,10,anoblis°m@
8,anomoure,6,anomuR
13,anonymographe,11,anonimogRaf
14,anthropométrie,11,@tRopometRi
16,anthropométrique,12,@tRopometRik
16,anthropopithèque,11,@tRopopitEk
7,anthume,4,@tym
14,anti-apartheid,10,@tiapaRtEd
18,anti-aphrodisiaque,13,@tiafRodizjak
10,anti-bison,7,@tibiz§
12,anti-blouson,8,@tibluz§
12,anti-chambre,7,@tiS@bR
9,anti-char,6,@tiSaR
9,anti-cité,7,@tisite
17,anti-civilisation,14,@tisivilizasj§
15,anti-communisme,11,@tikomynizm
18,anti-conglutinatif,15,@tik§glytinatif
15,anti-dramatique,11,@tidRamatik
13,anti-débauche,8,@tideboS
14,anti-existence,11,@tiEgzist@s
13,anti-flingage,9,@tifl5gaZ
9,anti-flip,7,@tiflip
10,anti-frigo,8,@tifRigo
13,anti-instinct,7,@ti5st5
10,anti-japon,7,@tiZap§
11,anti-jeunes,6,@tiZ9n
11,anti-maison,7,@timEz§
11,anti-manoir,9,@timanwaR
10,anti-monde,6,@tim§d
17,anti-métaphysique,12,@timetafizik
12,anti-origine,9,@tioRiZin
12,anti-panache,8,@tipanaS
12,anti-pasteur,9,@tipast9R
8,anti-pub,6,@tipyb
9,anti-rapt,7,@tiRapt
11,anti-romain,7,@tiRom5
12,anti-société,10,@tisosjete
15,anti-soviétique,11,@tisovjetik
15,anti-tapisserie,11,@titapis°Ri
10,anti-temps,5,@tit@
17,anti-émotionnelle,12,@tiemosjonEl
15,antibolchevisme,12,@tibOlS°vizm
13,antibourgeois,9,@tibuRZwa
14,antibrouillard,9,@tibRujaR
12,anticalcaire,9,@tikalkER
14,anticatholique,10,@tikatolik
17,antichristianisme,14,@tikRistjanizm
12,antichrétien,9,@tikRetj5
12,anticipateur,10,@tisipat9R
13,anticipatoire,11,@tisipatwaR
16,anticléricalisme,14,@tikleRikalizm
16,anticolonialisme,14,@tikolonjalizm
15,anticonformisme,12,@tik§fORmizm
9,antidater,7,@tidate
15,antidreyfusisme,12,@tidREfyzizm
8,antienne,5,@tjEn
10,antifading,9,@tifEjdiG
12,antifascisme,9,@tifaSizm
13,antiféminisme,11,@tifeminizm
14,antigermanisme,12,@tiZERmanism
12,antimarxiste,11,@timaRksist
15,antimilitarisme,13,@timilitaRizm
9,antimonde,6,@tim§d
16,antinationaliste,14,@tinasjonalist
11,antinaturel,10,@tinatyREl
9,antinomie,7,@tinomi
14,antiparasitage,12,@tipaRazitaZ
10,antiphrase,7,@tifRaz
11,antipodaire,8,@tipodER
11,antipodiste,9,@tipodist
19,antipoliomyélitique,16,@tipoljomjelitik
13,antipopulaire,10,@tipopylER
11,antiquaille,6,@tikaj
13,antireligieux,10,@tiR°liZj2
9,antirusse,6,@tiR9s
15,antirépublicain,12,@tiRepyblik5
10,antisepsie,8,@tisEpsi
10,antisexuel,10,@tiseksyEl
11,antiskating,10,@tiskEjtiG
11,antisolaire,8,@tisolER
14,antisoviétique,11,@tisovjetik
14,antisoviétisme,12,@tisovjetizm
15,antispasmodique,12,@tispasmodik
13,antistalinien,11,@tistalinj5
8,antitout,5,@titu
15,antituberculeux,12,@titybERkyl2
15,antityphoïdique,11,@titifOidik
10,antonomase,8,@tonomaz
8,antonyme,6,@tonim
14,antépénultième,12,@tepenyltjEm
11,antérograde,9,@teRogRad
6,anémié,6,anemje
13,anémométrique,11,anemometRik
7,aoriste,6,aoRist
7,aoûtien,5,ausj5
4,apax,5,apaks
7,aphonie,5,afoni
10,aphrodisie,8,afRodizi
8,aphérèse,6,afeREz
5,apion,4,apj§
7,apivore,6,apivOR
5,aplat,4,apla
11,apodictique,9,apodiktik
10,apolitisme,9,apolitizm
8,apologue,6,apolOg
12,apologétique,10,apoloZetik
7,apostat,6,aposta
8,apostume,7,apOstym
14,apothicairerie,11,apotikER°Ri
12,apparaissant,7,apaREs@
8,apparaux,5,apaRo
9,apparenté,7,apaR@te
8,apparier,6,apaRje
15,appartement-roi,11,apaRt°m@Rwa
13,appauvrissant,8,apovRis@
15,appauvrissement,10,apovRis°m@
8,appeleur,6,ap°l9R
6,appert,4,apER
16,appesantissement,11,ap°z@tis°m@
9,appointer,6,apw5te
16,apprenti-sorcier,12,apR@tisORsje
12,apprivoiseur,10,apRivwaz9R
11,approbateur,9,apRobat9R
10,approbatif,9,apRobatif
15,approbativement,12,apRobativ°m@
12,appréciateur,10,apResjat9R
10,appui-main,6,ap8im5
9,appétence,6,apet@s
14,après-déjeuner,10,apREdeZ9ne
10,après-mort,7,apREmOR
6,aptère,5,aptER
12,aquarelliste,10,akwaRelist
7,aquilon,5,akil§
8,aquitain,5,akit5
9,arabisant,7,aRabiz@
10,arachnoïde,8,aRaknoid
9,aragonais,7,aRagonE
7,araigne,4,aREN
14,araignée-crabe,9,aRENekRab
6,aralia,6,aRalja
6,aramon,5,aRam§
8,aratoire,7,aRatwaR
7,araucan,5,aRok@
10,araucanien,8,aRokanj5
11,arbalétrier,11,aRbaletRije
4,arbi,4,aRbi
6,arbois,5,aRbwa
13,arc-boutement,9,aRkbut°m@
10,arc-bouter,7,aRkbute
5,arcan,4,aRk@
13,archangélique,9,aRk@Zelik
10,archaïsant,7,aRkaiz@
10,archi-blet,7,aRSiblE
12,archi-dégueu,8,aRSideg2
11,archi-libre,8,aRSilibR
14,archi-méfiance,10,aRSimefj@s
11,archi-plein,7,aRSipl5
12,archi-prouvé,9,aRSipRuve
13,archi-prudent,9,aRSipRyd@
13,archi-ringard,9,aRSiR5gaR
11,archi-vieux,7,aRSivj2
9,archiatre,7,aRSiatR
10,archiconnu,8,aRSikony
13,archimandrite,10,aRSim@dRit
15,architectonique,12,aRSitEktonik
10,architrave,8,aRSitRav
22,archiviste-paléographe,17,aRSivistpaleOgRaf
10,archivolte,8,aRSivOlt
14,archiépiscopal,13,aRSiepiskopal
8,archonte,5,aRk§t
8,ardillon,6,aRdij§
6,ardito,6,aRdito
5,ardre,5,aRdR°
9,ardéchois,7,aRdeSwa
8,ardûment,6,aRdym@
8,arganier,7,aRganje
9,argentier,7,aRZ@tje
8,argenton,6,aRZ@t§
8,argileux,6,aRZil2
5,argol,5,aRgOl
8,argousin,6,aRguz5
7,argutie,6,aRgysi
9,arianisme,8,aRjanizm
6,arioso,6,aRjozo
10,aristarque,8,aRistaRk
18,aristocratiquement,15,aRistokRatik°m@
14,aristocratisme,13,aRistokRatizm
11,aristoloche,9,aRistolOS
14,aristotélicien,13,aRistotelisj5
12,arithmomètre,10,aRitmomEtR
9,ariégeois,7,aRjeZwa
6,arkose,5,aRkoz
8,arlésien,7,aRlezj5
10,arlésienne,8,aRlezjEn
9,armadille,7,aRmadil
8,armorial,8,aRmoRjal
9,arménoïde,8,aRmenoid
7,arméria,7,aRmeRja
6,aronde,4,aR§d
7,arousal,6,aRuzal
6,arpion,5,aRpj§
6,arpète,5,aRpEt
11,arquebusade,9,aRk°byzad
12,arrache-clou,7,aRaSklu
15,arrière-automne,9,aRjERotOn
11,arrière-ban,7,aRjERb@
13,arrière-gorge,9,aRjERgORZ
19,arrière-grand-tante,11,aRjERgR@t@t
12,arrière-loge,8,aRjERlOZ
15,arrière-magasin,11,aRjERmagaz5
12,arrière-main,7,aRjERm5
13,arrière-monde,8,aRjERm§d
14,arrière-neveux,9,aRjERn°v2
20,arrière-petite-nièce,14,aRjERp°titnjEs
19,arrière-petits-fils,12,aRjERp°tifis
21,arrière-petits-neveux,13,aRjERp°tin°v2
14,arrière-saison,9,aRjERsEz§
11,arrogamment,7,aRogam@
7,arroger,5,aRoZe
5,arroi,4,aRwa
12,arrêt-buffet,7,aREbyfE
12,arrête-boeuf,7,aREtb9f
8,arsacide,7,aRsasid
10,arsouiller,6,aRsuje
9,arsénieux,7,aRsenj2
10,arthrodèse,8,aRtRodEz
12,article-choc,10,aRtikl°SOk
9,articulet,8,aRtikylE
8,artiflot,7,aRtiflo
7,artison,6,aRtiz§
11,artistement,9,aRtist°m@
13,artériectomie,12,aRteRjEktomi
7,arverne,6,aRvERn
10,aréopagite,9,aReopaZit
6,arétin,5,aRet5
6,ascèse,4,asEz
7,asepsie,6,asEpsi
12,aseptisation,11,asEptizasj§
7,ashanti,5,aS@ti
9,ashkénaze,7,aSkenaz
8,asilaire,6,azilER
21,aspirateurs-traîneaux,14,aspiRat9RtREno
5,aspre,4,aspR
8,aspérité,8,aspeRite
10,assaillant,5,asaj@
8,assavoir,7,asavwaR
9,assiettée,6,asjete
10,assimilant,7,asimil@
10,assistanat,8,asistana
10,assiégeant,6,asjeZ@
15,assombrissement,10,as§bRis°m@
10,assomption,7,as§psj§
9,assonance,6,ason@s
12,assoupissant,7,asupis@
15,assourdissement,10,asuRdis°m@
16,assureur-conseil,11,asyR9Rk§sEj
6,assyro,5,asiRo
5,astic,5,astik
12,astigmatisme,11,astigmatizm
9,astragale,8,astRagal
10,astrophore,8,astRofOR
10,asturienne,8,astyRjEn
15,asymétriquement,12,asimetRik°m@
6,atabeg,6,atab°g
12,atermoiement,9,atERmwam@
7,athanor,6,atanOR
10,athénienne,7,atenjEn
8,atomiste,7,atomist
7,atomisé,7,atomize
11,atrabilaire,9,atRabilER
7,attablé,6,atable
12,attaché-case,8,ataSekaz
11,attardement,8,ataRd°m@
12,attentatoire,9,at@tatwaR
9,attifiaux,6,atifjo
7,attique,4,atik
10,attisement,7,atiz°m@
8,attisoir,7,atizwaR
12,attouchement,7,atuS°m@
9,attriquer,6,atRike
9,attrouper,6,atRupe
6,aubain,3,ob5
7,aubette,4,obEt
6,aubier,4,obje
6,aubour,4,obuR
8,aubusson,5,obys§
6,aubère,4,obER
9,audiencia,7,odj@sja
8,augustin,6,ogyst5
11,augustinien,9,ogystinj5
7,aulique,4,olik
7,aulnaie,3,OnE
8,auloffée,5,olofe
5,aulos,3,olo
4,aulx,1,o
5,auner,3,one
8,auricule,6,oRikyl
6,aurige,4,oRiZ
7,aurochs,4,oROk
6,aurone,4,oROn
7,auroral,6,oRoRal
8,auréoler,6,oReole
7,auréolé,6,oReole
11,auréomycine,9,oReomisin
12,auscultation,10,oskyltasj§
8,aussière,5,osjER
11,austèrement,8,ostER°m@
7,ausweis,4,oswE
5,autan,3,ot@
17,auto-intoxication,14,oto5tOksikasj§
13,autobiographe,10,otobjogRaf
12,autocensurer,9,otos@syRe
12,autochenille,8,otoS°nij
12,autocréation,10,otokReasj§
16,autodestructible,14,otodEstRyktibl
12,autographier,9,otogRafje
9,autolysat,7,otoliza
10,automatico,9,otomatiko
8,autorail,6,otoRaj
11,autrichiens,7,otRiSj5
9,auvergnat,6,ovERNa
8,auvergne,5,ovERN
8,auverpin,6,ovERp5
7,auxdits,3,odi
9,auxerrois,6,osERwa
9,avalement,7,aval°m@
19,avant-avant-dernier,12,av@av@dERnje
11,avant-corps,6,av@kOR
11,avant-dîner,7,av@dine
12,avant-papier,8,av@papje
10,avant-port,6,av@pOR
15,avant-printemps,8,av@pR5t@
9,avarement,7,avaR°m@
15,avaricieusement,12,avaRisj2z°m@
10,avaricieux,8,avaRisj2
5,avaro,5,avaRo
8,aventuré,7,av@tyRe
5,avers,4,avER
10,aveugle-né,8,av9gl°ne
11,avignonnais,7,aviNonE
11,avitaminose,10,avitaminoz
5,avivé,5,avive
7,avoiner,6,avwane
9,avoisiner,8,avwazine
6,avoyer,6,avwaje
8,avrillée,6,avRije
9,avunculat,7,av§kyla
14,axiomatisation,15,aksijomatizasj§
6,axonge,5,aks§Z
12,ayuntamiento,12,ajuntamjEnto
14,azerbaïdjanais,12,azERbaidZanE
9,aérolithe,7,aeRolit
13,aéromodélisme,12,aeRomodelizm
9,aérostier,8,aeRostje
5,aître,3,EtR
7,babasse,5,babas
9,babillard,7,babijaR
6,babine,5,babin
10,babiroussa,8,babiRusa
13,bachi-bouzouk,9,baSibuzuk
8,bachique,5,baSik
7,badabam,7,badabam
8,badauder,6,badode
10,badauderie,8,badod°Ri
8,badigeon,6,badiZ§
12,badigeonnage,9,badiZonaZ
12,badigeonneur,9,badiZon9R
11,badigoinces,8,badigw5s
6,badois,5,badwa
6,baffle,4,bafl
10,bafouillis,6,bafuji
9,bagagerie,8,bagaZ°Ri
7,bagoter,6,bagote
8,bagotter,6,bagote
7,bagouse,5,baguz
10,baguenaude,7,bag°nod
5,bagué,4,bage
9,bailliage,5,bajaZ
8,baillive,5,bajiv
7,baisade,5,b°zad
9,baisement,6,bEz°m@
7,balafon,6,balaf§
5,balan,4,bal@
9,balandras,7,bal@dRa
12,balanstiquer,9,bal@stike
9,balançage,7,bal@saZ
7,balatum,7,balatOm
8,balayant,6,balEj@
8,balayure,7,balEjyR
12,balbutiement,9,balbysim@
7,baleiné,6,balene
14,balistiquement,11,balistik°m@
8,baliveau,6,balivo
10,balkanique,8,balkanik
10,balle-peau,5,balpo
10,ballonnant,6,balon@
7,ballote,5,balOt
12,ballottement,8,balot°m@
8,ballotté,6,balote
8,balluche,5,balyS
13,balluchonnage,9,balySonaZ
9,balsamier,8,balzamje
9,balsamine,8,balzamin
9,balthazar,8,baltazaR
5,balto,5,balto
6,baluba,6,balyba
12,baluchonnage,9,balySonaZ
11,baluchonner,8,balySone
12,baluchonneur,9,balySon9R
8,balustre,7,balystR
9,balzacien,8,balzasj5
7,bambara,6,b@baRa
12,banalisation,11,banalizasj§
7,bananer,6,banane
8,bananier,7,bananje
10,bandagiste,8,b@daZist
9,bandaison,6,b@dEz§
10,banderille,7,b@d°Rij
9,bandoline,7,b@dolin
9,bandonéon,7,b@done§
10,bangladais,7,b@gladE
9,bank-note,6,b@knOt
7,banyuls,6,banjyl
4,baou,3,bau
9,baptismal,8,batismal
10,baptistère,8,batistER
14,bar-restaurant,10,baRREstoR@
10,baralipton,9,baRalipt§
11,barbarement,9,baRbaR°m@
11,barbaresque,9,baRbaREsk
16,barbe-de-capucin,11,baRbdkapys5
6,barbet,5,baRbE
9,barbillon,7,baRbij§
9,barbiquet,7,baRbikE
6,barbot,5,baRbo
7,barbote,6,baRbOt
10,barbotière,9,baRbotjER
12,barbouillage,8,baRbujaZ
12,barbouilleur,8,baRbuj9R
11,barbouillis,7,baRbuji
8,barcasse,6,baRkas
7,bardeau,5,baRdo
5,baret,4,baRE
9,bariolage,8,baRjolaZ
5,barje,4,baRZ
8,baronner,6,baRone
11,barricadier,9,baRikadje
12,barrissement,8,baRis°m@
8,barriste,6,baRist
9,barrésien,7,baRezj5
6,baryte,5,baRit
10,barytonner,8,baRitone
10,bas-empire,7,baz@piR
9,bas-flanc,5,bafl@
10,basaltique,8,bazaltik
6,basane,5,bazan
9,basilicum,9,bazilikOm
5,basin,4,baz5
7,basoche,5,bazOS
5,bassa,4,basa
12,basse-taille,6,bastaj
10,bassinoire,8,basinwaR
9,bat-flanc,5,bafl@
9,bat-l'eau,4,balo
10,batailleur,7,bataj9R
14,bataillonnaire,9,batajonER
13,bateau-lavoir,10,batolavwaR
12,bateau-pompe,7,batop§p
8,bateleur,7,bat°l9R
10,batellerie,8,batEl°Ri
5,batik,5,batik
7,batiste,6,batist
12,battle-dress,9,bat9ldREs
12,baudelairien,9,bod°lERj5
8,bavocher,6,bavoSe
8,bayadère,7,bajadER
6,bayard,5,bajaR
9,bazardeur,8,bazaRd9R
15,beat generation,12,bitZeneRasj§
9,beauceron,6,bos°R§
10,beaujolpif,8,boZOlpif
8,beauvais,4,bovE
11,becquetance,7,bEk°t@s
12,beethovénien,9,betovenj5
12,belle-à-voir,8,bElavwaR
12,bellevillois,9,bel°vilwa
15,belliqueusement,10,belik2z°m@
9,belluaire,6,bEl8ER
5,belon,4,b°l§
7,beloter,6,b°lote
7,benjoin,5,b5Zw5
7,benoîte,6,b°nwat
11,benoîtement,9,b°nwat°m@
13,bercelonnette,10,bERs°lonEt
9,bercement,7,bERs°m@
13,berdouillette,8,bERdujEt
6,berlin,5,bERl5
9,berlingue,6,bERl5g
8,berloque,6,bERlOk
7,berlure,6,bERlyR
8,berlurer,7,bERlyRe
16,bernard-l'ermite,12,bERnaRlERmit
7,bernois,6,bERnwa
9,berrichon,6,bERiS§
6,bertha,5,bERta
6,berthe,4,bERt
8,besaiguë,6,b°zegy
5,besef,5,b°zEf
9,besogneux,6,b2zoN2
9,bestiaire,7,bEstjER
9,bestiasse,7,bEstjas
11,betteravier,9,bEt°Ravje
10,beuglement,7,b2gl°m@
8,beurrage,5,b9RaZ
5,bezef,5,bezEf
8,biafrais,6,bjafRE
6,bibard,5,bibaR
6,bibite,5,bibit
12,bibliographe,11,biblijogRaf
12,bibliophilie,11,biblijofili
14,bibliophilique,12,biblijofilik
7,bicause,5,bikoz
6,biclou,5,biklu
7,bicorne,6,bikORn
10,bicycliste,9,bisiklist
10,bicéphalie,8,bisefali
14,bidimensionnel,12,bidim@sjonEl
9,bidonnage,7,bidonaZ
10,bien-fonds,5,bj5f§
11,bien-manger,7,bj5m@Ze
12,bien-portant,8,bj5pORt@
16,bienheureusement,11,bj5n2R2z°m@
6,biface,5,bifas
8,biftèque,6,biftEk
8,bigaille,5,bigaj
9,bigarreau,6,bigaRo
8,bigarrer,6,bigaRe
9,bigarrure,7,bigaRyR
7,bigarré,6,bigaRe
5,bigle,4,bigl
6,bigler,5,bigle
5,bigne,3,biN
7,bignole,5,biNOl
8,bignolle,5,biNOl
6,bignon,4,biN§
10,bigophoner,8,bigofone
7,bigorne,6,bigORn
8,bigorner,7,bigORne
8,bigouden,7,bigudEn
5,bigre,4,bigR
5,bigue,3,big
14,bihebdomadaire,11,biEbdomadER
8,bihoreau,5,bioRo
9,bilbergia,9,bilbERZja
7,bilieux,5,bilj2
11,bilinguisme,9,bil5g8izm
10,billevesée,8,bil°v°ze
6,billon,4,bij§
12,bimétallisme,10,bimetalizm
11,binet-simon,8,binEsim§
6,bintje,5,bintS
6,biplan,5,bipl@
10,bipolarité,10,bipolaRite
5,birbe,4,biRb
4,bire,3,biR
6,biribi,6,biRibi
8,biscaïen,7,biskaj5
8,biseness,6,biznEs
7,bisette,5,bizEt
7,bisexué,8,biseks8e
11,bismarckien,9,bismaRkj5
7,bisness,6,biznEs
10,bistouille,6,bistuj
11,bistouriser,9,bistuRize
6,bistre,5,bistR
10,bistroquet,8,bistRokE
10,bistrotier,9,bistRotje
11,bistrouille,7,bistRuj
9,bisulfite,8,bisylfit
9,bithynien,7,bitinj5
5,bitos,5,bitOs
8,bitumeux,6,bitym2
7,biturin,6,bityR5
7,bizarde,6,bizaRd
5,bizou,4,bizu
10,black-bass,7,blakbas
8,blaisois,6,blEzwa
10,blanc-gris,6,bl@gRi
13,blanchecaille,7,bl@Skaj
11,blanchement,7,bl@S°m@
8,blanchet,5,bl@SE
13,blanchoiement,8,bl@Swam@
15,blancs-manteaux,7,bl@m@to
7,blanque,4,bl@k
4,blet,3,blE
7,blettir,6,bletiR
13,blettissement,9,bletis°m@
9,bleu-ciel,7,bl2sjEl
8,bleubite,6,bl9bit
5,bleui,4,bl2i
6,bleuir,5,bl2iR
6,bliaut,5,blijo
7,blondir,6,bl§diR
13,blottissement,9,blOtis°m@
5,bloum,4,blum
7,bluette,5,blyEt
6,bluter,5,blyte
7,blutoir,7,blytwaR
6,blèche,4,blES
9,blèsement,6,blEzm@
7,blédard,6,bledaR
10,blépharite,8,blefaRit
7,bobbies,4,bobi
8,bobinard,7,bobinaR
6,bobino,6,bobino
7,bobosse,5,bobOs
7,bobèche,5,bobES
3,boc,3,bOk
6,bocard,5,bokaR
6,bocson,5,bOks§
6,boguet,4,bOgE
6,bohême,4,boEm
7,boiseur,6,bwaz9R
8,boiterie,7,bwat°Ri
10,boitillant,7,bwatij@
11,bolcheviste,9,bOlS°vist
5,boldo,5,bOldo
6,bolduc,6,bOldyk
5,bolet,4,bolE
5,bolge,4,bOlZ
9,bolognais,6,boloNE
7,bombage,5,b§baZ
12,bombillement,8,b§bij°m@
10,bombinette,7,b§binEt
6,bonace,5,bonas
11,bonassement,8,bonas°m@
10,bonasserie,8,bonas°Ri
12,bondieuserie,9,b§dj2z°Ri
12,bondissement,8,b§dis°m@
12,bonification,11,bonifikasj§
10,bonimenter,8,bonim@te
5,bonir,5,boniR
8,bonneter,6,bOnEte
6,bonnir,5,boniR
10,borborygme,9,bORboRigm
8,borchtch,5,bORtS
7,bordage,6,bORdaZ
9,bordelais,7,bORd°lE
7,bordier,6,bORdje
8,bordille,6,bORdij
5,bordj,5,bORdZ
8,bordurer,7,bORdyRe
10,bordéliser,9,bORdelize
5,borie,4,boRi
7,bornage,6,bORnaZ
14,borne-fontaine,9,bORnf§tEn
9,borsalino,9,bORsalino
7,boskoop,6,bOskup
7,bosnien,6,bOsnj5
8,bosseler,6,bOs°le
12,bossellement,8,bosEl°m@
6,bosson,4,bos§
6,bossué,5,bos8e
9,bostonner,7,bOstone
8,botteler,6,bOt°le
9,bottillon,6,botij§
8,boucaner,6,bukane
10,boucanerie,8,bukan°Ri
8,bouchage,5,buSaZ
9,boucharde,6,buSaRd
15,bouche-à-bouche,7,buSabuS
16,bouche-à-oreille,8,buSaoREj
9,bouchonné,6,buSone
7,bouchot,4,buSo
8,bouchure,5,buSyR
7,boudiné,6,budine
7,boudiou,5,budju
6,boueur,4,bw9R
11,bouffetance,7,buf°t@s
11,bouffissure,7,bufisyR
11,bouffonnant,6,bufon@
13,bouffonnement,8,bufOn°m@
10,bouffonner,6,bufone
9,bouftance,6,buft@s
7,bougnat,4,buNa
9,bougonner,6,bugone
9,bougrerie,7,bugR°Ri
5,bouif,4,bwif
9,bouilleur,5,buj9R
12,bouillonneux,6,bujOn2
10,bouillonné,6,bujone
19,boulanger-pâtissier,13,bul@Zepatisje
11,boulangisme,8,bul@Zizm
12,boulevardier,10,bul°vaRdje
10,boulodrome,8,bulodRom
10,boulonnais,6,bulonE
11,boulonnerie,8,bulOn°Ri
13,boulot-refuge,9,buloR°fyZ
5,boulu,4,buly
10,bouquetier,7,buk°tje
8,bouqueté,6,buk°te
10,bouquinage,7,bukinaZ
10,bourbonien,8,buRbonj5
9,bourdaine,6,buRdEn
14,bourgeoisement,10,buRZwaz°m@
13,bourgeoisisme,10,buRZwazizm
14,bourgeonnement,9,buRZOn°m@
9,bourgeron,7,buRZ°R§
9,bourgueil,6,buRg9j
8,bourrade,5,buRad
10,bourrelier,7,buR°lje
12,bourrellerie,8,buREl°Ri
8,bourreur,5,buR9R
8,bourrier,5,buRje
9,boursicot,7,buRsiko
12,boursicotage,10,buRsikotaZ
14,boursouflement,10,buRsufl°m@
7,bousbir,6,busbiR
6,bousin,4,buz5
7,bousine,5,buzin
13,boustrophédon,10,bustRofed§
11,bout-dehors,6,bud2OR
9,boutargue,6,butaRg
9,boutefeux,6,but°f2
10,bouteillon,6,butEj§
8,bouthéon,5,bute§
10,boutillier,6,butije
9,boutiquer,6,butike
7,boutoir,6,butwaR
11,bouton-d'or,7,but§dOR
10,boutonnage,7,butonaZ
6,boutre,4,butR
6,bouvet,4,buvE
7,bouzine,5,buzin
5,bouzy,4,buzi
10,bow-window,7,bowindo
7,bowling,5,buliG
8,box-calf,8,bOkskalf
10,boy-friend,8,bOjfR5nd
14,boy-scoutesque,10,bOjskutEsk
8,boyauter,7,bwajOte
9,brabançon,7,bRab@s§
15,bracelet-montre,11,bRas°lEm§tR
13,brachycéphale,10,bRakisefal
5,braco,5,bRako
9,bradillon,7,bRadij§
7,bragard,6,bRagaR
8,brahmane,6,bRaman
11,brahmanique,8,bRamanik
11,braisillant,7,bREzij@
9,branchage,6,bR@SaZ
7,branchu,5,bR@Sy
12,brandevinier,10,bR@d°vinje
10,brandillon,7,bR@dij§
7,braquet,5,bRakE
7,brasage,6,bRazaZ
6,braser,5,bRaze
12,brasillement,9,bRazij°m@
9,brasiller,7,bRazije
15,brasserie-hôtel,11,bRas°RiotEl
11,brassicourt,8,bRasikuR
7,brasure,6,bRazyR
5,braye,4,bREj
10,break-down,8,bREkdawn
6,bredin,5,bR°d5
12,bredouillage,8,bR°dujaZ
12,bredouillant,7,bR°duj@
14,bredouillement,9,bR°duj°m@
11,bredouillis,7,bR°duji
12,breitschwanz,11,bRajtSvants
7,breneux,5,bR2n2
7,bressan,5,bREs@
8,brestois,7,bREstwa
10,bretonnant,7,bR°ton@
6,breuil,4,bR9j
11,bric-à-brac,9,bRikabRak
9,bricheton,7,bRiS°t§
6,bridon,5,bRid§
10,brigadiste,9,bRigadist
10,brigantine,8,bRig@tin
9,brignolet,7,bRiNolE
11,brillantage,8,bRij@taZ
12,brillantiner,9,bRij@tine
12,brimbalement,9,bR5bal°m@
9,brimbaler,7,bR5bale
10,brimborion,8,bR5boRj§
8,briquage,6,bRikaZ
10,briquetage,8,bRik°taZ
10,briquetier,8,bRik°tje
10,brise-bise,7,bRizbiz
9,brise-jet,8,bRizdZEt
10,brise-lame,7,bRizlam
7,brisure,6,bRizyR
9,brivadois,8,bRivadwa
9,brocarder,8,bRokaRde
10,brocatelle,8,bRokatEl
8,brochage,6,bRoSaZ
7,brocher,5,bRoSe
8,brocheur,6,bRoS9R
6,broché,5,bRoSe
9,broiement,6,bRwam@
12,bronchitique,8,bR§Sitik
17,broncho-pneumonie,12,bR§kopn2moni
8,bronzier,6,bR§zje
6,broque,4,bROk
9,broquille,6,bRokij
8,brosseur,6,bRos9R
8,brossier,6,bRosje
9,brouetter,6,bRuEte
9,brouettée,6,bRuEte
10,brouillade,6,bRujad
13,brouillardeux,8,bRujaRd2
11,brouillasse,6,bRujas
11,brown sugar,10,bRawnSugaR
8,browning,6,bRoniG
6,bruant,4,bRy@
8,brugeois,6,bRyZwa
6,bruges,4,bRyZ
7,brugnon,5,bRyN§
7,bruiner,6,bR8ine
7,bruiter,6,bR8ite
9,brumaille,6,bRymaj
6,brunet,5,bRynE
10,brunissoir,9,bRyniswaR
10,bruxellois,8,bRysElwa
9,bréhaigne,5,bReEN
12,brûle-gueule,7,bRylg9l
6,buccin,5,byks5
11,buccinateur,10,byksinat9R
14,budgétairement,11,bydZetER°m@
11,buen retiro,10,b8EnR2tiRo
11,buffleterie,9,byflEt°Ri
11,buissonnant,7,b8ison@
10,buissonner,7,b8isone
11,buissonneux,7,b8ison2
6,bulbul,6,bylbyl
7,bulgaro,7,bylgaRo
10,bull-finch,7,bylfinS
7,bulleux,4,byl2
7,bunraku,6,b1Raky
6,bunsen,5,b1zEn
18,bureaucratiquement,13,byRokRatik°m@
10,burgraviat,9,byRgRavja
9,burlingue,6,byRl5g
7,bushman,6,buSman
6,busqué,5,byske
8,byronien,7,biRonj5
13,byzantinisant,10,biz@tiniz@
12,byzantinisme,10,biz@tinizm
8,bâillant,4,baj@
9,béatifier,8,beatifje
10,béatifique,8,beatifik
9,bécabunga,8,bekabuGa
6,bécard,5,bekaR
8,bécoteur,7,bekot9R
6,bédane,5,bedan
3,bée,2,be
4,béer,3,bee
8,bégayant,6,begej@
8,bégayeur,7,begEj9R
11,bégueulerie,8,beg9l°Ri
9,béguinage,7,beginaZ
7,béguine,5,begin
10,béguineuse,7,begin2z
5,bégum,5,begOm
8,béhémoth,6,beemOt
7,béjaune,5,beZon
12,bélinogramme,10,belinogRam
6,bénard,5,benaR
11,bénignement,8,beniN°m@
8,béninois,7,beninwa
9,bénisseur,7,benis9R
7,bénouze,5,benuz
11,bénévolence,9,benevOl@s
10,béquillard,7,bekijaR
10,béquilleux,5,bekj2
8,bérézina,8,beRezina
9,bésiclard,8,beziklaR
9,bétonnage,7,betonaZ
9,bêtifiant,7,betifj@
11,bûcheronner,8,byS°Rone
8,bûchette,5,bySEt
12,c'est-à-dire,7,sEtadiR
9,cabaliste,8,kabalist
7,cabiner,6,kabine
8,cabochon,6,kaboS§
7,cabosse,5,kabOs
8,cabotage,7,kabotaZ
8,caboulot,6,kabulo
7,cabrade,6,kabRad
8,cabrette,6,kabREt
9,cabrioler,9,kabRijole
5,cabus,4,kaby
7,cabèche,5,kabES
15,cache-brassière,10,kaSbRasjER
11,cache-coeur,6,kaSk9R
12,cache-corset,8,kaSkORsE
12,cache-tampon,7,kaSt@p§
11,cachectique,8,kaSEktik
6,cachou,4,kaSu
7,cacique,5,kasik
9,cacochyme,7,kakoSim
10,cacodylate,9,kakodilat
12,cacophonique,9,kakofonik
9,cadastral,9,kadastRal
8,cadencer,6,kad@se
8,cadratin,7,kadRat5
8,caducité,8,kadysite
7,cafeton,6,kaf°t§
11,cafouilleux,6,kafuj2
10,cafouillis,6,kafuji
7,caftage,6,kaftaZ
12,café-concert,9,kafek§sER
10,café-crème,8,kafekREm
10,café-hôtel,8,kafeotEl
15,café-restaurant,11,kafeREstOR@
10,café-tabac,8,kafetaba
12,café-théâtre,9,kafeteatR
6,cagade,5,kagad
5,cagne,3,kaN
5,cagot,4,kago
9,cagoulard,7,kagulaR
10,cahin-caha,6,ka5kaa
6,cahors,4,kaOR
8,cahotant,5,kaot@
10,cahotement,7,kaOt°m@
11,cailloutage,7,kajutaZ
10,cailloutis,6,kajuti
7,cairote,5,kEROt
9,caissette,5,kEsEt
9,cajolerie,8,kaZOl°Ri
6,calade,5,kalad
10,calamistré,10,kalamistRe
9,calancher,6,kal@Se
8,calbombe,6,kalb§b
6,calcer,5,kalse
11,calcination,10,kalsinasj§
9,calculant,7,kalkyl@
9,caldarium,9,kaldaRjOm
9,cale-pied,6,kalpje
11,calebassier,9,kal°basje
9,calebombe,7,kal°b§b
13,calembredaine,10,kal@bR°dEn
7,calendo,6,kal@do
8,calendos,6,kal@do
11,caleçonnade,8,kalsonad
6,calfat,5,kalfa
9,calfatage,8,kalfataZ
7,califat,6,kalifa
6,caller,4,kale
13,calligraphier,10,kaligRafje
18,calligraphiquement,13,kaligRafik°m@
9,callipyge,7,kalipiZ
6,calmir,6,kalmiR
10,calorifère,9,kaloRifER
7,calotin,6,kalot5
5,calus,4,kaly
6,camail,5,kamaj
8,camarero,8,kamaReRo
10,camarguais,7,kamaRgE
9,camarilla,8,kamaRija
7,camarin,6,kamaR5
10,camarluche,8,kamaRlyS
7,camaïeu,6,kamaj2
8,camaïeux,6,kamaj2
10,cambrement,7,k@bR°m@
11,camion-grue,8,kamj§gRy
10,campanaire,7,k@panER
9,camphrier,7,k@fRije
11,camping-gaz,8,k@piGgaz
5,campé,4,k@pe
8,campêche,5,k@pES
8,camélidé,8,kamelide
14,canadian river,11,kanadj@Rive
12,canaillement,8,kanaj°m@
11,canaillerie,8,kanaj°Ri
8,cananéen,7,kanane5
10,canapé-lit,8,kanapeli
7,canaque,5,kanak
9,cancanier,7,k@kanje
12,cancoillotte,8,k@kwajOt
10,cancériser,8,k@seRize
11,candidement,8,k@did°m@
9,canebière,8,kan°bjER
11,canepetière,10,kan°p°tjER
9,canetille,7,kan°til
9,canfouine,6,k@fwin
6,cangue,3,k@g
9,caninette,7,kaninEt
7,cannage,5,kanaZ
5,canné,4,kane
13,canoniquement,10,kanonik°m@
8,canonner,6,kanone
7,canoter,6,kanote
8,canotier,7,kanotje
11,cantabrique,8,k@tabRik
6,cantal,5,k@tal
8,canthare,5,k@taR
8,cantiner,6,k@tine
8,cantonal,7,k@tonal
6,cantre,4,k@tR
12,canularesque,10,kanylaREsk
5,canut,4,kany
11,caoutchouté,8,kautSute
11,cap-hornier,8,kapORnje
9,caparaçon,8,kapaRas§
11,capillarité,10,kapilaRite
12,capitalement,10,kapital°m@
8,capitane,7,kapitan
7,capiton,6,kapit§
10,capitonner,8,kapitone
11,capitulaire,9,kapitylER
5,capoc,4,kapo
5,capot,4,kapo
9,capricant,7,kapRik@
9,captation,8,kaptasj§
8,captieux,6,kapsj2
10,capucinade,9,kapysinad
8,capucine,7,kapysin
8,capucino,9,kaputSino
7,capulet,6,kapylE
13,caput mortuum,12,kaputmORtuOm
8,capétien,7,kapesj5
8,caquelon,6,kakEl§
7,carabas,6,kaRaba
6,carabe,5,kaRab
7,carabin,6,kaRab5
7,caracal,7,kaRakal
10,caracolade,9,kaRakolad
10,caracolant,8,kaRakol@
8,caracole,7,kaRakOl
14,caractérologie,13,kaRakteRoloZi
9,carambole,7,kaR@bOl
14,carambouillage,9,kaR@bujaZ
12,carambouille,7,kaR@buj
7,caraque,5,kaRak
13,caravansérail,11,kaRav@seRaj
9,carbonari,9,kaRbonaRi
8,carcajou,7,kaRkaZu
7,cardage,6,kaRdaZ
8,carderie,7,kaRd°Ri
14,cardinal-légat,11,kaRdinalega
9,cardioïde,8,kaRdjoid
7,cardium,7,kaRdjOm
5,caret,4,kaRE
5,carex,6,kaREks
7,carguer,5,kaRge
9,cariatide,8,kaRjatid
12,carillonneur,9,kaRijon9R
10,carillonné,8,kaRijone
9,carissime,7,kaRisim
5,carié,5,kaRje
10,carmagnole,8,kaRmaNOl
5,carme,4,kaRm
6,carmer,5,kaRme
7,carminé,7,kaRmine
10,carnassier,8,kaRnasje
5,carné,5,kaRne
6,carole,5,kaROl
11,carolingien,9,kaRol5Zj5
8,carouble,6,kaRubl
9,caroubler,7,kaRuble
10,caroubleur,8,kaRubl9R
8,carousse,5,kaRus
9,carpillon,7,kaRpij§
7,carrare,5,kaRaR
11,carrossable,8,kaRosabl
9,carrosser,6,kaRose
12,carte-lettre,9,kaRt°lEtR
12,cartomancien,10,kaRtom@sj5
10,cartonnage,8,kaRtonaZ
10,cartonneux,7,kaRton2
10,cartonnier,8,kaRtonje
12,cartoucherie,9,kaRtuS°Ri
13,cartésianisme,12,kaRtezjanizm
6,caréné,6,kaRene
14,carême-prenant,10,kaREmpR°n@
8,casaquin,6,kazak5
10,cascatelle,8,kaskatEl
8,casemate,7,kaz°mat
8,caserner,7,kazERne
7,cassate,5,kasat
12,casse-graine,7,kasgREn
12,casse-gueule,6,kasg9l
9,cassement,6,kas°m@
10,casserolée,8,kas°Role
7,cassier,5,kasje
7,cassine,5,kasin
11,cassitérite,9,kasiteRit
11,castagnette,8,kastaNEt
8,castelet,7,kastElE
8,castreur,7,kastR9R
6,casuel,6,kaz8El
11,casuistique,9,kaz8istik
9,catacombe,7,katak§b
11,catadioptre,10,katadjOptR
9,catalogne,7,katalON
7,catalpa,7,katalpa
9,catarrhal,7,kataRal
10,catarrheux,6,kataR2
18,catastrophiquement,14,katastRofik°m@
14,catastrophisme,12,katastRofizm
7,cathare,5,kataR
12,catherinette,8,katRinEt
11,catholicité,10,katolisite
14,catholiquement,10,katolik°m@
8,cathèdre,6,katEdR
9,cathédral,8,katedRal
7,catiche,5,katiS
10,catoblépas,9,katoblepa
11,catéchumène,9,katekymEn
9,catéchèse,7,kateSEz
13,cauchemardeux,9,koS°maRd2
8,cauchois,5,koSwa
8,caudebec,7,kod°bEk
8,caudillo,6,kodijo
8,caudines,5,kodin
5,cauri,4,koRi
10,causaliste,8,kozalist
6,causse,3,kos
10,caussenard,6,kosnaR
10,causticité,9,kostisite
14,cauteleusement,10,kot°l2z°m@
9,cauteleux,6,kot°l2
7,cautèle,5,kotEl
9,cavaillon,6,kavaj§
10,cavalcader,9,kavalkade
5,caver,4,kave
8,cavillon,6,kavij§
5,cavée,4,kave
6,caïque,4,kaik
5,ceint,2,s5
14,cellulairement,10,selylER°m@
11,celluliteux,8,sElylit2
9,cellérier,7,seleRje
8,celtisme,7,sEltizm
8,cendreux,5,s@dR2
7,censier,5,s@sje
10,censitaire,7,s@sitER
9,centaines,5,s@tEn
11,centralisme,9,s@tRalizm
9,centrouse,6,s@tRuz
7,cercler,6,sERkle
8,cercleux,6,sERkl2
8,cernable,7,sERnabl
7,cerneau,5,sERno
7,cessant,4,sEs@
5,ceste,4,sEst
9,chabanais,6,SabanE
9,chabichou,6,SabiSu
7,chabler,5,Sable
9,chabraque,6,SabRak
8,chaconne,5,SakOn
7,chafaud,4,Safo
5,chaix,2,SE
9,chalouper,6,Salupe
8,chaloupé,6,Salupe
22,chalutier-patrouilleur,15,SalytjepatRuj9R
12,chamaillerie,8,Samaj°Ri
10,chamaillis,6,Samaji
13,chambre-salon,8,S@bRsal§
10,chamoisine,8,Samwazin
10,champenois,7,S@p°nwa
6,champi,4,S@pi
14,champs élysées,7,S@elize
6,chanci,4,S@si
5,chand,2,S@
9,chanfrein,5,S@fR5
11,chanoinesse,8,SanwanEs
11,chanstiquer,7,S@stike
8,chanteau,4,S@to
17,chanteuse-vedette,10,S@t2zv2dEt
11,chantonnant,6,S@ton@
13,chantonnement,8,S@tOn°m@
9,chantoung,5,S@tuG
11,chantourner,7,S@tuRne
8,chançard,5,S@saR
13,chaotiquement,9,kaotik°m@
7,chaouch,4,SauS
11,chapellerie,8,SapEl°Ri
12,chaplinesque,9,SaplinEsk
6,chappe,3,Sap
7,chapska,6,Sapska
11,charançonné,8,SaR@sone
10,charbonner,7,SaRbone
12,charbonnette,8,SaRbonEt
11,charbonneux,7,SaRbon2
12,charbonnière,9,SaRbonjER
6,charca,5,SaRka
12,chardonneret,9,SaRdOn°RE
11,charlataner,9,SaRlatane
13,charnellement,9,SaRnEl°m@
11,charognerie,8,SaRON°Ri
10,charpenter,7,SaRp@te
9,charreton,6,SaR°t§
9,charriage,6,SaRjaZ
9,charriant,5,SaRj@
7,charroi,5,SaRwa
9,chartiste,7,SaRtist
12,chasse-d'eau,5,Sasdo
13,chasse-mouche,6,SasmuS
13,chassé-croisé,10,SasekRwaze
10,chat-huant,4,Sa8@
10,chat-tigre,6,SatigR
8,chatoyer,7,Satwaje
10,chattemite,7,Sat°mit
9,chatterie,6,Sat°Ri
11,chaud-froid,6,SofRwa
13,chaudronnerie,9,SodROn°Ri
11,chaudronnée,7,SodRone
13,chauffe-plats,6,Sofpla
17,chauffeur-livreur,11,Sof9RlivR9R
7,chauler,4,Sole
13,chausse-trape,7,SostRap
14,chausse-trappe,7,SostRap
9,chavignol,7,SaviNOl
9,chavirant,6,SaviR@
8,cheddite,5,SEdit
11,chefs-lieux,6,SEflj2
8,chenillé,6,S°nije
7,chergui,5,SERgi
6,cherté,5,SERte
8,chevaler,6,S°vale
17,chevaleresquement,13,S°val°REsk°m@
8,chevance,5,S°v@s
11,chevaucheur,7,S°voS9R
10,chevillage,7,S°vijaZ
10,chevillard,7,S°vijaR
9,cheviotte,6,S°vjOt
12,chevrotement,9,S°vROt°m@
8,chevêche,5,S°vES
11,chewing-gum,7,SwiGgOm
8,chialeur,6,Sjal9R
7,chibouk,5,Sibuk
9,chicanier,7,Sikanje
8,chicorer,6,SikoRe
8,chicoter,6,Sikote
8,chicotte,5,SikOt
11,chien-assis,6,Sj5asi
12,chien-étoile,8,Sj5etwal
9,chiffrage,6,SifRaZ
14,chimériquement,10,SimeRik°m@
9,chinchard,5,S5SaR
7,chineur,5,Sin9R
11,chinoiserie,9,Sinwaz°Ri
8,chiourme,5,SjuRm
7,chipeur,5,Sip9R
9,chipoteur,7,Sipot9R
11,chippendale,9,Sip9ndEjl
10,chiraquien,7,SiRakj5
12,chiromancien,9,kiRom@sj5
10,chiroubles,6,SiRubl
9,chitineux,6,Sitin2
6,chiton,4,Sit§
8,chlamyde,6,klamid
17,chloroformisation,15,kloRofORmizasj§
14,chlorophyllien,10,kloRofilj5
11,chlorotique,8,kloRotik
7,chnoque,4,SnOk
6,chnord,4,knOR
7,chocard,5,SokaR
6,chorba,5,SORba
6,choser,4,Soze
13,chosification,11,Sozifikasj§
13,chou-palmiste,9,Supalmist
9,chou-rave,5,SuRav
11,chouannerie,7,Swan°Ri
8,choucard,5,SukaR
12,chouchoutage,7,SuSutaZ
12,chouettement,7,SwEt°m@
10,chouraveur,7,SuRav9R
11,choux-raves,5,SuRav
5,choyé,5,Swaje
11,christiania,10,kRistjanja
10,christique,7,kRistik
16,christocentrisme,13,kRistos@tRizm
14,christologique,11,kRistoloZik
11,chromatisme,9,kRomatizm
13,chroniquement,9,kRonik°m@
10,chroniquer,7,kRonike
11,chrysostome,9,kRizostom
6,chrême,4,kREm
6,chtibe,4,Stib
6,chtimi,5,Stimi
8,chtourbe,5,ktuRb
10,chuchoteur,7,SySot9R
9,chuintant,5,S85t@
10,chuintante,6,S85t@t
8,chuinter,5,S85te
15,churrigueresque,10,SyRig°REsk
5,chyle,3,Sil
6,chypre,4,SipR
6,châlit,4,Sali
10,châlonnais,6,SalonE
13,châtaigneraie,8,SatEN°RE
12,château-fort,7,SatofOR
6,châtel,5,SatEl
8,châtelet,6,Sat°lE
11,châtellenie,8,SatEl°ni
8,châtrage,6,SatRaZ
7,châtron,5,SatR§
8,chènevis,6,SEn°vi
11,chèvre-pied,8,SEvR°pje
8,chéfesse,5,SefEs
10,chélidoine,8,kelidwan
7,chéneau,4,Seno
12,chérubinique,9,SeRybinik
11,chétivement,8,Setiv°m@
9,chétivité,8,Setivite
11,chêne-liège,7,SEnljEZ
9,chêneteau,6,SEn°to
9,ci-contre,6,sik§tR
7,ciboule,5,sibul
12,cicatrisable,11,sikatRizabl
9,cicindèle,7,sis5dEl
7,cigalou,6,sigalu
6,cigler,5,sigle
9,cillement,6,sij°m@
7,cimaise,5,simEz
7,cinabre,6,sinabR
10,cinghalais,6,s5galE
10,cinglement,7,s5gl°m@
7,cingler,5,s5gle
7,cinname,5,sinam
18,cinquante-huitième,11,s5k@t8itjEm
18,cinquante-neuvième,11,s5k@tn9vjEm
17,cinquante-sixième,11,s5k@tsizjEm
19,cinquante-troisième,13,s5k@ttRwazjEm
9,ciné-club,8,sinekl9b
10,ciné-roman,8,sineRom@
9,cinéraire,7,sineRER
8,cinérama,8,sineRama
7,cipolin,6,sipol5
8,circaète,7,siRkaEt
15,circonvallation,12,siRk§valasj§
14,circulairement,11,siRkylER°m@
9,circulant,7,siRkyl@
11,circularité,11,siRkylaRite
5,ciron,4,siR§
10,cisaillage,7,sizajaZ
10,cisaillant,6,sizaj@
7,ciselet,6,siz°lE
8,ciselure,7,siz°lyR
10,cistercien,9,sistERsj5
12,cité-dortoir,11,sitedORtwaR
11,cité-jardin,9,siteZaRd5
12,civilisateur,11,sivilizat9R
8,claboter,7,klabote
8,clafouti,7,klafuti
9,clairette,6,klEREt
11,claironnant,7,klERon@
8,clamecer,7,klam°se
6,claper,5,klape
8,clapette,6,klapEt
6,clapir,6,klapiR
9,clapotant,7,klapot@
11,clapotement,9,klapOt°m@
10,clappement,7,klap°m@
11,claquemurer,9,klak°myRe
14,classificateur,12,klasifikat9R
13,classiquement,9,klasik°m@
10,claudicant,7,klodik@
8,clavaire,6,klavER
12,claveciniste,11,klav°sinist
6,clayon,5,klEj§
7,clenche,4,kl@S
9,clepsydre,8,klEpsidR
8,clergeon,6,klERZ§
11,clermontois,9,klERm§twa
8,clichage,6,kliSaZ
9,clicherie,7,kliS°Ri
8,clicheur,6,kliS9R
10,client-roi,8,klij@Rwa
10,clignoteur,8,kliNot9R
7,clinche,4,kl5S
10,cliquetant,7,klik°t@
13,cliquettement,9,klikEt°m@
12,cliquètement,9,klikEt°m@
7,cloacal,7,kloakal
4,cloc,4,klOk
12,clochardiser,10,kloSaRdize
9,clocheton,7,klOS°t§
10,cloisonner,8,klwazone
7,clopeur,6,klop9R
14,clopin-clopant,10,klop5klop@
7,cloquer,5,kloke
6,cloqué,5,kloke
7,clouage,5,kluaZ
7,cloueur,5,klu9R
8,cloutage,6,klutaZ
9,clownerie,7,klun°Ri
7,clubman,7,kl9bman
9,clunisien,8,klynizj5
5,cluse,4,klyz
12,cléricalisme,11,kleRikalizm
11,cléricature,10,kleRikatyR
12,co-existence,10,koEgzist@s
12,co-propriété,11,kopRopRiete
9,co-tuteur,7,kotyt9R
10,coadjuteur,9,koadZyt9R
8,coaliser,7,koalize
7,coaltar,6,kOltaR
8,cocarder,7,kOkaRde
11,cocassement,8,kOkas°m@
8,cochelet,6,koS°lE
12,cochonnaille,7,koSonaj
8,cochylis,7,kokilis
7,cocoter,6,kokote
7,coction,6,koksj§
7,cocuage,6,kok8aZ
9,coercitif,9,koERsitif
7,coffiot,5,kOfjo
9,cognement,6,kON°m@
8,coinceur,6,kw5s9R
8,coincher,5,kw5Se
8,coinstot,6,kw5sto
8,coinçage,6,kw5saZ
7,colback,6,kOlbak
9,colchique,6,kOlSik
8,colcotar,8,kOlkotaR
11,colis-repas,8,koliR°pa
18,collaborationniste,15,kolaboRasjonist
9,colletage,7,kOl°taZ
8,colletin,6,kOl°t5
11,collimation,9,kolimasj§
9,colloquer,6,koloke
8,colloïde,6,koloid
10,collutoire,8,kolytwaR
10,collégiale,8,koleZjal
12,collégialité,11,koleZjalite
10,colombelle,7,kol§bEl
7,colombo,6,kol§bo
12,colonialiste,11,kolonjalist
12,colonisateur,11,kolonizat9R
10,colonnette,7,kolonEt
10,coloquinte,7,kolok5t
13,cols-de-cygne,8,kOld°siN
6,coltin,5,kOlt5
9,coltinage,8,kOltinaZ
9,coltineur,8,kOltin9R
11,columbarium,10,kol§baRjOm
13,coléreusement,10,kOleR2z°m@
8,combette,5,k§bEt
8,combisme,6,k§bizm
8,comblant,5,k§bl@
12,combourgeois,8,k§buRZwa
6,comice,5,komis
9,commensal,7,kom@sal
13,commensalisme,10,kom@salizm
13,commensurable,10,kom@syRabl
10,commençant,6,kom@s@
12,comminatoire,10,kominatwaR
10,commissure,7,komisyR
16,commode-toilette,11,kOmOdtwalEt
15,communicabilité,14,komynikabilite
12,communicable,10,komynikabl
11,communisant,8,komyniz@
7,comnène,6,kOmnEn
9,compacité,8,k§pasite
9,comparant,6,k§paR@
15,compartimentage,12,k§paRtim@taZ
8,compassé,6,k§pase
9,compisser,6,k§pise
14,complet-veston,10,k§plEvEst§
6,complu,5,k§ply
18,complémentairement,13,k§plem@tER°m@
18,comportementalisme,15,k§pORt°m@talizm
9,composter,7,k§poste
10,composteur,8,k§post9R
9,compotier,7,k§potje
10,comprimant,7,k§pRim@
16,comptabilisation,13,k§tabilizasj§
11,compte-fils,6,k§tfis
11,compulsoire,9,k§pylswaR
6,comput,5,k§pyt
6,comtal,5,k§tal
7,comtois,5,k§twa
10,concassage,7,k§kasaZ
9,concavité,8,k§kavite
12,concentrique,8,k§s@tRik
8,concetto,6,k§sEto
11,conciliable,9,k§siljabl
8,conclave,6,k§klav
11,conclaviste,9,k§klavist
11,concomitant,8,k§komit@
9,concordat,7,k§kORda
13,concurremment,8,k§kyRam@
15,concussionnaire,10,k§kysjonER
9,concédant,6,k§sed@
18,conditionnellement,13,k§disjonEl°m@
11,condottiere,8,k§dotjeR
11,condottieri,8,k§dotiRi
19,conduite-intérieure,13,k§d8it5teRj9R
9,confiteor,8,k§fiteOR
13,conflagration,11,k§flagRasj§
9,confluent,6,k§fly@
10,confondant,6,k§f§d@
8,conformé,7,k§fORme
18,confraternellement,14,k§fRatERnEl°m@
13,confraternité,12,k§fRatERnite
10,confédéral,9,k§fedeRal
10,confédérer,8,k§fedeRe
7,conféré,6,k§feRe
12,conglobation,10,k§globasj§
13,congréganiste,11,k§gReganist
10,congrûment,7,k§gRym@
15,congénitalement,12,k§Zenital°m@
9,congénère,7,k§ZenER
11,conjectural,10,k§ZEktyRal
13,conjugalement,10,k§Zygal°m@
11,conjugalité,10,k§Zygalite
8,conjungo,6,k§j§Go
7,conjuré,6,k§ZyRe
9,connement,6,kOn°m@
7,connexe,6,konEks
7,conoïde,6,konoid
10,consacrant,7,k§sakR@
11,consistoire,9,k§sistwaR
12,consistorial,11,k§sistoRjal
9,consolidé,8,k§solide
8,consoude,5,k§sud
11,conspiratif,10,k§spiRatif
9,constellé,7,k§stEle
10,constipant,7,k§stip@
14,consubstantiel,12,k§sypst@sjEl
11,consultable,9,k§syltabl
10,consumable,8,k§symabl
11,consumation,9,k§symasj§
11,consécution,9,k§sekysj§
13,contemplateur,10,k§t@plat9R
17,contemplativement,13,k§t@plativ°m@
10,contiguïté,9,k§tig8ite
18,contradictoirement,15,k§tRadiktwaR°m@
15,contrapunctique,11,k§tRap§ktik
11,contrastant,8,k§tRast@
12,contre-appel,8,k§tRapEl
16,contre-assurance,10,k§tRasyR@s
12,contre-champ,7,k§tR°S@
12,contre-chant,7,k§tR°S@
14,contre-exemple,10,k§tREgz@pl
11,contre-feux,7,k§tR°f2
10,contre-fil,8,k§tR°fil
10,contre-gré,8,k§tR2gRe
11,contre-lame,8,k§tR°lam
13,contre-lettre,9,k§tR°lEtR
11,contre-mine,8,k§tR°min
12,contre-pente,8,k§tR°p@t
14,contre-réforme,11,k§tR°RefORm
17,contre-terroriste,13,k§tR°tERoRist
11,contre-test,9,k§tR°tEst
11,contre-voie,8,k§tR°vwa
14,contre-épreuve,9,k§tRepR9v
11,contrecollé,9,k§tR°kole
11,contrefiche,8,k§tR°fiS
15,contremaîtresse,11,k§tR°mEtREs
12,contrepoison,10,k§tR°pwaz§
13,contrepèterie,11,k§tR°pEt°Ri
10,contrevent,7,k§tR°v@
12,contrevérité,11,k§tR°veRite
8,contumax,8,k§tymaks
12,conventicule,9,k§v@tikyl
10,conventuel,8,k§v@t8El
16,conventuellement,11,k§v@t8El°m@
9,convexité,9,k§vEksite
10,convoiteur,8,k§vwat9R
10,convoiteux,7,k§vwat2
15,convulsionnaire,11,k§vylsjonER
8,convulsé,7,k§vylse
10,cooccupant,7,kookyp@
7,copaïba,7,kopaiba
8,copineur,7,kopin9R
5,copla,5,kopla
10,coprologie,9,kopRoloZi
12,coprologique,10,kopRoloZik
10,coprophage,8,kopRofaZ
10,coprophile,8,kopRofil
5,copte,4,kOpt
8,copulant,6,kopyl@
11,coq-à-l'âne,7,kOkalan
8,coquebin,6,kOk°b5
8,coquelle,5,kokEl
8,coquemar,7,kOk°maR
8,coquetel,7,kOk°tEl
12,coquettement,8,kokEt°m@
10,coquillart,7,kokijaR
10,coquilleux,6,kokij2
11,coquinement,8,kokin°m@
4,cora,4,koRa
9,corbières,7,kORbjER
9,cordelier,8,kORd°lje
8,corderie,7,kORd°Ri
10,cordiforme,9,kORdifORm
8,cordouan,6,kORdu@
5,cordé,5,kORde
9,coriacité,9,koRjasite
8,corindon,6,koR5d§
8,corinthe,5,kOR5t
9,cornaline,8,kORnalin
8,cornecul,7,kORn°ky
10,cornouille,6,kORnuj
5,corné,5,kORne
6,corozo,6,koRozo
10,corps-mort,6,kORmOR
8,corpsard,8,kORpsaRd
17,correctionnaliser,14,koREksjonalize
9,corrector,8,koREktOR
9,corrodant,6,koRod@
8,corroder,6,koRode
10,corroierie,7,koRwaRi
15,corrélativement,12,koRelativ°m@
8,corselet,7,kORs°lE
11,coruscation,10,koRyskasj§
9,corvéable,8,kORveabl
8,coryphée,6,koRife
7,coryste,6,koRist
6,coryza,6,koRiza
10,cosmogonie,9,kOsmogoni
12,cosmogonique,10,kOsmogonik
12,cosmographie,10,kOsmogRafi
10,cosmologue,8,kOsmolOg
14,cosmopolitisme,13,kOsmopolitizm
6,cossus,4,kosy
11,cosy-corner,10,kozikORnER
7,coterie,6,kOt°Ri
8,cothurne,6,kotyRn
8,cotisant,6,kotiz@
9,cotonnade,7,kotonad
9,cotonnier,7,kotonje
8,cotriade,8,kotRijad
7,coturne,6,kotyRn
8,couaille,4,kwaj
8,couaquer,5,kwake
11,couchailler,6,kuSaje
8,couchoir,6,kuSwaR
8,coudoyer,7,kudwaje
9,coudreuse,6,kudR2z
9,couillard,5,kujaR
8,couinant,5,kwin@
10,coulemelle,7,kul°mEl
6,coulis,4,kuli
10,coulissant,6,kulis@
10,coulissier,7,kulisje
15,couloir-symbole,11,kulwaRs5bOl
12,coupablement,9,kupabl°m@
10,coupe-pâte,6,kuppat
9,couperosé,8,kup°Roze
6,couplé,5,kuple
14,coups-de-poing,7,kud°pw5
11,cour-jardin,8,kuRZaRd5
8,courette,5,kuREt
12,courriériste,9,kuRjeRist
14,courtelinesque,11,kuRtElinEsk
10,courtement,7,kuRt°m@
11,courtilière,9,kuRtiljER
8,courtine,6,kuRtin
13,courtisanerie,11,kuRtizan°Ri
12,cous-de-pied,7,kud°pje
8,cousette,5,kuzEt
9,cousinage,7,kuzinaZ
6,coutil,4,kuti
14,coutumièrement,11,kutymjER°m@
7,couturé,6,kutyRe
9,couvaison,6,kuvEz§
10,couventine,7,kuv@tin
6,couvet,4,kuvE
7,cow-boy,5,kobOj
8,coxalgie,8,kOksalZi
10,coxalgique,9,kOksalZik
12,coûteusement,8,kut2z°m@
9,crabillon,7,kRabij§
10,crachement,7,kRaS°m@
9,crachiner,7,kRaSine
10,crachotant,7,kRaSot@
12,crachotement,9,kRaSOt°m@
9,crachoter,7,kRaSote
10,crachoteux,7,kRaSot2
13,craintivement,9,kR5tiv°m@
9,crampette,6,kR@pEt
9,craonnais,6,kRaonE
14,crapuleusement,11,kRapyl2z°m@
12,craquèlement,9,kRakEl°m@
7,craquée,5,kRake
7,craspec,7,kRaspEk
8,crassula,7,kRasyla
9,crataegus,8,kRategys
7,cravant,5,kRav@
9,cravatage,8,kRavataZ
9,cravateur,8,kRavat9R
5,crawl,4,kRol
6,crawlé,5,kRole
12,crayon-encre,8,kREj§@kR
10,crayonnage,8,kREjonaZ
9,crayonner,7,kREjone
10,crayonneur,8,kREjon9R
12,cressonnette,8,kREsonEt
12,cressonnière,9,kResonjER
10,creusement,7,kR2z°m@
7,crevage,6,kR°vaZ
9,crevasser,7,kR°vase
12,criaillement,8,kRiaj°m@
9,criailler,6,kRiaje
11,criaillerie,8,kRiaj°Ri
9,cric-crac,8,kRikkRak
10,cris-craft,8,kRikRaft
16,cristallographie,13,kRistalogRafi
12,cristalloïde,10,kRistaloid
9,croa-croa,8,kRoakRoa
7,crobard,6,kRObaR
7,crocher,5,kRoSe
14,crocs-en-jambe,8,kRok@Z@b
9,croisette,7,kRwazEt
10,croisillon,8,kRwazij§
8,cromorne,7,kRomORn
9,cronstadt,7,kR§stat
9,croqueton,7,kROk°t§
14,croquis-minute,10,kRokiminyt
6,crosne,4,kROn
6,crossé,5,kRose
9,crouillat,5,kRuja
8,crouille,4,kRuj
10,croulement,7,kRul°m@
8,croupade,6,kRupad
11,croupissoir,9,kRupiswaR
11,croupissure,8,kRupisyR
7,croupon,5,kRup§
13,croustillance,9,kRustij@s
11,croustillon,8,kRustij§
12,crucialement,10,kRysjal°m@
10,crucifiant,8,kRysifj@
12,crucifiement,9,kRysifim@
9,crucifère,8,kRysifER
13,cruciverbiste,12,kRysivERbist
10,cryptogame,9,kRiptogam
8,crânerie,7,kRan°Ri
8,crédence,6,kRed@s
7,crémone,6,kRemOn
7,crénelé,7,kRen°le
5,crépi,5,kRepi
7,crépine,6,kRepin
10,crépinette,8,kRepinEt
6,crépir,6,kRepiR
10,crépissage,8,kRepisaZ
8,créquier,6,kRekje
8,crételle,6,kRetEl
11,crétinisant,9,kRetiniz@
13,crétinisation,12,kRetinizasj§
9,crêpelure,8,kREp°lyR
9,cuadrilla,8,kwadRija
9,cuilleron,7,k8ij°R§
9,cuirasser,7,k8iRase
10,cuisinette,8,k8izinEt
13,cuisse-madame,9,k8ismadam
9,cuissette,6,k8isEt
9,cuistance,7,k8ist@s
10,cuistrerie,9,k8istR°Ri
11,cul-de-four,7,kyd°fuR
12,cul-de-plomb,6,kydpl§
12,cul-de-poule,6,kydpul
10,culminance,8,kylmin@s
8,culotter,6,kylote
9,culottier,7,kylotje
19,culs-de-basse-fosse,10,kyd°basfos
5,culée,4,kyle
10,cumulation,9,kymylasj§
12,cunnilinctus,10,kynil5ktys
10,cupidement,8,kypid°m@
9,cupressus,7,kypREsy
6,curage,5,kyRaZ
8,curaille,5,kyRaj
10,curarisant,8,kyRaRiz@
7,curcuma,7,kyRkyma
6,curial,6,kyRjal
7,curiste,6,kyRist
10,curviligne,8,kyRviliN
7,custode,6,kystOd
13,cuti-réaction,11,kytiReaksj§
6,cuveau,4,kyvo
6,cuvier,5,kyvje
11,cyclo-cross,9,siklokROs
9,cyclopéen,8,siklope5
9,cycloïdal,9,sikloidal
8,cymbalum,7,s5balOm
11,cyniquement,8,sinik°m@
11,cynégétique,9,sineZetik
6,cyprin,5,sipR5
9,cyprinidé,9,sipRinide
8,cypriote,8,sipRijOt
6,cyrard,5,siRaR
4,czar,4,kzaR
10,câlinement,8,kalin°m@
9,cédratier,8,sedRatje
9,cédulaire,7,sedylER
9,cégétiste,8,seZetist
8,célinien,7,selinj5
10,célérifère,9,seleRifER
5,cépée,4,sepe
8,céruléen,7,seRyle5
6,céruse,5,seRyz
6,cérusé,6,seRyze
9,céréalier,8,seRealje
11,cérébralité,11,seRebRalite
7,cétoine,6,setwan
9,cévadille,7,sevadil
7,cévenol,7,sev°nOl
7,cézigue,5,sezig
14,côtes-du-rhône,8,kotdyRon
4,dabe,3,dab
7,dabuche,5,dabyS
5,dache,3,daS
7,dacique,5,dasik
7,dactyle,6,daktil
13,dactylographe,11,daktilogRaf
6,daguet,4,dagE
6,dahlia,5,dalja
5,daine,3,dEn
8,dakarois,7,dakaRwa
10,dalaï-lama,9,dalailama
9,damasquin,7,damask5
13,damasquinerie,11,damaskin°Ri
12,damasquinure,10,damaskinyR
10,damasquiné,9,damaskine
7,damassé,6,damase
7,dameret,6,dam°RE
5,dames,3,dam
7,danaïde,6,danaid
11,dandinement,8,d@din°m@
8,dandysme,6,d@dizm
9,dansotter,6,d@sote
8,danubien,7,danybj5
5,darne,4,daRn
5,darse,4,daRs
6,dasein,4,daz5
7,datable,6,databl
7,dattier,5,datje
9,dauphinat,6,dofina
9,de amicis,8,deamikis
9,de auditu,7,deodity
7,debater,6,d°bate
11,decrescendo,10,dEkReSEndo
11,della porta,9,dElapORta
12,della robbia,9,dElaRObja
12,demi-barbare,10,d2mibaRbaR
12,demi-bonheur,9,d2mibOn9R
12,demi-brigade,10,d°mibRigad
11,demi-centre,8,d2mis@tR
12,demi-chagrin,9,d°miSagR5
10,demi-clair,8,d2miklER
11,demi-clarté,10,d2miklaRte
12,demi-cloison,10,d2miklwaz§
15,demi-confidence,11,d2mik§fid@s
15,demi-conscience,10,d2mik§sj@s
13,demi-cylindre,10,d2misil5dR
10,demi-deuil,7,d°mid9j
11,demi-dévêtu,10,d°midevEty
11,demi-figure,9,d°mifigyR
9,demi-juif,8,d2miZ8if
12,demi-liberté,11,d2milibERte
10,demi-louis,7,d2milwi
10,demi-lueur,8,d2mily9R
12,demi-lumière,10,d2milymjER
9,demi-luxe,8,d2milyks
8,demi-mal,7,d°mimal
10,demi-mille,7,d2mimil
15,demi-millimètre,12,d2mimilimEtR
9,demi-muid,7,d°mim8i
10,demi-mètre,8,d2mimEtR
7,demi-nu,6,d2miny
14,demi-obscurité,13,d2miOpskyRite
12,demi-ouvrier,10,d°miuvRije
12,demi-pension,9,d°mip@sj§
17,demi-pensionnaire,12,d°mip@sjonER
13,demi-personne,10,d2mipERsOn
9,demi-pied,7,d2mipje
10,demi-pièce,8,d°mipjEs
10,demi-porte,8,d2mipORt
10,demi-quart,7,d°mikaR
13,demi-réussite,10,d2miReysit
14,demi-révérence,11,d2miReveR@s
9,demi-rêve,8,d2miREve
11,demi-saison,8,d°misEz§
12,demi-section,10,d2misEksj§
15,demi-somnolence,12,d2misOmnOl@s
12,demi-sourire,9,d°misuRiR
11,demi-succès,9,d°misyksE
12,demi-suicide,10,d°mis8isid
8,demi-ton,6,d°mit§
12,demi-tonneau,8,d°mitono
10,demi-vertu,9,d2mivERty
11,demi-volume,9,d2mivOlym
10,demi-volée,8,d°mivole
10,demi-échec,8,d°mieSEk
11,dentellière,8,d@t2ljER
5,denté,4,d@te
9,dermatose,8,dERmatoz
12,descriptible,11,deskRiptibl
8,desdites,5,dedit
7,desdits,4,dedi
15,dessaisissement,10,desezis°m@
7,dessalé,6,desale
8,dessaper,5,dsape
8,desserre,5,desER
9,dessertir,8,desERtiR
10,desservant,7,desERv@
9,dessiller,6,desije
8,destiner,7,destine
6,deuche,3,d2S
12,deux-chevaux,6,d2S°vo
10,deux-ponts,4,d2p§
6,dextre,6,dEkstR
10,dextrement,9,dEkstR°m@
10,diaconesse,8,djakonEs
8,diaconie,7,djakoni
8,diagonal,8,djagonal
12,dialecticien,11,djalEktisj5
11,dialoguiste,9,djalogist
12,diamantifère,10,djam@tifER
8,diamanté,7,djam@te
6,diapré,6,djapRe
8,diaspora,8,djaspoRa
8,diastole,7,djastOl
10,diatonique,8,djatonik
10,dichroïsme,8,dikRoizm
7,dicible,6,disibl
14,didactiquement,11,didaktik°m@
13,dieffenbachia,10,dif9nbaRja
13,difficultueux,10,difikylt82
9,diffusant,6,difyz@
11,différencié,9,difeR@sje
18,dignus est intrare,16,dignusEstintRaRe
9,dijonnais,6,diZonE
12,dilapidation,11,dilapidasj§
9,dilatable,8,dilatabl
9,dilection,8,dilEksj§
13,dilettantisme,10,dilet@tizm
8,diluvien,7,dilyvj5
10,dinanderie,8,din@d°Ri
7,dinguer,4,d5ge
6,diodon,5,djod§
7,dioptre,6,djOptR
10,diphtongue,6,dift§g
9,diphényle,7,difenil
7,directo,7,diREkto
8,dirimant,6,diRim@
12,disciple-roi,10,disipl°Rwa
10,discontinu,9,disk§tiny
13,discutailleur,10,diskytaj9R
6,disert,5,dizER
16,disgracieusement,13,disgRasj2z°m@
10,disjoindre,8,disZw5dR
11,disjonction,9,disZ§ksj§
8,diskette,6,diskEt
16,dispendieusement,12,disp@dj2z°m@
12,dispensateur,10,disp@sat9R
12,dispensation,10,disp@sasj§
10,dispersant,8,dispERs@
9,disposant,7,dispoz@
9,disputeur,8,dispyt9R
12,dissemblance,8,dis@bl@s
9,dissonant,6,dison@
13,dissymétrique,10,disimetRik
9,distendre,7,dist@dR
10,dithyrambe,7,ditiR@b
4,dito,4,dito
7,diurnal,7,djyRnal
8,divagant,6,divag@
10,divagation,9,divagasj§
4,dive,3,div
12,divertimento,12,divERtimEnto
11,divinatoire,10,divinatwaR
10,divinisant,8,diviniz@
13,divisionnisme,11,divizjonizm
6,dièdre,5,djEdR
6,djebel,6,dZebEl
6,djemââ,6,dZemaa
5,doche,3,dOS
9,doctement,7,dOkt°m@
8,doctoral,8,dOktoRal
9,doctrinal,9,dOktRinal
9,dodeliner,8,dod°line
10,dodécagone,9,dodekagon
14,dodécaphoniste,12,dodekafonist
9,dogaresse,7,dogaREs
6,doguin,4,dog5
8,doigtier,6,dwatje
6,dolent,4,dOl@
15,dolichocéphalie,12,dolikosefali
6,dolman,5,dOlm@
6,dolmen,6,dOlmEn
9,dolorisme,8,doloRizm
9,doloriste,8,doloRist
8,doléance,6,dole@s
8,domanial,8,domanjal
14,domestiquement,11,dOmEstik°m@
13,domiciliation,12,domisiljasj§
10,domicilier,9,domisilje
8,domptage,6,d§ptaZ
8,dondaine,5,d§dEn
12,donjuanesque,9,d§Z8anEsk
11,donjuanisme,9,d§Z8anizm
16,donquichottesque,10,d§kiSOtEsk
6,dorage,5,doRaZ
9,dormition,8,dORmisj§
8,dosseret,6,dos°RE
8,dossière,6,dosjER
5,douar,4,dwaR
16,double-décimètre,13,dubl°desimEtR
8,doubleau,5,dublo
7,doublet,5,dublE
14,doucereusement,10,dus°R2z°m@
12,doucettement,8,dusEt°m@
8,doucheur,5,duS9R
6,doucin,4,dus5
7,douelle,4,dwEl
5,douer,3,dwe
5,doura,4,duRa
5,douro,4,duRo
8,doutance,5,dut@s
12,douteusement,8,dut2z°m@
8,douçâtre,6,dusatR
4,down,4,dawn
14,downing street,11,dawniGstRit
7,doyenné,7,dwajEne
8,drageoir,7,dRaZwaR
10,draisienne,7,dREzjEn
8,draperie,7,dRap°Ri
7,drapier,6,dRapje
5,drave,4,dRav
6,drepou,5,dREpu
8,dressant,5,dREs@
10,dressement,7,dREs°m@
11,dreyfusisme,9,dREfyzizm
9,dribbleur,7,dRibl9R
7,drogman,7,dROgman
7,droguet,5,dRogE
9,droit-fil,7,dRwafil
5,dross,4,dROs
8,drossart,6,dRosaR
7,drosser,5,dRose
9,druidisme,8,dR8idizm
6,dryade,6,dRijad
10,dubitation,9,dybitasj§
14,dubitativement,12,dybitativ°m@
7,ducaton,6,dykat§
11,duffle-coat,9,d9f9lkOwt
4,duit,3,d8i
7,dumping,6,d9mpiG
6,dundee,5,d9ndi
9,dunkerque,6,d1kERk
5,duodi,5,d8odi
11,durablement,9,dyRabl°m@
8,duraille,5,dyRaj
9,duralumin,8,dyRalym5
8,durillon,6,dyRij§
6,duveté,6,dyv°te
12,dysentérique,9,dis@teRik
10,dyspnéique,8,dispneik
7,dytique,5,ditik
13,déambulatoire,11,de@bylatwaR
11,débagoulage,9,debagulaZ
12,déballonnage,9,debalonaZ
11,déballonner,8,debalone
10,débaptiser,8,debatize
8,débarbot,7,debaRbo
9,débardage,8,debaRdaZ
8,débarder,7,debaRde
8,débarrer,6,debaRe
9,débatteur,7,debat9R
9,débectage,8,debEktaZ
10,débectance,8,debEkt@s
12,débilitation,11,debilitasj§
8,débiller,6,debije
8,débitage,7,debitaZ
8,débitant,6,debit@
6,déblai,5,deblE
10,débobinage,9,debobinaZ
9,débobiner,8,debobine
7,déboire,6,debwaR
8,débonder,6,deb§de
6,débord,5,debOR
9,déboucler,7,debukle
11,déboulonner,8,debulone
7,déboulé,6,debule
10,débourrage,7,debuRaZ
12,débraguetter,9,debRagEte
12,débrouillage,8,debRujaZ
15,débrouillardise,11,debRujaRdiz
8,débucher,6,debySe
10,décacheter,8,dekaS°te
12,décadentisme,10,dekad@tizm
6,décadi,6,dekadi
9,décaisser,6,dekEse
9,décalitre,8,dekalitR
10,décalotter,8,dekalote
8,décalque,6,dekalk
10,décambuter,8,dek@byte
9,décamètre,8,dekamEtR
10,décaniller,8,dekanije
8,décapeur,7,dekap9R
8,décapode,7,dekapOd
10,décapotage,9,dekapotaZ
9,décapoter,8,dekapote
13,décapuchonner,10,dekapySone
12,décarpillage,10,dekaRpijaZ
11,décarpiller,9,dekaRpije
9,décarrade,7,dekaRad
7,décatir,7,dekatiR
11,décembriste,9,des@bRist
16,décentralisation,14,des@tRalizasj§
11,décervelage,10,desERv°laZ
7,déchard,5,deSaR
12,décharnement,9,deSaRn°m@
9,décharner,7,deSaRne
6,décher,4,deSe
12,déchiquetage,9,deSik°taZ
9,déchirage,7,deSiRaZ
12,déclassement,9,deklas°m@
7,déclive,6,dekliv
14,décolonisation,13,dekolonizasj§
9,décolérer,8,dekoleRe
12,décomposable,10,dek§pozabl
15,déconcentration,12,dek§s@tRasj§
9,déconnage,7,dekonaZ
11,déconomètre,10,dekonomEtR
11,déconophone,9,dekonofOn
11,déconsigner,8,dek§siNe
11,décorticage,10,dekORtikaZ
10,décortiqué,9,dekORtike
8,découplé,7,dekuple
7,décours,5,dekuR
12,décramponner,9,dekR@pone
6,décrié,7,dekRije
10,décrochant,7,dekRoS@
12,décrochement,9,dekROS°m@
16,décrochez-moi-ça,12,dekRoSemwasa
10,décrottoir,9,dekRotwaR
7,décroît,6,dekRwa
9,décrêpage,8,dekREpaZ
9,déculotté,8,dekylote
11,dédaigneuse,7,dedEN2z
11,dédicatoire,10,dedikatwaR
9,déducteur,8,dedykt9R
9,défarguer,7,defaRge
15,défavorablement,13,defavoRabl°m@
10,défectible,9,defEktibl
15,défectueusement,12,defEkt82z°m@
9,déferlant,7,defERl@
7,déferré,6,defERe
12,définissable,10,definisabl
11,défloraison,9,defloREz§
11,défoncement,8,def§s°m@
8,défrayer,7,defReje
10,défraîchir,8,defReSiR
10,défrichage,8,defRiSaZ
12,défrichement,9,defRiS°m@
8,défunter,6,def1te
11,défécatoire,10,defekatwaR
8,déférent,6,defeR@
9,dégauchir,7,degoSiR
14,dégauchisseuse,9,degoSis2z
11,dégorgement,9,degORZ°m@
11,dégoulinade,9,degulinad
9,dégoutter,6,degute
11,dégoûtation,9,degutasj§
10,dégriffeur,8,degRif9R
9,dégripper,7,degRipe
11,dégrouiller,7,degRuje
8,dégréner,7,degRene
11,dégueulando,8,deg2l@do
14,dégueulasserie,10,deg2las°Ri
7,déhaler,5,deale
8,déhotter,5,deote
7,déicide,6,deisid
11,déification,10,deifikasj§
7,déifier,6,deifje
9,déjection,8,deZEksj§
6,déjeté,6,dEZ°te
15,dékoulakisation,13,dekulakizasj§
7,délacer,6,delase
12,délaissement,8,delEs°m@
7,délaver,6,delave
6,délayé,6,deleje
10,délimitant,8,delimit@
12,délimitation,11,delimitasj§
5,délié,5,delje
9,délourder,7,deluRde
9,délustrer,8,delystRe
15,délégué-général,13,delegeZeneRal
8,délétère,7,deletER
9,démailler,6,demaje
11,démailloter,8,demajote
9,démancher,6,dem@Se
12,démaquillant,8,demakij@
9,démerdard,8,demERdaR
14,démobilisateur,13,demobilizat9R
7,démoder,6,demode
17,démographiquement,13,demogRafik°m@
14,démoniaquement,11,demOnjak°m@
9,démotique,7,demotik
16,démultiplicateur,15,demyltiplikat9R
16,démultiplication,15,demyltiplikasj§
12,démultiplier,12,demyltiplije
8,démurger,7,demyRZe
9,démuseler,8,demyz°le
9,démériter,8,demeRite
8,démêloir,8,demElwaR
12,déniaisement,9,denjEz°m@
8,dénivelé,8,deniv°le
12,dénombrement,9,den§bR°m@
9,dénominer,8,denOmine
8,dénommer,6,denome
7,dénoter,6,denote
10,dénoyauter,9,denwajote
8,déparler,7,depaRle
7,dépaver,6,depave
14,dépenaillement,10,dep°naj°m@
9,dépendeur,7,dep@d9R
8,dépeuplé,7,dep9ple
7,dépiler,6,depile
9,dépiquage,7,depikaZ
8,dépiquer,6,depike
9,dépliable,9,deplijabl
10,dépliement,7,deplim@
11,déploration,10,deploRasj§
12,dépopulation,11,depopylasj§
6,déport,5,depOR
8,déposant,6,depoz@
12,dépossession,9,deposesj§
9,déprendre,7,depR@dR
11,déprédateur,10,depRedat9R
11,déprédation,10,depRedasj§
10,députation,9,depytasj§
12,député-maire,9,depytemER
13,dépérissement,10,depeRis°m@
9,déquiller,6,dekije
10,déracinant,8,deRasin@
17,déraisonnablement,13,deREzonabl°m@
20,déresponsabilisation,18,deREsp§sabilizasj§
13,dérouillement,8,deRuj°m@
12,désabusement,10,dezabyz°m@
9,désabuser,8,dezabyze
11,désaccorder,9,dezakORde
14,désaffectation,12,dezafEktasj§
11,désaffecter,9,dezafEkte
13,désaliénation,12,dezaljenasj§
8,désamour,7,dezamuR
9,désangler,7,des@gle
10,désapeurer,8,dezap9Re
15,désappointement,11,dezapw5t°m@
10,désargenté,9,dezaRZ@te
15,désarticulation,14,dezaRtikylasj§
12,désarticuler,11,dezaRtikyle
8,désaveux,6,dezav2
10,désaxement,9,dezaks°m@
9,désembuer,7,dez@b8e
10,désemparer,8,dez@paRe
12,désenchanter,8,dez@S@te
15,désenchaînement,10,dez@SEn°m@
12,désenchaîner,8,dez@SEne
14,désenclavement,11,dez@klav°m@
10,désengluer,8,dez@glye
12,désengourdir,10,dez@guRdiR
11,désensabler,9,dez@sable
13,désensorceler,11,dez@sORs°le
19,déshabillage-éclair,14,dezabijaZeklER
9,déshabité,8,dezabite
11,désharmonie,9,dezaRmoni
10,déshérence,7,dezeR@s
11,désincarner,9,dez5kaRne
10,désincarné,9,dez5kaRne
9,désinence,7,dezin@s
12,désirabilité,12,deziRabilite
13,désobligeance,10,dezobliZ@s
6,désodé,6,dezode
9,désoeuvre,6,dez9vR
9,désoeuvré,7,dez9vRe
14,désordonnément,11,dezORdonem@
15,désorganisateur,14,dezORganizat9R
18,déspiritualisation,17,despiRit8alizasj§
15,déspiritualiser,14,despiRit8alize
15,déstalinisation,14,destalinizasj§
15,désubjectiviser,14,desybZEktivize
11,désépaissir,9,dezepesiR
10,déséquiper,8,dezekipe
10,détaillant,6,detaj@
13,déterminément,11,detERminem@
14,détestablement,12,detEstabl°m@
11,détestation,10,detEstasj§
10,détourneur,8,detuRn9R
9,détremper,7,detR@pe
10,détricoter,9,detRikote
10,détroncher,7,detR§Se
10,dévalement,8,deval°m@
8,dévaluer,7,deval8e
8,dévernir,8,devERniR
14,déviationnisme,12,devjasjonizm
14,déviationniste,12,devjasjonist
7,dévider,6,devide
8,dévideur,7,devid9R
12,dévirginiser,11,deviRZinize
14,dévirilisation,13,deviRilizasj§
9,dévissage,7,devisaZ
10,dévoiement,7,devwam@
9,dévoilant,7,devwal@
10,dévolution,9,devolysj§
10,dévorateur,9,devoRat9R
10,dévoration,9,devoRasj§
10,dévotement,8,devOt°m@
14,dévotieusement,11,devosj2z°m@
10,east river,8,istRiv9R
11,eaux-fortes,5,ofORt
7,ecthyma,6,Ektima
10,eczémateux,8,Egzemat2
9,edelweiss,8,edElvajs
10,effarement,7,efaR°m@
14,effarouchement,9,efaRuS°m@
10,effarvatte,7,efaRvat
11,effectivité,10,efEktivite
9,efficient,6,efisj@
10,effilement,7,efil°m@
11,effilochage,8,efiloSaZ
10,effilocher,7,efiloSe
11,effilochure,8,efiloSyR
8,effilure,6,efilyR
10,effleurage,7,efl9RaZ
12,effrayamment,8,efREjam@
13,effusionniste,10,efyzjonist
5,efrit,5,EfRit
5,eider,4,edER
10,ellipsoïde,8,elipsoid
7,elzévir,7,ElzeviR
11,embabouiner,8,@babwine
6,embase,4,@baz
10,embauchage,6,@boSaZ
9,embaumant,5,@bom@
14,emberlificoter,12,@bERlifikote
13,emberlucoquer,10,@bERlykoke
8,emblaver,6,@blave
9,emblavure,7,@blavyR
11,embobeliner,9,@bOb°line
8,embosser,5,@bose
8,embouche,4,@buS
9,emboucher,5,@buSe
9,embouquer,5,@buke
12,embouteiller,7,@buteje
12,emboutisseur,8,@butis9R
9,emboîtage,7,@bwataZ
11,emboîtement,8,@bwat°m@
9,embrigadé,8,@bRigade
14,embroussailler,8,@bRusaje
13,embroussaillé,8,@bRusaje
8,embruiné,7,@bR8ine
4,embu,3,@by
14,emmaillotement,9,@majOt°m@
11,emmailloter,7,@majote
10,emmailloté,7,@majote
10,emmanchage,6,@m@SaZ
10,emmanchure,6,@m@SyR
10,emmitouflé,8,@mitufle
6,emmuré,5,@myRe
10,emmêlement,7,@mEl°m@
8,empanner,5,@pane
8,empaumer,5,@pome
8,emperler,6,@pERle
7,emperlé,6,@pERle
6,empesé,5,@p°ze
10,empierrage,7,@pjeRaZ
12,empierrement,8,@pjER°m@
9,empierrer,6,@pjERe
8,empierré,6,@pjeRe
10,empilement,7,@pil°m@
13,empiriquement,9,@piRik°m@
11,empiècement,8,@pjEs°m@
11,empiétement,8,@pjEt°m@
11,emplafonner,8,@plafone
10,emplanture,7,@pl@tyR
5,empli,4,@pli
10,emplâtrage,8,@platRaZ
10,empoignant,6,@pwaN@
8,empoiler,6,@pwale
9,empoisser,6,@pwase
6,emport,4,@pOR
13,emporte-pièce,10,@pORt°pjEs
11,empoussiéré,8,@pusjeRe
8,empuanti,6,@p8@ti
7,empyrée,5,@piRe
9,encadrant,6,@kadR@
7,encager,5,@kaZe
9,encalminé,8,@kalmine
14,encanaillement,9,@kanaj°m@
12,encapuchonné,9,@kapySone
9,encartage,7,@kaRtaZ
10,encaserner,8,@kazERne
11,encaustiqué,8,@kostike
7,encaver,5,@kave
13,encellulement,9,@sElyl°m@
9,enchtiber,5,@tibe
9,enchâsser,5,@Sase
8,enchâssé,5,@Sase
7,enclore,5,@klOR
8,enclouer,5,@klue
10,encloîtrer,8,@klwatRe
10,encoconner,7,@kokone
10,encoignure,6,@kONyR
9,encollage,6,@kolaZ
8,encoller,5,@kole
7,encordé,6,@kORde
7,encorné,6,@kORne
10,encotonner,7,@kotone
8,encroûté,6,@kRute
9,enculerie,7,@kyl°Ri
10,endiamanté,8,@djam@te
14,endimanchement,9,@dim@S°m@
11,endimancher,7,@dim@Se
9,endolorir,8,@doloRiR
7,endosse,4,@dos
9,endosseur,6,@dos9R
9,endurable,7,@dyRabl
7,endêver,5,@dEve
8,enfançon,5,@f@s§
8,enfariné,7,@faRine
8,enfilage,6,@filaZ
8,enfileur,6,@fil9R
9,enfonceur,6,@f§s9R
9,enfonçage,6,@f§saZ
10,enfouiller,5,@fuje
13,enfourchement,8,@fuRS°m@
10,enfournage,7,@fuRnaZ
8,engliche,5,@gliS
9,englobant,6,@glob@
11,engoncement,7,@g§s°m@
13,engouffrement,8,@gufR°m@
13,engourdissant,8,@guRdis@
13,engraissement,8,@gREs°m@
12,engrangement,8,@gR@Z°m@
11,engravement,8,@gRav°m@
8,engraver,6,@gRave
8,engrener,6,@gR°ne
8,enhardir,6,@aRdiR
14,enhardissement,9,@aRdis°m@
9,enjambeur,6,@Z@b9R
10,enjôlement,7,@Zol°m@
8,enlaçant,5,@las@
9,enliasser,6,@ljase
10,enlisement,7,@liz°m@
9,enluminer,7,@lymine
10,enluminure,8,@lyminyR
14,ennoblissement,10,@noblis°m@
8,ennuager,6,@n8aZe
9,enquiller,5,@kije
10,enragement,7,@RaZ°m@
10,enrouement,5,@Rum@
7,enrouer,4,@Rwe
9,enroulage,6,@RulaZ
9,enrubanné,7,@Rybane
12,enrégimenter,9,@ReZim@te
11,ensablement,8,@sabl°m@
15,ensanglantement,10,@s@gl@t°m@
12,ensanglanter,8,@s@gl@te
13,ensauvagement,9,@sovaZ°m@
16,enseignant-robot,9,@sEN@Robo
11,ensellement,7,@sEl°m@
12,ensommeiller,7,@somEje
8,ensouple,5,@supl
11,entablement,8,@tabl°m@
11,entassement,7,@tas°m@
8,entement,5,@t°m@
9,entendant,5,@t@d@
9,enterreur,6,@tER9R
8,entifler,6,@tifle
8,entolome,6,@tolOm
12,entortillage,9,@tORtijaZ
14,entortillement,10,@tORtij°m@
10,entr'aimer,6,@tREme
11,entr'ouvert,7,@tRuvER
12,entr'égorger,9,@tRegORZe
11,entrebattre,8,@tR°batR
12,entrebâiller,8,@tR°baje
11,entrebâillé,8,@tR°baje
9,entrechoc,7,@tR°SOk
15,entrechoquement,10,@tR°SOk°m@
11,entrecouper,8,@tR°kupe
10,entrecoupé,8,@tR°kupe
15,entrecroisement,12,@tR°kRwaz°m@
12,entredévorer,10,@tR°devoRe
11,entrelarder,9,@tR°laRde
10,entrelardé,9,@tR°laRde
11,entremettre,8,@tR°mEtR
13,entremêlement,10,@tR°mEl°m@
11,entreteneur,9,@tR°t°n9R
14,entretoisement,11,@tR°twaz°m@
8,entrisme,6,@tRizm
13,entrouverture,10,@tRuvERtyR
11,enturbanner,8,@tyRbane
10,enténébrer,8,@tenebRe
12,entérinement,9,@teRin°m@
8,entôleur,6,@tol9R
10,envasement,7,@vaz°m@
11,enveloppeur,8,@v°lop9R
10,environner,7,@viRone
9,envoûteur,6,@vut9R
9,ergastule,8,ERgastyl
4,erre,2,ER
8,esbaudir,7,EzbodiR
8,esbigner,6,EsbiNe
9,esbroufer,7,EsbRufe
8,escadrin,7,EskadR5
11,escamotable,10,Eskamotabl
12,eschatologie,10,EskatoloZi
5,esche,2,ES
12,esclaffement,8,Esklafm@
10,esclavager,9,EsklavaZe
9,escopette,7,EskopEt
9,esgourder,7,EsguRde
6,espada,6,Espada
12,espagnolette,9,EspaNolEt
8,espalier,7,Espalje
5,espar,5,EspaR
6,espars,5,EspaR
7,espingo,6,Esp5go
9,espingole,7,Esp5gOl
12,espièglement,10,EspjEgl2m@
13,esprit-de-sel,10,EspRid°sEl
12,espérantiste,10,EspeR@tist
12,esquintement,8,Esk5t°m@
9,essartage,7,EsaRtaZ
13,essentialisme,10,Es@sjalizm
11,esseulement,6,s9l°m@
8,estafier,7,Estafje
8,estagnon,6,EstaN§
11,estampiller,8,Est@pije
10,estampillé,8,Est@pije
13,esthésiomètre,11,EstezjomEtR
8,estivant,6,Estiv@
5,estom,5,EstOm
10,estomaquer,8,Estomake
7,estompé,6,Est§pe
8,estoquer,6,Estoke
10,estouffade,7,Estufad
6,et seq,5,Etsek
8,etcetera,8,EtseteRa
12,ethnographie,9,EtnogRafi
12,ethnologique,9,EtnoloZik
6,eubage,4,2baZ
6,eubine,4,2bin
13,eucharistique,9,2kaRistik
7,eulogie,5,2loZi
8,euphonie,5,2foni
10,euphonique,6,2fonik
14,euphoniquement,9,2fonik°m@
8,euphorbe,5,2fORb
10,euromarché,8,2RomaRSe
6,eurêka,5,2REka
8,eustache,5,2staS
10,ex abrupto,10,EksabRypto
9,ex nihilo,9,Eksnajilo
7,ex-abbé,6,Eksabe
9,ex-acteur,8,Eksakt9R
11,ex-adjudant,9,EksadZyd@
8,ex-allée,6,Eksale
14,ex-appartement,11,EksapaRt°m@
11,ex-apprenti,9,EksapR@ti
12,ex-arriviste,10,EksaRivist
10,ex-artiste,9,EksaRtist
13,ex-basketteur,11,EksbaskEt9R
10,ex-batteur,8,Eksbat9R
10,ex-beatnik,9,Eksbitnik
17,ex-bibliothécaire,14,EksbibliotekER
11,ex-chanteur,8,EksS@t9R
10,ex-collabo,9,Ekskolabo
12,ex-concierge,10,Eksk§sjERZ
7,ex-diva,7,Eksdiva
10,ex-drifter,10,EksdRift9R
11,ex-drôlesse,9,EksdRolEs
11,ex-dulcinée,10,Eksdylsine
11,ex-enseigne,7,Eks@sEN
7,ex-fils,6,Eksfis
7,ex-gang,6,Eksg@g
8,ex-garde,7,EksgaRd
12,ex-gauchiste,9,EksgoSist
11,ex-gonzesse,8,Eksg§zEs
11,ex-gravosse,9,EksgRavos
8,ex-griot,7,EksgRio
11,ex-griveton,10,EksgRiv°t§
12,ex-grognasse,9,EksgRoNas
9,ex-groupe,7,EksgRup
13,ex-guitariste,11,EksgitaRist
8,ex-génie,7,EksZeni
10,ex-hôpital,9,Eksopital
11,ex-immeuble,8,Eksim9bl
6,ex-kid,6,Ekskid
9,ex-libris,8,EkslibRi
6,ex-lit,5,Eksli
8,ex-lycée,7,Ekslise
14,ex-légionnaire,11,EksleZjonER
9,ex-maître,7,EksmEtR
12,ex-opérateur,11,EksopeRat9R
9,ex-pilote,8,EkspilOt
10,ex-planton,8,Ekspl@t§
11,ex-plâtrier,10,EksplatRie
11,ex-primaire,9,EkspRimER
13,ex-profession,11,EkspRofEsj§
15,ex-présentateur,13,EkspRez@tat9R
9,ex-putain,7,Ekspyt5
16,ex-quincaillerie,11,Eksk5kaj°Ri
15,ex-quincaillier,9,Eksk5kaje
10,ex-rebelle,8,EksR°bEl
18,ex-révolutionnaire,15,EksRevolysjonER
15,ex-standardiste,13,Eksst@daRdist
14,ex-séminariste,13,EksseminaRist
11,ex-sénateur,10,Ekssenat9R
9,ex-sévère,8,EkssevER
13,ex-tirailleur,10,EkstiRaj9R
8,ex-union,7,Eksynj§
12,exacerbation,12,EgzasERbasj§
7,exarque,6,EgzaRk
10,exaucement,8,Egzos°m@
8,excepter,7,EksEpte
7,exciper,6,Eksipe
8,exciteur,7,Eksit9R
10,exclamatif,11,Eksklamatif
12,excrémentiel,12,EkskRem@sjEl
12,excursionner,11,EkskyRsjone
7,exempté,6,Egz@te
9,exequatur,10,EgzekwatyR
8,exerçant,7,EgzERs@
10,exhalaison,8,EgzalEz§
8,exhalant,6,Egzal@
12,exhaussement,8,Egzos°m@
9,exhausser,6,Egzose
10,exhaustion,8,Egzostj§
14,exhaustivement,11,Egzostiv°m@
12,exhaustivité,11,Egzostivite
8,exiguïté,9,Egzig8ite
8,exogamie,8,Egzogami
10,exogamique,9,Egzogamik
13,exophtalmique,11,EgzOftalmik
8,exorable,8,EgzoRabl
9,exorbiter,9,EgzORbite
8,exorbité,9,EgzORbite
12,exotiquement,10,Egzotik°m@
7,expansé,7,Eksp@se
12,expatriation,13,EkspatRijasj§
8,expatrié,10,EkspatRije
10,expectatif,11,EkspEktatif
10,expectorer,10,EkspEktoRe
11,expertement,10,EkspERt°m@
8,expirant,7,EkspiR@
8,explétif,9,Ekspletif
14,expressivement,12,EkspResiv°m@
8,expurger,8,EkspyRZe
7,exsudat,6,Eksyda
9,extasiant,8,Ekstazj@
13,extatiquement,11,Ekstatik°m@
16,exterritorialité,16,EkstERitoRjalite
9,extra-dry,10,EkstRadRaj
9,extra-fin,8,EkstRaf5
11,extra-muros,10,EkstRamyRo
11,extravaguer,10,EkstRavage
14,extrême-orient,11,EkstREmORj@
11,exténuement,9,Ekstenym@
11,extériorité,12,EksteRjoRite
8,exultant,7,Egzylt@
10,exécration,10,EgzekRasj§
7,exégète,7,EgzeZEt
7,fabliau,7,fablijo
10,fabulateur,9,fabylat9R
9,fabuliste,8,fabylist
11,face-à-face,7,fasafas
11,face-à-main,6,fasam5
12,faces-à-main,6,fasam5
7,faconde,5,fak§d
8,factieux,6,faksj2
12,factionnaire,9,faksjonER
6,factum,6,faktOm
14,facétieusement,11,fasesj2z°m@
7,fadaise,5,fadEz
8,fadement,6,fad°m@
7,fadette,5,fadEt
4,fadé,4,fade
5,faena,4,fena
6,fafiot,5,fafjo
5,fagne,3,faN
8,fagotage,7,fagotaZ
7,fagoter,6,fagote
7,fagotin,6,fagot5
11,faisanderie,8,f°z@d°Ri
11,fait-divers,7,fEdivER
12,faits-divers,7,fEdivER
7,falerne,6,falERn
7,faluche,5,falyS
12,familialiste,11,familjalist
11,familistère,10,familistER
7,famulus,7,famylys
9,fanatiser,8,fanatize
7,fanchon,4,f@S§
15,fantasmagorique,12,f@tasmagoRik
17,fantasmatiquement,13,f@tasmatik°m@
13,fantasquement,9,f@task2m@
5,fanti,4,f@ti
16,fantomatiquement,12,f@tomatik°m@
8,farauder,6,faRode
7,fardier,6,faRdje
4,fare,3,faR
8,faribole,7,faRibOl
9,fariboler,8,faRibole
9,farigoule,7,faRigul
8,farineux,6,faRin2
11,fashionable,8,faSonabl
15,fastidieusement,12,fastidj2z°m@
13,fastueusement,10,fast82z°m@
6,fathom,5,fazOm
5,fatum,5,fatOm
10,faubourien,7,fobuRj5
8,fauchard,5,foSaR
8,faucheux,4,foS2
9,faucillon,6,fosij§
9,faunesque,6,fonEsk
8,faunesse,5,fonEs
6,fauter,4,fote
13,fauteuil-club,9,fot9jkl9b
14,fauteuils-club,9,fot9jkl9b
8,fauverie,6,fov°Ri
6,fayard,5,fajaR
7,façonné,6,fasone
7,faîtage,5,fEtaZ
8,faîtière,6,fEtjER
10,faïencerie,8,faj@s°Ri
9,faïencier,7,faj@sje
8,feintise,5,f5tiz
8,feldgrau,7,fEldgRo
9,feldwebel,9,fEldvebEl
7,fellaga,6,fElaga
8,fellagha,6,fElaga
9,fellinien,7,f°linj5
11,femme-fleur,7,famfl9R
12,femme-refuge,8,famR°fyZ
8,fenaison,6,f°nEz§
7,fendant,4,f@d@
7,fendeur,5,f@d9R
12,fendillement,8,f@dij°m@
9,fendiller,6,f@dije
8,fendillé,6,f@dije
12,ferblanterie,10,fERbl@t°Ri
7,fermant,5,fERm@
7,ferrage,5,fERaZ
11,ferraillant,6,fERaj@
13,ferraillement,8,fERaj°m@
5,ferro,4,fERo
12,ferrocyanure,10,fERosjanyR
11,ferrocérium,10,fERoseRjOm
11,ferrugineux,8,fERyZin2
12,fertilisable,11,fERtilizabl
13,fertilisateur,12,fERtilizat9R
5,ferté,5,fERte
13,fesse-mathieu,8,fEsmatj2
5,fessu,4,fEsy
10,feudataire,7,f2datER
11,feuillaison,6,f9jEz§
13,feuille-morte,7,f9jmORt
11,feuilletage,7,f9j°taZ
14,feuilletoniste,10,f9j°tonist
14,feuillettement,8,f9jEt°m@
9,feuillure,5,f9jyR
8,feuillée,4,f9je
9,feulement,6,f9l°m@
6,feurre,3,f9R
8,feutrage,6,f2tRaZ
7,feutrer,5,f2tRe
8,feutrine,6,f2tRin
10,fibrilleux,7,fibRij2
11,fibrociment,9,fibRosim@
11,fibrotoxine,11,fibRotOksin
5,fibré,5,fibRe
6,fibule,5,fibyl
11,fictivement,9,fiktiv°m@
13,fielleusement,9,fjEl2z°m@
8,fienteux,5,fj@t2
11,fier-à-bras,8,fjERabRa
12,fiers-à-bras,8,fjERabRa
4,fieu,3,fj2
6,figaro,6,figaRo
7,fignard,5,fiNaR
9,fil-à-fil,7,filafil
7,filasse,5,filas
8,filateur,7,filat9R
11,filialement,9,filjal°m@
8,filioque,6,filjOk
10,film-livre,8,filmlivR
9,filoselle,7,filozEl
6,finage,5,finaZ
10,finasserie,8,finas°Ri
5,finet,4,finE
7,finette,5,finEt
8,finitude,7,finityd
14,finlandisation,11,f5l@dizasj§
5,fiord,5,fjORd
6,fivete,5,fivEt
6,fixage,6,fiksaZ
8,fixateur,8,fiksat9R
7,fixatif,8,fiksatif
6,fiérot,5,fjeRo
6,flache,4,flaS
6,flafla,6,flafla
9,flageoler,7,flaZole
9,flagorner,8,flagORne
8,flaireur,6,flER9R
8,flambard,6,fl@baR
9,flamberge,7,fl@bERZ
9,flamboyer,8,fl@bwaje
6,flammé,5,flame
11,flanc-garde,7,fl@gaRd
8,flanchet,5,fl@SE
8,flandrin,6,fl@dR5
11,flanquement,7,fl@k°m@
10,flatuosité,10,flat8ozite
12,flatus vocis,9,flatyvosi
5,flave,4,flav
15,flegmatiquement,12,flEgmatik°m@
11,flegmatisme,10,flEgmatizm
8,fleurage,6,fl9RaZ
13,fleurissement,9,fl9Ris°m@
10,fleuronner,7,fl9ROne
10,flexuosité,11,flEks8ozite
5,flint,5,flint
9,flip-flap,8,flipflap
7,fliquer,5,flike
6,fliqué,5,flike
8,flonflon,6,fl§fl§
8,florence,6,floR@s
9,florilège,8,floRilEZ
12,florissaient,7,floRisE
10,florissait,7,floRisE
6,florès,6,floREs
7,floréal,7,floReal
8,flottage,6,flotaZ
8,flouerie,5,fluRi
6,flouve,4,fluv
10,flouzaille,6,fluzaj
10,fluidement,8,fl8id°m@
10,fluviatile,9,flyvjatil
5,flâne,4,flan
7,flâneur,6,flan9R
9,flânocher,7,flanoSe
6,fléché,5,fleSe
6,fléole,5,fleOl
11,flétrissant,8,fletRis@
11,flétrissure,9,fletRisyR
5,flûté,5,flyte
7,foirade,6,fwaRad
7,foirail,6,fwaRaj
8,foiridon,7,fwaRid§
10,foisonnant,7,fwazon@
12,foisonnement,9,fwazOn°m@
11,folkloriste,10,fOlkloRist
9,follingue,5,fol5g
15,fonctionnaliste,12,f§ksjonalist
17,fonctionnellement,12,f§ksjonEl°m@
7,fondouk,5,f§duk
9,fondrière,8,f§dRijER
11,fontainette,7,f§tEnEt
14,foreign office,10,foRENnOfis
9,forlonger,7,fORl§Ze
7,formage,6,fORmaZ
11,fortraiture,9,fORtREtyR
8,fouaille,4,fwaj
9,fouailler,5,fwaje
8,fouchtra,6,fuStRa
9,fougeraie,6,fuZ°RE
10,fouillette,5,fujEt
5,fouir,4,fwiR
7,foulage,5,fulaZ
6,foulbé,5,fulbe
7,fouloir,6,fulwaR
7,fourber,5,fuRbe
8,fourchet,5,fuRSE
8,fourchée,5,fuRSe
10,fourgonner,7,fuRgone
6,fourme,4,fuRm
11,fourmi-lion,8,fuRmilj§
10,fourmilion,8,fuRmilj§
11,fourmillant,7,fuRmij@
8,fournier,6,fuRnje
12,fourragement,8,fuRaZ°m@
9,fourrager,6,fuRaZe
12,fourvoiement,8,fuRvwam@
8,fouterie,6,fut°Ri
6,foyard,6,fwajaR
5,foëne,4,fwEn
11,fractionnel,10,fRaksjonEl
14,fractionnement,11,fRaksjOn°m@
7,fractus,7,fRaktys
11,fragilement,9,fRaZil°m@
8,fragrant,6,fRagR@
7,frairie,5,fRERi
8,fraiseur,6,fREz9R
18,fraiseur-outilleur,12,fREz9Rutij9R
7,fraisil,6,fREzil
13,franc-comtois,8,fR@k§twa
8,francatu,7,fR@katy
12,francisation,10,fR@sizasj§
9,franciser,7,fR@size
10,francisque,7,fR@sisk
8,francité,7,fR@site
15,franco-allemand,10,fR@koal°m@
12,franco-belge,9,fR@kobElZ
18,franco-britannique,13,fR@kobRitanik
15,franco-libanais,11,fR@kolibanE
12,franco-russe,8,fR@koRys
17,franco-soviétique,13,fR@kosovjetik
13,franco-syrien,10,fR@kosiRj5
13,franco-turque,9,fR@kotyRk
17,franco-vietnamien,14,fR@kovjEtnamj5
11,francomanie,9,fR@komani
11,francophile,8,fR@kofil
12,francophilie,9,fR@kofili
12,francophobie,9,fR@kofobi
12,francophonie,9,fR@kofoni
16,francs-bourgeois,9,fR@buRZwa
10,frangipane,8,fR@Zipan
9,franglais,6,fR@glE
9,frankaoui,7,fR@kawi
7,franque,4,fR@k
10,frappement,7,fRap°m@
6,frayée,5,fReje
9,free jazz,7,fRidZaz
9,free-jazz,7,fRidZaz
10,friabilité,11,fRijabilite
10,fricandeau,7,fRik@do
8,fricasse,6,fRikas
8,fricatif,8,fRikatif
12,frileusement,9,fRil2z°m@
8,frimaire,6,fRimER
13,fripouillerie,9,fRipuj°Ri
6,frippe,4,fRip
8,friseler,7,fRiz°le
8,friselis,7,fRiz°li
8,friselée,7,fRiz°le
7,friseur,6,fRiz9R
6,frison,5,fRiz§
10,frisottant,7,fRizot@
12,frisottement,9,fRizOt°m@
9,frisotter,7,fRizote
8,frisotté,7,fRizote
9,frisselis,7,fRis°li
7,frisure,6,fRizyR
9,friturier,8,fRityRje
7,frocard,6,fRokaR
9,froidasse,7,fRwadas
7,froidir,7,fRwadiR
7,fromegi,6,fRomZi
9,fromental,8,fRom@tal
10,frondaison,7,fR§dEz§
8,fronteau,5,fR§to
8,frottant,5,fRot@
8,frottoir,7,fRotwaR
9,frouement,5,fRum@
12,froufroutant,8,fRufRut@
14,froufroutement,10,fRufRut°m@
14,fructification,13,fRyktifikasj§
7,fruiter,6,fR8ite
8,fruiteux,6,fR8it2
8,frusquer,6,fRyske
10,frétillard,8,fRetijaR
12,frétillement,9,fRetij°m@
9,frétillon,7,fRetij§
7,frôleur,6,fRol9R
8,fuel-oil,7,fjulOjl
10,fugacement,8,fygas°m@
12,fugitivement,10,fyZitiv°m@
11,fulguration,10,fylgyRasj§
8,fulgurer,7,fylgyRe
10,fulmicoton,9,fylmikot§
11,fulminement,9,fylmin°m@
6,fumaga,6,fymaga
9,fumailler,6,fymaje
8,fumaison,6,fymEz§
7,fumeron,6,fym°R§
6,fumure,5,fymyR
13,funambulesque,10,fyn@bylEsk
11,funestement,9,fynEst°m@
7,furette,5,fyREt
11,furonculeux,8,fyR§kyl2
11,furonculose,9,fyR§kyloz
6,fusant,4,fyz@
6,fuselé,6,fyz°le
9,fusiforme,8,fyzifORm
9,fusionnel,8,fyzjonEl
10,fustanelle,8,fystanEl
6,futaie,4,fytE
8,futaille,5,fytaj
10,futilement,8,fytil°m@
9,futurisme,8,fytyRizm
7,fuégien,6,f8eZj5
9,fécondant,6,fek§d@
7,fédérer,6,fedeRe
12,féeriquement,9,feeRik°m@
7,félibre,6,felibR
6,félidé,6,felide
10,félinement,8,felin°m@
9,féminiser,8,feminize
10,féminitude,9,feminityd
4,féra,4,feRa
9,féticheur,7,fetiS9R
8,fétidité,8,fetidite
7,gabelou,6,gab°lu
6,gabion,5,gabj§
8,gabonais,6,gabonE
4,gade,3,gad
9,gadouille,5,gaduj
7,gagnage,5,gaNaZ
4,gail,3,gEl
11,gaillardise,8,gajaRdiz
9,gaillette,5,gajEt
9,galalithe,7,galalit
8,galathée,6,galate
6,galber,5,galbe
5,galbé,5,galbe
14,galerie-refuge,11,gal°RiR°fyZ
9,galetouse,7,gal°tuz
9,galetteux,6,galEt2
7,galibot,6,galibo
7,galiote,6,galjOt
5,galle,3,gal
12,gallicanisme,10,galikanizm
9,gallinacé,8,galinase
8,gallique,5,galik
12,gallo-romain,8,galoRom5
7,galoche,5,galOS
9,galonnage,7,galonaZ
8,galopade,7,galopad
9,galopiner,8,galopine
6,galoup,4,galu
8,galtouse,6,galtuz
8,galuchat,6,galySa
10,galvanique,8,galvanik
10,galvaudeux,7,galvod2
5,galée,4,gale
8,galéjeur,7,galeZ9R
9,galéniste,8,galenist
5,gamay,4,gamE
7,gambade,5,g@bad
14,gambergeailler,9,g@bERZaje
10,gaminement,8,gamin°m@
14,gammaglobuline,12,gamaglobylin
9,ganaderia,9,ganadeRja
9,gandourah,6,g@duRa
12,gangstérisme,10,g@gsteRizm
8,ganterie,6,g@t°Ri
7,gaperon,6,gap°R§
10,garancière,8,gaR@sjER
8,garcette,6,gaRsEt
14,garde-barrière,11,gaRd°baRjER
15,garde-champêtre,11,gaRd°S@pEtR
10,garde-voie,8,gaRd°vwa
12,garde-à-vous,7,gaRdavu
7,gardeur,6,gaRd9R
7,gardian,6,gaRdj@
7,gardois,6,gaRdwa
8,gardénal,8,gaRdenal
10,gargamelle,8,gaRgamEl
13,gargouillette,8,gaRgujEt
11,gargoulette,8,gaRgulEt
4,gari,4,gaRi
5,garno,5,gaRno
7,garrick,5,gaRik
8,garçonne,6,gaRsOn
10,garçonnier,8,gaRsonje
11,gastrolâtre,10,gastRolatR
11,gastéropode,10,gasteRopOd
7,gauchir,5,goSiR
9,gauchisme,6,goSizm
13,gauchissement,8,goSis°m@
6,gauldo,5,goldo
6,gaulis,4,goli
6,gaulle,3,gol
9,gaullisme,6,golizm
12,gauloisement,9,golwaz°m@
5,gaupe,3,gop
6,gavial,6,gavjal
6,gaviot,5,gavjo
8,gavroche,6,gavROS
5,gayac,5,gajak
6,gazier,5,gazje
8,gazogène,7,gazoZEn
7,gazonné,6,gazone
9,gelinotte,7,ZelinOt
8,genevois,7,Z°n°vwa
11,gengis khan,11,dZEndZiskan
13,gengiskhanide,10,Z@Ziskanid
7,genreux,4,Z@R2
9,gentilice,7,Z@tilis
9,genêtière,8,Z°nEtjER
10,germanisme,9,ZERmanizm
10,germaniste,9,ZERmanist
9,germanium,9,ZERmanjOm
13,germano-russe,10,ZERmanoRys
18,germano-soviétique,15,ZERmanosovjetik
12,germanophile,10,ZERmanofil
13,germanophilie,11,ZERmanofili
7,germant,5,ZERm@
6,germen,6,ZERmEn
8,germinal,8,ZERminal
11,germination,10,ZERminasj§
10,gestapiste,9,gEstapist
14,gesticulatoire,13,ZEstikylatwaR
4,ghât,2,ga
7,gibbeux,4,Zib2
9,gibbosité,8,Zibozite
9,gibecière,8,Zib°sjER
7,gibelet,6,Zib°lE
9,gibelotte,7,Zib°lOt
7,giberne,6,ZibERn
9,giclement,7,Zikl°m@
6,gidien,5,Zidj5
9,gidouille,5,Ziduj
13,gigantomachie,10,Zig@tomaSi
7,gilbert,6,ZilbER
6,gingin,4,Z5Z5
7,giocoso,8,dZjokozo
9,girandole,7,ZiR@dOl
8,giration,7,ZiRasj§
4,gire,3,ZiR
5,girer,4,ZiRe
5,girie,4,ZiRi
9,giroflier,9,ZiROflije
8,girondin,6,ZiR§d5
9,gisquette,6,ZiskEt
7,gla-gla,6,glagla
9,glaglater,8,glaglate
8,glaiseux,5,glEz2
12,glandilleuse,8,gl@dij2z
11,glandilleux,7,gl@dij2
13,glandouilleur,8,gl@duj9R
5,glane,4,glan
7,glanure,6,glanyR
10,glapissant,7,glapis@
11,glauquement,7,glok°m@
7,glaçure,6,glasyR
9,glomérule,8,glomeRyl
6,gloser,5,gloze
13,glossématique,10,glosematik
9,glottique,6,glotik
11,glouglouter,8,gluglute
9,gloussant,5,glus@
13,gloutonnement,9,glutOn°m@
7,glucide,6,glysid
5,glène,4,glEn
5,gnard,3,NaR
6,gniard,3,NaR
6,gniouf,3,Nuf
5,gnose,4,gnoz
8,goberger,7,gobERZe
5,gobet,4,gobE
5,goder,4,gode
7,godille,5,godij
8,godiller,6,godije
9,godilleur,7,godij9R
8,goitreux,6,gwatR2
5,goldo,5,gOldo
8,golgotha,7,gOlgOta
7,goliath,6,gOliat
7,gominer,6,gomine
7,gommeux,4,gom2
7,goménol,7,gomenOl
7,goncier,5,g§sje
9,gondolant,6,g§dol@
11,gondolement,8,g§dOl°m@
7,gonelle,5,gonEl
8,gonfalon,6,g§fal§
8,gonfanon,6,g§fan§
8,gonflage,6,g§flaZ
8,gonfleur,6,g§fl9R
10,gongoriste,8,g§goRist
10,goniomètre,9,gonjomEtR
9,gonocoque,7,gonokOk
5,gopak,5,gopak
7,gordien,6,gORdj5
10,gorgerette,8,gORZ°REt
6,gorget,5,gORZE
5,gorgé,5,gORZe
9,gosseline,7,gOs°lin
5,goton,4,got§
10,gouailleur,6,gwaj9R
7,goualer,5,gwale
11,goudronnage,8,gudRonaZ
11,goudronneux,7,gudRon2
5,gouet,3,gwE
10,gougnafier,7,guNafje
7,gougère,5,guZER
8,goulafre,6,gulafR
9,gouleyant,6,gulEj@
8,goulotte,5,gulOt
6,goulée,4,gule
4,goum,3,gum
5,goumi,4,gumi
7,goumier,5,gumje
5,goura,4,guRa
8,gourance,5,guR@s
5,gourd,3,guR
13,gourmandement,9,guRm@d°m@
10,gourmander,7,guRm@de
10,gouttereau,6,gut°Ro
8,goyesque,6,gojEsk
6,goémon,5,goem§
9,gracieusé,8,gRasj2ze
9,gracilité,9,gRasilite
9,gradaille,6,gRadaj
9,gradation,8,gRadasj§
6,grader,5,gRade
6,gradus,6,gRadys
6,gradué,6,gRad8e
8,graffito,7,gRafito
12,graillonnant,7,gRajon@
12,graillonneux,7,gRajon2
7,grainer,5,gREne
11,graineterie,9,gREn°t°Ri
10,grainetier,8,gREn°tje
5,grana,5,gRana
10,grand-faim,5,gR@f5
10,grand-hâte,5,gR@at
11,grand-hôtel,8,gR@totEl
11,grand-neige,6,gR@nEZ
14,grand-officier,10,gR@tofisje
10,grand-peur,6,gR@p9R
12,grand-prêtre,8,gR@pREtR
14,grand-quartier,9,gR@kaRtje
11,grand-salle,6,gR@sal
9,grandesse,6,gR@dEs
7,grandet,5,gR@dE
11,grandiloque,8,gR@dilOk
13,grandiosement,10,gR@djoz°m@
13,grandissement,9,gR@dis°m@
9,grangette,6,gR@ZEt
7,granito,7,gRanito
7,granulé,7,gRanyle
11,grape-fruit,8,gRapfR8i
11,graphomanie,9,gRafomani
11,graphomètre,9,gRafomEtR
10,grappillon,7,gRapij§
10,grasseyant,7,gRasEj@
12,grasseyement,8,gRasEjm@
9,grasseyer,7,gRasEje
14,gratis pro deo,12,gRatispRodeo
11,gratouillis,7,gRatuji
10,gratte-cul,6,gRatky
12,gratte-pieds,7,gRatpje
8,gratture,6,gRatyR
8,gravelle,6,gRavEl
9,gravillon,7,gRavij§
8,gravosse,6,gRavos
12,grelottement,9,gR°lOt°m@
10,grelotteux,7,gR°lot2
9,greluchon,7,gR°lyS§
8,grenache,6,gR°naS
9,grenaille,6,gR°naj
10,grenoblois,9,gR°noblwa
8,gribiche,6,gRibiS
8,griffage,6,gRifaZ
7,grifton,6,gRift§
9,grignotis,7,gRiNoti
10,grill-room,7,gRilRum
8,grillagé,7,gRijaZe
11,grimacement,9,gRimas°m@
9,grimacier,8,gRimasje
7,grimpée,5,gR5pe
8,grinchir,6,gR5SiR
8,gringuer,5,gR5ge
7,griotte,6,gRijOt
10,gris-blanc,6,gRibl@
10,gris-jaune,6,gRiZon
9,gris-rose,6,gRiRoz
8,grisette,6,gRizEt
8,grisotte,6,gRizOt
8,griveton,7,gRiv°t§
11,grivoiserie,10,gRivwaz°Ri
10,grivèlerie,9,gRivEl°Ri
10,grognasser,7,gRoNase
8,grondeur,6,gR§d9R
7,grondin,5,gR§d5
10,gros-grain,6,gRogR5
8,groschen,6,gRoS°n
8,grossium,7,gRosjOm
9,grouillis,5,gRuji
7,groumer,6,gRum9R
9,gruppetto,7,gRupEto
5,grège,4,gREZ
7,grègues,4,gREg
6,grésil,6,gRezil
6,grêlon,5,gREl§
14,guadeloupéenne,11,gwad°lupeEn
7,guarani,7,gwaRani
6,guelfe,4,gElf
10,guenilleux,6,g°nij2
7,guenipe,5,g°nip
10,guerroyeur,8,gERwaj9R
11,guets-apens,5,gEap@
10,gueugueule,5,g2g9l
10,gueulement,6,g9l°m@
15,gueules-de-loup,7,g9ld°lu
12,gueuletonner,8,g9l°tone
8,gueuloir,6,g9lwaR
9,gueuserie,6,g2z°Ri
6,gueuze,3,g2z
8,guibolle,5,gibOl
16,guide-interprète,11,gid5tERpREt
7,guigner,4,giNe
12,guignolesque,8,giNolEsk
9,guignolet,6,giNolE
7,guignon,4,giN§
9,guillaume,5,gijom
12,guillotineur,9,gijotin9R
10,guillotiné,8,gijotine
7,guinche,3,g5S
7,guindal,5,g5dal
7,guinder,4,g5de
7,guinéen,5,gine5
8,guitoune,5,gitun
9,gustation,8,gystasj§
8,guyanais,7,g8ijanE
5,guzla,5,gyzla
7,guéable,5,geabl
6,guéret,4,geRE
10,guévariste,8,gevaRist
6,guêtré,5,getRe
2,gy,2,Zi
9,gymnasium,9,ZimnazjOm
8,gymnique,6,Zimnik
10,gymnopédie,9,Zimnopedi
13,gymnosophiste,11,Zimnosofist
7,gypseux,5,Zips2
7,gâchage,5,gaSaZ
7,gâpette,5,gapEt
9,gâte-bois,6,gatbwa
10,gâte-sauce,6,gatsos
6,gâtine,5,gatin
16,gélatino-bromure,14,ZelatinobRomyR
12,gélification,11,Zelifikasj§
9,gélinotte,7,ZelinOt
10,gélolevure,9,Zelol°vyR
9,gémisseur,7,Zemis9R
9,génialité,9,Zenjalite
10,génitalité,10,Zenitalite
7,génuine,6,Zen8in
10,généralife,9,ZeneRalif
13,généralisable,12,ZeneRalizabl
9,génésique,7,Zenezik
13,géodésigraphe,11,ZeodezigRaf
12,géostratégie,11,ZeostRateZi
11,géotropique,9,ZeotRopik
7,géronte,5,ZeR§t
5,gîter,4,Zite
12,habitabilité,11,abitabilite
7,habitus,6,abitys
7,hachard,4,aSaR
12,hache-paille,5,aSpaj
7,hachure,4,aSyR
11,hagiographe,8,aZjogRaf
11,haillonneux,5,ajon2
5,haire,2,ER
4,hale,2,al
10,halètement,7,alEt°m@
9,hanovrien,7,anOvRi5
7,hanteur,4,@t9R
5,happe,2,ap
9,happement,5,ap°m@
9,happy few,6,apifju
8,haquenée,5,ak°ne
6,haquet,3,akE
8,harasser,5,aRase
5,harde,3,aRd
5,haret,3,aRE
7,harfang,4,aRf@
13,hargneusement,8,aRN2z°m@
7,harissa,5,aRisa
5,harki,4,aRki
8,harnaché,6,aRnaSe
6,harpin,4,aRp5
14,hasardeusement,10,azaRd2z°m@
6,haseki,4,aski
10,hassidisme,7,asidizm
17,haut-commandement,10,okOm@nd°m@
16,haut-de-chausses,6,od°Sos
13,haut-le-corps,6,ol°kOR
11,haut-relief,7,oR°ljEf
12,hautainement,7,otEn°m@
8,hautesse,4,otEs
8,havanais,5,avanE
8,haveneau,5,av°no
7,havrais,4,avRE
7,hawaïen,5,awaj5
4,haïk,3,aik
6,haïkaï,5,aikai
16,hebdomadairement,12,EbdomadER°m@
5,hecto,4,Ekto
10,helléniser,7,Elenize
10,hellénisme,7,Elenizm
9,helminthe,5,Elm5t
7,helvète,5,ElvEt
9,helvétien,7,Elvesj5
10,helvétique,7,Elvetik
6,hennin,3,en5
9,heptagone,7,Eptagon
10,heptaméron,8,EptameR§
8,herbette,5,ERbEt
10,herboriser,8,ERboRize
5,herbu,4,ERby
9,hercynien,7,ERsinj5
14,hermaphrodisme,11,ERmafRodizm
16,hermaphroditisme,13,ERmafRoditizm
7,herminé,6,ERmine
8,hernieux,5,ERnj2
6,herser,4,ERse
7,hessois,4,Eswa
11,hic et nunc,8,ikEtnunk
6,hideur,4,id9R
9,higoumène,6,igumEn
7,hiloire,5,ilwaR
11,himalayenne,8,imalajEn
13,hippocratique,9,ipokRatik
13,hippophagique,8,ipofaZik
15,hippopotamesque,11,ipopotamEsk
17,hispano-américain,13,ispanoameRik5
14,hispano-cubain,10,ispanokyb5
17,hispano-mauresque,12,ispanomoREsk
11,historicité,10,istoRisite
11,historiette,8,istoRjEt
3,hiv,5,aSive
9,hivernage,7,ivERnaZ
9,hivernant,6,ivERn@
15,hiérarchisation,12,jeRaRSizasj§
11,hiérarchisé,9,jeRaRSize
14,hiératiquement,10,jeRatik°m@
10,hiératisme,8,jeRatizm
11,hiérophante,7,jeRof@t
8,hochepot,4,OSpo
6,hoirie,4,waRi
12,hollywoodien,8,Oliwudj5
8,hominien,6,ominj5
12,hominisation,10,ominizasj§
14,homme-sandwich,9,Oms@dwitS
12,homo habilis,9,omoabilis
11,homologable,9,omologabl
9,homonymie,7,omonimi
11,homonymique,8,omonimik
10,homophilie,7,omofili
10,homophonie,7,omofoni
6,honnir,4,oniR
7,hoplite,5,oplit
6,horion,4,oRj§
13,horizontalité,11,oRiz§talite
11,horse-guard,8,ORsgwaRd
13,hortillonnage,9,ORtijonaZ
8,hosannah,5,ozana
8,hospodar,7,OspodaR
6,hostau,4,Osto
11,hostilement,8,Ostil°m@
6,hottée,3,ote
4,hotu,3,oty
6,houari,4,waRi
7,houille,2,uj
8,houiller,3,uje
6,houler,3,ule
8,houligan,6,uligan
12,houliganisme,9,uliganizm
7,houlque,3,ulk
7,hourdis,4,uRdi
7,houseau,3,uzo
5,hoyau,4,wajo
5,huart,3,8aR
6,huchet,3,ySE
8,hugolien,6,ygolj5
6,huipil,5,8ipil
12,huit-reflets,8,8itR°flE
10,hululement,7,ylyl°m@
12,humanisation,10,ymanizasj§
10,humidement,7,ymid°m@
7,humoral,6,ymoRal
7,hussite,4,ysit
4,huée,2,8e
9,huîtrière,8,8itRijER
5,hydne,3,idn
16,hydro-électrique,12,idRoelEktRik
11,hydrocution,9,idRokysj§
9,hydrocèle,7,idRosEl
15,hydrogénisation,13,idRoZenizasj§
12,hydroquinone,9,idRokinOn
10,hygiaphone,7,iZjafOn
10,hygromètre,8,igRomEtR
13,hygrométrique,10,igRometRik
13,hylémorphique,9,ilemoRfik
11,hyménoptère,9,imenOptER
9,hypallage,6,ipalaZ
16,hyperboliquement,12,ipERbolik°m@
10,hyperborée,8,ipERboRe
11,hyperboréen,9,ipERboRe5
13,hyperesthésie,10,ipEREstezi
14,hyperlipidémie,12,ipERlipidemi
11,hypermnésie,9,ipERmnezi
12,hypernerveux,9,ipERnERv2
13,hyperréalisme,11,ipERRealizm
13,hyperréaliste,11,ipERRealist
15,hyperthyroïdien,12,ipERtiRoidj5
14,hyperémotivité,13,ipERemotivite
9,hypnogène,7,ipnoZEn
14,hypnotiquement,10,ipnOtik°m@
10,hypocondre,7,ipok§dR
8,hypocras,7,ipokRas
9,hypoderme,7,ipodERm
7,hypogée,5,ipoZe
10,hypokhâgne,6,ipokaN
11,hyposulfite,9,ipozylfit
9,hypotaupe,6,ipotop
8,hâblerie,6,abl°Ri
7,hâbleur,5,abl9R
10,hébertisme,8,ebERtizm
13,hébraïquement,9,ebRaik°m@
10,hébraïsant,7,ebRaiz@
10,hébétement,7,ebEt°m@
12,hégélianisme,10,eZeljanizm
8,hégélien,6,eZelj5
10,hélicoïdal,9,elikoidal
5,hélio,4,eljo
12,héliogravure,10,eljogRavyR
11,héliophanie,8,eljofani
7,hématie,5,emasi
8,hématite,6,ematit
10,hématocèle,8,ematosEl
12,hématopoïèse,10,ematopojEz
8,hématose,6,ematoz
4,hémi,3,emi
9,hémiptère,7,emiptER
10,hémistiche,7,emistiS
10,hémoptysie,8,emoptizi
11,héraclitéen,9,eRaklite5
10,héraldique,7,eRaldik
11,hérissement,7,eRis°m@
7,héroïde,5,eRoid
15,héréditairement,11,eReditER°m@
6,hérédo,5,eRedo
11,hérésiarque,8,eRezjaRk
7,hétaïre,5,etaiR
11,hétérodoxie,10,eteRodOksi
13,hétérogénéité,12,eteRoZeneite
11,hétéroptère,9,eteROptER
7,hêtraie,4,EtRE
16,hôtel-restaurant,11,otElREstOR@
4,ibis,4,ibis
3,ibm,5,ibeEm
5,ibère,4,ibER
9,ice-cream,7,ajskRim
6,icelle,4,isEl
7,icelles,4,isEl
6,icelui,6,is°l8i
7,icoglan,6,ikogl@
11,iconoclaste,10,ikonoklast
11,iconographe,9,ikonogRaf
14,iconographique,11,ikonogRafik
10,iconostase,9,ikonostaz
5,ictus,5,iktys
13,identiquement,9,id@tik°m@
13,identitarisme,11,id@titaRizm
10,idiotement,8,idjOt°m@
13,idéographique,10,ideogRafik
5,iftar,5,iftaR
8,ignifuge,6,iNifyZ
9,ignifuger,7,iNifyZe
16,ignominieusement,11,iNomiN2z°m@
4,igné,3,iNe
9,iguanodon,8,igwanod§
13,illogiquement,9,iloZik°m@
10,illuminant,7,ilymin@
13,illusoirement,10,ilyzwaR°m@
12,illustrement,9,ilystR2m@
13,illustrissime,10,ilystRisim
5,ilote,4,ilOt
7,imagier,6,imaZje
14,imaginairement,11,imaZinER°m@
9,imaginant,7,imaZin@
5,imago,5,imago
10,imbibition,8,5bibisj§
10,imbittable,7,5bitabl
11,imbrication,9,5bRikasj§
8,imbriqué,6,5bRike
12,imbécilement,9,5besil°m@
8,imitable,7,imitabl
12,immaculation,10,imakylasj§
9,immanence,6,iman@s
8,immanent,5,iman@
12,immanentisme,9,iman@tizm
13,immarcescible,10,5maRsEsibl
13,immatérialité,12,imateRjalite
12,immensurable,9,im@syRabl
12,immobilisant,9,imobiliz@
12,immodérément,9,imodeRem@
11,immoralisme,9,imoRalizm
11,immoraliste,9,imoRalist
15,immortalisation,13,imORtalizasj§
10,immunogène,8,imynoZEn
10,immémorial,9,imemoRjal
13,impalpabilité,12,5palpabilite
14,impalpablement,11,5palpabl2m@
13,imparablement,10,5paRabl°m@
17,impardonnablement,13,5paRdOnabl2m@
13,impartageable,10,5paRtaZabl
8,impartir,7,5paRtiR
13,impassibilité,11,5pasibilite
14,impassiblement,10,5pasibl°m@
12,impatroniser,10,5patRonize
13,impeccabilité,11,5pEkabilite
11,impedimenta,9,5pedim@ta
7,impensé,5,5p@se
14,imperméabilité,13,5pERmeabilite
14,impersonnalité,12,5pERsonalite
14,impertinemment,10,5pERtinam@
17,imperturbablement,14,5pERtyRbabl°m@
9,implosive,7,5ploziv
7,impollu,5,5pOly
11,impolluable,8,5pOl8abl
8,impollué,6,5pol8e
10,impratique,7,5pRatik
10,imprimatur,9,5pRimatyR
10,imprononcé,8,5pROn§se
11,imprécateur,9,5pRekat9R
12,imprécisable,10,5pResizabl
10,imprégnant,6,5pReN@
8,imprégné,6,5pReNe
13,impréparation,11,5pRepaRasj§
13,imprésentable,10,5pRez@tabl
11,imprévision,9,5pRevizj§
11,imprévoyant,9,5pRevwaj@
8,impubère,6,5pybER
13,imputrescible,10,5pytResibl
11,impécunieux,8,5pekynj2
13,impécuniosité,12,5pekynjozite
15,impénétrabilité,14,5penetRabilite
14,impérieusement,10,5peRj2z°m@
9,impéritie,7,5peRisi
12,in abstracto,11,inapstRakto
13,in anima vili,11,inanimavili
16,in cauda venenum,13,inkodavenenOm
10,in extenso,9,inEkst5so
8,in petto,6,inpeto
7,in vivo,6,invivo
8,in-folio,7,infoljo
9,in-folios,7,infoljo
9,in-octavo,8,inOktavo
10,in-octavos,8,inOktavo
9,in-quarto,8,inkwaRto
8,in-seize,5,insEz
8,inabouti,7,inabuti
17,inaccomplissement,12,inak§plis°m@
8,inactuel,8,inakt8El
11,inadaptable,10,inadaptabl
12,inanalysable,11,inanalizabl
5,inane,4,inan
11,inanimation,10,inanimasj§
11,inapaisable,9,inapEzabl
13,inapplication,11,inaplikasj§
13,inappréciable,11,inapResjabl
11,inappétence,8,inapet@s
13,inarrangeable,9,inaR@Zabl
13,inassimilable,11,inasimilabl
15,inassouvissable,11,inasuvisabl
16,inassouvissement,11,inasuvis°m@
12,inattrapable,10,inatRapabl
14,inauthenticité,11,inot@tisite
8,inaverti,8,inavERti
14,inavouablement,11,inavwabl2m@
8,incarnat,6,5kaRna
10,incernable,8,5sERnabl
12,inchiffrable,8,5SifRabl
7,incivil,6,5sivil
10,inclémence,7,5klem@s
15,incoerciblement,12,5kOERsibl2m@
12,incomestible,10,5komEstibl
19,incommensurablement,14,5kom@syRabl°m@
11,incommodité,9,5komodite
14,incommunicable,11,5komynikabl
14,incomplètement,10,5k§plEt°m@
20,incompréhensiblement,14,5k§pRe@sibl2m@
16,inconcevablement,12,5k§s°vabl°m@
13,inconditionné,10,5k§disjone
11,inconfiance,7,5k§fj@s
14,inconnaissance,8,5konEs@s
13,inconsistance,9,5k§sist@s
9,inconsolé,7,5k§sole
13,inconsommable,9,5k§somabl
13,inconvertible,10,5k§vERtibl
16,inconvertissable,12,5k§vERtisabl
16,incorrigiblement,12,5koRiZibl°m@
13,incrédibilité,12,5kRedibilite
11,inculcation,9,5kylkasj§
12,incultivable,10,5kyltivabl
9,inculture,7,5kyltyR
9,incurieux,6,5kyRj2
11,incuriosité,10,5kyRjozite
18,indescriptiblement,15,5dEskRiptibl2m@
17,indestructibilité,16,5dEstRyktibilite
13,indifférencié,10,5difeR@sje
15,indifférentisme,11,5difeR@tizm
14,indigestionner,11,5diZEstjOne
14,indiscrètement,11,5diskREt°m@
13,indistinction,10,5dist5ksj§
13,individualisé,12,5divid8alize
14,indivisibilité,13,5divizibilite
10,indivision,8,5divizj§
8,indivisé,7,5divize
10,indocilité,9,5dosilite
11,indolemment,7,5dolam@
9,indosable,7,5dozabl
14,industrialiser,13,5dystRijalize
16,industriellement,13,5dystRijEl°m@
16,industrieusement,13,5dystRij2z°m@
11,indécidable,9,5desidabl
9,indécises,6,5desiz
17,indécrottablement,13,5dekROtabl2m@
16,indéfectiblement,13,5defEktibl°m@
18,indéfinissablement,14,5definisabl2m@
12,indéfinition,10,5definisj§
10,indéfriché,8,5defRiSe
12,indéfrisable,10,5defRizabl
12,indélivrable,10,5delivRabl
13,indémaillable,9,5demajabl
13,indémontrable,10,5dem§tRabl
12,indépassable,9,5depasabl
13,indéracinable,11,5deRasinabl
15,ineffaçablement,12,inefasabl°m@
9,inemployé,9,in@plwaje
8,inentamé,7,in@tame
10,ineptement,8,inEpt2m@
8,inespoir,8,inEspwaR
11,inespérable,10,inEspeRabl
12,inespérément,10,inEspeRem@
11,inessentiel,9,inEs@sjEl
13,inexorabilité,14,inEgzoRabilite
12,inexplosible,12,inEksplozibl
12,inexpression,11,inEkspREsj§
16,inexprimablement,15,inEkspRimabl2m@
16,inexpugnablement,14,inEkspyNabl2m@
12,inextirpable,12,inEkstiRpabl
13,infantilement,9,5f@til°m@
15,infatigablement,12,5fatigabl°m@
11,infectement,8,5fEkt2m@
13,infernalement,10,5fERnal°m@
11,infigurable,9,5figyRabl
10,infinitude,8,5finityd
18,infinitésimalement,15,5finitezimal°m@
14,inflexiblement,12,5flEksibl°m@
8,infléchi,6,5fleSi
15,infléchissement,10,5fleSis°m@
12,informulable,10,5fORmylabl
9,informulé,8,5fORmyle
9,infranchi,6,5fR@Si
5,infus,3,5fy
11,infécondité,9,5fek§dite
8,inféoder,6,5feode
7,inférer,5,5feRe
7,ingambe,4,5g@b
15,inglorieusement,11,5glORj2z°m@
10,inglorieux,7,5glORj2
11,ingratement,8,5gRat°m@
8,inguinal,7,5g8inal
13,ingurgitation,11,5gyRZitasj§
8,ingénier,6,5Zenje
18,ingénieur-chimiste,13,5Zenj9RSimist
17,ingénieur-conseil,12,5Zenj9Rk§sEj
10,ingénument,7,5Zenym@
14,inidentifiable,12,inid@tifjabl
14,inimitablement,12,inimitabl2m@
14,inintelligence,10,in5teliZ@s
9,inintérêt,7,in5teRE
14,injurieusement,10,5ZyRj2z°m@
11,innervation,9,inERvasj§
8,innerver,6,inERve
9,innocuité,8,inok8ite
15,innombrablement,11,in§bRabl2m@
7,innommé,5,inome
9,inondable,7,in§dabl
13,inopportunité,12,inopORtynite
15,inoubliablement,13,inublijabl2m@
8,inoublié,7,inublje
5,input,5,input
10,inquilisme,7,5kilism
14,inquisitionner,10,5kizisjOne
10,inquiéteur,7,5kjet9R
12,insalissable,9,5salisabl
11,insalubrité,10,5salybRite
14,insatiablement,11,5sasjabl°m@
10,inscrivant,7,5skRiv@
11,inscrutable,9,5skRytabl
11,insensément,7,5s@sem@
9,insincère,6,5s5sER
10,insipidité,9,5sipidite
12,insolitement,9,5sOlit°m@
10,insomnieux,7,5sOmnj2
14,insondablement,10,5s§dabl2m@
10,insonorité,9,5sonoRite
15,insoucieusement,10,5susj2z°m@
12,inspiratoire,10,5spiRatwaR
10,installeur,7,5stal9R
13,instantanéité,11,5st@taneite
11,instinctivo,9,5st5ktivo
12,insufflateur,9,5syflat9R
10,insularité,9,5sylaRite
9,insulteur,7,5sylt9R
7,insurgé,6,5syRZe
10,insurpassé,8,5syRpase
15,insurrectionnel,12,5syREksjonEl
9,insécable,7,5sekabl
14,inséparabilité,13,5sepaRabilite
15,inséparablement,12,5sepaRabl°m@
8,intaille,4,5taj
16,intarissablement,12,5taRisabl°m@
16,intellectualiser,13,5tElEkt8alize
16,intellectualiste,13,5telEkt8alist
18,intellectuel-phare,13,5telEkt8ElfaR
16,intempestivement,12,5t@pEstiv°m@
13,intemporalité,11,5t@poRalite
10,interallié,8,5tERalje
12,intercalaire,9,5tERkalER
12,intercesseur,9,5tERses9R
12,interchanger,8,5tERS@Ze
10,intercours,7,5tERkuR
13,interculturel,12,5tERkyltyREl
13,interethnique,9,5tEREtnik
11,interjecter,9,5tERZEkte
9,interlope,7,5tERlOp
12,intermission,9,5tERmisj§
17,internationalisme,15,5tERnasjonalizm
14,interpellateur,11,5tERpelat9R
13,interrogative,10,5tERogativ
17,interrogativement,13,5tERogativ°m@
12,interrogeant,7,5tERoZ@
10,intertitre,8,5tERtitR
9,interview,7,5tERvju
11,interviewer,10,5tERvjuv9R
11,interviewer,9,5tERvjuve
12,intervieweur,10,5tERvjuv9R
10,interviewé,9,5tERvjuve
10,intimation,8,5timasj§
9,intirable,7,5tiRabl
14,intra-atomique,10,5tRaatomik
8,intrados,6,5tRado
7,intrait,4,5tRE
16,intransgressible,12,5tR@zgREsibl
11,intransitif,9,5tR@zitif
12,introducteur,10,5tRodykt9R
12,intromission,9,5tRomisj§
7,introït,6,5tRoit
13,intrépidement,10,5tRepid°m@
9,intuitive,7,5t8itiv
12,intégralisme,10,5tegRalism
6,inupik,6,inypik
11,inusabilité,11,inyzabilite
13,inutilisation,12,inytilizasj§
7,invendu,5,5v@dy
10,inversible,8,5vERsibl
7,inverti,6,5vERti
8,invitant,5,5vit@
8,inviteur,6,5vit9R
11,invocatoire,9,5vokatwaR
9,involutif,8,5volytif
10,involution,8,5volysj§
19,invraisemblablement,14,5vREs@blabl°m@
9,inébranlé,8,inebR@le
13,inéchangeable,9,ineS@Zabl
14,inéluctabilité,14,inelyktabilite
12,inélégamment,9,inelegam@
15,inépuisablement,13,inep8izabl°m@
11,inévaluable,10,ineval8abl
4,iodé,4,jode
6,ionien,5,jonj5
6,ipomée,5,ipome
9,irisation,8,iRizasj§
6,iriser,5,iRize
5,irisé,5,iRize
8,ironisme,7,iROnism
8,ironiste,7,iRonist
15,irreprésentable,12,iR2pRez@tabl
10,irroration,8,iRoRasj§
10,irréalisme,8,iRealizm
9,irréalisé,8,iRealize
12,irréductible,10,iRedyktibl
12,irréellement,8,iReEl°m@
13,irréligiosité,12,iReliZjozite
15,irréparablement,12,iRepaRabl°m@
17,irréprochablement,13,iRepRoSabl°m@
15,irréversibilité,14,iRevERsibilite
19,irrévérencieusement,14,iReveR@sj2z°m@
5,isard,4,izaR
6,isatis,6,izatis
9,isolateur,8,izolat9R
6,isorel,6,izoREl
11,italianisme,10,italjanizm
15,italo-brésilien,13,italobRezilj5
14,italo-français,10,italofR@sE
14,italo-polonais,11,italopolonE
14,italo-égyptien,12,italoeZipsj5
13,ite missa est,10,itemisaEst
5,ithos,4,itOs
13,ithyphallique,8,itifalik
8,ivoirien,7,ivwaRj5
10,ivoirienne,8,ivwaRjEn
7,ivoirin,6,ivwaR5
8,ivrogner,6,ivRoNe
6,ixième,6,iksjEm
7,jabadao,7,Zabadao
7,jaboter,6,Zabote
9,jacassant,6,Zakas@
10,jacasserie,8,Zakas°Ri
5,jacot,4,Zako
10,jacqueline,7,Zak°lin
10,jacquemart,7,Zak°maR
8,jacquier,5,Zakje
10,jactancier,8,Zakt@sje
7,jacteur,6,Zakt9R
11,jaculatoire,10,ZakylatwaR
11,jaillissant,6,Zajis@
8,jalmince,6,Zalm5s
8,jalonner,6,Zalone
7,jalonné,6,Zalone
9,jamais-vu,6,ZamEvy
7,jambart,5,Z@baR
10,jambonneau,6,Z@bono
10,janissaire,7,ZanisER
10,jansénisme,8,Z@senizm
10,janséniste,8,Z@senist
12,japonaiserie,10,ZaponEz°Ri
9,japonerie,8,ZapOn°Ri
8,jaquelin,6,ZakEl5
6,jaquet,4,ZakE
9,jargonner,7,ZaRgone
10,jarnicoton,9,ZaRnikot§
6,jaseur,5,Zaz9R
5,jaspe,4,Zasp
6,jaspin,5,Zasp5
8,jaspiner,7,Zaspine
8,jaunasse,5,Zonas
5,jauni,4,Zoni
8,javeline,7,Zav°lin
7,javotte,5,ZavOt
13,jean-le-blanc,7,Z@l°bl@
7,jeannot,4,Zano
7,jellaba,7,dZElaba
11,jet society,11,dZEtsosajti
9,jeunement,6,Z9n°m@
6,jinjin,8,dZindZin
6,jivaro,6,ZivaRo
9,jobardise,8,ZobaRdiz
7,jociste,6,Zosist
8,jocrisse,6,ZokRis
12,johannisberg,10,ZOanisb9Rg
7,jointif,6,Zw5tif
6,jokari,6,ZokaRi
8,jolibois,7,ZOlibwa
9,joncaille,5,Z§kaj
8,jonchaie,4,Z§SE
7,jonchet,4,Z§SE
8,jonchère,5,Z§SER
6,jonché,4,Z§Se
9,jordonner,7,ZORdOne
8,joubarbe,6,ZubaRb
7,jouteur,5,Zut9R
11,jovialement,9,Zovjal°m@
9,joyeuseté,9,Zwaj2z°te
4,jubé,4,Zybe
6,jucher,4,ZySe
9,judaïsant,7,Zydaiz@
8,judaïser,7,Zydaize
7,judaïté,7,Zydaite
8,julienne,6,ZyljEn
7,jumeler,6,Zym°le
10,jumenterie,8,Zym@t°Ri
8,jurançon,6,ZyR@s§
9,jurassien,7,ZyRasj5
7,jusques,4,Zysk
12,juste-milieu,10,Zyst°milj2
9,justinien,8,Zystinj5
10,juvénilité,10,Zyvenilite
10,juxtaposer,10,Zykstapoze
4,jèze,3,ZEz
10,jésuitière,9,Zez8itjER
7,kabarde,6,kabaRd
13,kabbalistique,10,kabalistik
5,kacha,4,kaSa
8,kaddisch,5,kadiS
9,kala-azar,8,kalaazaR
7,kalmouk,6,kalmuk
7,kandjar,6,k@djaR
8,kantisme,6,k@tizm
6,kasbah,5,kasba
6,kastro,6,kastRo
9,katangais,6,kat@gE
6,katiba,6,katiba
4,kawa,4,kawa
5,kebla,5,k°bla
7,khamsin,6,kamsin
6,khanat,4,kana
6,khazar,5,kazaR
6,khâgne,3,kaN
8,khâgneux,4,kaN2
8,khédival,7,kedival
4,khôl,3,kol
10,kibboutzim,8,kibutsim
6,kilbus,6,kilbus
13,kilowattheure,9,kilowat9R
12,king-charles,7,kiGSaRl
6,kinnor,5,kinOR
4,kino,4,kino
5,kiosk,5,kjOsk
7,kirghiz,6,kiRgiz
8,kirghize,6,kiRgiz
4,kiwi,4,kiwi
5,knout,4,knut
4,kohl,3,kol
10,kolkhozien,8,kOlkozj5
5,koran,4,kOR@
4,korè,4,koRE
4,koré,4,kORe
6,koulak,5,kulak
6,kouros,5,kuRos
7,kremlin,6,kREml5
8,kreutzer,8,kROjts9R
10,kriegspiel,8,kRikSpil
4,ksar,4,ksaR
5,kyrie,5,kiRje
6,kébour,5,kebuR
5,kéfir,5,kefiR
5,labbe,3,lab
6,labial,6,labjal
5,labre,4,labR
8,lacandon,6,lak@d§
5,lacis,4,lasi
15,lacrima-christi,13,lakRimakRisti
15,lacryma-christi,13,lakRimakRisti
10,lactescent,7,laktEs@
6,ladino,6,ladino
8,ladrerie,7,ladR°Ri
8,laguiole,6,lagjOl
9,lagunaire,7,lagynER
9,laidement,6,lEd°m@
4,laie,2,lE
7,lainier,5,lEnje
8,lainière,6,lEnjER
18,laissé-pour-compte,10,lesepuRk§t
8,lamaïsme,7,lamaizm
5,lambi,4,l@bi
6,lambic,5,l@bik
9,lambswool,7,l@bswul
6,lamedu,6,lam°dy
6,lamedé,6,lam°de
12,lamelliforme,10,lamElifORm
5,lamie,4,lami
7,lamifié,7,lamifje
9,laminaire,7,laminER
8,laminoir,8,laminwaR
12,lampadophore,9,l@padofOR
6,lampas,4,l@pa
11,lampe-phare,6,l@pfaR
13,lampe-tempête,8,l@pt@pEt
6,lamper,4,l@pe
11,lampisterie,9,l@pist°Ri
14,lance-torpille,9,l@stORpij
8,lancelot,6,l@s°lo
11,lancequiner,7,l@skine
10,lancinance,7,l@sin@s
9,landaulet,6,l@dolE
10,landerneau,7,l@dERno
9,landsturm,8,l@dstuRm
8,landwehr,6,l@dvER
8,lanlaire,5,l@lER
9,lansquine,6,l@skin
10,lansquiner,7,l@skine
16,lanterne-tempête,11,l@tERnt@pEt
10,lanternier,8,l@tERnje
7,lançant,4,l@s@
8,lapement,6,lap°m@
14,lapidification,13,lapidifikasj§
7,lapiner,6,lapine
6,lapper,4,lape
7,lardage,6,laRdaZ
8,lardeuss,7,laRdeus
7,lardeux,5,laRd2
4,lare,3,laR
9,larghetto,7,laRgEto
7,larigot,6,laRigo
11,larmoiement,8,laRmwam@
9,larmoyeur,9,laRmwaj9R
5,larvé,5,laRve
14,laryngologique,11,laR5gOlOZik
14,laryngologiste,12,laR5goloZist
9,laticlave,8,latiklav
8,latinité,8,latinite
10,latéralité,10,lateRalite
8,latérite,7,lateRit
5,laubé,4,lobe
9,laudateur,7,lodat9R
14,laurier-cerise,10,loRjes°Riz
8,lavandin,6,lav@d5
10,lave-mains,5,lavm5
9,lave-pont,5,lavp§
6,lavedu,5,lavdy
5,lavis,4,lavi
6,lavure,5,lavyR
5,layon,4,lEj§
8,lazingue,5,laz5g
5,lazzi,5,ladzi
5,lebel,5,l°bEl
7,leggins,6,legins
10,leitmotive,9,lajtmotiv
9,lentisque,6,l@tisk
5,lerch,4,lERS
6,lerche,4,lERS
8,lesdites,5,lEdit
7,lettone,5,lEtOn
8,lettreur,6,lEtR9R
8,lettrine,6,lEtRin
7,leucose,5,l2koz
10,leucotomie,8,l2kotomi
7,levreau,5,l°vRo
7,lexical,8,lEksikal
8,libeccio,8,libEksjo
8,libeller,6,libele
6,libero,6,lib°Ro
9,libidinal,9,libidinal
19,librairie-papeterie,15,libReRipapet°Ri
12,libéralement,10,libeRal°m@
5,liche,3,liS
6,licher,4,liSe
9,lichotter,6,liSOte
5,licol,5,likOl
7,licteur,6,likt9R
7,licéité,7,liseite
10,lie-de-vin,6,lid°v5
8,lieu-dit,5,lj2di
7,lieudit,5,lj2di
17,lieutenant-pilote,12,lj2t°n@pilOt
10,lieux-dits,5,lj2di
5,lifté,5,lifte
6,ligner,4,liNe
7,ligneux,4,liN2
7,lignite,5,liNit
7,ligueur,5,lig9R
6,ligure,5,ligyR
6,lilial,6,liljal
7,lillois,5,lilwa
5,limbe,3,l5b
9,limitatif,9,limitatif
10,limitrophe,8,limitROf
9,limonaire,7,limonER
8,limoneux,6,limon2
8,limonier,7,limonje
8,limousin,6,limuz5
7,linaire,5,linER
11,liquidateur,9,likidat9R
9,liquoreux,6,likoR2
6,liseur,5,liz9R
7,lisseur,5,lis9R
11,lissotriche,8,lisOtRiS
6,listel,6,listEl
6,liséré,6,lizeRe
10,lit-bateau,6,libato
9,lit-divan,6,lidiv@
11,lithographe,8,litogRaf
7,litorne,6,litORn
6,litrer,5,litRe
11,littéralité,10,liteRalite
5,litée,4,lite
7,livarot,6,livaRo
8,livrable,7,livRabl
11,livres-club,8,livRkl9b
8,liégeois,6,ljeZwa
9,lobulaire,7,lobylER
8,locature,7,lOkatyR
5,locdu,5,lOkdy
10,locomobile,9,lokomobil
8,logeable,6,loZabl
10,logomachie,8,logomaSi
10,logosphère,8,logosfER
13,lointainement,9,lw5tEn°m@
8,loisible,7,lwazibl
6,lokoum,5,lokum
7,lombard,5,l§baR
6,lombes,3,l§b
7,londrès,6,l§dREs
11,longanimité,10,l§ganimite
8,longeron,6,l§Z°R§
10,longiforme,8,l§ZifORm
10,longiligne,7,l§ZiliN
17,longitudinalement,14,l§Zitydinal°m@
8,lopaille,5,lOpaj
6,loquer,4,loke
9,loqueteau,6,lOk°to
7,lordose,6,lORdoz
7,lorrain,4,loR5
7,lorsque,6,lORsk°
7,losangé,6,loz@Ze
6,lotier,5,lotje
9,louangeur,6,lw@Z9R
9,louchebem,7,lukEbEm
10,louchement,6,luS°m@
7,louchet,4,luSE
7,louchon,4,luS§
10,louchébème,7,luSebEm
6,loufer,4,lufe
10,louftingue,6,luft5g
16,louis-philippard,11,lwifilipaRd
12,louise-bonne,7,lwizbOn
9,louloutte,5,lulut
12,loup-cervier,8,lusERvje
7,loupiat,5,lupja
9,loupiotte,6,lupjOt
9,lourderie,7,luRd°Ri
9,louvoyant,7,luvwaj@
5,lucet,4,lysE
10,luciférien,9,lysifeRj5
6,ludion,5,lydj§
11,lugubrement,9,lygybR°m@
8,luisance,6,l8iz@s
8,lumignon,6,lymiN§
9,luminaire,7,lyminER
11,luminescent,8,lyminEs@
8,lunetier,7,lyn°tje
9,lunetteux,6,lynEt2
7,lunetté,6,lynEte
6,lunule,5,lynyl
3,lur,3,luR
7,lustral,7,lystRal
8,lustrine,7,lystRin
8,lutherie,5,lytRi
13,luthérianisme,11,lyteRjanizm
6,lutrin,5,lytR5
8,lutécien,7,lytesj5
14,luxembourgeois,11,lyks@buRZwa
7,lychnis,6,liknis
6,lycien,5,lisj5
10,lycoperdon,9,likopERd§
11,lymphangite,7,l5f@Zit
11,lymphatisme,8,l5fatizm
11,lymphopénie,8,l5fopeni
7,lyriser,6,liRize
9,là-devant,6,lad°v@
10,lèchefrite,7,lESfRit
3,lès,2,lE
9,légaliste,8,legalist
5,légat,4,lega
8,légender,6,leZ@de
11,légitimiste,10,leZitimist
8,légitimé,8,leZitime
8,légumier,7,legymje
10,légumineux,8,legymin2
6,lémure,5,lemyR
12,lénification,11,lenifikasj§
6,léonin,5,leon5
8,léopardé,8,leopaRde
11,lépidoptère,10,lepidOptER
10,lépontique,7,lep§tik
6,lésine,5,lezin
9,lésinerie,8,lezin°Ri
7,macarel,7,makaREl
9,macarelle,7,makaREl
11,macaronique,9,makaRonik
8,macassar,7,makasaR
14,machinchouette,8,maS5SuEt
13,machine-outil,8,maSinuti
10,machinique,7,maSinik
10,machinisme,8,maSinizm
10,mackintosh,8,makintOS
11,macroclimat,10,makRoklima
10,macrocosme,9,makRokOsm
13,macroscopique,11,makRoskopik
8,maculage,7,makylaZ
10,maculation,9,makylasj§
10,maculature,9,makylatyR
6,macule,5,makyl
9,madapolam,9,madapolam
13,madre de dios,13,madRededeioEs
7,madrier,7,madRije
5,madré,5,madRe
9,madrépore,8,madRepOR
9,maelström,8,mElstR2m
6,maffia,5,mafja
8,maffieux,5,mafj2
6,mafflu,5,mafly
11,magdalénien,10,magdalenj5
7,maghzen,6,makzEn
9,magistère,8,maZistER
10,magnificat,8,maNifika
9,mahométan,7,maomet@
7,mahonia,6,maonja
4,maie,2,mE
10,maigrement,7,mEgR°m@
8,maigriot,7,megRijo
10,mail-coach,9,mEjlkOwtS
11,maillechort,6,majSOR
9,mailloche,5,majOS
9,maillotin,6,majot5
6,maillé,4,maje
14,maincourantier,9,m5kuR@tje
10,mainteneur,7,m5t°n9R
4,majo,4,maZo
7,majoral,7,maZoRal
7,majorat,6,maZoRa
9,mal-baisé,7,malbeze
11,malaisément,8,malezem@
6,malard,5,malaR
10,malcontent,7,malk§t@
11,malencontre,8,mal@k§tR
8,malgache,6,malgaS
13,malhabilement,10,malabil°m@
8,malherbe,6,malERb
4,mali,4,mali
6,malien,5,malj5
8,malienne,6,maljEn
7,malinké,6,mal5ke
10,mallarméen,8,malaRme5
7,malouin,5,malw5
13,malproprement,11,malpROpR°m@
11,malpropreté,11,malpROpR°te
12,malsainement,9,malsEn°m@
9,malséance,7,malse@s
10,maléficier,9,malefisje
9,maléficié,9,malefisje
8,mamaliga,8,mamaliga
10,mamamouchi,8,mamamuSi
4,mame,3,mam
6,mamelu,6,mam°ly
7,mameluk,7,mam°luk
6,manade,5,manad
7,manceau,4,m@so
9,mancheron,6,m@S°R§
11,mandarinier,9,m@daRinje
13,mandat-lettre,8,m@dalEtR
11,mandatement,8,m@dat°m@
7,mandore,5,m@dOR
8,mandorle,6,m@dORl
11,manducation,9,m@dykasj§
5,mandé,4,m@de
10,mange-tout,5,m@Ztu
8,mangerie,6,m@Z°Ri
9,mangetout,6,m@Z°tu
12,maniaquement,9,manjak°m@
11,maniaquerie,9,manjak°Ri
11,manichéisme,9,manikeizm
11,manichéiste,9,manikeist
8,manifold,8,manifOld
8,manitoba,8,manitoba
11,mannezingue,6,manz5g
11,manoeuvrier,9,man9vRije
7,mansard,5,m@saR
8,mansardé,7,m@saRde
8,mantelet,6,m@t°lE
9,mantelure,7,m@tElyR
8,mantique,5,m@tik
8,manuélin,7,man8el5
10,manzanilla,8,m@zanija
12,manécanterie,10,manek@t°Ri
7,maoïste,6,maoist
13,maquignonnage,9,makiNonaZ
9,marbrerie,8,maRbR°Ri
8,marbrure,7,maRbRyR
9,marceline,8,maRs2lin
8,marcotin,7,maRkOt5
8,marennes,5,maREn
8,mareyeur,7,maREj9R
6,margay,5,maRgE
6,marger,5,maRZe
11,marginalité,11,maRZinalite
6,margis,5,maRZi
8,margotin,7,maRgot5
8,margoton,7,maRgOt§
11,margouillat,7,maRguja
11,margouillis,7,maRguji
11,margoulette,8,maRgulEt
10,margraviat,9,maRgRavja
6,marida,6,maRida
12,marie-louise,8,maRilwiz
12,marie-salope,9,maRisalOp
8,marinage,7,maRinaZ
6,mariol,6,maRjOl
9,maritorne,8,maRitORn
5,marle,4,maRl
9,marloupin,7,maRlup5
13,marloupinerie,11,maRlupin°Ri
9,marmitage,8,maRmitaZ
9,marmoréen,8,maRmoRe5
12,marmottement,9,maRmOt°m@
9,marmotter,7,maRmote
8,maronite,7,maRonit
9,maroufler,7,maRufle
9,marquisat,7,maRkiza
10,marquisien,8,maRkizj5
7,marrane,5,maRan
11,marronnasse,7,maRonas
9,marronner,6,maRone
11,marsupilami,11,maRsypilami
8,martagon,7,maRtag§
9,martelage,8,maRt°laZ
8,martelet,7,maRt°lE
12,martiniquais,9,maRtinikE
11,martyrologe,10,maRtiRolOZ
10,maréchalat,8,maReSala
12,maréchalerie,10,maReSal°Ri
12,maréchaussée,8,maReSose
18,maréchaux-ferrants,10,maReSofER@
8,mascaret,7,maskaRE
8,mascaron,7,maskaR§
10,maskinongé,9,maskin§Ze
10,massicoter,8,masikote
11,massicotier,9,masikotje
9,massivité,8,masivite
6,mastar,6,mastaR
9,masticage,8,mastikaZ
9,matchiche,6,matSiS
10,matelasser,8,mat°lase
11,matelassier,9,mat°lasje
14,mater dolorosa,13,matERdoloRoza
12,maternalisme,11,matERnalizm
14,maternellement,11,matERnEl°m@
12,mathématiser,10,matematize
12,matinalement,10,matinal°m@
8,matineux,6,matin2
6,matité,6,matite
6,matois,5,matwa
10,matoiserie,9,matwaz°Ri
8,matouser,6,matuze
10,matraqueur,8,matRak9R
6,matras,5,matRa
12,matriculaire,10,matRikylER
13,matrilinéaire,11,matRilineER
10,matriochka,9,matRiOSka
7,matuche,5,matyS
7,maturer,6,matyRe
9,matutinal,9,matytinal
11,maurrassien,7,moRasj5
12,maurrassisme,8,moRasizm
12,maussadement,8,mosad°m@
11,maussaderie,8,mosad°Ri
12,mauvaisement,8,movEz°m@
10,mauvaiseté,8,movEz°te
11,maximalisme,11,maksimalizm
7,maxiton,7,maksit§
8,mazagran,7,mazagR@
5,mazet,4,mazE
8,maçonner,6,masone
12,maître queux,7,mEtR°k2
16,maître-assistant,10,mEtRasist@
12,maître-autel,8,mEtRotEl
15,maître-à-danser,9,mEtRad@se
4,maïa,4,maja
6,mechta,5,mESta
16,mecklembourgeois,11,mekl@buRZwa
13,medicine-ball,10,medisinbOl
9,mellifère,7,mElifER
10,membraneux,7,m@bRan2
10,mendigoter,8,m@digote
6,meneau,4,m°no
14,mensongèrement,10,m@s§ZER°m@
9,menstrues,6,m@stRy
11,mensuration,9,m@syRasj§
10,mentaliser,8,m@talize
9,mentonnet,6,m@tonE
10,mentonnier,7,m@tonje
7,mentule,5,m@tyl
8,menuiser,7,m2n8ize
8,mercurey,7,mERkyRE
10,mercuriale,9,mERkyRjal
7,merleau,5,mERlo
8,merlette,6,mERlEt
7,merrain,4,mER5
12,mesquinement,9,mEskin°m@
10,messaliste,8,mEsalist
11,messianisme,9,mesjanizm
8,messidor,7,mesidOR
9,messéance,6,mese@s
8,meublant,5,m9bl@
8,meurette,5,m9REt
9,meursault,5,m9Rso
7,meusien,5,m2zj5
9,meusienne,6,m2zjEn
10,mezza voce,10,mEdzavotSe
10,mezza-voce,10,mEdzavotSe
10,mi-accablé,8,miakable
12,mi-africains,8,miafRik5
9,mi-airain,5,miER5
11,mi-allemand,7,mial°m@
10,mi-allongé,7,mial§Ze
11,mi-angevins,7,mi@Z°v5
10,mi-animaux,7,mianimo
7,mi-août,4,miut
15,mi-appréhension,10,miapRe@sj§
8,mi-arabe,6,miaRab
10,mi-artisan,8,miaRtiz@
10,mi-automne,6,miotOn
9,mi-bandit,6,mib@di
11,mi-biblique,8,mibiblik
8,mi-blanc,5,mibl@
9,mi-blancs,5,mibl@
7,mi-bleu,5,mibl2
7,mi-bois,5,mibwa
9,mi-bordel,8,mibORdEl
12,mi-bourgeois,8,mibuRZwa
9,mi-bovins,6,mibov5
7,mi-bras,5,mibRa
14,mi-britannique,10,mibRitanik
11,mi-building,8,mibildiG
7,mi-café,6,mikafe
14,mi-campagnarde,10,mik@paNaRd
9,mi-canard,7,mikanaR
8,mi-chair,5,miSER
7,mi-chat,4,miSa
9,mi-chauve,5,miSov
7,mi-chou,4,miSu
13,mi-chourineur,9,miSuRin9R
9,mi-chèvre,6,miSEvR
8,mi-clair,6,miklER
10,mi-cloître,8,miklwatR
10,mi-comique,7,mikomik
10,mi-compote,7,mik§pOt
9,mi-confit,6,mik§fi
12,mi-consterné,10,mik§stERne
11,mi-corbeaux,7,mikORbo
11,mi-courtois,8,mikuRtwa
10,mi-coutume,7,mikutym
8,mi-crabe,6,mikRab
10,mi-croyant,8,mikRwaj@
8,mi-cruel,7,mikRyEl
11,mi-créature,9,mikReatyR
10,mi-curieux,7,mikyRj2
10,mi-céleste,8,miselEst
14,mi-cérémonieux,11,miseRemonj2
7,mi-côte,5,mikot
11,mi-dentelle,7,mid@tEl
13,mi-didactique,10,mididaktik
8,mi-douce,5,midus
12,mi-décadents,8,midekad@
8,mi-désir,7,mideziR
12,mi-effrontée,8,miefR§te
10,mi-enterré,7,mi@teRe
10,mi-envieux,6,mi@vj2
11,mi-espagnol,9,miEspaNOl
11,mi-européen,8,mi2Rope5
13,mi-excitation,11,miEksitasj§
10,mi-farceur,8,mifaRs9R
7,mi-faux,4,mifo
11,mi-fermiers,8,mifERmje
7,mi-fiel,6,mifjEl
8,mi-flanc,5,mifl@
11,mi-français,7,mifR@sE
10,mi-furieux,7,mifyRj2
9,mi-garçon,7,migaRs§
8,mi-geste,6,miZEst
13,mi-gigolpince,10,miZigolpis
7,mi-gnon,4,miN§
11,mi-gonzesse,7,mig§zEs
10,mi-grenier,8,migR°nje
10,mi-grognon,7,migRoN§
11,mi-grondeur,8,migR§d9R
8,mi-haute,4,miot
11,mi-hésitant,7,miezit@
10,mi-idiotes,7,miidjOt
15,mi-indifférente,10,mi5difeR@t
11,mi-indigène,8,mi5diZEn
12,mi-indulgent,8,mi5dylZ@
11,mi-ironique,8,miiRonik
8,mi-jambe,5,miZ@b
8,mi-jaune,5,miZon
9,mi-jersey,7,miZERzE
7,mi-joue,4,miZu
7,mi-jour,5,miZuR
7,mi-juif,6,miZ8if
9,mi-laiton,6,milEt§
10,mi-londrès,8,mil§dREs
11,mi-longueur,7,mil§g9R
6,mi-mao,5,mimao
12,mi-marchande,8,mimaRS@d
9,mi-meublé,7,mim9ble
7,mi-miel,6,mimjEl
10,mi-mollets,6,mimolE
11,mi-mondaine,7,mim§dEn
10,mi-moqueur,7,mimok9R
9,mi-mouton,6,mimut§
8,mi-métal,7,mimetal
12,mi-narquoise,9,minaRkwaz
7,mi-noir,6,minwaR
7,mi-nuit,5,min8i
11,mi-officiel,9,miofisjEl
7,mi-ogre,5,miOgR
11,mi-oriental,9,mioRj@tal
13,mi-pathétique,9,mipatetik
8,mi-patio,7,mipatjo
9,mi-patois,7,mipatwa
7,mi-peau,4,mipo
10,mi-pelouse,7,mip°luz
9,mi-pierre,6,mipjER
8,mi-pincé,6,mip5se
11,mi-plaintif,8,mipl5tif
11,mi-plaisant,7,miplEz@
11,mi-pleurant,7,mipl9R@
15,mi-pleurnichard,11,mipl9RniSaR
10,mi-poisson,7,mipwas§
11,mi-poitrine,9,mipwatRin
10,mi-porcine,8,mipORsin
13,mi-portugaise,10,mipORtygEz
8,mi-porté,7,mipORte
9,mi-poucet,6,mipusE
9,mi-poulet,6,mipulE
19,mi-prestidigitateur,17,mipREstidiZitat9R
12,mi-promenoir,10,mipRomnwaR
13,mi-protecteur,11,mipRotEkt9R
9,mi-putain,6,mipyt5
9,mi-rageur,7,miRaZ9R
8,mi-raide,5,miREd
11,mi-railleur,7,miRaj9R
14,mi-renaissance,9,miR°nEs@s
8,mi-riant,5,miRj@
7,mi-rose,5,miRoz
11,mi-roulotte,7,miRulOt
8,mi-route,5,miRut
10,mi-réalité,9,miRealite
9,mi-régime,7,miReZim
14,mi-réprobateur,12,miRepRobat9R
10,mi-résigné,8,miReziNe
13,mi-sanglotant,9,mis@glot@
8,mi-satin,6,misat5
12,mi-satisfait,9,misatisfE
12,mi-sceptique,8,misEptik
10,mi-secours,7,mis°kuR
11,mi-seigneur,7,misEN9R
6,mi-sel,5,misEl
9,mi-sombre,6,mis§bR
9,mi-sommet,6,misomE
8,mi-songe,5,mis§Z
11,mi-souriant,7,misuRj@
9,mi-suisse,6,mis8is
10,mi-sérieux,7,miseRj2
11,mi-tantouse,7,mit@tuz
9,mi-tendre,6,mit@dR
12,mi-terrorisé,10,mitERoRize
9,mi-timide,7,mitimid
9,mi-tortue,7,mitORty
7,mi-tour,5,mituR
7,mi-tout,4,mitu
11,mi-tragique,8,mitRaZik
10,mi-velours,7,miv°luR
8,mi-verre,5,mivER
6,mi-vie,4,mivi
13,mi-voluptueux,10,mivolypt82
8,mi-vrais,5,mivRE
11,mi-vénitien,9,mivenisj5
9,mi-épaule,6,miepol
8,mi-étage,6,mietaZ
10,mi-étendue,7,miet@dy
9,mi-étonné,7,mietone
11,mi-étudiant,8,mietydj@
6,mi-été,5,miete
9,micheline,7,miS°lin
11,michetonner,8,miS°tone
13,michetonneuse,9,miS°ton2z
11,micocoulier,9,mikokulje
13,microcassette,10,mikRokasEt
12,microcéphale,10,mikRosefal
11,microsillon,9,mikRosij§
15,microsociologie,14,mikRososjoloZi
12,middle class,9,mid2lklas
4,midi,4,midi
7,midship,6,midSip
6,mielle,4,mjEl
6,miellé,5,mjEle
11,mieux-vivre,7,mj2vivR
7,mignard,5,miNaR
12,mignardement,9,miNaRd2m@
12,mignonnement,8,miNOn°m@
7,migrant,5,migR@
9,milliaire,6,miljER
7,mimique,5,mimik
10,minauderie,8,minod°Ri
9,minaudeur,7,minod9R
10,minaudière,8,minodjER
12,minimisation,11,minimizasj§
7,minitel,7,minitEl
6,minoen,5,minO5
8,minotier,7,minotje
12,minus habens,11,minyszabEns
8,miquette,5,mikEt
9,mirabelle,7,miRabEl
11,mirabellier,9,miRabelje
10,miraculant,8,miRakyl@
7,mirette,5,miREt
10,mirliflore,9,miRliflOR
8,mistigri,8,mistigRi
9,mistoufle,7,mistufl
19,miséricordieusement,16,mizeRikORdj2z°m@
8,mitarder,7,mitaRde
11,miteusement,8,mit2z°m@
10,miteuserie,8,mit2z°Ri
10,mithriaque,8,mitRijak
16,mithridatisation,14,mitRidatizasj§
5,miton,4,mit§
8,mitoufle,6,mitufl
11,mitoyenneté,11,mitwajEn°te
11,mitraillade,8,mitRajad
5,mitré,5,mitRe
12,mnémotechnie,10,mnemotEkni
11,mobilisable,10,mobilizabl
7,mochard,5,moSaR
3,mod,3,mOd
9,modelable,8,mod°labl
6,modelé,6,mod°le
8,moderato,8,modeRato
12,modern style,10,modERnstil
12,modern-style,10,modERnstil
12,modernissime,10,mOdERnisim
8,modicité,8,modisite
8,modillon,6,modij§
13,moelleusement,9,mwal2z°m@
7,moellon,5,mwal§
5,mogol,5,mogOl
11,moi-moi-moi,9,mwamwamwa
7,moirure,6,mwaRyR
19,moissonneuse-lieuse,12,mwason2zlj2z
13,moitié-moitié,12,mwatjemwatje
10,molesquine,8,molEskin
11,molestation,10,molEstasj§
11,moliéresque,9,moljeREsk
9,mollarder,7,molaRde
10,molletière,8,mOl°tjER
8,molleton,6,mOl°t§
12,molletonneux,8,mOl°ton2
10,molletonné,8,mOl°tone
6,moloch,5,molOk
6,mombin,4,m§b5
7,momerie,6,mom°Ri
9,mominette,7,mOminEt
7,monacal,7,monakal
10,monachisme,8,monaSizm
11,monarchique,8,monaRSik
11,monbazillac,9,m§bazijak
12,mondainement,8,m§dEn°m@
8,mongolie,6,m§gOli
10,mongolique,7,m§golik
10,mongoloïde,8,m§goloid
7,moniale,6,monjal
15,monnaie-du-pape,9,monEdypap
16,monnaies-du-pape,9,monEdypap
8,monobloc,8,monoblOk
11,monochromie,9,monokRomi
7,monoclé,7,mOnOkle
11,monoculaire,9,monokylER
11,monoculture,10,monokyltyR
12,monocylindre,10,monosil5dR
12,monolithisme,10,monolitizm
13,mononucléaire,11,mononykleER
11,monosyllabe,9,monosilab
11,monothéisme,9,monoteizm
11,monothéiste,9,monoteist
8,monotype,7,monotip
8,monoxyle,8,monOksil
10,monstrance,7,m§stR@s
9,montaison,6,m§tEz§
12,montmartrois,9,m§maRtRwa
9,montparno,7,m§paRno
8,montueux,5,m§t82
8,moonisme,6,munizm
12,moqueusement,8,mok2z°m@
9,moraillon,6,moRaj§
7,morasse,5,moRas
10,morbidesse,8,mORbidEs
7,morbier,6,mORbje
12,morcellement,9,mORsEl°m@
7,morcelé,7,mORs°le
6,morcif,6,mORsif
10,mordançage,8,mORd@saZ
7,mordeur,6,mORd9R
10,mordillage,8,mORdijaZ
12,mordillement,9,mORdij°m@
8,morfaler,7,mORfale
8,morfalou,7,mORfalu
6,morfil,6,mORfil
8,morfondu,7,mORf§dy
12,morganatique,10,mORganatik
8,morganer,7,mORgane
9,morigéner,8,moRiZene
7,morille,5,moRij
9,morlingue,6,mORl5g
8,mornifle,7,mORnifl
10,morosement,8,mORoz°m@
13,morphologique,10,mORfoloZik
11,mortes-eaux,7,mORt°zo
10,morvandiau,8,mORv@djo
8,mosaïste,7,mozaist
11,moscoutaire,8,mOskutER
7,motesse,5,mOtEs
9,moto-club,8,motokl9b
11,motoculteur,10,motokylt9R
9,motoriser,8,motoRize
7,motrice,6,motRis
9,mottereau,6,mOt°Ro
7,motteux,4,mot2
12,motu proprio,11,motypRopRio
10,mouchachou,6,muSaSu
9,mouchette,5,muSEt
9,mouillant,4,muj@
8,mouillon,4,muj§
9,mouillure,5,mujyR
8,moujahid,5,muZai
9,moujingue,5,muZ5g
7,moukère,5,mukER
7,mouleur,5,mul9R
13,moulin-à-vent,7,mul5av@
8,mouliner,6,muline
8,mouquère,5,mukER
9,mouronner,6,muRone
10,mouscaille,6,muskaj
8,moussage,5,musaZ
9,mousseron,6,mus°R§
6,moussu,4,musy
11,moustagache,8,mustagaS
10,moutardier,8,mutaRdje
10,moutonnant,6,muton@
12,moutonnement,8,mutOn°m@
9,moutonner,6,mutone
11,moutonnerie,8,mutOn°Ri
10,moutonneux,6,muton2
10,moutonnier,7,mutonje
8,moyenner,7,mwajEne
3,moï,3,mOj
4,moût,2,mu
10,muettement,7,m8Et°m@
10,mulhousien,7,myluzj5
5,mulon,4,myl§
10,multigrade,9,myltigRad
9,multipare,8,myltipaR
4,muni,4,myni
6,munich,5,mynik
8,municipe,7,mynisip
11,munificence,9,mynifis@s
6,muphti,5,mufti
7,muretin,6,myR°t5
7,murette,5,myREt
5,murex,6,myREks
6,murmel,6,myRmEl
9,murmurant,7,myRmyR@
6,musard,5,myzaR
9,musardise,8,myzaRdiz
10,muscadelle,8,myskadEl
8,muscadin,7,myskad5
9,muscadine,8,myskadin
9,muserolle,7,myz°ROl
6,musico,6,myziko
8,musiquer,6,myzike
10,musiquette,7,myzikEt
6,musoir,6,myzwaR
11,mussolinien,9,mysolinj5
16,mutatis mutandis,14,mutatismut@dis
8,mutilant,6,mytil@
6,mutité,6,mytite
10,mutualisme,9,myt8alizm
9,mutualité,9,myt8alite
9,mycologie,8,mikoloZi
9,mycologue,7,mikolOg
9,myographe,7,mjogRaf
11,myriophylle,8,miRjofil
10,mystagogie,9,mistagoZi
12,mystagogique,10,mistagOZik
10,mystagogue,8,mistagOg
9,mythifier,7,mitifje
11,mythisation,9,mitizasj§
10,mythologue,7,mitolOg
11,myéloblaste,10,mjeloblast
7,mâchage,5,maSaZ
11,mâchicoulis,8,maSikuli
6,mâtine,5,matin
9,méandreux,6,me@dR2
9,méandrine,7,me@dRin
4,méat,3,mea
8,mécompte,5,mek§t
9,mécréance,7,mekRe@s
10,médianoche,8,medjanOS
10,médicastre,9,medikastR
8,méditant,6,medit@
14,méditativement,12,meditativ°m@
10,médiéviste,9,medjevist
12,mégalithique,9,megalitik
7,mégaron,6,megaR§
10,mégisserie,8,meZis°Ri
9,méhariste,7,meaRist
10,méjugement,8,meZyZ°m@
12,mélancolieux,9,mel@kolj2
16,mélancoliquement,12,mel@kolik°m@
12,mélancoliser,10,mel@kolize
7,mélilot,6,melilo
8,mélinite,7,melinit
7,mélisse,5,melis
12,mémorabilité,12,memoRabilite
12,mémorialiste,11,memoRjalist
7,ménesse,5,menEs
6,méplat,5,mepla
11,mérovingien,9,meRov5Zj5
9,mésestime,8,mezEstim
10,mésestimer,9,mezEstime
15,mésintelligence,11,mez5teliZ@s
14,mésinterpréter,12,mez5tERpRete
14,mésopotamienne,12,mezopotamjEn
8,mésusage,7,mezyzaZ
7,mésuser,6,mezyze
8,métairie,6,meteRi
17,métapsychologique,14,metapsikoloZik
13,métempsychose,10,met@psikoz
10,méthodisme,8,metodizm
12,méticulosité,12,metikylozite
8,métingue,5,met5g
8,métisser,6,metise
9,métonymie,8,metonimi
7,métrite,6,metRit
11,métropolite,10,metRopolit
7,mévente,5,mev@t
5,mézig,5,mezig
9,mêlé-cass,7,mElekas
10,mêlé-casse,7,melekas
9,mêlécasse,7,mElekas
5,mûron,4,myR§
7,nacarat,6,nakaRa
7,nacrure,6,nakRyR
8,naissain,4,nEs5
5,nanar,5,nanaR
7,nantais,4,n@tE
10,narbonnais,7,naRbonE
15,narcissiquement,11,naRsisik°m@
7,narcose,6,naRkoz
9,narghileh,7,naRgile
13,narquoisement,10,naRkwaz°m@
12,narquoiserie,10,naRkwaz°Ri
6,nasard,5,nazaR
11,nasillement,8,nazij°m@
8,nasiller,6,nazije
9,nassérien,7,naseRj5
20,nationale-socialiste,17,nasjonalsosjalist
13,nationalement,11,nasjonal°m@
21,nationaux-socialistes,16,nasjonososjalist
7,nattier,5,natje
10,naufrageur,8,nofRaZ9R
9,nautonier,7,notonje
8,navicert,7,navisER
8,navrance,6,navR@s
6,navrer,5,navRe
11,ne varietur,10,n°vaRjetyR
6,nemrod,6,nEmROd
7,nephtys,6,nEftis
7,nerprun,6,nERpR1
7,nervure,6,nERvyR
13,nestorianisme,12,nEstoRjanizm
9,nestorien,8,nEstoRj5
8,new wave,7,njuwejv
11,new-yorkais,8,njujORkE
6,niable,5,njabl
8,nibergue,6,nibERg
5,nicet,4,nisE
6,nichan,4,niS@
9,nichonnée,6,niSone
9,nictation,8,niktasj§
9,nictitant,7,niktit@
6,nielle,4,njEl
11,nigaudement,8,nigod°m@
10,nigauderie,8,nigod°Ri
12,niguedouille,6,nigduj
12,nihil obstat,9,niilOpsta
6,nimber,4,n5be
5,nimbo,4,n5bo
12,nimbostratus,11,n5bostRatys
5,nimbé,4,n5be
5,niolo,6,nijolo
10,nioulouque,6,njuluk
12,niquedouille,7,nik°duj
5,nisan,4,niz@
5,nitré,5,nitRe
9,nivaquine,7,nivakin
11,nivellement,8,nivEl°m@
9,nivernais,7,nivERnE
10,nivernaise,8,nivERnEz
6,nivôse,5,nivoz
6,niçois,5,niswa
7,nochère,5,nOSER
13,noctambulisme,11,nOkt@bylizm
8,noduleux,6,nodyl2
5,nodus,5,nodys
5,nolis,4,noli
12,nomenklatura,11,nom@klatyRa
11,nominaliste,10,nominalist
10,non troppo,8,nOntRopo
9,non-blanc,5,n§bl@
15,non-conformisme,11,n§k§fORmizm
13,non-pesanteur,9,n§p°z@t9R
14,non-résistance,10,n§Rezist@s
14,non-séparation,11,n§sepaRasj§
11,non-vouloir,8,n§vulwaR
8,non-être,6,n§nEtR
12,nonante-huit,8,non@t8it
7,nonette,5,nonEt
6,nonidi,6,nonidi
7,nonnain,4,non5
6,nordet,5,nORdE
5,noria,5,noRja
9,normalien,8,nORmalj5
6,noroît,5,noRwa
15,nostalgiquement,12,nOstalZik°m@
4,nota,4,nota
10,notabilité,10,notabilite
8,notariat,7,notaRja
9,notonecte,8,notonEkt
7,noumène,5,numEn
11,nourrisseur,7,nuRis9R
10,nouvelleté,8,nuvEl°te
7,novillo,6,novijo
8,noyauter,7,nwajote
15,nu-propriétaire,13,nypRopRijetER
8,nubilité,8,nybilite
13,nue-propriété,12,nypRopRijete
6,nuitée,5,n8ite
15,numerus clausus,13,nym°Rysklozys
6,numide,5,nymid
7,numéral,7,nymeRal
10,numérotage,9,nymeRotaZ
8,nuoc-mâm,7,n8Okmam
10,nuptialité,10,nypsjalite
9,nurseries,7,n9Rs°Ri
9,nyctalope,8,niktalOp
7,nymphéa,5,n5fea
4,nèpe,3,nEp
12,néantisation,10,ne@tizasj§
9,nécrologe,8,nekRolOZ
11,nécrophagie,9,nekRofaZi
7,néflier,7,neflije
8,négateur,7,negat9R
6,négril,6,negRil
7,nénesse,5,nenEs
16,néo-colonialisme,14,neokolonjalizm
14,néo-figuration,12,neofigyRasj§
12,néo-gothique,8,neogotik
8,néo-grec,7,neogREk
18,néo-malthusianisme,15,neomaltyzjanizm
13,néo-mauresque,9,neomoREsk
13,néo-mouvement,9,neomuv°m@
14,néo-renaissant,9,neoR°nEs@
9,néo-russe,6,neoRys
12,néo-réaliste,10,neoRealist
11,néocolonial,11,neokolonjal
13,néoplatonisme,12,neoplatonizm
7,néréide,6,neReid
4,névé,4,neve
8,oaristys,8,oaRistis
9,obituaire,7,obit8ER
8,objectal,8,ObZEktal
11,objurgation,10,ObZyRgasj§
7,oblatif,7,oblatif
8,oblation,7,oblasj§
8,obligado,8,obligado
12,obligeamment,8,obliZam@
8,obliquer,6,oblike
12,obnubilation,11,Obnybilasj§
9,observant,7,opsERv@
10,obsidional,10,Opsidjonal
5,obvie,4,Obvi
6,obvier,5,Obvje
6,obérer,5,obeRe
14,occidentalisme,12,Oksid@talizm
7,occitan,6,Oksit@
11,occultement,8,okylt°m@
6,ocreux,4,okR2
6,octant,4,Okt@
7,octante,5,Okt@t
6,octidi,6,Oktidi
11,octosyllabe,9,Oktosilab
11,odoriférant,9,odoRifeR@
5,odéon,4,ode§
13,oeil-de-boeuf,7,9jd°b9f
9,oeilleton,5,9j°t§
9,oeillette,4,9jEt
8,oeillère,4,9jER
11,oenologique,8,2noloZik
9,oenophile,6,2nofil
9,oenothère,6,2notER
9,oeuvrette,5,9vREt
10,offertoire,8,ofERtwaR
11,officialité,10,ofisjalite
9,officiant,6,ofisj@
11,offuscation,9,ofyskasj§
5,oflag,5,Oflag
6,ogival,6,oZival
5,oille,3,waj
4,oing,2,w5
11,oiseau-lyre,7,wazoliR
8,oiselier,7,waz°lje
3,oka,3,oka
6,okoumé,5,okume
12,olfactomètre,11,OlfaktOmEtR
8,olivette,6,olivEt
8,olivâtre,7,olivatR
9,olographe,7,ologRaf
7,olé-olé,6,oleole
10,oléagineux,8,oleaZin2
8,olécrâne,7,olekRan
6,oléine,5,olein
7,ombelle,4,§bEl
8,ombrager,6,§bRaZe
14,ombrageusement,10,§bRaZ2z°m@
7,ombrant,4,§bR@
7,ombreux,4,§bR2
5,ombré,4,§bRe
6,ombrée,4,§bRe
13,omnipuissance,10,Omnip8is@s
6,omnium,6,OmnjOm
8,omphalos,5,§falo
6,onagre,5,onagR
13,onctueusement,9,§kt82z°m@
5,ondin,3,§d5
10,ondoiement,6,§dwam@
8,ondoyant,6,§dwaj@
7,ondoyer,6,§dwaje
11,ondulatoire,9,§dylatwaR
8,onduleux,5,§dyl2
8,one-step,7,wanstEp
6,onglon,4,§gl§
10,onirologie,9,oniRoloZi
11,opalescence,8,opales@s
10,opalescent,7,opales@
6,opalin,5,opal5
6,ophite,4,ofit
6,opinel,6,opinEl
8,opopanax,9,opopanaks
8,opoponax,9,opoponaks
7,oppidum,6,opidOm
6,optant,4,Opt@
7,optatif,7,Optatif
6,optime,5,Optim
13,opéra-comique,10,opeRakomik
17,opération-miracle,14,opeRasj§miRakl
7,oranais,5,oRanE
5,orant,3,oR@
9,oratorien,8,oRatoRj5
11,orbiculaire,9,ORbikylER
7,ordinal,7,ORdinal
8,ordinant,6,ORdin@
11,ordonnancer,8,ORdon@se
12,organistique,10,ORganistik
10,orgastique,8,ORgastik
11,orgiastique,9,ORZjastik
6,oribus,6,oRibys
12,orientalisme,10,oRj@talizm
14,originairement,11,oRiZinER°m@
7,orillon,5,oRij§
5,oriol,5,ORjOl
9,orléanais,7,ORleanE
10,orléanisme,9,ORleanizm
10,orléaniste,9,ORleanist
10,ornementer,8,ORn°m@te
4,orné,4,ORne
6,oronge,4,oR§Z
8,orphique,5,ORfik
8,orphisme,6,ORfizm
6,orphée,4,ORfe
11,orphéoniste,9,ORfeonist
5,orpin,4,ORp5
5,orsec,5,ORsEk
9,ortédrine,8,ORtedRin
6,oréade,5,oRead
6,orémus,6,oRemys
7,oseraie,5,oz°Re
9,oseraient,5,oz°RE
7,osselet,5,Os°lE
12,ossification,10,osifikasj§
10,ostensible,8,Ost@sibl
16,ostentatoirement,13,Ost@tatwaR°m@
13,ostréiculteur,12,OstReikylt9R
24,oto-rhino-laryngologique,18,otoRinolaR5gOlOZik
7,ouateux,4,wat2
8,ouatiner,6,watine
8,ouighour,5,uiguR
10,ourdissage,7,uRdisaZ
10,ourdisseur,7,uRdis9R
10,ourdissoir,8,uRdiswaR
6,ourler,4,uRle
7,outarde,5,utaRd
6,outlaw,5,awtlo
12,outre-manche,7,utR°m@S
10,outre-rhin,6,utR°R5
6,outrer,4,utRe
8,ouvrager,6,uvRaZe
6,ouvrer,4,uvRe
11,ouvriérisme,10,uvRijeRizm
11,ouvriériste,10,uvRijeRist
7,ouvroir,6,uvRwaR
8,ouï-dire,5,widiR
7,ouïgour,5,uiguR
8,ovalaire,6,ovalER
11,ovariotomie,10,ovaRjotomi
6,ovibos,6,ovibOs
7,ovocyte,6,ovosit
7,ovoïdal,7,ovoidal
6,ovoïde,5,ovoid
4,oxer,4,Okse
9,oxfordien,9,OksfORdj5
10,oxhydrique,8,OksidRik
3,oxo,4,Okso
6,oxyder,6,Okside
4,oyat,3,oja
6,pacage,5,pakaZ
8,pachinko,8,patSinko
6,pachon,4,paS§
6,pacsif,5,pakif
9,paddocker,7,padok9R
10,pagailleux,6,pagaj2
8,pagayeur,7,pagEj9R
6,pagnon,4,paN§
8,pagnoter,6,paNote
7,pagodon,6,pagod§
6,pagure,5,pagyR
13,paillardement,9,pajaRd2m@
7,pailler,4,paje
9,pailleter,6,paj°te
8,pailleux,4,paj2
7,paillon,4,paj§
7,paillot,4,pajo
6,paillu,4,pajy
6,paillé,4,paje
9,palabreur,8,palabR9R
8,palanche,5,pal@S
11,palangrotte,8,pal@gROt
8,palastre,7,palastR
12,palatisation,11,palatizasj§
8,palestre,7,palEstR
8,palikare,7,palikaR
11,palimpseste,9,pal5psEst
9,palinodie,8,palinodi
10,palinodier,9,palinOdje
5,palis,4,pali
11,palissandre,8,palis@dR
12,palissonnage,9,palisOnaZ
13,palma-christi,11,palmakRisti
8,palmette,6,palmEt
9,palmipède,8,palmipEd
8,palmiste,7,palmist
5,palpe,4,palp
11,palpitement,9,palpit°m@
12,paludamentum,11,palydam@tOm
9,paludière,8,palydjER
8,palustre,7,palystR
12,paléographie,10,paleogRafi
7,pampero,6,p@p°Ro
12,pamphlétaire,8,p@fletER
14,pamplemoussier,10,p@pl°musje
10,pan bagnat,6,p@baNa
11,panarabisme,10,panaRabizm
13,panathénaïque,10,panatenaik
11,panathénées,8,panatene
11,panceltique,8,p@sEltik
11,panclastite,9,p@klastit
8,pancrace,6,p@kRas
8,pandanus,7,p@danys
8,panetier,7,pan°tje
12,panification,11,panifikasj§
5,panka,4,p@ka
15,panneau-réclame,10,panoReklam
6,panner,4,pane
9,panonceau,6,pan§so
12,panoramiquer,10,panoRamike
7,panosse,5,panOs
7,pansage,5,p@saZ
5,pansu,4,p@sy
14,pantagruélique,11,p@tagRyelik
12,pantalonnade,9,p@talonad
5,pante,3,p@t
8,panteler,6,p@t°le
10,panthéisme,7,p@teizm
8,pantière,6,p@tjER
10,panurgisme,9,panyRZizm
7,papable,6,papabl
10,papavérine,9,papaveRin
7,papayer,6,papaje
7,papegai,5,papgE
8,papelard,7,pap°laR
10,paperasser,8,pap°Rase
8,papetier,7,pap°tje
14,papier-monnaie,9,papjemonE
10,papillaire,7,papilER
12,papillonnant,8,papijon@
14,papillonnement,10,papijOn°m@
11,papillotant,8,papijot@
10,papilloter,8,papijote
9,papouille,5,papuj
4,papé,4,pape
10,par-dedans,7,paRd°d@
11,para-humain,7,paRaym5
7,parados,6,paRado
9,paradoxie,9,paRadOksi
9,paraffiné,8,paRafine
10,paraguayen,9,paRagwaj5
15,parallélogramme,12,paRalelogRam
15,parallélépipède,13,paRalelepipEd
18,parallélépipédique,15,paRalelepipedik
12,parascolaire,10,paRaskolER
9,parascève,7,paRasEv
13,parasitologie,12,paRazitoloZi
7,parcage,6,paRkaZ
11,parcellaire,8,paRselER
17,parcimonieusement,14,paRsimonj2z°m@
12,parcimonieux,10,paRsimonj2
9,pardingue,6,paRd5g
11,pare-éclats,7,paRekla
15,pare-étincelles,9,paRet5sEl
9,parentage,7,paR@taZ
9,paritaire,7,paRitER
15,parlementarisme,13,paRl°m@taRizm
15,parlementariste,13,paRl°m@taRist
8,parlerie,7,paRl°Ri
10,parlophone,8,paRlOfOn
8,parloter,7,paRlote
11,parménidien,10,paRmenidj5
13,parodiquement,10,paRodik°m@
6,paroir,6,paRwaR
6,paroli,6,paRoli
11,paronomasie,10,paRonomazi
8,parousie,6,paRuzi
10,parpaillot,7,paRpajo
10,parquetage,8,paRk°taZ
10,parqueteur,8,paRk°t9R
9,part time,7,paRtajm
9,partageux,7,paRtaZ2
6,parthe,4,paRt
9,parthique,6,paRtik
14,parthénogénèse,12,paRtenoZenEz
14,particularisme,13,paRtikylaRizm
7,partita,7,paRtita
8,partitif,8,paRtitif
10,partouzeur,8,paRtuz9R
11,parturiente,9,paRtyRj@t
12,pas-de-porte,7,padpORt
9,pascalien,8,paskalj5
5,paseo,5,paseo
10,paso-doble,9,pasodOble
13,passagèrement,10,pasaZER°m@
11,passe-boule,6,pasbul
12,passe-boules,6,pasbul
14,passe-crassane,9,paskRasan
11,passe-lacet,7,paslasE
10,passe-pied,6,paspje
6,passim,5,pasim
16,passionnellement,11,pasjonEl°m@
9,passiveté,8,pasiv°te
7,pastaga,7,pastaga
11,pasteuriser,9,past9Rize
9,pasticher,7,pastiSe
10,pasticheur,8,pastiS9R
10,pastophore,8,pastofOR
7,pastour,6,pastuR
7,patarin,6,pataR5
8,pataugas,6,patoga
8,pataugis,6,patoZi
9,patchwork,8,patSw9Rk
7,paterne,6,patERn
11,patouillard,7,patujaR
9,patriciat,8,patRisja
13,patrilinéaire,11,patRilineER
11,patrimonial,11,patRimonjal
10,patriotard,10,patRijotaR
15,patriotiquement,13,patRijotik°m@
9,patronner,7,patRone
5,pattu,4,paty
7,paturon,6,patyR§
9,pauchouse,5,poSuz
7,pauline,5,polin
8,paumelle,5,pomEl
13,paupérisation,11,popeRizasj§
10,paupérisme,8,popeRizm
6,pavane,5,pavan
8,pavement,6,pav°m@
7,paveton,6,pav°t§
6,paveur,5,pav9R
11,pavoisement,9,pavwaz°m@
7,paysagé,7,peizaZe
6,pchitt,4,pSit
8,peaucier,5,posje
10,peausserie,6,pos°Ri
11,peigne-zizi,7,pENzizi
12,peinardement,9,pEnaRd°m@
8,peineuse,5,pEn2z
13,peinturlureur,10,p5tyRlyR9R
11,pelle-bêche,6,pElbES
12,pelle-pioche,7,pElpjOS
10,pelleterie,8,pElEt°Ri
12,pelliculaire,9,pElikylER
7,pembina,6,p@bina
8,penchant,4,p@S@
10,penchement,6,p@S°m@
10,pendulaire,7,p@dylER
5,penon,4,p°n§
10,pensionner,7,p@sjone
9,pensionné,7,p@sjone
12,pentasyllabe,9,p5tasilab
11,pentateuque,7,p5tat2k
10,pentathlon,7,p5tatl§
7,penture,5,p@tyR
10,pentélique,7,p5telik
12,perce-pierre,8,pERspjER
9,percevant,7,pERs°v@
9,percheron,7,pERS°R§
9,perchiste,7,pERSist
10,perdurable,9,pERdyRabl
11,perestroïka,11,peREstRoika
14,perfectibilité,14,pERfEktibilite
11,perfectible,10,pERfEktibl
9,performer,9,pERfORm9R
6,perlot,5,pERlo
8,perlouse,6,pERluz
8,perlouze,6,pERluz
5,perlé,5,pERle
12,permissivité,11,pERmisivite
9,perpignan,7,pERpiN@
8,perpétué,8,pERpet8e
5,perré,4,pERe
10,persifleur,9,pERsifl9R
8,persiflé,8,pERsifle
8,persillé,7,pERsije
13,personnalisme,11,pERsonalizm
14,persévéramment,11,pERseveRam@
7,pertuis,6,pERt8i
10,pertuisane,9,pERt8izan
12,perversement,10,pERvERs°m@
6,pesage,5,p2zaZ
9,pesamment,6,p2zam@
5,peson,4,p2z§
11,pet-de-loup,6,pEd°lu
12,petit-beurre,7,p°tib9R
12,petit-cousin,8,p°tikuz5
11,petit-nègre,8,p°tinEgR
10,petit-salé,8,p°tisale
14,petite-cousine,10,p°titkuzin
10,petzouille,6,pEtzuj
5,peuhl,3,p2l
5,peulh,3,p2l
10,peupleraie,7,p2pl°RE
12,peureusement,8,p2R2z°m@
5,pfutt,4,pfyt
10,phagocyter,8,fagosite
10,phalangine,7,fal@Zin
11,phalangisme,8,fal@Zizm
11,phalangiste,8,fal@Zist
11,phalanstère,8,fal@stER
14,phallocratique,10,falokRatik
11,phallologie,8,faloloZi
11,phallophore,7,falofOR
9,phantasme,6,f@tasm
9,pharisien,7,faRizj5
13,pharmacomanie,11,faRmakomani
7,phaéton,5,faet§
9,philarète,7,filaREt
11,philhellène,7,filElEn
12,philologique,9,filoloZik
17,philosophaillerie,12,filozofaj°Ri
11,philosophal,9,filOzOfal
12,philosophant,8,filozof@
12,philosophard,9,filOzOfaR
14,philosémitisme,12,filozemitizm
14,philotechnique,10,filotEknik
8,phimosis,7,fimozis
5,phlox,5,flOks
10,phonatoire,8,fonatwaR
10,phonologie,8,fonoloZi
11,phonéticien,9,fonetisj5
9,phosphène,6,fOsfEn
16,photo-électrique,12,fotoelEktRik
12,photograveur,10,fotogRav9R
12,photomontage,9,fotom§taZ
12,phrase-robot,8,fRazRobo
14,phraséologique,11,fRazeoloZik
8,phrygien,6,fRiZj5
10,phtiriasis,9,ftiRjazis
12,phtisiologie,10,ftizjoloZi
9,phtisique,6,ftizik
10,phylactère,8,filaktER
9,phynances,5,fin@s
8,phénique,5,fenik
8,piaffant,5,pjaf@
10,piaffement,6,pjafm@
7,piaffer,5,pjafe
9,piaillant,5,pjaj@
10,piaillerie,7,pjaj°Ri
8,piaulant,5,pjol@
10,piaulement,7,pjol°m@
7,piauler,5,pjole
8,piauleur,6,pjol9R
5,piaye,4,pjaj
9,piazzetta,8,pjadzeta
8,pibloque,6,piblOk
7,picador,7,pikadOR
6,picard,5,pikaR
9,picassien,7,pikasj5
8,picoleur,7,pikol9R
6,picolo,6,pikolo
8,picoreur,7,pikoR9R
7,picorée,6,pikoRe
7,picotis,6,pikOti
8,picrique,6,pikRik
6,picton,5,pikt§
13,picturalement,11,piktyRal°m@
6,pidgin,6,pidZin
11,pie-grièche,8,pigRijES
13,pied-d'oeuvre,7,pjed9vR
8,pierreux,5,pjER2
8,pierrier,6,pjeRje
9,pierrière,7,pjERjER
6,piffre,4,pifR
8,pilifère,7,pilifER
5,pilou,4,pilu
6,pilsen,6,pilsEn
5,pilum,5,pilOm
6,pimpon,4,p5p§
7,pin-pon,4,p5p§
12,pinacothèque,9,pinakOtEk
7,pinasse,5,pinas
7,pinceur,5,p5s9R
8,pinchart,5,p5SaR
6,pineau,4,pino
7,pinglot,5,p5glo
7,pinçard,5,p5saR
7,pinçure,5,p5syR
8,piocheur,6,pjoS9R
4,piot,3,pjo
7,pipelet,6,pip°lE
8,piperade,7,pip°Rad
7,piperie,6,pip°Ri
6,pipeur,5,pip9R
4,pipo,4,pipo
9,piquetage,7,pik°taZ
8,piqueter,6,pik°te
8,piquetis,6,pik°ti
9,piriforme,8,piRifORm
7,pirojki,7,piROSki
7,pirolle,5,piROl
10,pisciforme,8,pisifORm
12,pissaladière,10,pisaladjER
10,pistachier,8,pistaSje
11,pistolétade,10,pistoletad
7,pitaine,5,pitEn
9,pitancher,6,pit@Se
9,pitancier,7,pit@sje
8,pitchpin,7,pitSpin
10,pithiviers,7,pitivje
14,pithécanthrope,10,pitek@tROp
8,pitonner,6,pitone
4,pive,3,piv
9,piètement,7,pjEt°m@
8,piédroit,7,pjedRwa
7,piéride,6,pjeRid
9,piétement,7,pjEt°m@
6,piéter,5,pjete
6,piétin,5,pjet5
9,piétinant,7,pjetin@
8,piétiste,7,pjetist
10,placardier,9,plakaRdje
6,placet,5,plasE
8,placette,6,plasEt
11,placidement,9,plasid°m@
9,placidité,9,plasidite
13,plaintivement,9,pl5tiv°m@
11,plaisancier,8,plEz@sje
9,planement,7,plan°m@
9,planitude,8,planityd
12,plastronneur,10,plastRon9R
9,plat-bord,6,plabOR
9,platelage,8,plat°laZ
11,plateresque,9,plat°REsk
7,platiné,7,platine
8,platière,7,platjER
11,platonicien,10,platonisj5
11,platonisant,9,platoniz@
13,plausiblement,10,plozibl°m@
7,plectre,6,plEktR
9,plein-air,6,plEnER
12,plein-cintre,7,pl5s5tR
7,plessis,5,plesi
4,plet,3,plE
10,pleurement,7,pl2R°m@
14,pleurnichement,10,pl9RniS°m@
10,pleutrerie,8,pl2tR°Ri
9,pleuviner,7,pl2vine
10,pleuvioter,8,pl2vjote
6,plioir,7,plijwaR
8,plisseur,6,plis9R
8,plissure,6,plisyR
9,ploiement,6,plwam@
10,plombières,7,pl§bjER
8,plombure,6,pl§byR
7,plombée,5,pl§be
10,plongement,7,pl§Z°m@
7,plucher,5,plySe
8,plumetis,7,plym°ti
7,plumeux,5,plym2
9,pluralité,9,plyRalite
11,pluviomètre,10,plyvjomEtR
14,pluviométrique,12,plyvjometRik
8,pluviôse,7,plyvjoz
7,plâtras,6,platRa
8,plâtreux,6,platR2
7,plénier,6,plenje
11,pléthorique,8,pletoRik
13,pneumatophore,10,pn2matofOR
12,pneumopathie,9,pn2mopati
7,pochage,5,poSaZ
14,poche-revolver,11,pOSRevOlvER
7,pocheté,6,pOS°te
8,pochetée,6,pOS°te
7,podagre,6,podagR
8,podestat,7,podEsta
7,poecile,5,pesil
15,poil-de-carotte,11,pwald°kaROt
7,poileux,5,pwal2
10,pointement,7,pw5t°m@
12,pointilliste,9,pw5tijist
12,poire-vérité,10,pwaRveRite
6,poirer,5,pwaRe
5,poiré,5,pwaRe
8,poissard,6,pwasaR
14,poisson-pilote,10,pwas§pilOt
8,poitevin,6,pwatv5
6,polder,6,pOldER
6,policé,6,polise
15,poliomyélitique,13,poljomjelitik
13,poliorcétique,11,poljoRsetik
13,polissonnerie,10,polisOn°Ri
9,polissure,7,polisyR
17,politique-fiction,13,politikfiksj§
10,pollinique,7,polinik
7,pollope,5,polOp
7,poloche,5,pOlOS
6,polope,5,polOp
9,polyamide,8,poliamid
9,polyandre,7,polj@dR
10,polychrome,8,polikRom
11,polychromie,9,polikRomi
10,polychromé,9,polikRome
9,polycopié,9,polikopje
11,polyculture,10,polikyltyR
9,polyphone,7,polifOn
8,polypier,7,polipje
9,polytonal,9,politonal
12,polytonalité,12,politonalite
8,polyèdre,7,poljEdR
8,pommader,6,pomade
8,pommadin,6,pOmad5
7,pommadé,6,pomade
7,pommard,5,pomaR
8,pommeler,6,pOm°le
11,pompiérisme,9,p§pjeRizm
7,ponceau,4,p§so
6,poncif,5,p§sif
7,pondeur,5,p§d9R
7,pondoir,6,p§dwaR
10,pondérable,8,p§deRabl
7,ponette,5,ponEt
5,pongé,4,p§Ze
13,pont-l'évêque,7,p§levEk
14,pont-promenade,9,p§pROmnad
6,pontil,5,p§til
10,pontonnier,7,p§tonje
11,ponts-levis,6,p§l°vi
8,pop-club,7,pOpkl9b
8,popeline,7,pOp°lin
10,populacier,9,popylasje
8,poquette,5,pOkEt
6,porcif,6,pORsif
10,pornocrate,9,pORnokRat
10,port-salut,7,pORsaly
8,portager,7,pORtaZe
14,porte-bannière,10,pORtbanjER
13,porte-billets,8,pORtbijE
10,porte-bois,7,pORtbwa
16,porte-bouteilles,9,pORtbutEj
12,porte-cannes,8,pORt°kan
11,porte-carte,9,pORt°kaRt
12,porte-cartes,9,pORt°kaRt
15,porte-cigarette,11,pORtsigaREt
11,porte-coton,8,pORtkot§
14,porte-couilles,8,pORt°kuj
13,porte-couteau,8,pORtkuto
14,porte-couteaux,8,pORtkuto
13,porte-cravate,10,pORtkRavat
12,porte-fanion,9,pORtfanj§
10,porte-mine,8,pORt°min
13,porte-musique,9,pORtmyzik
15,porte-parapluie,12,pORtpaRapl8i
15,porte-serviette,11,pORtsERvjEt
12,porte-à-faux,7,pORtafo
13,porte-à-porte,9,pORtapORt
10,porte-épée,7,pORtepe
12,porte-étrier,10,pORtetRije
9,portement,7,pORt°m@
6,portor,6,pORtOR
9,portraire,7,pORtRER
12,portraiturer,10,pORtRetyRe
8,portulan,7,pORtyl@
6,portus,5,pORty
11,post-empire,8,pOst@piR
9,post-punk,8,pOstp9nk
15,post-romantique,11,pOstRom@tik
8,postface,7,pOstfas
12,postillonner,9,pOstijone
19,postsynchronisation,16,pOsts5kRonizasj§
6,potard,5,potaR
8,potlatch,7,potlatS
9,poto-poto,8,potopoto
5,potos,4,poto
9,poudingue,5,pud5g
9,poudrette,6,pudREt
12,poudroiement,8,pudRwam@
8,pouffant,4,puf@
10,pouffement,5,pufm@
10,pouillerie,6,puj°Ri
10,poujadisme,8,puZadizm
9,poulardin,7,pulaRd5
7,poulbot,5,pulbo
6,poulot,4,pulo
9,poulotter,6,pulOte
7,poupard,5,pupaR
6,poupin,4,pup5
8,pourchas,5,puRSa
12,pourchasseur,8,puRSas9R
7,pourcif,6,puRsif
10,pourlécher,7,puRleSe
8,pourpier,6,puRpje
11,pourrisseur,7,puRis9R
11,pourrissoir,8,puRiswaR
7,poussah,4,pusa
15,pousse-cailloux,7,puskaju
8,poussier,5,pusje
8,poussine,5,pusin
11,poussinière,8,pusinjER
12,poussivement,8,pusiv°m@
9,poutargue,6,putaRg
10,poutraison,7,putREz§
10,pouzzolane,8,pudzolan
9,poéticien,8,poetisj5
8,poétiser,7,poetize
8,pradelle,6,pRadEl
8,prairial,7,pRERjal
12,presbyterium,12,pREzbit°RjOm
9,presbytie,8,pREsbisi
15,presse-raquette,9,pREsRakEt
9,prestesse,7,pREstEs
9,priapique,8,pRijapik
10,prime-saut,6,pRimso
12,primesautier,9,pRimsotje
7,primidi,7,pRimidi
15,primo-infection,12,pRimo5fEksj§
15,primordialement,13,pRimORdjal°m@
16,prince-de-galles,9,pR5sd°gal
13,prince-évêque,8,pR5sevEk
8,princeps,7,pR5sEps
9,principat,7,pR5sipa
6,pristi,6,pRisti
8,privauté,7,pRivote
9,prix-choc,6,pRiSOk
7,probloc,7,pRoblOk
9,probloque,7,pRoblOk
12,procalmadiol,12,pRokalmadjOl
15,processionnaire,11,pRosesjonER
10,prochinois,8,pRoSinwa
13,procommuniste,11,pRokomynist
11,procréateur,10,pRokReat9R
8,prodrome,7,pRodROm
12,profanatoire,11,pRofanatwaR
8,professe,6,pRofEs
7,profilé,7,pRofile
11,profiterole,10,pRofit°ROl
6,profus,5,pRofy
9,prognathe,7,pRognat
11,progéniteur,10,pROZenit9R
11,proliférant,9,pRolifeR@
9,prolixité,10,pRoliksite
12,prolégomènes,10,pRolegomEn
15,prolétarisation,14,pRoletaRizasj§
12,prolétariser,11,pRoletaRize
9,promenoir,8,pRomnwaR
7,prompto,5,pR§to
10,pronominal,10,pRonominal
11,prononçable,9,pRon§sabl
15,pronunciamiento,15,pRonunsjamjEnto
15,prophétiquement,11,pRofetik°m@
13,propitiatoire,12,pRopisjatwaR
13,proportionner,11,pRopORsjone
13,propre-à-rien,9,pROpRaRj5
10,propédeute,8,pRoped2t
9,prosateur,8,pRozat9R
13,prosaïquement,10,pRozaik°m@
9,prosaïsme,8,pRozaizm
8,prosodie,7,pRozodi
10,prosodique,8,pRozodik
13,prosoviétique,11,pRosovjetik
10,prospectif,10,pROspEktif
15,prostitutionnel,14,pROstitysjonEl
12,prosélytique,10,pROzelitik
5,prote,4,pROt
7,protide,6,pRotid
13,protohistoire,11,pRotoistwaR
12,protonotaire,10,pRotonotER
14,protoplasmique,12,pRotoplasmik
13,protéolytique,11,pRoteolitik
6,protêt,5,pRotE
12,proudhonisme,9,pRudonizm
8,provende,6,pRov@d
18,providentiellement,14,pRovid@sjEl°m@
13,provietnamien,12,pRovjEtnamj5
15,provincialement,12,pROv5sjal°m@
12,provisionner,10,pRovizjone
11,provéditeur,10,pRovedit9R
5,proze,4,pRoz
7,proèdre,6,pRoEdR
10,prunellier,8,pRyn°lje
6,prunus,6,pRynys
7,prurigo,7,pRyRigo
8,prytanée,7,pRitane
8,pré-salé,7,pResale
10,pré-établi,9,pReetabli
12,précairement,9,pRekER°m@
11,précellence,8,pResel@s
9,précelles,6,pResEl
10,précession,8,pResesj§
11,précipitant,9,pResipit@
8,préconçu,7,pRek§sy
8,prédelle,6,pRedEl
9,prédicant,7,pRedik@
12,prédigestion,11,pRediZEstj§
13,prédéterminer,12,pRedetERmine
9,préfacier,8,pRefasje
11,préfectance,9,pRefEkt@s
13,préfiguration,12,pRefigyRasj§
12,préformation,11,pRefORmasj§
9,préformer,8,pRefORme
9,prégnance,6,pReN@s
12,préhistorien,10,pReistoRj5
11,préhominien,9,pReominj5
7,prélegs,5,pRelE
8,préluder,7,pRelyde
11,prénom-type,8,pRen§tip
9,prénommer,7,pRenome
10,préparatif,10,pRepaRatif
10,prépotence,8,pRepot@s
13,préraphaélite,11,pReRafaelit
8,préroman,7,pReRom@
18,prérévolutionnaire,15,pReRevolysjonER
13,présocratique,11,pResokRatik
13,prévaricateur,12,pRevaRikat9R
14,préventivement,11,pRev@tiv°m@
12,préventorium,11,pRev@toRjOm
6,prévis,5,pRevi
9,prêt-bail,6,pREbaj
13,prêt-à-porter,10,pREtapORte
9,prête-nom,6,pREtn§
10,prêtraille,7,pREtRaj
14,prêtre-ouvrier,11,pREtRuvRije
7,prôneur,6,pRon9R
9,psalmiste,8,psalmist
8,psautier,6,psotje
7,pschent,6,psSEnt
19,pseudo-gouvernement,14,ps2doguvERn2m@
19,psychologie-fiction,15,psikoloZifiksj§
16,psychologisation,14,psikoloZizasj§
16,psychosociologie,14,psikososjoloZi
16,psychosomaticien,14,psikozomatisj5
16,psychotechnicien,13,psikotEknisj5
4,ptyx,5,ptiks
16,publicitairement,13,pyblisitER°m@
7,pucheux,4,pyS2
8,pudicité,8,pydisite
7,pugiler,6,pyZile
12,pugilistique,10,pyZilistik
9,puisatier,8,p8izatje
8,puisette,6,p8izEt
7,puisque,6,p8isk°
11,pullulement,8,pylyl°m@
8,pulmonie,7,pylmOni
10,pulmonique,8,pylmOnik
8,pulvérin,7,pylveR5
12,pulvérulence,10,pylveRyl@s
6,punais,4,pynE
7,punique,5,pynik
8,punkette,6,p9nkEt
7,pupazzo,7,pupadzo
6,pureau,4,pyRo
13,purificatoire,12,pyRifikatwaR
7,puriste,6,pyRist
7,purotin,6,pyRot5
8,purpurin,7,pyRpyR5
13,pusillanimité,12,pyzilanimite
7,putanat,6,pytana
7,putatif,7,pytatif
6,putier,5,pytje
11,putrescible,9,pytResibl
3,puy,3,p8i
5,puîné,5,p8ine
14,pyramidalement,12,piRamidal°m@
8,pyramidé,8,piRamide
8,pyrogène,7,piRoZEn
9,pyromètre,8,piRomEtR
10,pyrosphère,8,piRosfER
10,pyrrhonien,7,piRonj5
11,pyrrhonisme,8,piRonizm
8,pyrèthre,6,piREtR
8,pyrénéen,7,piRene5
10,pyrénéenne,8,piReneEn
13,pythagoricien,11,pitagoRisj5
10,pythonisse,7,pitonis
8,pâlement,6,palem@
8,pâmoison,7,pamwaz§
6,pâquis,4,paki
11,pâteusement,8,pat2z°m@
5,pâton,4,pat§
6,pâtour,5,patuR
10,pèse-acide,7,pEzasid
9,pèse-bébé,7,pEzbebe
11,pèse-lettre,7,pEzlEtR
7,pètesec,6,pEtsEk
8,péagiste,7,peaZist
4,péan,3,pe@
6,pébroc,6,pebROk
8,pébroque,6,pebROk
6,pécari,6,pekaRi
6,pécune,5,pekyn
14,pécuniairement,11,pekynjER°m@
9,pécunieux,7,pekynj2
8,pédalage,7,pedalaZ
8,pédaleur,7,pedal9R
10,pédanterie,8,ped@t°Ri
11,pédantesque,8,ped@tEsk
10,pédantisme,8,ped@tizm
12,pédestrement,10,pedEstR°m@
11,pédezouille,6,pedzuj
7,pédibus,7,pedibys
9,pédonculé,8,ped§kyle
7,pédoque,5,pedOk
6,pédégé,6,pedeZe
12,pédérastique,10,pedeRastik
8,pégamoïd,8,pegamOid
7,pégriot,7,pegRijo
5,pélot,4,pelo
11,pénardement,9,penaRd°m@
12,péninsulaire,9,pen5sylER
6,péplum,6,peplOm
6,péquin,4,pek5
11,péremptoire,9,peR@ptwaR
15,péremptoirement,12,peR@ptwaR°m@
7,pérenne,5,peREn
9,pérennité,8,peRenite
11,périgourdin,9,peRiguRd5
14,périlleusement,10,peRij2z°m@
10,périssoire,8,peRiswaR
9,péristyle,8,peRistil
10,péroraison,8,peRoREz§
8,péroreur,7,peRoR9R
13,pérégrination,12,peRegRinasj§
10,pérégriner,9,peRegRine
11,péréquation,10,peRekwasj§
10,pétainiste,8,petEnist
9,pétardier,8,petaRdje
6,pétase,5,petaz
7,pétiole,6,pesjOl
8,pétoulet,6,petulE
10,pétrissage,8,petRisaZ
10,pétrisseur,8,petRis9R
11,pétrochimie,9,petRoSimi
11,pétrousquin,8,petRusk5
7,pétuner,6,petyne
9,pêle-mêle,6,pElmEl
13,quadrichromie,11,kwadRikRomi
10,quadrilobé,10,kwadRilobe
14,quadriréacteur,13,kwadRiReakt9R
10,quadrivium,10,kwadRivjOm
10,quadrumane,9,kwadRuman
11,qualifiable,9,kalifjabl
11,quant-à-moi,7,k@tamwa
11,quant-à-soi,7,k@taswa
18,quarante-troisième,13,kaR@ttRwazjEm
8,quartaut,5,kaRto
10,quartenier,8,kaRt°nje
9,quartette,7,kwaRtEt
8,quartidi,8,kwaRtidi
12,quasi-agonie,9,kaziagoni
15,quasi-blasphème,11,kaziblasfEm
13,quasi-bonheur,9,kazibon9R
21,quasi-désertification,18,kazidezERtifikasj§
15,quasi-hérétique,10,kazieRetik
12,quasi-ignare,8,kaziiNaR
19,quasi-impossibilité,15,kazi5posibilite
14,quasi-impunité,11,kazi5pynite
18,quasi-indifférence,12,kazi5difeR@s
13,quasi-infirme,9,kazi5fiRm
13,quasi-mariage,10,kazimaRjaZ
13,quasi-miracle,10,kazimiRakl
13,quasi-morceau,9,kazimORso
12,quasi-nudité,10,kazinydite
16,quasi-permanence,12,kazipERman@s
16,quasi-protection,13,kazipRotEksj§
13,quasi-respect,9,kaziREspE
13,quasi-unanime,10,kaziynanim
15,quasi-unanimité,13,kaziynanimite
13,quasi-veuvage,9,kaziv9vaZ
11,quasi-ville,7,kazivil
14,quasi-voisines,10,kazivwazin
10,quat'zarts,6,katzaR
17,quatre-vingt-deux,9,katR°v5d2
21,quatre-vingt-dix-sept,12,katR°v5disEt
21,quatre-vingt-douzième,13,katR°v5duzjEm
22,quatre-vingt-treizième,14,katR°v5tREzjEm
16,quatre-vingtième,11,katR°v5tjEm
8,quenotte,5,k°nOt
8,quetsche,5,kwEtS
14,queue-d'aronde,7,k2daR§d
9,queursoir,7,k9RswaR
6,quibus,6,k8ibys
9,quichotte,5,kiSOt
7,quillon,4,kij§
7,quimper,4,k5pe
10,quincaille,5,k5kaj
9,quinconce,5,k5k§s
7,quinium,6,kinjOm
7,quinqua,4,k5ka
13,quinquagésime,9,k5kaZezim
9,quinquina,6,k5kina
9,quintaine,5,k5tEn
13,quintessencié,9,k5tes@sje
8,quinteux,4,k5t2
8,quintidi,6,k5tidi
5,quipu,4,kipu
9,quiquette,5,kikEt
6,quiqui,4,kiki
10,quiètement,7,kjEt°m@
9,quiétisme,7,kjetizm
9,quiétiste,7,kjetist
8,quolibet,6,kolibE
13,quotidienneté,11,kotidjEn°te
7,quotité,6,kotite
7,quêteur,5,kEt9R
6,rabane,5,Raban
9,rabattant,6,Rabat@
7,rabattu,6,Rabaty
8,rabbinat,6,Rabina
11,rabelaisien,9,Rab°lEzj5
11,rabibochage,9,RabiboSaZ
8,rabioter,7,Rabjote
7,rabique,5,Rabik
8,rabonnir,7,RaboniR
8,rabotage,7,RabotaZ
7,rabotin,6,RabOt5
7,rabouin,5,Rabw5
8,rabouter,6,Rabute
3,rac,3,Rak
7,raccroc,5,RakRo
11,raccrocheur,8,RakRoS9R
7,raciner,6,Rasine
9,racingman,9,REjsiGman
7,racisme,6,Rasizm
7,raclant,5,Rakl@
5,racle,4,Rakl
6,radada,6,Radada
12,radeau-radar,9,RadoRadaR
7,radeuse,5,Rad2z
18,radical-socialisme,16,Radikalsosjalizm
18,radical-socialiste,16,Radikalsosjalist
19,radicale-socialiste,16,Radikalsosjalist
11,radiophonie,9,Radjofoni
16,radiotélégraphie,14,RadjotelegRafi
18,radiotélégraphiste,16,RadjotelegRafist
5,radja,5,RadZa
6,radjah,5,RadZa
9,radoubeur,7,Radub9R
14,radoucissement,10,Radusis°m@
6,rafiau,5,Rafjo
14,rafraîchisseur,10,RafReSis9R
14,rafraîchissoir,11,RafReSiswaR
6,raglan,5,Ragl@
12,rahat-lokoum,9,Raatlokum
9,raidement,6,REd°m@
9,raidillon,6,REdij§
12,raidissement,8,REdis°m@
7,railway,5,RElwE
6,rainer,4,Rene
8,raineuse,5,REn2z
8,rainurer,6,RenyRe
10,raisonneur,7,REzon9R
11,rajustement,9,RaZyst°m@
6,ralbol,6,RalbOl
8,ralingue,5,Ral5g
8,ralléger,6,RalEZe
7,ramager,6,RamaZe
8,ramarrer,6,RamaRe
6,rambin,4,R@b5
8,rambiner,6,R@bine
9,rambineur,7,R@bin9R
6,rambla,6,Rambla
7,rambour,5,R@buR
7,ramette,5,RamEt
9,ramifiant,7,Ramifj@
8,ramifier,7,Ramifje
7,ramifié,7,Ramifje
7,ramille,5,Ramij
12,raminagrobis,12,RaminagRobis
5,ramon,4,Ram§
9,rampement,6,R@p°m@
10,ramponneau,6,R@pono
5,ramée,4,Rame
6,rancio,5,R@sjo
6,rancir,5,R@siR
10,rancissure,7,R@sisyR
4,rani,4,Rani
10,ranimation,9,Ranimasj§
4,ranz,3,R@z
12,rançonnement,8,R@sOn°m@
11,rapetassage,9,Rap°tasaZ
10,rapetasser,8,Rap°tase
11,rapetasseur,9,Rap°tas9R
12,raphaélesque,9,RafaelEsk
5,raphé,4,Rafe
8,rapiater,7,Rapjate
10,rapiaterie,9,Rapjat°Ri
5,rapin,4,Rap5
9,rapointir,8,Rapw5tiR
11,rapprocheur,8,RapRoS9R
13,rarissimement,10,RaRisim°m@
8,rase-pet,5,RazpE
5,rasif,5,Razif
5,rasse,3,Ras
11,rassembleur,8,Ras@bl9R
12,rassortiment,9,RasORtim@
11,rassurement,8,RasyR°m@
10,rasséréner,8,RaseRene
11,rat-de-cave,7,Rad°kav
8,rataplan,7,Ratapl@
7,ratiche,5,RatiS
8,ratichon,6,RatiS§
6,ratier,5,Ratje
6,ratine,5,Ratin
9,ratisseur,7,Ratis9R
9,ratonnade,7,Ratonad
8,ratonner,6,Ratone
7,raturer,6,RatyRe
7,raucité,6,Rosite
10,rauquement,6,Rok°m@
8,ravaleur,7,Raval9R
8,ravauder,6,Ravode
9,ravennate,7,Rav°nat
6,ravier,5,Ravje
8,ravigote,7,RavigOt
10,ravinement,8,Ravin°m@
7,raviner,6,Ravine
10,ravivement,8,Raviv°m@
9,ray-grass,6,REgRas
12,rayon-éclair,9,REj§eklER
7,razzier,6,Radzje
4,raïs,3,Rai
8,re-inter,6,R°5tER
10,ready-made,8,REdimEjd
5,rebab,5,R°bab
8,rebaiser,6,R°bEze
7,rebarré,6,R2baRe
8,rebecter,7,R2bEkte
8,rebiquer,6,R°bike
10,reblanchir,8,R°bl@SiR
9,rebourrer,6,R2buRe
12,rebraguetter,9,R°bRagEte
13,rebroussement,9,R°bRus°m@
8,rebéquer,6,R2beke
10,recacheter,8,R°kaS°te
9,recasable,8,R2kazabl
16,receleur-miracle,13,R°s°l9RmiRakl
9,recension,7,R°s@sj§
8,rechampi,6,R°S@pi
7,reclure,6,R°klyR
8,recogner,6,R2kONe
11,recognition,10,R°kOgnisj§
9,recollage,7,R°kolaZ
11,recommercer,9,R2kOmERse
11,recompléter,9,R2k§plete
13,recomposition,11,R°k§pozisj§
9,reconquis,6,R°k§ki
11,reconquista,9,R2k§kista
8,reconter,6,R2k§te
9,recopiage,8,R°kopjaZ
11,recouvrance,8,R°kuvR@s
17,recroquevillement,12,R2kROkvij°m@
5,recru,5,R2kRy
8,recrépir,8,R°kRepiR
10,recto tono,9,REktotono
9,recuisson,7,R2k8is§
8,reculade,7,R°kylad
10,reculotter,8,R°kylote
5,recès,4,R°sE
7,recéler,6,R°sele
9,red river,8,REdRiv9R
5,redan,4,R2d@
6,redite,5,R°dit
10,redoublant,7,R°dubl@
13,redégringoler,11,R2degR5gOle
8,refendre,6,R°f@dR
12,refeuilleter,8,R2f9j°te
5,refil,5,R2fil
9,refoulant,6,R°ful@
7,regréer,6,R°gRee
8,rehausse,4,R2os
6,rehaut,3,R2o
10,reichswehr,7,RajSvER
12,reine-claude,7,REnklod
10,reine-mère,6,REnmER
9,rejetable,7,R°Ztabl
11,rejointoyer,10,R°Zw5twaje
7,relacer,6,R°lase
9,relaisser,6,R°lEse
6,relaps,6,R°laps
8,relargué,7,R2laRge
14,relativisation,13,R°lativizasj§
9,relevable,8,R°l°vabl
11,relevailles,7,R°l°vaj
8,relevant,6,R°l°v@
7,relevée,6,R°l°ve
8,reloquer,6,R°loke
9,relourder,7,R°luRde
10,remaillage,7,R°majaZ
9,remailler,6,R°maje
13,rembarquement,9,R@baRk°m@
12,remblaiement,7,R@blEm@
7,rembour,5,R@buR
9,remboîter,7,R@bwate
9,rembrunir,8,R@bRyniR
14,remonte-pentes,8,R°m§tp@t
11,rempailleur,7,R@paj9R
11,remplisseur,8,R@plis9R
7,remploi,6,R@plwa
9,remuement,6,R°mym@
7,remugle,6,R°mygl
6,renaud,4,R2no
8,renauder,6,R°node
9,renaudeur,7,R2nod9R
9,rencogner,6,R@koNe
12,renfermement,9,R@fERm°m@
8,renfiler,6,R@file
6,renflé,5,R@fle
9,renfoncer,6,R@f§se
12,rengorgement,9,R@gORZ°m@
9,rengorger,7,R@gORZe
9,reniflant,7,R°nifl@
10,reniflette,8,R°niflEt
7,rennais,4,REnE
12,renonciateur,10,R°n§sjat9R
7,renouée,5,R°nwe
15,rentabilisation,13,R@tabilizasj§
10,renverseur,8,R@vERs9R
3,rep,3,REp
9,repasseur,7,R°pas9R
7,repique,5,R°pik
12,replantation,10,R°pl@tasj§
10,replâtrage,9,R°platRaZ
16,reportage-vérité,14,R°pORtaZveRite
10,repoussoir,8,R°puswaR
13,reproductible,12,R°pRodyktibl
9,reptation,8,REptasj§
9,republier,9,R°pyblije
8,repuiser,7,R2p8ize
8,repétrir,8,R°petRiR
18,requiescat in pace,14,R°kijEskainpas
8,rescaper,7,REskape
9,rescision,7,Resizj§
7,rescrit,6,REskRi
8,resonger,6,R°z§Ze
6,respir,6,REspiR
16,resplendissement,12,REspl@dis°m@
15,ressaisissement,10,R°sezis°m@
12,ressassement,8,R°sas°m@
10,ressasseur,7,R°sas9R
11,ressemelage,9,R°s°m°laZ
12,resserrement,8,R°sER°m@
6,ressui,5,R°s8i
11,ressuiement,7,R2s8im@
11,restauroute,8,REstoRut
8,retisser,6,R°tise
11,retombement,8,R°t§b°m@
9,retremper,7,R°tR@pe
11,retroussage,8,R°tRusaZ
12,retroussette,8,R°tRusEt
10,retroussis,7,R°tRusi
14,revalorisation,13,R°valoRizasj§
9,revancher,6,R°v@Se
13,revendicateur,11,R°v@dikat9R
12,revendicatif,11,R°v@dikatif
8,revisser,6,R°vise
9,revivifié,9,R°vivifje
12,reviviscence,9,R°vivis@s
9,revouloir,8,R°vulwaR
6,revêtu,6,R°vEty
6,rezzou,4,R°zu
6,reître,4,REtR
10,rhabilleur,7,Rabij9R
9,rhodanien,7,Rodanj5
6,rhodia,5,Rodja
5,rhodo,4,ROdO
7,rhodoïd,6,Rodoid
6,rhombe,3,R§b
10,rhomboïdal,8,R§boidal
6,rhovyl,5,Rovil
11,rhumatisant,8,Rymatiz@
11,rhumatismal,10,Rymatismal
6,rhénan,4,Ren@
8,rhéostat,6,Reosta
7,rhéteur,5,Ret9R
7,ribleur,6,Ribl9R
5,ribot,4,Ribo
7,riboter,6,RibOte
7,ribouis,5,Ribwi
8,ribouler,6,Ribule
10,ric et rac,7,RikeRak
9,ric-à-rac,7,RikaRak
8,ricaneur,7,Rikan9R
8,ricasser,6,Rikase
8,richomme,5,RiSOm
9,riffauder,6,Rifode
8,riflette,6,RiflEt
10,rigidement,8,RiZid°m@
7,rigodon,6,Rigod§
8,rigolage,7,RigolaZ
8,rigoleur,7,Rigol9R
8,rigollot,6,Rigolo
9,rigorisme,8,RigoRizm
7,rillons,4,Rij§
11,rimaillerie,8,Rimaj°Ri
10,rimbaldien,8,R5baldj5
7,rinceau,4,R5so
8,rincette,5,R5sEt
7,rinceur,5,R5s9R
6,rincée,4,R5se
11,rinforzando,12,RinfORdzando
9,ripailler,6,Ripaje
7,ripaton,6,Ripat§
6,ripeur,5,Rip9R
7,ripolin,6,Ripol5
9,ripoliner,8,Ripoline
8,ripuaire,6,Rip8ER
11,risiblement,9,Rizibl°m@
11,risque-tout,7,Risk°tu
7,rissole,5,RisOl
13,ritualisation,12,Rit8alizasj§
8,riverain,6,Riv°R5
7,riviera,7,RivjERa
10,riz-minute,7,Riminyt
12,riz-pain-sel,7,Rip5sEl
7,robette,5,RObEt
12,robinsonnade,9,Rob5sonad
6,roblot,5,ROblo
9,roboratif,9,RoboRatif
8,roburite,7,RobyRit
11,robustement,9,Robyst°m@
9,rocambole,7,Rok@bOl
10,rochassier,7,RoSasje
10,rogne-pied,6,RONpje
7,rogneux,4,RON2
7,rogomme,5,RogOm
10,roi-soleil,8,RwasOlEj
9,roidement,7,Rwad°m@
7,roideur,6,Rwad9R
12,roman-fleuve,8,Rom@fl9v
9,romancero,8,Rom@s°Ro
8,romanche,5,Rom@S
12,romanisation,11,Romanizasj§
8,romanité,8,Romanite
6,roncet,4,R§sE
7,ronceux,4,R§s2
10,ronchonnot,6,R§Sono
7,roncier,5,R§sje
11,ronde-bosse,6,R§dbOs
8,ronfleur,6,R§fl9R
8,rongeant,4,R§Z@
9,rongement,6,R§Z°m@
9,rongicide,7,R§Zisid
10,ronronnant,6,R§Ron@
10,ronéotyper,9,Roneotipe
9,roquentin,6,Rok@t5
6,roquer,4,Roke
7,rorqual,6,RORkal
6,rosace,5,Rozas
5,rosat,4,Roza
10,rose-croix,7,RozkRwa
8,rose-thé,5,Rozte
5,roser,4,Roze
6,roseur,5,Roz9R
7,rosière,6,RozjER
7,rossard,5,RosaR
8,rosserie,6,ROs°Ri
8,rotative,7,Rotativ
10,roublarder,8,RublaRde
11,roublardise,9,RublaRdiz
10,roucoulant,6,Rukul@
10,roucouleur,7,Rukul9R
7,rouelle,4,RwEl
8,rouergat,6,RwERga
4,rouf,3,Ruf
10,rouge-brun,6,RuZbR1
9,rouge-feu,5,RuZf2
11,rouge-queue,6,RuZ°k2
10,rouge-sang,5,RuZs@
10,rouillarde,6,RujaRd
9,rouilleux,4,Ruj2
11,roulé-boulé,8,Rulebule
7,roupane,5,Rupan
11,rouquemoute,7,Ruk°mut
9,rouquette,5,RukEt
11,rouscailler,7,Ruskaje
10,rouspétage,8,RuspetaZ
10,rouspéteur,8,Ruspet9R
8,rousseau,4,Ruso
11,rousserolle,7,Rus°ROl
7,roussin,4,Rus5
9,roussâtre,6,RusatR
6,routin,4,Rut5
6,rouvre,4,RuvR
4,roué,3,Rwe
6,rubato,6,Rybato
7,rubican,6,Rybik@
8,rubicond,6,Rybik§
9,rubricard,8,RybRikaR
5,ruché,4,RySe
8,rucksack,6,Ryksak
10,rudoiement,7,Rydwam@
8,rugosité,8,Rygozite
7,ruisson,5,R8is§
10,rumination,9,Ryminasj§
10,ruminement,8,Rymin°m@
13,russification,11,Rysifikasj§
14,russo-allemand,9,Rysoal°m@
15,russo-américain,11,RysoameRik5
14,russo-polonais,10,RysopolonE
12,russo-turque,8,RysotyRk
7,rutiler,6,Rytile
6,râlant,4,Ral@
8,râlement,6,Ral°m@
6,râleux,5,Ral2z
12,réaccoutumer,9,Reakutyme
9,réadopter,8,ReadOpte
12,réagencement,9,ReaZ@s°m@
12,réapercevoir,12,ReapERs2vwaR
10,réassortir,9,ReasORtiR
9,réassumer,7,Reasyme
7,rébecca,6,Rebeka
8,réchappé,6,ReSape
8,récollet,6,RekolE
9,récoltant,7,RekOlt@
5,récri,5,RekRi
7,récrier,6,RekRie
9,récusable,8,Rekyzabl
11,rédhibition,9,Redibisj§
13,réduplication,12,Redyplikasj§
14,réembarquement,10,Re@baRk°m@
11,réembarquer,8,Re@baRke
8,réemploi,7,Re@plwa
10,réemployer,9,Re@plwaje
11,réemprunter,8,Re@pR1te
10,réencadrer,8,Re@kadRe
12,réengagement,9,Re@gaZ°m@
8,réflexif,9,ReflEksif
11,réformation,10,RefORmasj§
12,référendaire,9,RefeR@dER
8,régalade,7,Regalad
8,régaleur,7,Regal9R
8,régicide,7,ReZisid
12,régionaliser,11,ReZjonalize
12,régionalisme,11,ReZjonalizm
12,régionaliste,11,ReZjonalist
7,réglure,6,ReglyR
11,réinjection,9,Re5ZEksj§
11,réitération,10,ReiteRasj§
5,rémiz,5,Remiz
10,réordonner,8,ReORdone
9,répandeur,7,Rep@d9R
11,réprobateur,10,RepRobat9R
8,réprouvé,7,RepRuve
7,réputer,6,Repyte
12,réservataire,10,RezERvatER
6,résiné,6,Rezine
12,résipiscence,9,Resipis@s
10,résorption,9,RezORpsj§
12,réticulation,11,Retikylasj§
12,rétrocession,10,RetRosesj§
10,rétrocéder,9,RetRosede
12,rétrospectif,12,RetRospEktif
12,rétroversion,11,RetRovERsj§
11,réunionnais,8,ReynjonE
11,réverbérant,9,RevERbeR@
10,réverbérer,9,RevERbeRe
13,révisionnisme,11,Revizjonizm
6,réviso,6,Revizo
8,révulsif,8,Revylsif
7,révulsé,7,Revylse
17,révérencieusement,13,ReveR@sj2z°m@
12,révérencieux,9,ReveR@sj2
14,révérendissime,11,ReveR@disim
15,rééchelonnement,11,ReeS°lOn°m@
11,rééducateur,10,Reedykat9R
9,rêvassant,6,REvas@
9,rôdailler,6,Rodaje
5,sabin,4,sab5
5,sabir,5,sabiR
9,saboterie,8,sabOt°Ri
8,sabotier,7,sabotje
8,sabouler,6,sabule
10,sabretache,8,sabR°taS
7,sabreur,6,sabR9R
7,saccade,5,sakad
8,saccader,6,sakade
8,saccagne,5,sakaN
13,sacralisation,12,sakRalizasj§
11,sacramentel,10,sakRam@tEl
13,sacrificateur,12,sakRifikat9R
11,sacré-coeur,8,sakRek9R
8,sacrédié,8,sakRedje
9,sadducéen,7,sadyse5
7,safrané,7,safRane
6,sagard,5,sagaR
9,sagoutier,7,sagutje
5,sagum,5,sagOm
8,sainfoin,5,s5fw5
12,saint-cyrien,7,s5siRj5
13,saint-germain,7,s5ZERm5
12,saint-hubert,7,s5tybER
12,saint-michel,7,s5miSEl
14,saint-nectaire,8,s5nEktER
12,saint-paulin,6,s5pol5
12,saint-synode,7,s5sinOd
13,saint-émilion,9,s5temilj§
10,saintement,6,s5t°m@
12,saisie-arrêt,7,seziaRE
11,saisissable,8,sezisabl
8,salacité,8,salasite
7,salader,6,salade
9,salamalec,9,salamalEk
8,salanque,5,sal@k
8,salariat,7,salaRja
11,salazariste,10,salazaRist
6,saleur,5,sal9R
8,salicole,7,salikOl
9,salicorne,8,salikORn
8,salingue,5,sal5g
8,salivant,6,saliv@
8,saliveur,7,saliv9R
11,salmigondis,9,salmig§di
6,salmis,5,salmi
9,salonnard,7,salonaR
8,salpicon,7,salpik§
10,salpêtreux,8,salpEtR2
11,salpêtrière,11,salpEtRijER
8,salsifis,7,salsifi
13,salutairement,10,salytER°m@
9,salutiste,8,salytist
10,salvifique,8,salvifik
9,sambenito,8,s@benito
8,samoyède,7,samojEd
8,sancerre,5,s@sER
9,sandalier,7,s@dalje
7,sandjak,6,s@djak
6,sandow,4,s@do
8,sandwich,7,s@dwitS
9,sanhédrin,7,sanedR5
5,sanie,4,sani
7,sanieux,5,sanj2
12,sans-filiste,8,s@filist
11,sans-pareil,7,s@paREj
8,santoche,5,s@tOS
8,sapement,6,sap°m@
8,saphisme,6,safizm
6,sapide,5,sapid
8,sapidité,8,sapidite
8,sapience,6,sapj@s
9,sapinette,7,sapinEt
9,sapinière,8,sapinjER
11,sapotillier,8,sapotije
3,sar,3,saR
15,sarcastiquement,12,saRkastik°m@
8,sarclage,7,saRklaZ
8,sarcloir,8,saRklwaR
8,sardoine,7,saRdwan
14,sardoniquement,11,saRdonik°m@
8,sargasse,6,saRgas
7,sarigue,5,saRig
7,sarouel,6,saRwEl
7,sarreau,4,saRo
7,sarrois,5,saRwa
13,sarrussophone,9,saRysofOn
9,sassanide,7,sasanid
7,sataner,6,satane
9,satiation,8,sasjasj§
9,satinette,7,satinEt
8,satonner,6,satone
9,saturnien,8,satyRnj5
10,saturnisme,9,satyRnizm
10,sauciflard,8,sosiflaR
13,saucissonnage,9,sosisonaZ
7,saulaie,4,solE
8,saulnier,5,sonje
9,saumoneau,6,somono
10,saumonette,7,somonEt
7,saumoné,6,somone
7,saunier,5,sonje
6,saurer,4,soRe
6,sauret,4,soRE
7,saurien,5,soRj5
6,saurin,4,soR5
11,saut-de-lit,6,sod°li
14,saute-ruisseau,8,sotR8iso
11,sauterelles,7,sot°REl
12,sautillement,8,sotij°m@
8,sauvagin,6,sovaZ5
7,sauveté,6,sov°te
9,savonnier,7,savonje
8,savonnée,6,savone
14,savoureusement,10,savuR2z°m@
8,savoyard,8,savwajaR
9,saxifrage,9,saksifRaZ
5,sayon,4,sEj§
10,scaferlati,10,skafERlati
8,scansion,6,sk@sj§
6,scapin,5,skap5
10,scarlatine,9,skaRlatin
10,scatologue,8,skatOlOg
8,scenarii,6,s°naRi
14,scenic railway,10,snikRajwEj
6,schako,4,Sako
11,schampooing,5,S@pw5
6,schbeb,4,Sb°b
12,schismatique,8,Sismatik
8,schlague,4,Slag
8,schlitte,4,Slit
7,schnick,4,Snik
7,schpile,4,Spil
8,schproum,5,spRum
6,schupo,4,Sypo
6,schème,3,SEm
11,schématisme,8,Sematizm
11,scialytique,8,sjalitik
6,scieur,4,sj9R
13,scintillation,9,s5tijasj§
13,scissionniste,9,sisjonist
11,sclérotique,9,skleRotik
6,scolie,5,skoli
11,scolopendre,9,skolop@dR
10,scotomiser,9,skotomize
7,scriban,6,skRib@
11,script-girl,10,skRiptg9Rl
9,scripteur,8,skRipt9R
12,scrogneugneu,8,skRoN2N2
10,sculptural,9,skyltyRal
9,scutigère,8,skytiZER
12,scélératesse,9,seleRatEs
5,secco,4,seko
9,seccotine,7,sekotin
14,secondairement,10,s°g§dER°m@
11,secondement,8,s°g§d°m@
10,secouement,6,s°kum@
13,secrétairerie,11,s°kRetER°Ri
9,sectateur,8,sektat9R
16,sedia gestatoria,15,s°djaZEstatoRja
10,seguedilla,8,s°g°dija
6,seille,3,sEj
7,seillon,4,sEj§
11,seldjoukide,9,sEldZukid
9,semainier,7,s°mEnje
12,semen-contra,10,semEnk§tRa
15,semi-phonétique,11,s2mifOnetik
8,semoncer,6,s°m§se
11,sempiternel,10,s@pitERnEl
8,senestre,7,senEstR
18,sensationnellement,13,s@sasjonEl°m@
8,sensitif,7,s@sitif
12,sensorialité,11,s@soRjalite
11,sensualiste,9,s@s8alist
9,sensément,6,s@sem@
8,sent-bon,4,s@b§
16,sentencieusement,11,s@t@sj2z°m@
7,sentine,5,s@tin
4,seps,4,sEps
13,septante-cinq,9,sEpt@ts5k
13,septembriseur,11,sEpt@bRiz9R
9,septennat,7,sEptena
7,septidi,7,sEptidi
13,septuagénaire,11,sEpt8aZenER
6,sepuku,6,s2puku
12,serbo-croate,10,sERbokRoat
10,serfouette,7,sERfwEt
14,sergent-pilote,10,sERZ@pilOt
5,sergé,5,sERZe
9,seringuer,6,s°R5ge
10,sermonneur,8,sERmon9R
11,serpentaire,8,sERp@tER
10,serpentant,7,sERp@t@
12,serpentement,9,sERp@t°m@
9,serpenter,7,sERp@te
13,serpentiforme,11,sERp@tifORm
8,serpette,6,sERpEt
8,serpolet,7,sERpolE
8,serrante,5,sER@t
10,sertissage,8,sERtisaZ
10,sertisseur,8,sERtis9R
16,serviette-éponge,11,sERvjEtep§Z
8,seulabre,6,s2labR
11,sexologique,10,seksoloZik
7,sextidi,8,sekstidi
5,sexué,6,seks8e
10,shake-hand,6,SEjk@d
8,shantung,5,S@tuG
8,shetland,6,SEtl@d
10,shintoïsme,7,S5toizm
12,shipchandler,9,SipS@dl9R
8,shirting,6,SiRt5G
13,show-business,8,SobiznEs
7,showbiz,5,Sobiz
5,shéol,4,SeOl
6,shôgun,5,Sogun
8,sibilant,6,sibil@
10,sibérienne,8,sibeRjEn
7,sicaire,5,sikER
4,sidi,4,sidi
8,siennois,6,sjEnwa
8,sifflard,6,siflaR
9,sifflotis,7,siflOti
7,sigillé,6,siZile
8,sigisbée,7,siZisbe
11,silhouetter,7,silwete
8,siliceux,6,silis2
8,silicosé,8,silikoze
8,silvaner,8,silvanER
6,silène,5,silEn
8,silésien,7,silezj5
7,simarre,5,simaR
13,similairement,10,similER°m@
10,simoniaque,8,simonjak
9,simplesse,6,s5plEs
12,simultanéité,12,simyltaneite
9,sinapisme,8,sinapizm
8,sinciput,7,s5sipyt
6,sindon,4,s5d§
8,sine die,8,sinedije
10,sinistrose,9,sinistRoz
9,sinologie,8,sinoloZi
7,sinople,6,sinOpl
7,sinoque,5,sinOk
8,sinoquet,6,sinokE
6,sinuer,5,sin8e
12,sinueusement,9,sin82z°m@
9,sinuosité,9,sin8ozite
10,siphonnage,7,sifOnaZ
6,sirdar,6,siRdaR
9,sirventès,8,siRv@tEs
8,sisymbre,6,siz5bR
8,situable,7,sit8abl
10,six-quatre,7,siskatR
6,sixain,5,siks5
6,sizain,4,siz5
5,skaal,4,skal
7,skating,7,skEjtiG
6,skunks,4,sk§s
5,slang,4,sl@g
8,slavisme,7,slavizm
6,slavon,5,slav§
7,sloughi,5,slugi
7,slovène,6,slovEn
6,smalah,5,smala
9,smaragdin,8,smaRagd5
7,smigard,6,smigaR
10,smorrebrod,9,smoR°bRod
9,smyrniote,8,smiRnjOt
9,sniffette,6,snifEt
14,social-traître,11,sOsjaltREtR
13,socioculturel,13,sosjokyltyREl
16,sociologiquement,13,sosjoloZik°m@
6,socius,6,sOsjys
6,socque,3,sOk
12,sodomisation,11,sodomizasj§
11,soissonnais,7,swasonE
17,soixante-deuxième,12,swas@td2zjEm
21,soixante-dix-neuvième,15,swas@tdisn9vjEm
16,soixante-dixième,12,swas@tdizjEm
11,soixantième,9,swas@tjEm
11,soldatesque,9,sOldatEsk
10,soleil-roi,8,solEjRwa
10,soleilleux,6,solEj2
9,solicitor,9,solisitOR
13,solidairement,10,solidER°m@
11,solidariser,10,solidaRize
7,solidus,7,solidys
9,soliflore,8,soliflOR
10,soliloquer,8,soliloke
8,soliveau,6,solivo
8,solognot,6,soloNo
11,solucamphre,8,solyk@fR
9,somatiser,8,somatize
11,sommeillant,6,somEj@
11,sommeilleux,6,somEj2
17,somnambuliquement,13,sOmn@bylik°m@
5,somno,5,sOmno
10,somptuaire,7,s§pt8ER
12,songeusement,8,s§Z2z°m@
9,sonnaille,5,sonaj
10,sonnailler,6,sonaje
10,sonorement,8,sOnOR°m@
5,sopha,4,sOfa
5,sopor,5,sopOR
8,sorbonne,6,sORbOn
9,sostenuto,9,sOstenuto
5,sotie,4,soti
7,soubise,5,subiz
9,souchette,5,suSEt
10,souffleter,7,sufl°te
9,soufflure,6,suflyR
9,souillage,5,sujaZ
7,souille,3,suj
7,soupeur,5,sup9R
7,soupier,5,supje
10,souplement,7,supl°m@
12,soupçonnable,9,supsonabl
11,souquenille,7,suk°nij
10,sourdaient,5,suRdE
8,sourdait,5,suRdE
10,sourdement,7,suRd°m@
7,sourdre,6,suRdR°
13,sous-alimenté,10,suzalim@te
19,sous-bibliothécaire,14,subiblijotekER
8,sous-cul,4,suky
11,sous-diacre,7,sudjakR
11,sous-emploi,8,suz@plwa
10,sous-gorge,6,sugORZ
9,sous-pied,5,supje
9,sous-plat,5,supla
11,sous-prieur,8,supRij9R
10,sous-verge,6,suvERZ
7,soussou,4,susu
8,soutache,5,sutaS
10,soutanelle,7,sutanEl
10,soutenable,8,sut°nabl
15,souterrainement,10,sutEREn°m@
9,soutirage,7,sutiRaZ
12,souventefois,9,suv@t°fwa
14,souventes fois,8,suv@tfwa
13,soviétisation,12,sovjetizasj§
10,soviétisme,9,sovjetizm
11,soyeusement,9,swaj2z°m@
11,soûlographe,8,sulogRaf
12,soûlographie,9,sulogRafi
8,spadille,6,spadij
5,spahi,4,spai
16,sparring-partner,13,spERiGpaRtn9R
6,sparte,5,spaRt
9,sparterie,8,spaRt°Ri
13,spenglérienne,10,sp@gleRjEn
7,sphinge,4,sf5Z
10,sphéricité,9,sfeRisite
9,sphéroïde,7,sfeRoid
13,spina-ventosa,11,spinav@toza
10,spinozisme,9,spinozizm
8,spiraler,7,spiRale
13,spiritualiser,12,spiRit8alize
10,spoliation,9,spoljasj§
12,sportivement,10,spORtiv°m@
9,sportsman,9,spORtsman
10,sportswear,9,spORtswER
12,sprechgesang,10,SpReSgesaG
10,spumescent,7,spymEs@
9,spumosité,9,spymozite
13,spécieusement,10,spesj2z°m@
10,spéculaire,8,spekylER
11,spéléotomie,10,speleotomi
5,squaw,4,skwo
12,stabat mater,10,stabamatER
10,stablement,8,stabl°m@
11,stabulation,10,stabylasj§
13,stakhanoviste,11,stakanovist
7,stalino,7,stalino
15,standardisation,13,st@daRdizasj§
11,standardisé,10,st@daRdize
8,starking,7,staRkiG
14,station-éclair,11,stasj§eklER
12,statistiquer,10,statistike
9,statuaire,7,stat8ER
7,statère,6,statER
6,stayer,6,stEj9R
8,stegomya,8,stegomia
4,stem,4,stEm
11,stendhalien,8,st5dalj5
11,stercoraire,9,stERkoRER
6,sterne,5,stERn
7,steward,7,stiwaRd
6,stigma,6,stigma
10,stigmatisé,10,stigmatize
16,stimulus-réponse,13,stimylysRep§s
8,stoppage,6,stopaZ
11,stoïquement,8,stoik°m@
10,stranguler,8,stR@gyle
15,stratigraphique,12,stRatigRafik
9,striduler,8,stRidyle
6,strier,6,stRije
10,strontiane,8,stR§sjan
10,structural,10,stRyktyRal
15,structuralement,13,stRyktyRal°m@
14,structuralisme,13,stRyktyRalizm
17,struggle for life,14,stR9g°lfoRlajf
8,studette,6,stydEt
13,studieusement,10,stydj2z°m@
7,stylite,6,stilit
12,stylo-feutre,9,stilof2tR
10,stylobille,8,stilobij
9,stylomine,8,stilomin
6,styrax,7,stiRaks
19,sténodactylographie,17,stenodaktilogRafi
11,stérilement,9,steRil°m@
12,stéréoscopie,11,steReoskopi
11,stéréotypie,10,steReotipi
13,sub-aquatique,10,sybakwatik
13,subcarpatique,11,sypkaRpatik
13,subjectivisme,12,sybZEktivizm
13,subjectiviste,12,sybZEktivist
10,sublimable,9,syblimabl
12,sublimissime,10,syblimisim
7,sublimé,7,syblime
10,sublunaire,8,syblynER
15,subsidiairement,12,sybzidjER°m@
10,substantif,9,sypst@tif
14,substantifique,11,sypst@tifik
10,substratum,10,sypstRatOm
12,substruction,11,sypstRyksj§
11,subtropical,11,syptRopikal
9,subvertir,9,sybvERtiR
9,successif,8,syksesif
7,sucrier,7,sykRije
6,sudète,5,sydEt
8,sufficit,7,syfisit
7,suffète,5,syfEt
6,suifer,5,s8ife
8,suiffard,6,s8ifaR
8,suiffeux,5,s8if2
5,suint,3,s85
6,suitée,5,s8ite
22,suivez-moi-jeune-homme,13,s8ivemwaZ9nOm
9,sulpicien,8,sylpisj5
13,superchampion,10,sypERS@pj§
8,superfin,7,sypERf5
11,superfluité,11,sypERfl8ite
10,supergrand,8,sypERgR@
15,superintendante,11,sypER5t@d@t
15,superlativement,13,sypERlativ°m@
12,superposable,11,sypERpozabl
18,superstitieusement,15,sypERstisj2z°m@
5,supin,4,syp5
11,suppliciant,8,syplisj@
9,supplicié,8,syplisje
12,supplémenter,9,syplem@te
10,supposable,8,sypozabl
11,supputation,9,sypytasj§
12,supra-humain,8,sypRaym5
13,supranational,13,sypRanasjonal
14,surabondamment,10,syRab§dam@
11,surabondant,8,syRab§d@
11,suractivité,11,syRaktivite
13,suradaptation,12,syRadaptasj§
9,suradapté,9,syRadapte
5,surah,4,syRa
10,surajouter,8,syRaZute
15,suralimentation,13,syRalim@tasj§
6,surard,5,syRaR
9,surbaissé,7,syRbEse
8,surbrodé,8,syRbROde
12,surcompenser,9,syRk§p@se
6,surcot,5,syRko
5,suret,4,syRE
10,surexciter,9,syREksite
8,surfaire,6,syRfER
9,surfaçage,8,syRfasaZ
9,surfilage,8,syRfilaZ
12,surgissement,9,syRZis°m@
11,surhumanité,10,syRymanite
14,surinformation,12,syR5fORmasj§
13,surintendance,9,syR5t@d@s
5,surir,5,syRiR
9,surmenant,7,syRm°n@
8,surmulot,7,syRmylo
7,surmâle,6,syRmal
10,surnageant,7,syRnaZ@
10,suroxygéné,11,syROksiZene
8,surpatte,6,syRpat
10,surréalité,10,syRRealite
12,sursum corda,11,syRsOmkORda
8,surtendu,7,syRt@dy
10,survitesse,8,syRvitEs
6,survêt,5,syRvE
11,suscription,10,syskRipsj§
9,suspensif,8,sysp@sif
8,suspente,6,sysp@t
4,susu,4,sysy
7,susucre,6,sysykR
11,susurrement,8,sysyR°m@
6,sutémi,6,sutemi
6,suçoir,6,syswaR
5,suède,4,s8Ed
7,suédine,6,s8edin
9,sveltesse,7,svEltEs
7,swahili,6,swaili
11,sweat-shirt,8,switS9Rt
7,sweater,6,swit9R
10,sweepstake,9,swipstEjk
5,swing,4,swiG
11,sybaritisme,10,sibaRitizm
8,syllepse,6,silEps
8,sylphide,6,silfid
8,sylvaner,8,silvanER
5,sylve,4,silv
6,sylvie,5,silvi
11,symbolisant,8,s5boliz@
13,symbolisation,11,s5bolizasj§
10,synchronie,7,s5kRoni
11,syncrétisme,9,s5kRetizm
11,syncrétiste,9,s5kRetist
10,synecdoque,8,sinEkdOk
8,syntagme,6,s5tagm
8,syriaque,6,siRjak
6,syrinx,6,siR5ks
15,systématisation,14,sistematizasj§
12,systématiser,11,sistematize
11,systématisé,11,sistematize
7,syzygie,6,siziZi
9,séborrhée,6,seboRe
5,sébum,5,sebOm
7,sécolle,5,sekOl
5,sécot,4,seko
13,séculairement,10,sekylER°m@
8,séculier,7,sekylje
15,sédentarisation,13,sed@taRizasj§
12,sédentariser,10,sed@taRize
12,sédentarisme,10,sed@taRizm
11,sédentarité,10,sed@taRite
10,séguedille,7,seg°dij
13,sélectionneur,11,selEksjon9R
13,sélénographie,11,selenogRafi
8,sémillon,6,semij§
8,séminole,7,seminOl
10,sémiologue,8,semjolOg
16,sénatus-consulte,13,senatysk§sylt
6,sénevé,6,sEn°ve
10,sénilement,8,senil°m@
8,séoudite,6,seudit
9,séparable,8,sepaRabl
10,séparateur,9,sepaRat9R
10,séraphique,7,seRafik
6,séreux,4,seR2
6,sérier,5,seRje
5,séton,4,set§
8,sévillan,6,sevil@
9,sévrienne,8,sevRijEn
7,sézigue,5,sezig
7,tabaski,7,tabaski
9,tabellion,7,tabelj§
9,tablature,8,tablatyR
12,table-bureau,9,tabl°byRo
15,table-coiffeuse,10,tablkwaf2z
10,tableautin,7,tablot5
11,tabletterie,9,tablEt°Ri
5,tabor,5,tabOR
9,tabulaire,7,tabylER
5,tabès,5,tabEs
7,tacatac,7,takatak
11,tacatacatac,11,takatakatak
8,tacheter,6,taS°te
8,tachiste,6,taSist
10,tachymètre,8,takimEtR
11,taciturnité,11,tasityRnite
5,tacon,4,tak§
8,taconnet,6,takOnE
11,tactilement,9,taktil°m@
6,tadjik,6,tadZik
7,tadorne,6,tadORn
6,taenia,5,tenja
8,tafanard,7,tafanaR
9,taillable,6,tajabl
11,taillandier,7,taj@dje
12,taille-douce,6,tajdus
8,tailloir,6,tajwaR
6,tajine,5,taZin
20,talavera de la reina,16,talav°Rad°laREna
15,talentueusement,11,tal@t82z°m@
5,taler,4,tale
5,talle,3,tal
8,tallipot,6,talipo
8,talmouse,6,talmuz
10,talonnette,7,talonEt
9,talonneur,7,talon9R
8,tamanoir,8,tamanwaR
12,tambourinade,9,t@buRinad
13,tambourinaire,9,t@buRinER
14,tambourinement,10,t@buRin°m@
12,tambourineur,9,t@buRin9R
6,tamoul,5,tamul
13,tampon-buvard,9,t@p§byvaR
12,tamponnement,8,t@pOn°m@
10,tamponnoir,8,t@ponwaR
7,tan-sad,5,t@sad
10,tandis que,6,t@dik2
8,tangence,5,t@Z@s
10,tangentiel,8,t@Z@sjEl
9,tangerine,10,t@n°Z2Rajn
6,tangue,3,t@g
9,tangérois,7,t@ZeRwa
5,tanka,4,t@ka
8,tankiste,6,t@kist
7,tannant,4,tan@
6,tanrec,5,t@REk
6,tansad,5,t@sad
13,tape-à-l'oeil,7,tapal9j
7,tapecul,5,tapky
7,tapotis,6,tapoti
7,taquoir,6,takwaR
10,tarabiscot,9,taRabisko
6,tarare,5,taRaR
6,taraud,4,taRo
9,taraudant,6,taRod@
7,tarbais,5,taRbE
9,tarbouche,6,taRbuS
8,tarbouif,7,taRbuif
9,tard-venu,7,taRv°ny
8,tarderie,7,taRd°Ri
9,tardillon,7,taRdij§
5,taret,4,taRE
8,targette,6,taRZEt
6,targui,5,taRgi
6,taride,5,taRid
11,tarissement,8,taRis°m@
7,tarière,6,taRjER
9,tarlatane,8,taRlatan
6,tarpan,5,taRp@
8,tartarin,7,taRtaR5
11,tartignolle,8,taRtiNOl
6,tartir,6,taRtiR
7,tartiss,6,taRtis
10,tartouille,6,taRtuj
10,tartuferie,9,taRtyf°Ri
11,tartufferie,9,taRtyf°Ri
7,tassili,6,tasili
5,tatar,5,tataR
11,tatillonner,8,tatijone
9,taupicide,7,topisid
5,taure,3,toR
9,taurillon,6,toRij§
6,taurin,4,toR5
9,taurobole,7,toRobOl
13,tauromachique,9,toRomaSik
6,tavelé,6,tav°le
9,taxaudier,8,taksodje
9,taxi-auto,8,taksiOto
9,taxi-girl,9,taksig9Rl
11,taxinomique,10,taksinomik
10,taylorisme,8,tEloRizm
10,tcherkesse,7,tSERkEs
11,tchernoziom,9,tSERnozj§
9,tchékiste,7,tSekist
7,te deum,6,tedeum
8,tea-room,5,tiRum
20,technico-commerciaux,15,tEknikokomERsjo
14,technocratique,11,tEknokRatik
14,technocratisme,12,tEknokRatizm
10,tellurique,7,tElyRik
11,temporalité,10,t@poRalite
14,temporellement,10,t@poREl°m@
13,temporisateur,11,t@poRizat9R
10,tenacement,8,t°nas°m@
16,tendancieusement,11,t@d@sj2z°m@
8,tendelet,6,t@d°lE
13,tennis-ballon,9,tenisbal§
11,tennis-club,9,teniskl9b
9,tentiaire,6,t@sjER
14,terminologique,12,tERminoloZik
10,termitière,9,tERmitjER
8,ternaire,6,tERnER
7,terrage,5,tERaZ
9,terrasson,6,tERas§
12,terre-neuvas,7,tERn9va
13,terre-à-terre,7,tERatER
10,terrifique,7,teRifik
16,territorialement,13,tERitoRjal°m@
9,tessiture,7,tesityR
5,testu,5,tEsty
10,teutonique,7,t2tonik
10,textologie,10,tEkstOlOZi
7,textuel,8,tEkst8El
7,thalweg,6,talvEg
14,thanatologique,11,tanatoloZik
11,thaumaturge,8,tomatyRZ
12,thaumaturgie,9,tomatyRZi
13,thermoformage,11,tERmofORmaZ
10,thermogène,8,tERmoZEn
8,thibaude,5,tibod
8,thomisme,6,tomizm
8,thomiste,6,tomist
12,thuriféraire,9,tyRifeRER
5,thuya,4,tyja
8,thébaïde,6,tebaid
8,thébaïne,6,tebain
14,thématiquement,10,tematik°m@
12,théocratique,9,teokRatik
7,théorbe,5,teORb
12,théosophique,8,teozofik
5,tiaré,5,tjaRe
9,ticheurte,6,tiS9Rt
13,tiercefeuille,9,tjERs°f9j
9,tiercelet,8,tjERs°lE
14,tiers-mondisme,10,tjERm§dizm
11,tiers-ordre,8,tjERORdR
11,tiers-point,7,tjERpw5
7,tigrure,6,tigRyR
7,tilbury,7,tilbyRi
6,tillac,5,tijak
9,timbalier,7,t5balje
8,timbrage,6,t5bRaZ
14,tintamarresque,10,t5tamaREsk
14,tintinnabulant,10,t5tinabyl@
16,tintinnabulement,12,t5tinabyl°m@
13,tintinnabuler,10,t5tinabyle
5,tinée,4,tine
6,tipule,5,tipyl
7,tiqueté,6,tik°te
8,tiraillé,6,tiRaje
11,tire-bouton,7,tiRbut§
8,tire-jus,5,tiRZy
12,tire-larigot,9,tiRlaRigo
10,tire-ligne,6,tiRliN
9,tire-lire,6,tiRliR
14,tirebouchonner,10,tiR°buSone
9,tisanière,8,tizanjER
7,tisonné,6,tizone
7,tisseur,5,tis9R
12,tissu-éponge,8,tisyep§Z
10,tissuterie,8,tisyt°Ri
9,tissutier,7,tisytje
5,tissé,4,tise
11,titillation,9,titijasj§
11,titillement,8,titij°m@
7,titisme,6,titizm
10,titubation,9,titybasj§
10,titubement,8,tityb°m@
9,tièdement,7,tjEd°m@
8,tiédasse,6,tjedas
8,togolais,6,togolE
5,tokay,4,tokE
9,tokharien,7,tokaRj5
9,tolstoïen,8,tOlstoj5
4,tolu,4,toly
9,tom-pouce,6,tOmpus
8,tomahawk,6,tomaOk
8,tommette,5,tomEt
11,tonitruance,9,tonitRy@s
9,tonitruer,8,tonitR8e
9,tonkinois,7,t§kinwa
7,topette,5,topEt
6,tophus,5,tofys
17,topographiquement,13,topogRafik°m@
9,toponymie,8,toponimi
10,torchonner,7,tORSone
8,torchère,6,tORSER
8,tord-nez,5,tORne
7,tordion,6,tORdj§
5,toril,5,toRil
7,torpide,6,tORpid
11,torrentueux,7,toR@t82
7,torsade,6,tORsad
6,tortil,6,tORtil
7,tortore,6,tORtOR
8,tortorer,7,tORtoRe
5,tortu,5,tORty
16,toréador-vedette,13,toReadORv°dEt
12,totalisation,11,totalizasj§
7,totoche,5,totOS
9,totémique,7,totemik
10,touchotter,6,tuSOte
8,touffeur,5,tuf9R
10,toulonnais,6,tulonE
10,toulousain,6,tuluz5
9,toungouse,5,tuGuz
10,toupilleur,7,tupij9R
10,tourangeau,6,tuR@Zo
8,tourbeux,5,tuRb2
15,tourbillonnaire,10,tuRbijonER
14,tourbillonnant,9,tuRbijon@
16,tourbillonnement,11,tuRbijOn°m@
6,touret,4,tuRE
9,tourillon,6,tuRij§
11,tourlousine,8,tuRluzin
11,tourmentant,7,tuRm@t@
9,tournelle,6,tuRnEl
12,tours-minute,8,tuRminyt
8,tourteau,5,tuRto
13,tous-terrains,6,tutER5
8,tousseur,5,tus9R
8,tousseux,4,tus2
10,toussoteux,6,tusot2
14,tout-à-l'égout,8,tutalegu
7,toutime,5,tutim
9,tracassin,7,tRakas5
9,trachéite,7,tRakeit
14,traction-avant,10,tRaksj§av@
9,trafalgar,9,tRafalgaR
17,trafiquant-espion,12,tRafik@Espj§
13,tragi-comique,10,tRaZikomik
13,tragi-comédie,11,tRaZikomedi
10,trahissant,6,tRais@
10,traintrain,6,tR5tR5
7,tramail,6,tRamaj
13,tranchecaille,7,tR@Skaj
8,tranchet,5,tR@SE
13,tranchée-abri,9,tR@SeabRi
11,tranquillos,8,tR@kilos
13,transafricain,10,tR@zafRik5
12,transcaspien,10,tR@skaspj5
14,transcendantal,10,tR@s@d@tal
8,transept,7,tR@sEpt
12,transfigurer,10,tR@sfigyRe
14,transformateur,12,tR@sfORmat9R
13,transfèrement,10,tR@sfER°m@
15,transhistorique,11,tR@sistoRik
11,transhumant,7,tR@zym@
7,transir,6,tR@ziR
13,translucidité,12,tR@slysidite
14,transplantable,11,tR@spl@tabl
12,transposable,10,tR@spozabl
10,transposée,8,tR@spoze
11,transylvain,8,tR@silv5
7,trappon,5,tRap§
10,traversier,9,tRavERsje
10,traversine,9,tRavERsin
6,trayon,5,tREj§
13,traîne-patins,8,tREnpat5
14,traîne-semelle,9,tREns°mEl
8,traîneur,6,tREn9R
8,traînier,6,tREnje
13,tremblotement,10,tR@blOt°m@
10,trempoline,8,tR@pOlin
16,trente-cinquième,10,tR@ts5kjEm
18,trente-et-quarante,10,tR@tekaR@t
16,trente-et-unième,10,tR@teynjEm
15,trente-huitième,10,tR@t8itjEm
16,trente-quatrième,12,tR@tkatRijEm
16,trente-troisième,12,tR@ttRwazjEm
11,tressautant,7,tREsot@
13,tressautement,9,tResot°m@
16,triangulairement,13,tRij@gylER°m@
7,trianon,7,tRijan§
7,tribart,6,tRibaR
9,tricoises,7,tRikwaz
9,tricoteur,8,tRikot9R
11,tricycliste,10,tRisiklist
10,tricéphale,8,tRisefal
5,tridi,5,tRidi
9,triforium,9,tRifoRjOm
7,trimard,6,tRimaR
9,trimarder,8,tRimaRde
9,trinacrie,8,tRinakRi
8,tringlot,6,tR5glo
6,triode,6,tRijOd
13,triomphaliste,11,tRij§falist
12,triomphateur,10,tRij§fat9R
7,trionix,9,tRijOniks
14,tripatouillage,10,tRipatujaZ
8,triperie,7,tRip°Ri
7,tripier,6,tRipje
8,triplace,7,tRiplas
7,tripode,6,tRipOd
7,tripoux,5,tRipu
11,triqueballe,8,tRik°bal
7,trirème,6,tRiREm
9,trismique,7,tRismik
7,trismus,7,tRismys
7,trisser,5,tRise
13,tristouillard,9,tRistujaR
10,trithéisme,8,tRiteizm
9,triturant,7,tRityR@
11,trituration,10,tRityRasj§
12,trobriandais,10,tRobRij@dE
10,trochaïque,7,tRokaik
6,troche,4,tROS
7,trochée,5,tRoSe
6,trolle,4,tROl
10,trolleybus,8,tRolEbys
7,trommel,6,tRomEl
10,tronçonner,7,tR§sone
5,trope,4,tROp
8,tropisme,7,tRopizm
14,troposphérique,11,tRoposfeRik
10,trotskisme,9,tROtskizm
11,trotte-menu,8,tROtm°ny
7,trottin,5,tRot5
10,trottinant,7,tRotin@
9,trou-trou,6,tRutRu
11,troufignard,8,tRufiNaR
11,troussequin,6,tRusk5
9,trousseur,6,tRus9R
6,troïka,6,tRoika
9,truandage,7,tRy@daZ
11,truandaille,7,tRy@daj
10,truanderie,8,tRy@d°Ri
10,truculence,8,tRykyl@s
8,truffier,6,tRyfje
9,truitelle,7,tR8itEl
8,trusquin,6,tRysk5
7,trustee,6,tR9sti
11,trusteeship,9,tR9stiSip
11,trypanosome,10,tRipanozom
6,trâlée,5,tRale
5,trèpe,4,tREp
7,trémail,6,tRemaj
8,trémière,7,tRemjER
7,trémois,6,tRemwa
13,trémoussement,9,tRemus°m@
9,trémulant,7,tRemyl@
11,trémulation,10,tRemylasj§
8,trémuler,7,tRemyle
7,trépané,7,tRepane
8,trépider,7,tRepide
9,tréponème,8,tReponEm
8,tsarisme,7,tsaRizm
7,tsé-tsé,6,tsetse
8,tu autem,6,tyotEm
9,tubardise,8,tybaRdiz
11,tuberculine,10,tybERkylin
8,tubulure,7,tybylyR
8,tubéreux,6,tybeR2
8,tudesque,6,tydEsk
10,tue-mouche,5,tymuS
7,tuffeau,4,tyfo
11,tumultuaire,9,tymylt8ER
8,tuméfier,7,tymefje
5,tuque,3,tyk
5,turbé,5,tyRbe
8,turcoman,8,tyRkoman
6,turdus,5,tyRdy
8,turelure,7,tyR°lyR
9,turgotine,8,tyRgotin
11,turlupinade,10,tyRlypinad
8,turluter,7,tyRlyte
9,turquerie,7,tyRk°Ri
7,turquin,5,tyRk5
9,tuyauteur,8,t8ijot9R
7,tuyauté,7,t8ijote
5,tweed,4,twid
5,twill,4,twil
8,twin-set,7,twinsEt
5,twist,5,twist
7,twister,6,twiste
8,typhique,5,tifik
12,typographier,10,tipogRafje
9,typomètre,8,tipomEtR
4,typé,4,tipe
9,tyranneau,6,tiRano
11,tyrannicide,9,tiRanisid
10,tzarevitch,9,tsaRevitS
9,tâtonnant,6,taton@
11,tâtonnement,8,tatOn°m@
8,tégument,6,tegym@
7,télègue,5,telEg
8,télémark,8,telemaRk
11,téléphonage,9,telefonaZ
13,témérairement,10,temeRER°m@
7,ténuité,7,ten8ite
12,ténébrionidé,12,tenebRionide
13,tératologique,11,teRatoloZik
9,térébrant,7,teRebR@
9,tétanique,7,tetanik
12,tétanisation,11,tetanizasj§
9,tétaniser,8,tetanize
12,tétradrachme,10,tetRadRakm
11,tétragramme,9,tetRagRam
9,tétramère,8,tetRamER
4,tévé,4,teve
5,tézig,5,tezig
7,tézigue,5,tezig
13,tête-de-nègre,9,tEtd°nEgR
12,tête-à-queue,6,tEtak2
11,tête-à-tête,7,tEtatEt
7,têtière,6,tEtjER
7,tôlerie,6,tol°Ri
8,tôt-fait,4,tofE
4,ubac,4,ybak
6,ubique,4,ybik
9,ubiquiste,8,ybik8ist
11,ubiquitaire,9,ybik8itER
12,ultima ratio,11,yltimaRasjo
6,ultimo,6,yltimo
12,ultra-gauche,8,yltRagoS
8,ultrafin,7,yltRaf5
11,ultragauche,8,yltRagoS
12,ultramontain,9,yltRam§t5
15,ultraperformant,13,yltRapERfORm@
9,ululement,7,ylyl°m@
6,ululer,5,ylyle
10,unanimisme,9,ynanimizm
6,uniate,5,ynjat
11,uniformiser,10,ynifORmize
7,uniment,5,ynim@
10,uninominal,10,yninominal
7,uniprix,6,ynipRi
13,universalisme,12,ynivERsalizm
12,universalité,12,ynivERsalite
5,urane,4,yRan
8,uranisme,7,yRanizm
8,urbanité,8,yRbanite
3,urf,3,yRf
10,urographie,8,yRogRafi
9,uroscopie,8,yRoskopi
8,ursuline,7,yRsylin
5,urubu,5,yRyby
4,urus,4,yRys
12,usine-pilote,9,yzinpilOt
7,usinier,6,yzinje
5,usité,5,yzite
6,ustion,5,ystj§
11,usufruitier,10,yzyfR8itje
12,utilitarisme,11,ytilitaRizm
10,uxorilocal,11,yksoRilokal
9,vaccinant,7,vaksin@
10,vachardise,8,vaSaRdiz
8,vacherin,6,vaS°R5
7,vachère,5,vaSER
8,vae soli,7,vaesoli
5,vagir,5,vaZiR
6,vairon,4,vER§
11,valablement,9,valabl°m@
9,valencien,7,val@sj5
13,valeur-refuge,10,val9RR°fyZ
8,valleuse,5,val2z
12,vallonnement,8,valOn°m@
9,vallonner,6,valone
16,valse-hésitation,12,valsezitasj§
8,vanadium,8,vanadjOm
13,vaniteusement,10,vanit2z°m@
7,vanneau,4,vano
7,vanneur,5,van9R
7,vannier,5,vanje
7,vantail,5,v@taj
8,vanterie,6,v@t°Ri
4,vape,3,vap
4,vara,4,vaRa
8,varapper,6,vaRape
9,varappeur,7,vaRap9R
7,varenne,5,vaREn
8,variorum,8,vaRjoROm
9,variqueux,6,vaRik2
7,varlope,6,vaRlOp
6,vasais,4,vazE
5,vaser,4,vaze
7,vasière,6,vazjER
11,vasouillard,7,vazujaR
9,vassalité,8,vasalite
9,vastitude,8,vastityd
7,vastité,7,vastite
5,vater,5,vat9R
8,vaticane,7,vatikan
12,vaticanesque,10,vatikanEsk
12,vaticination,11,vatisinasj§
9,vaticiner,8,vatisine
9,vau-l'eau,4,volo
7,vaudois,5,vodwa
6,vautre,4,votR
7,vauvert,5,vovER
6,veillé,4,veje
7,veinule,5,venyl
7,veinulé,6,venyle
5,veiné,4,vene
7,vellave,5,vElav
8,velouter,6,v°lute
9,velouteux,6,v°lut2
10,vendangeur,7,v@d@Z9R
7,vendéen,5,v@de5
11,vendémiaire,8,v@demjER
9,vendômois,7,v@domwa
6,veneur,5,v°n9R
13,venimeusement,10,venim2z°m@
17,ventre-saint-gris,10,v@tR°s5gRi
10,verbalisme,9,vERbalizm
10,verbaliste,9,vERbalist
9,verbosité,9,vERbozite
8,verdelet,7,vERd°lE
7,verdeur,6,vERd9R
7,verdier,6,vERdje
10,verdissant,7,vERdis@
8,verdoyer,8,vERdwaje
8,verglacé,8,vERglase
6,vergne,4,vERN
10,vergogneux,7,vERgoN2
5,vergé,5,vERZe
12,vermiculaire,10,vERmikylER
9,vermineux,7,vERmin2
10,vermoulure,8,vERmulyR
7,vernier,6,vERnje
9,vernisser,7,vERnise
8,vernissé,7,vERnise
7,verrier,5,vERje
8,verrière,6,vERjER
11,versaillais,7,vERsajE
13,versificateur,12,vERsifikat9R
9,versifier,8,vERsifje
13,vert-de-grisé,10,vERd°gRize
11,vert-galant,7,vERgal@
6,vertex,7,vERtEks
11,verticalité,11,vERtikalite
13,vertueusement,10,vERt82z°m@
7,verveux,5,vERv2
11,vespasienne,9,vEspazjEn
7,vesprée,6,vEspRe
8,vespéral,8,vEspeRal
13,vesse-de-loup,7,vEsd°lu
8,vestalat,7,vestala
9,vexatoire,9,vEksatwaR
8,viandard,6,vj@daR
11,vicelardise,10,vis°laRdiz
8,vichysme,6,viSism
10,vichyssois,7,viSiswa
6,vicier,5,visje
7,vicinal,7,visinal
10,vicinalité,10,visinalite
7,vicomté,6,vik§te
10,victimaire,8,viktimER
15,victorieusement,12,viktoRj2z°m@
6,vidame,5,vidam
11,vide-poches,6,vidpOS
12,vidéo-espion,10,videoEspj§
10,vieux-rose,6,vj2Roz
8,vigousse,5,vigus
7,viguier,5,vigje
9,vilipendé,8,vilip@de
13,ville-dortoir,10,vildORtwaR
9,vinaigrer,7,vinEgRe
15,vindicativement,12,v5dikativ°m@
6,vineux,4,vin2
14,vingt-huitième,9,v5t8itjEm
14,vingt-septième,9,v5tsEtjEm
9,vinylique,7,vinilik
7,viocard,6,vjOkaR
7,viocque,4,vjOk
8,violacer,7,vjolase
7,violine,6,vjolin
9,violoneux,7,vjolon2
8,violâtre,7,vjolatR
6,viorne,5,vjORn
8,vipéreau,6,vipeRo
11,virevoltant,9,viR°vOlt@
9,virevolte,8,viR°vOlt
9,virgilien,8,viRZilj5
13,virginalement,11,viRZinal°m@
7,virolet,6,viROlE
9,vis-à-vis,6,vizavi
13,visite-éclair,10,viziteklER
9,vitaminer,8,vitamine
8,vitement,6,vit°m@
12,vitrauphanie,9,vitRofani
11,vitriolique,10,vitRijOlik
11,vitrophanie,9,vitRofani
5,vlouf,4,vluf
9,vocalique,7,vokalik
8,vocalise,7,vokaliz
12,vocifération,11,vosifeRasj§
7,voilage,6,vwalaZ
8,voiturin,7,vwatyR5
7,volapük,7,volapyk
6,volige,5,voliZ
8,volition,7,volisj§
12,volontarisme,10,vol§taRizm
12,volontariste,10,vol§taRist
8,voltaire,6,vOltER
11,voltigement,9,vOltiZ°m@
12,volubilement,10,volybil°m@
9,volubilis,9,volybilis
10,volubilité,10,volybilite
6,volute,5,volyt
7,vomique,5,vomik
4,vopo,4,vopo
7,vosgien,5,voZj5
7,vouivre,5,vwivR
12,voussoiement,7,vuswam@
9,voussoyer,7,vuswaje
8,voussure,5,vusyR
11,vouvoiement,7,vuvwam@
7,vouvray,5,vuvRE
11,voyoucratie,10,vwajukRasi
10,voyouterie,9,vwajut°Ri
10,voyoutisme,9,vwajutizm
9,vrai-faux,5,vREfo
8,vraquier,6,vRakje
10,vrillement,7,vRij°m@
7,vriller,5,vRije
13,vulcanisation,12,vylkanizasj§
12,vulcanologue,10,vylkanolOg
7,vulgate,6,vylgat
10,vulnéraire,8,vylneRER
9,vulnérant,7,vylneR@
6,vulpin,5,vylp5
7,vélique,5,velik
10,vélo-cross,8,velokROs
13,vélocipédique,11,velosipedik
9,vélodrome,8,velodRom
7,vénerie,6,vEn°Ri
7,vénusté,7,venyste
6,vérace,5,veRas
7,vériste,6,veRist
7,vésanie,6,vezani
9,vétilleux,6,vetij2
7,vétiver,6,vetive
7,vétyver,7,vetivER
6,vêlage,5,vElaZ
6,vêture,5,vEtyR
10,wagon-lits,6,vag§li
8,walkyrie,7,valkiRi
9,wassingue,5,was5g
12,water-closet,11,watERklozEt
7,wattman,6,watman
17,western-spaghetti,14,wEstERnspageti
11,westphalien,9,vEstpalj5
8,whipcord,7,wipkORd
6,wigwam,6,wigwam
10,wilhelmien,8,vilElmj5
7,willaya,6,wilEja
12,wisigothique,9,vizigotik
14,wurtembergeois,12,vuRtEmbERZwa
9,xiphidion,8,gzifidj§
10,xénophilie,9,gzenofili
10,yachtwoman,8,jOtwuman
4,yali,4,jali
8,yoghourt,6,joguRt
7,you-you,4,juju
6,youyou,4,juju
7,ypérite,6,ipeRit
5,yé-yé,4,jeje
4,zain,2,z5
8,zanimaux,6,zanimo
7,zemstvo,7,zemstvo
9,zigzagant,7,zigzag@
7,zingage,5,z5gaZ
8,zinzolin,6,z5zol5
5,zonal,5,zonal
7,zorille,5,zoRij
11,zoroastrien,11,zoRoastRij5
9,zurichois,7,zyRikwa
6,zygoma,6,zigoma
4,zzzz,1,z
6,zébrer,5,zebRe
7,zébrure,6,zebRyR
8,zélateur,7,zelat9R
6,zénana,6,zenana
7,zézayer,6,zezeje
11,à cropetons,8,akROp°t§
8,à giorno,8,adZjORno
8,à glagla,7,aglagla
12,à la daumont,7,aladom§
10,à lurelure,8,alyR°lyR
6,à-coup,3,aku
6,à-côté,5,akote
10,à-dieu-vat,6,adj2va
10,à-peu-près,6,ap2pRE
5,à-pic,4,apik
6,à-plat,4,apla
8,à-propos,6,apRopo
8,à-valoir,7,avalwaR
8,âcrement,6,akR°m@
5,ânier,4,anje
10,ânonnement,7,anOn°m@
5,çruti,5,sRyti
2,ès,2,Es
3,ève,2,Ev
12,ébahissement,8,ebais°m@
8,ébarbage,7,ebaRbaZ
7,ébarber,6,ebaRbe
6,ébaubi,5,ebobi
7,ébauché,5,eboSe
7,ébonite,6,ebonit
11,ébouillanté,7,ebuj@te
10,ébouriffer,7,ebuRife
7,ébouser,5,ebuze
7,ébouzer,5,ebuze
12,ébranchement,8,ebR@S°m@
9,ébrancher,6,ebR@Se
8,ébranché,6,ebR@Se
10,ébrouement,6,ebRum@
8,ébrécher,6,ebReSe
9,ébréchure,7,ebReSyR
11,ébénisterie,10,ebenist°Ri
9,écailleur,6,ekaj9R
9,écailleux,5,ekaj2
9,écaillure,6,ekajyR
5,écale,4,ekal
6,écaler,5,ekale
14,écarquillement,10,ekaRkij°m@
11,écarquiller,8,ekaRkije
9,échancrer,6,eS@kRe
10,échancrure,7,eS@kRyR
8,échanson,5,eS@s§
8,écharner,6,eSaRne
8,échauder,5,eSode
11,échauguette,6,eSogEt
9,écheveler,7,eS°v°le
13,échevellement,9,eS°vEl°m@
8,échotier,6,ekotje
10,échouement,5,eSum@
12,éclaboussant,8,eklabus@
8,éclatage,7,eklataZ
8,éclusier,7,eklyzje
8,écoinçon,6,ekw5s§
12,éconocroques,9,ekOnOkROk
10,économisme,9,ekonomizm
6,écorcé,6,ekORse
7,écorner,6,ekORne
10,écornifler,9,ekORnifle
7,écosser,5,ekose
7,écourté,6,ekuRte
15,écrabouillement,10,ekRabuj°m@
8,écrasage,7,ekRazaZ
12,écrase-merde,9,ekRazmERd
8,écrasure,7,ekRazyR
9,écrevisse,7,ekR°vis
11,écrivailler,8,ekRivaje
10,écrouelles,6,ekRuEl
7,écrêter,6,ekREte
7,écubier,6,ekybje
8,écuellée,6,ek8Ele
6,éculer,5,ekyle
7,écumeux,5,ekym2
10,édilitaire,8,edilitER
8,éducable,7,edykabl
5,éduen,4,edy5
8,égailler,5,egeje
12,égalitarisme,11,egalitaRizm
6,égipan,5,eZip@
9,églantier,7,egl@tje
7,églogue,5,eglOg
9,égorgeoir,8,egORZwaR
11,égouttement,7,egut°m@
8,égouttis,5,eguti
6,égoïne,5,egoin
8,égrainer,6,egREne
9,égrillard,7,egRijaR
8,égrotant,6,egRot@
12,électivement,10,elEktiv°m@
14,électoralement,12,elEktoRal°m@
13,électrisation,12,elEktRizasj§
18,électro-acoustique,14,elEktRoakustik
17,électroacoustique,14,elEktRoakustik
16,électrodynamique,14,elEktRodinamik
12,élucubration,11,elykybRasj§
7,élyséen,6,elize5
12,élémentarité,11,elem@taRite
7,émaillé,5,emaje
7,émarger,6,emaRZe
9,émergeant,6,emERZ@
6,émergé,6,emERZe
9,émerillon,7,Em°Rij§
11,émerillonné,9,Em°Rijone
8,émersion,7,emERsj§
11,émiettement,8,emjEt°m@
7,émilien,6,emilj5
6,émirat,5,emiRa
9,émollient,6,emolj@
8,émondeur,6,em§d9R
11,émoussement,7,emus°m@
15,énigmatiquement,12,enigmatik°m@
6,éolien,5,eolj5
7,éonisme,6,eonizm
11,épaissement,7,epEs°m@
14,épaississement,9,epesis°m@
7,épandre,5,ep@dR
14,épastrouillant,9,epastRuj@
10,épatamment,7,epatam@
9,épatement,7,epat°m@
7,épateur,6,epat9R
10,épaulement,7,epol°m@
9,épaulière,7,epoljER
6,épaulé,5,epole
8,épeautre,5,epotR
8,épectase,7,epEktaz
10,épeichette,6,epESEt
6,épeire,4,epER
9,épervière,8,epERvjER
7,épeurer,5,ep9Re
7,éphébie,5,efebi
12,éphémèrement,9,efemER°m@
9,épicemard,8,epis°maR
10,épicurisme,9,epikyRizm
8,épierrer,6,epjeRe
9,épigastre,8,epigastR
10,épigraphie,8,epigRafi
13,épine-vinette,9,epinvinEt
8,épiphane,6,epifan
9,épiphylle,6,epifil
12,épiphénomène,10,epifenomEn
8,épiploon,7,epiplun
9,épiscopat,8,episkopa
11,épistolaire,9,epistolER
15,épistémologique,13,epistemoloZik
10,épithalame,8,epitalam
8,épithète,6,epitEt
7,épitoge,6,epitOZ
7,épitomé,7,epitome
7,éployer,7,eplwaje
9,épongeage,6,ep§ZaZ
7,éponyme,6,eponim
9,épousable,7,epuzabl
11,époussetage,7,epustaZ
13,épouvantement,9,epuv@t°m@
6,épulie,5,epyli
10,équanimité,10,ekwanimite
11,équarisseur,8,ekaRis9R
12,équarrisseur,8,ekaRis9R
9,équerrage,6,ekERaZ
12,équilibrisme,10,ekilibRizm
5,équin,4,ekin
10,équivaloir,9,ekivalwaR
7,éraillé,5,eRaje
11,éreintement,7,eR5t°m@
6,éroder,5,eRode
9,érotomane,8,eRotoman
5,étagé,5,etaZe
10,étalagiste,9,etalaZist
5,étamé,5,etame
7,étançon,5,et@s§
6,éteule,4,et9l
6,étiage,5,etjaZ
5,étier,4,etje
10,étiolement,8,etjOl°m@
6,étisie,5,etizi
9,étouffoir,7,etufwaR
10,étrangéité,9,etR@Zeite
7,étrenne,5,etREn
9,étrillage,7,etRijaZ
9,étrivière,8,etRivjER
7,étrécir,7,etResiR
13,étrécissement,10,etResis°m@
10,étrésillon,8,etRezij§
6,étuver,5,etyve
12,étymologique,10,etimoloZik
12,étymologiste,11,etimoloZist
10,évaluateur,9,eval8at9R
11,évanescence,8,evanes@s
12,évangéliaire,9,ev@ZeljER
9,évasement,7,evaz°m@
6,évaser,5,evaze
5,évasé,5,evaze
9,éveillant,5,evEj@
9,éveilleur,6,evEj9R
11,éventrement,8,ev@tR°m@
8,évergète,7,evERZEt
6,éversé,6,evERse
3,éwé,3,eve
6,îlette,4,ilEt
