1,a,1,a
9,a capella,7,akapEla
10,a cappella,7,akapEla
11,a contrario,9,ak§tRaRjo
10,a fortiori,9,afORsjoRi
8,a giorno,8,adZjORno
10,a l'instar,7,al5staR
12,a posteriori,11,apOsteRjoRi
8,a priori,8,apRijoRi
2,aa,2,aa
10,ab absurdo,9,abapsuRdo
9,ab initio,8,abinisjo
6,ab ovo,5,abovo
5,abaca,5,abaka
9,abaissant,5,abEs@
7,abaisse,4,abEs
14,abaisse-langue,7,abEsl@g
11,abaissement,7,abEs°m@
8,abaisser,5,abese
7,abaissé,5,abese
7,abalone,6,abalOn
7,abandon,5,ab@d§
10,abandonner,7,ab@done
12,abandonnique,8,ab@donik
9,abandonné,7,ab@done
6,abaque,4,abak
9,abasourdi,8,abazuRdi
10,abasourdir,9,abazuRdiR
14,abasourdissant,10,abazuRdis@
4,abat,3,aba
9,abat-jour,6,abaZuR
8,abat-son,5,abas§
7,abatage,6,abataZ
6,abatis,5,abati
8,abattage,6,abataZ
8,abattant,5,abat@
10,abattement,7,abat°m@
8,abatteur,6,abat9R
7,abattis,5,abati
8,abattoir,7,abatwaR
7,abattre,5,abatR
6,abattu,5,abaty
8,abbatial,7,abasjal
9,abbatiale,7,abasjal
6,abbaye,4,abei
4,abbé,3,abe
3,abc,5,abese
5,abcès,4,apsE
10,abdication,9,abdikasj§
8,abdiquer,6,abdike
7,abdomen,7,abdomEn
9,abdominal,9,abdominal
5,abdos,4,abdo
9,abducteur,8,abdykt9R
9,abduction,8,abdyksj§
7,abeille,4,abEj
4,aber,3,abe
8,aberrant,5,abER@
10,aberration,8,abERasj§
8,abhorrer,5,abORe
7,abhorré,5,abORe
6,abject,6,abZEkt
11,abjectement,9,abZEkt°m@
9,abjection,8,abZEksj§
10,abjuration,9,abZyRasj§
7,abjurer,6,abZyRe
7,abkhaze,5,abkaz
7,ablatif,7,ablatif
8,ablation,7,ablasj§
4,able,3,abl
7,ablette,5,ablEt
8,ablution,7,ablysj§
10,abnégation,9,abnegasj§
4,aboi,4,abwa
9,aboiement,6,abwam@
5,aboli,5,aboli
6,abolir,6,aboliR
9,abolition,8,abolisj§
14,abolitionniste,12,abolisjonist
10,abominable,9,abominabl
14,abominablement,12,abominabl°m@
11,abomination,10,abominasj§
8,abominer,7,abomine
11,abondamment,7,ab§dam@
9,abondance,6,ab§d@s
8,abondant,5,ab§d@
7,abonder,5,ab§de
10,abonnement,7,abOn°m@
7,abonner,5,abone
6,abonné,5,abone
5,abord,4,abOR
9,abordable,8,abORdabl
8,abordage,7,abORdaZ
7,aborder,6,abORde
6,abordé,6,abORde
9,aborigène,8,aboRiZEn
10,abornement,8,abORn°m@
7,abortif,7,abORtif
8,aboucher,5,abuSe
7,abouler,5,abule
7,aboulie,5,abuli
9,aboulique,6,abulik
5,about,3,abu
6,abouti,5,abuti
7,aboutir,6,abutiR
11,aboutissant,7,abutis@
13,aboutissement,9,abutis°m@
7,aboyant,6,abwaj@
6,aboyer,6,abwaje
7,aboyeur,7,abwaj9R
11,abracadabra,11,abRakadabRa
13,abracadabrant,11,abRakadabR@
7,abrasif,7,abRazif
8,abrasion,7,abRazj§
7,abraxas,8,abRaksas
9,abreuvage,7,abR9vaZ
8,abreuver,6,abR9ve
9,abreuvoir,8,abR9vwaR
7,abreuvé,6,abR9ve
4,abri,4,abRi
11,abri-refuge,9,abRiR°fyZ
7,abribus,7,abRibys
7,abricot,6,abRiko
10,abricotier,9,abRikotje
10,abricotine,9,abRikotin
8,abritant,6,abRit@
7,abriter,6,abRite
6,abrité,6,abRite
10,abrogation,9,abRogasj§
7,abroger,6,abRoZe
6,abrogé,6,abRoZe
6,abrupt,6,abRypt
11,abruptement,9,abRypt°m@
6,abruti,6,abRyti
7,abrutir,7,abRytiR
11,abrutissant,8,abRytis@
13,abrutissement,10,abRytis°m@
11,abrutisseur,9,abRytis9R
7,abréger,6,abReZe
6,abrégé,6,abReZe
10,abréviatif,10,abRevjatif
11,abréviation,10,abRevjasj§
8,abscisse,5,apsis
10,abscission,7,apsisj§
7,abscons,5,apsk§
7,absence,5,aps@s
6,absent,4,aps@
8,absenter,6,aps@te
11,absentéisme,9,aps@teizm
11,absentéiste,9,aps@teist
6,abside,5,apsid
9,absidiole,8,apsidjOl
8,absinthe,5,aps5t
6,absolu,6,apsoly
10,absolument,8,apsolym@
10,absolution,9,apsolysj§
11,absolutisme,10,apsolytizm
9,absolvant,7,apsOlv@
9,absorbant,7,apsORb@
8,absorber,7,apsORbe
9,absorbeur,8,apsORb9R
7,absorbé,7,apsORbe
10,absorption,9,apsORpsj§
8,absoudre,6,apsudR
6,absous,4,apsu
7,absoute,5,apsut
8,abstenir,8,apst°niR
10,abstention,8,apst@sj§
15,abstentionniste,12,apst@sjonist
10,abstinence,8,apstin@s
9,abstinent,7,apstin@
11,abstraction,10,apstRaksj§
9,abstraire,7,apstRER
8,abstrait,6,apstRE
13,abstraitement,10,apstREt°m@
7,abstrus,6,apstRy
7,absurde,6,apsyRd
11,absurdement,9,apsyRd°m@
9,absurdité,9,apsyRdite
4,abus,3,aby
6,abuser,5,abyze
7,abuseur,6,abyz9R
6,abusif,6,abyzif
11,abusivement,9,abyziv°m@
5,abusé,5,abyze
5,abyme,4,abim
7,abyssal,6,abisal
6,abysse,4,abis
7,abyssin,5,abis5
10,abyssinien,8,abisinj5
9,abâtardir,9,abataRdiR
10,abécédaire,8,abesedER
5,abêti,5,abeti
6,abêtir,6,abetiR
12,abêtissement,9,abetis°m@
5,abîme,4,abim
6,abîmer,5,abime
6,acabit,5,akabi
6,acacia,6,akasja
7,acadien,6,akadj5
9,acadienne,7,akadjEn
11,académicien,10,akademisj5
8,académie,7,akademi
10,académique,8,akademik
14,académiquement,11,akademik°m@
10,académisme,9,akademizm
10,acagnarder,8,akaNaRde
6,acajou,5,akaZu
7,acanthe,4,ak@t
9,acariâtre,8,akaRjatR
9,accablant,6,akabl@
11,accablement,8,akabl°m@
8,accabler,6,akable
7,accablé,6,akable
8,accalmie,6,akalmi
10,accaparant,7,akapaR@
9,accaparer,7,akapaRe
10,accapareur,8,akapaR9R
12,accastillage,9,akastijaZ
11,accelerando,11,akseleRando
6,accent,4,aks@
9,accenteur,7,aks@t9R
12,accentuation,10,aks@t8asj§
9,accentuer,7,aks@t8e
8,accentué,7,aks@t8e
10,acceptable,9,aksEptabl
9,acceptant,7,aksEpt@
11,acceptation,10,aksEptasj§
8,accepter,7,aksEpte
9,acception,8,aksEpsj§
13,accessibilité,12,aksEsibilite
10,accessible,8,aksesibl
9,accession,7,aksEsj§
8,accessit,7,aksesit
10,accessoire,8,akseswaR
14,accessoirement,11,akseswaR°m@
13,accessoiriser,11,aksEswaRize
13,accessoiriste,11,akseswaRist
8,accident,6,aksid@
10,accidentel,9,aksid@tEl
16,accidentellement,12,aksid@tEl°m@
10,accidenter,8,aksid@te
9,accidenté,8,aksid@te
11,acclamation,9,aklamasj§
8,acclamer,6,aklame
13,acclimatation,11,aklimatasj§
13,acclimatement,10,aklimat°m@
10,acclimater,8,aklimate
11,accointance,7,akw5t@s
8,accolade,6,akolad
10,accolement,7,akOl°m@
7,accoler,5,akole
11,accommodant,7,akomod@
13,accommodation,10,akomodasj§
13,accommodement,9,akomOd°m@
10,accommoder,7,akomode
12,accompagnant,7,ak§paN@
14,accompagnateur,10,ak§paNat9R
14,accompagnement,9,ak§paN°m@
11,accompagner,7,ak§paNe
10,accompagné,7,ak§paNe
8,accompli,6,ak§pli
9,accomplir,7,ak§pliR
15,accomplissement,10,ak§plis°m@
6,accord,4,akOR
12,accordailles,7,akORdaj
11,accordement,8,akORd°m@
8,accorder,6,akORde
9,accordeur,7,akORd9R
7,accordo,6,akORdo
7,accordé,6,akORde
9,accordéon,7,akORde§
13,accordéoniste,11,akORdeonist
6,accore,4,akOR
6,accort,4,akOR
9,accostage,7,akOstaZ
9,accostant,6,akOst@
8,accoster,6,akOste
10,accotement,7,akOt°m@
7,accoter,5,akote
10,accouchant,5,akuS@
12,accouchement,7,akuS°m@
9,accoucher,5,akuSe
10,accoucheur,6,akuS9R
9,accouchée,5,akuSe
8,accouder,5,akude
9,accoudoir,7,akudwaR
7,accoudé,5,akude
12,accouplement,8,akupl°m@
9,accoupler,6,akuple
8,accourir,6,akuRiR
12,accoutrement,8,akutR°m@
8,accoutré,6,akutRe
12,accoutumance,8,akutym@s
10,accoutumer,7,akutyme
9,accoutumé,7,akutyme
5,accro,4,akRo
6,accroc,4,akRo
10,accrochage,7,akRoSaZ
10,accrochant,6,akRoS@
8,accroche,5,akROS
14,accroche-coeur,8,akROSk9R
9,accrocher,6,akRoSe
10,accrocheur,7,akRoS9R
8,accroché,6,akRoSe
8,accroire,6,akRwaR
13,accroissement,9,akRwas°m@
8,accroupi,6,akRupi
9,accroupir,7,akRupiR
15,accroupissement,10,akRupis°m@
9,accroître,7,akRwatR
5,accru,4,akRy
6,accrue,4,akRy
13,accréditation,11,akReditasj§
10,accréditer,8,akRedite
10,accréditif,9,akReditif
9,accrédité,8,akRedite
9,accrétion,7,akResj§
4,accu,3,aky
7,accueil,4,ak9j
11,accueillant,5,ak9j@
10,accueillir,6,ak9jiR
7,acculer,5,akyle
13,acculturation,11,akyltyRasj§
6,acculé,5,akyle
12,accumulateur,10,akymylat9R
12,accumulation,10,akymylasj§
9,accumuler,7,akymyle
10,accusateur,8,akyzat9R
9,accusatif,8,akyzatif
10,accusation,8,akyzasj§
11,accusatoire,9,akyzatwaR
7,accuser,5,akyze
6,accusé,5,akyze
5,accès,4,aksE
7,accéder,6,aksede
10,accélérant,8,akseleR@
12,accélérateur,11,akseleRat9R
12,accélération,11,akseleRasj§
9,accélérer,8,akseleRe
8,accéléré,8,akseleRe
3,ace,3,Ejs
11,acellulaire,8,aselylER
6,acerbe,5,asERb
8,acerbité,8,asERbite
10,acetabulum,10,asetabylOm
11,achalandage,8,aSal@daZ
9,achalandé,7,aSal@de
7,achaler,5,aSale
7,achards,4,aSaR
11,acharnement,8,aSaRn°m@
8,acharner,6,aSaRne
7,acharné,6,aSaRne
5,achat,3,aSa
4,ache,2,aS
12,acheminement,9,aS°min°m@
9,acheminer,7,aS°mine
9,achetable,7,aS°tabl
7,acheter,5,aS°te
8,acheteur,6,aS°t9R
7,achever,5,aS°ve
6,achevé,5,aS°ve
8,achillée,5,akile
14,achondroplasie,11,ak§dRoplazi
11,achoppement,7,aSOp°m@
8,achopper,5,aSOpe
10,achèvement,7,aSEv°m@
8,achélème,6,akelEm
9,acid jazz,8,asiddZaz
5,acide,4,asid
7,acidité,7,asidite
11,acidocétose,10,asidosetoz
7,acidose,6,asidoz
7,acidulé,7,asidyle
5,acier,4,asje
7,aciérie,6,asjeRi
4,acmé,4,akme
4,acné,4,akne
7,acolyte,6,akolit
7,acompte,4,ak§t
6,aconit,6,akonit
9,acoquiner,7,akokine
9,acouphène,6,akufEn
10,acoustique,7,akustik
13,acqua-toffana,10,akwatofana
13,acquiescement,8,akjEs°m@
10,acquiescer,6,akjese
6,acquis,3,aki
11,acquisition,8,akizisj§
6,acquit,3,aki
12,acquittement,7,akit°m@
9,acquitter,5,akite
8,acquitté,5,akite
9,acquéreur,6,akeR9R
8,acquérir,6,akeRiR
6,acquêt,3,akE
4,acra,4,akRa
4,acre,3,akR
9,acrimonie,8,akRimoni
16,acrimonieusement,13,akRimonj2z°m@
11,acrimonieux,9,akRimonj2
8,acrobate,7,akRobat
9,acrobatie,8,akRobasi
11,acrobatique,9,akRobatik
15,acrobatiquement,12,akRobatik°m@
11,acrocéphale,9,akRosefal
8,acromion,7,akRomj§
8,acronyme,7,akRonim
10,acrophobie,8,akRofobi
8,acropole,7,akRopOl
10,acrostiche,8,akROstiS
8,acrotère,7,akRotER
9,acrylique,7,akRilik
13,acrylonitrile,12,akRilonitRil
4,acré,4,akRe
4,acte,3,akt
6,acteur,5,akt9R
5,actif,5,aktif
6,actine,5,aktin
6,action,5,aksj§
15,action painting,13,akSj9npEjntiG
11,actionnaire,8,aksjonER
12,actionnariat,10,aksjOnaRja
12,actionnement,9,aksjOn°m@
9,actionner,7,aksjone
10,actionneur,8,aksjOn9R
8,activant,6,aktiv@
10,activateur,9,aktivat9R
10,activation,9,aktivasj§
10,activement,8,aktiv°m@
7,activer,6,aktive
9,activisme,8,aktivizm
9,activiste,8,aktivist
8,activité,8,aktivite
6,activé,6,aktive
8,actuaire,6,akt8ER
13,actualisation,12,akt8alizasj§
10,actualiser,9,akt8alize
9,actualité,9,akt8alite
9,actuariel,9,aktyaRjEl
9,actuation,8,akt8asj§
6,actuel,6,akt8El
12,actuellement,9,akt8El°m@
6,acuité,6,ak8ite
6,acumen,6,akymEn
11,acuponcteur,9,akyp§kt9R
11,acuponcture,9,akyp§ktyR
11,acupuncteur,9,akyp§kt9R
11,acupuncture,9,akyp§ktyR
8,acéphale,6,asefal
5,acéré,5,aseRe
7,acétate,6,asetat
8,acétique,6,asetik
7,acétone,6,asetOn
13,acétylcholine,11,asetilkolin
17,acétylsalicylique,15,asetilsalisilik
9,acétylène,8,asetilEn
6,ad hoc,4,adOk
12,ad infinitum,10,ad5finitOm
10,ad libitum,9,adlibitOm
9,ad limina,8,adlimina
22,ad majorem dei gloriam,19,admaZoREmdeigloRjam
8,ad nutum,7,adnutOm
9,ad patres,8,adpatREs
17,ad vitam aeternam,14,advitametERnam
3,ada,3,ada
5,adage,4,adaZ
6,adagio,7,adadZjo
9,adamantin,7,adam@t5
8,adamique,6,adamik
12,adaptabilité,12,adaptabilite
9,adaptable,8,adaptabl
10,adaptateur,9,adaptat9R
9,adaptatif,9,adaptatif
10,adaptation,9,adaptasj§
7,adapter,6,adapte
7,addenda,5,ad5da
8,addendum,6,ad5dOm
9,addiction,7,adiksj§
7,additif,6,aditif
8,addition,6,adisj§
11,additionnel,9,adisjonEl
11,additionner,8,adisjone
9,adducteur,7,adykt9R
9,adduction,7,adyksj§
5,adent,3,ad@
6,adepte,5,adEpt
9,adhérence,6,adeR@s
8,adhérent,5,adeR@
7,adhérer,5,adeRe
7,adhésif,6,adezif
8,adhésion,6,adezj§
5,adieu,4,adj2
7,adipeux,5,adip2
8,adipique,6,adipik
9,adiposité,9,adipozite
4,adja,4,adZa
8,adjacent,6,adZas@
8,adjectif,8,adZEktif
9,adjoindre,7,adZw5dR
7,adjoint,5,adZw5
10,adjonction,8,adZ§ksj§
8,adjudant,6,adZyd@
13,adjudant-chef,9,adZyd@SEf
14,adjudant-major,11,adZyd@maZOR
12,adjudication,11,adZydikasj§
7,adjuger,6,adZyZe
8,adjupète,7,adZypEt
10,adjuration,9,adZyRasj§
7,adjurer,6,adZyRe
9,adjutrice,8,adZytRis
8,admettre,6,admEtR
12,administrant,10,administR@
14,administrateur,13,administRat9R
13,administratif,13,administRatif
14,administration,13,administRasj§
18,administrativement,16,administRativ°m@
11,administrer,10,administRe
10,administré,10,administRe
9,admirable,8,admiRabl
13,admirablement,11,admiRabl°m@
10,admirateur,9,admiRat9R
9,admiratif,9,admiRatif
10,admiration,9,admiRasj§
14,admirativement,12,admiRativ°m@
7,admirer,6,admiRe
5,admis,4,admi
13,admissibilité,12,admisibilite
10,admissible,8,admisibl
9,admission,7,admisj§
9,admixtion,8,admiksj§
13,admonestation,12,admonEstasj§
10,admonester,9,admonEste
10,admonition,9,admonisj§
3,ado,3,ado
5,adobe,4,adOb
11,adolescence,8,adoles@s
10,adolescent,7,adoles@
4,adon,3,ad§
5,adonc,4,ad§k
9,adoncques,4,ad§k
7,adonies,5,adoni
6,adonis,6,adonis
7,adonner,5,adone
9,adoptable,8,adOptabl
8,adoptant,6,adOpt@
7,adopter,6,adOpte
7,adoptif,7,adOptif
8,adoption,7,adOpsj§
6,adopté,6,adOpte
8,adorable,7,adoRabl
12,adorablement,10,adoRabl°m@
7,adorant,5,adoR@
9,adorateur,8,adoRat9R
9,adoration,8,adoRasj§
6,adorer,5,adoRe
4,ados,3,ado
7,adosser,5,adose
6,adossé,5,adose
10,adoubement,7,adub°m@
7,adouber,5,adube
6,adouci,5,adusi
7,adoucir,6,adusiR
11,adoucissant,7,adusis@
13,adoucissement,9,adusis°m@
11,adoucisseur,8,adusis9R
3,adp,5,adepe
9,adressage,7,adResaZ
7,adresse,5,adREs
8,adresser,6,adRese
5,adret,4,adRE
10,adriatique,9,adRijatik
6,adroit,5,adRwa
11,adroitement,9,adRwat°m@
10,adrénaline,9,adRenalin
9,adulateur,8,adylat9R
9,adulation,8,adylasj§
6,aduler,5,adyle
7,adultat,6,adylta
6,adulte,5,adylt
8,adultère,7,adyltER
12,adultération,11,adylteRasj§
9,adultérin,8,adylteR5
7,advenir,7,adv°niR
10,adventiste,8,adv@tist
7,adverbe,6,advERb
10,adversaire,8,advERsER
7,adverse,6,advERs
9,adversité,9,advERsite
7,adénine,6,adenin
14,adénocarcinome,13,adenokaRsinom
7,adénome,6,adenom
11,adénopathie,9,adenopati
9,adénosine,8,adenozin
10,adénovirus,10,adenoviRys
7,adéquat,6,adekwa
12,adéquatement,10,adekwat°m@
10,adéquation,9,adekwasj§
10,affabilité,9,afabilite
7,affable,5,afabl
11,affablement,8,afabl°m@
12,affabulation,10,afabylasj§
9,affabuler,7,afabyle
11,affacturage,9,afaktyRaZ
7,affadir,6,afadiR
13,affadissement,9,afadis°m@
8,affaibli,6,afEbli
9,affaiblir,7,afebliR
13,affaiblissant,8,afeblis@
15,affaiblissement,10,afeblis°m@
7,affaire,4,afER
11,affairement,7,afER°m@
8,affairer,5,afERe
10,affairisme,7,afERizm
10,affairiste,7,afeRist
7,affairé,5,afeRe
12,affaissement,7,afEs°m@
9,affaisser,5,afese
10,affalement,7,afal°m@
7,affaler,5,afale
7,affamer,5,afame
6,affamé,5,afame
6,affect,5,afEkt
11,affectation,9,afEktasj§
8,affecter,6,afEkte
8,affectif,7,afEktif
9,affection,7,afEksj§
12,affectionner,9,afEksjone
11,affectionné,9,afEksjone
13,affectivement,10,afEktiv°m@
11,affectivité,10,afEktivite
15,affectueusement,11,afEkt82z°m@
10,affectueux,7,afEkt82
7,affecté,6,afEkte
8,affermir,7,afERmiR
14,affermissement,10,afERmis°m@
9,affichage,6,afiSaZ
9,affichant,5,afiS@
7,affiche,4,afiS
8,afficher,5,afiSe
10,affichette,6,afiSEt
9,afficheur,6,afiS9R
10,affichiste,7,afiSist
9,affidavit,7,afidavi
6,affidé,5,afide
7,affiler,5,afile
11,affiliation,9,afiljasj§
8,affilier,6,afilje
7,affilié,6,afilje
6,affilé,5,afile
5,affin,3,af5
8,affinage,6,afinaZ
10,affinement,7,afin°m@
7,affiner,5,afine
8,affinité,7,afinite
6,affiné,5,afine
10,affirmatif,9,afiRmatif
11,affirmation,9,afiRmasj§
11,affirmative,9,afiRmativ
15,affirmativement,12,afiRmativ°m@
8,affirmer,6,afiRme
6,affixé,6,afikse
10,affleurant,6,afl9R@
12,affleurement,8,afl9R°m@
9,affleurer,6,afl9Re
10,affliction,8,afliksj§
10,affligeant,6,afliZ@
8,affliger,6,afliZe
7,affligé,6,afliZe
9,affluence,6,afly@s
8,affluent,5,afly@
7,affluer,5,aflye
6,afflux,4,afly
8,affolant,5,afol@
10,affolement,7,afOl°m@
7,affoler,5,afole
6,affolé,5,afole
8,affouage,5,afwaZ
13,affouillement,7,afuj°m@
9,affranchi,6,afR@Si
10,affranchir,7,afR@SiR
16,affranchissement,9,afR@Sism@
12,affreusement,8,afR2z°m@
7,affreux,4,afR2
10,affriander,8,afRij@de
10,affriolant,8,afRijol@
9,affrioler,8,afRijole
7,affront,4,afR§
12,affrontement,8,afR§t°m@
9,affronter,6,afR§te
11,affrètement,8,afREt°m@
8,affréter,6,afRete
9,affréteur,7,afRet9R
11,affublement,8,afybl°m@
8,affubler,6,afyble
7,affublé,6,afyble
7,affurer,5,afyRe
8,afférent,5,afeR@
9,afféterie,7,afet°Ri
5,affût,3,afy
8,affûtage,6,afytaZ
7,affûter,5,afyte
8,affûteur,6,afyt9R
6,afghan,4,afg@
10,aficionado,10,afisjonado
4,afin,3,af5
6,afin d,4,af5d
7,afin de,5,af5d°
7,afin qu,6,af5k8y
8,afin que,4,af5k
8,africain,6,afRik5
11,africanisme,10,afRikanism
9,afrikaans,7,afRik@s
9,afrikaner,9,afRikan9R
4,afro,4,afRo
14,afro-américain,11,afRoameRik5
14,afro-asiatique,11,afRoazjatik
11,afro-cubain,8,afRokyb5
11,after-shave,8,aft9RSav
3,aga,3,aga
5,agace,4,agas
9,agacement,7,agas°m@
6,agacer,5,agase
8,agacerie,7,agas°Ri
7,agaceur,6,agas9R
5,agami,5,agami
9,agapanthe,6,agap@t
5,agape,4,agap
9,agar-agar,8,agaRagaR
5,agate,4,agat
6,agathe,4,agat
5,agave,4,agav
7,agaçant,5,agas@
3,age,2,aZ
6,agence,4,aZ@s
10,agencement,7,aZ@s°m@
7,agencer,5,aZ@se
6,agenda,5,aZ5da
14,agenouillement,8,aZnuj°m@
11,agenouiller,7,aZ°nuje
10,agenouillé,7,aZ°nuje
5,agent,3,aZ@
13,aggiornamento,12,aZjORnamEnto
5,agglo,4,aglo
10,agglomérat,8,aglomeRa
13,agglomération,11,aglomeRasj§
10,agglomérer,8,aglomeRe
9,aggloméré,8,aglomeRe
12,agglutinatif,11,aglytinatif
13,agglutination,11,aglytinasj§
13,agglutinement,10,aglytin°m@
10,agglutiner,8,aglytine
13,agglutinogène,11,aglytinoZEn
11,aggravation,9,agRavasj§
7,aggrave,5,agRav
8,aggraver,6,agRave
8,aggravée,6,agRave
5,agile,4,aZil
7,agilité,7,aZilite
8,agioteur,7,aZjot9R
4,agir,4,aZiR
8,agissant,5,aZis@
10,agissement,7,aZis°m@
9,agit-prop,8,aZitpROp
7,agitant,5,aZit@
9,agitateur,8,aZitat9R
9,agitation,8,aZitasj§
7,agitato,7,aZitato
6,agiter,5,aZite
5,agité,5,aZite
7,aglagla,7,aglagla
5,agnat,3,aNa
6,agneau,3,aNo
8,agnelage,6,aN2laZ
7,agnelet,5,aN2lE
8,agneline,6,aN2lin
7,agnosie,6,agnozi
10,agnostique,8,agnostik
9,agnus dei,8,agnusdei
9,agnus-dei,8,agnusdei
6,agonie,5,agoni
8,agonique,6,agonik
6,agonir,6,agoniR
9,agonisant,7,agoniz@
8,agoniser,7,agonize
8,agoniste,7,agonist
5,agora,5,agoRa
10,agoraphobe,8,agoRafOb
11,agoraphobie,9,agoRafobi
6,agouti,5,aguti
7,agoyate,6,agojat
8,agrafage,7,agRafaZ
6,agrafe,5,agRaf
7,agrafer,6,agRafe
8,agrafeur,7,agRaf9R
9,agrafeuse,7,agRaf2z
9,agrainage,7,agREnaZ
7,agraire,5,agRER
8,agrandir,7,agR@diR
14,agrandissement,10,agR@dis°m@
12,agrandisseur,9,agR@dis9R
14,agranulocytose,13,agRanylositoz
8,agrarien,7,agRaRj5
8,agresser,6,agRese
9,agresseur,7,agREs9R
8,agressif,7,agREsif
9,agression,7,agREsj§
13,agressivement,10,agResiv°m@
11,agressivité,10,agResivite
7,agreste,6,agREst
8,agricole,7,agRikOl
11,agriculteur,10,agRikylt9R
11,agriculture,10,agRikyltyR
9,agrippant,6,agRip@
11,agrippement,8,agRip°m@
8,agripper,6,agRipe
4,agro,4,agRo
16,agro-alimentaire,12,agRoalim@tER
15,agroalimentaire,12,agRoalim@tER
8,agronome,7,agRonom
9,agronomie,8,agRonomi
11,agronomique,9,agRonomik
6,agrume,5,agRym
5,agrès,4,agRE
8,agréable,7,agReabl
12,agréablement,10,agReabl°m@
6,agréer,5,agRee
5,agrég,5,agReg
7,agrégat,6,agRega
9,agrégatif,9,agRegatif
10,agrégation,9,agRegasj§
10,agrégative,9,agRegativ
7,agréger,6,agReZe
6,agrégé,6,agReZe
8,agrément,6,agRem@
10,agrémenter,8,agRem@te
9,agrémenté,8,agRem@te
5,agréé,5,agRee
11,aguardiente,11,agwaRdjEnte
7,aguerri,5,agERi
8,aguerrir,6,ageRiR
9,aguichage,6,agiSaZ
9,aguichant,5,agiS@
7,aguiche,4,agiS
8,aguicher,5,agiSe
9,aguicheur,6,agiS9R
2,ah,1,a
4,ahan,2,a@
7,ahanant,4,aan@
9,ahanement,6,aan°m@
6,ahaner,4,aane
3,ahi,2,ai
4,ahou,2,au
5,ahuri,4,ayRi
6,ahurir,5,ayRiR
10,ahurissant,6,ayRis@
12,ahurissement,8,ayRis°m@
6,aicher,3,ESe
4,aide,2,Ed
13,aide-bourreau,6,EdbuRo
14,aide-comptable,8,Edk§tabl
14,aide-cuisinier,10,Edk8izinje
14,aide-infirmier,9,Ed5fiRmje
14,aide-jardinier,10,EdZaRdinje
10,aide-major,7,EdmaZOR
12,aide-mémoire,8,EdmemwaR
13,aide-ménagère,9,EdmenaZER
15,aide-pharmacien,10,EdfaRmasj5
13,aide-soignant,7,EdswaN@
5,aider,3,ede
5,aigle,3,Egl
8,aiglefin,6,Egl°f5
6,aiglon,4,Egl§
5,aigre,3,EgR
10,aigre-doux,6,EgR°du
8,aigrelet,6,EgR°lE
9,aigrement,6,EgR°m@
8,aigrette,5,EgREt
7,aigreur,5,EgR9R
5,aigri,4,egRi
6,aigrir,5,egRiR
4,aigu,3,egy
7,aiguade,4,Egad
7,aiguail,4,Egaj
12,aigue-marine,7,EgmaRin
10,aiguillage,7,eg8ijaZ
9,aiguillat,6,eg8ija
8,aiguille,5,eg8ij
9,aiguiller,6,eg8ije
10,aiguilleur,7,eg8ij9R
9,aiguillon,6,eg8ij§
12,aiguillonner,8,eg8ijone
9,aiguillée,6,eg8ije
8,aiguiser,5,egize
9,aiguiseur,6,egiz9R
9,aiguisoir,7,egizwaR
7,aiguisé,5,egize
8,aiguière,5,EgjER
3,ail,2,aj
4,aile,2,El
7,aileron,5,El°R§
7,ailette,4,ElEt
6,ailier,4,elje
6,ailler,3,aje
8,ailleurs,4,aj9R
4,ailé,3,ele
7,aimable,5,Emabl
11,aimablement,8,Emabl°m@
6,aimant,3,Em@
11,aimantation,8,Em@tasj§
8,aimanter,5,Em@te
5,aimer,3,eme
4,aimé,3,eme
4,aine,2,En
4,ains,2,5s
5,ainsi,3,5si
3,air,2,ER
7,air bag,5,ERbag
7,air-air,4,ERER
7,air-mer,5,ERmER
7,air-sol,5,ERsOl
6,airain,3,ER5
6,airbag,5,ERbag
6,airbus,5,ERbys
4,aire,2,ER
8,airedale,5,ERdEl
7,airelle,4,EREl
3,ais,1,e
7,aisance,4,Ez@s
4,aise,2,Ez
7,aisseau,3,Eso
8,aisselle,4,EsEl
4,aisé,3,eze
8,aisément,5,ezem@
6,aixois,5,Ekswa
10,ajaccienne,8,aZaksjEn
4,ajax,5,aZaks
8,ajointer,6,aZw5te
5,ajonc,3,aZ§
11,ajournement,8,aZuRn°m@
8,ajourner,6,aZuRne
7,ajourné,6,aZuRne
6,ajouré,5,aZuRe
5,ajout,3,aZu
6,ajoute,4,aZut
7,ajouter,5,aZute
6,ajouté,5,aZute
9,ajustable,8,aZystabl
8,ajustage,7,aZystaZ
10,ajustement,8,aZyst°m@
7,ajuster,6,aZyste
8,ajusteur,7,aZyst9R
8,ajusture,7,aZystyR
6,ajusté,6,aZyste
7,ajutage,6,aZytaZ
8,akkadien,6,akadj5
10,akkadienne,7,akadjEn
3,ako,3,ako
7,akvavit,7,akvavit
8,al dente,7,aldEnte
8,alacrité,8,alakRite
5,alain,3,al5
6,alaire,4,alER
6,alaise,4,alEz
7,alambic,6,al@bik
7,alangui,5,al@gi
8,alanguir,6,al@giR
14,alanguissement,9,al@gis°m@
8,alarmant,6,alaRm@
6,alarme,5,alaRm
7,alarmer,6,alaRme
9,alarmisme,8,alaRmizm
9,alarmiste,8,alaRmist
4,alba,4,alba
8,albacore,7,albakOR
8,albanais,6,albanE
11,albanophone,9,albanofOn
8,albatros,8,albatRos
4,albe,3,alb
9,albertine,8,albERtin
9,albigeois,7,albiZwa
9,albinisme,8,albinism
7,albinos,7,albinos
7,alboche,5,albOS
6,albugo,6,albygo
5,album,5,albOm
8,albumine,7,albymin
7,albâtre,6,albatR
6,albène,5,albEn
6,alcade,5,alkad
7,alcalde,6,alkald
6,alcali,6,alkali
7,alcalin,6,alkal5
11,alcaliniser,10,alkalinize
10,alcalinité,10,alkalinite
8,alcalose,7,alkaloz
9,alcaloïde,8,alkaloid
8,alcatraz,8,alkatRaz
7,alcazar,7,alkazaR
8,alchimie,6,alSimi
10,alchimique,7,alSimik
10,alchimiste,8,alSimist
9,alcibiade,8,alsibjad
6,alcool,5,alkOl
10,alcoolique,7,alkolik
10,alcoolisme,8,alkolizm
9,alcoolisé,8,alkolize
7,alcoolo,6,alkolo
10,alcoolémie,8,alkolemi
10,alcoomètre,8,alkomEtR
9,alcootest,8,alkotEst
7,alcoran,6,alkoR@
6,alcyon,5,alsj§
6,alcôve,5,alkov
4,alde,3,ald
8,alderman,8,aldERman
5,aldol,5,aldOl
8,aldéhyde,6,aldeid
3,ale,2,al
14,alea jacta est,12,aleaZaktaEst
8,alentour,6,al@tuR
11,alençonnais,7,al@sonE
5,aleph,4,alEf
6,alerte,5,alERt
10,alertement,8,alERt°m@
7,alerter,6,alERte
6,alerté,6,alERte
6,alevin,5,al°v5
9,alexandra,9,alEks@dRa
10,alexandrin,9,alEks@dR5
6,alexie,6,alEksi
11,alexithymie,10,alEksitimi
6,alezan,5,al°z@
4,alfa,4,alfa
8,algarade,7,algaRad
5,algie,4,alZi
9,algonquin,6,alg§k5
10,algorithme,8,algoRitm
13,algorithmique,10,algoRitmik
5,algue,3,alg
7,algèbre,6,alZEbR
10,algébrique,8,alZebRik
14,algébriquement,11,alZebRik°m@
10,algébriste,9,alZebRist
8,algérien,7,alZeRj5
8,algérois,7,alZeRwa
8,alhambra,6,al@bRa
5,alias,5,aljas
5,alibi,5,alibi
7,alidade,6,alidad
10,alignement,7,aliN°m@
7,aligner,5,aliNe
6,aligné,5,aliNe
6,aligot,5,aligo
7,aligoté,7,aligote
4,alim,4,alim
7,aliment,5,alim@
11,alimentaire,8,alim@tER
12,alimentation,10,alim@tasj§
9,alimenter,7,alim@te
6,alinéa,6,alinea
5,alise,4,aliz
7,alisier,6,alizje
9,alitement,7,alit°m@
6,aliter,5,alite
5,alizé,5,alize
8,aliénant,6,aljen@
10,aliénation,9,aljenasj§
7,aliéner,6,aljene
9,aliéniste,8,aljenist
6,aliéné,6,aljene
6,alkali,6,alkali
9,all right,6,alRajt
9,allaitant,5,alEt@
11,allaitement,7,alEt°m@
8,allaiter,5,alete
6,allant,3,al@
10,allegretto,8,alEgREto
7,allegro,6,alEgRo
9,allemagne,6,al°maN
8,allemand,5,al°m@
5,aller,3,ale
12,aller-retour,8,aleR°tuR
8,allergie,6,alERZi
10,allergique,7,alERZik
12,allergologie,10,alERgOlOZi
12,allergologue,9,alERgolOg
9,allergène,7,alERZEn
7,alliacé,6,aljase
7,alliage,5,aljaZ
8,alliance,5,alj@s
6,allier,4,alje
9,alligator,8,aligatOR
11,allitératif,10,aliteRatif
12,allitération,10,aliteRasj§
6,allium,5,aljOm
5,allié,4,alje
4,allo,3,alo
12,allobarbital,11,alobaRbital
5,alloc,4,alOk
10,allocation,8,alokasj§
11,allocations,8,alokasj§
10,allochtone,7,alOktOn
10,allocution,8,alokysj§
10,allogreffe,7,alOgREf
7,allonge,4,al§Z
11,allongement,7,al§Z°m@
8,allonger,5,al§Ze
7,allongé,5,al§Ze
10,allopathie,7,alopati
12,allostérique,9,alOsteRik
7,allouer,4,alwe
8,allumage,6,alymaZ
13,allume-cigare,9,alymsigaR
14,allume-cigares,9,alymsigaR
10,allume-feu,6,alymf2
10,allume-gaz,7,alymgaz
7,allumer,5,alyme
9,allumette,6,alymEt
8,allumeur,6,alym9R
8,allumoir,7,alymwaR
6,allumé,5,alyme
6,allure,4,alyR
6,alluré,5,alyRe
7,allusif,6,alyzif
8,allusion,6,alyzj§
12,allusivement,9,alyziv°m@
8,alluvion,6,alyvj§
10,allègement,7,alEZ°m@
7,allègre,5,alEgR
11,allègrement,8,alEgR°m@
6,allèle,4,alEl
9,alléchant,5,aleS@
8,allécher,5,aleSe
5,allée,3,ale
10,allégation,8,alegasj§
10,allégeance,6,aleZ@s
10,allégement,7,alEZ°m@
7,alléger,5,aleZe
9,allégorie,7,alegoRi
11,allégorique,8,alegoRik
15,allégoriquement,11,alegoRik°m@
11,allégrement,8,alEgR°m@
10,allégresse,7,alegREs
8,alléguer,5,alege
8,alléluia,7,aleluja
4,allô,3,alo
4,alma,4,alma
8,almanach,7,almanak
8,almohade,6,almoad
5,almée,4,alme
4,aloi,4,alwa
8,alopécie,7,alopesi
5,alors,4,alOR
5,alose,4,aloz
8,alouette,5,alwEt
8,alourdir,7,aluRdiR
14,alourdissement,10,aluRdis°m@
6,aloyau,6,alwajo
5,aloès,5,aloEs
6,alpaga,6,alpaga
6,alpage,5,alpaZ
8,alpaguer,6,alpage
4,alpe,3,alp
10,alpenstock,8,alp@stOk
8,alpestre,7,alpEstR
5,alpha,4,alfa
8,alphabet,6,alfabE
12,alphabétique,9,alfabetik
16,alphabétiquement,12,alfabetik°m@
15,alphabétisation,13,alfabetizasj§
12,alphabétiser,10,alfabetize
11,alphabétisé,10,alfabetize
14,alphanumérique,11,alfanymeRik
5,alpin,4,alp5
9,alpinisme,8,alpinizm
9,alpiniste,8,alpinist
8,alsacien,7,alzasj5
8,alstonia,8,alstonja
5,alter,5,altER
9,alter ego,8,altERego
11,altercation,10,altERkasj§
10,alternance,8,altERn@s
9,alternant,7,altERn@
11,alternateur,10,altERnat9R
10,alternatif,10,altERnatif
11,alternative,10,altERnativ
15,alternativement,13,altERnativ°m@
7,alterne,6,altERn
8,alterner,7,altERne
7,alterné,7,altERne
7,altesse,5,altEs
7,althaea,5,altea
6,altier,5,altje
9,altimètre,8,altimEtR
8,altitude,7,altityd
11,altièrement,9,altjER°m@
4,alto,4,alto
9,altruisme,8,altR8izm
9,altruiste,8,altR8ist
8,altuglas,8,altyglas
9,altérable,8,alteRabl
10,altération,9,alteRasj§
7,altérer,6,alteRe
8,altérité,8,alteRite
6,altéré,6,alteRe
3,alu,3,aly
7,aluette,5,al8Et
9,aluminium,9,alyminjOm
4,alun,3,al1
6,alunir,6,alyniR
10,alunissage,8,alynisaZ
5,alvar,5,alvaR
5,alvin,4,alv5
10,alvéolaire,8,alveOlER
7,alvéole,6,alveOl
7,alvéolé,7,alveole
6,alysse,4,alis
5,alène,4,alEn
5,alèse,4,alEz
5,alèze,4,alEz
4,aléa,4,alea
9,aléatoire,8,aleatwaR
13,aléatoirement,11,aleatwaR°m@
9,aléoutien,7,aleusj5
6,aléser,5,aleze
13,am stram gram,11,amstRamgRam
9,amabilité,9,amabilite
6,amadou,5,amadu
8,amadouer,6,amadwe
7,amaigri,6,amegRi
12,amaigrissant,8,amegRis@
14,amaigrissement,10,amegRis°m@
8,amalgame,7,amalgam
9,amalgamer,8,amalgame
4,aman,3,am@
6,amande,4,am@d
8,amandier,6,am@dje
8,amandine,6,am@din
7,amanite,6,amanit
5,amant,3,am@
6,amante,4,am@t
8,amarante,6,amaR@t
5,amaro,5,amaRo
8,amarrage,6,amaRaZ
6,amarre,4,amaR
7,amarrer,5,amaRe
9,amaryllis,8,amaRilis
4,amas,3,ama
7,amasser,5,amase
7,amateur,6,amat9R
11,amateurisme,9,amat9Rizm
8,amaurose,6,amoRoz
7,amazone,6,amazon
9,amazonien,8,amazonj5
7,ambages,4,@baZ
9,ambassade,6,@basad
11,ambassadeur,8,@basad9R
8,ambiance,5,@bj@s
7,ambiant,4,@bj@
10,ambidextre,9,@bidEkstR
6,ambigu,5,@bigy
9,ambiguïté,8,@big8ite
9,ambitieux,6,@bisj2
8,ambition,6,@bisj§
11,ambitionner,8,@bisjone
11,ambivalence,8,@bival@s
10,ambivalent,7,@bival@
5,amble,3,@bl
6,ambler,4,@ble
7,amboine,5,@bwan
5,ambon,3,@b§
5,ambre,3,@bR
6,ambrer,4,@bRe
9,ambroisie,7,@bRwazi
5,ambré,4,@bRe
9,ambulance,6,@byl@s
11,ambulancier,8,@byl@sje
8,ambulant,5,@byl@
11,ambulatoire,9,@bylatwaR
4,amen,4,amEn
6,amende,4,am@d
10,amendement,7,am@d°m@
7,amender,5,am@de
6,amener,5,am°ne
12,amenuisement,10,am2n8iz°m@
9,amenuiser,8,am2n8ize
6,amenée,5,am°ne
4,amer,4,amER
6,amerlo,6,amERlo
9,amerloque,7,amERlOk
7,amerrir,6,ameRiR
11,amerrissage,8,amERisaZ
8,amertume,7,amERtym
11,ameublement,8,am9bl°m@
7,ameuter,5,am2te
9,amharique,6,amaRik
3,ami,3,ami
7,amiable,6,amjabl
7,amiante,5,amj@t
5,amibe,4,amib
6,amical,6,amikal
7,amicale,6,amikal
11,amicalement,9,amikal°m@
6,amidon,5,amid§
9,amidonner,7,amidone
9,amignoter,7,amiNote
5,amigo,5,amigo
6,aminci,5,am5si
7,amincir,6,am5siR
11,amincissant,7,am5sis@
13,amincissement,9,am5sis°m@
5,amine,4,amin
13,aminophylline,10,aminofilin
5,aminé,5,amine
6,amiral,6,amiRal
8,amirauté,7,amiRote
5,amish,4,amiS
6,amitié,6,amitje
8,ammoniac,7,amonjak
10,ammoniaque,7,amonjak
10,ammoniaqué,8,amonjake
8,ammonite,6,amonit
11,ammonitrate,9,amOnitRat
8,ammonium,7,amonjOm
12,amniocentèse,10,amnjos5tEz
6,amnios,6,amnjos
10,amniotique,8,amnjotik
11,amnistiable,10,amnistjabl
8,amnistie,7,amnisti
9,amnistier,8,amnistje
8,amnistié,8,amnistje
7,amnésie,6,amnezi
9,amnésique,7,amnezik
7,amocher,5,amoSe
9,amoindrir,8,amw5dRiR
15,amoindrissement,11,amw5dRis°m@
4,amok,4,amOk
7,amollir,6,amoliR
11,amollissant,7,amolis@
13,amollissement,9,amolis°m@
9,amonceler,7,am§s°le
13,amoncellement,9,am§sEl°m@
5,amont,3,am§
11,amontillado,9,am§tijado
6,amoral,6,amoRal
10,amoraliste,9,amORalist
9,amoralité,9,amoRalite
6,amorce,5,amORs
7,amorcer,6,amORse
7,amoroso,7,amoRozo
7,amorphe,5,amORf
6,amorti,6,amORti
7,amortir,7,amORtiR
13,amortissement,10,amORtis°m@
11,amortisseur,9,amORtis9R
8,amorçage,7,amORsaZ
8,amorçoir,8,amORswaR
5,amour,4,amuR
10,amour-goût,6,amuRgu
13,amour-passion,9,amuRpasj§
12,amour-propre,9,amuRpROpR
10,amouracher,7,amuRaSe
7,amourer,5,amuRe
9,amourette,6,amuREt
13,amoureusement,9,amuR2z°m@
8,amoureux,5,amuR2
8,amovible,7,amovibl
5,amphi,3,@fi
8,amphibie,5,@fibi
9,amphibien,6,@fibj5
10,amphigouri,7,@figuRi
13,amphigourique,8,@figuRik
12,amphithéâtre,8,@fiteatR
10,amphitrite,7,@fitRit
10,amphitryon,7,@fitRi§
7,amphore,4,@fOR
11,amphétamine,8,@fetamin
5,ample,3,@pl
9,amplement,6,@pl°m@
7,ampleur,5,@pl9R
5,ampli,4,@pli
11,ampli-tuner,10,@plitjyn9R
13,amplificateur,11,@plifikat9R
13,amplification,11,@plifikasj§
9,amplifier,7,@plifje
9,amplitude,7,@plityd
7,ampoule,4,@pul
7,ampoulé,5,@pule
10,amputation,8,@pytasj§
7,amputer,5,@pyte
6,amputé,5,@pyte
6,ampère,4,@pER
11,ampèremètre,9,@pER°mEtR
10,ampélopsis,9,@pelOpsis
8,ampérage,6,@peRaZ
8,amulette,6,amylEt
5,amure,4,amyR
7,amusant,5,amyz@
12,amuse-bouche,7,amyzbuS
12,amuse-gueule,7,amyzg9l
9,amusement,7,amyz°m@
6,amuser,5,amyze
8,amusette,6,amyzEt
7,amuseur,6,amyz9R
8,amygdale,6,amidal
14,amygdalectomie,12,amidalEktomi
10,amygdalien,8,amidalj5
10,amygdalite,8,amidalit
7,amylase,6,amilaz
5,amyle,4,amil
8,amylique,6,amilik
13,amyotrophique,10,amjotRofik
5,amène,4,amEn
9,amèrement,7,amER°m@
3,amé,3,ame
11,améliorable,10,ameljoRabl
12,améliorateur,11,ameljoRat9R
12,amélioration,11,ameljoRasj§
9,améliorer,8,ameljoRe
8,amélioré,8,ameljoRe
11,aménagement,9,amenaZ°m@
8,aménager,7,amenaZe
7,aménité,7,amenite
10,aménorrhée,7,amenoRe
9,américain,7,ameRik5
15,américanisation,14,ameRikanizasj§
12,américaniser,11,ameRikanize
12,américanisme,11,ameRikanizm
11,américanité,11,ameRikanite
9,américano,9,ameRikano
21,américano-britannique,17,ameRikanobRitanik
15,américano-russe,12,ameRikanoRys
20,américano-soviétique,17,ameRikanOsOvjetik
14,américanophile,12,ameRikanofil
9,américium,9,ameRisjOm
10,amérindien,8,ameR5dj5
8,amérique,6,ameRik
9,améthyste,7,ametist
2,an,1,@
3,ana,3,ana
11,anabaptiste,9,anabatist
7,anabase,6,anabaz
11,anabolisant,9,anabOliz@
10,anachorète,8,anakoREt
12,anachronique,9,anakRonik
16,anachroniquement,12,anakRonik°m@
12,anachronisme,10,anakRonizm
10,anacoluthe,8,anakolyt
8,anaconda,7,anak§da
10,anadyomène,9,anadjomEn
9,anaglyphe,7,anaglif
9,anagramme,7,anagRam
4,anal,4,anal
9,analgésie,8,analZezi
11,analgésique,9,analZezik
8,analogie,7,analoZi
10,analogique,8,analoZik
8,analogue,6,analOg
11,analphabète,9,analfabEt
14,analphabétisme,12,analfabetizm
9,analysant,7,analiz@
7,analyse,6,analiz
8,analyser,7,analize
9,analyseur,8,analiz9R
8,analyste,7,analist
7,analysé,7,analize
10,analytique,8,analitik
14,analytiquement,11,analitik°m@
8,anamnèse,7,anamnEz
11,anamorphose,9,anamORfoz
6,ananas,5,anana
8,anaphase,6,anafaz
15,anaphoriquement,11,anafoRik°m@
14,anaphylactique,11,anafilaktik
11,anaphylaxie,10,anafilaksi
4,anar,4,anaR
8,anarchie,6,anaRSi
10,anarchique,7,anaRSik
14,anarchiquement,10,anaRSik°m@
11,anarchisant,8,anaRSiz@
10,anarchisme,8,anaRSizm
10,anarchiste,8,anaRSist
20,anarcho-syndicalisme,16,anaRkos5dikalizm
20,anarcho-syndicaliste,16,anaRkos5dikalist
4,anas,3,ana
10,anastomose,9,anastomoz
8,anathème,6,anatEm
8,anatomie,7,anatomi
10,anatomique,8,anatomik
14,anatomiquement,11,anatomik°m@
10,anatomiser,9,anatomize
10,anatomiste,9,anatomist
20,anatomophysiologique,17,anatomofizjoloZik
9,anaérobie,8,anaeRobi
9,ancestral,8,@sEstRal
14,ancestralement,11,@sEstRal°m@
12,ancestralité,11,@sEstRalite
19,anch'io son pittore,13,@kjosOnpitORe
5,anche,2,@S
9,anchilops,7,@kilOps
7,anchois,4,@Swa
9,anchoïade,7,@Swajad
6,ancien,4,@sj5
12,anciennement,8,@sjEn°m@
10,ancienneté,8,@sjEn°te
10,ancillaire,6,@silER
7,ancolie,5,@koli
7,ancrage,5,@kRaZ
5,ancre,3,@kR
6,ancrer,4,@kRe
5,ancré,4,@kRe
7,ancêtre,5,@sEtR
4,anda,3,@da
6,andain,3,@d5
7,andalou,5,@dalu
7,andante,4,@d@t
9,andouille,4,@duj
10,andouiller,5,@duje
12,andouillette,6,@dujEt
10,andrinople,8,@dRinOpl
9,androgyne,7,@dRoZin
10,androgynie,8,@dRoZini
12,androgynique,9,@dRoZinik
10,andropause,7,@dRopoz
8,androïde,6,@dRoid
8,anecdote,7,anEkdOt
10,anecdotier,9,anEkdotje
11,anecdotique,9,anEkdotik
15,anecdotiquement,12,anEkdOtik°m@
12,anesthésiant,9,anEstezj@
10,anesthésie,8,anEstezi
11,anesthésier,9,anEstezje
12,anesthésique,9,anEstezik
12,anesthésiste,10,anEstezist
5,aneth,4,anEt
13,anfractuosité,12,@fRakt8ozite
4,ange,2,@Z
7,angelot,5,@Z°lo
7,angevin,5,@Z°v5
6,angine,4,@Zin
12,angiocholite,9,@ZjokOlit
12,angiographie,9,@ZjOgRafi
7,angiome,5,@Zjom
12,angioplastie,10,@Zjoplasti
7,anglais,4,@glE
5,angle,3,@gl
6,angler,4,@gle
10,angleterre,7,@gl2tER
8,anglican,6,@glik@
8,angliche,5,@gliS
13,anglicisation,11,@glisizasj§
10,angliciser,8,@glisize
14,anglo-albanais,10,@gloalbanE
14,anglo-allemand,9,@gloal°m@
15,anglo-américain,11,@gloameRik5
11,anglo-arabe,8,@gloaRab
13,anglo-chinois,9,@gloSinwa
14,anglo-français,9,@glofR@sE
16,anglo-hellénique,10,@gloelenik
15,anglo-irlandais,10,@gloiRl@dE
13,anglo-normand,9,@glonORm@
11,anglo-russe,7,@gloRus
11,anglo-saxon,9,@glosaks§
16,anglo-soviétique,12,@glosovjetik
14,anglo-égyptien,11,@gloeZipsj5
15,anglo-éthiopien,11,@gloetjopj5
9,anglomane,7,@gloman
10,anglomanie,8,@glomani
10,anglophile,7,@glofil
10,anglophobe,7,@glofOb
11,anglophobie,8,@glofobi
10,anglophone,7,@glofOn
10,angoissant,6,@gwas@
8,angoisse,5,@gwas
9,angoisser,6,@gwase
8,angoissé,6,@gwase
8,angolais,5,@golE
5,angon,3,@g§
5,angor,4,@gOR
6,angora,5,@goRa
8,angström,7,@gStR2m
8,anguille,4,@gij
6,anguis,3,@gi
9,angulaire,6,@gylER
8,anguleux,5,@gyl2
10,angulosité,9,@gylozite
9,angustura,8,@gystyRa
7,angéite,5,@Zeit
9,angélique,6,@Zelik
13,angéliquement,9,@Zelik°m@
9,angélisme,7,@Zelizm
7,angélus,6,@Zelys
7,anhydre,5,anidR
9,anhydride,7,anidRid
9,anicroche,7,anikROS
7,aniline,6,anilin
6,animal,6,animal
10,animal-roi,9,animalRwa
10,animalcule,9,animalkyl
11,animalement,9,animal°m@
10,animalerie,9,animal°Ri
9,animalier,8,animalje
9,animalité,9,animalite
9,animateur,8,animat9R
9,animation,8,animasj§
7,animaux,5,animo
15,animaux-espions,10,animoEspj§
6,animer,5,anime
8,animique,6,animik
8,animisme,7,animizm
8,animiste,7,animist
9,animosité,9,animozite
6,animus,6,animys
5,animé,5,anime
9,anionique,7,anjOnik
4,anis,4,anis
8,anisette,6,anizEt
5,anisé,5,anize
4,ankh,2,@k
8,ankylose,6,@kiloz
9,ankyloser,7,@kiloze
8,ankylosé,7,@kiloze
7,annales,4,anal
8,annamite,6,anamit
6,anneau,3,ano
6,annelé,5,an°le
6,annexe,5,anEks
7,annexer,6,anEkse
8,annexion,7,anEksj§
10,annihilant,6,aniil@
12,annihilateur,9,aniilat9R
12,annihilation,9,aniilasj§
9,annihiler,6,aniile
5,anniv,4,aniv
12,anniversaire,9,anivERsER
7,annonce,4,an§s
8,annoncer,5,an§se
9,annonceur,6,an§s9R
12,annonciateur,9,an§sjat9R
12,annonciation,9,an§sjasj§
10,annotation,8,anotasj§
7,annoter,5,anote
8,annuaire,5,an8ER
6,annuel,5,an8El
12,annuellement,8,an8El°m@
9,annulaire,6,anylER
10,annulation,8,anylasj§
7,annuler,5,anyle
6,annulé,5,anyle
5,année,3,ane
13,année-lumière,9,anelymjER
6,anobli,6,anobli
7,anoblir,7,anobliR
13,anoblissement,10,anoblis°m@
5,anode,4,anOd
6,anodin,5,anod5
8,anodique,6,anOdik
8,anomalie,7,anomali
8,anomoure,6,anomuR
8,anonymat,7,anonima
7,anonyme,6,anonim
11,anonymement,9,anonim°m@
13,anonymographe,11,anonimogRaf
8,anophèle,6,anofEl
6,anorak,6,anoRak
8,anorexie,8,anoREksi
10,anorexique,9,anoREksik
7,anormal,7,anORmal
12,anormalement,10,anORmal°m@
10,anormalité,10,anORmalite
7,anosmie,6,anOsmi
9,anosmique,7,anOsmik
6,anoxie,6,anOksi
4,anse,2,@s
11,antagonique,8,@tagonik
11,antagonisme,9,@tagonizm
11,antagoniste,9,@tagonist
10,antalgique,7,@talZik
5,antan,3,@t@
11,antarctique,8,@taRktik
4,ante,2,@t
7,antenne,4,@tEn
10,anthologie,7,@toloZi
9,anthonome,6,@tOnOm
10,anthracine,7,@tRasin
10,anthracite,7,@tRasit
10,anthracose,7,@tRakoz
10,anthracène,7,@tRasEn
13,anthraquinone,9,@tRakinOn
7,anthrax,6,@tRaks
13,anthropologie,10,@tRopoloZi
15,anthropologique,11,@tRopoloZik
19,anthropologiquement,14,@tRopoloZik°m@
15,anthropologiste,12,@tRopoloZist
13,anthropologue,9,@tRopolOg
14,anthropomorphe,10,@tRopomORf
17,anthropomorphique,12,@tRopomORfik
17,anthropomorphiser,13,@tROpOmORfize
17,anthropomorphisme,13,@tRopomORfizm
14,anthropométrie,11,@tRopometRi
16,anthropométrique,12,@tRopometRik
13,anthropophage,9,@tRopofaZ
14,anthropophagie,10,@tRopofaZi
16,anthropopithèque,11,@tRopopitEk
11,anthropoïde,8,@tRopoid
7,anthume,4,@tym
4,anti,3,@ti
9,anti-acné,7,@tiakne
14,anti-agression,10,@tiagREsj§
13,anti-allergie,9,@tialERZi
15,anti-anatomique,11,@tianatomik
14,anti-apartheid,10,@tiapaRtEd
18,anti-aphrodisiaque,13,@tiafRodizjak
16,anti-asthmatique,10,@tiasmatik
13,anti-atomique,9,@tiatomik
15,anti-avortement,11,@tiavORt°m@
11,anti-aérien,8,@tiaeRj5
10,anti-beauf,6,@tibof
10,anti-bison,7,@tibiz§
13,anti-blindage,9,@tibl5daZ
12,anti-blouson,8,@tibluz§
10,anti-bombe,6,@tib§b
13,anti-braquage,9,@tibRakaZ
15,anti-brouillard,9,@tibRujaR
10,anti-bruit,7,@tibR8i
11,anti-cancer,8,@tik@sER
16,anti-capitaliste,13,@tikapitalist
14,anti-castriste,11,@tikastRist
14,anti-cellulite,10,@tisElylit
12,anti-chambre,7,@tiS@bR
9,anti-char,6,@tiSaR
9,anti-cité,7,@tisite
17,anti-civilisation,14,@tisivilizasj§
9,anti-club,7,@tikl9b
11,anti-colère,8,@tikolER
15,anti-communisme,11,@tikomynizm
15,anti-communiste,11,@tikomynist
16,anti-conformisme,12,@tik§fORmizm
16,anti-conformiste,12,@tik§fORmist
18,anti-conglutinatif,15,@tik§glytinatif
10,anti-corps,6,@tikOR
15,anti-corruption,11,@tikoRypsj§
10,anti-crash,7,@tikRaS
10,anti-crime,7,@tikRim
16,anti-criminalité,14,@tikRiminalite
14,anti-desperado,12,@tidEspeRado
9,anti-dieu,6,@tidj2
19,anti-discrimination,16,@tidiskRiminasj§
11,anti-dopage,8,@tidopaZ
12,anti-douleur,8,@tidul9R
11,anti-drague,7,@tidRag
15,anti-dramatique,11,@tidRamatik
11,anti-drogue,7,@tidROg
13,anti-débauche,8,@tideboS
17,anti-démocratique,13,@tidemokRatik
10,anti-démon,7,@tidem§
18,anti-establishment,15,@tiEstabliSmEnt
14,anti-existence,11,@tiEgzist@s
14,anti-explosion,12,@tiEksplozj§
13,anti-fasciste,9,@tifaSist
10,anti-femme,6,@tifam
13,anti-flingage,9,@tifl5gaZ
9,anti-flip,7,@tiflip
10,anti-frigo,8,@tifRigo
14,anti-fusionnel,11,@tifyzjonEl
14,anti-féministe,11,@tifeminist
6,anti-g,5,@tiZe
9,anti-gang,6,@tig@g
8,anti-gel,6,@tiZEl
10,anti-gerce,7,@tiZERs
17,anti-gouvernement,12,@tiguvERn°m@
13,anti-graffiti,10,@tigRafiti
12,anti-gravité,10,@tigRavite
9,anti-gros,6,@tigRo
17,anti-hypertenseur,12,@tiipERt@s9R
16,anti-immigration,12,@tiimigRasj§
17,anti-impérialiste,13,@ti5peRjalist
13,anti-incendie,8,@ti5s@di
12,anti-inertie,9,@tiinERsi
15,anti-infectieux,10,@ti5fEksj2
18,anti-inflammatoire,13,@ti5flamatwaR
12,anti-insecte,8,@ti5sEkt
13,anti-instinct,7,@ti5st5
20,anti-insurrectionnel,15,@ti5syREksjonEl
13,anti-intimité,10,@ti5timite
10,anti-japon,7,@tiZap§
11,anti-jeunes,6,@tiZ9n
10,anti-mafia,8,@timafja
11,anti-maison,7,@timEz§
17,anti-manipulation,14,@timanipylasj§
11,anti-manoir,9,@timanwaR
12,anti-mariage,9,@timaRjaZ
12,anti-matière,9,@timatjER
16,anti-militariste,13,@timilitaRist
9,anti-mite,6,@timit
10,anti-monde,6,@tim§d
14,anti-moustique,9,@timustik
17,anti-métaphysique,12,@timetafizik
11,anti-nausée,7,@tinoze
11,anti-navire,8,@tinaviR
14,anti-nucléaire,10,@tinykleER
10,anti-odeur,7,@tiod9R
12,anti-origine,9,@tioRiZin
12,anti-panache,8,@tipanaS
14,anti-particule,11,@tipaRtikyl
12,anti-pasteur,9,@tipast9R
13,anti-patriote,10,@tipatRiOt
16,anti-patriotique,12,@tipatRiotik
17,anti-pelliculaire,12,@tipElikylER
13,anti-piratage,10,@tipiRataZ
11,anti-pirate,8,@tipiRat
11,anti-poison,8,@tipwaz§
11,anti-poisse,7,@tipwas
14,anti-pollution,10,@tipolysj§
9,anti-poux,5,@tipu
16,anti-psychotique,11,@tipsikotik
8,anti-pub,6,@tipyb
11,anti-racket,8,@tiRakEt
9,anti-rapt,7,@tiRapt
10,anti-rejet,7,@tiR°ZE
13,anti-religion,10,@tiR°liZj§
10,anti-rhume,6,@tiRym
11,anti-romain,7,@tiRom5
15,anti-romantique,10,@tiRom@tik
12,anti-rouille,6,@tiRuj
10,anti-russe,6,@tiRys
9,anti-sida,7,@tisida
12,anti-sociaux,8,@tisosjo
12,anti-société,10,@tisosjete
15,anti-somnolence,11,@tisomnol@s
12,anti-souffle,7,@tisufl
15,anti-sous-marin,9,@tisumaR5
15,anti-soviétique,11,@tisovjetik
11,anti-stress,8,@tistREs
13,anti-syndical,10,@tis5dikal
10,anti-sèche,6,@tisES
11,anti-sémite,8,@tisemit
14,anti-sémitisme,11,@tisemitizm
10,anti-tabac,7,@titaba
9,anti-tank,6,@tit@k
15,anti-tapisserie,11,@titapis°Ri
10,anti-temps,5,@tit@
12,anti-tension,8,@tit@sj§
15,anti-terrorisme,11,@titeRoRizm
15,anti-terroriste,11,@titeRoRist
9,anti-toux,5,@titu
10,anti-truie,7,@titR8i
10,anti-venin,7,@tiv°n5
19,anti-vieillissement,12,@tivjEjis°m@
9,anti-viol,7,@tivjOl
13,anti-violence,9,@tivjol@s
10,anti-viral,8,@tiviRal
10,anti-virus,8,@tiviRys
8,anti-vol,6,@tivOl
8,anti-âge,5,@tiaZ
11,anti-émeute,7,@tiem2t
17,anti-émotionnelle,12,@tiemosjonEl
12,anti-évasion,9,@tievazj§
9,antiacide,7,@tiasid
14,antialcoolique,10,@tialkolik
13,antiaméricain,10,@tiameRik5
16,antiaméricanisme,14,@tiameRikanizm
12,antiatomique,9,@tiatomik
10,antiaérien,8,@tiaeRj5
13,antibactérien,11,@tibakteRj5
12,antibiotique,9,@tibjotik
11,antiblocage,9,@tiblokaZ
8,antibois,6,@tibwa
15,antibolchevisme,12,@tibOlS°vizm
13,antibourgeois,9,@tibuRZwa
14,antibrouillard,9,@tibRujaR
9,antibruit,7,@tibR8i
12,anticalcaire,9,@tikalkER
15,anticapitaliste,13,@tikapitalist
13,anticastriste,11,@tikastRist
14,anticatholique,10,@tikatolik
11,antichambre,7,@tiS@bR
8,antichar,6,@tiSaR
8,antichoc,6,@tiSOk
17,anticholinergique,13,@tikOlinERZik
17,antichristianisme,14,@tikRistjanizm
12,antichrétien,9,@tikRetj5
12,anticipateur,10,@tisipat9R
12,anticipation,10,@tisipasj§
13,anticipatoire,11,@tisipatwaR
9,anticiper,7,@tisipe
8,anticipé,7,@tisipe
12,anticlérical,11,@tikleRikal
16,anticléricalisme,14,@tikleRikalizm
13,anticoagulant,10,@tikoagyl@
16,anticolonialisme,14,@tikolonjalizm
14,anticommunisme,11,@tikomynizm
14,anticommuniste,11,@tikomynist
15,anticonformisme,12,@tik§fORmizm
15,anticonformiste,12,@tik§fORmist
19,anticonstitutionnel,16,@tik§stitysjonEl
25,anticonstitutionnellement,19,@tik§stitysjonEl°m@
9,anticorps,6,@tikOR
12,anticyclique,9,@tisiklik
11,anticyclone,9,@tisiklon
9,antidater,7,@tidate
10,antidopage,8,@tidopaZ
8,antidote,6,@tidOt
11,antidouleur,8,@tidul9R
14,antidreyfusard,11,@tidREfyzaR
15,antidreyfusisme,12,@tidREfyzizm
10,antidrogue,7,@tidROg
13,antidémarrage,10,@tidemaRaZ
16,antidémocratique,13,@tidemokRatik
14,antidépresseur,11,@tidepRes9R
12,antidérapant,9,@tideRap@
8,antienne,5,@tjEn
16,antiesclavagiste,14,@tiEsklavaZist
10,antifading,9,@tifEjdiG
12,antifascisme,9,@tifaSizm
12,antifasciste,9,@tifaSist
12,antifongique,8,@tif§Zik
9,antifumée,7,@tifyme
13,antiféminisme,11,@tifeminizm
8,antigang,6,@tig@g
7,antigel,6,@tiZEl
14,antigermanisme,12,@tiZERmanism
15,antigravitation,13,@tigRavitasj§
18,antigravitationnel,16,@tigRavitasjOnEl
11,antigravité,10,@tigRavite
10,antigrippe,7,@tigRip
8,antigène,6,@tiZEn
16,antihistaminique,12,@tiistaminik
14,antihygiénique,10,@tiiZjenik
9,antihéros,6,@tieRo
9,antillais,5,@tijE
11,antilogique,8,@tilOZik
8,antilope,6,@tilOp
12,antimarxiste,11,@timaRksist
11,antimatière,9,@timatjER
13,antimicrobien,11,@timikRObj5
14,antimigraineux,10,@timigREn2
15,antimilitarisme,13,@timilitaRizm
15,antimilitariste,13,@timilitaRist
11,antimissile,8,@timisil
8,antimite,6,@timit
9,antimoine,7,@timwan
9,antimonde,6,@tim§d
16,antinationaliste,14,@tinasjonalist
11,antinaturel,10,@tinatyREl
9,antinomie,7,@tinomi
11,antinomique,8,@tinomik
13,antinucléaire,10,@tinykleER
11,antioxydant,9,@tiOksid@
8,antipape,6,@tipap
14,antiparasitage,12,@tipaRazitaZ
12,antiparasite,10,@tipaRazit
10,antipathie,7,@tipati
12,antipathique,8,@tipatik
12,antipatriote,11,@tipatRijOt
16,antipelliculaire,12,@tipElikylER
13,antipersonnel,11,@tipERsonEl
10,antiphrase,7,@tifRaz
11,antipodaire,8,@tipodER
8,antipode,6,@tipOd
11,antipodiste,9,@tipodist
10,antipoison,8,@tipwaz§
19,antipoliomyélitique,16,@tipoljomjelitik
13,antipollution,10,@tipolysj§
13,antipopulaire,10,@tipopylER
10,antiproton,8,@tipROt§
12,antiprotéase,10,@tipROteaz
15,antipsychiatrie,12,@tipsikjatRi
15,antipsychotique,11,@tipsikOtik
11,antiquaille,6,@tikaj
10,antiquaire,6,@tikER
9,antiquark,8,@tikwaRk
7,antique,4,@tik
9,antiquité,7,@tikite
11,antirabique,8,@tiRabik
11,antiracisme,9,@tiRasism
13,antiradiation,11,@tiRadjasj§
13,antireligieux,10,@tiR°liZj2
9,antirides,6,@tiRid
11,antirouille,6,@tiRuj
9,antirusse,6,@tiR9s
15,antirépublicain,12,@tiRepyblik5
13,antisatellite,10,@tisatElit
16,antiscientifique,11,@tisj@tifik
10,antisepsie,8,@tisEpsi
12,antiseptique,9,@tisEptik
10,antisexuel,10,@tiseksyEl
11,antiskating,10,@tiskEjtiG
10,antisocial,9,@tisosjal
11,antisolaire,8,@tisolER
14,antisoviétique,11,@tisovjetik
14,antisoviétisme,12,@tisovjetizm
15,antispasmodique,12,@tispasmodik
11,antisportif,10,@tispORtif
13,antistalinien,11,@tistalinj5
12,antistatique,9,@tistatik
10,antistress,8,@tistREs
9,antisèche,6,@tisES
10,antisémite,8,@tisemit
13,antisémitisme,11,@tisemitizm
9,antisérum,8,@tiseROm
9,antitabac,7,@titaba
14,antiterrorisme,11,@tit°RoRizm
14,antiterroriste,11,@titERoRist
9,antithèse,6,@titEz
8,antitout,5,@titu
10,antitoxine,9,@titOksin
11,antitoxique,9,@titOksik
9,antitrust,8,@titR9st
15,antituberculeux,12,@titybERkyl2
10,antitussif,8,@titysif
15,antityphoïdique,11,@titifOidik
13,antitétanique,10,@titetanik
14,antivariolique,11,@tivaRjOlik
12,antivenimeux,9,@tiv2nim2
12,antiviolence,9,@tivjol@s
9,antiviral,8,@tiviRal
9,antivirus,8,@tiviRys
7,antivol,6,@tivOl
10,antiémeute,6,@jem2t
12,antiémétique,9,@tiemetik
7,antonin,5,@ton5
10,antonomase,8,@tonomaz
8,antonyme,6,@tonim
5,antre,3,@tR
10,antéchrist,8,@tekRist
10,antécédent,7,@tesed@
12,antédiluvien,10,@tedilyvj5
14,antépénultième,12,@tepenyltjEm
9,antérieur,7,@teRj9R
14,antérieurement,10,@teRj9R°m@
11,antérograde,9,@teRogRad
4,anus,4,anys
9,anuscopie,8,anyskOpi
12,anxieusement,9,@ksj2z°m@
7,anxieux,5,@ksj2
12,anxiolytique,10,@ksjolitik
7,anxiété,7,@ksjete
4,anya,4,ania
8,anéantir,7,ane@tiR
14,anéantissement,10,ane@tis°m@
6,anémie,5,anemi
8,anémique,6,anemik
6,anémié,6,anemje
10,anémomètre,9,anemomEtR
13,anémométrique,11,anemometRik
7,anémone,6,anemOn
9,anévrisme,8,anevRizm
7,aoriste,6,aoRist
5,aorte,4,aORt
8,aortique,6,aORtik
4,août,2,ut
6,aoûtat,4,auta
7,aoûtien,5,ausj5
6,apache,4,apaS
8,apaisant,5,apEz@
10,apaisement,7,apEz°m@
7,apaiser,5,apeze
7,apanage,6,apanaZ
9,apartheid,8,apaRtEjd
6,aparté,6,apaRte
7,apathie,5,apati
9,apathique,6,apatik
8,apatride,7,apatRid
4,apax,5,apaks
3,ape,2,ap
10,apercevoir,10,apERs°vwaR
6,aperçu,6,apERsy
10,apesanteur,8,ap°z@t9R
7,apeurer,5,ap9Re
6,apeuré,5,ap9Re
4,apex,5,apEks
7,aphasie,5,afazi
9,aphasique,6,afazik
6,aphone,4,afOn
7,aphonie,5,afoni
9,aphorisme,7,afoRizm
13,aphrodisiaque,10,afRodizjak
10,aphrodisie,8,afRodizi
9,aphrodite,7,afROdit
7,aphteux,4,aft2
8,aphérèse,6,afeREz
3,api,3,api
10,apiculteur,9,apikylt9R
10,apiculture,9,apikyltyR
5,apion,4,apj§
4,apis,4,apis
11,apitoiement,8,apitwam@
8,apitoyer,8,apitwaje
7,apivore,6,apivOR
7,aplanir,7,aplaniR
13,aplanissement,10,aplanis°m@
7,aplasie,6,aplazi
5,aplat,4,apla
6,aplati,6,aplati
7,aplatir,7,aplatiR
13,aplatissement,10,aplatis°m@
6,aplomb,4,apl§
5,apnée,4,apne
10,apocalypse,9,apokalips
13,apocalyptique,11,apokaliptik
7,apocope,6,apokOp
9,apocryphe,7,apokRif
11,apodictique,9,apodiktik
6,apogée,5,apoZe
10,apolitique,8,apolitik
10,apolitisme,9,apolitizm
7,apollon,5,apol§
8,apologie,7,apoloZi
10,apologiste,9,apoloZist
8,apologue,6,apolOg
12,apologétique,10,apoloZetik
13,aponévrotique,11,aponevROtik
12,apoplectique,10,apoplEktik
9,apoplexie,9,apoplEksi
8,apoptose,7,apOptoz
9,apostasie,8,apostazi
7,apostat,6,aposta
9,apostolat,8,apostola
11,apostolique,9,apostolik
10,apostrophe,8,apostROf
11,apostropher,9,apostRofe
8,apostume,7,apOstym
11,apothicaire,8,apotikER
14,apothicairerie,11,apotikER°Ri
9,apothéose,7,apoteoz
12,apparaissant,7,apaREs@
7,apparat,5,apaRa
11,apparatchik,9,apaRatSik
8,apparaux,5,apaRo
10,apparaître,7,apaREtR
8,appareil,6,apaREj
14,appareil-photo,10,apaREjfOto
12,appareillage,8,apaREjaZ
11,appareiller,7,apaReje
11,apparemment,7,apaRam@
9,apparence,6,apaR@s
8,apparent,5,apaR@
13,apparentement,9,apaR@t°m@
10,apparenter,7,apaR@te
9,apparenté,7,apaR@te
8,apparier,6,apaRje
10,appariteur,8,apaRit9R
10,apparition,8,apaRisj§
6,appart,5,apaRt
11,appartement,8,apaRt°m@
15,appartement-roi,11,apaRt°m@Rwa
12,appartenance,9,apaRt°n@s
11,appartenant,8,apaRt°n@
10,appartenir,9,apaRt°niR
5,appas,3,apa
9,appauvrir,7,apovRiR
13,appauvrissant,8,apovRis@
15,appauvrissement,10,apovRis°m@
6,appeau,3,apo
5,appel,4,apEl
8,appelant,5,ap°l@
7,appeler,5,ap°le
8,appeleur,6,ap°l9R
11,appellation,8,apelasj§
6,appelé,5,ap°le
9,appendice,6,ap5dis
15,appendicectomie,12,ap5disektomi
11,appendicite,8,ap5disit
8,appendre,5,ap@dR
8,appentis,5,ap@ti
6,appert,4,apER
10,appesantir,8,ap°z@tiR
16,appesantissement,11,ap°z@tis°m@
13,applaudimètre,10,aplodimEtR
9,applaudir,7,aplodiR
15,applaudissement,10,aplodis°m@
13,applaudisseur,9,aplodis9R
13,applicabilité,12,aplikabilite
10,applicable,8,aplikabl
11,applicateur,9,aplikat9R
11,application,9,aplikasj§
8,applique,5,aplik
9,appliquer,6,aplike
8,appliqué,6,aplike
12,appoggiature,10,apOdZjatyR
7,appoint,4,apw5
9,appointer,6,apw5te
8,appointé,6,apw5te
9,appontage,6,ap§taZ
11,appontement,7,ap§t°m@
8,apponter,5,ap§te
6,apport,4,apOR
8,apporter,6,apORte
7,apposer,5,apoze
10,apposition,8,apozisj§
9,apprenant,6,apR°n@
9,apprendre,6,apR@dR
8,apprenti,6,apR@ti
15,apprenti-pilote,11,apR@tipilOt
16,apprenti-sorcier,12,apR@tisORsje
13,apprentissage,9,apR@tisaZ
6,appris,4,apRi
11,apprivoiser,9,apRivwaze
12,apprivoiseur,10,apRivwaz9R
11,approbateur,9,apRobat9R
10,approbatif,9,apRobatif
11,approbation,9,apRobasj§
15,approbativement,12,apRobativ°m@
10,approchant,6,apRoS@
8,approche,5,apROS
9,approcher,6,apRoSe
8,approché,6,apRoSe
10,approfondi,8,apRof§di
11,approfondir,9,apRof§diR
17,approfondissement,12,apRof§dis°m@
13,appropriation,12,apRopRijasj§
10,approprier,9,apRopRije
9,approprié,9,apRopRije
9,approuver,6,apRuve
8,approuvé,6,apRuve
17,approvisionnement,13,apRovizjOn°m@
14,approvisionner,11,apRovizjone
12,approximatif,12,apROksimatif
13,approximation,12,apROksimasj§
17,approximativement,15,apROksimativ°m@
11,appréciable,9,apResjabl
12,appréciateur,10,apResjat9R
12,appréciation,10,apResjasj§
9,apprécier,7,apResje
11,appréhender,7,apRe@de
11,appréhensif,8,apRe@sif
12,appréhension,8,apRe@sj§
6,apprêt,4,apRE
8,apprêter,6,apRete
7,apprêté,6,apRete
5,appui,4,ap8i
10,appui-main,6,ap8im5
10,appui-tête,8,ap8itEt°
11,appuie-tête,7,ap8itEt
7,appuyer,6,ap8ije
6,appuyé,6,ap8ije
5,appât,3,apa
7,appâter,5,apate
9,appétence,6,apet@s
11,appétissant,7,apetis@
7,appétit,5,apeti
5,aprèm,5,apREm
5,après,4,apRE
10,après-coup,6,apREku
12,après-demain,8,apREd°m5
14,après-déjeuner,10,apREdeZ9ne
11,après-dîner,8,apREdine
12,après-guerre,7,apREgER
10,après-mort,7,apREmOR
12,après-rasage,9,apRERazaZ
11,après-repas,8,apRER°pa
15,après-shampoing,9,apRES@pw5
16,après-shampooing,9,apRES@pw5
9,après-ski,7,apREski
11,après-vente,7,apREv@t
4,apte,3,apt
8,aptitude,7,aptityd
6,aptère,5,aptER
6,apurer,5,apyRe
8,apéritif,8,apeRitif
5,apéro,5,apeRo
6,apôtre,5,apotR
11,aquaculture,10,akwakyltyR
7,aquagym,7,akwaZim
9,aquaplane,8,akwaplan
9,aquarelle,7,akwaREl
12,aquarelliste,10,akwaRelist
13,aquariophilie,11,akwaRjOfili
8,aquarium,8,akwaRjOm
9,aquatinte,7,akwat5t
9,aquatique,7,akwatik
7,aquavit,7,akwavit
7,aqueduc,6,ak°dyk
6,aqueux,3,ak2
8,aquifère,6,akifER
7,aquilin,5,akil5
7,aquilon,5,akil§
8,aquitain,5,akit5
3,ara,3,aRa
5,arabe,4,aRab
9,arabesque,7,aRabEsk
7,arabica,7,aRabika
8,arabique,6,aRabik
9,arabisant,7,aRabiz@
6,arable,5,aRabl
4,arac,4,aRak
8,arachide,6,aRaSid
9,arachnide,7,aRaknid
10,arachnoïde,8,aRaknoid
9,arachnéen,7,aRakne5
9,aragonais,7,aRagonE
9,aragonite,8,aRagOnit
7,araigne,4,aREN
8,araignée,5,aRENe
14,araignée-crabe,9,aRENekRab
6,araire,4,aRER
4,arak,4,aRak
8,araldite,7,aRaldit
6,aralia,6,aRalja
7,aramide,6,aRamid
6,aramon,5,aRam§
7,araméen,6,aRame5
6,araser,5,aRaze
8,aratoire,7,aRatwaR
7,araucan,5,aRok@
10,araucanien,8,aRokanj5
9,araucaria,8,aRokaRja
8,arbalète,7,aRbalEt
11,arbalétrier,11,aRbaletRije
4,arbi,4,aRbi
9,arbitrage,8,aRbitRaZ
10,arbitraire,8,aRbitRER
14,arbitrairement,11,aRbitRER°m@
7,arbitre,6,aRbitR
8,arbitrer,7,aRbitRe
6,arbois,5,aRbwa
7,arborer,6,aRboRe
12,arborescence,9,aRboREs@s
11,arborescent,8,aRboREs@
9,arboretum,9,aRbORetOm
10,arboricole,9,aRboRikOl
13,arboriculteur,12,aRboRikylt9R
13,arboriculture,12,aRboRikyltyR
7,arbouse,5,aRbuz
5,arbre,4,aRbR
10,arbrisseau,7,aRbRiso
7,arbuste,6,aRbyst
3,arc,3,aRk
11,arc-boutant,7,aRkbut@
13,arc-boutement,9,aRkbut°m@
10,arc-bouter,7,aRkbute
11,arc-en-ciel,8,aRk@sjEl
6,arcade,5,aRkad
8,arcadien,7,aRkadj5
5,arcan,4,aRk@
6,arcane,5,aRkan
6,arceau,4,aRso
8,archange,5,aRk@Z
13,archangélique,9,aRk@Zelik
9,archaïque,6,aRkaik
10,archaïsant,7,aRkaiz@
9,archaïsme,7,aRkaizm
5,arche,3,aRS
6,archer,4,aRSe
6,archet,4,aRSE
10,archevêché,8,aRS°veSe
10,archevêque,7,aRS°vEk
5,archi,4,aRSi
10,archi-blet,7,aRSiblE
11,archi-connu,8,aRSikony
12,archi-dégueu,8,aRSideg2
10,archi-faux,6,aRSifo
11,archi-libre,8,aRSilibR
13,archi-mortels,10,aRSimORtEl
14,archi-méfiance,10,aRSimefj@s
9,archi-nul,7,aRSinyl
10,archi-nuls,7,aRSinyl
11,archi-plein,7,aRSipl5
12,archi-prouvé,9,aRSipRuve
13,archi-prudent,9,aRSipRyd@
13,archi-ringard,9,aRSiR5gaR
9,archi-usé,7,aRSiyze
11,archi-vieux,7,aRSivj2
9,archiatre,7,aRSiatR
11,archicomble,8,aRSik§bl
10,archiconnu,8,aRSikony
11,archidiacre,9,aRSidjakR
12,archidiocèse,10,aRSidjosEz
8,archiduc,7,aRSidyk
9,archifaux,6,aRSifo
13,archimandrite,10,aRSim@dRit
8,archipel,7,aRSipEl
11,archiprêtre,9,aRSipREtR
10,architecte,8,aRSitEkt
13,architectonie,11,aRSitEktOni
15,architectonique,12,aRSitEktonik
13,architectural,12,aRSitEktyRal
18,architecturalement,15,aRSitEktyRal°m@
12,architecture,10,aRSitEktyR
10,architrave,8,aRSitRav
9,archivage,7,aRSivaZ
7,archive,5,aRSiv
8,archiver,6,aRSive
10,archiviste,8,aRSivist
22,archiviste-paléographe,17,aRSivistpaleOgRaf
10,archivolte,8,aRSivOlt
14,archiépiscopal,13,aRSiepiskopal
8,archonte,5,aRk§t
11,archéologie,9,aRkeoloZi
13,archéologique,10,aRkeoloZik
11,archéologue,8,aRkeolOg
12,archéoptéryx,12,aRkeOpteRiks
9,archétype,7,aRketip
8,arctique,6,aRktik
9,ardemment,6,aRdam@
9,ardennais,6,aRd°nE
6,ardent,4,aRd@
5,arder,4,aRde
6,ardeur,5,aRd9R
8,ardillon,6,aRdij§
5,ardin,4,aRd5
6,ardito,6,aRdito
7,ardoise,6,aRdwaz
5,ardre,5,aRdR°
4,ardu,4,aRdy
9,ardéchois,7,aRdeSwa
8,ardûment,6,aRdym@
3,are,2,aR
4,area,4,aRea
4,arec,4,aREk
8,arganier,7,aRganje
6,argent,4,aRZ@
10,argenterie,8,aRZ@t°Ri
9,argentier,7,aRZ@tje
8,argentin,6,aRZ@t5
8,argenton,6,aRZ@t§
7,argenté,6,aRZ@te
6,argile,5,aRZil
8,argileux,6,aRZil2
9,argilière,8,aRZiljER
5,argol,5,aRgOl
5,argon,4,aRg§
9,argonaute,7,aRgonot
5,argot,4,aRgo
9,argotique,7,aRgotik
8,argousin,6,aRguz5
6,arguer,4,aRge
8,argument,6,aRgym@
12,argumentaire,9,aRgym@tER
13,argumentateur,11,aRgym@tat9R
12,argumentatif,11,aRgym@tatif
13,argumentation,11,aRgym@tasj§
10,argumenter,8,aRgym@te
5,argus,5,aRgys
7,argutie,6,aRgysi
4,aria,4,aRja
9,arianisme,8,aRjanizm
5,aride,4,aRid
7,aridité,7,aRidite
5,arien,4,aRj5
6,arioso,6,aRjozo
10,aristarque,8,aRistaRk
6,aristo,6,aRisto
11,aristocrate,10,aRistokRat
12,aristocratie,11,aRistokRasi
14,aristocratique,12,aRistokRatik
18,aristocratiquement,15,aRistokRatik°m@
14,aristocratisme,13,aRistokRatizm
11,aristoloche,9,aRistolOS
14,aristotélicien,13,aRistotelisj5
12,arithmomètre,10,aRitmomEtR
12,arithmétique,9,aRitmetik
16,arithmétiquement,12,aRitmetik°m@
9,ariégeois,7,aRjeZwa
6,arkose,5,aRkoz
8,arlequin,6,aRl°k5
8,arlésien,7,aRlezj5
10,arlésienne,8,aRlezjEn
6,armada,6,aRmada
9,armadille,7,aRmadil
8,armagnac,7,aRmaNak
8,armateur,7,aRmat9R
8,armature,7,aRmatyR
4,arme,3,aRm
12,arme-miracle,9,aRmmiRakl
8,armement,6,aRm°m@
5,armer,4,aRme
9,armistice,8,aRmistis
7,armoire,6,aRmwaR
8,armoirie,7,aRmwaRi
7,armoise,6,aRmwaz
5,armon,4,aRm§
8,armorial,8,aRmoRjal
6,armure,5,aRmyR
9,armurerie,8,aRmyR°Ri
8,armurier,7,aRmyRje
4,armé,4,aRme
5,armée,4,aRme
8,arménien,7,aRmenj5
9,arménoïde,8,aRmenoid
7,arméria,7,aRmeRja
7,arnaque,5,aRnak
8,arnaquer,6,aRnake
9,arnaqueur,7,aRnak9R
6,arnica,6,aRnika
7,arobase,6,aRObaz
7,aromate,6,aRomat
13,aromathérapie,11,aRomateRapi
10,aromatique,8,aRomatik
10,aromatiser,9,aRomatize
6,aronde,4,aR§d
7,arousal,6,aRuzal
6,arpent,4,aRp@
9,arpentage,7,aRp@taZ
8,arpenter,6,aRp@te
9,arpenteur,7,aRp@t9R
7,arpette,5,aRpEt
6,arpion,5,aRpj§
6,arpège,5,aRpEZ
6,arpète,5,aRpEt
11,arquebusade,9,aRk°byzad
9,arquebuse,7,aRk°byz
6,arquer,4,aRke
5,arqué,4,aRke
9,arrachage,6,aRaSaZ
12,arrache-clou,7,aRaSklu
11,arrachement,7,aRaS°m@
8,arracher,5,aRaSe
9,arracheur,6,aRaS9R
7,arraché,5,aRaSe
11,arraisonner,7,aREzone
10,arrangeant,5,aR@Z@
11,arrangement,7,aR@Z°m@
8,arranger,5,aR@Ze
9,arrangeur,6,aR@Z9R
11,arrestation,9,aREstasj§
8,arrimage,6,aRimaZ
7,arrimer,5,aRime
8,arrivage,6,aRivaZ
8,arrivant,5,aRiv@
7,arriver,5,aRive
9,arrivisme,7,aRivizm
9,arriviste,7,aRivist
6,arrivé,5,aRive
7,arrivée,5,aRive
7,arrière,5,aRjER
15,arrière-automne,9,aRjERotOn
11,arrière-ban,7,aRjERb@
16,arrière-boutique,10,aRjERbutik
12,arrière-cour,8,aRjERkuR
14,arrière-cousin,9,aRjERkuz5
15,arrière-cuisine,11,aRjERk8izin
12,arrière-fond,7,aRjERf§
13,arrière-garde,9,aRjERgaRd
13,arrière-gorge,9,aRjERgORZ
12,arrière-goût,7,aRjERgu
18,arrière-grand-mère,11,aRjERgR@mER
19,arrière-grand-oncle,11,aRjERgR@§kl
18,arrière-grand-père,11,aRjERgR@pER
19,arrière-grand-tante,11,aRjERgR@t@t
12,arrière-loge,8,aRjERlOZ
15,arrière-magasin,11,aRjERmagaz5
12,arrière-main,7,aRjERm5
13,arrière-monde,8,aRjERm§d
14,arrière-neveux,9,aRjERn°v2
12,arrière-pays,8,aRjERpei
14,arrière-pensée,9,aRjERp@se
18,arrière-petit-fils,12,aRjERp°tifis
19,arrière-petit-neveu,13,aRjERp°tin°v2
20,arrière-petite-fille,13,aRjERp°titfij
20,arrière-petite-nièce,14,aRjERp°titnjEs
19,arrière-petits-fils,12,aRjERp°tifis
21,arrière-petits-neveux,13,aRjERp°tin°v2
12,arrière-plan,8,aRjERpl@
14,arrière-saison,9,aRjERsEz§
13,arrière-salle,8,aRjERsal
13,arrière-train,8,aRjERtR5
11,arriération,9,aRjeRasj§
7,arriéré,6,aRjeRe
11,arrogamment,7,aRogam@
9,arrogance,6,aRog@s
8,arrogant,5,aRog@
7,arroger,5,aRoZe
5,arroi,4,aRwa
7,arrondi,5,aR§di
8,arrondir,6,aR§diR
14,arrondissement,9,aR§dis°m@
8,arrosage,6,aRozaZ
7,arroser,5,aRoze
8,arroseur,6,aRoz9R
8,arrosoir,7,aRozwaR
6,arrosé,5,aRoze
5,arrêt,3,aRE
12,arrêt-buffet,7,aREbyfE
12,arrête-boeuf,7,aREtb9f
7,arrêter,5,aRete
6,arrêté,5,aRete
3,ars,2,aR
8,arsacide,7,aRsasid
7,arsenal,7,aRs2nal
7,arsenic,7,aRs2nik
9,arsouille,5,aRsuj
10,arsouiller,6,aRsuje
9,arsénieux,7,aRsenj2
3,art,2,aR
8,artefact,8,aRtefakt
8,arthrite,6,aRtRit
11,arthritique,8,aRtRitik
10,arthrodèse,8,aRtRodEz
12,arthropathie,9,aRtROpati
13,arthroplastie,11,aRtROplasti
12,arthroscopie,10,aRtROskOpi
8,arthrose,6,aRtRoz
9,arthurien,7,aRtyRj5
9,artichaut,6,aRtiSo
7,artiche,5,aRtiS
7,article,6,aRtikl
12,article-choc,10,aRtikl°SOk
11,articulaire,9,aRtikylER
12,articulation,11,aRtikylasj§
9,articuler,8,aRtikyle
9,articulet,8,aRtikylE
8,articulé,8,aRtikyle
8,artifice,7,aRtifis
13,artificialité,13,aRtifisjalite
10,artificiel,10,aRtifisjEl
16,artificiellement,13,aRtifisjEl°m@
10,artificier,9,aRtifisje
8,artiflot,7,aRtiflo
10,artillerie,8,aRtij°Ri
9,artilleur,7,aRtij9R
7,artimon,6,aRtim§
7,artisan,6,aRtiz@
9,artisanal,9,aRtizanal
14,artisanalement,12,aRtizanal°m@
9,artisanat,8,aRtizana
7,artison,6,aRtiz§
7,artiste,6,aRtist
15,artiste-peintre,11,aRtist2p5tR
11,artistement,9,aRtist°m@
10,artistique,8,aRtistik
14,artistiquement,11,aRtistik°m@
6,artère,5,aRtER
8,artéfact,8,aRtefakt
13,artériectomie,12,aRteRjEktomi
8,artériel,8,aRteRjEl
14,artériographie,12,aRteRjOgRafi
9,artériole,8,aRteRjOl
13,artériopathie,11,aRteRjopati
15,artériosclérose,14,aRteRjoskleRoz
8,artérite,7,aRteRit
8,artésien,7,aRtezj5
4,arum,4,aROm
8,aruspice,7,aRyspis
7,arverne,6,aRvERn
5,aryen,4,aRj5
7,aryenne,5,aRjEn
8,arythmie,6,aRitmi
10,arythmique,7,aRitmik
5,arçon,4,aRs§
5,arène,4,aREn
9,aréflexie,9,aReflEksi
5,aréna,5,aRena
6,aréole,5,aReOl
8,aréopage,7,aReopaZ
10,aréopagite,9,aReopaZit
8,aréquier,6,aRekie
6,arétin,5,aRet5
5,arête,4,aREt
5,arôme,4,aRom
2,as,2,as
7,as-rois,5,asRwa
3,asa,3,aza
5,asana,5,azana
7,asbeste,6,asbEst
9,asbestose,8,asbEstoz
7,ascaris,7,askaRis
10,ascendance,6,as@d@s
9,ascendant,5,as@d@
8,ascendre,5,as@dR
9,ascenseur,6,as@s9R
9,ascension,6,as@sj§
12,ascensionnel,9,as@sjonEl
12,ascensionner,8,as@sjone
6,ascite,4,asit
9,asclépias,8,asklepja
10,ascorbique,8,askORbik
5,ascot,5,askOt
6,ascèse,4,asEz
6,ascète,4,asEt
9,ascétique,6,asetik
9,ascétisme,7,asetizm
5,asdic,5,asdik
7,asepsie,6,asEpsi
9,aseptique,7,asEptik
12,aseptisation,11,asEptizasj§
8,aseptisé,8,asEptize
10,asexualité,11,asEksyalite
6,asexué,7,aseks8e
7,ashanti,5,aS@ti
9,ashkénaze,7,aSkenaz
6,ashram,5,aSRam
6,asiate,5,azjat
9,asiatique,7,azjatik
8,asilaire,6,azilER
5,asile,4,azil
12,asociabilité,12,asosjabilite
7,asocial,7,asosjal
9,asparagus,9,aspaRagys
8,aspartam,8,aspaRtam
9,aspartame,8,aspaRtam
10,aspartique,8,aspaRtik
6,aspect,4,aspE
7,asperge,6,aspERZ
8,asperger,7,aspERZe
12,aspergillose,10,aspERZiloz
11,aspergillus,10,aspERZilys
9,aspersion,8,aspERsj§
8,asphalte,6,asfalt
9,asphalter,7,asfalte
9,asphodèle,7,asfodEl
10,asphyxiant,8,asfiksj@
8,asphyxie,7,asfiksi
9,asphyxier,8,asfiksje
8,asphyxié,8,asfiksje
4,aspi,4,aspi
5,aspic,5,aspik
10,aspidistra,10,aspidistRa
8,aspirant,6,aspiR@
10,aspirateur,9,aspiRat9R
21,aspirateurs-traîneaux,14,aspiRat9RtREno
10,aspiration,9,aspiRasj§
7,aspirer,6,aspiRe
8,aspirine,7,aspiRin
6,aspiré,6,aspiRe
5,aspre,4,aspR
11,aspécifique,9,aspesifik
8,aspérité,8,aspeRite
12,assa-foetida,9,asafetida
6,assagi,5,asaZi
7,assagir,6,asaZiR
10,assaillant,5,asaj@
9,assaillir,6,asajiR
8,assainir,6,aseniR
14,assainissement,9,asenis°m@
14,assaisonnement,9,asEzOn°m@
11,assaisonner,7,asEzone
8,assassin,5,asas5
10,assassinat,7,asasina
10,assassiner,7,asasine
9,assassiné,7,asasine
6,assaut,3,aso
8,assavoir,7,asavwaR
4,asse,2,as
6,asseau,3,aso
10,assemblage,7,as@blaZ
9,assembler,6,as@ble
10,assembleur,7,as@bl9R
8,assemblé,6,as@ble
9,assemblée,6,as@ble
7,assener,5,asene
11,assentiment,7,as@tim@
7,asseoir,5,aswaR
11,assermenter,8,asERm@te
10,assermenté,8,asERm@te
9,assertion,7,asERsj§
7,asservi,6,asERvi
8,asservir,7,asERviR
12,asservissant,8,asERvis@
14,asservissement,10,asERvis°m@
9,assesseur,6,ases9R
5,assez,3,ase
6,assidu,5,asidy
9,assiduité,8,asid8ite
10,assidûment,7,asidym@
8,assiette,5,asjEt
9,assiettée,6,asjete
11,assignation,8,asiNasj§
11,assignement,7,asiN°m@
8,assigner,5,asiNe
11,assimilable,9,asimilabl
10,assimilant,7,asimil@
12,assimilation,10,asimilasj§
9,assimiler,7,asimile
8,assimilé,7,asimile
5,assis,3,asi
6,assise,4,asiz
10,assistanat,8,asistana
10,assistance,7,asist@s
9,assistant,6,asist@
8,assister,6,asiste
7,assisté,6,asiste
10,assiégeant,6,asjeZ@
8,assiéger,6,asjeZe
7,assiégé,6,asjeZe
11,association,9,asosjasj§
8,associer,6,asosje
7,associé,6,asosje
9,assoiffer,6,aswafe
8,assoiffé,6,aswafe
9,assombrir,7,as§bRiR
15,assombrissement,10,as§bRis°m@
9,assommant,5,asom@
8,assommer,5,asome
9,assommeur,6,asom9R
9,assommoir,7,asomwaR
10,assomption,7,as§psj§
9,assonance,6,ason@s
7,assorti,6,asORti
11,assortiment,8,asORtim@
8,assortir,7,asORtiR
7,assoupi,5,asupi
8,assoupir,6,asupiR
12,assoupissant,7,asupis@
14,assoupissement,9,asupis°m@
9,assouplir,7,asupliR
13,assouplissant,8,asuplis@
15,assouplissement,10,asuplis°m@
8,assourdi,6,asuRdi
9,assourdir,7,asuRdiR
13,assourdissant,8,asuRdis@
15,assourdissement,10,asuRdis°m@
8,assouvir,6,asuviR
14,assouvissement,9,asuvis°m@
9,assujetti,7,asyZEti
10,assujettir,8,asyZetiR
14,assujettissant,9,asyZetis@
16,assujettissement,11,asyZetis°m@
7,assumer,5,asyme
9,assurable,7,asyRabl
8,assurage,6,asyRaZ
9,assurance,6,asyR@s
19,assurance-accidents,12,asyR@saksid@
17,assurance-chômage,11,asyR@sSomaZ
17,assurance-maladie,12,asyR@smaladi
13,assurance-vie,8,asyR@svi
7,assurer,5,asyRe
8,assureur,6,asyR9R
16,assureur-conseil,11,asyR9Rk§sEj
6,assuré,5,asyRe
10,assurément,7,asyRem@
9,assuétude,7,as8etyd
8,assyrien,6,asiRj5
6,assyro,5,asiRo
11,assèchement,7,asES°m@
8,assécher,5,aseSe
7,asséner,5,asene
7,astarté,7,astaRte
4,aste,3,ast
5,aster,5,astER
11,asthmatique,7,asmatik
6,asthme,3,asm
8,asthénie,6,asteni
4,asti,4,asti
5,astic,5,astik
7,asticot,6,astiko
9,asticoter,8,astikote
9,astigmate,8,astigmat
12,astigmatisme,11,astigmatizm
9,astiquage,7,astikaZ
8,astiquer,6,astike
9,astiqueur,7,astik9R
9,astragale,8,astRagal
8,astrakan,7,astRak@
6,astral,6,astRal
5,astre,4,astR
11,astreignant,7,astREN@
10,astreindre,7,astR5dR
8,astreint,5,astR5
9,astreinte,6,astR5t
10,astringent,7,astR5Z@
5,astro,5,astRo
11,astrochimie,9,astRoSimi
9,astrolabe,8,astRolab
10,astrologie,9,astRoloZi
12,astrologique,10,astRoloZik
16,astrologiquement,13,astROlOZik°m@
10,astrologue,8,astRolOg
11,astrométrie,10,astRometRi
10,astronaute,8,astRonot
13,astronautique,10,astRonotik
8,astronef,8,astRonEf
9,astronome,8,astRonOm
10,astronomie,9,astRonomi
12,astronomique,10,astRonomik
16,astronomiquement,13,astROnOmik°m@
10,astrophore,8,astRofOR
14,astrophysicien,12,astRofizisj5
13,astrophysique,10,astRofizik
9,astroport,8,astRopOR
10,astroscope,9,astRoskOp
6,astuce,5,astys
14,astucieusement,11,astysj2z°m@
9,astucieux,7,astysj2
10,asturienne,8,astyRjEn
9,astérisme,8,asteRism
10,astérisque,8,asteRisk
9,astéroïde,8,asteRoid
14,asymptomatique,11,as5ptomatik
9,asymétrie,8,asimetRi
11,asymétrique,9,asimetRik
15,asymétriquement,12,asimetRik°m@
10,asynchrone,7,as5kRon
9,asystolie,8,asistoli
6,atabeg,6,atab°g
6,ataman,5,atam@
8,ataraxie,8,ataRaksi
8,atavique,6,atavik
8,atavisme,7,atavizm
6,ataxie,6,ataksi
7,atchoum,5,atSum
7,atelier,6,at°lje
12,atermoiement,9,atERmwam@
7,athanor,6,atanOR
7,athlète,5,atlEt
10,athlétique,7,atletik
10,athlétisme,8,atletizm
5,athée,3,ate
8,athéisme,6,ateizm
8,athéiste,6,ateist
8,athénien,6,atenj5
10,athénienne,7,atenjEn
7,athénée,5,atene
7,atlante,5,atl@t
10,atlantique,7,atl@tik
5,atlas,5,atlas
10,atmosphère,8,atmosfER
13,atmosphérique,10,atmosfeRik
5,atoll,4,atOl
5,atome,4,atom
8,atomique,6,atomik
8,atomiser,7,atomize
9,atomiseur,8,atomiz9R
8,atomiste,7,atomist
7,atomisé,7,atomize
6,atonal,6,atonal
5,atone,4,aton
6,atonie,5,atoni
5,atour,4,atuR
5,atout,3,atu
11,atrabilaire,9,atRabilER
6,atrium,7,atRijOm
6,atroce,5,atROs
10,atrocement,8,atROs°m@
8,atrocité,8,atRosite
8,atrophie,6,atRofi
9,atrophier,7,atRofje
8,atrophié,7,atRofje
8,atropine,7,atRopin
7,atrésie,6,atRezi
8,attabler,6,atable
7,attablé,6,atable
9,attachant,5,ataS@
7,attache,4,ataS
11,attachement,7,ataS°m@
8,attacher,5,ataSe
7,attaché,5,ataSe
12,attaché-case,8,ataSekaz
10,attaquable,7,atakabl
9,attaquant,5,atak@
7,attaque,4,atak
8,attaquer,5,atake
9,attaqueur,6,atak9R
11,attardement,8,ataRd°m@
8,attarder,6,ataRde
7,attardé,6,ataRde
11,atteignable,7,atENabl
9,atteindre,5,at5dR
7,atteint,3,at5
8,atteinte,4,at5t
8,attelage,6,at°laZ
7,atteler,5,at°le
7,attelle,4,atEl
8,attenant,5,at°n@
9,attendant,5,at@d@
8,attendre,5,at@dR
9,attendrir,7,at@dRiR
13,attendrissant,8,at@dRis@
15,attendrissement,10,at@dRis°m@
13,attendrisseur,9,at@dRis9R
7,attendu,5,at@dy
8,attentat,5,at@ta
12,attentatoire,9,at@tatwaR
7,attente,4,at@t
8,attenter,5,at@te
8,attentif,6,at@tif
9,attention,6,at@sj§
11,attentionné,8,at@sjone
10,attentisme,7,at@tizm
10,attentiste,7,at@tist
13,attentivement,9,at@tiv°m@
9,atterrant,5,atER@
8,atterrir,6,ateRiR
12,atterrissage,8,ateRisaZ
7,atterré,5,ateRe
11,attestation,9,atEstasj§
8,attester,6,atEste
7,attesté,6,atEste
7,attifer,5,atife
9,attifiaux,6,atifjo
7,attique,4,atik
8,attirail,6,atiRaj
9,attirance,6,atiR@s
8,attirant,5,atiR@
7,attirer,5,atiRe
10,attisement,7,atiz°m@
7,attiser,5,atize
8,attisoir,7,atizwaR
7,attitré,6,atitRe
8,attitude,6,atityd
8,attorney,6,atORnE
12,attouchement,7,atuS°m@
10,attracteur,8,atRakt9R
9,attractif,8,atRaktif
10,attraction,8,atRaksj§
18,attraction-vedette,13,atRaksj§v°dEt
7,attrait,4,atRE
9,attrapage,7,atRapaZ
7,attrape,5,atRap
16,attrape-couillon,9,atRapkuj§
14,attrape-mouche,8,atRapmuS
14,attrape-nigaud,9,atRapnigo
8,attraper,6,atRape
9,attrapeur,7,atRap9R
9,attrayant,6,atREj@
11,attribuable,9,atRib8abl
9,attribuer,7,atRib8e
8,attribut,6,atRiby
11,attribution,9,atRibysj§
8,attribué,7,atRib8e
9,attriquer,6,atRike
10,attristant,7,atRist@
9,attrister,7,atRiste
8,attristé,7,atRiste
9,attrition,7,atRisj§
12,attroupement,8,atRup°m@
9,attrouper,6,atRupe
11,atténuateur,9,aten8at9R
11,atténuation,9,aten8asj§
8,atténuer,6,aten8e
7,atténué,6,aten8e
8,atypique,6,atipik
5,atèle,4,atEl
11,atélectasie,10,atelEktazi
5,atémi,5,atemi
2,au,1,o
9,au-dedans,5,od°d@
9,au-dehors,5,od2OR
7,au-delà,5,od°la
10,au-dessous,5,od°su
9,au-dessus,5,od°sy
9,au-devant,5,od°v@
6,aubade,4,obad
6,aubain,3,ob5
7,aubaine,4,obEn
4,aube,2,ob
7,auberge,5,obERZ
9,aubergine,7,obERZin
10,aubergiste,8,obERZist
7,aubette,4,obEt
6,aubier,4,obje
6,aubour,4,obuR
6,auburn,5,ob9Rn
8,aubusson,5,obys§
6,aubère,4,obER
8,aubépine,6,obepin
5,aucun,3,ok1
6,aucune,4,okyn
10,aucunement,7,okyn°m@
7,aucunes,4,okyn
6,aucuns,3,ok1
6,audace,4,odas
14,audacieusement,10,odasj2z°m@
9,audacieux,6,odasj2
7,audible,5,odibl
8,audience,5,odj@s
9,audiencia,7,odj@sja
7,audimat,6,odimat
5,audio,4,odjo
12,audio-visuel,10,odjoviz8El
15,audioconférence,11,odjok§feR@s
11,audiogramme,8,odjogRam
11,audiométrie,9,odjometRi
10,audiophile,7,odjofil
10,audiophone,7,odjofOn
11,audiovisuel,10,odjoviz8El
5,audit,4,odit
7,auditer,5,odite
8,auditeur,6,odit9R
7,auditif,6,oditif
8,audition,6,odisj§
11,auditionner,8,odisjone
9,auditoire,7,oditwaR
10,auditorium,9,oditoRjOm
4,auge,2,oZ
7,augment,4,Ogm@
12,augmentation,9,ogm@tasj§
9,augmenter,6,ogm@te
7,augural,6,ogyRal
6,augure,4,ogyR
7,augurer,5,ogyRe
7,auguste,5,ogyst
8,augustin,6,ogyst5
11,augustinien,9,ogystinj5
11,aujourd'hui,7,oZuRd8i
4,aula,3,ola
7,aulique,4,olik
7,aulnaie,3,OnE
5,aulne,2,on
8,auloffée,5,olofe
5,aulos,3,olo
4,aulx,1,o
6,aumône,4,omon
9,aumônerie,7,omon°Ri
8,aumônier,6,omonje
4,aune,2,on
5,auner,3,one
10,auparavant,7,opaRav@
6,auprès,4,opRE
6,auquel,4,okEl
4,aura,3,oRa
5,aurai,3,oRE
6,aureus,5,oReys
11,auriculaire,8,oRikylER
8,auricule,6,oRikyl
8,aurifère,6,oRifER
6,aurige,4,oRiZ
7,aurochs,4,oROk
6,aurone,4,oROn
7,auroral,6,oRoRal
6,aurore,4,oROR
10,auréolaire,7,oReolER
7,auréole,5,oReOl
8,auréoler,6,oReole
7,auréolé,6,oReole
11,auréomycine,9,oReomisin
12,auscultation,10,oskyltasj§
9,ausculter,7,oskylte
5,aussi,3,osi
8,aussitôt,5,osito
8,aussière,5,osjER
7,austral,6,ostRal
10,australien,8,ostRalj5
12,australienne,9,ostRaljEn
16,australopithèque,12,ostRalopitEk
6,austro,5,ostRo
15,austro-hongrois,10,ostRo§gRwa
7,austère,5,ostER
11,austèrement,8,ostER°m@
9,austérité,8,osteRite
7,ausweis,4,oswE
5,autan,3,ot@
6,autant,3,ot@
8,autarcie,6,otaRsi
10,autarcique,7,otaRsik
5,autel,4,otEl
6,auteur,4,ot9R
12,authenticité,9,ot@tisite
16,authentification,12,ot@tifikasj§
12,authentifier,8,ot@tifje
11,authentique,6,ot@tik
15,authentiquement,9,ot@tik°m@
7,autisme,5,otizm
7,autiste,5,otist
10,autistique,7,otistik
4,auto,3,oto
12,auto-analyse,9,otoanaliz
10,auto-immun,7,otoimm1
17,auto-intoxication,14,oto5tOksikasj§
11,auto-pilote,8,otopilOt
9,auto-stop,7,otostOp
13,auto-stoppeur,9,otostop9R
16,auto-tamponneuse,10,otot@pon2z
10,auto-école,7,otoekOl
13,auto-érotisme,10,otoeRotizm
13,autobiographe,10,otobjogRaf
14,autobiographie,11,otobjogRafi
16,autobiographique,12,otobjogRafik
12,autobronzant,8,otobR§z@
7,autobus,6,otobys
7,autocar,6,otokaR
11,autocensure,8,otos@syR
12,autocensurer,9,otos@syRe
12,autochenille,8,otoS°nij
10,autochtone,7,otoktOn
9,autoclave,7,otoklav
11,autocollant,7,otokol@
16,autoconservation,13,otok§sERvasj§
9,autocrate,7,otokRat
10,autocratie,8,otokRasi
12,autocratique,9,otokRatik
12,autocritique,9,otokRitik
13,autocritiquer,11,otok°Ritike
12,autocréation,10,otokReasj§
11,autocuiseur,9,otok8iz9R
8,autodafé,7,otodafe
15,autodestructeur,13,otodEstRykt9R
16,autodestructible,14,otodEstRyktibl
15,autodestruction,13,otodEstRyksj§
11,autodidacte,9,otodidakt
14,autodidactique,11,otodidaktik
13,autodirecteur,11,otodiREkt9R
14,autodiscipline,11,otodisiplin
9,autodrome,7,otodRom
11,autodéfense,8,otodef@s
15,autodénigrement,12,otodenigR°m@
12,autodérision,10,otodeRizj§
17,autodétermination,15,otodetERminasj§
12,autodétruire,10,otodetR8iR
15,autofinancement,11,otofin@s°m@
9,autofocus,8,otofokys
10,autogenèse,8,otoZ°nEz
11,autogestion,9,otoZEstj§
8,autogire,6,otoZiR
10,autographe,7,otogRaf
12,autographier,9,otogRafje
11,autoguidage,8,otogidaZ
9,autoguidé,7,otogide
8,autogène,6,otoZEn
9,autogérer,7,otoZeRe
9,autolysat,7,otoliza
8,autolyse,6,otoliz
8,automate,6,otomat
10,automatico,9,otomatiko
10,automation,8,otomasj§
11,automatique,8,otomatik
15,automatiquement,11,otomatik°m@
14,automatisation,12,otomatizasj§
11,automatisme,9,otomatizm
10,automatisé,9,otomatize
8,automnal,6,otonal
7,automne,4,otOn
10,automobile,8,otomobil
15,automobile-club,12,otomobilkl9b
13,automobiliste,11,otomobilist
10,automoteur,8,otomot9R
14,automutilation,12,otomytilasj§
11,automutiler,9,otomytile
14,automédication,12,otomedikasj§
9,autoneige,6,otonEZ
13,autonettoyant,10,otonEtwaj@
8,autonome,6,otonom
9,autonomie,7,otonomi
11,autonomique,8,OtOnOmik
10,autopilote,8,otopilOt
11,autoplastie,9,otoplasti
12,autoportrait,9,otopORtRE
11,autoproduit,9,otopRod8i
14,autopropulseur,12,otopROpyls9R
12,autopropulsé,11,otopRopylse
8,autopsie,6,otOpsi
9,autopsier,7,otOpsje
12,autopunition,10,otopynisj§
9,autoradio,8,otoRadjo
8,autorail,6,otoRaj
16,autoreproduction,13,otoRpROdyksj§
12,autorisation,10,otoRizasj§
9,autoriser,7,otoRize
8,autorisé,7,otoRize
11,autoritaire,8,otoRitER
15,autoritairement,11,OtORitER°m@
13,autoritarisme,11,otoRitaRizm
8,autorité,7,otoRite
9,autoroute,6,otoRut
12,autoroutière,9,otoRutjER
14,autorégulateur,12,otoRegylat9R
14,autorégulation,12,otoRegylasj§
16,autosatisfaction,14,otosatisfaksj§
8,autostop,7,otostOp
10,autostrade,8,otostRad
15,autosubsistance,12,otosybzist@s
14,autosuffisance,10,otosyfiz@s
13,autosuffisant,9,otosyfiz@
14,autosuggestion,12,otosygZEstj§
16,autosurveillance,11,otosyRvEj@s
6,autour,4,otuR
12,autoérotique,9,otoeROtik
5,autre,3,otR
9,autrefois,7,otR°fwa
9,autrement,6,otR°m@
6,autres,3,otR
10,autrichien,7,otRiSj5
11,autrichiens,7,otRiSj5
8,autruche,5,otRyS
6,autrui,5,otR8i
6,auvent,3,ov@
9,auvergnat,6,ovERNa
8,auvergne,5,ovERN
8,auverpin,6,ovERp5
3,aux,1,o
10,aux aguets,5,ozagE
7,auxdits,3,odi
9,auxerrois,6,osERwa
10,auxiliaire,8,oksiljER
10,auxquelles,4,okEl
8,auxquels,4,okEl
6,avachi,5,avaSi
7,avachir,6,avaSiR
13,avachissement,9,avaSis°m@
4,aval,4,aval
7,avalage,6,avalaZ
9,avalanche,6,aval@S
7,avalant,5,aval@
9,avalement,7,aval°m@
6,avaler,5,avale
7,avaleur,6,aval9R
8,avaliser,7,avalize
9,avaliseur,8,avaliz9R
6,avance,4,av@s
10,avancement,7,av@s°m@
7,avancer,5,av@se
6,avancé,5,av@se
7,avancée,5,av@se
6,avanie,5,avani
5,avant,3,av@
19,avant-avant-dernier,12,av@av@dERnje
9,avant-bec,6,av@bEk
10,avant-bras,6,av@bRa
12,avant-centre,7,av@s@tR
11,avant-corps,6,av@kOR
13,avant-coureur,8,av@kuR9R
13,avant-dernier,9,av@dERnje
11,avant-dîner,7,av@dine
11,avant-garde,7,av@gaRd
14,avant-gardiste,10,av@gaRdist
12,avant-gauche,6,av@goS
10,avant-goût,5,av@gu
12,avant-guerre,6,av@gER
10,avant-hier,7,av@tjER
12,avant-papier,8,av@papje
10,avant-plan,6,av@pl@
10,avant-port,6,av@pOR
11,avant-poste,7,av@pOst
14,avant-première,10,av@pR°mjER
15,avant-printemps,8,av@pR5t@
12,avant-projet,8,av@pRoZE
12,avant-propos,8,av@pRopo
11,avant-scène,6,av@sEn
10,avant-toit,6,av@twa
11,avant-train,6,av@tR5
10,avant-trou,6,av@tRu
12,avant-veille,6,av@vEj
8,avantage,6,av@taZ
9,avantager,7,av@taZe
15,avantageusement,11,av@taZ2z°m@
10,avantageux,7,av@taZ2
5,avare,4,avaR
9,avarement,7,avaR°m@
7,avarice,6,avaRis
15,avaricieusement,12,avaRisj2z°m@
10,avaricieux,8,avaRisj2
6,avarie,5,avaRi
6,avarié,6,avaRje
5,avaro,5,avaRo
6,avatar,6,avataR
3,ave,3,ave
4,avec,4,avEk
7,avenant,5,av°n@
6,avenir,6,av°niR
5,avent,3,av@
8,aventure,6,av@tyR
9,aventurer,7,av@tyRe
10,aventureux,7,av@tyR2
10,aventurier,8,av@tyRje
8,aventuré,7,av@tyRe
5,avenu,5,av°ny
6,avenue,5,av°ny
5,avers,4,avER
6,averse,5,avERs
8,aversion,7,avERsj§
6,averti,6,avERti
7,avertir,7,avERtiR
13,avertissement,10,avERtis°m@
11,avertisseur,9,avERtis9R
4,aveu,3,av2
9,aveuglant,6,av9gl@
7,aveugle,5,av9gl
10,aveugle-né,8,av9gl°ne
11,aveuglement,8,av9gl°m@
8,aveugler,6,av9gle
11,aveuglément,8,av9glem@
7,aviaire,5,avjER
8,aviateur,7,avjat9R
8,aviation,7,avjasj§
7,avicole,6,avikOl
10,aviculture,9,avikyltyR
5,avide,4,avid
9,avidement,7,avid°m@
7,avidité,7,avidite
11,avignonnais,7,aviNonE
6,avilir,6,aviliR
10,avilissant,7,avilis@
12,avilissement,9,avilis°m@
5,aviné,5,avine
5,avion,4,avj§
11,avion-cargo,9,avj§kaRgo
13,avion-citerne,10,avj§sitERn
13,avion-suicide,10,avj§s8isid
11,avion-école,8,avj§ekOl
9,avionique,7,avjonik
14,avions-espions,9,avj§Espj§
6,aviron,5,aviR§
4,avis,3,avi
6,aviser,5,avize
5,aviso,5,avizo
5,avisé,5,avize
10,avitailler,7,avitaje
11,avitaminose,10,avitaminoz
6,aviver,5,avive
5,avivé,5,avive
10,avocaillon,7,avokaj§
6,avocat,5,avoka
14,avocat-conseil,10,avokak§sEj
9,avocatier,8,avokatje
8,avocette,6,avosEt
6,avoine,5,avwan
7,avoiner,6,avwane
5,avoir,5,avwaR
10,avoisinant,8,avwazin@
9,avoisiner,8,avwazine
10,avortement,8,avORt°m@
7,avorter,6,avORte
8,avorteur,7,avORt9R
7,avorton,6,avORt§
6,avorté,6,avORte
8,avouable,6,avwabl
6,avouer,4,avwe
5,avoué,4,avwe
6,avoyer,6,avwaje
5,avril,5,avRil
8,avrillée,6,avRije
8,avulsion,7,avylsj§
11,avunculaire,8,av§kylER
9,avunculat,7,av§kyla
9,avènement,7,avEn°m@
3,avé,3,ave
6,avérer,5,aveRe
5,avéré,5,aveRe
5,awacs,4,awak
3,axe,3,aks
4,axel,5,aksEl
4,axer,4,akse
5,axial,6,aksjal
9,axillaire,7,aksilER
14,axiomatisation,15,aksijomatizasj§
6,axiome,6,aksjom
4,axis,5,aksis
7,axolotl,8,aksolOtl
6,axonge,5,aks§Z
3,aya,3,aja
12,ayants droit,7,Ej@dRwa
9,ayatollah,7,ajatola
7,aye-aye,4,ajaj
12,ayuntamiento,12,ajuntamjEnto
6,azalée,5,azale
14,azerbaïdjanais,12,azERbaidZanE
6,azimut,6,azimyt
8,azimutal,8,azimytal
7,azimuté,7,azimyte
11,azoospermie,10,azoospERmi
5,azote,4,azOt
7,azoture,6,azOtyR
7,azoïque,5,azOik
7,aztèque,5,astEk
7,azulejo,7,azulexo
4,azur,4,azyR
5,azuré,5,azyRe
6,azygos,6,azigOs
5,azyme,4,azim
5,azéri,5,azeRi
4,aède,3,aEd
6,aérage,5,aeRaZ
8,aérateur,7,aeRat9R
8,aération,7,aeRasj§
5,aérer,4,aeRe
6,aérien,5,aeRj5
4,aéro,4,aeRo
9,aéro-club,8,aeRokl9b
7,aérobic,7,aeRobik
9,aérodrome,8,aeRodRom
13,aérodynamique,11,aeRodinamik
13,aérodynamisme,12,aeRodinamizm
9,aérofrein,7,aeRofR5
8,aérogare,7,aeRogaR
12,aéroglisseur,10,aeRoglis9R
10,aérographe,8,aeRogRaf
9,aérolithe,7,aeRolit
9,aérologie,8,aeROlOZi
10,aéromobile,9,aeRomobil
13,aéromodélisme,12,aeRomodelizm
9,aéronaute,7,aeRonot
12,aéronautique,9,aeRonotik
9,aéronaval,9,aeRonaval
10,aéronavale,9,aeRonaval
7,aéronef,7,aeRonEf
10,aéropathie,8,aeROpati
10,aérophagie,8,aeRofaZi
9,aéroplane,8,aeRoplan
8,aéroport,7,aeRopOR
9,aéroporté,9,aeRopORte
11,aéropostale,10,aeRopOstal
7,aérosol,7,aeRosOl
11,aérospatial,11,aeRospasjal
12,aérospatiale,11,aeRospasjal
8,aérostat,7,aeRosta
9,aérostier,8,aeRostje
4,aéré,4,aeRe
7,aînesse,4,EnEs
4,aîné,3,ene
5,aître,3,EtR
2,aï,2,ai
3,aïd,3,aid
3,aïe,2,aj
5,aïeul,4,aj9l
6,aïkido,6,ajkido
5,aïoli,5,ajoli
1,b,2,be
4,baba,4,baba
7,baballe,5,babal
7,babasse,5,babas
5,babel,5,babEl
8,babeurre,5,bab9R
4,babi,4,babi
5,babil,5,babil
9,babillage,7,babijaZ
9,babillard,7,babijaR
8,babiller,6,babije
6,babine,5,babin
7,babiole,6,babjOl
10,babiroussa,8,babiRusa
8,babouche,5,babuS
9,babouchka,7,babuSka
7,babouin,5,babw5
4,baby,5,bejbi
9,baby-boom,7,babibum
9,baby-foot,7,babifut
11,baby-sitter,9,babisit9R
12,baby-sitting,9,babisitiG
10,babylonien,9,babilonj5
3,bac,3,bak
12,baccalauréat,9,bakaloRea
7,baccara,6,bakaRa
8,baccarat,6,bakaRa
9,bacchanal,7,bakanal
10,bacchanale,7,bakanal
9,bacchante,5,bak@t
9,bachelier,7,baS2lje
13,bachi-bouzouk,9,baSibuzuk
8,bachique,5,baSik
6,bachot,4,baSo
9,bachotage,7,baSotaZ
8,bachoter,6,baSote
7,bacille,5,basil
4,back,3,bak
7,back up,5,bak9p
10,backgammon,8,bakgamon
10,background,9,bakgRawnd
5,bacon,5,bekon
11,bactéricide,10,bakteRisid
8,bactérie,7,bakteRi
9,bactérien,8,bakteRj5
13,bactériologie,12,bakteRjoloZi
15,bactériologique,13,bakteRjoloZik
15,bactériologiste,14,bakteRjOlOZist
13,bactériophage,11,bakteRjOfaZ
11,bactériémie,10,bakteRjemi
7,badabam,7,badabam
8,badaboum,7,badabum
8,badamier,7,badamje
6,badaud,4,bado
8,badauder,6,badode
10,badauderie,8,badod°Ri
5,bader,4,bade
7,baderne,6,badERn
5,badge,4,badZ
8,badigeon,6,badiZ§
12,badigeonnage,9,badiZonaZ
11,badigeonner,8,badiZone
12,badigeonneur,9,badiZon9R
11,badigoinces,8,badigw5s
5,badin,4,bad5
8,badinage,7,badinaZ
6,badine,5,badin
7,badiner,6,badine
9,badminton,9,badmintOn
6,badois,5,badwa
5,baffe,3,baf
6,baffer,4,bafe
6,baffle,4,bafl
7,bafouer,5,bafwe
11,bafouillage,7,bafujaZ
11,bafouillant,6,bafuj@
9,bafouille,5,bafuj
10,bafouiller,6,bafuje
11,bafouilleur,7,bafuj9R
10,bafouillis,6,bafuji
6,bafoué,5,bafwe
6,bagage,5,bagaZ
9,bagagerie,8,bagaZ°Ri
9,bagagiste,8,bagaZist
7,bagarre,5,bagaR
8,bagarrer,6,bagaRe
9,bagarreur,7,bagaR9R
7,bagasse,5,bagas
9,bagatelle,7,bagatEl
7,bagnard,5,baNaR
5,bagne,3,baN
7,bagnole,5,baNOl
7,bagoter,6,bagote
8,bagotter,6,bagote
5,bagou,4,bagu
7,bagouse,5,baguz
6,bagout,4,bagu
7,bagouze,5,baguz
7,baguage,5,bagaZ
5,bague,3,bag
10,baguenaude,7,bag°nod
11,baguenauder,8,bag°node
6,baguer,4,bage
8,baguette,5,bagEt
5,bagué,4,bage
3,bah,2,ba
4,baht,3,bat
5,bahut,3,bay
3,bai,2,bE
4,baie,2,bE
8,baignade,5,bENad
7,baigner,4,beNe
8,baigneur,5,bEN9R
9,baignoire,6,bENwaR
4,bail,3,baj
5,baile,3,bel
6,baille,3,baj
7,bailler,4,baje
8,bailleur,5,baj9R
6,bailli,4,baji
9,bailliage,5,bajaZ
8,baillive,5,bajiv
4,bain,2,b5
10,bain-marie,6,b5maRi
8,baisable,6,bEzabl
7,baisade,5,b°zad
5,baise,3,bEz
14,baise-en-ville,7,bEz@vil
9,baisemain,6,bEz°m5
9,baisement,6,bEz°m@
6,baiser,4,beze
7,baiseur,5,bEz9R
10,baisodrome,8,bEzodRom
11,baisouiller,6,bEzuje
6,baisse,3,bEs
10,baissement,6,bEs°m@
7,baisser,4,bese
8,baissier,5,besje
6,bajoue,4,baZu
8,bakchich,6,bakSiS
7,baklava,7,baklava
8,bakélite,7,bakelit
3,bal,3,bal
6,balade,5,balad
7,balader,6,balade
8,baladeur,7,balad9R
7,baladin,6,balad5
7,balafon,6,balaf§
7,balafre,6,balafR
8,balafrer,7,balafRe
7,balafré,7,balafRe
5,balai,4,balE
12,balai-brosse,8,balEbROs
6,balais,4,balE
7,balaise,5,balEz
9,balalaïka,9,balalaika
5,balan,4,bal@
7,balance,5,bal@s
10,balancelle,7,bal@sEl
11,balancement,8,bal@s°m@
8,balancer,6,bal@se
9,balancier,7,bal@sje
7,balancé,6,bal@se
9,balandras,7,bal@dRa
12,balanstiquer,9,bal@stike
9,balançage,7,bal@saZ
10,balançoire,8,bal@swaR
7,balatum,7,balatOm
8,balayage,7,balEjaZ
8,balayant,6,balEj@
7,balayer,6,baleje
9,balayette,7,balEjEt
8,balayeur,7,balEj9R
8,balayure,7,balEjyR
6,balboa,6,balboa
10,balbutiant,8,balbysj@
12,balbutiement,9,balbysim@
9,balbutier,8,balbysje
9,balbuzard,8,balbyzaR
6,balcon,5,balk§
9,balconnet,7,balkonE
9,baldaquin,7,baldak5
4,bale,3,bal
7,baleine,5,balEn
9,baleineau,6,balEno
9,baleinier,7,balenje
7,baleiné,6,balene
8,balinais,6,balinE
8,balisage,7,balizaZ
6,balise,5,baliz
7,baliser,6,balize
7,baliste,6,balist
10,balistique,8,balistik
14,balistiquement,11,balistik°m@
8,baliveau,6,balivo
9,baliverne,8,balivERn
10,balkanique,8,balkanik
9,ball-trap,7,baltRap
7,ballade,5,balad
7,ballant,4,bal@
7,ballast,6,balast
5,balle,3,bal
10,balle-peau,5,balpo
6,baller,4,bale
9,ballerine,7,bal°Rin
6,ballet,4,balE
6,ballon,4,bal§
12,ballon-sonde,7,bal§s§d
10,ballonnant,6,balon@
12,ballonnement,8,balOn°m@
9,ballonner,6,balone
8,ballonné,6,balone
6,ballot,4,balo
7,ballote,5,balOt
10,ballottage,7,balotaZ
12,ballottement,8,balot°m@
9,ballotter,6,balote
10,ballottine,7,balotin
8,ballotté,6,balote
8,balluche,5,balyS
9,balluchon,6,balyS§
13,balluchonnage,9,balySonaZ
9,balnéaire,7,balneER
14,balnéothérapie,12,balneoteRapi
7,balourd,5,baluR
10,balourdise,8,baluRdiz
7,balpeau,5,balpo
5,balsa,5,balza
9,balsamier,8,balzamje
9,balsamine,8,balzamin
10,balsamique,8,balzamik
5,balte,4,balt
9,balthazar,8,baltazaR
8,baltique,6,baltik
5,balto,5,balto
6,baluba,6,balyba
8,baluchon,6,balyS§
12,baluchonnage,9,balySonaZ
11,baluchonner,8,balySone
12,baluchonneur,9,balySon9R
10,balustrade,9,balystRad
8,balustre,7,balystR
9,balzacien,8,balzasj5
6,balèze,5,balEz
7,bambara,6,b@baRa
6,bambin,4,b@b5
10,bambinette,7,b@binEt
7,bambino,6,b@bino
8,bamboche,5,b@bOS
9,bambocher,6,b@boSe
6,bambou,4,b@bu
8,bamboula,6,b@bula
3,ban,2,b@
5,banal,5,banal
10,banalement,8,banal°m@
12,banalisation,11,banalizasj§
9,banaliser,8,banalize
8,banalité,8,banalite
6,banane,5,banan
7,bananer,6,banane
10,bananeraie,8,banan°RE
8,bananier,7,bananje
4,banc,2,b@
10,banc-titre,6,b@titR
8,bancaire,5,b@kER
6,bancal,5,b@kal
5,banco,4,b@ko
9,bancroche,6,b@kROS
7,bandage,5,b@daZ
10,bandagiste,8,b@daZist
9,bandaison,6,b@dEz§
7,bandana,6,b@dana
7,bandant,4,b@d@
5,bande,3,b@d
13,bande-annonce,7,b@dan§s
9,bande-son,5,b@ds§
7,bandeau,4,b@do
10,bandelette,7,b@d°lEt
6,bander,4,b@de
7,bandera,6,b@d°Ra
10,banderille,7,b@d°Rij
12,banderillero,10,b@d°RijeRo
9,banderole,7,b@d°ROl
7,bandeur,5,b@d9R
6,bandit,4,b@di
10,banditisme,8,b@ditizm
9,bandoline,7,b@dolin
9,bandonéon,7,b@done§
11,bandothèque,7,b@dOtEk
11,bandoulière,8,b@duljER
5,bandé,4,b@de
4,bang,3,b@g
10,bangladais,7,b@gladE
6,banian,5,banj@
5,banjo,5,b@dZo
9,bank-note,6,b@knOt
8,banlieue,5,b@lj2
11,banlieusard,8,b@lj2zaR
6,banner,4,bane
5,banni,4,bani
6,bannir,5,baniR
12,bannissement,8,banis°m@
8,bannière,6,banjER
6,banque,3,b@k
7,banquer,4,b@ke
11,banqueroute,7,b@k°Rut
13,banqueroutier,9,b@k°Rutje
7,banquet,4,b@kE
9,banquette,5,b@kEt
8,banquier,5,b@kje
8,banquise,5,b@kiz
6,bantou,4,b@tu
5,bantu,4,b@tu
6,banyan,6,banjan
7,banyuls,6,banjyl
6,baobab,6,baobab
4,baou,3,bau
8,baptiser,6,batize
9,baptiseur,7,batiz9R
9,baptismal,8,batismal
8,baptiste,6,batist
10,baptistère,8,batistER
7,baptême,5,batEm
6,baquet,4,bakE
3,bar,3,baR
9,bar-hôtel,7,baRotEl
10,bar-mitsva,8,baRmisva
14,bar-restaurant,10,baRREstoR@
9,bar-tabac,7,baRtaba
9,baragouin,7,baRagw5
12,baragouinage,10,baRagwinaZ
11,baragouiner,9,baRagwine
12,baragouineur,10,baRagwin9R
6,baraka,6,baRaka
10,baralipton,9,baRalipt§
7,baraque,5,baRak
11,baraquement,8,baRak°m@
7,baraqué,6,baRake
9,baraterie,8,baRat°Ri
7,baratin,6,baRat5
9,baratiner,8,baRatine
10,baratineur,9,baRatin9R
9,barattage,7,baRataZ
7,baratte,5,baRat
8,baratter,6,baRate
9,barbacane,8,baRbakan
7,barbant,5,baRb@
8,barbaque,6,baRbak
7,barbara,7,baRbaRa
7,barbare,6,baRbaR
11,barbarement,9,baRbaR°m@
11,barbaresque,9,baRbaREsk
8,barbarie,7,baRbaRi
10,barbarisme,9,baRbaRizm
5,barbe,4,baRb
16,barbe-de-capucin,11,baRbdkapys5
7,barbeau,5,baRbo
8,barbecue,8,baRb°kju
7,barbelé,7,baRb°le
6,barber,5,baRbe
6,barbet,5,baRbE
8,barbette,6,baRbEt
8,barbiche,6,baRbiS
11,barbichette,8,baRbiSEt
8,barbichu,7,baRbiSy
7,barbier,6,baRbje
9,barbillon,7,baRbij§
9,barbiquet,7,baRbikE
12,barbiturique,10,baRbityRik
6,barbon,5,baRb§
6,barbot,5,baRbo
7,barbote,6,baRbOt
8,barboter,7,baRbote
10,barbotière,9,baRbotjER
8,barbotte,6,baRbOt
12,barbouillage,8,baRbujaZ
10,barbouille,6,baRbuj
11,barbouiller,7,baRbuje
12,barbouilleur,8,baRbuj9R
11,barbouillis,7,baRbuji
10,barbouillé,7,baRbuje
8,barbouze,6,baRbuz
5,barbu,5,baRby
6,barbue,5,baRby
5,barca,5,baRka
10,barcarolle,8,baRkaROl
8,barcasse,6,baRkas
5,barda,5,baRda
7,bardage,6,baRdaZ
7,bardane,6,baRdan
5,barde,4,baRd
7,bardeau,5,baRdo
6,barder,5,baRde
5,bardo,5,baRdo
9,bardolino,9,baRdolino
6,bardot,5,baRdo
5,baret,4,baRE
5,barge,4,baRZ
10,barguigner,7,baRgiNe
5,baril,5,baRil
8,barillet,6,baRijE
6,barine,5,baRin
9,bariolage,8,baRjolaZ
7,bariolé,7,baRjole
5,barje,4,baRZ
5,barjo,5,baRZo
6,barjot,5,baRZo
7,barmaid,6,baRmEd
6,barman,6,baRman
6,barnum,6,baRnOm
6,barolo,6,baRolo
9,baromètre,8,baRomEtR
12,barométrique,10,baRometRik
5,baron,4,baR§
7,baronet,6,baRonE
8,baronner,6,baRone
8,baronnet,6,baRonE
8,baronnie,6,baRoni
7,baroque,5,baROk
15,barotraumatisme,13,baRotRomatism
6,baroud,5,baRud
9,baroudeur,7,baRud9R
6,barouf,5,baRuf
6,barque,4,baRk
9,barquette,6,baRkEt
9,barracuda,8,baRakyda
7,barrage,5,baRaZ
5,barre,3,baR
7,barreau,4,baRo
6,barrer,4,baRe
8,barrette,5,baREt
7,barreur,5,baR9R
9,barricade,7,baRikad
10,barricader,8,baRikade
11,barricadier,9,baRikadje
8,barrique,5,baRik
12,barrissement,8,baRis°m@
8,barriste,6,baRist
8,barrière,6,baRjER
5,barré,4,baRe
9,barrésien,7,baRezj5
10,bartavelle,8,baRtavEl
5,barye,4,baRi
6,baryon,5,baRj§
6,baryte,5,baRit
7,baryton,6,baRit§
10,barytonner,8,baRitone
6,baryté,6,baRite
6,baryum,6,baRjOm
6,barzoï,6,baRzOj
6,barème,5,baREm
3,bas,2,ba
8,bas-bleu,5,babl2
8,bas-côté,6,bakote
10,bas-empire,7,baz@piR
9,bas-flanc,5,bafl@
8,bas-fond,4,baf§
10,bas-relief,8,baR°ljEf
10,bas-ventre,6,bav@tR
5,basal,5,bazal
7,basalte,6,bazalt
10,basaltique,8,bazaltik
6,basane,5,bazan
6,basané,6,bazane
9,basculant,7,baskyl@
7,bascule,6,baskyl
11,basculement,9,baskyl°m@
8,basculer,7,baskyle
4,base,3,baz
9,base-ball,6,bEzbol
8,baseball,6,bezbol
5,baser,4,baze
5,basic,5,bazik
9,basilaire,7,bazilER
8,basileus,6,bazil2
7,basilic,7,bazilik
9,basilicum,9,bazilikOm
9,basilique,7,bazilik
5,basin,4,baz5
7,basique,5,bazik
6,basket,6,baskEt
11,basket-ball,9,baskEtbOl
10,basketteur,8,baskEt9R
7,basmati,7,basmati
7,basoche,5,bazOS
6,basque,4,bask
5,bassa,4,basa
5,basse,3,bas
10,basse-cour,6,baskuR
11,basse-fosse,6,basfos
12,basse-taille,6,bastaj
9,bassement,6,bas°m@
8,bassesse,5,basEs
6,basset,4,basE
8,bassette,5,basEt
6,bassin,4,bas5
7,bassine,5,basin
8,bassiner,6,basine
8,bassinet,6,basinE
10,bassinoire,8,basinwaR
8,bassiste,6,basist
6,basson,4,bas§
5,basta,5,basta
5,baste,4,bast
6,baster,5,baste
7,bastide,6,bastid
8,bastille,6,bastij
10,bastingage,8,bast5gaZ
7,bastion,6,bastj§
6,baston,5,bast§
10,bastonnade,8,bastonad
9,bastonner,7,bastone
6,bastos,6,bastOs
10,bastringue,7,bastR5g
4,basé,4,baze
9,bat-flanc,5,bafl@
9,bat-l'eau,4,balo
8,bataclan,7,batakl@
8,bataille,5,bataj
9,batailler,6,bataje
10,batailleur,7,bataj9R
9,bataillon,6,bataj§
14,bataillonnaire,9,batajonER
5,batak,5,batak
9,batardeau,7,bataRdo
6,batave,5,batav
6,bateau,4,bato
14,bateau-citerne,10,batositERn
13,bateau-lavoir,10,batolavwaR
13,bateau-mouche,7,batomuS
13,bateau-pilote,9,batopilOt
12,bateau-pompe,7,batop§p
8,bateleur,7,bat°l9R
8,batelier,7,bat°lje
10,batellerie,8,batEl°Ri
4,bath,3,bat
10,bathymètre,8,batimEtR
13,bathymétrique,10,batimetRik
11,bathyscaphe,8,batiskaf
11,bathysphère,8,batisfER
10,batifolage,9,batifolaZ
9,batifoler,8,batifole
5,batik,5,batik
7,batiste,6,batist
9,batracien,8,batRasj5
7,battage,5,bataZ
7,battant,4,bat@
5,batte,3,bat
9,battement,6,bat°m@
8,batterie,6,bat°Ri
7,batteur,5,bat9R
12,battle-dress,9,bat9ldREs
7,battoir,6,batwaR
6,battre,4,batR
5,battu,4,baty
6,battue,4,baty
5,batée,4,bate
3,bau,2,bo
4,baud,2,bo
12,baudelairien,9,bod°lERj5
6,baudet,4,bodE
8,baudrier,7,bodRije
8,baudroie,6,bodRwa
9,baudruche,6,bodRyS
5,bauge,3,boZ
5,baume,3,bom
7,baumier,5,bomje
7,bauxite,6,boksit
6,bavard,5,bavaR
9,bavardage,8,bavaRdaZ
8,bavarder,7,bavaRde
8,bavarois,7,bavaRwa
8,bavasser,6,bavase
9,bavasseur,7,bavas9R
4,bave,3,bav
5,baver,4,bave
7,bavette,5,bavEt
6,baveur,5,bav9R
6,baveux,4,bav2
8,bavocher,6,bavoSe
6,bavoir,6,bavwaR
6,bavure,5,bavyR
8,bayadère,7,bajadER
6,bayard,5,bajaR
5,bayer,4,baje
5,bayou,4,baju
5,bazar,5,bazaR
6,bazard,5,bazaR
8,bazarder,7,bazaRde
9,bazardeur,8,bazaRd9R
7,bazooka,6,bazuka
10,baïonnette,7,bajonEt
4,bcbg,8,besebeZe
6,be-bop,5,bibOp
6,beagle,5,big9l
4,beat,3,bit
15,beat generation,12,bitZeneRasj§
7,beatnik,6,bitnik
4,beau,2,bo
9,beau-fils,5,bofis
10,beau-frère,6,bofRER
9,beau-papa,6,bopapa
11,beau-parent,6,bopaR@
9,beau-père,5,bopER
9,beauceron,6,bos°R§
8,beaucoup,4,boku
5,beauf,3,bof
10,beaujolais,6,boZolE
10,beaujolpif,8,boZOlpif
7,beaupré,5,bopRe
6,beauté,4,bote
8,beauvais,4,bovE
10,beaux-arts,5,bozaR
13,beaux-enfants,6,boz@f@
13,beaux-parents,6,bopaR@
3,bec,3,bEk
11,bec-de-cane,8,bEkd2kan
13,bec-de-lièvre,10,bEkd2ljEvR
7,because,5,bikoz
8,becfigue,6,bEkfig
7,becquer,4,beke
7,becquet,4,bekE
11,becquetance,7,bEk°t@s
9,becqueter,6,bEk°te
7,becquée,4,bEke
8,bectance,6,bEkt@s
6,becter,5,bEkte
7,bedaine,5,b2dEn
6,bedeau,4,b2do
5,bedon,4,b2d§
9,bedonnant,6,b2don@
9,beefsteak,6,biftEk
6,beeper,5,bip9R
12,beethovénien,9,betovenj5
7,beffroi,6,befRwa
12,behavioriste,10,beavjoRist
5,beige,3,bEZ
6,beigne,3,bEN
7,beignet,4,bENE
3,bel,3,bEl
9,bel canto,7,bElk@to
7,belette,5,b°lEt
5,belge,4,bElZ
8,belgique,6,bElZik
9,belladone,7,beladOn
13,belle lurette,8,bEllyREt
11,belle-doche,6,bEldOS
13,belle-famille,8,bElfamij
11,belle-fille,6,bElfij
11,belle-maman,7,bElmam@
12,belle-à-voir,8,bElavwaR
9,bellement,6,bEl°m@
12,bellevillois,9,bel°vilwa
10,belliciste,8,bElisist
12,belligérance,9,bEliZeR@s
11,belligérant,8,beliZeR@
15,belliqueusement,10,belik2z°m@
10,belliqueux,6,belik2
10,bellissime,7,bElisim
6,bellot,4,bElo
9,belluaire,6,bEl8ER
8,bellâtre,6,bElatR
5,belon,4,b°l§
6,belote,5,b°lOt
7,beloter,6,b°lote
6,beluga,6,belyga
9,belvédère,8,bElvedER
3,ben,2,b5
10,benedictus,10,benediktys
9,bengalais,6,b5galE
7,bengali,6,b5gali
8,benjamin,6,b5Zam5
7,benjoin,5,b5Zw5
5,benne,3,bEn
6,benoît,5,b°nwa
7,benoîte,6,b°nwat
11,benoîtement,9,b°nwat°m@
9,benthique,5,b5tik
9,benzidine,7,b5zidin
7,benzine,5,b5zin
8,benzoate,6,b5zOat
14,benzodiazépine,12,b5zodjazepin
12,benzonaphtol,10,b5zonaftOl
10,benzylique,7,b5zilik
7,benzène,5,b5zEn
10,benzédrine,8,b5zedRin
5,benêt,4,b°nE
3,ber,3,b9R
7,berbère,6,bERbER
7,bercail,6,bERkaj
5,berce,4,bERs
7,berceau,5,bERso
13,bercelonnette,10,bERs°lonEt
9,bercement,7,bERs°m@
6,bercer,5,bERse
7,berceur,6,bERs9R
13,berdouillette,8,bERdujEt
4,berg,4,bERg
9,bergamote,8,bERgamOt
5,berge,4,bERZ
6,berger,5,bERZe
8,bergerie,7,bERZ°Ri
13,bergeronnette,10,bERZ°RonEt
4,berk,4,bERk
5,berle,4,bERl
6,berlin,5,bERl5
7,berline,6,bERlin
9,berlingot,7,bERl5go
9,berlingue,6,bERl5g
9,berlinois,8,bERlinwa
8,berloque,6,bERlOk
6,berlue,5,bERly
7,berlure,6,bERlyR
8,berlurer,7,bERlyRe
5,berme,4,bERm
7,bermuda,7,bERmyda
8,bernache,6,bERnaS
16,bernard-l'ermite,12,bERnaRlERmit
17,bernard-l'hermite,12,bERnaRlERmit
5,berne,4,bERn
6,berner,5,bERne
8,bernicle,7,bERnikl
8,bernique,6,bERnik
7,bernois,6,bERnwa
9,berrichon,6,bERiS§
10,bersaglier,10,bERsaglije
6,bertha,5,bERta
6,berthe,4,bERt
9,berzingue,6,bERz5g
6,besace,5,b°zas
8,besaiguë,6,b°zegy
6,besant,4,b°z@
5,besef,5,b°zEf
8,besicles,6,bezikl
7,besogne,5,b2zON
8,besogner,6,b2zoNe
9,besogneux,6,b2zoN2
6,besoin,5,b°zw5
6,besson,4,bes§
4,best,4,bEst
7,best of,6,bEstOf
11,best-seller,9,bEstsel9R
9,bestiaire,7,bEstjER
7,bestial,7,bEstjal
12,bestialement,10,bEstjal°m@
10,bestialité,10,bEstjalite
9,bestiasse,7,bEstjas
7,bestiau,6,bEstjo
8,bestiole,7,bEstjOl
5,bette,3,bEt
9,betterave,7,bEt°Rav
11,betteravier,9,bEt°Ravje
7,betting,5,bEtiG
3,beu,2,b2
6,beuark,5,b2aRk
8,beuglant,5,b2gl@
10,beuglement,7,b2gl°m@
7,beugler,5,b2gle
4,beuh,2,b2
4,beur,3,b9R
5,beurk,4,b9Rk
8,beurrage,5,b9RaZ
6,beurre,3,b9R
7,beurrer,4,b9Re
8,beurrier,5,b9Rje
6,beurré,4,b9Re
8,beuverie,6,b9v°Ri
3,bey,2,bE
5,bezef,5,bezEf
2,bi,2,bi
8,biafrais,6,bjafRE
5,biais,3,bjE
7,biaiser,5,bjeze
6,biaisé,5,bjeze
8,biathlon,6,biatl§
3,bib,3,bib
6,bibard,5,bibaR
7,bibelot,6,bib°lo
8,bibendum,7,bib5dOm
7,biberon,6,bib°R§
10,biberonner,8,bib°Rone
4,bibi,4,bibi
7,bibiche,5,bibiS
6,bibine,5,bibin
6,bibite,5,bibit
5,bible,4,bibl
9,bibliobus,10,biblijobys
12,bibliographe,11,biblijogRaf
13,bibliographie,12,biblijogRafi
15,bibliographique,13,biblijOgRafik
11,bibliophile,10,biblijofil
12,bibliophilie,11,biblijofili
14,bibliophilique,12,biblijofilik
12,bibliothèque,10,biblijotEk
14,bibliothécaire,12,biblijotekER
8,biblique,6,biblik
12,bibliquement,9,biblik°m@
3,bic,3,bik
11,bicarbonate,10,bikaRbonat
7,bicause,5,bikoz
12,bicentenaire,9,bis@t°nER
6,biceps,6,bisEps
5,biche,3,biS
6,bicher,4,biSe
8,bichette,5,biSEt
6,bichon,4,biS§
9,bichonner,6,biSone
6,biclou,5,biklu
8,bicolore,7,bikolOR
7,bicoque,5,bikOk
7,bicorne,6,bikORn
5,bicot,4,biko
9,bicuspide,8,bikyspid
7,bicycle,6,bisikl
10,bicyclette,8,bisiklEt
10,bicycliste,9,bisiklist
9,bicéphale,7,bisefal
10,bicéphalie,8,bisefali
7,bidasse,5,bidas
4,bide,3,bid
5,bidet,4,bidE
14,bidimensionnel,12,bidim@sjonEl
7,bidoche,5,bidOS
5,bidon,4,bid§
9,bidonnage,7,bidonaZ
9,bidonnant,6,bidon@
8,bidonner,6,bidone
10,bidonville,7,bid§vil
11,bidouillage,7,bidujaZ
9,bidouille,5,biduj
10,bidouiller,6,biduje
6,bidule,5,bidyl
4,bief,4,bjEf
6,bielle,4,bjEl
4,bien,3,bj5
9,bien-aimé,7,bj5neme
10,bien-fonds,5,bj5f§
10,bien-fondé,7,bj5f§de
11,bien-manger,7,bj5m@Ze
12,bien-pensant,7,bj5p@s@
12,bien-portant,8,bj5pORt@
9,bien-être,7,bj5nEtR
12,bienfaisance,8,bj5f°z@s
11,bienfaisant,7,bj5f°z@
8,bienfait,5,bj5fE
11,bienfaiteur,8,bj5fEt9R
16,bienheureusement,11,bj5n2R2z°m@
11,bienheureux,7,bj5n2R2
8,biennale,6,bjenal
10,bienséance,7,bj5se@s
9,bienséant,6,bj5se@
7,bientôt,5,bj5to
15,bienveillamment,9,bj5vEjam@
13,bienveillance,8,bj5vEj@s
12,bienveillant,7,bj5vEj@
8,bienvenu,7,bj5v°ny
9,bienvenue,7,bj5v°ny
3,bif,3,bif
6,biface,5,bifas
5,biffe,3,bif
6,biffer,4,bife
8,biffeton,6,bif°t§
6,biffin,4,bif5
6,bifide,5,bifid
7,bifteck,6,biftEk
6,bifton,5,bift§
8,biftèque,6,biftEk
11,bifurcation,10,bifyRkasj§
9,bifurquer,7,bifyRke
8,big band,6,bigb@d
8,big bang,6,bigb@g
8,big-bang,6,bigb@g
8,bigaille,5,bigaj
6,bigame,5,bigam
7,bigamie,6,bigami
9,bigarreau,6,bigaRo
8,bigarrer,6,bigaRe
9,bigarrure,7,bigaRyR
7,bigarré,6,bigaRe
7,bighorn,6,bigORn
5,bigle,4,bigl
6,bigler,5,bigle
7,bigleux,5,bigl2
5,bigne,3,biN
7,bignole,5,biNOl
8,bignolle,5,biNOl
6,bignon,4,biN§
4,bigo,4,bigo
9,bigophone,7,bigofOn
10,bigophoner,8,bigofone
7,bigorne,6,bigORn
9,bigorneau,7,bigORno
8,bigorner,7,bigORne
5,bigot,4,bigo
9,bigoterie,8,bigOt°Ri
8,bigouden,7,bigudEn
7,bigoudi,6,bigudi
5,bigre,4,bigR
9,bigrement,7,bigR°m@
5,bigue,3,big
7,biguine,5,bigin
14,bihebdomadaire,11,biEbdomadER
8,bihoreau,5,bioRo
5,bijou,4,biZu
10,bijouterie,8,biZut°Ri
9,bijoutier,7,biZutje
6,bijoux,4,biZu
6,bikini,6,bikini
5,bilan,4,bil@
9,bilatéral,9,bilateRal
14,bilatéralement,12,bilateRal°m@
9,bilbergia,9,bilbERZja
9,bilboquet,7,bilbokE
4,bile,3,bil
5,biler,4,bile
6,bileux,4,bil2
11,bilharziose,9,bilaRzjoz
8,biliaire,6,biljER
7,bilieux,5,bilj2
8,bilingue,5,bil5g
11,bilinguisme,9,bil5g8izm
10,bilirubine,9,biliRybin
4,bill,3,bil
7,billard,5,bijaR
5,bille,3,bij
6,biller,4,bije
6,billet,4,bijE
11,billetterie,8,bijEt°Ri
10,billevesée,8,bil°v°ze
7,billion,5,bilj§
6,billon,4,bij§
6,billot,4,bijo
3,bim,3,bim
12,bimbeloterie,10,b5b°lOt°Ri
9,bimensuel,8,bim@s8El
8,bimestre,7,bimEstR
8,bimoteur,7,bimot9R
12,bimétallisme,10,bimetalizm
5,bin's,4,bins
7,binaire,5,binER
5,biner,4,bine
11,binet-simon,8,binEsim§
7,binette,5,binEt
4,bing,3,biG
5,bingo,4,biGo
6,biniou,5,binju
9,binoclard,8,binoklaR
7,binocle,6,binOkl
11,binoculaire,9,binokylER
6,bintje,5,bintS
4,binz,4,binz
6,binôme,5,binom
3,bio,3,bjo
9,biochimie,7,bjoSimi
11,biochimique,8,bjoSimik
15,biochimiquement,11,bjoSimik°m@
11,biochimiste,9,bjoSimist
12,biodiversité,12,bjodivERsite
13,biodégradable,12,bjodegRadabl
9,biographe,7,bjogRaf
10,biographie,8,bjogRafi
12,biographique,9,bjogRafik
10,biogénique,8,bjoZenik
12,biogénétique,10,bjoZenetik
8,biologie,7,bjoloZi
10,biologique,8,bjoloZik
14,biologiquement,11,bjoloZik°m@
10,biologiste,9,bjoloZist
15,bioluminescence,12,bjolymines@s
8,biomasse,6,bjomas
12,biomécanique,10,bjomekanik
12,biomécanisme,11,bjomekanizm
10,biomédical,10,bjomedikal
9,biométrie,8,bjOmetRi
11,biométrique,9,bjometRik
8,bionique,6,bjonik
11,biophysique,8,bjofizik
7,biopsie,6,bjOpsi
9,biorythme,7,bjoRitm
9,biosphère,7,bjosfER
12,biotechnique,9,bjotEknik
14,biotechnologie,12,bjotEknoloZi
8,biotique,6,bjotik
7,biotite,6,bjOtit
7,biotope,6,bjotOp
7,bioxyde,7,bjOksid
13,bioélectrique,11,bjoelEktRik
3,bip,3,bip
7,bip-bip,6,bipbip
10,bipartisan,9,bipaRtiz@
10,bipartisme,9,bipaRtism
9,bipartite,8,bipaRtit
5,biper,4,bipe
9,biphényle,7,bifenil
7,biplace,6,biplas
6,biplan,5,bipl@
9,bipolaire,7,bipolER
10,bipolarité,10,bipolaRite
6,bipède,5,bipEd
5,bique,3,bik
6,biquet,4,bikE
8,biquette,5,bikEt
5,birbe,4,biRb
4,bire,3,biR
6,biribi,6,biRibi
6,birman,5,biRm@
7,biroute,5,biRut
13,birth control,10,b9Rsk§tROl
13,biréfringence,10,biRefR5Z@s
3,bis,3,bis
9,bisannuel,8,bizan8El
8,bisaïeul,7,bizaj9l
8,bisbille,6,bisbij
8,biscaïen,7,biskaj5
7,bischof,5,biSOf
8,biscornu,8,biskORny
8,biscotte,6,biskOt
7,biscuit,6,bisk8i
11,biscuiterie,10,bisk8it°Ri
4,bise,3,biz
6,biseau,4,bizo
8,biseness,6,biznEs
5,biser,4,bize
7,bisette,5,bizEt
11,bisexualité,12,biseks8alite
8,bisexuel,9,biseks8El
7,bisexué,8,biseks8e
6,bishop,5,biSOp
11,bismarckien,9,bismaRkj5
7,bismuth,6,bismyt
7,bisness,6,biznEs
5,bison,4,biz§
5,bisou,4,bizu
12,bisou-éclair,9,bizueklER
6,bisque,4,bisk
7,bisquer,5,biske
6,bissac,5,bisak
6,bissel,5,bisEl
6,bisser,4,bise
10,bissextile,9,bisekstil
8,bistorte,7,bistORt
10,bistouille,6,bistuj
12,bistouquette,8,bistukEt
8,bistouri,7,bistuRi
11,bistouriser,9,bistuRize
6,bistre,5,bistR
6,bistro,6,bistRo
10,bistroquet,8,bistRokE
7,bistrot,6,bistRo
10,bistrotier,9,bistRotje
11,bistrouille,7,bistRuj
9,bisulfite,8,bisylfit
3,bit,3,bit
4,bite,3,bit
9,bithynien,7,bitinj5
8,bitoniau,7,bitonjo
5,bitos,5,bitOs
5,bitte,3,bit
6,bitter,5,bitER
6,bitume,5,bitym
8,bitumeux,6,bitym2
10,bitumineux,8,bitymin2
6,biture,5,bityR
7,biturer,6,bityRe
7,biturin,6,bityR5
7,bivalve,6,bivalv
7,bivouac,6,bivwak
10,bivouaquer,7,bivwake
7,bizarde,6,bizaRd
7,bizarre,5,bizaR
11,bizarrement,8,bizaR°m@
10,bizarrerie,8,bizaR°Ri
10,bizarroïde,8,bizaRoid
7,bizness,6,biznEs
5,bizou,4,bizu
5,bizut,4,bizy
8,bizutage,7,bizytaZ
7,bizuter,6,bizyte
6,bizuth,4,bizy
5,bière,4,bjER
7,bla-bla,6,blabla
11,bla-bla-bla,9,blablabla
6,blabla,6,blabla
9,blablabla,9,blablabla
9,blablater,8,blablate
5,black,4,blak
10,black-bass,7,blakbas
10,black-jack,8,blakdZak
9,black-out,7,blakaut
11,blackbouler,8,blakbule
7,blafard,6,blafaR
6,blague,4,blag
7,blaguer,5,blage
8,blagueur,6,blag9R
5,blair,4,blER
8,blaireau,5,blERo
7,blairer,5,bleRe
8,blaisois,6,blEzwa
5,blanc,3,bl@
9,blanc-bec,6,bl@bEk
10,blanc-bleu,6,bl@bl2
10,blanc-gris,6,bl@gRi
11,blanc-seing,5,bl@s5
7,blanche,5,bl@S°
13,blanchecaille,7,bl@Skaj
11,blanchement,7,bl@S°m@
8,blanchet,5,bl@SE
9,blancheur,6,bl@S9R
7,blanchi,5,bl@Si
11,blanchiment,7,bl@Sim@
8,blanchir,6,bl@SiR
12,blanchissage,8,bl@SisaZ
12,blanchissant,7,bl@Sis@
14,blanchissement,9,bl@Sis°m@
13,blanchisserie,9,bl@Sis°Ri
12,blanchisseur,8,bl@Sis9R
13,blanchoiement,8,bl@Swam@
8,blanchon,5,bl@S§
10,blanchâtre,7,bl@SatR
15,blancs-manteaux,7,bl@m@to
7,blanque,4,bl@k
10,blanquette,6,bl@kEt
5,blase,4,blaz
6,blaser,5,blaze
6,blason,5,blaz§
9,blasphème,7,blasfEm
13,blasphémateur,11,blasfemat9R
14,blasphématoire,12,blasfematwaR
10,blasphémer,8,blasfeme
8,blastula,8,blastyla
5,blasé,5,blaze
6,blatte,4,blat
5,blaze,4,blaz
6,blazer,6,blazER
4,bled,4,blEd
12,blennorragie,9,blenoRaZi
8,blessant,5,blEs@
7,blesser,5,blese
8,blessing,6,blEsiG
8,blessure,6,blesyR
6,blessé,5,blese
4,blet,3,blE
7,blettir,6,bletiR
13,blettissement,9,bletis°m@
4,bleu,3,bl2
9,bleu-ciel,7,bl2sjEl
9,bleu-noir,7,bl2nwaR
8,bleu-roi,6,bl2Rwa
9,bleu-vert,6,bl2vER
8,bleubite,6,bl9bit
6,bleuet,4,bl2E
8,bleuette,5,bl2Et
5,bleui,4,bl2i
6,bleuir,5,bl2iR
10,bleusaille,6,bl2zaj
6,bleuté,5,bl2te
8,bleuâtre,6,bl2atR
6,bliaut,5,blijo
8,blindage,6,bl5daZ
6,blinde,4,bl5d
7,blinder,5,bl5de
6,blindé,5,bl5de
5,blini,5,blini
10,blitzkrieg,9,blitskRik
8,blizzard,6,blizaR
4,blob,4,blOb
4,bloc,4,blOk
14,bloc-cylindres,10,blOksil5dR
11,bloc-moteur,9,blOkmot9R
10,bloc-notes,7,blOknOt
7,blocage,6,blokaZ
9,blocaille,6,blokaj
5,block,4,blOk
9,blockhaus,6,blOkos
11,blocs-notes,7,blOknOt
6,blocus,6,blokys
5,blond,3,bl§
9,blondasse,6,bl§das
8,blondeur,6,bl§d9R
7,blondin,5,bl§d5
9,blondinet,7,bl§dinE
7,blondir,6,bl§diR
11,bloody mary,9,blOdimaRi
5,bloom,4,blum
7,bloomer,5,blume
8,bloquant,5,blok@
7,bloquer,5,bloke
8,bloqueur,6,blok9R
6,bloqué,5,bloke
4,blot,3,blo
6,blotti,5,bloti
7,blottir,6,blotiR
13,blottissement,9,blOtis°m@
5,bloum,4,blum
6,blouse,4,bluz
7,blouser,5,bluze
7,blouson,5,bluz§
9,blue note,6,blunOt
9,blue-jean,7,bludZin
5,blues,4,bluz
7,bluette,5,blyEt
5,bluff,4,bl9f
7,bluffer,5,bl9fe
8,bluffeur,6,bl9f9R
5,blush,4,bl9S
6,bluter,5,blyte
7,blutoir,7,blytwaR
8,blâmable,7,blamabl
5,blâme,4,blam
6,blâmer,5,blame
6,blèche,4,blES
9,blèsement,6,blEzm@
3,blé,3,ble
7,blédard,6,bledaR
10,blépharite,8,blefaRit
5,blême,4,blEm
6,blêmir,6,blemiR
3,boa,3,boa
11,boat people,9,bOwtpip9l
3,bob,3,bOb
6,bobard,5,bobaR
7,bobbies,4,bobi
5,bobby,4,bobi
8,bobinage,7,bobinaZ
8,bobinard,7,bobinaR
6,bobine,5,bobin
8,bobineau,6,bobino
9,bobinette,7,bobinEt
6,bobino,6,bobino
4,bobo,4,bobo
7,bobonne,5,bobOn
7,bobosse,5,bobOs
9,bobsleigh,7,bObslEg
7,bobèche,5,bobES
3,boc,3,bOk
6,bocage,5,bokaZ
5,bocal,5,bokal
6,bocard,5,bokaR
5,boche,3,bOS
8,bochiman,6,boSim@
4,bock,3,bOk
6,bocson,5,bOks§
6,bodega,6,bod°ga
5,bodhi,4,bOdi
11,bodhisattva,9,bodizatva
4,bodo,4,bodo
4,body,4,bOdi
13,body-building,10,bOdibildiG
12,bodybuilding,10,bOdibildiG
4,boer,3,b9R
5,boeuf,3,b9f
3,bof,3,bOf
6,boggie,4,bogi
6,boghei,5,bogEj
5,bogie,4,bOZi
5,bogue,3,bOg
6,boguer,4,boge
6,boguet,4,bOgE
6,bohème,4,boEm
8,bohémien,6,boemj5
6,bohême,4,boEm
5,boire,4,bwaR
4,bois,3,bwa
8,boiserie,7,bwaz°Ri
7,boiseur,6,bwaz9R
8,boisseau,5,bwaso
10,boisselier,8,bwas2lje
7,boisson,5,bwas§
5,boisé,5,bwaze
9,boitement,7,bwat°m@
6,boiter,5,bwate
8,boiterie,7,bwat°Ri
7,boiteux,5,bwat2
10,boitillant,7,bwatij@
12,boitillement,9,bwatij°m@
9,boitiller,7,bwatije
3,bol,3,bOl
4,bola,4,bola
9,bolchevik,8,bOlS°vik
11,bolchevique,8,bOlS°vik
11,bolchevisme,9,bOlS°vizm
11,bolcheviste,9,bOlS°vist
6,bolcho,5,bOlSo
4,bold,4,bOld
5,boldo,5,bOldo
6,bolduc,6,bOldyk
5,bolet,4,bolE
5,bolge,4,bOlZ
6,bolide,5,bolid
7,bolivar,7,bolivaR
8,bolivien,7,bOlivj5
9,bolognais,6,boloNE
5,bolée,4,bole
6,boléro,6,boleRo
7,bombage,5,b§baZ
8,bombance,5,b§b@s
8,bombarde,6,b§baRd
12,bombardement,9,b§baRd°m@
9,bombarder,7,b§baRde
10,bombardier,8,b§baRdje
9,bombardon,7,b§baRd§
8,bombardé,7,b§baRde
5,bombe,3,b§b
6,bomber,4,b§be
7,bombeur,5,b§b9R
12,bombillement,8,b§bij°m@
10,bombinette,7,b§binEt
8,bombonne,5,b§bOn
6,bombyx,6,b§biks
5,bombé,4,b§be
3,bon,2,b§
8,bon-papa,6,b§papa
6,bonace,5,bonas
12,bonapartiste,11,bonapaRtist
6,bonard,5,bonaR
7,bonasse,5,bonas
11,bonassement,8,bonas°m@
10,bonasserie,8,bonas°Ri
6,bonbon,4,b§b§
8,bonbonne,5,b§bOn
11,bonbonnière,8,b§bonjER
4,bond,2,b§
7,bondage,5,b§daZ
5,bonde,3,b§d
6,bonder,4,b§de
11,bondieusard,8,b§dj2zaR
12,bondieuserie,9,b§dj2z°Ri
6,bondir,5,b§diR
10,bondissant,6,b§dis@
12,bondissement,8,b§dis°m@
7,bondrée,5,b§dRe
5,bondé,4,b§de
5,bongo,4,b§go
7,bonheur,5,bon9R
15,bonheur-du-jour,10,bon9RdyZuR
8,bonhomie,6,bonomi
8,bonhomme,5,bonOm
4,boni,4,boni
7,boniche,5,boniS
12,bonification,11,bonifikasj§
8,bonifier,7,bonifje
8,boniment,6,bonim@
10,bonimenter,8,bonim@te
11,bonimenteur,9,bonim@t9R
5,bonir,5,boniR
7,bonjour,5,b§ZuR
7,bonnard,5,bonaR
5,bonne,3,bOn
11,bonne-maman,7,bOnmam@
9,bonnement,6,bOn°m@
6,bonnet,4,bonE
9,bonneteau,6,bOn°to
8,bonneter,6,bOnEte
10,bonneterie,8,bonEt°Ri
9,bonneteur,7,bOn°t9R
8,bonnette,5,bOnEt
8,bonniche,5,boniS
6,bonnir,5,boniR
6,bonsaï,5,b§zaj
7,bonsoir,6,b§swaR
5,bonté,4,b§te
5,bonus,5,bonys
6,bonzaï,5,b§zaj
5,bonze,3,b§z
13,boogie-woogie,8,bugiwugi
4,book,3,buk
9,bookmaker,8,bukmEk9R
4,boom,3,bum
6,boomer,5,bum9R
9,boomerang,7,bum°R@g
7,booster,5,buste
10,bootlegger,8,butleg9R
5,boots,4,buts
3,bop,3,bOp
9,boqueteau,6,bOk°to
4,bora,4,boRa
5,borax,6,boRaks
10,borborygme,9,bORboRigm
8,borchtch,5,bORtS
4,bord,3,bOR
7,bordage,6,bORdaZ
7,bordeau,5,bORdo
8,bordeaux,5,bORdo
6,bordel,6,bORdEl
9,bordelais,7,bORd°lE
6,border,5,bORde
9,bordereau,7,bORd°Ro
8,borderie,7,bORd2Ri
10,borderline,9,bORdERlin
7,bordier,6,bORdje
8,bordille,6,bORdij
5,bordj,5,bORdZ
7,bordure,6,bORdyR
8,bordurer,7,bORdyRe
5,bordé,5,bORde
6,bordée,5,bORde
10,bordélique,8,bORdelik
10,bordéliser,9,bORdelize
4,bore,3,bOR
6,borgne,4,bORN
5,borie,4,boRi
7,borique,5,boRik
7,bornage,6,bORnaZ
5,borne,4,bORn
14,borne-fontaine,9,bORnf§tEn
6,borner,5,bORne
5,borné,5,bORne
7,borough,4,boRO
9,borsalino,9,bORsalino
6,bortch,5,bORtS
7,bortsch,5,bORtS
6,boréal,6,boReal
5,borée,4,bORe
5,bosco,5,bOsko
7,boskoop,6,bOskup
9,bosniaque,7,bOsnjak
7,bosnien,6,bOsnj5
7,bosquet,5,bOskE
4,boss,3,bOs
10,bossa-nova,8,bosanova
7,bossage,5,bosaZ
5,bosse,3,bOs
8,bosseler,6,bOs°le
12,bossellement,8,bosEl°m@
9,bosselure,7,bOs°lyR
7,bosselé,6,bOs°le
6,bosser,4,bose
7,bosseur,5,bos9R
7,bossoir,6,boswaR
6,bosson,4,bos§
5,bossu,4,bosy
6,bossué,5,bos8e
6,boston,6,bOstOn
9,bostonien,8,bOstonj5
9,bostonner,7,bOstone
3,bot,2,bo
9,botanique,7,botanik
13,botaniquement,10,bOtanik°m@
9,botaniste,8,botanist
5,botte,3,bOt
8,botteler,6,bOt°le
7,bottelé,6,bOt°le
6,botter,4,bote
7,botteur,5,bot9R
7,bottier,5,botje
9,bottillon,6,botij§
6,bottin,4,bot5
7,bottine,5,botin
5,botté,4,bote
9,botulique,7,bOtylik
9,botulisme,9,botylizm°
6,boubou,4,bubu
4,bouc,3,buk
6,boucan,4,buk@
8,boucaner,6,bukane
10,boucanerie,8,bukan°Ri
9,boucanier,7,bukanje
8,bouchage,5,buSaZ
9,boucharde,6,buSaRd
10,boucharder,7,buSaRde
6,bouche,3,buS
11,bouche-trou,6,buStRu
15,bouche-à-bouche,7,buSabuS
16,bouche-à-oreille,8,buSaoREj
7,boucher,4,buSe
9,boucherie,6,buS°Ri
7,bouchon,4,buS§
10,bouchonner,6,buSone
9,bouchonné,6,buSone
7,bouchot,4,buSo
8,bouchure,5,buSyR
6,bouché,4,buSe
7,bouchée,4,buSe
8,bouclage,6,buklaZ
6,boucle,4,bukl
7,boucler,5,bukle
9,bouclette,6,buklEt
8,bouclier,7,buklije
6,bouclé,5,bukle
7,bouddha,4,buda
10,bouddhique,5,budik
10,bouddhisme,6,budizm
10,bouddhiste,6,budist
6,bouder,4,bude
8,bouderie,6,bud°Ri
7,boudeur,5,bud9R
5,boudi,4,budi
6,boudin,4,bud5
7,boudine,5,budin
7,boudiné,6,budine
7,boudiou,5,budju
7,boudoir,6,budwaR
5,boudu,4,budy
4,boue,2,bu
6,boueur,4,bw9R
6,boueux,3,bw2
4,bouf,3,buf
9,bouffable,6,bufabl
8,bouffant,4,buf@
9,bouffarde,6,bufaRd
6,bouffe,3,buf
7,bouffer,4,bufe
11,bouffetance,7,buf°t@s
8,bouffeur,5,buf9R
6,bouffi,4,bufi
11,bouffissure,7,bufisyR
7,bouffon,4,buf§
11,bouffonnant,6,bufon@
13,bouffonnement,8,bufOn°m@
10,bouffonner,6,bufone
12,bouffonnerie,8,bufOn°Ri
7,bouffée,4,bufe
9,bouftance,6,buft@s
14,bougainvillier,9,bug5vilje
13,bougainvillée,8,bug5vile
5,bouge,3,buZ
8,bougeoir,6,buZwaR
9,bougeotte,5,buZOt
6,bouger,4,buZe
6,bougie,4,buZi
7,bougnat,4,buNa
8,bougnoul,5,buNul
9,bougnoule,5,buNul
6,bougon,4,bug§
12,bougonnement,8,bugOn°m@
9,bougonner,6,bugone
7,bougran,5,bugR@
6,bougre,4,bugR
10,bougrement,7,bugR°m@
9,bougrerie,7,bugR°Ri
9,bougresse,6,bugREs
5,bougé,4,buZe
9,boui-boui,6,bwibwi
8,bouiboui,6,bwibwi
5,bouif,4,bwif
13,bouillabaisse,7,bujabEs
9,bouillant,4,buj@
10,bouillasse,5,bujas
7,bouille,3,buj
9,bouilleur,5,buj9R
7,bouilli,4,buji
8,bouillie,4,buji
8,bouillir,5,bujiR
10,bouilloire,6,bujwaR
8,bouillon,4,buj§
12,bouillonnant,6,bujon@
14,bouillonnement,8,bujOn°m@
11,bouillonner,6,bujone
12,bouillonneux,6,bujOn2
10,bouillonné,6,bujone
10,bouillotte,5,bujOt
7,bouillu,4,bujy
6,boukha,4,buka
8,boulange,5,bul@Z
9,boulanger,6,bul@Ze
19,boulanger-pâtissier,13,bul@Zepatisje
11,boulangerie,8,bul@Z°Ri
11,boulangisme,8,bul@Zizm
7,boulder,6,buld9R
5,boule,3,bul
14,boule-de-neige,8,buld°nEZ
7,bouleau,4,bulo
10,bouledogue,7,bul°dOg
6,bouler,4,bule
6,boulet,4,bulE
8,boulette,5,bulEt
9,boulevard,7,bul°vaR
12,boulevardier,10,bul°vaRdje
12,bouleversant,9,bul°vERs@
14,bouleversement,11,bul°vERs°m@
11,bouleverser,9,bul°vERse
10,bouleversé,9,bul°vERse
8,boulgour,6,bulguR
7,boulier,5,bulje
8,boulimie,6,bulimi
10,boulimique,7,bulimik
7,bouline,5,bulin
8,bouliste,6,bulist
6,boulle,3,bul
10,boulodrome,8,bulodRom
7,bouloir,6,bulwaR
6,boulon,4,bul§
10,boulonnage,7,bulOnaZ
10,boulonnais,6,bulonE
9,boulonner,6,bulone
11,boulonnerie,8,bulOn°Ri
6,boulot,4,bulo
13,boulot-refuge,9,buloR°fyZ
8,boulotte,5,bulOt
9,boulotter,6,bulote
5,boulu,4,buly
4,boum,3,bum
7,bouquet,4,bukE
10,bouquetier,7,buk°tje
9,bouquetin,6,buk°t5
8,bouqueté,6,buk°te
7,bouquin,4,buk5
10,bouquinage,7,bukinaZ
9,bouquiner,6,bukine
10,bouquineur,7,bukin9R
11,bouquiniste,8,bukinist
4,bour,3,buR
6,bourbe,4,buRb
8,bourbeux,5,buRb2
8,bourbier,6,buRbje
7,bourbon,5,buRb§
10,bourbonien,8,buRbonj5
9,bourdaine,6,buRdEn
6,bourde,4,buRd
10,bourdillon,7,buRdij§
7,bourdon,5,buRd§
11,bourdonnant,7,buRdon@
13,bourdonnement,9,buRdOn°m@
10,bourdonner,7,buRdone
5,bourg,3,buR
8,bourgade,6,buRgad
6,bourge,4,buRZ
9,bourgeois,6,buRZwa
14,bourgeoisement,10,buRZwaz°m@
11,bourgeoisie,8,buRZwazi
13,bourgeoisisme,10,buRZwazizm
8,bourgeon,5,buRZ§
12,bourgeonnant,7,buRZon@
14,bourgeonnement,9,buRZOn°m@
11,bourgeonner,7,buRZone
9,bourgeron,7,buRZ°R§
11,bourgmestre,9,buRgmEstR
9,bourgogne,6,buRgON
9,bourgueil,6,buRg9j
11,bourguignon,7,buRgiN§
10,bourlingue,6,buRl5g
11,bourlinguer,7,buRl5ge
12,bourlingueur,8,buRl5g9R
9,bourrache,5,buRaS
8,bourrade,5,buRad
8,bourrage,5,buRaZ
10,bourrasque,6,buRask
9,bourratif,7,buRatif
6,bourre,3,buR
10,bourre-mou,5,buRmu
10,bourre-pif,6,buRpif
8,bourreau,4,buRo
9,bourrelet,6,buR°lE
10,bourrelier,7,buR°lje
12,bourrellerie,8,buREl°Ri
7,bourrer,4,buRe
8,bourreur,5,buR9R
9,bourriche,5,buRiS
10,bourrichon,6,buRiS§
9,bourricot,6,buRiko
8,bourrier,5,buRje
7,bourrin,4,buR5
8,bourrine,5,buRin
9,bourrique,5,buRik
10,bourriquet,6,buRikE
6,bourru,4,buRy
6,bourré,4,buRe
6,bourse,4,buRs
9,boursicot,7,buRsiko
12,boursicotage,10,buRsikotaZ
12,boursicoteur,10,buRsikot9R
8,boursier,6,buRsje
14,boursouflement,10,buRsufl°m@
11,boursoufler,8,buRsufle
12,boursouflure,9,buRsuflyR
10,boursouflé,8,buRsufle
7,bousbir,6,busbiR
10,bousculade,8,buskylad
9,bousculer,7,buskyle
5,bouse,3,buz
7,bouseux,4,buz2
7,bousier,5,buzje
10,bousillage,7,buzijaZ
9,bousiller,6,buzije
10,bousilleur,7,buzij9R
8,bousillé,6,buzije
6,bousin,4,buz5
7,bousine,5,buzin
8,boussole,5,busOl
12,boustifaille,8,bustifaj
13,boustrophédon,10,bustRofed§
4,bout,2,bu
11,bout-dehors,6,bud2OR
9,bout-rimé,6,buRime
7,boutade,5,butad
9,boutanche,5,but@S
9,boutargue,6,butaRg
14,boute-en-train,7,but@tR5
8,boutefeu,6,but°f2
9,boutefeux,6,but°f2
9,bouteille,5,butEj
10,bouteillon,6,butEj§
6,bouter,4,bute
7,bouteur,5,but9R
8,bouthéon,5,bute§
10,boutillier,6,butije
8,boutique,5,butik
16,boutique-cadeaux,9,butikkado
9,boutiquer,6,butike
10,boutiquier,7,butikje
7,boutoir,6,butwaR
6,bouton,4,but§
11,bouton-d'or,7,but§dOR
15,bouton-pression,10,but§pREsj§
10,boutonnage,7,butonaZ
10,boutonnant,6,buton@
9,boutonner,6,butone
10,boutonneux,6,buton2
11,boutonnière,8,butonjER
8,boutonné,6,butone
6,boutre,4,butR
7,bouture,5,butyR
6,bouvet,4,buvE
7,bouvier,5,buvje
9,bouvillon,6,buvij§
9,bouvreuil,6,buvR9j
7,bouzine,5,buzin
8,bouzouki,6,buzuki
5,bouzy,4,buzi
5,bouée,3,bwe
6,bovidé,6,bovide
5,bovin,4,bov5
10,bow-window,7,bowindo
7,bowling,5,buliG
3,box,4,bOks
8,box-calf,8,bOkskalf
10,box-office,8,bOksofis
4,boxe,4,bOks
5,boxer,6,bOksER
5,boxer,5,bOkse
11,boxer-short,10,bOks9RSORt
6,boxeur,6,bOks9R
5,boxon,5,bOks§
3,boy,3,bOj
10,boy-friend,8,bOjfR5nd
9,boy-scout,7,bOjskut
14,boy-scoutesque,10,bOjskutEsk
6,boyard,6,bwajaR
5,boyau,5,bwajo
8,boyauter,7,bwajOte
7,boycott,6,bOjkOt
9,boycotter,7,bOjkote
4,bozo,4,bozo
5,boîte,4,bwat
7,boîtier,6,bwatje
7,brabant,5,bRab@
9,brabançon,7,bRab@s§
8,bracelet,7,bRas°lE
15,bracelet-montre,11,bRas°lEm§tR
8,brachial,7,bRakjal
17,brachiocéphalique,13,bRakjOsefalik
12,brachiosaure,9,bRakjozOR
13,brachycéphale,10,bRakisefal
5,braco,5,bRako
10,braconnage,8,bRakonaZ
9,braconner,7,bRakone
10,braconnier,8,bRakonje
6,brader,5,bRade
8,braderie,7,bRad°Ri
9,bradillon,7,bRadij§
11,bradycardie,10,bRadikaRdi
7,bragard,6,bRagaR
9,braguette,6,bRagEt
8,brahmane,6,bRaman
11,brahmanique,8,bRamanik
11,brahmanisme,9,bRamanizm
4,brai,3,bRE
9,braiement,5,bREm@
9,braillard,6,bRajaR
7,braille,4,bRaj
11,braillement,7,bRaj°m@
8,brailler,5,bRaje
9,brailleur,6,bRaj9R
8,braiment,5,bREm@
11,brain-trust,10,bREjntR9st
13,brainstorming,12,bREjnstORmiG
6,braire,4,bRER
6,braise,4,bREz
7,braiser,5,bREze
11,braisillant,7,bREzij@
6,braisé,5,bReze
5,brame,4,bRam
9,bramement,7,bRam°m@
6,bramer,5,bRame
4,bran,3,bR@
8,brancard,6,bR@kaR
10,brancarder,8,bR@kaRde
11,brancardier,9,bR@kaRdje
9,branchage,6,bR@SaZ
7,branche,4,bR@S
11,branchement,7,bR@S°m@
8,brancher,5,bR@Se
10,branchette,6,bR@SEt
8,branchie,5,bR@Si
7,branchu,5,bR@Sy
7,branché,5,bR@Se
5,brand,3,bR@
8,brandade,6,bR@dad
15,brandebourgeois,11,bR@d°buRZwa
9,brandevin,7,bR@d°v5
12,brandevinier,10,bR@d°vinje
10,brandillon,7,bR@dij§
7,brandir,6,bR@diR
7,brandon,5,bR@d§
6,brandy,5,bR@di
8,branlage,6,bR@laZ
8,branlant,5,bR@l@
6,branle,4,bR@l
10,branle-bas,6,bR@lba
10,branlement,7,bR@l°m@
7,branler,5,bR@le
9,branlette,6,bR@lEt
8,branleur,6,bR@l9R
7,branlée,5,bR@le
7,branque,4,bR@k
11,branquignol,8,bR@kiNOl
8,braquage,6,bRakaZ
6,braque,4,bRak
10,braquemart,8,bRak°maR
7,braquer,5,bRake
7,braquet,5,bRakE
8,braqueur,6,bRak9R
4,bras,3,bRa
7,brasage,6,bRazaZ
6,braser,5,bRaze
7,brasero,7,bRazeRo
7,brasier,6,bRazje
12,brasillement,9,bRazij°m@
9,brasiller,7,bRazije
8,brassage,6,bRasaZ
8,brassard,6,bRasaR
6,brasse,4,bRas
7,brasser,5,bRase
9,brasserie,7,bRas°Ri
15,brasserie-hôtel,11,bRas°RiotEl
8,brasseur,6,bRas9R
11,brassicourt,8,bRasikuR
9,brassière,7,bRasjER
7,brassée,5,bRase
7,brasure,6,bRazyR
8,bravache,6,bRavaS
7,bravade,6,bRavad
5,brave,4,bRav
9,bravement,7,bRav°m@
6,braver,5,bRave
10,bravissimo,9,bRavisimo
5,bravo,5,bRavo
8,bravoure,6,bRavuR
5,braye,4,bREj
5,break,4,bREk
10,break-down,8,bREkdawn
10,breakdance,8,bREkdEns
9,breakfast,8,bREkf9st
6,brebis,5,bR°bi
6,bredin,5,bR°d5
12,bredouillage,8,bR°dujaZ
12,bredouillant,7,bR°duj@
10,bredouille,6,bR°duj
14,bredouillement,9,bR°duj°m@
11,bredouiller,7,bR°duje
11,bredouillis,7,bR°duji
4,bref,4,bREf
6,bregma,6,bREgma
12,breitschwanz,11,bRajtSvants
6,brelan,5,bR2l@
8,breloque,6,bR2lOk
7,breneux,5,bR2n2
7,bressan,5,bREs@
8,brestois,7,bREstwa
8,bretelle,6,bR°tEl
6,breton,5,bR°t§
10,bretonnant,7,bR°ton@
6,brette,4,bREt
8,bretteur,6,bREt9R
7,bretzel,7,bREdzEl
6,breuil,4,bR9j
8,breuvage,6,bR9vaZ
6,brevet,5,bR2vE
8,breveter,7,bR2v°te
7,breveté,7,bR2v°te
3,bri,3,bRi
6,briard,6,bRijaR
5,bribe,4,bRib
15,bric et de broc,10,bRiked2bRo
11,bric-à-brac,9,bRikabRak
9,bricheton,7,bRiS°t§
5,brick,4,bRik
9,bricolage,8,bRikolaZ
7,bricole,6,bRikOl
8,bricoler,7,bRikole
9,bricoleur,8,bRikol9R
7,bricolo,7,bRikolo
5,bride,4,bRid
6,brider,5,bRide
6,bridge,5,bRidZ
7,bridger,6,bRidZe
6,bridon,5,bRid§
5,bridé,5,bRide
4,brie,3,bRi
7,briefer,5,bRife
8,briefing,6,bRifiG
7,briffer,5,bRife
7,brigade,6,bRigad
9,brigadier,8,bRigadje
14,brigadier-chef,11,bRigadjeSEf
10,brigadiste,9,bRigadist
7,brigand,5,bRig@
10,brigandage,8,bRig@daZ
9,brigantin,7,bRig@t5
10,brigantine,8,bRig@tin
9,brignolet,7,bRiNolE
7,briguer,5,bRige
11,brillamment,7,bRijam@
9,brillance,6,bRij@s
8,brillant,5,bRij@
11,brillantage,8,bRij@taZ
11,brillantine,8,bRij@tin
12,brillantiner,9,bRij@tine
7,briller,5,bRije
7,brimade,6,bRimad
12,brimbalement,9,bR5bal°m@
9,brimbaler,7,bR5bale
10,brimborion,8,bR5boRj§
6,brimer,5,bRime
4,brin,3,bR5
12,brindezingue,7,bR5dz5g
9,brindille,6,bR5dij
7,bringue,4,bR5g
13,bringuebalant,9,bR5g°bal@
12,bringuebaler,9,bR5g°bale
12,brinquebaler,9,bR5k°bale
4,brio,5,bRijo
7,brioche,6,bRijOS
7,brioché,7,bRijoSe
8,briquage,6,bRikaZ
6,brique,4,bRik
7,briquer,5,bRike
7,briquet,5,bRikE
10,briquetage,8,bRik°taZ
11,briqueterie,9,bRikEt°Ri
10,briquetier,8,bRik°tje
9,briquette,6,bRikEt
4,bris,3,bRi
7,brisant,5,bRiz@
8,briscard,7,bRiskaR
5,brise,4,bRiz
10,brise-bise,7,bRizbiz
9,brise-fer,7,bRizfER
11,brise-glace,8,bRizglas
9,brise-jet,8,bRizdZEt
10,brise-lame,7,bRizlam
10,brise-vent,6,bRizv@
6,briser,5,bRize
7,briseur,6,bRiz9R
6,brisis,5,bRizi
7,brisque,5,bRisk
7,bristol,7,bRistOl
7,brisure,6,bRizyR
5,brisé,5,bRize
6,brisée,5,bRize
11,britannique,8,bRitanik
7,british,6,bRitiS
9,brivadois,8,bRivadwa
5,brize,4,bRiz
10,brièvement,9,bRijEv°m@
8,brièveté,9,bRijEv°te
4,broc,3,bRo
8,brocante,6,bRok@t
10,brocanteur,8,bRok@t9R
7,brocard,6,bRokaR
9,brocarder,8,bRokaRde
7,brocart,6,bRokaR
10,brocatelle,8,bRokatEl
8,brochage,6,bRoSaZ
8,brochant,5,bRoS@
6,broche,4,bROS
7,brocher,5,bRoSe
7,brochet,5,bRoSE
9,brochette,6,bRoSEt
8,brocheur,6,bRoS9R
8,brochure,6,bRoSyR
6,broché,5,bRoSe
7,brocoli,7,bRokoli
9,brodequin,7,bROd°k5
6,broder,5,bRode
8,broderie,7,bROd°Ri
5,brodé,5,bRode
9,broiement,6,bRwam@
6,broker,6,bRok9R
4,brol,4,bROl
5,brome,4,bRom
7,bromure,6,bRomyR
7,bronche,4,bR§S
8,broncher,5,bR§Se
10,bronchique,6,bR§Sik
9,bronchite,6,bR§Sit
12,bronchitique,8,bR§Sitik
7,broncho,5,bR§ko
17,broncho-pneumonie,12,bR§kopn2moni
20,broncho-pneumopathie,14,bR§kopn2mopati
12,bronchoscope,9,bR§kOskOp
13,bronchoscopie,10,bR§kOskOpi
11,brontosaure,8,bR§tozoR
8,bronzage,6,bR§zaZ
8,bronzant,5,bR§z@
6,bronze,4,bR§z
7,bronzer,5,bR§ze
9,bronzette,6,bR§zEt
8,bronzier,6,bR§zje
6,bronzé,5,bR§ze
5,brook,4,bRuk
6,broque,4,bROk
9,broquille,6,bRokij
8,brossage,6,bRosaZ
6,brosse,4,bROs
7,brosser,5,bRose
8,brosseur,6,bRos9R
8,brossier,6,bRosje
4,brou,3,bRu
6,brouet,4,bRuE
8,brouette,5,bRuEt
9,brouetter,6,bRuEte
9,brouettée,6,bRuEte
8,brouhaha,5,bRuaa
10,brouillade,6,bRujad
10,brouillage,6,bRujaZ
12,brouillamini,9,bRujamini
10,brouillard,6,bRujaR
13,brouillardeux,8,bRujaRd2
11,brouillasse,6,bRujas
8,brouille,4,bRuj
9,brouiller,5,bRuje
10,brouilleur,6,bRuj9R
9,brouillon,5,bRuj§
8,brouillé,5,bRuje
5,broum,4,bRum
11,broussaille,6,bRusaj
13,broussailleux,7,bRusaj2
9,broussard,6,bRusaR
7,brousse,4,bRus
5,brout,3,bRu
8,broutage,6,bRutaZ
8,broutard,6,bRutaR
7,brouter,5,bRute
8,brouteur,6,bRut9R
9,broutille,6,bRutij
11,brown sugar,10,bRawnSugaR
8,browning,6,bRoniG
7,broyage,7,bRwajaZ
6,broyer,6,bRwaje
7,broyeur,7,bRwaj9R
5,broyé,6,bRwaje
4,brrr,2,bR
3,bru,3,bRy
6,bruant,4,bRy@
10,brucellose,8,bRysEloz
8,brugeois,6,bRyZwa
6,bruges,4,bRyZ
7,brugnon,5,bRyN§
6,bruine,5,bR8in
7,bruiner,6,bR8ine
6,bruire,5,bR8iR
9,bruissant,6,bR8is@
11,bruissement,8,bR8is°m@
5,bruit,4,bR8i
8,bruitage,7,bR8itaZ
7,bruiter,6,bR8ite
8,bruiteur,7,bR8it9R
9,brumaille,6,bRymaj
8,brumaire,6,bRymER
5,brume,4,bRym
7,brumeux,5,bRym2
11,brumisateur,10,bRymizat9R
4,brun,3,bR1
6,brunch,5,bR9nS
5,brune,4,bRyn
6,brunet,5,bRynE
8,brunette,6,bRynEt
5,bruni,5,bRyni
6,brunir,6,bRyniR
10,brunissage,8,bRynisaZ
10,brunissoir,9,bRyniswaR
8,brunâtre,7,bRynatR
8,brushing,6,bR9SiG
7,brusque,5,bRysk
11,brusquement,8,bRysk°m@
8,brusquer,6,bRyske
10,brusquerie,8,bRysk°Ri
4,brut,4,bRyt
6,brutal,6,bRytal
11,brutalement,9,bRytal°m@
10,brutaliser,9,bRytalize
9,brutalité,9,bRytalite
5,brute,4,bRyt
10,bruxellois,8,bRysElwa
10,bruyamment,8,bR8ijam@
7,bruyant,6,bR8ij@
7,bruyère,7,bR8ijER
6,brèche,4,bRES
5,brème,4,bREm
5,brève,4,bREv
7,bréchet,5,bReSE
9,bréhaigne,5,bReEN
6,brésil,6,bRezil
9,brésilien,8,bRezilj5
9,bréviaire,7,bRevjER
7,brûlage,6,bRylaZ
7,brûlant,5,bRyl@
12,brûle-gueule,7,bRylg9l
6,brûler,5,bRyle
7,brûleur,6,bRyl9R
6,brûlis,5,bRyli
6,brûlot,5,bRylo
7,brûlure,6,bRylyR
5,brûlé,5,bRyle
2,bu,2,by
9,buanderie,7,b8@d°Ri
10,bubble-gum,8,b9b9lgOm
5,bubon,4,byb§
9,bubonique,7,bybonik
6,buccal,5,bykal
6,buccin,5,byks5
11,buccinateur,10,byksinat9R
5,bucco,4,buko
13,bucco-génital,11,bykoZenital
9,bucolique,7,bykolik
6,buddha,4,byda
6,budget,5,bydZE
10,budgétaire,8,bydZetER
14,budgétairement,11,bydZetER°m@
13,budgétisation,12,bydZetizasj§
11,buen retiro,10,b8EnR2tiRo
7,buffalo,6,byfalo
6,buffet,4,byfE
6,buffle,4,byfl
11,buffleterie,9,byflEt°Ri
4,bufo,4,bufo
3,bug,3,b9g
5,buggy,4,b9gi
5,bugle,4,bygl
6,bugler,5,bygle
5,bugne,3,byN
8,building,6,bildiG
4,buis,3,b8i
7,buisson,5,b8is§
14,buisson-ardent,9,b8is§aRd@
11,buissonnant,7,b8ison@
10,buissonner,7,b8isone
11,buissonneux,7,b8ison2
5,bulbe,4,bylb
7,bulbeux,5,bylb2
6,bulbul,6,bylbyl
7,bulgare,6,bylgaR
7,bulgaro,7,bylgaRo
5,bulge,5,b9ldZ
4,bull,3,byl
8,bull-dog,6,buldOg
10,bull-finch,7,bylfinS
12,bull-terrier,8,byltERje
8,bullaire,5,bylER
7,bulldog,6,buldOg
9,bulldozer,8,byldozER
5,bulle,3,byl
6,buller,4,byle
8,bulletin,6,byl°t5
7,bulleux,4,byl2
5,bulot,4,bylo
6,bumper,6,b9mp9R
4,buna,4,byna
8,bungalow,6,b1galo
6,bunker,6,bunkER
7,bunraku,6,b1Raky
6,bunsen,5,b1zEn
9,buraliste,8,byRalist
4,bure,3,byR
6,bureau,4,byRo
11,bureaucrate,8,byRokRat
12,bureaucratie,9,byRokRasi
14,bureaucratique,10,byRokRatik
18,bureaucratiquement,13,byRokRatik°m@
11,bureautique,7,byRotik
7,burette,5,byREt
4,burg,4,b9Rg
6,burger,6,b9Rg9R
10,burgraviat,9,byRgRavja
5,burin,4,byR5
7,buriner,6,byRine
6,buriné,6,byRine
9,burkinabé,9,byRkinabe
9,burlesque,7,byRlEsk
9,burlingue,6,byRl5g
5,burne,4,byRn
7,burnous,6,byRnus
7,bursite,6,byRsit
9,burundais,7,byRyndE
3,bus,3,bys
6,busard,5,byzaR
4,buse,3,byz
4,bush,3,buS
5,bushi,4,buSi
7,bushido,6,buSido
7,bushman,6,buSman
8,business,6,biznEs
11,businessman,9,biznEsman
6,busqué,5,byske
5,buste,4,byst
7,bustier,6,bystje
3,but,3,byt
9,butadiène,8,bytadjEn
7,butagaz,7,bytagaz
6,butane,5,bytan
4,bute,3,byt
5,buter,4,byte
6,buteur,5,byt9R
5,butin,4,byt5
7,butiner,6,bytine
8,butineur,7,bytin9R
6,butoir,6,bytwaR
5,butor,5,bytOR
5,butte,3,byt
6,butter,4,byte
7,butteur,5,byt9R
7,buttoir,6,bytwaR
4,buté,4,byte
5,butée,4,byte
7,buvable,6,byvabl
6,buvant,4,byv@
6,buvard,5,byvaR
7,buvette,5,byvEt
6,buveur,5,byv9R
4,buée,3,b8e
2,by,2,bi
8,by night,7,bajnajt
7,by-pass,6,bajpas
3,bye,3,baj
7,bye-bye,6,bajbaj
8,byronien,7,biRonj5
8,byzantin,6,biz@t5
13,byzantinisant,10,biz@tiniz@
12,byzantinisme,10,biz@tinizm
6,bâbord,5,babOR
5,bâche,3,baS
6,bâcher,4,baSe
5,bâché,4,baSe
6,bâcler,5,bakle
6,bâfrer,5,bafRe
7,bâfreur,6,bafR9R
8,bâillant,4,baj@
10,bâillement,6,baj°m@
7,bâiller,4,baje
7,bâillon,4,baj§
10,bâillonner,6,bajone
3,bât,2,ba
6,bâtard,5,bataR
9,bâtardise,8,bataRdiz
5,bâter,4,bate
4,bâti,4,bati
8,bâtiment,6,batim@
5,bâtir,5,batiR
7,bâtisse,5,batis
9,bâtisseur,7,batis9R
5,bâton,4,bat§
8,bâtonner,6,batone
8,bâtonnet,6,batonE
9,bâtonnier,7,batonje
4,bâté,4,bate
5,bègue,3,bEg
2,bé,2,be
6,béance,4,be@s
5,béant,3,be@
8,béarnais,6,beaRnE
4,béat,3,bea
9,béatement,7,beat°m@
13,béatification,12,beatifikasj§
9,béatifier,8,beatifje
10,béatifique,8,beatifik
9,béatitude,8,beatityd
4,bébé,4,bebe
6,bébête,5,bebEt
9,bécabunga,8,bekabuGa
6,bécane,5,bekan
6,bécard,5,bekaR
7,bécarre,5,bekaR
7,bécasse,5,bekas
9,bécassine,7,bekasin
8,béchamel,7,beSamEl
6,bécher,4,beSe
5,bécot,4,beko
7,bécoter,6,bekote
8,bécoteur,7,bekot9R
6,bédane,5,bedan
7,bédouin,5,bedw5
4,bédé,4,bede
3,bée,2,be
4,béer,3,bee
10,bégaiement,6,begEm@
8,bégayant,6,begej@
7,bégayer,6,begeje
8,bégayeur,7,begEj9R
8,bégueule,5,beg9l
11,bégueulerie,8,beg9l°Ri
6,béguin,4,beg5
9,béguinage,7,beginaZ
7,béguine,5,begin
10,béguineuse,7,begin2z
5,bégum,5,begOm
6,béhème,4,beEm
8,béhémoth,6,beemOt
7,béjaune,5,beZon
6,bélier,5,belje
12,bélinogramme,10,belinogRam
7,bélouga,6,beluga
6,béluga,6,belyga
7,bélître,6,belitR
5,bémol,5,bemOl
6,bénard,5,benaR
5,bénef,5,benEf
11,bénignement,8,beniN°m@
9,bénignité,8,beniNite
5,bénin,4,ben5
8,béninois,7,beninwa
5,bénir,5,beniR
9,bénisseur,7,benis9R
5,bénit,4,beni
8,bénitier,7,benitje
7,bénouze,5,benuz
10,bénédicité,10,benedisite
10,bénédictin,9,benedikt5
11,bénédiction,10,benediksj§
8,bénéfice,7,benefis
12,bénéficiaire,10,benefisjER
10,bénéficier,9,benefisje
9,bénéfique,7,benefik
9,bénévolat,8,benevola
8,bénévole,7,benevOl
12,bénévolement,10,benevOl°m@
11,bénévolence,9,benevOl@s
7,béotien,6,beosj5
10,béquillard,7,bekijaR
8,béquille,5,bekij
10,béquilleux,5,bekj2
5,béret,4,beRE
8,béribéri,8,beRibeRi
5,béryl,5,beRil
9,béryllium,8,beRiljOm
8,bérézina,8,beRezina
5,bésef,5,bezEf
9,bésiclard,8,beziklaR
8,bésicles,6,bezikl
7,bésigue,5,bezig
6,bétail,5,betaj
10,bétaillère,7,betajER
5,bétel,5,betEl
7,bétoine,6,betwan
5,béton,4,bet§
9,bétonnage,7,betonaZ
8,bétonner,6,betone
10,bétonnière,8,betonjER
7,bétonné,6,betone
5,bévue,4,bevy
5,bézef,5,bezEf
7,bézoard,6,bezoaR
5,bêche,3,bES
6,bêcher,4,beSe
7,bêcheur,5,bES9R
6,bêlant,4,bEl@
8,bêlement,6,bEl°m@
5,bêler,4,bele
4,bêta,4,bEta
8,bêtatron,7,bEtatR§
4,bête,3,bEt
8,bêtement,6,bEt°m@
9,bêtifiant,7,betifj@
8,bêtifier,7,betifje
6,bêtise,5,betiz
8,bêtisier,7,betizje
4,bôme,3,bom
5,bûche,3,byS
6,bûcher,4,bySe
8,bûcheron,6,byS°R§
11,bûcheronner,8,byS°Rone
8,bûchette,5,bySEt
7,bûcheur,5,byS9R
1,c,1,s
12,c'est-à-dire,7,sEtadiR
3,cab,3,kab
6,cabale,5,kabal
9,cabaliste,8,kabalist
12,cabalistique,10,kabalistik
9,caballero,8,kabajeRo
5,caban,4,kab@
6,cabane,5,kaban
7,cabanon,6,kaban§
7,cabaret,6,kabaRE
10,cabaretier,9,kabaR°tje
5,cabas,4,kaba
8,caberlot,7,kabERlo
8,cabernet,7,kabERnE
8,cabestan,7,kabEst@
9,cabillaud,6,kabijo
6,cabine,5,kabin
7,cabiner,6,kabine
7,cabinet,6,kabinE
9,cabochard,7,kaboSaR
7,caboche,5,kabOS
8,cabochon,6,kaboS§
7,cabosse,5,kabOs
8,cabosser,6,kabose
5,cabot,4,kabo
8,cabotage,7,kabotaZ
7,caboter,6,kabote
8,caboteur,7,kabot9R
7,cabotin,6,kabot5
10,cabotinage,9,kabotinaZ
8,caboulot,6,kabulo
7,cabrade,6,kabRad
7,cabrage,6,kabRaZ
6,cabrer,5,kabRe
8,cabrette,6,kabREt
5,cabri,5,kabRi
8,cabriole,8,kabRijOl
9,cabrioler,9,kabRijole
9,cabriolet,9,kabRijolE
5,cabus,4,kaby
7,cabèche,5,kabES
4,caca,4,kaka
10,cacahouète,7,kakawEt
9,cacahuète,7,kakawEt
5,cacao,5,kakao
9,cacaotier,8,kakaotje
8,cacaoyer,8,kakawaje
8,cacatois,7,kakatwa
8,cacatoès,8,kakatoEs
8,cachalot,6,kaSalo
5,cache,3,kaS
15,cache-brassière,10,kaSbRasjER
11,cache-cache,6,kaSkaS
11,cache-coeur,6,kaSk9R
9,cache-col,6,kaSkOl
12,cache-corset,8,kaSkORsE
9,cache-nez,5,kaSne
9,cache-pot,5,kaSpo
15,cache-poussière,9,kaSpusjER
10,cache-sexe,7,kaSseks
12,cache-tampon,7,kaSt@p§
11,cachectique,8,kaSEktik
9,cachemire,7,kaS°miR
6,cacher,4,kaSe
6,cachet,4,kaSE
8,cacheter,6,kaS°te
8,cacheton,6,kaS°t§
8,cachette,5,kaSEt
8,cachexie,7,kaSEksi
6,cachot,4,kaSo
11,cachotterie,8,kaSOt°Ri
10,cachottier,7,kaSotje
6,cachou,4,kaSu
7,cachère,5,kaSER
5,caché,4,kaSe
7,cacique,5,kasik
9,cacochyme,7,kakoSim
10,cacodylate,9,kakodilat
10,cacophonie,8,kakofoni
12,cacophonique,9,kakofonik
6,cactus,6,kaktys
9,cadastral,9,kadastRal
8,cadastre,7,kadastR
7,cadavre,6,kadavR
10,cadavéreux,8,kadaveR2
11,cadavérique,9,kadaveRik
6,caddie,4,kadi
5,caddy,4,kadi
4,cade,3,kad
6,cadeau,4,kado
7,cadenas,6,kad°na
10,cadenasser,8,kad°nase
7,cadence,5,kad@s
8,cadencer,6,kad@se
7,cadencé,6,kad@se
5,cadet,4,kadE
4,cadi,4,kadi
7,cadmium,7,kadmjOm
7,cadogan,6,kadog@
5,cador,5,kadOR
7,cadrage,6,kadRaZ
6,cadran,5,kadR@
8,cadratin,7,kadRat5
5,cadre,4,kadR
6,cadrer,5,kadRe
7,cadreur,6,kadR9R
5,caduc,5,kadyk
8,caducité,8,kadysite
7,caducée,6,kadyse
7,caduque,5,kadyk
6,caecum,5,sekOm
7,caesium,6,sezjOm
3,caf,3,kaf
6,cafard,5,kafaR
9,cafardage,8,kafaRdaZ
8,cafarder,7,kafaRde
9,cafardeur,8,kafaRd9R
10,cafardeuse,8,kafaRd2z
9,cafardeux,7,kafaRd2
7,cafetan,6,kaf°t@
7,cafeter,5,kafte
9,cafeteria,9,kafeteRja
8,cafeteur,7,kaf°t9R
8,cafetier,7,kaf°tje
9,cafetière,8,kaf°tjER
7,cafeton,6,kaf°t§
11,cafouillage,7,kafujaZ
10,cafouiller,6,kafuje
11,cafouilleux,6,kafuj2
10,cafouillis,6,kafuji
5,cafre,4,kafR
7,caftage,6,kaftaZ
6,caftan,5,kaft@
6,cafter,5,kafte
7,cafteur,6,kaft9R
4,café,4,kafe
12,café-concert,9,kafek§sER
10,café-crème,8,kafekREm
10,café-hôtel,8,kafeotEl
15,café-restaurant,11,kafeREstOR@
10,café-tabac,8,kafetaba
12,café-théâtre,9,kafeteatR
7,caféier,6,kafeje
7,caféine,6,kafein
9,cafétéria,9,kafeteRja
6,cagade,5,kagad
4,cage,3,kaZ
6,cageot,4,kaZo
7,cagette,5,kaZEt
6,cagibi,6,kaZibi
5,cagna,4,kaNa
7,cagnard,5,kaNaR
5,cagne,3,kaN
7,cagneux,4,kaN2
8,cagnotte,5,kaNOt
5,cagot,4,kago
5,cagou,4,kagu
9,cagoulard,7,kagulaR
7,cagoule,5,kagul
7,cagoulé,6,kagule
6,caguer,4,kage
6,cahier,4,kaje
10,cahin-caha,6,ka5kaa
6,cahors,4,kaOR
5,cahot,3,kao
8,cahotant,5,kaot@
10,cahotement,7,kaOt°m@
7,cahoter,5,kaote
8,cahoteux,5,kaot2
6,cahute,4,kayt
9,caillasse,5,kajas
10,caillasser,6,kajase
6,caille,3,kaj
11,caillebotis,8,kaj°boti
7,cailler,4,kaje
8,caillera,6,kaj°Ra
9,caillette,5,kajEt
7,caillot,4,kajo
7,caillou,4,kaju
11,cailloutage,7,kajutaZ
11,caillouteux,6,kajut2
10,cailloutis,6,kajuti
6,caillé,4,kaje
5,cairn,4,kERn
7,cairote,5,kEROt
6,caisse,3,kEs
9,caissette,5,kEsEt
8,caissier,5,kesje
7,caisson,4,kEs§
7,cajoler,6,kaZole
9,cajolerie,8,kaZOl°Ri
8,cajoleur,7,kaZol9R
5,cajou,4,kaZu
5,cajun,4,kaZ1
4,cake,3,kEk
9,cake-walk,6,kEkwOk
3,cal,3,kal
9,calabrais,7,kalabRE
6,calade,5,kalad
8,calaison,6,kalEz§
7,calamar,7,kalamaR
6,calame,5,kalam
8,calamine,7,kalamin
10,calamistré,10,kalamistRe
10,calamiteux,8,kalamit2
8,calamité,8,kalamite
9,calancher,6,kal@Se
8,calandre,6,kal@dR
8,calanque,5,kal@k
5,calao,5,kalao
6,calbar,6,kalbaR
8,calbombe,6,kalb§b
8,calcaire,6,kalkER
6,calcer,5,kalse
6,calcif,6,kalsif
13,calcification,12,kalsifikasj§
8,calcifié,8,kalsifje
11,calcination,10,kalsinasj§
8,calciner,7,kalsine
7,calciné,7,kalsine
7,calcite,6,kalsit
7,calcium,7,kalsjOm
6,calcul,6,kalkyl
9,calculant,7,kalkyl@
11,calculateur,10,kalkylat9R
12,calculatrice,11,kalkylatRis
8,calculer,7,kalkyle
10,calculette,8,kalkylEt
8,calcémie,7,kalsemi
9,caldarium,9,kaldaRjOm
8,caldeira,7,kaldeRa
4,cale,3,kal
9,cale-pied,6,kalpje
7,calebar,7,kal°baR
9,calebasse,7,kal°bas
11,calebassier,9,kal°basje
9,calebombe,7,kal°b§b
7,calecif,7,kal°sif
9,calembour,7,kal@buR
13,calembredaine,10,kal@bR°dEn
10,calendaire,7,kal@dER
8,calendes,5,kal@d
7,calendo,6,kal@do
8,calendos,6,kal@do
8,calendre,6,kal@dR
10,calendrier,9,kal@dRije
9,calendula,8,kal@dyla
7,calepin,6,kal°p5
5,caler,4,kale
7,caleçon,5,kals§
11,caleçonnade,8,kalsonad
4,calf,4,kalf
6,calfat,5,kalfa
9,calfatage,8,kalfataZ
8,calfater,7,kalfate
11,calfeutrage,9,kalf2tRaZ
10,calfeutrer,8,kalf2tRe
9,calibrage,8,kalibRaZ
11,calibration,10,kalibRasj§
7,calibre,6,kalibR
8,calibrer,7,kalibRe
6,calice,5,kalis
7,calicot,6,kaliko
7,califat,6,kalifa
6,calife,5,kalif
10,californie,9,kalifORni
11,californien,10,kalifORnj5
11,californium,12,kalifORnijOm
12,califourchon,9,kalifuRS§
8,calisson,6,kalis§
9,call-girl,7,kOlg9Rl
5,calla,4,kala
6,caller,4,kale
7,calleux,4,kal2
11,calligraphe,8,kaligRaf
12,calligraphie,9,kaligRafi
13,calligraphier,10,kaligRafje
14,calligraphique,10,kaligRafik
18,calligraphiquement,13,kaligRafik°m@
9,callipyge,7,kalipiZ
9,callosité,8,kalozite
7,calmant,5,kalm@
6,calmar,6,kalmaR
5,calme,4,kalm
9,calmement,7,kalm°m@
6,calmer,5,kalme
6,calmir,6,kalmiR
6,calmos,6,kalmOs
4,calo,4,kalo
7,calomel,7,kalomEl
12,calomniateur,11,kalOmnjat9R
8,calomnie,7,kalOmni
9,calomnier,8,kalOmnje
10,calomnieux,8,kalOmnj2
11,caloporteur,10,kalopORt9R
7,calorie,6,kaloRi
11,calorifique,9,kaloRifik
10,calorifère,9,kaloRifER
9,calorique,7,kaloRik
5,calot,4,kalo
7,calotin,6,kalot5
7,calotte,5,kalOt
6,calque,4,kalk
7,calquer,5,kalke
6,calter,5,kalte
7,calumet,6,kalymE
5,calus,4,kaly
5,calva,5,kalva
8,calvados,8,kalvados
8,calvaire,6,kalvER
8,calville,6,kalvil
10,calvinisme,9,kalvinizm
10,calviniste,9,kalvinist
8,calvitie,7,kalvisi
7,calypso,7,kalipso
7,calèche,5,kalES
4,calé,4,kale
10,calédonien,9,kaledonj5
12,caléidoscope,11,kaleidOskOp
6,camail,5,kamaj
8,camarade,7,kamaRad
11,camaraderie,10,kamaRad°Ri
6,camard,5,kamaR
8,camarero,8,kamaReRo
10,camarguais,7,kamaRgE
9,camarilla,8,kamaRija
7,camarin,6,kamaR5
10,camarluche,8,kamaRlyS
6,camaro,6,kamaRo
7,camaïeu,6,kamaj2
8,camaïeux,6,kamaj2
6,camber,4,k@be
8,cambiste,6,k@bist
10,cambodgien,8,k@bOdZj5
8,cambouis,5,k@bwi
10,cambrement,7,k@bR°m@
7,cambrer,5,k@bRe
11,cambriolage,10,k@bRijolaZ
10,cambrioler,9,k@bRijole
11,cambrioleur,10,k@bRijol9R
10,cambrousse,6,k@bRus
8,cambrure,6,k@bRyR
6,cambré,5,k@bRe
7,cambuse,5,k@byz
9,cambusier,7,k@byzje
4,came,3,kam
8,camellia,7,kamelja
7,camelot,6,kam°lo
8,camelote,7,kam°lOt
9,camembert,7,kam@bER
5,camer,4,kame
9,cameraman,9,kameRaman
11,camerounais,8,kam°RunE
6,camion,5,kamj§
12,camion-benne,8,kamj§bEn
14,camion-citerne,11,kamj§sitERn
11,camion-grue,8,kamj§gRy
10,camionnage,8,kamjonaZ
11,camionnette,8,kamjonEt
10,camionneur,8,kamjon9R
8,camisole,7,kamizOl
9,camomille,7,kamomij
7,camorra,6,kamoRa
10,camouflage,8,kamuflaZ
9,camoufler,7,kamufle
9,camouflet,7,kamuflE
4,camp,2,k@
10,campagnard,7,k@paNaR
8,campagne,5,k@paN
9,campagnol,7,k@paNOl
10,campanaire,7,k@panER
9,campanile,7,k@panil
9,campanule,7,k@panyl
9,campement,6,k@p°m@
6,camper,4,k@pe
7,campeur,5,k@p9R
7,camphre,4,k@fR
9,camphrier,7,k@fRije
7,camping,5,k@piG
11,camping-car,8,k@piGkaR
11,camping-gaz,8,k@piGgaz
5,campo,4,k@po
6,campus,5,k@pys
5,campé,4,k@pe
8,campêche,5,k@pES
5,camus,4,kamy
4,camé,4,kame
5,camée,4,kame
7,camélia,7,kamelja
8,camélidé,8,kamelide
8,caméléon,7,kamele§
6,caméra,6,kameRa
13,caméra-espion,11,kameRaEspj§
9,caméraman,9,kameRaman
9,camériste,8,kameRist
9,caméscope,8,kameskOp
6,canada,6,kanada
8,canadair,7,kanadER
14,canadian river,11,kanadj@Rive
8,canadien,7,kanadj5
10,canadienne,8,kanadjEn
6,canado,6,kanado
8,canaille,5,kanaj
12,canaillement,8,kanaj°m@
11,canaillerie,8,kanaj°Ri
5,canal,5,kanal
12,canalisateur,11,kanalizat9R
12,canalisation,11,kanalizasj§
9,canaliser,8,kanalize
8,cananéen,7,kanane5
6,canapé,6,kanape
10,canapé-lit,8,kanapeli
7,canaque,5,kanak
6,canard,5,kanaR
8,canarder,7,kanaRde
6,canari,6,kanaRi
8,canasson,6,kanas§
7,canasta,7,kanasta
6,cancan,4,k@k@
8,cancaner,6,k@kane
9,cancanier,7,k@kanje
6,cancel,5,k@sEl
6,cancer,5,k@sER
6,canche,3,k@S
12,cancoillotte,8,k@kwajOt
6,cancre,4,k@kR
9,cancrelat,7,k@kR°la
9,cancéreux,6,k@seR2
11,cancérigène,9,k@seRiZEn
10,cancériser,8,k@seRize
11,cancérogène,9,k@seROZEn
12,cancérologie,10,k@seROlOZi
12,cancérologue,9,k@seROlOg
7,candeur,5,k@d9R
5,candi,4,k@di
7,candida,6,k@dida
8,candidat,6,k@dida
11,candidature,9,k@didatyR
7,candide,5,k@did
11,candidement,8,k@did°m@
9,candidose,7,k@didoz
10,candélabre,8,k@delabR
9,canebière,8,kan°bjER
11,canepetière,10,kan°p°tjER
5,caner,4,kane
9,canetille,7,kan°til
7,caneton,6,kan°t§
7,canette,5,kanEt
7,canevas,6,kan°va
9,canfouine,6,k@fwin
6,cangue,3,k@g
7,caniche,5,kaniS
11,caniculaire,9,kanikylER
8,canicule,7,kanikyl
5,canif,5,kanif
5,canin,4,kan5
6,canine,5,kanin
9,caninette,7,kaninEt
8,caniveau,6,kanivo
5,canna,4,kana
8,cannabis,7,kanabis
7,cannage,5,kanaZ
5,canne,3,kan
10,canne-épée,6,kanepe
10,canneberge,8,kan°bERZ
8,cannelle,5,kanEl
10,cannelloni,8,kaneloni
9,cannelure,7,kan°lyR
7,cannelé,6,kan°le
6,canner,4,kane
8,cannette,5,kanEt
9,cannibale,7,kanibal
12,cannibalisme,10,kanibalizm
5,canné,4,kane
5,canon,4,kan§
9,canonique,7,kanonik
13,canoniquement,10,kanonik°m@
12,canonisation,11,kanonizasj§
9,canoniser,8,kanonize
9,canonnade,7,kanonad
9,canonnage,7,kanonaZ
8,canonner,6,kanone
9,canonnier,7,kanonje
10,canonnière,8,kanonjER
6,canope,5,kanOp
5,canot,4,kano
8,canotage,7,kanotaZ
7,canoter,6,kanote
8,canotier,7,kanotje
5,canoë,5,kanoe
9,cantabile,7,k@tabil
11,cantabrique,8,k@tabRik
6,cantal,5,k@tal
9,cantaloup,6,k@talu
7,cantate,5,k@tat
10,cantatrice,8,k@tatRis
6,canter,5,k@t9R
8,canthare,5,k@taR
10,cantharide,7,k@taRid
10,cantilever,8,k@til°ve
9,cantilène,7,k@tilEn
7,cantine,5,k@tin
8,cantiner,6,k@tine
9,cantinier,7,k@tinje
8,cantique,5,k@tik
6,canton,4,k@t§
9,cantonade,7,k@tonad
9,cantonais,6,k@tonE
8,cantonal,7,k@tonal
12,cantonnement,8,k@tOn°m@
9,cantonner,6,k@tone
10,cantonnier,7,k@tonje
6,cantre,4,k@tR
7,canular,7,kanylaR
12,canularesque,10,kanylaREsk
6,canule,5,kanyl
5,canut,4,kany
6,canyon,6,kanjOn
5,caoua,4,kawa
10,caoutchouc,6,kautSu
13,caoutchouteux,8,kautSut2
11,caoutchouté,8,kautSute
3,cap,3,kap
11,cap-hornier,8,kapORnje
7,capable,6,kapabl
8,capacité,8,kapasite
9,capacités,8,kapasite
9,caparaçon,8,kapaRas§
4,cape,3,kap
8,capelage,7,kap°laZ
8,capeline,7,kap°lin
5,caper,4,kape
10,capharnaüm,9,kafaRnaOm
10,capillaire,7,kapilER
11,capillarité,10,kapilaRite
14,capilliculteur,12,kapilikylt9R
10,capilotade,9,kapilotad
7,capisco,7,kapisko
9,capitaine,7,kapitEn
12,capitainerie,10,kapitEn°Ri
7,capital,7,kapital
14,capital-risque,11,kapitalRisk
8,capitale,7,kapital
12,capitalement,10,kapital°m@
14,capitalisation,13,kapitalizasj§
11,capitaliser,10,kapitalize
11,capitalisme,10,kapitalizm
11,capitaliste,10,kapitalist
7,capitan,6,kapit@
9,capitanat,8,kapitana
8,capitane,7,kapitan
8,capiteux,6,kapit2
8,capitole,7,kapitOl
7,capiton,6,kapit§
11,capitonnage,9,kapitonaZ
10,capitonner,8,kapitone
9,capitonné,8,kapitone
11,capitulaire,9,kapitylER
10,capitulard,9,kapitylaR
12,capitulation,11,kapitylasj§
8,capitule,7,kapityl
9,capituler,8,kapityle
4,capo,4,kapo
5,capoc,4,kapo
5,capon,4,kap§
7,caporal,7,kapoRal
12,caporal-chef,10,kapoRalSEf
5,capot,4,kapo
6,capote,5,kapOt
7,capoter,6,kapote
5,cappa,4,kapa
10,cappuccino,9,kaputSino
9,capricant,7,kapRik@
7,caprice,6,kapRis
15,capricieusement,12,kapRisj2z°m@
10,capricieux,8,kapRisj2
10,capricorne,9,kapRikORn
10,capsulaire,8,kapsylER
7,capsule,6,kapsyl
7,captage,6,kaptaZ
9,captation,8,kaptasj§
6,capter,5,kapte
7,capteur,6,kapt9R
8,captieux,6,kapsj2
6,captif,6,kaptif
9,captivant,7,kaptiv@
8,captiver,7,kaptive
9,captivité,9,kaptivite
7,capture,6,kaptyR
8,capturer,7,kaptyRe
9,capuccino,9,kaputSino
7,capuche,5,kapyS
8,capuchon,6,kapyS§
7,capucin,6,kapys5
10,capucinade,9,kapysinad
8,capucine,7,kapysin
8,capucino,9,kaputSino
7,capulet,6,kapylE
13,caput mortuum,12,kaputmORtuOm
8,capétien,7,kapesj5
5,caque,3,kak
8,caquelon,6,kakEl§
6,caquet,4,kakE
9,caquetage,7,kak°taZ
9,caquetant,6,kak°t@
8,caqueter,6,kak°te
11,caquètement,8,kakEt°m@
3,car,3,kaR
7,carabas,6,kaRaba
6,carabe,5,kaRab
7,carabin,6,kaRab5
8,carabine,7,kaRabin
10,carabinier,9,kaRabinje
8,carabiné,8,kaRabine
9,carabosse,7,kaRabOs
7,caracal,7,kaRakal
6,caraco,6,kaRako
10,caracolade,9,kaRakolad
10,caracolant,8,kaRakol@
8,caracole,7,kaRakOl
9,caracoler,8,kaRakole
9,caractère,8,kaRaktER
11,caractériel,11,kaRakteRjEl
13,caractérisant,11,kaRakteRiz@
15,caractérisation,14,kaRakteRizasj§
12,caractériser,11,kaRakteRize
15,caractéristique,13,kaRakteRistik
11,caractérisé,11,kaRakteRize
14,caractérologie,13,kaRakteRoloZi
7,caracul,7,kaRakyl
6,carafe,5,kaRaf
7,carafon,6,kaRaf§
7,caramba,6,kaR@ba
8,carambar,7,kaR@baR
11,carambolage,9,kaR@bolaZ
9,carambole,7,kaR@bOl
10,caramboler,8,kaR@bole
14,carambouillage,9,kaR@bujaZ
12,carambouille,7,kaR@buj
7,caramel,7,kaRamEl
11,caraméliser,10,kaRamelize
10,caramélisé,10,kaRamelize
8,carapace,7,kaRapas
9,carapater,8,kaRapate
7,caraque,5,kaRak
5,carat,4,kaRa
8,caravane,7,kaRavan
10,caravanier,9,kaRavanje
10,caravaning,9,kaRavaniG
13,caravansérail,11,kaRav@seRaj
9,caravelle,7,kaRavEl
7,caraïbe,6,kaRaib
10,carboglace,9,kaRboglas
9,carbonade,8,kaRbOnad
9,carbonari,9,kaRbonaRi
9,carbonate,8,kaRbonat
7,carbone,6,kaRbOn
10,carbonique,8,kaRbonik
13,carbonisation,12,kaRbonizasj§
10,carboniser,9,kaRbonize
7,carboné,7,kaRbone
18,carboxyhémoglobine,17,kaRbOksiemoglObin
9,carburant,7,kaRbyR@
11,carburateur,10,kaRbyRat9R
11,carburation,10,kaRbyRasj§
7,carbure,6,kaRbyR
8,carburer,7,kaRbyRe
8,carcajou,7,kaRkaZu
6,carcan,5,kaRk@
8,carcasse,6,kaRkas
11,carcharodon,9,kaRkaRod§
9,carcinome,8,kaRsinOm
10,carcinoïde,9,kaRsinOid
8,carcéral,8,kaRseRal
7,cardage,6,kaRdaZ
9,cardamome,8,kaRdamOm
6,cardan,5,kaRd@
5,carde,4,kaRd
6,carder,5,kaRde
8,carderie,7,kaRd°Ri
7,cardeur,6,kaRd9R
6,cardia,6,kaRdja
9,cardiaque,7,kaRdjak
8,cardigan,7,kaRdig@
8,cardinal,8,kaRdinal
19,cardinal-archevêque,15,kaRdinalaRS2vEk
14,cardinal-légat,11,kaRdinalega
11,cardinalice,10,kaRdinalis
17,cardio-pulmonaire,14,kaRdjOpylmOnER
19,cardio-respiratoire,17,kaRdjoREspiRatwaR
17,cardio-vasculaire,14,kaRdjovaskylER
12,cardiogramme,11,kaRdijogRam
12,cardiographe,10,kaRdjOgRaf
13,cardiographie,11,kaRdjogRafi
11,cardiologie,10,kaRdjoloZi
11,cardiologue,9,kaRdjolOg
15,cardiomyopathie,13,kaRdjomjopati
13,cardiomégalie,12,kaRdjOmegali
13,cardiotonique,11,kaRdjotonik
16,cardiovasculaire,14,kaRdjovaskylER
9,cardioïde,8,kaRdjoid
7,cardite,6,kaRdit
7,cardium,7,kaRdjOm
6,cardon,5,kaRd§
4,care,3,kaR
7,carence,5,kaR@s
9,caressant,6,kaREs@
7,caresse,5,kaREs
8,caresser,6,kaRese
5,caret,4,kaRE
5,carex,6,kaREks
9,cargaison,7,kaRgEz§
5,cargo,5,kaRgo
7,carguer,5,kaRge
4,cari,4,kaRi
9,cariatide,8,kaRjatid
7,caribou,6,kaRibu
11,caricatural,11,kaRikatyRal
10,caricature,9,kaRikatyR
11,caricaturer,10,kaRikatyRe
13,caricaturiste,12,kaRikatyRist
5,carie,4,kaRi
6,carien,5,kaRj5
6,carier,5,kaRje
8,carillon,6,kaRij§
11,carillonner,8,kaRijone
12,carillonneur,9,kaRijon9R
10,carillonné,8,kaRijone
7,carioca,7,kaRjoka
9,carissime,7,kaRisim
7,cariste,6,kaRist
9,caritatif,9,kaRitatif
5,carié,5,kaRje
6,carlin,5,kaRl5
9,carlingue,6,kaRl5g
8,carlisme,7,kaRlism
8,carliste,7,kaRlist
10,carmagnole,8,kaRmaNOl
5,carme,4,kaRm
6,carmel,6,kaRmEl
6,carmer,5,kaRme
6,carmin,5,kaRm5
7,carminé,7,kaRmine
9,carmélite,8,kaRmelit
7,carnage,6,kaRnaZ
10,carnassier,8,kaRnasje
9,carnation,8,kaRnasj§
8,carnaval,8,kaRnaval
13,carnavalesque,11,kaRnavalEsk
5,carne,4,kaRn
6,carnet,5,kaRnE
7,carnier,6,kaRnje
9,carnivore,8,kaRnivOR
5,carné,5,kaRne
7,carogne,5,kaRON
6,carole,5,kaROl
11,carolingien,9,kaRol5Zj5
7,carolus,7,kaRolys
9,caroncule,7,kaR§kyl
8,carotide,7,kaRotid
10,carotidien,9,kaROtidj5
9,carottage,7,kaRotaZ
7,carotte,5,kaROt
8,carotter,6,kaRote
9,carotteur,7,kaRot9R
9,carottier,7,kaRotje
8,carotène,7,kaRotEn
7,caroube,5,kaRub
9,caroubier,7,kaRubje
8,carouble,6,kaRubl
9,caroubler,7,kaRuble
10,caroubleur,8,kaRubl9R
8,carousse,5,kaRus
9,carpaccio,8,kaRpatSo
5,carpe,4,kaRp
8,carpette,6,kaRpEt
7,carpien,6,kaRpj5
9,carpillon,7,kaRpij§
5,carpé,5,kaRpe
8,carquois,6,kaRkwa
7,carrare,5,kaRaR
5,carre,3,kaR
7,carreau,4,kaRo
9,carrefour,7,kaR°fuR
9,carrelage,7,kaR°laZ
8,carreler,6,kaR°le
8,carrelet,6,kaR°lE
9,carreleur,7,kaR°l9R
6,carrer,4,kaRe
7,carrick,5,kaRik
7,carrier,5,kaRje
8,carriole,6,kaRjOl
8,carrière,6,kaRjER
11,carriérisme,9,kaRjeRizm
11,carriériste,9,kaRjeRist
6,carron,4,kaR§
11,carrossable,8,kaRosabl
8,carrosse,5,kaROs
9,carrosser,6,kaRose
11,carrosserie,8,kaROs°Ri
10,carrossier,7,kaRosje
9,carrousel,7,kaRusEl
7,carrure,5,kaRyR
5,carry,4,kaRi
5,carré,4,kaRe
6,carrée,4,kaRe
9,carrément,6,kaRem@
8,cartable,7,kaRtabl
5,carte,4,kaRt
9,carte-clé,8,kaRt°kle
12,carte-lettre,9,kaRt°lEtR
6,cartel,6,kaRtEl
6,carter,6,kaRtER
6,carter,5,kaRte
8,carterie,7,kaRt2Ri
12,carthaginois,10,kaRtaZinwa
8,carthame,6,kaRtam
9,cartilage,8,kaRtilaZ
13,cartilagineux,11,kaRtilaZin2
11,cartographe,9,kaRtogRaf
12,cartographie,10,kaRtogRafi
13,cartographier,11,kaRtogRafje
14,cartographique,11,kaRtogRafik
11,cartomancie,9,kaRtom@si
12,cartomancien,10,kaRtom@sj5
6,carton,5,kaRt§
11,carton-pâte,8,kaRt§pat
10,cartonnage,8,kaRtonaZ
9,cartonner,7,kaRtone
10,cartonneux,7,kaRton2
10,cartonnier,8,kaRtonje
7,cartoon,6,kaRtun
11,cartothèque,8,kaRtOtEk
9,cartouche,6,kaRtuS
12,cartoucherie,9,kaRtuS°Ri
12,cartouchière,9,kaRtuSjER
13,cartésianisme,12,kaRtezjanizm
9,cartésien,8,kaRtezj5
5,carvi,5,kaRvi
4,cary,4,kaRi
9,caryotype,8,kaRjotip
6,carène,5,kaREn
8,carénage,7,kaRenaZ
7,caréner,6,kaRene
6,caréné,6,kaRene
6,carême,5,kaREm
14,carême-prenant,10,kaREmpR°n@
3,cas,2,ka
4,casa,4,kaza
8,casanier,7,kazanje
7,casaque,5,kazak
8,casaquin,6,kazak5
6,casbah,5,kasba
7,cascade,6,kaskad
8,cascader,7,kaskade
9,cascadeur,8,kaskad9R
7,cascara,7,kaskaRa
10,cascatelle,8,kaskatEl
7,cascher,5,kaSER
4,case,3,kaz
8,casemate,7,kaz°mat
5,caser,4,kaze
7,caserne,6,kazERn
11,casernement,9,kazERn°m@
8,caserner,7,kazERne
7,casette,5,kazEt
4,cash,3,kaS
6,casher,5,kaSER
8,cashmere,6,kaSmER
6,casier,5,kazje
7,casimir,7,kazimiR
6,casino,6,kazino
6,casoar,6,kazoaR
6,casque,4,kask
7,casquer,5,kaske
9,casquette,6,kaskEt
6,casqué,5,kaske
8,cassable,6,kasabl
7,cassage,5,kasaZ
9,cassandre,6,kas@dR
7,cassant,4,kas@
7,cassate,5,kasat
9,cassation,7,kasasj§
5,casse,3,kas
12,casse-burnes,7,kasbyRn
9,casse-cou,5,kasku
14,casse-couilles,6,kaskuj
12,casse-croûte,7,kaskRut
9,casse-cul,5,kasky
11,casse-dalle,6,kasdal
12,casse-graine,7,kasgREn
12,casse-gueule,6,kasg9l
14,casse-noisette,9,kasnwazEt
15,casse-noisettes,9,kasnwazEt
10,casse-noix,6,kasnwa
12,casse-pattes,6,kaspat
11,casse-pieds,6,kaspje
10,casse-pipe,6,kaspip
11,casse-pipes,6,kaspip
10,casse-tête,6,kastEt
9,cassement,6,kas°m@
6,casser,4,kase
9,casserole,7,kas°ROl
10,casserolée,8,kas°Role
8,cassette,5,kasEt
7,casseur,5,kas9R
7,cassier,5,kasje
7,cassine,5,kasin
6,cassis,4,kasi
11,cassitérite,9,kasiteRit
10,cassolette,7,kasolEt
9,cassonade,7,kasonad
9,cassoulet,6,kasulE
7,cassure,5,kasyR
5,cassé,4,kase
8,castagne,6,kastaN
9,castagner,7,kastaNe
11,castagnette,8,kastaNEt
7,castard,6,kastaR
5,caste,4,kast
6,castel,6,kastEl
8,castelet,7,kastElE
9,castillan,7,kastij@
8,castille,6,kastij
7,castine,6,kastin
7,casting,6,kastiG
6,castor,6,kastOR
7,castrat,6,kastRa
10,castrateur,9,kastRat9R
10,castration,9,kastRasj§
7,castrer,6,kastRe
8,castreur,7,kastR9R
9,castrisme,8,kastRism
9,castriste,8,kastRist
6,casuel,6,kaz8El
11,casuistique,9,kaz8istik
11,casus belli,10,kazysbElli
7,caséine,6,kazein
4,cata,4,kata
11,catabolique,9,katabOlik
10,catachrèse,8,katakREz
10,cataclysme,9,kataklizm
13,cataclysmique,11,kataklismik
9,catacombe,7,katak§b
11,catadioptre,10,katadjOptR
10,catafalque,8,katafalk
7,catalan,6,katal@
10,catalepsie,9,katalEpsi
12,cataleptique,10,katalEptik
10,catalogage,9,katalOgaZ
9,catalogne,7,katalON
9,catalogue,7,katalOg
10,cataloguer,8,kataloge
7,catalpa,7,katalpa
9,catalyser,8,katalize
10,catalyseur,9,kataliz9R
11,catalytique,9,katalitik
9,catamaran,8,katamaR@
10,cataplasme,9,kataplasm
10,cataplexie,10,kataplEksi
9,catapulte,8,katapylt
10,catapulter,9,katapylte
9,cataracte,8,kataRakt
9,catarrhal,7,kataRal
8,catarrhe,5,kataR
10,catarrheux,6,kataR2
11,catastrophe,9,katastROf
12,catastropher,10,katastRofe
14,catastrophique,11,katastRofik
18,catastrophiquement,14,katastRofik°m@
14,catastrophisme,12,katastRofizm
14,catastrophiste,12,katastRofist
9,catatonie,8,katatoni
11,catatonique,9,katatonik
5,catch,4,katS
7,catcher,5,katSe
8,catcheur,6,katS9R
11,caterpillar,10,katERpilaR
6,catgut,6,katg9t
7,cathare,5,kataR
9,catharsis,8,kataRsis
11,cathartique,8,kataRtik
12,catherinette,8,katRinEt
8,cathexis,7,katEksi
5,catho,4,kato
7,cathode,5,katod
10,cathodique,7,katodik
12,catholicisme,10,katolisizm
11,catholicité,10,katolisite
10,catholique,7,katolik
14,catholiquement,10,katolik°m@
8,cathèdre,6,katEdR
9,cathédral,8,katedRal
10,cathédrale,8,katedRal
8,cathéter,7,katetER
12,cathétérisme,10,kateteRism
4,cati,4,kati
7,catiche,5,katiS
5,catin,4,kat5
6,cation,5,katj§
4,cato,4,kato
10,catoblépas,9,katoblepa
7,catogan,6,katog@
4,caté,4,kate
10,catéchisme,8,kateSizm
10,catéchiste,8,kateSist
13,catécholamine,11,katekOlamin
11,catéchumène,9,katekymEn
9,catéchèse,7,kateSEz
9,catégorie,8,kategoRi
11,catégorique,9,kategoRik
15,catégoriquement,12,kategoRik°m@
14,catégorisation,13,kategORizasj§
11,catégoriser,10,kategoRize
9,caténaire,7,katenER
9,caucasien,7,kokazj5
10,caucasique,7,kOkazik
9,cauchemar,7,koS°maR
12,cauchemarder,9,koS°maRde
15,cauchemardesque,11,koS°maRdEsk
13,cauchemardeux,9,koS°maRd2
8,cauchois,5,koSwa
6,caudal,5,kodal
8,caudebec,7,kod°bEk
8,caudillo,6,kodijo
8,caudines,5,kodin
5,cauri,4,koRi
5,causa,4,koza
6,causal,5,kozal
10,causaliste,8,kozalist
9,causalité,8,kozalite
7,causant,4,koz@
5,cause,3,koz
6,causer,4,koze
8,causerie,6,koz°Ri
8,causette,5,kozEt
7,causeur,5,koz9R
6,causse,3,kos
10,caussenard,6,kosnaR
10,causticité,9,kostisite
9,caustique,6,kostik
14,cauteleusement,10,kot°l2z°m@
9,cauteleux,6,kot°l2
7,caution,5,kosj§
12,cautionnaire,8,kosjonER
13,cautionnement,9,kosjOn°m@
10,cautionner,7,kosjone
7,cautèle,5,kotEl
7,cautère,5,kotER
13,cautérisation,11,koteRizasj§
10,cautériser,8,koteRize
9,cavaillon,6,kavaj§
9,cavalcade,8,kavalkad
10,cavalcader,9,kavalkade
6,cavale,5,kaval
7,cavaler,6,kavale
9,cavalerie,8,kaval°Ri
8,cavaleur,7,kaval9R
8,cavalier,7,kavalje
13,cavalièrement,11,kavaljER°m@
4,cave,3,kav
6,caveau,4,kavo
5,caver,4,kave
7,caverne,6,kavERn
9,caverneux,7,kavERn2
7,cavette,5,kavEt
6,caviar,6,kavjaR
8,cavillon,6,kavij§
7,caviste,6,kavist
10,cavitation,9,kavitasj§
6,cavité,6,kavite
5,cavum,5,kavOm
5,cavée,4,kave
7,cayenne,5,kajEn
4,caïd,4,kaid
6,caïman,5,kaim@
6,caïque,4,kaik
5,cañon,5,kaNOn
2,ce,2,s2
4,ceci,4,s°si
7,ceindre,4,s5dR
5,ceint,2,s5
8,ceinture,5,s5tyR
9,ceinturer,6,s5tyRe
9,ceinturon,6,s5tyR§
4,cela,4,s°la
5,celer,4,sele
5,cella,4,sEla
5,celle,3,sEl
8,celle-ci,5,sElsi
8,celle-là,5,sElla
6,celles,3,sEl
9,celles-ci,5,sElsi
9,celles-là,5,sElla
7,cellier,5,selje
10,cellophane,7,selofan
10,cellulaire,7,selylER
14,cellulairement,10,selylER°m@
8,cellular,7,selylaR
7,cellule,5,selyl
8,cellules,5,selyl
9,cellulite,7,selylit
11,celluliteux,8,sElylit2
9,cellulose,7,selyloz
9,celluloïd,8,selyloid
9,cellérier,7,seleRje
5,celte,4,sElt
8,celtique,6,sEltik
8,celtisme,7,sEltizm
5,celui,5,s°l8i
8,celui-ci,7,s°l8isi
8,celui-là,7,s°l8ila
6,cendre,4,s@dR
8,cendreux,5,s@dR2
8,cendrier,7,s@dRije
10,cendrillon,7,s@dRij§
6,cendré,5,s@dRe
7,cendrée,5,s@dRe
4,cens,3,s@s
7,censeur,5,s@s9R
7,censier,5,s@sje
10,censitaire,7,s@sitER
7,censure,5,s@syR
8,censurer,6,s@syRe
5,censé,4,s@se
9,censément,6,s@sem@
4,cent,2,s@
8,centaine,5,s@tEn
9,centaines,5,s@tEn
8,centaure,5,s@toR
9,centaurée,6,s@toRe
7,centavo,6,s@tavo
10,centenaire,7,s@t°nER
11,centenaires,7,s@t°nER
10,centigrade,8,s@tigRad
7,centile,5,s@til
7,centime,5,s@tim
10,centimètre,8,s@timEtR
8,centième,6,s@tjEm
6,centon,4,s@t§
13,centrafricain,10,s@tRafRik5
8,centrage,6,s@tRaZ
7,central,6,s@tRal
8,centrale,6,s@tRal
9,centrales,6,s@tRal
14,centralisation,12,s@tRalizasj§
11,centraliser,9,s@tRalize
11,centralisme,9,s@tRalizm
6,centre,4,s@tR
12,centre-ville,8,s@tR°vil
7,centrer,5,s@tRe
14,centrifugation,12,s@tRifygasj§
10,centrifuge,8,s@tRifyZ
12,centrifugeur,10,s@tRifyZ9R
9,centriole,8,s@tRijOl
10,centripète,8,s@tRipEt
9,centriste,7,s@tRist
9,centrouse,6,s@tRuz
7,centrum,6,s@tROm
6,centré,5,s@tRe
5,cents,2,s@
8,centuple,6,s@typl
8,centurie,6,s@tyRi
9,centurion,7,s@tyRj§
3,cep,3,sEp
9,cependant,6,s°p@d@
7,cerbère,6,sERbER
7,cerceau,5,sERso
8,cerclage,7,sERklaZ
6,cercle,5,sERkl
7,cercler,6,sERkle
8,cercleux,6,sERkl2
8,cercueil,6,sERk9j
4,cerf,3,sER
8,cerf-roi,6,sERRwa
11,cerf-volant,7,sERvol@
8,cerfeuil,6,sERf9j
8,cerisaie,6,s°RizE
6,cerise,5,s°Riz
8,cerisier,7,s°Rizje
8,cernable,7,sERnabl
5,cerne,4,sERn
7,cerneau,5,sERno
6,cerner,5,sERne
5,cerné,5,sERne
6,cerque,4,sERk
7,certain,5,sERt5
8,certaine,6,sERtEn
12,certainement,9,sERtEn°m@
9,certaines,6,sERtEn
8,certains,5,sERt5
6,certes,4,sERt
6,certif,6,sERtif
10,certificat,9,sERtifika
13,certification,12,sERtifikasj§
9,certifier,8,sERtifje
8,certifié,8,sERtifje
9,certitude,8,sERtityd
7,cerveau,5,sERvo
8,cervelas,7,sERv°la
8,cervelet,7,sERv°lE
8,cervelle,6,sERvEl
8,cervical,8,sERvikal
8,cervoise,7,sERvwaz
3,ces,2,se
7,cessant,4,sEs@
9,cessation,7,sEsasj§
5,cesse,3,sEs
6,cesser,4,sese
13,cessez-le-feu,8,sEsel°f2
7,cession,5,sEsj§
12,cessionnaire,8,sEsjonER
5,ceste,4,sEst
3,cet,3,sEt
5,cette,3,sEt
4,ceux,2,s2
7,ceux-ci,4,s2si
7,ceux-là,4,s2la
7,ch'timi,5,Stimi
11,cha-cha-cha,9,tSatSatSa
9,chabanais,6,SabanE
9,chabichou,6,SabiSu
7,chabler,5,Sable
7,chablis,5,Sabli
6,chabot,4,Sabo
9,chabraque,6,SabRak
7,chabrot,5,SabRo
6,chacal,5,Sakal
8,chachlik,6,SaSlik
8,chaconne,5,SakOn
6,chacun,4,Sak1
7,chacune,5,Sakyn
7,chafaud,4,Safo
8,chafouin,5,Safw5
8,chagatte,5,Sagat
7,chagrin,5,SagR5
9,chagriner,7,SagRine
8,chagriné,7,SagRine
4,chah,2,Sa
6,chahut,3,Say
8,chahuter,5,Sayte
9,chahuteur,6,Sayt9R
4,chai,2,SE
5,chair,3,SER
6,chaire,3,SER
8,chairman,5,SERm@
6,chaise,3,SEz
5,chaix,2,SE
7,chaland,4,Sal@
8,chaldéen,6,kalde5
6,chalet,4,SalE
7,chaleur,5,Sal9R
15,chaleureusement,10,Sal2R2z°m@
10,chaleureux,6,Sal2R2
9,challenge,8,tSalEndZ
10,challenger,6,Sal@Ze
10,challenger,9,tSalEndZe
11,challengeur,9,SalEndZ9R
6,chalon,4,Sal§
8,chaloupe,5,Salup
9,chalouper,6,Salupe
8,chaloupé,6,Salupe
9,chalumeau,6,Salymo
6,chalut,4,Saly
9,chalutier,7,Salytje
22,chalutier-patrouilleur,15,SalytjepatRuj9R
7,chamade,5,Samad
9,chamaille,5,Samaj
10,chamailler,6,Samaje
12,chamaillerie,8,Samaj°Ri
11,chamailleur,7,Samaj9R
10,chamaillis,6,Samaji
6,chaman,5,Saman
7,chamane,5,Saman
10,chamanisme,8,Samanizm
8,chamarré,6,SamaRe
8,chambard,5,S@baR
13,chambardement,9,S@baRd°m@
10,chambarder,7,S@baRde
10,chambellan,6,S@bEl@
10,chambertin,7,S@bERt5
13,chamboulement,8,S@bul°m@
10,chambouler,6,S@bule
10,chambranle,6,S@bR@l
7,chambre,4,S@bR
13,chambre-salon,8,S@bRsal§
8,chambrer,5,S@bRe
10,chambrette,6,S@bREt
10,chambrière,8,S@bRijER
8,chambrée,5,S@bRe
7,chameau,4,Samo
9,chamelier,7,Sam2lje
7,chamois,5,Samwa
10,chamoisine,8,Samwazin
5,champ,2,S@
9,champagne,5,S@paN
10,champenois,7,S@p°nwa
6,champi,4,S@pi
10,champignon,6,S@piN§
15,champignonnière,9,S@piNoNER
8,champion,5,S@pj§
11,championnat,7,S@pjona
14,champs élysées,7,S@elize
9,champêtre,6,S@pEtR
6,chance,3,S@s
7,chancel,5,S@sEl
10,chancelant,6,S@s°l@
9,chanceler,6,S@s°le
10,chancelier,7,S@s2lje
11,chancelière,8,S@s2ljER
12,chancellerie,8,S@sEl°Ri
8,chanceux,4,S@s2
6,chanci,4,S@si
7,chancre,4,S@kR
5,chand,2,S@
8,chandail,5,S@daj
10,chandeleur,7,S@d°l9R
10,chandelier,7,S@d°lje
9,chandelle,5,S@dEl
9,chanfrein,5,S@fR5
6,change,3,S@Z
9,changeant,4,S@Z@
10,changement,6,S@Z°m@
7,changer,4,S@Ze
8,changeur,5,S@Z9R
6,changé,4,S@Ze
8,chanoine,6,Sanwan
11,chanoinesse,8,SanwanEs
7,chanson,4,S@s§
10,chansonner,6,S@sOne
12,chansonnette,7,S@sonEt
11,chansonnier,7,S@sonje
11,chanstiquer,7,S@stike
5,chant,2,S@
8,chantage,5,S@taZ
8,chantant,4,S@t@
8,chanteau,4,S@to
7,chanter,4,S@te
11,chanterelle,7,S@t°REl
8,chanteur,5,S@t9R
17,chanteuse-vedette,10,S@t2zv2dEt
8,chantier,5,S@tje
9,chantilly,6,S@tiji
11,chantonnant,6,S@ton@
13,chantonnement,8,S@tOn°m@
10,chantonner,6,S@tone
9,chantoung,5,S@tuG
11,chantourner,7,S@tuRne
7,chantre,4,S@tR
10,chantrerie,7,S@tR°Ri
7,chanvre,4,S@vR
8,chançard,5,S@saR
4,chao,3,kao
5,chaos,3,kao
9,chaotique,6,kaotik
13,chaotiquement,9,kaotik°m@
7,chaouch,4,SauS
10,chapardage,8,SapaRdaZ
9,chaparder,7,SapaRde
10,chapardeur,8,SapaRd9R
9,chaparral,7,SapaRal
5,chape,3,Sap
7,chapeau,4,Sapo
10,chapeauter,6,Sapote
9,chapeauté,6,Sapote
9,chapelain,6,Sap°l5
8,chapelet,6,Sap°lE
9,chapelier,7,Sap°lje
8,chapelle,5,SapEl
11,chapellerie,8,SapEl°Ri
9,chapelure,7,Sap°lyR
8,chaperon,6,Sap°R§
11,chaperonner,8,Sap°Rone
9,chapiteau,6,Sapito
8,chapitre,6,SapitR
9,chapitrer,7,SapitRe
6,chapka,5,Sapka
12,chaplinesque,9,SaplinEsk
6,chapon,4,Sap§
6,chappe,3,Sap
7,chapska,6,Sapska
6,chaque,3,Sak
4,char,3,SaR
8,charabia,7,SaRabja
7,charade,5,SaRad
7,charale,5,SaRal
9,charançon,6,SaR@s§
11,charançonné,8,SaR@sone
7,charbon,5,SaRb§
10,charbonner,7,SaRbone
12,charbonnette,8,SaRbonEt
11,charbonneux,7,SaRbon2
11,charbonnier,8,SaRbonje
12,charbonnière,9,SaRbonjER
6,charca,5,SaRka
10,charcutage,8,SaRkytaZ
12,charcutaille,8,SaRkytaj
9,charcuter,7,SaRkyte
11,charcuterie,9,SaRkyt°Ri
10,charcutier,8,SaRkytje
7,chardon,5,SaRd§
9,chardonay,7,SaRdOnE
10,chardonnay,7,SaRdonE
12,chardonneret,9,SaRdOn°RE
6,charge,4,SaRZ
10,chargement,7,SaRZ°m@
7,charger,5,SaRZe
8,chargeur,6,SaRZ9R
6,chargé,5,SaRZe
6,charia,5,SaRja
7,chariot,5,SaRjo
13,charismatique,10,kaRismatik
8,charisme,6,kaRizm
10,charitable,8,SaRitabl
14,charitablement,11,SaRitabl°m@
7,charité,6,SaRite
9,charivari,8,SaRivaRi
9,charlatan,7,SaRlat@
11,charlataner,9,SaRlatane
13,charlatanerie,11,SaRlatan°Ri
13,charlatanisme,11,SaRlatanizm
10,charleston,9,SaRlEstOn
7,charlot,5,SaRlo
9,charlotte,6,SaRlOt
8,charmant,5,SaRm@
6,charme,4,SaRm
7,charmer,5,SaRme
8,charmeur,6,SaRm9R
9,charmille,6,SaRmij
6,charmé,5,SaRme
7,charnel,6,SaRnEl
13,charnellement,9,SaRnEl°m@
8,charnier,6,SaRnje
9,charnière,7,SaRnjER
6,charnu,5,SaRny
10,charognard,7,SaRoNaR
8,charogne,5,SaRON
11,charognerie,8,SaRON°Ri
9,charpente,6,SaRp@t
10,charpenter,7,SaRp@te
12,charpenterie,9,SaRp@t°Ri
11,charpentier,8,SaRp@tje
9,charpenté,7,SaRp@te
7,charpie,5,SaRpi
6,charre,3,SaR
10,charretier,7,SaR°tje
9,charreton,6,SaR°t§
9,charrette,5,SaREt
9,charretée,6,SaR°te
9,charriage,6,SaRjaZ
9,charriant,5,SaRj@
8,charrier,5,SaRje
7,charrié,5,SaRje
7,charroi,5,SaRwa
7,charron,4,SaR§
7,charrue,4,SaRy
6,charte,4,SaRt
7,charter,6,SaRtER
9,chartiste,7,SaRtist
7,chartre,5,SaRtR
9,chartreux,6,SaRtR2
8,charybde,6,SaRibd
4,chas,2,Sa
8,chassant,4,Sas@
6,chasse,3,Sas
12,chasse-d'eau,5,Sasdo
13,chasse-mouche,6,SasmuS
14,chasse-mouches,6,SasmuS
12,chasse-neige,6,SasnEZ
14,chasse-pierres,7,SaspjER
9,chasselas,6,Sas°la
7,chasser,4,Sase
8,chasseur,5,Sas9R
7,chassie,4,Sasi
9,chassieux,5,Sasj2
6,chassé,4,Sase
13,chassé-croisé,10,SasekRwaze
6,chaste,4,Sast
10,chastement,7,Sast°m@
8,chasteté,7,Sast°te
8,chasuble,6,Sazybl
4,chat,2,Sa
10,chat-huant,4,Sa8@
10,chat-tigre,6,SatigR
13,chateaubriand,9,SatobRij@
8,chatière,6,SatjER
11,chatoiement,7,Satwam@
6,chaton,4,Sat§
10,chatouille,5,Satuj
14,chatouillement,8,Satuj°m@
11,chatouiller,6,Satuje
12,chatouilleux,6,Satuj2
11,chatouillis,6,Satuji
9,chatoyant,7,Satwaj@
8,chatoyer,7,Satwaje
10,chattemite,7,Sat°mit
7,chatter,5,tSate
9,chatterie,6,Sat°Ri
10,chatterton,8,SatERtOn
5,chaud,2,So
11,chaud-froid,6,SofRwa
12,chaude-pisse,6,Sodpis
10,chaudement,6,Sod°m@
9,chaudière,6,SodjER
8,chaudron,5,SodR§
13,chaudronnerie,9,SodROn°Ri
12,chaudronnier,8,SodRonje
11,chaudronnée,7,SodRone
9,chauffage,5,SofaZ
12,chauffagiste,8,SofaZist
9,chauffant,4,Sof@
9,chauffard,5,SofaR
7,chauffe,3,Sof
15,chauffe-biberon,9,Sofbib°R§
11,chauffe-eau,4,Sofo
13,chauffe-plats,6,Sofpla
8,chauffer,4,Sofe
12,chaufferette,7,Sof°REt
10,chaufferie,6,Sof°Ri
9,chauffeur,5,Sof9R
17,chauffeur-livreur,11,Sof9RlivR9R
7,chauler,4,Sole
6,chaume,3,Som
8,chaumine,5,Somin
9,chaumière,6,SomjER
9,chaussant,4,Sos@
12,chausse-pied,6,Sospje
13,chausse-trape,7,SostRap
14,chausse-trappe,7,SostRap
8,chausser,4,Sose
10,chaussette,5,SosEt
9,chausseur,5,Sos9R
8,chausson,4,Sos§
9,chaussure,5,SosyR
10,chaussures,5,SosyR
7,chaussé,4,Sose
8,chaussée,4,Sose
5,chaut,2,So
6,chauve,3,Sov
13,chauve-souris,7,SovsuRi
7,chauvin,4,Sov5
11,chauvinisme,8,Sovinizm
11,chauviniste,8,Sovinist
5,chaux,2,So
9,chavignol,7,SaviNOl
9,chavirant,6,SaviR@
11,chavirement,8,SaviR°m@
8,chavirer,6,SaviRe
6,chaîne,3,SEn
9,chaînette,5,SEnEt
7,chaînon,4,SEn§
5,cheap,4,tSip
10,check-list,8,tSEklist
8,check-up,6,tSEk9p
7,cheddar,5,SEdaR
8,cheddite,5,SEdit
11,cheese-cake,7,tSizkEk
12,cheeseburger,10,tSizb9Rg9R
4,chef,3,SEf
12,chef-adjoint,8,SEfadZw5
13,chef-d'oeuvre,6,SEd9vR
14,chef-d'oeuvres,6,SEd9vR
9,chef-lieu,6,SEflj2
11,chefs-lieux,6,SEflj2
9,cheftaine,6,SEftEn
5,cheik,3,SEk
6,cheikh,3,SEk
6,chelem,5,SelEm
6,chemin,4,S°m5
9,chemineau,6,S°mino
11,cheminement,8,S°min°m@
8,cheminer,6,S°mine
8,cheminot,6,S°mino
8,cheminée,6,S°mine
7,chemise,5,S°miz
8,chemiser,6,S°mize
10,chemiserie,8,S°miz°Ri
10,chemisette,7,S°mizEt
9,chemisier,7,S°mizje
6,chenal,5,S°nal
8,chenapan,6,S°nap@
6,chenet,4,S°nE
6,chenil,5,S°nil
8,chenille,5,S°nij
11,chenillette,7,S°nijEt
8,chenillé,6,S°nije
5,chenu,4,S°ny
7,cheptel,6,SEptEl
4,cher,3,SER
12,cherche-midi,8,SERSmidi
8,chercher,5,SERSe
9,chercheur,6,SERS9R
7,chergui,5,SERgi
8,cherokee,6,SeRoki
6,cherry,4,SeRi
6,cherté,5,SERte
7,chester,6,SEstER
6,cheval,5,S°val
13,cheval-vapeur,10,S°valvap9R
8,chevaler,6,S°vale
13,chevaleresque,10,S°val°REsk
17,chevaleresquement,13,S°val°REsk°m@
10,chevalerie,8,S°val°Ri
8,chevalet,6,S°valE
9,chevalier,7,S°valje
8,chevalin,6,S°val5
10,chevalière,8,S°valjER
8,chevance,5,S°v@s
12,chevau-léger,8,S°voleZe
11,chevauchant,6,S°voS@
13,chevauchement,8,S°voS°m@
10,chevaucher,6,S°voSe
11,chevaucheur,7,S°voS9R
10,chevauchée,6,S°voSe
7,chevelu,6,S°v°ly
9,chevelure,7,S°v°lyR
8,chevesne,5,S°vEn
6,chevet,4,S°vE
6,cheveu,4,S°v2
10,chevillage,7,S°vijaZ
10,chevillard,7,S°vijaR
8,cheville,5,S°vij
11,chevillette,7,S°vijEt
9,cheviotte,6,S°vjOt
6,chevir,5,S2viR
8,chevreau,5,S°vRo
9,chevrette,6,S°vREt
9,chevreuil,6,S°vR9j
8,chevrier,7,S°vRije
7,chevron,5,S°vR§
9,chevronné,7,S°vRone
12,chevrotement,9,S°vROt°m@
9,chevroter,7,S°vRote
10,chevrotine,8,S°vRotin
8,chevêche,5,S°vES
11,chewing-gum,7,SwiGgOm
4,chez,2,Se
8,chez-soi,5,Seswa
3,chi,2,ki
7,chiader,5,Sjade
7,chialer,5,Sjale
8,chialeur,6,Sjal9R
6,chiant,3,Sj@
7,chianti,5,kj@ti
6,chiard,4,SjaR
7,chiasma,6,kjasma
7,chiasme,5,kjasm
7,chiasse,4,Sjas
9,chiasseux,5,Sjas2
9,chiatique,6,Sjatik
7,chibouk,5,Sibuk
6,chibre,4,SibR
4,chic,3,Sik
9,chic-type,6,Siktip
5,chica,4,Sika
7,chicane,5,Sikan
8,chicaner,6,Sikane
9,chicaneur,7,Sikan9R
9,chicanier,7,Sikanje
7,chicano,6,Sikano
6,chiche,3,SiS
12,chiche-kebab,8,SiSkebab
10,chichement,6,SiS°m@
6,chichi,4,SiSi
10,chichiteux,6,SiSit2
6,chicon,4,Sik§
8,chicorer,6,SikoRe
8,chicorée,6,SikoRe
6,chicot,4,Siko
8,chicoter,6,Sikote
8,chicotin,6,Sikot5
8,chicotte,5,SikOt
5,chien,3,Sj5
11,chien-assis,6,Sj5asi
10,chien-loup,5,Sj5lu
11,chien-robot,7,Sj5Robo
12,chien-étoile,8,Sj5etwal
10,chienchien,6,Sj5Sj5
9,chiendent,5,Sj5d@
8,chienlit,5,Sj@li
10,chiennerie,7,SjEn°Ri
6,chiens,3,Sj5
5,chier,3,Sje
7,chierie,4,SiRi
6,chieur,4,Sj9R
6,chiffe,3,Sif
7,chiffon,4,Sif§
11,chiffonnade,7,Sifonad
10,chiffonner,6,Sifone
11,chiffonnier,7,Sifonje
9,chiffonné,6,Sifone
10,chiffrable,7,SifRabl
9,chiffrage,6,SifRaZ
7,chiffre,4,SifR
11,chiffrement,7,SifR°m@
8,chiffrer,5,SifRe
9,chiffreur,6,SifR9R
7,chiffré,5,SifRe
8,chignole,5,SiNOl
7,chignon,4,SiN§
9,chihuahua,6,Siwawa
5,chili,4,Sili
7,chilien,5,Silj5
9,chilienne,6,SiljEn
6,chilom,5,SilOm
6,chimie,4,Simi
14,chimiothérapie,11,SimjoteRapi
8,chimique,5,Simik
12,chimiquement,8,Simik°m@
8,chimiste,6,Simist
9,chimpanzé,6,S5p@ze
7,chimère,5,SimER
10,chimérique,7,SimeRik
14,chimériquement,10,SimeRik°m@
9,chinchard,5,S5SaR
10,chinchilla,6,S5Sila
5,chine,3,Sin
6,chiner,4,Sine
10,chinetoque,7,Sin°tOk
7,chineur,5,Sin9R
7,chinois,5,Sinwa
9,chinoiser,7,Sinwaze
11,chinoiserie,9,Sinwaz°Ri
7,chinook,5,Sinuk
6,chintz,5,Sints
5,chiné,4,Sine
5,chiot,3,Sjo
7,chiotte,4,SjOt
8,chiourme,5,SjuRm
4,chip,3,Sip
6,chiper,4,Sipe
7,chipeur,5,Sip9R
6,chipie,4,Sipi
9,chipolata,8,Sipolata
9,chipotage,7,SipotaZ
8,chipoter,6,Sipote
9,chipoteur,7,Sipot9R
11,chippendale,9,Sip9ndEjl
5,chips,4,Sips
6,chique,3,Sik
10,chiquement,6,Sik°m@
11,chiquenaude,7,Sik°nod
7,chiquer,4,Sike
8,chiqueur,5,Sik9R
6,chiqué,4,Sike
10,chiraquien,7,SiRakj5
10,chiricahua,8,SiRikaua
11,chiromancie,8,kiRom@si
12,chiromancien,9,kiRom@sj5
13,chiropracteur,11,kiRopRakt9R
14,chiropraticien,12,kiROpRatisj5
13,chiropratique,10,kiROpRatik
11,chiropraxie,10,kiROpRaksi
10,chiroptère,8,kiROptER
10,chiroubles,6,SiRubl
11,chirurgical,10,SiRyRZikal
16,chirurgicalement,13,SiRyRZikal°m@
9,chirurgie,7,SiRyRZi
10,chirurgien,8,SiRyRZj5
19,chirurgien-dentiste,14,SiRyRZj5d@tist
6,chisel,5,SizEl
8,chistera,7,Sist°Ra
7,chitine,5,Sitin
9,chitineux,6,Sitin2
6,chiton,4,Sit§
6,chiure,4,SjyR
5,chiée,3,Sje
8,chlamyde,6,klamid
9,chlamydia,8,klamidja
6,chlass,4,Slas
6,chleuh,3,Sl2
9,chlinguer,5,Sl5ge
7,chloral,6,kloRal
15,chloramphénicol,12,klOR@fenikOl
8,chlorate,6,kloRat
6,chlore,4,klOR
7,chlorer,5,klORe
12,chlorhydrate,9,kloRidRat
13,chlorhydrique,9,kloRidRik
9,chlorique,6,klORik
11,chloroforme,9,kloRofORm
12,chloroformer,10,kloRofORme
17,chloroformisation,15,kloRofORmizasj§
12,chlorophylle,8,kloRofil
14,chlorophyllien,10,kloRofilj5
12,chloroplaste,10,kloRoplast
11,chloroquine,8,klOROkin
11,chlorotique,8,kloRotik
14,chlorpromazine,12,klORpRomazin
8,chlorure,6,kloRyR
6,chloré,5,kloRe
7,chnoque,4,SnOk
6,chnord,4,knOR
6,chnouf,4,Snuf
4,choc,3,SOk
7,chocard,5,SokaR
9,chochotte,5,SoSOt
8,chocolat,6,Sokola
12,chocolaterie,10,Sokolat°Ri
11,chocolatier,9,Sokolatje
9,chocolaté,8,Sokolate
6,choeur,3,k9R
5,choir,4,SwaR
6,choisi,5,Swazi
7,choisir,6,SwaziR
5,choix,3,Swa
5,choke,3,SOk
11,cholestérol,10,kolEsteROl
7,choline,5,kOlin
14,cholinestérase,12,kOlinEsteRaz
8,cholique,5,kOlik
16,cholécystectomie,14,kOlesistEktOmi
12,cholécystite,10,kOlesistit
10,cholédoque,7,koledOk
7,choléra,6,koleRa
9,chop suey,7,SOps8Ej
5,chope,3,SOp
6,choper,4,Sope
7,chopine,5,Sopin
7,chopper,5,SOpER
7,chopper,4,SOpe
8,choquant,4,Sok@
7,choquer,4,Soke
6,choqué,4,Soke
6,choral,5,koRal
7,chorale,5,koRal
6,chorba,5,SORba
8,choriste,6,koRist
7,chorizo,7,tSoRizo
6,chorus,5,koRys
6,chorée,4,koRe
11,chorégraphe,8,koRegRaf
12,chorégraphie,9,koRegRafi
13,chorégraphier,10,kORegRafje
14,chorégraphique,10,koRegRafik
5,chose,3,Soz
6,choser,4,Soze
6,choses,3,Soz
13,chosification,11,Sozifikasj§
9,chosifier,7,Sozifje
4,chou,2,Su
10,chou-fleur,6,Sufl9R
13,chou-palmiste,9,Supalmist
9,chou-rave,5,SuRav
6,chouan,3,Sw@
11,chouannerie,7,Swan°Ri
8,choucard,5,SukaR
7,choucas,4,Suka
8,chouchou,4,SuSu
12,chouchoutage,7,SuSutaZ
10,chouchoute,5,SuSut
11,chouchouter,6,SuSute
10,choucroute,6,SukRut
8,chouette,4,SwEt
12,chouettement,7,SwEt°m@
6,chouia,4,Suja
8,chouiner,5,Swine
9,choupette,5,SupEt
8,chouquet,4,SukE
10,chouquette,5,SukEt
9,chouraver,6,SuRave
10,chouraveur,7,SuRav9R
7,chourer,4,SuRe
12,choux-fleurs,6,Sufl9R
11,choux-raves,5,SuRav
6,chouya,4,Suja
6,chouïa,4,Suja
6,choyer,5,Swaje
5,choyé,5,Swaje
6,christ,5,kRist
11,christiania,10,kRistjanja
13,christianisme,11,kRistjanizm
10,christique,7,kRistik
9,christmas,7,kRismas
16,christocentrisme,13,kRistos@tRizm
14,christologique,11,kRistoloZik
8,chromage,6,kRomaZ
11,chromatique,8,kRomatik
11,chromatisme,9,kRomatizm
14,chromatogramme,11,kROmatOgRam
15,chromatographie,12,kROmatOgRafi
6,chrome,4,kRom
6,chromo,5,kRomo
10,chromosome,8,kRomozom
13,chromosomique,10,kRomozomik
12,chromosphère,9,kRomosfER
9,chronique,6,kRonik
13,chroniquement,9,kRonik°m@
10,chroniquer,7,kRonike
11,chroniqueur,8,kRonik9R
6,chrono,5,kRono
12,chronographe,9,kRonogRaf
11,chronologie,9,kRonoloZi
13,chronologique,10,kRonoloZik
17,chronologiquement,13,kRonoloZik°m@
11,chronomètre,9,kRonomEtR
13,chronométrage,11,kRonometRaZ
12,chronométrer,10,kRonometRe
13,chronométreur,11,kRonometR9R
18,chronophotographie,14,kRonofOtOgRafi
20,chronophotographique,15,kROnofOtOgRafik
10,chrysalide,8,kRizalid
12,chrysanthème,8,kRiz@tEm
10,chrysolite,8,kRizOlit
11,chrysolithe,8,kRizOlit
11,chrysostome,9,kRizostom
8,chrétien,6,kRetj5
18,chrétien-démocrate,14,kRetj5demokRat
14,chrétiennement,10,kRetjEn°m@
10,chrétienté,8,kRetj5te
6,chrême,4,kREm
5,chtar,4,StaR
7,chtarbé,6,StaRbe
6,chtibe,4,Stib
6,chtimi,5,Stimi
9,chtouille,4,Stuj
8,chtourbe,5,ktuRb
10,chuchotant,6,SySot@
12,chuchotement,8,SySOt°m@
9,chuchoter,6,SySote
10,chuchoteur,7,SySot9R
9,chuchotis,6,SySoti
9,chuintant,5,S85t@
10,chuintante,6,S85t@t
11,chuintement,7,S85t°m@
8,chuinter,5,S85te
5,chulo,4,Sylo
4,chum,3,Sum
15,churrigueresque,10,SyRig°REsk
4,chut,3,Syt
5,chute,3,Syt
6,chuter,4,Syte
7,chutney,5,S9tnE
5,chyle,3,Sil
6,chypre,4,SipR
9,chypriote,8,SipRijOt
5,châle,3,Sal
6,châlit,4,Sali
10,châlonnais,6,SalonE
6,châsse,3,Sas
7,châssis,4,Sasi
9,châtaigne,5,SatEN
10,châtaigner,6,SatENe
13,châtaigneraie,8,SatEN°RE
11,châtaignier,6,SateNe
7,châtain,4,Sat5
7,château,4,Sato
12,château-fort,7,SatofOR
13,châteaubriant,9,SatobRij@
6,châtel,5,SatEl
9,châtelain,6,Sat°l5
8,châtelet,6,Sat°lE
11,châtellenie,8,SatEl°ni
7,châtier,5,Satje
9,châtiment,6,Satim@
8,châtrage,6,SatRaZ
7,châtrer,5,SatRe
7,châtron,5,SatR§
6,châtré,5,SatRe
6,chèche,3,SES
8,chènevis,6,SEn°vi
6,chèque,3,SEk
13,chèque-cadeau,7,SEkkado
9,chèrement,6,SER°m@
6,chèvre,4,SEvR
11,chèvre-pied,8,SEvR°pje
13,chèvrefeuille,8,SEvR°f9j
7,chébran,5,SebR@
7,chéchia,5,SeSja
8,chéfesse,5,SefEs
7,chélate,5,kelat
10,chélidoine,8,kelidwan
8,chéloïde,6,kelOid
7,chéneau,4,Seno
8,chéquier,5,Sekje
5,chéri,4,SeRi
6,chérif,5,SeRif
6,chérir,5,SeRiR
6,chérot,4,SeRo
8,chérubin,6,SeRyb5
12,chérubinique,9,SeRybinik
6,chétif,5,Setif
11,chétivement,8,Setiv°m@
9,chétivité,8,Setivite
7,chênaie,4,SEnE
5,chêne,3,SEn
11,chêne-liège,7,SEnljEZ
9,chêneteau,6,SEn°to
7,chômage,5,SomaZ
7,chômedu,6,Som°dy
6,chômer,4,Some
7,chômeur,5,Som9R
5,chômé,4,Some
2,ci,2,si
8,ci-après,6,siapRE
9,ci-contre,6,sik§tR
10,ci-dessous,6,sid°su
9,ci-dessus,6,sid°sy
6,ci-gît,4,siZi
9,ci-inclus,6,si5kly
8,ci-joint,5,siZw5
4,ciao,4,tSao
7,cibiche,5,sibiS
7,cibiste,6,sibist
7,ciblage,6,siblaZ
5,cible,4,sibl
6,cibler,5,sible
7,ciboire,6,sibwaR
7,ciboule,5,sibul
10,ciboulette,7,sibulEt
8,ciboulot,6,sibulo
9,cicatrice,8,sikatRis
11,cicatriciel,11,sikatRisjEl
12,cicatrisable,11,sikatRizabl
13,cicatrisation,12,sikatRizasj§
10,cicatriser,9,sikatRize
6,cicero,6,siseRo
9,cicindèle,7,sis5dEl
8,cicérone,7,siseROn
5,cidre,4,sidR
8,cidrerie,7,sidR°Ri
4,ciel,4,sjEl
6,cierge,5,sjERZ
5,cieux,3,sj2
6,cigale,5,sigal
7,cigalon,6,sigal§
7,cigalou,6,sigalu
6,cigare,5,sigaR
9,cigarette,7,sigaREt
11,cigarettier,9,sigaREtje
9,cigarillo,8,sigaRijo
6,cigler,5,sigle
7,cigogne,5,sigON
5,ciguë,4,sigy
3,cil,3,sil
6,cilice,5,silis
9,cillement,6,sij°m@
6,ciller,4,sije
7,cimaise,5,simEz
8,cimarron,6,simaR§
4,cime,3,sim
6,ciment,4,sim@
8,cimenter,6,sim@te
10,cimenterie,8,sim@t°Ri
9,cimeterre,7,sim°tER
9,cimetière,8,sim°tjER
6,cimier,5,simje
7,cinabre,6,sinabR
10,cinghalais,6,s5galE
8,cinglage,6,s5glaZ
8,cinglant,5,s5gl@
10,cinglement,7,s5gl°m@
7,cingler,5,s5gle
6,cinglé,5,s5gle
7,cinname,5,sinam
7,cinoche,5,sinOS
7,cinoque,5,sinOk
4,cinq,3,s5k
12,cinquantaine,7,s5k@tEn
9,cinquante,5,s5k@t
14,cinquante-cinq,8,s5k@ts5k
14,cinquante-deux,7,s5k@td2
14,cinquante-huit,8,s5k@t8it
18,cinquante-huitième,11,s5k@t8itjEm
14,cinquante-neuf,8,s5k@tn9f
18,cinquante-neuvième,11,s5k@tn9vjEm
16,cinquante-quatre,9,s5k@tkatR
14,cinquante-sept,8,s5k@tsEt
18,cinquante-septième,11,s5k@tsEtjEm
13,cinquante-six,8,s5k@tsis
17,cinquante-sixième,11,s5k@tsizjEm
15,cinquante-trois,9,s5k@ttRwa
19,cinquante-troisième,13,s5k@ttRwazjEm
14,cinquantenaire,9,s5k@t°nER
12,cinquantième,8,s5k@tjEm
9,cinquième,6,s5kjEm
13,cinquièmement,9,s5kjEm°m@
8,cintrage,6,s5tRaZ
6,cintre,4,s5tR
7,cintrer,5,s5tRe
6,cintré,5,s5tRe
7,cinzano,8,tSinzano
4,ciné,4,sine
9,ciné-club,8,sinekl9b
10,ciné-roman,8,sineRom@
8,cinéaste,7,sineast
6,cinéma,6,sinema
13,cinéma-vérité,12,sinemaveRite
11,cinémascope,10,sinemaskOp
12,cinémathèque,9,sinematEk
11,cinématique,9,sinematik
14,cinématographe,12,sinematogRaf
15,cinématographie,13,sinematogRafi
17,cinématographique,14,sinematogRafik
21,cinématographiquement,17,sinematogRafik°m@
9,cinéphile,7,sinefil
9,cinéraire,7,sineRER
8,cinérama,8,sineRama
9,cinétique,7,sinetik
5,cipal,5,sipal
6,cipaye,5,sipaj
7,cipolin,6,sipol5
6,cirage,5,siRaZ
9,circadien,8,siRkadj5
10,circassien,8,siRkasj5
12,circassienne,9,siRkasjEn
8,circaète,7,siRkaEt
10,circoncire,8,siRk§siR
9,circoncis,7,siRk§si
12,circoncision,10,siRk§sizj§
11,circonflexe,10,siRk§flEks
13,circonférence,10,siRk§feR@s
15,circonscription,13,siRk§skRipsj§
12,circonscrire,10,siRk§skRiR
11,circonspect,8,siRk§spE
14,circonspection,12,siRk§spEksj§
12,circonstance,9,siRk§st@s
14,circonstanciel,12,siRk§st@sjEl
13,circonstancié,11,siRk§st@sje
15,circonvallation,12,siRk§valasj§
11,circonvenir,10,siRk§v°niR
14,circonvolution,12,siRk§volysj§
7,circuit,6,siRk8i
10,circulaire,8,siRkylER
14,circulairement,11,siRkylER°m@
9,circulant,7,siRkyl@
11,circularité,11,siRkylaRite
11,circulation,10,siRkylasj§
12,circulatoire,11,siRkylatwaR
8,circuler,7,siRkyle
16,circumnavigation,14,siRk§navigasj§
4,cire,3,siR
5,cirer,4,siRe
6,cireur,5,siR9R
6,cireux,4,siR2
5,ciron,4,siR§
6,cirque,4,siRk
8,cirrhose,5,siRoz
11,cirrhotique,7,siRotik
6,cirrus,5,siRys
4,ciré,4,siRe
3,cis,2,si
10,cisaillage,7,sizajaZ
10,cisaillant,6,sizaj@
8,cisaille,5,sizaj
12,cisaillement,8,sizaj°m@
9,cisailler,6,sizaje
6,ciseau,4,sizo
7,ciseler,6,siz°le
7,ciselet,6,siz°lE
8,ciselure,7,siz°lyR
6,ciselé,6,siz°le
5,ciste,4,sist
10,cistercien,9,sistERsj5
9,citadelle,7,sitadEl
7,citadin,6,sitad5
8,citation,7,sitasj§
5,citer,4,site
7,citerne,6,sitERn
7,cithare,5,sitaR
12,citizen band,10,sitiz2nb@d
7,citoyen,7,sitwaj5
11,citoyenneté,11,sitwajEn°te
7,citrate,6,sitRat
7,citrine,6,sitRin
8,citrique,6,sitRik
6,citron,5,sitR§
10,citronnade,8,sitRonad
11,citronnelle,8,sitRonEl
10,citronnier,8,sitRonje
8,citronné,7,sitRone
10,citrouille,6,sitRuj
6,citrus,6,sitRys
4,city,4,siti
4,cité,4,site
12,cité-dortoir,11,sitedORtwaR
11,cité-jardin,9,siteZaRd5
9,civadière,8,sivadjER
5,civet,4,sivE
7,civette,5,sivEt
5,civil,5,sivil
10,civilement,8,sivil°m@
12,civilisateur,11,sivilizat9R
12,civilisation,11,sivilizasj§
9,civiliser,8,sivilize
8,civilisé,8,sivilize
8,civilité,8,sivilite
7,civique,5,sivik
7,civisme,6,sivizm
7,civière,6,sivjER
10,clabaudage,8,klabodaZ
9,clabauder,7,klabode
8,claboter,7,klabote
4,clac,4,klak
8,clafouti,7,klafuti
9,clafoutis,7,klafuti
5,claie,3,klE
5,claim,4,klEm
5,clair,4,klER
12,clair-obscur,10,klEROpskyR
6,claire,4,klER
11,claire-voie,7,klERvwa
10,clairement,7,klER°m@
7,clairet,5,klERE
9,clairette,6,klEREt
9,clairière,7,klERjER
7,clairon,5,klER§
11,claironnant,7,klERon@
10,claironner,7,klERone
9,clairsemé,8,klERs°me
12,clairvoyance,10,klERvwaj@s
11,clairvoyant,9,klERvwaj@
4,clam,4,klam
8,clamecer,7,klam°se
6,clamer,5,klame
7,clameur,6,klam9R
5,clamp,4,kl@p
7,clamper,5,kl@pe
7,clampin,5,kl@p5
7,clamser,6,klamse
4,clan,3,kl@
10,clandestin,8,kl@dEst5
15,clandestinement,12,kl@dEstin°m@
13,clandestinité,12,kl@dEstinite
6,clandé,5,kl@de
4,clap,4,klap
6,claper,5,klape
6,clapet,5,klapE
8,clapette,6,klapEt
7,clapier,6,klapje
6,clapir,6,klapiR
6,clapot,5,klapo
9,clapotant,7,klapot@
11,clapotement,9,klapOt°m@
8,clapoter,7,klapote
8,clapotis,7,klapoti
10,clappement,7,klap°m@
7,clapper,5,klape
8,claquage,6,klakaZ
8,claquant,5,klak@
6,claque,4,klak
12,claque-merde,8,klakmERd
10,claquement,7,klak°m@
11,claquemurer,9,klak°myRe
7,claquer,5,klake
7,claquet,5,klakE
9,claquette,6,klakEt
13,clarification,12,klaRifikasj§
9,clarifier,8,klaRifje
7,clarine,6,klaRin
10,clarinette,8,klaRinEt
13,clarinettiste,11,klaRinetist
8,clarisse,6,klaRis
6,clarté,6,klaRte
5,clash,4,klaS
5,class,4,klas
9,classable,7,klasabl
6,classe,4,klas
10,classement,7,klas°m@
7,classer,5,klase
8,classeur,6,klas9R
11,classicisme,9,klasisizm
8,classico,7,klasiko
9,classieux,6,klasj2
14,classificateur,12,klasifikat9R
14,classification,12,klasifikasj§
10,classifier,8,klasifje
9,classique,6,klasik
13,classiquement,9,klasik°m@
6,classé,5,klase
6,claude,4,klod
10,claudicant,7,klodik@
12,claudication,10,klodikasj§
10,claudiquer,7,klodike
6,clause,4,kloz
12,claustration,10,klostRasj§
13,claustrophobe,10,klostRofOb
14,claustrophobie,11,klostRofobi
8,clavaire,6,klavER
8,clavecin,7,klav°s5
12,claveciniste,11,klav°sinist
8,clavette,6,klavEt
9,clavicule,8,klavikyl
7,clavier,6,klavje
8,claymore,7,klEjmoR
6,clayon,5,klEj§
10,clayonnage,8,klEjonaZ
5,clean,4,klin
8,clearing,6,kliRiG
5,clebs,5,klEps
4,clef,3,kle
7,clenche,4,kl@S
9,clepsydre,8,klEpsidR
10,cleptomane,9,klEptoman
11,cleptomanie,10,klEptomani
5,clerc,4,klER
8,clergeon,6,klERZ§
9,clergyman,9,klERZiman
6,clergé,6,klERZe
11,clermontois,9,klERm§twa
4,clic,4,klik
9,clic-clac,8,klikklak
8,clichage,6,kliSaZ
7,clicher,5,kliSe
9,clicherie,7,kliS°Ri
8,clicheur,6,kliS9R
6,cliché,5,kliSe
5,click,4,klik
6,client,5,klij@
10,client-roi,8,klij@Rwa
9,clientèle,8,klij@tEl
10,clignement,7,kliN°m@
7,cligner,5,kliNe
10,clignotant,7,kliNot@
12,clignotement,9,kliNOt°m@
9,clignoter,7,kliNote
10,clignoteur,8,kliNot9R
6,climat,5,klima
10,climatique,8,klimatik
13,climatisation,12,klimatizasj§
10,climatiser,9,klimatize
11,climatiseur,10,klimatiz9R
9,climatisé,9,klimatize
12,climatologue,10,klimatOlOg
6,climax,7,klimaks
4,clin,3,kl5
11,clin-d'oeil,6,kl5d9j
7,clinche,4,kl5S
8,clinicat,7,klinika
9,clinicien,8,klinisj5
8,clinique,6,klinik
12,cliniquement,9,klinik°m@
7,clinker,7,klink9R
9,clinquant,5,kl5k@
4,clip,4,klip
7,clipper,6,klip9R
6,clique,4,klik
7,cliquer,5,klike
7,cliquet,5,klikE
10,cliquetant,7,klik°t@
9,cliqueter,7,klik°te
9,cliquetis,7,klik°ti
13,cliquettement,9,klikEt°m@
12,cliquètement,9,klikEt°m@
5,clito,5,klito
15,clitoridectomie,14,klitORidEktOmi
11,clitoridien,10,klitoRidj5
8,clitoris,8,klitoRis
7,clivage,6,klivaZ
6,cliver,5,klive
7,cloacal,7,kloakal
7,cloaque,5,kloak
4,cloc,4,klOk
8,clochard,6,kloSaR
15,clochardisation,13,kloSaRdizasj§
12,clochardiser,10,kloSaRdize
6,cloche,4,klOS
11,cloche-pied,7,klOSpje
7,clocher,5,kloSe
9,clocheton,7,klOS°t§
9,clochette,6,kloSEt
5,clodo,5,klodo
7,cloison,6,klwaz§
13,cloisonnement,10,klwazOn°m@
10,cloisonner,8,klwazone
9,cloisonné,8,klwazone
7,clonage,6,klonaZ
5,clone,4,klon
6,cloner,5,klOne
8,clonique,6,klOnik
5,clope,4,klOp
6,cloper,5,klOpe
7,clopeur,6,klop9R
14,clopin-clopant,10,klop5klop@
8,clopiner,7,klopine
11,clopinettes,8,klopinEt
8,cloporte,7,klopORt
6,cloque,4,klOk
7,cloquer,5,kloke
6,cloqué,5,kloke
5,clore,4,klOR
4,clos,3,klo
12,close-combat,8,klozk§ba
8,close-up,6,kloz9p
8,closerie,7,kloz°Ri
4,clou,3,klu
7,clouage,5,kluaZ
6,clouer,4,klue
7,cloueur,5,klu9R
8,cloutage,6,klutaZ
8,cloutier,6,klutje
6,clouté,5,klute
5,cloué,4,klue
5,clown,4,klun
9,clownerie,7,klun°Ri
10,clownesque,7,klunEsk
7,cloître,6,klwatR
8,cloîtrer,7,klwatRe
7,cloîtré,7,klwatRe
4,club,4,kl9b
10,club-house,7,kl9baws
9,clubhouse,7,kl9baws
8,clubiste,7,klybist
7,clubman,7,kl9bman
9,clunisien,8,klynizj5
5,cluse,4,klyz
7,cluster,7,kl9st9R
8,clystère,7,klistER
3,clé,3,kle
7,clébard,6,klebaR
9,clématite,8,klematit
8,clémence,6,klem@s
7,clément,5,klem@
10,clémentine,8,klem@tin
8,clérical,8,kleRikal
12,cléricalisme,11,kleRikalizm
11,cléricature,10,kleRikatyR
7,clôture,6,klotyR
8,clôturer,7,klotyRe
2,cm,8,s@timEtR
2,co,2,ko
12,co-animateur,10,koanimat9R
9,co-auteur,6,koot9R
9,co-avocat,7,koavoka
12,co-capitaine,9,kokapitEn
13,co-dépendance,9,kodep@d@s
12,co-existence,10,koEgzist@s
10,co-exister,9,koEgziste
10,co-habiter,7,koabite
12,co-locataire,9,kolokatER
9,co-pilote,7,kopilOt
13,co-production,11,kopRodyksj§
10,co-proprio,9,kopRopRio
15,co-propriétaire,12,kopRopRietER
12,co-propriété,11,kopRopRiete
12,co-président,9,kopRezid@
14,co-responsable,11,koREsp§sabl
9,co-signer,6,kosiNe
9,co-tuteur,7,kotyt9R
10,co-vedette,7,kov2dEt
12,co-voiturage,10,kovwatyRaZ
11,co-équipier,8,koekipje
8,coaccusé,7,koakyze
5,coach,4,kotS
7,coacher,5,kotSe
10,coadjuteur,9,koadZyt9R
9,coagulant,7,koagyl@
11,coagulation,10,koagylasj§
8,coaguler,7,koagyle
8,coaliser,7,koalize
9,coalition,8,koalisj§
7,coaltar,6,kOltaR
10,coassement,7,koas°m@
7,coasser,5,koase
5,coati,5,koati
8,coauteur,6,koot9R
7,coaxial,8,koaksjal
3,cob,3,kOb
6,cobalt,6,kobalt
6,cobaye,5,kobaj
5,cobol,5,kobOl
5,cobra,5,kobRa
4,coca,4,koka
9,coca-cola,8,kokakola
7,cocagne,5,kokaN
6,cocard,5,kokaR
7,cocarde,6,kokaRd
8,cocarder,7,kOkaRde
9,cocardier,8,kokaRdje
7,cocasse,5,kokas
11,cocassement,8,kOkas°m@
10,cocasserie,8,kokas°Ri
7,cocaïne,6,kokain
11,cocaïnomane,10,kokainoman
10,coccinelle,8,koksinEl
6,coccyx,6,kOksis
5,coche,3,kOS
8,cochelet,6,koS°lE
10,cochenille,7,kOS°nij
6,cocher,4,koSe
10,cochléaire,7,kOkleER
7,cochlée,5,kokle
6,cochon,4,koS§
10,cochonceté,8,koS§s°te
12,cochonnaille,7,koSonaj
9,cochonner,6,koSone
11,cochonnerie,8,koSOn°Ri
9,cochonnet,6,koSonE
9,cochonnée,6,kOSOne
8,cochylis,7,kokilis
6,cocker,5,kokER
7,cockney,5,koknE
7,cockpit,6,kOkpit
8,cocktail,6,kOktEl
4,coco,4,koko
5,cocon,4,kok§
6,cocoon,5,kokun
8,cocorico,8,kokoRiko
7,cocoter,6,kokote
8,cocotier,7,kokotje
7,cocotte,5,kokOt
14,cocotte-minute,10,kokOtminyt
7,coction,6,koksj§
4,cocu,4,koky
7,cocuage,6,kok8aZ
8,cocufier,7,kokyfje
7,cocufié,7,kokyfje
4,coda,4,koda
6,codage,5,kodaZ
4,code,3,kOd
10,code-barre,6,kOdbaR
11,code-barres,6,kOdbaR
8,code-clé,6,kOdkle
5,coder,4,kode
6,codeur,5,kod9R
5,codex,6,kodEks
9,codicille,7,kodisil
12,codification,11,kodifikasj§
8,codifier,7,kodifje
5,codon,4,kod§
4,codé,4,kode
7,codéine,6,kodein
8,codétenu,8,kodet°ny
11,coefficient,8,koefisj@
11,coelacanthe,7,selak@t
9,coeliaque,6,seljak
12,coentreprise,10,ko@tR°pRiz
8,coenzyme,6,ko@zim
9,coercitif,9,koERsitif
10,coercition,9,koERsisj§
5,coeur,3,k9R
11,coexistence,10,koEgzist@s
9,coexister,9,koEgziste
11,coffee shop,7,kOfiSOp
6,coffin,4,kof5
6,coffio,5,kOfjo
7,coffiot,5,kOfjo
8,coffrage,6,kofRaZ
6,coffre,4,kOfR
11,coffre-fort,8,kOfR°fOR
7,coffrer,5,kofRe
7,coffret,5,kofRE
13,cofinancement,10,kofin@s°m@
11,cofondateur,9,kof§dat9R
7,cofondé,6,kof§de
10,cogitation,9,koZitasj§
7,cogiter,6,koZite
6,cogito,6,koZito
6,cognac,5,koNak
10,cognassier,7,koNasje
5,cogne,3,kON
9,cognement,6,kON°m@
6,cogner,4,koNe
7,cogneur,5,koN9R
8,cognitif,8,kognitif
9,cognition,8,kOgnisj§
6,cognée,4,koNe
8,cogérant,6,koZeR@
10,cohabitant,7,kOabit@
12,cohabitation,10,koabitasj§
9,cohabiter,7,koabite
7,cohorte,5,koORt
5,cohue,3,koy
9,cohérence,6,koeR@s
8,cohérent,5,koeR@
10,cohéritier,8,koeRitje
8,cohésion,6,koezj§
3,coi,3,kwa
8,coiffant,5,kwaf@
6,coiffe,4,kwaf
7,coiffer,5,kwafe
8,coiffeur,6,kwaf9R
8,coiffure,6,kwafyR
6,coiffé,5,kwafe
4,coin,3,kw5
9,coin-coin,6,kw5kw5
10,coin-repas,7,kw5R°pa
7,coincer,5,kw5se
8,coinceur,6,kw5s9R
8,coincher,5,kw5Se
6,coincé,5,kw5se
5,coing,3,kw5
8,coinstot,6,kw5sto
8,coinçage,6,kw5saZ
4,coir,4,kwaR
4,coke,3,kok
3,col,3,kOl
12,col-de-cygne,8,kOld°siN
8,col-vert,6,kOlvER
4,cola,4,kola
7,colback,6,kOlbak
10,colchicine,8,kOlSisin
9,colchique,6,kOlSik
8,colcotar,8,kOlkotaR
4,cold,4,kold
10,cold-cream,8,koldkRim
10,colectomie,9,kOlEktomi
7,colibri,7,kolibRi
10,colifichet,8,kolifiSE
9,colimaçon,8,kolimas§
5,colin,4,kol5
14,colin-maillard,9,kol5majaR
7,colique,5,kolik
5,colis,4,koli
12,colis-cadeau,8,kolikado
11,colis-repas,8,koliR°pa
9,colistier,8,kolistje
6,colite,5,kolit
7,collabo,6,kolabo
13,collaborateur,11,kolaboRat9R
13,collaboration,11,kolaboRasj§
18,collaborationniste,15,kolaboRasjonist
10,collaborer,8,kolaboRe
7,collage,5,kolaZ
9,collagène,7,kolaZEn
7,collant,4,kol@
9,collapsus,8,kolapsys
9,collation,7,kolasj§
15,collationnement,11,kolasjOn°m@
12,collationner,9,kolasjone
10,collatéral,9,kolateRal
5,colle,3,kOl
8,collecte,6,kolEkt
9,collecter,7,kolEkte
10,collecteur,8,kolEkt9R
9,collectif,8,kolEktif
10,collection,8,kolEksj§
13,collectionner,10,kolEksjone
14,collectionneur,11,kolEksjon9R
14,collectivement,11,kolEktiv°m@
16,collectivisation,14,kolEktivizasj§
13,collectiviser,11,kolEktivize
13,collectivisme,11,kolEktivizm
13,collectiviste,11,kolEktivist
12,collectivité,11,kolEktivite
9,collector,8,kOlEktOR
6,coller,4,kole
10,collerette,7,kOl°REt
6,collet,4,kolE
9,colletage,7,kOl°taZ
8,colleter,6,kOl°te
8,colletin,6,kOl°t5
7,colleur,5,kol9R
8,colleuse,5,kol2z
6,colley,4,kolE
7,collier,5,kolje
9,collignon,6,koliN§
11,collimateur,9,kolimat9R
11,collimation,9,kolimasj§
7,colline,5,kolin
9,collision,7,kolizj§
9,collodion,7,kolodj§
8,colloque,5,kolOk
9,colloquer,6,koloke
8,colloïde,6,koloid
7,collure,5,kolyR
9,collusion,7,kolyzj§
10,collutoire,8,kolytwaR
7,collyre,5,koliR
7,collège,5,kolEZ
8,collègue,5,kolEg
9,collégial,8,koleZjal
10,collégiale,8,koleZjal
12,collégialité,11,koleZjalite
9,collégien,7,koleZj5
9,colmatage,8,kOlmataZ
8,colmater,7,kOlmate
4,colo,4,kolo
11,colocataire,9,kolokatER
10,colocation,9,kolokasj§
7,colombe,5,kol§b
10,colombelle,7,kol§bEl
9,colombien,7,kol§bj5
9,colombier,7,kol§bje
8,colombin,6,kol§b5
7,colombo,6,kol§bo
12,colombophile,9,kol§bofil
13,colombophilie,10,kol§bofili
5,colon,4,kol§
7,colonel,7,kolonEl
8,colonial,8,kolonjal
12,colonialisme,11,kolonjalizm
12,colonialiste,11,kolonjalist
7,colonie,6,koloni
12,colonisateur,11,kolonizat9R
12,colonisation,11,kolonizasj§
9,coloniser,8,kolonize
8,colonisé,8,kolonize
9,colonnade,7,kolonad
7,colonne,5,kolOn
10,colonnette,7,kolonEt
12,colonoscopie,11,kOlOnOskOpi
10,colopathie,8,kolopati
9,colophane,7,kolofan
10,coloquinte,7,kolok5t
8,colorant,6,koloR@
10,coloration,9,koloRasj§
10,colorature,9,koloRatyR
10,colorectal,10,koloREktal
7,colorer,6,koloRe
9,coloriage,8,koloRjaZ
8,colorier,7,koloRje
7,coloris,6,koloRi
12,colorisation,11,koloRizasj§
9,coloriste,8,koloRist
6,coloré,6,koloRe
10,coloscopie,9,kolOskopi
8,colossal,7,kolosal
7,colosse,5,kolOs
10,colostomie,9,kolostomi
9,colostrum,9,kOlOstROm
10,colportage,9,kOlpORtaZ
9,colporter,8,kOlpORte
10,colporteur,9,kOlpORt9R
11,colposcopie,10,kOlposkOpi
13,cols-de-cygne,8,kOld°siN
4,colt,4,kOlt
6,coltin,5,kOlt5
9,coltinage,8,kOltinaZ
8,coltiner,7,kOltine
9,coltineur,8,kOltin9R
11,columbarium,10,kol§baRjOm
7,colvert,6,kOlvER
5,colza,5,kOlza
6,colère,5,kolER
5,colée,4,kole
10,coléoptère,9,koleOptER
7,colérer,6,kOleRe
13,coléreusement,10,kOleR2z°m@
8,coléreux,6,koleR2
9,colérique,7,koleRik
3,com,3,kOm
4,coma,4,koma
5,comac,5,komak
8,comanche,5,kOm@S
9,comandant,6,kom@d@
8,comateux,6,komat2
6,combat,4,k§ba
8,combatif,7,k§batif
11,combativité,10,k§bativite
10,combattant,6,k§bat@
9,combattre,6,k§batR
5,combe,3,k§b
8,combette,5,k§bEt
5,combi,4,k§bi
7,combien,5,k§bj5
12,combientième,9,k§bj@tjEm
11,combinaison,8,k§binEz§
9,combinard,7,k§binaR
8,combinat,6,k§bina
12,combinatoire,10,k§binatwaR
7,combine,5,k§bin
8,combiner,6,k§bine
7,combiné,6,k§bine
8,combisme,6,k§bizm
8,comblant,5,k§bl@
6,comble,4,k§bl
7,combler,5,k§ble
6,comblé,5,k§ble
5,combo,4,k§bo
12,combourgeois,8,k§buRZwa
9,comburant,6,k§byR@
11,combustible,9,k§bystibl
10,combustion,8,k§bystj§
13,comestibilité,13,kOmEstibilite
10,comestible,9,komEstibl
10,comic book,8,kOmikbuk
6,comice,5,komis
6,comics,5,komik
7,comique,5,komik
11,comiquement,8,komik°m@
9,comitadji,9,komitadZi
6,comite,5,kOmit
6,comité,6,komite
5,comma,4,kOma
7,command,6,komand
10,commandant,6,kom@d@
8,commande,5,kom@d
12,commandement,8,kom@d°m@
9,commander,6,kom@de
11,commanderie,8,kom@d°Ri
10,commandeur,7,kom@d9R
13,commanditaire,9,kom@ditER
10,commandite,7,kom@dit
11,commanditer,8,kom@dite
10,commandité,8,kom@dite
8,commando,6,kom@do
8,commandé,6,kom@de
5,comme,3,kOm
18,commedia dell'arte,14,komedjadElaRte
12,commencement,8,kom@s°m@
9,commencer,6,kom@se
9,commensal,7,kom@sal
13,commensalisme,10,kom@salizm
13,commensurable,10,kom@syRabl
7,comment,4,kom@
11,commentaire,7,kom@tER
12,commentateur,9,kom@tat9R
9,commenter,6,kom@te
10,commençant,6,kom@s@
8,commerce,6,komERs
9,commercer,7,komERse
10,commercial,9,komERsjal
15,commercialement,12,komERsjal°m@
16,commercialisable,14,kOmERsjalizabl
17,commercialisation,15,komERsjalizasj§
14,commercialiser,12,komERsjalize
10,commerçant,7,komERs@
10,commettant,6,komEt@
9,commettre,6,komEtR
12,comminatoire,10,kominatwaR
6,commis,4,komi
15,commis-voyageur,12,komivwajaZ9R
11,commissaire,7,komisER
19,commissaire-adjoint,12,kOmisERadZw5
19,commissaire-priseur,13,komisERpRiz9R
12,commissariat,9,komisaRja
10,commission,7,komisj§
15,commissionnaire,10,komisjonER
10,commissure,7,komisyR
13,commisération,11,komizeRasj§
7,commode,5,komOd
16,commode-toilette,11,kOmOdtwalEt
9,commodité,8,komodite
9,commodore,7,komodOR
11,commodément,8,komodem@
9,commotion,7,komosj§
7,commuer,5,kom8e
6,commun,4,kom1
8,communal,7,komynal
9,communard,7,komynaR
13,communautaire,9,komynotER
10,communauté,8,komynote
7,commune,5,komyn
10,communiant,7,komynj@
15,communicabilité,14,komynikabilite
12,communicable,10,komynikabl
11,communicant,8,komynik@
13,communicateur,11,komynikat9R
12,communicatif,11,komynikatif
13,communication,11,komynikasj§
9,communier,7,komynje
9,communion,7,komynj§
11,communiquer,8,komynike
10,communiqué,8,komynike
11,communisant,8,komyniz@
10,communisme,8,komynizm
10,communiste,8,komynist
11,communément,8,komynem@
11,commutateur,9,komytat9R
11,commutation,9,komytasj§
8,commuter,6,komyte
7,commère,5,komER
12,commémoratif,11,komemoRatif
13,commémoration,11,komemoRasj§
10,commémorer,8,komemoRe
9,commérage,7,komeRaZ
8,commérer,6,komeRe
7,comnène,6,kOmnEn
9,compacité,8,k§pasite
7,compact,6,k§pakt
10,compactage,8,k§paktaZ
10,compacteur,8,k§pakt9R
8,compadre,6,k§padR
9,compagnie,6,k§paNi
9,compagnon,6,k§paN§
13,compagnonnage,9,k§paNonaZ
13,comparabilité,12,k§paRabilite
10,comparable,8,k§paRabl
11,comparaison,8,k§paREz§
9,comparant,6,k§paR@
11,comparateur,9,k§paRat9R
10,comparatif,9,k§paRatif
15,comparativement,12,k§paRativ°m@
11,comparaître,8,k§paREtR
8,comparer,6,k§paRe
9,comparoir,8,k§paRwaR
8,comparse,6,k§paRs
12,compartiment,9,k§paRtim@
15,compartimentage,12,k§paRtim@taZ
14,compartimenter,11,k§paRtim@te
13,compartimenté,11,k§paRtim@te
11,comparution,9,k§paRysj§
7,comparé,6,k§paRe
6,compas,4,k§pa
10,compassion,7,k§pasj§
8,compassé,6,k§pase
13,compatibilité,12,k§patibilite
10,compatible,8,k§patibl
8,compatir,7,k§patiR
12,compatissant,8,k§patis@
11,compatriote,10,k§patRijOt
10,compendium,8,k§p5djOm
12,compensateur,9,k§p@sat9R
12,compensation,9,k§p@sasj§
13,compensatoire,10,k§p@satwaR
9,compenser,6,k§p@se
8,compensé,6,k§p@se
6,compil,5,k§pil
11,compilateur,9,k§pilat9R
11,compilation,9,k§pilasj§
8,compiler,6,k§pile
9,compisser,6,k§pise
10,complainte,6,k§pl5t
9,complaire,6,k§plER
14,complaisamment,9,k§plEzam@
12,complaisance,8,k§plEz@s
11,complaisant,7,k§plEz@
7,complet,5,k§plE
14,complet-veston,10,k§plEvEst§
8,complexe,7,k§plEks
9,complexer,8,k§plEkse
10,complexion,9,k§plEksj§
10,complexité,10,k§plEksite
8,complexé,8,k§plEkse
12,complication,10,k§plikasj§
8,complice,6,k§plis
10,complicité,9,k§plisite
8,complies,5,k§pli
10,compliment,7,k§plim@
12,complimenter,9,k§plim@te
10,compliquer,7,k§plike
9,compliqué,7,k§plike
7,complot,5,k§plo
9,comploter,7,k§plote
10,comploteur,8,k§plot9R
6,complu,5,k§ply
12,complètement,9,k§plEt°m@
10,complément,7,k§plem@
14,complémentaire,10,k§plem@tER
18,complémentairement,13,k§plem@tER°m@
15,complémentarité,13,k§plem@taRite
9,compléter,7,k§plete
10,complétude,8,k§pletyd
5,compo,4,k§po
11,componction,8,k§p§ksj§
8,comporte,6,k§pORt
12,comportement,9,k§pORt°m@
14,comportemental,12,k§pORt°m@tal
18,comportementalisme,15,k§pORt°m@talizm
18,comportementaliste,15,k§pORt°m@talist
9,comporter,7,k§pORte
9,composant,6,k§poz@
8,composer,6,k§poze
9,composeur,7,k§poz9R
9,composite,7,k§pozit
11,compositeur,9,k§pozit9R
11,composition,9,k§pozisj§
7,compost,6,k§pOst
9,composter,7,k§poste
10,composteur,8,k§post9R
7,composé,6,k§poze
7,compote,5,k§pOt
9,compotier,7,k§potje
8,compound,6,k§pund
9,comprador,8,k§pRadOR
10,comprendre,7,k§pR@dR
11,comprenette,8,k§pR°nEt
9,compresse,6,k§pREs
10,compresser,7,k§pREse
11,compresseur,8,k§pREs9R
12,compressible,9,k§pREsibl
10,compressif,8,k§pREsif
11,compression,8,k§pREsj§
9,compressé,7,k§pREse
10,comprimant,7,k§pRim@
9,comprimer,7,k§pRime
8,comprimé,7,k§pRime
7,compris,5,k§pRi
13,compromettant,9,k§pRomEt@
12,compromettre,9,k§pRomEtR
9,compromis,7,k§pRomi
13,compromission,10,k§pRomisj§
14,compromissoire,11,k§pROmiswaR
14,compréhensible,10,k§pRe@sibl
12,compréhensif,9,k§pRe@sif
13,compréhension,9,k§pRe@sj§
16,comptabilisation,13,k§tabilizasj§
13,comptabiliser,10,k§tabilize
12,comptabilité,10,k§tabilite
9,comptable,6,k§tabl
8,comptage,5,k§taZ
8,comptant,4,k§t@
6,compte,3,k§t
11,compte-fils,6,k§tfis
14,compte-gouttes,6,k§tgut
12,compte-rendu,7,k§tR@dy
12,compte-tours,6,k§ttuR
7,compter,4,k§te
8,compteur,5,k§t9R
8,comptine,5,k§tin
8,comptoir,6,k§twaR
9,compulser,7,k§pylse
9,compulsif,8,k§pylsif
10,compulsion,8,k§pylsj§
14,compulsivement,11,k§pylsiv°m@
11,compulsoire,9,k§pylswaR
6,comput,5,k§pyt
8,computer,6,k§pyte
9,computeur,7,k§pyt9R
7,compère,5,k§pER
10,compétence,7,k§pet@s
9,compétent,6,k§pet@
11,compétiteur,9,k§petit9R
10,compétitif,9,k§petitif
11,compétition,9,k§petisj§
13,compétitivité,12,k§petitivite
6,comtal,5,k§tal
5,comte,3,k§t
7,comtois,5,k§twa
5,comté,4,k§te
6,comète,5,komEt
7,comédie,6,komedi
8,comédien,7,komedj5
3,con,2,k§
6,conard,5,konaR
7,conasse,5,konas
10,concassage,7,k§kasaZ
9,concasser,6,k§kase
10,concasseur,7,k§kas9R
13,concaténation,11,k§katenasj§
7,concave,5,k§kav
9,concavité,8,k§kavite
13,concentrateur,10,k§s@tRat9R
13,concentration,10,k§s@tRasj§
18,concentrationnaire,13,k§s@tRasjonER
10,concentrer,7,k§s@tRe
12,concentrique,8,k§s@tRik
9,concentré,7,k§s@tRe
7,concept,6,k§sEpt
10,concepteur,8,k§sEpt9R
10,conception,8,k§sEpsj§
14,conceptualiser,12,k§sEpt8alize
10,conceptuel,9,k§sEpt8El
16,conceptuellement,12,k§sEptyEl°m@
10,concernant,7,k§sERn@
9,concerner,7,k§sERne
7,concert,5,k§sER
12,concertation,10,k§sERtasj§
9,concerter,7,k§sERte
10,concertina,9,k§sERtina
11,concertiste,9,k§sERtist
8,concerto,7,k§sERto
8,concerté,7,k§sERte
10,concession,7,k§sesj§
15,concessionnaire,10,k§sesjonER
8,concetto,6,k§sEto
10,concevable,8,k§s°vabl
9,concevoir,8,k§s°vwaR
8,conchier,5,k§Sje
9,concierge,7,k§sjERZ
12,conciergerie,10,k§sjERZ°Ri
7,concile,5,k§sil
11,conciliable,9,k§siljabl
12,conciliabule,10,k§siljabyl
10,conciliant,7,k§silj@
12,conciliateur,10,k§siljat9R
12,conciliation,10,k§siljasj§
9,concilier,7,k§silje
6,concis,4,k§si
9,concision,7,k§sizj§
10,concitoyen,9,k§sitwaj5
8,conclave,6,k§klav
11,conclaviste,9,k§klavist
9,concluant,6,k§kly@
8,conclure,6,k§klyR
10,conclusion,8,k§klyzj§
9,concocter,7,k§kOkte
10,concoction,8,k§kOksj§
9,concombre,6,k§k§bR
12,concomitance,9,k§komit@s
11,concomitant,8,k§komit@
11,concordance,8,k§kORd@s
10,concordant,7,k§kORd@
9,concordat,7,k§kORda
8,concorde,6,k§kORd
9,concorder,7,k§kORde
10,concourant,6,k§kuR@
9,concourir,7,k§kuRiR
8,concours,5,k§kuR
7,concret,5,k§kRE
12,concrètement,9,k§kREt°m@
10,concrétion,8,k§kResj§
14,concrétisation,12,k§kRetizasj§
11,concrétiser,9,k§kRetize
8,concubin,6,k§kyb5
11,concubinage,9,k§kybinaZ
13,concupiscence,9,k§kypis@s
12,concupiscent,8,k§kypis@
13,concurremment,8,k§kyRam@
11,concurrence,7,k§kyR@s
12,concurrencer,8,k§kyR@se
10,concurrent,6,k§kyR@
13,concurrentiel,10,k§kyR@sjEl
10,concussion,7,k§kysj§
15,concussionnaire,10,k§kysjonER
9,concédant,6,k§sed@
8,concéder,6,k§sede
11,condamnable,8,k§danabl
12,condamnation,9,k§danasj§
9,condamner,6,k§dane
8,condamné,6,k§dane
12,condensateur,9,k§d@sat9R
12,condensation,9,k§d@sasj§
9,condenser,6,k§d@se
10,condenseur,7,k§d@s9R
8,condensé,6,k§d@se
14,condescendance,9,k§des@d@s
13,condescendant,8,k§des@d@
12,condescendre,8,k§des@dR
9,condiment,6,k§dim@
11,condisciple,8,k§disipl
9,condition,7,k§disj§
12,conditionnel,10,k§disjonEl
18,conditionnellement,13,k§disjonEl°m@
15,conditionnement,11,k§disjOn°m@
12,conditionner,9,k§disjone
13,conditionneur,10,k§disjon9R
11,conditionné,9,k§disjone
5,condo,4,k§do
11,condoléance,8,k§dole@s
6,condom,5,k§dOm
11,condominium,10,k§dominjOm
6,condor,5,k§dOR
11,condottiere,8,k§dotjeR
11,condottieri,8,k§dotiRi
11,conductance,8,k§dykt@s
10,conducteur,8,k§dykt9R
14,conductibilité,13,k§dyktibilite
10,conduction,8,k§dyksj§
12,conductivité,11,k§dyktivite
8,conduire,6,k§d8iR
7,conduit,5,k§d8i
8,conduite,6,k§d8it
19,conduite-intérieure,13,k§d8it5teRj9R
7,condyle,5,k§dil
5,condé,4,k§de
10,confection,8,k§fEksj§
13,confectionner,10,k§fEksjone
14,confectionneur,11,k§fEksjon9R
8,confesse,5,k§fEs
9,confesser,6,k§fese
10,confesseur,7,k§fEs9R
10,confession,7,k§fesj§
13,confessionnal,10,k§fEsjonal
13,confessionnel,10,k§fEsjonEl
8,confetti,6,k§feti
9,confiance,6,k§fj@s
8,confiant,5,k§fj@
10,confidence,7,k§fid@s
9,confident,6,k§fid@
15,confidentialité,13,k§fid@sjalite
12,confidentiel,10,k§fid@sjEl
18,confidentiellement,13,k§fid@sjEl°m@
7,confier,5,k§fje
13,configuration,11,k§figyRasj§
10,configurer,8,k§figyRe
11,confinement,8,k§fin°m@
8,confiner,6,k§fine
7,confins,4,k§f5
7,confiné,6,k§fine
8,confiote,6,k§fjOt
7,confire,5,k§fiR
12,confirmation,10,k§fiRmasj§
9,confirmer,7,k§fiRme
8,confirmé,7,k§fiRme
12,confiscation,10,k§fiskasj§
10,confiserie,8,k§fiz°Ri
9,confiseur,7,k§fiz9R
10,confisquer,7,k§fiske
9,confisqué,7,k§fiske
6,confit,4,k§fi
9,confiteor,8,k§fiteOR
9,confiture,7,k§fityR
13,conflagration,11,k§flagRasj§
11,conflictuel,10,k§flikt8El
7,conflit,5,k§fli
10,confluence,7,k§fly@s
9,confluent,6,k§fly@
8,confluer,6,k§fl8e
10,confondant,6,k§f§d@
9,confondre,6,k§f§dR
8,confondu,6,k§f§dy
12,conformation,10,k§fORmasj§
8,conforme,6,k§fORm
9,conformer,7,k§fORme
11,conformisme,9,k§fORmizm
11,conformiste,9,k§fORmist
10,conformité,9,k§fORmite
8,conformé,7,k§fORme
12,conformément,9,k§fORmem@
7,confort,5,k§fOR
11,confortable,9,k§fORtabl
15,confortablement,12,k§fORtabl°m@
9,conforter,7,k§fORte
12,confraternel,11,k§fRatERnEl
18,confraternellement,14,k§fRatERnEl°m@
13,confraternité,12,k§fRatERnite
13,confrontation,10,k§fR§tasj§
10,confronter,7,k§fR§te
9,confronté,7,k§fR§te
8,confrère,6,k§fRER
9,confrérie,7,k§fReRi
13,confucianisme,11,k§fysjanizm
6,confus,4,k§fy
9,confusion,7,k§fyzj§
14,confusionnisme,11,k§fyzjonizm
11,confusément,8,k§fyzem@
10,confédéral,9,k§fedeRal
13,confédération,11,k§fedeRasj§
10,confédérer,8,k§fedeRe
9,confédéré,8,k§fedeRe
10,conférence,7,k§feR@s
12,conférencier,9,k§feR@sje
8,conférer,6,k§feRe
7,conféré,6,k§feRe
5,conga,4,k§ga
8,congeler,6,k§Z°le
7,congelé,6,k§Z°le
9,congestif,8,k§ZEstif
10,congestion,8,k§ZEstj§
12,congestionné,10,k§ZEstjone
12,conglobation,10,k§globasj§
11,conglomérat,9,k§glomeRa
9,congolais,6,k§golE
11,congratuler,9,k§gRatyle
6,congre,4,k§gR
7,congrès,5,k§gRE
13,congréganiste,11,k§gReganist
12,congrégation,10,k§gRegasj§
18,congrégationaliste,16,k§gRegasjOnalist
10,congrûment,7,k§gRym@
7,congère,5,k§ZER
5,congé,4,k§Ze
12,congédiement,8,k§Zedim@
9,congédier,7,k§Zedje
8,congédié,7,k§Zedje
11,congélateur,9,k§Zelat9R
11,congélation,9,k§Zelasj§
10,congénital,9,k§Zenital
15,congénitalement,12,k§Zenital°m@
9,congénère,7,k§ZenER
8,conifère,7,konifER
7,conique,5,konik
11,conjectural,10,k§ZEktyRal
10,conjecture,8,k§ZEktyR
11,conjecturer,9,k§ZEktyRe
10,conjoindre,7,k§Zw5dR
8,conjoint,5,k§Zw5
13,conjointement,9,k§Zw5t°m@
11,conjoncteur,8,k§Z§kt9R
10,conjonctif,8,k§Z§ktif
11,conjonction,8,k§Z§ksj§
11,conjonctive,8,k§Z§ktiv
13,conjonctivite,10,k§Z§ktivit
11,conjoncture,8,k§Z§ktyR
11,conjugaison,8,k§ZygEz§
8,conjugal,7,k§Zygal
13,conjugalement,10,k§Zygal°m@
11,conjugalité,10,k§Zygalite
9,conjuguer,6,k§Zyge
8,conjugué,6,k§Zyge
8,conjungo,6,k§j§Go
11,conjurateur,9,k§ZyRat9R
11,conjuration,9,k§ZyRasj§
12,conjuratoire,10,k§ZyRatwaR
8,conjurer,6,k§ZyRe
7,conjuré,6,k§ZyRe
7,connais,4,konE
12,connaissable,8,konEsabl
12,connaissance,7,konEs@s
11,connaissant,6,konEs@
13,connaissement,8,konEs°m@
11,connaisseur,7,konEs9R
7,connard,5,konaR
8,connasse,5,konas
9,connaître,6,konEtR
7,conneau,4,kono
9,connecter,7,konEkte
10,connecteur,8,konEkt9R
12,connectivité,11,konEktivite
9,connement,6,kOn°m@
8,connerie,6,kOn°Ri
7,connexe,6,konEks
9,connexion,8,konEksj§
10,connivence,7,koniv@s
11,connotation,9,konotasj§
5,connu,4,kony
10,connétable,8,konetabl
7,conoïde,6,konoid
6,conque,3,k§k
7,conquis,4,k§ki
12,conquistador,10,k§kistadOR
10,conquérant,6,k§keR@
9,conquérir,7,k§keRiR
8,conquête,5,k§kEt
10,consacrant,7,k§sakR@
9,consacrer,7,k§sakRe
8,consacré,7,k§sakRe
10,consanguin,6,k§s@g5
13,consanguinité,10,k§s@ginite
12,consciemment,7,k§sjam@
10,conscience,6,k§sj@s
18,consciencieusement,12,k§sj@sj2z°m@
13,consciencieux,8,k§sj@sj2
9,conscient,5,k§sj@
12,conscription,10,k§skRipsj§
8,conscrit,6,k§skRi
7,conseil,5,k§sEj
10,conseiller,6,k§seje
10,consensuel,8,k§s@s8El
9,consensus,7,k§s5sys
10,consentant,6,k§s@t@
12,consentement,8,k§s@t°m@
9,consentir,7,k§s@tiR
12,conservateur,10,k§sERvat9R
12,conservation,10,k§sERvasj§
13,conservatisme,11,k§sERvatizm
13,conservatoire,11,k§sERvatwaR
13,conservatrice,11,k§sERvatRis
8,conserve,6,k§sERv
9,conserver,7,k§sERve
11,conserverie,9,k§sERv°Ri
8,conservé,7,k§sERve
12,considérable,10,k§sideRabl
16,considérablement,13,k§sideRabl°m@
11,considérant,8,k§sideR@
13,considération,11,k§sideRasj§
10,considérer,8,k§sideRe
13,consignataire,9,k§siNatER
12,consignation,9,k§siNasj§
8,consigne,5,k§siN
9,consigner,6,k§siNe
8,consigné,6,k§siNe
11,consistance,8,k§sist@s
10,consistant,7,k§sist@
9,consister,7,k§siste
11,consistoire,9,k§sistwaR
12,consistorial,11,k§sistoRjal
5,conso,4,k§so
8,consoeur,5,k§s9R
9,consolant,6,k§sol@
11,consolateur,9,k§solat9R
11,consolation,9,k§solasj§
7,console,5,k§sOl
8,consoler,6,k§sole
13,consolidation,11,k§solidasj§
10,consolider,8,k§solide
9,consolidé,8,k§solide
11,consommable,8,k§somabl
12,consommateur,9,k§somat9R
12,consommation,9,k§somasj§
9,consommer,6,k§some
8,consommé,6,k§some
11,consomption,8,k§s§psj§
10,consonance,7,k§son@s
8,consonne,5,k§sOn
7,consort,5,k§sOR
10,consortium,9,k§sORsjOm
8,consoude,5,k§sud
12,conspirateur,10,k§spiRat9R
11,conspiratif,10,k§spiRatif
12,conspiration,10,k§spiRasj§
9,conspirer,7,k§spiRe
8,conspuer,6,k§sp8e
9,constable,7,k§stabl
11,constamment,7,k§stam@
9,constance,6,k§st@s
8,constant,5,k§st@
9,constante,6,k§st@t
7,constat,5,k§sta
12,constatation,10,k§statasj§
9,constater,7,k§state
13,constellation,10,k§stElasj§
9,constellé,7,k§stEle
11,consternant,8,k§stERn@
13,consternation,11,k§stERnasj§
9,consterné,8,k§stERne
10,constipant,7,k§stip@
12,constipation,10,k§stipasj§
8,constipé,7,k§stipe
11,constituant,8,k§stit8@
10,constituer,8,k§stit8e
11,constitutif,10,k§stitytif
12,constitution,10,k§stitysj§
19,constitutionnaliste,16,k§stitysjOnalist
18,constitutionnalité,16,k§stitysjOnalite
15,constitutionnel,13,k§stitysjonEl
21,constitutionnellement,16,k§stitysjonEl°m@
9,constitué,8,k§stit8e
12,constricteur,10,k§stRikt9R
12,constriction,10,k§stRiksj§
11,constrictor,10,k§stRiktOR
12,constructeur,10,k§stRykt9R
11,constructif,10,k§stRyktif
12,construction,10,k§stRyksj§
15,constructivisme,13,k§stRyktivizm
10,construire,8,k§stR8iR
14,consubstantiel,12,k§sypst@sjEl
6,consul,5,k§syl
10,consulaire,7,k§sylER
8,consulat,6,k§syla
11,consultable,9,k§syltabl
10,consultant,7,k§sylt@
11,consultatif,10,k§syltatif
12,consultation,10,k§syltasj§
8,consulte,6,k§sylt
9,consulter,7,k§sylte
10,consumable,8,k§symabl
11,consumation,9,k§symasj§
8,consumer,6,k§syme
12,consumérisme,10,k§symeRizm
12,consumériste,10,k§symeRist
12,consécration,10,k§sekRasj§
10,consécutif,9,k§sekytif
11,consécution,9,k§sekysj§
15,consécutivement,12,k§sekytiv°m@
13,conséquemment,8,k§sekam@
11,conséquence,7,k§sek@s
10,conséquent,6,k§sek@
7,contact,6,k§takt
9,contacter,7,k§takte
10,contacteur,8,k§takt9R
10,contagieux,7,k§taZj2
9,contagion,7,k§taZj§
9,container,7,k§tEnER
10,containeur,7,k§tEn9R
11,contaminant,8,k§tamin@
13,contaminateur,11,k§taminat9R
13,contamination,11,k§taminasj§
10,contaminer,8,k§tamine
5,conte,3,k§t
13,contemplateur,10,k§t@plat9R
12,contemplatif,10,k§t@platif
13,contemplation,10,k§t@plasj§
17,contemplativement,13,k§t@plativ°m@
10,contempler,7,k§t@ple
12,contemporain,8,k§t@poR5
11,contempteur,8,k§t@pt9R
10,contenance,7,k§t°n@s
9,contenant,6,k§t°n@
9,conteneur,7,k§t°n9R
8,contenir,7,k§t°niR
7,content,4,k§t@
12,contentement,8,k§t@t°m@
9,contenter,6,k§t@te
11,contentieux,7,k§t@sj2
10,contention,7,k§t@sj§
7,contenu,6,k§t°ny
6,conter,4,k§te
11,contestable,9,k§tEstabl
13,contestataire,10,k§tEstatER
12,contestation,10,k§tEstasj§
8,conteste,6,k§tEst
9,contester,7,k§tEste
7,conteur,5,k§t9R
8,contexte,7,k§tEkst
14,contextualiser,13,k§tEkst8alize
10,contextuel,10,k§tEkstyEl
7,contigu,6,k§tigy
10,contiguïté,9,k§tig8ite
10,continence,7,k§tin@s
9,continent,6,k§tin@
11,continental,9,k§tin@tal
11,contingence,7,k§t5Z@s
10,contingent,6,k§t5Z@
15,contingentement,10,k§t5Z@t°m@
7,continu,6,k§tiny
12,continuateur,10,k§tin8at9R
12,continuation,10,k§tin8asj§
8,continue,6,k§tiny
9,continuel,8,k§tin8El
15,continuellement,11,k§tin8El°m@
9,continuer,7,k§tin8e
10,continuité,9,k§tin8ite
9,continuum,8,k§tin8Om
11,continûment,8,k§tinym@
10,contondant,6,k§t§d@
10,contorsion,8,k§tORsj§
13,contorsionner,10,k§tORsjone
15,contorsionniste,12,k§tORsjonist
7,contour,5,k§tuR
13,contournement,9,k§tuRn°m@
10,contourner,7,k§tuRne
9,contourné,7,k§tuRne
6,contra,5,k§tRa
12,contraceptif,11,k§tRasEptif
13,contraception,11,k§tRasEpsj§
11,contractant,8,k§tRakt@
9,contracte,7,k§tRakt
10,contracter,8,k§tRakte
11,contractile,9,k§tRaktil
11,contraction,9,k§tRaksj§
11,contractuel,10,k§tRakt8El
17,contractuellement,13,k§tRakt8El°m@
11,contracture,9,k§tRaktyR
9,contracté,8,k§tRakte
13,contradicteur,11,k§tRadikt9R
13,contradiction,11,k§tRadiksj§
14,contradictoire,12,k§tRadiktwaR
18,contradictoirement,15,k§tRadiktwaR°m@
12,contraignant,7,k§tREN@
11,contraindre,7,k§tR5dR
9,contraint,5,k§tR5
10,contrainte,6,k§tR5t
9,contraire,6,k§tRER
13,contrairement,9,k§tRER°m@
9,contralto,8,k§tRalto
15,contrapunctique,11,k§tRap§ktik
14,contrapuntique,10,k§tRap§tik
11,contrariant,8,k§tRaRj@
10,contrarier,8,k§tRaRje
9,contrarié,8,k§tRaRje
11,contrariété,10,k§tRaRjete
11,contrastant,8,k§tRast@
9,contraste,7,k§tRast
10,contraster,8,k§tRaste
9,contrasté,8,k§tRaste
7,contrat,5,k§tRa
12,contrat-type,8,k§tRatip
13,contravention,10,k§tRav@sj§
6,contre,4,k§tR
12,contre-allée,7,k§tRale
13,contre-amiral,10,k§tRamiRal
12,contre-appel,8,k§tRapEl
16,contre-assurance,10,k§tRasyR@s
14,contre-attaque,8,k§tRatak
15,contre-attaquer,9,k§tRatake
12,contre-champ,7,k§tR°S@
12,contre-chant,7,k§tR°S@
14,contre-courant,9,k§tR°kuR@
14,contre-culture,11,k§tR°kyltyR
13,contre-emploi,9,k§tR@plwa
17,contre-espionnage,12,k§tREspjonaZ
14,contre-exemple,10,k§tREgz@pl
16,contre-expertise,13,k§tREkspERtiz
10,contre-feu,7,k§tR2f2
11,contre-feux,7,k§tR°f2
10,contre-fil,8,k§tR°fil
10,contre-gré,8,k§tR2gRe
17,contre-indication,12,k§tR5dikasj§
14,contre-indiqué,9,k§tR5dike
21,contre-interrogatoire,15,k§tR5tERogatwaR
11,contre-jour,8,k§tR°ZuR
16,contre-la-montre,11,k§tR2lam§tR
11,contre-lame,8,k§tR°lam
13,contre-lettre,9,k§tR°lEtR
13,contre-mesure,10,k§tR2m2zyR
11,contre-mine,8,k§tR°min
13,contre-nature,10,k§tR°natyR
16,contre-offensive,10,k§tRof@siv
12,contre-ordre,8,k§tRORdR
12,contre-pente,8,k§tR°p@t
18,contre-performance,14,k§tR2pERfORm@s
11,contre-pied,8,k§tR°pje
13,contre-plaqué,10,k§tR°plake
14,contre-plongée,10,k§tR°pl§Ze
15,contre-pression,11,k§tR°pREsj§
16,contre-productif,14,k§tR2pROdyktif
17,contre-propagande,13,k§tR°pRopag@d
18,contre-proposition,15,k§tR°pRopozisj§
15,contre-réaction,12,k§tR°Reaksj§
14,contre-réforme,11,k§tR°RefORm
17,contre-révolution,14,k§tR°Revolysj§
22,contre-révolutionnaire,17,k§tR°RevolysjonER
17,contre-terrorisme,13,k§tR°tERoRism
17,contre-terroriste,13,k§tR°tERoRist
11,contre-test,9,k§tR°tEst
17,contre-torpilleur,13,k§tR°tORpij9R
16,contre-transfert,12,k§tR2tR@sfER
9,contre-ut,7,k§tR°yt
11,contre-voie,8,k§tR°vwa
13,contre-vérité,11,k§tR°veRite
14,contre-épreuve,9,k§tRepR9v
14,contrebalancer,11,k§tR°bal@se
11,contrebande,8,k§tR°b@d
13,contrebandier,10,k§tR°b@dje
9,contrebas,7,k§tR°ba
11,contrebasse,8,k§tR°bas
14,contrebassiste,11,k§tR°basist
12,contrecarrer,9,k§tR°kaRe
11,contrechamp,7,k§tR°S@
11,contrecoeur,8,k§tR°k9R
11,contrecollé,9,k§tR°kole
10,contrecoup,7,k§tR°ku
11,contredanse,8,k§tR°d@s
10,contredire,8,k§tR°diR
9,contredit,7,k§tR°di
11,contrefaire,8,k§tR°fER
10,contrefait,7,k§tR°fE
11,contrefaçon,9,k§tR°fas§
11,contrefiche,8,k§tR°fiS
10,contrefort,8,k§tR°fOR
12,contrefoutre,9,k§tR°futR
12,contremander,9,k§tR°m@de
12,contremaître,9,k§tR°mEtR
15,contremaîtresse,11,k§tR°mEtREs
12,contrepartie,10,k§tR°paRti
12,contreplaqué,10,k§tR°plake
11,contrepoids,8,k§tR°pwa
11,contrepoint,8,k§tR°pw5
12,contrepoison,10,k§tR°pwaz§
17,contreproposition,15,k§tR°pRopozisj§
13,contrepèterie,11,k§tR°pEt°Ri
7,contrer,5,k§tRe
12,contrescarpe,10,k§tREskaRp
11,contreseing,7,k§tR°s5
10,contresens,8,k§tR°s@s
12,contresigner,9,k§tR°siNe
11,contretemps,7,k§tR°t@
15,contrevallation,12,k§tR2valasj§
12,contrevenant,9,k§tR°v°n@
11,contrevenir,10,k§tR°v°niR
10,contrevent,7,k§tR°v@
12,contrevérité,11,k§tR°veRite
12,contribuable,10,k§tRib8abl
10,contribuer,8,k§tRib8e
12,contributeur,10,k§tRibyt9R
12,contribution,10,k§tRibysj§
7,contrit,5,k§tRi
10,contrition,8,k§tRisj§
7,control,6,k§tRol
10,contrordre,8,k§tRORdR
11,controverse,9,k§tRovERs
11,controversé,10,k§tRovERse
7,contrée,5,k§tRe
11,contrôlable,9,k§tRolabl
8,contrôle,6,k§tRol
9,contrôler,7,k§tRole
10,contrôleur,8,k§tRol9R
9,contumace,7,k§tymas
8,contumax,8,k§tymaks
9,contusion,7,k§tyzj§
11,contusionné,9,k§tyzjone
11,convaincant,6,k§v5k@
10,convaincre,6,k§v5kR
9,convaincu,6,k§v5ky
13,convalescence,9,k§vales@s
12,convalescent,8,k§vales@
7,convalo,6,k§valo
10,convecteur,8,k§vEkt9R
10,convection,8,k§vEksj§
10,convenable,8,k§v°nabl
14,convenablement,11,k§v°nabl°m@
10,convenance,7,k§v°n@s
9,convenant,6,k§v°n@
8,convenir,7,k§v°niR
7,convent,4,k§v@
12,conventicule,9,k§v@tikyl
10,convention,7,k§v@sj§
13,conventionnel,10,k§v@sjonEl
19,conventionnellement,13,k§v@sjonEl°m@
10,conventuel,8,k§v@t8El
16,conventuellement,11,k§v@t8El°m@
7,convenu,6,k§v°ny
11,convergence,8,k§vERZ@s
10,convergent,7,k§vERZ@
9,converger,7,k§vERZe
7,convers,5,k§vER
12,conversation,10,k§vERsasj§
8,converse,6,k§vERs
9,converser,7,k§vERse
10,conversion,8,k§vERsj§
8,converti,7,k§vERti
11,convertible,9,k§vERtibl
9,convertir,8,k§vERtiR
13,convertisseur,10,k§vERtis9R
7,convexe,6,k§vEks
9,convexité,9,k§vEksite
7,convict,6,k§vikt
10,conviction,8,k§viksj§
7,convier,5,k§vje
7,convive,5,k§viv
9,convivial,8,k§vivjal
12,convivialité,11,k§vivjalite
6,convié,5,k§vje
10,convocable,8,k§vOkabl
11,convocation,9,k§vokasj§
6,convoi,5,k§vwa
9,convoiter,7,k§vwate
10,convoiteur,8,k§vwat9R
10,convoiteux,7,k§vwat2
10,convoitise,8,k§vwatiz
8,convoler,6,k§vole
9,convoquer,6,k§voke
9,convoyage,8,k§vwajaZ
8,convoyer,7,k§vwaje
9,convoyeur,8,k§vwaj9R
9,convulser,7,k§vylse
9,convulsif,8,k§vylsif
10,convulsion,8,k§vylsj§
15,convulsionnaire,11,k§vylsjonER
14,convulsivement,11,k§vylsiv°m@
8,convulsé,7,k§vylse
5,conçu,4,k§sy
10,cooccupant,7,kookyp@
6,cookie,4,kuki
4,cool,3,kul
6,coolie,4,kuli
13,coolie-pousse,7,kulipus
6,coolos,5,kulos
10,cooptation,9,koOptasj§
7,coopter,6,koOpte
5,coopé,5,koope
9,coopérant,7,koopeR@
11,coopérateur,10,kOOpeRat9R
10,coopératif,10,koopeRatif
11,coopération,10,koopeRasj§
12,coopératisme,11,koopeRatism
11,coopérative,10,koopeRativ
8,coopérer,7,koopeRe
12,coordinateur,11,koORdinat9R
12,coordination,11,koORdinasj§
13,coordonnateur,11,koORdonat9R
10,coordonner,8,koORdone
9,coordonné,8,koORdone
10,coordonnée,8,koORdone
3,cop,3,kOp
6,copain,4,kop5
5,copal,5,kOpal
7,copaïba,7,kopaiba
6,copeau,4,kopo
8,copiable,7,kopjabl
7,copiage,6,kopjaZ
5,copie,4,kopi
6,copier,5,kopje
7,copieur,6,kopj9R
12,copieusement,9,kopj2z°m@
7,copieux,5,kopj2
8,copilote,7,kopilOt
8,copinage,7,kopinaZ
7,copiner,6,kopine
8,copineur,7,kopin9R
7,copiste,6,kopist
5,copla,5,kopla
5,coppa,4,kOpa
5,copra,5,kopRa
12,coproculture,11,kOpROkyltyR
12,coproducteur,11,kopRodykt9R
12,coproduction,11,kopRodyksj§
10,coproduire,9,kopRod8iR
10,coprologie,9,kopRoloZi
12,coprologique,10,kopRoloZik
10,coprophage,8,kopRofaZ
11,coprophagie,9,kopRofaZi
10,coprophile,8,kopRofil
11,coprophilie,9,kOpROfili
14,copropriétaire,13,kopRopRijetER
11,copropriété,12,kopRopRijete
12,coprésidence,10,kopRezid@s
4,cops,3,kOp
5,copte,4,kOpt
8,copulant,6,kopyl@
10,copulation,9,kopylasj§
6,copule,5,kopyl
7,copuler,6,kopyle
9,copyright,8,kopiRajt
3,coq,3,kOk
11,coq-à-l'âne,7,kOkalan
7,coquard,5,kokaR
7,coquart,5,kokaR
5,coque,3,kOk
8,coquebin,6,kOk°b5
8,coquelet,6,kOk°lE
10,coquelicot,8,kOk°liko
8,coquelle,5,kokEl
10,coqueluche,7,kOk°lyS
8,coquemar,7,kOk°maR
10,coquerelle,7,kOk°REl
8,coquerie,6,kOk°Ri
8,coqueron,6,kOk°R§
6,coquet,4,kokE
8,coquetel,7,kOk°tEl
8,coqueter,6,kOk°te
9,coquetier,7,kOk°tje
8,coquette,5,kokEt
12,coquettement,8,kokEt°m@
11,coquetterie,8,kokEt°Ri
10,coquillage,7,kokijaZ
10,coquillard,7,kokijaR
10,coquillart,7,kokijaR
8,coquille,5,kokij
10,coquilleux,6,kokij2
6,coquin,4,kok5
11,coquinement,8,kokin°m@
10,coquinerie,8,kokin°Ri
8,coquinet,6,kokinE
3,cor,3,kOR
4,cora,4,koRa
6,corail,5,koRaj
9,corallien,7,koRalj5
8,coramine,7,kORamin
5,coran,4,koR@
9,coranique,7,koRanik
7,corbeau,5,kORbo
9,corbeille,6,kORbEj
10,corbillard,8,kORbijaR
6,corbin,5,kORb5
9,corbières,7,kORbjER
7,cordage,6,kORdaZ
5,corde,4,kORd
7,cordeau,5,kORdo
10,cordelette,8,kORd°lEt
9,cordelier,8,kORd°lje
6,corder,5,kORde
8,corderie,7,kORd°Ri
7,cordial,7,kORdjal
12,cordialement,10,kORdjal°m@
10,cordialité,10,kORdjalite
10,cordiforme,9,kORdifORm
10,cordillère,8,kORdijER
7,cordite,6,kORdit
6,cordon,5,kORd§
11,cordon-bleu,8,kORd§bl2
9,cordonner,7,kORdOne
11,cordonnerie,9,kORdOn°Ri
9,cordonnet,7,kORdonE
10,cordonnier,8,kORdonje
8,cordouan,6,kORdu@
5,cordé,5,kORde
6,cordée,5,kORde
7,coriace,6,koRjas
9,coriacité,9,koRjasite
9,coriandre,7,koRj@dR
8,corindon,6,koR5d§
8,corinthe,5,kOR5t
10,corinthien,7,koR5tj5
7,cormier,6,kORmje
8,cormoran,7,kORmoR@
11,corn flakes,9,kORnflEks
11,corn-flakes,9,kORnflEks
6,cornac,6,kORnak
9,cornaline,8,kORnalin
7,cornard,6,kORnaR
5,corne,4,kORn
8,cornecul,7,kORn°ky
9,corneille,6,kORnEj
9,cornemuse,8,kORn°myz
11,cornemuseur,10,kORn°myz9R
6,corner,6,koRnER
6,corner,5,koRne
6,cornet,5,kORnE
8,cornette,6,kORnEt
8,corniaud,6,kORnjo
8,corniche,6,kORniS
9,cornichon,7,kORniS§
9,cornillon,7,kORnij§
13,cornouaillais,8,kORnuajE
10,cornouille,6,kORnuj
11,cornouiller,7,kORnuje
5,cornu,5,kORny
6,cornue,5,kORny
5,corné,5,kORne
6,cornée,5,kORne
7,cornéen,6,kORne5
9,cornélien,8,kORnelj5
10,corollaire,7,koRolER
7,corolle,5,koROl
5,coron,4,koR§
6,corona,6,koRona
9,coronaire,7,koRonER
7,coronal,7,koRonal
10,coronarien,9,kOROnaRj5
7,coroner,7,koRonER
6,corozo,6,koRozo
8,corporal,8,kORpoRal
11,corporalité,11,kORpoRalite
10,corporatif,10,kORpoRatif
11,corporation,10,kORpoRasj§
12,corporatisme,11,kORpoRatizm
12,corporatiste,11,kORpoRatist
8,corporel,8,kORpoREl
5,corps,3,kOR
10,corps-mort,6,kORmOR
8,corpsard,8,kORpsaRd
10,corpulence,8,kORpyl@s
9,corpulent,7,kORpyl@
6,corpus,6,kORpys
14,corpus delicti,13,kORpysdelikti
10,corpuscule,9,kORpyskyl
6,corral,5,koRal
7,correct,6,koREkt
12,correctement,9,koREkt°m@
10,correcteur,8,koREkt9R
9,correctif,8,koREktif
10,correction,8,koREksj§
17,correctionnaliser,14,koREksjonalize
13,correctionnel,11,koREksjonEl
9,corrector,8,koREktOR
10,corregidor,9,koReZidOR
14,correspondance,10,koREsp§d@s
16,correspondancier,12,koREsp§d@sje
13,correspondant,9,koREsp§d@
12,correspondre,9,koREsp§dR
7,corrida,6,koRida
8,corridor,7,koRidOR
8,corriger,6,koRiZe
7,corrigé,6,koRiZe
13,corroboration,11,koRoboRasj§
10,corroborer,8,koRoboRe
9,corrodant,6,koRod@
8,corroder,6,koRode
10,corroierie,7,koRwaRi
9,corrompre,6,koR§pR
8,corrompu,6,koR§py
8,corrosif,7,koRozif
9,corrosion,7,koRozj§
10,corrupteur,8,koRypt9R
11,corruptible,9,koRyptibl
10,corruption,8,koRypsj§
10,corrélatif,9,koRelatif
11,corrélation,9,koRelasj§
15,corrélativement,12,koRelativ°m@
8,corréler,6,koRele
7,corsage,6,kORsaZ
8,corsaire,6,kORsER
5,corse,4,kORs
8,corselet,7,kORs°lE
6,corser,5,kORse
6,corset,5,kORsE
8,corseter,7,kORs2te
5,corso,5,kORso
5,corsé,5,kORse
6,cortex,7,kORtEks
8,cortical,8,kORtikal
7,cortine,6,kORtin
8,cortisol,8,kORtizOl
9,cortisone,8,kORtizOn
6,corton,5,kORt§
7,cortège,6,kORtEZ
6,cortès,6,kORtEz
9,coruscant,7,koRysk@
11,coruscation,10,koRyskasj§
8,corvette,6,kORvEt
9,corvéable,8,kORveabl
6,corvée,5,kORve
9,coryphène,7,koRifEn
8,coryphée,6,koRife
7,coryste,6,koRist
6,coryza,6,koRiza
4,coré,4,koRe
6,coréen,5,koRe5
7,cosaque,5,kozak
8,cosigner,6,kosiNe
7,cosinus,7,kosinys
8,cosmique,6,kOsmik
12,cosmiquement,9,kOsmik°m@
5,cosmo,5,kOsmo
10,cosmogonie,9,kOsmogoni
12,cosmogonique,10,kOsmogonik
12,cosmographie,10,kOsmogRafi
10,cosmologie,9,kOsmoloZi
12,cosmologique,10,kOsmOlOZik
10,cosmologue,8,kOsmolOg
10,cosmonaute,8,kOsmonot
11,cosmopolite,10,kOsmopolit
14,cosmopolitisme,13,kOsmopolitizm
6,cosmos,6,kOsmos
10,cosmétique,8,kOsmetik
12,cosmétologie,11,kOsmetoloZi
12,cosmétologue,10,kOsmetOlOg
7,cossard,5,kosaR
5,cosse,3,kOs
5,cossu,4,kosy
6,cossus,4,kosy
6,costal,6,kOstal
6,costar,6,kOstaR
7,costard,6,kOstaR
11,costaricain,9,kOstaRik5
7,costaud,5,kOsto
7,costume,6,kOstym
8,costumer,7,kOstyme
9,costumier,8,kOstymje
7,costumé,7,kOstyme
4,cosy,4,kozi
11,cosy-corner,10,kozikORnER
13,cot cot codec,11,kOtkOtkOdEk
8,cotation,7,kotasj§
4,cote,3,kOt
6,coteau,4,koto
5,coter,4,kote
7,coterie,6,kOt°Ri
8,cothurne,6,kotyRn
8,cotillon,6,kotij§
8,cotisant,6,kotiz@
10,cotisation,9,kotizasj§
7,cotiser,6,kotize
5,coton,4,kot§
10,coton-tige,7,kot§tiZ
9,cotonnade,7,kotonad
10,cotonnerie,8,kOtOn°Ri
9,cotonneux,6,koton2
9,cotonnier,7,kotonje
10,cotonnière,8,kOtonjER
5,cotre,4,kOtR
8,cotriade,8,kotRijad
7,cottage,5,kotaZ
5,cotte,3,kOt
7,coturne,6,kotyRn
4,coté,4,kote
3,cou,2,ku
11,cou-de-pied,7,kud°pje
5,couac,4,kwak
8,couaille,4,kwaj
8,couaquer,5,kwake
6,couard,4,kwaR
9,couardise,7,kwaRdiz
8,couchage,5,kuSaZ
11,couchailler,6,kuSaje
8,couchant,4,kuS@
6,couche,3,kuS
14,couche-culotte,8,kuSkylOt
7,coucher,4,kuSe
9,coucherie,6,kuS°Ri
9,couchette,5,kuSEt
8,coucheur,5,kuS9R
8,couchoir,6,kuSwaR
6,couché,4,kuSe
11,couci-couça,8,kusikusa
6,coucou,4,kuku
5,coude,3,kud
8,coudoyer,7,kudwaje
6,coudre,4,kudR
9,coudreuse,6,kudR2z
8,coudrier,7,kudRije
5,coudé,4,kude
6,coudée,4,kude
7,couenne,4,kwan
7,couette,4,kwEt
7,couffin,4,kuf5
7,couguar,5,kugaR
5,couic,4,kwik
9,couillard,5,kujaR
7,couille,3,kuj
8,couillon,4,kuj§
12,couillonnade,7,kujonad
11,couillonner,6,kujone
7,couillu,4,kujy
8,couinant,5,kwin@
10,couinement,7,kwin°m@
7,couiner,5,kwine
7,coulage,5,kulaZ
7,coulant,4,kul@
5,coule,3,kul
10,coulemelle,7,kul°mEl
6,couler,4,kule
7,couleur,5,kul9R
9,couleuvre,6,kul9vR
11,couleuvrine,8,kul9vRin
6,coulis,4,kuli
10,coulissant,6,kulis@
8,coulisse,5,kulis
9,coulisser,6,kulise
10,coulissier,7,kulisje
7,couloir,6,kulwaR
15,couloir-symbole,11,kulwaRs5bOl
6,coulpe,4,kulp
7,coulure,5,kulyR
5,coulé,4,kule
6,coulée,4,kule
9,coumarine,7,kumaRin
9,countries,7,kawntRi
7,country,7,kawntRi
4,coup,2,ku
13,coup-de-poing,7,kud°pw5
8,coupable,6,kupabl
12,coupablement,9,kupabl°m@
7,coupage,5,kupaZ
10,coupailler,6,kupaje
7,coupant,4,kup@
5,coupe,3,kup
10,coupe-chou,5,kupSu
11,coupe-choux,5,kupSu
12,coupe-cigare,8,kupsigaR
13,coupe-circuit,9,kupsiRk8i
11,coupe-coupe,6,kupkup
10,coupe-faim,5,kupf5
9,coupe-feu,5,kupf2
10,coupe-file,6,kupfil
11,coupe-gorge,7,kupgORZ
12,coupe-jarret,7,kupZaRE
11,coupe-ongle,6,kup§gl
12,coupe-ongles,6,kup§gl
12,coupe-papier,8,kuppapje
10,coupe-pâte,6,kuppat
10,coupe-vent,5,kupv@
8,coupelle,5,kupEl
6,couper,4,kupe
8,couperet,6,kup°RE
9,couperose,7,kup°Roz
9,couperosé,8,kup°Roze
7,coupeur,5,kup9R
8,couplage,6,kuplaZ
6,couple,4,kupl
7,coupler,5,kuple
7,couplet,5,kuplE
8,coupleur,6,kupl9R
6,couplé,5,kuple
7,coupole,5,kupOl
6,coupon,4,kup§
13,coupon-cadeau,8,kup§kado
14,coups-de-poing,7,kud°pw5
7,coupure,5,kupyR
5,coupé,4,kupe
6,coupée,4,kupe
4,cour,3,kuR
11,cour-jardin,8,kuRZaRd5
7,courage,5,kuRaZ
14,courageusement,10,kuRaZ2z°m@
9,courageux,6,kuRaZ2
10,courailler,6,kuRaje
10,couramment,6,kuRam@
7,courant,4,kuR@
8,courante,5,kuR@t
8,courbatu,7,kuRbaty
10,courbature,8,kuRbatyR
10,courbaturé,9,kuRbatyRe
6,courbe,4,kuRb
7,courber,5,kuRbe
9,courbette,6,kuRbEt
8,courbure,6,kuRbyR
6,courbé,5,kuRbe
8,courette,5,kuREt
7,coureur,5,kuR9R
6,courge,4,kuRZ
9,courgette,6,kuRZEt
6,courir,5,kuRiR
7,courlis,5,kuRli
8,couronne,5,kuROn
12,couronnement,8,kuROn°m@
9,couronner,6,kuRone
8,couronné,6,kuRone
6,courre,3,kuR
8,courriel,6,kuRjEl
8,courrier,5,kuRje
12,courriériste,9,kuRjeRist
8,courroie,5,kuRwa
10,courroucer,6,kuRuse
8,courroux,4,kuRu
5,cours,3,kuR
6,course,4,kuRs
16,course-poursuite,11,kuRspuRs8it
7,courser,5,kuRse
8,coursier,6,kuRsje
8,coursive,6,kuRsiv
5,court,3,kuR
14,court-bouillon,7,kuRbuj§
13,court-circuit,9,kuRsiRk8i
15,court-circuiter,11,kuRsiRk8ite
14,court-circuits,9,kuRsiRk8i
14,court-courrier,8,kuRkuRje
9,court-jus,5,kuRZy
13,court-métrage,9,kuRmetRaZ
8,courtage,6,kuRtaZ
8,courtaud,5,kuRto
14,courtelinesque,11,kuRtElinEsk
10,courtement,7,kuRt°m@
12,courtepointe,9,kuRt°pw5t
8,courtier,6,kuRtje
11,courtilière,9,kuRtiljER
8,courtine,6,kuRtin
9,courtisan,7,kuRtiz@
13,courtisanerie,11,kuRtizan°Ri
9,courtiser,7,kuRtize
8,courtois,6,kuRtwa
13,courtoisement,10,kuRtwaz°m@
10,courtoisie,8,kuRtwazi
5,couru,4,kuRy
12,cous-de-pied,7,kud°pje
8,couscous,6,kuskus
12,couscoussier,8,kuskusje
8,cousette,5,kuzEt
6,cousin,4,kuz5
9,cousinage,7,kuzinaZ
7,coussin,4,kus5
9,coussinet,6,kusinE
5,cousu,4,kuzy
7,couteau,4,kuto
12,couteau-scie,6,kutosi
8,coutelas,6,kut°la
9,coutelier,7,kutElje
11,coutellerie,8,kutEl°Ri
6,coutil,4,kuti
7,coutume,5,kutym
9,coutumier,7,kutymje
14,coutumièrement,11,kutymjER°m@
7,couture,5,kutyR
9,couturier,7,kutyRje
7,couturé,6,kutyRe
7,couvade,5,kuvad
9,couvaison,6,kuvEz§
7,couvent,4,kuv@
10,couventine,7,kuv@tin
6,couver,4,kuve
9,couvercle,7,kuvERkl
7,couvert,5,kuvER
10,couverture,8,kuvERtyR
6,couvet,4,kuvE
8,couveuse,5,kuv2z
8,couvrant,5,kuvR@
11,couvre-chef,8,kuvR°Sef
10,couvre-feu,7,kuvR°f2
11,couvre-feux,7,kuvR°f2
10,couvre-lit,7,kuvR°li
11,couvre-pied,8,kuvR°pje
12,couvre-pieds,8,kuvR°pje
8,couvreur,6,kuvR9R
7,couvrir,6,kuvRiR
6,couvée,4,kuve
8,covalent,6,koval@
8,covenant,6,kov°n@
10,cover-girl,9,kOv9Rg9Rl
11,covoiturage,10,kovwatyRaZ
7,cow-boy,5,kobOj
8,coxalgie,8,kOksalZi
10,coxalgique,9,kOksalZik
6,coyote,5,kojOt
10,coéquipier,8,koekipje
11,coïncidence,8,ko5sid@s
10,coïncident,7,kO5sid@
9,coïncider,7,ko5side
4,coït,4,koit
4,coût,2,ku
7,coûtant,4,kut@
6,coûter,4,kute
12,coûteusement,8,kut2z°m@
7,coûteux,4,kut2
5,crabe,4,kRab
9,crabillon,7,kRabij§
5,crabs,5,kRabs
4,crac,4,kRak
7,crachat,5,kRaSa
10,crachement,7,kRaS°m@
7,cracher,5,kRaSe
8,cracheur,6,kRaS9R
7,crachin,5,kRaS5
9,crachiner,7,kRaSine
8,crachoir,7,kRaSwaR
10,crachotant,7,kRaSot@
12,crachotement,9,kRaSOt°m@
9,crachoter,7,kRaSote
10,crachoteux,7,kRaSot2
12,crachouillis,7,kRaSuji
6,craché,5,kRaSe
5,crack,4,kRak
7,cracker,6,kRakER
8,cracking,6,kRakiG
6,cracra,6,kRakRa
5,crade,4,kRad
9,cradingue,6,kRad5g
5,crado,5,kRado
8,cradoque,6,kRadOk
5,craie,3,kRE
8,craignos,6,kRENos
8,craindre,5,kR5dR
7,crainte,4,kR5t
8,craintif,6,kR5tif
13,craintivement,9,kR5tiv°m@
6,cramer,5,kRame
8,cramoisi,8,kRamwazi
10,cramouille,6,kRamuj
6,crampe,4,kR@p
9,crampette,6,kR@pEt
7,crampon,5,kR@p§
10,cramponner,7,kR@pone
4,cran,3,kR@
5,crane,4,kRan
12,craniométrie,11,kRanjometRi
11,craniotomie,10,kRanjotomi
7,cranter,5,kR@te
9,craonnais,6,kRaonE
10,crapahuter,8,kRapayte
7,crapaud,5,kRapo
14,crapaud-buffle,9,kRapobyfl
8,crapoter,7,kRapOte
9,crapoteux,7,kRapot2
11,crapouillot,7,kRapujo
5,craps,4,kRap
7,crapule,6,kRapyl
10,crapulerie,9,kRapyl°Ri
14,crapuleusement,11,kRapyl2z°m@
9,crapuleux,7,kRapyl2
8,craquage,6,kRakaZ
8,craquant,5,kRak@
6,craque,4,kRak
9,craqueler,7,kRak°le
9,craquelin,7,kRak°l5
10,craquelure,8,kRak°lyR
8,craquelé,7,kRak°le
10,craquement,7,kRak°m@
7,craquer,5,kRake
12,craquèlement,9,kRakEl°m@
7,craquée,5,kRake
5,crase,4,kRaz
5,crash,4,kRaS
10,crash-test,8,kRaStEst
7,crasher,5,kRaSe
7,craspec,7,kRaspEk
6,crasse,4,kRas
8,crasseux,5,kRas2
8,crassier,6,kRasje
8,crassula,7,kRasyla
9,crataegus,8,kRategys
7,cratère,6,kRatER
8,cravache,6,kRavaS
9,cravacher,7,kRavaSe
7,cravant,5,kRav@
9,cravatage,8,kRavataZ
7,cravate,6,kRavat
8,cravater,7,kRavate
9,cravateur,8,kRavat9R
5,crawl,4,kRol
6,crawlé,5,kRole
7,crayeux,5,kREj2
6,crayon,5,kREj§
12,crayon-encre,8,kREj§@kR
10,crayonnage,8,kREjonaZ
9,crayonner,7,kREjone
10,crayonneur,8,kREjon9R
5,credo,5,kRedo
5,creek,4,kRik
11,crematorium,11,kRematORjOm
9,crescendo,8,kReSEndo
7,cresson,5,kRes§
12,cressonnette,8,kREsonEt
12,cressonnière,9,kResonjER
6,creton,5,kR2t§
10,creusement,7,kR2z°m@
7,creuser,5,kR2ze
7,creuset,5,kR2zE
8,creuseur,6,kR2z9R
5,creux,3,kR2
7,crevage,6,kR°vaZ
9,crevaison,7,kR°vEz§
7,crevant,5,kR°v@
7,crevard,6,kR°vaR
8,crevasse,6,kR°vas
9,crevasser,7,kR°vase
6,crever,5,kR°ve
8,crevette,6,kR°vEt
10,crevettier,8,kR°v°tje
7,crevure,6,kR°vyR
5,crevé,5,kR°ve
3,cri,3,kRi
12,criaillement,8,kRiaj°m@
9,criailler,6,kRiaje
11,criaillerie,8,kRiaj°Ri
6,criant,5,kRij@
6,criard,6,kRijaR
4,crib,4,kRib
8,criblage,7,kRiblaZ
6,crible,5,kRibl
7,cribler,6,kRible
4,cric,4,kRik
9,cric-crac,8,kRikkRak
7,cricket,6,kRikEt
8,cricoïde,7,kRikoid
6,cricri,6,kRikRi
5,crier,5,kRije
6,crieur,6,kRij9R
5,crime,4,kRim
12,criminaliser,11,kRiminalize
12,criminaliste,11,kRiminalist
15,criminalistique,13,kRiminalistik
11,criminalité,11,kRiminalite
8,criminel,8,kRiminEl
14,criminellement,11,kRiminEl°m@
12,criminologie,11,kRiminoloZi
14,criminologiste,13,kRiminoloZist
12,criminologue,10,kRiminolOg
4,crin,3,kR5
8,crincrin,6,kR5kR5
8,crinière,7,kRinjER
9,crinoline,8,kRinolin
6,crique,4,kRik
7,criquet,5,kRikE
10,cris-craft,8,kRikRaft
5,crise,4,kRiz
8,crispant,6,kRisp@
10,crispation,9,kRispasj§
7,crisper,6,kRispe
7,crispin,6,kRisp5
10,crissement,7,kRis°m@
7,crisser,5,kRise
7,cristal,7,kRistal
12,cristallerie,10,kRistal°Ri
10,cristallin,8,kRistal5
15,cristallisation,13,kRistalizasj§
12,cristalliser,10,kRistalize
11,cristallisé,10,kRistalize
16,cristallographie,13,kRistalogRafi
15,cristallomancie,12,kRistalOm@si
12,cristalloïde,10,kRistaloid
6,cristi,6,kRisti
11,critiquable,9,kRitikabl
8,critique,6,kRitik
9,critiquer,7,kRitike
7,critère,6,kRitER
9,critérium,9,kRiteRjOm
5,criée,5,kRije
9,croa-croa,8,kRoakRoa
9,croassant,6,kRoas@
11,croassement,8,kRoas°m@
8,croasser,6,kRoase
6,croate,5,kRoat
7,crobard,6,kRObaR
4,croc,3,kRo
13,croc-en-jambe,8,kRok@Z@b
6,croche,4,kROS
12,croche-patte,7,kROSpat
11,croche-pied,7,kROSpje
7,crocher,5,kRoSe
7,crochet,5,kRoSE
10,crochetage,8,kROS°taZ
9,crocheter,7,kROS°te
10,crocheteur,8,kROS°t9R
6,crochu,5,kRoSy
5,croco,5,kRoko
9,crocodile,8,kRokodil
14,crocs-en-jambe,8,kRok@Z@b
6,crocus,6,kRokys
6,croire,5,kRwaR
8,croisade,7,kRwazad
10,croisement,8,kRwaz°m@
7,croiser,6,kRwaze
9,croisette,7,kRwazEt
8,croiseur,7,kRwaz9R
10,croisillon,8,kRwazij§
9,croisière,8,kRwazjER
10,croissance,7,kRwas@s
9,croissant,6,kRwas@
6,croisé,6,kRwaze
7,croisée,6,kRwaze
5,croix,4,kRwa
8,cromlech,7,kROmlEk
8,cromorne,7,kRomORn
9,cronstadt,7,kR§stat
7,crooner,6,kRun9R
8,croquant,5,kRok@
13,croque-madame,9,kROkmadam
14,croque-mitaine,9,kROkmitEn
15,croque-monsieur,9,kROkm°sj2
11,croque-mort,7,kROkmOR
13,croquemitaine,10,kROk°mitEn
10,croquemort,8,kROk°mOR
7,croquer,5,kRoke
7,croquet,5,kRokE
9,croqueton,7,kROk°t§
9,croquette,6,kRokEt
8,croqueur,6,kROk9R
10,croquignol,8,kRokiNOl
12,croquignolet,9,kRokiNolE
7,croquis,5,kRoki
14,croquis-minute,10,kRokiminyt
6,crosne,4,kROn
5,cross,4,kROs
13,cross-country,11,kROskawntRi
6,crosse,4,kROs
7,crosser,5,kROse
8,crossman,7,kROsman
6,crossé,5,kRose
7,crotale,6,kRotal
6,croton,5,kRot§
6,crotte,4,kROt
7,crotter,5,kRote
7,crottin,5,kRot5
6,crotté,5,kRote
9,crouillat,5,kRuja
8,crouille,4,kRuj
8,croulant,5,kRul@
6,croule,4,kRul
10,croulement,7,kRul°m@
7,crouler,5,kRule
5,croup,4,kRup
8,croupade,6,kRupad
6,croupe,4,kRup
6,croupi,5,kRupi
8,croupier,6,kRupje
8,croupion,6,kRupj§
7,croupir,6,kRupiR
11,croupissant,7,kRupis@
11,croupissoir,9,kRupiswaR
11,croupissure,8,kRupisyR
9,croupière,7,kRupjER
7,croupon,5,kRup§
9,croustade,7,kRustad
13,croustillance,9,kRustij@s
12,croustillant,8,kRustij@
10,croustille,7,kRustij
11,croustillon,8,kRustij§
5,crown,5,kRawn
8,croyable,8,kRwajabl
8,croyance,7,kRwaj@s
7,croyant,6,kRwaj@
5,croît,4,kRwa
7,croître,6,kRwatR
6,croûte,4,kRut
7,croûter,5,kRute
8,croûteux,5,kRut2
7,croûton,5,kRut§
3,cru,3,kRy
7,cruauté,6,kRyote
6,cruche,4,kRyS
7,cruchon,5,kRyS§
7,crucial,7,kRysjal
12,crucialement,10,kRysjal°m@
10,crucifiant,8,kRysifj@
12,crucifiement,9,kRysifim@
9,crucifier,8,kRysifje
8,crucifix,7,kRysifi
11,crucifixion,11,kRysifiksj§
8,crucifié,8,kRysifje
10,cruciforme,9,kRysifORm
9,crucifère,8,kRysifER
13,cruciverbiste,12,kRysivERbist
7,crudité,7,kRydite
4,crue,3,kRy
5,cruel,5,kRyEl
11,cruellement,8,kRyEl°m@
7,cruiser,5,kRuze
7,crumble,7,kR9mb9l
8,crustacé,8,kRystase
8,cruzeiro,7,kRuzERo
12,cryofracture,12,kRijofRaktyR
8,cryogène,8,kRijoZEn
9,cryogénie,9,kRijoZeni
11,cryogénique,10,kRijoZenik
14,cryogénisation,14,kRijoZenizasj§
9,cryonique,8,kRijonik
13,cryotechnique,10,kRiotEknik
8,cryptage,7,kRiptaZ
6,crypte,5,kRipt
7,crypter,6,kRipte
9,cryptique,7,kRiptik
6,crypto,6,kRipto
10,cryptogame,9,kRiptogam
13,cryptogamique,11,kRiptogamik
12,cryptogramme,10,kRiptogRam
12,cryptographe,10,kRiptogRaf
13,cryptographie,11,kRiptogRafi
15,cryptographique,12,kRiptogRafik
11,cryptologie,10,kRiptOlOZi
10,cryptomère,9,kRiptomER
5,crâne,4,kRan
9,crânement,7,kRan°m@
6,crâner,5,kRane
8,crânerie,7,kRan°Ri
7,crâneur,6,kRan9R
7,crânien,6,kRanj5
6,crèche,4,kRES
5,crème,4,kREm
5,crève,4,kREv
3,cré,3,kRe
7,créance,5,kRe@s
9,créancier,7,kRe@sje
8,créateur,7,kReat9R
7,créatif,7,kReatif
8,créatine,7,kReatin
10,créatinine,9,kReatinin
8,création,7,kReasj§
13,créationnisme,11,kReasjonizm
8,créative,7,kReativ
10,créativité,10,kReativite
8,créature,7,kReatyR
8,crécelle,6,kResEl
10,crécerelle,8,kRes°REl
7,crécher,5,kReSe
5,crécy,5,kResi
8,crédence,6,kRed@s
11,crédibilité,11,kRedibilite
8,crédible,7,kRedibl
6,crédit,5,kRedi
11,crédit-bail,8,kRedibaj
8,créditer,7,kRedite
9,créditeur,8,kRedit9R
6,crédié,6,kRedje
7,crédule,6,kRedyl
9,crédulité,9,kRedylite
5,créer,4,kRee
11,crémaillère,8,kRemajER
7,crémant,5,kRem@
9,crémation,8,kRemasj§
10,crématoire,9,kRematwaR
11,crématorium,11,kRematORjOm
6,crémer,5,kReme
8,crémerie,7,kREm°Ri
7,crémeux,5,kRem2
7,crémier,6,kRemje
7,crémone,6,kRemOn
7,créneau,5,kReno
7,crénelé,7,kRen°le
6,crénom,5,kRen§
6,créole,5,kReOl
11,créolophone,9,kReOlOfOn
8,créosote,7,kReozOt
5,crépi,5,kRepi
7,crépine,6,kRepin
10,crépinette,8,kRepinEt
6,crépir,6,kRepiR
10,crépissage,8,kRepisaZ
9,crépitant,7,kRepit@
11,crépitation,10,kRepitasj§
11,crépitement,9,kRepit°m@
8,crépiter,7,kRepite
6,crépon,5,kRep§
5,crépu,5,kRepy
13,crépusculaire,11,kRepyskylER
10,crépuscule,9,kRepyskyl
8,créquier,6,kRekje
6,crésol,6,kRezOl
6,crésus,6,kRezys
6,crésyl,6,kRezil
7,crétacé,7,kRetase
8,crételle,6,kRetEl
6,crétin,5,kRet5
10,crétinerie,9,kRetin°Ri
9,crétineux,7,kRetin2
11,crétinisant,9,kRetiniz@
13,crétinisation,12,kRetinizasj§
10,crétiniser,9,kRetinize
10,crétinisme,9,kRetinizm
7,crétois,6,kRetwa
7,crêpage,6,kREpaZ
5,crêpe,4,kREp
9,crêpelure,8,kREp°lyR
6,crêper,5,kRepe
4,crêt,3,kRE
5,crête,4,kREt
13,crêtes-de-coq,9,kREtd2kOk
7,crûment,5,kRym@
7,csardas,7,ksaRdas
9,cuadrilla,8,kwadRija
6,cubage,5,kybaZ
6,cubain,4,kyb5
4,cube,3,kyb
7,cubique,5,kybik
7,cubisme,6,kybizm
7,cubiste,6,kybist
10,cubitainer,9,kybitEn9R
7,cubital,7,kybital
7,cubitus,7,kybitys
9,cucaracha,9,kukaRatSa
4,cucu,4,kyky
5,cucul,4,kyky
12,cucurbitacée,11,kykyRbitase
9,cucurbite,8,kykyRbit
9,cucuterie,8,kykyt°Ri
11,cueillaison,6,k9jEz§
10,cueillette,5,k9jEt
9,cueilleur,5,k9j9R
8,cueillir,5,k9jiR
6,cuesta,6,kwEsta
5,cueva,5,kueva
7,cui-cui,6,k8ik8i
7,cuiller,6,k8ijER
9,cuilleron,7,k8ij°R§
9,cuillerée,7,k8ijeRe
8,cuillère,6,k8ijER
4,cuir,4,k8iR
8,cuirasse,6,k8iRas
9,cuirasser,7,k8iRase
10,cuirassier,8,k8iRasje
8,cuirassé,7,k8iRase
5,cuire,4,k8iR
7,cuisant,5,k8iz@
7,cuisine,6,k8izin
8,cuisiner,7,k8izine
10,cuisinette,8,k8izinEt
9,cuisinier,8,k8izinje
7,cuisiné,7,k8izine
8,cuissage,6,k8isaZ
8,cuissard,6,k8isaR
6,cuisse,4,k8is
13,cuisse-madame,9,k8ismadam
8,cuisseau,5,k8iso
9,cuissette,6,k8isEt
7,cuisson,5,k8is§
7,cuissot,5,k8iso
9,cuistance,7,k8ist@s
7,cuistot,6,k8isto
7,cuistre,6,k8istR
10,cuistrerie,9,k8istR°Ri
4,cuit,3,k8i
5,cuite,4,k8it
6,cuiter,5,k8ite
6,cuivre,5,k8ivR
8,cuivreux,6,k8ivR2
6,cuivré,6,k8ivRe
3,cul,2,ky
9,cul-blanc,5,kybl@
9,cul-bénit,6,kybeni
7,cul-cul,4,kyky
18,cul-de-basse-fosse,10,kyd°basfos
11,cul-de-four,7,kyd°fuR
12,cul-de-jatte,7,kyd°Zat
12,cul-de-lampe,7,kyd°l@p
12,cul-de-plomb,6,kydpl§
11,cul-de-porc,6,kydpOR
12,cul-de-poule,6,kydpul
10,cul-de-sac,6,kydsak
11,cul-terreux,6,kytER2
7,culasse,5,kylas
7,culbute,6,kylbyt
8,culbuter,7,kylbyte
9,culbuteur,8,kylbyt9R
7,culbuto,7,kylbyto
5,culer,4,kyle
5,culex,6,kylEks
9,culinaire,7,kylinER
10,culminance,8,kylmin@s
9,culminant,7,kylmin@
11,culmination,10,kylminasj§
8,culminer,7,kylmine
5,culot,4,kylo
7,culotte,5,kylOt
8,culotter,6,kylote
9,culottier,7,kylotje
7,culotté,6,kylote
13,culpabilisant,11,kylpabiliz@
15,culpabilisation,14,kylpabilizasj§
12,culpabiliser,11,kylpabilize
11,culpabilité,11,kylpabilite
19,culs-de-basse-fosse,10,kyd°basfos
5,culte,4,kylt
10,cultivable,9,kyltivabl
11,cultivateur,10,kyltivat9R
8,cultiver,7,kyltive
7,cultivé,7,kyltive
8,cultural,8,kyltyRal
7,culture,6,kyltyR
8,culturel,8,kyltyREl
14,culturellement,11,kyltyREl°m@
10,culturisme,9,kyltyRizm
10,culturiste,9,kyltyRist
5,culée,4,kyle
5,cumin,4,kym5
5,cumul,5,kymyl
8,cumulard,7,kymylaR
9,cumulatif,9,kymylatif
10,cumulation,9,kymylasj§
7,cumuler,6,kymyle
13,cumulo-nimbus,11,kymylon5bys
7,cumulus,7,kymylys
12,cunnilinctus,10,kynil5ktys
11,cunnilingus,9,kynil5gys
10,cunéiforme,9,kyneifORm
6,cupide,5,kypid
10,cupidement,8,kypid°m@
8,cupidité,8,kypidite
7,cupidon,6,kypid§
9,cupressus,7,kypREsy
11,cupronickel,10,kypRonikEl
6,cupule,5,kypyl
7,curable,6,kyRabl
6,curage,5,kyRaZ
8,curaille,5,kyRaj
9,curaillon,6,kyRaj§
6,curare,5,kyRaR
10,curarisant,8,kyRaRiz@
9,curariser,8,kyRaRize
8,curateur,7,kyRat9R
7,curatif,7,kyRatif
7,curaçao,7,kyRasao
7,curcuma,7,kyRkyma
4,cure,3,kyR
9,cure-dent,5,kyRd@
9,cure-pipe,6,kyRpip
5,curer,4,kyRe
8,curetage,7,kyR°taZ
7,cureter,6,kyR°te
7,cureton,6,kyR°t§
7,curette,5,kyREt
6,curial,6,kyRjal
5,curie,4,kyRi
12,curieusement,9,kyRj2z°m@
7,curieux,5,kyRj2
9,curiosité,9,kyRjozite
7,curiste,6,kyRist
7,curling,6,k9RliG
10,curriculum,9,kyRikylOm
16,curriculum vitae,13,kyRikylOmvite
5,curry,4,kyRi
7,curseur,6,kyRs9R
6,cursif,6,kyRsif
7,cursive,6,kyRsiv
6,cursus,6,kyRsys
5,curve,4,kyRv
10,curviligne,8,kyRviliN
4,curé,4,kyRe
5,curée,4,kyRe
7,custode,6,kystOd
6,custom,6,k9stOm
6,cutané,6,kytane
4,cuti,4,kyti
13,cuti-réaction,11,kytiReaksj§
8,cuticule,7,kytikyl
6,cutter,5,kytER
4,cuve,3,kyv
6,cuveau,4,kyvo
5,cuver,4,kyve
7,cuvette,5,kyvEt
6,cuvier,5,kyvje
5,cuvée,4,kyve
4,cyan,3,sj@
12,cyanhydrique,9,sjanidRik
13,cyanoacrylate,12,sjanoakRilat
13,cyanobactérie,12,sjanobakteRi
9,cyanogène,8,sjanOZEn
7,cyanose,6,sjanoz
7,cyanure,6,sjanyR
9,cybercafé,9,sibERkafe
11,cyberespace,10,sibERespas
10,cybermonde,8,sibERm§d
13,cybernéticien,12,sibERnetisj5
12,cybernétique,10,sibERnetik
12,cybernétiser,11,sibERnetize
10,cyberspace,9,sibERspes
5,cycas,5,sikas
8,cyclable,7,siklabl
8,cyclamen,8,siklamEn
5,cycle,4,sikl
8,cyclique,6,siklik
12,cycliquement,9,siklik°m@
8,cyclisme,7,siklizm
8,cycliste,7,siklist
5,cyclo,5,siklo
11,cyclo-cross,9,siklokROs
12,cyclo-pousse,8,siklopus
11,cyclomoteur,10,siklomot9R
7,cyclone,6,siklon
10,cyclonique,8,siklonik
7,cyclope,6,siklOp
9,cyclopéen,8,siklope5
9,cyclorama,9,siklORama
12,cyclosporine,11,siklospoRin
11,cyclothymie,9,siklotimi
13,cyclothymique,10,siklotimik
9,cyclotron,8,siklotR§
9,cycloïdal,9,sikloidal
5,cygne,3,siN
8,cylindre,6,sil5dR
11,cylindrique,8,sil5dRik
9,cylindrée,7,sil5dRe
7,cymbale,5,s5bal
10,cymbaliste,8,s5balist
8,cymbalum,7,s5balOm
6,cynips,6,sinips
7,cynique,5,sinik
11,cyniquement,8,sinik°m@
7,cynisme,6,sinizm
11,cynocéphale,9,sinosefal
9,cynodrome,8,sinodRom
9,cynophile,7,sinOfil
11,cynégétique,9,sineZetik
13,cyphoscoliose,11,sifoskOljoz
7,cyphose,5,sifoz
6,cyprin,5,sipR5
9,cyprinidé,9,sipRinide
8,cypriote,8,sipRijOt
6,cyprès,5,sipRE
6,cyrard,5,siRaR
10,cyrillique,7,siRilik
8,cystique,6,sistik
7,cystite,6,sistit
10,cystotomie,9,sistOtOmi
9,cytologie,8,sitoloZi
15,cytomégalovirus,15,sitomegaloviRys
10,cytoplasme,9,sitoplasm
13,cytoplasmique,11,sitOplasmik
8,cytosine,7,sitozin
11,cytotoxique,10,sitotOksik
4,czar,4,kzaR
7,czardas,7,kzaRdas
7,câblage,6,kablaZ
5,câble,4,kabl
6,câbler,5,kable
8,câblerie,7,kabl°Ri
7,câbleur,6,kabl9R
7,câblier,7,kablije
11,câblogramme,9,kablogRam
5,câblé,5,kable
5,câlin,4,kal5
10,câlinement,8,kalin°m@
7,câliner,6,kaline
9,câlinerie,8,kalin°Ri
5,câpre,4,kapR
5,cèdre,4,sEdR
4,cène,3,sEn
4,cèpe,3,sEp
5,céans,3,se@
5,céara,5,seaRa
6,cécité,6,sesite
6,cédant,4,sed@
5,céder,4,sede
6,cédrat,5,sedRa
9,cédratier,8,sedRatje
9,cédulaire,7,sedylER
6,cédule,5,sedyl
5,cégep,5,seZEp
9,cégétiste,8,seZetist
7,céladon,6,selad§
6,céleri,6,sEl°Ri
7,céleste,6,selEst
8,célestin,7,selEst5
7,célibat,6,seliba
11,célibataire,9,selibatER
8,célimène,7,selimEn
8,célinien,7,selinj5
7,célèbre,6,selEbR
9,célébrant,7,selebR@
11,célébration,10,selebRasj§
8,célébrer,7,selebRe
12,célébrissime,10,selebRisim
9,célébrité,9,selebRite
10,célérifère,9,seleRifER
8,célérité,8,seleRite
7,cénacle,6,senakl
8,cénobite,7,senobit
9,cénotaphe,7,senotaf
6,cépage,5,sepaZ
9,céphaline,7,sefalin
10,céphalique,7,sefalik
17,céphalo-rachidien,13,sefaloRaSidj5
11,céphalopode,9,sefalopOd
16,céphalorachidien,13,sefaloRaSidj5
14,céphalosporine,12,sefalospORin
5,cépée,4,sepe
9,céramique,7,seRamik
9,céramiste,8,seRamist
8,céruléen,7,seRyle5
7,cérumen,7,seRymEn
6,céruse,5,seRyz
6,cérusé,6,seRyze
7,céréale,6,seReal
9,céréalier,8,seRealje
8,cérébral,8,seRebRal
13,cérébralement,11,seRebRal°m@
11,cérébralité,11,seRebRalite
10,cérémonial,10,seRemonjal
9,cérémonie,8,seRemoni
10,cérémoniel,10,seRemonjEl
16,cérémonieusement,13,seRemonj2z°m@
11,cérémonieux,9,seRemonj2
5,césar,5,sezaR
8,césarien,7,sezaRj5
10,césarienne,8,sezaRjEn
6,césium,6,sezjOm
6,césure,5,sezyR
6,cétacé,6,setase
7,cétoine,6,setwan
6,cétone,5,setOn
9,cévadille,7,sevadil
7,cévenol,7,sev°nOl
7,cézigue,5,sezig
5,côlon,4,kol§
4,cône,3,kon
4,côte,3,kot
9,côtelette,7,kot°lEt
6,côtelé,6,kot°le
14,côtes-du-rhône,8,kotdyRon
6,côtier,5,kotje
7,côtoyer,7,kotwaje
4,côté,4,kote
1,d,1,d
2,d',1,d
7,d'abord,5,dabOR
8,d'autres,4,dotR
8,d'emblée,5,d@ble
14,d'ores et déjà,9,dORzedeZa
2,da,2,da
3,dab,3,dab
4,daba,4,daba
4,dabe,3,dab
7,dabuche,5,dabyS
4,dace,3,das
5,dache,3,daS
7,dacique,5,dasik
6,dacron,5,dakR§
7,dactyle,6,daktil
7,dactylo,7,daktilo
13,dactylographe,11,daktilogRaf
14,dactylographie,12,daktilogRafi
15,dactylographier,13,daktilogRafje
14,dactylographié,13,daktilogRafje
13,dactyloscopie,12,daktilOskOpi
4,dada,4,dada
6,dadais,4,dadE
8,dadaïsme,7,dadaizm
8,dadaïste,7,dadaist
5,dague,3,dag
13,daguerréotype,10,dagEReotip
6,daguet,4,dagE
6,dahlia,5,dalja
4,dahu,3,day
7,daigner,4,deNe
4,daim,2,d5
5,daine,3,dEn
8,daiquiri,7,dajkiRi
4,dais,2,dE
8,dakarois,7,dakaRwa
5,dakin,4,dak5
3,dal,3,dal
10,dalaï-lama,9,dalailama
4,dale,3,dal
7,dallage,5,dalaZ
5,dalle,3,dal
6,daller,4,dale
7,dalmate,6,dalmat
9,dalmatien,8,dalmasj5
10,dalmatique,8,dalmatik
9,daltonien,8,daltonj5
10,daltonisme,9,daltonizm
3,dam,2,d@
6,damage,5,damaZ
5,damas,4,dama
9,damasquin,7,damask5
12,damasquinage,10,damaskinaZ
13,damasquinerie,11,damaskin°Ri
12,damasquinure,10,damaskinyR
10,damasquiné,9,damaskine
7,damassé,6,damase
4,dame,3,dam
11,dame-jeanne,6,damZan
5,damer,4,dame
7,dameret,6,dam°RE
5,dames,3,dam
6,damier,5,damje
8,damnable,6,danabl
9,damnation,7,danasj§
6,damned,6,damnEd
6,damner,4,dane
5,damné,4,dane
9,damoiseau,7,damwazo
10,damoiselle,8,damwazEl
3,dan,3,dan
7,danaïde,6,danaid
7,dancing,5,d@siG
11,dandinement,8,d@din°m@
8,dandiner,6,d@dine
5,dandy,4,d@di
8,dandysme,6,d@dizm
6,danger,4,d@Ze
14,dangereusement,10,d@Z°R2z°m@
9,dangereux,6,d@Z°R2
11,dangerosité,10,d@Z°Rozite
4,dano,4,dano
6,danois,5,danwa
4,dans,2,d@
7,dansant,4,d@s@
5,danse,3,d@s
6,danser,4,d@se
7,danseur,5,d@s9R
9,dansotter,6,d@sote
9,dantesque,6,d@tEsk
8,danubien,7,danybj5
3,dao,3,dao
6,daphné,5,dafne
5,darce,4,daRs
4,dard,3,daR
6,darder,5,daRde
9,dare-dare,6,daRdaR
5,darne,4,daRn
5,daron,4,daR§
5,darse,4,daRs
6,dasein,4,daz5
7,datable,6,databl
6,datage,5,dataZ
8,datation,7,datasj§
6,datcha,5,datSa
4,date,3,dat
5,dater,4,date
6,dateur,5,dat9R
5,datif,5,datif
5,datte,3,dat
7,dattier,5,datje
6,datura,6,datyRa
5,daube,3,dob
6,dauber,4,dobe
8,daubière,6,dobjER
7,dauphin,4,dof5
9,dauphinat,6,dofina
10,dauphinois,7,dofinwa
7,daurade,5,doRad
9,davantage,7,dav@taZ
6,davier,5,davje
4,daya,4,daja
8,daïquiri,7,dajkiRi
2,dc,4,dese
2,de,2,d°
9,de amicis,8,deamikis
9,de auditu,7,deodity
8,de facto,7,defakto
11,de guingois,7,d2g5gwa
8,de plano,7,deplano
12,de profundis,11,depRofundis
9,de santis,7,des@tis
11,de traviole,9,d°tRavjOl
7,de visu,6,d2vizy
8,deadline,7,dEdlajn
4,deal,3,dil
6,dealer,5,dil9R
7,debater,6,d°bate
6,debout,4,d°bu
5,decca,4,deka
4,deck,3,dEk
11,decrescendo,10,dEkReSEndo
6,dedans,4,d°d@
5,degré,5,d°gRe
6,dehors,4,d2OR
5,delco,5,dElko
8,delirium,8,deliRjOm
16,delirium tremens,15,deliRjOmtRemEns
15,della francesca,12,dElafR@sEska
11,della porta,9,dElapORta
12,della robbia,9,dElaRObja
10,delphinium,9,dElfinjOm
5,delta,5,dElta
11,delta-plane,9,dEltaplan
10,deltaplane,9,dEltaplan
8,deltoïde,7,dEltoid
4,delà,4,d°la
6,demain,4,d°m5
7,demande,5,d°m@d
8,demander,6,d°m@de
9,demandeur,7,d°m@d9R
7,demeure,5,d°m9R
8,demeurer,6,d°m9Re
7,demeuré,6,d°m9Re
4,demi,4,d°mi
12,demi-barbare,10,d2mibaRbaR
8,demi-bas,6,d°miba
12,demi-bonheur,9,d2mibOn9R
14,demi-bouteille,9,d°mibutEj
12,demi-brigade,10,d°mibRigad
9,demi-cent,6,d2mis@
15,demi-centimètre,12,d2mis@timEtR
11,demi-centre,8,d2mis@tR
11,demi-cercle,9,d°misERkl
12,demi-chagrin,9,d°miSagR5
10,demi-clair,8,d2miklER
11,demi-clarté,10,d2miklaRte
12,demi-cloison,10,d2miklwaz§
9,demi-coma,8,d2mikOma
15,demi-confidence,11,d2mik§fid@s
15,demi-conscience,10,d2mik§sj@s
13,demi-cylindre,10,d2misil5dR
10,demi-degré,9,d2mid2gRe
10,demi-deuil,7,d°mid9j
9,demi-dieu,7,d°midj2
10,demi-dieux,7,d°midj2
9,demi-dose,7,d2midoz
13,demi-douzaine,9,d°miduzEn
11,demi-dévêtu,10,d°midevEty
11,demi-figure,9,d°mifigyR
11,demi-finale,9,d°mifinal
14,demi-finaliste,12,d2mifinalist
9,demi-fond,6,d°mif§
8,demi-fou,6,d2mifu
10,demi-frère,8,d°mifRER
9,demi-gros,7,d°migRo
10,demi-heure,6,d°mi9R
9,demi-jour,7,d°miZuR
12,demi-journée,9,d°miZuRne
9,demi-juif,8,d2miZ8if
14,demi-kilomètre,12,d2mikilOmEtR
12,demi-liberté,11,d2milibERte
10,demi-lieue,7,d2milj2
10,demi-litre,8,d°militR
10,demi-livre,8,d2milivR
13,demi-longueur,9,d°mil§g9R
10,demi-louis,7,d2milwi
10,demi-lueur,8,d2mily9R
12,demi-lumière,10,d2milymjER
9,demi-lune,7,d°milyn
9,demi-luxe,8,d2milyks
8,demi-mal,7,d°mimal
13,demi-mensonge,9,d2mim5s§Z
11,demi-mesure,9,d°mim°zyR
10,demi-mille,7,d2mimil
13,demi-milliard,10,d2mimiljaR
15,demi-millimètre,12,d2mimilimEtR
12,demi-million,9,d2mimilj§
11,demi-minute,9,d°miminyt
9,demi-mois,7,d2mimwa
10,demi-monde,7,d°mim§d
9,demi-mort,7,d°mimOR
8,demi-mot,6,d°mimo
9,demi-muid,7,d°mim8i
10,demi-mètre,8,d2mimEtR
7,demi-nu,6,d2miny
9,demi-nuit,7,d2min8i
14,demi-obscurité,13,d2miOpskyRite
12,demi-ouvrier,10,d°miuvRije
9,demi-page,7,d2mipaZ
13,demi-paralysé,12,d2mipaRalize
9,demi-part,7,d2mipaR
8,demi-pas,6,d2mipa
12,demi-pension,9,d°mip@sj§
17,demi-pensionnaire,12,d°mip@sjonER
13,demi-personne,10,d2mipERsOn
9,demi-pied,7,d2mipje
10,demi-pinte,7,d2mip5t
10,demi-pièce,8,d°mipjEs
10,demi-place,8,d°miplas
10,demi-plein,7,d2mipl5
10,demi-point,7,d2mipw5
10,demi-porte,8,d2mipORt
12,demi-portion,10,d°mipORsj§
10,demi-pouce,7,d2mipus
10,demi-quart,7,d°mikaR
10,demi-queue,6,d°mik2
13,demi-réussite,10,d2miReysit
14,demi-révérence,11,d2miReveR@s
9,demi-rêve,8,d2miREve
11,demi-saison,8,d°misEz§
9,demi-sang,6,d°mis@
12,demi-seconde,9,d2mis2g§d
12,demi-section,10,d2misEksj§
8,demi-sel,7,d°misEl
11,demi-siècle,9,d°misjEkl
10,demi-soeur,7,d°mis9R
10,demi-solde,8,d°misOld
12,demi-sommeil,9,d°misomEj
15,demi-somnolence,12,d2misOmnOl@s
12,demi-sourire,9,d°misuRiR
11,demi-succès,9,d°misyksE
12,demi-suicide,10,d°mis8isid
11,demi-talent,8,d2mital@
10,demi-tarif,9,d°mitaRif
10,demi-tasse,7,d°mitas
11,demi-teinte,7,d°mit5t
8,demi-ton,6,d°mit§
12,demi-tonneau,8,d°mitono
9,demi-tour,7,d°mituR
9,demi-tête,7,d2mitEt
10,demi-verre,7,d2mivER
10,demi-vertu,9,d2mivERty
8,demi-vie,6,d°mivi
11,demi-vierge,9,d°mivjERZ
10,demi-volte,8,d2mivOlt
11,demi-volume,9,d2mivOlym
10,demi-volée,8,d°mivole
11,demi-vérité,10,d°miveRite
10,demi-échec,8,d°mieSEk
8,dendrite,6,d@dRit
6,dengue,3,d@g
6,denier,5,d°nje
5,denim,5,d2nim
6,denrée,4,d@Re
5,dense,3,d@s
10,densimètre,8,d@simEtR
7,densité,6,d@site
4,dent,2,d@
12,dent-de-lion,7,d@d°lj§
8,dentaire,5,d@tER
6,dental,5,d@tal
8,dentelle,5,d@tEl
11,dentellière,8,d@t2ljER
9,dentelure,7,d@t°lyR
7,dentelé,6,d@t°le
7,dentier,5,d@tje
10,dentifrice,8,d@tifRis
8,dentiste,6,d@tist
11,dentisterie,9,d@tist°Ri
9,dentition,7,d@tisj§
7,denture,5,d@tyR
5,denté,4,d@te
11,deo gratias,9,deogRatja
6,depuis,5,d°p8i
3,der,3,dER
5,derby,5,dERbi
6,derche,4,dERS
8,derechef,7,d°R°SEf
9,dermatite,8,dERmatit
12,dermatologie,11,dERmatoloZi
14,dermatologique,12,dERmatoloZik
14,dermatologiste,13,dERmatOlOZist
12,dermatologue,10,dERmatolOg
9,dermatose,8,dERmatoz
5,derme,4,dERm
8,dermeste,7,dERmEst
8,dermique,6,dERmik
7,dermite,6,dERmit
12,dermographie,10,dERmogRafi
7,dernier,6,dERnje
10,dernier-né,8,dERnjene
12,dernière-née,9,dERnjERne
12,dernièrement,10,dERnjER°m@
7,derrick,5,dERik
8,derrière,6,dERjER
8,derviche,6,dERviS
3,des,2,de
9,desceller,6,desEle
11,descendance,7,des@d@s
10,descendant,6,des@d@
10,descendeur,7,des@d9R
9,descendre,6,des@dR
10,descenseur,7,des@s9R
8,descente,5,des@t
12,descriptible,11,deskRiptibl
10,descriptif,10,deskRiptif
11,description,10,deskRipsj§
8,desdites,5,dedit
7,desdits,4,dedi
10,desiderata,10,dezideRata
6,design,6,dizajn
8,designer,6,deziNe
4,desk,4,dEsk
9,desperado,9,despeRado
7,despote,6,despOt
10,despotique,8,despotik
10,despotisme,9,despotizm
12,desquamation,11,deskwamasj§
10,desquelles,5,dekEl
8,desquels,5,dekEl
9,dessaisir,7,deseziR
15,dessaisissement,10,desezis°m@
8,dessaler,6,desale
7,dessalé,6,desale
10,dessaouler,6,desule
8,dessaper,5,dsape
7,dessein,4,des5
9,desseller,6,desele
10,desserrage,7,desERaZ
8,desserre,5,desER
9,desserrer,6,deseRe
7,dessert,5,desER
8,desserte,6,desERt
9,dessertir,8,desERtiR
10,desservant,7,desERv@
9,desservir,8,desERviR
12,dessiccation,9,desikasj§
9,dessiller,6,desije
6,dessin,4,des5
11,dessinateur,9,desinat9R
8,dessiner,6,desine
7,dessiné,6,desine
9,dessouder,6,desude
9,dessouler,6,desule
7,dessous,4,d°su
15,dessous-de-bras,9,d°sud°bRa
15,dessous-de-plat,9,d°sud°pla
16,dessous-de-table,10,d°sud°tabl
16,dessous-de-verre,9,d°sud°vER
9,dessoûler,6,desule
6,dessus,4,d°sy
13,dessus-de-lit,8,d°syd°li
12,dessèchement,8,desES°m@
10,desséchant,6,deseS@
9,dessécher,6,deseSe
6,destin,5,dest5
12,destinataire,10,destinatER
11,destination,10,destinasj§
8,destiner,7,destine
7,destiné,7,destine
8,destinée,7,destine
9,destituer,8,destit8e
11,destitution,10,destitysj§
8,destrier,8,destRije
7,destroy,8,destRwaj
9,destroyer,9,destRwaje
11,destructeur,10,destRykt9R
12,destructible,11,destRyktibl
10,destructif,10,destRyktif
11,destruction,10,destRyksj§
5,dette,3,dEt
6,deuche,3,d2S
5,deuil,3,d9j
15,deus ex machina,13,deuseksmakina
6,deusio,5,d2zjo
13,deutsche mark,9,dOjtSmaRk
9,deutérium,8,d2teRjOm
11,deutéronome,9,d2teRonom
4,deux,2,d2
12,deux-chevaux,6,d2S°vo
9,deux-deux,4,d2d2
9,deux-mâts,4,d2ma
11,deux-pièces,6,d2pjEs
11,deux-points,5,d2pw5
10,deux-ponts,4,d2p§
11,deux-quatre,6,d2katR
10,deux-roues,4,d2Ru
8,deuxième,6,d2zjEm
12,deuxièmement,9,d2zjEm°m@
6,deuzio,5,d2zjo
8,devancer,6,d°v@se
6,devant,4,d°v@
9,devanture,7,d°v@tyR
7,devenir,7,d°v°niR
6,devers,5,d°vER
5,devin,4,d°v5
7,deviner,6,d°vine
9,devinette,7,d°vinEt
8,devineur,7,d2vin9R
5,devis,4,d°vi
6,devise,5,d°viz
7,deviser,6,d°vize
6,devoir,6,d°vwaR
5,devon,4,dev§
13,dexaméthasone,12,dEgzametazOn
6,dextre,6,dEkstR
10,dextrement,9,dEkstR°m@
8,dextrose,8,dEkstRoz
9,dextérité,10,dEksteRite
3,dey,2,dE
4,deçà,4,d°sa
6,dharma,5,daRma
5,dhole,4,dol2
3,dia,3,dja
6,diable,5,djabl
10,diablement,8,djabl°m@
9,diablerie,8,djabl°Ri
9,diablesse,7,djablEs
9,diablotin,8,djablot5
10,diabolique,8,djabolik
14,diaboliquement,11,djabolik°m@
10,diaboliser,9,djabolize
10,diabolisme,9,djabOlism
7,diabolo,7,djabolo
7,diabète,6,djabEt
10,diabétique,8,djabetik
12,diachronique,9,djakRonik
8,diaclase,7,djaklaz
10,diaconesse,8,djakonEs
8,diaconie,7,djakoni
6,diacre,5,djakR
11,diacritique,9,djakRitik
16,diacétylmorphine,14,diasetilmORfin
7,diadème,6,djadEm
8,diagnose,7,djagnoz
10,diagnostic,10,djagnostik
12,diagnostique,10,djagnostik
13,diagnostiquer,11,djagnostike
14,diagnostiqueur,12,djagnOstik9R
8,diagonal,8,djagonal
9,diagonale,8,djagonal
13,diagonalement,11,djagonal°m@
9,diagramme,7,djagRam
9,dialectal,9,djalEktal
8,dialecte,7,djalEkt
12,dialecticien,11,djalEktisj5
11,dialectique,9,djalEktik
10,dialogique,8,djaloZik
8,dialogue,6,djalOg
9,dialoguer,7,djaloge
11,dialoguiste,9,djalogist
7,dialyse,6,djaliz
8,dialyser,7,djalize
4,diam,4,djam
7,diamant,5,djam@
11,diamantaire,8,djam@tER
12,diamantifère,10,djam@tifER
9,diamantin,7,djam@t5
8,diamanté,7,djam@te
7,diamine,6,djamin
11,diamorphine,9,djamORfin
8,diamètre,7,djamEtR
14,diamétralement,12,djametRal°m@
5,diane,4,djan
7,diantre,5,dj@tR
8,diapason,7,djapaz§
8,diaphane,6,djafan
13,diaphorétique,10,djafORetik
15,diaphragmatique,12,djafRagmatik
10,diaphragme,8,djafRagm
5,diapo,5,djapo
9,diaporama,9,djapORama
11,diapositive,10,djapozitiv
6,diapré,6,djapRe
8,diarrhée,5,djaRe
11,diarrhéique,7,djaReik
8,diaspora,8,djaspoRa
8,diastole,7,djastOl
11,diastolique,9,djastolik
8,diatomée,7,djatome
10,diatonique,8,djatonik
8,diatribe,7,djatRib
10,dichotomie,8,dikotomi
10,dichroïque,7,dikROik
10,dichroïsme,8,dikRoizm
7,dicible,6,disibl
4,dico,4,diko
10,dictaphone,8,diktafOn
9,dictateur,8,diktat9R
11,dictatorial,11,diktatoRjal
9,dictature,8,diktatyR
6,dicter,5,dikte
7,diction,6,diksj§
12,dictionnaire,9,diksjonER
6,dicton,5,dikt§
6,dictée,5,dikte
10,didactique,8,didaktik
14,didactiquement,11,didaktik°m@
3,die,2,di
13,dieffenbachia,10,dif9nbaRja
4,diem,4,djEm
9,dies irae,7,djEsiRe
6,diesel,6,djezEl
4,dieu,3,dj2
8,dieu-roi,6,dj2Rwa
11,diffamateur,9,difamat9R
11,diffamation,9,difamasj§
12,diffamatoire,10,difamatwaR
8,diffamer,6,difame
7,diffamé,6,difame
9,difficile,7,difisil
13,difficilement,10,difisil°m@
13,difficultueux,10,difikylt82
10,difficulté,9,difikylte
8,difforme,6,difORm
10,difformité,9,difORmite
11,diffraction,9,difRaksj§
6,diffus,4,dify
9,diffusant,6,difyz@
8,diffuser,6,difyze
9,diffuseur,7,difyz9R
9,diffusion,7,difyzj§
12,différemment,8,difeRam@
10,différence,7,difeR@s
15,différenciation,12,difeR@sjasj§
12,différencier,9,difeR@sje
11,différencié,9,difeR@sje
9,différend,6,difeR@
9,différent,6,difeR@
12,différentiel,10,difeR@sjEl
10,différents,6,difeR@
8,différer,6,difeRe
7,différé,6,difeRe
9,difracter,8,difRakte
3,dig,3,dig
6,digest,6,diZEst
7,digeste,6,diZEst
8,digestif,8,diZEstif
9,digestion,8,diZEstj§
8,digicode,7,diZikOd
5,digit,5,diZit
7,digital,7,diZital
8,digitale,7,diZital
10,digitaline,9,diZitalin
12,digitaliseur,11,diZitaliz9R
5,digne,3,diN
9,dignement,6,diN°m@
10,dignitaire,7,diNitER
7,dignité,6,diNite
18,dignus est intrare,16,dignusEstintRaRe
10,digression,8,digResj§
5,digue,3,dig
7,digérer,6,diZeRe
9,dijonnais,6,diZonE
6,diktat,5,dikta
12,dilapidation,11,dilapidasj§
9,dilapider,8,dilapide
9,dilatable,8,dilatabl
10,dilatateur,9,dilatat9R
10,dilatation,9,dilatasj§
7,dilater,6,dilate
8,dilation,7,dilasj§
9,dilatoire,8,dilatwaR
6,dilaté,6,dilate
9,dilection,8,dilEksj§
7,dilemme,5,dilEm
10,dilettante,7,dilet@t
13,dilettantisme,10,dilet@tizm
11,diligemment,8,diliZam@
9,diligence,7,diliZ@s
8,diligent,6,diliZ@
10,diligenter,8,diliZ@te
7,diluant,5,dil8@
6,diluer,5,dil8e
8,dilution,7,dilysj§
8,diluvien,7,dilyvj5
8,dimanche,5,dim@S
9,dimension,7,dim@sj§
12,dimensionnel,10,dim@sjonEl
15,dimensionnement,11,dim@sjOn°m@
9,diminuant,7,dimin8@
10,diminuendo,9,dimin85do
8,diminuer,7,dimin8e
9,diminutif,9,diminytif
10,diminution,9,diminysj§
7,diminué,7,dimin8e
10,dinanderie,8,din@d°Ri
5,dinar,5,dinaR
5,dinde,3,d5d
6,dindon,4,d5d§
10,dindonneau,6,d5dono
4,dine,3,din
4,ding,3,diG
5,dingo,4,d5go
6,dingue,3,d5g
7,dinguer,4,d5ge
9,dinguerie,6,d5g°Ri
9,dinosaure,7,dinozoR
7,diocèse,6,djosEz
9,diocésain,7,djosez5
5,diode,4,djOd
6,diodon,5,djod§
11,dionysiaque,9,djonizjak
9,dionysien,8,djonizj5
6,dionée,5,djone
7,dioptre,6,djOptR
7,diorama,7,djoRama
7,diorite,6,djORit
7,dioxine,7,diOksin
7,dioxyde,7,djOksid
10,diphtongue,6,dift§g
9,diphtérie,7,difteRi
9,diphényle,7,difenil
10,diplodocus,10,diplodokys
9,diplomate,8,diplomat
10,diplomatie,9,diplomasi
12,diplomatique,10,diplomatik
16,diplomatiquement,13,diplomatik°m@
8,diplopie,7,diplOpi
7,diplôme,6,diplom
8,diplômer,7,diplOme
7,diplômé,7,diplome
9,dipneuste,7,dipn2st
9,dipsomane,8,dipsOman
10,dipsomanie,9,dipsOmani
8,diptyque,6,diptik
6,dipôle,5,dipol
4,dire,3,diR
6,direct,6,diREkt
11,directement,9,diREkt°m@
9,directeur,8,diREkt9R
17,directeur-adjoint,13,diREkt9RadZw5
8,directif,8,diREktif
9,direction,8,diREksj§
12,directionnel,11,diREksjonEl
9,directive,8,diREktiv
7,directo,7,diREkto
10,directoire,9,diREktwaR
10,directorat,9,diREktoRa
11,directorial,11,diREktoRjal
8,directos,7,diREkto
6,dirham,5,diRam
10,dirigeable,8,diRiZabl
9,dirigeant,6,diRiZ@
7,diriger,6,diRiZe
6,dirigé,6,diRiZe
8,dirimant,6,diRim@
5,dirlo,5,diRlo
6,disant,4,diz@
11,disc-jockey,8,diskZokE
6,discal,6,diskal
11,discernable,9,disERnabl
12,discernement,9,disERn°m@
9,discerner,7,disERne
8,disciple,6,disipl
12,disciple-roi,10,disipl°Rwa
13,disciplinaire,10,disiplinER
10,discipline,8,disiplin
11,discipliner,9,disipline
10,discipliné,9,disipline
5,disco,5,disko
9,discobole,8,diskobOl
12,discographie,10,diskOgRafi
10,discontinu,9,disk§tiny
12,discontinuer,10,disk§tin8e
13,discontinuité,12,disk§tin8ite
11,discordance,9,diskORd@s
10,discordant,8,diskORd@
8,discorde,7,diskORd
11,discothèque,8,diskotEk
8,discount,7,diskunt
10,discoureur,8,diskuR9R
9,discourir,8,diskuRiR
8,discours,6,diskuR
11,discourtois,9,diskuRtwa
7,discret,6,diskRE
12,discriminant,10,diskRimin@
14,discrimination,13,diskRiminasj§
15,discriminatoire,14,diskRiminatwaR
11,discriminer,10,diskRimine
12,discrètement,10,diskREt°m@
9,discrédit,8,diskRedi
11,discréditer,10,diskRedite
10,discrétion,9,diskResj§
15,discrétionnaire,12,diskResjonER
12,disculpation,11,diskylpasj§
9,disculper,8,diskylpe
10,discussion,8,diskysj§
10,discutable,9,diskytabl
12,discutailler,9,diskytaje
13,discutailleur,10,diskytaj9R
8,discuter,7,diskyte
7,discuté,7,diskyte
6,disert,5,dizER
7,disette,5,dizEt
6,diseur,5,diz9R
17,disfonctionnement,13,disf§ksjOn°m@
10,disgracier,9,disgRasje
16,disgracieusement,13,disgRasj2z°m@
11,disgracieux,9,disgRasj2
9,disgracié,9,disgRasje
8,disgrâce,7,disgRas
11,disharmonie,9,dizaRmoni
10,disjoindre,8,disZw5dR
8,disjoint,6,disZw5
10,disjoncter,8,disZ§kte
11,disjoncteur,9,disZ§kt9R
11,disjonction,9,disZ§ksj§
8,diskette,6,diskEt
11,dislocation,10,dislokasj§
9,disloquer,7,disloke
8,disloqué,7,disloke
13,disparaissant,9,dispaREs@
9,disparate,8,dispaRat
11,disparaître,9,dispaREtR
11,disparition,10,dispaRisj§
9,disparité,9,dispaRite
7,disparu,7,dispaRy
10,dispatcher,8,dispatSe
11,dispatching,9,dispatSiG
16,dispendieusement,12,disp@dj2z°m@
11,dispendieux,8,disp@dj2
11,dispensable,9,disp@sabl
11,dispensaire,8,disp@sER
12,dispensateur,10,disp@sat9R
12,dispensation,10,disp@sasj§
8,dispense,6,disp@s
9,dispenser,7,disp@se
8,dispensé,7,disp@se
10,dispersant,8,dispERs@
12,dispersement,10,dispERs°m@
9,disperser,8,dispERse
9,dispersif,9,dispERsif
10,dispersion,9,dispERsj§
8,dispersé,8,dispERse
5,dispo,5,dispo
13,disponibilité,13,disponibilite
10,disponible,9,disponibl
6,dispos,5,dispo
9,disposant,7,dispoz@
8,disposer,7,dispoze
10,dispositif,10,dispozitif
11,disposition,10,dispozisj§
7,disposé,7,dispoze
13,disproportion,12,dispRopORsj§
15,disproportionné,14,dispRopORsjone
7,dispute,6,dispyt
8,disputer,7,dispyte
9,disputeur,8,dispyt9R
7,disputé,7,dispyte
9,disquaire,6,diskER
16,disqualification,14,diskalifikasj§
12,disqualifier,10,diskalifje
11,disqualifié,10,diskalifje
6,disque,4,disk
13,disque-jockey,8,diskZokE
9,disquette,6,diskEt
9,disruptif,9,disRyptif
10,disruption,9,disRypsj§
10,dissection,8,diseksj§
12,dissemblable,9,dis@blabl
12,dissemblance,8,dis@bl@s
10,dissension,7,dis@sj§
12,dissentiment,8,dis@tim@
12,dissertation,10,disERtasj§
9,disserter,7,disERte
10,dissidence,7,disid@s
9,dissident,6,disid@
10,dissimiler,8,disimile
13,dissimulateur,11,disimylat9R
13,dissimulation,11,disimylasj§
10,dissimuler,8,disimyle
9,dissimulé,8,disimyle
11,dissipateur,9,disipat9R
11,dissipation,9,disipasj§
8,dissiper,6,disipe
7,dissipé,6,disipe
11,dissociatif,10,disosjatif
12,dissociation,10,disosjasj§
9,dissocier,7,disosje
7,dissolu,6,disoly
11,dissolution,9,disolysj§
10,dissolvant,7,disOlv@
10,dissonance,7,dison@s
9,dissonant,6,dison@
9,dissoudre,6,disudR
7,dissous,4,disu
8,dissoute,5,disut
9,dissuader,7,dis8ade
9,dissuasif,8,dis8azif
10,dissuasion,8,dis8azj§
11,dissymétrie,9,disimetRi
13,dissymétrique,10,disimetRik
13,dissémination,11,diseminasj§
10,disséminer,8,disemine
9,disséminé,8,disemine
9,disséquer,6,diseke
10,disséqueur,7,disek9R
6,distal,6,distal
8,distance,6,dist@s
9,distancer,7,dist@se
13,distanciation,11,dist@sjasj§
10,distancier,8,dist@sje
7,distant,5,dist@
9,distendre,7,dist@dR
8,distendu,7,dist@dy
10,distension,8,dist@sj§
9,distillat,7,distila
12,distillateur,10,distilat9R
12,distillation,10,distilasj§
9,distiller,7,distile
11,distillerie,9,distil°Ri
8,distinct,5,dist5
13,distinctement,10,dist5kt°m@
10,distinctif,9,dist5ktif
11,distinction,9,dist5ksj§
10,distinguer,7,dist5ge
9,distinguo,7,dist5go
9,distingué,7,dist5ge
9,distordre,8,distORdR
10,distorsion,9,distORsj§
11,distraction,10,distRaksj§
9,distraire,7,distRER
8,distrait,6,distRE
13,distraitement,10,distREt°m@
10,distrayant,8,distREj@
10,distribuer,9,distRib8e
12,distributeur,11,distRibyt9R
12,distribution,11,distRibysj§
9,distribué,9,distRib8e
8,district,8,distRikt
3,dit,2,di
10,dithyrambe,7,ditiR@b
13,dithyrambique,9,ditiR@bik
4,dito,4,dito
7,diurnal,7,djyRnal
6,diurne,5,djyRn
7,diurèse,6,djyREz
10,diurétique,8,djyRetik
4,diva,4,diva
8,divagant,6,divag@
10,divagation,9,divagasj§
8,divaguer,6,divage
5,divan,4,div@
4,dive,3,div
10,divergence,8,divERZ@s
9,divergent,7,divERZ@
8,diverger,7,divERZe
6,divers,5,divER
11,diversement,9,divERs°m@
8,diverses,6,divERs
15,diversification,14,divERsifikasj§
11,diversifier,10,divERsifje
9,diversion,8,divERsj§
9,diversité,9,divERsite
11,diverticule,10,divERtikyl
13,diverticulose,12,divERtikyloz
12,divertimento,12,divERtimEnto
8,divertir,8,divERtiR
12,divertissant,9,divERtis@
14,divertissement,11,divERtis°m@
9,dividende,7,divid@d
5,divin,4,div5
10,divination,9,divinasj§
11,divinatoire,10,divinatwaR
10,divinement,8,divin°m@
10,divinisant,8,diviniz@
8,divinité,8,divinite
7,diviser,6,divize
8,diviseur,7,diviz9R
9,divisible,8,divizibl
8,division,7,divizj§
13,divisionnaire,10,divizjonER
13,divisionnisme,11,divizjonizm
6,divisé,6,divize
7,divorce,6,divORs
8,divorcer,7,divORse
7,divorcé,7,divORse
11,divulgation,10,divylgasj§
9,divulguer,7,divylge
3,dix,3,dis
8,dix-cors,5,dikOR
8,dix-huit,6,diz8it
12,dix-huitième,9,diz8itjEm
8,dix-neuf,6,dizn9f
12,dix-neuvième,9,dizn9vjEm
8,dix-sept,5,disEt
12,dix-septième,8,disEtjEm
5,dixie,5,diksi
9,dixieland,8,diksil@d
5,dixit,6,diksit
7,dixième,6,dizjEm
11,dixièmement,9,dizjEm°m@
6,dizain,4,diz5
7,dizaine,5,dizEn
6,dièdre,5,djEdR
5,dièse,4,djEz
5,diète,4,djEt
13,diéthylénique,10,djetilenik
11,diététicien,10,djetetisj5
10,diététique,8,djetetik
10,diététiste,9,djetetist
6,djebel,6,dZebEl
8,djellaba,7,dZElaba
6,djemââ,6,dZemaa
6,djihad,5,dZiad
5,djinn,4,dZin
2,dm,8,desimEtR
3,dna,5,deEna
2,do,2,do
8,doberman,8,dobERman
3,doc,3,dOk
5,doche,3,dOS
6,docile,5,dosil
10,docilement,8,dosil°m@
8,docilité,8,dosilite
4,dock,3,dOk
6,docker,5,dok9R
5,docte,4,dOkt
9,doctement,7,dOkt°m@
7,docteur,6,dOkt9R
10,doctissime,8,dOktisim
8,doctoral,8,dOktoRal
8,doctorat,7,dOktoRa
11,doctrinaire,9,dOktRinER
9,doctrinal,9,dOktRinal
8,doctrine,7,dOktRin
9,docudrame,8,dokydRam
8,document,6,dokym@
12,documentaire,9,dokym@tER
14,documentaliste,12,dokym@talist
14,documentariste,12,dokym@taRist
13,documentation,11,dokym@tasj§
10,documenter,8,dokym@te
9,documenté,8,dokym@te
10,dodelinant,8,dod°lin@
9,dodeliner,8,dod°line
4,dodo,4,dodo
4,dodu,4,dody
10,dodécagone,9,dodekagon
14,dodécaphoniste,12,dodekafonist
10,dodécaèdre,9,dodekaEdR
8,dog-cart,7,dOgkaRt
9,dogaresse,7,dogaREs
4,doge,3,dOZ
6,dogger,5,dOg9R
10,dogmatique,8,dOgmatik
10,dogmatisme,9,dOgmatizm
5,dogme,4,dOgm
5,dogue,3,dOg
6,doguin,4,dog5
5,doigt,3,dwa
7,doigter,5,dwate
8,doigtier,6,dwatje
6,doigté,5,dwate
4,doit,3,dwa
4,dojo,4,doZo
3,dol,3,dOl
5,dolby,5,dOlbi
5,dolce,6,dOltSe
6,dolent,4,dOl@
14,dolichocéphale,11,dolikosefal
15,dolichocéphalie,12,dolikosefali
6,doline,5,dOlin
7,dolique,5,dOlik
6,dollar,5,dolaR
6,dolman,5,dOlm@
6,dolmen,6,dOlmEn
8,dolomite,7,dolomit
9,dolorisme,8,doloRizm
9,doloriste,8,doloRist
8,doléance,6,dole@s
3,dom,2,d§
7,domaine,5,domEn
8,domanial,8,domanjal
13,domestication,12,domEstikasj§
11,domesticité,11,domEstisite
10,domestique,8,domEstik
14,domestiquement,11,dOmEstik°m@
11,domestiquer,9,domEstike
8,domicile,7,domisil
13,domiciliation,12,domisiljasj§
10,domicilier,9,domisilje
9,domicilié,9,domisilje
9,dominance,7,domin@s
8,dominant,6,domin@
9,dominante,7,domin@t
10,dominateur,9,dominat9R
10,domination,9,dominasj§
7,dominer,6,domine
10,dominicain,8,dominik5
9,dominical,9,dominikal
8,dominion,8,dominjOn
6,domino,6,domino
7,dommage,5,domaZ
11,dommageable,8,domaZabl
17,dommages-intérêts,12,domaZze5teRE
9,domotique,7,domotik
8,domptage,6,d§ptaZ
7,dompter,5,d§pte
8,dompteur,6,d§pt9R
6,dompté,5,d§pte
3,don,2,d§
4,dona,4,dona
8,donateur,7,donat9R
8,donation,7,donasj§
4,donc,3,d§k
8,dondaine,5,d§dEn
6,dondon,4,d§d§
4,dong,3,d§g
6,donjon,4,d§Z§
12,donjuanesque,9,d§Z8anEsk
11,donjuanisme,9,d§Z8anizm
7,donnant,4,don@
15,donnant-donnant,8,don@don@
5,donne,3,dOn
6,donner,4,done
7,donneur,5,don9R
5,donné,4,done
6,donnée,4,done
16,donquichottesque,10,d§kiSOtEsk
15,donquichottisme,10,d§kiSOtizm
4,dont,2,d§
8,donzelle,5,d§zEl
6,dopage,5,dopaZ
8,dopamine,7,dopamin
6,dopant,4,dOp@
4,dope,3,dOp
5,doper,4,dope
6,doping,5,dOpiG
7,doppler,6,dOplER
6,dorade,5,doRad
6,dorage,5,doRaZ
5,dorer,4,doRe
7,dorique,5,doRik
8,dorloter,7,dORlote
8,dormance,6,dORm@s
7,dormant,5,dORm@
7,dormeur,6,dORm9R
6,dormir,6,dORmiR
8,dormitif,8,dORmitif
9,dormition,8,dORmisj§
6,dorsal,6,dORsal
7,dorsale,6,dORsal
7,dortoir,7,dORtwaR
6,dorure,5,dORyR
9,doryphore,7,doRifOR
4,doré,4,doRe
5,dorée,4,doRe
10,dorénavant,8,doRenav@
3,dos,2,do
9,dos-d'âne,5,dodan
6,dosage,5,dozaZ
4,dose,3,doz
5,doser,4,doze
6,doseur,5,doz9R
9,dosimètre,8,dozimEtR
7,dossard,5,dosaR
8,dosseret,6,dos°RE
7,dossier,5,dosje
8,dossière,6,dosjER
3,dot,3,dOt
8,dotation,7,dotasj§
5,doter,4,dote
4,doté,4,dote
7,douaire,4,dwER
6,douane,4,dwan
8,douanier,6,dwanje
5,douar,4,dwaR
8,doublage,6,dublaZ
8,doublard,6,dublaR
6,double,4,dubl
14,double-cliquer,10,dubl2klike
13,double-croche,9,dubl2kROS
16,double-décimètre,13,dubl°desimEtR
11,double-fond,7,dubl2f§
10,double-six,8,dubl2sis
8,doubleau,5,dublo
10,doublement,7,dubl°m@
7,doubler,5,duble
7,doublet,5,dublE
9,doublette,6,dublEt
8,doubleur,6,dubl9R
7,doublon,5,dubl§
10,doublonner,7,dublone
8,doublure,6,dublyR
6,doublé,5,duble
5,douce,3,dus
11,douce-amère,7,dusamER
9,doucement,6,dus°m@
14,doucereusement,10,dus°R2z°m@
9,doucereux,6,dus°R2
6,doucet,4,dusE
8,doucette,5,dusEt
12,doucettement,8,dusEt°m@
7,douceur,5,dus9R
9,douceâtre,6,dusatR
6,douche,3,duS
7,doucher,4,duSe
8,doucheur,5,duS9R
6,doucin,4,dus5
7,doucine,5,dusin
6,doudou,4,dudu
8,doudoune,5,dudun
7,douelle,4,dwEl
5,douer,3,dwe
7,douglas,5,dugla
7,douille,3,duj
8,douiller,4,duje
8,douillet,4,dujE
10,douillette,5,dujEt
14,douillettement,8,dujEt°m@
7,douleur,5,dul9R
15,douloureusement,10,duluR2z°m@
10,douloureux,6,duluR2
5,douma,4,duma
5,doura,4,duRa
5,douro,4,duRo
8,doutance,5,dut@s
5,doute,3,dut
6,douter,4,dute
12,douteusement,8,dut2z°m@
7,douteux,4,dut2
5,douve,3,duv
4,doux,2,du
9,doux-amer,6,duamER
8,douzaine,5,duzEn
5,douze,3,duz
8,douzième,6,duzjEm
8,douçâtre,6,dusatR
4,doué,3,dwe
4,down,4,dawn
14,downing street,11,dawniGstRit
5,doyen,5,dwaj5
7,doyenné,7,dwajEne
4,doña,4,dONa
7,drachme,5,dRakm
9,draconien,8,dRakonj5
4,drag,4,dRag
7,dragage,6,dRagaZ
8,drageoir,7,dRaZwaR
6,dragon,5,dRag§
10,dragonnier,8,dRagOnje
8,dragster,8,dRagstER
6,drague,4,dRag
7,draguer,5,dRage
8,dragueur,6,dRag9R
6,dragée,5,dRaZe
5,drain,3,dR5
8,drainage,6,dREnaZ
7,drainer,5,dRene
10,draisienne,7,dREzjEn
8,draisine,6,dREzin
7,drakkar,6,dRakaR
10,dramatique,8,dRamatik
14,dramatiquement,11,dRamatik°m@
13,dramatisation,12,dRamatizasj§
10,dramatiser,9,dRamatize
10,dramaturge,9,dRamatyRZ
11,dramaturgie,10,dRamatyRZi
5,drame,4,dRam
4,drap,3,dRa
7,drapeau,5,dRapo
6,draper,5,dRape
8,draperie,7,dRap°Ri
7,drapier,6,dRapje
5,drapé,5,dRape
9,drastique,7,dRastik
13,drastiquement,10,dRastik°m@
5,drave,4,dRav
10,dreadlocks,7,dREdlOk
10,dream team,7,dRimtim
6,drelin,5,dR2l5
6,drepou,5,dREpu
8,dressage,6,dREsaZ
8,dressant,5,dREs@
10,dressement,7,dREs°m@
7,dresser,5,dRese
8,dresseur,6,dREs9R
8,dressing,6,dResiG
13,dressing-room,9,dResiGRum
8,dressoir,7,dREswaR
6,dressé,5,dRese
10,dreyfusard,8,dREfyzaR
11,dreyfusisme,9,dREfyzizm
7,dribble,5,dRibl
8,dribbler,6,dRible
9,dribbleur,7,dRibl9R
7,dribler,6,dRible
5,drift,5,dRift
7,drifter,7,dRift9R
5,drill,4,dRil
6,drille,4,dRij
5,dring,4,dRiG
5,drink,4,dR5k
6,drisse,4,dRis
5,drive,5,dRajv
8,drive-in,7,dRajvin
6,driver,7,dRajv9R
6,driver,6,dRajve
7,drogman,7,dROgman
6,drogue,4,dROg
7,droguer,5,dRoge
9,droguerie,7,dROg°Ri
7,droguet,5,dRogE
9,droguiste,7,dRogist
6,drogué,5,dRoge
5,droit,4,dRwa
9,droit-fil,7,dRwafil
6,droite,5,dRwat
10,droitement,8,dRwat°m@
8,droitier,7,dRwatje
8,droiture,7,dRwatyR
10,drolatique,8,dRolatik
10,dromadaire,8,dRomadER
5,drome,4,dRom
5,drone,4,dRon
12,drone-espion,9,dRonEspj§
6,dronte,4,dR§t
4,drop,4,dROp
8,droppage,6,dRopaZ
10,drosophile,8,dRozofil
5,dross,4,dROs
8,drossart,6,dRosaR
7,drosser,5,dRose
7,droséra,7,dRozeRa
3,dru,3,dRy
9,drugstore,8,dR9gstOR
6,druide,5,dR8id
9,druidesse,7,dR8idEs
9,druidique,7,dR8idik
9,druidisme,8,dR8idizm
7,drumlin,7,dR9mlin
7,drummer,6,dR9m9R
5,drums,4,dR9m
5,druze,4,dRyz
3,dry,4,dRaj
6,dryade,6,dRijad
5,drège,4,dREZ
13,drépanocytose,12,dRepanOsitoz
5,drôle,4,dRol
9,drôlement,7,dRol°m@
8,drôlerie,7,dRol°Ri
8,drôlesse,6,dRolEs
6,drôlet,5,dRolE
2,du,2,dy
4,dual,4,d8al
8,dualisme,7,d8alizm
8,dualiste,7,d8alist
7,dualité,7,d8alite
9,dubitatif,9,dybitatif
10,dubitation,9,dybitasj§
14,dubitativement,12,dybitativ°m@
3,duc,3,dyk
5,ducal,5,dykal
7,ducasse,5,dykas
5,ducat,4,dyka
7,ducaton,6,dykat§
4,duce,5,dutSe
9,duchnoque,6,dySnOk
5,duché,4,dySe
5,ducon,4,dyk§
7,ductile,6,dyktil
5,dudit,5,dydit
4,duel,4,d8El
9,duelliste,7,d8Elist
11,duffel-coat,9,d9f9lkOwt
11,duffle-coat,9,d9f9lkOwt
6,dugong,4,dyg§
4,duit,3,d8i
8,dulcinée,7,dylsine
7,dum-dum,6,dumdum
6,dumper,6,d9mp9R
7,dumping,6,d9mpiG
6,dundee,5,d9ndi
4,dune,3,dyn
7,dunette,5,dynEt
9,dunkerque,6,d1kERk
3,duo,3,d8o
5,duodi,5,d8odi
8,duodénal,8,d8odenal
8,duodénum,8,d8odenOm
7,duopole,6,d8OpOl
4,dupe,3,dyp
5,duper,4,dype
7,duperie,6,dyp°Ri
6,dupeur,5,dyp9R
6,duplex,7,dyplEks
9,duplicata,9,dyplikata
9,duplicate,8,dyplikat
11,duplicateur,10,dyplikat9R
11,duplication,10,dyplikasj§
7,duplice,6,dyplis
9,duplicité,9,dyplisite
9,dupliquer,7,dyplike
6,duquel,5,dykEl
3,dur,3,dyR
10,durabilité,10,dyRabilite
7,durable,6,dyRabl
11,durablement,9,dyRabl°m@
8,duraille,5,dyRaj
9,duralumin,8,dyRalym5
6,durant,4,dyR@
5,durci,5,dyRsi
6,durcir,6,dyRsiR
12,durcissement,9,dyRsis°m@
10,durcisseur,8,dyRsis9R
4,dure,3,dyR
9,dure-mère,6,dyRmER
8,durement,6,dyR°m@
5,durer,4,dyRe
6,dureté,6,dyR°te
6,durham,5,dyRam
6,durian,5,dyRj@
8,durillon,6,dyRij§
5,durit,5,dyRit
6,durite,5,dyRit
5,durée,4,dyRe
5,duvet,4,dyvE
8,duveteux,6,dyv°t2
6,duveté,6,dyv°te
6,duègne,4,d8EN
4,dyke,3,dik
9,dynamique,7,dinamik
9,dynamiser,8,dinamize
9,dynamisme,8,dinamizm
10,dynamitage,9,dinamitaZ
8,dynamite,7,dinamit
9,dynamiter,8,dinamite
10,dynamiteur,9,dinamit9R
6,dynamo,6,dinamo
11,dynamomètre,10,dinamomEtR
14,dynamométrique,12,dinamometRik
8,dynastie,7,dinasti
10,dynastique,8,dinastik
10,dyscinésie,8,disinezi
9,dyscrasie,8,diskRazi
10,dysenterie,8,dis@t°Ri
12,dysentérique,9,dis@teRik
11,dysfonction,9,disf§ksj§
17,dysfonctionnement,13,disf§ksjOn°m@
8,dyslexie,8,dislEksi
10,dyslexique,9,dislEksik
12,dysménorrhée,9,dismenORe
9,dyspepsie,8,dispEpsi
11,dyspepsique,9,dispEpsik
11,dyspeptique,9,dispEptik
9,dysphonie,7,disfOni
9,dysphorie,7,disfoRi
9,dysplasie,8,displazi
7,dyspnée,6,dispne
10,dyspnéique,8,dispneik
9,dysthymie,7,distimi
8,dystocie,7,distOsi
10,dystrophie,8,distROfi
7,dysurie,6,dizyRi
7,dytique,5,ditik
5,dèche,3,dES
3,dès,2,dE
2,dé,2,de
10,déambulant,7,de@byl@
12,déambulateur,10,de@bylat9R
12,déambulation,10,de@bylasj§
13,déambulatoire,11,de@bylatwaR
9,déambuler,7,de@byle
11,débagoulage,9,debagulaZ
10,débagouler,8,debagule
9,déballage,7,debalaZ
8,déballer,6,debale
12,déballonnage,9,debalonaZ
11,déballonner,8,debalone
9,débandade,7,deb@dad
8,débander,6,deb@de
10,débaptiser,8,debatize
8,débarbot,7,debaRbo
13,débarbouiller,9,debaRbuje
15,débarbouillette,10,debaRbujEt
11,débarcadère,10,debaRkadER
9,débardage,8,debaRdaZ
8,débarder,7,debaRde
9,débardeur,8,debaRd9R
12,débarquement,9,debaRk°m@
9,débarquer,7,debaRke
8,débarqué,7,debaRke
8,débarras,6,debaRa
11,débarrasser,8,debaRase
8,débarrer,6,debaRe
5,débat,4,deba
9,débatteur,7,debat9R
8,débattre,6,debatR
8,débattue,6,debaty
8,débauche,5,deboS
9,débaucher,6,deboSe
10,débaucheur,7,deboS9R
8,débauché,6,deboSe
9,débectage,8,debEktaZ
10,débectance,8,debEkt@s
8,débecter,7,debEkte
6,débile,5,debil
10,débilement,8,debil°m@
10,débilitant,8,debilit@
12,débilitation,11,debilitasj§
8,débilité,8,debilite
8,débiller,6,debije
6,débine,5,debin
7,débiner,6,debine
5,débit,4,debi
8,débitage,7,debitaZ
8,débitant,6,debit@
6,débite,5,debit
7,débiter,6,debite
8,débiteur,7,debit9R
6,déblai,5,deblE
11,déblaiement,7,deblEm@
10,déblatérer,9,deblateRe
9,déblayage,8,deblEjaZ
8,déblayer,7,debleje
9,déblayeur,8,deblEj9R
9,déblocage,8,deblokaZ
9,débloquer,7,debloke
10,débobinage,9,debobinaZ
9,débobiner,8,debobine
8,débogage,7,debOgaZ
8,déboguer,6,deboge
7,déboire,6,debwaR
11,déboisement,9,debwaz°m@
8,déboiser,7,debwaze
8,débonder,6,deb§de
10,débonnaire,7,debonER
6,débord,5,debOR
9,débordant,7,debORd@
11,débordement,9,debORd°m@
8,déborder,7,debORde
7,débotté,6,debote
10,débouchage,7,debuSaZ
9,déboucher,6,debuSe
10,déboucheur,7,debuS9R
10,débouchoir,8,debuSwaR
8,débouché,6,debuSe
9,déboucler,7,debukle
8,débouler,6,debule
11,déboulonner,8,debulone
7,déboulé,6,debule
10,débourrage,7,debuRaZ
9,débourrer,6,debuRe
7,débours,5,debuR
12,déboursement,9,debuRs2m@
9,débourser,7,debuRse
11,déboussoler,8,debusole
8,débouter,6,debute
12,déboutonnage,9,debutonaZ
11,déboutonner,8,debutone
11,déboîtement,9,debwat°m@
8,déboîter,7,debwate
12,débraguetter,9,debRagEte
9,débraillé,7,debRaje
13,débranchement,9,debR@S°m@
10,débrancher,7,debR@Se
9,débrayage,8,debREjaZ
8,débrayer,7,debReje
11,débridement,9,debRid°m@
8,débrider,7,debRide
7,débridé,7,debRide
9,débriefer,7,debRife
10,débriefing,8,debRifiG
6,débris,5,debRi
9,débronzer,7,debR§ze
12,débrouillage,8,debRujaZ
12,débrouillard,8,debRujaR
15,débrouillardise,11,debRujaRdiz
10,débrouille,6,debRuj
11,débrouiller,7,debRuje
15,débroussaillage,10,debRusajaZ
14,débroussailler,9,debRusaje
8,débucher,6,debySe
9,débusquer,7,debyske
5,début,4,deby
8,débutant,6,debyt@
7,débuter,6,debyte
7,débâcle,6,debakl
3,déc,3,dek
4,déca,4,deka
10,décabosser,8,dekabOse
11,décachetage,9,dekaS°taZ
10,décacheter,8,dekaS°te
6,décade,5,dekad
9,décadence,7,dekad@s
8,décadent,6,dekad@
12,décadentisme,10,dekad@tizm
6,décadi,6,dekadi
9,décaféiné,9,dekafeine
12,décaissement,8,dekEs°m@
9,décaisser,6,dekEse
8,décalage,7,dekalaZ
15,décalcification,14,dekalsifikasj§
12,décalcomanie,11,dekalkomani
13,décalcomanies,11,dekalkomani
7,décaler,6,dekale
9,décalitre,8,dekalitR
9,décalogue,7,dekalOg
10,décalotter,8,dekalote
8,décalque,6,dekalk
9,décalquer,7,dekalke
6,décalé,6,dekale
10,décambuter,8,dek@byte
8,décamper,6,dek@pe
9,décamètre,8,dekamEtR
5,décan,4,dek@
10,décaniller,8,dekanije
11,décantation,9,dek@tasj§
8,décanter,6,dek@te
9,décanteur,7,dek@t9R
8,décapage,7,dekapaZ
8,décapant,6,dekap@
7,décaper,6,dekape
8,décapeur,7,dekap9R
12,décapitation,11,dekapitasj§
9,décapiter,8,dekapite
8,décapode,7,dekapOd
11,décapotable,10,dekapotabl
10,décapotage,9,dekapotaZ
9,décapoter,8,dekapote
8,décapoté,8,dekapOte
10,décapsuler,9,dekapsyle
11,décapsuleur,10,dekapsyl9R
13,décapuchonner,10,dekapySone
11,décarcasser,9,dekaRkase
12,décarpillage,10,dekaRpijaZ
11,décarpiller,9,dekaRpije
9,décarrade,7,dekaRad
8,décarrer,6,dekaRe
9,décathlon,7,dekatl§
6,décati,6,dekati
7,décatir,7,dekatiR
6,décavé,6,dekave
9,décelable,8,des°labl
7,déceler,6,dEs°le
8,décembre,6,des@bR
11,décembriste,9,des@bRist
9,décemment,6,desam@
7,décence,5,des@s
8,décennal,7,desenal
8,décennie,6,deseni
6,décent,4,des@
16,décentralisation,14,des@tRalizasj§
12,décentrement,9,des@tR2m@
9,déception,8,desEpsj§
8,décerner,7,desERne
11,décervelage,10,desERv°laZ
10,décerveler,9,desERv2le
8,décevant,6,dEs°v@
8,décevoir,8,dEs°vwaR
9,déchanter,6,deS@te
7,déchard,5,deSaR
8,décharge,6,deSaRZ
12,déchargement,9,deSaRZ°m@
9,décharger,7,deSaRZe
10,déchargeur,8,deSaRZ9R
12,décharnement,9,deSaRn°m@
9,décharner,7,deSaRne
8,décharné,7,deSaRne
10,déchausser,6,deSose
9,déchaussé,6,deSose
12,déchaînement,8,deSEn°m@
9,déchaîner,6,deSEne
8,déchaîné,6,deSEne
6,décher,4,deSe
6,déchet,4,deSE
11,déchetterie,8,deSEt°Ri
12,déchiffrable,9,deSifRabl
11,déchiffrage,8,deSifRaZ
13,déchiffrement,9,deSifR°m@
10,déchiffrer,7,deSifRe
11,déchiffreur,8,deSifR9R
12,déchiquetage,9,deSik°taZ
11,déchiqueter,8,deSik°te
12,déchiqueteur,9,deSik°t9R
10,déchiqueté,8,deSik°te
9,déchirage,7,deSiRaZ
9,déchirant,6,deSiR@
11,déchirement,8,deSiR°m@
8,déchirer,6,deSiRe
9,déchireur,7,deSiR9R
9,déchirure,7,deSiRyR
7,déchiré,6,deSiRe
7,déchoir,6,deSwaR
8,déchouer,5,deSue
5,déchu,4,deSy
9,déchéance,6,deSe@s
4,déci,4,desi
7,décibel,7,desibEl
7,décider,6,deside
8,décideur,7,desid9R
6,décidé,6,deside
10,décidément,8,desidem@
10,décigramme,8,desigRam
6,décile,5,desil
9,décilitre,8,desilitR
7,décimal,7,desimal
14,décimalisation,13,desimalizasj§
10,décimalité,10,desimalite
10,décimateur,9,desimat9R
10,décimation,9,desimasj§
7,décimer,6,desime
9,décimètre,8,desimEtR
7,décisif,7,desizif
8,décision,7,desizj§
12,décision-clé,10,desizj§kle
13,décisionnaire,10,desizjonER
11,décisionnel,10,desizjonEl
11,déclamation,10,deklamasj§
12,déclamatoire,11,deklamatwaR
8,déclamer,7,deklame
10,déclancher,7,dekl@Se
9,déclarant,7,deklaR@
11,déclaration,10,deklaRasj§
12,déclaratoire,11,deklaRatwaR
8,déclarer,7,deklaRe
7,déclaré,7,deklaRe
12,déclassement,9,deklas°m@
9,déclasser,7,deklase
8,déclassé,7,deklase
11,déclenchant,7,dekl@S@
9,déclenche,6,dekl@S
13,déclenchement,9,dekl@S°m@
10,déclencher,7,dekl@Se
11,déclencheur,8,dekl@S9R
6,déclic,6,deklik
6,déclin,5,dekl5
11,déclinaison,9,deklinEz§
9,déclinant,7,deklin@
8,décliner,7,dekline
7,déclive,6,dekliv
9,déclivité,9,deklivite
8,déclouer,6,deklue
4,déco,4,deko
8,décocher,6,dekoSe
9,décoction,8,dekOksj§
8,décodage,7,dekodaZ
7,décoder,6,dekode
8,décodeur,7,dekod9R
10,décoffrage,8,dekOfRaZ
9,décoiffer,7,dekwafe
9,décoincer,7,dekw5se
10,décoinçage,8,dekw5saZ
9,décollage,7,dekolaZ
11,décollation,9,dekolasj§
11,décollement,8,dekOl°m@
8,décoller,6,dekole
10,décolleter,8,dekOl°te
9,décolleté,8,dekOl°te
14,décolonisation,13,dekolonizasj§
10,décolorant,8,dekoloR@
12,décoloration,11,dekoloRasj§
9,décolorer,8,dekoloRe
8,décoloré,8,dekoloRe
9,décolérer,8,dekoleRe
11,décommander,8,dekom@de
14,décompensation,11,dek§p@sasj§
11,décompenser,8,dek§p@se
12,décompliquer,9,dek§plike
12,décomposable,10,dek§pozabl
10,décomposer,8,dek§poze
11,décomposeur,9,dek§poz9R
13,décomposition,11,dek§pozisj§
9,décomposé,8,dek§poze
12,décompresser,9,dek§pRese
13,décompression,10,dek§pREsj§
11,décomprimer,9,dek§pRime
8,décompte,5,dek§t
9,décompter,6,dek§te
15,déconcentration,12,dek§s@tRasj§
12,déconcentrer,9,dek§s@tRe
12,déconcertant,9,dek§sERt@
11,déconcerter,9,dek§sERte
10,déconcerté,9,dek§sERte
17,déconditionnement,13,dek§disjOn°m@
14,déconditionner,11,dek§disjone
9,déconfire,7,dek§fiR
8,déconfit,6,dek§fi
11,déconfiture,9,dek§fityR
10,décongeler,8,dek§Z°le
11,décongestif,10,dek§ZEstif
12,décongestion,10,dek§ZEstj§
15,décongestionner,12,dek§ZEstjone
13,décongélation,11,dek§Zelasj§
9,déconnage,7,dekonaZ
11,déconnecter,9,dekonEkte
12,déconnection,10,dekonEksj§
8,déconner,6,dekone
9,déconneur,7,dekon9R
11,déconnexion,10,dekonEksj§
11,déconomètre,10,dekonomEtR
11,déconophone,9,dekonofOn
12,déconseiller,8,dek§seje
15,déconsidération,13,dek§sideRasj§
12,déconsidérer,10,dek§sideRe
11,déconsigner,8,dek§siNe
11,déconstiper,9,dek§stipe
14,déconstruction,12,dek§stRyksj§
15,décontamination,13,dek§taminasj§
12,décontaminer,10,dek§tamine
13,décontenancer,10,dek§t°n@se
12,décontenancé,10,dek§t°n@se
10,décontract,9,dek§tRakt
12,décontracter,10,dek§tRakte
13,décontraction,11,dek§tRaksj§
11,décontracté,10,dek§tRakte
10,déconvenue,8,dek§v°ny
5,décor,5,dekOR
10,décorateur,9,dekoRat9R
9,décoratif,9,dekoRatif
10,décoration,9,dekoRasj§
7,décorer,6,dekoRe
8,décorner,7,dekORne
11,décorticage,10,dekORtikaZ
13,décortication,12,dekORtikasj§
11,décortiquer,9,dekORtike
10,décortiqué,9,dekORtike
7,décorum,7,dekoROm
6,décoré,6,dekoRe
9,découcher,6,dekuSe
8,découdre,6,dekudR
8,découler,6,dekule
9,découpage,7,dekupaZ
7,découpe,5,dekup
8,découper,6,dekupe
9,découpeur,7,dekup9R
10,découplage,8,dekuplaZ
9,découpler,7,dekuple
8,découplé,7,dekuple
9,découpure,7,dekupyR
7,découpé,6,dekupe
12,décourageant,8,dekuRaZ@
13,découragement,10,dekuRaZ°m@
10,décourager,8,dekuRaZe
9,découragé,8,dekuRaZe
7,décours,5,dekuR
7,décousu,6,dekuzy
9,découvert,7,dekuvER
10,découverte,8,dekuvERt
10,découvreur,8,dekuvR9R
9,découvrir,8,dekuvRiR
12,décramponner,9,dekR@pone
10,décrassage,8,dekRasaZ
9,décrasser,7,dekRase
6,décret,5,dekRE
10,décret-loi,8,dekRElwa
7,décrier,7,dekRije
14,décriminaliser,13,dekRiminalise
7,décrire,6,dekRiR
9,décrisper,8,dekRispe
6,décrit,5,dekRi
6,décrié,7,dekRije
10,décrochage,8,dekRoSaZ
10,décrochant,7,dekRoS@
12,décrochement,9,dekROS°m@
9,décrocher,7,dekRoSe
16,décrochez-moi-ça,12,dekRoSemwasa
9,décroiser,8,dekRwaze
12,décroissance,9,dekRwas@s
11,décroissant,8,dekRwas@
9,décrotter,7,dekRote
10,décrottoir,9,dekRotwaR
7,décroît,6,dekRwa
9,décroître,8,dekRwatR
6,décrue,5,dekRy
10,décryptage,9,dekRiptaZ
9,décrypter,8,dekRipte
10,décrypteur,9,dekRipt9R
14,décrédibiliser,13,dekRedibilize
8,décrépit,7,dekRepi
11,décrépitude,10,dekRepityd
8,décréter,7,dekRete
9,décrêpage,8,dekREpaZ
8,décrêper,7,dekREpe
10,déculotter,8,dekylote
9,déculotté,8,dekylote
10,déculottée,8,dekylote
14,déculpabiliser,13,dekylpabilize
7,décuple,6,dekypl
8,décupler,7,dekyple
7,décuplé,7,dekyple
7,décuver,6,dekyve
5,décès,4,desE
7,décéder,6,desede
6,décédé,6,desede
12,décélération,11,deseleRasj§
9,décélérer,8,deseleRe
13,décérébration,12,deseRebRasj§
10,décérébrer,9,deseRebRe
9,dédaigner,6,dedeNe
11,dédaigneuse,7,dedEN2z
15,dédaigneusement,10,dedEN2z°m@
10,dédaigneux,6,dedEN2
6,dédain,4,ded5
6,dédale,5,dedal
8,dédicace,7,dedikas
9,dédicacer,8,dedikase
8,dédicacé,8,dedikase
11,dédicatoire,10,dedikatwaR
6,dédier,5,dedje
6,dédire,5,dediR
5,dédit,4,dedi
5,dédié,5,dedje
13,dédommagement,10,dedomaZ°m@
10,dédommager,8,dedomaZe
12,dédouanement,9,dedwan°m@
9,dédouaner,7,dedwane
12,dédoublement,9,dedubl°m@
9,dédoubler,7,deduble
12,dédramatiser,11,dedRamatize
9,déducteur,8,dedykt9R
13,déductibilité,13,dedyktibilite
10,déductible,9,dedyktibl
8,déductif,8,dedyktif
9,déduction,8,dedyksj§
7,déduire,6,ded8iR
6,déduit,5,ded8i
6,déesse,4,deEs
11,défaillance,7,defaj@s
10,défaillant,6,defaj@
9,défaillir,7,defajiR
7,défaire,5,defER
6,défait,4,defE
7,défaite,5,defEt
10,défaitisme,8,defetizm
10,défaitiste,8,defetist
9,défalquer,7,defalke
9,défarguer,7,defaRge
9,défausser,6,defose
6,défaut,4,defo
8,défaveur,7,defav9R
11,défavorable,10,defavoRabl
15,défavorablement,13,defavoRabl°m@
10,défavorisé,10,defavoRize
10,défectible,9,defEktibl
8,défectif,8,defEktif
9,défection,8,defEksj§
15,défectueusement,12,defEkt82z°m@
10,défectueux,8,defEkt82
12,défectuosité,12,defEkt8ozite
10,défendable,8,def@dabl
9,défendeur,7,def@d9R
8,défendre,6,def@dR
7,défends,4,def@
7,défendu,6,def@dy
14,défenestration,13,def°nEstRasj§
11,défenestrer,10,def°nEstRe
6,défens,4,def@
7,défense,5,def@s
9,défenseur,7,def@s9R
8,défensif,7,def@sif
9,défensive,7,def@siv
9,déferlant,7,defERl@
10,déferlante,8,defERl@t
11,déferlement,9,defERl°m@
8,déferler,7,defERle
8,déferrer,6,defeRe
7,déferré,6,defERe
4,défi,4,defi
8,défiance,6,defj@s
7,défiant,5,defj@
9,défibreur,8,defibR9R
14,défibrillateur,12,defibRilat9R
14,défibrillation,12,defibRilasj§
9,déficeler,8,defis°le
10,déficience,8,defisj@s
9,déficient,7,defisj@
7,déficit,7,defisit
11,déficitaire,9,defisitER
6,défier,5,defje
7,défiger,6,defiZe
12,défiguration,11,defigyRasj§
12,défigurement,10,defigyR°m@
9,défigurer,8,defigyRe
8,défiguré,8,defigyRe
10,défilement,8,defil°m@
7,défiler,6,defile
6,défilé,6,defile
6,défini,6,defini
7,définir,7,definiR
12,définissable,10,definisabl
9,définitif,9,definitif
10,définition,9,definisj§
14,définitivement,12,definitiv°m@
12,déflagration,11,deflagRasj§
14,déflationniste,12,deflasjOnist
10,déflecteur,9,deflEkt9R
9,déflexion,9,deflEksj§
11,défloraison,9,defloREz§
11,défloration,10,defloRasj§
8,déflorer,7,defloRe
9,défoliant,7,defOlj@
7,défonce,5,def§s
11,défoncement,8,def§s°m@
8,défoncer,6,def§se
10,défonceuse,7,def§s2z
7,défoncé,6,def§se
13,déforestation,12,defoREstasj§
9,déformant,7,defORm@
11,déformation,10,defORmasj§
8,déformer,7,defORme
7,déformé,7,defORme
11,défoulement,8,deful°m@
8,défouler,6,defule
9,défouloir,8,defulwaR
12,défourailler,8,defuRaje
13,défragmenteur,11,defRagm@t9R
11,défraiement,7,defREm@
8,défrayer,7,defReje
9,défraîchi,7,defRESi
10,défraîchir,8,defReSiR
10,défrichage,8,defRiSaZ
12,défrichement,9,defRiS°m@
9,défricher,7,defRiSe
9,défrisage,8,defRizaZ
8,défriser,7,defRize
10,défroisser,8,defRwase
8,défroque,6,defROk
9,défroquer,7,defROke
8,défroqué,7,defRoke
6,défunt,4,def1
8,défunter,6,def1te
10,défécation,9,defekasj§
11,défécatoire,10,defekatwaR
11,déféminiser,10,defeminize
8,déféquer,6,defeke
9,déférence,7,defeR@s
8,déférent,6,defeR@
7,déférer,6,defeRe
10,dégagement,8,degaZ°m@
7,dégager,6,degaZe
6,dégagé,6,degaZe
7,dégaine,5,degEn
8,dégainer,6,degene
7,dégarni,7,degaRni
8,dégarnir,8,degaRniR
9,dégauchir,7,degoSiR
14,dégauchisseuse,9,degoSis2z
8,dégazage,7,degazaZ
7,dégazer,6,degaze
5,dégel,5,deZEl
7,dégeler,6,deZ°le
7,dégelée,6,deZ°le
10,dégingandé,8,deZ5g@de
9,dégivrage,8,deZivRaZ
8,dégivrer,7,deZivRe
8,déglacer,7,deglase
9,déglingue,6,degl5g
10,déglinguer,7,degl5ge
9,déglingué,7,degl5ge
8,déglutir,8,deglytiR
11,déglutition,10,deglytisj§
11,dégobillage,9,degobijaZ
10,dégobiller,8,degobije
8,dégoiser,7,degwaze
9,dégommage,7,degomaZ
8,dégommer,6,degome
10,dégonflage,8,deg§flaZ
10,dégonflard,8,deg§flaR
12,dégonflement,9,deg§fl2m@
9,dégonfler,7,deg§fle
8,dégonflé,7,deg§fle
11,dégorgement,9,degORZ°m@
8,dégorger,7,degORZe
7,dégoter,6,degote
8,dégotter,6,degote
11,dégoulinade,9,degulinad
11,dégoulinant,8,degulin@
13,dégoulinement,10,degulin°m@
10,dégouliner,8,deguline
11,dégoupiller,8,degupije
8,dégourdi,7,deguRdi
9,dégourdir,8,deguRdiR
10,dégouttant,6,degut@
9,dégoutter,6,degute
6,dégoût,4,degu
9,dégoûtant,6,degut@
11,dégoûtation,9,degutasj§
8,dégoûter,6,degute
7,dégoûté,6,degute
10,dégradable,9,degRadabl
9,dégradant,7,degRad@
11,dégradation,10,degRadasj§
8,dégrader,7,degRade
7,dégradé,7,degRade
8,dégrafer,7,degRafe
9,dégrafeur,8,degRaf9R
11,dégraissage,8,degREsaZ
11,dégraissant,7,degREs@
10,dégraisser,7,degRese
9,dégriffer,7,degRife
10,dégriffeur,8,degRif9R
8,dégriffé,7,degRife
12,dégringolade,10,degR5golad
11,dégringoler,9,degR5gole
9,dégripper,7,degRipe
11,dégrisement,9,degRiz°m@
8,dégriser,7,degRize
8,dégrossi,7,degRosi
9,dégrossir,8,degRosiR
13,dégrossissage,10,degRosisaZ
11,dégrouiller,7,degRuje
11,dégrèvement,9,degREv°m@
8,dégréner,7,degRene
10,déguenillé,8,dEg°nije
9,déguerpir,8,degERpiR
6,dégueu,4,deg2
11,dégueulando,8,deg2l@do
11,dégueulasse,7,deg2las
15,dégueulassement,10,deg2las°m@
12,dégueulasser,8,deg2lase
14,dégueulasserie,10,deg2las°Ri
9,dégueuler,6,deg2le
9,dégueulis,6,deg2li
11,déguisement,8,degiz°m@
8,déguiser,6,degize
7,déguisé,6,degize
11,dégustateur,10,degystat9R
11,dégustation,10,degystasj§
8,déguster,7,degyste
5,dégât,4,dega
11,dégénératif,11,deZeneRatif
12,dégénération,11,deZeneRasj§
9,dégénérer,8,deZeneRe
14,dégénérescence,11,deZeneRes@s
8,dégénéré,8,deZeneRe
7,déhaler,5,deale
12,déhanchement,7,de@S°m@
9,déhancher,5,de@Se
8,déhanché,5,de@Se
10,déhiscence,6,deis@s
8,déhotter,5,deote
7,déicide,6,deisid
11,déification,10,deifikasj§
7,déifier,6,deifje
6,déisme,5,deism
5,déité,5,deite
8,déjanter,6,deZ@te
7,déjanté,6,deZ@te
9,déjection,8,deZEksj§
6,déjeté,6,dEZ°te
8,déjeuner,6,deZ9ne
7,déjouer,5,deZwe
7,déjuger,6,deZyZe
4,déjà,4,deZa
7,déjà-vu,6,deZavy
15,dékoulakisation,13,dekulakizasj§
11,délabrement,9,delabR°m@
8,délabrer,7,delabRe
7,délabré,7,delabRe
7,délacer,6,delase
5,délai,4,delE
12,délaissement,8,delEs°m@
9,délaisser,6,delese
8,délaissé,6,delEse
9,délassant,6,delas@
11,délassement,8,delas°m@
8,délasser,6,delase
8,délateur,7,delat9R
8,délation,7,delasj§
7,délaver,6,delave
6,délavé,6,delave
8,délayage,7,delEjaZ
7,délayer,6,deleje
6,délayé,6,deleje
10,délectable,9,delEktabl
11,délectation,10,delEktasj§
8,délecter,7,delEkte
9,délestage,8,delEstaZ
8,délester,7,delEste
12,délibération,11,delibeRasj§
13,délibératoire,12,delibeRatwaR
9,délibérer,8,delibeRe
8,délibéré,8,delibeRe
12,délibérément,10,delibeRem@
7,délicat,6,delika
12,délicatement,10,delikat°m@
11,délicatesse,9,delikatEs
6,délice,5,delis
14,délicieusement,11,delisj2z°m@
9,délicieux,7,delisj2
10,délictueux,8,delikt82
6,délier,5,delje
10,délimitant,8,delimit@
12,délimitation,11,delimitasj§
9,délimiter,8,delimite
11,délinquance,7,del5k@s
10,délinquant,6,del5k@
13,déliquescence,9,delikes@s
12,déliquescent,8,delikes@
8,délirant,6,deliR@
6,délire,5,deliR
7,délirer,6,deliRe
5,délit,4,deli
10,délivrance,8,delivR@s
7,délivre,6,delivR
8,délivrer,7,delivRe
5,délié,5,delje
14,délocalisation,13,delokalizasj§
11,délocaliser,10,delOkalize
7,déloger,6,deloZe
8,déloquer,6,deloke
9,délourder,7,deluRde
7,déloyal,8,delwajal
12,déloyalement,11,delwajal°m@
9,déloyauté,9,delwajote
6,déluge,5,delyZ
6,déluré,6,delyRe
9,délustrer,8,delystRe
10,délégation,9,delegasj§
8,déléguer,6,delege
7,délégué,6,delege
15,délégué-général,13,delegeZeneRal
8,délétère,7,deletER
12,démagnétiser,10,demaNetize
6,démago,6,demago
9,démagogie,8,demagoZi
11,démagogique,9,demagoZik
9,démagogue,7,demagOg
9,démailler,6,demaje
11,démailloter,8,demajote
9,démancher,6,dem@Se
12,démangeaison,8,dem@Zez§
8,démanger,6,dem@Ze
10,démanteler,8,dem@t°le
12,démantibuler,10,dem@tibyle
13,démantèlement,10,dem@tEl°m@
12,démaquillage,9,demakijaZ
12,démaquillant,8,demakij@
11,démaquiller,8,demakije
11,démarcation,10,demaRkasj§
10,démarchage,8,demaRSaZ
8,démarche,6,demaRS
9,démarcher,7,demaRSe
10,démarcheur,8,demaRS9R
8,démarier,7,demaRje
9,démarquer,7,demaRke
9,démarrage,7,demaRaZ
8,démarrer,6,demaRe
9,démarreur,7,demaR9R
10,démasquage,8,demaskaZ
9,démasquer,7,demaske
17,dématérialisation,16,demateRjalizasj§
14,dématérialiser,14,demateRijalize
12,démembrement,9,dem@bR°m@
9,démembrer,7,dem@bRe
7,démence,5,dem@s
7,démener,5,demne
6,dément,4,dem@
7,démenti,6,dem@ti
9,démentiel,8,dem@sjEl
8,démentir,7,dem@tiR
9,démerdard,8,demERdaR
7,démerde,6,demERd
8,démerder,7,demERde
8,démesure,7,dem°zyR
8,démesuré,8,dem°zyRe
12,démesurément,10,dem°zyRem@
8,démettre,6,demEtR
16,démilitarisation,15,demilitaRizasj§
8,déminage,7,deminaZ
7,déminer,6,demine
8,démineur,7,demin9R
5,démis,4,demi
9,démission,7,demisj§
14,démissionnaire,10,demisjonER
12,démissionner,9,demisjone
8,démiurge,7,demjyRZ
14,démobilisateur,13,demobilizat9R
14,démobilisation,13,demobilizasj§
11,démobiliser,10,demobilize
10,démobilisé,10,demobilize
9,démocrate,8,demokRat
18,démocrate-chrétien,14,demokRatkRetj5
10,démocratie,9,demokRasi
12,démocratique,10,demokRatik
16,démocratiquement,13,demokRatik°m@
15,démocratisation,14,demokRatizasj§
12,démocratiser,11,demokRatize
7,démoder,6,demode
12,démodulateur,11,demodylat9R
6,démodé,6,demode
11,démographie,9,demogRafi
13,démographique,10,demogRafik
17,démographiquement,13,demogRafik°m@
7,démolir,7,demoliR
11,démolisseur,9,demolis9R
10,démolition,9,demolisj§
5,démon,4,dem§
10,démoniaque,8,demonjak
14,démoniaquement,11,demOnjak°m@
9,démonique,7,demOnik
11,démonologie,10,demonoloZi
11,démonomanie,10,demonomani
13,démonstrateur,11,dem§stRat9R
12,démonstratif,11,dem§stRatif
13,démonstration,11,dem§stRasj§
17,démonstrativement,14,dem§stRativ°m@
10,démontable,8,dem§tabl
9,démontage,7,dem§taZ
12,démonte-pneu,8,dem§tpn2
8,démonter,6,dem§te
11,démontrable,9,dem§tRabl
9,démontrer,7,dem§tRe
7,démonté,6,dem§te
12,démoralisant,10,demoRaliz@
14,démoralisateur,13,demORalizat9R
14,démoralisation,13,demoRalizasj§
11,démoraliser,10,demoRalize
10,démoralisé,10,demoRalize
8,démordre,7,demORdR
9,démotique,7,demotik
12,démotivation,11,demotivasj§
9,démotiver,8,demOtive
8,démouler,6,demule
16,démultiplicateur,15,demyltiplikat9R
16,démultiplication,15,demyltiplikasj§
12,démultiplier,12,demyltiplije
6,démuni,6,demyni
7,démunir,7,demyniR
8,démurger,7,demyRZe
9,démuseler,8,demyz°le
15,démystificateur,14,demistifikat9R
15,démystification,14,demistifikasj§
11,démystifier,10,demistifje
7,démâter,6,demate
12,déménagement,10,demenaZ°m@
9,déménager,8,demenaZe
10,déménageur,9,demenaZ9R
8,démérite,7,demeRit
9,démériter,8,demeRite
8,démêlage,7,demElaZ
8,démêlant,6,demEl@
7,démêler,6,demele
8,démêloir,8,demElwaR
10,dénatalité,10,denatalite
12,dénaturation,11,denatyRasj§
9,dénaturer,8,denatyRe
8,dénaturé,8,denatyRe
14,dénazification,13,denazifikasj§
10,dénazifier,9,denazifje
11,déneigement,8,denEZ°m@
8,déneiger,6,denEZe
11,dénervation,10,den2Rvasj§
4,déni,4,deni
12,déniaisement,9,denjEz°m@
9,déniaiser,7,denjeze
8,dénicher,6,deniSe
9,dénicheur,7,deniS9R
6,dénier,5,denje
9,dénigrant,7,denigR@
11,dénigrement,9,denigR°m@
8,dénigrer,7,denigRe
13,dénivellation,11,denivElasj§
8,dénivelé,8,deniv°le
12,dénombrement,9,den§bR°m@
9,dénombrer,7,den§bRe
12,dénominateur,11,denominat9R
11,dénominatif,11,denominatif
12,dénomination,11,denominasj§
9,dénominer,8,denOmine
8,dénommer,6,denome
7,dénommé,6,denome
8,dénoncer,6,den§se
12,dénonciateur,10,den§sjat9R
12,dénonciation,10,den§sjasj§
7,dénoter,6,denote
10,dénouement,6,denum@
7,dénouer,5,denwe
10,dénoyauter,9,denwajote
11,dénoyauteur,10,denwajot9R
10,dénudation,9,denydasj§
7,dénuder,6,denyde
6,dénudé,6,denyde
9,dénuement,6,denym@
5,dénué,5,den8e
10,dénégation,9,denegasj§
9,déodorant,7,deodoR@
11,déontologie,9,de§toloZi
13,déontologique,10,de§toloZik
9,dépannage,7,depanaZ
8,dépanner,6,depane
9,dépanneur,7,depan9R
11,dépareiller,8,depaREje
10,dépareillé,8,depaREje
7,déparer,6,depaRe
8,déparler,7,depaRle
6,départ,5,depaR
10,départager,9,depaRtaZe
11,département,9,depaRt°m@
13,départemental,12,depaRt°m@tal
14,départementale,12,depaRt°m@tal
8,départir,8,depaRtiR
9,dépassant,6,depas@
11,dépassement,8,depas°m@
8,dépasser,6,depase
7,dépassé,6,depase
12,dépatouiller,8,depatuje
7,dépaver,6,depave
9,dépaysant,7,depeiz@
11,dépaysement,9,depeiz°m@
8,dépayser,7,depeize
7,dépecer,6,dep°se
8,dépeceur,7,dep°s9R
9,dépeindre,6,dep5dR
7,dépeint,4,dep5
14,dépenaillement,10,dep°naj°m@
10,dépenaillé,8,dep°naje
10,dépendance,7,dep@d@s
9,dépendant,6,dep@d@
9,dépendeur,7,dep@d9R
8,dépendre,6,dep@dR
6,dépens,4,dep@
7,dépense,5,dep@s
8,dépenser,6,dep@se
9,dépensier,7,dep@sje
11,déperdition,10,depERdisj§
18,dépersonnalisation,16,depERsOnalizasj§
15,dépersonnaliser,13,depERsonalize
9,dépeupler,7,dep9ple
8,dépeuplé,7,dep9ple
8,dépeçage,7,dep°saZ
9,déphasage,7,defazaZ
7,déphasé,6,defaze
9,dépiauter,7,depjote
14,dépigmentation,12,depigm@tasj§
11,dépilatoire,10,depilatwaR
7,dépiler,6,depile
9,dépiquage,7,depikaZ
8,dépiquer,6,depike
9,dépistage,8,depistaZ
8,dépister,7,depiste
5,dépit,4,depi
7,dépiter,6,depite
6,dépité,6,depite
11,déplacement,9,deplas°m@
8,déplacer,7,deplase
7,déplacé,7,deplase
8,déplaire,6,deplER
10,déplaisant,7,deplEz@
9,déplaisir,8,depleziR
10,déplantoir,9,depl@twaR
9,dépliable,9,deplijabl
8,dépliant,7,deplij@
10,dépliement,7,deplim@
7,déplier,7,deplije
9,déplisser,7,deplise
11,déploiement,8,deplwam@
10,déplorable,9,deploRabl
14,déplorablement,12,deploRabl°m@
11,déploration,10,deploRasj§
8,déplorer,7,deploRe
8,déployer,8,deplwaje
7,déployé,8,deplwaje
8,déplumer,7,deplyme
7,déplumé,7,deplyme
8,dépoiler,7,depwale
12,dépoitraillé,10,depwatRaje
6,dépoli,6,depoli
9,dépolluer,7,depOl8e
11,dépollution,9,depOlysj§
12,dépopulation,11,depopylasj§
6,déport,5,depOR
11,déportation,10,depORtasj§
8,déporter,7,depORte
7,déporté,7,depORte
8,déposant,6,depoz@
6,dépose,5,depoz
7,déposer,6,depoze
11,dépositaire,9,depozitER
10,déposition,9,depozisj§
12,dépossession,9,deposesj§
10,déposséder,8,deposede
7,dépoter,6,depote
8,dépotoir,8,depotwaR
9,dépoudrer,7,depudRe
11,dépouillage,7,depujaZ
9,dépouille,5,depuj
13,dépouillement,8,depuj°m@
10,dépouiller,6,depuje
9,dépouillé,6,depuje
8,dépourvu,7,depuRvy
13,dépoussiérage,10,depusjeRaZ
12,dépoussiérer,9,depusjeRe
11,dépravation,10,depRavasj§
8,dépraver,7,depRave
7,dépravé,7,depRave
9,déprendre,7,depR@dR
9,dépressif,8,depResif
10,dépression,8,depResj§
15,dépressionnaire,11,depREsjonER
16,dépressurisation,14,depREsyRizasj§
13,dépressuriser,11,depResyRize
9,déprimant,7,depRim@
7,déprime,6,depRim
8,déprimer,7,depRime
7,déprimé,7,depRime
15,déprogrammation,13,depROgRamasj§
12,déprogrammer,10,depRogRame
12,dépréciation,11,depResjasj§
9,déprécier,8,depResje
11,déprédateur,10,depRedat9R
11,déprédation,10,depRedasj§
10,dépucelage,9,depys°laZ
9,dépuceler,8,depys°le
10,dépuceleur,9,depys°l9R
10,députation,9,depytasj§
7,députer,6,depyte
6,député,6,depyte
12,député-maire,9,depytemER
11,dépénaliser,10,depenalize
7,dépérir,7,depeRiR
13,dépérissement,10,depeRis°m@
7,dépêche,5,depES
8,dépêcher,6,depeSe
8,dépêtrer,7,depetRe
5,dépôt,4,depo
11,dépôt-vente,7,depov@t
11,déqualifier,9,dekalifje
9,déquiller,6,dekije
10,déracinant,8,deRasin@
12,déracinement,10,deRasin°m@
9,déraciner,8,deRasine
8,déraciné,8,deRasine
12,déraillement,8,deRaj°m@
9,dérailler,6,deRaje
10,dérailleur,7,deRaj9R
8,déraison,6,deREz§
13,déraisonnable,10,deREzonabl
17,déraisonnablement,13,deREzonabl°m@
11,déraisonner,8,deREzone
10,dérangeant,6,deR@Z@
11,dérangement,8,deR@Z°m@
8,déranger,6,deR@Ze
7,dérangé,6,deR@Ze
8,dérapage,7,deRapaZ
7,déraper,6,deRape
12,dératisation,11,deRatizasj§
9,dératiser,8,deRatize
6,dératé,6,deRate
7,dérayer,6,deReje
20,déresponsabilisation,18,deREsp§sabilizasj§
7,dérider,6,deRide
8,dérision,7,deRizj§
9,dérisoire,8,deRizwaR
13,dérisoirement,11,deRizwaR°m@
8,dérivant,6,deRiv@
9,dérivatif,9,deRivatif
10,dérivation,9,deRivasj§
6,dérive,5,deRiv
7,dériver,6,deRive
8,dériveur,7,deRiv9R
6,dérivé,6,deRive
8,dérobade,7,deRobad
7,dérober,6,deRobe
6,dérobé,6,deRobe
10,dérogation,9,deRogasj§
11,dérogatoire,10,deROgatwaR
7,déroger,6,deRoZe
13,dérouillement,8,deRuj°m@
10,dérouiller,6,deRuje
10,dérouillée,6,deRuje
9,déroulant,6,deRul@
11,déroulement,8,deRul°m@
8,dérouler,6,deRule
9,dérouleur,7,deRul9R
9,déroutage,7,deRutaZ
9,déroutant,6,deRut@
7,déroute,5,deRut
11,déroutement,8,deRut°m@
8,dérouter,6,deRute
11,dérèglement,9,deREgl°m@
9,déréglage,8,deReglaZ
16,déréglementation,14,deRegl°m@tasj§
8,dérégler,7,deRegle
7,déréglé,7,deRegle
12,dérégulation,11,deRegylasj§
9,déréguler,8,deRegyle
11,déréliction,10,deReliksj§
12,désabusement,10,dezabyz°m@
9,désabuser,8,dezabyze
8,désabusé,8,dezabyze
9,désaccord,7,dezakOR
11,désaccorder,9,dezakORde
12,désaccoupler,9,dezakuple
13,désaccoutumer,10,dezakutyme
15,désacralisation,14,desakRalizasj§
12,désacraliser,11,desakRalize
13,désactivation,12,dezaktivasj§
10,désactiver,9,dezaktive
10,désadopter,9,dezadOpte
14,désaffectation,12,dezafEktasj§
11,désaffecter,9,dezafEkte
12,désaffection,10,dezafEksj§
10,désaffecté,9,dezafEkte
11,désagréable,10,dezagReabl
15,désagréablement,13,dezagReabl°m@
13,désagrégation,12,dezagRegasj§
10,désagréger,9,dezagReZe
11,désagrément,9,dezagRem@
14,désalinisation,13,dezalinizasj§
13,désaliénation,12,dezaljenasj§
10,désaltérer,9,dezalteRe
12,désamiantage,10,dezamj@taZ
10,désaminase,9,dezaminaz
10,désamorcer,9,dezamORse
11,désamorçage,10,dezamORsaZ
8,désamour,7,dezamuR
9,désangler,7,des@gle
7,désaper,6,desape
10,désapeurer,8,dezap9Re
15,désappointement,11,dezapw5t°m@
12,désappointer,9,dezapw5te
11,désappointé,9,dezapw5te
12,désapprendre,9,dezapR@dR
14,désapprobateur,12,dezapRobat9R
14,désapprobation,12,dezapRobasj§
12,désapprouver,9,dezapRuve
10,désargenté,9,dezaRZ@te
9,désarmant,7,dezaRm@
11,désarmement,9,dezaRm°m@
8,désarmer,7,dezaRme
7,désarmé,7,dezaRme
11,désarrimage,9,dezaRimaZ
8,désarroi,7,dezaRwa
15,désarticulation,14,dezaRtikylasj§
12,désarticuler,11,dezaRtikyle
11,désarçonner,9,dezaRsone
10,désarçonné,9,dezaRsone
12,désassembler,9,dezas@ble
8,désastre,7,dezastR
15,désastreusement,12,dezastR2z°m@
10,désastreux,8,dezastR2
11,désavantage,9,dezav@taZ
12,désavantager,10,dezav@taZe
7,désaveu,6,dezav2
8,désaveux,6,dezav2
9,désavouer,7,dezavwe
10,désaxement,9,dezaks°m@
6,désaxé,7,dezakse
12,désembourber,9,dez@buRbe
14,désembrouiller,9,dez@bRuje
9,désembuer,7,dez@b8e
10,désemparer,8,dez@paRe
9,désemparé,8,dez@paRe
15,désenchantement,10,dez@S@t°m@
12,désenchanter,8,dez@S@te
11,désenchanté,8,dez@S@te
15,désenchaînement,10,dez@SEn°m@
12,désenchaîner,8,dez@SEne
14,désenclavement,11,dez@klav°m@
12,désencrasser,9,dez@kRase
9,désenfler,7,dez@fle
13,désengagement,10,dez@gaZ°m@
10,désengager,8,dez@gaZe
10,désengluer,8,dez@glye
12,désengourdir,10,dez@guRdiR
10,désennuyer,9,dez@n8ije
11,désenrouler,8,dez@Rule
11,désensabler,9,dez@sable
17,désensibilisation,15,des@sibilizasj§
13,désensorceler,11,dez@sORs°le
11,désenvoûter,8,dez@vute
6,désert,5,dezER
8,déserter,7,dezERte
9,déserteur,8,dezERt9R
9,désertion,8,dezERsj§
10,désertique,8,dezERtik
7,déserté,7,dezERte
9,désespoir,9,dezEspwaR
12,désespérance,10,dezEspeR@s
11,désespérant,9,dezEspeR@
10,désespérer,9,dezEspeRe
9,désespéré,9,dezEspeRe
13,désespérément,11,dezEspeRem@
12,déshabillage,9,dezabijaZ
19,déshabillage-éclair,14,dezabijaZeklER
11,déshabiller,8,dezabije
10,déshabillé,8,dezabije
9,déshabité,8,dezabite
11,désharmonie,9,dezaRmoni
10,désherbage,8,dezERbaZ
10,désherbant,7,dezERb@
9,désherber,7,dezERbe
10,déshonneur,7,dezon9R
10,déshonnête,7,dezonEt
11,déshonorant,8,dezonoR@
10,déshonorer,8,dezonoRe
15,déshumanisation,13,dezymanizasj§
12,déshumaniser,10,dezymanize
17,déshumidification,15,dezymidifikasj§
14,déshydratation,12,dezidRatasj§
11,déshydrater,9,dezidRate
10,déshydraté,9,dezidRate
10,déshérence,7,dezeR@s
10,déshériter,8,dezeRite
9,déshérité,8,dezeRite
11,désignation,9,deziNasj§
8,désigner,6,deziNe
7,désigné,6,deziNe
11,désillusion,9,dezilyzj§
17,désillusionnement,13,dezilyzjOn°m@
14,désillusionner,11,dezilyzjone
16,désincarcération,14,dez5kaRseRasj§
14,désincarnation,12,dez5kaRnasj§
11,désincarner,9,dez5kaRne
10,désincarné,9,dez5kaRne
12,désincruster,10,dez5kRyste
20,désindividualisation,18,dez5divid8alizasj§
9,désinence,7,dezin@s
12,désinfectant,9,dez5fEkt@
11,désinfecter,9,dez5fEkte
12,désinfection,10,dez5fEksj§
14,désinformation,12,dez5fORmasj§
11,désinformer,9,dez5fORme
16,désinsectisation,14,dez5sektizasj§
13,désinsectiser,11,dez5sEktize
12,désinstaller,9,dez5stale
19,désintellectualiser,16,dez5tElEktyalize
15,désintoxication,14,dez5tOksikasj§
13,désintoxiquer,11,dez5tOksike
14,désintégrateur,12,dez5tegRat9R
14,désintégration,12,dez5tegRasj§
11,désintégrer,9,dez5tegRe
16,désintéressement,12,dez5teREs°m@
13,désintéresser,10,dez5teRese
12,désintéressé,10,dez5teRese
10,désintérêt,8,dez5teRE
10,désinviter,8,dez5vite
10,désinvolte,8,dez5vOlt
12,désinvolture,10,dez5vOltyR
5,désir,5,deziR
12,désirabilité,12,deziRabilite
9,désirable,8,deziRabl
8,désirant,6,deziR@
7,désirer,6,deziRe
8,désireux,6,deziR2
6,désiré,6,deziRe
11,désistement,9,dezist°m@
8,désister,7,deziste
13,désobligeance,10,dezobliZ@s
12,désobligeant,9,dezobliZ@
10,désobliger,9,dezobliZe
8,désobéir,8,dezobeiR
13,désobéissance,10,dezobeis@s
12,désobéissant,9,dezobeis@
12,désodorisant,10,dezodoRiz@
11,désodoriser,10,dezodoRize
6,désodé,6,dezode
9,désoeuvre,6,dez9vR
13,désoeuvrement,9,dez9vR°m@
9,désoeuvré,7,dez9vRe
8,désolant,6,dezol@
10,désolation,9,dezolasj§
7,désoler,6,dezole
13,désolidariser,12,desolidaRize
6,désolé,6,dezole
10,désopilant,8,dezopil@
13,désorbitation,12,dezORbitasj§
10,désorbiter,9,dezORbite
10,désordonné,9,dezORdone
14,désordonnément,11,dezORdonem@
8,désordre,7,dezORdR
15,désorganisateur,14,dezORganizat9R
15,désorganisation,14,dezORganizasj§
12,désorganiser,11,dezORganize
14,désorientation,12,dezoRj@tasj§
11,désorienter,9,dezoRj@te
10,désorienté,9,dezoRj@te
9,désormais,7,dezORmE
9,désossage,7,dezosaZ
11,désossement,8,dezOs°m@
8,désosser,6,dezose
9,désosseur,7,dezos9R
14,désoxygénation,14,dezOksiZenasj§
19,désoxyribonucléique,18,dezOksiRibonykleik
18,déspiritualisation,17,despiRit8alizasj§
15,déspiritualiser,14,despiRit8alize
13,déstabilisant,11,destabiliz@
15,déstabilisation,14,destabilizasj§
12,déstabiliser,11,destabilize
15,déstalinisation,14,destalinizasj§
10,déstockage,8,destOkaZ
15,déstructuration,14,destRyktyRasj§
12,déstructurer,11,destRyktyRe
15,désubjectiviser,14,desybZEktivize
6,désuet,5,dez8E
6,désuni,6,dezyni
8,désunion,7,dezynj§
7,désunir,7,dezyniR
9,désuétude,8,des8etyd
17,désynchronisation,14,des5kROnizasj§
13,déségrégation,12,desegRegasj§
11,désépaissir,9,dezepesiR
12,déséquilibre,10,dezekilibR
13,déséquilibrer,11,dezekilibRe
12,déséquilibré,11,dezekilibRe
10,déséquiper,8,dezekipe
10,détachable,8,detaSabl
9,détachant,6,detaS@
11,détachement,8,detaS°m@
8,détacher,6,detaSe
9,détacheur,7,detaS9R
7,détaché,6,detaSe
6,détail,5,detaj
10,détaillant,6,detaj@
9,détailler,6,detaje
8,détaillé,6,detaje
7,détaler,6,detale
10,détalonner,8,detalOne
10,détartrage,9,detaRtRaZ
10,détartrant,8,detaRtR@
6,détaxe,6,detaks
10,détectable,9,detEktabl
8,détecter,7,detEkte
9,détecteur,8,detEkt9R
9,détection,8,detEksj§
9,détective,8,detEktiv
17,détective-conseil,13,detEktivk§sEj
9,déteindre,6,det5dR
8,dételage,7,det°laZ
7,dételer,6,det°le
9,détendeur,7,det@d9R
8,détendre,6,det@dR
7,détendu,6,det@dy
7,détenir,7,dEt°niR
7,détente,5,det@t
9,détenteur,7,det@t9R
9,détention,7,det@sj§
6,détenu,6,dEt°ny
9,détergent,7,detERZ@
11,déterminant,9,detERmin@
13,détermination,12,detERminasj§
10,déterminer,9,detERmine
12,déterminisme,11,detERminizm
12,déterministe,11,detERminist
9,déterminé,9,detERmine
13,déterminément,11,detERminem@
9,déterrage,7,detERaZ
8,déterrer,6,deteRe
9,déterreur,7,detER9R
7,déterré,6,deteRe
10,détestable,9,detEstabl
14,détestablement,12,detEstabl°m@
11,détestation,10,detEstasj§
8,détester,7,detEste
7,détesté,7,detEste
8,détonant,6,deton@
10,détonateur,9,detonat9R
10,détonation,9,detonasj§
7,détoner,6,detone
8,détonner,6,detone
6,détour,5,detuR
9,détourage,7,detuRaZ
12,détournement,9,detuRn°m@
9,détourner,7,detuRne
10,détourneur,8,detuRn9R
8,détourné,7,detuRne
10,détracteur,9,detRakt9R
12,détraquement,9,detRak°m@
9,détraquer,7,detRake
8,détraqué,7,detRake
8,détrempe,6,detR@p
9,détremper,7,detR@pe
8,détresse,6,detREs
10,détricoter,9,detRikote
9,détriment,7,detRim@
8,détritus,8,detRitys
7,détroit,6,detRwa
9,détromper,7,detR§pe
10,détroncher,7,detR§Se
10,détrousser,7,detRuse
11,détrousseur,8,detRus9R
8,détruire,7,detR8iR
11,détrônement,9,detRon°m@
8,détrôner,7,detRone
7,détrôné,7,detRone
13,détérioration,12,deteRjoRasj§
10,détériorer,9,deteRjoRe
10,dévalement,8,deval°m@
7,dévaler,6,devale
9,dévaliser,8,devalize
12,dévalorisant,10,devalORiz@
14,dévalorisation,13,devaloRizasj§
11,dévaloriser,10,devaloRize
11,dévaluation,10,deval8asj§
8,dévaluer,7,deval8e
11,dévastateur,10,devastat9R
11,dévastation,10,devastasj§
8,dévaster,7,devaste
7,dévasté,7,devaste
7,déveine,5,devEn
13,développement,10,dev°lOp°m@
10,développer,8,dev°lope
11,développeur,9,dev°lop9R
9,développé,8,dev°lope
10,développée,8,dev°lope
8,déventer,6,dev@te
12,dévergondage,10,devERg§daZ
11,dévergonder,9,devERg§de
10,dévergondé,9,devERg§de
8,dévernir,8,devERniR
14,déverrouillage,9,devERujaZ
13,déverrouiller,8,devERuje
9,déversant,7,devERs@
11,déversement,9,devERs°m@
8,déverser,7,devERse
9,déversoir,9,devERswaR
8,déviance,6,devj@s
7,déviant,5,devj@
9,déviateur,8,devjat9R
9,déviation,8,devjasj§
14,déviationnisme,12,devjasjonizm
14,déviationniste,12,devjasjonist
7,dévider,6,devide
8,dévideur,7,devid9R
8,dévidoir,8,devidwaR
6,dévier,5,devje
12,dévirginiser,11,deviRZinize
14,dévirilisation,13,deviRilizasj§
9,dévisager,8,devizaZe
10,dévissable,8,devisabl
9,dévissage,7,devisaZ
8,dévisser,6,devise
7,dévissé,6,devise
14,dévitalisation,13,devitalizasj§
11,dévitaliser,10,devitalize
10,dévoiement,7,devwam@
9,dévoilant,7,devwal@
11,dévoilement,9,devwal°m@
8,dévoiler,7,devwale
6,dévolu,6,devoly
10,dévolution,9,devolysj§
8,dévonien,7,devonj5
8,dévorant,6,devoR@
10,dévorateur,9,devoRat9R
10,dévoration,9,devoRasj§
7,dévorer,6,devoRe
8,dévoreur,7,devoR9R
5,dévot,4,devo
10,dévotement,8,devOt°m@
14,dévotieusement,11,devosj2z°m@
8,dévotion,7,devosj§
10,dévouement,6,devum@
7,dévouer,5,devwe
6,dévoué,5,devwe
7,dévoyer,7,devwaje
6,dévoyé,7,devwaje
7,dévêtir,7,devetiR
9,dézinguer,6,dez5ge
4,déçu,4,desy
4,dîme,3,dim
9,dînatoire,8,dinatwaR
5,dîner,4,dine
7,dînette,5,dinEt
6,dîneur,5,din9R
4,dôle,3,dol
4,dôme,3,dom
2,dû,2,dy
6,dûment,4,dym@
1,e,1,2
10,e-commerce,7,ikomERs
6,e-mail,5,imEjl
10,east river,8,istRiv9R
3,eau,1,o
10,eau-de-vie,5,od°vi
9,eau-forte,5,ofORt
10,eau-minute,6,ominyt
11,eaux-fortes,5,ofORt
9,ecce homo,7,EtSeomo
9,ecchymose,6,ekimoz
9,ecchymosé,7,ekimoze
14,ecclésiastique,11,eklezjastik
5,ecsta,5,2ksta
7,ecstasy,7,Ekstazi
7,ectasie,6,2ktazi
7,ecthyma,6,Ektima
12,ectodermique,10,EktOdERmik
7,ectopie,6,EktOpi
9,ectopique,7,EktOpik
10,ectoplasme,9,Ektoplasm
13,ectoplasmique,11,Ektoplasmik
6,eczéma,6,Egzema
10,eczémateux,8,Egzemat2
9,edelweiss,8,edElvajs
10,effacement,7,efas°m@
7,effacer,5,efase
8,effaceur,6,efas9R
6,effacé,5,efase
8,effarant,5,efaR@
10,effarement,7,efaR°m@
7,effarer,5,efaRe
14,effarouchement,9,efaRuS°m@
11,effaroucher,7,efaRuSe
10,effarouché,7,efaRuSe
10,effarvatte,7,efaRvat
6,effaré,5,efaRe
9,effaçable,7,efasabl
8,effaçage,6,efasaZ
8,effectif,7,efEktif
13,effectivement,10,efEktiv°m@
11,effectivité,10,efEktivite
9,effectuer,7,efEkt8e
7,effendi,5,ef5di
13,effervescence,9,efERves@s
12,effervescent,8,efERves@
5,effet,3,efE
11,effeuillage,6,ef9jaZ
10,effeuiller,5,ef9je
8,efficace,6,efikas
12,efficacement,9,efikas°m@
10,efficacité,9,efikasite
10,efficience,7,efisj@s
9,efficient,6,efisj@
7,effigie,5,efiZi
10,effilement,7,efil°m@
7,effiler,5,efile
11,effilochage,8,efiloSaZ
10,effilocher,7,efiloSe
11,effilochure,8,efiloSyR
8,effilure,6,efilyR
6,effilé,5,efile
9,efflanqué,6,efl@ke
10,effleurage,7,efl9RaZ
12,effleurement,8,efl9R°m@
9,effleurer,6,efl9Re
13,efflorescence,9,efloRes@s
8,effluent,5,efly@
7,effluve,5,eflyv
12,effondrement,8,ef§dR°m@
9,effondrer,6,ef§dRe
8,effondré,6,ef§dRe
8,efforcer,6,efORse
6,effort,4,efOR
10,effraction,8,efRaksj§
7,effraie,4,efRE
12,effrayamment,8,efREjam@
9,effrayant,6,efREj@
8,effrayer,6,efREje
7,effrayé,6,efREje
11,effritement,8,efRit°m@
8,effriter,6,efRite
6,effroi,5,efRwa
11,effronterie,8,efR§t°Ri
8,effronté,6,efR§te
12,effrontément,8,efR§tem@
10,effroyable,9,efRwajabl
14,effroyablement,12,efRwajabl°m@
7,effréné,6,efRene
8,effusion,6,efyzj§
13,effusionniste,10,efyzjonist
8,efféminé,7,efemine
5,efrit,5,EfRit
3,ego,3,ego
2,eh,1,e
5,eider,4,edER
9,eidétique,6,Edetik
8,eldorado,8,EldoRado
4,elfe,3,Elf
4,elle,2,El
9,elle-même,5,ElmEm
5,elles,2,El
11,elles-mêmes,5,ElmEm
7,ellipse,5,elips
10,ellipsoïde,8,elipsoid
10,elliptique,7,eliptik
8,ellébore,6,elebOR
7,elzévir,7,ElzeviR
11,embabouiner,8,@babwine
9,emballage,6,@balaZ
11,emballement,7,@bal°m@
8,emballer,5,@bale
9,emballeur,6,@bal9R
7,emballé,5,@bale
11,embarcadère,9,@baRkadER
11,embarcation,9,@baRkasj§
8,embardée,6,@baRde
7,embargo,6,@baRgo
12,embarquement,8,@baRk°m@
9,embarquer,6,@baRke
8,embarras,5,@baRa
12,embarrassant,7,@baRas@
11,embarrasser,7,@baRase
10,embarrassé,7,@baRase
9,embarrure,6,@baRyR
6,embase,4,@baz
11,embastiller,8,@bastije
10,embauchage,6,@boSaZ
8,embauche,4,@boS
9,embaucher,5,@boSe
10,embauchoir,7,@boSwaR
9,embaumant,5,@bom@
11,embaumement,7,@bom°m@
8,embaumer,5,@bome
9,embaumeur,6,@bom9R
8,embellie,5,@bEli
8,embellir,6,@beliR
14,embellissement,9,@belis°m@
14,emberlificoter,12,@bERlifikote
13,emberlificoté,12,@bERlifikote
13,emberlucoquer,10,@bERlykoke
8,emblaver,6,@blave
9,emblavure,7,@blavyR
7,emblème,5,@blEm
12,emblématique,9,@blematik
11,embobeliner,9,@bOb°line
9,embobiner,7,@bobine
6,embole,4,@bOl
7,embolie,5,@boli
9,embolique,6,@bOlik
10,embonpoint,6,@b§pw5
8,embosser,5,@bose
8,embouche,4,@buS
9,emboucher,5,@buSe
10,embouchoir,7,@buSwaR
10,embouchure,6,@buSyR
8,embouché,5,@buSe
9,embouquer,5,@buke
9,embourber,6,@buRbe
8,embourbé,6,@buRbe
16,embourgeoisement,11,@buRZwaz°m@
13,embourgeoiser,9,@buRZwaze
12,embourgeoisé,9,@buRZwaze
6,embout,3,@bu
13,embouteillage,8,@butEjaZ
12,embouteiller,7,@buteje
7,embouti,5,@buti
8,emboutir,6,@butiR
12,emboutisseur,8,@butis9R
9,emboîtage,7,@bwataZ
11,emboîtement,8,@bwat°m@
8,emboîter,6,@bwate
13,embranchement,8,@bR@S°m@
9,embraquer,6,@bRake
11,embrasement,8,@bRaz°m@
8,embraser,6,@bRaze
10,embrassade,7,@bRasad
10,embrassant,6,@bRas@
8,embrasse,5,@bRas
12,embrassement,8,@bRas°m@
9,embrasser,6,@bRase
10,embrasseur,7,@bRas9R
8,embrassé,6,@bRase
9,embrasure,7,@bRazyR
7,embrasé,6,@bRaze
9,embrayage,7,@bREjaZ
8,embrayer,6,@bReje
9,embrigadé,8,@bRigade
10,embringuer,6,@bR5ge
11,embrocation,9,@bRokasj§
9,embrocher,6,@bRoSe
12,embrouillage,7,@bRujaZ
14,embrouillamini,10,@bRujamini
10,embrouille,5,@bRuj
14,embrouillement,8,@bRuj°m@
11,embrouiller,6,@bRuje
12,embrouilleur,7,@bRuj9R
10,embrouillé,6,@bRuje
14,embroussailler,8,@bRusaje
13,embroussaillé,8,@bRusaje
8,embruiné,7,@bR8ine
8,embrumer,6,@bRyme
7,embrumé,6,@bRyme
6,embrun,4,@bR1
11,embryologie,10,@bRijoloZi
13,embryologiste,12,@bRijOlOZist
7,embryon,6,@bRij§
12,embryonnaire,9,@bRijonER
4,embu,3,@by
6,embuer,4,@b8e
9,embuscade,7,@byskad
9,embusquer,6,@byske
8,embusqué,6,@byske
5,embué,4,@b8e
7,embâcle,5,@bakl
8,embêtant,5,@bEt@
10,embêtement,7,@bEt°m@
7,embêter,5,@bete
6,embêté,5,@bEte
7,embûche,4,@byS
9,emergency,10,im9RdZansi
11,emmagasiner,9,@magazine
14,emmaillotement,9,@majOt°m@
11,emmailloter,7,@majote
10,emmailloté,7,@majote
10,emmanchage,6,@m@SaZ
9,emmancher,5,@m@Se
10,emmanchure,6,@m@SyR
7,emmener,5,@m°ne
8,emmental,6,em5tal
9,emmenthal,6,em@tal
9,emmerdant,6,@mERd@
7,emmerde,5,@mERd
11,emmerdement,8,@mERd°m@
8,emmerder,6,@mERde
9,emmerdeur,7,@mERd9R
4,emmi,3,@mi
11,emmitoufler,8,@mitufle
10,emmitouflé,8,@mitufle
10,emmurement,7,@myR°m@
7,emmurer,5,@myRe
6,emmuré,5,@myRe
12,emménagement,9,@menaZ°m@
9,emménager,7,@menaZe
10,emmêlement,7,@mEl°m@
7,emmêler,5,@mele
6,emmêlé,5,@mele
8,empaffer,5,@pafe
7,empaffé,5,@pafe
9,empailler,5,@paje
10,empailleur,6,@paj9R
8,empaillé,5,@paje
10,empalement,7,@pal°m@
7,empaler,5,@pale
6,empalé,5,@pale
5,empan,3,@p@
9,empanaché,7,@panaSe
8,empanner,5,@pane
11,empapaouter,8,@papaute
11,empaquetage,8,@pak°taZ
10,empaqueter,7,@pak°te
11,empaqueteur,8,@pak°t9R
9,empaqueté,7,@pak°te
7,emparer,5,@paRe
8,empathie,5,@pati
10,empathique,6,@patik
11,empattement,7,@pat°m@
8,empaumer,5,@pome
9,empaumure,6,@pomyR
8,empeigne,4,@pEN
9,empennage,6,@p°naZ
7,empenne,4,@pEn
8,empereur,6,@p°R9R
8,emperler,6,@pERle
7,emperlé,6,@pERle
8,empesage,6,@p°zaZ
8,empester,6,@pEste
6,empesé,5,@p°ze
7,emphase,4,@faz
10,emphatique,6,@fatik
14,emphatiquement,9,@fatik°m@
9,emphysème,6,@fizEm
10,empierrage,7,@pjeRaZ
12,empierrement,8,@pjER°m@
9,empierrer,6,@pjERe
8,empierré,6,@pjeRe
9,empiffrer,6,@pifRe
8,empilage,6,@pilaZ
10,empilement,7,@pil°m@
7,empiler,5,@pile
6,empire,4,@piR
7,empirer,5,@piRe
9,empirique,6,@piRik
13,empiriquement,9,@piRik°m@
9,empirisme,7,@piRizm
11,empiècement,8,@pjEs°m@
11,empiétement,8,@pjEt°m@
8,empiéter,6,@pjete
11,emplacement,8,@plas°m@
11,emplafonner,8,@plafone
10,emplanture,7,@pl@tyR
8,emplette,5,@plEt
5,empli,4,@pli
6,emplir,5,@pliR
6,emploi,5,@plwa
8,employer,7,@plwaje
9,employeur,8,@plwaj9R
7,employé,7,@plwaje
7,emplumé,6,@plyme
10,emplâtrage,8,@platRaZ
8,emplâtre,6,@platR
9,emplâtrer,7,@platRe
8,empocher,5,@poSe
10,empoignade,7,@pwaNad
10,empoignant,6,@pwaN@
8,empoigne,5,@pwaN
9,empoigner,6,@pwaNe
8,empoiler,6,@pwale
6,empois,4,@pwa
12,empoisonnant,8,@pwazon@
14,empoisonnement,10,@pwazOn°m@
11,empoisonner,8,@pwazone
12,empoisonneur,9,@pwazon9R
9,empoisser,6,@pwase
12,empoissonner,8,@pwasone
8,emporium,7,@poRjOm
6,emport,4,@pOR
13,emporte-pièce,10,@pORt°pjEs
11,emportement,8,@pORt°m@
8,emporter,6,@pORte
7,emporté,6,@pORte
6,empoté,5,@pote
10,empourprer,7,@puRpRe
11,empoussiéré,8,@pusjeRe
8,empreint,4,@pR5
9,empreinte,5,@pR5t
12,empressement,8,@pREs°m@
9,empresser,6,@pREse
8,empressé,6,@pRese
7,emprise,5,@pRiz
14,emprisonnement,10,@pRizOn°m@
11,emprisonner,8,@pRizone
10,emprisonné,8,@pRizone
7,emprunt,4,@pR1
9,emprunter,6,@pR1te
10,emprunteur,7,@pR1t9R
8,emprunté,6,@pR1te
8,empuanti,6,@p8@ti
9,empuantir,7,@p8@tiR
7,empyrée,5,@piRe
10,empâtement,7,@pat°m@
7,empâter,5,@pate
6,empâté,5,@pate
11,empêchement,7,@pES°m@
8,empêcher,5,@peSe
9,empêcheur,6,@pES9R
7,empêché,5,@peSe
8,empêtrer,6,@petRe
7,empêtré,6,@petRe
2,en,1,@
11,en catimini,9,@katimini
10,en loucedé,6,@lusde
11,en tapinois,8,@tapinwa
8,en-avant,5,@nav@
6,en-but,4,@byt
6,en-cas,3,@ka
8,en-cours,4,@kuR
9,en-dehors,5,@d2OR
7,en-tête,4,@tEt
9,encablure,7,@kablyR
9,encadrant,6,@kadR@
11,encadrement,8,@kadR°m@
8,encadrer,6,@kadRe
9,encadreur,7,@kadR9R
7,encadré,6,@kadRe
7,encager,5,@kaZe
6,encagé,5,@kaZe
11,encaissable,7,@kEsabl
10,encaissant,5,@kEs@
8,encaisse,4,@kEs
12,encaissement,7,@kEs°m@
9,encaisser,5,@kese
10,encaisseur,6,@kEs9R
8,encaissé,5,@kese
9,encalminé,8,@kalmine
14,encanaillement,9,@kanaj°m@
11,encanailler,7,@kanaje
10,encapsuler,8,@kapsyle
12,encapuchonné,9,@kapySone
6,encart,4,@kaR
9,encartage,7,@kaRtaZ
8,encarter,6,@kaRte
5,encas,3,@ka
10,encaserner,8,@kazERne
12,encastrement,9,@kastR°m@
9,encastrer,7,@kastRe
8,encastré,7,@kastRe
11,encaustique,7,@kostik
12,encaustiquer,8,@kostike
11,encaustiqué,8,@kostike
7,encaver,5,@kave
8,enceinte,4,@s5t
9,enceinter,5,@s5te
13,encellulement,9,@sElyl°m@
6,encens,3,@s@
11,encensement,7,@s@s°m@
8,encenser,5,@s@se
9,encensoir,7,@s@swaR
12,encerclement,9,@sERkl°m@
9,encercler,7,@sERkle
12,enchantement,7,@S@t°m@
9,enchanter,5,@S@te
10,enchanteur,6,@S@t9R
8,enchanté,5,@S@te
12,enchaînement,7,@SEn°m@
9,enchaîner,5,@Sene
8,enchaîné,5,@Sene
14,enchevêtrement,10,@S°vEtR°m@
10,enchevêtré,8,@S°vEtRe
10,enchrister,7,@kRiste
9,enchtiber,5,@tibe
9,enchâsser,5,@Sase
8,enchâssé,5,@Sase
7,enchère,4,@SER
8,enchérir,6,@SeRiR
12,enchérisseur,8,@SeRis9R
7,enclave,5,@klav
7,enclavé,6,@klave
9,enclenche,5,@kl@S
13,enclenchement,8,@kl@S°m@
10,enclencher,6,@kl@Se
9,enclenché,6,@kl@Se
6,enclin,4,@kl5
11,encliqueter,8,@klik°te
7,enclore,5,@klOR
6,enclos,4,@klo
9,enclosure,7,@klozyR
8,enclouer,5,@klue
10,encloîtrer,8,@klwatRe
7,enclume,5,@klym
7,encoche,4,@kOS
10,encoconner,7,@kokone
8,encodage,6,@kodaZ
7,encoder,5,@kode
8,encodeur,6,@kod9R
10,encoignure,6,@kONyR
9,encollage,6,@kolaZ
8,encoller,5,@kole
8,encolure,6,@kolyR
10,encombrant,6,@k§bR@
8,encombre,5,@k§bR
12,encombrement,8,@k§bR°m@
9,encombrer,6,@k§bRe
8,encombré,6,@k§bRe
5,encor,4,@kOR
14,encorbellement,10,@kORbEl°m@
8,encorder,6,@kORde
7,encordé,6,@kORde
6,encore,4,@kOR
8,encorner,6,@kORne
8,encornet,6,@kORnE
7,encorné,6,@kORne
10,encotonner,7,@kotone
12,encourageant,7,@kuRaZ@
13,encouragement,9,@kuRaZ°m@
10,encourager,7,@kuRaZe
8,encourir,6,@kuRiR
7,encours,4,@kuR
7,encrage,5,@kRaZ
9,encrasser,6,@kRase
8,encrassé,6,@kRase
5,encre,3,@kR
6,encrer,4,@kRe
7,encreur,5,@kR9R
7,encrier,6,@kRije
12,encroûtement,8,@kRut°m@
9,encroûter,6,@kRute
8,encroûté,6,@kRute
10,encryptage,8,@kRiptaZ
8,enculade,6,@kylad
8,enculage,6,@kylaZ
7,enculer,5,@kyle
9,enculerie,7,@kyl°Ri
8,enculeur,6,@kyl9R
6,enculé,5,@kyle
10,encyclique,7,@siklik
12,encyclopédie,10,@siklopedi
14,encyclopédique,11,@siklopedik
9,encéphale,6,@sefal
12,encéphalique,8,@sefalik
11,encéphalite,8,@sefalit
15,encéphalogramme,11,@sefalogRam
16,encéphalographie,12,@sefalogRafi
15,encéphalopathie,11,@sefalopati
11,endettement,7,@dEt°m@
8,endetter,5,@dete
7,endetté,5,@dete
10,endeuiller,5,@d9je
9,endeuillé,5,@d9je
8,endiablé,7,@djable
10,endiamanté,8,@djam@te
11,endiguement,7,@dig°m@
8,endiguer,5,@dige
14,endimanchement,9,@dim@S°m@
11,endimancher,7,@dim@Se
10,endimanché,7,@dim@Se
6,endive,4,@div
9,endocarde,7,@dokaRd
11,endocardite,9,@dOkaRdit
9,endocrine,7,@dokRin
11,endocrinien,9,@dokRinj5
14,endocrinologie,12,@dokRinoloZi
16,endocrinologiste,14,@dOkRinOlOZist
14,endocrinologue,11,@dokRinolOg
14,endoctrinement,11,@dOktRin°m@
11,endoctriner,9,@dOktRine
9,endogamie,7,@dogami
8,endogène,6,@doZEn
8,endolori,7,@doloRi
9,endolorir,8,@doloRiR
15,endolorissement,11,@doloRis°m@
13,endommagement,9,@dOmaZ°m@
10,endommager,7,@domaZe
9,endommagé,7,@domaZe
10,endomorphe,7,@dOmORf
12,endomorphine,9,@domORfin
12,endométriose,11,@dOmetRijoz
11,endométrite,9,@dOmetRit
13,endoplasmique,10,@dOplasmik
9,endormant,6,@dORm@
9,endormeur,7,@dORm9R
7,endormi,6,@dORmi
8,endormir,7,@dORmiR
14,endormissement,10,@dORmis°m@
10,endorphine,7,@dORfin
9,endoscope,7,@doskOp
10,endoscopie,8,@doskopi
12,endoscopique,9,@dOskOpik
13,endosquelette,9,@dosk°lEt
7,endosse,4,@dos
11,endossement,7,@dos°m@
8,endosser,5,@dose
9,endosseur,6,@dos9R
13,endothermique,9,@dotERmik
7,endroit,5,@dRwa
7,enduire,5,@d8iR
6,enduit,4,@d8i
9,endurable,7,@dyRabl
9,endurance,6,@dyR@s
8,endurant,5,@dyR@
7,endurci,6,@dyRsi
8,endurcir,7,@dyRsiR
14,endurcissement,10,@dyRsis°m@
7,endurer,5,@dyRe
9,endémique,6,@demik
7,endêver,5,@dEve
7,enfance,4,@f@s
6,enfant,3,@f@
12,enfant-robot,7,@f@Robo
10,enfant-roi,6,@f@Rwa
11,enfantement,7,@f@t°m@
8,enfanter,5,@f@te
12,enfantillage,8,@f@tijaZ
8,enfantin,5,@f@t5
13,enfantinement,9,@f@tin°m@
8,enfançon,5,@f@s§
9,enfariner,7,@faRine
8,enfariné,7,@faRine
5,enfer,4,@fER
11,enfermement,8,@fERm°m@
8,enfermer,6,@fERme
7,enfermé,6,@fERme
8,enferrer,5,@fERe
8,enfilade,6,@filad
8,enfilage,6,@filaZ
7,enfiler,5,@file
8,enfileur,6,@fil9R
6,enfilé,5,@file
5,enfin,3,@f5
8,enfiévré,7,@fjevRe
9,enflammer,6,@flame
8,enflammé,6,@flame
6,enfler,4,@fle
7,enflure,5,@flyR
5,enflé,4,@fle
7,enfoiré,6,@fwaRe
11,enfoncement,7,@f§s°m@
8,enfoncer,5,@f§se
9,enfonceur,6,@f§s9R
7,enfoncé,5,@f§se
9,enfonçage,6,@f§saZ
6,enfoui,4,@fwi
10,enfouiller,5,@fuje
7,enfouir,5,@fwiR
13,enfouissement,8,@fwis°m@
11,enfouraillé,7,@fuRaje
13,enfourchement,8,@fuRS°m@
10,enfourcher,6,@fuRSe
11,enfourchure,7,@fuRSyR
10,enfournage,7,@fuRnaZ
9,enfourner,6,@fuRne
10,enfreindre,6,@fR5dR
6,enfuir,5,@f8iR
7,enfumer,5,@fyme
6,enfumé,5,@fyme
10,engageable,7,@gaZabl
9,engageant,5,@gaZ@
10,engagement,7,@gaZ°m@
7,engager,5,@gaZe
6,engagé,5,@gaZe
8,engeance,4,@Z@s
8,engelure,6,@Z°lyR
12,engendrement,8,@Z@dR°m@
9,engendrer,6,@Z@dRe
5,engin,3,@Z5
11,engineering,9,EnZiniRiG
9,englander,7,@gl@d9R
8,engliche,5,@gliS
9,englobant,6,@glob@
8,englober,6,@globe
9,engloutir,7,@glutiR
15,engloutissement,10,@glutis°m@
7,engluer,5,@glye
6,englué,5,@gl8e
11,engoncement,7,@g§s°m@
7,engoncé,5,@g§se
11,engorgement,8,@gORZ°m@
8,engorger,6,@gORZe
7,engorgé,6,@gORZe
10,engouement,5,@gum@
13,engouffrement,8,@gufR°m@
10,engouffrer,6,@gufRe
11,engoulevent,7,@gul°v@
8,engourdi,6,@guRdi
9,engourdir,7,@guRdiR
13,engourdissant,8,@guRdis@
15,engourdissement,10,@guRdis°m@
7,engrais,4,@gRE
13,engraissement,8,@gREs°m@
10,engraisser,6,@gRese
12,engrangement,8,@gR@Z°m@
9,engranger,6,@gR@Ze
11,engravement,8,@gRav°m@
8,engraver,6,@gRave
9,engrenage,7,@gR°naZ
8,engrener,6,@gR°ne
9,engrosser,6,@gRose
10,engueulade,6,@g2lad
9,engueuler,5,@g2le
12,enguirlander,8,@giRl@de
8,enhardir,6,@aRdiR
14,enhardissement,9,@aRdis°m@
8,enivrant,6,@nivR@
10,enivrement,8,@nivR°m@
7,enivrer,6,@nivRe
8,enjamber,5,@Z@be
9,enjambeur,6,@Z@b9R
8,enjambée,5,@Z@be
5,enjeu,3,@Z2
9,enjoindre,6,@Zw5dR
7,enjoint,4,@Zw5
9,enjoliver,7,@Zolive
10,enjoliveur,8,@Zoliv9R
10,enjouement,5,@Zum@
6,enjoué,4,@Zwe
8,enjuiver,6,@Z8ive
10,enjôlement,7,@Zol°m@
7,enjôler,5,@Zole
8,enjôleur,6,@Zol9R
8,enkyster,6,@kiste
10,enlacement,7,@las°m@
7,enlacer,5,@lase
8,enlaidir,6,@lediR
14,enlaidissement,9,@ledis°m@
8,enlaçant,5,@las@
7,enlever,5,@l°ve
6,enlevé,5,@l°ve
9,enliasser,6,@ljase
10,enlisement,7,@liz°m@
7,enliser,5,@lize
9,enluminer,7,@lymine
10,enlumineur,8,@lymin9R
10,enluminure,8,@lyminyR
8,enluminé,7,@lymine
10,enlèvement,7,@lEv°m@
11,enneigement,7,@nEZ°m@
8,enneiger,5,@nEZe
7,enneigé,5,@neZe
6,ennemi,5,En°mi
8,ennoblir,7,@nobliR
14,ennoblissement,10,@noblis°m@
8,ennuager,6,@n8aZe
5,ennui,4,@n8i
8,ennuyant,6,@n8ij@
7,ennuyer,6,@n8ije
8,ennuyeux,6,@n8ij2
6,ennuyé,6,@n8ije
12,enorgueillir,9,@nORg9jiR
9,enquiller,5,@kije
12,enquiquinant,7,@kikin@
14,enquiquinement,9,@kikin°m@
11,enquiquiner,7,@kikine
12,enquiquineur,8,@kikin9R
8,enquérir,6,@keRiR
7,enquête,4,@kEt
8,enquêter,5,@kete
9,enquêteur,6,@kEt9R
12,enracinement,9,@Rasin°m@
9,enraciner,7,@Rasine
8,enraciné,7,@Rasine
10,enragement,7,@RaZ°m@
7,enrager,5,@RaZe
6,enragé,5,@RaZe
8,enrayage,6,@REjaZ
10,enrayement,6,@REjm@
7,enrayer,5,@Reje
13,enregistrable,11,@R°ZistRabl
14,enregistrement,11,@R°ZistR°m@
11,enregistrer,9,@R°ZistRe
12,enregistreur,10,@R°ZistR9R
8,enrhumer,5,@Ryme
7,enrhumé,5,@Ryme
7,enrichi,5,@RiSi
8,enrichir,6,@RiSiR
12,enrichissant,7,@RiSis@
14,enrichissement,9,@RiSis°m@
8,enrobage,6,@RobaZ
7,enrober,5,@Robe
6,enrobé,5,@Robe
10,enrouement,5,@Rum@
7,enrouer,4,@Rwe
9,enroulage,6,@RulaZ
11,enroulement,7,@Rul°m@
8,enrouler,5,@Rule
6,enroué,4,@Rwe
10,enrubanner,7,@Rybane
9,enrubanné,7,@Rybane
12,enrégimenter,9,@ReZim@te
10,enrôlement,7,@Rol°m@
7,enrôler,5,@Role
6,enrôlé,5,@Role
11,ensablement,8,@sabl°m@
8,ensabler,6,@sable
7,ensablé,6,@sable
8,ensacher,5,@saSe
15,ensanglantement,10,@s@gl@t°m@
12,ensanglanter,8,@s@gl@te
11,ensanglanté,8,@s@gl@te
13,ensauvagement,9,@sovaZ°m@
10,enseignant,5,@sEN@
16,enseignant-robot,9,@sEN@Robo
8,enseigne,4,@sEN
12,enseignement,7,@sEN°m@
9,enseigner,5,@seNe
10,enseigneur,6,@sEN9R
8,enseigné,5,@seNe
11,ensellement,7,@sEl°m@
9,ensellure,6,@selyR
7,ensellé,5,@sele
8,ensemble,5,@s@bl
13,ensemencement,9,@s°m@s°m@
10,ensemencer,7,@s°m@se
8,enserrer,5,@seRe
8,enseveli,7,@s°v°li
9,ensevelir,8,@s°v°liR
15,ensevelissement,11,@s°v°lis°m@
14,ensoleillement,9,@solEj°m@
11,ensoleiller,7,@soleje
10,ensoleillé,7,@solEje
12,ensommeiller,7,@somEje
11,ensommeillé,7,@somEje
11,ensorcelant,8,@sORs°l@
10,ensorceler,8,@sORs°le
11,ensorceleur,9,@sORs°l9R
14,ensorcellement,10,@sORsEl°m@
9,ensorcelé,8,@sORs°le
8,ensouple,5,@supl
7,ensuite,5,@s8it
8,ensuivre,6,@s8ivR
11,entablement,8,@tabl°m@
8,entacher,5,@taSe
7,entaché,5,@taSe
8,entaille,4,@taj
9,entailler,5,@taje
8,entaillé,5,@taje
6,entame,4,@tam
7,entamer,5,@tame
11,entassement,7,@tas°m@
8,entasser,5,@tase
4,ente,2,@t
8,entement,5,@t°m@
9,entendant,5,@t@d@
11,entendement,7,@t@d°m@
9,entendeur,6,@t@d9R
8,entendre,5,@t@dR
7,entendu,5,@t@dy
7,entente,4,@t@t
5,enter,3,@te
11,enterrement,7,@tER°m@
8,enterrer,5,@teRe
9,enterreur,6,@tER9R
7,enterré,5,@teRe
9,enthalpie,6,@talpi
14,enthousiasmant,9,@tuzjasm@
12,enthousiasme,8,@tuzjasm
13,enthousiasmer,9,@tuzjasme
12,enthousiaste,8,@tuzjast
11,entichement,7,@tiS°m@
8,enticher,5,@tiSe
6,entier,4,@tje
8,entifler,6,@tifle
6,entité,5,@tite
11,entièrement,8,@tjER°m@
9,entièreté,8,@tjER°te
9,entoilage,7,@twalaZ
8,entoiler,6,@twale
8,entolome,6,@tolOm
11,entomologie,9,@tomoloZi
13,entomologique,10,@tomoloZik
13,entomologiste,11,@tomoloZist
8,entonner,5,@tone
9,entonnoir,7,@tonwaR
7,entorse,5,@tORs
12,entortillage,9,@tORtijaZ
14,entortillement,10,@tORtij°m@
11,entortiller,8,@tORtije
10,entortillé,8,@tORtije
6,entour,4,@tuR
9,entourage,6,@tuRaZ
8,entourer,5,@tuRe
11,entourloupe,7,@tuRlup
12,entourlouper,8,@tuRlupe
14,entourloupette,9,@tuRlupEt
7,entouré,5,@tuRe
9,entr'acte,6,@tRakt
10,entr'aimer,6,@tREme
15,entr'apercevoir,13,@tRapERs°vwaR
11,entr'ouvert,7,@tRuvER
12,entr'égorger,9,@tRegORZe
8,entracte,6,@tRakt
8,entraide,5,@tREd
9,entraider,6,@tREde
10,entrailles,5,@tRaj
7,entrain,4,@tR5
7,entrant,4,@tR@
14,entrapercevoir,13,@tRapERs°vwaR
7,entrave,5,@tRav
8,entraver,6,@tRave
7,entravé,6,@tRave
10,entraînant,6,@tREn@
12,entraînement,8,@tREn°m@
9,entraîner,6,@tRene
10,entraîneur,7,@tREn9R
8,entraîné,6,@tRene
5,entre,3,@tR
10,entre-deux,6,@tR°d2
18,entre-deux-guerres,9,@tR°d2gER
14,entre-déchirer,10,@tR°deSiRe
13,entre-dévorer,10,@tR°devoRe
11,entre-jambe,7,@tR°Z@b
12,entre-jambes,7,@tR°Z@b
10,entre-rail,7,@tR°Raj
11,entre-temps,6,@tR°t@
10,entre-tuer,7,@tR°t8e
11,entrebattre,8,@tR°batR
15,entrebâillement,10,@tR°baj°m@
12,entrebâiller,8,@tR°baje
13,entrebâilleur,9,@tR2baj9R
11,entrebâillé,8,@tR°baje
9,entrechat,6,@tR°Sa
9,entrechoc,7,@tR°SOk
15,entrechoquement,10,@tR°SOk°m@
12,entrechoquer,8,@tR°Soke
11,entrecouper,8,@tR°kupe
10,entrecoupé,8,@tR°kupe
15,entrecroisement,12,@tR°kRwaz°m@
12,entrecroiser,10,@tR°kRwaze
11,entrecuisse,8,@tR°k8is
9,entrecôte,7,@tR°kot
12,entredévorer,10,@tR°devoRe
10,entrefilet,8,@tR°filE
9,entregent,6,@tR°Z@
10,entrejambe,7,@tR°Z@b
13,entrelacement,10,@tR°las°m@
10,entrelacer,8,@tR°lase
9,entrelacs,6,@tR°la
9,entrelacé,8,@tR°lase
11,entrelarder,9,@tR°laRde
10,entrelardé,9,@tR°laRde
9,entremets,6,@tR°mE
12,entremetteur,9,@tR°mEt9R
11,entremettre,8,@tR°mEtR
9,entremise,7,@tR°miz
13,entremêlement,10,@tR°mEl°m@
9,entrepont,6,@tR°p§
11,entreposage,9,@tR°pozaZ
10,entreposer,8,@tR°poze
9,entreposé,8,@tR°poze
12,entreprenant,9,@tR°pR°n@
12,entreprendre,9,@tR°pR@dR
12,entrepreneur,10,@tR°pR°n9R
10,entreprise,8,@tR°pRiz
8,entrepôt,6,@tR°po
6,entrer,4,@tRe
8,entresol,7,@tR°sOl
11,entreteneur,9,@tR°t°n9R
10,entretenir,9,@tR°t°niR
9,entretenu,8,@tR°t°ny
9,entretien,7,@tR°tj5
10,entretoise,8,@tR°twaz
14,entretoisement,11,@tR°twaz°m@
9,entretuer,7,@tR°tye
9,entrevoir,8,@tR°vwaR
9,entrevous,6,@tR°vu
8,entrevue,6,@tR°vy
8,entrisme,6,@tRizm
8,entropie,6,@tRopi
10,entropique,7,@tRopik
10,entrouvert,7,@tRuvER
13,entrouverture,10,@tRuvERtyR
10,entrouvrir,8,@tRuvRiR
6,entrée,4,@tRe
13,entrée-sortie,9,@tResORti
7,entuber,5,@tybe
11,enturbanner,8,@tyRbane
10,enturbanné,8,@tyRbane
6,enture,4,@tyR
10,enténébrer,8,@tenebRe
12,entérinement,9,@teRin°m@
9,entériner,7,@teRine
9,entérique,6,@teRik
8,entérite,6,@teRit
12,entérocolite,10,@teRokolit
11,entérovirus,10,@teRoviRys
8,entêtant,5,@tEt@
10,entêtement,7,@tEt°m@
7,entêter,5,@tete
6,entêté,5,@tete
8,entôlage,6,@tolaZ
7,entôler,5,@tole
8,entôleur,6,@tol9R
6,envahi,4,@vai
7,envahir,5,@vaiR
11,envahissant,6,@vais@
13,envahissement,8,@vais°m@
11,envahisseur,7,@vais9R
10,envasement,7,@vaz°m@
7,envaser,5,@vaze
11,enveloppant,7,@v°lop@
9,enveloppe,6,@v°lOp
13,enveloppement,9,@v°lOp°m@
10,envelopper,7,@v°lope
11,enveloppeur,8,@v°lop9R
9,enveloppé,7,@v°lope
9,envenimer,7,@v°nime
8,envenimé,7,@v°nime
9,envergure,7,@vERgyR
6,envers,4,@vER
8,enviable,6,@vjabl
8,enviandé,6,@vj@de
5,envie,3,@vi
6,envier,4,@vje
7,envieux,4,@vj2
7,environ,5,@viR§
11,environnant,7,@viRon@
13,environnement,9,@viROn°m@
15,environnemental,12,@viROn°m@tal
10,environner,7,@viRone
12,envisageable,9,@vizaZabl
9,envisager,7,@vizaZe
8,envisagé,7,@vizaZe
5,envoi,4,@vwa
5,envol,4,@vOl
7,envoler,5,@vole
7,envolée,5,@vole
7,envoyer,6,@vwaje
8,envoyeur,7,@vwaj9R
6,envoyé,6,@vwaje
9,envoûtant,5,@vut@
11,envoûtement,7,@vut°m@
8,envoûter,5,@vute
9,envoûteur,6,@vut9R
7,envoûté,5,@vute
11,enzymatique,8,@zimatik
6,enzyme,4,@zim
7,epsilon,6,Epsil§
3,erg,3,ERg
9,ergastule,8,ERgastyl
4,ergo,4,ERgo
5,ergol,5,ERgOl
9,ergonomie,8,ERgonomi
11,ergonomique,9,ERgonomik
5,ergot,4,ERgo
8,ergotage,7,ERgotaZ
10,ergotamine,9,ERgotamin
7,ergoter,6,ERgote
8,ergoteur,7,ERgot9R
14,ergothérapeute,11,ERgoteRap2t
12,ergothérapie,10,ERgoteRapi
6,ergoté,6,ERgote
8,ermitage,7,ERmitaZ
6,ermite,5,ERmit
13,erpétologiste,12,ERpetOlOZist
7,errance,4,ER@s
6,errant,3,ER@
9,erratique,6,ERatik
7,erratum,6,eRatOm
4,erre,2,ER
9,errements,5,ER°m@
5,errer,3,ERe
6,erreur,4,ER9R
6,erroné,5,ERone
3,ers,2,ER
6,ersatz,6,ERzats
8,esbaudir,7,EzbodiR
8,esbigner,6,EsbiNe
8,esbroufe,6,EsbRuf
9,esbroufer,7,EsbRufe
10,esbroufeur,8,EzbRuf9R
8,escabeau,6,Eskabo
7,escadre,6,EskadR
10,escadrille,8,EskadRij
8,escadrin,7,EskadR5
8,escadron,7,EskadR§
10,escagasser,8,Eskagase
8,escalade,7,Eskalad
9,escalader,8,Eskalade
10,escaladeur,9,Eskalad9R
9,escalator,9,EskalatOR
6,escale,5,Eskal
8,escalier,7,Eskalje
8,escalope,7,EskalOp
11,escamotable,10,Eskamotabl
10,escamotage,9,EskamotaZ
9,escamoter,8,Eskamote
10,escamoteur,9,Eskamot9R
10,escampette,7,Esk@pEt
8,escapade,7,Eskapad
6,escape,5,Eskap
10,escarbille,8,EskaRbij
11,escarboucle,9,EskaRbukl
10,escarcelle,8,EskaRsEl
8,escargot,7,EskaRgo
11,escarmouche,8,EskaRmuS
11,escarpement,9,EskaRp°m@
8,escarpin,7,EskaRp5
12,escarpolette,10,EskaRpolEt
7,escarpé,7,EskaRpe
7,escarre,5,EskaR
12,eschatologie,10,EskatoloZi
5,esche,2,ES
6,escher,3,ESe
7,escient,4,esj@
12,esclaffement,8,Esklafm@
9,esclaffer,7,Esklafe
9,esclandre,7,Eskl@dR
9,esclavage,8,EsklavaZ
10,esclavager,9,EsklavaZe
12,esclavagisme,11,EsklavaZizm
12,esclavagiste,11,EsklavaZist
7,esclave,6,Esklav
10,escogriffe,8,EskogRif
8,escompte,5,Esk§t
9,escompter,6,Esk§te
9,escopette,7,EskopEt
7,escorte,6,EskORt
8,escorter,7,EskORte
9,escorteur,8,EskORt9R
5,escot,4,Esko
8,escouade,6,Eskwad
7,escrime,6,EskRim
8,escrimer,7,EskRime
9,escrimeur,8,EskRim9R
6,escroc,5,EskRo
9,escroquer,7,EskRoke
11,escroquerie,9,EskROk°Ri
6,escudo,6,Eskydo
8,esgourde,6,EsguRd
9,esgourder,7,EsguRde
6,eskimo,6,Eskimo
6,espace,5,Espas
12,espace-temps,7,Espast@
10,espacement,8,Espas°m@
7,espacer,6,Espase
6,espacé,6,Espase
6,espada,6,Espada
7,espadon,6,Espad§
10,espadrille,8,EspadRij
8,espagnol,7,EspaNOl
12,espagnolette,9,EspaNolEt
8,espalier,7,Espalje
5,espar,5,EspaR
6,espars,5,EspaR
9,esperanto,8,EspeR@to
7,espingo,6,Esp5go
9,espingole,7,Esp5gOl
10,espingouin,7,Esp5gw5
6,espion,5,Espj§
9,espionite,8,Espjonit
10,espionnage,8,EspjonaZ
9,espionner,7,Espjone
10,espionnite,8,Espjonit
8,espiègle,7,EspjEgl
12,espièglement,10,EspjEgl2m@
11,espièglerie,10,EspjEgl°Ri
9,esplanade,8,Esplanad
6,espoir,6,EspwaR
6,esprit,5,EspRi
13,esprit-de-sel,10,EspRid°sEl
13,esprit-de-vin,9,EspRid°v5
6,espèce,5,EspEs
9,espérance,7,EspeR@s
12,espérantiste,10,EspeR@tist
9,espéranto,8,EspeR@to
7,espérer,6,EspeRe
6,esquif,5,Eskif
8,esquille,5,Eskij
8,esquimau,6,Eskimo
12,esquintement,8,Esk5t°m@
9,esquinter,6,Esk5te
8,esquinté,6,Esk5te
7,esquire,5,EskiR
8,esquisse,5,Eskis
9,esquisser,6,Eskise
7,esquive,5,Eskiv
8,esquiver,6,Eskive
5,essai,3,esE
6,essaim,3,es5
9,essartage,7,EsaRtaZ
8,essayage,6,esEjaZ
7,essayer,5,eseje
8,essayeur,6,esEj9R
9,essayiste,7,esejist
4,esse,2,Es
7,essence,4,es@s
9,essential,7,Es@tjal
13,essentialisme,10,Es@sjalizm
9,essentiel,7,es@sjEl
15,essentiellement,10,es@sjEl°m@
11,esseulement,6,s9l°m@
7,esseulé,5,es9le
6,essieu,4,Esj2
7,essieux,4,Esj2
5,essor,4,esOR
8,essorage,6,esoRaZ
7,essorer,5,esoRe
9,essoreuse,6,esoR2z
6,essoré,5,EsoRe
13,essoufflement,8,esufl°m@
10,essouffler,6,esufle
9,essoufflé,6,esufle
6,essuie,4,Es8i
12,essuie-glace,8,Es8iglas
12,essuie-mains,6,Es8im5
11,essuie-tout,6,Es8itu
8,essuyage,7,es8ijaZ
7,essuyer,6,es8ije
8,essuyeur,7,es8ij9R
3,est,3,Est
12,est-africain,9,EstafRik5
12,est-allemand,8,Estal°m@
6,est-ce,3,Es°
9,est-ce qu,5,Es°k°
10,est-ce que,5,Es°k°
10,est-ce-que,5,Es°k°
9,est-ouest,7,EstwEst
13,establishment,12,EstabliSmEnt
8,estacade,7,Estakad
9,estafette,7,EstafEt
8,estafier,7,Estafje
10,estafilade,9,Estafilad
8,estagnon,6,EstaN§
9,estaminet,8,EstaminE
9,estampage,7,Est@paZ
7,estampe,5,Est@p
8,estamper,6,Est@pe
10,estampille,7,Est@pij
11,estampiller,8,Est@pije
10,estampillé,8,Est@pije
8,estancia,7,Est@sja
4,este,3,Est
5,ester,5,estER
5,ester,4,este
7,esthète,5,EstEt
13,esthésiomètre,11,EstezjomEtR
11,esthéticien,9,Estetisj5
10,esthétique,7,Estetik
14,esthétiquement,10,Estetik°m@
10,esthétisme,8,Estetizm
9,estimable,8,Estimabl
10,estimation,9,Estimasj§
6,estime,5,Estim
7,estimer,6,Estime
7,estival,7,Estival
8,estivant,6,Estiv@
5,estoc,5,EstOk
8,estocade,7,Estokad
5,estom,5,EstOm
7,estomac,6,Estoma
10,estomaquer,8,Estomake
7,estompe,5,Est§p
8,estomper,6,Est§pe
7,estompé,6,Est§pe
8,estonien,7,Estonj5
10,estonienne,8,EstOnjEn
8,estoquer,6,Estoke
10,estouffade,7,Estufad
9,estourbir,8,EstuRbiR
7,estrade,6,EstRad
8,estragon,7,EstRag§
9,estrapade,8,EstRapad
9,estrogène,8,EstROZEn
9,estropier,8,EstRopje
8,estropié,8,EstRopje
8,estuaire,6,Est8ER
11,estudiantin,9,Estydj@t5
9,esturgeon,7,EstyRZ§
2,et,1,e
10,et caetera,8,etseteRa
9,et cetera,8,etseteRa
6,et seq,5,Etsek
3,etc,8,EtseteRa
4,etc.,8,EtseteRa
8,etcetera,8,EtseteRa
9,ethmoïdal,8,EtmOidal
9,ethnicité,8,Etnisite
6,ethnie,4,Etni
8,ethnique,5,Etnik
12,ethniquement,8,Etnik°m@
14,ethnobotaniste,12,Etnobotanist
11,ethnographe,8,EtnogRaf
12,ethnographie,9,EtnogRafi
14,ethnographique,10,EtnogRafik
10,ethnologie,8,EtnoloZi
12,ethnologique,9,EtnoloZik
10,ethnologue,7,EtnolOg
6,eubage,4,2baZ
6,eubine,4,2bin
10,eucalyptus,9,2kaliptys
11,eucharistie,8,2kaRisti
13,eucharistique,9,2kaRistik
9,euclidien,7,2klidj5
9,eugénique,6,2Zenik
9,eugénisme,7,2Zenizm
3,euh,1,2
7,eulogie,5,2loZi
7,eunuque,4,2nyk
8,euphonie,5,2foni
10,euphonique,6,2fonik
14,euphoniquement,9,2fonik°m@
8,euphorbe,5,2fORb
8,euphorie,5,2foRi
10,euphorique,6,2foRik
11,euphorisant,7,2foRiz@
10,euphémisme,7,2femizm
8,eurasien,6,2Razj5
10,eurasienne,7,2RazjEn
4,euro,3,2Ro
10,eurodollar,8,2RodolaR
10,euromarché,8,2RomaRSe
8,européen,6,2Rope5
6,eurêka,5,2REka
7,euskera,6,2skeRa
8,eustache,5,2staS
10,euthanasie,7,2tanazi
3,eux,1,2
9,eux-mêmes,4,2mEm
5,event,5,ivEnt
10,ex abrupto,10,EksabRypto
9,ex nihilo,9,Eksnajilo
7,ex-abbé,6,Eksabe
9,ex-acteur,8,Eksakt9R
11,ex-adjudant,9,EksadZyd@
8,ex-agent,6,EksaZ@
10,ex-alcoolo,9,Eksalkolo
8,ex-allée,6,Eksale
8,ex-amant,6,Eksam@
14,ex-ambassadeur,11,Eks@basad9R
8,ex-amour,7,EksamuR
14,ex-appartement,11,EksapaRt°m@
11,ex-apprenti,9,EksapR@ti
12,ex-arriviste,10,EksaRivist
10,ex-artiste,9,EksaRtist
12,ex-assistant,9,Eksasist@
10,ex-associé,9,Eksasosje
12,ex-ballerine,10,Eksbal°Rin
11,ex-banquier,8,Eksb@kje
9,ex-barman,9,EksbaRman
13,ex-basketteur,11,EksbaskEt9R
10,ex-batteur,8,Eksbat9R
10,ex-beatnik,9,Eksbitnik
13,ex-belle-mère,9,EksbElmER
17,ex-bibliothécaire,14,EksbibliotekER
7,ex-boss,6,EksbOs
9,ex-boxeur,9,EksbOks9R
9,ex-buteur,8,Eksbyt9R
12,ex-capitaine,10,EkskapitEn
7,ex-caïd,7,Ekskaid
11,ex-champion,8,EksS@pj§
11,ex-chanteur,8,EksS@t9R
12,ex-chauffeur,8,EksSof9R
7,ex-chef,6,EksSEf
16,ex-chiropracteur,14,EkskiRopRakt9R
11,ex-citation,10,Ekssitasj§
10,ex-citoyen,10,Ekssitwaj5
10,ex-collabo,9,Ekskolabo
11,ex-collègue,8,EkskolEg
10,ex-colonel,10,EkskolonEl
11,ex-commando,9,Ekskom@do
12,ex-concierge,10,Eksk§sjERZ
16,ex-contrebandier,13,Eksk§tR°b@dje
9,ex-copain,7,Ekskop5
9,ex-copine,8,Ekskopin
8,ex-corps,6,EkskOR
9,ex-couple,7,Ekskupl
9,ex-dealer,8,EksdilER
7,ex-dieu,6,Eksdj2
7,ex-diva,7,Eksdiva
10,ex-drifter,10,EksdRift9R
11,ex-drôlesse,9,EksdRolEs
11,ex-dulcinée,10,Eksdylsine
8,ex-démon,7,Eksdem§
11,ex-enseigne,7,Eks@sEN
8,ex-femme,6,Eksfam
9,ex-fiancé,8,Eksfj@se
7,ex-fils,6,Eksfis
7,ex-flic,7,Eksflik
7,ex-gang,6,Eksg@g
8,ex-garde,7,EksgaRd
12,ex-gauchiste,9,EksgoSist
9,ex-gendre,7,EksZ@dR
11,ex-gonzesse,8,Eksg§zEs
13,ex-gouverneur,11,EksguvERn9R
11,ex-gravosse,9,EksgRavos
8,ex-griot,7,EksgRio
11,ex-griveton,10,EksgRiv°t§
12,ex-grognasse,9,EksgRoNas
9,ex-groupe,7,EksgRup
13,ex-guitariste,11,EksgitaRist
8,ex-génie,7,EksZeni
8,ex-homme,5,EksOm
19,ex-homme-grenouille,11,EksOmgR°nuj
10,ex-hôpital,9,Eksopital
11,ex-immeuble,8,Eksim9bl
13,ex-inspecteur,11,Eks5spEkt9R
14,ex-journaliste,12,EksZuRnalist
9,ex-junkie,9,EksdZ9nki
6,ex-kid,6,Ekskid
9,ex-leader,8,Ekslid9R
9,ex-libris,8,EkslibRi
13,ex-lieutenant,10,Ekslj2t°n@
6,ex-lit,5,Eksli
8,ex-lycée,7,Ekslise
14,ex-légionnaire,11,EksleZjonER
9,ex-madame,8,Eksmadam
8,ex-maire,6,EksmER
7,ex-mari,7,EksmaRi
9,ex-marine,8,EksmaRin
9,ex-maître,7,EksmEtR
9,ex-membre,7,Eksm@bR
12,ex-militaire,10,EksmilitER
11,ex-ministre,10,EksministR
7,ex-miss,6,Eksmis
10,ex-monteur,8,Eksm§t9R
9,ex-motard,8,EksmotaR
7,ex-nana,7,Eksnana
11,ex-officier,9,Eksofisje
12,ex-opérateur,11,EksopeRat9R
7,ex-para,7,EkspaRa
13,ex-partenaire,11,EkspaRt°nER
9,ex-patron,8,EkspatR§
12,ex-perroquet,9,EkspERokE
8,ex-petit,7,Eksp°ti
9,ex-pilote,8,EkspilOt
10,ex-planton,8,Ekspl@t§
10,ex-planète,9,EksplanEt
11,ex-plâtrier,10,EksplatRie
10,ex-premier,9,EkspR°mje
11,ex-primaire,9,EkspRimER
9,ex-prison,8,EkspRiz§
12,ex-procureur,11,EkspRokyR9R
13,ex-profession,11,EkspRofEsj§
12,ex-profileur,11,EkspRofil9R
12,ex-promoteur,11,EkspRomot9R
15,ex-propriétaire,13,EkspRopRietER
15,ex-présentateur,13,EkspRez@tat9R
12,ex-président,10,EkspRezid@
9,ex-prêtre,8,EkspREtR
9,ex-putain,7,Ekspyt5
16,ex-quincaillerie,11,Eksk5kaj°Ri
15,ex-quincaillier,9,Eksk5kaje
10,ex-rebelle,8,EksR°bEl
8,ex-reine,6,EksREn
6,ex-roi,6,EksRwa
12,ex-résidence,10,EksRezid@s
18,ex-révolutionnaire,15,EksRevolysjonER
13,ex-secrétaire,11,Ekss°kREtER
10,ex-sergent,8,EkssERZ@
15,ex-standardiste,13,Eksst@daRdist
7,ex-star,7,EksstaR
8,ex-super,8,EkssypER
14,ex-séminariste,13,EksseminaRist
11,ex-sénateur,10,Ekssenat9R
9,ex-sévère,8,EkssevER
10,ex-taulard,8,EkstolaR
13,ex-teinturier,10,Ekst5tyRje
13,ex-tirailleur,10,EkstiRaj9R
8,ex-tueur,7,Eksty9R
9,ex-tuteur,8,Ekstyt9R
8,ex-union,7,Eksynj§
8,ex-usine,7,Eksyzin
10,ex-vedette,8,Eksv°dEt
7,ex-voto,7,Eksvoto
8,ex-élève,7,EkselEv
9,ex-épouse,7,Eksepuz
11,ex-équipier,9,Eksekipje
12,exacerbation,12,EgzasERbasj§
9,exacerber,9,EgzasERbe
8,exacerbé,9,EgzasERbe
5,exact,6,Egzakt
10,exactement,9,Egzakt°m@
8,exaction,8,Egzaksj§
10,exactitude,10,Egzaktityd
11,exagération,11,EgzaZeRasj§
8,exagérer,8,EgzaZeRe
7,exagéré,8,EgzaZeRe
11,exagérément,10,EgzaZeRem@
8,exaltant,7,Egzalt@
10,exaltation,10,Egzaltasj§
7,exalter,7,Egzalte
6,exalté,7,Egzalte
4,exam,5,Egzam
6,examen,6,Egzam5
11,examinateur,11,Egzaminat9R
8,examiner,8,Egzamine
7,exarque,6,EgzaRk
10,exaspérant,9,EgzaspeR@
12,exaspération,12,EgzaspeRasj§
9,exaspérer,9,EgzaspeRe
10,exaucement,8,Egzos°m@
7,exaucer,6,Egzose
10,excavateur,10,Ekskavat9R
10,excavation,10,Ekskavasj§
7,excaver,7,Ekskave
12,excellemment,8,EksElam@
10,excellence,7,EksEl@s
9,excellent,6,eksEl@
15,excellentissime,11,EksEl@tisim
8,exceller,6,Eksele
9,excentrer,7,Eks@tRe
12,excentricité,11,Eks@tRisite
11,excentrique,8,Eks@tRik
8,excentré,7,Eks@tRe
8,excepter,7,EksEpte
9,exception,8,EksEpsj§
12,exceptionnel,11,EksEpsjonEl
18,exceptionnellement,14,EksEpsjonEl°m@
7,excepté,7,EksEpte
8,excessif,7,Eksesif
13,excessivement,10,Eksesiv°m@
7,exciper,6,Eksipe
7,exciser,6,Eksize
8,excision,7,Eksizj§
9,excitable,8,Eksitabl
8,excitant,6,Eksit@
10,excitation,9,Eksitasj§
7,exciter,6,Eksite
8,exciteur,7,Eksit9R
6,excité,6,Eksite
10,exclamatif,11,Eksklamatif
11,exclamation,11,Eksklamasj§
8,exclamer,8,Eksklame
5,exclu,6,Ekskly
7,exclure,7,EksklyR
8,exclusif,9,Eksklyzif
9,exclusion,9,Eksklyzj§
13,exclusivement,12,Eksklyziv°m@
11,exclusivité,12,Eksklyzivite
15,excommunication,14,Ekskomynikasj§
11,excommunier,10,Ekskomynje
10,excommunié,10,Ekskomynje
12,excroissance,10,EkskRwas@s
9,excrément,8,EkskRem@
12,excrémentiel,12,EkskRem@sjEl
8,excréter,8,EkskRete
9,excrétion,9,EkskResj§
9,excursion,9,EkskyRsj§
12,excursionner,11,EkskyRsjone
14,excursionniste,13,EkskyRsjonist
9,excusable,9,Ekskyzabl
6,excuse,6,Ekskyz
7,excuser,7,Ekskyze
5,excès,4,EksE
8,excédant,6,Eksed@
8,excédent,6,Eksed@
12,excédentaire,9,Eksed@tER
7,excéder,6,Eksede
5,exeat,6,Egzeat
10,exemplaire,8,Egz@plER
14,exemplairement,11,Egz@plER°m@
11,exemplarité,11,Egz@plaRite
7,exemple,6,Egz@pl
11,exemplifier,10,Egz@plifje
6,exempt,4,Egz@
8,exempter,6,Egz@te
9,exemption,8,Egz@psj§
7,exempté,6,Egz@te
9,exequatur,10,EgzekwatyR
7,exercer,7,EgzERse
8,exercice,8,EgzERsis
6,exercé,7,EgzERse
7,exergue,6,EgzERg
8,exerçant,7,EgzERs@
12,exfiltration,12,EksfiltRasj§
9,exfiltrer,9,EksfiltRe
9,exfoliant,8,Eksfolj@
8,exfolier,8,Eksfolje
10,exhalaison,8,EgzalEz§
8,exhalant,6,Egzal@
10,exhalation,9,Egzalasj§
7,exhaler,6,Egzale
12,exhaussement,8,Egzos°m@
9,exhausser,6,Egzose
9,exhaustif,8,Egzostif
10,exhaustion,8,Egzostj§
14,exhaustivement,11,Egzostiv°m@
12,exhaustivité,11,Egzostivite
7,exhiber,6,Egzibe
10,exhibition,9,Egzibisj§
15,exhibitionnisme,13,Egzibisjonizm
15,exhibitionniste,13,Egzibisjonist
11,exhortation,10,EgzORtasj§
8,exhorter,7,EgzORte
10,exhumation,9,Egzymasj§
7,exhumer,6,Egzyme
8,exigeant,6,EgziZ@
8,exigence,7,EgziZ@s
6,exiger,6,EgziZe
8,exigible,8,EgziZibl
5,exigu,6,Egzigy
8,exiguïté,9,Egzig8ite
4,exil,5,Egzil
6,exiler,6,Egzile
5,exilé,6,Egzile
8,existant,7,Egzist@
9,existence,8,Egzist@s
15,existentialisme,14,Egzist@sjalizm
15,existentialiste,14,Egzist@sjalist
11,existentiel,11,Egzist@sjEl
7,exister,7,Egziste
4,exit,5,Egzit
3,exo,4,Ekso
11,exobiologie,11,EgzobjolOZi
6,exocet,6,EgzosE
5,exode,5,EgzOd
8,exogamie,8,Egzogami
10,exogamique,9,Egzogamik
7,exogène,7,EgzoZEn
11,exonération,11,EgzoneRasj§
8,exonérer,8,EgzoneRe
13,exophtalmique,11,EgzOftalmik
8,exorable,8,EgzoRabl
10,exorbitant,9,EgzORbit@
9,exorbiter,9,EgzORbite
8,exorbité,9,EgzORbite
9,exorciser,9,EgzORsize
9,exorcisme,9,EgzORsizm
9,exorciste,9,EgzORsist
6,exorde,6,EgzORd
9,exosphère,8,EgzosfER
12,exosquelette,10,Egzosk2lEt
8,exostose,8,Egzostoz
12,exothermique,10,EgzotERmik
8,exotique,7,Egzotik
12,exotiquement,10,Egzotik°m@
8,exotisme,8,Egzotizm
10,expansible,9,Eksp@sibl
8,expansif,8,Eksp@sif
9,expansion,8,Eksp@sj§
14,expansionnisme,12,Eksp@sjonizm
14,expansionniste,12,Eksp@sjonist
7,expansé,7,Eksp@se
12,expatriation,13,EkspatRijasj§
9,expatrier,10,EkspatRije
8,expatrié,10,EkspatRije
10,expectatif,11,EkspEktatif
11,expectation,11,EkspEktasj§
11,expectative,11,EkspEktativ
11,expectorant,10,EkspEktoR@
13,expectoration,13,EkspEktoRasj§
10,expectorer,10,EkspEktoRe
6,expert,6,EkspER
16,expert-comptable,12,EkspERk§tabl
11,expertement,10,EkspERt°m@
9,expertise,9,EkspERtiz
10,expertiser,10,EkspERtize
9,expiation,9,Ekspjasj§
10,expiatoire,10,EkspjatwaR
6,expier,6,Ekspje
8,expirant,7,EkspiR@
10,expiration,10,EkspiRasj§
7,expirer,7,EkspiRe
10,explicable,10,Eksplikabl
10,explicatif,11,Eksplikatif
11,explication,11,Eksplikasj§
9,explicite,9,Eksplisit
13,explicitement,12,Eksplisit°m@
10,expliciter,10,Eksplisite
9,expliquer,8,Eksplike
7,exploit,7,Eksplwa
11,exploitable,11,Eksplwatabl
10,exploitant,9,Eksplwat@
12,exploitation,12,Eksplwatasj§
9,exploiter,9,Eksplwate
10,exploiteur,10,Eksplwat9R
8,exploité,9,Eksplwate
11,explorateur,11,EksploRat9R
11,exploration,11,EksploRasj§
12,exploratoire,12,EksploRatwaR
8,explorer,8,EksploRe
9,exploreur,9,EksploR9R
8,exploser,8,Eksploze
9,exploseur,9,Eksploz9R
8,explosif,9,Eksplozif
9,explosion,9,Eksplozj§
8,explétif,9,Ekspletif
4,expo,5,Ekspo
11,exponentiel,11,Ekspon@sjEl
17,exponentiellement,14,Ekspon@sjEl°m@
6,export,6,EkspOR
11,exportateur,11,EkspORtat9R
11,exportation,11,EkspORtasj§
8,exporter,8,EkspORte
8,exposant,7,Ekspoz@
7,exposer,7,Ekspoze
10,exposition,10,Ekspozisj§
6,exposé,7,Ekspoze
7,express,7,EkspREs
9,expressif,9,EkspResif
10,expression,9,EkspREsj§
15,expressionnisme,13,EkspREsjonizm
15,expressionniste,13,EkspREsjonist
14,expressivement,12,EkspResiv°m@
12,expressément,10,EkspREsem@
10,exprimable,10,EkspRimabl
8,exprimer,8,EkspRime
13,expropriation,14,EkspRopRijasj§
10,exproprier,11,EkspRopRije
6,exprès,6,EkspRE
8,expulser,8,Ekspylse
9,expulsion,9,Ekspylsj§
7,expulsé,8,Ekspylse
8,expurger,8,EkspyRZe
9,expédient,8,Ekspedj@
9,expédient,8,ekspedj@
8,expédier,8,Ekspedje
10,expéditeur,10,Ekspedit9R
9,expéditif,10,Ekspeditif
10,expédition,10,Ekspedisj§
15,expéditionnaire,13,EkspedisjonER
8,expédiée,8,Ekspedje
10,expérience,9,EkspeRj@s
12,expérimental,12,EkspeRim@tal
17,expérimentalement,15,EkspeRim@tal°m@
15,expérimentateur,14,EkspeRim@tat9R
15,expérimentation,14,EkspeRim@tasj§
12,expérimenter,11,EkspeRim@te
11,expérimenté,11,EkspeRim@te
6,exquis,5,Ekski
8,exsangue,5,Eks@g
7,exsudat,6,Eksyda
10,exsudation,9,Eksydasj§
7,exsuder,6,Eksyde
6,extase,6,Ekstaz
9,extasiant,8,Ekstazj@
8,extasier,8,Ekstazje
7,extasié,8,Ekstazje
9,extatique,8,Ekstatik
13,extatiquement,11,Ekstatik°m@
9,extenseur,8,Ekst@s9R
10,extensible,9,Ekst@sibl
9,extension,8,Ekst@sj§
13,exterminateur,13,EkstERminat9R
13,extermination,13,EkstERminasj§
10,exterminer,10,EkstERmine
11,externalité,12,EkstERnalite
8,externat,8,EkstERna
7,externe,7,EkstERn
16,exterritorialité,16,EkstERitoRjalite
10,extincteur,9,Ekst5kt9R
10,extinction,9,Ekst5ksj§
11,extinctrice,10,Ekst5ktRis
11,extirpation,11,EkstiRpasj§
8,extirper,8,EkstiRpe
9,extorquer,8,EkstORke
10,extorqueur,9,EkstORk9R
9,extorsion,9,EkstORsj§
5,extra,6,EkstRa
9,extra-dry,10,EkstRadRaj
9,extra-fin,8,EkstRaf5
10,extra-fort,9,EkstRafOR
12,extra-lucide,11,EkstRalysid
11,extra-muros,10,EkstRamyRo
15,extra-sensoriel,14,EkstRas@soRjEl
15,extra-terrestre,13,EkstRatEREstR
12,extra-utérin,11,EkstRayteR5
13,extraconjugal,13,EkstRak§Zygal
10,extracteur,10,EkstRakt9R
10,extraction,10,EkstRaksj§
8,extrader,8,EkstRade
11,extradition,11,EkstRadisj§
7,extradé,8,EkstRade
15,extragalactique,14,EkstRagalaktik
8,extraire,7,EkstRER
7,extrait,6,EkstRE
11,extralucide,11,EkstRalysid
14,extraordinaire,13,EkstRaORdinER
18,extraordinairement,16,EkstRaORdinER°m@
13,extrapolation,13,EkstRapolasj§
10,extrapoler,10,EkstRapole
13,extrascolaire,12,EkstRaskOlER
14,extrasensoriel,14,EkstRas@soRjEl
12,extrasystole,12,EkstRasistOl
14,extraterrestre,13,EkstRatEREstR
12,extravagance,11,EkstRavag@s
11,extravagant,10,EkstRavag@
11,extravaguer,10,EkstRavage
13,extravasation,13,EkstRavazasj§
10,extraverti,11,EkstRavERti
16,extravéhiculaire,14,EkstRaveikylER
10,extroverti,11,EkstRovERti
9,extrusion,9,EkstRyzj§
10,extrémisme,10,EkstRemizm
10,extrémiste,10,EkstRemist
9,extrémité,10,EkstRemite
7,extrême,7,EkstREm
15,extrême-onction,12,EkstREm§ksj§
14,extrême-orient,11,EkstREmORj@
11,extrêmement,10,EkstREm°m@
9,exténuant,8,Eksten8@
11,exténuation,11,Eksten8asj§
11,exténuement,9,Ekstenym@
8,exténuer,8,Eksten8e
7,exténué,8,Eksten8e
9,extérieur,9,EksteRj9R
14,extérieurement,12,EksteRj9R°m@
15,extériorisation,15,EksteRjoRizasj§
12,extérioriser,12,EksteRjoRize
11,extériorité,12,EksteRjoRite
10,exubérance,9,EgzybeR@s
9,exubérant,8,EgzybeR@
8,exultant,7,Egzylt@
10,exultation,10,Egzyltasj§
7,exulter,7,Egzylte
8,exutoire,8,EgzytwaR
9,exécrable,9,EgzekRabl
10,exécration,10,EgzekRasj§
7,exécrer,7,EgzekRe
9,exécutant,8,Egzekyt@
8,exécuter,8,Egzekyte
9,exécuteur,9,Egzekyt9R
8,exécutif,9,Egzekytif
9,exécution,9,Egzekysj§
10,exécutoire,10,EgzekytwaR
7,exégèse,7,EgzeZEz
7,exégète,7,EgzeZEt
9,eye-liner,8,ajlajn9R
8,eyeliner,8,ajlajn9R
1,f,2,Ef
2,fa,2,fa
5,fable,4,fabl
7,fabliau,7,fablijo
9,fabricant,7,fabRik@
11,fabrication,10,fabRikasj§
8,fabrique,6,fabRik
9,fabriquer,7,fabRike
10,fabulateur,9,fabylat9R
10,fabulation,9,fabylasj§
7,fabuler,6,fabyle
13,fabuleusement,10,fabyl2z°m@
8,fabuleux,6,fabyl2
9,fabuliste,8,fabylist
3,fac,3,fak
10,fac-similé,9,faksimile
4,face,3,fas
11,face-à-face,7,fasafas
11,face-à-main,6,fasam5
12,faces-à-main,6,fasam5
7,facette,5,fasEt
5,facho,4,faSo
6,facial,6,fasjal
6,facile,5,fasil
10,facilement,8,fasil°m@
12,facilitateur,11,fasilitat9R
12,facilitation,11,fasilitasj§
9,faciliter,8,fasilite
8,facilité,8,fasilite
6,faciès,6,fasjEs
7,faconde,5,fak§d
7,facteur,6,fakt9R
7,factice,6,faktis
8,factieux,6,faksj2
7,faction,6,faksj§
12,factionnaire,9,faksjonER
6,factor,6,faktOR
13,factorisation,12,faktoRizasj§
10,factoriser,9,faktORize
8,factotum,8,faktotOm
7,factuel,7,faktyEl
6,factum,6,faktOm
11,facturation,10,faktyRasj§
7,facture,6,faktyR
8,facturer,7,faktyRe
10,facturette,8,faktyREt
9,facturier,8,faktyRje
7,facturé,7,faktyRe
10,facultatif,10,fakyltatif
7,faculté,7,fakylte
7,facétie,6,fasesi
14,facétieusement,11,fasesj2z°m@
9,facétieux,7,fasesj2
4,fada,4,fada
7,fadaise,5,fadEz
7,fadasse,5,fadas
4,fade,3,fad
8,fadement,6,fad°m@
5,fader,4,fade
7,fadette,5,fadEt
6,fadeur,5,fad9R
6,fading,6,fEjdiG
4,fado,4,fado
4,fadé,4,fade
5,faena,4,fena
3,faf,3,faf
6,fafiot,5,fafjo
5,fagne,3,faN
5,fagot,4,fago
8,fagotage,7,fagotaZ
7,fagoter,6,fagote
7,fagotin,6,fagot5
6,fagoté,6,fagote
10,fahrenheit,8,faREnajt
8,faiblard,6,fEblaR
6,faible,4,fEbl
10,faiblement,7,fEbl°m@
9,faiblesse,6,fEblEs
6,faibli,5,fEbli
7,faiblir,6,febliR
8,faignant,4,fEN@
6,faille,3,faj
6,failli,4,faji
12,faillibilité,10,fajibilite
9,faillible,6,fajibl
7,faillie,4,faji
7,faillir,5,fajiR
8,faillite,5,fajit
4,faim,2,f5
5,faine,3,fEn
8,fainéant,5,fene@
10,fainéanter,7,fene@te
11,fainéantise,8,fene@tiz
9,fair-play,6,fERplE
5,faire,3,fER
10,faire-part,6,fERpaR
12,faire-valoir,9,fERvalwaR
11,faisabilité,10,f°zabilite
8,faisable,6,f°zabl
6,faisan,4,f2z@
9,faisander,6,f°z@de
11,faisanderie,8,f°z@d°Ri
8,faisandé,6,f°z@de
8,faisceau,4,fEso
7,faiseur,5,f°z9R
4,fait,2,fE
11,fait-divers,7,fEdivER
9,fait-tout,4,fEtu
7,faitout,4,fEtu
12,faits-divers,7,fEdivER
4,faix,2,fE
5,fakir,5,fakiR
7,falaise,5,falEz
7,falbala,7,falbala
10,falciforme,9,falsifORm
7,falerne,6,falERn
15,fallacieusement,11,falasj2z°m@
10,fallacieux,7,falasj2
7,falloir,6,falwaR
5,falot,4,falo
13,falsification,12,falsifikasj§
9,falsifier,8,falsifje
7,faluche,5,falyS
6,falzar,6,falzaR
11,fameusement,8,fam2z°m@
6,fameux,4,fam2
8,familial,8,familjal
9,familiale,8,familjal
12,familialiste,11,familjalist
12,familiariser,11,familjaRize
11,familiarité,11,familjaRite
8,familier,7,familje
11,familistère,10,familistER
13,familièrement,11,familjER°m@
7,famille,5,famij
6,famine,5,famin
7,famulus,7,famylys
4,famé,4,fame
9,famélique,7,famelik
3,fan,3,fan
8,fan-club,7,fankl9b
4,fana,4,fana
5,fanal,5,fanal
9,fanatique,7,fanatik
13,fanatiquement,10,fanatik°m@
9,fanatiser,8,fanatize
9,fanatisme,8,fanatizm
7,fanchon,4,f@S§
8,fandango,6,f@d@go
4,fane,3,fan
5,faner,4,fane
6,fanfan,4,f@f@
7,fanfare,5,f@faR
8,fanfaron,6,f@faR§
12,fanfaronnade,9,f@faRonad
11,fanfaronner,8,f@faRone
11,fanfreluche,8,f@fR°lyS
4,fang,3,f@g
5,fange,3,f@Z
7,fangeux,4,f@Z2
6,fanion,5,fanj§
5,fanny,4,fani
5,fanon,4,fan§
9,fantaisie,6,f@tezi
11,fantaisiste,8,f@tezist
8,fantasia,7,f@tazja
13,fantasmagorie,11,f@tasmagoRi
15,fantasmagorique,12,f@tasmagoRik
13,fantasmatique,10,f@tasmatik
17,fantasmatiquement,13,f@tasmatik°m@
8,fantasme,6,f@tasm
9,fantasmer,7,f@tasme
9,fantasque,6,f@task
13,fantasquement,9,f@task2m@
9,fantassin,6,f@tas5
11,fantastique,8,f@tastik
15,fantastiquement,11,f@tastik°m@
5,fanti,4,f@ti
8,fantoche,5,f@tOS
12,fantomatique,9,f@tomatik
16,fantomatiquement,12,f@tomatik°m@
7,fantôme,5,f@tom
7,fanzine,5,f@zin
4,fané,4,fane
4,faon,2,f@
6,faquin,4,fak5
3,far,3,faR
8,far-west,7,faRwEst
5,farad,5,faRad
10,faramineux,8,faRamin2
9,farandole,7,faR@dOl
6,faraud,4,faRo
8,farauder,6,faRode
5,farce,4,faRs
7,farceur,6,faRs9R
5,farci,5,faRsi
6,farcir,6,faRsiR
4,fard,3,faR
7,fardeau,5,faRdo
6,farder,5,faRde
7,fardier,6,faRdje
4,fare,3,faR
8,farfadet,7,faRfadE
7,farfelu,7,faRf°ly
11,farfouiller,7,faRfuje
8,faribole,7,faRibOl
9,fariboler,8,faRibole
9,farigoule,7,faRigul
6,farine,5,faRin
8,farineux,6,faRin2
9,farniente,9,faRnjEnte
4,faro,4,faRo
8,farouche,5,faRuS
12,farouchement,8,faRuS°m@
5,farsi,5,faRsi
4,fart,3,faR
6,farter,5,faRte
6,fascia,5,fasja
9,fascicule,7,fasikyl
9,fascinant,6,fasin@
11,fascination,9,fasinasj§
7,fascine,5,fasin
8,fasciner,6,fasine
8,fascisme,6,faSizm
8,fasciste,6,faSist
7,fashion,5,faSOn
11,fashionable,8,faSonabl
9,fast-food,7,fastfud
5,faste,4,fast
15,fastidieusement,12,fastidj2z°m@
10,fastidieux,8,fastidj2
8,fastoche,6,fastOS
13,fastueusement,10,fast82z°m@
8,fastueux,6,fast82
3,fat,3,fat
5,fatal,5,fatal
10,fatalement,8,fatal°m@
9,fataliser,8,fatalize
9,fatalisme,8,fatalizm
9,fataliste,8,fatalist
8,fatalité,8,fatalite
6,fathma,5,fatma
6,fathom,5,fazOm
9,fatidique,7,fatidik
8,fatigant,6,fatig@
7,fatigue,5,fatig
8,fatiguer,6,fatige
7,fatigué,6,fatige
5,fatma,5,fatma
6,fatras,5,fatRa
7,fatuité,7,fat8ite
5,fatum,5,fatOm
3,fau,2,fo
7,faubert,5,fobER
8,faubourg,5,fobuR
10,faubourien,7,fobuRj5
8,fauchage,5,foSaZ
10,fauchaison,6,foSEz§
8,fauchard,5,foSaR
6,fauche,3,foS
7,faucher,4,foSe
8,faucheur,5,foS9R
8,faucheux,4,foS2
7,fauchon,4,foS§
6,fauché,4,foSe
8,faucille,5,fosij
9,faucillon,6,fosij§
6,faucon,4,fok§
10,fauconneau,6,fokono
11,fauconnerie,8,fokOn°Ri
10,fauconnier,7,fokonje
6,faufil,5,fofil
8,faufiler,6,fofile
5,faune,3,fon
9,faunesque,6,fonEsk
8,faunesse,5,fonEs
9,faussaire,5,fosER
13,fausse-couche,6,foskuS
10,faussement,6,fos°m@
7,fausser,4,fose
7,fausses,3,fos
7,fausset,4,fosE
8,fausseté,5,foste
8,faustien,6,fostj5
5,faute,3,fot
6,fauter,4,fote
8,fauteuil,5,fot9j
13,fauteuil-club,9,fot9jkl9b
14,fauteuils-club,9,fot9jkl9b
7,fauteur,5,fot9R
6,fautif,5,fotif
5,fauve,3,fov
8,fauverie,6,fov°Ri
8,fauvette,5,fovEt
8,fauvisme,6,fovism
4,faux,2,fo
9,faux-bond,4,fob§
12,faux-bourdon,7,fobuRd§
8,faux-col,5,fokOl
8,faux-cul,4,foky
10,faux-filet,6,fofilE
10,faux-frère,6,fofRER
11,faux-fuyant,7,fof8ij@
14,faux-monnayeur,9,fomonEj9R
8,faux-pas,4,fopa
9,faux-pont,4,fop§
13,faux-semblant,7,fos@bl@
6,favela,6,favela
6,faveur,5,fav9R
9,favorable,8,favoRabl
13,favorablement,11,favoRabl°m@
6,favori,6,favoRi
9,favoriser,8,favoRize
8,favorite,7,favoRit
11,favoritisme,10,favoRitizm
3,fax,4,faks
5,faxer,5,fakse
6,fayard,5,fajaR
5,fayot,4,fajo
8,fayotage,7,fajotaZ
7,fayoter,6,fajote
7,fazenda,7,fazEnda
6,façade,5,fasad
5,façon,4,fas§
10,façonnable,8,fasOnabl
8,façonner,6,fasone
7,façonné,6,fasone
7,faîtage,5,fEtaZ
5,faîte,3,fEt
13,faîtes-la-moi,8,fEtlamwa
8,faîtière,6,fEtjER
7,faïence,5,faj@s
10,faïencerie,8,faj@s°Ri
9,faïencier,7,faj@sje
7,fedayin,6,fedaj5
9,feed-back,6,fidbak
8,feedback,6,fidbak
6,feeder,5,fid9R
7,feeling,5,filiG
8,feignant,4,fEN@
9,feignasse,5,fENas
7,feindre,4,f5dR
5,feint,2,f5
6,feinte,3,f5t
7,feinter,4,f5te
8,feinteur,5,f5t9R
8,feintise,5,f5tiz
13,feld-maréchal,11,fEldmaReSal
8,feldgrau,7,fEldgRo
9,feldspath,8,fEldspat
9,feldwebel,9,fEldvebEl
7,fellaga,6,fElaga
8,fellagha,6,fElaga
6,fellah,4,fela
9,fellation,7,fElasj§
9,fellinien,7,f°linj5
8,felouque,5,f°luk
7,femelle,5,f°mEl
5,femme,3,fam
12,femme-enfant,6,fam@f@
11,femme-fleur,7,famfl9R
11,femme-objet,7,famObZE
12,femme-refuge,8,famR°fyZ
11,femme-robot,7,famRobo
10,femmelette,7,fam°lEt
8,fenaison,6,f°nEz§
7,fendant,4,f@d@
7,fendard,5,f@daR
7,fendeur,5,f@d9R
12,fendillement,8,f@dij°m@
9,fendiller,6,f@dije
8,fendillé,6,f@dije
7,fendoir,6,f@dwaR
6,fendre,4,f@dR
5,fendu,4,f@dy
11,fenestrelle,9,f2nEstREl
5,fenil,5,f°nil
6,fennec,5,fenEk
7,fenouil,5,f°nuj
5,fente,3,f@t
6,fenton,4,f@t§
8,fenugrec,8,f°nygREk
7,fenêtre,6,f°nEtR
3,fer,3,fER
9,fer-blanc,6,fERbl@
12,ferblanterie,10,fERbl@t°Ri
11,ferblantier,9,fERbl@tje
5,feria,5,f°Rja
7,ferlage,6,fERlaZ
7,fermage,6,fERmaZ
7,fermant,5,fERm@
5,ferme,4,fERm
9,fermement,7,fERm°m@
7,ferment,5,fERm@
12,fermentation,10,fERm@tasj§
9,fermenter,7,fERm@te
8,fermenté,7,fERm@te
6,fermer,5,fERme
8,fermette,6,fERmEt
9,fermeture,8,fERm°tyR
7,fermeté,7,fERm°te
5,fermi,5,fERmi
7,fermier,6,fERmje
7,fermium,7,fERmjOm
7,fermoir,7,fERmwaR
5,fermé,5,fERme
7,ferrage,5,fERaZ
11,ferraillant,6,fERaj@
9,ferraille,5,fERaj
13,ferraillement,8,fERaj°m@
10,ferrailler,6,fERaje
11,ferrailleur,7,fERaj9R
6,ferrer,4,fERe
7,ferreux,4,fER2
7,ferrite,5,feRit
5,ferro,4,fERo
12,ferrocyanure,10,fERosjanyR
11,ferrocérium,10,fERoseRjOm
11,ferronnerie,8,fEROn°Ri
10,ferronnier,7,fERonje
11,ferroviaire,8,fERovjER
11,ferrugineux,8,fERyZin2
7,ferrure,5,fERyR
5,ferry,4,fERi
10,ferry-boat,8,fERibOwt
5,ferré,4,fERe
7,fertile,6,fERtil
12,fertilisable,11,fERtilizabl
11,fertilisant,9,fERtiliz@
13,fertilisateur,12,fERtilizat9R
13,fertilisation,12,fERtilizasj§
10,fertiliser,9,fERtilize
9,fertilité,9,fERtilite
5,ferté,5,fERte
7,fervent,5,fERv@
7,ferveur,6,fERv9R
5,fesse,3,fEs
13,fesse-mathieu,8,fEsmatj2
6,fesser,4,fese
7,fesseur,5,fEs9R
7,fessier,5,fesje
5,fessu,4,fEsy
6,fessée,4,fese
6,festif,6,fEstif
6,festin,5,fEst5
8,festival,8,fEstival
11,festivalier,10,fEstivalje
9,festivité,9,fEstivite
6,feston,5,fEst§
9,festonner,7,fEstone
8,festoyer,8,fEstwaje
4,feta,4,fEta
9,fettucine,9,fetutSine
3,feu,2,f2
10,feudataire,7,f2datER
9,feuillage,5,f9jaZ
11,feuillaison,6,f9jEz§
7,feuille,3,f9j
13,feuille-morte,7,f9jmORt
8,feuillet,4,f9jE
11,feuilletage,7,f9j°taZ
10,feuilleter,6,f9j°te
10,feuilleton,6,f9j°t§
14,feuilletoniste,10,f9j°tonist
10,feuillette,5,f9jEt
14,feuillettement,8,f9jEt°m@
9,feuilleté,6,f9j°te
7,feuillu,4,f9jy
9,feuillure,5,f9jyR
8,feuillée,4,f9je
4,feuj,3,f2Z
9,feulement,6,f9l°m@
6,feuler,4,f9le
6,feurre,3,f9R
8,feutrage,6,f2tRaZ
6,feutre,4,f2tR
7,feutrer,5,f2tRe
8,feutrine,6,f2tRin
6,feutré,5,f2tRe
3,fez,3,fEz
2,fi,2,fi
9,fiabilité,9,fjabilite
6,fiable,5,fjabl
6,fiacre,5,fjakR
7,fiancer,5,fj@se
6,fiancé,5,fj@se
11,fiançailles,7,fij@saj
6,fiasco,6,fjasko
7,fiasque,5,fjask
4,fiat,4,fjat
5,fibre,4,fibR
7,fibreux,5,fibR2
12,fibrillation,10,fibRilasj§
8,fibrille,6,fibRij
10,fibrilleux,7,fibRij2
8,fibrillé,7,fibRije
7,fibrine,6,fibRin
11,fibrinogène,10,fibRinOZEn
11,fibrociment,9,fibRosim@
7,fibrome,6,fibRom
10,fibroscope,9,fibRoskOp
11,fibroscopie,10,fibRoskOpi
7,fibrose,6,fibRoz
11,fibrotoxine,11,fibRotOksin
5,fibré,5,fibRe
6,fibule,5,fibyl
3,fic,3,fik
7,ficeler,6,fis°le
7,ficelle,5,fisEl
6,ficelé,6,fis°le
7,fichage,5,fiSaZ
8,fichaise,5,fiSEz
7,fichant,4,fiS@
5,fiche,3,fiS
6,ficher,4,fiSe
7,fichier,5,fiSje
7,fichtre,5,fiStR
11,fichtrement,8,fiStR°m@
5,fichu,4,fiSy
6,fictif,6,fiktif
7,fiction,6,fiksj§
10,fictionnel,9,fiksjonEl
11,fictivement,9,fiktiv°m@
5,ficus,5,fikys
10,fiduciaire,8,fidysjER
7,fiducie,6,fidysi
6,fidèle,5,fidEl
10,fidèlement,8,fidEl°m@
11,fidéicommis,9,fideikomi
9,fidéliser,8,fidElize
8,fidélité,8,fidelite
4,fief,4,fjEf
6,fieffé,5,fjefe
4,fiel,4,fjEl
5,field,4,fild
13,fielleusement,9,fjEl2z°m@
8,fielleux,5,fjEl2
6,fiente,4,fj@t
8,fienteux,5,fj@t2
4,fier,4,fjER
4,fier,3,fje
11,fier-à-bras,8,fjERabRa
12,fiers-à-bras,8,fjERabRa
6,fierté,6,fjERte
6,fiesta,6,fjEsta
4,fieu,3,fj2
5,fieux,3,fj2
4,fifi,4,fifi
7,fifille,5,fifij
5,fifre,4,fifR
8,fifrelin,7,fifR°l5
7,fifties,5,fifti
5,fifty,5,fifti
11,fifty-fifty,10,fiftififti
6,figaro,6,figaRo
5,figer,4,fiZe
7,fignard,5,fiNaR
9,fignolage,7,fiNolaZ
8,fignoler,6,fiNole
9,fignoleur,7,fiNol9R
5,figue,3,fig
7,figuier,5,figje
8,figurant,6,figyR@
9,figuratif,9,figyRatif
10,figuration,9,figyRasj§
14,figurativement,12,figyRativ°m@
6,figure,5,figyR
7,figurer,6,figyRe
8,figurine,7,figyRin
6,figuré,6,figyRe
4,figé,4,fiZe
3,fil,3,fil
9,fil-à-fil,7,filafil
6,filage,5,filaZ
7,filaire,5,filER
8,filament,6,filam@
11,filamenteux,8,filam@t2
10,filandreux,7,fil@dR2
6,filant,4,fil@
9,filariose,8,filaRjoz
7,filasse,5,filas
8,filateur,7,filat9R
8,filature,7,filatyR
4,file,3,fil
11,file-la-moi,8,fillamwa
5,filer,4,file
5,filet,4,filE
8,filetage,7,fil°taZ
6,fileté,6,fil°te
6,fileur,5,fil9R
6,filial,6,filjal
7,filiale,6,filjal
11,filialement,9,filjal°m@
9,filiation,8,filjasj§
9,filiforme,8,filifORm
9,filigrane,8,filigRan
5,filin,4,fil5
8,filioque,6,filjOk
7,filière,6,filjER
5,fille,3,fij
10,fille-mère,6,fijmER
8,fillette,5,fijEt
7,filleul,5,fij9l
6,fillér,4,fjeR
4,film,4,film
10,film-livre,8,filmlivR
7,filmage,6,filmaZ
6,filmer,5,filme
8,filmique,6,filmik
12,filmographie,10,filmogRafi
11,filmothèque,8,filmOtEk
9,filochard,7,filoSaR
7,filoche,5,filOS
8,filocher,6,filoSe
9,filoguidé,8,filogide
5,filon,4,fil§
9,filoselle,7,filozEl
5,filou,4,filu
8,filouter,6,filute
10,filouterie,8,filut°Ri
4,fils,3,fis
8,filtrage,7,filtRaZ
8,filtrant,6,filtR@
10,filtration,9,filtRasj§
6,filtre,5,filtR
7,filtrer,6,filtRe
4,filé,4,file
3,fin,2,f5
6,finage,5,finaZ
5,final,5,final
6,finale,5,final
10,finalement,8,final°m@
12,finalisation,11,finalizasj§
9,finaliser,8,finalize
9,finaliste,8,finalist
8,finalité,8,finalite
7,finance,5,fin@s
11,financement,8,fin@s°m@
8,financer,6,fin@se
9,financier,7,fin@sje
14,financièrement,11,fin@sjER°m@
8,finasser,6,finase
10,finasserie,8,finas°Ri
6,finaud,4,fino
4,fine,3,fin
8,finement,6,fin°m@
7,finesse,5,finEs
5,finet,4,finE
7,finette,5,finEt
4,fini,4,fini
5,finir,5,finiR
6,finish,5,finiS
9,finissant,6,finis@
9,finisseur,7,finis9R
8,finition,7,finisj§
8,finitude,7,finityd
10,finlandais,6,f5l@dE
14,finlandisation,11,f5l@dizasj§
7,finnois,5,finwa
5,fiole,4,fjOl
4,fion,3,fj§
5,fiord,5,fjORd
9,fioriture,8,fjoRityR
5,fioul,4,fjul
9,firmament,7,fiRmam@
6,firman,5,fiRm@
5,firme,4,fiRm
4,fisc,4,fisk
6,fiscal,6,fiskal
11,fiscalement,9,fiskal°m@
10,fiscaliste,9,fiskalist
9,fiscalité,9,fiskalite
5,fissa,4,fisa
8,fissible,6,fisibl
7,fission,5,fisj§
10,fissionner,7,fisjone
7,fissure,5,fisyR
8,fissurer,6,fisyRe
6,fiston,5,fist§
7,fistule,6,fistyl
7,fitness,6,fitnEs
12,five o'clock,9,fajvoklOk
6,fivete,5,fivEt
6,fixage,6,fiksaZ
8,fixateur,8,fiksat9R
7,fixatif,8,fiksatif
8,fixation,8,fiksasj§
4,fixe,4,fiks
8,fixement,7,fiks°m@
5,fixer,5,fikse
7,fixette,6,figzEt
6,fixing,6,fiksiG
6,fixité,7,fiksite
4,fixé,5,fikse
9,fièrement,7,fjER°m@
6,fièvre,5,fjEvR
6,fiérot,5,fjeRo
13,fiévreusement,10,fjevR2z°m@
8,fiévreux,6,fjevR2
5,fjord,5,fjORd
3,fla,3,fla
4,flac,4,flak
8,flaccide,7,flaksid
10,flaccidité,10,flaksidite
6,flache,4,flaS
6,flacon,5,flak§
6,flafla,6,flafla
4,flag,4,flag
7,flagada,7,flagada
10,flagellant,7,flaZ2l@
12,flagellateur,10,flaZElat9R
12,flagellation,10,flaZElasj§
8,flagelle,6,flaZEl
9,flageller,7,flaZele
8,flagellé,7,flaZEle
10,flageolant,7,flaZol@
9,flageoler,7,flaZole
9,flageolet,7,flaZolE
9,flagorner,8,flagORne
11,flagornerie,10,flagORn°Ri
10,flagorneur,9,flagORn9R
9,flagrance,7,flagR@s
8,flagrant,6,flagR@
5,flair,4,flER
7,flairer,5,fleRe
8,flaireur,6,flER9R
7,flamand,5,flam@
7,flamant,5,flam@
8,flambant,5,fl@b@
8,flambard,6,fl@baR
6,flambe,4,fl@b
8,flambeau,5,fl@bo
7,flamber,5,fl@be
9,flamberge,7,fl@bERZ
8,flambeur,6,fl@b9R
12,flamboiement,8,fl@bwam@
11,flamboyance,9,fl@bwaj@s
10,flamboyant,8,fl@bwaj@
9,flamboyer,8,fl@bwaje
6,flambé,5,fl@be
7,flambée,5,fl@be
8,flamenco,8,flamEnko
7,flamine,6,flamin
6,flamme,4,flam
9,flammèche,6,flamES
6,flammé,5,flame
4,flan,3,fl@
5,flanc,3,fl@
11,flanc-garde,7,fl@gaRd
8,flancher,5,fl@Se
8,flanchet,5,fl@SE
8,flandrin,6,fl@dR5
8,flanelle,6,flanEl
11,flanquement,7,fl@k°m@
8,flanquer,5,fl@ke
5,flapi,5,flapi
6,flaque,4,flak
5,flash,4,flaS
10,flash-back,7,flaSbak
8,flashage,6,flaSaZ
7,flasher,5,flaSe
8,flasheur,6,flaS9R
5,flask,5,flask
7,flasque,5,flask
4,flat,3,fla
7,flatter,5,flate
9,flatterie,7,flat°Ri
8,flatteur,6,flat9R
10,flatulence,8,flatyl@s
9,flatulent,7,flatyl@
10,flatuosité,10,flat8ozite
12,flatus vocis,9,flatyvosi
5,flave,4,flav
7,flaveur,6,flav9R
11,flegmatique,9,flEgmatik
15,flegmatiquement,12,flEgmatik°m@
11,flegmatisme,10,flEgmatizm
6,flegme,5,flEgm
8,flemmard,6,flemaR
10,flemmarder,8,flemaRde
11,flemmardise,9,flEmaRdiz
6,flemme,4,flEm
7,flemmer,5,fleme
5,fleur,4,fl9R
8,fleurage,6,fl9RaZ
11,fleurdelisé,10,fl9Rd°lize
7,fleurer,5,fl9Re
7,fleuret,5,fl9RE
9,fleurette,6,fl9REt
6,fleuri,5,fl9Ri
7,fleurir,6,fl9RiR
11,fleurissant,7,fl9Ris@
13,fleurissement,9,fl9Ris°m@
9,fleuriste,7,fl9Rist
7,fleuron,5,fl9R§
10,fleuronner,7,fl9ROne
6,fleuve,4,fl9v
11,flexibilité,12,flEksibilite
8,flexible,8,flEksibl
7,flexion,7,flEksj§
10,flexuosité,11,flEks8ozite
8,flibuste,7,flibyst
10,flibustier,9,flibystje
4,flic,4,flik
7,flicage,6,flikaZ
9,flicaille,6,flikaj
7,flicard,6,flikaR
8,flingage,6,fl5gaZ
7,flingot,5,fl5go
7,flingue,4,fl5g
8,flinguer,5,fl5ge
9,flingueur,6,fl5g9R
5,flint,5,flint
4,flip,4,flip
9,flip-flap,8,flipflap
9,flip-flop,8,flipflOp
7,flipper,5,flipe
6,flippé,5,flipe
7,fliquer,5,flike
9,fliquesse,6,flikEs
6,fliqué,5,flike
5,flirt,5,fl9Rt
10,flirtation,9,fl9Rtasj§
7,flirter,6,fl9Rte
8,flirteur,7,fl9Rt9R
4,floc,4,flOk
6,floche,4,flOS
6,flocon,5,flok§
10,floconneux,7,flokon2
11,floculation,10,flokylasj§
8,flonflon,6,fl§fl§
5,flood,4,flud
4,flop,4,flOp
6,flopée,5,flope
9,floraison,7,floREz§
6,floral,6,floRal
9,floralies,7,floRali
5,flore,4,flOR
8,florence,6,floR@s
9,florentin,7,floR@t5
9,florilège,8,floRilEZ
6,florin,5,floR5
12,florissaient,7,floRisE
10,florissait,7,floRisE
10,florissant,7,floRis@
6,florès,6,floREs
7,floréal,7,floReal
4,flot,3,flo
12,flottabilité,11,flotabilite
8,flottage,6,flotaZ
10,flottaison,7,flotEz§
8,flottant,5,flot@
10,flottation,8,flOtasj§
6,flotte,4,flOt
10,flottement,7,flOt°m@
7,flotter,5,flote
8,flotteur,6,flot9R
9,flottille,6,flotij
4,flou,3,flu
6,flouer,4,flue
8,flouerie,5,fluRi
6,flouse,4,fluz
6,flouve,4,fluv
10,flouzaille,6,fluzaj
6,flouze,4,fluz
9,fluctuant,7,flykt8@
11,fluctuation,10,flykt8asj§
8,fluctuer,7,flykt8e
7,fluence,5,fly@s
5,fluet,4,flyE
6,fluide,5,fl8id
10,fluidement,8,fl8id°m@
11,fluidifiant,9,fl8idifj@
10,fluidifier,9,fl8idifje
8,fluidité,8,fl8idite
4,fluo,4,flyo
5,fluor,5,flyOR
12,fluorescence,9,flyoRes@s
11,fluorescent,8,flyoRes@
12,fluorescéine,10,flyOResein
13,fluorhydrique,10,flyoRidRik
8,fluorite,7,flyORit
8,fluorure,7,flyoRyR
5,flush,4,fl9S
7,fluvial,7,flyvjal
10,fluviatile,9,flyvjatil
4,flux,3,fly
7,fluxion,7,flyksj§
5,flâne,4,flan
6,flâner,5,flane
8,flânerie,7,flan°Ri
7,flâneur,6,flan9R
8,flâneuse,6,flan2z
9,flânocher,7,flanoSe
6,flèche,4,flES
5,fléau,4,fleo
7,flécher,5,fleSe
9,fléchette,6,fleSEt
7,fléchir,6,fleSiR
13,fléchissement,9,fleSis°m@
11,fléchisseur,8,fleSis9R
6,fléché,5,fleSe
6,fléole,5,fleOl
6,flétan,5,flet@
7,flétrir,7,fletRiR
11,flétrissant,8,fletRis@
13,flétrissement,10,fletRis°m@
11,flétrissure,9,fletRisyR
5,flûte,4,flyt
6,flûter,5,flyte
7,flûtiau,6,flytjo
8,flûtiste,7,flytist
5,flûté,5,flyte
3,foc,3,fOk
5,focal,5,fokal
6,focale,5,fokal
12,focalisation,11,fokalizasj§
9,focaliser,8,fokalize
5,foehn,3,f2n
6,foetal,5,fetal
6,foetus,5,fetys
7,fofolle,5,fofOl
3,foi,3,fwa
4,foie,3,fwa
4,foil,4,fOjl
4,foin,3,fw5
7,foirade,6,fwaRad
7,foirail,6,fwaRaj
5,foire,4,fwaR
6,foirer,5,fwaRe
7,foireux,5,fwaR2
8,foiridon,7,fwaRid§
4,fois,3,fwa
6,foison,5,fwaz§
10,foisonnant,7,fwazon@
12,foisonnement,9,fwazOn°m@
9,foisonner,7,fwazone
3,fol,3,fOl
7,folasse,5,folas
9,foldingue,6,fold5g
8,folichon,6,fOliS§
5,folie,4,foli
8,folingue,5,fol5g
5,folio,5,foljo
7,folique,5,fOlik
4,folk,4,fOlk
6,folklo,6,fOlklo
8,folklore,7,fOlklOR
11,folklorique,9,fOlkloRik
11,folkloriste,10,fOlkloRist
11,folledingue,7,fOl°d5g
9,follement,6,fOl°m@
6,follet,4,folE
12,folliculaire,9,folikylER
9,follicule,7,folikyl
11,folliculite,9,fOlikylit
9,follingue,5,fol5g
7,folâtre,6,folatR
8,folâtrer,7,folatRe
8,fomenter,6,fom@te
6,foncer,4,f§se
7,fonceur,5,f§s9R
7,foncier,5,f§sje
12,foncièrement,9,f§sjER°m@
8,foncteur,6,f§kt9R
8,fonction,6,f§ksj§
13,fonctionnaire,9,f§ksjonER
15,fonctionnaliste,12,f§ksjonalist
14,fonctionnalité,12,f§ksjOnalite
11,fonctionnel,9,f§ksjonEl
17,fonctionnellement,12,f§ksjonEl°m@
14,fonctionnement,10,f§ksjOn°m@
11,fonctionner,8,f§ksjone
5,foncé,4,f§se
4,fond,2,f§
11,fondamental,9,f§dam@tal
16,fondamentalement,12,f§dam@tal°m@
15,fondamentalisme,12,f§dam@talism
15,fondamentaliste,12,f§dam@talist
7,fondant,4,f§d@
9,fondateur,7,f§dat9R
9,fondation,7,f§dasj§
9,fondement,6,f§d°m@
6,fonder,4,f§de
8,fonderie,6,f§d°Ri
7,fondeur,5,f§d9R
7,fondouk,5,f§duk
6,fondre,4,f§dR
9,fondrière,8,f§dRijER
5,fonds,2,f§
5,fondu,4,f§dy
6,fondue,4,f§dy
5,fondé,4,f§de
8,fongible,6,f§Zibl
9,fongicide,7,f§Zisid
8,fongique,5,f§Zik
6,fongus,4,f§gy
8,fontaine,5,f§tEn
11,fontainette,7,f§tEnEt
10,fontainier,7,f§tEnje
10,fontanelle,7,f§tanEl
5,fonte,3,f§t
5,fonts,2,f§
4,foot,3,fut
8,football,6,futbOl
11,footballeur,8,futbOl9R
19,footballeur-vedette,13,futbOl9Rv°dEt
15,footballistique,11,futbalistik
7,footeux,4,fut2
7,footing,5,futiG
3,for,3,fOR
6,forage,5,foRaZ
6,forain,4,foR5
7,foramen,7,foRamEn
6,forban,5,fORb@
5,force,4,fORs
9,forcement,7,fORs°m@
7,forcené,7,fORs°ne
7,forceps,7,fORsEps
6,forcer,5,fORse
7,forceur,6,fORs9R
7,forcing,6,fORsiG
6,forcir,6,fORsiR
5,forcé,5,fORse
9,forcément,7,fORsem@
14,foreign office,10,foRENnOfis
5,forer,4,foRe
9,forestier,8,foREstje
5,foret,4,foRE
6,foreur,5,foR9R
7,forfait,5,fORfE
11,forfaitaire,8,fORfEtER
10,forfaiture,8,fORfetyR
11,forfanterie,9,fORf@t°Ri
5,forge,4,fORZ
8,forgeage,6,fORZaZ
6,forger,5,fORZe
8,forgeron,7,fORZ°R§
7,forgeur,6,fORZ9R
7,forlane,6,fORlan
9,forlonger,7,fORl§Ze
7,formage,6,fORmaZ
12,formaldéhyde,10,fORmaldeid
10,formaliser,9,fORmalize
10,formalisme,9,fORmalizm
10,formaliste,9,fORmalist
9,formalisé,9,fORmalize
9,formalité,9,fORmalite
7,formant,5,fORm@
6,format,5,fORma
9,formatage,8,fORmataZ
8,formater,7,fORmate
9,formateur,8,fORmat9R
9,formation,8,fORmasj§
5,forme,4,fORm
6,formel,6,fORmEl
12,formellement,9,fORmEl°m@
6,former,5,fORme
7,formica,7,fORmika
6,formid,6,fORmid
10,formidable,9,fORmidabl
14,formidablement,12,fORmidabl°m@
7,formide,6,fORmid
8,formique,6,fORmik
6,formol,6,fORmOl
10,formulaire,8,fORmylER
11,formulation,10,fORmylasj§
7,formule,6,fORmyl
8,formuler,7,fORmyle
7,formulé,7,fORmyle
5,formé,5,fORme
11,fornicateur,10,fORnikat9R
11,fornication,10,fORnikasj§
9,forniquer,7,fORnike
4,fors,3,fOR
4,fort,3,fOR
5,forte,4,fORt
9,fortement,7,fORt°m@
10,forteresse,8,fORt°REs
8,fortiche,6,fORtiS
10,fortifiant,8,fORtifj@
13,fortification,12,fORtifikasj§
9,fortifier,8,fORtifje
8,fortifié,8,fORtifje
6,fortin,5,fORt5
10,fortissimo,9,fORtisimo
9,fortitude,8,fORtityd
11,fortraiture,9,fORtREtyR
7,fortuit,6,fORt8i
12,fortuitement,10,fORt8it°m@
7,fortune,6,fORtyn
7,fortuné,7,fORtyne
5,forum,5,foROm
7,forçage,6,fORsaZ
6,forçat,5,fORsa
5,forêt,4,foRE
5,fosse,3,fOs
8,fossette,5,fosEt
7,fossile,5,fosil
13,fossilisation,11,fosilizasj§
9,fossoyeur,8,foswaj9R
10,fossoyeuse,8,foswaj2z
5,fossé,4,fose
3,fou,2,fu
7,fou-fou,4,fufu
8,fou-rire,5,fuRiR
8,fouaille,4,fwaj
9,fouailler,5,fwaje
7,foucade,5,fukad
8,fouchtra,6,fuStRa
6,foudre,4,fudR
12,foudroiement,8,fudRwam@
10,foudroyant,8,fudRwaj@
9,foudroyer,8,fudRwaje
5,fouet,3,fwE
9,fouettard,6,fwEtaR
11,fouettement,7,fwEt°m@
8,fouetter,5,fwete
9,fouetteur,6,fuEt9R
7,fouetté,5,fwete
6,foufou,4,fufu
8,foufoune,5,fufun
11,foufounette,7,fufunEt
8,fougasse,5,fugas
9,fougeraie,6,fuZ°RE
6,fougue,3,fug
13,fougueusement,8,fug2z°m@
8,fougueux,4,fug2
7,fougère,5,fuZER
7,fouille,3,fuj
8,fouiller,4,fuje
10,fouillette,5,fujEt
9,fouilleur,5,fuj9R
8,fouillis,4,fuji
8,fouinard,6,fwinaR
6,fouine,4,fwin
7,fouiner,5,fwine
8,fouineur,6,fwin9R
5,fouir,4,fwiR
9,fouisseur,6,fwis9R
7,foulage,5,fulaZ
7,foulant,4,ful@
7,foulard,5,fulaR
6,foulbé,5,fulbe
5,foule,3,ful
6,fouler,4,fule
7,fouleur,5,ful9R
7,fouloir,6,fulwaR
6,foulon,4,ful§
7,foulque,4,fulk
7,foulure,5,fulyR
6,foulée,4,fule
4,four,3,fuR
6,fourbe,4,fuRb
7,fourber,5,fuRbe
9,fourberie,7,fuRb°Ri
6,fourbi,5,fuRbi
7,fourbir,6,fuRbiR
6,fourbu,5,fuRby
7,fourche,4,fuRS
8,fourcher,5,fuRSe
8,fourchet,5,fuRSE
10,fourchette,6,fuRSEt
7,fourchu,5,fuRSy
8,fourchée,5,fuRSe
7,fourgon,5,fuRg§
10,fourgonner,7,fuRgone
12,fourgonnette,8,fuRgonEt
7,fourgue,4,fuRg
8,fourguer,5,fuRge
6,fourme,4,fuRm
6,fourmi,5,fuRmi
11,fourmi-lion,8,fuRmilj§
10,fourmilier,8,fuRmilje
10,fourmilion,8,fuRmilj§
11,fourmillant,7,fuRmij@
13,fourmillement,9,fuRmij°m@
10,fourmiller,7,fuRmije
9,fournaise,6,fuRnEz
8,fourneau,5,fuRno
6,fourni,5,fuRni
8,fournier,6,fuRnje
7,fournil,5,fuRni
10,fourniment,7,fuRnim@
7,fournir,6,fuRniR
11,fournisseur,8,fuRnis9R
10,fourniture,8,fuRnityR
7,fournée,5,fuRne
8,fourrage,5,fuRaZ
12,fourragement,8,fuRaZ°m@
9,fourrager,6,fuRaZe
6,fourre,3,fuR
11,fourre-tout,5,fuRtu
8,fourreau,4,fuRo
7,fourrer,4,fuRe
8,fourreur,5,fuR9R
8,fourrier,5,fuRje
9,fourrière,6,fuRjER
8,fourrure,5,fuRyR
6,fourré,4,fuRe
12,fourvoiement,8,fuRvwam@
9,fourvoyer,8,fuRvwaje
8,fourvoyé,8,fuRvwaje
5,fouta,4,futa
8,foutaise,5,futEz
8,fouterie,6,fut°Ri
7,fouteur,5,fut9R
7,foutoir,6,futwaR
7,foutral,6,futRal
9,foutraque,6,futRak
6,foutre,4,futR
10,foutrement,7,futR°m@
9,foutrerie,7,futR°Ri
10,foutriquet,7,futRikE
5,foutu,4,futy
9,foutument,6,futym@
3,fox,4,fOks
11,fox-terrier,9,fOkstERje
8,fox-trot,7,fOkstRo
6,foyard,6,fwajaR
5,foyer,5,fwaje
5,foëne,4,fwEn
3,fra,3,fRa
4,frac,4,fRak
6,fracas,5,fRaka
10,fracassant,7,fRakas@
9,fracasser,7,fRakase
8,fracassé,7,fRakase
7,fractal,7,fRaktal
8,fraction,7,fRaksj§
11,fractionnel,10,fRaksjonEl
14,fractionnement,11,fRaksjOn°m@
11,fractionner,9,fRaksjone
8,fracture,7,fRaktyR
9,fracturer,8,fRaktyRe
8,fracturé,8,fRaktyRe
7,fractus,7,fRaktys
7,fragile,6,fRaZil
11,fragilement,9,fRaZil°m@
10,fragiliser,9,fRaZilize
9,fragilisé,9,fRaZilize
9,fragilité,9,fRaZilite
8,fragment,6,fRagm@
12,fragmentaire,9,fRagm@tER
13,fragmentation,11,fRagm@tasj§
10,fragmenter,8,fRagm@te
9,fragmenté,8,fRagm@te
9,fragrance,7,fRagR@s
8,fragrant,6,fRagR@
4,frai,3,fRE
7,frairie,5,fRERi
5,frais,3,fRE
6,fraise,4,fREz
7,fraiser,5,fREze
8,fraiseur,6,fREz9R
18,fraiseur-outilleur,12,fREz9Rutij9R
8,fraisier,6,fRezje
7,fraisil,6,fREzil
9,framboise,7,fR@bwaz
11,framboisier,9,fR@bwazje
5,franc,3,fR@
13,franc-comtois,8,fR@k§twa
9,franc-jeu,5,fR@Z2
11,franc-maçon,7,fR@mas§
16,franc-maçonnerie,11,fR@masOn°Ri
12,franc-parler,8,fR@paRle
12,franc-tireur,8,fR@tiR9R
8,francatu,7,fR@katy
9,francfort,7,fR@kfOR
11,franchement,7,fR@S°m@
8,franchir,6,fR@SiR
11,franchisage,8,fR@SizaZ
9,franchise,6,fR@Siz
10,franchiser,7,fR@Size
14,franchissement,9,fR@Sis°m@
14,franchouillard,8,fR@SujaR
12,francisation,10,fR@sizasj§
11,franciscain,8,fR@sisk5
9,franciser,7,fR@size
10,francisque,7,fR@sisk
8,francité,7,fR@site
6,franco,5,fR@ko
15,franco-africain,11,fR@koafRik5
15,franco-allemand,10,fR@koal°m@
16,franco-américain,12,fR@koameRik5
14,franco-anglais,9,fR@ko@glE
12,franco-belge,9,fR@kobElZ
18,franco-britannique,13,fR@kobRitanik
15,franco-canadien,12,fR@kokanadj5
16,franco-italienne,12,fR@koitaljEn
15,franco-libanais,11,fR@kolibanE
12,franco-russe,8,fR@koRys
17,franco-soviétique,13,fR@kosovjetik
13,franco-syrien,10,fR@kosiRj5
13,franco-turque,9,fR@kotyRk
17,franco-vietnamien,14,fR@kovjEtnamj5
11,francomanie,9,fR@komani
11,francophile,8,fR@kofil
12,francophilie,9,fR@kofili
12,francophobie,9,fR@kofobi
11,francophone,8,fR@kofOn
12,francophonie,9,fR@kofoni
16,francs-bourgeois,9,fR@buRZwa
6,frange,4,fR@Z
7,frangin,5,fR@Z5
10,frangipane,8,fR@Zipan
9,franglais,6,fR@glE
9,frankaoui,7,fR@kawi
8,franklin,6,fR@kl5
7,franque,4,fR@k
10,franquette,6,fR@kEt
10,franquisme,7,fR@kizm
10,franquiste,7,fR@kist
8,français,5,fR@sE
11,frapadingue,8,fRapad5g
12,frappadingue,8,fRapad5g
8,frappant,5,fRap@
6,frappe,4,fRap
10,frappement,7,fRap°m@
7,frapper,5,fRape
8,frappeur,6,fRap9R
6,frappé,5,fRape
6,fraser,5,fRaze
7,frasque,5,fRask
6,frater,6,fRatER
9,fraternel,9,fRatERnEl
15,fraternellement,12,fRatERnEl°m@
14,fraternisation,13,fRatERnizasj§
11,fraterniser,10,fRatERnize
10,fraternité,10,fRatERnite
10,fratricide,9,fRatRisid
7,fratrie,6,fRatRi
6,fraude,4,fRod
7,frauder,5,fRode
8,fraudeur,6,fRod9R
15,frauduleusement,11,fRodyl2z°m@
10,frauduleux,7,fRodyl2
6,frayer,5,fReje
7,frayeur,6,fREj9R
6,frayée,5,fReje
11,fraîchement,7,fRES°m@
9,fraîcheur,6,fRES9R
8,fraîchir,6,fReSiR
5,freak,4,fREk
12,fredonnement,9,fR°dOn°m@
9,fredonner,7,fR°done
9,free jazz,7,fRidZaz
9,free-jazz,7,fRidZaz
10,free-lance,6,fRil@s
9,freelance,6,fRil@s
7,freesia,6,fRizja
7,freezer,6,fRiz9R
5,frein,3,fR5
8,freinage,6,fREnaZ
7,freiner,5,fRene
8,frelater,7,fR2late
7,frelaté,7,fR°late
6,frelon,5,fR°l§
9,freluquet,7,fR°lykE
6,french,5,fREnS
7,fresque,5,fREsk
10,fresquiste,8,fREskist
4,fret,3,fRE
6,fretin,5,fR°t5
6,frette,4,fREt
8,freudien,6,fR2dj5
9,freudisme,7,fR2dizm
5,freux,3,fR2
10,friabilité,11,fRijabilite
7,friable,7,fRijabl
6,friand,5,fRij@
9,friandise,8,fRij@diz
4,fric,4,fRik
9,fric-frac,8,fRikfRak
10,fricadelle,8,fRikadEl
10,fricandeau,7,fRik@do
8,fricasse,6,fRikas
9,fricassée,7,fRikase
8,fricatif,8,fRikatif
6,friche,4,fRiS
7,frichti,6,fRiSti
6,fricot,5,fRiko
9,fricotage,8,fRikotaZ
8,fricoter,7,fRikote
9,fricoteur,8,fRikot9R
8,friction,7,fRiksj§
11,frictionner,9,fRiksjone
8,fridolin,7,fRidOl5
10,frigidaire,8,fRiZidER
7,frigide,6,fRiZid
9,frigidité,9,fRiZidite
5,frigo,5,fRigo
11,frigorifier,10,fRigoRifje
12,frigorifique,10,fRigoRifik
10,frigorifié,10,fRigoRifje
11,frigorigène,10,fRigORiZEn
12,frileusement,9,fRil2z°m@
7,frileux,5,fRil2
9,frilosité,9,fRilozite
8,frimaire,6,fRimER
6,frimas,5,fRima
5,frime,4,fRim
6,frimer,5,fRime
7,frimeur,6,fRim9R
9,frimousse,6,fRimus
8,fringale,6,fR5gal
8,fringant,5,fR5g@
11,fringillidé,9,fR5Zilide
7,fringue,4,fR5g
8,fringuer,5,fR5ge
4,frio,5,fRijo
5,fripe,4,fRip
6,friper,5,fRipe
8,friperie,7,fRip°Ri
7,fripier,6,fRipje
6,fripon,5,fRip§
11,friponnerie,9,fRipOn°Ri
10,fripouille,6,fRipuj
13,fripouillerie,9,fRipuj°Ri
6,frippe,4,fRip
5,fripé,5,fRipe
6,friqué,5,fRike
5,frire,4,fRiR
7,frisant,5,fRiz@
7,frisbee,6,fRisbi
5,frise,4,fRiz
12,frise-poulet,8,fRizpulE
8,friseler,7,fRiz°le
8,friselis,7,fRiz°li
8,friselée,7,fRiz°le
6,friser,5,fRize
8,frisette,6,fRizEt
7,friseur,6,fRiz9R
6,frison,5,fRiz§
10,frisottant,7,fRizot@
12,frisottement,9,fRizOt°m@
9,frisotter,7,fRizote
9,frisottis,7,fRizoti
8,frisotté,7,fRizote
8,frisquet,6,fRiskE
9,frisselis,7,fRis°li
7,frisson,5,fRis§
11,frissonnant,7,fRison@
13,frissonnement,9,fRisOn°m@
10,frissonner,7,fRisone
7,frisure,6,fRizyR
5,frisé,5,fRize
5,frite,4,fRit
8,friterie,7,fRit°Ri
6,fritte,4,fRit
7,fritter,5,fRite
7,friture,6,fRityR
9,friturier,8,fRityRje
5,fritz,5,fRits
7,frivole,6,fRivOl
9,frivolité,9,fRivolite
4,froc,4,fROk
7,frocard,6,fRokaR
5,froid,4,fRwa
9,froidasse,7,fRwadas
10,froidement,8,fRwad°m@
8,froideur,7,fRwad9R
7,froidir,7,fRwadiR
8,froidure,7,fRwadyR
11,froissement,8,fRwas°m@
8,froisser,6,fRwase
7,froissé,6,fRwase
7,fromage,6,fRomaZ
8,fromager,7,fRomaZe
10,fromagerie,9,fRomaZ°Ri
7,fromegi,6,fRomZi
7,froment,5,fRom@
9,fromental,8,fRom@tal
8,frometon,7,fROm°t§
6,fronce,4,fR§s
10,froncement,7,fR§s°m@
7,froncer,5,fR§se
6,froncé,5,fR§se
10,frondaison,7,fR§dEz§
6,fronde,4,fR§d
8,frondeur,6,fR§d9R
5,front,3,fR§
7,frontal,6,fR§tal
10,frontalier,8,fR§talje
8,fronteau,5,fR§to
11,frontispice,9,fR§tispis
9,frontière,7,fR§tjER
7,fronton,5,fR§t§
8,frottage,6,fRotaZ
8,frottant,5,fRot@
10,frottement,7,fROt°m@
7,frotter,5,fRote
8,frotteur,6,fRot9R
13,frotti-frotta,10,fRotifRota
7,frottin,5,fRot5
7,frottis,5,fRoti
8,frottoir,7,fRotwaR
6,frotté,5,fRote
9,frou-frou,6,fRufRu
9,frouement,5,fRum@
8,froufrou,6,fRufRu
12,froufroutant,8,fRufRut@
14,froufroutement,10,fRufRut°m@
11,froufrouter,8,fRufRute
9,froussard,6,fRusaR
7,frousse,4,fRus
9,fructidor,9,fRyktidOR
14,fructification,13,fRyktifikasj§
10,fructifier,9,fRyktifje
8,fructose,7,fRyktoz
9,fructueux,7,fRykt82
6,frugal,6,fRygal
11,frugalement,9,fRygal°m@
9,frugalité,9,fRygalite
9,frugivore,8,fRyZivOR
5,fruit,4,fR8i
7,fruiter,6,fR8ite
8,fruiteux,6,fR8it2
8,fruitier,7,fR8itje
6,fruité,6,fR8ite
8,frusquer,6,fRyske
6,fruste,5,fRyst
9,frustrant,7,fRystR@
11,frustration,10,fRystRasj§
8,frustrer,7,fRystRe
7,frustré,7,fRystRe
5,frère,4,fRER
7,frégate,6,fRegat
6,frémir,6,fRemiR
10,frémissant,7,fRemis@
12,frémissement,9,fRemis°m@
8,frénésie,7,fRenezi
10,frénétique,8,fRenetik
14,frénétiquement,11,fRenetik°m@
5,fréon,4,fRe§
11,fréquemment,7,fRekam@
9,fréquence,6,fRek@s
8,fréquent,5,fRek@
12,fréquentable,9,fRek@tabl
13,fréquentation,10,fRek@tasj§
10,fréquenter,7,fRek@te
9,fréquenté,7,fRek@te
6,frérot,5,fReRo
6,fréter,5,fRete
10,frétillant,7,fRetij@
10,frétillard,8,fRetijaR
12,frétillement,9,fRetij°m@
9,frétiller,7,fRetije
9,frétillon,7,fRetij§
5,frêle,4,fREl
5,frêne,4,fREn
9,frôlement,7,fRol°m@
6,frôler,5,fRole
7,frôleur,6,fRol9R
7,fuchsia,5,fySja
4,fuel,4,fjul
8,fuel-oil,7,fjulOjl
6,fugace,5,fygas
10,fugacement,8,fygas°m@
8,fugacité,8,fygasite
7,fugitif,7,fyZitif
12,fugitivement,10,fyZitiv°m@
4,fugu,4,fygy
5,fugue,3,fyg
6,fuguer,4,fyge
7,fugueur,5,fyg9R
3,fui,3,f8i
4,fuie,3,f8i
4,fuir,4,f8iR
5,fuite,4,f8it
6,fuiter,5,f8ite
10,fulgurance,8,fylgyR@s
9,fulgurant,7,fylgyR@
11,fulguration,10,fylgyRasj§
8,fulgurer,7,fylgyRe
10,fuligineux,8,fyliZin2
8,fuligule,7,fyligyl
4,full,3,ful
12,full-contact,9,fulk§takt
9,fullerène,7,fyl°REn
10,fulmicoton,9,fylmikot§
9,fulminant,7,fylmin@
9,fulminate,8,fylminat
11,fulmination,10,fylminasj§
11,fulminement,9,fylmin°m@
8,fulminer,7,fylmine
6,fumaga,6,fymaga
6,fumage,5,fymaZ
9,fumailler,6,fymaje
8,fumaison,6,fymEz§
6,fumant,4,fym@
7,fumasse,5,fymas
14,fume-cigarette,10,fymsigaREt
5,fumer,4,fyme
7,fumerie,6,fym°Ri
7,fumeron,6,fym°R§
5,fumet,4,fymE
7,fumette,5,fymEt
6,fumeur,5,fym9R
6,fumeux,4,fym2
6,fumier,5,fymje
10,fumigateur,9,fymigat9R
10,fumigation,9,fymigasj§
7,fumiger,6,fymiZe
8,fumigène,7,fymiZEn
7,fumiste,6,fymist
10,fumisterie,9,fymist°Ri
6,fumoir,6,fymwaR
6,fumure,5,fymyR
4,fumé,4,fyme
5,fumée,4,fyme
3,fun,3,fyn
9,funambule,7,fyn@byl
13,funambulesque,10,fyn@bylEsk
7,funeste,6,fynEst
11,funestement,9,fynEst°m@
4,fung,3,fuG
11,funiculaire,9,fynikylER
4,funk,3,f1k
5,funky,5,f9nki
7,funèbre,6,fynEbR
11,funérailles,7,fyneRaj
9,funéraire,7,fyneRER
10,funérarium,10,fyneRaRjOm
15,fur et à mesure,10,fyReam°zyR
5,furax,6,fyRaks
5,furet,4,fyRE
8,furetage,7,fyR°taZ
7,fureter,6,fyR°te
8,fureteur,7,fyR°t9R
7,furette,5,fyREt
6,fureur,5,fyR9R
5,furia,5,fyRja
8,furibard,7,fyRibaR
8,furibond,6,fyRib§
5,furie,4,fyRi
12,furieusement,9,fyRj2z°m@
7,furieux,5,fyRj2
7,furioso,7,fyRjozo
8,furoncle,6,fyR§kl
11,furonculeux,8,fyR§kyl2
11,furonculose,9,fyR§kyloz
6,furtif,6,fyRtif
11,furtivement,9,fyRtiv°m@
9,furtivité,9,fyRtivite
6,fusain,4,fyz5
6,fusant,4,fyz@
6,fuseau,4,fyzo
8,fuselage,7,fyz°laZ
6,fuselé,6,fyz°le
5,fuser,4,fyze
7,fusible,6,fyzibl
9,fusiforme,8,fyzifORm
5,fusil,4,fyzi
17,fusil-mitrailleur,12,fyzimitRaj9R
8,fusilier,7,fyzilje
9,fusillade,7,fyzijad
8,fusiller,6,fyzije
7,fusillé,6,fyzije
6,fusion,5,fyzj§
9,fusionnel,8,fyzjonEl
12,fusionnement,9,fyzjOn°m@
9,fusionner,7,fyzjone
10,fustanelle,8,fystanEl
11,fustigation,10,fystigasj§
8,fustiger,7,fystiZe
5,fusée,4,fyze
6,futaie,4,fytE
8,futaille,5,fytaj
7,futaine,5,fytEn
5,futal,5,fytal
6,futile,5,fytil
10,futilement,8,fytil°m@
8,futilité,8,fytilite
5,futon,4,fyt§
5,futur,5,fytyR
9,futurisme,8,fytyRizm
9,futuriste,8,fytyRist
11,futurologue,9,fytyRolOg
4,futé,4,fyte
6,fuyant,5,f8ij@
6,fuyard,6,f8ijaR
7,fuégien,6,f8eZj5
2,fy,2,fi
6,fâcher,4,faSe
8,fâcherie,6,faS°Ri
12,fâcheusement,8,faS2z°m@
7,fâcheux,4,faS2
5,fâché,4,faSe
5,fèces,3,fEs
4,fève,3,fEv
4,féal,4,feal
7,fébrile,6,febRil
11,fébrilement,9,febRil°m@
9,fébrilité,9,febRilite
5,fécal,5,fekal
8,fécalome,7,fekalom
6,fécond,4,fek§
9,fécondant,6,fek§d@
11,fécondateur,9,fek§dat9R
11,fécondation,9,fek§dasj§
8,féconder,6,fek§de
9,fécondité,8,fek§dite
6,fécule,5,fekyl
8,féculent,6,fekyl@
7,fédéral,7,fedeRal
11,fédéralisme,10,fedeRalizm
11,fédéraliste,10,fedeRalist
10,fédérateur,9,fedeRat9R
10,fédération,9,fedeRasj§
7,fédérer,6,fedeRe
6,fédéré,6,fedeRe
3,fée,2,fe
6,féerie,4,feRi
8,féerique,5,feRik
12,féeriquement,9,feeRik°m@
7,félibre,6,felibR
9,félibrige,8,felibRiZ
12,félicitation,11,felisitasj§
9,féliciter,8,felisite
8,félicité,8,felisite
6,félidé,6,felide
5,félin,4,fel5
10,félinement,8,felin°m@
8,félinité,8,felinite
5,félon,4,fel§
7,félonie,6,feloni
7,féminin,6,femin5
12,féminisation,11,feminizasj§
9,féminiser,8,feminize
9,féminisme,8,feminizm
9,féministe,8,feminist
10,féminitude,9,feminityd
8,féminité,8,feminite
7,fémoral,7,femoRal
5,fémur,5,femyR
6,féodal,6,feodal
10,féodalisme,9,feodalizm
9,féodalité,9,feodalite
4,féra,4,feRa
5,féria,5,feRja
5,férir,5,feRiR
5,férié,5,feRje
6,féroce,5,feROs
10,férocement,8,feROs°m@
8,férocité,8,feRosite
4,féru,4,feRy
6,férule,5,feRyl
7,fétiche,5,fetiS
9,féticheur,7,fetiS9R
10,fétichisme,8,fetiSizm
10,fétichiste,8,fetiSist
6,fétide,5,fetid
8,fétidité,8,fetidite
4,fétu,4,fety
7,fétuque,5,fetyk
7,février,7,fevRije
4,fêle,3,fEl
5,fêler,4,fele
6,fêlure,5,felyR
4,fêlé,4,fele
6,fêtard,5,fEtaR
4,fête,3,fEt
9,fête-dieu,6,fEtdj2
5,fêter,4,fete
3,fût,2,fy
6,führer,5,fyR9R
1,g,2,Ze
4,gaba,4,gaba
9,gabardine,8,gabaRdin
6,gabare,5,gabaR
7,gabarit,6,gabaRi
6,gabbro,5,gabRo
7,gabegie,5,gabZi
7,gabelle,5,gabEl
7,gabelou,6,gab°lu
6,gabier,5,gabje
6,gabion,5,gabj§
5,gable,4,gabl
8,gabonais,6,gabonE
4,gade,3,gad
6,gadget,6,gadZEt
5,gadin,4,gad5
5,gadjo,5,gadZo
10,gadolinium,10,gadOlinjOm
6,gadoue,4,gadu
9,gadouille,5,gaduj
5,gaffe,3,gaf
6,gaffer,4,gafe
7,gaffeur,5,gaf9R
3,gag,3,gag
4,gaga,4,gaga
4,gage,3,gaZ
5,gager,4,gaZe
7,gageure,5,gaZyR
7,gagnage,5,gaNaZ
7,gagnant,4,gaN@
10,gagne-pain,5,gaNp5
11,gagne-petit,7,gaNp°ti
6,gagner,4,gaNe
7,gagneur,5,gaN9R
5,gagné,4,gaNe
4,gagé,4,gaZe
3,gai,2,gE
8,gaiement,4,gem@
6,gaieté,4,gete
4,gail,3,gEl
8,gaillard,5,gajaR
13,gaillardement,9,gajaRd°m@
11,gaillardise,8,gajaRdiz
7,gaillet,4,gajE
9,gaillette,5,gajEt
4,gain,2,g5
5,gaine,3,gEn
13,gaine-culotte,8,gEnkylOt
6,gainer,4,gene
3,gal,3,gal
4,gala,4,gala
10,galactique,8,galaktik
12,galactophore,10,galaktOfOR
6,galago,6,galago
9,galalithe,7,galalit
9,galamment,6,galam@
6,galant,4,gal@
10,galanterie,8,gal@t°Ri
9,galantine,7,gal@tin
8,galapiat,7,galapja
6,galate,5,galat
8,galathée,6,galate
7,galaxie,7,galaksi
5,galbe,4,galb
6,galber,5,galbe
5,galbé,5,galbe
4,gale,3,gal
7,galerie,6,gal°Ri
14,galerie-refuge,11,gal°RiR°fyZ
9,galeriste,8,gal°Rist
5,galet,4,galE
7,galetas,6,gal°ta
9,galetouse,7,gal°tuz
7,galette,5,galEt
9,galetteux,6,galEt2
6,galeux,4,gal2
7,galibot,6,galibo
8,galicien,7,galisj5
8,galiléen,7,galile5
10,galimatias,9,galimatja
6,galion,5,galj§
7,galiote,6,galjOt
9,galipette,7,galipEt
5,galle,3,gal
12,gallicanisme,10,galikanizm
9,gallinacé,8,galinase
7,galline,5,galin
8,gallique,5,galik
7,gallium,6,galjOm
5,gallo,4,galo
12,gallo-romain,8,galoRom5
7,gallois,5,galwa
8,galloise,6,galwaz
6,gallon,4,gal§
7,galoche,5,galOS
5,galon,4,gal§
9,galonnage,7,galonaZ
7,galonné,6,galone
5,galop,4,galo
8,galopade,7,galopad
8,galopant,6,galop@
6,galope,5,galOp
7,galoper,6,galope
7,galopin,6,galop5
9,galopiner,8,galopine
8,galoubet,6,galubE
6,galoup,4,galu
8,galtouse,6,galtuz
8,galuchat,6,galySa
6,galure,5,galyR
7,galurin,6,galyR5
10,galvanique,8,galvanik
10,galvaniser,9,galvanize
10,galvanisme,9,galvanizm
9,galvauder,7,galvode
10,galvaudeux,7,galvod2
6,galène,5,galEn
5,galée,4,gale
8,galéjade,7,galeZad
8,galéjeur,7,galeZ9R
9,galéniste,8,galenist
7,galérer,6,galeRe
8,galérien,7,galeRj5
5,gamay,4,gamE
9,gambadant,6,g@bad@
7,gambade,5,g@bad
8,gambader,6,g@bade
5,gambe,3,g@b
8,gamberge,6,g@bERZ
14,gambergeailler,9,g@bERZaje
9,gamberger,7,g@bERZe
8,gambette,5,g@bEt
9,gambiller,6,g@bije
6,gambit,4,g@bi
4,game,4,gEjm
7,gamelan,6,gam°l@
7,gamelle,5,gamEl
5,gamin,4,gam5
10,gaminement,8,gamin°m@
9,gaminerie,8,gamin°Ri
5,gamma,4,gama
14,gammaglobuline,12,gamaglobylin
6,gammas,4,gama
5,gamme,3,gam
6,gammée,4,game
6,gamète,5,gamEt
3,gan,3,gan
7,ganache,5,ganaS
9,ganaderia,9,ganadeRja
6,gandin,4,g@d5
8,gandoura,6,g@duRa
9,gandourah,6,g@duRa
4,gang,3,g@g
8,ganglion,7,g@glij§
9,gangrener,7,g@gR°ne
10,gangreneux,7,g@gR°n2
8,gangrené,7,g@gR°ne
8,gangrène,6,g@gREn
8,gangster,7,g@gstER
12,gangstérisme,10,g@gsteRizm
6,gangue,3,g@g
5,ganja,4,g@Za
5,ganse,3,g@s
4,gant,2,g@
8,gantelet,6,g@t°lE
8,ganterie,6,g@t°Ri
7,gantier,5,g@tje
5,ganté,4,g@te
3,gap,3,gap
7,gaperon,6,gap°R§
7,gapette,5,gapEt
6,garage,5,gaRaZ
9,garagiste,8,gaRaZist
7,garance,5,gaR@s
10,garancière,8,gaR@sjER
6,garant,4,gaR@
7,garanti,6,gaR@ti
8,garantie,6,gaR@ti
8,garantir,7,gaR@tiR
7,garbure,6,gaRbyR
5,garce,4,gaRs
8,garcette,6,gaRsEt
5,garde,4,gaRd
14,garde-barrière,11,gaRd°baRjER
10,garde-boue,7,gaRd°bu
15,garde-champêtre,11,gaRd°S@pEtR
12,garde-chasse,8,gaRd°Sas
14,garde-chiourme,10,gaRd°SjuRm
11,garde-corps,8,gaRd°kOR
10,garde-côte,8,gaRd°kot
9,garde-feu,7,gaRd°f2
15,garde-forestier,13,gaRd2fOREstje
9,garde-fou,7,gaRd°fu
15,garde-frontière,12,gaRd°fR§tjER
12,garde-malade,9,gaRdmalad
12,garde-manger,8,gaRdm@Ze
12,garde-meuble,9,gaRd°m9bl
13,garde-meubles,9,gaRd°m9bl
11,garde-pêche,8,gaRd°pES
10,garde-robe,8,gaRd°ROb
10,garde-voie,8,gaRd°vwa
9,garde-vue,7,gaRd°vy
12,garde-à-vous,7,gaRdavu
12,garden-party,11,gaRdEnpaRti
6,garder,5,gaRde
8,garderie,7,gaRd°Ri
13,gardes-chasse,8,gaRd°Sas
7,gardeur,6,gaRd9R
7,gardian,6,gaRdj@
7,gardien,6,gaRdj5
12,gardien-chef,9,gaRdj5SEf
11,gardiennage,9,gaRdjEnaZ
7,gardois,6,gaRdwa
6,gardon,5,gaRd§
5,gardé,5,gaRde
8,gardénal,8,gaRdenal
8,gardénia,8,gaRdenja
4,gare,3,gaR
7,garenne,5,gaREn
5,garer,4,gaRe
10,gargamelle,8,gaRgamEl
9,gargantua,8,gaRg@t8a
13,gargantuesque,10,gaRg@t8Esk
10,gargariser,9,gaRgaRize
10,gargarisme,9,gaRgaRizm
7,gargote,6,gaRgOt
9,gargotier,8,gaRgotje
12,gargouillant,7,gaRguj@
10,gargouille,6,gaRguj
14,gargouillement,9,gaRguj°m@
11,gargouiller,7,gaRguje
13,gargouillette,8,gaRgujEt
11,gargouillis,7,gaRguji
11,gargoulette,8,gaRgulEt
4,gari,4,gaRi
11,garibaldien,10,gaRibaldj5
9,garnement,7,gaRn°m@
5,garni,5,gaRni
6,garnir,6,gaRniR
8,garnison,7,gaRniz§
10,garnissage,8,gaRnisaZ
9,garniture,8,gaRnityR
5,garno,5,gaRno
5,garou,4,gaRu
7,garrick,5,gaRik
8,garrigue,5,gaRig
6,garrot,4,gaRo
8,garrotte,5,gaROt
9,garrotter,6,gaRote
4,gars,2,ga
6,garçon,5,gaRs§
8,garçonne,6,gaRsOn
9,garçonnet,7,gaRsonE
10,garçonnier,8,gaRsonje
11,garçonnière,9,gaRsonjER
7,gas-oil,6,gazOjl
6,gascon,5,gask§
6,gasoil,6,gazwal
8,gaspacho,8,gaspatSo
7,gaspard,6,gaspaR
10,gaspillage,8,gaspijaZ
9,gaspiller,7,gaspije
10,gaspilleur,8,gaspij9R
6,gaster,6,gastER
10,gastralgie,9,gastRalZi
12,gastrectomie,11,gastREktOmi
9,gastrique,7,gastRik
8,gastrite,7,gastRit
6,gastro,6,gastRo
15,gastro-entérite,12,gastRo@teRit
18,gastro-entérologue,14,gastRo@teRolOg
17,gastro-intestinal,15,gastRo5tEstinal
17,gastroentérologue,14,gastRo@teRolOg
11,gastrolâtre,10,gastRolatR
10,gastronome,9,gastRonOm
11,gastronomie,10,gastRonomi
13,gastronomique,11,gastRonomik
8,gastrula,8,gastRyla
11,gastéropode,10,gasteRopOd
5,gatte,3,gEt
6,gauche,3,goS
10,gauchement,6,goS°m@
7,gaucher,4,goSe
9,gaucherie,6,goS°Ri
7,gauchir,5,goSiR
9,gauchisme,6,goSizm
13,gauchissement,8,goSis°m@
9,gauchiste,6,goSist
6,gaucho,4,goSo
9,gaudriole,8,godRijOl
6,gaufre,4,gofR
9,gaufrette,6,gofREt
8,gaufrier,7,gofRije
6,gaufré,5,gofRe
6,gauldo,5,goldo
5,gaule,3,gol
9,gauleiter,8,golajt9R
6,gauler,4,gole
6,gaulis,4,goli
6,gaulle,3,gol
9,gaullisme,6,golizm
9,gaulliste,6,golist
7,gaulois,5,golwa
12,gauloisement,9,golwaz°m@
10,gaulthérie,7,golteRi
6,gaulée,4,gole
5,gaupe,3,gop
5,gauss,3,gos
7,gausser,4,gose
6,gavage,5,gavaZ
4,gave,3,gav
5,gaver,4,gave
6,gavial,6,gavjal
6,gaviot,5,gavjo
8,gavroche,6,gavROS
3,gay,2,gE
5,gayac,5,gajak
3,gaz,3,gaz
6,gazage,5,gazaZ
4,gaze,3,gaz
7,gazelle,5,gazEl
5,gazer,4,gaze
7,gazette,5,gazEt
6,gazeux,4,gaz2
6,gazier,5,gazje
9,gazinière,8,gazinjER
7,gazoduc,7,gazodyk
8,gazogène,7,gazoZEn
6,gazole,5,gazOl
8,gazoline,7,gazolin
9,gazomètre,8,gazomEtR
10,gazométrie,9,gazometRi
5,gazon,4,gaz§
7,gazonné,6,gazone
11,gazouillant,6,gazuj@
13,gazouillement,8,gazuj°m@
10,gazouiller,6,gazuje
10,gazouillis,6,gazuji
8,gazpacho,8,gaspatSo
4,gazé,4,gaze
9,gazéifier,8,gazeifje
8,gaélique,6,gaelik
7,gaîment,4,gem@
5,gaîté,4,gete
4,geai,2,ZE
5,gecko,4,ZEko
4,geez,4,dZiz
8,geignant,4,ZEN@
8,geignard,5,ZENaR
10,geignement,6,ZEN°m@
7,geindre,4,Z5dR
6,geisha,4,geSa
3,gel,3,ZEl
5,geler,4,Z°le
6,geline,5,Z°lin
9,gelinotte,7,ZelinOt
6,gelure,5,Z°lyR
4,gelé,4,Z°le
5,gelée,4,Z°le
5,gemme,3,ZEm
10,gemmologie,8,ZEmOlOZi
7,gencive,5,Z@siv
8,gendarme,6,Z@daRm
9,gendarmer,7,Z@daRme
11,gendarmerie,9,Z@daRm°Ri
6,gendre,4,Z@dR
5,genet,4,Z2nE
8,genevois,7,Z°n°vwa
11,gengis khan,11,dZEndZiskan
13,gengiskhanide,10,Z@Ziskanid
8,genièvre,7,Z°njEvR
5,genou,4,Z°nu
11,genouillère,7,Z°nujER
5,genre,3,Z@R
7,genreux,4,Z@R2
4,gens,2,Z@
4,gent,2,Z@
11,gentamicine,9,Z@tamisin
5,gente,3,Z@t
8,gentiane,6,Z@sjan
6,gentil,4,Z@ti
11,gentilhomme,7,Z@tijOm
9,gentilice,7,Z@tilis
11,gentillesse,7,Z@tijEs
9,gentillet,6,Z@tijE
9,gentiment,6,Z@tim@
9,gentleman,10,dZEntl°man
16,gentleman-farmer,15,ZEntl°manfaRm9R
6,gentry,7,dZEntRi
6,genèse,5,Z°nEz
9,genévrier,9,Z°nevRije
5,genêt,4,Z°nE
9,genêtière,8,Z°nEtjER
5,gerbe,4,ZERb
6,gerber,5,ZERbe
7,gerbier,6,ZERbje
8,gerbille,6,ZERbij
8,gerboise,7,ZERbwaz
6,gercer,5,ZERse
7,gerfaut,5,ZERfo
7,germain,5,ZERm5
10,germanique,8,ZERmanik
13,germanisation,12,ZERmanizasj§
10,germanisme,9,ZERmanizm
10,germaniste,9,ZERmanist
9,germanité,9,ZERmanite
9,germanium,9,ZERmanjOm
7,germano,7,ZERmano
13,germano-belge,11,ZERmanobElZ
17,germano-irlandais,13,ZERmanoiRl@dE
13,germano-russe,10,ZERmanoRys
18,germano-soviétique,15,ZERmanosovjetik
12,germanophile,10,ZERmanofil
13,germanophilie,11,ZERmanofili
12,germanophone,10,ZERmanOfOn
7,germant,5,ZERm@
5,germe,4,ZERm
6,germen,6,ZERmEn
6,germer,5,ZERme
8,germinal,8,ZERminal
11,germination,10,ZERminasj§
5,germé,5,ZERme
6,gerris,4,ZERi
10,gestapiste,9,gEstapist
7,gestapo,7,gEstapo
9,gestation,8,ZEstasj§
5,geste,4,ZEst
11,gesticulant,9,ZEstikyl@
13,gesticulation,12,ZEstikylasj§
14,gesticulatoire,13,ZEstikylatwaR
10,gesticuler,9,ZEstikyle
7,gestion,6,ZEstj§
12,gestionnaire,9,ZEstjonER
7,gestuel,7,ZEst8El
6,geyser,5,ZEzER
5,geôle,3,Zol
7,geôlier,5,Zolje
6,ghetto,4,gEto
4,ghât,2,ga
2,gi,2,Zi
6,giaour,5,ZjauR
7,gibbeux,4,Zib2
6,gibbon,4,Zib§
9,gibbosité,8,Zibozite
9,gibecière,8,Zib°sjER
7,gibelet,6,Zib°lE
7,gibelin,6,Zib°l5
9,gibelotte,7,Zib°lOt
7,giberne,6,ZibERn
5,gibet,4,ZibE
6,gibier,5,Zibje
8,giboulée,6,Zibule
8,giboyeux,7,Zibwaj2
5,gibus,5,Zibys
9,giclement,7,Zikl°m@
6,gicler,5,Zikle
7,gicleur,6,Zikl9R
6,giclée,5,Zikle
6,gidien,5,Zidj5
9,gidouille,5,Ziduj
5,gifle,4,Zifl
6,gifler,5,Zifle
3,gig,3,Zig
4,giga,4,Ziga
9,gigahertz,8,ZigaERts
11,gigantesque,8,Zig@tEsk
10,gigantisme,8,Zig@tizm
13,gigantomachie,10,Zig@tomaSi
7,gigogne,5,ZigON
9,gigolette,7,ZigolEt
6,gigolo,6,Zigolo
10,gigolpince,8,ZigOlp5s
5,gigot,4,Zigo
7,gigoter,6,Zigote
6,gigoté,6,ZigOte
5,gigue,3,Zig
7,gilbert,6,ZilbER
5,gilet,4,ZilE
7,gimmick,5,Z5mik
3,gin,4,dZin
8,gin-fizz,8,dZinfidz
8,gin-rami,8,dZinRami
9,gin-rummy,8,dZinRymi
7,gineste,6,ZinEst
9,gingembre,6,Z5Z@bR
6,gingin,4,Z5Z5
9,gingivite,7,Z5Zivit
6,ginkgo,4,Z5ko
7,ginseng,6,Zins@G
7,giocoso,8,dZjokozo
5,gipsy,5,Zipsi
6,girafe,5,ZiRaf
8,girafeau,6,ZiRafo
7,girafon,6,ZiRaf§
9,girandole,7,ZiR@dOl
8,giration,7,ZiRasj§
9,giratoire,8,ZiRatwaR
4,gire,3,ZiR
5,girer,4,ZiRe
5,girie,4,ZiRi
4,girl,4,g9Rl
11,girl friend,8,g9RlfR5d
10,girl-scout,8,g9Rlskut
7,girofle,6,ZiROfl
9,giroflier,9,ZiROflije
8,giroflée,7,ZiRofle
7,girolle,5,ZiROl
5,giron,4,ZiR§
6,girond,4,ZiR§
8,girondin,6,ZiR§d5
9,girouette,6,ZiRwEt
6,gisant,4,Ziz@
8,gisement,6,Ziz°m@
9,gisquette,6,ZiskEt
5,gitan,4,Zit@
5,giton,4,Zit§
7,givrage,6,ZivRaZ
5,givre,4,ZivR
6,givrer,5,ZivRe
5,givré,5,ZivRe
7,gla-gla,6,glagla
8,glabelle,6,glabEl
6,glabre,5,glabR
5,glace,4,glas
6,glacer,5,glase
9,glaciaire,7,glasjER
7,glacial,7,glasjal
12,glacialement,10,glasjal°m@
10,glaciation,9,glasjasj§
7,glacier,6,glasje
11,glaciologue,9,glasjOlOg
6,glacis,5,glasi
8,glacière,7,glasjER
5,glacé,5,glase
10,gladiateur,9,gladjat9R
9,glaglater,8,glaglate
6,glaire,4,glER
8,glaireux,5,glER2
6,glaise,4,glEz
8,glaiseux,5,glEz2
6,glaive,4,glEv
7,glamour,6,glamuR
7,glanage,6,glanaZ
5,gland,3,gl@
8,glandage,6,gl@daZ
6,glande,4,gl@d
7,glander,5,gl@de
8,glandeur,6,gl@d9R
12,glandilleuse,8,gl@dij2z
11,glandilleux,7,gl@dij2
12,glandouiller,7,gl@duje
13,glandouilleur,8,gl@duj9R
6,glandu,5,gl@dy
11,glandulaire,8,gl@dylER
5,glane,4,glan
6,glaner,5,glane
7,glaneur,6,glan9R
7,glanure,6,glanyR
6,glapir,6,glapiR
10,glapissant,7,glapis@
12,glapissement,9,glapis°m@
8,glaréole,7,glaReOl
4,glas,3,gla
8,glasnost,8,glasnOst
5,glass,4,glas
8,glaucome,6,glokom
7,glauque,4,glok
11,glauquement,7,glok°m@
7,glaviot,6,glavjo
9,glavioter,8,glavjote
7,glaçage,6,glasaZ
7,glaçant,5,glas@
6,glaçon,5,glas§
7,glaçure,6,glasyR
7,glaïeul,6,glaj9l
5,glide,4,glid
12,glioblastome,12,glijOblastom
6,gliome,5,gliom
8,glissade,6,glisad
9,glissando,7,glis@do
8,glissant,5,glis@
6,glisse,4,glis
13,glisse-la-moi,9,glislamwa
10,glissement,7,glis°m@
7,glisser,5,glise
9,glissière,7,glisjER
9,glissoire,7,gliswaR
6,global,6,global
11,globalement,9,global°m@
13,globalisation,12,globalizasj§
9,globalité,9,globalite
5,globe,4,glOb
13,globe-trotter,10,glObtROt9R
10,globulaire,8,globylER
7,globule,6,glObyl
9,globuleux,7,globyl2
9,globuline,8,globylin
12,glockenspiel,10,glokEnSpil
6,gloire,5,glwaR
9,glomérule,8,glomeRyl
4,glop,4,glOp
6,gloria,6,gloRja
9,gloriette,7,gloRjEt
9,glorieuse,7,gloRj2z
13,glorieusement,10,gloRj2z°m@
8,glorieux,6,gloRj2
13,glorification,12,gloRifikasj§
9,glorifier,8,gloRifje
8,gloriole,7,gloRjOl
5,glose,4,gloz
6,gloser,5,gloze
9,glossaire,6,glosER
13,glossématique,10,glosematik
6,glotte,4,glOt
9,glottique,6,glotik
8,glouglou,6,gluglu
14,glougloutement,10,gluglut°m@
11,glouglouter,8,gluglute
9,gloussant,5,glus@
11,gloussement,7,glus°m@
8,glousser,5,gluse
7,glouton,5,glut§
13,gloutonnement,9,glutOn°m@
12,gloutonnerie,9,glutOn°Ri
3,glu,3,gly
6,gluant,4,gly@
8,glucagon,7,glykag§
7,glucide,6,glysid
10,gluconique,8,glykOnik
7,glucose,6,glykoz
5,gluon,4,gly§
9,glutamate,8,glytamat
6,gluten,6,glytEn
7,glycine,6,glisin
6,glycol,6,glikOl
13,glycoprotéine,12,glikopROtein
8,glycémie,7,glisemi
9,glycérine,8,gliseRin
8,glycérol,8,gliseROl
6,glyphe,4,glif
5,glèbe,4,glEb
5,glène,4,glEn
8,glénoïde,7,glenOid
7,gna gna,4,NaNa
7,gnafron,5,NafR§
9,gnagnagna,6,NaNaNa
8,gnangnan,4,N@N@
5,gnard,3,NaR
6,gnaule,3,Nol
11,gnian-gnian,4,N@N@
6,gniard,3,NaR
6,gniouf,3,Nuf
7,gnocchi,4,NOki
8,gnognote,5,NoNOt
9,gnognotte,5,NoNOt
5,gnole,3,Nol
5,gnome,4,gnom
4,gnon,2,N§
5,gnose,4,gnoz
11,gnosticisme,10,gnostisizm
9,gnostique,7,gnostik
4,gnou,3,gnu
5,gnouf,3,Nuf
5,gnôle,3,Nol
2,go,2,go
4,goal,3,gol
6,gobage,5,gobaZ
12,gobe-mouches,6,gObmuS
7,gobelet,6,gOb°lE
7,gobelin,6,gOb°l5
5,gober,4,gobe
8,goberger,7,gobERZe
5,gobet,4,gobE
6,gobeur,5,gob9R
7,godasse,5,godas
6,goddam,5,gOdam
10,godelureau,8,god°lyRo
9,godemiché,8,god°miSe
5,goder,4,gode
5,godet,4,godE
7,godiche,5,godiS
7,godille,5,godij
8,godiller,6,godije
9,godilleur,7,godij9R
8,godillot,6,godijo
5,goglu,5,gOgly
4,gogo,4,gogo
5,gogol,5,gogOl
9,goguenard,7,gOg°naR
6,gogues,3,gOg
8,goguette,5,gogEt
7,goinfre,5,gw5fR
8,goinfrer,6,gw5fRe
10,goinfrerie,8,gw5fR°Ri
6,goitre,5,gwatR
8,goitreux,6,gwatR2
4,gold,4,gOld
6,golden,6,gOldEn
5,goldo,5,gOldo
5,golem,5,golEm
4,golf,4,gOlf
9,golf-club,8,gOlfkl9b
5,golfe,4,gOlf
7,golfeur,6,gOlf9R
8,golgotha,7,gOlgOta
7,goliath,6,gOliat
5,gombo,4,g§bo
6,gomina,6,gomina
7,gominer,6,gomine
7,gommage,5,gomaZ
5,gomme,3,gOm
6,gommer,4,gome
8,gommette,5,gOmEt
7,gommeux,4,gom2
7,gommier,5,gomje
5,gommé,4,gome
7,goménol,7,gomenOl
3,gon,3,gon
6,gonade,5,gonad
14,gonadotrophine,12,gOnadOtROfin
7,goncier,5,g§sje
4,gond,2,g§
6,gonder,4,g§de
9,gondolant,6,g§dol@
7,gondole,5,g§dOl
11,gondolement,8,g§dOl°m@
8,gondoler,6,g§dole
9,gondolier,7,g§dolje
7,gondolé,6,g§dole
4,gone,3,gon
7,gonelle,5,gonEl
8,gonfalon,6,g§fal§
8,gonfanon,6,g§fan§
9,gonflable,7,g§flabl
8,gonflage,6,g§flaZ
8,gonflant,5,g§fl@
6,gonfle,4,g§fl
10,gonflement,7,g§fl°m@
7,gonfler,5,g§fle
9,gonflette,6,g§flEt
8,gonfleur,6,g§fl9R
6,gonflé,5,g§fle
4,gong,3,g§g
10,gongoriste,8,g§goRist
10,goniomètre,9,gonjomEtR
10,gonococcie,9,gOnOkOksi
12,gonococcique,10,gOnOkOksik
9,gonocoque,7,gonokOk
9,gonorrhée,6,gonoRe
5,gonze,3,g§z
8,gonzesse,5,g§zEs
5,gopak,5,gopak
6,gopher,5,gOf9R
4,gord,3,gOR
7,gordien,6,gORdj5
4,gore,3,gOR
5,goret,4,goRE
5,gorge,4,gORZ
15,gorge-de-pigeon,10,gORZd2piZ§
7,gorgeon,5,gORZ§
6,gorger,5,gORZe
10,gorgerette,8,gORZ°REt
8,gorgerin,7,gORZ°R5
6,gorget,5,gORZE
7,gorgone,6,gORgOn
10,gorgonzola,9,gORg§zola
5,gorgé,5,gORZe
6,gorgée,5,gORZe
7,gorille,5,goRij
6,gosier,5,gozje
6,gospel,6,gospEl
7,gosplan,6,gospl@
5,gosse,3,gOs
9,gosseline,7,gOs°lin
4,goth,2,go
5,gotha,4,gota
8,gothique,5,gotik
5,goton,4,got§
7,gouache,4,gwaS
8,gouaille,4,gwaj
10,gouailleur,6,gwaj9R
9,goualante,6,gwal@t
7,goualer,5,gwale
6,gouape,4,gwap
5,gouda,4,guda
6,goudou,4,gudu
7,goudron,5,gudR§
11,goudronnage,8,gudRonaZ
10,goudronner,7,gudRone
11,goudronneux,7,gudRon2
9,goudronné,7,gudRone
5,gouet,3,gwE
7,gouffre,4,gufR
5,gouge,3,guZ
10,gougnafier,7,guNafje
9,gougoutte,5,gugut
7,gougère,5,guZER
6,gouine,4,gwin
6,goujat,4,guZa
10,goujaterie,8,guZat°Ri
6,goujon,4,guZ§
8,goulache,5,gulaS
8,goulafre,6,gulafR
6,goulag,5,gulag
8,goulasch,5,gulaS
5,goule,3,gul
6,goulet,4,gulE
8,goulette,5,gulEt
9,gouleyant,6,gulEj@
6,goulot,4,gulo
8,goulotte,5,gulOt
5,goulu,4,guly
6,goulée,4,gule
9,goulûment,6,gulym@
4,goum,3,gum
5,goumi,4,gumi
7,goumier,5,gumje
6,goupil,5,gupil
8,goupille,5,gupij
9,goupiller,6,gupije
9,goupillon,6,gupij§
4,gour,3,guR
5,goura,4,guRa
8,gourance,5,guR@s
6,gourbi,5,guRbi
5,gourd,3,guR
6,gourde,4,guRd
7,gourdin,5,guRd5
6,gourer,4,guRe
11,gourgandine,8,guRg@din
8,gourmand,5,guRm@
13,gourmandement,9,guRm@d°m@
10,gourmander,7,guRm@de
11,gourmandise,8,guRm@diz
6,gourme,4,guRm
7,gourmet,5,guRmE
9,gourmette,6,guRmEt
6,gourmé,5,guRme
6,gourou,4,guRu
6,gousse,3,gus
7,gousset,4,gusE
6,goutte,3,gut
11,gouttelette,7,gut°lEt
7,goutter,4,gute
10,gouttereau,6,gut°Ro
8,goutteux,4,gut2
9,gouttière,6,gutjER
11,gouvernable,9,guvERnabl
10,gouvernail,8,guvERnaj
11,gouvernance,8,guvERn@s
10,gouvernant,7,guvERn@
11,gouvernante,8,guvERn@t
8,gouverne,6,guvERn
12,gouvernement,9,guvERn°m@
14,gouvernemental,12,guvERn°m@tal
9,gouverner,7,guvERne
10,gouverneur,8,guvERn9R
11,gouvernorat,9,guvERnORa
11,gouzi-gouzi,8,guziguzi
3,goy,3,gOj
6,goyave,5,gojav
8,goyesque,6,gojEsk
7,goéland,5,goel@
8,goélette,6,goelEt
6,goémon,5,goem§
6,goétie,5,gOesi
4,goût,2,gu
6,goûter,4,gute
7,goûteur,5,gut9R
7,goûteux,4,gut2
5,graal,4,gRal
6,grabat,5,gRaba
10,grabataire,8,gRabatER
6,graben,6,gRab9n
7,grabuge,6,gRabyZ
7,gracier,6,gRasje
13,gracieusement,10,gRasj2z°m@
11,gracieuseté,10,gRasj2z°te
9,gracieusé,8,gRasj2ze
8,gracieux,6,gRasj2
7,gracile,6,gRasil
9,gracilité,9,gRasilite
6,gracié,6,gRasje
9,gradaille,6,gRadaj
9,gradation,8,gRadasj§
5,grade,4,gRad
6,grader,5,gRade
8,gradient,6,gRadj@
6,gradin,5,gRad5
10,graduation,9,gRad8asj§
7,graduel,7,gRad8El
13,graduellement,10,gRad8El°m@
7,graduer,6,gRad8e
6,gradus,6,gRadys
6,gradué,6,gRad8e
5,gradé,5,gRade
5,graff,4,gRaf
8,graffeur,6,gRaf9R
9,graffiter,7,gRafite
10,graffiteur,8,gRafit9R
8,graffiti,7,gRafiti
8,graffito,7,gRafito
9,grafigner,7,gRafiNe
8,grailler,5,gRaje
8,graillon,5,gRaj§
12,graillonnant,7,gRajon@
12,graillonneux,7,gRajon2
5,grain,3,gR5
6,graine,4,gREn
7,grainer,5,gREne
11,graineterie,9,gREn°t°Ri
10,grainetier,8,gREn°tje
9,graissage,6,gREsaZ
7,graisse,4,gREs
8,graisser,5,gRese
9,graisseur,6,gREs9R
9,graisseux,5,gREs2
7,graissé,5,gREse
4,gram,4,gRam
6,gramen,6,gRamEn
8,graminée,7,gRamine
8,grammage,6,gRamaZ
9,grammaire,6,gRamER
11,grammairien,8,gRamERj5
11,grammatical,10,gRamatikal
16,grammaticalement,13,gRamatikal°m@
6,gramme,4,gRam
7,grammer,5,gRame
10,gramophone,8,gRamofOn
5,grana,5,gRana
5,grand,3,gR@
11,grand-angle,7,gR@t@gl
11,grand-chose,6,gR@Soz
9,grand-duc,6,gR@dyk
11,grand-duché,7,gR@dySe
10,grand-faim,5,gR@f5
13,grand-guignol,8,gR@giNOl
18,grand-guignolesque,11,gR@giNOlEsk
10,grand-hâte,5,gR@at
11,grand-hôtel,8,gR@totEl
12,grand-maître,7,gR@mEtR
11,grand-messe,6,gR@mEs
10,grand-mère,6,gR@mER
11,grand-neige,6,gR@nEZ
14,grand-officier,10,gR@tofisje
11,grand-oncle,7,gR@t§kl
10,grand-papa,7,gR@papa
11,grand-peine,6,gR@pEn
10,grand-peur,6,gR@p9R
11,grand-place,7,gR@plas
12,grand-prêtre,8,gR@pREtR
10,grand-père,6,gR@pER
14,grand-quartier,9,gR@kaRtje
11,grand-route,6,gR@Rut
9,grand-rue,5,gR@Ry
11,grand-salle,6,gR@sal
11,grand-tante,6,gR@t@t
12,grand-vergue,7,gR@vERg
11,grand-voile,7,gR@vwal
10,grandement,7,gR@d°m@
9,grandesse,6,gR@dEs
7,grandet,5,gR@dE
8,grandeur,6,gR@d9R
11,grandiloque,8,gR@dilOk
14,grandiloquence,10,gR@dilok@s
13,grandiloquent,9,gR@dilok@
9,grandiose,7,gR@djoz
13,grandiosement,10,gR@djoz°m@
7,grandir,6,gR@diR
11,grandissant,7,gR@dis@
13,grandissement,9,gR@dis°m@
11,grandissime,8,gR@disim
14,grands-parents,7,gR@paR@
6,grange,4,gR@Z
9,grangette,6,gR@ZEt
6,granit,6,gRanit
7,granite,6,gRanit
10,granitique,8,gRanitik
7,granito,7,gRanito
7,granité,7,gRanite
10,granulaire,8,gRanylER
11,granulation,10,gRanylasj§
9,granuleux,7,gRanyl2
8,granulie,7,gRanyli
9,granulome,8,gRanylom
7,granulé,7,gRanyle
11,grape-fruit,8,gRapfR8i
6,graphe,4,gRaf
7,graphie,5,gRafi
9,graphique,6,gRafik
9,graphisme,7,gRafizm
9,graphiste,7,gRafist
8,graphite,6,gRafit
11,graphologie,9,gRafoloZi
13,graphologique,10,gRafoloZik
11,graphologue,8,gRafolOg
10,graphomane,8,gRafOman
11,graphomanie,9,gRafomani
11,graphomètre,9,gRafomEtR
11,graphophone,8,gRafofOn
6,grappa,5,gRapa
6,grappe,4,gRap
11,grappillage,8,gRapijaZ
10,grappiller,7,gRapije
11,grappilleur,8,gRapij9R
10,grappillon,7,gRapij§
7,grappin,5,gRap5
4,gras,3,gRa
11,gras-double,7,gRadubl
10,grassement,7,gRas°m@
10,grasseyant,7,gRasEj@
12,grasseyement,8,gRasEjm@
9,grasseyer,7,gRasEje
12,grassouillet,7,gRasujE
10,gratifiant,8,gRatifj@
13,gratification,12,gRatifikasj§
9,gratifier,8,gRatifje
6,gratin,5,gRat5
8,gratiner,7,gRatine
7,gratiné,7,gRatine
8,gratinée,7,gRatine
6,gratis,6,gRatis
14,gratis pro deo,12,gRatispRodeo
9,gratitude,8,gRatityd
6,gratos,6,gRatos
11,gratouillis,7,gRatuji
8,grattage,6,gRataZ
8,grattant,5,gRat@
6,gratte,4,gRat
11,gratte-ciel,8,gRatsjEl
10,gratte-cul,6,gRatky
10,gratte-dos,6,gRatdo
13,gratte-papier,9,gRatpapje
12,gratte-pieds,7,gRatpje
10,grattement,7,gRat°m@
7,gratter,5,gRate
8,gratteur,6,gRat9R
8,grattoir,7,gRatwaR
12,grattouiller,7,gRatuje
12,grattouillis,7,gRatuji
8,gratture,6,gRatyR
7,gratuit,6,gRat8i
12,gratuitement,10,gRat8it°m@
8,gratuité,8,gRat8ite
4,grau,3,gRo
7,gravats,5,gRava
5,grave,4,gRav
9,graveleux,7,gRav°l2
8,gravelle,6,gRavEl
9,gravement,7,gRav°m@
6,graver,5,gRave
7,graveur,6,gRav9R
7,gravide,6,gRavid
9,gravidité,9,gRavidite
7,gravier,6,gRavje
9,gravillon,7,gRavij§
6,gravir,6,gRaviR
10,gravissime,8,gRavisim
11,gravitation,10,gRavitasj§
14,gravitationnel,13,gRavitasjonEl
8,graviter,7,gRavite
7,gravité,7,gRavite
6,gravos,6,gRavos
8,gravosse,6,gRavos
7,gravure,6,gRavyR
5,gravé,5,gRave
4,gray,3,gRE
4,grec,4,gREk
6,gredin,5,gR°d5
5,green,4,gRin
8,greffage,6,gREfaZ
6,greffe,4,gREf
7,greffer,5,gRefe
8,greffier,6,gRefje
7,greffon,5,gREf§
6,greffé,5,gRefe
6,grelot,5,gR°lo
10,grelottant,7,gR°lot@
12,grelottement,9,gR°lOt°m@
9,grelotter,7,gR°lote
10,grelotteux,7,gR°lot2
8,greluche,6,gR°lyS
9,greluchon,7,gR°lyS§
8,grenache,6,gR°naS
9,grenadage,8,gR°nadaZ
7,grenade,6,gR°nad
8,grenader,7,gR°nade
9,grenadeur,8,gR2nad9R
9,grenadier,8,gR°nadje
9,grenadine,8,gR°nadin
9,grenaille,6,gR°naj
6,grenat,5,gR°na
7,grenier,6,gR°nje
10,grenoblois,9,gR°noblwa
12,grenouillage,8,gR°nujaZ
12,grenouillard,8,gR°nujaR
10,grenouille,6,gR°nuj
18,grenouille-taureau,10,gR°nujtoRo
12,grenouillère,8,gR2nujER
5,grenu,5,gR°ny
7,gressin,5,gRes5
8,gretchen,7,gR°tSEn
6,grever,5,gR°ve
7,gri-gri,6,gRigRi
8,gribiche,6,gRibiS
12,gribouillage,8,gRibujaZ
10,gribouille,6,gRibuj
11,gribouiller,7,gRibuje
12,gribouilleur,8,gRibuj9R
11,gribouillis,7,gRibuji
5,grief,6,gRijEf
8,griffage,6,gRifaZ
6,griffe,4,gRif
7,griffer,5,gRife
8,griffeur,6,gRif9R
7,griffon,5,gRif§
11,griffonnage,8,gRifonaZ
10,griffonner,7,gRifone
11,griffonneur,8,gRifOn9R
6,griffu,5,gRify
8,griffure,6,gRifyR
6,griffé,5,gRife
7,grifton,6,gRift§
10,grignotage,8,gRiNotaZ
12,grignotement,9,gRiNOt°m@
9,grignoter,7,gRiNote
9,grignotis,7,gRiNoti
6,grigou,5,gRigu
6,grigri,6,gRigRi
4,gril,4,gRil
5,grill,4,gRil
10,grill-room,7,gRilRum
8,grillade,6,gRijad
11,grilladerie,9,gRijad°Ri
8,grillage,6,gRijaZ
8,grillagé,7,gRijaZe
6,grille,4,gRij
11,grille-pain,6,gRijp5
7,griller,5,gRije
7,grillon,5,gRij§
6,grillé,5,gRije
7,grimace,6,gRimas
14,grimace-éclair,11,gRimaseklER
11,grimacement,9,gRimas°m@
8,grimacer,7,gRimase
9,grimacier,8,gRimasje
7,grimage,6,gRimaZ
9,grimaçant,7,gRimas@
6,grimer,5,gRime
8,grimoire,7,gRimwaR
8,grimpant,5,gR5p@
6,grimpe,4,gR5p
7,grimper,5,gR5pe
9,grimpette,6,gR5pEt
8,grimpeur,6,gR5p9R
7,grimpée,5,gR5pe
10,grincement,7,gR5s°m@
7,grincer,5,gR5se
7,grinche,4,gR5S
9,grincheux,5,gR5S2
8,grinchir,6,gR5SiR
9,gringalet,7,gR5galE
6,gringo,5,gRiGo
7,gringue,4,gR5g
8,gringuer,5,gR5ge
8,grinçant,5,gR5s@
5,griot,5,gRijo
7,griotte,6,gRijOt
4,grip,4,gRip
7,grippal,6,gRipal
6,grippe,4,gRip
10,grippe-sou,6,gRipsu
7,gripper,5,gRipe
6,grippé,5,gRipe
4,gris,3,gRi
10,gris-blanc,6,gRibl@
9,gris-bleu,6,gRibl2
9,gris-gris,6,gRigRi
10,gris-jaune,6,gRiZon
10,gris-perle,7,gRipERl
9,gris-rose,6,gRiRoz
9,gris-vert,6,gRivER
9,grisaille,6,gRizaj
7,grisant,5,gRiz@
6,grisbi,6,gRisbi
6,griser,5,gRize
8,griserie,7,gRiz°Ri
8,grisette,6,gRizEt
6,grison,5,gRiz§
10,grisonnant,7,gRizon@
9,grisonner,7,gRizone
8,grisotte,6,gRizOt
6,grisou,5,gRizu
8,grisâtre,7,gRizatR
5,grisé,5,gRize
5,grive,4,gRiv
6,grivet,5,gRivE
8,griveton,7,gRiv°t§
7,grivois,6,gRivwa
11,grivoiserie,10,gRivwaz°Ri
10,grivèlerie,9,gRivEl°Ri
7,grizzli,6,gRizli
7,grizzly,6,gRizli
10,grièvement,9,gRijEv°m@
12,groenlandais,9,gRoenl@dE
4,grog,4,gROg
6,groggy,5,gRogi
8,grognant,5,gRoN@
8,grognard,6,gRoNaR
9,grognasse,6,gRoNas
10,grognasser,7,gRoNase
6,grogne,4,gRON
10,grognement,7,gRON°m@
7,grogner,5,gRoNe
7,grognon,5,gRoN§
10,grognonner,7,gRoNone
5,groin,4,gRw5
5,grole,4,gROl
6,grolle,4,gROl
9,grommeler,7,gROm°le
13,grommellement,9,gRomEl°m@
8,grondant,5,gR§d@
10,grondement,7,gR§d°m@
7,gronder,5,gR§de
8,grondeur,6,gR§d9R
7,grondin,5,gR§d5
5,groom,4,gRum
4,gros,3,gRo
8,gros-bec,6,gRobEk
8,gros-cul,5,gRoky
10,gros-grain,6,gRogR5
12,gros-porteur,9,gRopORt9R
8,groschen,6,gRoS°n
9,groseille,6,gRozEj
11,groseillier,7,gRozEje
9,grossesse,6,gRosEs
8,grosseur,6,gRos9R
6,grossi,5,gRosi
8,grossier,6,gRosje
7,grossir,6,gRosiR
11,grossissant,7,gRosis@
13,grossissement,9,gRosis°m@
9,grossiste,7,gRosist
8,grossium,7,gRosjOm
13,grossièrement,10,gRosjER°m@
11,grossièreté,10,gRosjER°te
11,grosso modo,9,gRosomodo
9,grotesque,7,gRotEsk
13,grotesquement,10,gRotEsk°m@
6,grotte,4,gROt
10,grouillant,5,gRuj@
12,grouillement,7,gRuj°m@
9,grouiller,5,gRuje
9,grouillis,5,gRuji
9,grouillot,5,gRujo
8,grouiner,6,gRwine
7,groumer,6,gRum9R
6,ground,6,gRawnd
5,group,4,gRup
8,groupage,6,gRupaZ
6,groupe,4,gRup
10,groupement,7,gRup°m@
7,grouper,5,gRupe
7,groupie,5,gRupi
11,groupuscule,9,gRupyskyl
6,groupé,5,gRupe
6,grouse,4,gRuz
5,gruau,4,gRyo
4,grue,3,gRy
6,gruger,5,gRyZe
5,grume,4,gRym
7,grumeau,5,gRymo
9,grumeleux,7,gRym°l2
7,grumier,6,gRymje
6,grunge,5,gR9nZ
9,gruppetto,7,gRupEto
7,grutier,6,gRytje
7,gruyère,6,gRyjER
5,grâce,4,gRas
5,grèbe,4,gREb
5,grège,4,gREZ
7,grègues,4,gREg
4,grès,3,gRE
5,grève,4,gREv
3,gré,3,gRe
6,gréage,5,gReaZ
8,grébiche,6,gRebiS
5,gréco,5,gReko
12,gréco-romain,9,gRekoRom5
8,gréement,5,gRem@
5,gréer,4,gRee
8,grégaire,6,gRegER
8,grégeois,6,gReZwa
9,grégorien,8,gRegoRj5
6,grésil,6,gRezil
10,grésillant,7,gRezij@
12,grésillement,9,gRezij°m@
9,grésiller,7,gRezije
8,gréviste,7,gRevist
5,grêle,4,gREl
6,grêler,5,gRele
6,grêlon,5,gREl§
5,grêlé,5,gRele
9,guacamole,9,gwakamole
14,guadeloupéenne,11,gwad°lupeEn
7,guanaco,7,gwanako
7,guanine,6,gwanin
5,guano,5,gwano
8,guaracha,6,gaRaSa
7,guarani,7,gwaRani
13,guatémaltèque,11,gwatemaltEk
6,guelfe,4,gElf
8,guenille,5,g°nij
10,guenilleux,6,g°nij2
7,guenipe,5,g°nip
6,guenon,4,g°n§
6,guerre,3,gER
13,guerre-éclair,8,gEReklER
8,guerrier,5,gERje
9,guerroyer,7,gERwaje
10,guerroyeur,8,gERwaj9R
4,guet,2,gE
10,guet-apens,6,gEtap@
11,guets-apens,5,gEap@
6,guette,3,gEt
7,guetter,4,gete
8,guetteur,5,gEt9R
10,gueugueule,5,g2g9l
9,gueulante,5,g2l@t
8,gueulard,5,g2laR
6,gueule,3,g9l
14,gueule-de-loup,7,g9ld2lu
10,gueulement,6,g9l°m@
7,gueuler,4,g9le
15,gueules-de-loup,7,g9ld°lu
9,gueuleton,6,g9l°t§
12,gueuletonner,8,g9l°tone
9,gueulette,5,g9lEt
8,gueuloir,6,g9lwaR
9,gueuserie,6,g2z°Ri
5,gueux,2,g2
6,gueuze,3,g2z
7,gugusse,5,gygys
3,gui,2,gi
7,guibole,5,gibOl
8,guibolle,5,gibOl
6,guiche,3,giS
7,guichet,4,giSE
10,guichetier,7,giS°tje
7,guidage,5,gidaZ
8,guidance,5,gid@s
5,guide,3,gid
16,guide-interprète,11,gid5tERpREt
6,guider,4,gide
6,guidon,4,gid§
6,guigne,3,giN
7,guigner,4,giNe
7,guignol,5,giNOl
12,guignolesque,8,giNolEsk
9,guignolet,6,giNolE
7,guignon,4,giN§
6,guilde,4,gild
11,guili-guili,8,giligili
9,guillaume,5,gijom
9,guilledou,5,gijdu
9,guillemet,6,gij°mE
9,guillemot,6,gij°mo
9,guilleret,6,gij°RE
10,guillotine,7,gijotin
11,guillotiner,8,gijotine
12,guillotineur,9,gijotin9R
10,guillotiné,8,gijotine
8,guimauve,5,gimov
9,guimbarde,6,g5baRd
6,guimpe,3,g5p
7,guinche,3,g5S
8,guincher,4,g5Se
7,guindal,5,g5dal
8,guindant,4,g5d@
8,guindeau,4,g5do
7,guinder,4,g5de
6,guindé,4,g5de
10,guinguette,5,g5gEt
6,guinée,4,gine
7,guinéen,5,gine5
7,guipure,5,gipyR
9,guirlande,6,giRl@d
5,guise,3,giz
7,guitare,5,gitaR
10,guitariste,8,gitaRist
8,guitoune,5,gitun
6,gulden,6,gyldEn
3,gun,3,g9n
4,guna,4,gyna
5,guppy,4,gypi
4,guru,4,guRu
3,gus,3,gys
5,gusse,3,gys
8,gustatif,8,gystatif
9,gustation,8,gystasj§
5,gusto,5,gysto
3,gut,3,gyt
12,gutta-percha,9,gytapERka
8,guttural,7,gytyRal
8,guyanais,7,g8ijanE
5,guzla,5,gyzla
5,guède,3,gEd
5,guère,3,gER
3,gué,2,ge
7,guéable,5,geabl
9,guéguerre,5,gegER
7,guépard,5,gepaR
6,guéret,4,geRE
5,guéri,4,geRi
8,guéridon,6,geRid§
8,guérilla,6,geRija
10,guérillero,8,geRijeRo
6,guérir,5,geRiR
8,guérison,6,geRiz§
11,guérissable,8,geRisabl
10,guérisseur,7,geRis9R
7,guérite,5,geRit
10,guévariste,8,gevaRist
5,guêpe,3,gEp
7,guêpier,5,gepje
8,guêpière,6,gEpjER
6,guêtre,4,gEtR
6,guêtré,5,getRe
2,gy,2,Zi
3,gym,3,Zim
8,gymkhana,7,Zimkana
7,gymnase,6,Zimnaz
9,gymnasium,9,ZimnazjOm
8,gymnaste,7,Zimnast
11,gymnastique,9,Zimnastik
8,gymnique,6,Zimnik
10,gymnopédie,9,Zimnopedi
13,gymnosophiste,11,Zimnosofist
6,gynéco,6,Zineko
11,gynécologie,10,ZinekoloZi
13,gynécologique,11,ZinekoloZik
11,gynécologue,9,ZinekolOg
12,gynécomastie,11,Zinekomasti
7,gynécée,6,Zinese
7,gypaète,6,ZipaEt
5,gypse,4,Zips
7,gypseux,5,Zips2
10,gypsophile,8,Zipsofil
10,gyrocompas,8,ZiRok§pa
9,gyrophare,7,ZiRofaR
9,gyroscope,8,ZiRoskOp
12,gyroscopique,10,ZiRoskopik
5,gyrus,5,ZiRys
7,gâchage,5,gaSaZ
5,gâche,3,gaS
6,gâcher,4,gaSe
8,gâchette,5,gaSEt
7,gâcheur,5,gaS9R
6,gâchis,4,gaSi
7,gâpette,5,gapEt
9,gâte-bois,6,gatbwa
10,gâte-sauce,6,gatsos
6,gâteau,4,gato
5,gâter,4,gate
7,gâterie,6,gat°Ri
6,gâteux,4,gat2
6,gâtine,5,gatin
7,gâtisme,6,gatizm
4,gâté,4,gate
4,gène,3,ZEn
5,géant,3,Ze@
6,gégène,5,ZeZEn
7,géhenne,4,ZeEn
8,gélatine,7,Zelatin
10,gélatineux,8,Zelatin2
16,gélatino-bromure,14,ZelatinobRomyR
9,gélifiant,7,Zelifj@
12,gélification,11,Zelifikasj§
6,géline,5,Zelin
9,gélinotte,7,ZelinOt
10,gélolevure,9,Zelol°vyR
6,gélose,5,Zeloz
6,gélule,5,Zelyl
6,gémeau,4,Zemo
10,gémellaire,7,ZemelER
9,gémellité,8,Zemelite
5,gémir,5,ZemiR
9,gémissant,6,Zemis@
11,gémissement,8,Zemis°m@
9,gémisseur,7,Zemis9R
8,gémonies,6,Zemoni
6,génial,6,Zenjal
11,génialement,9,Zenjal°m@
9,génialité,9,Zenjalite
5,génie,4,Zeni
7,génique,5,Zenik
7,génisse,5,Zenis
7,génital,7,Zenital
10,génitalité,10,Zenitalite
8,géniteur,7,Zenit9R
11,génocidaire,9,ZenOsidER
8,génocide,7,Zenosid
6,génois,5,Zenwa
6,génome,5,Zenom
9,génomique,7,Zenomik
8,génotype,7,Zenotip
11,génuflexion,11,ZenyflEksj§
7,génuine,6,Zen8in
10,généalogie,9,ZenealoZi
12,généalogique,10,ZenealoZik
12,généalogiste,11,ZenealoZist
7,général,7,ZeneRal
12,généralement,10,ZeneRal°m@
10,généralife,9,ZeneRalif
13,généralisable,12,ZeneRalizabl
14,généralisation,13,ZeneRalizasj§
11,généraliser,10,ZeneRalize
13,généralissime,11,ZeneRalisim
11,généraliste,10,ZeneRalist
10,généralisé,10,ZeneRalize
10,généralité,10,ZeneRalite
10,générateur,9,ZeneRat9R
9,génératif,9,ZeneRatif
10,génération,9,ZeneRasj§
13,générationnel,12,ZeneRasjOnEl
7,générer,6,ZeneRe
13,généreusement,10,ZeneR2z°m@
8,généreux,6,ZeneR2
9,générique,7,ZeneRik
10,générosité,10,ZeneRozite
6,généré,6,ZeneRe
9,génésique,7,Zenezik
10,généticien,9,Zenetisj5
9,génétique,7,Zenetik
13,génétiquement,10,Zenetik°m@
3,géo,3,Zeo
5,géode,4,ZeOd
13,géodésigraphe,11,ZeodezigRaf
10,géodésique,8,Zeodezik
9,géographe,7,ZeogRaf
10,géographie,8,ZeogRafi
12,géographique,9,ZeogRafik
16,géographiquement,12,ZeogRafik°m@
8,géologie,7,ZeoloZi
10,géologique,8,ZeoloZik
14,géologiquement,11,ZeoloZik°m@
8,géologue,6,ZeolOg
13,géomagnétique,10,ZeomaNetik
9,géomancie,7,Zeom@si
8,géomètre,7,ZeomEtR
9,géométrie,8,ZeometRi
11,géométrique,9,ZeometRik
15,géométriquement,12,ZeometRik°m@
11,géophysique,8,Zeofizik
12,géopolitique,10,Zeopolitik
8,géorgien,7,ZeORZj5
15,géostationnaire,12,ZeostasjonER
12,géostratégie,11,ZeostRateZi
12,géosynchrone,9,Zeos5kRon
10,géothermie,8,ZeotERmi
12,géothermique,9,ZeotERmik
11,géotropique,9,ZeotRopik
7,gérable,6,ZeRabl
7,gérance,5,ZeR@s
8,géranium,8,ZeRanjOm
6,gérant,4,ZeR@
5,gérer,4,ZeRe
9,gériatrie,8,ZeRjatRi
11,gériatrique,9,ZeRjatRik
7,géronte,5,ZeR§t
10,gérontisme,8,ZeR§tism
12,gérontologie,10,ZeR§toloZi
12,gérontologue,9,ZeR§tolOg
4,géré,4,ZeRe
6,gésier,5,Zezje
6,gésine,5,Zezin
5,gésir,5,ZeziR
6,gênant,4,ZEn@
4,gêne,3,ZEn
5,gêner,4,Zene
6,gêneur,5,ZEn9R
4,gêné,4,ZEne
4,gîte,3,Zit
5,gîter,4,Zite
2,ha,1,a
8,habanera,7,abanERa
6,habile,4,abil
10,habilement,7,abil°m@
8,habileté,7,abil°te
12,habilitation,10,abilitasj§
8,habilité,7,abilite
9,habillage,6,abijaZ
11,habillement,7,abij°m@
8,habiller,5,abije
9,habilleur,6,abij9R
7,habillé,5,abije
5,habit,3,abi
12,habitabilité,11,abitabilite
9,habitable,7,abitabl
9,habitacle,7,abitakl
8,habitant,5,abit@
7,habitat,5,abita
10,habitation,8,abitasj§
7,habiter,5,abite
8,habitude,6,abityd
8,habituel,7,abit8El
14,habituellement,10,abit8El°m@
8,habituer,6,abit8e
7,habitus,6,abitys
7,habitué,6,abit8e
6,habité,5,abite
7,hachage,4,aSaZ
7,hachard,4,aSaR
5,hache,2,aS
12,hache-paille,5,aSpaj
6,hacher,3,aSe
8,hachette,4,aSEt
7,hacheur,4,aS9R
6,hachis,3,aSi
8,hachisch,4,aSiS
7,hachoir,5,aSwaR
7,hachure,4,aSyR
5,haché,3,aSe
8,hacienda,7,asjEnda
4,hack,2,ak
6,hacker,4,ak9R
7,haddock,4,adOk
6,hadith,4,adit
4,hadj,3,adZ
5,hadji,4,adZi
6,hagard,4,agaR
8,haggadah,5,agada
6,haggis,4,agis
11,hagiographe,8,aZjogRaf
12,hagiographie,9,aZjogRafi
4,haha,2,aa
3,hai,1,E
4,haie,1,E
7,haillon,3,aj§
11,haillonneux,5,ajon2
5,haine,2,En
12,haineusement,7,En2z°m@
7,haineux,3,En2
5,haire,2,ER
4,haka,3,aka
5,hakka,3,aka
6,halage,4,alaZ
5,halal,4,alal
7,halcyon,5,alsj§
4,hale,2,al
7,haleine,4,alEn
5,haler,3,ale
8,haletant,5,al°t@
7,haleter,5,al°te
6,haleur,4,al9R
10,half-track,7,alftRak
4,hall,2,ol
7,hallali,5,alali
5,halle,2,al
10,hallebarde,7,al°baRd
12,hallebardier,9,al°baRdje
7,hallier,4,alje
9,halloween,6,alowin
11,hallucinant,7,alysin@
13,hallucination,10,alysinasj§
14,hallucinatoire,11,alysinatwaR
10,halluciner,7,alysine
13,hallucinogène,10,alysinoZEn
9,halluciné,7,alysine
4,halo,3,alo
8,halogène,6,aloZEn
10,halogénure,8,alOZenyR
5,halon,3,al§
11,halopéridol,10,alopeRidOl
9,halothane,6,alotan
5,halte,3,alt
14,halte-garderie,10,altgaRd2Ri
6,halter,4,alte
7,haltère,5,altER
12,haltérophile,9,alteRofil
13,haltérophilie,10,alteRofili
5,halva,4,alva
10,halètement,7,alEt°m@
5,hamac,4,amak
6,hamada,5,amada
10,hamadryade,9,amadRijad
9,hamadryas,9,amadRijas
9,hamamélis,8,amamelis
12,hambourgeois,7,@buRZwa
9,hamburger,7,@buRg9R
6,hameau,3,amo
7,hameçon,5,am°s§
6,hammam,4,amam
10,hammerless,7,amERlEs
5,hampe,2,@p
7,hamster,6,amstER
3,han,1,@
5,hanap,4,anap
6,hanche,2,@S
9,hand-ball,5,@dbOl
8,handball,5,@dbal
8,handicap,6,@dikap
11,handicapant,7,@dikap@
10,handicaper,7,@dikape
11,handicapeur,8,@dikap9R
9,handicapé,7,@dikape
6,hangar,4,@gaR
8,hanneton,5,an°t§
8,hanoukka,5,anuka
9,hanovrien,7,anOvRi5
11,hanséatique,7,@seatik
10,hantavirus,8,@taviRys
6,hanter,3,@te
7,hanteur,4,@t9R
7,hantise,4,@tiz
5,hanté,3,@te
5,happe,2,ap
9,happement,5,ap°m@
9,happening,6,ap°niG
6,happer,3,ape
9,happy end,6,apiEnd
9,happy few,6,apifju
12,haptoglobine,10,aptoglObin
5,haque,2,ak
8,haquenée,5,ak°ne
6,haquet,3,akE
9,hara-kiri,7,aRakiRi
8,harangue,4,aR@g
9,haranguer,5,aR@ge
6,harari,5,aRaRi
5,haras,3,aRa
9,harassant,5,aRas@
11,harassement,7,aRas°m@
8,harasser,5,aRase
7,harassé,5,aRase
9,harcelant,6,aRs°l@
8,harceler,6,aRs°le
9,harceleur,7,aRs°l9R
11,harcèlement,8,aRsEl°m@
4,hard,3,aRd
9,hard edge,6,aRdEdZ
8,hard-top,6,aRdtOp
5,harde,3,aRd
6,harder,4,aRde
5,hardi,4,aRdi
9,hardiesse,6,aRdjEs
9,hardiment,6,aRdim@
4,hare,2,aR
5,harem,4,aREm
6,hareng,3,aR@
9,harenguet,5,aR@gE
10,harenguier,6,aR@gje
9,harengère,6,aR@ZER
5,haret,3,aRE
7,harfang,4,aRf@
6,hargne,3,aRN
13,hargneusement,8,aRN2z°m@
8,hargneux,4,aRN2
7,haricot,5,aRiko
9,haridelle,6,aRidEl
7,harissa,5,aRisa
5,harki,4,aRki
9,harmattan,6,aRmat@
9,harmonica,8,aRmonika
12,harmoniciste,10,aRmonisist
8,harmonie,6,aRmoni
15,harmonieusement,11,aRmonj2z°m@
10,harmonieux,7,aRmonj2
10,harmonique,7,aRmonik
14,harmoniquement,10,aRmOnik°m@
13,harmonisation,11,aRmonizasj§
10,harmoniser,8,aRmonize
9,harmonium,8,aRmonjOm
12,harnachement,8,aRnaS°m@
9,harnacher,6,aRnaSe
8,harnaché,6,aRnaSe
7,harnais,4,aRnE
7,harnois,5,aRnwa
4,haro,3,aRo
8,harpagon,6,aRpag§
5,harpe,3,aRp
6,harper,4,aRpe
6,harpie,4,aRpi
6,harpin,4,aRp5
8,harpiste,6,aRpist
6,harpon,4,aRp§
10,harponnage,7,aRponaZ
9,harponner,6,aRpone
10,harponneur,7,aRpon9R
4,hart,2,aR
8,has been,6,abij5n
6,hasard,4,azaR
8,hasarder,6,azaRde
14,hasardeusement,10,azaRd2z°m@
9,hasardeux,6,azaRd2
5,hasch,2,aS
8,haschich,4,aSiS
9,haschisch,4,aSiS
4,hase,2,az
6,haseki,4,aski
8,hassidim,6,asidim
10,hassidique,6,asidik
10,hassidisme,7,asidizm
6,hauban,3,ob@
7,haubert,4,obER
6,hausse,2,os
10,haussement,5,os°m@
7,hausser,3,ose
8,haussier,4,osje
9,haussière,5,osjER
4,haut,1,o
17,haut-commandement,10,okOm@nd°m@
16,haut-commissaire,8,okomisER
17,haut-commissariat,10,okomisaRja
15,haut-de-chausse,6,od°Sos
16,haut-de-chausses,6,od°Sos
13,haut-de-forme,7,od°fORm
9,haut-fond,3,of§
13,haut-le-coeur,6,ol°k9R
13,haut-le-corps,6,ol°kOR
12,haut-parleur,7,opaRl9R
11,haut-relief,7,oR°ljEf
7,hautain,3,ot5
12,hautainement,7,otEn°m@
8,hautbois,4,obwa
5,haute,2,ot
14,haute-fidélité,10,otfidelite
9,hautement,5,ot°m@
8,hautesse,4,otEs
7,hauteur,4,ot9R
6,hautin,3,ot5
8,havanais,5,avanE
9,havanaise,6,avanEz
6,havane,4,avan
8,haveneau,5,av°no
5,haver,3,ave
7,havrais,4,avRE
5,havre,3,avR
8,havresac,7,avR°sak
7,hawaïen,5,awaj5
5,hayon,3,Ej§
3,haï,2,ai
4,haïk,3,aik
6,haïkaï,5,aikai
5,haïku,4,aiky
4,haïr,3,aiR
9,haïssable,6,aisabl
7,haïtien,5,aisj5
6,heaume,2,om
5,hebdo,4,Ebdo
12,hebdomadaire,9,EbdomadER
16,hebdomadairement,12,EbdomadER°m@
7,hectare,5,EktaR
5,hecto,4,Ekto
4,hein,1,5
5,hello,3,Elo
7,hellène,4,ElEn
10,hellénique,6,Elenik
10,helléniser,7,Elenize
10,hellénisme,7,Elenizm
10,helléniste,7,Elenist
13,hellénistique,9,Elenistik
9,helminthe,5,Elm5t
7,helvète,5,ElvEt
9,helvétien,7,Elvesj5
10,helvétique,7,Elvetik
3,hem,2,Em
7,hemlock,5,EmlOk
6,hennin,3,en5
6,hennir,4,eniR
10,hennissant,5,enis@
12,hennissement,7,enis°m@
5,henné,3,ene
5,henry,3,@Ri
3,hep,2,Ep
9,heptagone,7,Eptagon
10,heptaméron,8,EptameR§
7,heptane,5,Eptan
7,herbage,5,ERbaZ
5,herbe,3,ERb
6,herber,4,ERbe
8,herbette,5,ERbEt
7,herbeux,4,ERb2
9,herbicide,7,ERbisid
7,herbier,5,ERbje
9,herbivore,7,ERbivOR
10,herboriser,8,ERboRize
10,herboriste,8,ERboRist
13,herboristerie,11,ERboRist°Ri
5,herbu,4,ERby
7,hercher,4,ERSe
7,hercule,5,ERkyl
9,herculéen,7,ERkyle5
9,hercynien,7,ERsinj5
14,hermaphrodisme,11,ERmafRodizm
13,hermaphrodite,10,ERmafRodit
16,hermaphroditisme,13,ERmafRoditizm
7,hermine,5,ERmin
10,herminette,7,ERminEt
7,herminé,6,ERmine
6,hermès,5,ERmEz
13,herméneutique,9,ERmen2tik
10,hermétique,7,ERmetik
14,hermétiquement,10,ERmetik°m@
10,hermétisme,8,ERmetizm
9,herniaire,6,ERnjER
6,hernie,4,ERni
8,hernieux,5,ERnj2
6,herpès,5,ERpEs
10,herpétique,7,ERpetik
12,herpétologie,10,ERpetOlOZi
14,herpétologiste,12,ERpetOlOZist
5,herse,3,ERs
6,herser,4,ERse
5,hertz,4,ERts
7,hessois,4,Eswa
6,hetman,4,Etm@
3,heu,1,2
4,heur,2,9R
5,heure,2,9R
12,heureusement,7,2R2z°m@
7,heureux,3,2R2
11,heuristique,7,2Ristik
5,heurt,2,9R
7,heurter,4,9Rte
8,heurtoir,6,9RtwaR
6,heurté,4,9Rte
9,hexagonal,9,Egzagonal
8,hexagone,7,Egzagon
2,hi,1,i
5,hi-fi,3,ifi
6,hi-han,2,i@
6,hiatus,5,jatys
11,hibernation,9,ibERnasj§
8,hiberner,6,ibERne
8,hibiscus,7,ibiskys
5,hibou,3,ibu
3,hic,2,ik
11,hic et nunc,8,ikEtnunk
7,hickory,5,ikoRi
7,hidalgo,6,idalgo
6,hideur,4,id9R
11,hideusement,7,id2z°m@
6,hideux,3,id2
4,hier,3,jER
9,high life,6,ajlajf
9,high-life,6,ajlajf
9,high-tech,5,ajtEk
10,highlander,7,ajl@d9R
9,higoumène,6,igumEn
7,hilaire,4,ilER
8,hilarant,5,ilaR@
6,hilare,4,ilaR
8,hilarité,7,ilaRite
4,hile,2,il
7,hiloire,5,ilwaR
8,himalaya,7,imalaja
11,himalayenne,8,imalajEn
5,hindi,4,indi
6,hindou,3,5du
10,hindouisme,6,5duizm
11,hindoustani,8,5dustani
3,hip,2,ip
7,hip-hop,4,ipOp
6,hippie,3,ipi
8,hippique,4,ipik
8,hippisme,5,ipism
5,hippo,3,ipo
10,hippocampe,6,ipok@p
13,hippocratique,9,ipokRatik
10,hippodrome,7,ipodRom
11,hippogriffe,7,ipogRif
11,hippomobile,8,ipomobil
13,hippophagique,8,ipofaZik
11,hippopotame,8,ipopotam
15,hippopotamesque,11,ipopotamEsk
5,hippy,3,ipi
7,hirsute,5,iRsyt
10,hirsutisme,8,iRsytizm
8,hirudine,6,iRydin
10,hispanique,7,ispanik
7,hispano,6,ispano
17,hispano-américain,13,ispanoameRik5
14,hispano-cubain,10,ispanokyb5
17,hispano-mauresque,12,ispanomoREsk
12,hispanophone,9,ispanofOn
5,hisse,2,is
6,hisser,3,ise
9,histamine,7,istamin
12,histaminique,9,istaminik
6,hister,5,istER
18,histocompatibilité,16,istok§patibilite
8,histoire,6,istwaR
10,histologie,8,istoloZi
12,histologique,9,istoloZik
15,histopathologie,12,istopatOlOZi
13,histoplasmose,11,istoplasmoz
11,historicité,10,istoRisite
9,historien,7,istoRj5
11,historiette,8,istoRjEt
14,historiographe,11,istORjogRaf
15,historiographie,12,istoRjogRafi
10,historique,7,istoRik
14,historiquement,10,istoRik°m@
8,histrion,7,istRij§
3,hit,2,it
10,hit-parade,7,itpaRad
12,hitchcockien,8,itSkOkj5
9,hitlérien,7,itleRj5
10,hitlérisme,8,itleRizm
7,hittite,4,itit
3,hiv,5,aSive
5,hiver,4,ivER
9,hivernage,7,ivERnaZ
8,hivernal,7,ivERnal
9,hivernant,6,ivERn@
8,hiverner,6,ivERne
10,hiérarchie,7,jeRaRSi
12,hiérarchique,8,jeRaRSik
16,hiérarchiquement,11,jeRaRSik°m@
15,hiérarchisation,12,jeRaRSizasj§
11,hiérarchisé,9,jeRaRSize
10,hiératique,7,jeRatik
14,hiératiquement,10,jeRatik°m@
10,hiératisme,8,jeRatizm
11,hiéroglyphe,8,jeRoglif
14,hiéroglyphique,10,jeRoglifik
11,hiérophante,7,jeRof@t
2,ho,1,o
5,hobby,3,Obi
8,hobereau,5,Ob°Ro
9,hochement,5,OS°m@
8,hochepot,4,OSpo
6,hocher,3,oSe
6,hochet,3,oSE
6,hockey,3,OkE
9,hockeyeur,6,OkEj9R
10,hodgkinien,8,OdZkinj5
5,hodja,4,OdZa
6,hoirie,4,waRi
7,hold-up,5,Old9p
7,holding,5,OldiG
10,holistique,7,olistik
10,hollandais,5,ol@dE
11,hollandaise,6,ol@dEz
8,hollande,4,ol@d
12,hollywoodien,8,Oliwudj5
10,holocauste,7,olokost
10,hologramme,7,ologRam
10,holographe,7,ologRaf
11,holographie,8,ologRafi
13,holographique,9,ologRafik
7,holster,6,Olst9R
4,holà,3,ola
3,hom,2,Om
6,homard,4,omaR
6,hombre,3,§bR
4,home,2,om
12,home-trainer,9,omtREjn9R
8,homeland,6,omEl@d
8,homicide,6,omisid
8,hominien,6,ominj5
12,hominisation,10,ominizasj§
7,hommage,4,omaZ
8,hommasse,4,omas
5,homme,2,Om
11,homme-chien,5,OmSj5
9,homme-clé,5,Omkle
11,homme-femme,5,Omfam
16,homme-grenouille,8,OmgR°nuj
10,homme-loup,4,Omlu
13,homme-machine,7,OmmaSin
12,homme-oiseau,6,Omwazo
15,homme-orchestre,9,OmORkEstR
13,homme-poisson,7,Ompwas§
11,homme-robot,6,OmRobo
14,homme-sandwich,9,Oms@dwitS
13,homme-serpent,7,OmsERp@
4,homo,3,omo
12,homo erectus,10,omoeRektys
12,homo habilis,9,omoabilis
8,homogène,6,omoZEn
15,homogénéisateur,13,OmOZeneizat9R
15,homogénéisation,13,omoZeneizasj§
11,homogénéisé,10,omoZeneize
11,homogénéité,10,omoZeneite
11,homologable,9,omologabl
12,homologation,10,omologasj§
9,homologue,6,omolOg
10,homologuer,7,omologe
9,homologué,7,omologe
9,homoncule,6,om§kyl
8,homonyme,6,omonim
9,homonymie,7,omonimi
11,homonymique,8,omonimik
9,homophile,6,omofil
10,homophilie,7,omofili
9,homophobe,6,omofOb
9,homophone,6,OmOfOn
10,homophonie,7,omofoni
13,homosexualité,13,omoseks8alite
10,homosexuel,10,omoseks8El
12,homosexuelle,10,omoseks8El
10,homozygote,8,omozigOt
9,homuncule,6,Om§kyl
7,homélie,5,omeli
10,homéopathe,7,omeopat
11,homéopathie,8,omeopati
13,homéopathique,9,omeopatik
13,homéostatique,10,OmeOstatik
12,homéothermie,9,OmeOtERmi
9,homérique,6,omeRik
3,hon,1,§
9,hondurien,6,§dyRj5
9,hong kong,5,§gk§g
11,hongkongais,6,§gk§gE
6,hongre,3,§gR
8,hongrois,5,§gRwa
9,hongroise,6,§gRwaz
7,honneur,4,on9R
5,honni,3,oni
6,honnir,4,oniR
7,honnête,4,onEt
11,honnêtement,7,onEt°m@
9,honnêteté,6,onEtte
12,honorabilité,11,onoRabilite
9,honorable,7,onoRabl
13,honorablement,10,onoRabl°m@
9,honoraire,6,onoRER
7,honorer,5,onoRe
11,honorifique,8,onoRifik
13,honoris causa,10,onoRiskoza
6,honoré,5,onoRe
5,honte,2,§t
12,honteusement,7,§t2z°m@
7,honteux,3,§t2
8,hooligan,6,uligan
3,hop,2,Op
5,hopak,4,Opak
4,hopi,3,opi
7,hoplite,5,oplit
6,hoquet,3,okE
8,hoqueter,5,Ok°te
7,horaire,4,oRER
5,horde,3,ORd
6,horion,4,oRj§
7,horizon,5,oRiz§
10,horizontal,8,oRiz§tal
11,horizontale,8,oRiz§tal
15,horizontalement,11,oRiz§tal°m@
13,horizontalité,11,oRiz§talite
7,horloge,5,ORlOZ
8,horloger,6,ORloZe
10,horlogerie,8,ORlOZ°Ri
6,hormis,4,ORmi
8,hormonal,7,ORmonal
7,hormone,5,ORmOn
10,hornblende,8,ORnbl5nd
9,horoscope,7,oRoskOp
7,horreur,4,oR9R
8,horrible,5,oRibl
12,horriblement,8,oRibl°m@
10,horrifiant,6,oRifj@
9,horrifier,6,oRifje
10,horrifique,6,oRifik
8,horrifié,6,oRifje
11,horripilant,7,oRipil@
13,horripilation,10,oRipilasj§
10,horripiler,7,oRipile
4,hors,2,OR
9,hors-bord,5,ORbOR
9,hors-cote,5,ORkOt
13,hors-d'oeuvre,6,ORd9vR
8,hors-jeu,4,ORZ2
11,hors-la-loi,7,ORlalwa
10,hors-piste,6,ORpist
10,hors-série,6,ORseRi
11,horse-guard,8,ORsgwaRd
9,hortensia,7,ORt@sja
12,horticulteur,10,ORtikylt9R
13,horticultrice,11,ORtikyltRis
12,horticulture,10,ORtikyltyR
13,hortillonnage,9,ORtijonaZ
7,hosanna,5,ozana
8,hosannah,5,ozana
7,hospice,5,Ospis
11,hospitalier,9,Ospitalje
15,hospitalisation,13,Ospitalizasj§
12,hospitaliser,10,Ospitalize
11,hospitalité,10,Ospitalite
8,hospodar,7,OspodaR
6,hostau,4,Osto
11,hostellerie,7,OtEl°Ri
6,hostie,4,Osti
7,hostile,5,Ostil
11,hostilement,8,Ostil°m@
9,hostilité,8,Ostilite
5,hosto,4,Osto
3,hot,2,Ot
7,hot dog,5,OtdOg
7,hot-dog,5,OtdOg
7,hotline,6,Otlajn
5,hotte,2,Ot
6,hotter,3,Ote
6,hottée,3,ote
4,hotu,3,oty
3,hou,1,u
6,houari,4,waRi
7,houblon,4,ubl§
4,houe,1,u
6,houhou,2,uu
7,houille,2,uj
8,houiller,3,uje
9,houillère,4,ujER
5,houle,2,ul
6,houler,3,ule
8,houlette,4,ulEt
7,houleux,3,ul2
8,houligan,6,uligan
12,houliganisme,9,uliganizm
7,houlque,3,ulk
5,houlà,3,ula
4,houp,2,up
6,houppe,2,up
11,houppelande,6,up°l@d
9,houppette,4,upEt
7,hourdis,4,uRdi
5,houri,3,uRi
6,hourra,3,uRa
7,hourrah,3,uRa
8,hourvari,6,uRvaRi
5,house,3,awz
11,house music,9,awzmjyzik
10,house-boat,7,awsbOwt
7,houseau,3,uzo
10,houspiller,6,uspije
6,housse,2,us
4,houx,1,u
10,hovercraft,9,Ov9RkRaft
5,hoyau,4,wajo
5,huard,3,8aR
5,huart,3,8aR
6,hublot,4,yblo
5,huche,2,yS
6,huchet,3,ySE
3,hue,1,y
4,huer,2,8e
6,huerta,5,wERta
4,hugh,2,yg
8,hugolien,6,ygolj5
8,huguenot,5,yg°no
3,hui,2,8i
5,huile,3,8il
6,huiler,4,8ile
7,huileux,4,8il2
7,huilier,5,8ilje
5,huilé,4,8ile
6,huipil,5,8ipil
4,huis,2,8i
9,huisserie,6,8is°Ri
8,huissier,5,8isje
4,huit,3,8it
12,huit-reflets,8,8itR°flE
8,huitaine,5,8itEn
8,huitième,6,8itjEm
7,hulotte,4,ylOt
10,hululement,7,ylyl°m@
7,hululer,5,ylyle
3,hum,2,9m
6,humain,3,ym5
12,humain-robot,7,ym5Robo
11,humainement,7,ymEn°m@
12,humanisation,10,ymanizasj§
9,humaniser,7,ymanize
9,humanisme,7,ymanizm
9,humaniste,7,ymanist
11,humanitaire,8,ymanitER
13,humanitarisme,11,ymanitaRizm
8,humanité,7,ymanite
6,humano,5,ymano
9,humanoïde,7,ymanoid
6,humble,3,1bl
10,humblement,6,1bl°m@
6,humbug,5,9mb9g
9,humectage,7,ymEktaZ
9,humectant,6,ymEkt@
8,humecter,6,ymEkte
5,humer,3,yme
6,humeur,4,ym9R
6,humide,4,ymid
10,humidement,7,ymid°m@
14,humidificateur,12,ymidifikat9R
14,humidification,12,ymidifikasj§
10,humidifier,8,ymidifje
8,humidité,7,ymidite
9,humiliant,6,ymilj@
11,humiliation,9,ymiljasj§
8,humilier,6,ymilje
8,humilité,7,ymilite
7,humilié,6,ymilje
7,humoral,6,ymoRal
9,humoriste,7,ymoRist
12,humoristique,9,ymoRistik
6,humour,4,ymuR
5,humus,4,ymys
7,humérus,6,ymeRys
3,hun,1,1
4,hune,2,yn
6,hunier,4,ynje
6,hunter,5,9nt9R
5,huppe,2,yp
5,huppé,3,ype
4,hure,2,yR
7,hurlant,4,yRl@
9,hurlement,6,yRl°m@
6,hurler,4,yRle
7,hurleur,5,yRl9R
10,hurluberlu,9,yRlybERly
5,huron,3,yR§
6,hurrah,3,yRa
9,hurricane,6,9Rikan
7,huskies,4,yski
5,husky,4,yski
7,hussard,4,ysaR
7,hussite,4,ysit
5,hutte,2,yt
6,hutter,4,yt9R
4,huée,2,8e
6,huître,4,8itR
8,huîtrier,6,8itRie
9,huîtrière,8,8itRijER
9,hyacinthe,5,jas5t
11,hybridation,9,ibRidasj§
7,hybride,5,ibRid
9,hydatique,6,idatik
5,hydne,3,idn
9,hydratant,6,idRat@
11,hydratation,9,idRatasj§
7,hydrate,5,idRat
8,hydrater,6,idRate
12,hydraulicien,9,idRolisj5
11,hydraulique,7,idRolik
9,hydravion,7,idRavj§
5,hydre,3,idR
8,hydrique,5,idRik
5,hydro,4,idRo
16,hydro-électrique,12,idRoelEktRik
12,hydrocarbure,10,idRokaRbyR
14,hydrochlorique,10,idRoklORik
14,hydrocortisone,12,idRokORtizOn
11,hydrocution,9,idRokysj§
9,hydrocèle,7,idRosEl
12,hydrocéphale,9,idRosefal
13,hydrocéphalie,10,idRosefali
14,hydrodynamique,11,idRodinamik
9,hydrofoil,8,idRofOjl
13,hydroglisseur,10,idRoglis9R
11,hydrographe,8,idRogRaf
12,hydrographie,9,idRogRafi
14,hydrographique,10,idRogRafik
9,hydrogène,7,idRoZEn
15,hydrogénisation,13,idRoZenizasj§
9,hydrogéné,8,idRoZene
9,hydrolase,7,idRolaz
10,hydrologie,8,idRoloZi
9,hydrolyse,7,idRoliz
8,hydromel,7,idRomEl
10,hydrophile,7,idRofil
10,hydrophobe,7,idRofOb
11,hydrophobie,8,idRofobi
10,hydrophone,7,idRofOn
10,hydrophyte,7,idRofit
10,hydropique,7,idRopik
10,hydropisie,8,idRopizi
16,hydropneumatique,12,idRopn2matik
12,hydroponique,9,idRoponik
10,hydroptère,8,idROptER
12,hydroquinone,9,idRokinOn
13,hydrostatique,10,idRostatik
13,hydrothérapie,10,idRoteRapi
6,hydrox,6,idROks
9,hydroxyde,8,idROksid
15,hydroélectrique,12,idRoelEktRik
10,hygiaphone,7,iZjafOn
7,hygiène,5,iZjEn
10,hygiénique,7,iZjenik
14,hygiéniquement,10,iZjenik°m@
10,hygiéniste,8,iZjenist
7,hygroma,6,igROma
10,hygromètre,8,igRomEtR
11,hygrométrie,9,igRometRi
13,hygrométrique,10,igRometRik
13,hylémorphique,9,ilemoRfik
5,hymen,4,imEn
5,hymne,3,imn
11,hyménoptère,9,imenOptER
7,hyménée,5,imene
6,hyoïde,4,ioid
9,hypallage,6,ipalaZ
5,hyper,4,ipER
12,hyperacidité,11,ipERasidite
10,hyperactif,9,ipERaktif
13,hyperactivité,12,ipERaktivite
9,hyperbare,7,ipERbaR
9,hyperbole,7,ipERbOl
12,hyperbolique,9,ipERbolik
16,hyperboliquement,12,ipERbolik°m@
10,hyperborée,8,ipERboRe
11,hyperboréen,9,ipERboRe5
13,hypercalcémie,11,ipERkalsemi
20,hypercholestérolémie,17,ipERkOlEsteROlemi
18,hypercoagulabilité,17,ipERkOagylabilite
11,hyperespace,8,ipERspas
13,hyperesthésie,10,ipEREstezi
13,hyperkaliémie,11,ipERkaliemi
14,hyperlipidémie,12,ipERlipidemi
12,hyperlipémie,10,ipERlipemi
11,hypermarché,9,ipERmaRSe
11,hypermnésie,9,ipERmnezi
12,hypernerveux,9,ipERnERv2
9,hyperplan,7,ipERpl@
11,hyperplasie,9,ipERplazi
15,hyperréactivité,13,ipEReaktivite
13,hyperréalisme,11,ipERRealizm
13,hyperréaliste,11,ipERRealist
16,hypersensibilité,14,ipERs@sibilite
13,hypersensible,10,ipERs@sibl
11,hypersomnie,9,ipERsOmni
12,hypersonique,9,ipERsOnik
17,hypersustentateur,14,ipERsyst@tat9R
10,hypertendu,8,ipERt@dy
12,hypertension,9,ipERt@sj§
12,hyperthermie,9,ipERtERmi
15,hyperthyroïdien,12,ipERtiRoidj5
12,hypertonique,9,ipERtonik
13,hypertrichose,10,ipERtRikOz
12,hypertrophie,9,ipERtRofi
14,hypertrophique,10,ipERtRofik
12,hypertrophié,10,ipERtRofje
16,hyperventilation,13,ipERv@tilasj§
14,hyperémotivité,13,ipERemotivite
12,hypnagogique,9,ipnagOZik
9,hypnogène,7,ipnoZEn
7,hypnose,5,ipnoz
10,hypnotique,7,ipnotik
14,hypnotiquement,10,ipnOtik°m@
10,hypnotiser,8,ipnotize
11,hypnotiseur,9,ipnotiz9R
10,hypnotisme,8,ipnotizm
4,hypo,3,ipo
16,hypoallergénique,12,ipoalERZenik
12,hypocalcémie,10,ipokalsemi
10,hypocapnie,8,ipokapni
10,hypocauste,7,ipokost
10,hypocentre,7,ipos@tR
12,hypochlorite,9,ipoklORit
15,hypochondriaque,10,ipok§dRiak
10,hypocondre,7,ipok§dR
14,hypocondriaque,11,ipok§dRijak
11,hypocondrie,8,ipok§dRi
8,hypocras,7,ipokRas
10,hypocrisie,8,ipokRizi
9,hypocrite,7,ipokRit
13,hypocritement,10,ipokRit°m@
9,hypoderme,7,ipodERm
12,hypodermique,9,ipodERmik
12,hypoglycémie,10,ipoglisemi
14,hypoglycémique,11,ipoglisemik
13,hypogonadisme,11,ipogOnadism
7,hypogée,5,ipoZe
10,hypokhâgne,6,ipokaN
12,hyponatrémie,10,iponatRemi
12,hypophysaire,8,ipofizER
9,hypophyse,6,ipofiz
10,hypoplasie,8,ipoplazi
11,hypospadias,10,ipospadjas
9,hypostase,7,ipostaz
11,hyposulfite,9,ipozylfit
9,hypotaupe,6,ipotop
9,hypotendu,7,ipot@dy
10,hypotensif,8,ipot@sif
11,hypotension,8,ipot@sj§
12,hypothalamus,10,ipotalamys
11,hypothermie,8,ipotERmi
13,hypothermique,9,ipotERmik
13,hypothyroïdie,10,ipotiRoidi
10,hypothèque,6,ipotEk
9,hypothèse,6,ipotEz
12,hypothécaire,8,ipotekER
11,hypothéquer,7,ipoteke
12,hypothétique,8,ipotetik
16,hypothétiquement,11,ipotetik°m@
9,hypotonie,7,ipOtOni
10,hypoténuse,8,ipotenyz
7,hypoxie,6,ipOksi
9,hypoxique,7,ipOksik
6,hysope,4,izOp
13,hystérectomie,11,isteREktomi
8,hystérie,6,isteRi
10,hystérique,7,isteRik
14,hystériquement,10,isteRik°m@
7,hystéro,6,isteRo
5,hyène,3,jEn
8,hâblerie,6,abl°Ri
7,hâbleur,5,abl9R
4,hâle,2,al
4,hâlé,3,ale
4,hâte,2,at
5,hâter,3,ate
5,hâtif,4,atif
10,hâtivement,7,ativ°m@
4,hâve,2,av
4,hère,2,ER
2,hé,1,e
7,héberge,5,ebERZ
11,hébergement,8,ebERZ°m@
8,héberger,6,ebERZe
10,hébertisme,8,ebERtizm
9,hébraïque,6,ebRaik
13,hébraïquement,9,ebRaik°m@
10,hébraïsant,7,ebRaiz@
6,hébreu,4,ebR2
7,hébreux,4,ebR2
13,hébéphrénique,9,ebefRenik
10,hébétement,7,ebEt°m@
8,hébétude,6,ebetyd
6,hébété,5,ebete
9,hécatombe,6,ekat§b
9,hédonisme,7,edonizm
9,hédoniste,7,edonist
6,hégire,4,eZiR
12,hégélianisme,10,eZeljanizm
8,hégélien,6,eZelj5
9,hégémonie,7,eZemoni
5,hélas,4,elas
5,héler,3,ele
6,hélice,4,elis
6,hélico,5,eliko
11,hélicoptère,9,elikOptER
10,hélicoïdal,9,elikoidal
5,hélio,4,eljo
11,héliographe,8,eljOgRaf
12,héliogravure,10,eljogRavyR
11,héliophanie,8,eljofani
10,héliotrope,8,eljotROp
8,héliport,6,elipOR
10,héliporter,8,elipORte
9,héliporté,8,elipORte
13,hélitreuiller,8,elitR9je
6,hélium,5,eljOm
5,hélix,5,eliks
7,hématie,5,emasi
8,hématine,6,ematin
8,hématite,6,ematit
11,hématocrite,9,ematokRit
10,hématocèle,8,ematosEl
11,hématologie,9,ematoloZi
13,hématologique,10,ematOlOZik
11,hématologue,8,ematolOg
8,hématome,6,ematom
12,hématopoïèse,10,ematopojEz
8,hématose,6,ematoz
9,hématurie,7,ematyRi
4,hémi,3,emi
9,hémicycle,7,emisikl
10,hémiplégie,8,emipleZi
12,hémiplégique,9,emipleZik
9,hémiptère,7,emiptER
10,hémisphère,7,emisfER
13,hémisphérique,9,emisfeRik
10,hémistiche,7,emistiS
11,hémoculture,9,emokyltyR
11,hémodialyse,9,emodjaliz
13,hémodynamique,10,emodinamik
11,hémoglobine,9,emoglobin
10,hémogramme,7,emogRam
8,hémolyse,6,emoliz
11,hémolytique,8,emolitik
9,hémophile,6,emofil
10,hémophilie,7,emofili
10,hémoptysie,8,emoptizi
10,hémorragie,7,emoRaZi
12,hémorragique,8,emoRaZik
13,hémorroïdaire,9,emOROidER
10,hémorroïde,7,emoRoid
9,hémostase,7,emOstaz
12,hémostatique,9,emostatik
8,héparine,6,epaRin
9,hépatique,6,epatik
8,hépatite,6,epatit
13,hépatomégalie,11,epatOmegali
11,héraclitéen,9,eRaklite5
10,héraldique,7,eRaldik
6,héraut,3,eRo
11,hérissement,7,eRis°m@
8,hérisser,5,eRise
8,hérisson,5,eRis§
7,hérissé,5,eRise
8,héritage,6,eRitaZ
7,hériter,5,eRite
8,héritier,6,eRitje
4,héro,3,eRo
5,héron,3,eR§
5,héros,3,eRo
7,héroïde,5,eRoid
11,héroïnomane,9,eRoinoman
8,héroïque,5,eRoik
12,héroïquement,8,eRoik°m@
8,héroïsme,6,eRoizm
11,héréditaire,8,eReditER
15,héréditairement,11,eReditER°m@
8,hérédité,7,eRedite
6,hérédo,5,eRedo
11,hérésiarque,8,eRezjaRk
7,hérésie,5,eRezi
9,hérétique,6,eRetik
8,hésitant,5,ezit@
10,hésitation,8,ezitasj§
7,hésiter,5,ezite
7,hétaïre,5,etaiR
6,hétéro,5,eteRo
13,hétérochromie,10,eteRokROmi
11,hétéroclite,9,eteRoklit
11,hétérodoxie,10,eteRodOksi
10,hétérogène,8,eteRoZEn
13,hétérogénéité,12,eteRoZeneite
11,hétéroptère,9,eteROptER
15,hétérosexualité,15,eteRoseks8alite
12,hétérosexuel,12,eteRoseks8El
12,hétérozygote,10,eteRozigOt
5,hévéa,4,evea
7,hêtraie,4,EtRE
5,hêtre,3,EtR
7,hôpital,6,opital
4,hôte,2,ot
5,hôtel,4,otEl
10,hôtel-dieu,7,otEldj2
16,hôtel-restaurant,11,otElREstOR@
8,hôtelier,6,ot°lje
10,hôtellerie,7,otEl°Ri
7,hôtesse,4,otEs
1,i,1,i
4,i.e.,5,idEst
5,iambe,3,j@b
8,iambique,5,j@bik
4,ibex,5,ibeks
4,ibis,4,ibis
3,ibm,5,ibeEm
3,ibo,3,ibo
5,iboga,5,ibOga
5,ibère,4,ibER
8,ibérique,6,ibeRik
9,icarienne,7,ikaRjEn
9,ice-cream,7,ajskRim
7,iceberg,7,ajsbERg
6,icelle,4,isEl
7,icelles,4,isEl
6,icelui,6,is°l8i
11,ichtyologie,9,iktjoloZi
13,ichtyologiste,11,iktjoloZist
3,ici,3,isi
7,ici-bas,5,isiba
7,icoglan,6,ikogl@
11,iconoclaste,10,ikonoklast
11,iconographe,9,ikonogRaf
12,iconographie,10,ikonogRafi
14,iconographique,11,ikonogRafik
10,iconostase,9,ikonostaz
9,icosaèdre,8,ikozaEdR
5,ictus,5,iktys
6,ictère,5,iktER
9,ictérique,7,ikteRik
5,icône,4,ikon
3,ide,2,id
4,idem,4,idEm
12,identifiable,10,id@tifjabl
11,identifiant,8,id@tifj@
14,identificateur,12,id@tifikat9R
14,identification,12,id@tifikasj§
10,identifier,8,id@tifje
9,identique,6,id@tik
13,identiquement,9,id@tik°m@
11,identitaire,8,id@titER
13,identitarisme,11,id@titaRizm
8,identité,7,id@tite
4,ides,2,id
11,idiomatique,9,idjomatik
6,idiome,5,idjom
12,idiopathique,9,idjopatik
13,idiosyncrasie,11,idjos5kRazi
15,idiosyncrasique,12,idjOs5kRazik
5,idiot,4,idjo
10,idiotement,8,idjOt°m@
7,idiotie,6,idjosi
9,idiotisme,8,idjotizm
6,idoine,5,idwan
5,idole,4,idOl
8,idolâtre,7,idolatR
9,idolâtrer,8,idolatRe
9,idolâtrie,8,idolatRi
6,idylle,4,idil
9,idyllique,6,idilik
5,idéal,5,ideal
10,idéalement,8,ideal°m@
12,idéalisation,11,idealizasj§
9,idéaliser,8,idealize
9,idéalisme,8,idealizm
9,idéaliste,8,idealist
8,idéation,7,ideasj§
4,idée,3,ide
8,idée-clé,6,idekle
10,idée-force,7,idefORs
5,idéel,5,ideEl
10,idéogramme,8,ideogRam
11,idéographie,9,ideOgRafi
13,idéographique,10,ideogRafik
9,idéologie,8,ideoloZi
11,idéologique,9,ideoloZik
15,idéologiquement,12,ideoloZik°m@
9,idéologue,7,ideolOg
2,if,2,if
5,iftar,5,iftaR
5,igloo,4,iglu
6,igname,4,iNam
6,ignare,4,iNaR
8,ignifuge,6,iNifyZ
11,ignifugeant,7,iNifyZ@
9,ignifuger,7,iNifyZe
8,ignifugé,7,iNifyZe
8,ignition,6,iNisj§
7,ignoble,5,iNObl
11,ignoblement,8,iNObl°m@
9,ignominie,7,iNomini
16,ignominieusement,11,iNomiN2z°m@
11,ignominieux,7,iNomiN2
9,ignorance,6,iNoR@s
8,ignorant,5,iNoR@
7,ignorer,5,iNoRe
6,ignoré,5,iNoRe
4,igné,3,iNe
6,iguane,5,igwan
9,iguanodon,8,igwanod§
4,igue,2,ig
7,ikebana,7,ikebana
2,il,2,il
7,iliaque,5,iljak
5,ilium,5,iljOm
11,illettrisme,8,ilEtRizm
8,illettré,6,iletRe
8,illicite,6,ilisit
12,illicitement,9,ilisit°m@
6,illico,5,iliko
8,illimité,7,ilimite
9,illisible,7,ilizibl
9,illogique,6,iloZik
13,illogiquement,9,iloZik°m@
9,illogisme,7,iloZizm
10,illuminant,7,ilymin@
12,illumination,10,ilyminasj§
9,illuminer,7,ilymine
8,illuminé,7,ilymine
8,illusion,6,ilyzj§
11,illusionner,8,ilyzjone
13,illusionnisme,10,ilyzjonizm
13,illusionniste,10,ilyzjonist
9,illusoire,7,ilyzwaR
13,illusoirement,10,ilyzwaR°m@
12,illustrateur,10,ilystRat9R
12,illustration,10,ilystRasj§
8,illustre,6,ilystR
12,illustrement,9,ilystR2m@
9,illustrer,7,ilystRe
13,illustrissime,10,ilystRisim
8,illustré,7,ilystRe
7,illégal,6,ilegal
12,illégalement,9,ilegal°m@
10,illégalité,9,ilegalite
10,illégitime,8,ileZitim
14,illégitimement,11,ileZitim°m@
12,illégitimité,11,ileZitimite
5,ilote,4,ilOt
8,ilotisme,7,ilOtism
3,ils,2,il
5,iléus,5,ileys
5,image,4,imaZ
6,imager,5,imaZe
8,imagerie,7,imaZ°Ri
7,imageur,6,imaZ9R
7,imagier,6,imaZje
10,imaginable,9,imaZinabl
10,imaginaire,8,imaZinER
14,imaginairement,11,imaZinER°m@
9,imaginant,7,imaZin@
10,imaginatif,10,imaZinatif
11,imagination,10,imaZinasj§
11,imaginative,10,imaZinativ
8,imaginer,7,imaZine
5,imago,5,imago
5,imagé,5,imaZe
4,imam,4,imam
4,iman,3,im@
10,imbaisable,7,5bEzabl
10,imbattable,7,5batabl
7,imberbe,5,5bERb
7,imbiber,5,5bibe
10,imbibition,8,5bibisj§
6,imbibé,5,5bibe
9,imbitable,7,5bitabl
10,imbittable,7,5bitabl
11,imbrication,9,5bRikasj§
9,imbriquer,6,5bRike
8,imbriqué,6,5bRike
10,imbrisable,8,5bRizabl
9,imbroglio,9,5bRoglijo
4,imbu,3,5by
9,imbuvable,7,5byvabl
8,imbécile,6,5besil
12,imbécilement,9,5besil°m@
11,imbécillité,9,5besilite
9,imidazole,8,imidazOl
8,imitable,7,imitabl
9,imitateur,8,imitat9R
9,imitation,8,imitasj§
6,imiter,5,imite
5,imité,5,imite
12,immaculation,10,imakylasj§
8,immaculé,7,imakyle
9,immanence,6,iman@s
8,immanent,5,iman@
12,immanentisme,9,iman@tizm
11,immangeable,7,5m@Zabl
11,immanquable,7,5m@kabl
15,immanquablement,10,5m@kabl°m@
13,immarcescible,10,5maRsEsibl
15,immatriculation,13,imatRikylasj§
12,immatriculer,10,imatRikyle
11,immatriculé,10,imatRikyle
8,immature,6,imatyR
10,immaturité,9,imatyRite
13,immatérialité,12,imateRjalite
10,immatériel,9,imateRjEl
7,immense,4,im@s
9,immensité,7,im@site
12,immensurable,9,im@syRabl
11,immensément,7,im@sem@
8,immerger,6,imERZe
7,immergé,6,imERZe
9,immersion,7,imERsj§
10,immettable,7,5mEtabl
8,immeuble,5,im9bl
9,immigrant,6,imigR@
11,immigration,9,imigRasj§
8,immigrer,6,imigRe
7,immigré,6,imigRe
9,imminence,6,imin@s
8,imminent,5,imin@
8,immiscer,5,imise
9,immixtion,7,imiksj§
8,immobile,6,imobil
10,immobilier,8,imobilje
12,immobilisant,9,imobiliz@
14,immobilisation,12,imobilizasj§
11,immobiliser,9,imobilize
11,immobilisme,9,imobilizm
10,immobilité,9,imobilite
9,immodeste,7,imodEst
10,immodestie,8,imodEsti
8,immodéré,7,imodeRe
12,immodérément,9,imodeRem@
10,immolation,8,imolasj§
7,immoler,5,imole
7,immonde,4,im§d
9,immondice,6,im§dis
7,immoral,6,imoRal
12,immoralement,9,imoRal°m@
11,immoralisme,9,imoRalizm
11,immoraliste,9,imoRalist
10,immoralité,9,imoRalite
15,immortalisation,13,imORtalizasj§
12,immortaliser,10,imORtalize
11,immortalité,10,imORtalite
8,immortel,7,imORtEl
11,immuabilité,10,im8abilite
8,immuable,6,im8abl
12,immuablement,9,im8abl°m@
12,immunisation,10,imynizasj§
9,immuniser,7,imynize
11,immunitaire,8,imynitER
8,immunité,7,imynite
16,immunodéficience,13,imynodefisj@s
17,immunodéficitaire,14,imynodefisitER
13,immunodéprimé,12,imynodepRime
10,immunogène,8,imynoZEn
11,immunologie,9,imynoloZi
13,immunologique,10,imynoloZik
13,immunologiste,11,imynolOZist
15,immunostimulant,12,imynostimyl@
14,immunothérapie,11,imynoteRapi
12,immutabilité,11,imytabilite
8,immédiat,6,imedja
13,immédiatement,10,imedjat°m@
11,immédiateté,10,imedjat°te
10,immémorial,9,imemoRjal
8,immérité,7,imeRite
6,impact,5,5pakt
6,impair,4,5pER
6,impala,5,5pala
13,impalpabilité,12,5palpabilite
10,impalpable,8,5palpabl
14,impalpablement,11,5palpabl2m@
9,imparable,7,5paRabl
13,imparablement,10,5paRabl°m@
13,impardonnable,10,5paRdonabl
17,impardonnablement,13,5paRdOnabl2m@
9,imparfait,6,5paRfE
14,imparfaitement,10,5paRfEt°m@
13,impartageable,10,5paRtaZabl
7,imparti,6,5paRti
9,impartial,8,5paRsjal
14,impartialement,11,5paRsjal°m@
12,impartialité,11,5paRsjalite
8,impartir,7,5paRtiR
10,impassable,7,5pasabl
7,impasse,4,5pas
13,impassibilité,11,5pasibilite
10,impassible,7,5pasibl
14,impassiblement,10,5pasibl°m@
12,impatiemment,8,5pasjam@
10,impatience,7,5pasj@s
9,impatiens,7,5pasj@s
9,impatient,6,5pasj@
11,impatienter,8,5pasj@te
12,impatroniser,10,5patRonize
8,impavide,6,5pavid
9,impayable,7,5pEjabl
6,impayé,5,5pEje
11,impeachment,10,impitSmEnt
5,impec,4,5pEk
13,impeccabilité,11,5pEkabilite
10,impeccable,7,5pekabl
14,impeccablement,10,5pekabl°m@
11,impedimenta,9,5pedim@ta
10,impensable,7,5p@sabl
7,impensé,5,5p@se
5,imper,4,5pER
9,imperator,8,5peRatOR
13,imperceptible,11,5pERsEptibl
17,imperceptiblement,14,5pERsEptibl°m@
13,imperfectible,11,5pERfEktibl
12,imperfection,10,5pERfEksj§
8,imperium,7,5p°RjOm
16,imperméabilisant,13,5pERmeabiliz@
15,imperméabiliser,13,5pERmeabilize
14,imperméabilité,13,5pERmeabilite
11,imperméable,9,5pERmeabl
15,impersonnaliser,12,5pERsOnalize
14,impersonnalité,12,5pERsonalite
11,impersonnel,9,5pERsonEl
14,impertinemment,10,5pERtinam@
12,impertinence,9,5pERtin@s
11,impertinent,8,5pERtin@
13,imperturbable,11,5pERtyRbabl
17,imperturbablement,14,5pERtyRbabl°m@
5,impie,3,5pi
11,impitoyable,10,5pitwajabl
15,impitoyablement,13,5pitwajabl°m@
7,impiété,6,5pjete
13,implacabilité,12,5plakabilite
10,implacable,8,5plakabl
14,implacablement,11,5plakabl°m@
7,implant,4,5pl@
11,implantable,8,5pl@tabl
12,implantation,9,5pl@tasj§
9,implanter,6,5pl@te
8,implanté,6,5pl@te
11,implication,9,5plikasj§
9,implicite,7,5plisit
13,implicitement,10,5plisit°m@
9,impliquer,6,5plike
9,implorant,6,5ploR@
11,imploration,9,5ploRasj§
8,implorer,6,5ploRe
8,imploser,6,5ploze
8,implosif,7,5plozif
9,implosion,7,5plozj§
9,implosive,7,5ploziv
14,implémentation,11,5plem@tasj§
11,implémenter,8,5plem@te
6,impoli,5,5poli
10,impoliment,7,5polim@
11,impolitesse,8,5politEs
7,impollu,5,5pOly
11,impolluable,8,5pOl8abl
8,impollué,6,5pol8e
12,impondérable,9,5p§deRabl
11,impopulaire,8,5popylER
12,impopularité,11,5popylaRite
6,import,4,5pOR
13,import-export,10,5pOREkspOR
10,importable,8,5pORtabl
10,importance,7,5pORt@s
9,important,6,5pORt@
11,importateur,9,5pORtat9R
11,importation,9,5pORtasj§
8,importer,6,5pORte
8,importun,6,5pORt1
10,importuner,8,5pORtyne
7,importé,6,5pORte
9,imposable,7,5pozabl
8,imposant,5,5poz@
7,imposer,5,5poze
10,imposition,8,5pozisj§
13,impossibilité,11,5posibilite
10,impossible,7,5posibl
7,imposte,5,5pOst
9,imposteur,7,5pOst9R
9,imposture,7,5pOstyR
6,imposé,5,5poze
9,impotence,6,5pot@s
8,impotent,5,5pot@
15,impraticabilité,14,5pRatikabilite
12,impraticable,10,5pRatikabl
10,impratique,7,5pRatik
10,imprenable,8,5pR2nabl
10,impresario,9,5pResaRjo
15,imprescriptible,13,5pREskRiptibl
10,impression,7,5pResj§
15,impressionnable,11,5pResjonabl
14,impressionnant,9,5pResjon@
13,impressionner,9,5pResjone
15,impressionnisme,11,5pResjonizm
15,impressionniste,11,5pResjonist
10,imprimable,8,5pRimabl
10,imprimante,7,5pRim@t
10,imprimatur,9,5pRimatyR
8,imprimer,6,5pRime
10,imprimerie,8,5pRim°Ri
9,imprimeur,7,5pRim9R
7,imprimé,6,5pRime
5,impro,4,5pRo
13,improbabilité,12,5pRobabilite
10,improbable,8,5pRobabl
11,improductif,10,5pRodyktif
9,impromptu,7,5pR§pty
10,imprononcé,8,5pROn§se
13,imprononçable,10,5pRon§sabl
8,impropre,6,5pROpR
12,improprement,9,5pROpR°m@
11,improuvable,8,5pRuvabl
11,improvisade,9,5pROvizad
13,improvisateur,11,5pRovizat9R
13,improvisation,11,5pRovizasj§
10,improviser,8,5pRovize
9,improvisé,8,5pRovize
12,imprudemment,8,5pRydam@
10,imprudence,7,5pRyd@s
9,imprudent,6,5pRyd@
11,imprécateur,9,5pRekat9R
11,imprécation,9,5pRekasj§
8,imprécis,6,5pResi
12,imprécisable,10,5pResizabl
11,imprécision,9,5pResizj§
10,imprégnant,6,5pReN@
12,imprégnation,9,5pReNasj§
9,imprégner,6,5pReNe
8,imprégné,6,5pReNe
13,impréparation,11,5pRepaRasj§
10,imprésario,9,5pResaRjo
13,imprésentable,10,5pRez@tabl
15,imprévisibilité,14,5pRevizibilite
12,imprévisible,10,5pRevizibl
16,imprévisiblement,13,5pRevizibl2m@
11,imprévision,9,5pRevizj§
12,imprévoyance,10,5pRevwaj@s
11,imprévoyant,9,5pRevwaj@
7,imprévu,6,5pRevy
11,impubliable,10,5pyblijabl
8,impubère,6,5pybER
11,impudemment,7,5pydam@
9,impudence,6,5pyd@s
8,impudent,5,5pyd@
8,impudeur,6,5pyd9R
10,impudicité,9,5pydisite
9,impudique,6,5pydik
13,impudiquement,9,5pydik°m@
11,impuissance,7,5p8is@s
10,impuissant,6,5p8is@
8,impulsif,7,5pylsif
9,impulsion,7,5pylsj§
9,impulsive,7,5pylsiv
13,impulsivement,10,5pylsiv°m@
11,impulsivité,10,5pylsivite
6,impuni,5,5pyni
8,impunité,7,5pynite
10,impunément,7,5pynem@
5,impur,4,5pyR
8,impureté,7,5pyR°te
9,imputable,7,5pytabl
10,imputation,8,5pytasj§
7,imputer,5,5pyte
13,imputrescible,10,5pytResibl
11,impécunieux,8,5pekynj2
13,impécuniosité,12,5pekynjozite
9,impédance,6,5ped@s
10,impénitent,7,5penit@
15,impénétrabilité,14,5penetRabilite
12,impénétrable,10,5penetRabl
9,impératif,8,5peRatif
14,impérativement,11,5peRativ°m@
11,impératrice,9,5peRatRis
8,impérial,7,5peRjal
9,impériale,7,5peRjal
15,impérialisation,13,5peRjalizasj§
12,impérialisme,10,5peRjalizm
12,impérialiste,10,5peRjalist
14,impérieusement,10,5peRj2z°m@
9,impérieux,6,5peRj2
12,impérissable,9,5peRisabl
9,impéritie,7,5peRisi
8,impétigo,7,5petigo
9,impétrant,6,5petR@
14,impétueusement,10,5pet82z°m@
9,impétueux,6,5pet82
11,impétuosité,10,5pet8ozite
5,impôt,3,5po
2,in,2,in
11,in absentia,10,inabsEntja
12,in abstracto,11,inapstRakto
13,in anima vili,11,inanimavili
16,in cauda venenum,13,inkodavenenOm
10,in extenso,9,inEkst5so
11,in extremis,11,inEkstRemis
11,in memoriam,10,inm°moRjam
7,in pace,5,inpas
8,in petto,6,inpeto
8,in utero,7,inyteRo
15,in vino veritas,13,invinovERitas
8,in vitro,7,invitRo
7,in vivo,6,invivo
7,in-bord,6,inbORd
8,in-folio,7,infoljo
9,in-folios,7,infoljo
9,in-octavo,8,inOktavo
10,in-octavos,8,inOktavo
9,in-quarto,8,inkwaRto
8,in-seize,5,insEz
11,inabordable,10,inabORdabl
8,inabouti,7,inabuti
12,inacceptable,11,inaksEptabl
15,inaccessibilité,14,inaksEsibilite
12,inaccessible,10,inaksesibl
10,inaccompli,8,inak§pli
17,inaccomplissement,12,inak§plis°m@
11,inaccoutumé,9,inakutyme
8,inachevé,7,inaS°ve
12,inachèvement,9,inaSEv°m@
7,inactif,7,inaktif
8,inaction,7,inaksj§
12,inactivation,11,inaktivasj§
10,inactivité,10,inaktivite
8,inactivé,8,inaktive
8,inactuel,8,inakt8El
11,inadaptable,10,inadaptabl
12,inadaptation,11,inadaptasj§
8,inadapté,8,inadapte
12,inadmissible,10,inadmisibl
12,inadvertance,10,inadvERt@s
9,inadéquat,8,inadekwa
14,inadéquatement,12,inadekwat°m@
12,inadéquation,11,inadekwasj§
11,inaliénable,10,inaljenabl
11,inaltérable,10,inalteRabl
8,inaltéré,8,inalteRe
8,inamical,8,inamikal
10,inamovible,9,inamovibl
12,inanalysable,11,inanalizabl
5,inane,4,inan
11,inanimation,10,inanimasj§
7,inanimé,7,inanime
9,inanition,8,inanisj§
7,inanité,7,inanite
11,inapaisable,9,inapEzabl
8,inaperçu,8,inapERsy
12,inapplicable,10,inaplikabl
13,inapplication,11,inaplikasj§
13,inapprochable,10,inapROSabl
11,inapproprié,11,inapRopRije
13,inappréciable,11,inapResjabl
11,inappétence,8,inapet@s
6,inapte,5,inapt
10,inaptitude,9,inaptityd
13,inarrangeable,9,inaR@Zabl
10,inarticulé,10,inaRtikyle
13,inassimilable,11,inasimilabl
9,inassouvi,7,inasuvi
15,inassouvissable,11,inasuvisabl
16,inassouvissement,11,inasuvis°m@
11,inassurable,9,inasyRabl
12,inattaquable,9,inatakabl
13,inatteignable,9,inatENabl
9,inattendu,7,inat@dy
10,inattentif,8,inat@tif
11,inattention,8,inat@sj§
12,inattrapable,10,inatRapabl
9,inaudible,7,inodibl
9,inaugural,8,inogyRal
12,inauguration,10,inogyRasj§
9,inaugurer,7,inogyRe
14,inauthenticité,11,inot@tisite
8,inaverti,8,inavERti
10,inavouable,8,inavwabl
14,inavouablement,11,inavwabl2m@
7,inavoué,6,inavwe
4,inca,3,5ka
12,incalculable,10,5kalkylabl
13,incandescence,8,5k@des@s
12,incandescent,7,5k@des@
11,incantation,8,5k@tasj§
12,incantatoire,9,5k@tatwaR
9,incapable,7,5kapabl
12,incapacitant,9,5kapasit@
10,incapacité,9,5kapasite
13,incarcération,11,5kaRseRasj§
10,incarcérer,8,5kaRseRe
9,incarcéré,8,5kaRseRe
8,incarnat,6,5kaRna
11,incarnation,9,5kaRnasj§
8,incarner,6,5kaRne
7,incarné,6,5kaRne
9,incartade,7,5kaRtad
10,incassable,7,5kasabl
11,incendiaire,7,5s@djER
8,incendie,5,5s@di
9,incendier,6,5s@dje
8,incendié,6,5s@dje
10,incernable,8,5sERnabl
9,incertain,6,5sERt5
11,incertitude,9,5sERtityd
12,incessamment,7,5sesam@
9,incessant,5,5ses@
7,inceste,5,5sEst
10,incestueux,7,5sEst82
10,inch allah,6,inSala
12,inchangeable,7,5S@Zabl
8,inchangé,5,5S@Ze
12,inchavirable,9,5SaviRabl
12,inchiffrable,8,5SifRabl
11,incidemment,7,5sidam@
9,incidence,6,5sid@s
8,incident,5,5sid@
12,incinérateur,10,5sineRat9R
12,incinération,10,5sineRasj§
9,incinérer,7,5sineRe
11,incirconcis,8,5siRk§si
6,incise,4,5siz
7,inciser,5,5size
7,incisif,6,5sizif
8,incision,6,5sizj§
8,incisive,6,5siziv
8,incitant,5,5sit@
10,incitateur,8,5sitat9R
9,incitatif,8,5sitatif
10,incitation,8,5sitasj§
7,inciter,5,5site
7,incivil,6,5sivil
11,inclassable,8,5klasabl
10,inclinable,8,5klinabl
11,inclinaison,8,5klinEz§
11,inclination,9,5klinasj§
8,incliner,6,5kline
12,inclinomètre,10,5klinomEtR
7,incliné,6,5kline
7,inclure,5,5klyR
6,inclus,4,5kly
9,inclusion,7,5klyzj§
13,inclusivement,10,5klyziv°m@
10,inclémence,7,5klem@s
9,inclément,6,5klem@
11,incoercible,9,5koERsibl
15,incoerciblement,12,5kOERsibl2m@
9,incognito,7,5koNito
11,incohérence,7,5koeR@s
10,incohérent,6,5koeR@
10,incollable,7,5kolabl
8,incolore,6,5kolOR
8,incomber,5,5k§be
13,incombustible,10,5k§bystibl
12,incomestible,10,5komEstibl
15,incommensurable,11,5kom@syRabl
19,incommensurablement,14,5kom@syRabl°m@
11,incommodant,7,5komOd@
9,incommode,6,5komOd
10,incommoder,7,5komode
11,incommodité,9,5komodite
9,incommodé,7,5komode
17,incommunicabilité,15,5komynikabilite
14,incommunicable,11,5komynikabl
12,incomparable,9,5k§paRabl
16,incomparablement,12,5k§paRabl°m@
15,incompatibilité,13,5k§patibilite
12,incompatible,9,5k§patibl
9,incomplet,6,5k§plE
14,incomplètement,10,5k§plEt°m@
12,incomplétude,9,5k§pletyd
14,incompressible,10,5k§pResibl
9,incompris,6,5k§pRi
16,incompréhensible,11,5k§pRe@sibl
20,incompréhensiblement,14,5k§pRe@sibl2m@
14,incompréhensif,10,5k§pRe@sif
15,incompréhension,10,5k§pRe@sj§
12,incompétence,8,5k§pet@s
11,incompétent,7,5k§pet@
12,inconcevable,9,5k§s°vabl
16,inconcevablement,12,5k§s°vabl°m@
13,inconciliable,10,5k§siljabl
14,inconditionnel,11,5k§disjonEl
20,inconditionnellement,14,5k§disjonEl°m@
13,inconditionné,10,5k§disjone
10,inconduite,7,5k§d8it
11,inconfiance,7,5k§fj@s
9,inconfort,6,5k§fOR
13,inconfortable,10,5k§fORtabl
17,inconfortablement,13,5k§fORtabl°m@
8,incongru,6,5k§gRy
11,incongruité,9,5k§gR8ite
14,inconnaissable,9,5konEsabl
14,inconnaissance,8,5konEs@s
7,inconnu,5,5kony
14,inconsciemment,8,5k§sjam@
12,inconscience,7,5k§sj@s
11,inconscient,6,5k§sj@
11,inconsidéré,9,5k§sideRe
15,inconsidérément,11,5k§sideRem@
13,inconsistance,9,5k§sist@s
12,inconsistant,8,5k§sist@
12,inconsolable,9,5k§solabl
9,inconsolé,7,5k§sole
13,inconsommable,9,5k§somabl
11,inconstance,7,5k§st@s
10,inconstant,6,5k§st@
17,inconstitutionnel,14,5k§stitysjonEl
13,inconséquence,8,5k§sek@s
12,inconséquent,7,5k§sek@
13,incontestable,10,5k§tEstabl
17,incontestablement,13,5k§tEstabl°m@
10,incontesté,8,5k§tEste
12,incontinence,8,5k§tin@s
11,incontinent,7,5k§tin@
14,incontournable,10,5k§tuRnabl
13,incontrôlable,10,5k§tRolabl
10,incontrôlé,8,5k§tRole
12,inconvenance,8,5k§v°n@s
11,inconvenant,7,5k§v°n@
13,inconvertible,10,5k§vERtibl
16,inconvertissable,12,5k§vERtisabl
12,inconvénient,8,5k§venj@
14,incoordination,12,5koORdinasj§
12,incorporable,10,5kORpoRabl
13,incorporation,11,5kORpoRasj§
10,incorporel,9,5kORpoREl
10,incorporer,8,5kORpoRe
9,incorrect,7,5koREkt
14,incorrectement,10,5koREkt°m@
12,incorrection,9,5koREksj§
12,incorrigible,9,5koRiZibl
16,incorrigiblement,12,5koRiZibl°m@
16,incorruptibilité,14,5koRyptibilite
13,incorruptible,10,5koRyptibl
10,increvable,8,5kR°vabl
13,incrimination,11,5kRiminasj§
10,incriminer,8,5kRimine
13,incrochetable,10,5kROS°tabl
10,incroyable,9,5kRwajabl
14,incroyablement,12,5kRwajabl°m@
10,incroyance,8,5kRwaj@s
9,incroyant,7,5kRwaj@
12,incrustation,10,5kRystasj§
9,incruster,7,5kRyste
13,incrédibilité,12,5kRedibilite
9,incrédule,7,5kRedyl
11,incrédulité,10,5kRedylite
6,incréé,5,5kRee
10,incubateur,8,5kybat9R
10,incubation,8,5kybasj§
6,incube,4,5kyb
7,incuber,5,5kybe
11,inculcation,9,5kylkasj§
11,inculpation,9,5kylpasj§
8,inculper,6,5kylpe
7,inculpé,6,5kylpe
9,inculquer,6,5kylke
7,inculte,5,5kylt
12,incultivable,10,5kyltivabl
9,inculture,7,5kyltyR
9,incurable,7,5kyRabl
13,incurablement,10,5kyRabl°m@
7,incurie,5,5kyRi
9,incurieux,6,5kyRj2
11,incuriosité,10,5kyRjozite
9,incursion,7,5kyRsj§
11,incurvation,9,5kyRvasj§
8,incurver,6,5kyRve
7,incurvé,6,5kyRve
5,incus,3,5ky
10,indansable,7,5d@sabl
4,inde,2,5d
7,indemne,5,5dEmn
12,indemnisable,10,5dEmnizabl
13,indemnisation,11,5dEmnizasj§
10,indemniser,8,5dEmnize
9,indemnité,8,5dEmnite
11,indentation,8,5d@tasj§
8,indenter,5,5d@te
15,indentification,12,5d@tifikasj§
14,indescriptible,12,5dEskRiptibl
18,indescriptiblement,15,5dEskRiptibl2m@
17,indestructibilité,16,5dEstRyktibilite
14,indestructible,12,5dEstRyktibl
5,index,5,5dEks
10,indexation,9,5dEksasj§
7,indexer,6,5dEkse
8,indexeur,7,5dEks9R
5,indic,4,5dik
10,indicateur,8,5dikat9R
9,indicatif,8,5dikatif
10,indication,8,5dikasj§
6,indice,4,5dis
10,indiciaire,7,5disjER
9,indicible,7,5disibl
13,indiciblement,10,5disibl°m@
6,indien,4,5dj5
14,indifféremment,9,5difeRam@
12,indifférence,8,5difeR@s
17,indifférenciation,13,5difeR@sjasj§
13,indifférencié,10,5difeR@sje
11,indifférent,7,5difeR@
15,indifférentisme,11,5difeR@tizm
9,indigence,6,5diZ@s
8,indigent,5,5diZ@
9,indigeste,7,5diZEst
11,indigestion,9,5diZEstj§
14,indigestionner,11,5diZEstjOne
11,indignation,8,5diNasj§
7,indigne,4,5diN
11,indignement,7,5diN°m@
8,indigner,5,5diNe
9,indignité,7,5diNite
7,indigné,5,5diNe
6,indigo,5,5digo
8,indigène,6,5diZEn
8,indiquer,5,5dike
7,indiqué,5,5dike
8,indirect,7,5diREkt
13,indirectement,10,5diREkt°m@
13,indiscernable,10,5disERnabl
12,indiscipline,9,5disiplin
12,indiscipliné,10,5disipline
9,indiscret,7,5diskRE
10,indiscrète,8,5diskREt
14,indiscrètement,11,5diskREt°m@
12,indiscrétion,10,5diskResj§
12,indiscutable,10,5diskytabl
16,indiscutablement,13,5diskytabl°m@
9,indiscuté,8,5diskyte
13,indispensable,10,5disp@sabl
15,indisponibilité,14,5disponibilite
12,indisponible,10,5disponibl
10,indisposer,8,5dispoze
13,indisposition,11,5dispozisj§
9,indisposé,8,5dispoze
13,indissociable,10,5disosjabl
12,indissoluble,9,5disolybl
16,indissolublement,12,5disolybl°m@
10,indistinct,6,5dist5
15,indistinctement,11,5dist5kt°m@
13,indistinction,10,5dist5ksj§
8,individu,7,5dividy
14,individualiser,12,5divid8alize
14,individualisme,12,5divid8alizm
14,individualiste,12,5divid8alist
13,individualisé,12,5divid8alize
13,individualité,12,5divid8alite
10,individuel,9,5divid8El
16,individuellement,12,5divid8El°m@
7,indivis,5,5divi
14,indivisibilité,13,5divizibilite
11,indivisible,9,5divizibl
10,indivision,8,5divizj§
8,indivisé,7,5divize
4,indo,3,5do
13,indo-européen,9,5do2Rope5
11,indochinois,8,5doSinwa
8,indocile,6,5dosil
10,indocilité,9,5dosilite
6,indole,4,5dOl
11,indolemment,7,5dolam@
9,indolence,6,5dol@s
8,indolent,5,5dol@
8,indolore,6,5dolOR
11,indomptable,7,5d§tabl
8,indompté,5,5d§te
10,indonésien,8,5donezj5
6,indoor,5,indOR
9,indosable,7,5dozabl
5,indou,3,5du
4,indu,3,5dy
11,indubitable,9,5dybitabl
15,indubitablement,12,5dybitabl°m@
9,inducteur,7,5dykt9R
8,inductif,7,5dyktif
9,induction,7,5dyksj§
7,induire,5,5d8iR
6,induit,4,5d8i
10,indulgence,7,5dylZ@s
9,indulgent,6,5dylZ@
17,industrialisation,16,5dystRijalizasj§
14,industrialiser,13,5dystRijalize
13,industrialisé,13,5dystRijalize
9,industrie,7,5dystRi
13,industrie-clé,10,5dystRikle
10,industriel,10,5dystRijEl
16,industriellement,13,5dystRijEl°m@
16,industrieusement,13,5dystRij2z°m@
11,industrieux,9,5dystRij2
11,indécelable,9,5des°labl
11,indécemment,7,5desam@
9,indécence,6,5des@s
8,indécent,5,5des@
14,indéchiffrable,10,5deSifRabl
12,indéchirable,9,5deSiRabl
11,indécidable,9,5desidabl
7,indécis,5,5desi
8,indécise,6,5desiz
9,indécises,6,5desiz
10,indécision,8,5desizj§
11,indécodable,9,5dekOdabl
12,indécollable,9,5dekolabl
13,indécrottable,10,5dekRotabl
17,indécrottablement,13,5dekROtabl2m@
12,indéfectible,10,5defEktibl
16,indéfectiblement,13,5defEktibl°m@
12,indéfendable,9,5def@dabl
8,indéfini,7,5defini
12,indéfiniment,9,5definim@
14,indéfinissable,11,5definisabl
18,indéfinissablement,14,5definisabl2m@
12,indéfinition,10,5definisj§
10,indéfriché,8,5defRiSe
12,indéfrisable,10,5defRizabl
9,indélicat,7,5delika
13,indélicatesse,10,5delikatEs
12,indélivrable,10,5delivRabl
12,indélogeable,9,5deloZabl
10,indélébile,8,5delebil
13,indémaillable,9,5demajabl
11,indémodable,9,5demodabl
13,indémontrable,10,5dem§tRabl
10,indéniable,8,5denjabl
14,indéniablement,11,5denjabl°m@
11,indénouable,8,5denuabl
12,indépassable,9,5depasabl
14,indépendamment,9,5dep@dam@
12,indépendance,8,5dep@d@s
11,indépendant,7,5dep@d@
15,indépendantisme,11,5dep@d@tism
15,indépendantiste,11,5dep@d@tist
13,indéracinable,11,5deRasinabl
11,indésirable,9,5deziRabl
12,indétectable,10,5detEktabl
14,indéterminable,12,5detERminabl
15,indétermination,13,5detERminasj§
11,indéterminé,10,5detERmine
8,indûment,5,5dym@
9,ineffable,7,inefabl
13,ineffablement,10,inefabl°m@
11,ineffaçable,9,inefasabl
15,ineffaçablement,12,inefasabl°m@
10,inefficace,8,inefikas
12,inefficacité,11,inefikasite
8,inemploi,7,in@plwa
12,inemployable,11,in@plwajabl
9,inemployé,9,in@plwaje
11,inentamable,9,in@tamabl
8,inentamé,7,in@tame
14,inenvisageable,11,in@vizaZabl
6,inepte,5,inEpt
10,ineptement,8,inEpt2m@
7,ineptie,6,inEpsi
6,inerte,5,inERt
7,inertie,6,inERsi
8,inertiel,8,inERsjEl
8,inespoir,8,inEspwaR
11,inespérable,10,inEspeRabl
8,inespéré,8,inEspeRe
12,inespérément,10,inEspeRem@
11,inessentiel,9,inEs@sjEl
12,inesthétique,9,inEstetik
11,inestimable,10,inEstimabl
7,inexact,8,inEgzakt
12,inexactement,11,inEgzakt°m@
12,inexactitude,12,inEgzaktityd
11,inexcusable,11,inEkskyzabl
10,inexistant,9,inEgzist@
11,inexistence,10,inEgzist@s
13,inexorabilité,14,inEgzoRabilite
10,inexorable,10,inEgzoRabl
14,inexorablement,13,inEgzoRabl°m@
10,inexpiable,10,inEkspjabl
12,inexplicable,12,inEksplikabl
16,inexplicablement,15,inEksplikabl°m@
10,inexpliqué,10,inEksplike
13,inexploitable,13,inEksplwatabl
10,inexploité,11,inEksplwate
9,inexploré,10,inEksploRe
12,inexplosible,12,inEksplozibl
11,inexpressif,11,inEkspResif
12,inexpression,11,inEkspREsj§
12,inexprimable,12,inEkspRimabl
16,inexprimablement,15,inEkspRimabl2m@
9,inexprimé,10,inEkspRime
12,inexpugnable,11,inEkspyNabl
16,inexpugnablement,14,inEkspyNabl2m@
12,inexpérience,11,inEkspeRj@s
13,inexpérimenté,13,inEkspeRim@te
13,inextinguible,11,inEkst5gibl
12,inextirpable,12,inEkstiRpabl
12,inextricable,12,inEkstRikabl
16,inextricablement,15,inEkstRikabl°m@
14,infaillibilité,11,5fajibilite
11,infaillible,7,5fajibl
15,infailliblement,10,5fajibl°m@
10,infaisable,7,5f°zabl
13,infalsifiable,11,5falsifjabl
8,infamant,5,5fam@
7,infamie,5,5fami
6,infant,3,5f@
10,infanterie,7,5f@t°Ri
11,infanticide,8,5f@tisid
9,infantile,6,5f@til
13,infantilement,9,5f@til°m@
12,infantiliser,9,5f@tilize
12,infantilisme,9,5f@tilizm
9,infarctus,8,5faRktys
11,infatigable,9,5fatigabl
15,infatigablement,12,5fatigabl°m@
11,infatuation,9,5fat8asj§
8,infatuer,6,5fat8e
7,infatué,6,5fat8e
6,infect,5,5fEkt
11,infectement,8,5fEkt2m@
8,infecter,6,5fEkte
10,infectieux,7,5fEksj2
13,infectiologie,11,5fEksjOlOZi
9,infection,7,5fEksj§
7,infecté,6,5fEkte
8,infernal,7,5fERnal
13,infernalement,10,5fERnal°m@
9,infertile,7,5fERtil
11,infertilité,10,5fERtilite
11,infestation,9,5fEstasj§
8,infester,6,5fEste
12,infibulation,10,5fibylasj§
8,infidèle,6,5fidEl
10,infidélité,9,5fidelite
11,infigurable,9,5figyRabl
9,infiltrat,7,5filtRa
12,infiltration,10,5filtRasj§
9,infiltrer,7,5filtRe
6,infime,4,5fim
6,infini,5,5fini
10,infiniment,7,5finim@
9,infinitif,8,5finitif
10,infinitude,8,5finityd
8,infinité,7,5finite
13,infinitésimal,12,5finitezimal
18,infinitésimalement,15,5finitezimal°m@
7,infirme,5,5fiRm
8,infirmer,6,5fiRme
10,infirmerie,8,5fiRm°Ri
9,infirmier,7,5fiRmje
9,infirmité,8,5fiRmite
16,infirmière-major,13,5fiRmjERmaZOR
14,inflammabilité,12,5flamabilite
11,inflammable,8,5flamabl
12,inflammation,9,5flamasj§
13,inflammatoire,10,5flamatwaR
9,inflation,7,5flasj§
14,inflationniste,11,5flasjonist
13,inflexibilité,13,5flEksibilite
10,inflexible,9,5flEksibl
14,inflexiblement,12,5flEksibl°m@
9,inflexion,8,5flEksj§
10,infliction,8,5fliksj§
8,infliger,6,5fliZe
13,inflorescence,9,5floRes@s
9,influence,6,5fly@s
10,influencer,7,5fly@se
8,influent,5,5fly@
9,influenza,7,5fly@za
12,influençable,9,5fly@sabl
7,influer,5,5flye
6,influx,4,5fly
8,infléchi,6,5fleSi
9,infléchir,7,5fleSiR
15,infléchissement,10,5fleSis°m@
4,info,3,5fo
11,infographie,8,5fogRafi
7,infondé,5,5f§de
9,informant,6,5fORm@
11,informateur,9,5fORmat9R
13,informaticien,11,5fORmatisj5
10,informatif,9,5fORmatif
11,information,9,5fORmasj§
12,informatique,9,5fORmatik
16,informatiquement,12,5fORmatik°m@
12,informatiser,10,5fORmatize
11,informatisé,10,5fORmatize
7,informe,5,5fORm
8,informel,7,5fORmEl
8,informer,6,5fORme
12,informulable,10,5fORmylabl
9,informulé,8,5fORmyle
7,informé,6,5fORme
9,infortune,7,5fORtyn
9,infortuné,8,5fORtyne
7,infoutu,5,5futy
5,infra,4,5fRa
10,infraction,8,5fRaksj§
9,infranchi,6,5fR@Si
15,infranchissable,10,5fR@Sisabl
11,infrangible,8,5fR@Zibl
10,infrarouge,7,5fRaRuZ
8,infrason,6,5fRas§
14,infrastructure,12,5fRastRyktyR
12,infroissable,9,5fRwasabl
11,infructueux,8,5fRykt82
14,infréquentable,10,5fRek@tabl
5,infus,3,5fy
7,infuser,5,5fyze
8,infusion,6,5fyzj§
6,infâme,4,5fam
11,infécondité,9,5fek§dite
8,inféoder,6,5feode
7,inférer,5,5feRe
9,inférieur,7,5feRj9R
12,inférioriser,10,5feRjoRize
11,infériorité,10,5feRjoRite
10,ingagnable,7,5gaNabl
7,ingambe,4,5g@b
9,ingestion,7,5ZEstj§
15,inglorieusement,11,5glORj2z°m@
10,inglorieux,7,5glORj2
13,ingouvernable,10,5guvERnabl
6,ingrat,4,5gRa
11,ingratement,8,5gRat°m@
11,ingratitude,9,5gRatityd
10,ingrédient,7,5gRedj@
8,inguinal,7,5g8inal
13,ingurgitation,11,5gyRZitasj§
10,ingurgiter,8,5gyRZite
13,inguérissable,9,5geRisabl
8,ingénier,6,5Zenje
10,ingénierie,7,5ZeniRi
9,ingénieur,7,5Zenj9R
18,ingénieur-chimiste,13,5Zenj9RSimist
17,ingénieur-conseil,12,5Zenj9Rk§sEj
14,ingénieusement,10,5Zenj2z°m@
9,ingénieux,6,5Zenj2
11,ingéniosité,10,5Zenjozite
6,ingénu,5,5Zeny
9,ingénuité,8,5Zen8ite
10,ingénument,7,5Zenym@
9,ingérable,7,5ZeRabl
9,ingérence,6,5ZeR@s
7,ingérer,5,5ZeRe
8,inhabile,6,inabil
11,inhabitable,9,inabitabl
10,inhabituel,9,inabit8El
16,inhabituellement,12,inabityEl°m@
8,inhabité,7,inabite
8,inhalant,5,inal@
10,inhalateur,8,inalat9R
10,inhalation,8,inalasj§
7,inhaler,5,inale
12,inharmonieux,9,inaRmOnj2
7,inhiber,5,inibe
10,inhibiteur,8,inibit9R
10,inhibition,8,inibisj§
6,inhibé,5,inibe
13,inhospitalier,11,inOspitalje
13,inhospitalité,12,inOspitalite
8,inhumain,5,inym5
13,inhumainement,9,inymEn°m@
10,inhumanité,9,inymanite
10,inhumation,8,inymasj§
7,inhumer,5,inyme
8,inhérent,5,ineR@
14,inidentifiable,12,inid@tifjabl
12,inimaginable,11,inimaZinabl
16,inimaginablement,14,inimaZinabl2m@
10,inimitable,9,inimitabl
14,inimitablement,12,inimitabl2m@
8,inimitié,8,inimitje
7,inimité,7,inimite
13,ininflammable,10,in5flamabl
14,inintelligence,10,in5teliZ@s
13,inintelligent,9,in5teliZ@
14,inintelligible,11,in5teliZibl
12,ininterrompu,9,in5tER§py
13,inintéressant,9,in5teREs@
9,inintérêt,7,in5teRE
6,inique,4,inik
8,iniquité,7,inikite
7,initial,7,inisjal
8,initiale,7,inisjal
12,initialement,10,inisjal°m@
14,initialisation,13,inisjalizasj§
11,initialiser,10,inisjalize
10,initialisé,10,inisjalize
10,initiateur,9,inisjat9R
10,initiation,9,inisjasj§
11,initiatique,9,inisjatik
10,initiative,9,inisjativ
7,initier,6,inisje
6,initié,6,inisje
10,injectable,8,5ZEktabl
8,injecter,6,5ZEkte
9,injecteur,7,5ZEkt9R
9,injection,7,5ZEksj§
7,injecté,6,5ZEkte
11,injoignable,8,5ZwaNabl
10,injonction,7,5Z§ksj§
9,injouable,6,5Zwabl
6,injure,4,5ZyR
8,injurier,6,5ZyRje
14,injurieusement,10,5ZyRj2z°m@
9,injurieux,6,5ZyRj2
7,injuste,5,5Zyst
11,injustement,8,5Zyst°m@
9,injustice,7,5Zystis
13,injustifiable,11,5Zystifjabl
10,injustifié,9,5Zystifje
10,inlassable,7,5lasabl
14,inlassablement,10,5lasabl°m@
11,innervation,9,inERvasj§
8,innerver,6,inERve
11,innocemment,7,inosam@
9,innocence,6,inos@s
8,innocent,5,inos@
10,innocenter,7,inos@te
9,innocuité,8,inok8ite
11,innombrable,8,in§bRabl
15,innombrablement,11,in§bRabl2m@
10,innommable,7,inomabl
7,innommé,5,inome
8,innovant,5,inov@
10,innovateur,8,inovat9R
10,innovation,8,inovasj§
7,innover,5,inove
4,inné,3,ine
8,inoccupé,7,inokype
11,inoculation,10,inokylasj§
8,inoculer,7,inokyle
7,inodore,6,inodOR
10,inoffensif,8,inof@sif
9,inondable,7,in§dabl
10,inondation,8,in§dasj§
7,inonder,5,in§de
6,inondé,5,in§de
7,inopiné,7,inopine
11,inopinément,9,inopinem@
10,inopportun,8,inopORt1
13,inopportunité,12,inopORtynite
15,inopportunément,12,inopORtynem@
10,inopérable,9,inopeRabl
9,inopérant,7,inopeR@
11,inorganique,9,inORganik
10,inorganisé,10,inORganize
11,inoubliable,10,inublijabl
15,inoubliablement,13,inublijabl2m@
8,inoublié,7,inublje
5,inouï,4,inwi
4,inox,5,inOks
10,inoxydable,10,inOksidabl
5,input,5,input
13,inqualifiable,10,5kalifjabl
7,inquiet,4,5kjE
10,inquilisme,7,5kilism
11,inquisiteur,8,5kizit9R
11,inquisition,8,5kizisj§
14,inquisitionner,10,5kizisjOne
13,inquisitorial,11,5kizitoRjal
10,inquiétant,6,5kjet@
9,inquiéter,6,5kjete
10,inquiéteur,7,5kjet9R
10,inquiétude,7,5kjetyd
13,insaisissable,9,5sezisabl
12,insalissable,9,5salisabl
9,insalubre,7,5salybR
11,insalubrité,10,5salybRite
6,insane,4,5san
8,insanité,7,5sanite
10,insatiable,8,5sasjabl
14,insatiablement,11,5sasjabl°m@
14,insatisfaction,12,5satisfaksj§
14,insatisfaisant,10,5satisf°z@
11,insatisfait,8,5satisfE
11,inscription,9,5skRipsj§
8,inscrire,6,5skRiR
7,inscrit,5,5skRi
10,inscrivant,7,5skRiv@
11,inscrutable,9,5skRytabl
7,insecte,5,5sEkt
11,insecticide,9,5sEktisid
11,insectivore,9,5sEktivOR
14,insensibiliser,11,5s@sibilize
13,insensibilité,11,5s@sibilite
10,insensible,7,5s@sibl
14,insensiblement,10,5s@sibl°m@
7,insensé,5,5s@se
11,insensément,7,5s@sem@
6,insert,4,5sER
9,insertion,7,5sERsj§
14,insidieusement,10,5sidj2z°m@
9,insidieux,6,5sidj2
7,insight,6,insajt
7,insigne,4,5siN
13,insignifiance,9,5siNifj@s
12,insignifiant,8,5siNifj@
9,insincère,6,5s5sER
11,insincérité,9,5s5seRite
9,insinuant,6,5sin8@
11,insinuation,9,5sin8asj§
8,insinuer,6,5sin8e
8,insipide,6,5sipid
10,insipidité,9,5sipidite
10,insistance,7,5sist@s
9,insistant,6,5sist@
8,insister,6,5siste
10,insociable,8,5sosjabl
10,insolation,8,5solasj§
11,insolemment,7,5solam@
9,insolence,6,5sol@s
8,insolent,4,5sOl
8,insolent,5,5sOl@
8,insolite,6,5solit
12,insolitement,9,5sOlit°m@
9,insoluble,7,5solybl
10,insolvable,8,5sOlvabl
11,insomniaque,8,5sOmnjak
8,insomnie,6,5sOmni
10,insomnieux,7,5sOmnj2
10,insondable,7,5s§dabl
14,insondablement,10,5s§dabl2m@
8,insonore,6,5sonOR
14,insonorisation,12,5sonoRizasj§
11,insonoriser,9,5sonoRize
10,insonorité,9,5sonoRite
10,insortable,8,5sORtabl
11,insouciance,7,5susj@s
10,insouciant,6,5susj@
15,insoucieusement,10,5susj2z°m@
10,insoucieux,6,5susj2
8,insoumis,5,5sumi
12,insoumission,8,5sumisj§
14,insoupçonnable,10,5supsonabl
11,insoupçonné,8,5supsone
12,insoutenable,9,5sut°nabl
9,inspecter,7,5spEkte
10,inspecteur,8,5spEkt9R
10,inspection,8,5spEksj§
9,inspirant,6,5spiR@
11,inspirateur,9,5spiRat9R
11,inspiration,9,5spiRasj§
12,inspiratoire,10,5spiRatwaR
8,inspirer,6,5spiRe
7,inspiré,6,5spiRe
11,instabilité,10,5stabilite
8,instable,6,5stabl
12,installateur,9,5stalat9R
12,installation,9,5stalasj§
9,installer,6,5stale
10,installeur,7,5stal9R
10,instamment,6,5stam@
8,instance,5,5st@s
7,instant,4,5st@
10,instantané,8,5st@tane
13,instantanéité,11,5st@taneite
14,instantanément,10,5st@tanem@
12,instauration,9,5stoRasj§
9,instaurer,6,5stoRe
11,instigateur,9,5stigat9R
11,instigation,9,5stigasj§
9,instiller,6,5stile
8,instinct,4,5st5
10,instinctif,8,5st5ktif
15,instinctivement,11,5st5ktiv°m@
11,instinctivo,9,5st5ktivo
11,instinctuel,9,5st5kt8El
6,instit,5,5stit
9,instituer,7,5stit8e
8,institut,6,5stity
11,instituteur,9,5stityt9R
11,institution,9,5stitysj§
14,institutionnel,12,5stitysjonEl
11,instructeur,9,5stRykt9R
10,instructif,9,5stRyktif
11,instruction,9,5stRyksj§
9,instruire,7,5stR8iR
8,instruit,6,5stR8i
10,instrument,7,5stRym@
12,instrumental,10,5stRym@tal
15,instrumentation,12,5stRym@tasj§
12,instrumenter,9,5stRym@te
14,instrumentiste,11,5stRym@tist
4,insu,3,5sy
13,insubmersible,11,5sybmERsibl
15,insubordination,13,5sybORdinasj§
12,insubordonné,10,5sybORdone
8,insuccès,6,5syksE
14,insuffisamment,9,5syfizam@
12,insuffisance,8,5syfiz@s
11,insuffisant,7,5syfiz@
12,insufflateur,9,5syflat9R
9,insuffler,6,5syfle
6,insula,5,5syla
9,insulaire,6,5sylER
10,insularité,9,5sylaRite
10,insulation,8,5sylasj§
8,insuline,6,5sylin
11,insulinique,8,5sylinik
9,insultant,6,5sylt@
7,insulte,5,5sylt
8,insulter,6,5sylte
9,insulteur,7,5sylt9R
7,insulté,6,5sylte
13,insupportable,10,5sypORtabl
17,insupportablement,13,5sypORtabl°m@
8,insurger,6,5syRZe
7,insurgé,6,5syRZe
13,insurmontable,10,5syRm§tabl
13,insurpassable,10,5syRpasabl
10,insurpassé,8,5syRpase
12,insurrection,9,5syREksj§
15,insurrectionnel,12,5syREksjonEl
9,insécable,7,5sekabl
10,insécurité,9,5sekyRite
12,inséminateur,10,5seminat9R
12,insémination,10,5seminasj§
9,inséminer,7,5semine
14,inséparabilité,13,5sepaRabilite
11,inséparable,9,5sepaRabl
15,inséparablement,12,5sepaRabl°m@
7,insérer,5,5seRe
6,intact,5,5takt
8,intaille,4,5taj
13,intangibilité,11,5t@Zibilite
10,intangible,7,5t@Zibl
12,intarissable,9,5taRisabl
16,intarissablement,12,5taRisabl°m@
9,intellect,7,5telEkt
19,intellectualisation,16,5tElEkt8alizasj§
16,intellectualiser,13,5tElEkt8alize
16,intellectualisme,13,5telEkt8alizm
16,intellectualiste,13,5telEkt8alist
12,intellectuel,10,5telEkt8El
18,intellectuel-phare,13,5telEkt8ElfaR
18,intellectuellement,13,5telEkt8El°m@
14,intelligemment,9,5teliZam@
12,intelligence,8,5teliZ@s
11,intelligent,7,5teliZ@
14,intelligentsia,11,5teliZEnsja
15,intelligibilité,13,5teliZibilite
12,intelligible,9,5teliZibl
16,intelligiblement,12,5teliZibl°m@
7,intello,5,5tElo
11,intempestif,9,5t@pEstif
16,intempestivement,12,5t@pEstiv°m@
13,intemporalité,11,5t@poRalite
10,intemporel,8,5t@poREl
12,intempérance,8,5t@peR@s
9,intenable,7,5t°nabl
10,intendance,6,5t@d@s
9,intendant,5,5t@d@
7,intense,4,5t@s
8,intensif,6,5t@sif
15,intensification,12,5t@sifikasj§
11,intensifier,8,5t@sifje
9,intension,6,5t@sj§
9,intensité,7,5t@site
13,intensivement,9,5t@siv°m@
11,intensément,7,5t@sem@
8,intenter,5,5t@te
9,intention,6,5t@sj§
15,intentionnalité,12,5t@sjOnalite
12,intentionnel,9,5t@sjonEl
18,intentionnellement,12,5t@sjonEl°m@
11,intentionné,8,5t@sjone
5,inter,4,5tER
10,interactif,9,5tERaktif
11,interaction,9,5tERaksj§
13,interactivité,12,5tERaktivite
9,interagir,8,5tERaZiR
10,interallié,8,5tERalje
10,interarmes,7,5tERaRm
11,interarmées,8,5tERaRme
12,intercalaire,9,5tERkalER
10,intercaler,8,5tERkale
15,intercellulaire,11,5tERsElylER
11,intercepter,9,5tERsEpte
12,intercepteur,10,5tERsEpt9R
12,interception,10,5tERsEpsj§
12,intercesseur,9,5tERses9R
12,intercession,9,5tERsesj§
15,interchangeable,10,5tERS@Zabl
12,interchanger,8,5tERS@Ze
11,interclasse,8,5tERklas
10,interclubs,8,5tERklyb
13,intercommunal,11,5tERkOmynal
18,intercommunautaire,13,5tERkOmynotER
18,intercommunication,15,5tERkomynikasj§
14,interconnexion,12,5tERkOnEksj§
16,intercontinental,13,5tERk§tin@tal
11,intercostal,10,5tERkOstal
10,intercours,7,5tERkuR
11,intercourse,8,5tERkuRs
13,interculturel,12,5tERkyltyREl
10,intercéder,8,5tERsede
12,interdiction,10,5tERdiksj§
9,interdire,7,5tERdiR
8,interdit,6,5tERdi
15,interdépendance,11,5tERdep@d@s
14,interdépendant,10,5tERdep@d@
13,interethnique,9,5tEREtnik
9,interface,7,5tERfas
10,interfacer,8,5tERfase
12,interférence,9,5tERfeR@s
11,interférent,8,5tERfeR@
10,interférer,8,5tERfeRe
15,interférométrie,13,5tERfeROmetRi
10,interféron,8,5tERfeR§
15,intergalactique,12,5tERgalaktik
14,interglaciaire,11,5tERglasjER
19,intergouvernemental,16,5tERguvERn2m@tal
11,interjecter,9,5tERZEkte
12,interjection,10,5tERZEksj§
10,interjeter,8,5tERZ2te
10,interligne,7,5tERliN
13,interlocuteur,11,5tERlokyt9R
14,interlocutoire,12,5tERlOkytwaR
9,interlope,7,5tERlOp
10,interloqué,8,5tERloke
9,interlude,7,5tERlyd
10,intermezzo,9,5tERmEdzo
12,interminable,10,5tERminabl
16,interminablement,13,5tERminabl°m@
12,intermission,9,5tERmisj§
13,intermittence,9,5tERmit@s
12,intermittent,8,5tERmit@
9,intermède,7,5tERmEd
13,intermédiaire,10,5tERmedjER
8,internat,6,5tERna
13,international,12,5tERnasjonal
18,internationalement,15,5tERnasjonal°m@
20,internationalisation,18,5tERnasjonalizasj§
17,internationalisme,15,5tERnasjonalizm
17,internationaliste,15,5tERnasjonalist
10,internaute,7,5tERnot
7,interne,5,5tERn
11,internement,8,5tERn°m@
8,interner,6,5tERne
8,internet,7,5tERnEt
10,interniste,8,5tERnist
7,interné,6,5tERne
14,interpellateur,11,5tERpelat9R
14,interpellation,11,5tERpelasj§
11,interpeller,8,5tERpEle
10,interphase,7,5tERfaz
10,interphone,7,5tERfOn
15,interplanétaire,12,5tERplanetER
13,interpolateur,11,5tERpOlat9R
13,interpolation,11,5tERpolasj§
10,interposer,8,5tERpoze
13,interposition,11,5tERpozisj§
9,interposé,8,5tERpoze
10,interprète,8,5tERpREt
13,interprétable,11,5tERpRetabl
13,interprétatif,12,5tERpRetatif
14,interprétation,12,5tERpRetasj§
11,interpréter,9,5tERpRete
12,interpréteur,10,5tERpRet9R
16,interpénétration,14,5tERpenetRasj§
13,interpénétrer,11,5tERpenetRe
11,interracial,10,5tERRasjal
13,interrogateur,10,5tERogat9R
12,interrogatif,10,5tERogatif
13,interrogation,10,5tERogasj§
13,interrogative,10,5tERogativ
17,interrogativement,13,5tERogativ°m@
14,interrogatoire,11,5tERogatwaR
12,interrogeant,7,5tERoZ@
10,interroger,7,5tERoZe
11,interrompre,7,5tER§pR
10,interrompu,7,5tER§py
12,interrupteur,9,5tERypt9R
12,interruption,9,5tERypsj§
10,interrègne,7,5tERREN
11,intersaison,8,5tERsEz§
13,interscolaire,10,5tERskOlER
12,intersection,10,5tERseksj§
13,interservices,10,5tERsERvis
12,intersidéral,11,5tERsideRal
14,interstellaire,10,5tERstElER
10,interstice,8,5tERstis
14,intersubjectif,13,5tERsybZEktif
10,intertitre,8,5tERtitR
11,intertribal,10,5tERtRibal
11,interurbain,8,5tERyRb5
10,intervalle,7,5tERval
11,intervenant,8,5tERv°n@
10,intervenir,9,5tERv°niR
12,intervention,9,5tERv@sj§
17,interventionnisme,13,5tERv@sjOnism
17,interventionniste,13,5tERv@sjOnist
18,interventriculaire,14,5tERv@tRikylER
12,interversion,10,5tERvERsj§
11,intervertir,10,5tERvERtiR
14,intervertébral,13,5tERvERtebRal
9,interview,7,5tERvju
11,interviewer,10,5tERvjuv9R
11,interviewer,9,5tERvjuve
12,intervieweur,10,5tERvjuv9R
10,interviewé,9,5tERvjuve
13,interétatique,10,5tERetatik
8,intestat,6,5tEsta
8,intestin,6,5tEst5
10,intestinal,9,5tEstinal
4,inti,3,5ti
8,intifada,7,5tifada
10,intimation,8,5timasj§
6,intime,4,5tim
10,intimement,7,5tim°m@
7,intimer,5,5time
11,intimidable,9,5timidabl
10,intimidant,7,5timid@
12,intimidateur,10,5timidat9R
12,intimidation,10,5timidasj§
9,intimider,7,5timide
9,intimiste,7,5timist
8,intimité,7,5timite
6,intimé,5,5time
9,intirable,7,5tiRabl
9,intituler,7,5tityle
8,intitulé,7,5tityle
11,intolérable,9,5toleRabl
15,intolérablement,12,5toleRabl°m@
11,intolérance,8,5toleR@s
10,intolérant,7,5toleR@
10,intonation,8,5tonasj§
11,intouchable,7,5tuSabl
8,intouché,5,5tuSe
5,intox,5,5tOks
10,intoxicant,8,5tOksik@
12,intoxication,11,5tOksikasj§
10,intoxiquer,8,5tOksike
9,intoxiqué,8,5tOksike
5,intra,4,5tRa
11,intra muros,8,5tRamyRo
14,intra-atomique,10,5tRaatomik
11,intra-muros,9,5tRamyRos
14,intracardiaque,11,5tRakaRdjak
12,intracrânien,10,5tRakRanj5
13,intradermique,10,5tRadERmik
8,intrados,6,5tRado
13,intraduisible,11,5tRad8izibl
7,intrait,4,5tRE
11,intraitable,8,5tREtabl
15,intramusculaire,12,5tRamyskylER
8,intranet,7,5tRanEt
16,intransgressible,12,5tR@zgREsibl
14,intransigeance,9,5tR@ziZ@s
13,intransigeant,8,5tR@ziZ@
11,intransitif,9,5tR@zitif
15,intransmissible,11,5tR@smisibl
15,intransportable,12,5tR@spORtabl
13,intraoculaire,10,5tRaOkylER
15,intravasculaire,12,5tRavaskylER
12,intraveineux,8,5tRavEn2
9,intrigant,6,5tRig@
8,intrigue,5,5tRig
9,intriguer,6,5tRige
11,intrinsèque,7,5tR5sEk
15,intrinsèquement,10,5tR5sEk°m@
12,introducteur,10,5tRodykt9R
11,introductif,10,5tRodyktif
12,introduction,10,5tRodyksj§
10,introduire,8,5tRod8iR
12,intromission,9,5tRomisj§
13,intronisation,11,5tRonizasj§
10,introniser,8,5tRonize
12,introspecter,10,5tROspEkte
12,introspectif,11,5tRospEktif
13,introspection,11,5tRospEksj§
11,introuvable,8,5tRuvabl
10,introverti,9,5tRovERti
7,introït,6,5tRoit
6,intrus,4,5tRy
8,intrusif,7,5tRyzif
9,intrusion,7,5tRyzj§
9,intrépide,7,5tRepid
13,intrépidement,10,5tRepid°m@
11,intrépidité,10,5tRepidite
10,intubation,8,5tybasj§
7,intuber,5,5tybe
8,intuitif,7,5t8itif
9,intuition,7,5t8isj§
9,intuitive,7,5t8itiv
13,intuitivement,10,5t8itiv°m@
12,intumescence,8,5tymes@s
15,intussusception,12,5tyssysEpsj§
7,intègre,5,5tEgR
8,intégral,7,5tegRal
9,intégrale,7,5tegRal
13,intégralement,10,5tegRal°m@
12,intégralisme,10,5tegRalism
11,intégralité,10,5tegRalite
11,intégrateur,9,5tegRat9R
11,intégration,9,5tegRasj§
8,intégrer,6,5tegRe
10,intégrisme,8,5tegRism
10,intégriste,8,5tegRist
9,intégrité,8,5tegRite
7,intégré,6,5tegRe
11,intéressant,7,5teREs@
13,intéressement,9,5teREs°m@
10,intéresser,7,5teRese
9,intéressé,7,5teRese
9,intérieur,7,5teRj9R
14,intérieurement,10,5teRj9R°m@
7,intérim,6,5teRim
11,intérimaire,8,5teRimER
15,intériorisation,13,5teRjoRizasj§
12,intérioriser,10,5teRjoRize
11,intériorité,10,5teRjoRite
7,intérêt,5,5teRE
5,inuit,5,in8it
6,inupik,6,inypik
11,inusabilité,11,inyzabilite
8,inusable,7,inyzabl
7,inusité,7,inyzite
7,inutile,6,inytil
11,inutilement,9,inytil°m@
12,inutilisable,11,inytilizabl
13,inutilisation,12,inytilizasj§
9,inutilisé,9,inytilize
9,inutilité,9,inytilite
12,invagination,10,5vaZinasj§
8,invaincu,5,5v5ky
10,invalidant,7,5valid@
12,invalidation,10,5validasj§
8,invalide,6,5valid
9,invalider,7,5valide
10,invalidité,9,5validite
10,invariable,8,5vaRjabl
14,invariablement,11,5vaRjabl°m@
10,invariance,7,5vaRj@s
7,invasif,6,5vazif
8,invasion,6,5vazj§
9,invective,7,5vEktiv
10,invectiver,8,5vEktive
10,invendable,7,5v@dabl
7,invendu,5,5v@dy
10,inventaire,6,5v@tER
8,inventer,5,5v@te
9,inventeur,6,5v@t9R
8,inventif,6,5v@tif
9,invention,6,5v@sj§
11,inventivité,9,5v@tivite
11,inventorier,8,5v@toRje
7,inverse,5,5vERs
11,inversement,8,5vERs°m@
8,inverser,6,5vERse
9,inverseur,7,5vERs9R
10,inversible,8,5vERsibl
9,inversion,7,5vERsj§
7,inverti,6,5vERti
10,invertébré,9,5vERtebRe
7,investi,6,5vEsti
13,investigateur,11,5vEstigat9R
13,investigation,11,5vEstigasj§
11,investiguer,8,5vEstige
8,investir,7,5vEstiR
14,investissement,10,5vEstis°m@
12,investisseur,9,5vEstis9R
11,investiture,9,5vEstityR
13,invincibilité,11,5v5sibilite
10,invincible,7,5v5sibl
14,invinciblement,10,5v5sibl°m@
13,inviolabilité,12,5vjolabilite
10,inviolable,8,5vjolabl
7,inviolé,6,5vjole
12,invisibilité,11,5vizibilite
9,invisible,7,5vizibl
13,invisiblement,10,5vizibl°m@
8,invitant,5,5vit@
10,invitation,8,5vitasj§
6,invite,4,5vit
7,inviter,5,5vite
8,inviteur,6,5vit9R
6,invité,5,5vite
9,invivable,7,5vivabl
10,invocation,8,5vokasj§
11,invocatoire,9,5vokatwaR
12,involontaire,8,5vol§tER
16,involontairement,11,5vol§tER°m@
9,involutif,8,5volytif
10,involution,8,5volysj§
8,invoquer,5,5voke
15,invraisemblable,11,5vREs@blabl
19,invraisemblablement,14,5vREs@blabl°m@
15,invraisemblance,10,5vREs@bl@s
15,invulnérabilité,14,5vylneRabilite
12,invulnérable,10,5vylneRabl
12,invérifiable,10,5veRifjabl
8,invétéré,7,5veteRe
12,inébranlable,10,inebR@labl
16,inébranlablement,13,inebR@labl°m@
9,inébranlé,8,inebR@le
13,inéchangeable,9,ineS@Zabl
6,inédit,5,inedi
10,inéducable,9,inedykabl
6,inégal,6,inegal
10,inégalable,9,inegalabl
11,inégalement,9,inegal°m@
9,inégalité,9,inegalite
7,inégalé,7,inegale
13,inéligibilité,13,ineliZibilite
10,inéligible,9,ineliZibl
14,inéluctabilité,14,inelyktabilite
11,inéluctable,10,inelyktabl
15,inéluctablement,13,inelyktabl°m@
12,inélégamment,9,inelegam@
10,inélégance,8,ineleg@s
9,inélégant,7,ineleg@
11,inénarrable,9,inenaRabl
11,inépuisable,10,inep8izabl
15,inépuisablement,13,inep8izabl°m@
11,inéquitable,9,inekitabl
11,inévaluable,10,ineval8abl
13,inévitabilité,13,inevitabilite
10,inévitable,9,inevitabl
14,inévitablement,12,inevitabl°m@
4,iode,3,jOd
6,iodler,5,jOdle
9,iodoforme,8,jodofORm
6,iodure,5,jodyR
4,iodé,4,jode
3,ion,2,j§
6,ionien,5,jonj5
8,ionienne,6,jonjEn
7,ionique,5,jonik
8,ionisant,6,jOniz@
10,ionisation,9,jonizasj§
7,ioniser,6,jonize
6,ionisé,6,jonize
10,ionosphère,8,jonosfER
4,iota,4,jota
6,ipomée,5,ipome
5,ippon,3,ip§
4,ipse,4,ipse
10,ipso facto,9,ipsofakto
5,ipéca,5,ipeka
3,ira,3,iRa
7,irakien,6,iRakj5
7,iranien,6,iRanj5
8,iraquien,6,iRakj5
9,irascible,7,iRasibl
3,ire,2,iR
11,iridescence,8,iRidEs@s
10,iridescent,7,iRidEs@
7,iridium,7,iRidjOm
10,iridologie,9,iRidOlOZi
4,iris,4,iRis
9,irisation,8,iRizasj§
6,iriser,5,iRize
12,irish coffee,9,ajRiSkOfi
5,irisé,5,iRize
9,irlandais,6,iRl@dE
6,ironie,5,iRoni
8,ironique,6,iRonik
12,ironiquement,9,iRonik°m@
8,ironiser,7,iRonize
8,ironisme,7,iROnism
8,ironiste,7,iRonist
8,iroquois,6,iRokwa
9,irradiant,6,iRadj@
11,irradiation,9,iRadjasj§
8,irradier,6,iRadje
13,irraisonnable,9,iREzonabl
10,irraisonné,7,iREzone
13,irrationalité,12,iRasjonalite
11,irrationnel,9,iRasjonEl
17,irrationnellement,12,iRasjonEl°m@
13,irrattrapable,10,iRatRapabl
14,irrecevabilité,13,iR2s°vabilite
11,irrecevable,9,iR2s°vabl
13,irremplaçable,10,iR@plasabl
15,irreprésentable,12,iR2pRez@tabl
9,irrespect,6,iREspE
18,irrespectueusement,14,iREspEkt82z°m@
13,irrespectueux,10,iREspEkt82
12,irrespirable,10,iREspiRabl
16,irresponsabilité,14,iREsp§sabilite
13,irresponsable,10,iREsp§sabl
10,irrigateur,8,iRigat9R
10,irrigation,8,iRigasj§
8,irriguer,5,iRige
12,irritabilité,11,iRitabilite
9,irritable,7,iRitabl
8,irritant,5,iRit@
10,irritation,8,iRitasj§
7,irriter,5,iRite
10,irroration,8,iRoRasj§
9,irruption,7,iRypsj§
12,irréalisable,10,iRealizabl
10,irréalisme,8,iRealizm
10,irréaliste,8,iRealist
9,irréalisé,8,iRealize
9,irréalité,8,iRealite
15,irréconciliable,12,iRek§siljabl
13,irrécupérable,11,iRekypeRabl
11,irrécusable,9,iRekyzabl
12,irréductible,10,iRedyktibl
16,irréductiblement,13,iRedyktibl°m@
6,irréel,5,iReEl
12,irréellement,8,iReEl°m@
10,irréfléchi,8,iRefleSi
12,irréfragable,10,iRefRagabl
11,irréfutable,9,iRefytabl
15,irréfutablement,12,iRefytabl°m@
12,irrégularité,11,iRegylaRite
10,irrégulier,8,iRegylje
15,irrégulièrement,12,iRegyljER°m@
11,irréligieux,8,iReliZj2
13,irréligiosité,12,iReliZjozite
12,irrémissible,9,iRemisibl
12,irrémédiable,10,iRemedjabl
16,irrémédiablement,13,iRemedjabl°m@
11,irréparable,9,iRepaRabl
15,irréparablement,12,iRepaRabl°m@
13,irrépressible,10,iRepResibl
13,irréprochable,10,iRepRoSabl
17,irréprochablement,13,iRepRoSabl°m@
12,irrésistible,10,iRezistibl
16,irrésistiblement,13,iRezistibl°m@
8,irrésolu,7,iRezoly
12,irrésolution,10,iRezolysj§
15,irrétrécissable,12,iRetResisabl
15,irréversibilité,14,iRevERsibilite
12,irréversible,10,iRevERsibl
16,irréversiblement,13,iRevERsibl°m@
14,irrévocabilité,13,iRevOkabilite
11,irrévocable,9,iRevokabl
15,irrévocablement,12,iRevokabl°m@
11,irrévérence,8,iReveR@s
19,irrévérencieusement,14,iReveR@sj2z°m@
14,irrévérencieux,10,iReveR@sj2
8,isabelle,6,izabEl
5,isard,4,izaR
6,isatis,6,izatis
4,isba,4,izba
7,ischion,5,iskj§
8,ischémie,6,iskemi
10,ischémique,7,iskemik
5,islam,5,islam
9,islamique,7,islamik
9,islamiser,8,islamize
9,islamisme,8,islamizm
9,islamiste,8,islamist
9,islandais,6,isl@dE
9,ismaélien,8,ismaelj5
9,ismaélite,8,ismaelit
4,isme,3,ism
12,isochronisme,10,izOkROnism
7,isocèle,6,izosEl
7,isolant,5,izol@
9,isolateur,8,izolat9R
9,isolation,8,izolasj§
14,isolationnisme,12,izolasjonizm
14,isolationniste,12,izolasjonist
9,isolement,7,izOl°m@
6,isoler,5,izole
7,isoloir,7,izolwaR
5,isolé,5,izole
9,isolément,7,izolem@
7,isomère,6,izomER
11,isométrique,9,izOmetRik
10,isoniazide,9,izOnjazid
6,isorel,6,izoREl
9,isotherme,7,izOtERm
12,isothermique,9,izOtERmik
10,isotonique,8,izOtOnik
7,isotope,6,izotOp
10,isotopique,8,izotopik
9,israélien,8,isRaelj5
9,israélite,8,isRaelit
13,israélo-arabe,11,isRaeloaRab
4,issu,3,isy
5,issue,3,isy
6,isthme,3,izm
9,isthmique,5,ismik
11,italianisme,10,italjanizm
8,italiano,8,italjano
7,italien,6,italj5
8,italique,6,italik
15,italo-américain,12,italoameRik5
15,italo-brésilien,13,italobRezilj5
14,italo-français,10,italofR@sE
15,italo-irlandais,11,italoiRl@dE
14,italo-polonais,11,italopolonE
14,italo-égyptien,12,italoeZipsj5
13,ite missa est,10,itemisaEst
4,item,4,itEm
5,ithos,4,itOs
13,ithyphallique,8,itifalik
10,itinéraire,8,itineRER
9,itinérant,7,itineR@
4,itou,3,itu
3,ive,2,iv
6,ivoire,5,ivwaR
8,ivoirien,7,ivwaRj5
10,ivoirienne,8,ivwaRjEn
7,ivoirin,6,ivwaR5
6,ivraie,4,ivRE
4,ivre,3,ivR
7,ivresse,5,ivREs
7,ivrogne,5,ivRON
8,ivrogner,6,ivRoNe
10,ivrognerie,8,ivRON°Ri
10,ivrognesse,7,ivRoNEs
6,ixième,6,iksjEm
1,j,1,Z
7,jabadao,7,Zabadao
5,jabot,4,Zabo
7,jaboter,6,Zabote
9,jacassant,6,Zakas@
7,jacasse,5,Zakas
11,jacassement,8,Zakas°m@
8,jacasser,6,Zakase
10,jacasserie,8,Zakas°Ri
9,jacasseur,7,Zakas9R
7,jachère,5,ZaSER
8,jacinthe,5,Zas5t
4,jack,4,dZak
6,jacket,5,ZakEt
7,jackpot,5,Zakpo
5,jacob,5,ZakOb
7,jacobin,6,Zakob5
8,jacobite,7,Zakobit
5,jacot,4,Zako
8,jacquard,5,ZakaR
10,jacqueline,7,Zak°lin
10,jacquemart,7,Zak°maR
7,jacques,3,Zak
7,jacquet,4,ZakE
8,jacquier,5,Zakje
7,jacquot,4,Zako
8,jactance,6,Zakt@s
10,jactancier,8,Zakt@sje
6,jacter,5,Zakte
7,jacteur,6,Zakt9R
11,jaculatoire,10,ZakylatwaR
7,jacuzzi,6,Zakyzi
4,jade,3,Zad
5,jadis,5,Zadis
5,jaffe,3,Zaf
6,jaffer,4,Zafe
6,jaguar,6,ZagwaR
10,jaguarondi,9,ZagwaR§di
7,jaillir,5,ZajiR
11,jaillissant,6,Zajis@
13,jaillissement,8,Zajis°m@
4,jais,2,ZE
4,jaja,4,ZaZa
8,jalmince,6,Zalm5s
5,jalon,4,Zal§
8,jalonner,6,Zalone
7,jalonné,6,Zalone
11,jalousement,8,Zaluz°m@
8,jalouser,6,Zaluze
8,jalousie,6,Zaluzi
6,jaloux,4,Zalu
3,jam,4,dZam
11,jam-session,10,dZamsesj9n
6,jamais,4,ZamE
9,jamais-vu,6,ZamEvy
9,jamaïcain,7,Zamaik5
10,jamaïquain,7,Zamaik5
7,jambage,5,Z@baZ
7,jambart,5,Z@baR
5,jambe,3,Z@b
7,jambier,5,Z@bje
8,jambière,6,Z@bjER
6,jambon,4,Z@b§
10,jambonneau,6,Z@bono
8,jamboree,7,ZamboRi
10,janissaire,7,ZanisER
10,jansénisme,8,Z@senizm
10,janséniste,8,Z@senist
5,jante,3,Z@t
7,janvier,5,Z@vje
3,jap,3,Zap
5,japon,4,Zap§
8,japonais,6,ZaponE
12,japonaiserie,10,ZaponEz°Ri
9,japonerie,8,ZapOn°Ri
9,japoniser,8,Zaponize
9,jappement,6,Zap°m@
6,japper,4,Zape
7,jappeur,5,Zap9R
8,jaquelin,6,ZakEl5
9,jaquemart,7,Zak°maR
6,jaquet,4,ZakE
8,jaquette,5,ZakEt
3,jar,3,ZaR
6,jardin,5,ZaRd5
9,jardinage,8,ZaRdinaZ
8,jardiner,7,ZaRdine
10,jardinerie,9,ZaRdin°Ri
8,jardinet,7,ZaRdinE
9,jardinier,8,ZaRdinje
10,jardinière,9,ZaRdinjER
6,jargon,5,ZaRg§
9,jargonner,7,ZaRgone
10,jarnicoton,9,ZaRnikot§
5,jarre,3,ZaR
6,jarret,4,ZaRE
10,jarretelle,7,ZaR°tEl
10,jarretière,8,ZaR°tjER
4,jars,3,ZaR
3,jas,2,Za
5,jaser,4,Zaze
6,jaseur,5,Zaz9R
6,jasmin,5,Zasm5
5,jaspe,4,Zasp
6,jasper,5,Zaspe
6,jaspin,5,Zasp5
8,jaspiner,7,Zaspine
5,jatte,3,Zat
5,jauge,3,ZoZ
6,jauger,4,ZoZe
8,jaunasse,5,Zonas
5,jaune,3,Zon
10,jaune-vert,6,ZonvER
5,jauni,4,Zoni
6,jaunir,5,ZoniR
10,jaunissant,6,Zonis@
8,jaunisse,5,Zonis
12,jaunissement,8,Zonis°m@
8,jaunâtre,6,ZonatR
4,java,4,Zava
8,javanais,6,ZavanE
5,javel,5,ZavEl
8,javeline,7,Zav°lin
7,javelle,5,ZavEl
10,javelliser,8,Zavelize
7,javelot,6,Zav°lo
7,javotte,5,ZavOt
4,jazz,4,dZaz
9,jazz-band,7,dZazb@d
9,jazz-rock,7,dZazROk
7,jazzman,7,dZazman
5,jazzy,5,dZazi
2,je,2,Z°
16,je-m'en-fichiste,10,Z°m@fiSist
16,je-m'en-foutisme,10,Z2m@futizm
16,je-m'en-foutiste,10,Z2m@futist
15,je-ne-sais-quoi,9,Z°n°sekwa
4,jean,4,dZin
11,jean-foutre,6,Z@futR
13,jean-le-blanc,7,Z@l°bl@
9,jeanneton,6,Zan°t§
9,jeannette,5,ZanEt
7,jeannot,4,Zano
4,jeep,4,dZip
7,jellaba,7,dZElaba
5,jenny,4,Zeni
5,jerez,5,xeREs
4,jerk,5,dZERk
8,jerrican,7,ZeRikan
9,jerricane,7,ZERikan
8,jerrycan,7,ZeRikan
6,jersey,5,ZERzE
3,jet,4,dZEt
11,jet society,11,dZEtsosajti
7,jet-set,7,dZEtsEt
10,jet-stream,9,dZEtstRim
7,jetable,6,Z°tabl
5,jeter,4,Z°te
6,jeteur,5,Z°t9R
5,jeton,4,Z°t§
5,jette,3,ZEt
4,jeté,4,Z°te
5,jetée,4,Z°te
3,jeu,2,Z2
12,jeu-concours,7,Z2k§kuR
5,jeudi,4,Z2di
5,jeune,3,Z9n
11,jeune-homme,5,Z9nOm
9,jeunement,6,Z9n°m@
8,jeunesse,5,Z9nEs
6,jeunet,4,Z9nE
8,jeunette,5,Z9nEt
6,jeunot,4,Z9no
5,jeûne,3,Z2n
6,jeûner,4,Z2ne
6,jigger,6,dZig9R
5,jihad,6,dZijad
6,jingle,7,dZing9l
6,jinjin,8,dZindZin
9,jiu-jitsu,8,ZjyZitsy
6,jivaro,6,ZivaRo
10,joaillerie,7,Zoaj°Ri
9,joaillier,5,Zoaje
3,job,4,dZOb
6,jobard,5,ZobaR
9,jobardise,8,ZobaRdiz
7,jociste,6,Zosist
6,jockey,4,ZokE
5,jocko,4,ZOko
8,jocrisse,6,ZokRis
6,jodler,6,jOdl9R
6,jogger,5,dZOge
7,joggeur,6,dZOg9R
7,jogging,6,dZOgiG
12,johannisberg,10,ZOanisb9Rg
5,joice,4,Zwas
4,joie,3,Zwa
9,joignable,7,ZwaNabl
7,joindre,5,Zw5dR
5,joint,3,Zw5
13,joint-venture,13,dZOjntvEntS9R
7,jointif,6,Zw5tif
8,jointure,6,Zw5tyR
4,jojo,4,ZoZo
6,jojoba,6,ZoZoba
6,jokari,6,ZokaRi
5,joker,5,ZokER
4,joli,4,Zoli
10,joli-coeur,7,ZOlik9R
9,joli-joli,8,ZOliZOli
8,jolibois,7,ZOlibwa
5,jolie,4,Zoli
8,joliesse,6,ZoljEs
6,joliet,5,ZOljE
8,joliment,6,Zolim@
4,jonc,2,Z§
9,joncaille,5,Z§kaj
8,jonchaie,4,Z§SE
7,joncher,4,Z§Se
7,jonchet,4,Z§SE
8,jonchère,5,Z§SER
6,jonché,4,Z§Se
7,jonchée,4,Z§Se
8,jonction,6,Z§ksj§
8,jonglage,6,Z§glaZ
7,jongler,5,Z§gle
9,jonglerie,7,Z§gl°Ri
8,jongleur,6,Z§gl9R
8,jonkheer,6,jOnkER
6,jonque,3,Z§k
9,jonquille,5,Z§kij
11,jordanienne,9,ZORdanjEn
9,jordonner,7,ZORdOne
6,joseph,5,ZozEf
7,jouable,5,Zwabl
7,jouasse,4,Zwas
8,joubarbe,6,ZubaRb
4,joue,2,Zu
5,jouer,3,Zwe
5,jouet,3,ZwE
6,joueur,4,Zw9R
7,joufflu,5,Zufly
4,joug,2,Zu
5,jouir,4,ZwiR
10,jouissance,6,Zwis@s
9,jouisseur,6,Zwis9R
8,jouissif,6,Zwisif
6,joujou,4,ZuZu
7,joujoux,4,ZuZu
4,jour,3,ZuR
7,journal,6,ZuRnal
10,journaleux,7,ZuRnal2
10,journalier,8,ZuRnalje
11,journalisme,9,ZuRnalizm
11,journaliste,9,ZuRnalist
14,journalistique,11,ZuRnalistik
13,journellement,9,ZuRnEl°m@
7,journée,5,ZuRne
5,joute,3,Zut
6,jouter,4,Zute
7,jouteur,5,Zut9R
8,jouvence,5,Zuv@s
10,jouvenceau,6,Zuv@so
6,jouxte,5,Zukst
4,joué,3,Zwe
6,jovial,6,Zovjal
11,jovialement,9,Zovjal°m@
9,jovialité,9,Zovjalite
5,joyau,5,Zwajo
11,joyeusement,9,Zwaj2z°m@
9,joyeuseté,9,Zwaj2z°te
6,joyeux,5,Zwaj2
8,joystick,7,ZOjstik
4,juan,4,xwan
9,jubilaire,7,ZybilER
8,jubilant,6,Zybil@
10,jubilation,9,Zybilasj§
11,jubilatoire,10,ZybilatwaR
7,jubiler,6,Zybile
6,jubilé,6,Zybile
4,jubé,4,Zybe
6,jucher,4,ZySe
6,juchée,4,ZySe
5,judas,4,Zyda
9,judaïcité,9,Zydaisite
8,judaïque,6,Zydaik
9,judaïsant,7,Zydaiz@
8,judaïser,7,Zydaize
8,judaïsme,7,Zydaizm
7,judaïté,7,Zydaite
10,judiciaire,8,ZydisjER
14,judicieusement,11,Zydisj2z°m@
9,judicieux,7,Zydisj2
4,judo,4,Zydo
6,judoka,6,Zydoka
6,judéen,5,Zyde5
8,judéenne,6,ZydeEn
7,judéité,7,Zydeite
5,judéo,5,Zydeo
19,judéo-christianisme,16,ZydeokRistjanism
4,juge,3,ZyZ
8,jugement,6,ZyZ°m@
7,jugeote,5,ZyZOt
5,juger,4,ZyZe
6,jugeur,5,ZyZ9R
9,jugulaire,7,ZygylER
7,juguler,6,Zygyle
4,jugé,4,ZyZe
4,juif,4,Z8if
7,juillet,5,Z8ijE
4,juin,3,Z85
8,juiverie,7,Z8iv°Ri
6,jujube,5,ZyZyb
8,juke-box,8,dZukbOks
5,julep,5,ZylEp
5,jules,3,Zyl
6,julien,5,Zylj5
8,julienne,6,ZyljEn
5,julot,4,Zylo
5,jumbo,6,dZ9mbo
6,jumeau,4,Zymo
8,jumelage,7,Zym°laZ
7,jumeler,6,Zym°le
7,jumelle,5,ZymEl
6,jument,4,Zym@
10,jumenterie,8,Zym@t°Ri
6,jumper,7,dZ9mp9R
7,jumping,7,dZ9mpiG
7,jungien,5,juGj5
6,jungle,4,Z1gl
6,junior,6,ZynjOR
6,junker,6,Z9nkER
6,junkie,5,Z9nki
5,junky,5,Zynki
5,junte,3,Z1t
4,jupe,3,Zyp
12,jupe-culotte,8,ZypkylOt
7,jupette,5,ZypEt
10,jupitérien,9,ZypiteRj5
5,jupon,4,Zyp§
8,jurançon,6,ZyR@s§
9,jurassien,7,ZyRasj5
10,jurassique,7,ZyRasik
5,jurer,4,ZyRe
11,juridiction,10,ZyRidiksj§
14,juridictionnel,13,ZyRidiksjOnEl
9,juridique,7,ZyRidik
13,juridiquement,10,ZyRidik°m@
13,jurisprudence,11,ZyRispRyd@s
7,juriste,6,ZyRist
5,juron,4,ZyR§
4,jury,4,ZyRi
4,juré,4,ZyRe
3,jus,2,Zy
6,jusant,4,Zyz@
5,jusqu,4,Zysk
8,jusqu'au,5,Zysko
7,jusqu'à,5,Zyska
6,jusque,4,Zysk
9,jusque-là,7,Zysk°la
7,jusques,4,Zysk
9,jusquiame,7,Zyskjam
11,justaucorps,8,ZystokOR
5,juste,4,Zyst
12,juste-milieu,10,Zyst°milj2
9,justement,7,Zyst°m@
8,justesse,6,ZystEs
7,justice,6,Zystis
11,justiciable,10,Zystisjabl
9,justicier,8,Zystisje
11,justifiable,10,Zystifjabl
10,justifiant,8,Zystifj@
12,justificatif,12,Zystifikatif
13,justification,12,Zystifikasj§
9,justifier,8,Zystifje
9,justinien,8,Zystinj5
4,jute,3,Zyt
5,juter,4,Zyte
6,juteux,4,Zyt2
8,juvénile,7,Zyvenil
10,juvénilité,10,Zyvenilite
10,juxtaposer,10,Zykstapoze
13,juxtaposition,13,Zykstapozisj§
2,jà,2,Za
4,jèze,3,ZEz
7,jéjunum,7,ZeZynOm
8,jéroboam,8,ZeRoboam
9,jérémiade,8,ZeRemjad
7,jésuite,6,Zez8it
10,jésuitique,8,Zez8itik
10,jésuitière,9,Zez8itjER
5,jésus,4,Zezy
1,k,2,ka
3,k-o,3,kao
5,k-way,4,kawe
2,ka,2,ka
7,kabarde,6,kabaRd
7,kabbale,5,kabal
13,kabbalistique,10,kabalistik
6,kabuki,6,kabuki
6,kabyle,5,kabil
5,kacha,4,kaSa
6,kacher,4,kaSe
8,kachoube,5,kaSub
8,kaddisch,5,kadiS
7,kaddish,5,kadiS
4,kadi,4,kadi
5,kafir,5,kafiR
8,kafkaïen,7,kafkaj5
6,kaftan,5,kaft@
6,kaiser,6,kajz9R
4,kaki,4,kaki
9,kala-azar,8,kalaazaR
4,kali,4,kali
8,kaliémie,7,kaljemi
7,kalmouk,6,kalmuk
5,kalpa,5,kalpa
12,kaléidoscope,11,kaleidoskOp
4,kama,4,kama
6,kamala,6,kamala
4,kami,4,kami
8,kamikaze,7,kamikaz
3,kan,3,kan
4,kana,4,kana
7,kandjar,6,k@djaR
9,kangourou,6,k@guRu
5,kanji,4,k@Zi
7,kantien,5,k@tj5
8,kantisme,6,k@tizm
6,kaolin,5,kaol5
5,kaori,5,kaORi
4,kapo,4,kapo
5,kapok,5,kapOk
8,kapokier,7,kapOkje
6,kaposi,6,kapozi
6,kapout,5,kaput
5,kappa,4,kapa
7,karaoké,7,kaRaoke
6,karaté,6,kaRate
8,karatéka,8,kaRateka
5,karen,5,kaREn
4,kari,4,kaRi
6,karité,6,kaRite
5,karma,5,kaRma
8,karmique,6,kaRmik
4,kart,4,kaRt
7,karting,6,kaRtiG
6,kasbah,5,kasba
7,kascher,5,kaSER
6,kasher,5,kaSER
6,kastro,6,kastRo
4,kata,4,kata
5,katal,5,katal
9,katangais,6,kat@gE
6,katiba,6,katiba
4,kava,4,kava
4,kawa,4,kawa
5,kayac,5,kajak
5,kayak,5,kajak
9,kayakiste,8,kajakist
6,kazakh,5,kazak
5,kebab,5,kebab
5,kebla,5,k°bla
8,keepsake,6,kipsEk
7,keffieh,5,kefje
8,keiretsu,7,keREtsu
8,kekchose,6,kEkSoz
5,kendo,5,kEndo
8,kermesse,6,kERmEs
6,kerrie,4,kERi
3,ket,3,kEt
5,ketch,4,kEtS
7,ketchup,6,kEtS9p
4,keuf,3,k9f
4,keum,3,k2m
6,kevlar,6,k°vlaR
7,khalife,5,kalif
7,khamsin,6,kamsin
4,khan,3,kan
6,khanat,4,kana
4,khat,3,kat
6,khazar,5,kazaR
5,khmer,4,kmER
6,khâgne,3,kaN
8,khâgneux,4,kaN2
8,khédival,7,kedival
7,khédive,5,kediv
4,khôl,3,kol
8,kibboutz,6,kibuts
10,kibboutzim,8,kibutsim
4,kick,3,kik
6,kicker,4,kike
3,kid,3,kid
9,kidnapper,7,kidnape
10,kidnappeur,8,kidnap9R
10,kidnapping,8,kidnapiG
4,kief,4,kjEf
3,kif,3,kif
7,kif-kif,6,kifkif
4,kiki,4,kiki
3,kil,3,kil
6,kilbus,6,kilbus
5,kilim,5,kilim
6,killer,5,kil9R
4,kilo,4,kilo
10,kilogramme,8,kilogRam
9,kilohertz,8,kiloERts
9,kilomètre,8,kilomEtR
11,kilométrage,10,kilometRaZ
12,kilométrique,10,kilometRik
13,kilowattheure,9,kilowat9R
4,kilt,4,kilt
6,kimono,6,kimono
6,kinase,5,kinaz
9,kinescope,8,kinEskOp
11,kinesthésie,9,kinEstezi
12,king-charles,7,kiGSaRl
6,kinnor,5,kinOR
4,kino,4,kino
4,kiné,4,kine
16,kinésithérapeute,13,kineziteRap2t
14,kinésithérapie,12,kineziteRapi
5,kiosk,5,kjOsk
7,kiosque,5,kjOsk
3,kip,3,kip
4,kipa,4,kipa
5,kippa,4,kipa
6,kipper,5,kip9R
3,kir,3,kiR
7,kirghiz,6,kiRgiz
8,kirghize,6,kiRgiz
6,kirsch,4,kiRS
3,kit,3,kit
5,kitch,4,kitS
11,kitchenette,8,kitS°nEt
6,kitsch,4,kitS
4,kiva,4,kiva
4,kiwi,4,kiwi
6,klaxon,6,klaks§
9,klaxonner,8,klaksone
5,klebs,5,klEps
7,kleenex,7,klinEks
10,kleptomane,9,klEptoman
11,kleptomanie,10,klEptomani
8,klystron,7,klistR§
2,km,8,kilomEtR
9,knock-out,6,nOkawt
5,knout,4,knut
5,koala,5,koala
6,kobold,6,kobOld
5,kodak,5,kodak
6,kodiak,6,kodjak
4,kohl,3,kol
4,kola,4,kola
8,kolkhoze,6,kOlkoz
10,kolkhozien,8,kOlkozj5
4,komi,4,komi
9,komintern,9,kOmintERn
12,kommandantur,10,kom@d@ntuR
8,kommando,6,kOm@do
8,komsomol,8,kOmsomOl
5,kondo,4,k§do
6,kopeck,5,kopEk
4,kora,4,kORa
5,koran,4,kOR@
8,korrigan,6,koRig@
4,korè,4,koRE
4,koré,4,kORe
7,kosovar,7,kOsOvaR
3,kot,3,kOt
4,koto,4,koto
7,kouglof,6,kuglOf
6,koulak,5,kulak
6,kouros,5,kuRos
5,kraal,4,kRal
5,krach,4,kRak
5,kraft,5,kRaft
4,krak,4,kRak
6,kraken,6,kRakEn
7,kremlin,6,kREml5
8,kreutzer,8,kROjts9R
10,kriegspiel,8,kRikSpil
5,krill,4,kRil
5,kriss,4,kRis
7,kroumir,6,kRumiR
7,krypton,6,kRipt§
4,ksar,4,ksaR
8,kugelhof,6,kuglOf
4,kula,4,kyla
6,kummel,5,kymEl
7,kumquat,7,kOmkwat
7,kung-fu,5,kuGfu
5,kurde,4,kyRd
7,kursaal,6,kyRsal
4,kvas,4,kvas
5,kyrie,5,kiRje
13,kyrie eleison,12,kiRjeeleisOn
8,kyrielle,6,kiRjEl
5,kyste,4,kist
8,kystique,6,kistik
6,kébour,5,kebuR
5,kéfir,5,kefiR
6,kényan,5,kenj@
4,képi,4,kepi
7,kérabau,6,keRabo
13,kératoplastie,12,keRatoplasti
8,kératose,7,keRatoz
8,kérosène,7,keRozEn
1,l,1,l
2,l',1,l
4,l'un,2,l1
5,l'une,3,lyn
6,l-dopa,6,Eldopa
2,la,2,la
8,la plata,7,laplata
10,la plupart,8,laplypaR
13,la plupart de,10,laplypaRd2
14,la plupart des,10,laplypaRdE
13,la plupart du,10,laplypaRdy
8,la-la-la,6,lalala
5,labbe,3,lab
5,label,5,labEl
7,labelle,5,labEl
6,labeur,5,lab9R
6,labial,6,labjal
6,labile,5,labil
4,labo,4,labo
10,laborantin,8,laboR@t5
11,laboratoire,10,laboRatwaR
14,laborieusement,11,laboRj2z°m@
9,laborieux,7,laboRj2
6,labour,5,labuR
10,labourable,8,labuRabl
9,labourage,7,labuRaZ
8,labourer,6,labuRe
9,laboureur,7,labuR9R
8,labrador,8,labRadOR
5,labre,4,labR
5,labri,5,labRi
10,labyrinthe,7,labiR5t
13,labyrinthique,9,labiR5tik
3,lac,3,lak
8,lacandon,6,lak@d§
8,lacanien,7,lakanj5
5,lacer,4,lase
5,lacet,4,lasE
5,lacis,4,lasi
4,lack,3,lak
9,laconique,7,lakonik
13,laconiquement,10,lakonik°m@
9,laconisme,8,lakonizm
15,lacrima-christi,13,lakRimakRisti
15,lacryma-christi,13,lakRimakRisti
8,lacrymal,8,lakRimal
11,lacrymogène,10,lakRimoZEn
4,lacs,3,lak
7,lactate,6,laktat
9,lactation,8,laktasj§
10,lactescent,7,laktEs@
9,lactifère,8,laktifER
8,lactique,6,laktik
7,lactose,6,laktoz
5,lacté,5,lakte
9,lacunaire,7,lakynER
6,lacune,5,lakyn
8,lacustre,7,lakystR
10,lacération,9,laseRasj§
7,lacérer,6,laseRe
6,lacéré,6,laseRe
3,lad,3,lad
6,ladies,6,lEjdiz
6,ladino,6,ladino
6,ladite,5,ladit
5,ladre,4,ladR
8,ladrerie,7,ladR°Ri
4,lady,5,lEjdi
5,lagan,4,lag@
5,lagon,4,lag§
8,laguiole,6,lagjOl
9,lagunaire,7,lagynER
6,lagune,5,lagyn
3,lai,2,lE
4,laid,2,lE
9,laidement,6,lEd°m@
8,laideron,6,lEd°R§
7,laideur,5,lEd9R
4,laie,2,lE
7,lainage,5,lEnaZ
5,laine,3,lEn
7,laineux,4,lEn2
7,lainier,5,lEnje
8,lainière,6,lEnjER
5,laird,3,lER
6,laisse,3,lEs
13,laisse-la-moi,8,lEslamwa
7,laisser,4,lese
13,laisser-aller,7,leseale
13,laisser-faire,7,lesefER
13,laissez-faire,7,lEsefER
14,laissez-passer,8,lEsepase
6,laissé,4,lese
18,laissé-pour-compte,10,lesepuRk§t
19,laissés-pour-compte,10,lesepuRk§t
4,lait,2,lE
7,laitage,5,lEtaZ
8,laitance,5,lEt@s
8,laiterie,6,lEt°Ri
7,laiteux,4,lEt2
7,laitier,5,letje
6,laiton,4,lEt§
6,laitue,4,lety
4,lala,4,lala
4,lama,4,lama
8,lamantin,6,lam@t5
8,lamaïsme,7,lamaizm
7,lambada,6,l@bada
6,lambda,5,l@bda
7,lambeau,4,l@bo
6,lambel,5,l@bEl
5,lambi,4,l@bi
6,lambic,5,l@bik
6,lambin,4,l@b5
7,lambine,5,l@bin
8,lambiner,6,l@bine
7,lambris,5,l@bRi
11,lambrissage,8,l@bRisaZ
9,lambswool,7,l@bswul
4,lame,3,lam
6,lamedu,6,lam°dy
6,lamedé,6,lam°de
7,lamelle,5,lamEl
12,lamelliforme,10,lamElifORm
10,lamentable,8,lam@tabl
14,lamentablement,11,lam@tabl°m@
11,lamentation,9,lam@tasj§
8,lamenter,6,lam@te
7,lamento,7,lamEnto
5,lamer,4,lame
5,lamie,4,lami
7,lamifié,7,lamifje
8,laminage,7,laminaZ
9,laminaire,7,laminER
12,laminectomie,11,laminEktOmi
7,laminer,6,lamine
8,laminoir,8,laminwaR
10,lampadaire,7,l@padER
12,lampadophore,9,l@padofOR
6,lampas,4,l@pa
5,lampe,3,l@p
11,lampe-phare,6,l@pfaR
13,lampe-tempête,8,l@pt@pEt
6,lamper,4,l@pe
7,lampion,5,l@pj§
8,lampiste,6,l@pist
11,lampisterie,9,l@pist°Ri
8,lamproie,6,l@pRwa
6,lampée,4,l@pe
4,lamé,4,lame
5,lance,3,l@s
12,lance-engins,6,l@s@Z5
12,lance-flamme,7,l@sflam
13,lance-flammes,7,l@sflam
11,lance-fusée,7,l@sfyze
12,lance-fusées,7,l@sfyze
13,lance-grenade,9,l@sgR°nad
14,lance-grenades,9,l@sgR°nad
14,lance-missiles,8,l@smisil
12,lance-pierre,7,l@spjER
13,lance-pierres,7,l@spjER
14,lance-roquette,8,l@sRokEt
15,lance-roquettes,8,l@sRokEt
14,lance-torpille,9,l@stORpij
15,lance-torpilles,9,l@stORpij
8,lancelot,6,l@s°lo
9,lancement,6,l@s°m@
11,lancequiner,7,l@skine
6,lancer,4,l@se
8,lancette,5,l@sEt
7,lanceur,5,l@s9R
7,lancier,5,l@sje
10,lancinance,7,l@sin@s
9,lancinant,6,l@sin@
6,lancée,4,l@se
4,land,3,l@d
7,landais,4,l@dE
6,landau,4,l@do
9,landaulet,6,l@dolE
5,lande,3,l@d
10,landerneau,7,l@dERno
7,landing,5,l@diG
8,landlord,6,l@dlOR
9,landsturm,8,l@dstuRm
8,landwehr,6,l@dvER
7,langage,5,l@gaZ
5,lange,3,l@Z
6,langer,4,l@Ze
15,langoureusement,10,l@guR2z°m@
10,langoureux,6,l@guR2
9,langouste,6,l@gust
11,langoustine,8,l@gustin
6,langue,3,l@g
9,languette,5,l@gEt
8,langueur,5,l@g9R
8,languide,5,l@gid
7,languir,5,l@giR
14,languissamment,8,l@gisam@
11,languissant,6,l@gis@
7,lanière,6,lanjER
8,lanlaire,5,l@lER
8,lanoline,7,lanolin
10,lansquenet,7,l@sk°nE
9,lansquine,6,l@skin
10,lansquiner,7,l@skine
8,lanterne,6,l@tERn
16,lanterne-tempête,11,l@tERnt@pEt
9,lanterner,7,l@tERne
10,lanternier,8,l@tERnje
8,lanthane,5,l@tan
7,lançant,4,l@s@
3,lao,3,lao
7,laotien,6,laosj5
3,lap,3,lap
11,lapalissade,9,lapalisad
12,laparoscopie,11,lapaRoskopi
11,laparotomie,10,lapaRotomi
8,lapement,6,lap°m@
5,laper,4,lape
8,lapereau,6,lap°Ro
9,lapidaire,7,lapidER
10,lapidation,9,lapidasj§
7,lapider,6,lapide
14,lapidification,13,lapidifikasj§
5,lapin,4,lap5
7,lapiner,6,lapine
9,lapinière,8,lapinjER
5,lapis,5,lapis
12,lapis-lazuli,11,lapizlazyli
5,lapon,4,lap§
6,lapper,4,lape
4,laps,4,laps
6,lapsus,6,lapsys
7,laquais,4,lakE
5,laque,3,lak
8,laquelle,5,lakEl
6,laquer,4,lake
5,laqué,4,lake
6,larbin,5,laRb5
6,larcin,5,laRs5
4,lard,3,laR
7,lardage,6,laRdaZ
6,larder,5,laRde
8,lardeuss,7,laRdeus
7,lardeux,5,laRd2
6,lardon,5,laRd§
5,lardu,5,laRdy
4,lare,3,laR
8,larfeuil,6,laRf9j
10,larfeuille,6,laRf9j
8,largable,7,laRgabl
7,largage,6,laRgaZ
5,large,4,laRZ
9,largement,7,laRZ°m@
8,largesse,6,laRZEs
7,largeur,6,laRZ9R
9,larghetto,7,laRgEto
5,largo,5,laRgo
6,largue,4,laRg
7,larguer,5,laRge
8,largueur,6,laRg9R
6,largué,5,laRge
7,larigot,6,laRigo
5,larme,4,laRm
11,larmichette,8,laRmiSEt
11,larmoiement,8,laRmwam@
9,larmoyant,8,laRmwaj@
8,larmoyer,8,laRmwaje
9,larmoyeur,9,laRmwaj9R
6,larron,4,laR§
6,larsen,6,laRsEn
8,larvaire,6,laRvER
5,larve,4,laRv
9,larvicide,8,laRvisid
5,larvé,5,laRve
9,laryngite,7,laR5Zit
14,laryngologique,11,laR5gOlOZik
14,laryngologiste,12,laR5goloZist
12,laryngoscope,10,laR5gOskOp
13,laryngoscopie,11,laR5gOskOpi
7,laryngé,6,laR5Ze
6,larynx,6,laR5ks
3,las,2,la
7,lasagne,5,lazaN
6,lascar,6,laskaR
6,lascif,5,lasif
11,lascivement,8,lasiv°m@
9,lascivité,8,lasivite
5,laser,5,lazER
7,lassant,4,las@
6,lasser,4,lase
9,lassitude,7,lasityd
5,lasso,4,laso
6,lasure,5,lasyR
7,latence,5,lat@s
6,latent,4,lat@
5,latex,6,latEks
9,laticlave,8,latiklav
5,latin,4,lat5
9,latiniste,8,latinist
8,latinité,8,latinite
6,latino,6,latino
16,latino-américain,13,latinoameRik5
8,latitude,7,latityd
7,latrine,6,latRin
4,lats,4,lats
5,latte,3,lat
6,latter,4,late
6,lattis,4,lati
7,latéral,7,lateRal
12,latéralement,10,lateRal°m@
10,latéralité,10,lateRalite
8,latérite,7,lateRit
5,laubé,4,lobe
8,laudanum,7,lodanOm
9,laudateur,7,lodat9R
7,laurier,5,loRje
14,laurier-cerise,10,loRjes°Riz
12,laurier-rose,8,loRjeRoz
7,lauréat,5,loRea
3,lav,3,lav
7,lavable,6,lavabl
6,lavabo,6,lavabo
6,lavage,5,lavaZ
10,lavallière,8,lavaljER
7,lavande,5,lav@d
8,lavandin,6,lav@d5
10,lavandière,8,lav@djER
7,lavasse,5,lavas
4,lave,3,lav
9,lave-auto,6,lavoto
10,lave-glace,7,lavglas
10,lave-linge,6,lavl5Z
10,lave-mains,5,lavm5
9,lave-pont,5,lavp§
14,lave-vaisselle,8,lavvEsEl
6,lavedu,5,lavdy
8,lavement,6,lav°m@
5,laver,4,lave
7,laverie,6,lav°Ri
7,lavette,5,lavEt
6,laveur,5,lav9R
5,lavis,4,lavi
6,lavoir,6,lavwaR
6,lavure,5,lavyR
4,lavé,4,lave
7,laxatif,8,laksatif
7,laxisme,7,laksizm
7,laxiste,7,laksist
6,laxité,7,laksite
5,layer,4,leje
7,layette,5,lEjEt
5,layon,4,lEj§
7,lazaret,6,lazaRE
6,lazaro,6,lazaRo
8,lazingue,5,laz5g
5,lazzi,5,ladzi
6,laçage,5,lasaZ
6,laîche,3,lES
4,laïc,4,laik
8,laïciser,7,laisize
7,laïcité,7,laisite
6,laïque,4,laik
5,laïus,5,lajys
2,le,2,l°
6,leader,5,lid9R
10,leadership,8,lid9RSip
7,leasing,5,liziG
5,lebel,5,l°bEl
5,leben,4,l°b@
7,lecteur,6,lEkt9R
8,lectorat,7,lEktoRa
7,lecture,6,lEktyR
5,ledit,4,l°di
6,legato,6,legato
7,leggins,6,legins
4,lego,4,lego
4,legs,3,lEg
3,lei,2,lE
12,leishmaniose,9,lESmanjoz
9,leitmotiv,9,lEjtmotiv
10,leitmotive,9,lajtmotiv
3,lek,3,lEk
3,lem,3,lEm
7,lemming,5,lEmiG
9,lendemain,6,l@d°m5
4,lent,2,l@
5,lente,3,l@t
9,lentement,6,l@t°m@
7,lenteur,5,l@t9R
8,lentille,5,l@tij
9,lentisque,6,l@tisk
5,lento,5,lEnto
6,lepton,5,lEpt§
10,leptonique,8,lEptOnik
6,lequel,5,l°kEl
5,lerch,4,lERS
6,lerche,4,lERS
3,les,2,le
11,lesbianisme,10,lEsbjanizm
7,lesbien,6,lEzbj5
8,lesdites,5,lEdit
7,lesdits,4,lEdi
10,lesquelles,5,lEkEl
8,lesquels,5,lEkEl
9,lessivage,7,lesivaZ
7,lessive,5,lesiv
8,lessiver,6,lesive
4,lest,4,lEst
5,leste,4,lEst
9,lestement,7,lEst°m@
6,lester,5,lEste
5,lesté,5,lEste
3,let,2,lE
5,lette,3,lEt
6,letton,4,lEt§
7,lettone,5,lEtOn
8,lettrage,6,lEtRaZ
6,lettre,4,lEtR
10,lettre-clé,7,lEtRkle
8,lettreur,6,lEtR9R
8,lettrine,6,lEtRin
6,lettré,5,letRe
3,leu,2,l2
12,leucocytaire,9,l2kositER
9,leucocyte,7,l2kosit
11,leucocytose,9,l2kOsitoz
11,leucoplasie,9,l2koplazi
10,leucopénie,8,l2kopeni
7,leucose,5,l2koz
10,leucotomie,8,l2kotomi
8,leucémie,6,l2semi
10,leucémique,7,l2semik
4,leur,3,l9R
6,leurre,3,l9R
7,leurrer,4,l9Re
5,leurs,3,l9R
3,lev,3,lEv
4,leva,4,l°va
6,levage,5,l°vaZ
6,levain,4,l°v5
6,levant,4,l°v@
8,levantin,6,l°v@t5
5,lever,4,l°ve
6,leveur,5,l°v9R
6,levier,5,l°vje
7,levreau,5,l°vRo
8,levrette,6,l°vREt
6,levure,5,l°vyR
4,levé,4,l°ve
5,levée,4,l°ve
7,lexical,8,lEksikal
5,lexie,5,lEksi
7,lexique,6,lEksik
3,lez,2,lE
5,leçon,4,l°s§
2,li,2,li
5,liage,4,ljaZ
7,liaison,5,ljEz§
5,liane,4,ljan
5,liant,3,lj@
5,liard,4,ljaR
6,liasse,4,ljas
8,libanais,6,libanE
8,libation,7,libasj§
8,libeccio,8,libEksjo
7,libelle,5,libEl
8,libeller,6,libele
9,libellule,7,libelyl
7,libellé,6,libele
5,liber,5,libER
6,libera,6,lib°Ra
6,libero,6,lib°Ro
10,libertaire,8,libERtER
11,liberticide,10,libERtisid
8,libertin,7,libERt5
11,libertinage,10,libERtinaZ
7,liberté,7,libERte
9,libidinal,9,libidinal
10,libidineux,8,libidin2
6,libido,6,libido
8,libraire,6,libRER
9,librairie,7,libReRi
19,librairie-papeterie,15,libReRipapet°Ri
5,libre,4,libR
13,libre-arbitre,10,libRaRbitR
13,libre-penseur,10,libR°p@s9R
13,libre-service,11,libR°sERvis
13,libre-échange,8,libReS@Z
16,libre-échangiste,11,libReS@Zist
9,librement,7,libR°m@
11,librettiste,9,libRetist
8,libretto,7,libREto
6,libyen,5,libj5
9,libérable,8,libeRabl
7,libéral,7,libeRal
12,libéralement,10,libeRal°m@
14,libéralisation,13,libeRalizasj§
11,libéralisme,10,libeRalizm
10,libéralité,10,libeRalite
10,libérateur,9,libeRat9R
10,libération,9,libeRasj§
11,libératoire,10,libeRatwaR
7,libérer,6,libeRe
8,libérien,7,libeRj5
6,libéro,6,libeRo
6,libéré,6,libeRe
4,lice,3,lis
7,licence,5,lis@s
12,licenciement,8,lis@sim@
9,licencier,7,lis@sje
10,licencieux,7,lis@sj2
8,licencié,7,lis@sje
5,liche,3,liS
6,lichen,5,likEn
6,licher,4,liSe
8,lichette,5,liSEt
9,lichotter,6,liSOte
6,licite,5,lisit
5,licol,5,likOl
7,licorne,6,likORn
5,licou,4,liku
7,licteur,6,likt9R
7,licéité,7,liseite
4,lido,4,lido
9,lidocaïne,8,lidokain
3,lie,2,li
10,lie-de-vin,6,lid°v5
4,lied,3,lid
4,lien,3,lj5
4,lier,3,lje
6,lierre,4,ljER
6,liesse,4,ljEs
4,lieu,3,lj2
8,lieu-dit,5,lj2di
7,lieudit,5,lj2di
5,lieue,3,lj2
5,lieur,4,lj9R
10,lieutenant,7,lj2t°n@
18,lieutenant-colonel,14,lj2t°n@kolonEl
17,lieutenant-pilote,12,lj2t°n@pilOt
10,lieux-dits,5,lj2di
4,lift,4,lift
6,lifter,5,lifte
7,liftier,6,liftje
7,lifting,6,liftiG
5,lifté,5,lifte
8,ligament,6,ligam@
12,ligamentaire,9,ligam@tER
8,ligature,7,ligatyR
9,ligaturer,8,ligatyRe
4,lige,3,liZ
5,light,4,lajt
7,lignage,5,liNaZ
5,ligne,3,liN
6,ligner,4,liNe
7,ligneux,4,liN2
7,lignite,5,liNit
6,lignée,4,liNe
5,ligot,4,ligo
8,ligotage,7,ligotaZ
7,ligoter,6,ligote
6,ligoté,6,ligote
5,ligue,3,lig
6,liguer,4,lige
7,ligueur,5,lig9R
6,ligure,5,ligyR
5,lilas,4,lila
6,lilial,6,liljal
6,lilium,6,liljOm
11,lilliputien,9,lilipysj5
7,lillois,5,lilwa
6,limace,5,limas
6,limage,5,limaZ
8,limaille,5,limaj
5,liman,4,lim@
7,limande,5,lim@d
7,limaçon,6,limas§
5,limbe,3,l5b
8,limbique,5,l5bik
5,limbo,5,limbo
4,lime,3,lim
5,limer,4,lime
8,limerick,7,lim°Rik
7,limette,5,limEt
6,limier,5,limje
9,liminaire,7,liminER
9,limitatif,9,limitatif
10,limitation,9,limitasj§
6,limite,5,limit
7,limiter,6,limite
8,limiteur,7,limit9R
10,limitrophe,8,limitROf
6,limité,6,limite
9,limogeage,7,limoZaZ
7,limoger,6,limoZe
6,limogé,6,limoZe
5,limon,4,lim§
8,limonade,7,limonad
10,limonadier,9,limonadje
9,limonaire,7,limonER
8,limoneux,6,limon2
8,limonier,7,limonje
9,limoselle,7,limozEl
8,limousin,6,limuz5
7,limpide,5,l5pid
9,limpidité,8,l5pidite
3,lin,2,l5
7,linaire,5,linER
7,linceul,5,l5s9l
6,lindor,5,l5dOR
4,line,3,lin
5,linga,5,linga
7,lingala,7,lingala
6,lingam,6,lingam
5,linge,3,l5Z
6,linger,4,l5Ze
8,lingerie,6,l5Z°Ri
8,lingette,5,l5ZEt
6,lingot,4,l5go
7,lingual,6,l5gwal
9,linguiste,7,l5g8ist
12,linguistique,9,l5g8istik
16,linguistiquement,12,l5g8istik°m@
7,lingère,5,l5ZER
8,liniment,6,linim@
4,lino,4,lino
8,linoléum,8,linoleOm
5,linon,4,lin§
7,linotte,5,linOt
8,linotype,7,linotip
7,linteau,4,l5to
6,linter,6,lint9R
8,linéaire,6,lineER
12,linéairement,9,lineER°m@
4,lion,3,lj§
8,lionceau,5,lj§so
6,lipase,5,lipaz
6,lipide,5,lipid
8,lipiodol,8,lipjOdOl
6,lipome,5,lipom
8,liposome,7,lipozom
11,liposuccion,10,liposyksj§
9,liposucer,8,lipOsyse
10,lipothymie,8,lipotimi
5,lippe,3,lip
5,lippu,4,lipy
8,liquette,5,likEt
7,liqueur,5,lik9R
11,liquidateur,9,likidat9R
11,liquidation,9,likidasj§
7,liquide,5,likid
8,liquider,6,likide
9,liquidité,8,likidite
6,liquor,6,likwOR
9,liquoreux,6,likoR2
10,liquoriste,8,likoRist
12,liquéfaction,10,likefaksj§
9,liquéfier,7,likefje
4,lire,3,liR
7,lirette,5,liREt
5,liron,4,liR§
3,lis,3,lis
6,lisant,4,liz@
4,lise,3,liz
7,liseron,6,liz°R§
6,liseré,6,liz°Re
6,liseur,5,liz9R
10,lisibilité,10,lizibilite
7,lisible,6,lizibl
11,lisiblement,9,lizibl°m@
6,lisier,5,lizje
7,lisière,6,lizjER
7,lissage,5,lisaZ
5,lisse,3,lis
6,lisser,4,lise
7,lisseur,5,lis9R
11,lissotriche,8,lisOtRiS
5,lissé,4,lise
5,liste,4,list
6,listel,6,listEl
6,lister,5,liste
8,listeria,8,listeRja
7,listing,6,listiG
6,liston,5,list§
6,liséré,6,lizeRe
3,lit,2,li
10,lit-bateau,6,libato
8,lit-cage,5,likaZ
9,lit-divan,6,lidiv@
7,litanie,6,litani
5,liter,4,lite
7,literie,6,lit°Ri
8,lithiase,6,litjaz
8,lithique,5,litik
7,lithium,6,litjOm
5,litho,4,lito
11,lithographe,8,litogRaf
12,lithographie,9,litogRafi
11,lithosphère,8,litOsfER
12,lithotripsie,10,litotRipzi
12,lithotriteur,10,litotRit9R
10,lithuanien,8,lit8anj5
6,litige,5,litiZ
9,litigieux,7,litiZj2
7,litière,6,litjER
7,litorne,6,litORn
6,litote,5,litOt
5,litre,4,litR
6,litrer,5,litRe
6,litron,5,litR§
8,littoral,7,litoRal
10,littéraire,7,liteRER
14,littérairement,10,liteRER°m@
8,littéral,7,liteRal
13,littéralement,10,liteRal°m@
11,littéralité,10,liteRalite
11,littérateur,9,liteRat9R
11,littérature,9,liteRatyR
9,lituanien,8,lit8anj5
8,liturgie,7,lityRZi
10,liturgique,8,lityRZik
5,litée,4,lite
7,livarot,6,livaRo
4,live,3,liv
6,livide,5,livid
8,lividité,8,lividite
6,living,5,liviG
11,living-room,8,liviGRum
8,livrable,7,livRabl
9,livraison,7,livREz§
5,livre,4,livR
14,livre-cassette,10,livR2kasEt
6,livrer,5,livRe
11,livres-club,8,livRkl9b
9,livresque,7,livREsk
6,livret,5,livRE
7,livreur,6,livR9R
6,livrée,5,livRe
7,livèche,5,livES
5,liège,4,ljEZ
6,lièvre,5,ljEvR
3,lié,3,lje
8,liégeois,6,ljeZwa
5,lloyd,4,lOjd
6,loader,5,lod9R
3,lob,3,lOb
7,lobaire,5,lObER
7,lobbies,4,lObi
5,lobby,4,lObi
8,lobbying,7,lObijiG
4,lobe,3,lOb
10,lobectomie,9,lobEktomi
5,lober,4,lobe
9,lobotomie,8,lobotomi
11,lobotomiser,10,lobotomize
9,lobulaire,7,lobylER
5,local,5,lokal
10,localement,8,lokal°m@
11,localisable,10,lokalizabl
12,localisateur,11,lokalizat9R
12,localisation,11,lokalizasj§
9,localiser,8,lokalize
8,localisé,8,lokalize
8,localité,8,lokalite
9,locataire,7,lokatER
7,locatif,7,lokatif
8,location,7,lokasj§
8,locature,7,lOkatyR
5,locdu,5,lOkdy
4,loch,3,lOk
5,loche,3,lOS
8,lock-out,6,lOkawt
4,loco,4,loko
10,locomobile,9,lokomobil
10,locomoteur,9,lokomot9R
10,locomotion,9,lokomosj§
10,locomotive,9,lokomotiv
5,locus,5,lokys
7,locuste,6,lokyst
8,locuteur,7,lokyt9R
8,locution,7,lokysj§
5,loden,5,lodEn
3,lof,3,lOf
4,loft,4,lOft
10,logarithme,8,logaRitm
13,logarithmique,10,logaRitmik
4,loge,3,lOZ
8,logeable,6,loZabl
8,logement,6,lOZ°m@
5,loger,4,loZe
6,logeur,5,loZ9R
6,loggia,6,lOdZja
8,logiciel,8,loZisjEl
8,logicien,7,loZisj5
5,login,5,lOgin
7,logique,5,loZik
11,logiquement,8,loZik°m@
5,logis,4,loZi
11,logisticien,10,lOZistisj5
10,logistique,8,loZistik
4,logo,4,logo
10,logogriphe,8,logogRif
10,logomachie,8,logomaSi
9,logorrhée,6,logoRe
5,logos,5,logOs
10,logosphère,8,logosfER
4,logé,4,loZe
3,loi,3,lwa
4,loin,3,lw5
8,lointain,5,lw5t5
13,lointainement,9,lw5tEn°m@
4,loir,4,lwaR
8,loisible,7,lwazibl
6,loisir,6,lwaziR
6,lokoum,5,lokum
6,lolita,6,lolita
4,lolo,4,lolo
8,lombaire,5,l§bER
9,lombalgie,7,l§balZi
7,lombard,5,l§baR
8,lombardo,7,l§baRdo
6,lombes,3,l§b
7,lombric,6,l§bRik
5,lompe,3,l§p
9,londonien,7,l§donj5
7,londrès,6,l§dREs
4,long,2,l§
13,long-courrier,7,l§kuRje
12,long-métrage,8,l§metRaZ
7,longane,5,l§gan
11,longanimité,10,l§ganimite
5,longe,3,l§Z
6,longer,4,l§Ze
8,longeron,6,l§Z°R§
10,longiforme,8,l§ZifORm
10,longiligne,7,l§ZiliN
9,longitude,7,l§Zityd
12,longitudinal,11,l§Zitydinal
17,longitudinalement,14,l§Zitydinal°m@
9,longtemps,4,l§t@
6,longue,3,l§g
10,longue-vue,5,l§gvy
10,longuement,6,l§g°m@
7,longuet,4,l§gE
8,longueur,5,l§g9R
9,longévité,8,l§Zevite
4,look,3,luk
7,looping,5,lupiG
6,looser,5,luz9R
8,lopaille,5,lOpaj
4,lope,3,lOp
7,lopette,5,lopEt
5,lopin,4,lop5
7,loquace,5,lokas
9,loquacité,8,lokasite
5,loque,3,lOk
7,loquedu,6,lOk°dy
6,loquer,4,loke
6,loquet,4,lokE
9,loqueteau,6,lOk°to
9,loqueteux,6,lOk°t2
5,loran,4,loR@
4,lord,4,lORd
10,lord-maire,7,lORdmER
7,lordose,6,lORdoz
7,lorette,5,lOREt
7,lorgner,5,lORNe
9,lorgnette,6,lORNEt
7,lorgnon,5,lORN§
4,lori,4,lORi
6,loriot,5,loRjo
5,loris,5,lORis
7,lorrain,4,loR5
4,lors,3,lOR
6,lorsqu,5,lORsk
7,lorsque,6,lORsk°
3,los,2,lo
7,losange,5,loz@Z
7,losangé,6,loz@Ze
5,loser,4,loze
3,lot,2,lo
7,loterie,6,lOt°Ri
4,loti,4,loti
6,lotier,5,lotje
6,lotion,5,losj§
5,lotir,5,lotiR
11,lotissement,8,lotis°m@
4,loto,4,loto
5,lotta,4,lOta
5,lotte,3,lOt
5,lotus,5,lotys
7,louable,5,lwabl
11,louablement,8,lwabl2m@
6,louage,4,lwaZ
7,louange,4,lw@Z
8,louanger,5,lw@Ze
9,louangeur,6,lw@Z9R
7,loubard,5,lubaR
6,louche,3,luS
9,louchebem,7,lukEbEm
10,louchement,6,luS°m@
7,loucher,4,luSe
7,louchet,4,luSE
8,loucheur,5,luS9R
7,louchon,4,luS§
10,louchébème,7,luSebEm
5,louer,3,lwe
6,loueur,4,lw9R
4,louf,3,luf
6,loufer,4,lufe
7,loufiat,5,lufja
8,loufoque,5,lufOk
11,loufoquerie,8,lufOk°Ri
10,louftingue,6,luft5g
5,louis,3,lwi
16,louis-philippard,11,lwifilipaRd
12,louise-bonne,7,lwizbOn
11,louisianais,9,luizijanE
7,loukoum,5,lukum
6,loulou,4,lulu
8,louloute,5,lulut
9,louloutte,5,lulut
4,loup,2,lu
12,loup-cervier,8,lusERvje
10,loup-garou,6,lugaRu
5,loupe,3,lup
6,louper,4,lupe
7,loupiat,5,lupja
7,loupiot,5,lupjo
8,loupiote,6,lupjOt
9,loupiotte,6,lupjOt
5,loupé,4,lupe
5,lourd,3,luR
8,lourdaud,5,luRdo
10,lourdement,7,luRd°m@
7,lourder,5,luRde
9,lourderie,7,luRd°Ri
8,lourdeur,6,luRd9R
10,lourdingue,6,luRd5g
7,loustic,6,lustik
5,loute,3,lut
6,loutre,4,lutR
6,louvet,4,luvE
9,louveteau,6,luv°to
9,louvoyant,7,luvwaj@
8,louvoyer,7,luvwaje
4,loué,3,lwe
5,louée,3,lwe
5,lover,4,love
5,loyal,6,lwajal
10,loyalement,9,lwajal°m@
9,loyalisme,9,lwajalizm
9,loyaliste,9,lwajalist
7,loyauté,7,lwajote
5,loyer,5,lwaje
3,lsd,6,ElEsde
2,lu,2,ly
5,lubie,4,lybi
9,lubricité,9,lybRisite
10,lubrifiant,8,lybRifj@
13,lubrification,12,lybRifikasj§
9,lubrifier,8,lybRifje
8,lubrifié,8,lybRifje
8,lubrique,6,lybRik
7,lucarne,6,lykaRn
4,luce,3,lys
5,lucet,4,lysE
6,lucide,5,lysid
10,lucidement,8,lysid°m@
8,lucidité,8,lysidite
10,luciférien,9,lysifeRj5
7,lucilie,6,lysili
7,luciole,6,lysjOl
6,lucite,5,lysit
8,lucratif,8,lykRatif
5,lucre,4,lykR
7,luddite,5,lydit
6,ludion,5,lydj§
7,ludique,5,lydik
6,luette,4,l8Et
5,lueur,4,l89R
5,luffa,4,l9fa
4,luge,3,lyZ
5,luger,4,lyZe
7,lugubre,6,lygybR
11,lugubrement,9,lygybR°m@
3,lui,3,l8i
8,lui-même,6,l8imEm
5,luire,4,l8iR
8,luisance,6,l8iz@s
7,luisant,5,l8iz@
4,lulu,4,lyly
7,lumbago,6,l§bago
5,lumen,5,lymEn
8,lumignon,6,lymiN§
9,luminaire,7,lyminER
12,luminescence,9,lyminEs@s
11,luminescent,8,lyminEs@
13,lumineusement,10,lymin2z°m@
8,lumineux,6,lymin2
10,luminosité,10,lyminozite
7,lumière,6,lymjER
4,lump,3,l1p
7,lunaire,5,lynER
8,lunaison,6,lynEz§
9,lunatique,7,lynatik
5,lunch,5,l9ntS
7,luncher,4,l1Se
5,lundi,4,l1di
4,lune,3,lyn
8,lunetier,7,lyn°tje
7,lunette,5,lynEt
9,lunetteux,6,lynEt2
7,lunetté,6,lynEte
6,lunule,5,lynyl
4,luné,4,lyne
7,lupanar,7,lypanaR
5,lupin,4,lyp5
5,lupus,5,lypys
3,lur,3,luR
5,lurex,6,lyREks
5,luron,4,lyR§
8,lustrage,7,lystRaZ
7,lustral,7,lystRal
6,lustre,5,lystR
7,lustrer,6,lystRe
8,lustreur,7,lystR9R
8,lustrine,7,lystRin
6,lustré,6,lystRe
8,lustucru,8,lystykRy
3,lut,2,ly
4,luth,3,lyt
8,lutherie,5,lytRi
7,luthier,5,lytje
12,luthéranisme,10,lyteRanizm
13,luthérianisme,11,lyteRjanizm
9,luthérien,7,lyteRj5
5,lutin,4,lyt5
7,lutiner,6,lytine
6,lutrin,5,lytR5
5,lutte,3,lyt
6,lutter,4,lyte
7,lutteur,5,lyt9R
4,lutz,4,lyts
8,lutécien,7,lytesj5
3,lux,4,lyks
8,luxation,8,lyksasj§
4,luxe,4,lyks
14,luxembourgeois,11,lyks@buRZwa
5,luxer,5,lykse
12,luxueusement,10,lyks82z°m@
7,luxueux,6,lyks82
6,luxure,6,lyksyR
10,luxuriance,9,lyksyRj@s
9,luxuriant,8,lyksyRj@
9,luxurieux,8,lyksyRj2
7,luzerne,6,lyzERn
11,lycanthrope,8,lik@tROp
12,lycanthropie,9,lik@tRopi
6,lychee,5,litSi
7,lychnis,6,liknis
6,lycien,5,lisj5
10,lycoperdon,9,likopERd§
5,lycra,5,likRa
5,lycée,4,lise
6,lycéen,5,lise5
11,lymphangite,7,l5f@Zit
11,lymphatique,7,l5fatik
11,lymphatisme,8,l5fatizm
6,lymphe,3,l5f
13,lymphocytaire,9,l5fositER
10,lymphocyte,7,l5fosit
12,lymphocytose,9,l5fOsitoz
8,lymphome,5,l5fom
11,lymphopénie,8,l5fopeni
13,lymphosarcome,10,l5fosaRkom
9,lymphoïde,6,l5fOid
5,lynch,3,l5S
8,lynchage,5,l5SaZ
7,lyncher,4,l5Se
4,lynx,4,l5ks
8,lyonnais,5,ljonE
11,lyophiliser,9,ljofilize
10,lyophilisé,9,ljOfilize
4,lyre,3,liR
7,lyrique,5,liRik
7,lyriser,6,liRize
7,lyrisme,6,liRizm
3,lys,3,lis
4,lyse,3,liz
10,lysergique,8,lizERZik
9,lysimaque,7,lizimak
6,lysine,5,lizin
2,là,2,la
6,là-bas,4,laba
9,là-dedans,6,lad°d@
9,là-dehors,6,lad2OR
11,là-derrière,8,ladERjER
10,là-dessous,6,lad°su
9,là-dessus,6,lad°sy
9,là-devant,6,lad°v@
7,là-haut,3,lao
7,lâchage,5,laSaZ
5,lâche,3,laS
9,lâchement,6,laS°m@
6,lâcher,4,laSe
7,lâcheté,6,laS°te
7,lâcheur,5,laS9R
5,lâché,4,laSe
5,lèche,3,lES
11,lèche-botte,6,lESbOt
12,lèche-bottes,6,lESbOt
9,lèche-cul,5,lESky
13,lèche-vitrine,9,lESvitRin
14,lèche-vitrines,9,lESvitRin
10,lèchefrite,7,lESfRit
5,lèpre,4,lEpR
3,lès,2,lE
12,lèse-majesté,10,lEzmaZEste
5,lèvre,4,lEvR
2,lé,2,le
7,léchage,5,leSaZ
6,lécher,4,leSe
7,lécheur,5,leS9R
11,léchouiller,6,leSuje
5,léché,4,leSe
9,lécithine,7,lesitin
5,légal,5,legal
10,légalement,8,legal°m@
12,légalisation,11,legalizasj§
9,légaliser,8,legalize
9,légaliste,8,legalist
8,légalisé,8,legalize
8,légalité,8,legalite
5,légat,4,lega
9,légataire,7,legatER
8,légation,7,legasj§
10,légendaire,7,leZ@dER
7,légende,5,leZ@d
8,légender,6,leZ@de
5,léger,4,leZe
9,légiférer,8,leZifeRe
6,légion,5,leZj§
12,légionellose,10,leZjOneloz
11,légionnaire,8,leZjonER
11,législateur,10,leZislat9R
10,législatif,10,leZislatif
11,législation,10,leZislasj§
11,législature,10,leZislatyR
7,légiste,6,leZist
10,légitimant,8,leZitim@
12,légitimation,11,leZitimasj§
8,légitime,7,leZitim
12,légitimement,10,leZitim°m@
9,légitimer,8,leZitime
11,légitimiste,10,leZitimist
10,légitimité,10,leZitimite
8,légitimé,8,leZitime
6,léguer,4,lege
6,légume,5,legym
8,légumier,7,legymje
10,légumineux,8,legymin2
5,légué,4,lege
10,légèrement,8,leZER°m@
8,légèreté,8,leZER°te
5,lémur,5,lemyR
6,lémure,5,lemyR
8,lémurien,7,lemyRj5
9,lénifiant,7,lenifj@
12,lénification,11,lenifikasj§
9,léninisme,8,leninizm
9,léniniste,8,leninist
7,léonard,6,leonaR
6,léonin,5,leon5
7,léopard,6,leopaR
8,léopardé,8,leopaRde
11,lépidoptère,10,lepidOptER
10,lépontique,7,lep§tik
7,lépreux,5,lepR2
10,léprologie,9,lepROlOZi
10,léproserie,9,lepRoz°Ri
5,lérot,4,leRo
5,léser,4,leze
6,lésine,5,lezin
7,lésiner,6,lezine
9,lésinerie,8,lezin°Ri
6,lésion,5,lezj§
11,lésionnaire,8,lezjOnER
5,létal,5,letal
8,létalité,8,letalite
9,léthargie,7,letaRZi
11,léthargique,8,letaRZik
9,léviathan,7,levjat@
10,lévitation,9,levitasj§
6,lévite,5,levit
7,léviter,6,levite
9,lévitique,7,levitik
7,lévrier,7,levRije
6,lézard,5,lezaR
8,lézarder,7,lezaRde
7,lézardé,7,lezaRde
1,m,1,m
10,m'as-tu-vu,6,matyvy
2,ma,2,ma
7,ma-jong,5,maZ§G
6,maboul,5,mabul
3,mac,3,mak
7,macabre,6,makabR
7,macache,5,makaS
7,macadam,7,makadam
9,macadamia,9,makadamja
7,macaque,5,makak
7,macarel,7,makaREl
9,macarelle,7,makaREl
8,macareux,6,makaR2
7,macaron,6,makaR§
8,macaroni,8,makaRoni
11,macaronique,9,makaRonik
8,macassar,7,makasaR
12,maccarthysme,9,makaRtizm
7,macchab,5,makab
9,macchabée,6,makabe
10,macfarlane,9,makfaRlan
4,mach,3,mak
7,machaon,5,maka§
8,machette,5,maSEt
13,machiavélique,10,makjavelik
13,machiavélisme,11,makjavelizm
6,machin,4,maS5
8,machinal,7,maSinal
13,machinalement,10,maSinal°m@
11,machination,9,maSinasj§
14,machinchouette,8,maS5SuEt
7,machine,5,maSin
13,machine-outil,8,maSinuti
8,machiner,6,maSine
10,machinerie,8,maSin°Ri
10,machinette,7,maSinEt
10,machinique,7,maSinik
10,machinisme,8,maSinizm
10,machiniste,8,maSinist
7,machino,6,makino
8,machisme,7,matSizm
8,machiste,7,matSist
9,machmètre,7,makmEtR
5,macho,5,matSo
9,macintosh,8,makintoS
5,macis,4,masi
10,mackintosh,8,makintOS
7,macoute,5,makut
7,macramé,7,makRame
8,macreuse,6,makR2z
5,macro,5,makRo
13,macrobiotique,11,makRobjotik
11,macroclimat,10,makRoklima
10,macrocosme,9,makRokOsm
9,macrolide,8,makRolid
10,macrophage,8,makROfaZ
13,macroscopique,11,makRoskopik
13,macroéconomie,12,makRoekOnOmi
6,macula,6,makyla
8,maculage,7,makylaZ
10,maculation,9,makylasj§
10,maculature,9,makylatyR
6,macule,5,makyl
7,maculer,6,makyle
7,macumba,7,makymba
9,macédoine,8,masedwan
10,macédonien,9,masedonj5
12,macédonienne,10,masedonjEn
10,macération,9,maseRasj§
7,macérer,6,maseRe
6,madame,5,madam
9,madapolam,9,madapolam
7,made in,6,mejdin
9,madeleine,7,mad°lEn
12,mademoiselle,10,mad°mwazEl
6,madone,5,madOn
8,madrague,6,madRag
6,madras,6,madRas
5,madre,4,madR
13,madre de dios,13,madRededeioEs
7,madrier,7,madRije
8,madrigal,8,madRigal
9,madrilène,8,madRilEn
5,madré,5,madRe
9,madrépore,8,madRepOR
6,madère,5,madER
9,maelstrom,8,malstROm
9,maelström,8,mElstR2m
8,maestria,9,maEstRija
7,maestro,7,maEstRo
6,maffia,5,mafja
8,maffieux,5,mafj2
6,mafflu,5,mafly
5,mafia,5,mafja
7,mafieux,5,mafj2
7,mafioso,7,mafjozo
7,maganer,6,magane
7,magasin,6,magaz5
10,magasinage,9,magazinaZ
9,magasiner,8,magazine
10,magasinier,9,magazinje
8,magazine,7,magazin
11,magdalénien,10,magdalenj5
4,mage,3,maZ
7,magenta,6,maZ@ta
9,maghrébin,7,magReb5
7,maghzen,6,makzEn
8,magicien,7,maZisj5
6,magico,6,maZiko
5,magie,4,maZi
7,magique,5,maZik
11,magiquement,8,maZik°m@
8,magister,8,maZistER
9,magistral,9,maZistRal
14,magistralement,12,maZistRal°m@
9,magistrat,8,maZistRa
12,magistrature,11,maZistRatyR
9,magistère,8,maZistER
5,magma,5,magma
10,magmatique,8,magmatik
9,magnanime,7,maNanim
11,magnanimité,10,maNanimite
6,magnat,5,magna
6,magner,4,maNe
10,magnificat,8,maNifika
12,magnificence,9,maNifis@s
9,magnifier,7,maNifje
10,magnifique,7,maNifik
14,magnifiquement,10,maNifik°m@
9,magnitude,7,maNityd
8,magnolia,7,maNolja
6,magnum,6,magnOm
8,magnésie,6,maNezi
9,magnésium,8,maNezjOm
10,magnétique,7,maNetik
14,magnétiquement,10,maNetik°m@
11,magnétiseur,9,maNetiz9R
10,magnétisme,8,maNetizm
9,magnétite,7,maNetit
7,magnéto,6,maNeto
12,magnétomètre,10,maNetomEtR
12,magnétophone,9,maNetofOn
12,magnétoscope,10,maNetoskOp
9,magnétron,7,maNetR§
5,magot,4,mago
9,magouille,5,maguj
10,magouiller,6,maguje
11,magouilleur,7,maguj9R
6,magret,5,magRE
6,magyar,6,magjaR
8,mah-jong,5,maZ§G
9,maharadja,8,maaRadZa
10,maharadjah,8,maaRadZa
8,maharaja,8,maaRadZa
9,maharajah,8,maaRadZa
8,maharani,7,maaRani
7,mahatma,6,maatma
9,mahométan,7,maomet@
7,mahonia,6,maonja
8,mahousse,4,maus
3,mai,2,mE
4,maid,3,mEd
4,maie,2,mE
6,maigre,4,mEgR
9,maigrelet,7,mEgR°lE
10,maigrement,7,mEgR°m@
8,maigreur,6,mEgR9R
10,maigrichon,7,megRiS§
8,maigriot,7,megRijo
7,maigrir,6,megRiR
4,mail,4,mEjl
10,mail-coach,9,mEjlkOwtS
6,mailer,5,mEjle
7,mailing,6,mEjliG
6,maille,3,maj
11,maillechort,6,majSOR
7,mailler,4,maje
7,maillet,4,majE
9,mailloche,5,majOS
7,maillon,4,maj§
7,maillot,4,majo
9,maillotin,6,majot5
6,maillé,4,maje
4,main,2,m5
13,main-courante,7,m5kuR@t
13,main-d'oeuvre,6,m5d9vR
10,main-forte,6,m5fORt
7,mainate,5,mEnat
14,maincourantier,9,m5kuR@tje
9,mainlevée,6,m5l°ve
8,mainmise,5,m5miz
5,maint,2,m5
6,mainte,3,m5t
11,maintenance,7,m5t°n@s
10,maintenant,6,m5t°n@
10,mainteneur,7,m5t°n9R
9,maintenir,7,m5t°niR
9,maintenue,6,m5t°ny
7,maintes,3,m5t
8,maintien,5,m5tj5
6,maints,2,m5
5,maire,3,mER
6,mairie,4,meRi
4,mais,2,mE
6,maison,4,mEz§
11,maison-mère,7,mEz§mER
11,maisonnette,7,mEzonEt
9,maisonnée,6,mEzone
4,maja,4,maZa
15,majestueusement,12,maZEst82z°m@
10,majestueux,8,maZEst82
7,majesté,7,maZEste
6,majeur,5,maZ9R
4,majo,4,maZo
9,majolique,7,maZolik
5,major,5,maZOR
13,major-général,12,maZORZeneRal
7,majoral,7,maZoRal
7,majorat,6,maZoRa
10,majoration,9,maZoRasj§
9,majordome,8,maZoRdOm
7,majorer,6,maZoRe
9,majorette,7,maZoREt
11,majoritaire,9,maZoRitER
15,majoritairement,12,maZoRitER°m@
8,majorité,8,maZoRite
9,majuscule,8,maZyskyl
4,maki,4,maki
3,mal,3,mal
8,mal-aimé,6,maleme
9,mal-baisé,7,malbeze
8,mal-être,6,malEtR
7,malabar,7,malabaR
9,malachite,7,malakit
6,malade,5,malad
7,maladie,6,maladi
7,maladif,7,maladif
12,maladivement,10,maladiv°m@
10,maladrerie,9,maladR2Ri
10,maladresse,8,maladREs
9,maladroit,8,maladRwa
14,maladroitement,12,maladRwat°m@
6,malaga,6,malaga
7,malaire,5,malER
6,malais,4,malE
7,malaise,5,malEz
9,malaisien,7,malEzj5
7,malaisé,6,maleze
11,malaisément,8,malezem@
9,malandrin,7,mal@dR5
9,malappris,7,malapRi
6,malard,5,malaR
7,malaria,7,malaRja
8,malavisé,8,malavize
7,malaxer,7,malakse
8,malaxeur,8,malaks9R
9,malchance,6,malS@s
11,malchanceux,7,malS@s2
10,malcommode,8,malkomOd
10,malcontent,7,malk§t@
8,maldonne,6,maldOn
11,malencontre,8,mal@k§tR
18,malencontreusement,13,mal@k§tR2z°m@
13,malencontreux,9,mal@k§tR2
12,malentendant,8,mal@t@d@
10,malentendu,8,mal@t@dy
11,malfaisance,8,malf°z@s
10,malfaisant,7,malf°z@
10,malfaiteur,8,malfEt9R
7,malfamé,7,malfame
8,malfaçon,7,malfas§
12,malformation,11,malfORmasj§
8,malformé,8,malfORme
7,malfrat,6,malfRa
8,malgache,6,malgaS
11,malgracieux,9,malgRasj2
6,malgré,6,malgRe
9,malhabile,7,malabil
13,malhabilement,10,malabil°m@
8,malherbe,6,malERb
7,malheur,5,mal9R
15,malheureusement,10,mal2R2z°m@
10,malheureux,6,mal2R2
10,malhonnête,7,malonEt
14,malhonnêtement,10,malonEt°m@
12,malhonnêteté,9,malonEtte
4,mali,4,mali
6,malice,5,malis
14,malicieusement,11,malisj2z°m@
9,malicieux,7,malisj2
6,malien,5,malj5
8,malienne,6,maljEn
11,malignement,8,maliN°m@
9,malignité,8,maliNite
5,malin,4,mal5
8,malingre,6,mal5gR
7,malinké,6,mal5ke
8,malinois,7,malinwa
14,malintentionné,11,mal5t@sjone
10,mallarméen,8,malaRme5
5,malle,3,mal
8,mallette,5,malEt
12,malléabilité,11,maleabilite
9,malléable,7,maleabl
11,malléolaire,8,maleOlER
8,malléole,6,maleOl
4,malm,4,malm
9,malmenage,8,malm2naZ
8,malmener,7,malm°ne
12,malnutrition,11,malnytRisj§
10,malodorant,8,malodoR@
7,malotru,7,malotRy
7,malouin,5,malw5
7,malpoli,7,malpoli
9,malpropre,8,malpROpR
13,malproprement,11,malpROpR°m@
11,malpropreté,11,malpROpR°te
7,malsain,5,mals5
12,malsainement,9,malsEn°m@
9,malséance,7,malse@s
8,malséant,6,malse@
4,malt,4,malt
7,maltais,5,maltE
12,maltraitance,9,maltREt@s
10,maltraiter,8,maltRete
5,malus,5,malys
12,malveillance,8,malvEj@s
11,malveillant,7,malvEj@
7,malvenu,7,malv°ny
12,malversation,11,malvERsasj§
9,malvoisie,8,malvwazi
11,malédiction,10,malediksj§
8,maléfice,7,malefis
10,maléficier,9,malefisje
9,maléficié,9,malefisje
9,maléfique,7,malefik
3,mam,3,mam
9,mam'selle,6,mamzEl
9,mam'zelle,6,mamzEl
8,mamaliga,8,mamaliga
10,mamamouchi,8,mamamuSi
5,maman,4,mam@
5,mamba,4,m@ba
5,mambo,4,m@bo
4,mame,3,mam
7,mamelle,5,mamEl
7,mamelon,6,mam°l§
8,mamelouk,7,mam°luk
6,mamelu,6,mam°ly
7,mameluk,7,mam°luk
5,mamie,4,mami
5,mamma,5,mamma
8,mammaire,5,mamER
11,mammectomie,9,mamEktomi
9,mammifère,7,mamifER
12,mammographie,9,mamogRafi
12,mammoplastie,10,mamOplasti
8,mammouth,5,mamut
5,mammy,4,mami
7,mamours,5,mamuR
4,mamy,4,mami
8,mamzelle,6,mamzEl
3,man,2,m@
4,mana,4,mana
6,manade,5,manad
10,management,8,manaZ°m@
7,manager,8,manadZ9R
7,manager,7,manadZe
8,manageur,7,manaZ9R
6,manant,4,man@
7,manceau,4,m@so
12,mancenillier,7,m@snije
6,manche,3,m@S
9,mancheron,6,m@S°R§
9,manchette,5,m@SEt
7,manchon,4,m@S§
7,manchot,4,m@So
7,mandala,6,m@dala
7,mandale,5,m@dal
7,mandant,4,m@d@
8,mandarin,6,m@daR5
9,mandarine,7,m@daRin
11,mandarinier,9,m@daRinje
6,mandat,4,m@da
12,mandat-carte,8,m@dakaRt
13,mandat-lettre,8,m@dalEtR
12,mandat-poste,8,m@dapOst
10,mandataire,7,m@datER
11,mandatement,8,m@dat°m@
8,mandater,6,m@date
9,mandement,6,m@d°m@
6,mander,4,m@de
12,mandibulaire,9,m@dibylER
9,mandibule,7,m@dibyl
9,mandingue,5,m@d5g
9,mandoline,7,m@dolin
7,mandore,5,m@dOR
8,mandorle,6,m@dORl
10,mandragore,8,m@dRagOR
8,mandrill,6,m@dRil
7,mandrin,5,m@dR5
11,manducation,9,m@dykasj§
5,mandé,4,m@de
7,manette,5,manEt
5,manga,4,m@ga
9,manganite,7,m@ganit
9,manganèse,7,m@ganEz
12,mange-disque,7,m@Zdisk
10,mange-tout,5,m@Ztu
9,mangeable,6,m@Zabl
10,mangeaille,5,m@Zaj
9,mangeoire,6,m@ZwaR
6,manger,4,m@Ze
8,mangerie,6,m@Z°Ri
9,mangetout,6,m@Z°tu
7,mangeur,5,m@Z9R
5,mango,4,m@go
9,mangouste,6,m@gust
8,mangrove,6,m@gROv
6,mangue,3,m@g
8,manguier,5,m@gje
9,manhattan,7,manatan
11,maniabilité,11,manjabilite
8,maniable,7,manjabl
17,maniaco-dépressif,15,manjakodepResif
16,maniacodépressif,15,manjakodepResif
8,maniaque,6,manjak
12,maniaquement,9,manjak°m@
11,maniaquerie,9,manjak°Ri
9,manichéen,7,manike5
11,manichéisme,9,manikeizm
11,manichéiste,9,manikeist
5,manie,4,mani
9,maniement,6,manim@
6,manier,5,manje
7,manieur,6,manj9R
5,manif,5,manif
11,manifestant,9,manifEst@
13,manifestation,12,manifEstasj§
9,manifeste,8,manifEst
13,manifestement,11,manifEst°m@
10,manifester,9,manifEste
8,manifold,8,manifOld
9,manigance,7,manig@s
10,manigancer,8,manig@se
7,manille,5,manij
8,manillon,6,manij§
6,manioc,6,manjOk
5,manip,5,manip
11,manipulable,10,manipylabl
12,manipulateur,11,manipylat9R
12,manipulation,11,manipylasj§
8,manipule,7,manipyl
9,manipuler,8,manipyle
8,manitoba,8,manitoba
7,manitou,6,manitu
9,manivelle,7,manivEl
7,manière,6,manjER
10,maniérisme,9,manjeRizm
10,maniériste,9,manjeRist
7,maniéré,7,manjeRe
5,manne,3,man
9,mannequin,6,man°k5
11,mannezingue,6,manz5g
8,mannitol,7,manitOl
15,manoeuvrabilité,13,man9vRabilite
12,manoeuvrable,9,man9vRabl
9,manoeuvre,6,man9vR
10,manoeuvrer,7,man9vRe
11,manoeuvrier,9,man9vRije
6,manoir,6,manwaR
9,manomètre,8,manomEtR
8,manouche,5,manuS
10,manouvrier,9,manuvRije
8,manquant,4,m@k@
6,manque,3,m@k
10,manquement,6,m@k°m@
7,manquer,4,m@ke
6,manqué,4,m@ke
7,mansard,5,m@saR
8,mansarde,6,m@saRd
8,mansardé,7,m@saRde
7,mansion,5,m@sj§
10,mansuétude,8,m@s8etyd
5,manta,4,m@ta
5,mante,3,m@t
7,manteau,4,m@to
8,mantelet,6,m@t°lE
9,mantelure,7,m@tElyR
8,mantille,5,m@tij
8,mantique,5,m@tik
6,mantra,5,m@tRa
13,manu militari,12,manymilitaRi
9,manubrium,10,manybRijOm
8,manucure,7,manykyR
9,manucurer,8,manykyRe
6,manuel,6,man8El
12,manuellement,9,man8El°m@
11,manufacture,10,manyfaktyR
12,manufacturer,11,manyfaktyRe
9,manuscrit,8,manyskRi
11,manutention,9,manyt@sj§
16,manutentionnaire,12,manyt@sjonER
14,manutentionner,11,manyt@sjOne
8,manuélin,7,man8el5
10,manzanilla,8,m@zanija
6,manège,5,manEZ
12,manécanterie,10,manek@t°Ri
3,mao,3,mao
5,maori,5,maoRi
5,maous,4,maus
7,maousse,4,maus
7,maoïsme,6,maoizm
7,maoïste,6,maoist
10,mappemonde,7,map°m§d
5,maque,3,mak
6,maquer,4,make
9,maquereau,6,mak°Ro
13,maquereautage,9,mak°RotaZ
12,maquereauter,8,mak°Rote
12,maquerellage,9,mak°RElaZ
8,maquette,5,makEt
11,maquettiste,8,maketist
9,maquignon,6,makiN§
13,maquignonnage,9,makiNonaZ
10,maquillage,7,makijaZ
9,maquiller,6,makije
10,maquilleur,7,makij9R
6,maquis,4,maki
9,maquisard,7,makizaR
4,mara,4,maRa
8,marabout,6,maRabu
5,marae,4,maRe
6,marais,4,maRE
7,maranta,6,maR@ta
7,marante,5,maR@t
7,marasme,6,maRasm
9,marasquin,7,maRask5
8,marathon,6,maRat§
11,marathonien,9,maRatonj5
6,maraud,4,maRo
8,marauder,6,maRode
9,maraudeur,7,maRod9R
9,maravédis,9,maRavedis
9,maraîcher,6,maReSe
6,marbre,5,maRbR
9,marbrerie,8,maRbR°Ri
8,marbrier,7,maRbRje
8,marbrure,7,maRbRyR
6,marbré,6,maRbRe
4,marc,3,maR
9,marcassin,7,maRkas5
6,marcel,6,maRsEl
9,marceline,8,maRs2lin
8,marchand,5,maRS@
11,marchandage,8,maRS@daZ
10,marchander,7,maRS@de
11,marchandise,8,maRS@diz
13,marchandiseur,10,maRS@diz9R
8,marchant,5,maRS@
6,marche,4,maRS
10,marchepied,8,maRS°pje
7,marcher,5,maRSe
8,marcheur,6,maRS9R
6,marché,5,maRSe
7,marconi,7,maRkoni
8,marcotin,7,maRkOt5
8,marcotte,6,maRkOt
5,mardi,5,maRdi
4,mare,3,maR
7,marelle,5,maREl
7,marengo,6,maR@go
8,marennes,5,maREn
8,mareyeur,7,maREj9R
9,margarine,8,maRgaRin
7,margaux,5,maRgo
6,margay,5,maRgE
5,marge,4,maRZ
8,margelle,6,maRZEl
6,marger,5,maRZe
8,marginal,8,maRZinal
13,marginalement,11,maRZinal°m@
12,marginaliser,11,maRZinalize
11,marginalité,11,maRZinalite
6,margis,5,maRZi
6,margot,5,maRgo
8,margotin,7,maRgot5
8,margoton,7,maRgOt§
11,margouillat,7,maRguja
11,margouillis,7,maRguji
11,margoulette,8,maRgulEt
9,margoulin,7,maRgul5
8,margrave,7,maRgRav
10,margraviat,9,maRgRavja
10,marguerite,8,maRg°Rit
11,marguillier,7,maRgije
4,mari,4,maRi
8,mariable,7,maRjabl
8,mariachi,7,maRjaSi
7,mariage,6,maRjaZ
6,marida,6,maRida
19,marie-couche-toi-là,12,maRikuStwala
12,marie-jeanne,7,maRiZan
12,marie-louise,8,maRilwiz
12,marie-salope,9,maRisalOp
6,marier,5,maRje
7,marieur,6,maRj9R
7,marigot,6,maRigo
9,marihuana,9,maRiRwana
9,marijuana,9,maRiRwana
7,marimba,7,maRimba
5,marin,4,maR5
13,marin-pêcheur,9,maR5pES9R
6,marina,6,maRina
8,marinade,7,maRinad
8,marinage,7,maRinaZ
6,marine,5,maRin
7,mariner,6,maRine
8,marinier,7,maRinje
9,marinière,8,maRinjER
6,mariné,6,maRine
6,mariol,6,maRjOl
7,mariole,6,maRjOl
8,mariolle,6,maRjOl
11,marionnette,8,maRjonEt
14,marionnettiste,11,maRjonEtist
7,marital,7,maRital
12,maritalement,10,maRital°m@
8,maritime,7,maRitim
9,maritorne,8,maRitORn
11,marivaudage,9,maRivodaZ
10,marivauder,8,maRivode
5,marié,5,maRje
10,marjolaine,8,maRZolEn
4,mark,4,maRk
6,marker,6,maRk9R
9,marketing,8,maRketiG
5,marle,4,maRl
6,marlin,5,maRl5
6,marlou,5,maRlu
9,marloupin,7,maRlup5
13,marloupinerie,11,maRlupin°Ri
9,marmaille,6,maRmaj
9,marmelade,8,maRm°lad
9,marmitage,8,maRmitaZ
7,marmite,6,maRmit
8,marmiter,7,maRmite
9,marmiteux,7,maRmit2
8,marmiton,7,maRmit§
12,marmonnement,9,maRmOn°m@
9,marmonner,7,maRmone
9,marmoréen,8,maRmoRe5
6,marmot,5,maRmo
8,marmotte,6,maRmOt
12,marmottement,9,maRmOt°m@
9,marmotter,7,maRmote
9,marmouset,7,maRmuzE
5,marne,4,maRn
6,marner,5,maRne
8,marocain,6,maRok5
8,maronite,7,maRonit
8,maronner,6,maRone
8,maroquin,6,maRok5
12,maroquinerie,10,maRokin°Ri
11,maroquinier,9,maRokinje
7,marotte,5,maROt
9,marouette,6,maRwEt
8,maroufle,6,maRufl
9,maroufler,7,maRufle
8,marquage,6,maRkaZ
8,marquant,5,maRk@
6,marque,4,maRk
11,marque-page,8,maRk°paZ
7,marquer,5,maRke
11,marqueterie,9,maRkEt°Ri
8,marqueur,6,maRk9R
7,marquis,5,maRki
9,marquisat,7,maRkiza
10,marquisien,8,maRkizj5
6,marqué,5,maRke
7,marrade,5,maRad
8,marraine,5,maREn
7,marrane,5,maRan
7,marrant,4,maR@
5,marre,3,maR
6,marrer,4,maRe
5,marri,4,maRi
6,marron,4,maR§
11,marronnasse,7,maRonas
9,marronner,6,maRone
10,marronnier,7,maRonje
4,mars,4,maRs
7,marsala,7,maRsala
11,marseillais,7,maRsEjE
7,marshal,6,maRSal
8,marsouin,6,maRsw5
9,marsupial,9,maRsypjal
11,marsupilami,11,maRsypilami
8,martagon,7,maRtag§
7,marteau,5,maRto
13,marteau-pilon,9,maRtopil§
15,marteau-piqueur,10,maRtopik9R
6,martel,6,maRtEl
9,martelage,8,maRt°laZ
8,marteler,7,maRt°le
8,martelet,7,maRt°lE
9,marteleur,8,maRt°l9R
7,martial,7,maRsjal
7,martien,6,maRsj5
9,martienne,7,maRsjEn
6,martin,5,maRt5
14,martin-pêcheur,10,maRt5pES9R
8,martinet,7,maRtinE
10,martingale,8,maRt5gal
7,martini,7,maRtini
12,martiniquais,9,maRtinikE
6,martre,5,maRtR
6,martyr,6,maRtiR
7,martyre,6,maRtiR
10,martyriser,9,maRtiRize
11,martyrologe,10,maRtiRolOZ
11,martèlement,9,maRtEl°m@
8,marxisme,8,maRksizm
18,marxisme-léninisme,17,maRksizm°leninizm
8,marxiste,8,maRksist
18,marxiste-léniniste,17,maRksist°leninist
4,mary,4,maRi
8,maryland,7,maRil@d
7,marâtre,6,maRatR
8,marécage,7,maRekaZ
10,marécageux,8,maRekaZ2
8,maréchal,7,maReSal
16,maréchal-ferrant,11,maReSalfER@
10,maréchalat,8,maReSala
12,maréchalerie,10,maReSal°Ri
12,maréchaussée,8,maReSose
18,maréchaux-ferrants,10,maReSofER@
5,marée,4,maRe
3,mas,2,ma
5,masaï,5,masaj
7,mascara,7,maskaRa
9,mascarade,8,maskaRad
8,mascaret,7,maskaRE
8,mascaron,7,maskaR§
10,mascarpone,9,maskaRpOn
8,mascotte,6,maskOt
8,masculin,7,maskyl5
12,masculiniser,11,maskylinize
11,masculinité,11,maskylinite
5,maser,5,mazER
10,maskinongé,9,maskin§Ze
4,maso,4,mazo
10,masochisme,8,mazoSizm
10,masochiste,8,mazoSist
8,masquage,6,maskaZ
6,masque,4,mask
13,masque-espion,9,maskEspj§
7,masquer,5,maske
6,masqué,5,maske
10,mass media,8,masmedja
10,massacrant,7,masakR@
8,massacre,6,masakR
9,massacrer,7,masakRe
10,massacreur,8,masakR9R
7,massage,5,masaZ
5,masse,3,mas
9,massepain,5,masp5
6,masser,4,mase
7,masseur,5,mas9R
8,massicot,6,masiko
10,massicoter,8,masikote
11,massicotier,9,masikotje
6,massif,5,masif
11,massivement,8,masiv°m@
9,massivité,8,masivite
6,massue,4,masy
5,massé,4,mase
7,mastaba,7,mastaba
6,mastar,6,mastaR
7,mastard,6,mastaR
11,mastectomie,10,mastEktomi
6,master,6,mast9R
6,mastic,6,mastik
9,masticage,8,mastikaZ
11,mastication,10,mastikasj§
7,mastiff,6,mastif
9,mastiquer,7,mastike
7,mastite,6,mastit
6,mastoc,6,mastOk
10,mastodonte,8,mastod§t
8,mastoïde,7,mastoid
10,mastroquet,8,mastRokE
12,masturbateur,11,mastyRbat9R
12,masturbation,11,mastyRbasj§
13,masturbatoire,12,mastyRbatwaR
9,masturber,8,mastyRbe
7,mastère,6,mastER
6,masure,5,mazyR
3,mat,3,mat
7,matador,7,matadOR
5,mataf,5,mataf
8,matamore,7,matamOR
5,match,4,matS
9,matchiche,6,matSiS
7,matelas,6,mat°la
10,matelasser,8,mat°lase
11,matelassier,9,mat°lasje
9,matelassé,8,mat°lase
7,matelot,6,mat°lo
8,matelote,7,mat°lOt
5,mater,4,mate
14,mater dolorosa,13,matERdoloRoza
9,maternage,8,matERnaZ
12,maternalisme,11,matERnalizm
8,maternel,8,matERnEl
14,maternellement,11,matERnEl°m@
8,materner,7,matERne
10,materniser,9,matERnize
9,maternité,9,matERnite
6,mateur,5,mat9R
4,math,3,mat
7,matheux,4,mat2
5,maths,3,mat
13,mathématicien,11,matematisj5
12,mathématique,9,matematik
16,mathématiquement,12,matematik°m@
12,mathématiser,10,matematize
4,mati,4,mati
5,matin,4,mat5
7,matinal,7,matinal
12,matinalement,10,matinal°m@
8,matineux,6,matin2
7,matinée,6,matine
6,matité,6,matite
7,matière,6,matjER
6,matois,5,matwa
10,matoiserie,9,matwaz°Ri
5,maton,4,mat§
5,matos,5,matos
5,matou,4,matu
8,matouser,6,matuze
10,matraquage,8,matRakaZ
8,matraque,6,matRak
9,matraquer,7,matRake
10,matraqueur,8,matRak9R
6,matras,5,matRa
10,matriarcal,11,matRijaRkal
10,matriarcat,10,matRijaRka
10,matriarche,8,matRiaRS
7,matrice,6,matRis
9,matricide,8,matRisid
9,matriciel,9,matRisjEl
12,matriculaire,10,matRikylER
9,matricule,8,matRikyl
13,matrilinéaire,11,matRilineER
11,matrimonial,11,matRimonjal
10,matriochka,9,matRiOSka
7,matrone,6,matROn
5,matte,3,mat
6,matter,4,mate
7,matuche,5,matyS
10,maturation,9,matyRasj§
6,mature,5,matyR
7,maturer,6,matyRe
8,maturité,8,matyRite
9,matutinal,9,matytinal
4,maté,4,mate
15,matérialisation,14,mateRjalizasj§
12,matérialiser,11,mateRjalize
12,matérialisme,11,mateRjalizm
12,matérialiste,11,mateRjalist
11,matérialité,11,mateRjalite
8,matériau,7,mateRjo
8,matériel,8,mateRjEl
14,matériellement,11,mateRjEl°m@
7,maudire,5,modiR
6,maudit,4,modi
8,maugréer,6,mogRee
5,maure,3,moR
9,mauresque,6,moREsk
11,maurrassien,7,moRasj5
12,maurrassisme,8,moRasizm
6,mauser,5,moz9R
8,mausolée,6,mozole
8,maussade,5,mosad
12,maussadement,8,mosad°m@
11,maussaderie,8,mosad°Ri
7,mauvais,4,movE
12,mauvaisement,8,movEz°m@
10,mauvaiseté,8,movEz°te
5,mauve,3,mov
9,mauviette,6,movjEt
3,max,4,maks
4,maxi,5,maksi
10,maxillaire,8,maksilER
14,maxillo-facial,13,maksilofasjal
7,maximal,8,maksimal
11,maximaliser,11,maksimalize
11,maximalisme,11,maksimalizm
6,maxime,6,maksim
12,maximisation,12,maksimizasj§
9,maximiser,9,maksimize
7,maximum,8,maksimOm
7,maxiton,7,maksit§
4,maya,4,maja
4,mayo,4,majo
10,mayonnaise,7,majonEz
8,mazagran,7,mazagR@
5,mazet,4,mazE
7,mazette,5,mazEt
6,mazout,5,mazut
7,mazurka,7,mazyRka
5,maçon,4,mas§
8,maçonner,6,masone
10,maçonnerie,8,masOn°Ri
10,maçonnique,7,masonik
6,maître,4,mEtR
12,maître queux,7,mEtR°k2
16,maître-assistant,10,mEtRasist@
12,maître-autel,8,mEtRotEl
15,maître-chanteur,10,mEtR°S@t9R
12,maître-chien,8,mEtR°Sj5
10,maître-coq,8,mEtR2kOk
13,maître-nageur,10,mEtR°naZ9R
15,maître-à-danser,9,mEtRad@se
9,maîtresse,6,mEtREs
11,maîtrisable,9,metRizabl
8,maîtrise,6,metRiz
9,maîtriser,7,metRize
8,maîtrisé,7,metRize
4,maïa,4,maja
4,maïs,4,mais
7,maïzena,7,maizena
2,me,2,m°
9,mea culpa,8,meakylpa
9,mea-culpa,8,meakylpa
3,mec,3,mEk
7,meccano,6,mekano
6,mechta,5,mESta
16,mecklembourgeois,11,mekl@buRZwa
6,mecton,5,mEkt§
5,media,5,medja
13,medicine-ball,10,medisinbOl
6,medium,6,medjOm
7,meeting,5,mitiG
5,meiji,4,mEZi
8,meilleur,5,mEj9R
5,melba,5,mElba
9,mellifère,7,mElifER
5,melon,4,m°l§
11,melting-pot,9,mEltiGpOt
11,membranaire,8,m@bRanER
8,membrane,6,m@bRan
10,membraneux,7,m@bRan2
6,membre,4,m@bR
8,membrure,6,m@bRyR
6,membré,5,m@bRe
6,menace,5,m°nas
7,menacer,6,m°nase
6,menacé,6,m°nase
8,menaçant,6,m°nas@
8,mendiant,5,m@dj@
9,mendicité,8,m@disite
7,mendier,5,m@dje
8,mendigot,6,m@digo
10,mendigoter,8,m@digote
5,mendé,4,m@de
6,meneau,4,m°no
5,mener,4,m°ne
6,meneur,5,m°n9R
5,menez,4,m°ne
8,menhaden,7,mEnad°n
6,menhir,5,meniR
9,mennonite,7,menonit
5,menon,4,m2n§
6,menora,6,menoRa
7,menotte,5,m°nOt
8,menotter,6,m°note
4,mens,2,m@
8,mensonge,5,m@s§Z
9,mensonger,6,m@s§Ze
14,mensongèrement,10,m@s§ZER°m@
12,menstruation,10,m@stRyasj§
9,menstruel,8,m@stRyEl
9,menstrues,6,m@stRy
10,mensualité,9,m@s8alite
7,mensuel,6,m@s8El
13,mensuellement,9,m@s8El°m@
11,mensuration,9,m@syRasj§
6,mental,5,m@tal
11,mentalement,8,m@tal°m@
10,mentaliser,8,m@talize
9,mentalité,8,m@talite
8,menterie,6,m@t°Ri
7,menteur,5,m@t9R
6,mentez,4,m@te
6,menthe,3,m@t
7,menthol,5,m@tOl
8,mentholé,6,m@tole
7,mention,5,m@sj§
10,mentionner,7,m@sjone
6,mentir,5,m@tiR
6,menton,4,m@t§
9,mentonnet,6,m@tonE
10,mentonnier,7,m@tonje
6,mentor,5,m5tOR
7,mentule,5,m@tyl
4,menu,4,m°ny
6,menuet,5,m°n8E
7,menuise,6,m2n8iz
8,menuiser,7,m2n8ize
10,menuiserie,9,m2n8iz°Ri
9,menuisier,8,m2n8izje
5,menée,4,m°ne
3,mer,3,mER
7,mer-air,5,mERER
8,mercanti,7,mERk@ti
10,mercantile,8,mERk@til
13,mercantilisme,11,mERk@tilizm
9,mercaptan,8,mERkapt@
10,mercenaire,8,mERs°nER
8,mercerie,7,mERs°Ri
13,merchandising,11,mERtS@diziG
5,merci,5,mERsi
7,mercier,6,mERsje
8,mercredi,8,mERkR°di
7,mercure,6,mERkyR
8,mercurey,7,mERkyRE
10,mercuriale,9,mERkyRjal
13,mercurochrome,11,mERkyRokRom
8,merdasse,6,mERdas
5,merde,4,mERd
6,merder,5,mERde
7,merdeux,5,mERd2
7,merdier,6,mERdje
8,merdique,6,mERdik
10,merdouille,6,mERduj
6,merdre,5,mERdR
7,merguez,6,mERgEz
8,meringue,5,m°R5g
6,merise,5,m°Riz
8,merisier,7,m°Rizje
4,merl,4,mERl
6,merlan,5,mERl@
5,merle,4,mERl
7,merleau,5,mERlo
8,merlette,6,mERlEt
6,merlin,5,mERl5
6,merlot,5,mERlo
5,merlu,5,mERly
8,merluche,6,mERlyS
7,merrain,4,mER5
9,merveille,6,mERvEj
16,merveilleusement,11,mERvEj2z°m@
11,merveilleux,7,mERvEj2
13,merveillosité,11,mERvEjozite
3,mes,2,me
4,mesa,4,meza
6,mescal,6,mEskal
9,mescaline,8,mEskalin
7,mesclun,6,mEskl1
14,mesdemoiselles,10,mEd°mwazEl
10,mesmérisme,9,mEsmeRizm
7,mesquin,5,mEsk5
12,mesquinement,9,mEskin°m@
11,mesquinerie,9,mEskin°Ri
4,mess,3,mEs
7,message,5,mesaZ
8,messager,6,mesaZe
10,messagerie,8,mesaZ°Ri
10,messaliste,8,mEsalist
5,messe,3,mEs
12,messeigneurs,7,mEsEN9R
6,messer,5,mes9R
11,messianique,8,mesjanik
11,messianisme,9,mesjanizm
8,messidor,7,mesidOR
6,messie,4,mesi
15,messieurs-dames,8,mEsj2dam
7,messire,5,mesiR
9,messéance,6,mese@s
6,mestre,5,mEstR
9,mesurable,8,m°zyRabl
6,mesure,5,m°zyR
7,mesurer,6,m°zyRe
9,mesurette,7,m2zyREt
8,mesureur,7,m°zyR9R
6,mesuré,6,m°zyRe
4,mets,2,mE
11,mets-la-toi,7,mElatwa
8,mettable,6,mEtabl
7,metteur,5,mEt9R
6,mettre,4,mEtR
8,meublant,5,m9bl@
6,meuble,4,m9bl
7,meubler,5,m9ble
6,meublé,5,m9ble
4,meuf,3,m9f
10,meuglement,7,m2gl°m@
7,meugler,5,m2gle
4,meuh,2,m2
7,meulage,5,m2laZ
5,meule,3,m2l
6,meuler,4,m2le
8,meuleuse,5,m2l2z
7,meunier,5,m2nje
8,meurette,5,m9REt
9,meursault,5,m9Rso
7,meurtre,5,m9RtR
15,meurtre-suicide,12,m9RtR°s8isid
7,meurtri,6,m9RtRi
9,meurtrier,8,m9RtRije
8,meurtrir,7,m9RtRiR
12,meurtrissure,9,m9RtRisyR
7,meusien,5,m2zj5
9,meusienne,6,m2zjEn
5,meute,3,m2t
8,mexicain,7,mEksik5
6,mexico,7,mEksiko
6,mezcal,6,mezkal
10,mezza voce,10,mEdzavotSe
10,mezza-voce,10,mEdzavotSe
9,mezzanine,8,mEdzanin
5,mezzo,5,mEdzo
13,mezzo-soprano,12,mEdzosopRano
2,mi,2,mi
10,mi-accablé,8,miakable
12,mi-africains,8,miafRik5
9,mi-airain,5,miER5
11,mi-allemand,7,mial°m@
10,mi-allongé,7,mial§Ze
13,mi-américaine,10,miameRikEn
7,mi-ange,4,mi@Z
11,mi-angevins,7,mi@Z°v5
9,mi-animal,8,mianimal
10,mi-animaux,7,mianimo
7,mi-août,4,miut
15,mi-appréhension,10,miapRe@sj§
8,mi-arabe,6,miaRab
10,mi-artisan,8,miaRtiz@
10,mi-automne,6,miotOn
9,mi-bandit,6,mib@di
6,mi-bas,4,miba
11,mi-biblique,8,mibiblik
8,mi-black,6,miblak
8,mi-blanc,5,mibl@
9,mi-blancs,5,mibl@
7,mi-bleu,5,mibl2
7,mi-bois,5,mibwa
9,mi-bordel,8,mibORdEl
12,mi-bourgeois,8,mibuRZwa
9,mi-bovins,6,mibov5
7,mi-bras,5,mibRa
14,mi-britannique,10,mibRitanik
11,mi-building,8,mibildiG
7,mi-bête,5,mibEt
7,mi-café,6,mikafe
14,mi-campagnarde,10,mik@paNaRd
9,mi-canard,7,mikanaR
11,mi-capacité,10,mikapasite
9,mi-carême,7,mikaREm
8,mi-chair,5,miSER
7,mi-chat,4,miSa
9,mi-chatte,5,miSat
9,mi-chauve,5,miSov
9,mi-chemin,6,miS°m5
7,mi-chou,4,miSu
13,mi-chourineur,9,miSuRin9R
9,mi-chèvre,6,miSEvR
8,mi-clair,6,miklER
7,mi-clos,5,miklo
10,mi-cloître,8,miklwatR
10,mi-comique,7,mikomik
10,mi-compote,7,mik§pOt
9,mi-confit,6,mik§fi
12,mi-consterné,10,mik§stERne
11,mi-corbeaux,7,mikORbo
8,mi-corps,5,mikOR
9,mi-course,6,mikuRs
11,mi-courtois,8,mikuRtwa
10,mi-coutume,7,mikutym
8,mi-crabe,6,mikRab
10,mi-croyant,8,mikRwaj@
8,mi-cruel,7,mikRyEl
11,mi-créature,9,mikReatyR
9,mi-cuisse,6,mik8is
10,mi-curieux,7,mikyRj2
10,mi-céleste,8,miselEst
14,mi-cérémonieux,11,miseRemonj2
7,mi-côte,5,mikot
11,mi-dentelle,7,mid@tEl
13,mi-didactique,10,mididaktik
11,mi-distance,8,midist@s
8,mi-douce,5,midus
12,mi-décadents,8,midekad@
11,mi-décembre,8,mides@bR
8,mi-démon,6,midem§
8,mi-désir,7,mideziR
12,mi-effrontée,8,miefR§te
9,mi-enfant,5,mi@f@
10,mi-enterré,7,mi@teRe
10,mi-envieux,6,mi@vj2
11,mi-espagnol,9,miEspaNOl
11,mi-européen,8,mi2Rope5
13,mi-excitation,11,miEksitasj§
10,mi-farceur,8,mifaRs9R
7,mi-faux,4,mifo
8,mi-femme,5,mifam
11,mi-fermiers,8,mifERmje
7,mi-fiel,6,mifjEl
8,mi-figue,5,mifig
8,mi-flanc,5,mifl@
9,mi-fleuve,6,mifl9v
11,mi-français,7,mifR@sE
10,mi-furieux,7,mifyRj2
10,mi-février,9,mifevRije
9,mi-garçon,7,migaRs§
8,mi-geste,6,miZEst
13,mi-gigolpince,10,miZigolpis
7,mi-gnon,4,miN§
11,mi-gonzesse,7,mig§zEs
10,mi-grenier,8,migR°nje
10,mi-grognon,7,migRoN§
11,mi-grondeur,8,migR§d9R
8,mi-haute,4,miot
10,mi-hauteur,6,miot9R
8,mi-homme,4,miOm
9,mi-humain,5,miym5
10,mi-humaine,6,miymEn
10,mi-humains,5,miym5
11,mi-hésitant,7,miezit@
10,mi-idiotes,7,miidjOt
9,mi-indien,6,mi5dj5
15,mi-indifférente,10,mi5difeR@t
11,mi-indigène,8,mi5diZEn
12,mi-indulgent,8,mi5dylZ@
11,mi-ironique,8,miiRonik
8,mi-jambe,5,miZ@b
10,mi-janvier,7,miZ@vje
8,mi-jaune,5,miZon
9,mi-jersey,7,miZERzE
7,mi-joue,4,miZu
7,mi-jour,5,miZuR
10,mi-journée,7,miZuRne
7,mi-juif,6,miZ8if
10,mi-juillet,7,miZ8ijE
7,mi-juin,5,miZ85
9,mi-laiton,6,milEt§
7,mi-lent,4,mil@
10,mi-londrès,8,mil§dREs
8,mi-longs,4,mil§
11,mi-longueur,7,mil§g9R
8,mi-lourd,5,miluR
10,mi-machine,7,mimaSin
6,mi-mai,4,mimE
6,mi-mao,5,mimao
12,mi-marchande,8,mimaRS@d
7,mi-mars,6,mimaRs
9,mi-meublé,7,mim9ble
11,mi-mexicain,9,mimEksik5
7,mi-miel,6,mimjEl
9,mi-mollet,6,mimolE
10,mi-mollets,6,mimolE
11,mi-mondaine,7,mim§dEn
10,mi-moqueur,7,mimok9R
6,mi-mot,4,mimo
9,mi-mouton,6,mimut§
8,mi-moyen,7,mimwaj5
8,mi-métal,7,mimetal
12,mi-narquoise,9,minaRkwaz
7,mi-noir,6,minwaR
11,mi-novembre,8,minov@bR
7,mi-nuit,5,min8i
10,mi-octobre,8,miOktObR
11,mi-officiel,9,miofisjEl
7,mi-ogre,5,miOgR
9,mi-oiseau,6,miwazo
11,mi-oriental,9,mioRj@tal
11,mi-parcours,8,mipaRkuR
13,mi-pathétique,9,mipatetik
8,mi-patio,7,mipatjo
9,mi-patois,7,mipatwa
7,mi-peau,4,mipo
10,mi-pelouse,7,mip°luz
8,mi-pente,5,mip@t
9,mi-pierre,6,mipjER
8,mi-pincé,6,mip5se
11,mi-plaintif,8,mipl5tif
11,mi-plaisant,7,miplEz@
11,mi-pleurant,7,mipl9R@
15,mi-pleurnichard,11,mipl9RniSaR
10,mi-poisson,7,mipwas§
11,mi-poitrine,9,mipwatRin
10,mi-porcine,8,mipORsin
13,mi-portugaise,10,mipORtygEz
8,mi-porté,7,mipORte
9,mi-poucet,6,mipusE
9,mi-poulet,6,mipulE
19,mi-prestidigitateur,17,mipREstidiZitat9R
12,mi-promenoir,10,mipRomnwaR
13,mi-protecteur,11,mipRotEkt9R
9,mi-putain,6,mipyt5
9,mi-rageur,7,miRaZ9R
8,mi-raide,5,miREd
11,mi-railleur,7,miRaj9R
9,mi-raisin,6,miREz5
14,mi-renaissance,9,miR°nEs@s
8,mi-riant,5,miRj@
7,mi-rose,5,miRoz
11,mi-roulotte,7,miRulOt
8,mi-route,5,miRut
8,mi-russe,5,miRys
10,mi-réalité,9,miRealite
9,mi-régime,7,miReZim
14,mi-réprobateur,12,miRepRobat9R
10,mi-résigné,8,miReziNe
9,mi-saison,6,misEz§
9,mi-salade,7,misalad
10,mi-salaire,7,misalER
9,mi-samoan,7,misamo@
13,mi-sanglotant,9,mis@glot@
8,mi-satin,6,misat5
12,mi-satisfait,9,misatisfE
12,mi-sceptique,8,misEptik
10,mi-secours,7,mis°kuR
11,mi-seigneur,7,misEN9R
6,mi-sel,5,misEl
12,mi-septembre,9,misEpt@bR
8,mi-singe,5,mis5Z
9,mi-sombre,6,mis§bR
9,mi-sommet,6,misomE
8,mi-songe,5,mis§Z
11,mi-souriant,7,misuRj@
9,mi-suisse,6,mis8is
8,mi-série,6,miseRi
10,mi-sérieux,7,miseRj2
11,mi-tantouse,7,mit@tuz
9,mi-tendre,6,mit@dR
12,mi-terrorisé,10,mitERoRize
9,mi-timide,7,mitimid
9,mi-tortue,7,mitORty
7,mi-tour,5,mituR
7,mi-tout,4,mitu
11,mi-tragique,8,mitRaZik
12,mi-trimestre,10,mitRimEstR
10,mi-velours,7,miv°luR
8,mi-verre,5,mivER
6,mi-vie,4,mivi
7,mi-voix,5,mivwa
13,mi-voluptueux,10,mivolypt82
8,mi-vrais,5,mivRE
10,mi-végétal,9,miveZetal
11,mi-vénitien,9,mivenisj5
9,mi-épaule,6,miepol
8,mi-étage,6,mietaZ
10,mi-étendue,7,miet@dy
9,mi-étonné,7,mietone
11,mi-étudiant,8,mietydj@
6,mi-été,5,miete
4,miam,4,mjam
9,miam-miam,8,mjammjam
4,miao,4,miao
5,miaou,4,mjau
6,miasme,5,mjasm
10,miaulement,7,mjol°m@
7,miauler,5,mjole
8,miauleur,6,mjOl9R
4,mica,4,mika
5,miche,3,miS
9,micheline,7,miS°lin
8,micheton,6,miS°t§
11,michetonner,8,miS°tone
13,michetonneuse,9,miS°ton2z
5,miché,4,miSe
6,micmac,6,mikmak
11,micocoulier,9,mikokulje
5,micro,5,mikRo
13,micro-cravate,11,mikRokRavat
10,micro-onde,7,mikRo§d
11,micro-ondes,7,mikRo§d
16,micro-ordinateur,14,mikRoORdinat9R
15,micro-organisme,13,mikRoORganizm
14,micro-trottoir,12,mikRotRotwaR
12,microanalyse,11,mikRoanaliz
7,microbe,6,mikROb
13,microbiologie,12,mikRobjoloZi
15,microbiologiste,14,mikRobjoloZist
8,microbus,8,mikRobys
13,microcassette,10,mikRokasEt
11,microchimie,9,mikRoSimi
14,microchirurgie,12,mikRoSiRyRZi
12,microcircuit,11,mikRosiRk8i
11,microclimat,10,mikRoklima
10,microcopie,9,mikRokOpi
10,microcosme,9,mikRokOsm
12,microcéphale,10,mikRosefal
9,microfilm,9,mikRofilm
11,microgramme,9,mikROgRam
12,microgravité,12,mikRogRavite
10,micromètre,9,mikRomEtR
6,micron,5,mikR§
10,microphone,8,mikRofOn
15,microprocesseur,13,mikRopRosEs9R
10,microscope,9,mikRoskOp
11,microscopie,10,mikRoskOpi
13,microscopique,11,mikRoskopik
17,microscopiquement,14,mikRoskOpik°m@
12,microseconde,10,mikRos°g§d
11,microsillon,9,mikRosij§
15,microsociologie,14,mikRososjoloZi
10,microsonde,8,mikRos§d
14,microstructure,13,mikRostRyktyR
12,microédition,11,mikRoedisj§
7,miction,6,miksj§
12,middle class,9,mid2lklas
11,middle-west,9,mid2lwEst
4,midi,4,midi
9,midinette,7,midinEt
7,midrash,6,midRaS
7,midship,6,midSip
3,mie,2,mi
4,miel,4,mjEl
7,miellat,6,mjElat
6,mielle,4,mjEl
8,mielleux,5,mjEl2
6,miellé,5,mjEle
4,mien,3,mj5
6,mienne,4,mjEn
7,miennes,4,mjEn
5,miens,3,mj5
6,miette,4,mjEt
5,mieux,3,mj2
11,mieux-vivre,7,mj2vivR
10,mieux-être,7,mj2zEtR
7,mignard,5,miNaR
12,mignardement,9,miNaRd2m@
10,mignardise,8,miNaRdiz
6,mignon,4,miN§
12,mignonnement,8,miNOn°m@
9,mignonnet,6,miNonE
11,mignonnette,7,miNonEt
8,mignoter,6,miNote
8,migraine,6,migREn
11,migraineuse,8,migREn2z
10,migraineux,7,migREn2
7,migrant,5,migR@
9,migrateur,8,migRat9R
9,migration,8,migRasj§
10,migratoire,9,migRatwaR
6,migrer,5,migRe
8,mijaurée,6,miZoRe
7,mijoter,6,miZote
9,mijoteuse,7,miZot2z
6,mikado,6,mikado
3,mil,3,mil
6,milady,6,miledi
5,milan,4,mil@
8,milanais,6,milanE
7,mildiou,6,mildju
4,mile,4,majl
6,milice,5,milis
8,milicien,7,milisj5
6,milieu,5,milj2
9,militaire,7,militER
13,militairement,10,militER°m@
8,militant,6,milit@
12,militantisme,10,milit@tizm
14,militarisation,13,militaRizasj§
11,militariser,10,militaRize
11,militarisme,10,militaRizm
11,militariste,10,militaRist
8,militaro,8,militaRo
19,militaro-industriel,18,militaRo5dystRijEl
7,militer,6,milite
8,milk-bar,7,milkbaR
10,milk-shake,8,milkSEjk
5,mille,3,mil
13,mille-feuille,6,milf9j
12,mille-pattes,6,milpat
12,millefeuille,7,mil°f9j
9,millenium,8,milenjOm
6,millet,4,mijE
5,milli,4,mili
9,milliaire,6,miljER
8,milliard,6,miljaR
12,milliardaire,9,miljaRdER
12,milliardième,10,miljaRdjEm
7,millier,5,milje
11,milligramme,8,miligRam
10,millilitre,8,mililitR
10,millimètre,8,milimEtR
13,millimétrique,10,milimetRik
10,millimétré,9,milimetRe
7,million,5,milj§
11,millionième,9,miljonjEm
12,millionnaire,8,miljonER
12,milliseconde,9,milis°g§d
8,millième,6,miljEm
10,millénaire,7,milenER
12,millénarisme,10,milenaRism
12,millénariste,10,milenaRist
9,millénium,8,milenjOm
9,millésime,7,milezim
7,milonga,6,miloga
6,milord,5,milOR
7,milouin,5,milw5
4,mime,3,mim
5,mimer,4,mime
4,mimi,4,mimi
7,mimique,5,mimik
9,mimolette,7,mimOlEt
6,mimosa,6,mimoza
9,mimétique,7,mimetik
9,mimétisme,8,mimetizm
3,min,3,min
7,minable,6,minabl
11,minablement,9,minabl°m@
6,minage,5,minaZ
7,minaret,6,minaRE
9,minaudant,6,minod@
8,minauder,6,minode
10,minauderie,8,minod°Ri
9,minaudeur,7,minod9R
10,minaudière,8,minodjER
6,minbar,6,minbaR
5,mince,3,m5s
7,minceur,5,m5s9R
6,mincir,5,m5siR
4,mine,3,min
5,miner,4,mine
7,minerai,6,min°RE
8,minerval,8,minERval
7,minerve,6,minERv
10,minestrone,9,minEstROn
5,minet,4,minE
6,mineur,5,min9R
4,ming,3,miG
4,mini,4,mini
11,mini-chaîne,7,miniSEn
9,mini-jupe,7,miniZyp
15,mini-ordinateur,13,miniORdinat9R
9,miniature,8,minjatyR
15,miniaturisation,14,minjatyRizasj§
12,miniaturiser,11,minjatyRize
12,miniaturiste,11,minjatyRist
7,minibar,7,minibaR
7,minibus,7,minibys
12,minicassette,9,minikasEt
6,minier,5,minje
8,minigolf,8,minigOlf
8,minijupe,7,miniZyp
7,minimal,7,minimal
11,minimaliser,10,minimalize
11,minimalisme,10,minimalizm
11,minimaliste,10,minimalist
7,minimax,8,minimaks
6,minime,5,minim
12,minimisation,11,minimizasj§
9,minimiser,8,minimize
7,minimum,7,minimOm
8,ministre,7,ministR
9,ministère,8,ministER
11,ministériel,11,ministeRjEl
7,minitel,7,minitEl
6,minium,6,minjOm
4,mino,4,mino
6,minoen,5,minO5
6,minois,5,minwa
11,minoritaire,9,minoRitER
8,minorité,8,minoRite
5,minot,4,mino
9,minotaure,7,minotoR
8,minotier,7,minotje
5,minou,4,minu
8,minouche,5,minuS
6,minuit,5,min8i
5,minus,5,minys
12,minus habens,11,minyszabEns
9,minuscule,8,minyskyl
8,minutage,7,minytaZ
6,minute,5,minyt
7,minuter,6,minyte
9,minuterie,8,minyt°Ri
8,minuteur,7,minyt9R
7,minutie,6,minysi
14,minutieusement,11,minysj2z°m@
9,minutieux,7,minysj2
7,minéral,7,mineRal
14,minéralisation,13,mineRalizasj§
13,minéralogique,11,mineRaloZik
6,mioche,4,mjOS
8,miquette,5,mikEt
3,mir,3,miR
9,mirabelle,7,miRabEl
11,mirabellier,9,miRabelje
9,mirabilis,9,miRabilis
7,miracle,6,miRakl
10,miraculant,8,miRakyl@
15,miraculeusement,12,miRakyl2z°m@
10,miraculeux,8,miRakyl2
8,miraculé,8,miRakyle
7,mirador,7,miRadOR
6,mirage,5,miRaZ
6,miraud,4,miRo
4,mire,3,miR
8,mirepoix,6,miRpwa
5,mirer,4,miRe
7,mirette,5,miREt
9,mirifique,7,miRifik
10,mirliflore,9,miRliflOR
8,mirliton,7,miRlit§
8,mirmidon,7,miRmid§
4,miro,4,miRo
10,mirobolant,8,miRobol@
6,miroir,6,miRwaR
9,miroitant,7,miRwat@
11,miroitement,9,miRwat°m@
8,miroiter,7,miRwate
10,miroiterie,9,miRwat°Ri
9,miroitier,8,miRwatje
8,mironton,6,miR§t§
7,miroton,6,miRot§
5,mirus,5,miRys
3,mis,2,mi
7,misaine,5,mizEn
11,misanthrope,8,miz@tROp
12,misanthropie,9,miz@tRopi
8,miscible,6,misibl
4,mise,3,miz
5,miser,4,mize
8,miserere,8,mizeReRe
8,misogyne,7,mizoZin
9,misogynie,8,mizoZini
4,miss,3,mis
6,missel,5,misEl
7,missile,5,misil
9,missilier,7,misilje
7,mission,5,misj§
15,mission-suicide,11,misj§s8isid
12,missionnaire,8,misjonER
7,missive,5,misiv
6,mister,6,mist9R
8,mistigri,8,mistigRi
9,mistoufle,7,mistufl
7,mistral,7,mistRal
6,misère,5,mizER
13,misérabilisme,12,mizeRabilizm
13,misérabiliste,12,mizeRabilist
9,misérable,8,mizeRabl
13,misérablement,11,mizeRabl°m@
8,miséreux,6,mizeR2
11,miséricorde,10,mizeRikORd
19,miséricordieusement,16,mizeRikORdj2z°m@
14,miséricordieux,12,mizeRikORdj2
4,mita,4,mita
7,mitaine,5,mitEn
5,mitan,4,mit@
6,mitard,5,mitaR
8,mitarder,7,mitaRde
4,mite,3,mit
5,miter,4,mite
11,miteusement,8,mit2z°m@
10,miteuserie,8,mit2z°Ri
6,miteux,4,mit2
10,mithriaque,8,mitRijak
16,mithridatisation,14,mitRidatizasj§
7,mitiger,6,mitiZe
6,mitigé,6,mitiZe
13,mitochondrial,12,mitOk§dRijal
12,mitochondrie,9,mitOk§dRi
5,miton,4,mit§
8,mitonner,6,mitone
6,mitose,5,mitoz
9,mitotique,7,mitOtik
8,mitoufle,6,mitufl
7,mitoyen,7,mitwaj5
11,mitoyenneté,11,mitwajEn°te
11,mitraillade,8,mitRajad
11,mitraillage,8,mitRajaZ
9,mitraille,6,mitRaj
10,mitrailler,7,mitRaje
12,mitraillette,8,mitRajEt
11,mitrailleur,8,mitRaj9R
6,mitral,6,mitRal
5,mitre,4,mitR
6,mitron,5,mitR§
5,mitré,5,mitRe
4,mité,4,mite
6,mixage,6,miksaZ
5,mixer,6,miks9R
5,mixer,5,mikse
6,mixeur,6,miks9R
6,mixité,7,miksite
5,mixte,5,mikst
7,mixture,7,mikstyR
6,mièvre,5,mjEvR
10,mièvrement,8,mjEvR°m@
9,mièvrerie,8,mjEvR°Ri
2,ml,8,mililitR
4,mlle,9,madmwazEl
2,mm,8,milimEtR
3,mme,5,madam
2,mn,5,minyt
10,mnémonique,8,mnemonik
12,mnémotechnie,10,mnemotEkni
14,mnémotechnique,11,mnemotEknik
3,mob,3,mOb
10,mobil-home,7,mObilom
6,mobile,5,mobil
8,mobilier,7,mobilje
11,mobilisable,10,mobilizabl
12,mobilisateur,11,mobilizat9R
12,mobilisation,11,mobilizasj§
9,mobiliser,8,mobilize
8,mobilité,8,mobilite
9,mobylette,7,mobilEt
8,mocassin,6,mokas5
7,mochard,5,moSaR
5,moche,3,mOS
7,mocheté,6,mOS°te
4,moco,4,moko
3,mod,3,mOd
8,modalité,8,modalite
4,mode,3,mOd
5,model,5,modEl
9,modelable,8,mod°labl
8,modelage,7,mod°laZ
7,modeler,6,mod°le
8,modeleur,7,mod°l9R
6,modelé,6,mod°le
5,modem,5,modEm
8,moderato,8,modeRato
12,modern style,10,modERnstil
12,modern-style,10,modERnstil
7,moderne,6,modERn
13,modernisation,12,modERnizasj§
10,moderniser,9,modERnize
10,modernisme,9,modERnizm
12,modernissime,10,mOdERnisim
10,moderniste,9,modERnist
9,modernité,9,modERnite
7,modeste,6,modEst
11,modestement,9,modEst°m@
8,modestie,7,modEsti
8,modicité,8,modisite
10,modifiable,9,modifjabl
12,modificateur,11,modifikat9R
12,modification,11,modifikasj§
8,modifier,7,modifje
7,modifié,7,modifje
8,modillon,6,modij§
7,modique,5,modik
7,modiste,6,modist
9,modulable,8,modylabl
9,modulaire,7,modylER
10,modulateur,9,modylat9R
10,modulation,9,modylasj§
6,module,5,modyl
7,moduler,6,modyle
14,modus operandi,12,modusopeR@di
13,modus vivendi,12,modusvivEndi
6,modèle,5,modEl
12,modélisation,11,modelizasj§
9,modélisme,8,mOdelism
9,modéliste,8,modelist
10,modérateur,9,modeRat9R
10,modération,9,modeRasj§
7,modérer,6,modeRe
6,modéré,6,modeRe
10,modérément,8,modeRem@
6,moelle,4,mwal
13,moelleusement,9,mwal2z°m@
8,moelleux,5,mwal2
7,moellon,5,mwal§
6,moeurs,4,m9Rs
6,moghol,5,mOgOl
5,mogol,5,mogOl
6,mohair,4,moER
7,mohican,5,mOik@
4,moho,3,moo
3,moi,3,mwa
11,moi-moi-moi,9,mwamwamwa
8,moi-même,6,mwamEm
7,moignon,5,mwaN§
7,moindre,5,mw5dR
11,moindrement,8,mw5dR°m@
5,moine,4,mwan
7,moineau,5,mwano
9,moinillon,7,mwanij§
5,moins,3,mw5
5,moire,4,mwaR
7,moirure,6,mwaRyR
5,moiré,5,mwaRe
4,mois,3,mwa
5,moise,4,mwaz
5,moisi,5,mwazi
6,moisir,6,mwaziR
10,moisissure,8,mwazisyR
7,moisson,5,mwas§
10,moissonner,7,mwasone
11,moissonneur,8,mwason9R
21,moissonneuse-batteuse,13,mwason2zbat2z
19,moissonneuse-lieuse,12,mwason2zlj2z
5,moite,4,mwat
7,moiteur,6,mwat9R
6,moitié,6,mwatje
13,moitié-moitié,12,mwatjemwatje
4,moka,4,moka
4,moko,4,moko
3,mol,3,mOl
7,molaire,5,molER
6,molard,5,mOlaR
7,molasse,5,molas
7,moldave,6,mOldav
4,mole,3,mOl
9,moleskine,8,molEskin
10,molesquine,8,molEskin
11,molestation,10,molEstasj§
8,molester,7,molEste
7,molette,5,molEt
11,moliéresque,9,moljeREsk
6,mollah,4,mola
7,mollard,5,molaR
9,mollarder,7,molaRde
8,mollasse,5,molas
9,mollasson,6,molas§
9,mollement,6,mOl°m@
8,mollesse,5,molEs
6,mollet,4,molE
10,molletière,8,mOl°tjER
8,molleton,6,mOl°t§
12,molletonneux,8,mOl°ton2
10,molletonné,8,mOl°tone
6,mollir,5,moliR
5,mollo,4,molo
9,mollusque,6,molysk
6,moloch,5,molOk
7,molosse,5,molOs
5,molto,5,mOlto
4,moly,4,mOli
9,molybdène,8,molibdEn
11,moléculaire,9,molekylER
8,molécule,7,molekyl
5,moman,4,mom@
6,mombin,4,m§b5
6,moment,4,mom@
10,moment-clé,7,mom@kle
9,momentané,8,mom@tane
13,momentanément,10,mom@tanem@
7,momerie,6,mom°Ri
5,momie,4,momi
12,momification,11,momifikasj§
8,momifier,7,momifje
7,momifié,7,momifje
9,mominette,7,mOminEt
3,mon,2,m§
7,monacal,7,monakal
10,monachisme,8,monaSizm
11,monadologie,10,mOnadOlOZi
9,monarchie,7,monaRSi
11,monarchique,8,monaRSik
11,monarchiste,9,monaRSist
8,monarque,6,monaRk
10,monastique,8,monastik
9,monastère,8,monastER
11,monbazillac,9,m§bazijak
7,monceau,4,m§so
7,mondain,4,m§d5
12,mondainement,8,m§dEn°m@
9,mondanité,8,m§danite
5,monde,3,m§d
6,monder,4,m§de
7,mondial,6,m§djal
8,mondiale,6,m§djal
12,mondialement,9,m§djal°m@
14,mondialisation,12,m§djalizasj§
11,mondovision,9,m§dovizj§
5,mongo,4,m§go
6,mongol,5,m§gOl
8,mongolie,6,m§gOli
9,mongolien,7,m§golj5
10,mongolique,7,m§golik
10,mongoloïde,8,m§goloid
7,moniale,6,monjal
8,moniteur,7,monit9R
8,monition,7,mOnisj§
7,monitor,7,monitOR
10,monitorage,9,mOnitORaZ
10,monitoring,9,monitoRiG
7,monnaie,4,monE
15,monnaie-du-pape,9,monEdypap
16,monnaies-du-pape,9,monEdypap
10,monnayable,8,monEjabl
8,monnayer,6,moneje
9,monnayeur,7,mOnEj9R
4,mono,4,mono
9,monoamine,8,monoamin
8,monobloc,8,monoblOk
14,monocellulaire,11,monoselylER
10,monochrome,8,monokRom
11,monochromie,9,monokRomi
7,monocle,6,monOkl
10,monoclonal,10,monoklonal
7,monoclé,7,mOnOkle
9,monocoque,7,monokOk
9,monocorde,8,monokORd
10,monocratie,9,monokRasi
11,monoculaire,9,monokylER
11,monoculture,10,monokyltyR
9,monocycle,8,monosikl
12,monocylindre,10,monosil5dR
7,monodie,6,monodi
12,monofilament,10,monofilam@
8,monogame,7,monogam
9,monogamie,8,monogami
10,monogramme,8,monogRam
11,monographie,9,monogRafi
8,monokini,8,monokini
13,monolinguisme,11,monol5g8ism
9,monolithe,7,monolit
12,monolithique,9,monolitik
12,monolithisme,10,monolitizm
9,monologue,7,monolOg
10,monologuer,8,monologe
8,monomane,7,monoman
12,monomaniaque,10,monomanjak
9,monomanie,8,monomani
10,monomoteur,9,monomot9R
13,mononucléaire,11,mononykleER
12,mononucléose,11,mononykleoz
12,monoparental,11,monopaR@tal
9,monoplace,8,monoplas
8,monoplan,7,monopl@
8,monopode,7,monopOd
8,monopole,7,monopOl
11,monopoliser,10,monopolize
8,monopoly,8,monopoli
8,monoprix,7,monopRi
8,monorail,7,monoRaj
9,monospace,8,monospas
11,monosyllabe,9,monosilab
14,monosyllabique,11,monosilabik
11,monothéisme,9,monoteizm
11,monothéiste,9,monoteist
8,monotone,7,monotOn
12,monotonement,10,monotOn°m@
9,monotonie,8,monotoni
8,monotype,7,monotip
8,monoxyde,8,monOksid
8,monoxyle,8,monOksil
4,mons,3,m§s
11,monseigneur,7,m§sEN9R
8,monsieur,5,m°sj2
9,monsignor,7,m§siNOR
10,monsignore,7,m§siNOR
10,monstrance,7,m§stR@s
7,monstre,5,m§stR
15,monstrueusement,11,m§stRy2z°m@
10,monstrueux,7,m§stRy2
12,monstruosité,11,m§stRyozite
4,mont,2,m§
10,mont-blanc,5,m§bl@
13,mont-de-piété,9,m§d°pjete
7,montage,5,m§taZ
10,montagnard,7,m§taNaR
8,montagne,5,m§taN
10,montagneux,6,m§taN2
9,montaison,6,m§tEz§
7,montant,4,m§t@
12,monte-charge,7,m§tSaRZ
13,monte-charges,7,m§tSaRZ
14,monte-en-l'air,7,m§t@lER
10,monte-plat,6,m§tpla
11,monte-plats,6,m§tpla
6,monter,4,m§te
7,monteur,5,m§t9R
12,montgolfière,9,m§gOlfjER
9,monticule,7,m§tikyl
8,montjoie,5,m§Zwa
12,montmartrois,9,m§maRtRwa
9,montparno,7,m§paRno
9,montrable,7,m§tRabl
6,montre,4,m§tR
15,montre-bracelet,12,m§tR°bRas°lE
14,montre-gousset,8,m§tRgusE
13,montre-la-moi,10,m§tR°lamwa
7,montrer,5,m§tRe
8,montreur,6,m§tR9R
8,montueux,5,m§t82
7,monture,5,m§tyR
5,monté,4,m§te
6,montée,4,m§te
11,monténégrin,9,m§tenegR5
8,monument,6,monym@
10,monumental,9,monym@tal
15,monumentalement,12,mOnym@tal°m@
13,monumentalité,12,mOnym@talite
9,monétaire,7,monetER
11,monétariste,10,monetaRist
8,moonisme,6,munizm
5,mooré,4,mORe
4,moos,3,mOs
5,moose,3,muz
5,moque,3,mOk
6,moquer,4,moke
8,moquerie,6,mOk°Ri
8,moquette,5,mokEt
7,moqueur,5,mok9R
12,moqueusement,8,mok2z°m@
9,moraillon,6,moRaj§
7,moraine,5,moREn
10,morainique,7,moREnik
5,moral,5,moRal
6,morale,5,moRal
10,moralement,8,moRal°m@
12,moralisateur,11,moRalizat9R
12,moralisation,11,moRalizasj§
9,moraliser,8,moRalize
9,moralisme,8,moRalizm
9,moraliste,8,moRalist
8,moralité,8,moRalite
7,morasse,5,moRas
9,moratoire,8,moRatwaR
6,morave,5,mORav
6,morbac,6,mORbak
8,morbaque,6,mORbak
7,morbide,6,mORbid
11,morbidement,9,mORbid°m@
10,morbidesse,8,mORbidEs
9,morbidité,9,mORbidite
7,morbier,6,mORbje
7,morbleu,6,mORbl2
7,morceau,5,mORso
8,morceler,7,mORs°le
12,morcellement,9,mORsEl°m@
7,morcelé,7,mORs°le
6,morcif,6,mORsif
7,mordant,5,mORd@
10,mordançage,8,mORd@saZ
7,mordeur,6,mORd9R
8,mordeuse,6,mORd2z
8,mordicus,8,mORdikys
7,mordieu,6,mORdj2
10,mordillage,8,mORdijaZ
12,mordillement,9,mORdij°m@
9,mordiller,7,mORdije
7,mordoré,7,mORdoRe
6,mordre,5,mORdR
5,mordu,5,mORdy
4,more,3,mOR
6,moreau,4,mORo
7,morelle,5,mOREl
8,moresque,6,moREsk
6,morfal,6,mORfal
8,morfaler,7,mORfale
8,morfalou,7,mORfalu
6,morfil,6,mORfil
7,morfler,6,mORfle
9,morfondre,7,mORf§dR
8,morfondu,7,mORf§dy
12,morganatique,10,mORganatik
8,morganer,7,mORgane
9,morgeline,8,mORZ2lin
6,morgon,5,mORg§
6,morgue,4,mORg
5,moria,5,mORja
8,moribond,6,moRib§
8,moricaud,6,moRiko
9,morigéner,8,moRiZene
7,morille,5,moRij
8,morillon,6,moRij§
9,morlingue,6,mORl5g
6,mormon,5,mORm§
5,morne,4,mORn
9,mornement,7,mORn2m@
8,mornifle,7,mORnifl
4,moro,4,moRo
6,morose,5,moRoz
10,morosement,8,mORoz°m@
8,morosité,8,moRozite
8,morphine,6,mORfin
8,morphing,6,mORfiG
12,morphinomane,10,mORfinoman
9,morphique,6,mORfik
6,morpho,5,mORfo
12,morphogenèse,10,mORfoZ2nEz
15,morphogénétique,12,mORfoZenetik
11,morphologie,9,mORfoloZi
13,morphologique,10,mORfoloZik
7,morpion,6,mORpj§
4,mors,3,mOR
5,morse,4,mORs
7,morsure,6,mORsyR
4,mort,3,mOR
13,mort-aux-rats,6,mORoRa
7,mort-né,5,mORne
11,mort-vivant,7,mORviv@
10,mortadelle,8,mORtadEl
8,mortaise,6,mORtEz
9,mortaiser,7,mORtEze
9,mortalité,9,mORtalite
12,morte-saison,8,mORtsEz§
6,mortel,6,mORtEl
12,mortellement,9,mORtEl°m@
11,mortes-eaux,7,mORt°zo
8,mortibus,8,mORtibys
7,mortier,6,mORtje
10,mortifiant,8,mORtifj@
13,mortification,12,mORtifikasj§
9,mortifier,8,mORtifje
9,mortifère,8,mORtifER
9,mortuaire,7,mORt8ER
5,morue,4,moRy
6,morula,6,mORyla
10,morvandiau,8,mORv@djo
5,morve,4,mORv
7,morveux,5,mORv2
3,mos,3,mos
8,mosaïque,6,mozaik
8,mosaïste,7,mozaist
11,moscoutaire,8,mOskutER
9,moscovite,8,mOskovit
7,mosquée,5,mOske
3,mot,2,mo
7,mot-clé,5,mokle
10,mot-valise,7,movaliz
6,motard,5,motaR
5,motel,5,motEl
7,motesse,5,mOtEs
5,motet,4,motE
6,moteur,5,mot9R
12,moteur-fusée,9,mOt9Rfyze
5,motif,5,motif
8,motilité,8,mOtilite
6,motion,5,mosj§
8,motivant,6,motiv@
10,motivateur,9,motivat9R
10,motivation,9,motivasj§
7,motiver,6,motive
6,motivé,6,motive
4,moto,4,moto
9,moto-club,8,motokl9b
10,moto-cross,8,motokROs
9,motocross,8,motokROs
11,motoculteur,10,motokylt9R
11,motoculture,10,motokyltyR
12,motocyclette,10,motosiklEt
12,motocyclisme,11,motosiklism
12,motocycliste,11,motosiklist
9,motoneige,7,motonEZ
11,motoneurone,9,moton2ROn
12,motorisation,11,motoRizasj§
9,motoriser,8,motoRize
8,motorisé,8,motoRize
7,motrice,6,motRis
9,motricité,9,motRisite
12,mots-croisés,8,mokRwaze
5,motte,3,mOt
9,mottereau,6,mOt°Ro
7,motteux,4,mot2
12,motu proprio,11,motypRopRio
5,motus,5,motys
3,mou,2,mu
6,mouais,3,mwE
10,mouchachou,6,muSaSu
8,mouchage,5,muSaZ
8,mouchard,5,muSaR
11,mouchardage,8,muSaRdaZ
10,moucharder,7,muSaRde
6,mouche,3,muS
7,moucher,4,muSe
9,moucheron,6,muS°R§
9,mouchette,5,muSEt
10,moucheture,7,muS°tyR
8,moucheté,6,muS°te
8,moucheur,5,muS9R
8,mouchoir,6,muSwaR
13,moudjahiddine,9,mudZaidin
11,moudjahidin,8,mudZaid5
12,moudjahidine,9,mudZaidin
6,moudre,4,mudR
4,moue,2,mu
7,mouette,4,mwEt
8,moufette,5,mufEt
9,mouffette,5,mufEt
6,moufle,4,mufl
7,mouflet,5,muflE
9,mouflette,6,muflEt
7,mouflon,5,mufl§
7,moufter,5,mufte
9,mouillage,5,mujaZ
9,mouillant,4,muj@
7,mouille,3,muj
8,mouiller,4,muje
10,mouillette,5,mujEt
9,mouilleur,5,muj9R
8,mouillon,4,muj§
9,mouillure,5,mujyR
7,mouillé,4,muje
6,mouise,4,mwiz
8,moujahid,5,muZai
6,moujik,5,muZik
9,moujingue,5,muZ5g
7,moukère,5,mukER
7,moulage,5,mulaZ
7,moulant,4,mul@
5,moule,3,mul
6,mouler,4,mule
7,mouleur,5,mul9R
6,moulin,4,mul5
13,moulin-à-vent,7,mul5av@
9,moulinage,7,mulinaZ
8,mouliner,6,muline
8,moulinet,6,mulinE
10,moulinette,7,mulinEt
5,moult,4,mult
5,moulu,4,muly
7,moulure,5,mulyR
5,moulé,4,mule
8,moumoute,5,mumut
5,mound,4,mund
8,mouquère,5,mukER
7,mourant,4,muR@
6,mourir,5,muRiR
7,mouroir,6,muRwaR
6,mouron,4,muR§
9,mouronner,6,muRone
6,mourre,3,muR
10,mouscaille,6,muskaj
6,mousmé,5,musme
8,mousquet,5,muskE
12,mousquetaire,8,musk°tER
12,mousqueterie,9,muskEt°Ri
10,mousqueton,7,musk°t§
8,moussage,5,musaZ
11,moussaillon,6,musaj§
8,moussaka,6,musaka
8,moussant,4,mus@
6,mousse,3,mus
10,mousseline,7,mus°lin
7,mousser,4,muse
9,mousseron,6,mus°R§
8,mousseux,4,mus2
7,mousson,4,mus§
6,moussu,4,musy
9,moustache,6,mustaS
9,moustachu,7,mustaSy
11,moustagache,8,mustagaS
12,moustiquaire,8,mustikER
9,moustique,6,mustik
7,moutard,5,mutaR
8,moutarde,6,mutaRd
10,moutardier,8,mutaRdje
7,moutier,5,mutje
6,mouton,4,mut§
10,moutonnant,6,muton@
12,moutonnement,8,mutOn°m@
9,moutonner,6,mutone
11,moutonnerie,8,mutOn°Ri
10,moutonneux,6,muton2
10,moutonnier,7,mutonje
7,mouture,5,mutyR
8,mouvance,5,muv@s
7,mouvant,4,muv@
9,mouvement,6,muv°m@
10,mouvementé,8,muv°m@te
7,mouvoir,6,muvwaR
5,moyen,5,mwaj5
14,moyen-oriental,13,mwajEnoRj@tal
15,moyen-orientaux,12,mwajEnoRj@to
9,moyen-âge,8,mwajEnaZ
9,moyennant,7,mwajEn@
7,moyenne,6,mwajEn
11,moyennement,9,mwajEn°m@
8,moyenner,7,mwajEne
10,moyenâgeux,9,mwajEnaZ2
5,moyer,5,mwaje
5,moyeu,5,mwaj2
6,moyeux,5,mwaj2
8,mozarabe,7,mozaRab
10,mozzarella,9,modzaREla
10,mozzarelle,8,mOdzaREl
3,moï,3,mOj
5,moïse,4,moiz
4,moût,2,mu
8,muchacho,8,mutSatSo
8,mucilage,7,mysilaZ
5,mucor,5,mykOR
8,mucosité,8,mykozite
13,mucoviscidose,11,mykovisidoz
5,mucus,5,mykys
7,mudéjar,7,mydeZaR
3,mue,2,my
4,muer,3,m8e
6,muesli,6,m82sli
4,muet,3,m8E
6,muette,4,m8Et
10,muettement,7,m8Et°m@
7,muezzin,7,m8Edzin
6,muffin,5,m9fin
5,mufle,4,myfl
8,muflerie,7,myfl°Ri
7,muflier,6,myflie
6,muflée,5,myfle
5,mufti,5,mufti
5,mugir,5,myZiR
9,mugissant,6,myZis@
11,mugissement,8,myZis°m@
6,muguet,4,mygE
6,mulard,5,mylaR
4,mule,3,myl
5,mulet,4,mylE
6,muleta,6,myl°ta
8,muletier,7,myl°tje
10,mulhousien,7,myluzj5
6,mullah,4,myla
5,mulon,4,myl§
5,mulot,4,mylo
5,multi,5,mylti
12,multi-tâches,8,myltitaS
15,multicellulaire,12,myltisElylER
11,multicolore,10,myltikolOR
18,multiconfessionnel,15,myltik§fEsjOnEl
11,multicouche,8,myltikuS
17,multiculturalisme,16,myltikyltyRalizm
13,multiculturel,13,myltikyltyREl
17,multidimensionnel,15,myltidim@sjonEl
18,multidisciplinaire,15,myltidisiplinER
13,multifamilial,13,myltifamiljal
13,multifonction,11,myltif§ksj§
16,multifonctionnel,14,myltif§ksjonEl
14,multifonctions,11,myltif§ksj§
10,multiforme,9,myltifORm
10,multigrade,9,myltigRad
17,multimilliardaire,14,myltimiljaRdER
17,multimillionnaire,13,myltimiljonER
10,multimédia,10,myltimedja
13,multinational,13,myltinasjonal
14,multinationale,13,myltinasjonal
9,multipare,8,myltipaR
12,multipartite,11,myltipaRtit
8,multiple,7,myltipl
9,multiplex,10,myltiplEks
10,multiplexe,10,myltiplEks
11,multiplexer,11,myltiplEkse
14,multiplicateur,13,myltiplikat9R
14,multiplication,13,myltiplikasj§
12,multiplicité,12,myltiplisite
10,multiplier,10,myltiplije
9,multiplié,10,myltiplije
11,multipoints,8,myltipw5
10,multiprise,9,myltipRiz
14,multipropriété,14,myltipROpRiete
11,multiracial,11,myltiRasjal
11,multirisque,9,myltiRisk
16,multirécidiviste,15,myltiResidivist
9,multitude,8,myltityd
10,multitâche,8,myltitaS
7,mulâtre,6,mylatR
10,mulâtresse,8,mylatREs
5,mungo,4,muGo
4,muni,4,myni
6,munich,5,mynik
9,munichois,7,mynikwa
9,municipal,9,mynisipal
12,municipalité,12,mynisipalite
8,municipe,7,mynisip
11,munificence,9,mynifis@s
5,munir,5,myniR
8,munition,7,mynisj§
7,munster,7,mynst9R
4,muon,3,m8§
6,muphti,5,mufti
7,muqueux,4,myk2
3,mur,3,myR
6,murage,5,myRaZ
8,muraille,5,myRaj
5,mural,5,myRal
5,murer,4,myRe
5,muret,4,myRE
7,muretin,6,myR°t5
7,murette,5,myREt
5,murex,6,myREks
10,muriatique,8,myRjatik
5,murin,4,myR5
6,murmel,6,myRmEl
9,murmurant,7,myRmyR@
7,murmure,6,myRmyR
8,murmurer,7,myRmyRe
6,murène,5,myREn
10,musaraigne,7,myzaREN
6,musard,5,myzaR
8,musarder,7,myzaRde
9,musardise,8,myzaRdiz
4,musc,4,mysk
7,muscade,6,myskad
10,muscadelle,8,myskadEl
8,muscadet,7,myskadE
8,muscadin,7,myskad5
9,muscadine,8,myskadin
6,muscat,5,myska
6,muscle,5,myskl
7,muscler,6,myskle
6,musclé,6,myskle
9,muscovite,8,myskOvit
10,musculaire,8,myskylER
11,musculation,10,myskylasj§
11,musculature,10,myskylatyR
9,musculeux,7,myskyl2
4,muse,3,myz
6,museau,4,myzo
7,museler,6,myz°le
9,muselière,8,myz°ljER
5,muser,4,myze
9,muserolle,7,myz°ROl
7,musette,5,myzEt
10,music-hall,7,myzikOl
7,musical,7,myzikal
12,musicalement,10,myzikal°m@
10,musicalité,10,myzikalite
8,musicien,7,myzisj5
6,musico,6,myziko
11,musicologie,10,myzikoloZi
13,musicologique,11,myzikoloZik
11,musicologue,9,myzikolOg
14,musicothérapie,12,myzikoteRapi
7,musique,5,myzik
8,musiquer,6,myzike
10,musiquette,7,myzikEt
8,muskogee,7,myskoZi
6,musoir,6,myzwaR
6,musqué,5,myske
11,mussolinien,9,mysolinj5
4,must,4,m9st
7,mustang,6,myst@g
8,musulman,7,myzylm@
5,musée,4,myze
10,muséologie,9,myzeoloZi
12,muséologique,10,myzeOlOZik
10,muséologue,8,myzeOlOg
6,muséum,6,myzeOm
10,mutabilité,10,mytabilite
7,mutable,6,mytabl
8,mutagène,7,mytaZEn
6,mutant,4,myt@
8,mutation,7,mytasj§
16,mutatis mutandis,14,mutatismut@dis
5,muter,4,myte
8,mutilant,6,mytil@
10,mutilateur,9,mytilat9R
10,mutilation,9,mytilasj§
7,mutiler,6,mytile
6,mutilé,6,mytile
5,mutin,4,myt5
7,mutiner,6,mytine
9,mutinerie,8,mytin°Ri
6,mutiné,6,mytine
7,mutique,5,mytik
7,mutisme,6,mytizm
6,mutité,6,mytite
10,mutualisme,9,myt8alizm
9,mutualité,9,myt8alite
6,mutuel,6,myt8El
12,mutuellement,9,myt8El°m@
10,myasthénie,8,mjasteni
9,mycologie,8,mikoloZi
9,mycologue,7,mikolOg
6,mycose,5,mikoz
6,mycène,5,misEn
8,mycénien,7,misenj5
6,mygale,5,migal
6,mylord,5,milOR
8,myocarde,7,mjokaRd
15,myocardiopathie,13,mjOkaRdjOpati
11,myocardique,9,mjOkaRdik
10,myocardite,9,mjokaRdit
9,myoclonie,8,mjoklOni
10,myoglobine,9,mjOglObin
9,myographe,7,mjogRaf
9,myopathie,7,mjopati
11,myopathique,8,mjOpatik
5,myope,4,mjOp
6,myopie,5,mjopi
7,myosine,6,mjozin
6,myosis,6,mjozis
8,myosotis,8,mjozotis
7,myriade,6,miRjad
11,myriophylle,8,miRjofil
8,myrmidon,7,miRmid§
6,myrrhe,3,miR
5,myrte,4,miRt
8,myrtille,6,miRtij
10,mystagogie,9,mistagoZi
12,mystagogique,10,mistagOZik
10,mystagogue,8,mistagOg
5,myste,4,mist
10,mysticisme,9,mistisizm
13,mystificateur,12,mistifikat9R
13,mystification,12,mistifikasj§
9,mystifier,8,mistifje
8,mystique,6,mistik
12,mystiquement,9,mistik°m@
7,mystère,6,mistER
15,mystérieusement,12,misteRj2z°m@
10,mystérieux,8,misteRj2
5,mythe,3,mit
9,mythifier,7,mitifje
8,mythique,5,mitik
11,mythisation,9,mitizasj§
5,mytho,4,mito
10,mythologie,8,mitoloZi
12,mythologique,9,mitoloZik
10,mythologue,7,mitolOg
9,mythomane,7,mitoman
10,mythomanie,8,mitomani
10,myxomatose,10,miksomatoz
7,myéline,6,mjelin
7,myélite,6,mjelit
11,myéloblaste,10,mjeloblast
8,myéloïde,7,mjeloid
7,mâchage,5,maSaZ
5,mâche,3,maS
8,mâchefer,6,maSfER
6,mâcher,4,maSe
7,mâcheur,5,maS9R
11,mâchicoulis,8,maSikuli
8,mâchoire,6,maSwaR
9,mâchonner,6,maSone
11,mâchouiller,6,maSuje
12,mâchouilleur,7,maSuj9R
4,mâle,3,mal
5,mânes,3,man
3,mât,2,ma
5,mâter,4,mate
5,mâtin,4,mat5
6,mâtine,5,matin
6,mâtiné,6,matine
6,mâture,5,matyR
5,mèche,3,mES
4,mère,3,mER
10,mère-grand,6,mERgR@
11,mère-patrie,8,mERpatRi
5,mètre,4,mEtR
7,méandre,5,me@dR
9,méandreux,6,me@dR2
9,méandrine,7,me@dRin
4,méat,3,mea
10,mécanicien,9,mekanisj5
9,mécanique,7,mekanik
13,mécaniquement,10,mekanik°m@
12,mécanisation,11,mekanizasj§
9,mécaniser,8,mekanize
9,mécanisme,8,mekanizm
6,mécano,6,mekano
10,méchamment,6,meSam@
10,méchanceté,8,meS@s°te
7,méchant,4,meS@
6,mécher,4,meSe
7,méchoui,5,meSwi
8,mécompte,5,mek§t
10,méconduite,8,mek§d8it
8,méconium,8,mekOnjOm
14,méconnaissable,10,mekonEsabl
14,méconnaissance,9,mekonEs@s
11,méconnaître,8,mekonEtR
7,méconnu,6,mekony
9,mécontent,6,mek§t@
14,mécontentement,10,mek§t@t°m@
11,mécontenter,8,mek§t@te
9,mécréance,7,mekRe@s
8,mécréant,6,mekRe@
6,mécène,5,mesEn
7,mécénat,6,mesena
8,médaille,5,medaj
9,médaillon,6,medaj§
8,médaillé,6,medaje
7,médecin,5,mEds5
12,médecin-chef,8,mEds5SEf
15,médecin-conseil,10,mEds5k§sEj
15,médecin-général,12,mEds5ZeneRal
13,médecin-major,10,mEds5maZOR
8,médecine,6,mEdsin
13,médecine-ball,9,mEdsinbol
5,média,5,medja
6,médian,5,medj@
7,médiane,6,medjan
10,médianoche,8,medjanOS
10,médiascope,9,medjaskOp
9,médiastin,8,medjast5
9,médiateur,8,medjat9R
9,médiation,8,medjasj§
10,médiatique,8,medjatik
13,médiatisation,12,medjatizasj§
8,médiator,8,medjatOR
7,médical,7,medikal
12,médicalement,10,medikal°m@
14,médicalisation,13,medikalizasj§
10,médicament,8,medikam@
15,médicamentation,13,medikam@tasj§
12,médicamenter,10,medikam@te
13,médicamenteux,10,medikam@t2
10,médicastre,9,medikastR
10,médication,9,medikasj§
9,médicinal,9,medisinal
12,médico-légal,11,medikolegal
20,médico-psychologique,16,medikopsikOlOZik
13,médico-social,12,medikososjal
6,médina,6,medina
8,médiocre,7,medjOkR
12,médiocrement,10,medjOkR°m@
10,médiocrité,10,medjokRite
6,médire,5,mediR
9,médisance,7,mediz@s
8,médisant,6,mediz@
8,méditant,6,medit@
9,méditatif,9,meditatif
10,méditation,9,meditasj§
14,méditativement,12,meditativ°m@
7,méditer,6,medite
13,méditerranéen,11,meditERane5
6,médium,6,medjOm
11,médiumnique,9,medjOmnik
10,médiumnité,10,medjOmnite
6,médius,6,medjys
8,médiéval,8,medjeval
10,médiéviste,9,medjevist
5,médoc,5,medOk
7,médulla,6,medyla
10,médullaire,7,medylER
6,méduse,5,medyz
7,méduser,6,medyze
6,médusé,6,medyze
6,méfait,4,mefE
8,méfiance,6,mefj@s
7,méfiant,5,mefj@
6,méfier,5,mefje
7,méforme,6,mefORm
4,méga,4,mega
9,mégacôlon,8,megakol§
9,mégahertz,8,megaERts
9,mégalithe,7,megalit
12,mégalithique,9,megalitik
6,mégalo,6,megalo
10,mégalomane,9,megaloman
14,mégalomaniaque,12,megalomanjak
11,mégalomanie,10,megalomani
10,mégalopole,9,megalOpOl
11,mégalosaure,9,megalozoR
9,mégaphone,7,megafOn
8,mégapole,7,megapOl
7,mégaron,6,megaR§
9,mégatonne,7,megatOn
10,mégisserie,8,meZis°Ri
5,mégot,4,mego
8,mégotage,7,megotaZ
7,mégoter,6,megote
6,méhari,5,meaRi
9,méhariste,7,meaRist
6,méiose,5,mejoz
10,méjugement,8,meZyZ°m@
10,mélancolie,8,mel@koli
12,mélancolieux,9,mel@kolj2
12,mélancolique,9,mel@kolik
16,mélancoliquement,12,mel@kolik°m@
12,mélancoliser,10,mel@kolize
7,mélange,5,mel@Z
10,mélangeant,6,mel@Z@
8,mélanger,6,mel@Ze
9,mélangeur,7,mel@Z9R
7,mélangé,6,mel@Ze
8,mélanine,7,melanin
8,mélanome,7,melanom
7,mélasse,5,melas
10,mélatonine,9,melatonin
9,méli-mélo,8,melimelo
7,mélilot,6,melilo
8,mélinite,7,melinit
7,mélisse,5,melis
4,mélo,4,melo
7,mélodie,6,melodi
14,mélodieusement,11,melodj2z°m@
9,mélodieux,7,melodj2
9,mélodique,7,melodik
14,mélodramatique,12,melodRamatik
9,mélodrame,8,melodRam
8,mélomane,7,meloman
7,mélopée,6,melope
6,mélèze,5,melEz
4,mémo,4,memo
7,mémoire,6,memwaR
12,mémorabilité,12,memoRabilite
9,mémorable,8,memoRabl
10,mémorandum,9,memoR@dOm
8,mémorial,8,memoRjal
12,mémorialiste,11,memoRjalist
8,mémoriel,8,memoRjEl
12,mémorisation,11,memoRizasj§
9,mémoriser,8,memoRize
6,mémère,5,memER
4,mémé,4,meme
6,ménade,5,menad
6,ménage,5,menaZ
10,ménagement,8,menaZ°m@
7,ménager,6,menaZe
9,ménagerie,8,menaZ°Ri
7,ménesse,5,menEs
9,ménestrel,9,menEstREl
10,méningiome,8,men5Zjom
9,méningite,7,men5Zit
12,méningocoque,9,men5gOkOk
8,ménisque,6,menisk
9,ménopause,7,menopoz
9,ménopausé,8,menopoze
16,méphistophélique,12,mefistofelik
10,méphitique,7,mefitik
6,méplat,5,mepla
9,méprendre,7,mepR@dR
6,mépris,5,mepRi
10,méprisable,9,mepRizabl
12,méprisamment,9,mepRizam@
9,méprisant,7,mepRiz@
7,méprise,6,mepRiz
8,mépriser,7,mepRize
8,méridien,7,meRidj5
10,méridional,10,meRidjonal
7,mérinos,7,meRinos
8,méritant,6,meRit@
6,mérite,5,meRit
7,mériter,6,meRite
12,méritocratie,11,meRitOkRasi
9,méritoire,8,meRitwaR
5,mérou,4,meRu
11,mérovingien,9,meRov5Zj5
11,mésalliance,8,mezalj@s
7,mésange,5,mez@Z
11,mésaventure,9,mezav@tyR
12,mésencéphale,9,mez@sefal
10,mésentente,7,mez@t@t
9,mésentère,7,mez@tER
12,mésentérique,9,mez@teRik
9,mésestime,8,mezEstim
10,mésestimer,9,mezEstime
15,mésintelligence,11,mez5teliZ@s
14,mésinterpréter,12,mez5tERpRete
10,mésomorphe,8,mezomORf
13,mésomorphique,10,mezomORfik
5,méson,4,mez§
12,mésopotamien,11,mezopotamj5
14,mésopotamienne,12,mezopotamjEn
10,mésosphère,8,mezosfER
10,mésozoïque,8,mezozoik
8,mésusage,7,mezyzaZ
7,mésuser,6,mezyze
4,méta,4,meta
11,métabolique,9,metabolik
11,métaboliser,10,metabolize
11,métabolisme,10,metabolizm
10,métabolite,9,metabOlit
9,métacarpe,8,metakaRp
11,métacarpien,10,metakaRpj5
8,métairie,6,meteRi
5,métal,5,metal
10,métallique,7,metalik
13,métallisation,11,metalizasj§
7,métallo,6,metalo
14,métallographie,11,metalogRafi
11,métallurgie,9,metalyRZi
13,métallurgique,10,metalyRZik
13,métallurgiste,11,metalyRZist
13,métamorphique,10,metamORfik
12,métamorphose,10,metamORfoz
13,métamorphoser,11,metamORfoze
9,métaphase,7,metafaz
9,métaphore,7,metafOR
12,métaphorique,9,metafoRik
16,métaphoriquement,12,metafoRik°m@
13,métaphysicien,11,metafizisj5
12,métaphysique,9,metafizik
16,métaphysiquement,12,metafizik°m@
13,métapsychique,10,metapsiSik
15,métapsychologie,13,metapsikoloZi
17,métapsychologique,14,metapsikoloZik
9,métastase,8,metastaz
12,métastatique,10,metastatik
8,métayage,7,metEjaZ
7,métayer,6,meteje
13,métempsychose,10,met@psikoz
12,métempsycose,10,met@psikoz
12,méthacrylate,10,metakRilat
9,méthadone,7,metadOn
8,méthanal,7,metanal
7,méthane,5,metan
8,méthanol,7,metanOl
7,méthode,5,metOd
10,méthodique,7,metodik
14,méthodiquement,10,metodik°m@
10,méthodisme,8,metodizm
10,méthodiste,8,metodist
12,méthodologie,10,metodoloZi
14,méthodologique,11,metodoloZik
7,méthyle,5,metil
10,méthylique,7,metilik
9,méthylène,7,metilEn
10,méthédrine,8,metedRin
15,méticuleusement,12,metikyl2z°m@
10,méticuleux,8,metikyl2
12,méticulosité,12,metikylozite
6,métier,5,metje
8,métingue,5,met5g
5,métis,5,metis
9,métissage,7,metisaZ
8,métisser,6,metise
9,métonymie,8,metonimi
7,métrage,6,metRaZ
7,métreur,6,metR9R
8,métrique,6,metRik
7,métrite,6,metRit
5,métro,5,metRo
9,métronome,8,metRonOm
9,métropole,8,metRopOl
13,métropolitain,11,metRopolit5
11,métropolite,10,metRopolit
7,métèque,5,metEk
5,météo,5,meteo
7,météore,6,meteOR
10,météorique,8,meteoRik
14,météoriquement,11,meteoRik°m@
9,météorite,8,meteoRit
12,météoritique,10,meteoRitik
12,météorologie,11,meteoRoloZi
14,météorologique,12,meteoRoloZik
14,météorologiste,13,meteoRoloZist
12,météorologue,10,meteoRolOg
7,mévente,5,mev@t
5,mézig,5,mezig
7,mézigue,5,mezig
9,mêle-tout,5,mEltu
5,mêler,4,mele
4,mêlé,4,mele
9,mêlé-cass,7,mElekas
10,mêlé-casse,7,melekas
9,mêlécasse,7,mElekas
5,mêlée,4,mele
4,même,3,mEm
8,mêmement,6,mEm°m@
5,mêmes,3,mEm
4,môle,3,mol
4,môme,3,mom
3,mûr,3,myR
8,mûrement,6,myR°m@
6,mûrier,5,myRje
5,mûrir,5,myRiR
9,mûrissant,6,myRis@
11,mûrissement,8,myRis°m@
5,mûron,4,myR§
2,n',1,n
12,n'est-ce pas,6,nEs°pa
2,na,2,na
5,nabab,5,nabab
4,nabi,4,nabi
5,nable,4,nabl
5,nabot,4,nabo
7,nacarat,6,nakaRa
7,nacelle,5,nasEl
5,nacre,4,nakR
7,nacrure,6,nakRyR
5,nacré,5,nakRe
4,nada,4,nada
5,nadir,5,nadiR
6,naevus,5,nevys
4,naga,4,naga
4,nage,3,naZ
7,nageant,4,naZ@
8,nageoire,6,naZwaR
5,nager,4,naZe
6,nageur,5,naZ9R
7,naguère,5,nagER
4,nain,2,n5
5,naira,4,nERa
8,naissain,4,nEs5
9,naissance,5,nEs@s
8,naissant,4,nEs@
8,naisseur,5,nEs9R
4,naja,4,naZa
3,nan,2,n@
4,nana,4,nana
5,nanan,4,nan@
5,nanar,5,nanaR
6,nanard,5,nanaR
7,nanisme,6,nanizm
6,nankin,4,n@k5
4,nano,4,nano
9,nanomètre,8,nanOmEtR
11,nanoseconde,9,nanoz°g§d
15,nanotechnologie,13,nanotEknoloZi
4,nant,2,n@
7,nantais,4,n@tE
8,nantaise,5,n@tEz
5,nanti,4,n@ti
6,nantir,5,n@tiR
12,nantissement,8,n@tis°m@
3,nap,3,nap
6,napalm,6,napalm
5,napel,5,napEl
10,naphtaline,8,naftalin
10,naphtalène,8,naftalEn
6,naphte,4,naft
10,napolitain,8,napolit5
8,napoléon,7,napole§
11,napoléonien,10,napoleonj5
7,nappage,5,napaZ
5,nappe,3,nap
6,napper,4,nape
8,napperon,6,nap°R§
10,narbonnais,7,naRbonE
8,narcisse,6,naRsis
11,narcissique,8,naRsisik
15,narcissiquement,11,naRsisik°m@
11,narcissisme,9,naRsisizm
11,narcissiste,9,naRsisist
13,narco-analyse,11,naRkoanaliz
11,narcolepsie,10,naRkolEpsi
13,narcoleptique,11,naRkolEptik
7,narcose,6,naRkoz
10,narcotique,8,naRkotik
11,narcotrafic,11,naRkotRafik
4,nard,3,naR
9,narghileh,7,naRgile
8,narghilé,7,naRgile
7,narguer,5,naRge
8,narguilé,7,naRgile
6,narine,5,naRin
8,narquois,6,naRkwa
13,narquoisement,10,naRkwaz°m@
12,narquoiserie,10,naRkwaz°Ri
9,narrateur,7,naRat9R
8,narratif,7,naRatif
9,narration,7,naRasj§
6,narrer,4,naRe
7,narthex,7,naRtEks
6,narval,6,naRval
5,nasal,5,nazal
6,nasard,5,nazaR
6,nasdaq,6,nazdak
4,nase,3,naz
6,naseau,4,nazo
9,nasillard,7,nazijaR
11,nasillement,8,nazij°m@
8,nasiller,6,nazije
7,nasique,5,nazik
11,nasopharynx,10,nazofaR5ks
5,nasse,3,nas
9,nassérien,7,naseRj5
5,natal,5,natal
8,natalité,8,natalite
8,natation,7,natasj§
9,natatoire,8,natatwaR
5,natif,5,natif
6,nation,5,nasj§
8,national,8,nasjonal
19,national-socialisme,17,nasjonalsosjalizm
19,national-socialiste,17,nasjonalsosjalist
9,nationale,8,nasjonal
20,nationale-socialiste,17,nasjonalsosjalist
13,nationalement,11,nasjonal°m@
15,nationalisation,14,nasjonalizasj§
12,nationaliser,11,nasjonalize
12,nationalisme,11,nasjonalizm
12,nationaliste,11,nasjonalist
11,nationalité,11,nasjonalite
21,nationaux-socialistes,16,nasjonososjalist
6,native,5,nativ
8,nativité,8,nativite
6,natron,5,natR§
6,natrum,6,natROm
8,natrémie,7,natRemi
5,natte,3,nat
6,natter,4,nate
7,nattier,5,natje
14,naturalisation,13,natyRalizasj§
11,naturaliser,10,natyRalize
11,naturalisme,10,natyRalizm
11,naturaliste,10,natyRalist
10,naturalisé,10,natyRalize
6,nature,5,natyR
7,naturel,7,natyREl
13,naturellement,10,natyREl°m@
9,naturisme,8,natyRizm
9,naturiste,8,natyRist
9,naturlich,8,natyRliS
11,naturopathe,9,natyRopat
8,naufrage,6,nofRaZ
9,naufrager,7,nofRaZe
10,naufrageur,8,nofRaZ9R
8,naufragé,7,nofRaZe
10,nauséabond,7,nozeab§
6,nausée,4,noze
8,nauséeux,5,noze2
7,nautile,5,notil
8,nautilus,6,notily
8,nautique,5,notik
9,nautonier,7,notonje
6,navaja,6,navaZa
6,navajo,6,navaRo
5,naval,5,naval
6,navale,5,naval
7,navarin,6,navaR5
9,navarrais,6,navaRE
4,nave,3,nav
5,navel,5,navEl
5,navet,4,navE
7,navette,5,navEt
8,navicert,7,navisER
12,navigabilité,12,navigabilite
9,navigable,8,navigabl
8,navigant,6,navig@
10,navigateur,9,navigat9R
10,navigation,9,navigasj§
8,naviguer,6,navige
6,navire,5,naviR
14,navire-citerne,11,naviRsitERn
14,navire-hôpital,11,naviRopital
8,navrance,6,navR@s
7,navrant,5,navR@
6,navrer,5,navRe
5,navré,5,navRe
3,nay,2,nE
8,nazaréen,7,nazaRe5
4,naze,3,naz
4,nazi,4,nazi
7,nazisme,6,nazizm
6,naître,4,nEtR
6,naïade,5,najad
4,naïf,4,naif
5,naïve,4,naiv
9,naïvement,7,naiv°m@
7,naïveté,7,naiv°te
2,ne,2,n°
11,ne varietur,10,n°vaRjetyR
3,nec,3,nEk
4,neck,3,nEk
6,nectar,6,nEktaR
9,nectarine,8,nEktaRin
3,nef,3,nEf
5,negro,5,negRo
15,negro spiritual,14,negRospiRit8Ol
5,neige,3,nEZ
6,neiger,4,neZe
7,neigeux,4,neZ2
3,nem,3,nEm
6,nemrod,6,nEmROd
5,nenni,4,nEni
7,nephtys,6,nEftis
4,nerf,3,nER
7,nerprun,6,nERpR1
6,nerver,5,n2Rve
12,nerveusement,9,nERv2z°m@
7,nerveux,5,nERv2
5,nervi,5,nERvi
9,nervosité,9,nERvozite
7,nervure,6,nERvyR
7,nescafé,7,nEskafe
6,nestor,6,nEstOR
13,nestorianisme,12,nEstoRjanizm
9,nestorien,8,nEstoRj5
3,net,3,nEt
9,nettement,6,nEt°m@
7,netteté,5,nEtte
11,nettoiement,7,netwam@
10,nettoyable,9,netwajabl
9,nettoyage,8,netwajaZ
9,nettoyant,7,netwaj@
8,nettoyer,7,netwaje
9,nettoyeur,8,netwaj9R
4,neuf,3,n9f
6,neuneu,4,n2n2
6,neural,5,n2Ral
12,neurasthénie,9,n2Rasteni
14,neurasthénique,10,n2Rastenik
9,neurinome,7,n2Rinom
13,neurobiologie,11,n2RobjoloZi
15,neurobiologiste,13,n2RobjOlOZist
11,neurochimie,8,n2RoSimi
13,neurochimique,9,n2RoSimik
14,neurochirurgie,11,n2RoSiRyRZi
15,neurochirurgien,12,n2RoSiRyRZj5
16,neurofibromatose,14,n2RofibROmatoz
13,neuroleptique,10,n2RolEptik
17,neurolinguistique,13,n2ROl5g8istik
10,neurologie,8,n2RoloZi
12,neurologique,9,n2RoloZik
16,neurologiquement,12,n2RoloZik°m@
12,neurologiste,10,n2RoloZist
10,neurologue,7,n2RolOg
15,neuromusculaire,12,n2RomyskylER
8,neuronal,7,n2Ronal
7,neurone,5,n2Ron
10,neuronique,7,n2ROnik
11,neuropathie,8,n2Ropati
15,neuropathologie,12,n2RopatoloZi
12,neuropeptide,10,n2RopEptid
16,neurophysiologie,13,n2RofizjoloZi
13,neuroplégique,10,n2RopleZik
16,neuropsychiatrie,13,n2RopsikjatRi
16,neuropsychologue,12,n2RopsikolOg
12,neuroscience,8,n2Rosj@s
11,neurotoxine,10,n2RotOksin
12,neurotoxique,10,n2RotOksik
17,neurotransmetteur,13,n2RotR@smEt9R
12,neutralisant,9,n2tRaliz@
14,neutralisateur,12,n2tRalizat9R
14,neutralisation,12,n2tRalizasj§
11,neutraliser,9,n2tRalize
11,neutraliste,9,n2tRalist
10,neutralité,9,n2tRalite
6,neutre,4,n2tR
8,neutrino,7,n2tRino
7,neutron,5,n2tR§
11,neutronique,8,n2tROnik
11,neutropénie,9,n2tROpeni
8,neuvaine,5,n9vEn
8,neuvième,6,n9vjEm
5,neveu,4,n°v2
6,neveux,4,n°v2
3,new,3,nju
8,new wave,7,njuwejv
11,new-yorkais,8,njujORkE
3,ney,2,ne
3,nez,2,ne
2,ni,2,ni
6,niable,5,njabl
5,niais,3,njE
10,niaisement,7,njEz°m@
7,niaiser,5,njEze
9,niaiserie,7,njEz°Ri
8,niaiseux,5,njEz2
7,niakoué,6,njakue
3,nib,3,nib
6,nibard,5,nibaR
8,nibergue,6,nibERg
12,nicaraguayen,11,nikaRagwaj5
4,nice,3,nis
5,nicet,4,nisE
6,nichan,4,niS@
5,niche,3,niS
6,nicher,4,niSe
6,nichon,4,niS§
9,nichonnée,6,niSone
6,nichée,4,niSe
6,nickel,5,nikEl
7,nickelé,6,nik°le
8,nicotine,7,nikotin
9,nictation,8,niktasj§
9,nictitant,7,niktit@
3,nid,2,ni
12,nid-de-poule,7,nid°pul
12,nidification,11,nidifikasj§
6,nielle,4,njEl
4,nier,3,nje
4,niet,4,njEt
11,nietzschéen,6,nitSe5
13,nietzschéenne,7,nitSeEn
6,nigaud,4,nigo
11,nigaudement,8,nigod°m@
10,nigauderie,8,nigod°Ri
10,night-club,8,najtkl9b
12,niguedouille,6,nigduj
8,nigérian,7,niZeRj@
8,nigérien,7,niZeRj5
12,nihil obstat,9,niilOpsta
9,nihilisme,7,niilizm
9,nihiliste,7,niilist
6,nikkei,5,nikEj
3,nil,3,nil
3,nim,3,nim
5,nimbe,3,n5b
6,nimber,4,n5be
5,nimbo,4,n5bo
13,nimbo-stratus,11,n5bostRatys
12,nimbostratus,11,n5bostRatys
6,nimbus,5,n5bys
5,nimbé,4,n5be
5,ninas,4,nina
7,niobium,7,njObjOm
5,niolo,6,nijolo
10,nioulouque,6,njuluk
5,nippe,3,nip
6,nipper,4,nipe
5,nippo,4,nipo
6,nippon,4,nip§
8,nipponne,5,nipOn
5,nique,3,nik
12,niquedouille,7,nik°duj
6,niquer,4,nike
7,nirvana,7,niRvana
7,nirvâna,7,niRvana
5,nisan,4,niz@
7,nitrate,6,nitRat
5,nitre,4,nitR
7,nitreux,5,nitR2
8,nitrique,6,nitRik
7,nitrite,6,nitRit
14,nitroglycérine,13,nitRogliseRin
9,nitrogène,8,nitRoZEn
5,nitré,5,nitRe
9,nivaquine,7,nivakin
6,niveau,4,nivo
7,niveler,6,niv°le
8,niveleur,7,niv°l9R
11,nivellement,8,nivEl°m@
9,nivernais,7,nivERnE
10,nivernaise,8,nivERnEz
6,nivôse,5,nivoz
4,nixe,4,niks
6,niçois,5,niswa
5,nièce,4,njEs
5,nième,4,njEm
5,nière,4,njER
3,nié,3,nje
5,niébé,5,njebe
13,no man's land,9,nomansl@d
10,nobiliaire,8,nobiljER
9,nobilitas,8,nobilita
10,noblaillon,7,noblaj§
5,noble,4,nObl
9,noblement,7,nObl°m@
8,noblesse,6,noblEs
7,nobliau,7,nOblijo
4,noce,3,nOs
5,nocer,4,nOse
6,noceur,5,nos9R
6,nocher,4,noSe
7,nochère,5,nOSER
5,nocif,5,nosif
8,nocivité,8,nosivite
10,noctambule,8,nOkt@byl
13,noctambulisme,11,nOkt@bylizm
9,nocturnal,9,nOktyRnal
8,nocturne,7,nOktyRn
5,nodal,5,nodal
6,nodule,5,nodyl
8,noduleux,6,nodyl2
5,nodus,5,nodys
5,noeud,2,n2
4,noir,4,nwaR
7,noiraud,5,nwaRo
8,noirceur,7,nwaRs9R
6,noirci,6,nwaRsi
7,noircir,7,nwaRsiR
8,noirâtre,7,nwaRatR
5,noise,4,nwaz
9,noisetier,8,nwaz°tje
8,noisette,6,nwazEt
4,noix,3,nwa
3,nok,3,nOk
5,nolis,4,noli
3,nom,2,n§
6,nomade,5,nomad
9,nomadisme,8,nomadizm
6,nombre,4,n§bR
8,nombreux,5,n§bR2
7,nombril,6,n§bRil
11,nombrilisme,9,n§bRilism
11,nombriliste,9,n§bRilist
4,nome,3,nOm
12,nomenclature,10,nom@klatyR
12,nomenklatura,11,nom@klatyRa
7,nominal,7,nominal
12,nominalement,10,nOminal°m@
11,nominaliste,10,nominalist
9,nominatif,9,nominatif
10,nomination,9,nominasj§
7,nominer,6,nOmine
6,nommer,4,nome
5,nommé,4,nome
9,nommément,6,nomem@
3,non,2,n§
10,non troppo,8,nOntRopo
13,non-agression,10,nOnagREsj§
14,non-alignement,10,nOnaliN°m@
9,non-amour,7,nOnamuR
16,non-appartenance,12,nOnapaRt2n@s
14,non-assistance,10,nOnasist@s
9,non-blanc,5,n§bl@
14,non-combattant,8,n§k§bat@
15,non-comparution,11,n§k§paRysj§
15,non-concurrence,9,n§k§kyR@s
15,non-conformisme,11,n§k§fORmizm
15,non-conformiste,11,n§k§fORmist
14,non-conformité,11,n§k§fORmite
16,non-consommation,11,n§k§sOmasj§
12,non-croyance,9,n§kRwaj@s
11,non-croyant,8,n§kRwaj@
15,non-culpabilité,13,n§kylpabilite
7,non-dit,4,n§di
9,non-droit,6,n§dRwa
13,non-existence,11,nOnEgzist@s
11,non-ferreux,6,n§fER2
10,non-fumeur,7,n§fym9R
11,non-fumeurs,7,n§fym9R
10,non-initié,9,nOninisje
16,non-intervention,12,nOn5tERv@sj§
8,non-lieu,5,n§lj2
9,non-lieux,5,n§lj2
12,non-paiement,6,n§pEm@
17,non-participation,14,n§paRtisipasj§
13,non-pesanteur,9,n§p°z@t9R
17,non-prolifération,14,n§pRolifeRasj§
12,non-présence,8,n§pRez@s
12,non-recevoir,10,n§R2s2vwaR
18,non-représentation,14,n§R2pRez@tasj§
11,non-respect,7,n§REspE
10,non-retour,7,n§R2tuR
14,non-résistance,10,n§Rezist@s
10,non-savoir,8,n§savwaR
8,non-sens,5,n§s@s
15,non-spécialiste,12,n§spesjalist
8,non-stop,7,nOnstOp
14,non-séparation,11,n§sepaRasj§
15,non-utilisation,13,nOnytilizasj§
7,non-vie,4,n§vi
12,non-violence,8,n§vjol@s
11,non-violent,7,n§vjol@
11,non-vouloir,8,n§vulwaR
10,non-voyant,7,n§vwaj@
13,non-événement,10,nOneven°m@
8,non-être,6,n§nEtR
11,nonagénaire,9,nonaZenER
7,nonante,5,non@t
12,nonante-huit,8,non@t8it
5,nonce,3,n§s
13,nonchalamment,8,n§Salam@
11,nonchalance,7,n§Sal@s
10,nonchalant,6,n§Sal@
10,nonciature,8,n§sjatyR
4,none,3,nOn
7,nonette,5,nonEt
6,nonidi,6,nonidi
7,nonnain,4,non5
5,nonne,3,nOn
8,nonnette,5,nonEt
10,nonobstant,8,nonOpst@
8,nonsense,5,n§s@s
4,nope,3,nOp
13,noradrénaline,12,nORadRenalin
4,nord,3,nOR
13,nord-africain,9,nORafRik5
14,nord-américain,10,nORameRik5
11,nord-coréen,8,nORkoRe5
8,nord-est,6,nOREst
13,nord-nord-est,9,nORnOREst
10,nord-ouest,7,nORwEst
8,nord-sud,6,nORsyd
15,nord-vietnamien,12,nORvjEtnamj5
6,nordet,5,nORdE
9,nordicité,9,nORdisite
8,nordique,6,nORdik
8,nordiste,7,nORdist
5,noria,5,noRja
6,normal,6,nORmal
7,normale,6,nORmal
11,normalement,9,nORmal°m@
9,normalien,8,nORmalj5
13,normalisation,12,nORmalizasj§
10,normaliser,9,nORmalize
9,normalité,9,nORmalite
7,normand,5,nORm@
8,normatif,8,nORmatif
5,norme,4,nORm
6,noroît,5,noRwa
9,norvégien,8,nORveZj5
11,norvégienne,9,nORveZjEn
3,nos,2,no
9,nostalgie,8,nOstalZi
11,nostalgique,9,nOstalZik
15,nostalgiquement,12,nOstalZik°m@
3,not,3,nOt
4,nota,4,nota
9,nota bene,8,notabene
10,notabilité,10,notabilite
7,notable,6,notabl
11,notablement,9,notabl°m@
7,notaire,5,notER
9,notamment,6,notam@
8,notarial,8,notaRjal
8,notariat,7,notaRja
7,notarié,7,notaRje
8,notation,7,notasj§
4,note,3,nOt
5,noter,4,note
6,notice,5,notis
12,notification,11,notifikasj§
8,notifier,7,notifje
6,notion,5,nosj§
7,notoire,6,notwaR
11,notoirement,9,notwaR°m@
9,notonecte,8,notonEkt
9,notoriété,9,notoRjete
5,notre,4,nOtR
10,notre-dame,8,nOtR°dam
4,noté,4,note
6,nouage,4,nwaZ
5,nouba,4,nuba
4,noue,2,nu
5,nouer,3,nwe
6,noueux,3,nw2
6,nougat,4,nuga
9,nougatine,7,nugatin
7,nouille,3,nuj
7,noumène,5,numEn
6,nounou,4,nunu
8,nounours,6,nunuRs
6,nourri,4,nuRi
8,nourrice,5,nuRis
10,nourricier,7,nuRisje
7,nourrir,5,nuRiR
11,nourrissage,7,nuRisaZ
11,nourrissant,6,nuRis@
11,nourrisseur,7,nuRis9R
10,nourrisson,6,nuRis§
10,nourriture,7,nuRityR
4,nous,2,nu
9,nous-même,5,numEm
10,nous-mêmes,5,numEm
7,nouveau,4,nuvo
10,nouveau-né,6,nuvone
9,nouveauté,6,nuvote
6,nouvel,5,nuvEl
8,nouvelle,5,nuvEl
12,nouvellement,8,nuvEl°m@
10,nouvelleté,8,nuvEl°te
11,nouvelliste,8,nuvelist
4,noué,3,nwe
4,nova,4,nova
8,novateur,7,novat9R
8,novation,7,nOvasj§
8,novembre,6,nov@bR
6,novice,5,novis
8,noviciat,7,novisja
7,novillo,6,novijo
9,novocaïne,8,novokain
9,novotique,7,nOvOtik
12,novélisation,11,novelizasj§
6,noyade,6,nwajad
5,noyau,5,nwajo
9,noyautage,8,nwajotaZ
8,noyauter,7,nwajote
5,noyer,5,nwaje
4,noyé,5,nwaje
4,noël,4,noEl
2,nu,2,ny
15,nu-propriétaire,13,nypRopRijetER
7,nu-tête,5,nytEt
5,nuage,4,n8aZ
7,nuageux,5,n8aZ2
6,nuance,4,n8@s
7,nuancer,5,n8@se
8,nuancier,6,ny@sje
6,nuancé,5,n8@se
6,nubien,5,nybj5
6,nubile,5,nybil
8,nubilité,8,nybilite
6,nubuck,5,nybyk
5,nucal,5,nykal
9,nucléaire,7,nykleER
9,nucléique,7,nykleik
10,nucléoside,9,nykleozid
7,nucléus,7,nykleys
7,nudisme,6,nydizm
7,nudiste,6,nydist
6,nudité,6,nydite
13,nue-propriété,12,nypRopRijete
4,nuer,3,n8e
5,nuire,4,n8iR
8,nuisance,6,n8iz@s
8,nuisette,6,n8izEt
8,nuisible,7,n8izibl
4,nuit,3,n8i
10,nuitamment,7,n8itam@
7,nuiteux,5,n8it2
6,nuitée,5,n8ite
3,nul,3,nyl
7,nullard,5,nylaR
5,nulle,3,nyl
9,nullement,6,nyl°m@
6,nulles,3,nyl
10,nullissime,7,nylisim
7,nullité,6,nylite
6,nullos,4,nylo
4,nuls,3,nyl
15,numerus clausus,13,nym°Rysklozys
6,numide,5,nymid
9,numismate,8,nymismat
12,numismatique,10,nymismatik
9,numéraire,7,nymeRER
7,numéral,7,nymeRal
10,numérateur,9,nymeRat9R
10,numération,9,nymeRasj§
9,numérique,7,nymeRik
13,numériquement,10,nymeRik°m@
12,numérisation,11,nymeRizasj§
9,numériser,8,nymeRize
6,numéro,6,nymeRo
11,numérologie,10,nymeROlOZi
11,numérologue,9,nymeRolOg
10,numérotage,9,nymeRotaZ
12,numérotation,11,nymeRotasj§
9,numéroter,8,nymeRote
8,numéroté,8,nymeRote
8,nunchaku,7,nunSaku
7,nunuche,5,nynyS
8,nuoc-mâm,7,n8Okmam
7,nuptial,7,nypsjal
10,nuptialité,10,nypsjalite
5,nuque,3,nyk
5,nurse,4,n9Rs
9,nurseries,7,n9Rs°Ri
7,nursery,7,n9Rs°Ri
7,nursing,6,n9RsiG
9,nutriment,7,nytRim@
8,nutritif,8,nytRitif
9,nutrition,8,nytRisj§
12,nutritionnel,11,nytRisjonEl
14,nutritionniste,12,nytRisjonist
4,nuée,3,n8e
9,nyctalope,8,niktalOp
5,nylon,4,nil§
7,nymphal,5,n5fal
6,nymphe,3,n5f
9,nymphette,5,n5fEt
6,nympho,4,n5fo
10,nymphomane,7,n5foman
11,nymphomanie,8,n5fomani
7,nymphéa,5,n5fea
5,nègre,4,nEgR
4,nèpe,3,nEp
2,né,2,ne
13,néandertalien,11,ne@dERtalj5
14,néanderthalien,11,ne@dERtalj5
9,néanmoins,6,ne@mw5
5,néant,3,ne@
12,néantisation,10,ne@tizasj§
8,nébuleux,6,nebyl2
10,nébuliseur,9,nebyliz9R
10,nébulosité,10,nebylozite
10,nécessaire,7,nesesER
14,nécessairement,10,nesesER°m@
10,nécessiter,8,nesesite
11,nécessiteux,8,nesesit2
9,nécessité,8,nesesite
5,nécro,5,nekRo
9,nécrologe,8,nekRolOZ
10,nécrologie,9,nekRoloZi
12,nécrologique,10,nekRoloZik
10,nécrologue,8,nekRolOg
11,nécromancie,9,nekRom@si
12,nécromancien,10,nekRom@sj5
9,nécromant,7,nekRom@
10,nécrophage,8,nekRofaZ
11,nécrophagie,9,nekRofaZi
10,nécrophile,8,nekRofil
11,nécrophilie,9,nekRofili
9,nécropole,8,nekRopOl
9,nécropsie,8,nekRopsi
7,nécrose,6,nekRoz
8,nécroser,7,nekRoze
10,nécrotique,8,nekRotik
11,néerlandais,8,neERl@dE
7,néfaste,6,nefast
7,néflier,7,neflije
8,négateur,7,negat9R
7,négatif,7,negatif
8,négation,7,negasj§
13,négationnisme,11,negasjonism
8,négative,7,negativ
12,négativement,10,negativ°m@
11,négativisme,10,negativizm
11,négativiste,10,negativist
10,négativité,10,negativite
11,négligeable,9,negliZabl
12,négligemment,9,negliZam@
10,négligence,8,negliZ@s
9,négligent,7,negliZ@
8,négliger,7,negliZe
7,négligé,7,negliZe
6,négoce,5,negOs
10,négociable,9,negosjabl
9,négociant,7,negosj@
11,négociateur,10,negosjat9R
11,négociation,10,negosjasj§
8,négocier,7,negosje
7,négrier,7,negRije
6,négril,6,negRil
9,négrillon,7,negRij§
9,négritude,8,negRityd
5,négro,5,negRo
10,négrophile,8,negRofil
8,négroïde,7,negRoid
5,négus,5,negys
7,nénesse,5,nenEs
7,nénette,5,nenEt
8,nénuphar,7,nenyfaR
4,néné,4,nene
3,néo,3,neo
13,néo-classique,9,neoklasik
16,néo-colonialisme,14,neokolonjalizm
14,néo-communiste,11,neokomynist
12,néo-fascisme,9,neofaSizm
14,néo-figuration,12,neofigyRasj§
12,néo-gangster,10,neog@gstER
12,néo-gothique,8,neogotik
8,néo-grec,7,neogREk
18,néo-malthusianisme,15,neomaltyzjanizm
13,néo-mauresque,9,neomoREsk
13,néo-mouvement,9,neomuv°m@
14,néo-renaissant,9,neoR°nEs@
14,néo-romantique,10,neoRom@tik
9,néo-russe,6,neoRys
12,néo-réalisme,10,neoRealizm
12,néo-réaliste,10,neoRealist
13,néo-zélandais,9,neozel@dE
12,néoclassique,9,neoklasik
11,néocolonial,11,neokolonjal
15,néocolonialisme,14,neokolonjalizm
9,néocortex,10,neokORtEks
11,néofascisme,9,neofaSizm
11,néogothique,8,neogotik
14,néolibéralisme,13,neolibeRalism
11,néolithique,8,neolitik
10,néologisme,9,neoloZizm
4,néon,3,ne§
8,néonatal,8,neonatal
8,néophyte,6,neofit
9,néoplasie,8,neoplazi
11,néoplasique,9,neoplazik
9,néoplasme,8,neoplasm
13,néoplatonisme,12,neoplatonizm
8,néoprène,7,neopREn
11,néoréalisme,10,neoRealizm
8,népalais,6,nepalE
9,népenthès,7,nep@tEz
12,néphrectomie,10,nefREktomi
8,néphrite,6,nefRit
11,néphrologie,9,nefRoloZi
11,néphrologue,8,nefRolOg
11,néphrétique,8,nefRetik
9,népotisme,8,nepotizm
6,néroli,6,neROli
7,néréide,6,neReid
9,névralgie,8,nevRalZi
11,névralgique,9,nevRalZik
7,névrite,6,nevRit
10,névropathe,8,nevRopat
7,névrose,6,nevRoz
7,névrosé,7,nevRoze
10,névrotique,8,nevRotik
4,névé,4,neve
5,nôtre,4,notR
6,nôtres,4,notR
1,o,1,o
8,oaristys,8,oaRistis
5,oasis,5,oazis
2,ob,2,Ob
3,obi,3,obi
9,obituaire,7,obit8ER
8,objectal,8,ObZEktal
8,objecter,7,ObZEkte
9,objecteur,8,ObZEkt9R
8,objectif,8,ObZEktif
9,objection,8,ObZEksj§
13,objectivation,12,ObZEktivasj§
13,objectivement,11,ObZEktiv°m@
11,objectivité,11,ObZEktivite
5,objet,4,ObZE
11,objurgation,10,ObZyRgasj§
7,oblatif,7,oblatif
8,oblation,7,oblasj§
8,obligado,8,obligado
11,obligataire,9,obligatER
10,obligation,9,obligasj§
11,obligatoire,10,obligatwaR
15,obligatoirement,13,obligatwaR°m@
12,obligeamment,8,obliZam@
10,obligeance,7,obliZ@s
9,obligeant,6,obliZ@
7,obliger,6,obliZe
6,obligé,6,obliZe
7,oblique,5,oblik
11,obliquement,8,oblik°m@
8,obliquer,6,oblike
9,obliquité,9,oblik8ite
12,oblitération,11,obliteRasj§
9,oblitérer,8,obliteRe
8,oblitéré,8,obliteRe
6,oblong,4,obl§
12,obnubilation,11,Obnybilasj§
9,obnubiler,8,Obnybile
8,obnubilé,8,Obnybile
5,obole,4,obOl
6,obscur,6,OpskyR
13,obscurantisme,11,OpskyR@tizm
13,obscurantiste,11,OpskyR@tist
9,obscurcir,9,OpskyRsiR
15,obscurcissement,12,OpskyRsis°m@
9,obscurité,9,OpskyRite
11,obscurément,9,OpskyRem@
7,obscène,5,OpsEn
11,obscènement,8,OpsEn°m@
9,obscénité,8,Opsenite
10,observable,9,OpsERvabl
10,observance,8,opsERv@s
9,observant,7,opsERv@
11,observateur,10,opsERvat9R
11,observation,10,opsERvasj§
12,observatoire,11,opsERvatwaR
8,observer,7,opsERve
7,observé,7,opsERve
8,obsessif,7,OpsEsif
9,obsession,7,Opsesj§
12,obsessionnel,10,OpsesjonEl
18,obsessionnellement,13,OpsEsjonEl°m@
10,obsidienne,8,OpsidjEn
10,obsidional,10,Opsidjonal
12,obsolescence,9,OpsolEs@s
8,obsolète,7,OpsolEt
8,obstacle,7,Opstakl
11,obstination,10,Opstinasj§
8,obstiner,7,Opstine
7,obstiné,7,Opstine
11,obstinément,9,Opstinem@
10,obstructif,10,OpstRyktif
11,obstruction,10,OpstRyksj§
16,obstructionnisme,14,OpstRyksjOnism
8,obstruer,7,OpstRye
7,obstrué,7,OpstRye
11,obstétrical,11,OpstetRikal
12,obstétricien,11,OpstetRisj5
11,obstétrique,9,OpstetRik
8,obsèques,5,OpsEk
8,obsédant,6,opsed@
7,obséder,6,opsede
6,obsédé,6,opsede
15,obséquieusement,11,Opsekj2z°m@
10,obséquieux,7,Opsekj2
12,obséquiosité,11,Opsekjozite
10,obtempérer,8,Opt@peRe
7,obtenir,7,Opt°niR
9,obtention,7,Opt@sj§
10,obturateur,9,OptyRat9R
10,obturation,9,OptyRasj§
7,obturer,6,OptyRe
5,obtus,4,Opty
4,obus,3,oby
7,obusier,6,obyzje
5,obvie,4,Obvi
6,obvier,5,Obvje
5,obèse,4,obEz
9,obédience,7,obedj@s
5,obéir,5,obeiR
10,obéissance,7,obeis@s
9,obéissant,6,obeis@
9,obélisque,7,obelisk
6,obérer,5,obeRe
7,obésité,7,obezite
7,ocarina,7,okaRina
6,occase,4,okaz
8,occasion,6,okazj§
11,occasionnel,9,okazjonEl
17,occasionnellement,12,okazjonEl°m@
11,occasionner,8,okazjone
8,occident,6,Oksid@
10,occidental,9,Oksid@tal
17,occidentalisation,15,Oksid@talizasj§
14,occidentalisme,12,Oksid@talizm
9,occipital,9,Oksipital
7,occiput,7,Oksipyt
6,occire,5,OksiR
5,occis,4,Oksi
7,occitan,6,Oksit@
9,occlusion,7,oklyzj§
11,occultation,9,okyltasj§
7,occulte,5,okylt
11,occultement,8,okylt°m@
8,occulter,6,okylte
10,occultisme,8,okyltizm
10,occultiste,8,Okyltist
8,occupant,5,okyp@
10,occupation,8,okypasj§
7,occuper,5,okype
6,occupé,5,okype
10,occurrence,6,okyR@s
6,ocelot,5,Os°lo
4,ocre,3,OkR
6,ocreux,4,okR2
6,octane,5,Oktan
6,octant,4,Okt@
7,octante,5,Okt@t
6,octave,5,Oktav
6,octavo,6,Oktavo
5,octet,4,OktE
6,octidi,6,Oktidi
7,octobre,6,OktObR
9,octogonal,9,Oktogonal
8,octogone,7,Oktogon
11,octogénaire,9,OktoZenER
11,octosyllabe,9,Oktosilab
6,octroi,6,OktRwa
8,octroyer,8,OktRwaje
6,octuor,6,Okt8OR
7,octuple,6,Oktypl
8,oculaire,6,okylER
8,oculiste,7,okylist
11,oculomoteur,10,OkylomOt9R
6,oculus,6,okylys
9,ocytocine,8,OsitOsin
5,océan,4,ose@
9,océanique,7,oseanik
12,océanographe,10,oseanogRaf
13,océanographie,11,oseanogRafi
15,océanographique,12,oseanogRafik
11,océanologie,10,OseanOlOZi
11,océanologue,9,OseanOlOg
9,odalisque,7,odalisk
3,ode,2,Od
8,odelette,6,od°lEt
5,odeur,4,od9R
11,odieusement,8,odj2z°m@
6,odieux,4,odj2
8,odomètre,7,OdOmEtR
11,odontologie,9,od§toloZi
13,odontologiste,11,Od§tOlOZist
7,odorant,5,odoR@
6,odorat,5,odoRa
11,odoriférant,9,odoRifeR@
7,odyssée,5,odise
5,odéon,4,ode§
11,oecuménique,8,2kymenik
11,oecuménisme,9,2kymenizm
6,oedipe,4,2dip
8,oedipien,6,2dipj5
6,oedème,4,2dEm
4,oeil,2,9j
13,oeil-de-boeuf,7,9jd°b9f
8,oeillade,4,9jad
7,oeillet,3,9jE
9,oeilleton,5,9j°t§
9,oeillette,4,9jEt
8,oeillère,4,9jER
9,oenologie,7,2noloZi
11,oenologique,8,2noloZik
9,oenophile,6,2nofil
9,oenothera,6,2notRa
9,oenothère,6,2notER
9,oesophage,6,2zofaZ
11,oesophagien,8,2zofaZj5
10,oestrogène,8,2stRoZEn
4,oeuf,2,9f
6,oeuvre,3,9vR
7,oeuvrer,4,9vRe
9,oeuvrette,5,9vREt
3,off,2,Of
9,off-shore,5,OfSOR
9,offensant,5,of@s@
7,offense,4,of@s
8,offenser,5,of@se
9,offenseur,6,of@s9R
8,offensif,6,of@sif
9,offensive,6,of@siv
7,offensé,5,of@se
10,offertoire,8,ofERtwaR
6,office,4,ofis
8,official,7,Ofisjal
12,officialiser,10,ofisjalize
11,officialité,10,ofisjalite
9,officiant,6,ofisj@
8,officiel,7,ofisjEl
14,officiellement,10,ofisjEl°m@
8,officier,6,ofisje
14,officieusement,10,ofisj2z°m@
9,officieux,6,ofisj2
8,officine,6,ofisin
8,offrande,5,ofR@d
7,offrant,4,ofR@
5,offre,3,OfR
6,offrir,5,ofRiR
6,offset,5,OfsEt
8,offshore,5,OfSOR
11,offuscation,9,ofyskasj§
10,offusquant,6,ofysk@
9,offusquer,6,ofyske
8,offusqué,6,ofyske
5,oflag,5,Oflag
6,ogival,6,oZival
5,ogive,4,oZiv
4,ogre,3,OgR
7,ogresse,5,ogREs
2,oh,1,o
3,ohé,2,oe
3,oie,2,wa
6,oignon,3,ON§
5,oille,3,waj
6,oindre,4,w5dR
4,oing,2,w5
4,oint,2,w5
6,oiseau,4,wazo
10,oiseau-clé,7,wazokle
11,oiseau-lyre,7,wazoliR
13,oiseau-mouche,7,wazomuS
14,oiseau-vedette,9,wazov°dEt
7,oiselet,6,waz°lE
8,oiseleur,7,waz°l9R
8,oiselier,7,waz°lje
7,oiselle,5,wazEl
10,oisellerie,8,wazEl°Ri
6,oiseux,4,waz2
5,oisif,5,wazif
8,oisillon,6,wazij§
10,oisivement,8,waziv°m@
8,oisiveté,8,waziv°te
5,oison,4,waz§
2,ok,3,oke
3,oka,3,oka
5,okapi,5,Okapi
6,okoumé,5,okume
3,ola,3,ola
8,olfactif,8,Olfaktif
12,olfactomètre,11,OlfaktOmEtR
8,olibrius,9,olibRijys
7,olifant,5,olif@
10,oligarchie,8,oligaRSi
5,olive,4,oliv
6,oliver,5,Olive
9,oliveraie,7,oliv°RE
8,olivette,6,olivEt
7,olivier,6,olivje
7,olivine,6,Olivin
8,olivâtre,7,olivatR
4,ollé,4,Olle
7,olmèque,5,OlmEk
9,olographe,7,ologRaf
6,olympe,4,ol5p
9,olympiade,7,ol5pjad
8,olympien,6,ol5pj5
9,olympique,6,ol5pik
3,olé,3,ole
7,olé-olé,6,oleole
10,oléagineux,8,oleaZin2
8,olécrane,7,OlekRan
8,olécrâne,7,olekRan
7,oléfine,6,Olefin
6,oléine,5,olein
7,oléoduc,7,oleodyk
5,omani,5,omani
7,ombelle,4,§bEl
7,ombilic,6,§bilik
9,ombilical,8,§bilikal
5,omble,3,§bl
7,ombrage,5,§bRaZ
8,ombrager,6,§bRaZe
14,ombrageusement,10,§bRaZ2z°m@
9,ombrageux,6,§bRaZ2
7,ombragé,6,§bRaZe
7,ombrant,4,§bR@
5,ombre,3,§bR
8,ombrelle,5,§bREl
6,ombrer,4,§bRe
7,ombreux,4,§bR2
5,ombré,4,§bRe
6,ombrée,4,§bRe
8,omelette,6,om°lEt
6,omerta,6,omERta
7,omettre,5,omEtR
7,omicron,6,omikR§
4,omis,3,omi
8,omission,6,omisj§
4,omni,4,Omni
7,omnibus,7,Omnibys
16,omnidirectionnel,15,OmnidiREksjonEl
11,omnipotence,9,Omnipot@s
10,omnipotent,8,Omnipot@
12,omniprésence,10,OmnipRez@s
11,omniprésent,9,OmnipRez@
13,omnipuissance,10,Omnip8is@s
11,omniscience,8,Omnisj@s
10,omniscient,7,Omnisj@
10,omnisports,8,OmnispOR
6,omnium,6,OmnjOm
8,omnivore,7,OmnivOR
8,omoplate,7,omoplat
8,omphalos,5,§falo
5,oméga,5,omega
2,on,1,§
6,on-dit,3,§di
7,on-line,6,Onlajn
6,onagre,5,onagR
8,onanisme,7,onanizm
8,onaniste,7,onanist
3,onc,2,§k
4,once,2,§s
5,oncle,3,§kl
9,oncologie,7,§koloZi
11,oncologique,8,§koloZik
9,oncologue,6,§kolOg
7,onction,5,§ksj§
13,onctueusement,9,§kt82z°m@
8,onctueux,5,§kt82
10,onctuosité,9,§kt8ozite
7,ondatra,6,§datRa
4,onde,2,§d
5,onder,3,§de
5,ondin,3,§d5
6,ondine,4,§din
10,ondoiement,6,§dwam@
8,ondoyant,6,§dwaj@
7,ondoyer,6,§dwaje
8,ondulant,5,§dyl@
10,ondulation,8,§dylasj§
11,ondulatoire,9,§dylatwaR
7,onduler,5,§dyle
8,onduleux,5,§dyl2
6,ondulé,5,§dyle
5,ondée,3,§de
8,one-step,7,wanstEp
5,ongle,3,§gl
6,onglet,4,§glE
6,onglon,4,§gl§
6,onglée,4,§gle
7,onguent,3,§g@
6,ongulé,5,§gyle
8,onirique,6,oniRik
8,onirisme,7,OniRism
10,onirologie,9,oniRoloZi
10,onomatopée,9,onomatope
13,onomatopéique,11,onomatopeik
4,onto,3,§to
9,ontologie,7,§toloZi
11,ontologique,8,§toloZik
15,ontologiquement,11,§tOlOZik°m@
4,onyx,5,oniks
4,onze,2,§z
7,onzième,5,§zjEm
7,onéreux,5,oneR2
13,opacification,12,opasifikasj§
9,opacifier,8,opasifje
7,opacité,7,opasite
5,opale,4,opal
11,opalescence,8,opales@s
10,opalescent,7,opales@
6,opalin,5,opal5
6,opaque,4,opak
3,ope,2,Op
4,open,4,op°n
8,opercule,7,opERkyl
8,ophidien,6,Ofidj5
6,ophite,4,ofit
11,ophtalmique,8,Oftalmik
13,ophtalmologie,11,OftalmoloZi
15,ophtalmologique,12,OftalmoloZik
15,ophtalmologiste,13,OftalmoloZist
13,ophtalmologue,10,OftalmolOg
13,ophtalmoscope,11,OftalmoskOp
6,opiacé,6,opjase
5,opiat,4,Opja
6,opimes,4,opim
6,opinel,6,opinEl
6,opiner,5,opine
7,opinion,6,opinj§
9,opiniâtre,8,opinjatR
13,opiniâtrement,11,opinjatR°m@
11,opiniâtreté,11,opinjatR°te
8,opiomane,7,opjoman
5,opium,5,opjOm
8,opopanax,9,opopanaks
8,opoponax,9,opoponaks
7,opossum,6,oposOm
7,oppidum,6,opidOm
8,opportun,6,opORt1
12,opportunisme,10,opORtynizm
12,opportuniste,10,opORtynist
11,opportunité,10,opORtynite
13,opportunément,10,opORtynem@
9,opposable,7,opozabl
8,opposant,5,opoz@
7,opposer,5,opoze
10,opposition,8,opozisj§
13,oppositionnel,11,OpozisjOnEl
6,opposé,5,opoze
10,oppressant,6,opRes@
9,oppresser,6,opRese
10,oppresseur,7,opRes9R
9,oppressif,7,opResif
10,oppression,7,opResj§
8,oppressé,6,opRese
8,opprimer,6,opRime
7,opprimé,6,opRime
8,opprobre,6,opRObR
9,optalidon,8,Optalid§
6,optant,4,Opt@
7,optatif,7,Optatif
5,opter,4,Opte
8,opticien,7,Optisj5
7,optimal,7,Optimal
6,optime,5,Optim
12,optimisation,11,Optimizasj§
9,optimiser,8,Optimize
9,optimisme,8,Optimizm
9,optimiste,8,Optimist
7,optimum,7,OptimOm
6,option,5,Opsj§
9,optionnel,8,OpsjonEl
7,optique,5,Optik
10,optométrie,9,OptometRi
12,optométriste,11,OptometRist
8,opulence,6,opyl@s
7,opulent,5,opyl@
4,opus,4,opys
8,opuscule,7,opyskyl
5,opéra,5,opeRa
13,opéra-comique,10,opeRakomik
8,opérable,7,opeRabl
7,opérant,5,opeR@
9,opérateur,8,opeRat9R
9,opération,8,opeRasj§
17,opération-miracle,14,opeRasj§miRakl
12,opérationnel,11,opeRasjonEl
10,opératique,8,OpeRatik
10,opératoire,9,opeRatwaR
6,opérer,5,opeRe
8,opérette,6,opeREt
5,opéré,5,opeRe
2,or,2,OR
6,oracle,5,oRakl
5,orage,4,oRaZ
7,orageux,5,oRaZ2
7,oraison,5,oREz§
4,oral,4,oRal
9,oralement,7,oRal°m@
7,oralité,7,oRalite
7,oranais,5,oRanE
11,orang-outan,6,oR@ut@
12,orang-outang,6,oR@ut@
6,orange,4,oR@Z
9,orangeade,6,oR@Zad
7,oranger,5,oR@Ze
10,orangeraie,7,oR@Z°RE
9,orangerie,7,oR@Z°Ri
6,orangé,5,oR@Ze
5,orant,3,oR@
7,orateur,6,oRat9R
8,oratoire,7,oRatwaR
9,oratorien,8,oRatoRj5
8,oratorio,8,oRatoRjo
4,orbe,3,ORb
11,orbiculaire,9,ORbikylER
9,orbitaire,7,ORbitER
7,orbital,7,ORbital
6,orbite,5,ORbit
7,orbiter,6,ORbite
8,orbitèle,7,ORbitEl
10,orchestral,9,ORkEstRal
13,orchestration,11,ORkEstRasj§
9,orchestre,7,ORkEstR
10,orchestrer,8,ORkEstRe
9,orchestré,8,ORkEstRe
8,orchidée,6,ORkide
6,orchis,5,ORkis
3,ord,2,OR
7,ordalie,6,ORdali
9,ordinaire,7,ORdinER
13,ordinairement,10,ORdinER°m@
7,ordinal,7,ORdinal
8,ordinant,6,ORdin@
10,ordinateur,9,ORdinat9R
10,ordination,9,ORdinasj§
4,ordo,4,ORdo
10,ordonnance,7,ORdon@s
14,ordonnancement,10,ORdon@s°m@
11,ordonnancer,8,ORdon@se
11,ordonnateur,9,ORdonat9R
8,ordonner,6,ORdone
7,ordonné,6,ORdone
5,ordre,4,ORdR
6,ordure,5,ORdyR
8,ordurier,7,ORdyRje
3,ore,2,OR
7,oreille,4,oREj
8,oreiller,5,oReje
10,oreillette,6,oREjEt
7,orfraie,5,ORfRE
7,orfèvre,6,ORfEvR
10,orfèvrerie,9,ORfEvR°Ri
7,organdi,6,ORg@di
6,organe,5,ORgan
11,organiciser,10,ORganisize
12,organigramme,10,ORganigRam
9,organique,7,ORganik
13,organiquement,10,ORganik°m@
12,organisateur,11,ORganizat9R
12,organisation,11,ORganizasj§
9,organiser,8,ORganize
10,organiseur,9,ORganiz9R
9,organisme,8,ORganizm
9,organiste,8,ORganist
12,organistique,10,ORganistik
8,organisé,8,ORganize
16,organométallique,13,ORganometalik
7,organon,6,ORgan§
7,orgasme,6,ORgasm
10,orgasmique,8,ORgasmik
10,orgastique,8,ORgastik
4,orge,3,ORZ
6,orgeat,4,ORZa
7,orgelet,6,ORZ°lE
8,orgiaque,6,ORZjak
11,orgiastique,9,ORZjastik
5,orgie,4,ORZi
5,orgue,3,ORg
7,orgueil,5,ORg9j
16,orgueilleusement,10,ORg9j2z°m@
11,orgueilleux,6,ORg9j2
6,oribus,6,oRibys
6,orient,4,oRj@
10,orientable,8,oRj@tabl
8,oriental,7,oRj@tal
12,orientalisme,10,oRj@talizm
12,orientaliste,10,oRj@talist
11,orientation,9,oRj@tasj§
8,orienter,6,oRj@te
9,orienteur,7,oRj@t9R
7,orienté,6,oRj@te
7,orifice,6,oRifis
9,oriflamme,7,oRiflam
7,origami,7,oRigami
6,origan,5,oRig@
10,originaire,8,oRiZinER
14,originairement,11,oRiZinER°m@
8,original,8,oRiZinal
13,originalement,11,oRiZinal°m@
11,originalité,11,oRiZinalite
7,origine,6,oRiZin
8,originel,8,oRiZinEl
14,originellement,11,oRiZinEl°m@
7,orignal,6,oRiNal
7,orillon,5,oRij§
4,orin,3,oR5
5,oriol,5,ORjOl
5,orlon,4,ORl§
9,orléanais,7,ORleanE
10,orléanisme,9,ORleanizm
10,orléaniste,9,ORleanist
4,orme,3,ORm
6,ormeau,4,ORmo
8,ornement,6,ORn°m@
10,ornemental,9,ORn°m@tal
13,ornementation,11,ORn°m@tasj§
10,ornementer,8,ORn°m@te
5,orner,4,ORne
12,ornithologie,10,ORnitoloZi
14,ornithologique,11,ORnitoloZik
12,ornithologue,9,ORnitolOg
12,ornithoptère,10,ORnitOptER
13,ornithorynque,9,ORnitoR5k
7,ornière,6,ORnjER
4,orné,4,ORne
10,orographie,8,OROgRafi
6,oronge,4,oR§Z
10,oropharynx,9,ORofaR5ks
10,orpailleur,7,ORpaj9R
8,orphelin,6,ORf°l5
10,orphelinat,8,ORf°lina
6,orphie,4,ORfi
8,orphique,5,ORfik
8,orphisme,6,ORfizm
6,orphée,4,ORfe
7,orphéon,5,ORfe§
11,orphéoniste,9,ORfeonist
8,orpiment,6,ORpim@
5,orpin,4,ORp5
5,orque,3,ORk
5,orsec,5,ORsEk
3,ort,2,OR
6,orteil,5,ORtEj
5,ortho,4,ORto
11,orthodontie,8,ORtod§si
13,orthodontique,9,ORtod§tik
13,orthodontiste,10,ORtod§tist
9,orthodoxe,8,ORtodOks
10,orthodoxie,9,ORtodOksi
10,orthogonal,9,ORtOgonal
11,orthographe,8,ORtogRaf
13,orthographier,10,ORtogRafje
14,orthographique,10,ORtogRafik
11,orthophonie,8,ORtofoni
13,orthophoniste,10,ORtofonist
10,orthoptère,8,ORtOptER
10,orthopédie,8,ORtopedi
12,orthopédique,9,ORtopedik
12,orthopédiste,10,ORtopedist
13,orthostatique,10,ORtostatik
5,ortie,4,ORti
7,ortolan,6,ORtol@
9,ortédrine,8,ORtedRin
5,orvet,4,ORvE
10,oryctérope,9,oRikteROp
4,oryx,5,oRiks
6,oréade,5,oRead
4,orée,3,oRe
6,orémus,6,oRemys
2,os,2,Os
5,oscar,5,OskaR
9,oscillant,5,osij@
11,oscillateur,8,osijat9R
11,oscillation,8,osijasj§
12,oscillatoire,9,osijatwaR
8,osciller,5,osije
13,oscillographe,9,osijogRaf
12,oscillomètre,9,osijomEtR
12,oscilloscope,9,osijoskOp
3,ose,2,oz
7,oseille,4,ozEj
4,oser,3,oze
7,oseraie,5,oz°Re
9,oseraient,5,oz°RE
5,osier,4,ozje
6,osmium,6,OsmjOm
7,osmonde,5,Osm§d
6,osmose,5,Osmoz
8,ossature,6,osatyR
7,osselet,5,Os°lE
8,ossement,5,Os°m@
6,osseux,3,os2
12,ossification,10,osifikasj§
9,osso buco,7,osobuko
8,ossuaire,5,os8ER
3,ost,3,Ost
10,ostensible,8,Ost@sibl
14,ostensiblement,11,Ost@sibl°m@
9,ostensoir,8,Ost@swaR
11,ostentation,9,Ost@tasj§
12,ostentatoire,10,Ost@tatwaR
16,ostentatoirement,13,Ost@tatwaR°m@
8,ostinato,8,Ostinato
10,ostracisme,9,OstRasizm
9,ostrogoth,7,OstRogo
13,ostréiculteur,12,OstReikylt9R
13,ostréiculture,12,OstReikyltyR
13,ostéoarthrite,11,OsteoaRtRit
11,ostéogenèse,10,OsteoZ°nEz
12,ostéologique,10,OsteOlOZik
12,ostéomyélite,11,Osteomjelit
10,ostéopathe,8,Osteopat
11,ostéopathie,9,Osteopati
11,ostéoporose,10,OsteopoRoz
12,ostéosarcome,11,OsteosaRkom
10,ostéotomie,9,OsteotOmi
3,osé,3,oze
5,otage,4,otaZ
7,otalgie,6,OtalZi
6,otarie,5,otaRi
5,otite,4,otit
9,oto-rhino,7,otoRino
24,oto-rhino-laryngologique,18,otoRinolaR5gOlOZik
24,oto-rhino-laryngologiste,19,otoRinolaR5goloZist
8,otoscope,7,OtOskOp
12,otospongiose,10,Otosp§Zjoz
7,ottoman,5,otom@
8,ottomane,6,otoman
2,ou,1,u
4,ouah,2,wa
7,ouaille,3,waj
5,ouais,2,wE
10,ouananiche,7,wananiS
9,ouaouaron,6,wawaR§
5,ouate,3,wat
7,ouateux,4,wat2
8,ouatiner,6,watine
5,ouaté,4,wate
5,oubli,4,ubli
9,oubliable,8,ublijabl
6,oublie,4,ubli
7,oublier,6,ublije
9,oubliette,7,ublijEt
8,oublieux,6,ublij2
6,oublié,6,ublije
5,ouche,2,uS
4,oued,3,wEd
5,ouest,4,wEst
14,ouest-allemand,9,wEstal°m@
3,ouf,2,uf
9,ougandais,5,ug@dE
3,ouh,1,u
3,oui,2,wi
6,oui-da,4,wida
6,ouiche,3,wiS
8,ouighour,5,uiguR
6,ouille,2,uj
8,ouistiti,7,wistiti
6,ouléma,5,ulema
5,ounce,4,awns
7,ouragan,5,uRag@
6,ourdir,5,uRdiR
10,ourdissage,7,uRdisaZ
10,ourdisseur,7,uRdis9R
10,ourdissoir,8,uRdiswaR
6,ourdou,4,uRdu
6,ourler,4,uRle
6,ourlet,4,uRlE
9,ouroboros,8,uRoboROs
4,ours,3,uRs
6,oursin,4,uRs5
6,ourson,4,uRs§
6,ousque,3,usk
4,oust,3,ust
8,oustachi,6,ustaSi
5,ouste,3,ust
3,out,3,awt
7,outarde,5,utaRd
5,outil,3,uti
9,outillage,6,utijaZ
8,outiller,5,utije
9,outilleur,6,utij9R
7,outillé,5,utije
6,outlaw,5,awtlo
7,outrage,5,utRaZ
10,outrageant,6,utRaZ@
8,outrager,6,utRaZe
14,outrageusement,10,utRaZ2z°m@
9,outrageux,6,utRaZ2
8,outrance,5,utR@s
10,outrancier,7,utR@sje
5,outre,3,utR
16,outre-atlantique,10,utRatl@tik
12,outre-manche,7,utR°m@S
9,outre-mer,7,utR°mER
10,outre-rhin,6,utR°R5
11,outre-tombe,7,utR°t§b
13,outrecuidance,10,utR°k8id@s
12,outrecuidant,9,utR°k8id@
8,outremer,7,utR°mER
11,outrepasser,8,utR°pase
6,outrer,4,utRe
9,outrigger,8,awtRig9R
5,outré,4,utRe
8,outsider,9,awtsajd9R
6,ouvert,4,uvER
11,ouvertement,8,uvERt°m@
9,ouverture,7,uvERtyR
8,ouvrable,6,uvRabl
7,ouvrage,5,uvRaZ
8,ouvrager,6,uvRaZe
7,ouvragé,6,uvRaZe
7,ouvrant,4,uvR@
15,ouvre-bouteille,9,uvR°butEj
11,ouvre-boîte,8,uvR°bwat
12,ouvre-boîtes,8,uvR°bwat
6,ouvrer,4,uvRe
7,ouvreur,5,uvR9R
7,ouvrier,6,uvRije
6,ouvrir,5,uvRiR
11,ouvriérisme,10,uvRijeRizm
11,ouvriériste,10,uvRijeRist
7,ouvroir,6,uvRwaR
5,ouvré,4,uvRe
4,ouzo,3,uzo
8,ouï-dire,5,widiR
4,ouïe,2,wi
7,ouïgour,5,uiguR
4,ouïr,3,wiR
6,ovaire,4,ovER
8,ovalaire,6,ovalER
5,ovale,4,oval
12,ovariectomie,11,OvaRjEktOmi
7,ovarien,6,ovaRj5
11,ovariotomie,10,ovaRjotomi
7,ovation,6,ovasj§
10,ovationner,8,ovasjone
3,ove,2,Ov
8,overdose,7,Ov9Rdoz
9,overdrive,9,Ov9RdRajv
6,ovibos,6,ovibOs
4,ovin,3,ov5
7,ovipare,6,ovipaR
4,ovni,4,Ovni
7,ovocyte,6,ovosit
7,ovoïdal,7,ovoidal
6,ovoïde,5,ovoid
8,ovulaire,6,ovylER
9,ovulation,8,ovylasj§
5,ovule,4,ovyl
6,ovuler,5,ovyle
7,oxalate,7,Oksalat
4,oxer,4,Okse
9,oxfordien,9,OksfORdj5
10,oxhydrique,8,OksidRik
3,oxo,4,Okso
11,oxychlorure,10,OksiklORyR
7,oxydant,6,Oksid@
9,oxydation,9,Oksidasj§
5,oxyde,5,Oksid
6,oxyder,6,Okside
7,oxygène,7,OksiZEn
11,oxygénation,11,OksiZenasj§
8,oxygéner,8,OksiZene
7,oxygéné,8,OksiZene
7,oxymore,7,OksimOR
8,oxymoron,8,OksimoR§
9,oxymétrie,9,OksimetRi
5,oyant,4,waj@
4,oyat,3,oja
3,oye,2,wa
5,ozone,4,ozon
3,oïl,3,Ojl
2,où,1,u
2,p.,2,pe
4,p.m.,4,peEm
2,pa,2,pa
6,pacage,5,pakaZ
9,pacemaker,9,pEs°mEk9R
5,pacha,4,paSa
8,pachinko,8,patSinko
6,pachon,4,paS§
10,pachyderme,8,paSidERm
13,pachydermique,10,paSidERmik
12,pacificateur,11,pasifikat9R
12,pacification,11,pasifikasj§
8,pacifier,7,pasifje
9,pacifique,7,pasifik
13,pacifiquement,10,pasifik°m@
9,pacifisme,8,pasifizm
9,pacifiste,8,pasifist
4,pack,3,pak
7,package,5,pakaZ
9,packaging,7,pakaZiG
7,packson,5,paks§
9,pacotille,7,pakotij
4,pacs,4,paks
6,pacsif,5,pakif
6,pacson,5,paks§
5,pacte,4,pakt
8,pactiser,7,paktize
7,pactole,6,paktOl
3,pad,3,pad
7,paddock,5,padOk
9,paddocker,7,padok9R
5,paddy,4,padi
6,paella,5,paela
3,paf,3,paf
6,pagaie,4,pagE
8,pagaille,5,pagaj
10,pagailleux,6,pagaj2
9,paganisme,8,paganizm
6,pagaye,5,pagaj
7,pagayer,6,pageje
8,pagayeur,7,pagEj9R
6,pagaïe,5,pagaj
4,page,3,paZ
6,pageot,4,paZo
5,pager,4,paZe
10,pagination,9,paZinasj§
7,paginer,6,paZine
5,pagne,3,paN
6,pagnon,4,paN§
8,pagnoter,6,paNote
6,pagode,5,pagOd
7,pagodon,6,pagod§
6,pagure,5,pagyR
5,pagus,5,pagys
4,paie,2,pE
8,paiement,4,pEm@
7,paierie,4,peRi
8,paillard,5,pajaR
13,paillardement,9,pajaRd2m@
11,paillardise,8,pajaRdiz
9,paillasse,5,pajas
10,paillasson,6,pajas§
6,paille,3,paj
7,pailler,4,paje
9,pailleter,6,paj°te
9,paillette,5,pajEt
8,pailleté,6,paj°te
8,pailleux,4,paj2
7,paillis,4,paji
7,paillon,4,paj§
7,paillot,4,pajo
8,paillote,5,pajOt
6,paillu,4,pajy
6,paillé,4,paje
4,pain,2,p5
4,pair,3,pER
5,paire,3,pER
6,pairie,4,peRi
8,paisible,6,pezibl
12,paisiblement,9,pezibl°m@
6,paiute,5,pajyt
4,paix,2,pE
11,pakistanais,9,pakistanE
9,pakistano,9,pakistano
3,pal,3,pal
7,palabre,6,palabR
8,palabrer,7,palabRe
9,palabreur,8,palabR9R
6,palace,5,palas
7,paladin,6,palad5
6,palais,4,palE
5,palan,4,pal@
8,palanche,5,pal@S
11,palangrotte,8,pal@gROt
9,palanquer,6,pal@ke
9,palanquin,6,pal@k5
8,palastre,7,palastR
7,palatin,6,palat5
12,palatisation,11,palatizasj§
7,palazzo,7,paladzo
4,pale,3,pal
11,palefrenier,10,pal°fR°nje
8,palefroi,8,pal°fRwa
7,paleron,6,pal°R§
11,palestinien,10,palEstinj5
8,palestre,7,palEstR
5,palet,4,palE
7,paletot,6,pal°to
7,palette,5,palEt
6,palier,5,palje
8,palikare,7,palikaR
9,palilalie,8,palilali
11,palimpseste,9,pal5psEst
10,palindrome,8,pal5dRom
9,palinodie,8,palinodi
10,palinodier,9,palinOdje
5,palis,4,pali
9,palissade,7,palisad
11,palissandre,8,palis@dR
12,palissonnage,9,palisOnaZ
9,palladium,8,paladjOm
5,palle,4,pal2
9,palliatif,8,paljatif
7,pallier,5,palje
13,palma-christi,11,palmakRisti
8,palmaire,6,palmER
8,palmarès,8,palmaREs
5,palme,4,palm
6,palmer,6,palmER
6,palmer,5,palme
9,palmeraie,7,palm°Re
8,palmette,6,palmEt
7,palmier,6,palmje
9,palmipède,8,palmipEd
8,palmiste,7,palmist
7,palmure,6,palmyR
7,palombe,5,pal§b
9,palonnier,7,palonje
5,palot,4,palo
8,palourde,6,paluRd
8,palpable,7,palpabl
9,palpation,8,palpasj§
5,palpe,4,palp
6,palper,5,palpe
7,palpeur,6,palp9R
9,palpitant,7,palpit@
11,palpitation,10,palpitasj§
11,palpitement,9,palpit°m@
8,palpiter,7,palpite
10,palsambleu,8,pals@bl2
9,paltoquet,7,paltokE
4,palu,4,paly
7,paluche,5,palyS
8,palucher,6,palySe
12,paludamentum,11,palydam@tOm
9,paludisme,8,palydizm
9,paludière,8,palydjER
5,palus,4,paly
8,palustre,7,palystR
11,palynologie,10,palinOlOZi
4,palé,4,pale
5,paléo,5,paleo
12,paléographie,10,paleogRafi
13,paléolithique,10,paleolitik
13,paléontologie,11,pale§toloZi
15,paléontologiste,13,pale§toloZist
13,paléontologue,10,pale§tolOg
11,paléozoïque,9,paleozoik
10,palétuvier,9,paletyvje
5,pampa,4,p@pa
7,pampero,6,p@p°Ro
8,pamphlet,5,p@flE
12,pamphlétaire,8,p@fletER
12,pamplemousse,8,p@pl°mus
14,pamplemoussier,10,p@pl°musje
6,pampre,4,p@pR
3,pan,2,p@
10,pan bagnat,6,p@baNa
9,panachage,7,panaSaZ
7,panache,5,panaS
8,panacher,6,panaSe
7,panaché,6,panaSe
7,panacée,6,panase
6,panade,5,panad
6,panais,4,panE
6,panama,6,panama
8,panaméen,7,paname5
10,panaméenne,8,panameEn
12,panaméricain,10,panameRik5
11,panarabisme,10,panaRabizm
6,panard,5,panaR
7,panaris,6,panaRi
9,panatella,8,panatEla
13,panathénaïque,10,panatenaik
11,panathénées,8,panatene
7,pancake,5,p@kEk
8,pancarte,6,p@kaRt
11,panceltique,8,p@sEltik
8,pancetta,6,p@sEta
11,panclastite,9,p@klastit
8,pancrace,6,p@kRas
8,pancréas,7,p@kReas
15,pancréatectomie,13,p@kReatEktOmi
12,pancréatique,9,p@kReatik
11,pancréatite,9,p@kReatit
5,panda,4,p@da
8,pandanus,7,p@danys
6,pandit,4,p@di
7,pandore,5,p@dOR
8,pandémie,6,p@demi
11,pandémonium,10,p@demonjOm
5,panel,5,panEl
5,paner,4,pane
8,panetier,7,pan°tje
13,pangermanisme,11,p@ZERmanizm
5,panic,5,panik
6,panier,5,panje
12,panier-repas,9,panjeR°pa
12,panification,11,panifikasj§
6,panini,6,panini
9,paniquant,6,panik@
7,panique,5,panik
8,paniquer,6,panike
7,paniqué,6,panike
5,panis,4,pani
7,panière,6,panjER
5,panka,4,p@ka
5,panne,3,pan
7,panneau,4,pano
15,panneau-réclame,10,panoReklam
6,panner,4,pane
8,panneton,6,pan°t§
5,panné,4,pane
4,pano,4,pano
9,panonceau,6,pan§so
8,panoplie,7,panopli
8,panorama,8,panoRama
11,panoramique,9,panoRamik
12,panoramiquer,10,panoRamike
7,panosse,5,panOs
9,panouille,5,panuj
7,pansage,5,p@saZ
5,panse,3,p@s
9,pansement,6,p@s°m@
6,panser,4,p@se
10,panspermie,8,p@spERmi
5,pansu,4,p@sy
14,pantagruélique,11,p@tagRyelik
8,pantalon,6,p@tal§
12,pantalonnade,9,p@talonad
5,pante,3,p@t
9,pantelant,6,p@t°l@
8,panteler,6,p@t°le
8,panthère,5,p@tER
10,panthéisme,7,p@teizm
10,panthéiste,7,p@teist
8,panthéon,5,p@te§
6,pantin,4,p@t5
7,pantins,4,p@t5
8,pantière,6,p@tjER
11,pantocrator,10,p@tOkRatOR
11,pantographe,8,p@togRaf
7,pantois,5,p@twa
9,pantomime,7,p@tomim
11,pantouflard,8,p@tuflaR
9,pantoufle,6,p@tufl
10,pantoufler,7,p@tufle
5,panty,4,p@ti
7,panurge,6,panyRZ
10,panurgisme,9,panyRZizm
6,panzer,6,p@nzER
4,pané,4,pane
11,panégyrique,9,paneZiRik
5,paolo,5,paOlo
4,paon,2,p@
4,papa,4,papa
11,papa-cadeau,8,papakado
7,papable,6,papabl
5,papal,5,papal
10,papamobile,9,papamObil
9,paparazzi,9,papaRadzi
9,paparazzo,9,papaRadzo
5,papas,4,papa
7,papauté,6,papote
7,papaver,7,papavER
10,papavérine,9,papaveRin
6,papaye,5,papaj
7,papayer,6,papaje
4,pape,3,pap
7,papegai,5,papgE
8,papelard,7,pap°laR
9,paperasse,7,pap°Ras
10,paperasser,8,pap°Rase
12,paperasserie,10,pap°Ras°Ri
11,paperassier,9,pap°Rasje
7,papesse,5,papEs
5,papet,4,papE
9,papeterie,8,papet°Ri
8,papetier,7,pap°tje
4,papi,4,papi
6,papier,5,papje
13,papier-cadeau,9,papjekado
14,papier-monnaie,9,papjemonE
11,papilionacé,11,papiljOnase
10,papillaire,7,papilER
7,papille,5,papij
14,papillomavirus,13,papijOmaviRys
8,papillon,6,papij§
12,papillonnage,9,papijonaZ
12,papillonnant,8,papijon@
14,papillonnement,10,papijOn°m@
11,papillonner,8,papijone
11,papillotant,8,papijot@
9,papillote,7,papijOt
10,papilloter,8,papijote
7,papisme,6,papizm
7,papiste,6,papist
8,papotage,7,papotaZ
7,papoter,6,papote
5,papou,4,papu
9,papouille,5,papuj
10,papouiller,6,papuje
7,paprika,7,papRika
4,papy,4,papi
7,papyrus,7,papiRys
4,papé,4,pape
6,paqson,5,paks§
8,paquebot,6,pak°bo
6,paquet,4,pakE
13,paquet-cadeau,8,pakEkado
9,paquetage,7,pak°taZ
15,paquets-cadeaux,8,pakEkado
7,paqueté,6,pak°te
3,par,3,paR
11,par mégarde,9,paRmegaRd
6,par-ci,5,paRsi
10,par-dedans,7,paRd°d@
8,par-delà,7,paRd°la
12,par-derrière,9,paRdERjER
11,par-dessous,7,paRd°su
10,par-dessus,7,paRd°sy
10,par-devant,7,paRd°v@
10,par-devers,8,paRd°vER
4,para,4,paRa
11,para-humain,7,paRaym5
10,parabellum,9,paRabelOm
8,parabole,7,paRabOl
11,parabolique,9,paRabolik
15,paraboliquement,12,paRabOlik°m@
11,paraboloïde,10,paRabOlOid
10,parachever,8,paRaS°ve
11,parachutage,9,paRaSytaZ
9,parachute,7,paRaSyt
10,parachuter,8,paRaSyte
12,parachutisme,10,paRaSytizm
12,parachutiste,10,paRaSytist
13,parachèvement,10,paRaSEv°m@
8,paraclet,7,paRaklE
11,paracétamol,11,paRasetamOl
6,parade,5,paRad
7,parader,6,paRade
9,paradigme,8,paRadigm
7,paradis,6,paRadi
12,paradisiaque,10,paRadizjak
7,parador,7,paRadOR
7,parados,6,paRado
9,paradoxal,10,paRadOksal
14,paradoxalement,13,paRadOksal°m@
8,paradoxe,8,paRadOks
9,paradoxie,9,paRadOksi
7,parafer,6,paRafe
9,paraffine,7,paRafin
9,paraffiné,8,paRafine
6,parage,5,paRaZ
10,paragraphe,8,paRagRaf
10,paraguayen,9,paRagwaj5
6,parait,4,paRE
9,parallaxe,8,paRalaks
9,parallèle,7,paRalEl
13,parallèlement,10,paRalEl°m@
12,parallélisme,10,paRalelizm
12,paralléliste,10,paRalelist
15,parallélogramme,12,paRalelogRam
15,parallélépipède,13,paRalelepipEd
18,parallélépipédique,15,paRalelepipedik
10,paralysant,8,paRaliz@
9,paralyser,8,paRalize
9,paralysie,8,paRalizi
8,paralysé,8,paRalize
11,paralytique,9,paRalitik
14,paramagnétique,11,paRamaNetik
13,paramilitaire,11,paRamilitER
10,paramnésie,9,paRamnezi
9,paramètre,8,paRamEtR
11,paramédical,11,paRamedikal
12,paramétrique,10,paRametRik
8,parangon,6,paR@g§
6,parano,6,paRano
10,paranormal,10,paRanORmal
8,paranoïa,8,paRanoja
11,paranoïaque,9,paRanojak
9,paranoïde,8,paRanoid
15,paranéoplasique,13,paRaneoplazik
9,parapente,7,paRap@t
7,parapet,6,paRapE
13,parapharmacie,11,paRafaRmasi
7,paraphe,5,paRaf
8,parapher,6,paRafe
10,paraphrase,8,paRafRaz
11,paraphraser,9,paRafRaze
9,parapluie,8,paRapl8i
12,paraplégique,10,paRapleZik
13,parapsychique,10,paRapsiSik
15,parapsychologie,13,paRapsikoloZi
17,parapsychologique,14,paRapsikoloZik
15,parapsychologue,12,paRapsikolOg
12,parascolaire,10,paRaskolER
9,parascève,7,paRasEv
11,parasitaire,9,paRazitER
8,parasite,7,paRazit
9,parasiter,8,paRazite
12,parasiticide,11,paRazitisid
11,parasitisme,10,paRazitizm
13,parasitologie,12,paRazitoloZi
10,parasitose,9,paRazitoz
7,parasol,7,paRasOl
12,paratonnerre,9,paRatonER
8,paravent,6,paRav@
8,paraître,6,paREtR
7,parbleu,6,paRbl2
4,parc,4,paRk
7,parcage,6,paRkaZ
5,parce,4,paRs
8,parce qu,6,paRs°k
9,parce que,6,paRs°k
11,parcellaire,8,paRselER
8,parcelle,6,paRsEl
9,parchemin,7,paRS°m5
10,parcheminé,9,paRS°mine
10,parcimonie,9,paRsimoni
17,parcimonieusement,14,paRsimonj2z°m@
12,parcimonieux,10,paRsimonj2
9,parcmètre,8,paRkmEtR
10,parcomètre,9,paRkomEtR
9,parcourir,8,paRkuRiR
8,parcours,6,paRkuR
9,pardessus,7,paRd°sy
5,pardi,5,paRdi
7,pardieu,6,paRdj2
9,pardingue,6,paRd5g
6,pardon,5,paRd§
11,pardonnable,9,paRdonabl
9,pardonner,7,paRdone
10,pare-balle,6,paRbal
11,pare-balles,6,paRbal
9,pare-boue,5,paRbu
10,pare-brise,7,paRbRiz
10,pare-chocs,6,paRSOk
8,pare-feu,5,paRf2
9,pare-feux,5,paRf2
11,pare-soleil,8,paRsolEj
11,pare-éclats,7,paRekla
15,pare-étincelles,9,paRet5sEl
6,pareil,5,paREj
12,pareillement,8,paREj°m@
8,parement,6,paR°m@
10,parenchyme,7,paR@Sim
6,parent,4,paR@
9,parentage,7,paR@taZ
8,parental,7,paR@tal
10,parenthèse,7,paR@tEz
9,parentèle,7,paR@tEl
7,parenté,6,paR@te
5,parer,4,paRe
7,paresse,5,paREs
8,paresser,6,paRese
14,paresseusement,10,paREs2z°m@
9,paresseux,6,paREs2
11,paresthésie,9,paREstezi
6,pareur,5,paR9R
8,parfaire,6,paRfER
7,parfait,5,paRfE
12,parfaitement,9,paRfEt°m@
7,parfois,6,paRfwa
6,parfum,5,paRf1
8,parfumer,7,paRfyme
10,parfumerie,9,paRfym°Ri
9,parfumeur,8,paRfym9R
7,parfumé,7,paRfyme
4,pari,4,paRi
5,paria,5,paRja
7,pariade,6,paRjad
6,parier,5,paRje
7,parieur,6,paRj9R
7,parigot,6,paRigo
11,paris-brest,9,paRibREst
8,parisien,7,paRizj5
9,paritaire,7,paRitER
6,parité,6,paRite
8,pariétal,8,paRjetal
7,parjure,6,paRZyR
8,parjurer,7,paRZyRe
5,parka,5,paRka
7,parking,6,paRkiG
9,parkinson,9,paRkinsOn
12,parkinsonien,11,paRkinsonj5
7,parlant,5,paRl@
8,parlante,6,paRl@t
9,parlement,7,paRl°m@
13,parlementaire,10,paRl°m@tER
15,parlementarisme,13,paRl°m@taRizm
15,parlementariste,13,paRl°m@taRist
11,parlementer,9,paRl°m@te
6,parler,5,paRle
8,parlerie,7,paRl°Ri
7,parleur,6,paRl9R
7,parloir,7,paRlwaR
10,parlophone,8,paRlOfOn
7,parlote,6,paRlOt
8,parloter,7,paRlote
8,parlotte,6,paRlOt
5,parlé,5,paRle
5,parme,4,paRm
10,parmentier,8,paRm@tje
8,parmesan,7,paRm°z@
5,parmi,5,paRmi
11,parménidien,10,paRmenidj5
7,parodie,6,paRodi
8,parodier,7,paRodje
9,parodique,7,paRodik
13,parodiquement,10,paRodik°m@
10,parodontal,9,paRod§tal
5,paroi,5,paRwa
6,paroir,6,paRwaR
8,paroisse,6,paRwas
10,paroissial,9,paRwasjal
10,paroissien,8,paRwasj5
6,parole,5,paROl
6,paroli,6,paRoli
8,parolier,7,paRolje
11,paronomasie,10,paRonomazi
5,paros,5,paROs
8,parousie,6,paRuzi
9,paroxysme,9,paROksizm
12,paroxysmique,11,paROksismik
12,paroxystique,11,paROksistik
10,parpaillot,7,paRpajo
8,parpaing,5,paRp5
6,parque,4,paRk
7,parquer,5,paRke
7,parquet,5,paRkE
10,parquetage,8,paRk°taZ
10,parqueteur,8,paRk°t9R
4,parr,3,paR
7,parrain,4,paR5
10,parrainage,7,paREnaZ
9,parrainer,6,paREne
9,parricide,7,paRisid
4,pars,3,paR
6,parsec,6,paRsEk
8,parsemer,7,paRs°me
7,parsemé,7,paRs°me
5,parsi,5,paRsi
4,part,3,paR
9,part time,7,paRtajm
7,partage,6,paRtaZ
11,partageable,9,paRtaZabl
10,partageant,7,paRtaZ@
8,partager,7,paRtaZe
9,partageur,8,paRtaZ9R
9,partageux,7,paRtaZ2
7,partagé,7,paRtaZe
8,partance,6,paRt@s
7,partant,5,paRt@
10,partenaire,8,paRt°nER
16,partenaire-robot,12,paRt°nERRobo
11,partenariat,10,paRt°naRja
8,parterre,6,paRtER
6,parthe,4,paRt
9,parthique,6,paRtik
14,parthénogenèse,12,paRtenoZenEz
14,parthénogénèse,12,paRtenoZenEz
17,parthénogénétique,14,paRtenoZenetik
5,parti,5,paRti
7,partial,7,paRsjal
10,partialité,10,paRsjalite
11,participant,9,paRtisip@
13,participation,12,paRtisipasj§
9,participe,8,paRtisip
10,participer,9,paRtisipe
14,particularisme,13,paRtikylaRizm
13,particularité,13,paRtikylaRite
9,particule,8,paRtikyl
11,particulier,10,paRtikylje
16,particulièrement,14,paRtikyljER°m@
6,partie,5,paRti
7,partiel,7,paRsjEl
13,partiellement,10,paRsjEl°m@
6,partir,6,paRtiR
8,partisan,7,paRtiz@
7,partita,7,paRtita
8,partitif,8,paRtitif
9,partition,8,paRtisj§
7,partner,7,paRtnER
8,partouse,6,paRtuz
9,partouser,7,paRtuze
7,partout,5,paRtu
8,partouze,6,paRtuz
9,partouzer,7,paRtuze
10,partouzeur,8,paRtuz9R
11,parturiente,9,paRtyRj@t
11,parturition,10,paRtyRisj§
5,party,5,paRti
6,parure,5,paRyR
8,parution,7,paRysj§
8,parvenir,8,paRv°niR
7,parvenu,7,paRv°ny
6,parvis,5,paRvi
7,parâtre,6,paRatR
4,paré,4,paRe
11,parégorique,9,paRegoRik
5,paréo,5,paReo
7,parésie,6,paRezi
3,pas,2,pa
12,pas-de-porte,7,padpORt
6,pas-je,4,paZ2
6,pascal,6,paskal
9,pascalien,8,paskalj5
5,paseo,5,paseo
10,pasionaria,10,pazjonaRja
4,paso,4,pazo
10,paso doble,8,pazodObl
10,paso-doble,9,pasodOble
6,pasque,4,pask
8,passable,6,pasabl
12,passablement,9,pasabl°m@
7,passade,5,pasad
7,passage,5,pasaZ
8,passager,6,pasaZe
13,passagèrement,10,pasaZER°m@
7,passant,4,pas@
9,passation,7,pasasj§
9,passavant,6,pasav@
5,passe,3,pas
11,passe-boule,6,pasbul
12,passe-boules,6,pasbul
14,passe-crassane,9,paskRasan
11,passe-droit,7,pasdRwa
12,passe-la-moi,8,paslamwa
11,passe-lacet,7,paslasE
14,passe-montagne,8,pasm§taN
14,passe-muraille,8,pasmyRaj
13,passe-partout,8,paspaRtu
11,passe-passe,6,paspas
10,passe-pied,6,paspje
10,passe-plat,6,paspla
11,passe-temps,5,past@
9,passement,6,pas°m@
13,passementerie,10,pas°m@t°Ri
12,passementier,9,pas°m@tje
9,passepoil,7,paspwal
9,passeport,6,paspOR
6,passer,4,pase
9,passereau,6,pas°Ro
10,passerelle,7,pas°REl
7,passeur,5,pas9R
8,passible,6,pasibl
6,passif,5,pasif
10,passiflore,8,pasiflOR
6,passim,5,pasim
7,passing,5,pasiG
7,passion,5,pasj§
11,passionnant,7,pasjon@
10,passionnel,8,pasjonEl
16,passionnellement,11,pasjonEl°m@
10,passionner,7,pasjone
9,passionné,7,pasjone
13,passionnément,9,pasjonem@
11,passivement,8,pasiv°m@
8,passiver,6,pasive
9,passiveté,8,pasiv°te
9,passivité,8,pasivite
8,passoire,6,paswaR
5,passé,4,pase
9,passéiste,7,paseist
4,past,4,past
7,pastaga,7,pastaga
6,pastel,6,pastEl
10,pastenague,8,past2nag
7,pasteur,6,past9R
11,pasteurella,9,past2REla
14,pasteurisation,12,past9Rizasj§
11,pasteuriser,9,past9Rize
10,pasteurisé,9,past9Rize
8,pastiche,6,pastiS
9,pasticher,7,pastiSe
10,pasticheur,8,pastiS9R
8,pastille,6,pastij
9,pastiller,7,pastije
6,pastis,6,pastis
10,pastophore,8,pastofOR
8,pastoral,8,pastoRal
9,pastorale,8,pastoRal
7,pastour,6,pastuR
10,pastoureau,7,pastuRo
8,pastèque,6,pastEk
3,pat,3,pat
7,patache,5,pataS
8,patachon,6,pataS§
7,patagon,6,patag§
10,patagonien,9,patagonj5
8,patapouf,7,patapuf
8,pataquès,7,patakEs
7,patarin,6,pataR5
6,patata,6,patata
6,patate,5,patat
6,patati,6,patati
8,patatras,7,patatRa
6,pataud,4,pato
8,pataugas,6,patoga
11,pataugeoire,8,patoZwaR
8,patauger,6,patoZe
8,pataugis,6,patoZi
5,patch,4,patS
9,patchouli,7,patSuli
9,patchwork,8,patSw9Rk
7,patelin,6,pat°l5
10,patellaire,7,patElER
6,patent,4,pat@
7,patente,5,pat@t
7,patenté,6,pat@te
5,pater,5,patER
14,pater familias,13,patERfamiljas
12,pater noster,11,patERnOstER
12,paternalisme,11,patERnalizm
12,paternaliste,11,patERnalist
7,paterne,6,patERn
8,paternel,8,patERnEl
14,paternellement,11,patERnEl°m@
9,paternité,9,patERnite
9,pathogène,7,patoZEn
12,pathogénique,9,patOZenik
10,pathologie,8,patoloZi
12,pathologique,9,patoloZik
16,pathologiquement,12,patoloZik°m@
12,pathologiste,10,patoloZist
6,pathos,5,patos
10,pathétique,7,patetik
14,pathétiquement,10,patetik°m@
10,pathétisme,8,patetizm
11,patibulaire,9,patibylER
10,patiemment,7,pasjam@
8,patience,6,pasj@s
7,patient,5,pasj@
9,patienter,7,pasj@te
5,patin,4,pat5
8,patinage,7,patinaZ
6,patine,5,patin
7,patiner,6,patine
9,patinette,7,patinEt
8,patineur,7,patin9R
9,patinoire,8,patinwaR
5,patio,5,patjo
7,patoche,5,patOS
6,patois,5,patwa
11,patouillard,7,patujaR
8,patraque,6,patRak
5,patri,5,patRi
10,patriarcal,11,patRijaRkal
10,patriarcat,10,patRijaRka
10,patriarche,9,patRijaRS
11,patriarchie,9,patRiaRSi
9,patriciat,8,patRisja
9,patricien,8,patRisj5
6,patrie,5,patRi
13,patrilinéaire,11,patRilineER
10,patrimoine,9,patRimwan
11,patrimonial,11,patRimonjal
10,patriotard,10,patRijotaR
8,patriote,8,patRijOt
11,patriotique,10,patRijotik
15,patriotiquement,13,patRijotik°m@
11,patriotisme,11,patRijotizm
6,patron,5,patR§
9,patronage,8,patRonaZ
8,patronal,8,patRonal
8,patronat,7,patRona
9,patronner,7,patRone
11,patronnesse,8,patRonEs
9,patronyme,8,patRonim
12,patronymique,10,patRonimik
10,patrouille,6,patRuj
11,patrouiller,7,patRuje
12,patrouilleur,8,patRuj9R
5,patte,3,pat
12,pattemouille,7,pat°muj
7,pattern,6,pat9Rn
5,pattu,4,paty
7,paturon,6,patyR§
6,patène,5,patEn
6,patère,5,patER
9,pauchouse,5,poSuz
7,pauline,5,polin
5,paume,3,pom
8,paumelle,5,pomEl
6,paumer,4,pome
5,paumé,4,pome
9,paupiette,6,popjEt
8,paupière,6,popjER
13,paupérisation,11,popeRizasj§
10,paupérisme,8,popeRizm
5,pause,3,poz
10,pause-café,7,pozkafe
6,pauser,4,poze
6,pauvre,4,povR
10,pauvrement,7,povR°m@
9,pauvresse,6,povREs
7,pauvret,5,povRE
9,pauvrette,6,povREt
8,pauvreté,7,povR°te
6,pavage,5,pavaZ
6,pavane,5,pavan
7,pavaner,6,pavane
8,pavement,6,pav°m@
5,paver,4,pave
7,paveton,6,pav°t§
6,paveur,5,pav9R
8,pavillon,6,pavij§
13,pavillonnaire,9,pavijonER
9,pavlovien,8,pavlOvj5
6,pavois,5,pavwa
11,pavoisement,9,pavwaz°m@
8,pavoiser,7,pavwaze
5,pavot,4,pavo
4,pavé,4,pave
13,pax americana,13,paksameRikana
5,paxon,5,paks§
7,payable,6,pEjabl
6,payant,4,pEj@
4,paye,3,pEj
8,payement,5,pEjm@
5,payer,4,peje
6,payeur,5,pEj9R
4,pays,3,pei
7,paysage,6,peizaZ
8,paysager,7,peizaZe
10,paysagiste,9,peizaZist
7,paysagé,7,peizaZe
6,paysan,5,peiz@
11,paysannerie,9,peizan°Ri
5,payse,4,peiz
4,payé,4,peje
6,paître,4,pEtR
5,païen,4,paj5
2,pc,4,pese
6,pchitt,4,pSit
7,peanuts,6,pin9ts
4,peau,2,po
10,peau-rouge,5,poRuZ
8,peaucier,5,posje
10,peaufinage,7,pofinaZ
9,peaufiner,6,pofine
10,peausserie,6,pos°Ri
9,peaussier,5,posje
3,pec,3,pEk
8,peccable,6,pEkabl
10,peccadille,7,pekadij
7,peccata,6,pekata
7,peccavi,6,pekavi
8,pecorino,8,p°koRino
8,pectoral,8,pEktoRal
8,pedigree,7,pedigRe
10,pedzouille,6,pedzuj
7,peeling,5,piliG
6,peigne,3,pEN
10,peigne-cul,5,pENky
11,peigne-zizi,7,pENzizi
7,peigner,4,peNe
8,peignoir,6,pENwaR
6,peigné,4,peNe
7,peignée,4,peNe
7,peinard,5,pEnaR
12,peinardement,9,pEnaRd°m@
7,peindre,4,p5dR
5,peine,3,pEn
6,peiner,4,pene
8,peineuse,5,pEn2z
5,peint,2,p5
7,peintre,4,p5tR
8,peinture,5,p5tyR
12,peinturlurer,9,p5tyRlyRe
13,peinturlureur,10,p5tyRlyR9R
6,pelade,5,p°lad
6,pelage,5,p°laZ
5,peler,4,p°le
7,pelisse,5,p°lis
8,pellagre,6,pelagR
5,pelle,3,pEl
11,pelle-bêche,6,pElbES
12,pelle-pioche,7,pElpjOS
9,pelletage,7,pEl°taZ
8,pelleter,6,pEl°te
10,pelleterie,8,pElEt°Ri
9,pelleteur,7,pEl°t9R
8,pelletée,6,pEl°te
12,pelliculaire,9,pElikylER
9,pellicule,7,pelikyl
8,pelloche,5,pElOS
8,pelotage,7,p°lotaZ
6,pelote,5,p°lOt
7,peloter,6,p°lote
8,peloteur,7,p°lot9R
7,peloton,6,p°lot§
10,pelotonner,8,p°lotone
7,pelouse,5,p°luz
7,peluche,5,p°lyS
9,pelucheux,6,p°lyS2
6,pelure,5,p°lyR
7,pelvien,6,pElvj5
6,pelvis,6,pElvis
4,pelé,4,p°le
7,pembina,6,p@bina
8,pemmican,6,pemik@
9,penalties,7,penalti
7,penalty,7,penalti
6,penaud,4,p°no
5,pence,4,pEns
8,penchant,4,p@S@
10,penchement,6,p@S°m@
7,pencher,4,p@Se
6,penché,4,p@Se
8,pendable,6,p@dabl
9,pendaison,6,p@dEz§
7,pendant,4,p@d@
7,pendard,5,p@daR
10,pendeloque,7,p@d°lOk
9,pendentif,7,p@d@tif
8,penderie,6,p@d°Ri
7,pendeur,5,p@d9R
8,pendjabi,8,pEndZabi
11,pendouiller,6,p@duje
6,pendre,4,p@dR
5,pendu,4,p@dy
10,pendulaire,7,p@dylER
7,pendule,5,p@dyl
10,pendulette,7,p@dylEt
7,pennage,5,pEnaZ
5,penne,3,pEn
7,pennies,4,pEni
6,pennon,4,pEn§
5,penny,4,peni
5,penon,4,p°n§
8,pensable,6,p@sabl
7,pensant,4,p@s@
10,pense-bête,6,p@sbEt
6,penser,4,p@se
7,penseur,5,p@s9R
6,pensif,5,p@sif
7,pension,5,p@sj§
12,pensionnaire,8,p@sjonER
10,pensionnat,7,p@sjona
10,pensionner,7,p@sjone
9,pensionné,7,p@sjone
11,pensivement,8,p@siv°m@
6,pensum,5,p5sOm
6,pensée,4,p@se
8,pentacle,6,p5takl
10,pentagonal,9,p5tagOnal
9,pentagone,7,p5tagon
11,pentagramme,8,p5tagRam
10,pentamètre,8,p5tamEtR
12,pentasyllabe,9,p5tasilab
11,pentateuque,7,p5tat2k
10,pentathlon,7,p5tatl§
5,pente,3,p@t
9,pentecôte,6,p@tkot
12,pentecôtiste,9,p@tkotist
15,penthiobarbital,13,p5tjObaRbital
9,penthotal,7,p5total
9,penthouse,5,p@tuz
9,pentothal,7,p5total
5,pentu,4,p@ty
7,penture,5,p@tyR
10,pentélique,7,p5telik
6,people,5,pip9l
3,pep,3,pEp
10,peppermint,9,pEpERmint
7,pepsine,6,pEpsin
7,peptide,6,pEptid
8,peptique,6,pEptik
7,percale,6,pERkal
5,perce,4,pERs
13,perce-oreille,8,pERsoREj
12,perce-pierre,8,pERspjER
9,percement,7,pERs°m@
10,percepteur,9,pERsEpt9R
11,perceptible,10,pERsEptibl
9,perceptif,9,pERsEptif
10,perception,9,pERsEpsj§
6,percer,5,pERse
7,perceur,6,pERs9R
9,percevant,7,pERs°v@
9,percevoir,9,pERs°vwaR
6,perche,4,pERS
7,percher,5,pERSe
9,percheron,7,pERS°R§
9,perchiste,7,pERSist
11,perchlorate,9,pERkloRat
12,perchlorique,9,pERklORik
8,perchman,7,pERSman
8,perchoir,7,pERSwaR
7,perchée,5,pERSe
7,perclus,6,pERkly
5,perco,5,pERko
11,percolateur,10,pERkolat9R
11,percolation,10,pERkOlasj§
8,percoler,7,pERkOle
10,percussion,8,pERkysj§
15,percussionniste,12,pERkysjonist
9,percutant,7,pERkyt@
8,percuter,7,pERkyte
9,percuteur,8,pERkyt9R
5,percé,5,pERse
6,percée,5,pERse
7,perdant,5,pERd@
9,perdition,8,pERdisj§
6,perdre,5,pERdR
8,perdreau,6,pERdRo
7,perdrix,6,pERdRi
5,perdu,5,pERdy
10,perdurable,9,pERdyRabl
8,perdurer,7,pERdyRe
11,perestroïka,11,peREstRoika
14,perfectibilité,14,pERfEktibilite
11,perfectible,10,pERfEktibl
10,perfection,9,pERfEksj§
16,perfectionnement,13,pERfEksjOn°m@
13,perfectionner,11,pERfEksjone
15,perfectionnisme,13,pERfEksjonizm
15,perfectionniste,13,pERfEksjonist
8,perfecto,8,pERfEkto
7,perfide,6,pERfid
11,perfidement,9,pERfid°m@
8,perfidie,7,pERfidi
9,perforage,8,pERfoRaZ
9,perforant,7,pERfoR@
11,perforateur,10,pERfoRat9R
11,perforation,10,pERfoRasj§
8,perforer,7,pERfoRe
10,perforeuse,8,pERfoR2z
11,performance,9,pERfORm@s
10,performant,8,pERfORm@
9,performer,9,pERfORm9R
7,perforé,7,pERfoRe
8,perfuser,7,pERfyze
9,perfusion,8,pERfyzj§
7,pergola,7,pERgola
10,pergélisol,10,pERZelisOl
5,perle,4,pERl
6,perler,5,pERle
12,perlimpinpin,9,pERl5p5p5
8,perlière,7,pERljER
6,perlot,5,pERlo
8,perlouse,6,pERluz
8,perlouze,6,pERluz
5,perlé,5,pERle
4,perm,4,pERm
10,permafrost,10,pERmafRost
9,permalloy,8,pERmalOj
10,permanence,8,pERman@s
9,permanent,7,pERman@
10,permanente,8,pERman@t
11,permanenter,9,pERman@te
12,permanganate,10,pERm@ganat
5,perme,4,pERm
9,permettre,7,pERmEtR
6,permis,5,pERmi
10,permission,8,pERmisj§
15,permissionnaire,11,pERmisjonER
12,permissivité,11,pERmisivite
9,permutant,7,pERmyt@
11,permutation,10,pERmytasj§
8,permuter,7,pERmyte
12,perméabilité,12,pERmeabilite
9,perméable,8,pERmeabl
10,pernicieux,8,pERnisj2
6,pernod,5,pERno
10,peroxydase,10,pEROksidaz
8,peroxyde,8,peROksid
15,perpendiculaire,12,pERp@dikylER
19,perpendiculairement,15,pERp@dikylER°m@
8,perpette,6,pERpEt
9,perpignan,7,pERpiN@
8,perplexe,8,pERplEks
10,perplexité,11,pERplEksite
7,perpète,6,pERpEt
12,perpétration,11,pERpetRasj§
9,perpétrer,8,pERpetRe
12,perpétuation,11,pERpet8asj§
9,perpétuel,9,pERpet8El
15,perpétuellement,12,pERpet8El°m@
9,perpétuer,8,pERpet8e
10,perpétuité,10,pERpet8ite
8,perpétué,8,pERpet8e
8,perquise,6,pERkiz
12,perquisition,10,pERkizisj§
15,perquisitionner,12,pERkizisjone
7,perrier,5,pERje
6,perron,4,pER§
9,perroquet,6,pERokE
8,perruche,5,pERyS
8,perruque,5,pERyk
10,perruquier,7,pERykje
5,perré,4,pERe
4,pers,3,pER
6,persan,5,pERs@
5,perse,4,pERs
9,persienne,7,pERsjEn
10,persiflage,9,pERsiflaZ
9,persifler,8,pERsifle
10,persifleur,9,pERsifl9R
8,persiflé,8,pERsifle
6,persil,5,pERsi
8,persillé,7,pERsije
8,persique,6,pERsik
11,persistance,9,pERsist@s
10,persistant,8,pERsist@
9,persister,8,pERsiste
5,perso,5,pERso
13,persona grata,12,pERsonagRata
17,persona non grata,14,pERsonan§gRata
10,personnage,8,pERsonaZ
14,personnage-clé,11,pERsonaZkle
16,personnalisation,14,pERsonalizasj§
13,personnaliser,11,pERsonalize
13,personnalisme,11,pERsonalizm
12,personnalisé,11,pERsonalize
12,personnalité,11,pERsonalite
8,personne,6,pERsOn
9,personnel,8,pERsonEl
15,personnellement,11,pERsonEl°m@
9,personnes,6,pERsOn
16,personnification,14,pERsonifikasj§
12,personnifier,10,pERsonifje
11,personnifié,10,pERsonifje
11,perspective,10,pERspEktiv
10,perspicace,9,pERspikas
12,perspicacité,12,pERspikasite
12,perspiration,11,pERspiRasj§
9,persuader,8,pERs8ade
8,persuadé,8,pERs8ade
9,persuasif,9,pERs8azif
10,persuasion,9,pERs8azj§
10,persécuter,9,pERsekyte
11,persécuteur,10,pERsekyt9R
11,persécution,10,pERsekysj§
9,persécuté,9,pERsekyte
9,perséides,7,pERseid
14,persévéramment,11,pERseveRam@
12,persévérance,10,pERseveR@s
11,persévérant,9,pERseveR@
10,persévérer,9,pERseveRe
5,perte,4,pERt
12,pertinemment,9,pERtinam@
10,pertinence,8,pERtin@s
9,pertinent,7,pERtin@
7,pertuis,6,pERt8i
10,pertuisane,9,pERt8izan
10,perturbant,8,pERtyRb@
12,perturbateur,11,pERtyRbat9R
12,perturbation,11,pERtyRbasj§
9,perturber,8,pERtyRbe
8,perturbé,8,pERtyRbe
9,pervenche,6,pERv@S
7,pervers,6,pERvER
12,perversement,10,pERvERs°m@
10,perversion,9,pERvERsj§
10,perversité,10,pERvERsite
8,perverti,8,pERvERti
9,pervertir,9,pERvERtiR
7,perçage,6,pERsaZ
7,perçant,5,pERs@
5,perçu,5,pERsy
6,pesage,5,p2zaZ
9,pesamment,6,p2zam@
6,pesant,4,p2z@
9,pesanteur,7,p2z@t9R
5,peser,4,p2ze
6,peseta,6,pezeta
4,peso,4,pezo
5,peson,4,p2z§
6,pessah,4,pesa
8,pessaire,5,pEsER
5,pesse,3,pEs
10,pessimisme,8,pesimizm
10,pessimiste,8,pesimist
5,peste,4,pEst
6,pester,5,pEste
9,pesticide,8,pEstisid
9,pestiféré,9,pEstifeRe
10,pestilence,8,pEstil@s
12,pestilentiel,11,pEstil@sjEl
5,pesée,4,p°ze
3,pet,2,pE
11,pet-de-loup,6,pEd°lu
6,petiot,5,p°tjo
5,petit,4,p°ti
12,petit-beurre,7,p°tib9R
15,petit-bourgeois,10,p°tibuRZwa
12,petit-cousin,8,p°tikuz5
14,petit-déjeuner,10,p°tideZ9ne
10,petit-fils,7,p°tifis
10,petit-four,7,p°tifuR
10,petit-gris,7,p°tigRi
10,petit-lait,6,p°tilE
12,petit-maître,8,p°timEtR
11,petit-neveu,8,p°tin°v2
11,petit-nègre,8,p°tinEgR
10,petit-salé,8,p°tisale
12,petit-suisse,8,p°tis8is
17,petite-bourgeoise,12,p°titbuRZwaz
14,petite-cousine,10,p°titkuzin
12,petite-fille,8,p°titfij
12,petite-nièce,9,p°titnjEs
10,petitement,8,p°tit°m@
9,petitesse,7,p°titEs
5,peton,4,p°t§
10,petzouille,6,pEtzuj
3,peu,2,p2
11,peu ou prou,6,p2upRu
8,peuchère,5,p2SER
4,peuh,2,p2
5,peuhl,3,p2l
4,peul,3,p2l
5,peulh,3,p2l
8,peuplade,6,p2plad
6,peuple,4,p2pl
10,peuplement,7,p2pl°m@
7,peupler,5,p2ple
10,peupleraie,7,p2pl°RE
8,peuplier,7,p2plije
6,peuplé,5,p2ple
4,peur,3,p2R
12,peureusement,8,p2R2z°m@
7,peureux,4,p2R2
9,peut-être,6,p2tEtR
6,peyotl,6,pEjOtl
7,pfennig,6,pfenig
3,pff,2,pf
4,pfft,3,pft
5,pfutt,4,pfyt
2,ph,4,peaS
10,phacochère,7,fakoSER
9,phagocyte,7,fagosit
10,phagocyter,8,fagosite
8,phalange,5,fal@Z
10,phalangine,7,fal@Zin
11,phalangisme,8,fal@Zizm
11,phalangiste,8,fal@Zist
11,phalanstère,8,fal@stER
9,phalarope,7,falaROp
9,phallique,5,falik
6,phallo,4,falo
15,phallocentrique,10,falos@tRik
11,phallocrate,8,falokRat
12,phallocratie,9,falokRasi
14,phallocratique,10,falokRatik
11,phallologie,8,faloloZi
11,phallophore,7,falofOR
7,phallus,5,falys
7,phalène,5,falEn
7,phalère,5,falER
9,phantasme,6,f@tasm
11,pharamineux,8,faRamin2
7,pharaon,5,faRa§
11,pharaonique,8,faRaonik
5,phare,3,faR
11,pharisaïque,8,faRizaik
11,pharisaïsme,9,faRizaizm
9,pharisien,7,faRizj5
6,pharma,5,faRma
14,pharmaceutique,10,faRmas2tik
9,pharmacie,7,faRmasi
10,pharmacien,8,faRmasj5
8,pharmaco,7,faRmako
14,pharmacognosie,12,faRmakognozi
13,pharmacologie,11,faRmakoloZi
15,pharmacologique,12,faRmakoloZik
13,pharmacomanie,11,faRmakomani
11,pharmacopée,9,faRmakope
16,pharmacothérapie,13,faRmakoteRapi
10,pharyngite,7,faR5Zit
7,pharynx,6,faR5ks
10,phascolome,8,faskOlOm
5,phase,3,faz
7,phaéton,5,faet§
3,phi,2,fi
12,philanthrope,8,fil@tROp
13,philanthropie,9,fil@tRopi
15,philanthropique,10,fil@tRopik
9,philarète,7,filaREt
10,philatélie,8,filateli
12,philatéliste,10,filatelist
12,philharmonie,9,filaRmOni
14,philharmonique,10,filaRmonik
11,philhellène,7,filElEn
9,philippin,6,filip5
9,philistin,7,filist5
5,philo,4,filo
12,philodendron,9,filod@dR§
10,philologie,8,filoloZi
12,philologique,9,filoloZik
10,philologue,7,filolOg
17,philosophaillerie,12,filozofaj°Ri
11,philosophal,9,filOzOfal
12,philosophant,8,filozof@
12,philosophard,9,filOzOfaR
10,philosophe,7,filozOf
11,philosopher,8,filozofe
11,philosophie,8,filozofi
13,philosophique,9,filozofik
17,philosophiquement,12,filozofik°m@
14,philosémitisme,12,filozemitizm
14,philotechnique,10,filotEknik
7,philtre,5,filtR
8,phimosis,7,fimozis
5,phlox,5,flOks
8,phlébite,6,flebit
13,phlébographie,10,flebOgRafi
11,phlébologue,8,flebOlOg
11,phlébotomie,9,flebOtOmi
6,phobie,4,fobi
8,phobique,5,fobik
7,phoenix,6,feniks
10,phonatoire,8,fonatwaR
5,phone,3,fon
8,phonique,5,fonik
5,phono,4,fono
11,phonographe,8,fonogRaf
10,phonologie,8,fonoloZi
11,phonéticien,9,fonetisj5
10,phonétique,7,fonetik
14,phonétiquement,10,fonetik°m@
6,phoque,3,fOk
8,phosgène,6,fOsZEn
11,phosphatase,8,fOsfataz
9,phosphate,6,fOsfat
11,phosphatine,8,fOsfatin
13,phospholipide,10,fOsfolipid
9,phosphore,6,fOsfOR
15,phosphorescence,10,fOsfoRes@s
14,phosphorescent,9,fOsfoRes@
15,phosphorylation,12,fOsfORilasj§
9,phosphoré,7,fOsfORe
9,phosphène,6,fOsfEn
4,phot,3,fOt
8,photique,5,fOtik
5,photo,4,foto
12,photo-finish,9,fOtofiniS
11,photo-robot,8,fotoRobo
16,photo-électrique,12,fotoelEktRik
13,photochimique,9,fOtoSimik
16,photocomposition,13,fotok§pozisj§
15,photoconducteur,12,fOtok§dykt9R
10,photocopie,8,fotokopi
11,photocopier,9,fotokopje
12,photocopieur,10,fotokopj9R
11,photogramme,8,fotogRam
11,photographe,8,fotogRaf
15,photographiable,12,fotogRafjabl
12,photographie,9,fotogRafi
13,photographier,10,fotogRafje
14,photographique,10,fotogRafik
12,photograveur,10,fotogRav9R
12,photogravure,10,fotogRavyR
10,photogénie,8,fotoZeni
12,photogénique,9,fotoZenik
16,photojournalisme,13,fOtoZuRnalism
16,photojournaliste,13,fOtoZuRnalist
10,photomaton,8,fotomat§
17,photomicrographie,14,fOtomikRogRafi
12,photomontage,9,fotom§taZ
6,photon,4,fot§
10,photonique,7,fotonik
11,photophobie,8,fOtofObi
9,photopile,7,fotopil
15,photopériodique,12,fotopeRjodik
16,photosensibilité,14,fotos@sibilite
13,photosensible,10,fotos@sibl
9,photostat,7,fOtosta
13,photosynthèse,9,fotos5tEz
10,phototaxie,9,fOtotaksi
9,phototype,7,fOtotip
14,photovoltaïque,11,fotovOltaik
15,photoélectrique,12,fotoelEktRik
6,phrase,4,fRaz
10,phrase-clé,7,fRazkle
12,phrase-robot,8,fRazRobo
7,phraser,5,fRaze
8,phraseur,6,fRaz9R
6,phrasé,5,fRaze
12,phraséologie,10,fRazeoloZi
14,phraséologique,11,fRazeoloZik
8,phrygien,6,fRiZj5
10,phréatique,7,fReatik
9,phrénique,6,fRenik
11,phrénologie,9,fRenOlOZi
13,phrénologiste,11,fRenoloZist
9,phtaléine,7,ftalein
10,phtiriasis,9,ftiRjazis
7,phtisie,5,ftizi
12,phtisiologie,10,ftizjoloZi
9,phtisique,6,ftizik
10,phylactère,8,filaktER
10,phylloxera,9,filokseRa
10,phylloxéra,9,filOkseRa
11,phylogenèse,9,filoZ2nEz
6,phylum,5,filOm
9,phynances,5,fin@s
9,physicien,7,fizisj5
6,physio,5,fizjo
11,physiologie,9,fizjoloZi
13,physiologique,10,fizjoloZik
17,physiologiquement,13,fizjoloZik°m@
13,physiologiste,11,fizjoloZist
11,physionomie,9,fizjonomi
13,physionomique,10,fizjonomik
13,physionomiste,11,fizjonomist
14,physiothérapie,11,fizjoteRapi
8,physique,5,fizik
12,physiquement,8,fizik°m@
13,phytoplancton,10,fitopl@kt§
7,phénate,5,fenat
9,phénicien,7,fenisj5
8,phénique,5,fenik
6,phénix,6,feniks
13,phénobarbital,12,fenobaRbital
6,phénol,5,fenOl
9,phénomène,7,fenomEn
10,phénoménal,9,fenomenal
15,phénoménalement,12,fenOmenal°m@
14,phénoménologie,12,fenomenoloZi
16,phénoménologique,13,fenomenoloZik
13,phénothiazine,10,fenOtjazin
9,phénotype,7,fenotip
16,phéochromocytome,13,feokROmositom
9,phéromone,7,feRomOn
2,pi,2,pi
4,piaf,4,pjaf
8,piaffant,5,pjaf@
10,piaffement,6,pjafm@
7,piaffer,5,pjafe
9,piaillant,5,pjaj@
11,piaillement,7,pjaj°m@
8,piailler,5,pjaje
10,piaillerie,7,pjaj°Ri
4,pian,3,pj@
10,pianissimo,9,pjanisimo
8,pianiste,7,pjanist
5,piano,5,pjano
9,piano-bar,8,pjanobaR
7,pianola,7,pjanola
9,pianotage,8,pjanotaZ
8,pianoter,7,pjanote
7,piastre,6,pjastR
8,piaulant,5,pjol@
6,piaule,4,pjol
10,piaulement,7,pjol°m@
7,piauler,5,pjole
8,piauleur,6,pjol9R
5,piaye,4,pjaj
6,piazza,6,pjadza
9,piazzetta,8,pjadzeta
8,pibloque,6,piblOk
3,pic,3,pik
8,pic-vert,5,pivER
4,pica,4,pika
7,picador,7,pikadOR
9,picaillon,6,pikaj§
6,picard,5,pikaR
10,picaresque,8,pikaREsk
6,picaro,6,pikaRo
9,picassien,7,pikasj5
7,piccolo,6,pikolo
10,pichenette,6,piSnEt
6,pichet,4,piSE
7,pick-up,5,pik9p
6,picker,5,pik9R
10,pickpocket,8,pikpokEt
4,pico,4,piko
7,picoler,6,pikole
8,picoleur,7,pikol9R
6,picolo,6,pikolo
7,picorer,6,pikoRe
8,picoreur,7,pikoR9R
7,picorée,6,pikoRe
5,picot,4,piko
6,picote,5,pikOt
10,picotement,8,pikOt°m@
7,picoter,6,pikote
7,picotin,6,pikot5
7,picotis,6,pikOti
7,picrate,6,pikRat
8,picrique,6,pikRik
6,picsou,5,piksu
11,pictogramme,9,piktogRam
6,picton,5,pikt§
8,pictural,8,piktyRal
13,picturalement,11,piktyRal°m@
6,pidgin,6,pidZin
3,pie,2,pi
11,pie-grièche,8,pigRijES
8,pie-mère,5,pimER
4,pied,3,pje
8,pied-bot,5,pjebo
15,pied-d'alouette,9,pjedalwEt
13,pied-d'oeuvre,7,pjed9vR
13,pied-de-biche,8,pjed°biS
13,pied-de-poule,8,pjed°pul
9,pied-noir,7,pjenwaR
9,pied-plat,6,pjepla
8,piedmont,5,pjem§
4,pier,4,pjER
8,piercing,6,piRsiG
10,pierraille,6,pjERaj
6,pierre,4,pjER
10,pierreries,7,pjER°Ri
8,pierreux,5,pjER2
8,pierrier,6,pjeRje
9,pierrière,7,pjERjER
7,pierrot,5,pjERo
5,pietà,5,pjeta
4,pieu,3,pj2
10,pieusement,7,pj2z°m@
7,pieuter,5,pj2te
7,pieuvre,5,pj9vR
5,pieux,3,pj2
3,pif,3,pif
5,pifer,4,pife
6,piffer,4,pife
6,piffre,4,pifR
7,piffrer,5,pifRe
9,pifomètre,8,pifomEtR
4,pige,3,piZ
6,pigeon,4,piZ§
15,pigeon-voyageur,12,piZ§vwajaZ9R
10,pigeonnant,6,piZon@
10,pigeonneau,6,piZono
9,pigeonner,6,piZone
10,pigeonnier,7,piZonje
5,piger,4,piZe
7,pigiste,6,piZist
7,pigment,5,pigm@
11,pigmentaire,8,pigm@tER
12,pigmentation,10,pigm@tasj§
5,pigne,3,piN
6,pigner,4,piNe
7,pignole,5,piNOl
6,pignon,4,piN§
7,pignouf,5,piNuf
5,pilaf,5,pilaf
8,pilastre,7,pilastR
4,pile,3,pil
9,pile-poil,7,pilpwal
5,piler,4,pile
6,pileux,4,pil2
6,pilier,5,pilje
8,pilifère,7,pilifER
7,pillage,5,pijaZ
7,pillard,5,pijaR
6,piller,4,pije
7,pilleur,5,pij9R
5,pilon,4,pil§
9,pilonnage,7,pilonaZ
8,pilonner,6,pilone
6,pilori,6,piloRi
8,pilosité,8,pilozite
5,pilot,4,pilo
8,pilotage,7,pilotaZ
6,pilote,5,pilOt
7,piloter,6,pilote
7,pilotin,6,pilOt5
7,pilotis,6,piloti
5,pilou,4,pilu
6,pilsen,6,pilsEn
6,pilule,5,pilyl
5,pilum,5,pilOm
5,pilée,4,pile
8,pimbêche,5,p5bES
6,piment,4,pim@
8,pimenter,6,pim@te
7,pimenté,6,pim@te
7,pimpant,4,p5p@
6,pimpon,4,p5p§
11,pimprenelle,8,p5pR°nEl
3,pin,2,p5
5,pin's,4,pins
7,pin-pon,4,p5p§
6,pin-up,5,pin9p
7,pinacle,6,pinakl
12,pinacothèque,9,pinakOtEk
10,pinaillage,7,pinajaZ
9,pinailler,6,pinaje
10,pinailleur,7,pinaj9R
6,pinard,5,pinaR
7,pinasse,5,pinas
5,pince,3,p5s
17,pince-monseigneur,10,p5sm§sEN9R
9,pince-nez,5,p5sne
15,pince-sans-rire,8,p5ss@RiR
7,pinceau,4,p5so
9,pincement,6,p5s°m@
6,pincer,4,p5se
8,pincette,5,p5sEt
7,pinceur,5,p5s9R
8,pinchart,5,p5SaR
5,pincé,4,p5se
6,pincée,4,p5se
4,pine,3,pin
6,pineau,4,pino
5,piner,4,pine
9,ping-pong,6,piGp§G
7,pinglot,5,p5glo
8,pingouin,5,p5gw5
6,pingre,4,p5gR
9,pingrerie,7,p5gR°Ri
4,pink,4,pink
5,pinot,4,pino
6,pinson,4,p5s§
7,pintade,5,p5tad
5,pinte,3,p5t
6,pinter,4,p5te
7,pinçage,5,p5saZ
7,pinçard,5,p5saR
6,pinçon,4,p5s§
7,pinçure,5,p5syR
6,pinède,5,pinEd
6,pinéal,6,pineal
6,pioche,4,pjOS
7,piocher,5,pjoSe
8,piocheur,6,pjoS9R
6,piolet,5,pjolE
4,pion,3,pj§
7,pioncer,5,pj§se
7,pionner,5,pjOne
8,pionnier,6,pjonje
4,piot,3,pjo
8,pioupiou,6,pjupju
4,pipa,4,pipa
4,pipe,3,pip
9,pipe-line,8,pajplajn
6,pipeau,4,pipo
7,pipelet,6,pip°lE
9,pipelette,7,pip°lEt
8,pipeline,9,pajp°lajn
5,piper,4,pipe
8,piperade,7,pip°Rad
7,piperie,6,pip°Ri
7,pipette,5,pipEt
6,pipeur,5,pip9R
4,pipi,4,pipi
9,pipi-room,7,pipiRum
11,pipistrelle,9,pipistREl
4,pipo,4,pipo
5,pipée,4,pipe
7,piquage,5,pikaZ
7,piquant,4,pik@
5,pique,3,pik
14,pique-assiette,8,pikasjEt
9,pique-feu,5,pikf2
11,pique-nique,6,piknik
12,pique-niquer,7,piknike
6,piquer,4,pike
6,piquet,4,pikE
9,piquetage,7,pik°taZ
8,piqueter,6,pik°te
8,piquetis,6,pik°ti
8,piquette,5,pikEt
7,piqueur,5,pik9R
7,piqueux,4,pik2
7,piquier,5,pikje
8,piquouse,5,pikuz
9,piquouser,6,pikuze
8,piquouze,5,pikuz
5,piqué,4,pike
6,piqûre,5,pikyR
7,piranha,6,piRana
8,piratage,7,piRataZ
6,pirate,5,piRat
7,pirater,6,piRate
9,piraterie,8,piRat°Ri
4,pire,3,piR
9,piriforme,8,piRifORm
7,pirogue,5,piROg
7,pirojki,7,piROSki
7,pirolle,5,piROl
9,pirouette,6,piRwEt
10,pirouetter,7,piRwEte
3,pis,2,pi
9,pis-aller,6,pizale
5,pisan,4,piz@
9,piscicole,7,pisikOl
12,pisciculteur,10,pisikylt9R
12,pisciculture,10,pisikyltyR
10,pisciforme,8,pisifORm
7,piscine,5,pisin
9,pisiforme,8,pizifORm
12,pissaladière,10,pisaladjER
6,pissat,4,pisa
5,pisse,3,pis
11,pisse-copie,7,piskopi
11,pisse-froid,7,pisfRwa
14,pisse-vinaigre,9,pisvinEgR
9,pissenlit,6,pis@li
6,pisser,4,pise
8,pissette,5,pisEt
7,pisseur,5,pis9R
7,pisseux,4,pis2
7,pissoir,6,piswaR
10,pissotière,8,pisotjER
6,pissou,4,pisu
8,pistache,6,pistaS
10,pistachier,8,pistaSje
7,pistage,6,pistaZ
7,pistard,6,pistaR
5,piste,4,pist
6,pister,5,piste
7,pisteur,6,pist9R
6,pistil,6,pistil
7,pistole,6,pistOl
9,pistolero,9,pistoleRo
8,pistolet,7,pistolE
20,pistolet-mitrailleur,15,pistolEmitRaj9R
11,pistolétade,10,pistoletad
6,piston,5,pist§
9,pistonner,7,pistone
8,pistonné,7,pistone
6,pistou,5,pistu
4,pisé,4,pize
8,pit-bull,6,pitbul
4,pita,4,pita
7,pitaine,5,pitEn
7,pitance,5,pit@s
9,pitancher,6,pit@Se
9,pitancier,7,pit@sje
7,pitbull,6,pitbul
5,pitch,4,pitS
7,pitcher,5,pitSe
8,pitchoun,6,pitSun
10,pitchounet,7,pitSunE
12,pitchounette,8,pitSunEt
8,pitchpin,7,pitSpin
11,piteusement,8,pit2z°m@
6,piteux,4,pit2
10,pithiviers,7,pitivje
14,pithécanthrope,10,pitek@tROp
5,pitié,5,pitje
5,piton,4,pit§
8,pitonner,6,pitone
9,pitoyable,9,pitwajabl
13,pitoyablement,12,pitwajabl°m@
5,pitre,4,pitR
8,pitrerie,7,pitR°Ri
11,pittoresque,8,pitoREsk
10,pituitaire,8,pit8itER
7,pituite,6,pit8it
10,pityriasis,10,pitiRjazis
3,piu,3,piu
4,pive,3,piv
6,pivert,5,pivER
7,pivoine,6,pivwan
5,pivot,4,pivo
8,pivotant,6,pivot@
10,pivotement,8,pivOt°m@
7,pivoter,6,pivote
5,pixel,6,piksEl
5,pizza,5,pidza
9,pizzaiolo,9,pidzajOlo
8,pizzeria,8,pidzeRja
9,pizzicato,9,pidzikato
5,pièce,4,pjEs
5,piège,4,pjEZ
9,piètement,7,pjEt°m@
6,piètre,5,pjEtR
10,piètrement,8,pjEtR°m@
8,piécette,6,pjesEt
9,piédestal,9,pjedEstal
8,piédroit,7,pjedRwa
8,piégeage,6,pjeZaZ
6,piéger,5,pjeZe
7,piégeur,6,pjeZ9R
7,piémont,5,pjem§
10,piémontais,7,pjem§tE
7,piéride,6,pjeRid
5,piéta,5,pjeta
9,piétaille,6,pjetaj
9,piétement,7,pjEt°m@
6,piéter,5,pjete
6,piétin,5,pjet5
9,piétinant,7,pjetin@
11,piétinement,9,pjetin°m@
8,piétiner,7,pjetine
8,piétiste,7,pjetist
6,piéton,5,pjet§
10,piétonnier,8,pjetonje
5,piété,5,pjete
3,più,3,pju
7,placage,6,plakaZ
7,placard,6,plakaR
9,placarder,8,plakaRde
10,placardier,9,plakaRdje
5,place,4,plas
7,placebo,7,plasebo
9,placement,7,plas°m@
8,placenta,7,plas5ta
11,placentaire,8,plas5tER
6,placer,6,plasER
6,placer,5,plase
6,placet,5,plasE
8,placette,6,plasEt
7,placeur,6,plas9R
7,placide,6,plasid
11,placidement,9,plasid°m@
9,placidité,9,plasidite
7,placier,6,plasje
11,placoplâtre,10,plakoplatR
5,placé,5,plase
7,plafond,5,plaf§
12,plafonnement,9,plafOn°m@
9,plafonner,7,plafone
10,plafonnier,8,plafonje
8,plafonné,7,plafone
5,plage,4,plaZ
9,plagiaire,7,plaZjER
7,plagiat,6,plaZja
7,plagier,6,plaZje
11,plagioclase,10,plaZjoklaz
5,plaid,4,plEd
9,plaidable,7,plEdabl
7,plaider,5,plede
8,plaideur,6,plEd9R
10,plaidoirie,8,plEdwaRi
9,plaidoyer,8,plEdwaje
5,plaie,3,plE
9,plaignant,5,plEN@
5,plain,3,pl5
11,plain-chant,5,pl5S@
10,plain-pied,6,pl5pje
8,plaindre,5,pl5dR
6,plaine,4,plEn
7,plainte,4,pl5t
8,plaintif,6,pl5tif
13,plaintivement,9,pl5tiv°m@
6,plaire,4,plER
11,plaisamment,7,plEzam@
9,plaisance,6,plEz@s
11,plaisancier,8,plEz@sje
8,plaisant,5,plEz@
10,plaisanter,7,plEz@te
12,plaisanterie,9,plEz@t°Ri
10,plaisantin,7,plEz@t5
7,plaisir,6,pleziR
4,plan,3,pl@
13,plan-séquence,8,pl@sek@s
7,planant,5,plan@
7,planche,4,pl@S
8,plancher,5,pl@Se
10,planchette,6,pl@SEt
10,planchiste,7,pl@Sist
8,plancton,6,pl@kt§
5,plane,4,plan
8,planelle,6,planEl
9,planement,7,plan°m@
6,planer,5,plane
7,planeur,6,plan9R
11,planifiable,10,planifjabl
13,planificateur,12,planifikat9R
13,planification,12,planifikasj§
9,planifier,8,planifje
11,planisphère,9,planisfER
9,planitude,8,planityd
8,planning,6,planiG
7,planque,4,pl@k
8,planquer,5,pl@ke
7,planqué,5,pl@ke
5,plant,3,pl@
8,plantage,6,pl@taZ
8,plantain,5,pl@t5
9,plantaire,6,pl@tER
10,plantation,8,pl@tasj§
6,plante,4,pl@t
7,planter,5,pl@te
8,planteur,6,pl@t9R
8,plantier,6,pl@tje
11,plantigrade,9,pl@tigRad
8,plantoir,7,pl@twaR
7,planton,5,pl@t§
10,plantureux,7,pl@tyR2
6,planté,5,pl@te
7,planète,6,planEt
10,planétaire,8,planetER
11,planétarium,11,planetaRjOm
10,planétoïde,9,planetoid
8,plaquage,6,plakaZ
6,plaque,4,plak
7,plaquer,5,plake
12,plaquettaire,8,plak2tER
9,plaquette,6,plakEt
8,plaqueur,6,plak9R
6,plaqué,5,plake
6,plasma,6,plasma
10,plasmagène,9,plasmaZEn
13,plasmaphérèse,11,plasmafeREz
9,plasmique,7,plasmik
6,plaste,5,plast
7,plastic,7,plastik
10,plasticage,9,plastikaZ
10,plasticien,9,plastisj5
10,plasticité,10,plastisite
7,plastie,6,plasti
11,plastifiant,9,plastifj@
14,plastification,13,plastifikasj§
10,plastifier,9,plastifje
11,plastiquage,9,plastikaZ
9,plastique,7,plastik
10,plastiquer,8,plastike
11,plastiqueur,9,plastik9R
9,plastisol,9,plastisOl
7,plastoc,7,plastOk
8,plastron,7,plastR§
11,plastronner,9,plastRone
12,plastronneur,10,plastRon9R
4,plat,3,pla
9,plat-bord,6,plabOR
11,plat-ventre,7,plav@tR
7,platane,6,platan
5,plate,4,plat
11,plate-bande,7,platb@d
11,plate-forme,8,platfORm
7,plateau,5,plato
13,plateau-repas,9,platoR°pa
14,plateaux-repas,9,platoR°pa
10,plateforme,9,plat°fORm
9,platelage,8,plat°laZ
9,platement,7,plat°m@
11,plateresque,9,plat°REsk
7,platine,6,platin
7,platiné,7,platine
9,platitude,8,platityd
8,platière,7,platjER
11,platonicien,10,platonisj5
10,platonique,8,platonik
14,platoniquement,11,platonik°m@
11,platonisant,9,platoniz@
6,platée,5,plate
12,plausibilité,11,plozibilite
9,plausible,7,plozibl
13,plausiblement,10,plozibl°m@
4,play,3,plE
9,play-back,6,plEbak
8,play-boy,6,plEbOj
7,playboy,8,plEjbwaj
8,playmate,7,plEjmat
6,playon,5,plEj§
5,plaza,5,plaza
6,plazza,6,pladza
6,please,4,pliz
7,plectre,6,plEktR
5,plein,3,pl5
9,plein-air,6,plEnER
12,plein-cintre,7,pl5s5tR
12,plein-emploi,9,pl5n@plwa
11,plein-temps,5,pl5t@
10,pleinement,7,plEn°m@
7,plessis,5,plesi
4,plet,3,plE
5,pleur,4,pl9R
7,pleural,6,pl9Ral
8,pleurant,5,pl2R@
8,pleurard,6,pl2RaR
10,pleurement,7,pl2R°m@
7,pleurer,5,pl2Re
8,pleureur,6,pl2R9R
8,pleurite,6,pl9Rit
12,pleurnichage,9,pl9RniSaZ
12,pleurnichard,9,pl9RniSaR
14,pleurnichement,10,pl9RniS°m@
11,pleurnicher,8,pl9RniSe
13,pleurnicherie,10,pl9RniS°Ri
12,pleurnicheur,9,pl9RniS9R
9,pleurésie,7,pl9Rezi
11,pleurétique,8,pl9Retik
7,pleutre,5,pl2tR
10,pleutrerie,8,pl2tR°Ri
9,pleuviner,7,pl2vine
10,pleuvioter,8,pl2vjote
8,pleuvoir,7,pl2vwaR
5,plexi,6,plEksi
9,plexiglas,10,plEksiglas
6,plexus,7,plEksys
6,pleyel,6,plEjEl
3,pli,3,pli
7,pliable,6,pliabl
6,pliage,6,plijaZ
6,pliant,5,plij@
4,plie,3,pli
5,plier,5,plije
6,plieur,6,plij9R
7,plinthe,4,pl5t
8,pliocène,8,plijosEn
6,plioir,7,plijwaR
6,plique,4,plik
10,plissement,7,plis°m@
7,plisser,5,plise
8,plisseur,6,plis9R
8,plissure,6,plisyR
6,plissé,5,plise
6,pliure,6,plijyR
4,plié,5,plije
4,ploc,4,plOk
9,ploiement,6,plwam@
5,plomb,3,pl§
8,plombage,6,pl§baZ
6,plombe,4,pl§b
7,plomber,5,pl§be
9,plomberie,7,pl§b°Ri
8,plombier,6,pl§bje
10,plombières,7,pl§bjER
8,plombure,6,pl§byR
6,plombé,5,pl§be
7,plombée,5,pl§be
6,plonge,4,pl§Z
9,plongeant,5,pl§Z@
10,plongement,7,pl§Z°m@
9,plongeoir,7,pl§ZwaR
8,plongeon,5,pl§Z§
7,plonger,5,pl§Ze
8,plongeur,6,pl§Z9R
7,plongée,5,pl§Ze
4,plot,3,plo
5,plouc,4,pluk
5,plouf,4,pluf
5,plouk,4,pluk
11,ploutocrate,9,plutokRat
12,ploutocratie,10,plutokRasi
7,ployant,6,plwaj@
6,ployer,6,plwaje
7,plucher,5,plySe
7,pluches,4,plyS
4,plue,3,ply
5,pluie,4,pl8i
12,plum-pudding,9,plumpudiG
7,plumage,6,plymaZ
7,plumard,6,plymaR
5,plume,4,plym
7,plumeau,5,plymo
6,plumer,5,plyme
6,plumet,5,plymE
8,plumetis,7,plym°ti
7,plumeux,5,plym2
7,plumier,6,plymje
8,plumitif,8,plymitif
6,plumée,5,plyme
7,plupart,6,plypaR
10,pluralisme,9,plyRalizm
10,pluraliste,9,plyRalist
9,pluralité,9,plyRalite
11,pluriannuel,10,plyRian8El
18,pluridisciplinaire,15,plyRidisiplinER
7,pluriel,7,plyRjEl
13,plurinational,13,plyRinasjOnal
4,plus,3,ply
4,plus,4,plys
16,plus-que-parfait,11,plysk°paRfE
10,plus-value,7,plyvaly
9,plusieurs,7,plyzj9R
6,pluton,5,plyt§
9,plutonien,8,plytonj5
10,plutonique,8,plytOnik
9,plutonium,9,plytonjOm
6,plutôt,5,plyto
7,pluvial,7,plyvjal
7,pluvier,6,plyvje
8,pluvieux,6,plyvj2
11,pluviomètre,10,plyvjomEtR
12,pluviométrie,11,plyvjometRi
14,pluviométrique,12,plyvjometRik
10,pluviosité,10,plyvjozite
8,pluviôse,7,plyvjoz
7,plâtras,6,platRa
6,plâtre,5,platR
7,plâtrer,6,platRe
8,plâtreux,6,platR2
8,plâtrier,8,platRije
6,plâtré,6,platRe
5,plèbe,4,plEb
6,plèvre,5,plEvR
10,plébiscite,8,plebisit
11,plébisciter,9,plebisite
8,plébéien,7,plebej5
7,pléiade,6,plejad
11,pléistocène,10,pleistosEn
7,plénier,6,plenje
16,plénipotentiaire,13,plenipot@sjER
9,plénitude,8,plenityd
6,plénum,6,plenOm
9,pléonasme,8,pleonasm
11,plésiosaure,9,plezjozoR
8,pléthore,6,pletOR
11,pléthorique,8,pletoRik
4,pneu,3,pn2
11,pneumatique,8,pn2matik
13,pneumatophore,10,pn2matofOR
6,pneumo,5,pn2mo
13,pneumoconiose,11,pn2mokOnjoz
11,pneumocoque,8,pn2mokOk
13,pneumocystose,11,pn2mosistoz
11,pneumologue,8,pn2mOlOg
14,pneumonectomie,12,pn2mOnEktOmi
9,pneumonie,7,pn2moni
11,pneumonique,8,pn2monik
12,pneumopathie,9,pn2mopati
12,pneumothorax,11,pn2motoRaks
11,pneus-neige,6,pn2nEZ
7,pochade,5,poSad
7,pochage,5,poSaZ
7,pochard,5,poSaR
5,poche,3,pOS
14,poche-revolver,11,pOSRevOlvER
6,pocher,4,poSe
9,pochetron,7,poSEtR§
8,pochette,5,poSEt
17,pochette-surprise,12,poSEtsyRpRiz
7,pocheté,6,pOS°te
8,pochetée,6,pOS°te
7,pochoir,6,poSwaR
6,pochon,4,poS§
8,pochtron,6,pOStR§
5,poché,4,poSe
7,podagre,6,podagR
8,podestat,7,podEsta
6,podium,6,podjOm
9,podologue,7,podolOg
9,podomètre,8,pOdOmEtR
7,poecile,5,pesil
5,pogne,3,pON
6,pognon,4,poN§
4,pogo,4,pOgo
6,pogrom,6,pogROm
7,pogrome,6,pogROm
5,poids,3,pwa
12,poids-lourds,6,pwaluR
8,poignant,5,pwaN@
8,poignard,6,pwaNaR
10,poignarder,8,pwaNaRde
6,poigne,4,pwaN
7,poigner,5,pwaNe
7,poignet,5,pwaNE
7,poignée,5,pwaNe
4,poil,4,pwal
15,poil-de-carotte,11,pwald°kaROt
7,poilant,5,pwal@
6,poiler,5,pwale
7,poileux,5,pwal2
5,poilu,5,pwaly
7,poindre,5,pw5dR
5,poing,3,pw5
10,poinsettia,8,pw5sEtja
5,point,3,pw5
9,point-clé,6,pw5kle
13,point-virgule,9,pw5viRgyl
8,pointage,6,pw5taZ
6,pointe,4,pw5t
8,pointeau,5,pw5to
10,pointement,7,pw5t°m@
7,pointer,6,pw5t9R
7,pointer,5,pw5te
8,pointeur,6,pw5t9R
11,pointilleux,7,pw5tij2
12,pointillisme,9,pw5tijizm
12,pointilliste,9,pw5tijist
9,pointillé,7,pw5tije
6,pointu,5,pw5ty
8,pointure,6,pw5tyR
6,pointé,5,pw5te
7,poinçon,5,pw5s§
10,poinçonner,7,pw5sone
11,poinçonneur,8,pw5son9R
5,poire,4,pwaR
12,poire-vérité,10,pwaRveRite
7,poireau,5,pwaRo
10,poireauter,7,pwaRote
6,poirer,5,pwaRe
7,poirier,6,pwaRje
8,poiroter,7,pwaRote
5,poiré,5,pwaRe
4,pois,3,pwa
10,poiscaille,7,pwaskaj
6,poison,5,pwaz§
8,poissard,6,pwasaR
6,poisse,4,pwas
7,poisser,5,pwase
8,poisseux,5,pwas2
7,poisson,5,pwas§
12,poisson-chat,7,pwas§Sa
13,poisson-globe,9,pwas§glOb
12,poisson-lune,8,pwas§lyn
14,poisson-pilote,10,pwas§pilOt
12,poisson-épée,8,pwas§epe
12,poissonnerie,9,pwasOn°Ri
11,poissonneux,7,pwason2
11,poissonnier,8,pwasonje
12,poissonnière,9,pwasonjER
8,poitevin,6,pwatv5
8,poitrail,7,pwatRaj
11,poitrinaire,9,pwatRinER
8,poitrine,7,pwatRin
8,poivrade,7,pwavRad
6,poivre,5,pwavR
7,poivrer,6,pwavRe
8,poivrier,8,pwavRije
9,poivrière,9,pwavRijER
7,poivron,6,pwavR§
7,poivrot,6,pwavRo
6,poivré,6,pwavRe
4,poix,3,pwa
5,poker,5,pokER
6,polack,5,polak
7,polaire,5,polER
5,polak,5,polak
7,polaque,5,polak
5,polar,5,polaR
10,polarisant,8,pOlaRiz@
12,polarisation,11,polaRizasj§
9,polariser,8,polaRize
8,polarisé,8,polaRize
8,polarité,8,polaRite
8,polaroid,8,polaRoid
8,polaroïd,8,polaRoid
6,polder,6,pOldER
4,pole,3,pOl
7,polenta,7,polEnta
4,poli,4,poli
6,police,5,polis
14,police-secours,10,pOliss2kuR
9,policeman,9,polis°man
7,policer,6,polise
12,polichinelle,9,poliSinEl
8,policier,7,polisje
12,policlinique,10,pOliklinik
6,policé,6,polise
8,poliment,6,polim@
5,polio,5,poljo
12,poliomyélite,11,poljomjelit
15,poliomyélitique,13,poljomjelitik
13,poliorcétique,11,poljoRsetik
5,polir,5,poliR
6,polish,5,pOliS
9,polissage,7,polisaZ
9,polisseur,7,polis9R
9,polissoir,8,poliswaR
8,polisson,6,polis§
11,polissonner,8,polisOne
13,polissonnerie,10,polisOn°Ri
9,polissure,7,polisyR
9,politburo,9,politbyRo
9,politesse,7,politEs
10,politicard,9,politikaR
10,politicien,9,politisj5
8,politico,8,politiko
9,politique,7,politik
17,politique-fiction,13,politikfiksj§
13,politiquement,10,politik°m@
12,politisation,11,politizasj§
9,politiser,8,politize
5,polka,5,pOlka
6,pollen,5,polEn
10,pollinique,7,polinik
13,pollinisateur,11,pOlinizat9R
13,pollinisation,11,polinizasj§
10,polliniser,8,pOlinize
7,pollope,5,polOp
8,polluant,5,pol8@
7,polluer,5,pol8e
8,pollueur,6,poly9R
9,pollution,7,polysj§
4,polo,4,polo
7,poloche,5,pOlOS
8,polochon,6,poloS§
8,polonais,6,polonE
6,polope,5,polOp
6,polski,6,pOlski
7,poltron,6,pOltR§
12,poltronnerie,10,pOltROn°Ri
4,poly,4,poli
12,polyacrylate,11,pOliakRilat
9,polyamide,8,poliamid
9,polyandre,7,polj@dR
12,polyarthrite,10,pOliaRtRit
13,polycarbonate,12,polikaRbonat
12,polychlorure,10,polikloRyR
10,polychrome,8,polikRom
11,polychromie,9,polikRomi
10,polychromé,9,polikRome
12,polyclinique,10,poliklinik
9,polycopie,8,polikopi
10,polycopier,9,polikopje
9,polycopié,9,polikopje
11,polyculture,10,polikyltyR
11,polycéphale,9,polisefal
12,polydactylie,11,pOlidaktili
9,polyester,9,poliEstER
8,polygame,7,poligam
9,polygamie,8,poligami
10,polyglotte,8,poliglOt
9,polygonal,9,poligonal
8,polygone,7,poligon
10,polygraphe,8,poligRaf
11,polygénique,9,pOliZenik
12,polykystique,10,pOlikistik
10,polymorphe,8,polimORf
11,polymorphie,9,polimORfi
8,polymère,7,polimER
10,polymérase,9,pOlimeRaz
11,polymérique,9,polimeRik
10,polynésien,9,polinezj5
6,polype,5,polip
9,polyphone,7,polifOn
10,polyphonie,8,polifoni
12,polyphonique,9,polifonik
8,polypier,7,polipje
13,polypropylène,12,polipRopilEn
11,polystyrène,10,polistiREn
11,polysyllabe,9,pOlisilab
14,polysyllabique,11,polisilabik
14,polytechnicien,12,politEknisj5
13,polytechnique,10,politEknik
9,polythène,7,politEn
11,polythéiste,9,politeist
9,polytonal,9,politonal
12,polytonalité,12,politonalite
12,polyuréthane,10,pOliyRetan
11,polyvalence,9,polival@s
10,polyvalent,8,polival@
10,polyvinyle,9,polivinil
13,polyvinylique,11,pOlivinilik
8,polyèdre,7,poljEdR
12,polyéthylène,10,polietilEn
9,polémique,7,polemik
10,polémiquer,8,polemike
9,polémiste,8,polemist
6,pomelo,6,pOmelo
7,pommade,5,pomad
8,pommader,6,pomade
8,pommadin,6,pOmad5
7,pommadé,6,pomade
7,pommard,5,pomaR
5,pomme,3,pOm
7,pommeau,4,pomo
8,pommeler,6,pOm°le
7,pommelé,6,pOm°le
6,pommer,4,pOme
9,pommeraie,6,pOm°RE
8,pommette,5,pomEt
7,pommier,5,pomje
9,pompadour,7,p§paduR
7,pompage,5,p§paZ
5,pompe,3,p§p
6,pomper,4,p§pe
8,pompette,5,p§pEt
7,pompeur,5,p§p9R
12,pompeusement,8,p§p2z°m@
7,pompeux,4,p§p2
7,pompier,5,p§pje
8,pompiste,6,p§pist
11,pompiérisme,9,p§pjeRizm
6,pompon,4,p§p§
9,pomponner,6,p§pone
5,pompé,4,p§pe
8,pompéien,6,p§pej5
6,pomélo,6,pomelo
10,poméranien,9,pomeRanj5
6,ponant,4,pon@
5,ponce,3,p§s
7,ponceau,4,p§so
6,poncer,4,p§se
6,poncho,5,p§tSo
6,poncif,5,p§sif
8,ponction,6,p§ksj§
11,ponctionner,8,p§ksjone
11,ponctualité,10,p§kt8alite
11,ponctuation,9,p§kt8asj§
8,ponctuel,7,p§kt8El
14,ponctuellement,10,p§kt8El°m@
8,ponctuer,6,p§kt8e
7,pondeur,5,p§d9R
7,pondoir,6,p§dwaR
6,pondre,4,p§dR
10,pondérable,8,p§deRabl
11,pondération,9,p§deRasj§
8,pondérer,6,p§deRe
7,pondéré,6,p§deRe
7,ponette,5,ponEt
5,poney,4,ponE
8,pongiste,6,p§Zist
5,pongo,4,p§go
5,pongé,4,p§Ze
4,pont,2,p§
13,pont-l'évêque,7,p§levEk
10,pont-levis,6,p§l°vi
9,pont-neuf,5,p§n9f
14,pont-promenade,9,p§pROmnad
7,pontage,5,p§taZ
5,ponte,3,p§t
6,ponter,4,p§te
6,pontet,4,p§tE
7,pontife,5,p§tif
10,pontifiant,7,p§tifj@
10,pontifical,9,p§tifikal
10,pontificat,8,p§tifika
9,pontifier,7,p§tifje
6,pontil,5,p§til
6,pontin,4,p§t5
6,ponton,4,p§t§
10,pontonnier,7,p§tonje
11,ponts-levis,6,p§l°vi
5,ponté,4,p§te
7,ponçage,5,p§saZ
4,pool,3,pul
3,pop,3,pOp
8,pop-club,7,pOpkl9b
8,pop-corn,7,pOpkORn
6,popaul,5,popOl
4,pope,3,pOp
8,popeline,7,pOp°lin
7,poplité,7,pOplite
6,popote,5,popOt
7,popotin,6,popot5
8,populace,7,popylas
10,populacier,9,popylasje
9,populaire,7,popylER
13,populairement,10,popylER°m@
11,populariser,10,popylaRize
10,popularité,10,popylaRite
10,population,9,popylasj§
8,populeux,6,popyl2
9,populisme,8,popylizm
9,populiste,8,popylist
6,populo,6,popylo
5,poque,3,pOk
8,poquette,5,pOkEt
4,porc,3,pOR
9,porc-épic,8,pORkepik
10,porcelaine,8,pORs°lEn
8,porcelet,7,pORs°lE
6,porche,4,pORS
7,porcher,5,pORSe
9,porcherie,7,pORS°Ri
6,porcif,6,pORsif
6,porcin,5,pORs5
4,pore,3,pOR
6,poreux,4,poR2
5,porno,5,pORno
10,pornocrate,9,pORnokRat
11,pornographe,9,pORnogRaf
12,pornographie,10,pORnogRafi
14,pornographique,11,pORnogRafik
8,porosité,8,poRozite
8,porphyre,6,pORfiR
9,porphyrie,7,pORfiRi
6,porque,4,pORk
8,porridge,6,pORidZ
4,port,3,pOR
10,port-salut,7,pORsaly
11,portabilité,11,pORtabilite
8,portable,7,pORtabl
7,portage,6,pORtaZ
8,portager,7,pORtaZe
7,portail,6,pORtaj
6,portal,6,pORtal
8,portance,6,pORt@s
7,portant,5,pORt@
8,portatif,8,pORtatif
5,porte,4,pORt
14,porte-aiguille,9,pORteg8ij
11,porte-avion,8,pORtavj§
12,porte-avions,8,pORtavj§
13,porte-bagages,9,pORtbagaZ
14,porte-bannière,10,pORtbanjER
13,porte-billets,8,pORtbijE
10,porte-bois,7,pORtbwa
13,porte-bonheur,9,pORtbOn9R
16,porte-bouteilles,9,pORtbutEj
10,porte-bébé,8,pORtbebe
12,porte-cannes,8,pORt°kan
11,porte-carte,9,pORt°kaRt
12,porte-cartes,9,pORt°kaRt
12,porte-chance,8,pORt°S@s
14,porte-chapeaux,8,pORtSapo
15,porte-cigarette,11,pORtsigaREt
16,porte-cigarettes,11,pORtsigaREt
10,porte-clef,8,pORt°kle
11,porte-clefs,8,pORt°kle
9,porte-clé,8,pORt°kle
10,porte-clés,8,pORt°kle
16,porte-conteneurs,12,pORt°k§t°n9R
11,porte-coton,8,pORtkot§
14,porte-couilles,8,pORt°kuj
13,porte-couteau,8,pORtkuto
14,porte-couteaux,8,pORtkuto
13,porte-cravate,10,pORtkRavat
12,porte-crayon,10,pORt°kREj§
14,porte-document,10,pORtdokym@
15,porte-documents,10,pORtdokym@
13,porte-drapeau,9,pORtdRapo
14,porte-drapeaux,9,pORtdRapo
12,porte-fanion,9,pORtfanj§
13,porte-fenêtre,10,pORtf°nEtR
13,porte-flingue,9,pORt°fl5g
12,porte-glaive,9,pORt°glEv
17,porte-jarretelles,12,pORt°ZaR°tEl
13,porte-malheur,9,pORtmal9R
10,porte-mine,8,pORt°min
13,porte-monnaie,9,pORt°monE
13,porte-musique,9,pORtmyzik
11,porte-objet,8,pORtObZE
12,porte-papier,9,pORtpapje
15,porte-parapluie,12,pORtpaRapl8i
16,porte-parapluies,12,pORtpaRapl8i
11,porte-plume,9,pORt°plym
11,porte-queue,7,pORt°k2
11,porte-savon,8,pORtsav§
15,porte-serviette,11,pORtsERvjEt
16,porte-serviettes,11,pORtsERvjEt
13,porte-tambour,8,pORt@buR
10,porte-voix,8,pORt°vwa
12,porte-à-faux,7,pORtafo
13,porte-à-porte,9,pORtapORt
10,porte-épée,7,pORtepe
14,porte-étendard,10,pORtet@daR
12,porte-étrier,10,pORtetRije
9,portefaix,7,pORt°fE
12,portefeuille,8,pORt°f9j
12,portemanteau,9,pORt°m@to
9,portement,7,pORt°m@
6,porter,6,pORtER
6,porter,5,poRte
8,porterie,7,pORt°Ri
7,porteur,6,pORt9R
9,portfolio,9,pORtfoljo
7,portier,6,pORtje
9,portillon,7,pORtij§
7,portion,6,pORsj§
8,portique,6,pORtik
8,portland,7,pORtl@d
5,porto,5,pORto
6,portor,6,pORtOR
11,portoricain,9,pORtoRik5
9,portraire,7,pORtRER
8,portrait,6,pORtRE
14,portrait-robot,10,pORtRERobo
12,portraitiste,10,pORtRetist
12,portraiturer,10,pORtRetyRe
9,portuaire,7,pORt8ER
9,portugais,7,pORtygE
8,portulan,7,pORtyl@
6,portus,5,pORty
6,portée,5,pORte
6,posada,6,pozada
4,pose,3,poz
11,pose-la-moi,8,pozlamwa
9,posemètre,8,poz°mEtR
5,poser,4,poze
6,poseur,5,poz9R
7,positif,7,pozitif
8,position,7,pozisj§
12,position-clé,10,pozisj§kle
11,positionnel,10,pozisjOnEl
14,positionnement,11,pozisjOn°m@
11,positionner,9,pozisjone
12,positionneur,10,pozisjOn9R
12,positivement,10,pozitiv°m@
9,positiver,8,pOzitive
11,positivisme,10,pozitivizm
11,positiviste,10,pozitivist
10,positivité,10,pozitivite
7,positon,6,pozit§
8,positron,7,pozitR§
9,posologie,8,pozoloZi
10,possesseur,7,poses9R
9,possessif,7,posesif
10,possession,7,posesj§
12,possessivité,10,posEsivite
11,possibilité,10,posibilite
8,possible,6,posibl
12,possiblement,9,posibl°m@
9,possédant,6,posed@
8,posséder,6,posede
7,possédé,6,posede
4,post,4,pOst
11,post mortem,11,pOst°mORtEm
18,post-apocalyptique,15,pOstapokaliptik
11,post-empire,8,pOst@piR
15,post-hypnotique,11,pOstipnotik
20,post-impressionnisme,15,pOst5pREsjOnism
7,post-it,6,pOstit
12,post-moderne,10,pOstmodERn
10,post-natal,9,pOstnatal
15,post-opératoire,13,pOstopeRatwaR
11,post-partum,10,pOstpaRtOm
15,post-production,13,pOstpRodyksj§
9,post-punk,8,pOstp9nk
15,post-romantique,11,pOstRom@tik
12,post-rupture,10,pOstRyptyR
13,post-scriptum,12,pOstskRiptOm
12,post-synchro,9,pOsts5kRo
16,post-traumatique,12,pOsttRomatik
14,post-victorien,12,pOstviktoRj5
8,post-zoo,7,pOstzoo
7,postage,6,postaZ
6,postal,6,pOstal
14,postcombustion,12,pOstk§bystj§
8,postcure,7,pOstkyR
9,postdater,8,pOstdate
12,postdoctoral,12,pOstdOktoRal
5,poste,4,pOst
9,poste-clé,8,pOst°kle
6,poster,5,pOste
8,postface,7,pOstfas
8,posthume,6,pOstym
8,postiche,6,pOstiS
7,postier,6,pOstje
9,postillon,7,pOstij§
12,postillonner,9,pOstijone
13,postillonneur,10,pOstijon9R
11,postmoderne,10,pOstmodERn
14,postmodernisme,13,pOstmodERnizm
14,postmoderniste,13,pOstmodERnist
9,postnatal,9,pOstnatal
14,postopératoire,13,pOstopeRatwaR
14,postproduction,13,pOstpRodyksj§
19,postsynchronisation,16,pOsts5kRonizasj§
9,postulant,7,pOstyl@
8,postulat,7,pOstyla
8,postuler,7,pOstyle
7,posture,6,pOstyR
5,posté,5,pOste
10,postérieur,9,pOsteRj9R
15,postérieurement,12,pOsteRj9R°m@
9,postérité,9,pOsteRite
4,posé,4,poze
8,posément,6,pozem@
3,pot,2,po
10,pot-au-feu,6,potof2
11,pot-bouille,5,pobuj
10,pot-de-vin,6,pod°v5
10,pot-pourri,6,popuRi
7,potable,6,potabl
7,potache,5,potaS
6,potage,5,potaZ
7,potager,6,potaZe
6,potard,5,potaR
7,potasse,5,potas
8,potasser,6,potase
9,potassium,8,potasjOm
4,pote,3,pOt
6,poteau,4,poto
6,potelé,6,pOt°le
7,potence,5,pot@s
8,potentat,6,pot@ta
16,potentialisation,14,pOt@sjalizasj§
13,potentialiser,11,pOt@sjalize
12,potentialité,11,pot@sjalite
9,potentiel,8,pot@sjEl
15,potentiellement,11,pot@sjEl°m@
13,potentiomètre,11,pot@sjomEtR
5,poter,4,pOte
7,poterie,6,pOt°Ri
7,poterne,6,potERn
7,potiche,5,potiS
6,potier,5,potje
10,potimarron,8,pOtimaR§
5,potin,4,pot5
6,potion,5,posj§
7,potiron,6,potiR§
8,potlatch,7,potlatS
9,poto-poto,8,potopoto
5,potos,4,poto
12,potron-minet,9,potR§minE
11,pots-de-vin,6,pod°v5
5,potée,4,pote
3,pou,2,pu
7,pouacre,5,pwakR
5,pouah,3,pwa
8,poubelle,5,pubEl
5,pouce,3,pus
10,pouce-pied,6,puspje
6,poucet,4,pusE
8,poucette,5,pusEt
7,pouding,5,pudiG
9,poudingue,5,pud5g
8,poudrage,6,pudRaZ
6,poudre,4,pudR
7,poudrer,5,pudRe
9,poudrette,6,pudREt
8,poudreux,5,pudR2
8,poudrier,7,pudRije
9,poudrière,8,pudRijER
12,poudroiement,8,pudRwam@
6,poudré,5,pudRe
4,pouf,3,puf
8,pouffant,4,puf@
10,pouffement,5,pufm@
7,pouffer,4,pufe
10,pouffiasse,6,pufjas
9,poufiasse,6,pufjas
4,pouh,2,pu
5,pouic,4,pwik
7,pouille,3,puj
10,pouillerie,6,puj°Ri
9,pouilleux,4,puj2
8,pouillot,4,pujo
7,pouilly,4,puji
10,poujadisme,8,puZadizm
10,poujadiste,8,puZadist
7,poulaga,6,pulaga
9,poulaille,5,pulaj
10,poulailler,6,pulaje
7,poulain,4,pul5
9,poulardin,7,pulaRd5
7,poulbot,5,pulbo
5,poule,3,pul
6,poulet,4,pulE
8,poulette,5,pulEt
8,pouliche,5,puliS
6,poulie,4,puli
10,poulinière,8,pulinjER
6,poulot,4,pulo
9,poulotter,6,pulOte
6,poulpe,4,pulp
5,pouls,2,pu
6,poumon,4,pum§
5,pound,5,pawnd
7,poupard,5,pupaR
5,poupe,3,pup
6,poupin,4,pup5
6,poupon,4,pup§
10,pouponnage,7,puponaZ
9,pouponner,6,pupone
11,pouponnière,8,puponjER
8,poupoule,5,pupul
6,poupée,4,pupe
4,pour,3,puR
9,pour-cent,5,puRs@
9,pourboire,7,puRbwaR
8,pourceau,5,puRso
8,pourcent,5,puRs@
11,pourcentage,8,puRs@taZ
8,pourchas,5,puRSa
11,pourchasser,7,puRSase
12,pourchasseur,8,puRSas9R
7,pourcif,6,puRsif
11,pourfendeur,8,puRf@d9R
10,pourfendre,7,puRf@dR
6,pourim,5,puRim
9,pourliche,6,puRliS
10,pourlécher,7,puRleSe
10,pourparler,8,puRpaRle
11,pourparlers,8,puRpaRle
8,pourpier,6,puRpje
9,pourpoint,6,puRpw5
7,pourpre,5,puRpR
7,pourpré,6,puRpRe
8,pourquoi,6,puRkwa
6,pourri,4,puRi
7,pourrir,5,puRiR
11,pourrissant,6,puRis@
13,pourrissement,8,puRis°m@
11,pourrisseur,7,puRis9R
11,pourrissoir,8,puRiswaR
10,pourriture,7,puRityR
9,poursuite,7,puRs8it
11,poursuivant,8,puRs8iv@
10,poursuivre,8,puRs8ivR
8,pourtant,5,puRt@
8,pourtour,6,puRtuR
7,pourvoi,6,puRvwa
8,pourvoir,7,puRvwaR
10,pourvoyeur,9,puRvwaj9R
7,poussah,4,pusa
6,pousse,3,pus
15,pousse-au-crime,8,pusokRim
11,pousse-café,7,puskafe
15,pousse-cailloux,7,puskaju
13,pousse-pousse,6,puspus
7,pousser,4,puse
9,poussette,5,pusEt
8,pousseur,5,pus9R
8,poussier,5,pusje
7,poussif,5,pusif
7,poussin,4,pus5
8,poussine,5,pusin
11,poussinière,8,pusinjER
12,poussivement,8,pusiv°m@
9,poussière,6,pusjER
11,poussiéreux,7,pusjeR2
8,poussoir,6,puswaR
6,poussé,4,puse
7,poussée,4,puse
9,poutargue,6,putaRg
7,poutine,5,putin
6,poutou,4,putu
10,poutraison,7,putREz§
6,poutre,4,putR
9,poutrelle,6,putREl
7,pouvoir,6,puvwaR
10,pouzzolane,8,pudzolan
5,poème,4,poEm
5,poète,4,poEt
6,poésie,5,poezi
9,poéticien,8,poetisj5
8,poétique,6,poetik
12,poétiquement,9,poetik°m@
8,poétiser,7,poetize
5,poêle,4,pwal
6,poêlon,5,pwal§
8,practice,7,pRaktis
8,pradelle,6,pRadEl
10,praesidium,9,pRezidjOm
11,pragmatique,9,pRagmatik
15,pragmatiquement,12,pRagmatik°m@
11,pragmatisme,10,pRagmatizm
11,pragmatiste,10,pRagmatist
6,praire,4,pRER
8,prairial,7,pRERjal
7,prairie,5,pReRi
7,praline,6,pRalin
7,praliné,7,pRaline
5,prang,4,pR@g
10,praticable,9,pRatikabl
9,praticien,8,pRatisj5
10,pratiquant,7,pRatik@
8,pratique,6,pRatik
12,pratiquement,9,pRatik°m@
9,pratiquer,7,pRatike
6,praxie,6,pRaksi
7,premier,6,pR2mje
14,premier-maître,10,pR2mjemEtR
10,premier-né,8,pR2mjene
7,premium,7,pRemjOm
12,première-née,9,pR°mjERne
12,premièrement,10,pR2mjER°m@
8,prenable,7,pR2nabl
7,prenant,5,pR°n@
7,prendre,5,pR@dR
7,preneur,6,pR°n9R
8,presbyte,7,pREsbit
12,presbyterium,12,pREzbit°RjOm
9,presbytie,8,pREsbisi
10,presbytère,9,pREsbitER
12,presbytérien,11,pREsbiteRj5
10,prescience,7,pResj@s
12,prescription,11,pREskRipsj§
9,prescrire,8,pREskRiR
10,presqu'île,7,pREskil
7,presque,5,pREsk
10,press-book,7,pREsbuk
8,pressage,6,pREsaZ
8,pressant,5,pREs@
6,presse,4,pREs
14,presse-agrumes,9,pREsagRym
13,presse-bouton,8,pREsbut§
13,presse-citron,9,pREssitR§
13,presse-fruits,8,pREsfR8i
13,presse-papier,9,pREspapje
14,presse-papiers,9,pREspapje
12,presse-purée,8,pREspyRe
15,presse-raquette,9,pREsRakEt
10,pressement,7,pREs°m@
9,pressenti,7,pRes@ti
13,pressentiment,9,pRes@tim@
10,pressentir,8,pRes@tiR
7,presser,5,pRese
8,presseur,6,pREs9R
8,pressing,6,pResiG
8,pression,6,pREsj§
8,pressoir,7,pREswaR
9,pressurer,7,pResyRe
14,pressurisation,12,pREsyRizasj§
11,pressuriser,9,pREsyRize
10,pressurisé,9,pResyRize
6,pressé,5,pRese
9,prestance,7,pREst@s
11,prestataire,9,pREstatER
10,prestation,9,pREstasj§
6,preste,5,pREst
10,prestement,8,pREst°m@
9,prestesse,7,pREstEs
16,prestidigitateur,15,pREstidiZitat9R
16,prestidigitation,15,pREstidiZitasj§
8,prestige,7,pREstiZ
11,prestigieux,9,pREstiZj2
6,presto,6,pREsto
6,preuve,4,pR9v
5,preux,3,pR2
6,priant,5,pRij@
9,priapique,8,pRijapik
9,priapisme,9,pRijapizm
9,prie-dieu,6,pRidj2
5,prier,5,pRije
6,prieur,6,pRij9R
7,prieuré,7,pRij9Re
8,primaire,6,pRimER
6,primal,6,pRimal
6,primat,5,pRima
7,primate,6,pRimat
12,primatologue,10,pRimatOlOg
8,primauté,7,pRimote
5,prime,4,pRim
10,prime time,8,pRimtajm
10,prime-saut,6,pRimso
6,primer,5,pRime
9,primerose,8,pRim°Roz
12,primesautier,9,pRimsotje
7,primeur,6,pRim9R
9,primevère,7,pRimvER
7,primidi,7,pRimidi
8,primitif,8,pRimitif
13,primitivement,11,pRimitiv°m@
12,primitivisme,11,pRimitivizm
5,primo,5,pRimo
15,primo-infection,12,pRimo5fEksj§
10,primordial,10,pRimORdjal
15,primordialement,13,pRimORdjal°m@
5,primé,5,pRime
4,prin,3,pR5
6,prince,4,pR5s
16,prince-de-galles,9,pR5sd°gal
13,prince-évêque,8,pR5sevEk
8,princeps,7,pR5sEps
8,princier,6,pR5sje
9,principal,8,pR5sipal
14,principalement,11,pR5sipal°m@
9,principat,7,pR5sipa
11,principauté,9,pR5sipote
8,principe,6,pR5sip
13,princièrement,10,pR5sjER°m@
10,printanier,8,pR5tanje
9,printemps,5,pR5t@
5,prion,5,pRij§
11,prioritaire,10,pRijoRitER
8,priorité,9,pRijoRite
4,pris,3,pRi
5,prise,4,pRiz
6,priser,5,pRize
7,priseur,6,pRiz9R
11,prismatique,9,pRismatik
6,prisme,5,pRizm
6,prison,5,pRiz§
10,prisonnier,8,pRizonje
6,pristi,6,pRisti
8,prisunic,8,pRizynik
8,privatif,8,pRivatif
9,privation,8,pRivasj§
13,privatisation,12,pRivatizasj§
10,privatiser,9,pRivatize
8,privauté,7,pRivote
6,priver,5,pRive
9,privilège,8,pRivilEZ
11,privilégier,10,pRivileZje
10,privilégié,10,pRivileZje
5,privé,5,pRive
9,privément,7,pRivem@
4,prix,3,pRi
9,prix-choc,6,pRiSOk
6,prière,6,pRijER
3,pro,3,pRo
14,pro-occidental,12,pRoOksid@tal
8,proactif,8,pRoaktif
11,probabilité,11,pRobabilite
8,probable,8,pRobabl°
12,probablement,10,pRobabl°m@
7,probant,5,pRob@
9,probation,8,pRobasj§
10,probatoire,9,pRobatwaR
5,probe,4,pROb
7,probité,7,pRobite
7,probloc,7,pRoblOk
9,probloque,7,pRoblOk
8,problème,7,pRoblEm
13,problématique,11,pRoblematik
4,proc,4,pROk
12,procalmadiol,12,pRokalmadjOl
8,procaïne,7,pROkain
7,process,6,pROsEs
10,processeur,8,pRoses9R
10,procession,8,pRosesj§
15,processionnaire,11,pRosesjonER
9,processus,8,pRosesys
8,prochain,5,pRoS5
13,prochainement,9,pRoSEn°m@
6,proche,4,pROS
15,proche-oriental,11,pROSORj@tal
10,prochinois,8,pRoSinwa
12,proclamation,11,pRoklamasj§
9,proclamer,8,pRoklame
13,procommuniste,11,pRokomynist
9,proconsul,8,pRok§syl
15,procrastination,14,pRokRastinasj§
11,procréateur,10,pRokReat9R
11,procréation,10,pRokReasj§
8,procréer,7,pRokRee
11,proctologie,10,pROktoloZi
11,proctologue,9,pROktolOg
11,procurateur,10,pRokyRat9R
11,procuration,10,pRokyRasj§
7,procure,6,pRokyR
8,procurer,7,pRokyRe
9,procureur,8,pRokyR9R
6,procès,5,pRosE
11,procès-test,9,pRosEtEst
13,procès-verbal,11,pRosEvERbal
8,procéder,7,pRosede
10,procédural,10,pROsedyRal
9,procédure,8,pRosedyR
11,procédurier,10,pRosedyRje
7,procédé,7,pRosede
11,prodigalité,11,pRodigalite
7,prodige,6,pRodiZ
15,prodigieusement,12,pRodiZj2z°m@
10,prodigieux,8,pRodiZj2
8,prodigue,6,pRodig
9,prodiguer,7,pRodige
8,prodrome,7,pRodROm
10,producteur,9,pRodykt9R
9,productif,9,pRodyktif
10,production,9,pRodyksj§
12,productivité,12,pRodyktivite
8,produire,7,pRod8iR
7,produit,6,pRod8i
4,prof,4,pROf
11,profanateur,10,pRofanat9R
11,profanation,10,pRofanasj§
12,profanatoire,11,pRofanatwaR
7,profane,6,pRofan
8,profaner,7,pRofane
8,professe,6,pRofEs
9,professer,7,pRofese
10,professeur,8,pRofEs9R
10,profession,8,pRofEsj§
17,professionnalisme,14,pRofEsjonalizm
13,professionnel,11,pRofEsjonEl
19,professionnellement,14,pRofEsjonEl°m@
11,professoral,10,pRofEsoRal
11,professorat,9,pRofEsoRa
6,profil,6,pRofil
9,profilage,8,pRofilaZ
8,profiler,7,pRofile
9,profileur,8,pRofil9R
7,profilé,7,pRofile
6,profit,5,pRofi
13,profitabilité,13,pRofitabilite
10,profitable,9,pRofitabl
9,profitant,7,pRofit@
8,profiter,7,pRofite
11,profiterole,10,pRofit°ROl
9,profiteur,8,pRofit9R
7,profond,5,pRof§
10,profondeur,8,pRof§d9R
12,profondément,9,pRof§dem@
6,profus,5,pRofy
9,profusion,8,pRofyzj§
8,proférer,7,pRofeRe
12,progestérone,11,pRoZEsteROn
9,prognathe,7,pRognat
12,prognathisme,10,pROgnatism
12,programmable,10,pRogRamabl
13,programmateur,11,pRogRamat9R
13,programmation,11,pRogRamasj§
9,programme,7,pRogRam
10,programmer,8,pRogRame
11,programmeur,9,pRogRam9R
9,programmé,8,pRogRame
10,progresser,8,pRogRese
10,progressif,9,pRogResif
11,progression,9,pRogREsj§
12,progressisme,10,pRogREsizm
12,progressiste,10,pRogResist
15,progressivement,12,pRogResiv°m@
7,progrès,6,pRogRE
11,progéniteur,10,pROZenit9R
11,progéniture,10,pRoZenityR
11,prohibition,9,pRoibisj§
7,prohibé,6,pRoibe
5,proie,4,pRwa
10,projecteur,9,pRoZEkt9R
9,projectif,9,pROZEktif
10,projectile,9,pRoZEktil
10,projection,9,pRoZEksj§
15,projectionniste,13,pRoZEksjonist
6,projet,5,pRoZE
8,projeter,7,pRoZ°te
5,projo,5,pRoZo
9,prolapsus,9,pRolapsys
10,prolifique,8,pRolifik
9,prolifère,8,pRolifER
11,proliférant,9,pRolifeR@
13,prolifération,12,pRolifeRasj§
10,proliférer,9,pRolifeRe
7,proline,6,pROlin
7,prolixe,7,pRoliks
9,prolixité,10,pRoliksite
5,prolo,5,pRolo
8,prologue,6,pRolOg
12,prolongateur,10,pROl§gat9R
12,prolongation,10,pRol§gasj§
8,prolonge,6,pRol§Z
12,prolongement,9,pRol§Z°m@
9,prolonger,7,pRol§Ze
8,prolongé,7,pRol§Ze
12,prolégomènes,10,pRolegomEn
10,prolétaire,8,pRoletER
11,prolétariat,10,pRoletaRja
11,prolétarien,10,pRoletaRj5
15,prolétarisation,14,pRoletaRizasj§
12,prolétariser,11,pRoletaRize
9,promazine,8,pRomazin
9,promenade,7,pROmnad
8,promener,6,pROmne
9,promeneur,7,pRomn9R
9,promenoir,8,pRomnwaR
8,promesse,6,pRomEs
10,prometteur,8,pRomEt9R
9,promettre,7,pRomEtR
6,promis,5,pRomi
11,promiscuité,11,pRomisk8ite
5,promo,5,pRomo
11,promontoire,9,pRom§twaR
9,promoteur,8,pRomot9R
9,promotion,8,pRomosj§
12,promotionnel,11,pRomosjonEl
10,promouvoir,9,pRomuvwaR
6,prompt,3,pR§
11,promptement,7,pR§t°m@
9,prompteur,7,pR§pt9R
11,promptitude,8,pR§tityd
7,prompto,5,pR§to
5,promu,5,pRomy
12,promulgation,11,pRomylgasj§
10,promulguer,8,pRomylge
10,prométhéen,8,pROmete5
9,pronation,8,pRonasj§
6,pronom,5,pRon§
10,pronominal,10,pRonominal
9,prononcer,7,pRon§se
13,prononciation,11,pRon§sjasj§
8,prononcé,7,pRon§se
11,prononçable,9,pRon§sabl
9,pronostic,9,pRonOstik
11,pronostique,9,pRonOstik
12,pronostiquer,10,pRonOstike
13,pronostiqueur,11,pRonOstik9R
15,pronunciamiento,15,pRonunsjamjEnto
10,propagande,8,pRopag@d
13,propagandiste,11,pRopag@dist
11,propagateur,10,pRopagat9R
11,propagation,10,pRopagasj§
8,propager,7,pRopaZe
7,propane,6,pRopan
10,propension,8,pRop@sj§
9,propergol,9,pRopERgOl
8,prophase,6,pRofaz
14,prophylactique,11,pRofilaktik
11,prophylaxie,10,pRofilaksi
8,prophète,6,pRofEt
9,prophétie,7,pRofesi
11,prophétique,8,pRofetik
15,prophétiquement,11,pRofetik°m@
11,prophétiser,9,pRofetize
7,propice,6,pRopis
10,propionate,9,pROpjOnat
13,propitiatoire,12,pRopisjatwaR
8,propolis,8,pROpOlis
10,proportion,9,pRopORsj§
16,proportionnalité,15,pRopORsjOnalite
13,proportionnel,12,pRopORsjonEl
19,proportionnellement,15,pRopORsjonEl°m@
13,proportionner,11,pRopORsjone
12,proportionné,11,pRopORsjone
6,propos,5,pRopo
8,proposer,7,pRopoze
11,proposition,10,pRopozisj§
7,proposé,7,pRopoze
6,propre,5,pROpR
13,propre-à-rien,9,pROpRaRj5
10,proprement,8,pROpR°m@
7,propret,6,pRopRE
8,propreté,8,pROpR°te
7,proprio,8,pRopRijo
12,propriétaire,11,pRopRijetER
9,propriété,10,pRopRijete
9,propulser,8,pRopylse
10,propulseur,9,pRopyls9R
9,propulsif,9,pROpylsif
10,propulsion,9,pRopylsj§
9,propylène,8,pROpilEn
10,propédeute,8,pRoped2t
7,prorata,7,pRoRata
11,prorogation,10,pRoRogasj§
8,proroger,7,pRoRoZe
9,prosateur,8,pRozat9R
9,prosaïque,7,pRozaik
13,prosaïquement,10,pRozaik°m@
9,prosaïsme,8,pRozaizm
10,proscenium,9,pRosenjOm
12,proscription,11,pROskRipsj§
9,proscrire,8,pROskRiR
8,proscrit,7,pROskRi
5,prose,4,pRoz
6,prosit,6,pROzit
8,prosodie,7,pRozodi
10,prosodique,8,pRozodik
13,prosoviétique,11,pRosovjetik
8,prospect,6,pROspE
10,prospecter,9,pROspEkte
11,prospecteur,10,pROspEkt9R
10,prospectif,10,pROspEktif
11,prospection,10,pROspEksj§
11,prospective,10,pROspEktiv
10,prospectus,10,pROspEktys
8,prospère,7,pROspER
9,prospérer,8,pROspeRe
10,prospérité,10,pROspeRite
8,prostate,7,pROstat
14,prostatectomie,13,pROstatEktOmi
11,prostatique,9,pROstatik
10,prostatite,9,pROstatit
13,prosternation,12,pRostERnasj§
10,prosterner,9,pRostERne
12,prosthétique,9,pROstetik
10,prostituer,9,pROstit8e
12,prostitution,11,pROstitysj§
15,prostitutionnel,14,pROstitysjonEl
9,prostitué,9,pROstit8e
11,prostration,10,pRostRasj§
7,prostré,7,pROstRe
9,prosélyte,8,pRozelit
12,prosélytique,10,pROzelitik
12,prosélytisme,11,pRozelitizm
12,protagoniste,11,pRotagonist
6,protal,6,pROtal
5,prote,4,pROt
10,protecteur,9,pRotEkt9R
10,protection,9,pRotEksj§
15,protectionnisme,13,pRotEksjonizm
11,protectorat,10,pRotEktoRa
10,protestant,8,pRotEst@
14,protestantisme,12,pRotEst@tizm
12,protestation,11,pRotEstasj§
9,protester,8,pRotEste
7,proteus,7,pROteys
12,prothrombine,9,pROtR§bin
8,prothèse,6,pRotEz
11,prothésiste,9,pRotezist
11,prothétique,8,pROtetik
7,protide,6,pRotid
10,protidique,8,pROtidik
11,protococcus,10,pROtOkOkys
12,protocolaire,10,pRotokolER
9,protocole,8,pRotokOl
13,protohistoire,11,pRotoistwaR
6,proton,5,pRot§
10,protonique,8,pRotonik
12,protonotaire,10,pRotonotER
11,protoplasme,10,pRotoplasm
14,protoplasmique,12,pRotoplasmik
11,protoplaste,10,pROtOplast
9,prototype,8,pRototip
9,protoxyde,9,pRotOksid
11,protozoaire,9,pRotozoER
10,protrusion,9,pROtRyzj§
12,protubérance,10,pRotybeR@s
11,protubérant,9,pRotybeR@
14,protège-cahier,10,pRotEZkaje
13,protège-dents,8,pRotEZd@
12,protège-slip,10,pROtEZslip
13,protège-tibia,11,pRotEZtibja
8,protéase,7,pROteaz
8,protéger,7,pRoteZe
7,protégé,7,pRoteZe
11,protéiforme,10,pRoteifORm
8,protéine,7,pRotein
11,protéinique,9,pRoteinik
11,protéinurie,10,pROteinyRi
8,protéiné,8,pROteine
9,protéique,7,pRoteik
13,protéolytique,11,pRoteolitik
6,protêt,5,pRotE
12,proudhonisme,9,pRudonizm
5,proue,3,pRu
8,prouesse,5,pRuEs
9,proustien,7,pRustj5
5,prout,4,pRut
9,prouvable,7,pRuvabl
7,prouver,5,pRuve
6,prouvé,5,pRuve
10,provenance,8,pRov°n@s
8,provende,6,pRov@d
8,provenir,8,pRov°niR
9,provençal,8,pRov@sal
8,proverbe,7,pRovERb
10,proverbial,10,pRovERbjal
10,providence,8,pRovid@s
12,providentiel,11,pRovid@sjEl
18,providentiellement,14,pRovid@sjEl°m@
8,provider,9,pRovajd9R
13,provietnamien,12,pRovjEtnamj5
8,province,6,pRov5s
10,provincial,9,pRov5sjal
15,provincialement,12,pROv5sjal°m@
9,proviseur,8,pRoviz9R
9,provision,8,pRovizj§
12,provisionnel,11,pRovizjonEl
12,provisionner,10,pRovizjone
10,provisoire,9,pRovizwaR
14,provisoirement,12,pRovizwaR°m@
5,provo,5,pRovo
6,provoc,6,pRovOk
9,provocant,7,pRovok@
11,provocateur,10,pRovokat9R
11,provocation,10,pRovokasj§
9,provolone,8,pRovolOn
9,provoquer,7,pRovoke
8,provoqué,7,pRovoke
11,provéditeur,10,pRovedit9R
8,proximal,9,pROksimal
9,proximité,10,pROksimite
5,proxo,6,pROkso
9,proxénète,9,pROksenEt
12,proxénétisme,12,pROksenetizm
5,proze,4,pRoz
7,proèdre,6,pRoEdR
11,proéminence,9,pRoemin@s
10,proéminent,8,pRoemin@
10,prud'homme,6,pRydOm
5,prude,4,pRyd
10,prudemment,7,pRydam@
8,prudence,6,pRyd@s
7,prudent,5,pRyd@
8,pruderie,7,pRyd°Ri
13,prudhommesque,9,pRydOmEsk
5,prune,4,pRyn
7,pruneau,5,pRyno
8,prunelle,6,pRynEl
10,prunellier,8,pRyn°lje
7,prunier,6,pRynje
6,prunus,6,pRynys
7,prurigo,7,pRyRigo
6,prurit,6,pRyRit
8,prussien,6,pRysj5
7,prussik,6,pRysik
9,prussique,6,pRysik
8,prytanée,7,pRitane
5,prèle,4,pREl
4,près,3,pRE
7,près de,5,pREd2
3,pré,3,pRe
8,pré-salé,7,pResale
10,pré-établi,9,pReetabli
14,préadolescence,11,pReadOlEs@s
9,préalable,8,pRealabl
13,préalablement,11,pRealabl°m@
9,préambule,7,pRe@byl
5,préau,4,pReo
7,préavis,6,pReavi
8,précaire,6,pRekER
12,précairement,9,pRekER°m@
11,précambrien,9,pRek@bRj5
9,précarité,9,pRekaRite
10,précaution,8,pRekosj§
19,précautionneusement,14,pRekosjon2z°m@
14,précautionneux,10,pRekosjon2
11,précellence,8,pResel@s
9,précelles,6,pResEl
8,précepte,7,pResEpt
10,précepteur,9,pResEpt9R
10,précession,8,pResesj§
12,préchauffage,8,pReSofaZ
11,préchauffer,7,pReSOfe
13,précieusement,10,pResj2z°m@
8,précieux,6,pResj2
10,préciosité,10,pResjozite
9,précipice,8,pResipis
14,précipitamment,11,pResipitam@
11,précipitant,9,pResipit@
13,précipitation,12,pResipitasj§
10,précipiter,9,pResipite
9,précipité,9,pResipite
6,précis,5,pResi
8,préciser,7,pResize
9,précision,8,pResizj§
11,précisément,9,pResizem@
7,précité,7,pResite
7,précoce,6,pRekOs
11,précocement,9,pRekOs°m@
9,précocité,9,pRekosite
12,précognition,11,pRekOgnisj§
12,précolombien,10,pRekol§bj5
13,préconisation,12,pRekonizasj§
10,préconiser,9,pRekonize
8,préconçu,7,pRek§sy
7,précuit,6,pRek8i
10,précurseur,9,pRekyRs9R
12,précédemment,9,pResedam@
9,précédent,7,pResed@
8,précéder,7,pResede
9,prédateur,8,pRedat9R
9,prédation,8,pRedasj§
8,prédelle,6,pRedEl
14,prédestination,13,pRedEstinasj§
10,prédestiné,10,pRedEstine
9,prédicant,7,pRedik@
8,prédicat,7,pRedika
11,prédicateur,10,pRedikat9R
11,prédication,10,pRedikasj§
11,prédictible,10,pRediktibl
9,prédictif,9,pRediktif
10,prédiction,9,pRediksj§
12,prédigestion,11,pRediZEstj§
9,prédigéré,9,pRediZeRe
12,prédilection,11,pRedilEksj§
7,prédire,6,pRediR
14,prédisposition,13,pRedispozisj§
6,prédit,5,pRedi
12,prédominance,10,pRedomin@s
11,prédominant,9,pRedomin@
10,prédominer,9,pRedomine
12,prédécesseur,10,pRedeses9R
13,prédéterminer,12,pRedetERmine
10,préemption,8,pRe@psj§
10,préencollé,8,pRe@kole
11,préexistant,10,pReEgzist@
11,préfabriqué,10,pRefabRike
7,préface,6,pRefas
8,préfacer,7,pRefase
9,préfacier,8,pRefasje
11,préfectance,9,pRefEkt@s
10,préfecture,9,pRefEktyR
6,préfet,5,pRefE
13,préfiguration,12,pRefigyRasj§
10,préfigurer,9,pRefigyRe
6,préfix,7,pRefiks
11,préfixation,11,pRefiksasj§
7,préfixe,7,pRefiks
12,préformation,11,pRefORmasj§
9,préformer,8,pRefORme
10,préfrontal,9,pRefR§tal
10,préférable,9,pRefeRabl
14,préférablement,12,pRefeRabl2m@
10,préférence,8,pRefeR@s
12,préférentiel,11,pRefeR@sjEl
8,préférer,7,pRefeRe
7,préféré,7,pRefeRe
9,prégnance,6,pReN@s
10,préhenseur,7,pRe@s9R
10,préhensile,7,pRe@sil
10,préhension,7,pRe@sj§
11,préhistoire,9,pReistwaR
12,préhistorien,10,pReistoRj5
13,préhistorique,10,pReistoRik
11,préhominien,9,pReominj5
13,préindustriel,13,pRe5dystRijEl
9,préjudice,8,pReZydis
13,préjudiciable,12,pReZydisjabl
8,préjuger,7,pReZyZe
7,préjugé,7,pReZyZe
9,prélasser,7,pRelase
6,prélat,5,pRela
9,prélavage,8,pRelavaZ
8,prélaver,7,pRelave
7,prélegs,5,pRelE
8,prélever,7,pRel°ve
12,préliminaire,10,pReliminER
7,prélude,6,pRelyd
8,préluder,7,pRelyde
11,prélèvement,9,pRelEv°m@
11,prématurité,11,pRematyRite
9,prématuré,9,pRematyRe
13,prématurément,11,pRematyRem@
12,prémenstruel,11,pRem@stRyEl
8,prémices,6,pRemis
8,prémisse,6,pRemis
10,prémolaire,8,pRemolER
11,prémonition,10,pRemonisj§
12,prémonitoire,11,pRemonitwaR
8,prémunir,8,pRemyniR
13,préméditation,12,pRemeditasj§
10,préméditer,9,pRemedite
9,prémédité,9,pRemedite
8,prénatal,8,pRenatal
6,prénom,5,pRen§
11,prénom-type,8,pRen§tip
9,prénommer,7,pRenome
8,prénommé,7,pRenome
10,prénuptial,10,pRenypsjal
11,préoccupant,8,pReokyp@
13,préoccupation,11,pReokypasj§
10,préoccuper,8,pReokype
9,préoccupé,8,pReokype
13,préopératoire,12,pReopeRatwaR
5,prépa,5,pRepa
11,préparateur,10,pRepaRat9R
10,préparatif,10,pRepaRatif
11,préparation,10,pRepaRasj§
12,préparatoire,11,pRepaRatwaR
8,préparer,7,pRepaRe
13,prépondérance,10,pRep§deR@s
12,prépondérant,9,pRep§deR@
11,préposition,10,pRepozisj§
7,préposé,7,pRepoze
10,prépotence,8,pRepot@s
12,préprogrammé,11,pRepRogRame
9,prépubère,8,pRepybER
7,prépuce,6,pRepys
13,préraphaélite,11,pReRafaelit
10,prérentrée,8,pReR@tRe
11,préretraite,9,pReR°tREt
11,prérogative,10,pReRogativ
8,préroman,7,pReRom@
18,prérévolutionnaire,15,pReRevolysjonER
7,présage,6,pRezaZ
8,présager,7,pRezaZe
11,préscolaire,9,pReskolER
8,présence,6,pRez@s
7,présent,5,pRez@
11,présentable,9,pRez@tabl
12,présentateur,10,pRez@tat9R
12,présentation,10,pRez@tasj§
8,présente,6,pRez@t
12,présentement,9,pRez@t°m@
9,présenter,7,pRez@te
10,présentoir,9,pRez@twaR
12,préservateur,11,pRezERvat9R
11,préservatif,11,pRezERvatif
12,préservation,11,pRezERvasj§
9,préserver,8,pRezERve
7,préside,6,pRezid
10,présidence,8,pRezid@s
9,président,7,pRezid@
19,président-directeur,15,pRezid@diREkt9R
14,présidentiable,12,pRezid@sjabl
12,présidentiel,11,pRezid@sjEl
8,présider,7,pRezide
9,présidium,9,pRezidjOm
13,présocratique,11,pResokRatik
10,présomptif,9,pRez§ptif
11,présomption,9,pRez§psj§
12,présomptueux,9,pRez§pt82
8,présumer,7,pRezyme
7,présumé,7,pRezyme
9,préséance,7,pRese@s
12,présélection,11,pReselEksj§
10,prétendant,7,pRet@d@
9,prétendre,7,pRet@dR
8,prétendu,7,pRet@dy
12,prétendument,9,pRet@dym@
11,prétentaine,8,pRet@tEn
11,prétentiard,9,pRet@sjaR
11,prétentieux,8,pRet@sj2
10,prétention,8,pRet@sj§
13,préternaturel,13,pRetERnatyREl
7,préteur,6,pRet9R
8,prétexte,8,pRetEkst
9,prétexter,9,pRetEkste
8,prétoire,7,pRetwaR
9,prétorien,8,pRetoRj5
7,préture,6,pRetyR
10,prévalence,8,pReval@s
9,prévalent,6,pReval
9,prévaloir,9,pRevalwaR
13,prévaricateur,12,pRevaRikat9R
10,prévenance,8,pREv°n@s
9,prévenant,7,pREv°n@
8,prévenir,8,pREv°niR
9,préventif,8,pRev@tif
10,prévention,8,pRev@sj§
14,préventivement,11,pRev@tiv°m@
12,préventorium,11,pRev@toRjOm
7,prévenu,7,pREv°ny
6,prévis,5,pRevi
13,prévisibilité,13,pRevizibilite
10,prévisible,9,pRevizibl
9,prévision,8,pRevizj§
12,prévisionnel,11,pRevizjonEl
7,prévoir,7,pRevwaR
10,prévoyance,9,pRevwaj@s
9,prévoyant,8,pRevwaj@
6,prévôt,5,pRevo
7,prévôté,7,pRevote
12,préélectoral,12,pReelEktoRal
11,prééminence,9,pReemin@s
9,préétabli,9,pReetabli
6,prêche,4,pRES
7,prêcher,5,pReSe
8,prêcheur,6,pRES9R
13,prêchi-prêcha,10,pRESipRESa
4,prêt,3,pRE
9,prêt-bail,6,pREbaj
13,prêt-à-porter,10,pREtapORte
9,prête-nom,6,pREtn§
6,prêter,5,pRete
7,prêteur,6,pREt9R
10,prêtraille,7,pREtRaj
6,prêtre,5,pREtR
14,prêtre-ouvrier,11,pREtRuvRije
8,prêtrise,7,pRetRiz
5,prêté,5,pRete
5,prône,4,pRon
6,prôner,5,pRone
7,prôneur,6,pRon9R
9,psalmiste,8,psalmist
9,psalmodie,8,psalmodi
10,psalmodier,9,psalmodje
6,psaume,4,psom
8,psautier,6,psotje
7,pschent,6,psSEnt
7,pschitt,4,pSit
6,pseudo,5,ps2do
19,pseudo-gouvernement,14,ps2doguvERn2m@
14,pseudobulbaire,11,ps2dobylbER
11,pseudomonas,10,ps2dOmOnas
10,pseudonyme,8,ps2donim
3,psi,3,psi
11,psilocybine,10,psilOsibin
5,psitt,4,psit
10,psittacose,8,psitakoz
9,psoriasis,9,psoRjazis
3,pst,3,pst
3,psy,3,psi
12,psychanalyse,10,psikanaliz
13,psychanalyser,11,psikanalize
13,psychanalyste,11,psikanalist
15,psychanalytique,12,psikanalitik
10,psychiatre,8,psikjatR
18,psychiatre-conseil,13,psikjatRk§sEj
11,psychiatrie,9,psikjatRi
13,psychiatrique,10,psikjatRik
9,psychique,6,psiSik
13,psychiquement,9,psiSik°m@
9,psychisme,7,psiSizm
6,psycho,5,psiko
15,psychochirurgie,12,psikoSiRyRZi
11,psychodrame,9,psikodRam
17,psychodysleptique,14,psikodislEptik
10,psychogène,8,psikoZEn
13,psychokinésie,11,psikokinezi
18,psycholinguistique,14,psikol5g8istik
11,psychologie,9,psikoloZi
19,psychologie-fiction,15,psikoloZifiksj§
13,psychologique,10,psikoloZik
17,psychologiquement,13,psikoloZik°m@
16,psychologisation,14,psikoloZizasj§
11,psychologue,8,psikolOg
14,psychométrique,11,psikOmetRik
13,psychonévrose,11,psikonevRoz
11,psychopathe,8,psikopat
12,psychopathie,9,psikOpati
14,psychopathique,10,psikopatik
16,psychopathologie,13,psikopatoloZi
18,psychopathologique,14,psikopatoloZik
19,psychopharmacologie,16,psikofaRmakoloZi
17,psychophysiologie,14,psikofizjoloZi
19,psychophysiologique,15,psikofizjoloZik
12,psychorigide,10,psikoRiZid
8,psychose,6,psikoz
12,psychosexuel,12,psikosEks8El
16,psychosociologie,14,psikososjoloZi
16,psychosociologue,13,psikosOsjOlOg
16,psychosomaticien,14,psikozomatisj5
15,psychosomatique,12,psikosomatik
16,psychotechnicien,13,psikotEknisj5
15,psychotechnique,11,psikotEknik
16,psychothérapeute,12,psikoteRap2t
14,psychothérapie,11,psikoteRapi
11,psychotique,8,psikotik
11,psychotrope,9,psikotROp
6,psyché,5,psiSe
13,psychédélique,10,psikedelik
8,psyllium,7,psiljOm
6,ptosis,6,ptozis
4,ptyx,5,ptiks
12,ptérodactyle,11,pteRodaktil
5,puant,3,p8@
8,puanteur,6,p8@t9R
3,pub,3,p9b
10,pubertaire,8,pybERtER
7,puberté,7,pybERte
6,pubien,5,pybj5
5,pubis,5,pybis
9,publiable,9,pyblijabl
6,public,6,pyblik
16,public-relations,14,p9blikRilEjS9n
9,publicain,7,pyblik5
11,publication,10,pyblikasj§
10,publiciste,9,pyblisist
12,publicitaire,10,pyblisitER
16,publicitairement,13,pyblisitER°m@
9,publicité,9,pyblisite
7,publico,7,pybliko
7,publier,7,pyblije
8,publieur,7,pyblj9R
10,publiphone,8,pyblifOn
12,publiquement,9,pyblik°m@
14,publireportage,13,pybliR2pORtaZ
6,pubère,5,pybER
4,puce,3,pys
6,puceau,4,pyso
8,pucelage,7,pys°laZ
7,puceron,6,pys°R§
6,pucher,4,pySe
7,pucheux,4,pyS2
6,pucier,5,pysje
7,pudding,5,pudiG
6,pudeur,5,pyd9R
8,pudibond,6,pydib§
12,pudibonderie,10,pydib§d°Ri
8,pudicité,8,pydisite
7,pudique,5,pydik
11,pudiquement,8,pydik°m@
6,pueblo,6,py°blo
4,puer,3,p8e
4,puff,3,p9f
6,puffin,4,pyf5
7,pugilat,6,pyZila
7,pugiler,6,pyZile
9,pugiliste,8,pyZilist
12,pugilistique,10,pyZilistik
7,pugnace,5,pyNas
9,pugnacité,8,pyNasite
4,puis,3,p8i
7,puisard,6,p8izaR
9,puisatier,8,p8izatje
6,puiser,5,p8ize
8,puisette,6,p8izEt
6,puisqu,5,p8isk
7,puisque,6,p8isk°
11,puissamment,7,p8isam@
9,puissance,6,p8is@s
8,puissant,5,p8is@
5,puits,3,p8i
4,pull,3,pyl
9,pull-over,7,pylovER
7,pullman,6,pulman
11,pullulement,8,pylyl°m@
8,pulluler,6,pylyle
10,pulmonaire,8,pylmonER
8,pulmonie,7,pylmOni
10,pulmonique,8,pylmOnik
5,pulpe,4,pylp
7,pulpeux,5,pylp2
6,pulque,4,pylk
6,pulsar,6,pylsaR
9,pulsatile,8,pylsatil
9,pulsation,8,pylsasj§
6,pulser,5,pylse
7,pulseur,6,pyls9R
7,pulsion,6,pylsj§
8,pulvérin,7,pylveR5
13,pulvérisateur,12,pylveRizat9R
13,pulvérisation,12,pylveRizasj§
10,pulvériser,9,pylveRize
12,pulvérulence,10,pylveRyl@s
4,puma,4,pyma
6,punais,4,pynE
7,punaise,5,pynEz
5,punch,3,p§S
8,puncheur,6,p9nS9R
13,punching-ball,9,p9nSiGbOl
11,punctiforme,9,p§ktifORm
8,puncture,6,p§ktyR
4,puni,4,pyni
7,punique,5,pynik
5,punir,5,pyniR
10,punissable,8,pynisabl
9,punisseur,7,pynis9R
7,punitif,7,pynitif
8,punition,7,pynisj§
4,punk,3,p1k
8,punkette,6,p9nkEt
4,punt,4,punt
7,pupazzo,7,pupadzo
4,pupe,3,pyp
10,pupillaire,7,pypilER
7,pupille,5,pypij
7,pupitre,6,pypitR
9,pupitreur,8,pypitR9R
3,pur,3,pyR
8,pur-sang,5,pyRs@
6,pureau,4,pyRo
8,purement,6,pyR°m@
6,pureté,6,pyR°te
8,purgatif,8,pyRgatif
9,purgation,8,pyRgasj§
10,purgatoire,9,pyRgatwaR
5,purge,4,pyRZ
6,purger,5,pyRZe
9,purifiant,7,pyRifj@
12,purificateur,11,pyRifikat9R
12,purification,11,pyRifikasj§
13,purificatoire,12,pyRifikatwaR
8,purifier,7,pyRifje
5,purin,4,pyR5
7,puriste,6,pyRist
8,puritain,6,pyRit5
11,puritanisme,10,pyRitanizm
7,purotin,6,pyRot5
7,purpura,7,pyRpyRa
8,purpurin,7,pyRpyR5
9,purulence,7,pyRyl@s
8,purulent,6,pyRyl@
5,purée,4,pyRe
3,pus,2,py
11,pusillanime,9,pyzilanim
13,pusillanimité,12,pyzilanimite
7,pustule,6,pystyl
9,pustuleux,7,pystyl2
6,putain,4,pyt5
7,putanat,6,pytana
10,putasserie,8,pytas°Ri
9,putassier,7,pytasje
7,putatif,7,pytatif
4,pute,3,pyt
6,putier,5,pytje
6,putois,5,pytwa
11,putrescence,8,pytRes@s
10,putrescent,7,pytRes@
11,putrescible,9,pytResibl
10,putrescine,8,pytResin
7,putride,6,pytRid
12,putréfaction,11,pytRefaksj§
9,putréfier,8,pytRefje
6,putsch,4,putS
10,putschiste,7,putSist
4,putt,3,p9t
6,putter,4,p9te
7,putting,5,p9tiG
3,puy,3,p8i
6,puzzle,5,p9z9l
12,puériculture,11,p8eRikyltyR
6,puéril,6,p8eRil
11,puérilement,9,p8eRil°m@
9,puérilité,9,p8eRilite
5,puîné,5,p8ine
6,pygmée,5,pigme
6,pyjama,6,piZama
6,pylore,5,pilOR
9,pylorique,7,piloRik
6,pylône,5,pilon
7,pyogène,6,pjOZEn
8,pyralène,7,piRalEn
6,pyrame,5,piRam
9,pyramidal,9,piRamidal
14,pyramidalement,12,piRamidal°m@
8,pyramide,7,piRamid
8,pyramidé,8,piRamide
5,pyrex,6,piREks
7,pyrexie,7,piREksi
10,pyridoxine,10,piRidOksin
6,pyrite,5,piRit
13,pyroclastique,11,piRoklastik
8,pyrogène,7,piRoZEn
8,pyrolyse,7,piROliz
8,pyromane,7,piRoman
9,pyromanie,8,piRomani
9,pyromètre,8,piRomEtR
10,pyrosphère,8,piRosfER
14,pyrotechnicien,12,piROtEknisj5
11,pyrotechnie,9,piRotEkni
13,pyrotechnique,10,piRotEknik
8,pyroxène,8,piROksEn
9,pyrrhique,5,piRik
10,pyrrhonien,7,piRonj5
11,pyrrhonisme,8,piRonizm
8,pyrèthre,6,piREtR
8,pyrénéen,7,piRene5
10,pyrénéenne,8,piReneEn
10,pyréthrine,8,piRetRin
13,pythagoricien,11,pitagoRisj5
6,pythie,4,piti
6,python,4,pit§
10,pythonisse,7,pitonis
4,pâle,3,pal
8,pâlement,6,palem@
6,pâleur,5,pal9R
8,pâlichon,6,paliS§
5,pâlir,5,paliR
9,pâlissant,6,palis@
5,pâlot,4,palo
5,pâmer,4,pame
8,pâmoison,7,pamwaz§
5,pâque,3,pak
10,pâquerette,7,pak°REt
6,pâques,3,pak
6,pâquis,4,paki
4,pâte,3,pat
11,pâteusement,8,pat2z°m@
6,pâteux,4,pat2
5,pâtir,5,patiR
5,pâtis,4,pati
10,pâtisserie,8,patis°Ri
9,pâtissier,7,patisje
5,pâton,4,pat§
6,pâtour,5,patuR
5,pâtre,4,patR
8,pâturage,7,patyRaZ
6,pâture,5,patyR
7,pâturer,6,patyRe
7,pâturin,6,patyR5
4,pâté,4,pate
5,pâtée,4,pate
5,pègre,4,pEgR
7,pèlerin,6,pEl°R5
10,pèlerinage,9,pEl°RinaZ
4,père,3,pER
10,pèse-acide,7,pEzasid
9,pèse-bébé,7,pEzbebe
11,pèse-lettre,7,pEzlEtR
13,pèse-personne,9,pEzpERsOn
8,pète-sec,6,pEtsEk
7,pètesec,6,pEtsEk
4,pèze,3,pEz
5,péage,4,peaZ
8,péagiste,7,peaZist
4,péan,3,pe@
6,pébroc,6,pebROk
8,pébroque,6,pebROk
5,pécan,4,pek@
6,pécari,6,pekaRi
6,pécher,4,peSe
7,pécheur,5,peS9R
5,péché,4,peSe
6,pécore,5,pekOR
6,pécule,5,pekyl
6,pécune,5,pekyn
10,pécuniaire,8,pekynjER
14,pécuniairement,11,pekynjER°m@
9,pécunieux,7,pekynj2
9,pédagogie,8,pedagoZi
11,pédagogique,9,pedagoZik
9,pédagogue,7,pedagOg
8,pédalage,7,pedalaZ
6,pédale,5,pedal
7,pédaler,6,pedale
8,pédaleur,7,pedal9R
8,pédalier,7,pedalje
6,pédalo,6,pedalo
6,pédant,4,ped@
10,pédanterie,8,ped@t°Ri
11,pédantesque,8,ped@tEsk
10,pédantisme,8,ped@tizm
8,pédestre,7,pedEstR
12,pédestrement,10,pedEstR°m@
11,pédezouille,6,pedzuj
8,pédiatre,7,pedjatR
9,pédiatrie,8,pedjatRi
11,pédiatrique,9,pedjatRik
7,pédibus,7,pedibys
8,pédicule,7,pedikyl
8,pédicure,7,pedikyR
9,pédicurie,8,pedikyRi
7,pédieux,5,pedj2
9,pédologue,7,pedOlOg
9,pédomètre,8,pedomEtR
9,pédoncule,7,ped§kyl
9,pédonculé,8,ped§kyle
9,pédophile,7,pedofil
10,pédophilie,8,pedofili
14,pédopsychiatre,12,pedopsikjatR
7,pédoque,5,pedOk
4,pédé,4,pede
6,pédégé,6,pedeZe
9,pédéraste,8,pedeRast
10,pédérastie,9,pedeRasti
12,pédérastique,10,pedeRastik
8,pégamoïd,8,pegamOid
7,pégriot,7,pegRijo
9,péjoratif,9,peZoRatif
14,péjorativement,12,peZoRativ°m@
5,pékan,4,pek@
5,pékin,4,pek5
8,pékinois,7,pekinwa
9,pélagique,7,pelaZik
7,pélican,6,pelik@
5,pélot,4,pelo
5,pénal,5,penal
10,pénalement,8,penal°m@
12,pénalisation,11,penalizasj§
9,pénaliser,8,penalize
9,pénaliste,8,penalist
8,pénalité,8,penalite
6,pénard,5,penaR
11,pénardement,9,penaRd°m@
7,pénates,5,penat
7,pénible,6,penibl
11,péniblement,9,penibl°m@
7,péniche,5,peniS
11,pénicilline,9,penisilin
6,pénien,5,penj5
5,pénil,5,penil
12,péninsulaire,9,pen5sylER
9,péninsule,7,pen5syl
5,pénis,5,penis
9,pénitence,7,penit@s
11,pénitencier,9,penit@sje
8,pénitent,6,penit@
13,pénitentiaire,10,penit@sjER
9,pénologie,8,penOlOZi
8,pénombre,6,pen§bR
10,pénultième,9,penyltjEm
7,pénurie,6,penyRi
10,pénétrable,9,penetRabl
9,pénétrant,7,penetR@
11,pénétration,10,penetRasj§
8,pénétrer,7,penetRe
7,pénétré,7,penetRe
4,péon,3,pe§
8,pépettes,5,pepEt
7,pépiant,5,pepj@
5,pépie,4,pepi
9,pépiement,6,pepim@
6,pépier,5,pepje
5,pépin,4,pep5
9,pépinière,8,pepinjER
12,pépiniériste,11,pepinjeRist
6,pépite,5,pepit
6,péplum,6,peplOm
6,pépère,5,pepER
7,pépètes,5,pepEt
4,pépé,4,pepe
5,pépée,4,pepe
9,péquenaud,6,pEk°no
8,péquenot,6,pEk°no
6,péquin,4,pek5
11,péremptoire,9,peR@ptwaR
15,péremptoirement,12,peR@ptwaR°m@
7,pérenne,5,peREn
9,pérennité,8,peRenite
4,péri,4,peRi
9,péricarde,8,peRikaRd
12,péricardique,10,peRikaRdik
11,péricardite,10,peRikaRdit
9,péricarpe,8,peRikaRp
10,péricliter,9,peRiklite
10,péridurale,9,peRidyRal
5,périf,5,peRif
11,périgourdin,9,peRiguRd5
7,périgée,6,peRiZe
5,péril,5,peRil
14,périlleusement,10,peRij2z°m@
9,périlleux,6,peRij2
7,périmer,6,peRime
9,périmètre,8,peRimEtR
6,périmé,6,peRime
7,périnée,6,peRine
7,période,6,peRjOd
11,périodicité,11,peRjodisite
10,périodique,8,peRjodik
14,périodiquement,11,peRjodik°m@
6,périph,5,peRif
10,périphrase,8,peRifRaz
10,périphérie,8,peRifeRi
12,périphérique,9,peRifeRik
7,périple,6,peRipl
9,péripétie,8,peRipesi
5,périr,5,peRiR
12,périscolaire,10,peRiskOlER
9,périscope,8,peRiskOp
12,périscopique,10,peRiskopik
10,périssable,8,peRisabl
14,périssodactyle,12,peRisodaktil
10,périssoire,8,peRiswaR
13,péristaltique,11,peRistaltik
13,péristaltisme,12,peRistaltism
9,péristyle,8,peRistil
9,péritoine,8,peRitwan
10,péritonite,9,peRitonit
10,péritonéal,10,peRitOneal
12,pérodictique,10,peRodiktik
9,péroniste,8,peROnist
10,péronnelle,7,peRonEl
6,péroné,6,peRone
10,péroraison,8,peRoREz§
7,pérorer,6,peRoRe
8,péroreur,7,peRoR9R
5,pérot,4,peRo
5,pérou,4,peRu
8,péruvien,7,peRyvj5
13,pérégrination,12,peRegRinasj§
10,pérégriner,9,peRegRine
11,péréquation,10,peRekwasj§
10,pétainiste,8,petEnist
6,pétale,5,petal
8,pétanque,5,pet@k
6,pétant,4,pet@
10,pétaradant,8,petaRad@
8,pétarade,7,petaRad
9,pétarader,8,petaRade
6,pétard,5,petaR
9,pétardier,8,petaRdje
6,pétase,5,petaz
7,pétasse,5,petas
10,pétaudière,8,petodjER
5,péter,4,pete
6,péteur,5,pet9R
7,péteuse,5,pet2z
6,péteux,4,pet2
9,pétillant,6,petij@
11,pétillement,8,petij°m@
8,pétiller,6,petije
7,pétiole,6,pesjOl
8,pétition,7,petisj§
11,pétitionner,9,petisjone
9,pétochard,7,petoSaR
7,pétoche,5,petOS
7,pétoire,6,petwaR
8,pétomane,7,petoman
8,pétoncle,6,pet§kl
8,pétoulet,6,petulE
6,pétrel,6,petREl
7,pétreux,5,petR2
5,pétri,5,petRi
13,pétrification,12,petRifikasj§
9,pétrifier,8,petRifje
8,pétrifié,8,petRifje
6,pétrin,5,petR5
6,pétrir,6,petRiR
10,pétrissage,8,petRisaZ
10,pétrisseur,8,petRis9R
11,pétrochimie,9,petRoSimi
13,pétrochimique,10,petRoSimik
7,pétrole,6,petROl
10,pétrolette,8,petRolEt
9,pétrolier,8,petRolje
11,pétrolifère,10,petRolifER
11,pétrousquin,8,petRusk5
6,pétrus,5,petRy
9,pétulance,7,petyl@s
8,pétulant,6,petyl@
7,pétuner,6,petyne
7,pétunia,7,petynja
4,pété,4,pete
8,pétéchie,6,peteSi
5,pêche,3,pES
6,pêcher,4,peSe
8,pêcherie,6,pES°Ri
7,pêcheur,5,pES9R
5,pêché,4,peSe
9,pêle-mêle,6,pElmEl
4,pêne,3,pEn
4,pôle,3,pol
1,q,2,ky
2,qu,1,k
15,qu'en-dira-t-on,8,k@diRat§
6,quadra,6,kwadRa
13,quadragénaire,11,kwadRaZenER
10,quadrangle,8,kwadR@gl
14,quadrangulaire,11,kwadR@gylER
8,quadrant,6,kwadR@
11,quadratique,9,kwadRatik
10,quadrature,9,kwadRatyR
6,quadri,5,kadRi
10,quadriceps,10,kwadRisEps
13,quadrichromie,11,kwadRikRomi
18,quadridimensionnel,16,kwadRidim@sjOnEl
11,quadriennal,11,kwadRijEnal
8,quadrige,6,kadRiZ
12,quadrilatère,11,kwadRilatER
11,quadrillage,8,kadRijaZ
9,quadrille,6,kadRij
10,quadriller,7,kadRije
11,quadrillion,7,kadRij§
10,quadrilobé,10,kwadRilobe
12,quadrimestre,11,kwadRimEstR
12,quadrimoteur,11,kwadRimot9R
13,quadripartite,12,kwadRipaRtit
12,quadriphonie,10,kwadRifoni
14,quadriphonique,11,kwadRifonik
14,quadriplégique,12,kwadRipleZik
14,quadriréacteur,13,kwadRiReakt9R
10,quadrivium,10,kwadRivjOm
10,quadrumane,9,kwadRuman
9,quadruple,8,kwadRupl
10,quadrupler,9,kwadRyple
10,quadrupède,9,kwadRupEd
4,quai,2,kE
6,quaker,6,kwEk9R
10,quakeresse,8,kwEk°REs
11,qualifiable,9,kalifjabl
12,qualificatif,11,kalifikatif
13,qualification,11,kalifikasj§
9,qualifier,7,kalifje
8,qualifié,7,kalifje
10,qualitatif,9,kalitatif
7,qualité,6,kalite
5,quand,2,k@
5,quant,2,k@
11,quant-à-moi,7,k@tamwa
11,quant-à-soi,7,k@taswa
12,quantifiable,9,k@tifjabl
10,quantifier,7,k@tifje
9,quantique,6,kw@tik
11,quantitatif,9,k@titatif
16,quantitativement,12,k@titativ°m@
8,quantité,6,k@tite
9,quantième,6,k@tjEm
6,quanto,4,k@to
7,quantum,6,kw@tOm
11,quarantaine,7,kaR@tEn
8,quarante,5,kaR@t
13,quarante-cinq,8,kaR@ts5k
18,quarante-cinquième,11,kaR@ts5kjEm
13,quarante-deux,7,kaR@td2
17,quarante-deuxième,11,kaR@td2zjEm
13,quarante-huit,8,kaR@t8it
17,quarante-huitième,11,kaR@t8itjEm
13,quarante-neuf,8,kaR@tn9f
15,quarante-quatre,10,kaR@t°katR
13,quarante-sept,8,kaR@tsEt
17,quarante-septième,11,kaR@tsEtjEm
12,quarante-six,8,kaR@tsis
14,quarante-trois,10,kaR@t°tRwa
18,quarante-troisième,13,kaR@ttRwazjEm
13,quarantenaire,9,kaR@t°nER
11,quarantième,8,kaR@tjEm
5,quark,5,kwaRk
6,quarre,3,kaR
5,quart,3,kaR
11,quart-monde,6,kaRm§d
8,quartaut,5,kaRto
6,quarte,4,kaRt
10,quartenier,8,kaRt°nje
7,quarter,5,kaRte
9,quarteron,7,kaRt°R§
7,quartet,6,kwaRtE
9,quartette,7,kwaRtEt
8,quartidi,8,kwaRtidi
8,quartier,6,kaRtje
15,quartier-maître,10,kaRtjemEtR
6,quarto,6,kwaRto
6,quartz,6,kwaRts
6,quarté,5,kaRte
6,quasar,5,kazaR
5,quasi,4,kazi
12,quasi-agonie,9,kaziagoni
15,quasi-blasphème,11,kaziblasfEm
13,quasi-bonheur,9,kazibon9R
15,quasi-certitude,12,kazisERtityd
13,quasi-chômage,9,kaziSomaZ
14,quasi-débutant,10,kazidebyt@
18,quasi-décapitation,15,kazidekapitasj§
21,quasi-désertification,18,kazidezERtifikasj§
15,quasi-facétieux,11,kazifasesj2
14,quasi-génocide,11,kaziZenosid
15,quasi-hérétique,10,kazieRetik
12,quasi-ignare,8,kaziiNaR
19,quasi-impossibilité,15,kazi5posibilite
14,quasi-impunité,11,kazi5pynite
13,quasi-inconnu,9,kazi5kony
18,quasi-indifférence,12,kazi5difeR@s
13,quasi-infirme,9,kazi5fiRm
17,quasi-instantanée,12,kazi5st@tane
15,quasi-jungienne,10,kazijuGjEn
13,quasi-mariage,10,kazimaRjaZ
13,quasi-maximum,12,kazimaksimOm
14,quasi-mendiant,9,kazim@dj@
13,quasi-miracle,10,kazimiRakl
14,quasi-monopole,11,kazimOnOpOl
13,quasi-morceau,9,kazimORso
12,quasi-noyade,10,kazinwajad
12,quasi-nudité,10,kazinydite
16,quasi-permanence,12,kazipERman@s
16,quasi-protection,13,kazipRotEksj§
15,quasi-religieux,11,kaziR°liZj2
13,quasi-respect,9,kaziREspE
14,quasi-totalité,12,kazitotalite
13,quasi-unanime,10,kaziynanim
15,quasi-unanimité,13,kaziynanimite
13,quasi-veuvage,9,kaziv9vaZ
11,quasi-ville,7,kazivil
14,quasi-voisines,10,kazivwazin
12,quasi-émeute,8,kaziem2t
15,quasi-équitable,11,kaziekitabl
9,quasiment,6,kazim@
9,quasimodo,8,kazimodo
10,quat'zarts,6,katzaR
6,quater,6,kwatER
11,quaternaire,9,kwatERnER
8,quatorze,6,katORz
11,quatorzième,9,katORzjEm
8,quatrain,5,katR5
6,quatre,4,katR
15,quatre-feuilles,7,katRf9j
13,quatre-heures,6,katR9R
11,quatre-mâts,6,katRma
13,quatre-quarts,7,katRkaR
14,quatre-saisons,9,katR°sEz§
12,quatre-vingt,7,katR°v5
17,quatre-vingt-cinq,10,katR°v5s5k
17,quatre-vingt-deux,9,katR°v5d2
16,quatre-vingt-dix,10,katR°v5dis
21,quatre-vingt-dix-huit,13,katR°v5diz8it
21,quatre-vingt-dix-neuf,13,katR°v5dizn9f
21,quatre-vingt-dix-sept,12,katR°v5disEt
20,quatre-vingt-dixième,13,katR°v5dizjEm
18,quatre-vingt-douze,10,katR°v5duz
21,quatre-vingt-douzième,13,katR°v5duzjEm
17,quatre-vingt-huit,10,katR°v58it
17,quatre-vingt-neuf,10,katR°v5n9f
17,quatre-vingt-onze,9,katR°v5§z
21,quatre-vingt-quatorze,13,katR°v5katORz
19,quatre-vingt-quatre,11,katR°v5katR
19,quatre-vingt-quinze,10,katR°v5k5z
18,quatre-vingt-seize,10,katR°v5sEz
17,quatre-vingt-sept,10,katR°v5sEt
16,quatre-vingt-six,10,katR°v5sis
19,quatre-vingt-treize,11,katR°v5tREz
22,quatre-vingt-treizième,14,katR°v5tREzjEm
18,quatre-vingt-trois,11,katR°v5tRwa
15,quatre-vingt-un,8,katR°v51
16,quatre-vingtième,11,katR°v5tjEm
13,quatre-vingts,7,katR°v5
11,quatrillion,9,kwatRilj§
9,quatrième,8,katRijEm
13,quatrièmement,11,katRijEm°m@
12,quattrocento,12,kwatRotSEnto
7,quatuor,7,kwat8OR
3,que,2,k°
7,quechua,5,keSua
4,quel,3,kEl
10,quelconque,6,kElk§k
6,quelle,3,kEl
7,quelles,3,kEl
9,quelqu'un,5,kElk1
10,quelqu'une,6,kElkyn
7,quelque,4,kElk
11,quelquefois,8,kElk°fwa
8,quelques,4,kElk
13,quelques-unes,8,kElk°zyn
12,quelques-uns,7,kElk°z1
5,quels,3,kEl
8,quenelle,5,k°nEl
8,quenotte,5,k°nOt
10,quenouille,5,k°nuj
8,querelle,5,k°REl
9,quereller,6,k°Rele
10,querelleur,7,k°REl9R
8,questeur,7,k8Est9R
8,question,6,kEstj§
12,question-clé,9,kEstj§kle
16,question-réponse,11,kEstj§Rep§s
13,questionnaire,9,kEstjonER
14,questionnement,10,kEstjOn°m@
11,questionner,8,kEstjone
12,questionneur,9,kEstjon9R
8,questure,6,kEstyR
8,quetsche,5,kwEtS
6,quette,3,kEt
7,quetzal,6,kEtzal
5,queue,2,k2
14,queue-d'aronde,7,k2daR§d
15,queue-de-cheval,9,k2d°S°val
12,queue-de-pie,6,k2d°pi
9,queursoir,7,k9RswaR
8,queutard,5,k2taR
3,qui,2,ki
8,qui-vive,5,kiviv
6,quibus,6,k8ibys
6,quiche,3,kiS
9,quichotte,5,kiSOt
5,quick,3,kik
9,quiconque,5,kik§k
6,quidam,6,k8idam
5,quiet,3,kjE
7,quignon,4,kiN§
6,quille,3,kij
7,quiller,4,kije
7,quillon,4,kij§
7,quimper,4,k5pe
10,quincaille,5,k5kaj
13,quincaillerie,8,k5kaj°Ri
12,quincaillier,6,k5kaje
9,quinconce,5,k5k§s
5,quine,3,kin
7,quinine,5,kinin
7,quinium,6,kinjOm
6,quinoa,5,kinOa
7,quinqua,4,k5ka
14,quinquagénaire,9,k5kaZenER
13,quinquagésime,9,k5kaZezim
11,quinquennal,7,k5kenal
11,quinquennat,7,k85kena
8,quinquet,4,k5kE
9,quinquina,6,k5kina
5,quint,2,k5
9,quintaine,5,k5tEn
7,quintal,5,k5tal
6,quinte,3,k5t
12,quintessence,7,k5tes@s
13,quintessencié,9,k5tes@sje
7,quintet,4,k5tE
9,quintette,5,k5tEt
8,quinteux,4,k5t2
8,quintidi,6,k5tidi
6,quinto,4,k5to
9,quintolet,7,k85tOlE
7,quinton,5,k85t§
9,quintuple,6,k5typl
6,quinté,4,k5te
9,quinzaine,5,k5zEn
6,quinze,3,k5z
9,quinzième,6,k5zjEm
9,quiproquo,7,kipRoko
5,quipu,4,kipu
9,quiquette,5,kikEt
6,quiqui,4,kiki
8,quiscale,6,kiskal
5,quite,5,kwit2
9,quittance,5,kit@s
6,quitte,3,kit
7,quitter,4,kite
6,quitus,5,kitys
4,quiz,3,kiz
10,quiètement,7,kjEt°m@
9,quiétisme,7,kjetizm
9,quiétiste,7,kjetist
8,quiétude,6,kjetyd
4,quoi,3,kwa
7,quoique,5,kwak°
8,quolibet,6,kolibE
6,quorum,5,koROm
5,quota,4,kota
10,quote-part,6,kotpaR
9,quotidien,7,kotidj5
15,quotidiennement,11,kotidjEn°m@
13,quotidienneté,11,kotidjEn°te
8,quotient,5,kosj@
7,quotité,6,kotite
9,québécois,7,kebekwa
9,quémander,6,kem@de
10,quémandeur,7,kem@d9R
9,quéquette,5,kekEt
6,quérir,5,keRiR
5,quête,3,kEt
6,quêter,4,kete
7,quêteur,5,kEt9R
2,ra,2,Ra
3,rab,3,Rab
6,rabais,4,RabE
12,rabaissement,8,RabEs°m@
9,rabaisser,6,Rabese
5,raban,4,Rab@
6,rabane,5,Raban
5,rabat,4,Raba
10,rabat-joie,7,RabaZwa
10,rabattable,8,Rabatabl
9,rabattant,6,Rabat@
9,rabatteur,7,Rabat9R
8,rabattre,6,RabatR
7,rabattu,6,Rabaty
5,rabbi,4,Rabi
6,rabbin,4,Rab5
8,rabbinat,6,Rabina
10,rabbinique,7,Rabinik
4,rabe,3,Rab
11,rabelaisien,9,Rab°lEzj5
11,rabibochage,9,RabiboSaZ
10,rabibocher,8,RabiboSe
6,rabiot,5,Rabjo
8,rabioter,7,Rabjote
7,rabique,5,Rabik
8,rabonnir,7,RaboniR
5,rabot,4,Rabo
8,rabotage,7,RabotaZ
7,raboter,6,Rabote
8,raboteur,7,Rabot9R
8,raboteux,6,Rabot2
7,rabotin,6,RabOt5
8,rabougri,7,RabugRi
9,rabougrir,8,RabugRiR
7,rabouin,5,Rabw5
8,rabouler,6,Rabule
8,rabouter,6,Rabute
8,rabrouer,6,RabRue
9,rabâchage,7,RabaSaZ
8,rabâcher,6,RabaSe
9,rabâcheur,7,RabaS9R
3,rac,3,Rak
8,racaille,5,Rakaj
12,raccommodage,9,RakomodaZ
11,raccommoder,8,Rakomode
12,raccompagner,8,Rak§paNe
7,raccord,5,RakOR
12,raccordement,9,RakORd°m@
9,raccorder,7,RakORde
9,raccourci,7,RakuRsi
10,raccourcir,8,RakuRsiR
16,raccourcissement,11,RakuRsis°m@
7,raccroc,5,RakRo
11,raccrochage,8,RakRoSaZ
10,raccrocher,7,RakRoSe
11,raccrocheur,8,RakRoS9R
4,race,3,Ras
6,rachat,4,RaSa
8,racheter,6,RaS°te
15,rachianesthésie,12,RaSjanEstezi
9,rachidien,7,RaSidj5
6,rachis,5,RaSis
10,rachitique,7,RaSitik
10,rachitisme,8,RaSitizm
5,racho,4,RaSo
6,racial,6,Rasjal
11,racialement,9,Rasjal°m@
6,racine,5,Rasin
7,raciner,6,Rasine
9,racingman,9,REjsiGman
7,racisme,6,Rasizm
7,raciste,6,Rasist
4,rack,3,Rak
6,racket,5,RakEt
9,racketter,6,RakEte
10,racketteur,7,Raket9R
7,raclant,5,Rakl@
5,racle,4,Rakl
9,raclement,7,Rakl°m@
6,racler,5,Rakle
8,raclette,6,RaklEt
7,racleur,6,Rakl9R
7,racloir,7,RaklwaR
7,raclure,6,RaklyR
6,raclée,5,Rakle
8,racolage,7,RakolaZ
7,racoler,6,Rakole
8,racoleur,7,Rakol9R
10,racontable,8,Rak§tabl
8,racontar,7,Rak§taR
8,raconter,6,Rak§te
9,raconteur,7,Rak§t9R
8,racornir,8,RakORniR
4,racé,4,Rase
3,rad,3,Rad
6,radada,6,Radada
5,radar,5,RadaR
4,rade,3,Rad
6,radeau,4,Rado
12,radeau-radar,9,RadoRadaR
5,rader,4,Rade
7,radeuse,5,Rad2z
6,radial,6,Radjal
7,radiant,5,Radj@
9,radiateur,8,Radjat9R
9,radiation,8,Radjasj§
7,radical,7,Radikal
18,radical-socialisme,16,Radikalsosjalizm
18,radical-socialiste,16,Radikalsosjalist
19,radicale-socialiste,16,Radikalsosjalist
12,radicalement,10,Radikal°m@
14,radicalisation,13,Radikalizasj§
11,radicaliser,10,Radikalize
11,radicalisme,10,Radikalizm
11,radiculaire,9,RadikylER
8,radicule,7,Radikyl
6,radier,5,Radje
14,radiesthésiste,12,RadjEstezist
12,radieusement,9,Radj2z°m@
7,radieux,5,Radj2
5,radin,4,Rad5
7,radiner,6,Radine
9,radinerie,8,Radin°Ri
5,radio,5,Radjo
13,radio-isotope,11,RadjoizotOp
12,radio-réveil,10,RadjoRevEj
10,radio-taxi,10,Radjotaksi
10,radioactif,10,Radjoaktif
13,radioactivité,13,Radjoaktivite
12,radioamateur,11,Radjoamat9R
14,radioastronome,13,RadjoastRonOm
13,radiobalisage,12,RadjobalizaZ
11,radiobalise,10,Radjobaliz
13,radiocassette,10,RadjokasEt
14,radiodiffusion,12,Radjodifyzj§
15,radiogoniomètre,14,RadjogOnjomEtR
18,radiogoniométrique,16,RadjogOnjometRik
11,radiogramme,9,RadjogRam
12,radiographie,10,RadjogRafi
13,radiographier,11,RadjogRafje
14,radiographique,11,RadjogRafik
12,radioguidage,10,RadjogidaZ
10,radiologie,9,RadjoloZi
12,radiologique,10,RadjOlOZik
12,radiologiste,11,RadjOlOZist
10,radiologue,8,RadjolOg
10,radiomètre,9,RadjomEtR
11,radiométrie,10,RadjometRi
10,radiophare,8,RadjofaR
11,radiophonie,9,Radjofoni
13,radiophonique,10,Radjofonik
11,radioréveil,10,RadjoRevEj
11,radioscopie,10,Radjoskopi
13,radioscopique,11,RadjOskOpik
10,radiosonde,8,Radjos§d
13,radiothérapie,11,RadjoteRapi
14,radiotélescope,13,RadjotelEskOp
16,radiotélégraphie,14,RadjotelegRafi
18,radiotélégraphiste,16,RadjotelegRafist
14,radiotéléphone,12,RadjotelefOn
15,radiotéléphonie,13,RadjotelefOni
17,radiotéléphonique,14,RadjotelefOnik
15,radioélectrique,13,RadjoelEktRik
12,radioélément,10,Radjoelem@
5,radis,4,Radi
6,radium,6,RadjOm
6,radius,6,Radjys
5,radié,5,Radje
5,radja,5,RadZa
6,radjah,5,RadZa
5,radon,4,Rad§
8,radotage,7,RadotaZ
7,radoter,6,Radote
8,radoteur,7,Radot9R
6,radoub,4,Radu
8,radouber,6,Radube
9,radoubeur,7,Radub9R
8,radoucir,7,RadusiR
14,radoucissement,10,Radusis°m@
6,radôme,5,Radom
6,rafale,5,Rafal
4,raff,3,Raf
9,raffermir,8,RafERmiR
9,raffinage,7,RafinaZ
11,raffinement,8,Rafin°m@
8,raffiner,6,Rafine
10,raffinerie,8,Rafin°Ri
9,raffineur,7,Rafin9R
7,raffiné,6,Rafine
8,raffoler,6,Rafole
6,raffut,4,Rafy
6,rafiau,5,Rafjo
6,rafiot,5,Rafjo
11,rafistolage,10,RafistolaZ
10,rafistoler,9,Rafistole
5,rafle,4,Rafl
6,rafler,5,Rafle
10,rafraîchir,8,RafReSiR
14,rafraîchissant,9,RafReSis@
16,rafraîchissement,11,RafReSis°m@
14,rafraîchisseur,10,RafReSis9R
14,rafraîchissoir,11,RafReSiswaR
4,raft,4,Raft
7,rafting,6,RaftiG
3,rag,3,Rag
4,raga,4,Raga
12,ragaillardir,10,RagajaRdiR
4,rage,3,RaZ
7,rageant,4,RaZ@
5,rager,4,RaZe
6,rageur,5,RaZ9R
11,rageusement,8,RaZ2z°m@
6,raglan,5,Ragl@
9,ragnagnas,6,RaNaNa
5,ragot,4,Rago
7,ragoter,6,Ragote
11,ragougnasse,7,RaguNas
6,ragoût,4,Ragu
9,ragoûtant,6,Ragut@
7,ragtime,7,Ragtajm
12,rahat-lokoum,9,Raatlokum
3,rai,2,RE
4,raid,3,REd
5,raide,3,REd
9,raidement,6,REd°m@
6,raider,6,Rajd9R
7,raideur,5,REd9R
9,raidillon,6,REdij§
6,raidir,5,RediR
12,raidissement,8,REdis°m@
4,raie,2,RE
7,raifort,5,REfOR
4,rail,3,Raj
7,railler,4,Raje
9,raillerie,6,Raj°Ri
8,railleur,5,Raj9R
7,railway,5,RElwE
4,rain,2,R5
6,rainer,4,Rene
8,rainette,5,REnEt
8,raineuse,5,REn2z
7,rainure,5,RenyR
8,rainurer,6,RenyRe
8,raiponce,5,REp§s
5,raire,3,RER
6,raisin,4,REz5
7,raisiné,6,REzine
6,raison,4,REz§
11,raisonnable,8,REzonabl
15,raisonnablement,11,REzonabl°m@
12,raisonnement,8,REzOn°m@
9,raisonner,6,REzone
10,raisonneur,7,REzon9R
8,raisonné,6,REzone
4,raja,4,RaZa
5,rajah,4,RaZa
8,rajeunir,7,RaZ9niR
12,rajeunissant,8,RaZ9nis@
14,rajeunissement,10,RaZ9nis°m@
6,rajout,4,RaZu
8,rajouter,6,RaZute
11,rajustement,9,RaZyst°m@
8,rajuster,7,RaZyste
4,raki,4,Raki
6,ralbol,6,RalbOl
7,ralenti,6,Ral@ti
8,ralentir,7,Ral@tiR
14,ralentissement,10,Ral@tis°m@
12,ralentisseur,9,Ral@tis9R
8,ralingue,5,Ral5g
6,raller,4,Rale
10,ralliement,6,Ralim@
7,rallier,5,Ralje
6,rallié,5,Ralje
8,rallonge,5,Ral§Z
12,rallongement,8,Ral§Z°m@
9,rallonger,6,Ral§Ze
9,rallumage,7,RalymaZ
8,rallumer,6,Ralyme
6,rallye,4,Rali
8,ralléger,6,RalEZe
3,ram,3,Ram
7,ramadan,6,Ramad@
6,ramage,5,RamaZ
7,ramager,6,RamaZe
8,ramarrer,6,RamaRe
5,ramas,4,Rama
9,ramassage,7,RamasaZ
15,ramasse-miettes,9,RamasmjEt
17,ramasse-poussière,11,RamaspusjER
8,ramasser,6,Ramase
9,ramasseur,7,Ramas9R
8,ramassis,6,Ramasi
7,ramassé,6,Ramase
8,rambarde,6,R@baRd
6,rambin,4,R@b5
8,rambiner,6,R@bine
9,rambineur,7,R@bin9R
6,rambla,6,Rambla
6,rambot,4,R@bo
7,rambour,5,R@buR
6,ramdam,6,Ramdam
4,rame,3,Ram
6,rameau,4,Ramo
8,ramenard,6,RamnaR
7,ramener,6,Ram°ne
5,ramer,4,Rame
7,ramette,5,RamEt
6,rameur,5,Ram9R
8,rameuter,6,Ram2te
4,rami,4,Rami
6,ramier,5,Ramje
9,ramifiant,7,Ramifj@
12,ramification,11,Ramifikasj§
8,ramifier,7,Ramifje
7,ramifié,7,Ramifje
7,ramille,5,Ramij
12,raminagrobis,12,RaminagRobis
7,ramolli,6,Ramoli
8,ramollir,7,RamoliR
14,ramollissement,10,Ramolis°m@
7,ramollo,6,Ramolo
5,ramon,4,Ram§
8,ramonage,7,RamonaZ
7,ramoner,6,Ramone
8,ramoneur,7,Ramon9R
7,rampant,4,R@p@
5,rampe,3,R@p
9,rampement,6,R@p°m@
6,ramper,4,R@pe
10,ramponneau,6,R@pono
4,rams,3,Ram
6,ramser,5,Ramse
6,ramure,5,RamyR
5,ramée,4,Rame
3,ran,2,R@
7,rancard,5,R@kaR
9,rancarder,7,R@kaRde
7,rancart,5,R@kaR
5,rance,3,R@s
5,ranch,4,R@nS
6,ranche,3,R@S
7,rancher,7,R@ntS9R
6,rancho,5,R@tSo
5,ranci,4,R@si
6,rancio,5,R@sjo
6,rancir,5,R@siR
10,rancissure,7,R@sisyR
8,rancoeur,5,R@k9R
7,rancune,5,R@kyn
9,rancunier,7,R@kynje
9,randonner,6,R@dOne
10,randonneur,7,R@don9R
9,randonnée,6,R@done
4,rang,2,R@
9,rangement,6,R@Z°m@
6,ranger,5,R@ZER
6,ranger,4,R@Ze
5,rangé,4,R@Ze
6,rangée,4,R@Ze
4,rani,4,Rani
10,ranimation,9,Ranimasj§
7,ranimer,6,Ranime
10,rantanplan,7,R@t@pl@
4,ranz,3,R@z
6,rançon,4,R@s§
10,rançonnage,7,R@sonaZ
12,rançonnement,8,R@sOn°m@
9,rançonner,6,R@sone
5,raout,4,Raut
3,rap,3,Rap
6,rapace,5,Rapas
8,rapacité,8,Rapasite
12,rapatriement,9,RapatRim@
9,rapatrier,9,RapatRije
8,rapatrié,9,RapatRije
11,rapetassage,9,Rap°tasaZ
10,rapetasser,8,Rap°tase
11,rapetasseur,9,Rap°tas9R
13,rapetissement,10,Rap°tis°m@
10,rapetisser,8,Rap°tise
12,raphaélesque,9,RafaelEsk
6,raphia,5,Rafja
5,raphé,4,Rafe
6,rapiat,5,Rapja
8,rapiater,7,Rapjate
10,rapiaterie,9,Rapjat°Ri
6,rapide,5,Rapid
10,rapidement,8,Rapid°m@
8,rapidité,8,Rapidite
7,rapidos,6,Rapido
5,rapin,4,Rap5
6,rapine,5,Rapin
7,rapière,6,RapjER
8,rapiécer,7,Rapjese
9,rapiéçage,8,RapjesaZ
8,raplapla,8,Raplapla
9,rapointir,8,Rapw5tiR
6,rappel,5,RapEl
8,rappeler,6,Rap°le
7,rappelé,6,Rap°le
6,rapper,4,Rape
7,rappeur,5,Rap9R
10,rappliquer,7,Raplike
7,rapport,5,RapOR
10,rapportage,8,RapORtaZ
9,rapporter,7,RapORte
10,rapporteur,8,RapORt9R
8,rapporté,7,RapORte
10,rapprendre,7,RapR@dR
13,rapprochement,9,RapROS°m@
10,rapprocher,7,RapRoSe
11,rapprocheur,8,RapRoS9R
9,rapproché,7,RapRoSe
8,rapsodie,7,Rapsodi
4,rapt,4,Rapt
6,raquer,4,Rake
8,raquette,5,RakEt
4,rare,3,RaR
8,rarement,6,RaR°m@
6,rareté,6,RaR°te
9,rarissime,7,RaRisim
13,rarissimement,10,RaRisim°m@
11,raréfaction,10,RaRefaksj§
8,raréfier,7,RaRefje
7,raréfié,7,RaRefje
3,ras,2,Ra
10,ras-le-bol,7,Ral°bOl
6,rasade,5,Razad
6,rasage,5,RazaZ
6,rasant,4,Raz@
8,rascasse,6,Raskas
11,rase-mottes,6,RazmOt
8,rase-pet,5,RazpE
5,raser,4,Raze
6,raseur,5,Raz9R
4,rash,3,RaS
7,rasibus,7,Razibys
5,rasif,5,Razif
6,rasoir,6,RazwaR
10,rassasiant,7,Rasazj@
9,rassasier,7,Rasazje
8,rassasié,7,Rasazje
5,rasse,3,Ras
13,rassemblement,9,Ras@bl°m@
10,rassembler,7,Ras@ble
11,rassembleur,8,Ras@bl9R
8,rasseoir,6,RaswaR
6,rassir,5,RasiR
6,rassis,4,Rasi
12,rassortiment,9,RasORtim@
9,rassortir,8,RasORtiR
9,rassurant,6,RasyR@
11,rassurement,8,RasyR°m@
8,rassurer,6,RasyRe
10,rasséréner,8,RaseRene
5,rasta,5,Rasta
9,rastafari,9,RastafaRi
12,rastaquouère,9,RastakwER
3,rat,2,Ra
11,rat-de-cave,7,Rad°kav
4,rata,4,Rata
7,ratafia,7,Ratafja
6,ratage,5,RataZ
8,rataplan,7,Ratapl@
9,ratatiner,8,Ratatine
8,ratatiné,8,Ratatine
11,ratatouille,7,Ratatuj
4,rate,3,Rat
5,rater,4,Rate
10,ratiboiser,9,Ratibwaze
7,ratiche,5,RatiS
8,ratichon,6,RatiS§
8,raticide,7,Ratisid
6,ratier,5,Ratje
12,ratification,11,Ratifikasj§
8,ratifier,7,Ratifje
6,ratine,5,Ratin
5,ratio,5,Rasjo
13,ratiocination,12,Rasjosinasj§
11,ratiocineur,10,Rasjosin9R
6,ration,5,Rasj§
8,rational,8,RasjOnal
15,rationalisation,14,Rasjonalizasj§
12,rationaliser,11,Rasjonalize
12,rationalisme,11,Rasjonalizm
12,rationaliste,11,Rasjonalist
11,rationalité,11,Rasjonalite
9,rationnel,8,RasjonEl
15,rationnellement,11,RasjonEl°m@
12,rationnement,9,RasjOn°m@
9,rationner,7,Rasjone
9,ratissage,7,RatisaZ
8,ratisser,6,Ratise
9,ratisseur,7,Ratis9R
6,ratite,5,Ratit
7,ratière,6,RatjER
5,raton,4,Rat§
9,ratonnade,7,Ratonad
8,ratonner,6,Ratone
12,rattachement,8,RataS°m@
9,rattacher,6,RataSe
5,ratte,3,Rat
10,rattrapage,8,RatRapaZ
9,rattraper,7,RatRape
6,rature,5,RatyR
7,raturer,6,RatyRe
4,raté,4,Rate
7,raucité,6,Rosite
6,rauque,3,Rok
10,rauquement,6,Rok°m@
6,ravage,5,RavaZ
9,ravageant,6,RavaZ@
7,ravager,6,RavaZe
8,ravageur,7,RavaZ9R
6,ravagé,6,RavaZe
5,raval,5,Raval
10,ravalement,8,Raval°m@
7,ravaler,6,Ravale
8,ravaleur,7,Raval9R
9,ravaudage,7,RavodaZ
8,ravauder,6,Ravode
4,rave,3,Rav
9,ravennate,7,Rav°nat
4,ravi,4,Ravi
6,ravier,5,Ravje
10,ravigotant,8,Ravigot@
8,ravigote,7,RavigOt
9,ravigoter,8,Ravigote
5,ravin,4,Rav5
6,ravine,5,Ravin
10,ravinement,8,Ravin°m@
7,raviner,6,Ravine
7,ravioli,7,Ravjoli
5,ravir,5,RaviR
7,raviser,6,Ravize
9,ravissant,6,Ravis@
11,ravissement,8,Ravis°m@
9,ravisseur,7,Ravis9R
14,ravitaillement,10,Ravitaj°m@
11,ravitailler,8,Ravitaje
12,ravitailleur,9,Ravitaj9R
10,ravivement,8,Raviv°m@
7,raviver,6,Ravive
6,ravoir,6,RavwaR
9,ray-grass,6,REgRas
5,rayer,4,Reje
5,rayon,4,REj§
12,rayon-éclair,9,REj§eklER
9,rayonnage,7,REjonaZ
9,rayonnant,6,REjon@
11,rayonnement,8,REjOn°m@
8,rayonner,6,REjone
9,rayonneur,7,REjOn9R
6,rayure,5,RejyR
4,rayé,4,Reje
3,raz,2,Ra
12,raz-de-marée,8,Rad°maRe
6,razzia,6,Radzja
7,razzier,6,Radzje
4,raïa,4,Raja
4,raïs,3,Rai
9,re-belote,7,R°b2lOt
8,re-inter,6,R°5tER
6,reader,5,Rid9R
10,ready-made,8,REdimEjd
5,rebab,5,R°bab
8,rebaiser,6,R°bEze
8,rebander,6,R°b@de
10,rebaptiser,8,R°batize
7,rebarré,6,R2baRe
8,rebattre,6,R°batR
7,rebattu,6,R°baty
5,rebec,5,R2bEk
8,rebecter,7,R2bEkte
7,rebelle,5,R°bEl
8,rebeller,6,R°bEle
8,rebelote,7,R°b2lOt
8,rebiffer,6,R°bife
8,rebiquer,6,R°bike
10,reblanchir,8,R°bl@SiR
9,reblochon,7,R°bloS§
9,rebloquer,7,R2blOke
9,rebobiner,8,R2bObine
7,reboire,6,R°bwaR
11,reboisement,9,R°bwaz°m@
6,rebond,4,R°b§
7,rebondi,6,R°b§di
8,rebondir,7,R°b§diR
12,rebondissant,8,R°b§dis@
14,rebondissement,10,R°b§dis°m@
9,rebonjour,7,R2b§ZuR
8,rebooter,7,R°bOOte
6,rebord,5,R°bOR
8,reborder,7,R2bORde
9,reboucher,6,R°buSe
9,reboucler,7,R°bukle
7,reboule,5,R2bul
9,rebourrer,6,R2buRe
7,rebours,5,R°buR
8,rebouter,6,R°bute
9,rebouteux,6,R°but2
11,reboutonner,8,R°butone
12,rebraguetter,9,R°bRagEte
10,rebrancher,7,R°bR@Se
9,rebrosser,7,R2bROse
13,rebroussement,9,R°bRus°m@
10,rebrousser,7,R°bRuse
9,rebuffade,7,R°byfad
5,rebut,4,R°by
8,rebutant,6,R°byt@
7,rebuter,6,R°byte
7,rebâtir,7,R°batiR
8,rebéquer,6,R2beke
8,recacher,6,R°kaSe
10,recacheter,8,R°kaS°te
8,recadrer,7,R°kadRe
8,recalage,7,R2kalaZ
10,recalculer,9,R°kalkyle
7,recaler,6,R°kale
6,recalé,6,R°kale
10,recarreler,8,R°kaR°le
9,recasable,8,R2kazabl
7,recaser,6,R°kaze
8,recasser,6,R2kase
5,recel,5,R°sEl
7,receler,6,R°s°le
8,receleur,7,R°s°l9R
16,receleur-miracle,13,R°s°l9RmiRakl
11,recensement,8,R°s@s°m@
8,recenser,6,R°s@se
9,recenseur,7,R°s@s9R
9,recension,7,R°s@sj§
10,recentrage,8,R°s@tRaZ
9,recentrer,7,R°s@tRe
7,recette,5,R°sEt
12,recevabilité,12,R2s2vabilite
9,recevable,8,R°s°vabl
8,receveur,7,R°s°v9R
8,recevoir,8,R°s°vwaR
8,rechampi,6,R°S@pi
8,rechange,5,R°S@Z
9,rechanger,6,R2S@Ze
9,rechanter,6,R°S@te
8,rechaper,6,R°Sape
8,recharge,6,R°SaRZ
12,rechargeable,9,R°SaRZabl
12,rechargement,9,R°SaRZ°m@
9,recharger,7,R°SaRZe
9,rechasser,6,R°Sase
10,rechausser,6,R°Sose
9,recherche,6,R°SERS
10,rechercher,7,R°SERSe
12,recherchiste,9,R2SERSist
9,recherché,7,R°SERSe
9,rechigner,6,R°SiNe
7,rechute,5,R°Syt
8,rechuter,6,R°Syte
12,reclassement,9,R°klas°m@
9,reclasser,7,R°klase
8,reclouer,6,R2klue
7,reclure,6,R°klyR
6,reclus,5,R°kly
8,recodage,7,R°kodaZ
8,recogner,6,R2kONe
11,recognition,10,R°kOgnisj§
9,recoiffer,7,R°kwafe
6,recoin,5,R°kw5
9,recollage,7,R°kolaZ
8,recoller,6,R°kole
12,recoloration,11,R2kOlORasj§
13,recombinaison,10,R°k§binEz§
11,recombinant,8,R2k§bin@
10,recombiner,8,R2k§bine
13,recommandable,10,R°kom@dabl
14,recommandation,11,R°kom@dasj§
11,recommander,8,R°kom@de
10,recommandé,8,R°kom@de
14,recommencement,10,R°kom@s°m@
11,recommencer,8,R°kom@se
11,recommercer,9,R2kOmERse
11,recompléter,9,R2k§plete
10,recomposer,8,R°k§poze
13,recomposition,11,R°k§pozisj§
9,recompter,6,R°k§te
17,reconditionnement,13,R°k§disjOn°m@
13,reconductible,11,R°k§dyktibl
12,reconduction,10,R°k§dyksj§
10,reconduire,8,R°k§d8iR
15,reconfiguration,13,R°k§figyRasj§
12,reconfigurer,10,R°k§figyRe
10,recongeler,8,R°k§Z°le
14,reconnaissable,10,R°konEsabl
14,reconnaissance,9,R°konEs@s
13,reconnaissant,8,R°konEs@
11,reconnaître,8,R°konEtR
11,reconnecter,9,R°konEkte
7,reconnu,6,R°kony
9,reconquis,6,R°k§ki
11,reconquista,9,R2k§kista
11,reconquérir,9,R°k§keRiR
10,reconquête,7,R°k§kEt
12,reconsidérer,10,R°k§sideRe
13,reconstituant,10,R°k§stit8@
12,reconstituer,10,R°k§stit8e
14,reconstitution,12,R°k§stitysj§
14,reconstructeur,12,R2k§stRykt9R
14,reconstruction,12,R°k§stRyksj§
12,reconstruire,10,R°k§stR8iR
11,reconsulter,9,R2k§sylte
11,recontacter,9,R2k§takte
8,reconter,6,R2k§te
9,recontrer,7,R2k§tRe
12,reconversion,10,R°k§vERsj§
11,reconvertir,10,R°k§vERtiR
11,reconvoquer,8,R2k§vOke
9,recopiage,8,R°kopjaZ
8,recopier,7,R°kopje
6,record,5,R°kOR
8,recorder,7,R2kORde
9,recordman,9,R°kORdman
6,recors,5,R°kOR
9,recoucher,6,R°kuSe
8,recoudre,6,R°kudR
8,recouler,6,R°kule
11,recoupement,8,R°kup°m@
8,recouper,6,R°kupe
9,recourber,7,R°kuRbe
8,recourbé,7,R°kuRbe
8,recourir,7,R°kuRiR
7,recours,5,R°kuR
9,recouvert,7,R°kuvER
11,recouvrance,8,R°kuvR@s
10,recouvrant,7,R°kuvR@
12,recouvrement,9,R°kuvR°m@
9,recouvrer,7,R°kuvRe
9,recouvrir,8,R°kuvRiR
9,recracher,7,R°kRaSe
9,recreuser,7,R°kR2ze
9,recroiser,8,R°kRwaze
17,recroquevillement,12,R2kROkvij°m@
14,recroqueviller,9,R°kROkvje
13,recroquevillé,10,R°kROkvije
5,recru,5,R2kRy
13,recrudescence,10,R°kRydes@s
6,recrue,5,R°kRy
11,recrutement,9,R°kRyt°m@
8,recruter,7,R°kRyte
9,recruteur,8,R°kRyt9R
10,recréation,9,R°kReasj§
7,recréer,6,R°kRee
8,recrépir,8,R°kRepiR
5,recta,5,REkta
6,rectal,6,REktal
9,rectangle,7,REkt@gl
13,rectangulaire,10,REkt@gylER
7,recteur,6,REkt9R
12,rectificatif,12,REktifikatif
13,rectification,12,REktifikasj§
9,rectifier,8,REktifje
10,rectiligne,8,REktiliN
13,rectilinéaire,11,REktilineER
9,rectitude,8,REktityd
5,recto,5,REkto
10,recto tono,9,REktotono
8,rectorat,7,REktoRa
6,rectum,6,REktOm
7,recueil,5,R°k9j
13,recueillement,8,R°k9j°m@
9,recueilli,6,R°k9ji
10,recueillir,7,R°k9jiR
7,recuire,6,R°k8iR
9,recuisson,7,R2k8is§
6,recuit,5,R°k8i
5,recul,5,R°kyl
8,reculade,7,R°kylad
8,reculant,6,R°kyl@
7,reculer,6,R°kyle
10,reculotter,8,R°kylote
6,reculé,6,R°kyle
10,recyclable,9,R°siklabl
9,recyclage,8,R°siklaZ
8,recycler,7,R°sikle
9,recycleur,8,R°sikl9R
8,recâbler,7,R2kable
5,recès,4,R°sE
7,recéler,6,R°sele
9,red river,8,REdRiv9R
5,redan,4,R2d@
9,reddition,7,REdisj§
10,redemander,8,R°d°m@de
11,redescendre,8,R°des@dR
10,redescente,7,R°des@t
10,redessiner,8,R°dEsine
9,redevable,8,R°d°vabl
9,redevance,7,R°d°v@s
9,redevenir,9,R°d°v°niR
8,redevoir,8,R2d2vwaR
10,rediffuser,8,R°difyze
11,rediffusion,9,R°difyzj§
14,redimensionner,11,R2dim@sjOne
9,redingote,7,R°d5gOt
6,redire,5,R°diR
9,rediriger,8,R°diRiZe
10,rediscuter,9,R°diskyte
10,redisposer,9,R2dispoze
12,redistribuer,11,R°distRib8e
14,redistribution,13,R°distRibysj§
6,redite,5,R°dit
10,redondance,7,R°d§d@s
9,redondant,6,R°d§d@
8,redonner,6,R°done
7,redorer,6,R°doRe
8,redormir,8,R°dORmiR
10,redoublant,7,R°dubl@
12,redoublement,9,R°dubl°m@
9,redoubler,7,R°duble
8,redoublé,7,R°duble
10,redoutable,8,R°dutabl
14,redoutablement,11,R°dutabl°m@
7,redoute,5,R°dut
8,redouter,6,R°dute
6,redoux,4,R°du
12,redressement,9,R°dREs°m@
9,redresser,7,R°dRese
10,redresseur,8,R°dREs9R
10,redéconner,8,R°dekone
8,redécoré,8,R2dekORe
11,redécoupage,9,R°dekupaZ
12,redécouverte,10,R°dekuvERt
11,redécouvrir,10,R°dekuvRiR
9,redéfinir,9,R°definiR
12,redéfinition,11,R2definisj§
13,redégringoler,11,R2degR5gOle
11,redémarrage,9,R°demaRaZ
10,redémarrer,8,R°demaRe
9,redémolir,9,R2demOliR
13,redéploiement,10,R°deplwam@
10,redéployer,10,R°deplwaje
9,redéposer,8,R2depoze
11,refabriquer,9,R2fabRike
7,refaire,5,R°fER
6,refait,4,R°fE
14,refamiliariser,13,R2familjaRize
10,refaçonner,8,R2fasOne
8,refendre,6,R°f@dR
10,referendum,9,RefeR5dOm
8,refermer,7,R°fERme
12,refeuilleter,8,R2f9j°te
5,refil,5,R2fil
7,refiler,6,R°file
13,refinancement,10,R2fin@s°m@
6,reflet,5,R°flE
9,refleurir,8,R°fl9RiR
6,reflex,7,ReflEks
7,refluer,6,R°flye
6,reflux,5,R°fly
8,refléter,7,R°flete
8,refoncer,6,R2f§se
8,refondre,6,R°f§dR
7,refonte,5,R°f§t
8,reforger,7,R°fORZe
10,reformater,9,R°fORmate
11,reformation,10,R°fORmasj§
8,reformer,7,R°fORme
13,reformulation,12,R2fORmylasj§
10,reformuler,9,R°fORmyle
10,refouiller,6,R2fuje
9,refoulant,6,R°ful@
11,refoulement,8,R°ful°m@
8,refouler,6,R°fule
9,refouloir,8,R2fulwaR
7,refoulé,6,R°fule
10,refourguer,7,R°fuRge
8,refoutre,6,R°futR
7,refrain,5,R°fR5
10,refranchir,8,R2fR@SiR
9,refrapper,7,R2fRape
8,refroidi,8,R°fRwadi
9,refroidir,9,R°fRwadiR
13,refroidissant,10,R°fRwadis@
15,refroidissement,12,R°fRwadis°m@
13,refroidisseur,11,R°fRwadis9R
8,refréner,7,R°fRene
6,refuge,5,R°fyZ
7,refumer,6,R°fyme
5,refus,4,R°fy
7,refuser,6,R°fyze
6,refusé,6,R°fyze
3,reg,3,REg
8,regagner,6,R°gaNe
6,regain,4,R°g5
6,regard,5,R°gaR
10,regardable,9,R°gaRdabl
9,regardant,7,R°gaRd@
8,regarder,7,R°gaRde
9,regardeur,8,R°gaRd9R
8,regarnir,8,R°gaRniR
7,regency,6,R°Z@si
6,reggae,4,Rege
8,regimber,6,R°Z5be
8,registre,7,R°ZistR
10,regonflage,8,R2g§flaZ
9,regonfler,7,R°g§fle
8,regorger,7,R°gORZe
8,regoûter,6,R2gute
6,regret,5,R°gRE
11,regrettable,9,R°gREtabl
15,regrettablement,12,R°gREtabl°m@
9,regretter,7,R°gRete
9,regrimper,7,R°gR5pe
9,regrossir,8,R2gRosiR
12,regroupement,9,R°gRup°m@
9,regrouper,7,R°gRupe
7,regréer,6,R°gRee
8,rehausse,4,R2os
12,rehaussement,7,R2os°m@
9,rehausser,5,R2ose
10,rehausseur,6,R2os9R
6,rehaut,3,R2o
5,reich,4,RajS
10,reichsmark,9,RajSsmaRk
9,reichstag,8,RajSstag
10,reichswehr,7,RajSvER
4,rein,2,R5
5,reine,3,REn
12,reine-claude,7,REnklod
10,reine-mère,6,REnmER
8,reinette,5,REnEt
4,reis,4,REjs
9,rejaillir,7,R°ZajiR
5,rejet,4,R°ZE
9,rejetable,7,R°Ztabl
7,rejeter,5,R°Zte
7,rejeton,5,R°Zt§
6,rejeté,5,R°Zte
9,rejoindre,7,R°Zw5dR
7,rejoint,5,R°Zw5
11,rejointoyer,10,R°Zw5twaje
7,rejouer,5,R°Zwe
7,rejuger,6,R°ZyZe
7,relacer,6,R°lase
6,relais,4,R°lE
9,relaisser,6,R°lEse
7,relance,5,R°l@s
11,relancement,8,R2l@s°m@
8,relancer,6,R°l@se
9,relanceur,7,R2l@s9R
6,relaps,6,R°laps
8,relargué,7,R2laRge
7,relater,6,R°late
7,relatif,7,R°latif
8,relation,7,R°lasj§
11,relationnel,10,R°lasjonEl
8,relative,7,R°lativ
12,relativement,10,R°lativ°m@
14,relativisation,13,R°lativizasj§
11,relativiser,10,R°lativize
11,relativisme,10,R°lativizm
11,relativiste,10,R2lativist
10,relativité,10,R°lativite
7,relaver,6,R°lave
5,relax,6,R°laks
8,relaxant,7,R°laks@
10,relaxation,10,R°laksasj§
6,relaxe,6,R°laks
7,relaxer,7,R°lakse
7,relayer,6,R°leje
8,relayeur,7,R2lej9R
9,relecture,8,R°lEktyR
6,relent,4,R°l@
9,relevable,8,R°l°vabl
11,relevailles,7,R°l°vaj
8,relevant,6,R°l°v@
7,relever,6,R°l°ve
8,releveur,7,R°l°v9R
6,relevé,6,R°l°ve
7,relevée,6,R°l°ve
7,reliage,6,R2ljaZ
6,relief,6,R°ljEf
6,relier,5,R°lje
7,relieur,6,R°lj9R
14,religieusement,11,R°liZj2z°m@
9,religieux,7,R°liZj2
8,religion,7,R°liZj§
11,religiosité,11,R°liZjozite
10,reliquaire,7,R°likER
8,reliquat,6,R°lika
7,relique,5,R°lik
6,relire,5,R°liR
7,reliure,6,R°ljyR
5,relié,5,R°lje
10,relogement,8,R°lOZ°m@
7,reloger,6,R°loZe
8,relooker,6,R°luke
8,reloquer,6,R°loke
7,relouer,5,R°lue
9,relourder,7,R°luRde
4,relu,4,R°ly
7,reluire,6,R°l8iR
9,reluisant,7,R°l8iz@
8,reluquer,6,R°lyke
7,relâche,5,R°laS
11,relâchement,8,R°laS°m@
8,relâcher,6,R°laSe
7,relâché,6,R°laSe
6,relève,5,R°lEv
10,relèvement,8,R°lEv°m@
10,relégation,9,R°legasj§
8,reléguer,6,R°lege
7,relégué,6,R°lege
9,remaigrir,8,R2megRiR
10,remaillage,7,R°majaZ
9,remailler,6,R°maje
6,remake,5,RimEk
8,remanger,6,R2m@Ze
11,remaniement,8,R°manim@
8,remanier,7,R°manje
11,remaquiller,8,R°makije
9,remarcher,7,R°maRSe
9,remariage,8,R°maRjaZ
8,remarier,7,R°maRje
11,remarquable,9,R°maRkabl
15,remarquablement,12,R°maRkabl°m@
8,remarque,6,R°maRk
9,remarquer,7,R°maRke
10,remballage,7,R@balaZ
9,remballer,6,R@bale
13,rembarquement,9,R@baRk°m@
10,rembarquer,7,R@baRke
9,rembarrer,6,R@baRe
7,remblai,5,R@blE
12,remblaiement,7,R@blEm@
9,remblayer,7,R@bleje
11,rembobinage,9,R@bobinaZ
10,rembobiner,8,R@bobine
7,rembour,5,R@buR
11,rembourrage,7,R@buRaZ
10,rembourrer,6,R@buRe
12,remboursable,9,R@buRsabl
13,remboursement,9,R@buRs°m@
10,rembourser,7,R@buRse
9,remboîter,7,R@bwate
9,rembrunir,8,R@bRyniR
11,remembrance,8,R°m@bR@s
12,remembrement,9,R°m@bR°m@
12,remerciement,9,R°mERsim@
9,remercier,8,R°mERsje
9,remettant,6,R°mEt@
8,remettre,6,R°mEtR
5,remis,4,R°mi
6,remise,5,R°miz
7,remiser,6,R°mize
5,remix,6,R2miks
7,remixer,7,R2mikse
8,remmener,6,R@m°ne
10,remodelage,9,R°mod°laZ
9,remodeler,8,R°mod°le
9,remontage,7,R°m§taZ
9,remontant,6,R°m§t@
7,remonte,5,R°m§t
13,remonte-pente,8,R°m§tp@t
14,remonte-pentes,8,R°m§tp@t
8,remonter,6,R°m§te
9,remontoir,8,R°m§twaR
11,remontrance,8,R°m§tR@s
9,remontrer,7,R°m§tRe
8,remontée,6,R°m§te
7,remords,5,R°mOR
10,remorquage,8,R°mORkaZ
8,remorque,6,R°mORk
9,remorquer,7,R°mORke
10,remorqueur,8,R°mORk9R
10,remouiller,6,R°muje
6,remous,4,R°mu
10,rempailler,6,R@paje
11,rempailleur,7,R@paj9R
7,rempart,5,R@paR
8,rempiler,6,R@pile
12,remplacement,9,R@plas°m@
9,remplacer,7,R@plase
11,remplaçable,9,R@plasabl
10,remplaçant,7,R@plas@
6,rempli,5,R@pli
7,remplir,6,R@pliR
11,remplissage,8,R@plisaZ
11,remplisseur,8,R@plis9R
7,remploi,6,R@plwa
9,remplumer,7,R@plyme
9,remporter,7,R@pORte
8,rempoter,6,R@pote
10,remprunter,7,R@pR1te
7,remuage,6,R°myaZ
7,remuant,5,R°m8@
5,remue,4,R°my
12,remue-ménage,9,R°mymenaZ
14,remue-méninges,9,R°mymen5Z
9,remuement,6,R°mym@
6,remuer,5,R°m8e
7,remueur,6,R°m89R
7,remugle,6,R°mygl
9,remuscler,8,R2myskle
8,remâcher,6,R°maSe
6,remède,5,R°mEd
14,remède-miracle,11,R°mEdmiRakl
10,remédiable,9,R2medjabl
8,remédier,7,R°medje
12,remémoration,11,R2memORasj§
9,remémorer,8,R°memoRe
11,renaissance,7,R°nEs@s
10,renaissant,6,R°nEs@
6,renard,5,R°naR
9,renardeau,7,R°naRdo
6,renaud,4,R2no
8,renauder,6,R°node
9,renaudeur,7,R2nod9R
8,renaître,6,R°nEtR
7,rencard,5,R@kaR
9,rencarder,7,R@kaRde
9,renchérir,7,R@SeRiR
9,rencogner,6,R@koNe
9,rencontre,6,R@k§tR
10,rencontrer,7,R@k§tRe
9,rencontré,7,R@k§tRe
7,rendant,4,R@d@
9,rendement,6,R@d°m@
11,rendez-vous,6,R@devu
9,rendormir,8,R@dORmiR
6,rendre,4,R@dR
5,rendu,4,R@dy
8,reneiger,6,R°nEZe
10,renettoyer,9,R2nEtwaje
12,renfermement,9,R@fERm°m@
9,renfermer,7,R@fERme
8,renfermé,7,R@fERme
8,renfiler,6,R@file
10,renflement,7,R@fl°m@
10,renflouage,7,R@fluaZ
12,renflouement,7,R@flum@
9,renflouer,6,R@flue
6,renflé,5,R@fle
12,renfoncement,8,R@f§s°m@
9,renfoncer,6,R@f§se
12,renforcement,9,R@fORs°m@
9,renforcer,7,R@fORse
7,renfort,5,R@fOR
13,renfrognement,9,R@fRON°m@
10,renfrogner,7,R@fRoNe
9,renfrogné,7,R@fRoNe
11,rengagement,8,R@gaZ°m@
8,rengager,6,R@gaZe
8,rengaine,5,R@gEn
9,rengainer,6,R@gene
12,rengorgement,9,R@gORZ°m@
9,rengorger,7,R@gORZe
9,reniement,6,R°nim@
6,renier,5,R°nje
9,reniflage,8,R2niflaZ
9,reniflant,7,R°nifl@
11,reniflement,9,R°nifl°m@
8,renifler,7,R°nifle
10,reniflette,8,R°niflEt
9,renifleur,8,R°nifl9R
7,rennais,4,REnE
5,renne,3,REn
5,renom,4,R°n§
8,renommer,6,R°nome
7,renommé,6,R°nome
8,renommée,6,R°nome
7,renonce,5,R°n§s
11,renoncement,8,R°n§s°m@
8,renoncer,6,R°n§se
12,renonciateur,10,R°n§sjat9R
12,renonciation,10,R°n§sjasj§
9,renoncule,7,R°n§kyl
7,renoter,6,R2nOte
7,renouer,5,R°nwe
9,renouveau,6,R°nuvo
12,renouvelable,10,R°nuv°labl
10,renouveler,8,R°nuv°le
14,renouvellement,10,R°nuvEl°m@
7,renouée,5,R°nwe
13,renseignement,8,R@sEN°m@
10,renseigner,6,R@seNe
15,rentabilisation,13,R@tabilizasj§
12,rentabiliser,10,R@tabilize
11,rentabilité,10,R@tabilite
8,rentable,6,R@tabl
8,rentamer,6,R@tame
5,rente,3,R@t
6,renter,4,R@te
7,rentier,5,R@tje
8,rentrant,5,R@tR@
13,rentre-dedans,8,R@tRd°d@
7,rentrer,5,R@tRe
6,rentré,5,R@tRe
7,rentrée,5,R@tRe
10,renversant,7,R@vERs@
8,renverse,6,R@vERs
12,renversement,9,R@vERs°m@
9,renverser,7,R@vERse
10,renverseur,8,R@vERs9R
8,renversé,7,R@vERse
6,renvoi,5,R@vwa
8,renvoyer,7,R@vwaje
8,renâcler,7,R°nakle
7,renégat,6,R°nega
13,renégociation,12,R°negosjasj§
10,renégocier,9,R°negosje
3,rep,3,REp
7,repaire,5,R°pER
10,reparaître,8,R°paREtR
11,reparcourir,10,R2paRkuRiR
8,reparler,7,R°paRle
8,repartie,7,R°paRti
8,repartir,8,R°paRtiR
5,repas,4,R°pa
9,repassage,7,R°pasaZ
8,repasser,6,R°pase
9,repasseur,7,R°pas9R
8,repavage,7,R2pavaZ
7,repaver,6,R2pave
7,repayer,6,R°pEje
8,repaître,6,R°pEtR
9,repeindre,6,R°p5dR
7,repeint,4,R°p5
8,rependre,6,R2p@dR
8,repenser,6,R°p@se
10,repentance,7,R°p@t@s
9,repentant,6,R°p@t@
7,repenti,6,R°p@ti
8,repentir,7,R°p@tiR
8,reperdre,7,R°pERdR
12,repeuplement,9,R°p9pl°m@
9,repeupler,7,R°p9ple
8,repincer,6,R°p5se
9,repiquage,7,R°pikaZ
7,repique,5,R°pik
8,repiquer,6,R°pike
11,replacement,9,R°plas°m@
8,replacer,7,R°plase
12,replantation,10,R°pl@tasj§
9,replanter,7,R°pl@te
6,replat,5,R°pla
6,replet,5,R°plE
5,repli,5,R°pli
10,repliement,7,R°plim@
7,replier,7,R°plije
9,replonger,7,R°pl§Ze
10,replâtrage,9,R°platRaZ
9,replâtrer,8,R°platRe
6,report,5,R°pOR
9,reportage,8,R°pORtaZ
16,reportage-vérité,14,R°pORtaZveRite
8,reporter,7,R°pORte
8,reporter,8,R°poRtER
8,reporter,7,R°poRte
5,repos,4,R°po
8,reposant,6,R°poz@
6,repose,5,R°poz
11,repose-pied,8,R°pozpje
7,reposer,6,R°poze
13,repositionner,11,R°pozisjone
8,reposoir,8,R°pozwaR
10,reposséder,8,R2pOsede
6,reposé,6,R°poze
9,repoudrer,7,R°pudRe
10,repoussage,7,R°pusaZ
10,repoussant,6,R°pus@
8,repousse,5,R°pus
9,repousser,6,R°puse
10,repoussoir,8,R°puswaR
8,repoussé,6,R°puse
9,reprendre,7,R°pR@dR
9,repreneur,8,R°pR°n9R
6,repris,5,R°pRi
7,reprise,6,R°pRiz
8,repriser,7,R°pRize
8,reproche,6,R°pROS
9,reprocher,7,R°pRoSe
12,reproducteur,11,R°pRodykt9R
13,reproductible,12,R°pRodyktibl
11,reproductif,11,R°pRodyktif
12,reproduction,11,R°pRodyksj§
10,reproduire,9,R°pRod8iR
12,reprogrammer,11,R°pRogRam9R
12,reprographie,10,R°pRogRafi
10,reproposer,9,R2pROpoze
12,représentant,9,R°pRez@t@
13,représentatif,12,R°pRez@tatif
14,représentation,12,R°pRez@tasj§
11,représenter,9,R°pRez@te
10,représenté,9,R°pRez@te
4,reps,4,REps
9,reptation,8,REptasj§
7,reptile,6,REptil
9,reptilien,8,REptilj5
4,repu,4,R°py
13,republication,12,R2pyblikasj§
9,republier,9,R°pyblije
8,repuiser,7,R2p8ize
6,repère,5,R°pER
9,repérable,8,R°peRabl
8,repérage,7,R°peRaZ
7,repérer,6,R°peRe
8,repéreur,7,R2peR9R
8,repétrir,8,R°petRiR
9,repêchage,7,R°pESaZ
8,repêcher,6,R°peSe
11,requalifier,9,R2kalifje
7,requiem,8,Rek8ijEm
18,requiescat in pace,14,R°kijEskainpas
6,requin,4,R°k5
14,requin-baleine,9,R2k5balEn
12,requin-tigre,8,R2k5tigR
10,requinquer,6,R°k5ke
6,requis,4,R°ki
9,requérant,6,R°keR@
8,requérir,7,R°keRiR
7,requête,5,R°kEt
7,resalir,7,R2saliR
8,rescaper,7,REskape
7,rescapé,7,REskape
9,rescision,7,Resizj§
9,rescousse,6,REskus
7,rescrit,6,REskRi
8,reservir,8,R2sERviR
5,reset,5,R2zEt
15,resocialisation,14,R2sosializasj§
8,resonger,6,R°z§Ze
7,respect,5,REspE
14,respectabilité,14,REspEktabilite
11,respectable,10,REspEktabl
9,respecter,8,REspEkte
9,respectif,9,REspEktif
14,respectivement,12,REspEktiv°m@
16,respectueusement,13,REspEkt82z°m@
11,respectueux,9,REspEkt82
8,respecté,8,REspEkte
6,respir,6,REspiR
10,respirable,9,REspiRabl
11,respirateur,10,REspiRat9R
11,respiration,10,REspiRasj§
12,respiratoire,11,REspiRatwaR
8,respirer,7,REspiRe
10,resplendir,9,REspl@diR
14,resplendissant,10,REspl@dis@
16,resplendissement,12,REspl@dis°m@
18,responsabilisation,16,REsp§sabilizasj§
15,responsabiliser,13,REsp§sabilize
14,responsabilité,13,REsp§sabilite
11,responsable,9,REsp§sabl
9,resquille,6,REskij
10,resquiller,7,REskije
11,resquilleur,8,REskij9R
6,ressac,5,R°sak
9,ressaisir,7,R°seziR
15,ressaisissement,10,R°sezis°m@
12,ressassement,8,R°sas°m@
9,ressasser,6,R°sase
10,ressasseur,7,R°sas9R
7,ressaut,4,R°so
9,ressauter,6,R°sote
8,ressayer,6,REsEje
12,ressemblance,8,R°s@bl@s
11,ressemblant,7,R°s@bl@
10,ressembler,7,R°s@ble
11,ressemelage,9,R°s°m°laZ
10,ressemeler,8,R°s°m°le
8,ressemer,6,R2s°me
8,ressenti,6,R°s@ti
12,ressentiment,8,R°s@tim@
9,ressentir,7,R°s@tiR
10,resserrage,7,R°sERaZ
8,resserre,5,R°sER
12,resserrement,8,R°sER°m@
9,resserrer,6,R°seRe
8,resserré,6,R°seRe
9,resservir,8,R°sERviR
7,ressort,5,R°sOR
9,ressortir,8,R°sORtiR
13,ressortissant,9,R°sORtis@
9,ressouder,6,R°sude
9,ressource,6,R°suRs
13,ressourcement,9,R°suRs°m@
10,ressourcer,7,R°suRse
11,ressouvenir,9,R°suv°niR
6,ressui,5,R°s8i
11,ressuiement,7,R2s8im@
9,ressurgir,8,R°syRZiR
11,ressusciter,8,Resysite
7,restant,5,REst@
6,restau,5,REsto
10,restaurant,7,REstoR@
12,restaurateur,10,REstoRat9R
12,restauration,10,REstoRasj§
9,restaurer,7,REstoRe
11,restauroute,8,REstoRut
5,reste,4,REst
6,rester,5,REste
9,restituer,8,REstit8e
11,restitution,10,REstitysj§
5,resto,5,REsto
10,restoroute,8,REstoRut
11,restreindre,8,REstR5dR
9,restreint,6,REstR5
10,restrictif,10,REstRiktif
11,restriction,10,REstRiksj§
15,restructuration,14,R°stRyktyRasj§
12,restructurer,11,R°stRyktyRe
7,resucée,6,R°syse
8,resurgir,8,R°syRZiR
7,retable,6,R°tabl
9,retailler,6,R°taje
6,retape,5,R°tap
7,retaper,6,R°tape
8,retapeur,7,R2tap9R
10,retapisser,8,R°tapise
6,retard,5,R°taR
12,retardataire,10,R°taRdatER
11,retardateur,10,R°taRdat9R
11,retardement,9,R°taRd°m@
8,retarder,7,R°taRde
7,retardé,7,R°taRde
9,reteindre,6,R°t5dR
8,retendre,6,R°t@dR
7,retenir,7,R°t°niR
8,retenter,6,R°t@te
8,retentir,7,R°t@tiR
12,retentissant,8,R°t@tis@
14,retentissement,10,R°t@tis°m@
6,retenu,6,R°t°ny
7,retenue,6,R°t°ny
9,retirable,8,R2tiRabl
10,retirement,8,R2tiR°m@
7,retirer,6,R°tiRe
6,retiro,6,RetiRo
6,retiré,6,R°tiRe
8,retisser,6,R°tise
9,retombant,6,R°t§b@
7,retombe,5,R°t§b
11,retombement,8,R°t§b°m@
8,retomber,6,R°t§be
8,retombée,6,R°t§be
8,retordre,7,R°tORdR
6,retors,5,R°tOR
8,retouche,5,R°tuS
9,retoucher,6,R°tuSe
10,retoucheur,7,R°tuS9R
6,retour,5,R°tuR
8,retourne,6,R°tuRn
12,retournement,9,R°tuRn°m@
9,retourner,7,R°tuRne
8,retourné,7,R°tuRne
8,retracer,7,R°tRase
12,retraduction,11,R2tRadyksj§
8,retraire,6,R°tRER
7,retrait,5,R°tRE
8,retraite,6,R°tREt
12,retraitement,9,R°tREt°m@
8,retraité,7,R°tRete
13,retranchement,9,R°tR@S°m@
10,retrancher,7,R°tR@Se
15,retranscription,13,R°tR@skRipsj§
12,retranscrire,10,R°tR@skRiR
13,retransformer,11,R2tR@sfORme
12,retransférer,10,R2tR@sfeRe
13,retransmettre,10,R°tR@smEtR
14,retransmission,11,R°tR@smisj§
12,retravailler,9,R°tRavaje
11,retraverser,10,R°tRavERse
9,retreinte,6,R°tR5t
9,retremper,7,R°tR@pe
9,retriever,8,RitRiv9R
11,retroussage,8,R°tRusaZ
10,retrousser,7,R°tRuse
12,retroussette,8,R°tRusEt
10,retroussis,7,R°tRusi
9,retroussé,7,R°tRuse
12,retrouvaille,8,R°tRuvaj
9,retrouver,7,R°tRuve
4,rets,2,RE
7,retsina,6,R°sina
7,retuber,6,R2tybe
6,retuer,5,R2t8e
12,retéléphoner,10,R2telefOne
6,reubeu,4,R9b2
12,revalidation,11,R°validasj§
9,revalider,8,R°valide
8,revaloir,8,R°valwaR
14,revalorisation,13,R°valoRizasj§
11,revaloriser,10,R°valoRize
10,revanchard,7,R°v@SaR
8,revanche,5,R°v@S
9,revancher,6,R°v@Se
8,revenant,6,R°v°n@
10,revendable,8,R°v@dabl
9,revendeur,7,R°v@d9R
13,revendicateur,11,R°v@dikat9R
12,revendicatif,11,R°v@dikatif
13,revendication,11,R°v@dikasj§
11,revendiquer,8,R°v@dike
8,revendre,6,R°v@dR
7,revenir,7,R°v°niR
7,revente,5,R°v@t
6,revenu,6,R°v°ny
8,reverdir,8,R°vERdiR
8,revernir,8,R2vERniR
6,revers,5,R°vER
8,reverser,7,R°vERse
7,revient,5,R°vj5
10,revigorant,8,R°vigoR@
9,revigorer,8,R°vigoRe
10,revirement,8,R°viR°m@
7,revirer,6,R2viRe
9,revisiter,8,R°vizite
8,revisser,6,R°vise
12,revitalisant,10,R2vitaliz@
14,revitalisation,13,R°vitalizasj§
11,revitaliser,10,R°vitalize
7,revival,8,RivajvOl
10,revivifier,9,R2vivifje
9,revivifié,9,R°vivifje
12,reviviscence,9,R°vivis@s
7,revivre,6,R°vivR
7,revoici,7,R°vwasi
7,revoilà,7,R°vwala
6,revoir,6,R°vwaR
7,revoler,6,R2vOle
8,revolver,8,RevOlvER
7,revomir,7,R°vomiR
7,revoter,6,RevOte
9,revouloir,8,R°vulwaR
8,revoyure,8,R°vwajyR
4,revu,4,R°vy
5,revue,4,R°vy
10,revérifier,9,R2veRifje
9,revérifié,9,R2veRifje
7,revêche,5,R°vES
10,revêtement,8,R°vEt°m@
7,revêtir,7,R°vetiR
6,revêtu,6,R°vEty
3,rex,4,REks
7,rexiste,7,REksist
3,rez,2,Re
15,rez-de-chaussée,8,Red°Sose
13,rez-de-jardin,9,Red°ZaRd5
6,rezzou,4,R°zu
4,reçu,4,R°sy
6,reître,4,REtR
10,rhabillage,7,RabijaZ
9,rhabiller,6,Rabije
10,rhabilleur,7,Rabij9R
9,rhapsodie,7,Rapsodi
7,rhinite,5,Rinit
5,rhino,4,Rino
10,rhinocéros,9,RinoseROs
12,rhinoplastie,10,RinOplasti
11,rhinoscopie,9,RinOskOpi
7,rhizome,5,Rizom
8,rhizopus,7,RizOpys
3,rho,2,Ro
9,rhodamine,7,ROdamin
9,rhodanien,7,Rodanj5
6,rhodia,5,Rodja
7,rhodium,6,ROdjOm
5,rhodo,4,ROdO
12,rhododendron,9,Rodod5dR§
7,rhodoïd,6,Rodoid
6,rhombe,3,R§b
10,rhomboïdal,8,R§boidal
6,rhovyl,5,Rovil
8,rhubarbe,6,RybaRb
4,rhum,3,ROm
11,rhumatisant,8,Rymatiz@
11,rhumatismal,10,Rymatismal
10,rhumatisme,8,Rymatizm
12,rhumatologie,10,RymatOlOZi
12,rhumatologue,9,RymatOlOg
10,rhumatoïde,8,RymatOid
5,rhume,3,Rym
8,rhumerie,6,ROm°Ri
8,rhyolite,6,Riolit
16,rhythm and blues,10,RitmEnbluz
14,rhythm'n'blues,10,RitmEnbluz
6,rhénan,4,Ren@
8,rhéostat,6,Reosta
6,rhésus,5,Rezys
7,rhéteur,5,Ret9R
11,rhétoricien,9,RetoRisj5
10,rhétorique,7,RetoRik
3,rhô,2,Ro
2,ri,2,Ri
3,ria,3,Rja
4,rial,4,Rjal
5,riant,3,Rj@
10,ribambelle,7,Rib@bEl
6,ribaud,4,Ribo
5,ribes,5,RibEs
7,ribleur,6,Ribl9R
11,riboflavine,10,Riboflavin
5,ribot,4,Ribo
7,riboter,6,RibOte
8,riboteur,7,RibOt9R
7,ribouis,5,Ribwi
12,ribouldingue,8,Ribuld5g
8,ribouler,6,Ribule
10,ric et rac,7,RikeRak
7,ric-rac,6,RikRak
9,ric-à-rac,7,RikaRak
6,ricain,4,Rik5
8,ricanant,6,Rikan@
10,ricanement,8,Rikan°m@
7,ricaner,6,Rikane
8,ricaneur,7,Rikan9R
8,ricasser,6,Rikase
7,richard,5,RiSaR
5,riche,3,RiS
9,richelieu,7,RiS°lj2
9,richement,6,RiS°m@
8,richesse,5,RiSEs
10,richissime,7,RiSisim
8,richomme,5,RiSOm
5,ricin,4,Ris5
8,ricocher,6,RikoSe
8,ricochet,6,RikoSE
7,ricotta,6,Rikota
6,rictus,6,Riktys
4,ride,3,Rid
6,rideau,4,Rido
5,rider,4,Ride
8,ridicule,7,Ridikyl
12,ridiculement,10,Ridikyl°m@
14,ridiculisation,13,Ridikylizasj§
11,ridiculiser,10,Ridikylize
6,ridule,5,Ridyl
4,ridé,4,Ride
4,riel,4,RjEl
4,rien,3,Rj5
8,riesling,6,RisliG
5,rieur,4,Rj9R
3,rif,3,Rif
6,rifain,4,Rif5
4,riff,3,Rif
9,riffauder,6,Rifode
6,rififi,6,Rififi
7,riflard,6,RiflaR
5,rifle,4,Rifl
8,riflette,6,RiflEt
4,rift,4,Rift
8,rigaudon,6,Rigod§
6,rigide,5,RiZid
10,rigidement,8,RiZid°m@
10,rigidifier,9,RiZidifje
8,rigidité,8,RiZidite
7,rigodon,6,Rigod§
8,rigolade,7,Rigolad
8,rigolage,7,RigolaZ
8,rigolard,7,RigolaR
6,rigole,5,RigOl
7,rigoler,6,Rigole
8,rigoleur,7,Rigol9R
8,rigollot,6,Rigolo
6,rigolo,6,Rigolo
8,rigolote,7,RigolOt
9,rigorisme,8,RigoRizm
9,rigoriste,8,RigoRist
14,rigoureusement,10,RiguR2z°m@
9,rigoureux,6,RiguR2
7,rigueur,5,Rig9R
6,rikiki,6,Rikiki
9,rillettes,5,RijEt
7,rillons,4,Rij§
11,rimaillerie,8,Rimaj°Ri
10,rimailleur,7,Rimaj9R
6,rimaye,5,Rimaj
10,rimbaldien,8,R5baldj5
4,rime,3,Rim
5,rimer,4,Rime
6,rimeur,5,Rim9R
6,rimmel,5,RimEl
12,rince-bouche,6,R5sbuS
12,rince-doigts,6,R5sdwa
7,rinceau,4,R5so
6,rincer,4,R5se
8,rincette,5,R5sEt
7,rinceur,5,R5s9R
6,rincée,4,R5se
11,rinforzando,12,RinfORdzando
4,ring,3,RiG
7,ringard,5,R5gaR
10,ringardise,8,R5gaRdiz
4,rink,4,Rink
6,rinker,5,Rinke
7,rinçage,5,R5saZ
5,rioja,5,Rjoxa
8,ripaille,5,Ripaj
9,ripailler,6,Ripaje
7,ripaton,6,Ripat§
5,riper,4,Ripe
6,ripeur,5,Rip9R
7,ripolin,6,Ripol5
9,ripoliner,8,Ripoline
7,riposte,6,RipOst
8,riposter,7,RipOste
5,ripou,4,Ripu
6,ripoux,4,Ripu
6,ripper,5,Rip9R
8,ripuaire,6,Rip8ER
8,riquiqui,6,Rikiki
4,rire,3,RiR
3,ris,2,Ri
4,rise,3,Riz
5,riser,6,Rajz9R
7,risette,5,RizEt
10,risibilité,10,Rizibilite
7,risible,6,Rizibl
11,risiblement,9,Rizibl°m@
8,risorius,8,RizoRjys
7,risotto,6,Rizoto
6,risque,4,Risk
11,risque-tout,7,Risk°tu
7,risquer,5,Riske
6,risqué,5,Riske
7,rissole,5,RisOl
8,rissoler,6,Risole
9,ristourne,7,RistuRn
5,risée,4,Rize
5,rital,5,Rital
4,rite,3,Rit
11,ritournelle,8,RituRnEl
13,ritualisation,12,Rit8alizasj§
10,ritualiste,9,Rit8alist
6,rituel,6,Rit8El
12,rituellement,9,Rit8El°m@
6,rivage,5,RivaZ
5,rival,5,Rival
9,rivaliser,8,Rivalize
8,rivalité,8,Rivalite
4,rive,3,Riv
5,river,4,Rive
8,riverain,6,Riv°R5
5,rivet,4,RivE
8,rivetage,7,Riv°taZ
9,riveteuse,7,Riv°t2z
7,riviera,7,RivjERa
7,rivière,6,RivjER
6,rivoir,6,RivwaR
4,rixe,4,Riks
3,riz,2,Ri
10,riz-minute,7,Riminyt
12,riz-pain-sel,7,Rip5sEl
7,rizière,6,RizjER
8,roadster,8,ROwdst9R
10,roast-beef,6,Rosbif
4,robe,3,ROb
5,rober,4,RObe
6,robert,5,RobER
7,robette,5,RObEt
5,robin,4,Rob5
7,robinet,6,RobinE
12,robinetterie,10,RobinEt°Ri
12,robinsonnade,9,Rob5sonad
6,roblot,5,ROblo
9,roboratif,9,RoboRatif
5,robot,4,Robo
9,robotique,7,Robotik
8,roburite,7,RobyRit
7,robuste,6,Robyst
11,robustement,9,Robyst°m@
10,robustesse,8,RobystEs
3,roc,3,ROk
6,rocade,5,Rokad
8,rocaille,5,Rokaj
10,rocailleux,6,Rokaj2
9,rocambole,7,Rok@bOl
13,rocambolesque,10,Rok@bolEsk
10,rochassier,7,RoSasje
5,roche,3,ROS
8,rochelle,5,RoSEl
6,rocher,4,RoSe
6,rochet,4,RoSE
7,rocheux,4,RoS2
4,rock,3,ROk
11,rock'n'roll,8,ROkEnROl
6,rocker,5,Rok9R
6,rocket,5,RokEt
7,rockeur,5,Rok9R
13,rocking-chair,9,ROkiGtSER
6,rococo,6,Rokoko
6,rodage,5,RodaZ
5,rodeo,5,Rodeo
5,roder,4,Rode
5,rodéo,5,Rodeo
9,rogatoire,8,RogatwaR
7,rogaton,6,Rogat§
5,rogne,3,RON
10,rogne-pied,6,RONpje
6,rogner,4,RoNe
7,rogneux,4,RON2
6,rognon,4,RoN§
7,rognure,5,RoNyR
7,rogomme,5,RogOm
5,rogue,3,ROg
3,roi,3,Rwa
7,roi-roi,6,RwaRwa
10,roi-soleil,8,RwasOlEj
5,roide,4,Rwad
9,roidement,7,Rwad°m@
7,roideur,6,Rwad9R
6,roidir,6,RwadiR
8,roitelet,7,Rwat°lE
4,roll,3,ROl
5,rolle,3,ROl
6,roller,5,ROl9R
8,rollmops,7,ROlmOps
3,rom,3,ROm
6,romain,4,Rom5
5,roman,4,Rom@
16,roman-feuilleton,10,Rom@f9j°t§
12,roman-fleuve,8,Rom@fl9v
11,roman-photo,8,Rom@foto
7,romance,5,Rom@s
8,romancer,6,Rom@se
9,romancero,8,Rom@s°Ro
8,romanche,5,Rom@S
9,romancier,7,Rom@sje
7,romancé,6,ROm@se
10,romanesque,8,RomanEsk
6,romani,6,Romani
10,romanichel,9,RomaniSEl
12,romanisation,11,Romanizasj§
8,romanité,8,Romanite
6,romano,6,Romano
12,romanticisme,10,ROm@tisism
10,romantique,7,Rom@tik
14,romantiquement,10,Rom@tik°m@
10,romantisme,8,Rom@tizm
7,romarin,6,RomaR5
6,rompre,4,R§pR
5,rompu,4,R§py
3,ron,2,R§
5,ronce,3,R§s
6,roncet,4,R§sE
7,ronceux,4,R§s2
7,ronchon,4,R§S§
10,ronchonner,6,R§Sone
11,ronchonneur,7,R§Son9R
10,ronchonnot,6,R§Sono
7,roncier,5,R§sje
4,rond,2,R§
12,rond-de-cuir,8,R§d°k8iR
10,rond-point,5,R§pw5
8,rondache,5,R§daS
5,ronde,3,R§d
11,ronde-bosse,6,R§dbOs
7,rondeau,4,R§do
8,rondelet,6,R§d°lE
8,rondelle,5,R§dEl
9,rondement,6,R§d°m@
7,rondeur,5,R§d9R
6,rondin,4,R§d5
5,rondo,4,R§do
12,rondouillard,7,R§dujaR
8,ronflant,5,R§fl@
10,ronflement,7,R§fl°m@
7,ronfler,5,R§fle
9,ronflette,6,R§flEt
8,ronfleur,6,R§fl9R
8,rongeant,4,R§Z@
9,rongement,6,R§Z°m@
6,ronger,4,R§Ze
7,rongeur,5,R§Z9R
9,rongicide,7,R§Zisid
5,ronin,4,ROn5
6,ronron,4,R§R§
10,ronronnant,6,R§Ron@
12,ronronnement,8,R§ROn°m@
9,ronronner,6,R§Rone
5,ronéo,5,Roneo
10,ronéotyper,9,Roneotipe
4,roof,3,Ruf
5,roque,3,ROk
9,roquefort,6,ROkfOR
9,roquentin,6,Rok@t5
6,roquer,4,Roke
6,roquet,4,RokE
8,roquette,5,RokEt
7,rorqual,6,RORkal
6,rosace,5,Rozas
7,rosaire,5,RozER
7,rosales,5,Rozal
5,rosat,4,Roza
6,rosbif,6,ROsbif
4,rose,3,Roz
10,rose-croix,7,RozkRwa
8,rose-thé,5,Rozte
6,roseau,4,Rozo
5,roser,4,Roze
8,roseraie,6,Roz°RE
7,rosette,5,RozEt
6,roseur,5,Roz9R
11,rosicrucien,10,RozikRysj5
13,rosicrucienne,11,RozikRysjEn
6,rosier,5,Rozje
5,rosir,5,RoziR
7,rosière,6,RozjER
7,rossard,5,RosaR
5,rosse,3,ROs
6,rosser,4,Rose
8,rosserie,6,ROs°Ri
9,rossignol,7,RosiNOl
10,rossinante,7,Rosin@t
6,rossée,4,Rose
6,rostre,5,ROstR
7,rosâtre,6,RozatR
4,rosé,4,Roze
5,rosée,4,Roze
7,roséole,6,RozeOl
3,rot,2,Ro
6,rotary,6,RotaRi
8,rotateur,7,Rotat9R
7,rotatif,7,Rotatif
8,rotation,7,Rotasj§
11,rotationnel,10,ROtasjOnEl
8,rotative,7,Rotativ
9,rotatoire,8,RotatwaR
4,rote,3,ROt
5,roter,4,Rote
6,roteur,5,ROt9R
5,rotin,4,Rot5
4,roto,4,Roto
7,rotonde,5,Rot§d
9,rotondité,8,Rot§dite
8,rotoplos,7,ROtOplo
9,rotoplots,7,Rotoplo
5,rotor,5,RotOR
6,rototo,6,ROtOto
6,rotule,5,Rotyl
8,rotulien,7,Rotylj5
6,roture,5,RotyR
8,roturier,7,RotyRje
8,roténone,7,RotenOn
6,rouage,4,RwaZ
5,rouan,3,Rw@
11,roubignoles,7,RubiNOl
8,roublard,6,RublaR
10,roublarder,8,RublaRde
11,roublardise,9,RublaRdiz
6,rouble,4,Rubl
10,roucoulade,7,Rukulad
10,roucoulant,6,Rukul@
12,roucoulement,8,Rukul°m@
9,roucouler,6,Rukule
10,roucouleur,7,Rukul9R
9,roudoudou,6,Rududu
4,roue,2,Ru
7,rouelle,4,RwEl
5,rouer,3,Rwe
8,rouergat,6,RwERga
7,rouerie,4,RuRi
5,rouet,3,RwE
4,rouf,3,Ruf
5,rouge,3,RuZ
10,rouge-brun,6,RuZbR1
9,rouge-feu,5,RuZf2
11,rouge-gorge,7,RuZgORZ
11,rouge-queue,6,RuZ°k2
10,rouge-sang,5,RuZs@
8,rougeaud,4,RuZo
12,rougeoiement,7,RuZwam@
8,rougeole,5,RuZOl
10,rougeoyant,7,RuZwaj@
9,rougeoyer,7,RuZwaje
6,rouget,4,RuZE
7,rougeur,5,RuZ9R
9,rougeâtre,6,RuZatR
5,rough,3,Ruf
6,rougir,5,RuZiR
10,rougissant,6,RuZis@
12,rougissement,8,RuZis°m@
10,rouillarde,6,RujaRd
7,rouille,3,Ruj
8,rouiller,4,Ruje
9,rouilleux,4,Ruj2
7,roulade,5,Rulad
7,roulage,5,RulaZ
7,roulant,4,Rul@
8,roulante,5,Rul@t
5,roule,3,Rul
7,rouleau,4,Rulo
9,roulement,6,Rul°m@
6,rouler,4,Rule
8,roulette,5,RulEt
7,rouleur,5,Rul9R
7,roulier,5,Rulje
6,roulis,4,Ruli
8,roulotte,5,RulOt
7,roulure,5,RulyR
5,roulé,4,Rule
11,roulé-boulé,8,Rulebule
7,roumain,4,Rum5
5,roumi,4,Rumi
5,round,4,Rund
7,roupane,5,Rupan
8,roupette,5,RupEt
9,roupettes,5,RupEt
6,roupie,4,Rupi
9,roupiller,6,Rupije
9,roupillon,6,Rupij§
11,rouquemoute,7,Ruk°mut
9,rouquette,5,RukEt
7,rouquin,4,Ruk5
11,rouscailler,7,Ruskaje
10,rouspétage,8,RuspetaZ
11,rouspétance,8,Ruspet@s
9,rouspéter,7,Ruspete
10,rouspéteur,8,Ruspet9R
8,rousseau,4,Ruso
12,rousseauiste,7,Rusoist
11,rousserolle,7,Rus°ROl
9,roussette,5,RusEt
8,rousseur,5,Rus9R
6,roussi,4,Rusi
7,roussin,4,Rus5
7,roussir,5,RusiR
9,roussâtre,6,RusatR
6,rouste,4,Rust
7,rouston,5,Rust§
8,roustons,5,Rust§
7,routage,5,RutaZ
7,routard,5,RutaR
5,route,3,Rut
6,router,4,Rute
7,routeur,5,Rut9R
7,routier,5,Rutje
6,routin,4,Rut5
7,routine,5,Rutin
9,routinier,7,Rutinje
6,rouvre,4,RuvR
7,rouvrir,6,RuvRiR
4,roux,2,Ru
4,roué,3,Rwe
3,roy,3,Rwa
5,royal,6,Rwajal
6,royale,6,Rwajal
10,royalement,9,Rwajal°m@
9,royaliste,9,Rwajalist
9,royalties,8,Rwajalti
7,royalty,8,Rwajalti
7,royaume,6,Rwajom
7,royauté,7,Rwajote
2,ru,2,Ry
5,ruade,4,Ryad
5,ruban,4,Ryb@
6,rubato,6,Rybato
5,rubia,5,Rybja
7,rubican,6,Rybik@
8,rubicond,6,Rybik§
5,rubis,4,Rybi
9,rubricard,8,RybRikaR
8,rubrique,6,RybRik
7,rubéole,6,RybeOl
5,ruche,3,RyS
6,rucher,4,RySe
5,ruché,4,RySe
8,rucksack,6,Ryksak
4,rude,3,Ryd
8,rudement,6,Ryd°m@
7,rudesse,5,RydEs
8,rudiment,6,Rydim@
12,rudimentaire,9,Rydim@tER
10,rudoiement,7,Rydwam@
7,rudoyer,7,Rydwaje
3,rue,2,Ry
6,ruelle,4,R8El
4,ruer,3,R8e
7,ruffian,5,Ryfj@
6,rufian,5,Ryfj@
5,rugby,5,Rygbi
8,rugbyman,8,Rygbiman
5,rugir,5,RyZiR
9,rugissant,6,RyZis@
11,rugissement,8,RyZis°m@
8,rugosité,8,Rygozite
7,rugueux,4,Ryg2
5,ruine,4,R8in
6,ruiner,5,R8ine
7,ruineux,5,R8in2
5,ruiné,5,R8ine
8,ruisseau,5,R8iso
10,ruisselant,7,R8is°l@
9,ruisseler,7,R8is°le
9,ruisselet,7,R8is°lE
13,ruissellement,9,R8isEl°m@
7,ruisson,5,R8is§
5,rumba,5,Rumba
6,rumeur,5,Rym9R
8,ruminant,6,Rymin@
10,rumination,9,Ryminasj§
10,ruminement,8,Rymin°m@
7,ruminer,6,Rymine
8,rumsteck,7,ROmstEk
4,rune,3,Ryn
7,runique,5,Rynik
7,running,5,RyniG
8,rupestre,7,RypEstR
5,rupin,4,Ryp5
7,rupteur,6,Rypt9R
7,rupture,6,RyptyR
5,rural,5,RyRal
4,ruse,3,Ryz
5,ruser,4,Ryze
4,rush,3,R9S
5,russe,3,Rys
13,russification,11,Rysifikasj§
14,russo-allemand,9,Rysoal°m@
15,russo-américain,11,RysoameRik5
14,russo-polonais,10,RysopolonE
12,russo-turque,8,RysotyRk
10,russophone,7,RysofOn
7,rustaud,5,Rysto
9,rusticité,9,Rystisite
7,rustine,6,Rystin
8,rustique,6,Rystik
6,rustre,5,RystR
4,rusé,4,Ryze
3,rut,3,Ryt
8,rutabaga,8,Rytabaga
10,rutherford,9,Ryt9RfORd
8,rutilant,6,Rytil@
7,rutiler,6,Rytile
4,ruée,3,R8e
6,rythme,4,Ritm
7,rythmer,5,Ritme
9,rythmique,6,Ritmik
13,rythmiquement,9,Ritmik°m@
6,rythmé,5,Ritme
5,râble,4,Rabl
5,râblé,5,Rable
6,râlant,4,Ral@
4,râle,3,Ral
8,râlement,6,Ral°m@
5,râler,4,Rale
6,râleur,5,Ral9R
6,râleux,5,Ral2z
4,râpe,3,Rap
5,râper,4,Rape
6,râpeux,4,Rap2
4,râpé,4,Rape
6,râteau,4,Rato
7,râteler,6,Rat°le
8,râtelier,7,Rat°lje
5,règle,4,REgl
9,règlement,7,REgl°m@
5,règne,3,REN
2,ré,2,Re
3,réa,3,Rea
12,réabonnement,9,ReabOn°m@
9,réabonner,7,ReabOne
12,réabsorption,11,ReapsORpsj§
4,réac,4,Reak
12,réaccoutumer,9,Reakutyme
11,réacheminer,9,ReaS2mine
8,réactant,6,Reakt@
8,réacteur,7,Reakt9R
7,réactif,7,Reaktif
8,réaction,7,Reaksj§
13,réactionnaire,10,ReaksjonER
11,réactionnel,10,ReaksjonEl
12,réactivation,11,Reaktivasj§
9,réactiver,8,Reaktive
10,réactivité,10,Reaktivite
15,réactualisation,14,Reakt8alizasj§
12,réactualiser,11,Reakt8alize
12,réadaptation,11,Readaptasj§
9,réadapter,8,Readapte
11,réadmission,9,Readmisj§
9,réadopter,8,ReadOpte
13,réaffectation,11,ReafEktasj§
10,réaffecter,8,ReafEkte
13,réaffirmation,11,ReafiRmasj§
10,réaffirmer,8,ReafiRme
12,réagencement,9,ReaZ@s°m@
6,réagir,6,ReaZiR
12,réajustement,10,ReaZyst°m@
9,réajuster,8,ReaZyste
4,réal,4,Real
12,réalignement,9,RealiN°m@
9,réaligner,7,RealiNe
11,réalimenter,9,Realim@te
10,réalisable,9,Realizabl
11,réalisateur,10,Realizat9R
11,réalisation,10,Realizasj§
8,réaliser,7,Realize
8,réalisme,7,Realizm
8,réaliste,7,Realist
7,réalisé,7,Realize
7,réalité,7,Realite
9,réamorcer,8,ReamORse
10,réamorçage,9,ReamORsaZ
13,réaménagement,11,ReamenaZ°m@
10,réaménager,9,ReamenaZe
11,réanimateur,10,Reanimat9R
11,réanimation,10,Reanimasj§
8,réanimer,7,Reanime
12,réapercevoir,12,ReapERs2vwaR
12,réapparaître,9,ReapaREtR
12,réapparition,10,ReapaRisj§
9,réappeler,7,Reap°le
11,réapprendre,8,ReapR@dR
19,réapprovisionnement,15,ReapRovizjOn°m@
16,réapprovisionner,13,ReapRovizjone
10,réargenter,8,ReaRZ@te
10,réarmement,8,ReaRm°m@
7,réarmer,6,ReaRme
13,réarrangement,9,ReaR@Z°m@
10,réarranger,7,ReaR@Ze
11,réassembler,8,Reas@ble
13,réassignation,10,ReasiNasj§
10,réassigner,7,ReasiNe
10,réassortir,9,ReasORtiR
9,réassumer,7,Reasyme
9,réassurer,7,ReasyRe
10,réattaquer,7,Reatake
10,rébarbatif,10,RebaRbatif
7,rébecca,6,Rebeka
9,rébellion,7,Rebelj§
5,rébus,5,Rebys
12,récalcitrant,10,RekalsitR@
13,récapitulatif,13,Rekapitylatif
14,récapitulation,13,Rekapitylasj§
11,récapituler,10,Rekapityle
9,récemment,6,Resam@
6,récent,4,Res@
10,réceptacle,9,ResEptakl
9,récepteur,8,ResEpt9R
8,réceptif,8,ResEptif
9,réception,8,ResEpsj§
12,réceptionner,10,ResEpsjone
14,réceptionniste,12,ResEpsjonist
11,réceptivité,11,ResEptivite
8,récessif,7,Resesif
9,récession,7,Resesj§
9,réchapper,6,ReSape
8,réchappé,6,ReSape
7,réchaud,4,ReSo
11,réchauffage,7,ReSofaZ
13,réchauffement,7,ReSofm@
10,réchauffer,6,ReSofe
11,réchauffeur,7,ReSof9R
9,réchauffé,6,ReSofe
10,récidivant,8,Residiv@
8,récidive,7,Residiv
9,récidiver,8,Residive
11,récidiviste,10,Residivist
5,récif,5,Resif
13,récipiendaire,10,Resipj@dER
9,récipient,7,Resipj@
11,réciprocité,11,ResipRosite
10,réciproque,8,ResipROk
14,réciproquement,11,ResipROk°m@
5,récit,4,Resi
7,récital,7,Resital
8,récitant,6,Resit@
9,récitatif,9,Resitatif
10,récitation,9,Resitasj§
7,réciter,6,Resite
11,réclamation,10,Reklamasj§
7,réclame,6,Reklam
8,réclamer,7,Reklame
9,réclusion,8,Reklyzj§
8,récollet,6,RekolE
10,récoltable,9,RekOltabl
9,récoltant,7,RekOlt@
7,récolte,6,RekOlt
8,récolter,7,RekOlte
10,récompense,7,Rek§p@s
11,récompenser,8,Rek§p@se
14,réconciliateur,12,Rek§siljat9R
14,réconciliation,12,Rek§siljasj§
11,réconcilier,9,Rek§silje
9,réconfort,7,Rek§fOR
12,réconfortant,9,Rek§fORt@
11,réconforter,9,Rek§fORte
5,récri,5,RekRi
7,récrier,6,RekRie
13,récrimination,12,RekRiminasj§
10,récriminer,9,RekRimine
7,récrire,6,RekRiR
5,récré,5,RekRe
9,récréatif,9,RekReatif
10,récréation,9,RekReasj§
7,récréer,6,RekRee
5,récup,5,Rekyp
11,récupérable,10,RekypeRabl
12,récupérateur,11,RekypeRat9R
12,récupération,11,RekypeRasj§
9,récupérer,8,RekypeRe
8,récurage,7,RekyRaZ
7,récurer,6,RekyRe
10,récurrence,7,RekyR@s
9,récurrent,6,RekyR@
8,récursif,8,RekyRsif
9,récusable,8,Rekyzabl
10,récusation,9,Rekyzasj§
7,récuser,6,Rekyze
9,récépissé,8,Resepise
9,rédacteur,8,Redakt9R
9,rédaction,8,Redaksj§
12,rédactionnel,11,RedaksjOnEl
10,rédempteur,8,Red@pt9R
10,rédemption,8,Red@psj§
13,rédemptoriste,11,Red@ptORist
11,rédhibition,9,Redibisj§
12,rédhibitoire,10,RedibitwaR
7,rédiger,6,RediZe
9,réducteur,8,Redykt9R
9,réduction,8,Redyksj§
14,réductionnisme,12,RedyksjOnism
14,réductionniste,12,Redyksjonist
7,réduire,6,Red8iR
6,réduit,5,Red8i
13,réduplication,12,Redyplikasj§
4,réel,4,ReEl
10,réellement,7,ReEl°m@
10,réemballer,7,Re@bale
14,réembarquement,10,Re@baRk°m@
11,réembarquer,8,Re@baRke
11,réembaucher,7,Re@boSe
8,réemploi,7,Re@plwa
10,réemployer,9,Re@plwaje
11,réemprunter,8,Re@pR1te
10,réencadrer,8,Re@kadRe
10,réendosser,7,Re@dose
12,réengagement,9,Re@gaZ°m@
9,réengager,7,Re@gaZe
13,réenregistrer,11,Re@R°ZistRe
10,réentendre,7,Re@t@dR
10,réenterrer,7,Re@teRe
11,réentraîner,8,Re@tREne
9,réenvahir,7,Re@vaiR
11,réenvisager,9,Re@vizaZe
9,réessayer,7,Reeseje
8,réexamen,8,ReEgzam5
10,réexaminer,10,ReEgzamine
10,réexpédier,10,ReEkspedje
12,réexpédition,12,ReEkspedisj§
3,réf,3,Ref
9,réfection,8,RefEksj§
10,réfectoire,9,RefEktwaR
10,réflecteur,9,ReflEkt9R
7,réflexe,7,ReflEks
8,réflexif,9,ReflEksif
9,réflexion,9,ReflEksj§
12,réflexologie,12,ReflEksoloZi
8,réfléchi,7,RefleSi
9,réfléchir,8,RefleSiR
13,réfléchissant,9,RefleSis@
11,réformateur,10,RefORmat9R
11,réformation,10,RefORmasj§
7,réforme,6,RefORm
8,réformer,7,RefORme
10,réformisme,9,RefORmism
10,réformiste,9,RefORmist
7,réformé,7,RefORme
11,réfractaire,9,RefRaktER
10,réfraction,9,RefRaksj§
15,réfractionniste,13,RefRaksjOnist
11,réfrigérant,9,RefRiZeR@
13,réfrigérateur,12,RefRiZeRat9R
13,réfrigération,12,RefRiZeRasj§
10,réfrigérer,9,RefRiZeRe
9,réfrigéré,9,RefRiZeRe
8,réfréner,7,RefRene
8,réfugier,7,RefyZje
7,réfugié,7,RefyZje
9,réfutable,8,Refytabl
10,réfutation,9,Refytasj§
7,réfuter,6,Refyte
9,référence,7,RefeR@s
13,référencement,10,RefeR@s°m@
10,référencer,8,RefeR@se
12,référendaire,9,RefeR@dER
10,référendum,9,RefeR5dOm
8,référent,6,RefeR@
7,référer,6,RefeRe
6,référé,6,RefeRe
5,régal,5,Regal
8,régalade,7,Regalad
6,régale,5,Regal
7,régaler,6,Regale
8,régaleur,7,Regal9R
8,régalien,7,Regalj5
6,régate,5,Regat
7,régence,5,ReZ@s
6,régent,4,ReZ@
8,régenter,6,ReZ@te
8,régicide,7,ReZisid
5,régie,4,ReZi
6,régime,5,ReZim
8,régiment,6,ReZim@
12,régimentaire,9,ReZim@tER
6,région,5,ReZj§
8,régional,8,ReZjonal
12,régionaliser,11,ReZjonalize
12,régionalisme,11,ReZjonalizm
12,régionaliste,11,ReZjonalist
5,régir,5,ReZiR
9,régisseur,7,ReZis9R
8,réglable,7,Reglabl
7,réglage,6,ReglaZ
13,réglementaire,10,Regl°m@tER
17,réglementairement,13,Regl°m@tER°m@
14,réglementation,12,Regl°m@tasj§
11,réglementer,9,Regl°m@te
6,régler,5,Regle
8,réglette,6,ReglEt
7,régleur,6,Regl9R
8,réglisse,6,Reglis
5,réglo,5,Reglo
7,réglure,6,ReglyR
5,réglé,5,Regle
7,régnant,4,ReN@
6,régner,4,ReNe
9,régresser,7,RegRese
9,régressif,8,RegResif
10,régression,8,RegResj§
5,régul,5,Regyl
14,régularisation,13,RegylaRizasj§
11,régulariser,10,RegylaRize
10,régularité,10,RegylaRite
10,régulateur,9,Regylat9R
10,régulation,9,Regylasj§
6,régule,5,Regyl
7,réguler,6,Regyle
8,régulier,7,Regylje
13,régulièrement,11,RegyljER°m@
13,régurgitation,12,RegyRZitasj§
10,régurgiter,9,RegyRZite
12,régénérateur,11,ReZeneRat9R
12,régénération,11,ReZeneRasj§
9,régénérer,8,ReZeneRe
14,régénérescence,11,ReZeneREs@s
8,régénéré,8,ReZeneRe
14,réhabilitation,12,Reabilitasj§
11,réhabiliter,9,Reabilite
10,réhabilité,9,Reabilite
10,réhabituer,8,Reabit8e
13,réhydratation,11,ReidRatasj§
10,réhydrater,8,ReidRate
14,réimplantation,11,Re5pl@tasj§
11,réimplanter,8,Re5pl@te
12,réimpression,9,Re5pREsj§
10,réimprimer,8,Re5pRime
12,réincarcérer,10,Re5kaRseRe
13,réincarnation,11,Re5kaRnasj§
10,réincarner,8,Re5kaRne
10,réinfecter,8,Re5fEkte
16,réinitialisation,15,Reinisjalizasj§
13,réinitialiser,12,Reinisjalize
10,réinjecter,8,Re5ZEkte
11,réinjection,9,Re5ZEksj§
10,réinscrire,8,Re5skRiR
11,réinsertion,9,Re5sERsj§
14,réinstallation,11,Re5stalasj§
11,réinstaller,8,Re5stale
11,réinstaurer,8,Re5stORe
9,réinsérer,7,Re5seRe
16,réinterprétation,14,Re5tERpRetasj§
13,réinterpréter,11,Re5tERpRete
12,réinterroger,9,Re5tERoZe
12,réintroduire,10,Re5tRod8iR
13,réintégration,11,Re5tegRasj§
10,réintégrer,8,Re5tegRe
10,réinventer,7,Re5v@te
11,réinvention,8,Re5v@sj§
10,réinvestir,9,Re5vEstiR
16,réinvestissement,12,Re5vEstis°m@
9,réinviter,7,Re5vite
11,réitération,10,ReiteRasj§
8,réitérer,7,ReiteRe
6,réjoui,5,ReZwi
7,réjouir,6,ReZwiR
12,réjouissance,8,ReZwis@s
11,réjouissant,7,ReZwis@
9,rémanence,7,Reman@s
8,rémanent,6,Reman@
12,réminiscence,9,Reminis@s
9,rémission,7,Remisj§
5,rémiz,5,Remiz
6,rémora,6,RemORa
9,rémoulade,7,Remulad
9,rémouleur,7,Remul9R
12,rémunérateur,11,RemyneRat9R
12,rémunération,11,RemyneRasj§
9,rémunérer,8,RemyneRe
5,rénal,5,Renal
6,rénine,5,Renin
10,rénovateur,9,Renovat9R
10,rénovation,9,Renovasj§
7,rénover,6,Renove
9,réoccuper,7,Reokype
8,réopérer,7,ReopeRe
10,réordonner,8,ReORdone
14,réorganisation,13,ReORganizasj§
11,réorganiser,10,ReORganize
13,réorientation,11,ReORj@tasj§
10,réorienter,8,ReORj@te
11,réouverture,9,ReuvERtyR
9,répandeur,7,Rep@d9R
8,répandre,6,Rep@dR
7,répandu,6,Rep@dy
9,réparable,8,RepaRabl
10,réparateur,9,RepaRat9R
10,réparation,9,RepaRasj§
7,réparer,6,RepaRe
7,réparti,7,RepaRti
8,répartie,7,RepaRti
8,répartir,8,RepaRtiR
11,répartiteur,10,RepaRtit9R
11,répartition,10,RepaRtisj§
12,répercussion,10,RepERkysj§
10,répercuter,9,RepERkyte
10,répertoire,9,RepERtwaR
11,répertorier,10,RepERtoRje
5,répit,4,Repi
11,réplication,10,Replikasj§
8,réplique,6,Replik
9,répliquer,7,Replike
9,répondant,6,Rep§d@
9,répondeur,7,Rep§d9R
8,répondre,6,Rep§dR
6,répons,4,Rep§
7,réponse,5,Rep§s
10,répresseur,8,RepRes9R
9,répressif,8,RepResif
10,répression,8,RepResj§
10,réprimande,8,RepRim@d
11,réprimander,9,RepRim@de
8,réprimer,7,RepRime
11,réprobateur,10,RepRobat9R
11,réprobation,10,RepRobasj§
9,réprouver,7,RepRuve
8,réprouvé,7,RepRuve
13,répréhensible,10,RepRe@sibl
11,républicain,9,Repyblik5
10,république,8,Repyblik
11,répudiation,10,Repydjasj§
8,répudier,7,Repydje
10,répugnance,7,RepyN@s
9,répugnant,6,RepyN@
8,répugner,6,RepyNe
8,répulsif,8,Repylsif
9,répulsion,8,Repylsj§
10,réputation,9,Repytasj§
7,réputer,6,Repyte
6,réputé,6,Repyte
7,répéter,6,Repete
10,répétiteur,9,Repetit9R
9,répétitif,9,Repetitif
10,répétition,9,Repetisj§
6,répété,6,Repete
11,réquisition,9,Rekizisj§
14,réquisitionner,11,Rekizisjone
12,réquisitoire,10,RekizitwaR
6,réseau,4,Rezo
9,résection,8,Reseksj§
12,réservataire,10,RezERvatER
11,réservation,10,RezERvasj§
7,réserve,6,RezERv
8,réserver,7,RezERve
10,réserviste,9,RezERvist
9,réservoir,9,RezERvwaR
7,réservé,7,RezERve
8,résidant,6,Rezid@
9,résidence,7,Rezid@s
8,résident,6,Rezid@
11,résidentiel,10,Rezid@sjEl
7,résider,6,Rezide
6,résidu,6,Rezidy
8,résiduel,8,Rezid8El
11,résignation,9,ReziNasj§
8,résigner,6,ReziNe
7,résigné,6,ReziNe
10,résiliable,9,Reziljabl
11,résiliation,10,Reziljasj§
10,résilience,8,Rezilj@s
8,résilier,7,Rezilje
7,résille,5,Rezij
6,résine,5,Rezin
8,résineux,6,Rezin2
6,résiné,6,Rezine
12,résipiscence,9,Resipis@s
10,résistance,8,Rezist@s
9,résistant,7,Rezist@
8,résister,7,Reziste
10,résistible,9,Rezistibl
6,résolu,6,Rezoly
9,résoluble,8,RezOlybl
10,résolument,8,Rezolym@
10,résolution,9,Rezolysj§
9,résonance,7,Rezon@s
10,résonateur,9,Rezonat9R
9,résonnant,6,Rezon@
8,résonner,6,Rezone
10,résorbable,9,RezORbabl
8,résorber,7,RezORbe
10,résorption,9,RezORpsj§
8,résoudre,6,RezudR
9,résultant,7,Rezylt@
10,résultante,8,Rezylt@t
8,résultat,7,Rezylta
8,résulter,7,Rezylte
7,résumer,6,Rezyme
6,résumé,6,Rezyme
10,résurgence,8,RezyRZ@s
12,résurrection,10,RezyREksj§
6,réséda,6,Rezeda
8,réséquer,6,Reseke
8,rétablir,8,RetabliR
14,rétablissement,11,Retablis°m@
7,rétamer,6,Retame
8,rétameur,7,Retam9R
9,rétention,7,Ret@sj§
9,réticence,7,Retis@s
8,réticent,6,Retis@
11,réticulaire,9,RetikylER
12,réticulation,11,Retikylasj§
8,réticule,7,Retikyl
9,réticulum,9,RetikylOm
8,réticulé,8,Retikyle
5,rétif,5,Retif
7,rétinal,7,Retinal
6,rétine,5,Retin
8,rétinien,7,Retinj5
8,rétinite,7,Retinit
12,rétinopathie,10,Retinopati
9,rétorquer,7,RetORke
9,rétorsion,8,RetORsj§
11,rétractable,10,RetRaktabl
12,rétractation,11,RetRaktasj§
9,rétracter,8,RetRakte
10,rétracteur,9,RetRakt9R
10,rétractile,9,RetRaktil
10,rétraction,9,RetRaksj§
9,rétribuer,8,RetRib8e
11,rétribution,10,RetRibysj§
8,rétribué,8,RetRib8e
5,rétro,5,RetRo
10,rétroactif,10,RetRoaktif
11,rétroaction,10,RetRoaksj§
15,rétroactivement,13,RetRoaktiv°m@
12,rétrocession,10,RetRosesj§
10,rétrocéder,9,RetRosede
10,rétrofusée,9,RetRofyze
14,rétrogradation,13,RetRogRadasj§
10,rétrograde,9,RetRogRad
11,rétrograder,10,RetRogRade
13,rétrogression,11,RetRogREsj§
15,rétroprojecteur,14,RetRopRoZEkt9R
15,rétropropulsion,14,RetRopRopylsj§
12,rétrospectif,12,RetRospEktif
13,rétrospection,12,RetROspEksj§
13,rétrospective,12,RetRospEktiv
17,rétrospectivement,15,RetRospEktiv°m@
12,rétroversion,11,RetRovERsj§
10,rétrovirus,10,RetRoviRys
11,rétroviseur,10,RetRoviz9R
7,rétréci,7,RetResi
8,rétrécir,8,RetResiR
14,rétrécissement,11,RetResis°m@
13,réunification,12,Reynifikasj§
9,réunifier,8,Reynifje
7,réunion,6,Reynj§
11,réunionnais,8,ReynjonE
11,réunionnite,9,Reynjonit
6,réunir,6,ReyniR
6,réussi,5,Reysi
7,réussir,6,ReysiR
8,réussite,6,Reysit
13,réutilisation,11,Reytilizaj§
10,réutiliser,9,Reytilize
6,réveil,5,RevEj
14,réveille-matin,9,RevEjmat5
9,réveiller,6,Reveje
9,réveillon,6,RevEj§
12,réveillonner,8,RevEjone
9,réverbère,8,RevERbER
11,réverbérant,9,RevERbeR@
13,réverbération,12,RevERbeRasj§
10,réverbérer,9,RevERbeRe
13,réversibilité,13,RevERsibilite
10,réversible,9,RevERsibl
9,réversion,8,RevERsj§
7,réviser,6,Revize
8,réviseur,7,Reviz9R
8,révision,7,Revizj§
13,révisionnisme,11,Revizjonizm
13,révisionniste,11,Revizjonist
6,réviso,6,Revizo
9,révocable,8,Revokabl
10,révocation,9,Revokasj§
9,révoltant,7,RevOlt@
7,révolte,6,RevOlt
8,révolter,7,RevOlte
7,révolté,7,RevOlte
6,révolu,6,Revoly
10,révolution,9,Revolysj§
15,révolutionnaire,12,RevolysjonER
19,révolutionnairement,15,RevOlysjOnER°m@
13,révolutionner,11,Revolysjone
8,révoquer,6,Revoke
8,révulser,7,Revylse
8,révulsif,8,Revylsif
9,révulsion,8,Revylsj§
7,révulsé,7,Revylse
10,révélateur,9,Revelat9R
10,révélation,9,Revelasj§
7,révéler,6,Revele
6,révélé,6,Revele
9,révérence,7,ReveR@s
11,révérenciel,10,ReveR@sjEl
17,révérencieusement,13,ReveR@sj2z°m@
12,révérencieux,9,ReveR@sj2
8,révérend,6,ReveR@
14,révérendissime,11,ReveR@disim
7,révérer,6,ReveRe
15,rééchelonnement,11,ReeS°lOn°m@
9,réécouter,7,Reekute
8,réécrire,7,ReekRiR
10,réécriture,9,ReekRityR
9,réédifier,8,Reedifje
8,rééditer,7,Reedite
9,réédition,8,Reedisj§
11,rééducateur,10,Reedykat9R
11,rééducation,10,Reedykasj§
9,rééduquer,7,Reedyke
10,réélection,9,ReelEksj§
10,rééligible,9,ReeliZibl
7,réélire,6,ReeliR
5,réélu,5,Reely
6,réélus,5,Reely
13,rééquilibrage,11,ReekilibRaZ
12,rééquilibrer,10,ReekilibRe
9,rééquiper,7,Reekipe
9,réétudier,8,Reetydje
12,réévaluation,11,Reeval8asj§
9,réévaluer,8,Reeval8e
5,rêche,3,RES
4,rêne,3,REn
9,rêvassant,6,REvas@
8,rêvasser,6,REvase
10,rêvasserie,8,REvas°Ri
4,rêve,3,REv
5,rêver,4,Reve
7,rêverie,6,REv°Ri
6,rêveur,5,REv9R
11,rêveusement,8,REv2z°m@
4,rêvé,4,Reve
9,rôdailler,6,Rodaje
5,rôder,4,Rode
6,rôdeur,5,Rod9R
4,rôle,3,Rol
10,rôle-titre,7,RoltitR
6,rônier,5,Ronje
5,rônin,4,Ron5
3,rôt,2,Ro
4,rôti,4,Roti
5,rôtie,4,Roti
5,rôtir,5,RotiR
10,rôtisserie,8,Rotis°Ri
9,rôtisseur,7,Rotis9R
10,rôtissoire,8,RotiswaR
1,s,2,Es
2,s',1,s
2,sa,2,sa
7,sabayon,6,sabaj§
6,sabbat,4,saba
10,sabbatique,7,sabatik
5,sabin,4,sab5
5,sabir,5,sabiR
5,sable,4,sabl
6,sabler,5,sable
7,sableux,5,sabl2
7,sablier,7,sablije
8,sablière,8,sablijER
10,sablonneux,7,sablon2
5,sablé,5,sable
6,sabord,5,sabOR
9,sabordage,8,sabORdaZ
8,saborder,7,sabORde
5,sabot,4,sabo
8,sabotage,7,sabotaZ
7,saboter,6,sabote
9,saboterie,8,sabOt°Ri
8,saboteur,7,sabot9R
8,sabotier,7,sabotje
8,sabouler,6,sabule
5,sabra,5,sabRa
5,sabre,4,sabR
6,sabrer,5,sabRe
10,sabretache,8,sabR°taS
7,sabreur,6,sabR9R
6,sabéen,5,sabe5
8,sabéenne,6,sabeEn
3,sac,3,sak
12,sac-poubelle,8,sakpubEl
7,saccade,5,sakad
8,saccader,6,sakade
7,saccadé,6,sakade
7,saccage,5,sakaZ
8,saccager,6,sakaZe
8,saccagne,5,sakaN
10,saccharine,7,sakaRin
13,saccharomyces,11,sakaRomisEs
10,saccharose,7,sakaRoz
9,sacculine,7,sakylin
9,sacerdoce,8,sasERdOs
10,sacerdotal,10,sasERdotal
6,sachem,5,saSEm
6,sachet,4,saSE
7,sacoche,5,sakOS
7,sacquer,4,sake
13,sacralisation,12,sakRalizasj§
11,sacramentel,10,sakRam@tEl
5,sacre,4,sakR
9,sacrebleu,8,sakR°bl2
9,sacredieu,8,sakR°dj2
9,sacrement,7,sakR°m@
6,sacrer,5,sakRe
6,sacret,5,sakRE
13,sacrificateur,12,sakRifikat9R
9,sacrifice,8,sakRifis
11,sacrificiel,11,sakRifisjEl
9,sacrifier,8,sakRifje
8,sacrifié,8,sakRifje
9,sacrilège,8,sakRilEZ
9,sacripant,7,sakRip@
10,sacristain,8,sakRist5
9,sacristie,8,sakRisti
10,sacristine,9,sakRistin
5,sacro,5,sakRo
13,sacro-iliaque,10,sakRoiljak
11,sacro-saint,7,sakRos5
6,sacrum,6,sakROm
5,sacré,5,sakRe
11,sacré-coeur,8,sakRek9R
8,sacrédié,8,sakRedje
9,sacrément,7,sakRem@
9,sadducéen,7,sadyse5
7,sadique,5,sadik
11,sadiquement,8,sadik°m@
7,sadisme,6,sadizm
4,sado,4,sado
14,sadomasochisme,12,sadomazoSizm
14,sadomasochiste,12,sadomazoSist
8,saducéen,7,sadyse5
6,safari,6,safaRi
12,safari-photo,10,safaRifoto
6,safran,5,safR@
7,safrané,7,safRane
4,saga,4,saga
6,sagace,5,sagas
8,sagacité,8,sagasite
6,sagaie,4,sagE
6,sagard,5,sagaR
4,sage,3,saZ
10,sage-femme,6,saZfam
8,sagement,6,saZ°m@
7,sagesse,5,saZEs
10,sagittaire,7,saZitER
8,sagittal,7,saZital
7,sagouin,5,sagw5
9,sagoutier,7,sagutje
5,sagum,5,sagOm
8,saharien,6,saaRj5
5,sahib,4,saib
4,saie,2,sE
8,saignant,4,sEN@
10,saignement,6,sEN°m@
7,saigner,4,seNe
8,saigneur,5,sEN9R
7,saignée,4,seNe
8,saillant,4,saj@
7,saillie,4,saji
7,saillir,5,sajiR
4,sain,2,s5
8,saindoux,4,s5du
9,sainement,6,sEn°m@
8,sainfoin,5,s5fw5
5,saint,2,s5
13,saint-bernard,8,s5bERnaR
12,saint-crépin,7,s5kRep5
12,saint-cyrien,7,s5siRj5
12,saint-esprit,8,s5tEspRi
14,saint-frusquin,8,s5fRysk5
13,saint-germain,7,s5ZERm5
14,saint-glinglin,8,s5gl5gl5
9,saint-guy,4,s5gi
12,saint-honoré,8,s5tonoRe
12,saint-hubert,7,s5tybER
12,saint-michel,7,s5miSEl
14,saint-nectaire,8,s5nEktER
12,saint-paulin,6,s5pol5
12,saint-pierre,6,s5pjER
10,saint-père,5,s5pER
11,saint-siège,6,s5sjEZ
12,saint-synode,7,s5sinOd
13,saint-émilion,9,s5temilj§
15,sainte nitouche,8,s5tnituS
15,sainte-nitouche,8,s5tnituS
10,saintement,6,s5t°m@
8,sainteté,5,s5tte
4,sais,2,sE
5,saisi,4,sezi
6,saisie,4,sezi
12,saisie-arrêt,7,seziaRE
6,saisir,5,seziR
11,saisissable,8,sezisabl
10,saisissant,6,sezis@
12,saisissement,8,sezis°m@
6,saison,4,sEz§
10,saisonnier,7,sEzonje
4,saki,4,saki
4,saké,4,sake
6,salace,5,salas
8,salacité,8,salasite
6,salade,5,salad
7,salader,6,salade
8,saladier,7,saladje
7,salaire,5,salER
8,salaison,6,salEz§
5,salam,5,salam
9,salamalec,9,salamalEk
10,salamandre,8,salam@dR
6,salami,6,salami
8,salanque,5,sal@k
6,salant,4,sal@
8,salariat,7,salaRja
8,salarier,7,salaRje
7,salarié,7,salaRje
5,salat,4,sala
6,salaud,4,salo
11,salazariste,10,salazaRist
4,sale,3,sal
8,salement,6,sal°m@
5,saler,4,sale
6,saleté,6,sal°te
6,saleur,5,sal9R
8,salicine,7,salisin
8,salicole,7,salikOl
9,salicorne,8,salikORn
8,saligaud,6,saligo
5,salin,4,sal5
6,saline,5,salin
8,salingue,5,sal5g
8,salinité,8,salinite
7,salique,5,salik
5,salir,5,saliR
9,salissant,6,salis@
9,salisseur,7,salis9R
9,salissure,7,salisyR
9,salivaire,7,salivER
8,salivant,6,saliv@
10,salivation,9,salivasj§
6,salive,5,saliv
7,saliver,6,salive
8,saliveur,7,saliv9R
7,salière,6,saljER
5,salle,3,sal
11,salmigondis,9,salmig§di
6,salmis,5,salmi
10,salmonelle,8,salmonEl
12,salmonellose,10,salmonEloz
9,salmonidé,9,salmOnide
6,saloir,6,salwaR
5,salon,4,sal§
9,salonnard,7,salonaR
6,saloon,5,salun
5,salop,4,salo
8,salopard,7,salopaR
6,salope,5,salOp
7,saloper,6,salope
9,saloperie,8,salOp°Ri
9,salopette,7,salopEt
9,salopiaud,7,salopjo
8,salopiot,7,salopjo
8,salpicon,7,salpik§
10,salpingite,8,salp5Zit
8,salpêtre,7,salpEtR
10,salpêtreux,8,salpEtR2
11,salpêtrière,11,salpEtRijER
5,salsa,5,salsa
13,salsepareille,10,sals°paREj
8,salsifis,7,salsifi
12,saltimbanque,8,salt5b@k
5,salto,5,salto
7,salubre,6,salybR
9,salubrité,9,salybRite
6,saluer,5,sal8e
7,salueur,6,sal89R
5,salut,4,saly
9,salutaire,7,salytER
13,salutairement,10,salytER°m@
10,salutation,9,salytasj§
9,salutiste,8,salytist
11,salvadorien,10,salvadoRj5
13,salvadorienne,11,salvadoRjEn
9,salvateur,8,salvat9R
9,salvation,8,salvasj§
5,salve,4,salv
10,salvifique,8,salvifik
4,salé,4,sale
10,samaritain,8,samaRit5
11,samaritaine,9,samaRitEn
5,samba,4,s@ba
9,sambenito,8,s@benito
5,sambo,5,sambo
6,samedi,6,sam°di
5,sammy,4,sami
6,samoan,5,samo@
8,samouraï,7,samuRaj
7,samovar,7,samovaR
8,samoyède,7,samojEd
6,sampan,4,s@p@
7,sampang,5,s@p@G
6,sample,4,s@pl
7,sampler,5,s@ple
7,samurai,7,samuRaj
13,san francisco,10,s@fR@sisko
4,sana,4,sana
10,sanatorium,10,sanatoRjOm
8,sancerre,5,s@sER
14,sanctification,12,s@ktifikasj§
10,sanctifier,8,s@ktifje
8,sanction,6,s@ksj§
11,sanctionner,8,s@ksjone
10,sanctuaire,7,s@kt8ER
7,sanctus,6,s@ktys
9,sandalier,7,s@dalje
10,sanderling,8,s@dERliG
10,sandiniste,8,s@dinist
7,sandjak,6,s@djak
6,sandow,4,s@do
6,sandre,4,s@dR
8,sandwich,7,s@dwitS
4,sang,2,s@
10,sang-froid,6,s@fRwa
8,sanglant,5,s@gl@
6,sangle,4,s@gl
7,sangler,5,s@gle
8,sanglier,7,s@glije
7,sanglot,5,s@glo
10,sanglotant,7,s@glot@
9,sangloter,7,s@glote
7,sangria,7,s@gRija
7,sangsue,4,s@sy
7,sanguin,4,s@g5
11,sanguinaire,7,s@ginER
8,sanguine,5,s@gin
12,sanguinolent,8,s@ginol@
9,sanhédrin,7,sanedR5
5,sanie,4,sani
7,sanieux,5,sanj2
9,sanitaire,7,sanitER
4,sans,2,s@
10,sans-coeur,5,s@k9R
12,sans-culotte,7,s@kylOt
10,sans-faute,5,s@fot
10,sans-façon,6,s@fas§
8,sans-fil,5,s@fil
12,sans-filiste,8,s@filist
10,sans-grade,6,s@gRad
11,sans-pareil,7,s@paREj
8,sanscrit,6,s@skRi
8,sanskrit,6,s@skRi
9,sansonnet,6,s@sonE
6,santal,5,s@tal
7,santiag,6,s@tjag
8,santoche,5,s@tOS
6,santon,4,s@t§
5,santé,4,s@te
8,saoudien,6,saudj5
10,saoudienne,7,saudjEn
8,saoudite,6,saudit
5,saoul,2,su
8,saoulard,5,sulaR
7,saouler,4,sule
9,saoulerie,6,sul°Ri
7,sapajou,6,sapaZu
4,sape,3,sap
8,sapement,6,sap°m@
5,saper,4,sape
14,saperlipopette,12,sapERlipopEt
10,saperlotte,8,sapERlOt
6,sapeur,5,sap9R
14,sapeur-pompier,10,sap9Rp§pje
6,saphir,5,safiR
8,saphisme,6,safizm
7,saphène,5,safEn
6,sapide,5,sapid
8,sapidité,8,sapidite
8,sapience,6,sapj@s
7,sapiens,5,sapj5
5,sapin,4,sap5
9,sapinette,7,sapinEt
9,sapinière,8,sapinjER
14,saponification,13,saponifikasj§
8,saponite,7,saponit
9,sapotille,7,sapOtij
11,sapotillier,8,sapotije
8,sapristi,8,sapRisti
6,saquer,4,sake
3,sar,3,saR
4,sara,4,saRa
9,sarabande,7,saRab@d
9,sarbacane,8,saRbakan
8,sarcasme,7,saRkasm
11,sarcastique,9,saRkastik
15,sarcastiquement,12,saRkastik°m@
8,sarcelle,6,saRsEl
7,sarcine,6,saRsin
8,sarclage,7,saRklaZ
7,sarcler,6,saRkle
9,sarclette,7,saRklEt
8,sarcloir,8,saRklwaR
7,sarcome,6,saRkom
10,sarcophage,8,saRkofaZ
10,sarcoïdose,9,saRkOidoz
5,sarde,4,saRd
7,sardine,6,saRdin
8,sardoine,7,saRdwan
10,sardonique,8,saRdonik
14,sardoniquement,11,saRdonik°m@
8,sargasse,6,saRgas
4,sari,4,saRi
7,sarigue,5,saRig
5,sarin,4,saR5
7,sarment,5,saRm@
6,sarong,5,saR§g
7,saroual,6,saRwal
7,sarouel,6,saRwEl
10,sarracénie,8,saRaseni
8,sarrasin,6,saRaz5
6,sarrau,4,saRo
7,sarreau,4,saRo
9,sarriette,6,saRjEt
7,sarrois,5,saRwa
13,sarrussophone,9,saRysofOn
3,sas,2,sa
7,sashimi,6,saSimi
9,sassafras,7,sasafRa
9,sassanide,7,sasanid
7,sasseur,5,sas9R
5,satan,4,sat@
7,sataner,6,satane
9,satanique,7,satanik
9,sataniser,8,satanize
9,satanisme,8,satanizm
9,sataniste,8,satanist
6,satané,6,satane
10,satelliser,8,satElize
12,satellitaire,9,satElitER
9,satellite,7,satelit
4,sati,4,sati
9,satiation,8,sasjasj§
5,satin,4,sat5
9,satinette,7,satinEt
6,satiné,6,satine
6,satire,5,satiR
9,satirique,7,satiRik
9,satiriste,8,satiRist
12,satisfaction,11,satisfaksj§
10,satisfaire,8,satisfER
12,satisfaisant,9,satisf°z@
9,satisfait,7,satisfE
10,satisfecit,10,satisfesit
7,satiété,7,sasjete
8,satonner,6,satone
7,satrape,6,satRap
8,satrapie,7,satRapi
10,saturation,9,satyRasj§
7,saturer,6,satyRe
10,saturnales,8,satyRnal
9,saturnien,8,satyRnj5
10,saturnisme,9,satyRnizm
6,saturé,6,satyRe
6,satyre,5,satiR
9,satyrique,7,satiRik
5,sauce,3,sos
6,saucer,4,sose
7,saucier,5,sosje
10,sauciflard,8,sosiflaR
8,saucisse,5,sosis
9,saucisson,6,sosis§
13,saucissonnage,9,sosisonaZ
12,saucissonner,8,sosisone
8,saucière,6,sosjER
6,saucée,4,sose
4,sauf,3,sof
12,sauf-conduit,8,sofk§d8i
5,sauge,3,soZ
8,saugrenu,7,sogR°ny
7,saulaie,4,solE
5,saule,3,sol
8,saulnier,5,sonje
6,saumon,4,som§
9,saumoneau,6,somono
10,saumonette,7,somonEt
7,saumoné,6,somone
9,saumurage,7,somyRaZ
7,saumure,5,somyR
8,saumurer,6,somyRe
8,saumâtre,6,somatR
5,sauna,4,sona
7,saunier,5,sonje
11,saupoudrage,8,sopudRaZ
10,saupoudrer,7,sopudRe
11,saupoudreur,8,sopudR9R
4,saur,3,soR
5,saura,4,soRa
6,saurer,4,soRe
6,sauret,4,soRE
7,saurien,5,soRj5
6,saurin,4,soR5
4,saut,2,so
11,saut-de-lit,6,sod°li
7,sautant,4,sot@
5,saute,3,sot
12,saute-mouton,7,sotmut§
14,saute-ruisseau,8,sotR8iso
8,sautelle,5,sotEl
6,sauter,4,sote
10,sauterelle,7,sot°REl
11,sauterelles,7,sot°REl
8,sauterie,6,sot°Ri
9,sauternes,6,sotERn
7,sauteur,5,sot9R
10,sautillant,6,sotij@
12,sautillement,8,sotij°m@
9,sautiller,6,sotije
7,sautoir,6,sotwaR
6,sauton,4,sot§
5,sauté,4,sote
7,sauvage,5,sovaZ
11,sauvagement,8,sovaZ°m@
9,sauvageon,6,sovaZ§
10,sauvagerie,8,sovaZ°Ri
10,sauvagesse,7,sovaZEs
8,sauvagin,6,sovaZ5
5,sauve,3,sov
14,sauve-qui-peut,7,sovkip2
10,sauvegarde,8,sov°gaRd
11,sauvegarder,9,sov°gaRde
6,sauver,4,sove
9,sauvetage,7,sov°taZ
9,sauveteur,7,sov°t9R
7,sauveté,6,sov°te
7,sauveur,5,sov9R
9,sauvignon,6,soviN§
9,savamment,6,savam@
6,savane,5,savan
6,savant,4,sav@
7,savarin,6,savaR5
6,savate,5,savat
7,savater,6,savate
8,savetier,7,sav°tje
6,saveur,5,sav9R
6,savoir,6,savwaR
12,savoir-faire,9,savwaRfER
12,savoir-vivre,10,savwaRvivR
5,savon,4,sav§
9,savonnage,7,savonaZ
8,savonner,6,savone
10,savonnette,7,savonEt
9,savonneux,6,savon2
9,savonnier,7,savonje
8,savonnée,6,savone
8,savourer,6,savuRe
14,savoureusement,10,savuR2z°m@
9,savoureux,6,savuR2
8,savoyard,8,savwajaR
3,sax,4,saks
7,saxhorn,7,saksORn
9,saxifrage,9,saksifRaZ
4,saxo,5,sakso
5,saxon,5,saks§
9,saxophone,8,saksofOn
12,saxophoniste,11,saksofonist
7,saynète,5,sEnEt
5,sayon,4,sEj§
3,saï,3,sai
5,sbire,4,sbiR
8,scabreux,6,skabR2
10,scaferlati,10,skafERlati
8,scalaire,6,skalER
5,scalp,5,skalp
7,scalpel,7,skalpEl
7,scalper,6,skalpe
8,scalpeur,7,skalp9R
7,scalène,6,skalEn
6,scampi,5,sk@pi
8,scandale,6,sk@dal
15,scandaleusement,11,sk@dal2z°m@
10,scandaleux,7,sk@dal2
11,scandaliser,9,sk@dalize
10,scandalisé,9,sk@dalize
7,scander,5,sk@de
10,scandinave,8,sk@dinav
8,scannage,6,skanaZ
7,scanner,6,skanER
7,scanner,5,skane
8,scanneur,6,skan9R
8,scanning,6,skaniG
12,scanographie,10,skanogRafi
8,scansion,6,sk@sj§
10,scaphandre,7,skaf@dR
12,scaphandrier,10,skaf@dRije
9,scaphoïde,7,skafOid
6,scapin,5,skap5
10,scapulaire,8,skapylER
8,scarabée,7,skaRabe
5,scare,4,skaR
13,scarification,12,skaRifikasj§
10,scarlatine,9,skaRlatin
7,scarole,6,skaROl
4,scat,4,skat
5,scato,5,skato
10,scatologie,9,skatoloZi
12,scatologique,10,skatoloZik
10,scatologue,8,skatOlOg
7,scatter,5,skate
5,sceau,2,so
8,scellage,5,sElaZ
10,scellement,6,sEl°m@
7,sceller,4,sele
6,scellé,4,sele
8,scenarii,6,s°naRi
14,scenic railway,10,snikRajwEj
11,scepticisme,9,sEptisizm
9,sceptique,6,sEptik
7,sceptre,5,sEptR
5,schah,2,Sa
6,schako,4,Sako
11,schampooing,5,S@pw5
6,schbeb,4,Sb°b
6,scheik,3,SEk
9,schilling,5,SiliG
12,schismatique,8,Sismatik
7,schisme,4,Sizm
7,schiste,4,Sist
12,schizophasie,9,skizofazi
12,schizophrène,9,skizofREn
13,schizophrénie,10,skizofReni
15,schizophrénique,11,skizofRenik
9,schizoïde,7,skizoid
8,schlague,4,Slag
7,schlass,4,Slas
6,schlem,4,SlEm
6,schleu,3,Sl2
10,schlinguer,5,Sl5ge
8,schlitte,4,Slit
7,schnaps,5,Snaps
9,schnauzer,7,Snawz9R
7,schnick,4,Snik
9,schnitzel,7,SnitzEl
7,schnock,4,SnOk
8,schnoque,4,SnOk
7,schnouf,4,Snuf
8,schnouff,4,Snuf
8,schooner,6,skun9R
7,schpile,4,Spil
8,schproum,5,spRum
9,schtroumf,6,StRumf
10,schtroumpf,6,StRumf
6,schupo,4,Sypo
6,schuss,3,Sus
6,schème,3,SEm
6,schéma,4,Sema
11,schématique,7,Sematik
15,schématiquement,10,Sematik°m@
11,schématiser,8,Sematize
11,schématisme,8,Sematizm
6,sciage,4,sjaZ
11,scialytique,8,sjalitik
6,sciant,3,sj@
9,sciatique,6,sjatik
4,scie,2,si
9,sciemment,5,sjam@
7,science,4,sj@s
15,science-fiction,10,sj@sfiksj§
13,scientificité,11,sj@tifisite
12,scientifique,8,sj@tifik
16,scientifiquement,11,sj@tifik°m@
10,scientisme,7,sj@tism
10,scientiste,7,sj@tist
12,scientologie,9,sj@toloZi
12,scientologue,8,sj@tolOg
5,scier,3,sje
7,scierie,4,siRi
6,scieur,4,sj9R
7,scinder,4,s5de
13,scintigraphie,9,s5tigRafi
11,scintillant,6,s5tij@
13,scintillation,9,s5tijasj§
13,scintillement,8,s5tij°m@
10,scintiller,6,s5tije
5,scion,3,sj§
6,scirpe,4,siRp
8,scission,5,sisj§
13,scissionniste,9,sisjonist
12,scissiparité,10,sisipaRite
6,sciure,4,sjyR
6,sciène,4,sjEn
8,scléreux,6,skleR2
12,sclérodermie,11,skleRodERmi
8,sclérose,7,skleRoz
8,sclérosé,8,skleRoze
11,sclérotique,9,skleRotik
8,scolaire,6,skolER
12,scolairement,9,skolER°m@
13,scolarisation,12,skolaRizasj§
10,scolariser,9,skolaRize
9,scolarité,9,skolaRite
11,scolastique,9,skolastik
6,scolie,5,skoli
8,scoliose,7,skoljoz
11,scolopendre,9,skolop@dR
7,scolyte,6,skolit
5,scone,4,skon
6,sconse,4,sk§s
5,scoop,4,skup
7,scooter,6,skut9R
5,scope,4,skOp
6,scopie,5,skopi
11,scopolamine,10,skopolamin
7,scorbut,7,skORbyt
5,score,4,skOR
8,scorpion,7,skORpj§
6,scotch,5,skOtS
14,scotch-terrier,10,skOtStERje
8,scotcher,6,skOtSe
10,scotomiser,9,skotomize
8,scottish,6,skOtiS
9,scoubidou,7,skubidu
9,scoumoune,6,skumun
5,scout,4,skut
9,scoutisme,7,skutizm
8,scrabble,6,skRabl
7,scratch,6,skRatS
9,scratcher,7,skRatSe
10,scratching,8,skRatSiG
7,scriban,6,skRib@
6,scribe,5,skRib
13,scribouillard,9,skRibujaR
12,scribouiller,8,skRibuje
6,script,6,skRipt
11,script-girl,10,skRiptg9Rl
7,scripte,6,skRipt
9,scripteur,8,skRipt9R
11,scrofulaire,9,skROfylER
8,scrofule,7,skRofyl
10,scrofuleux,8,skRofyl2
12,scrogneugneu,8,skRoN2N2
7,scrotal,7,skROtal
7,scrotum,7,skRotOm
5,scrub,5,skROb
8,scrupule,7,skRypyl
15,scrupuleusement,12,skRypyl2z°m@
10,scrupuleux,8,skRypyl2
12,scrupulosité,12,skRypylozite
10,scrutateur,9,skRytat9R
10,scrutation,9,skRytasj§
7,scruter,6,skRyte
7,scrutin,6,skRyt5
8,sculpter,6,skylte
9,sculpteur,7,skylt9R
10,sculptural,9,skyltyRal
9,sculpture,7,skyltyR
7,sculpté,6,skylte
9,scutigère,8,skytiZER
6,scythe,3,sit
5,scène,3,sEn
9,scène-clé,6,sEnkle
8,scélérat,6,seleRa
12,scélératesse,9,seleRatEs
6,scénar,5,senaR
11,scénarimage,9,senaRimaZ
8,scénario,7,senaRjo
10,scénariste,8,senaRist
13,scénaristique,10,senaRistik
8,scénique,5,senik
11,scénographe,8,senogRaf
12,scénographie,9,senogRafi
14,scénographique,10,senogRafik
2,se,2,s°
10,seaborgium,9,sibORgjOm
4,seau,2,so
3,sec,3,sEk
5,secco,4,seko
9,seccotine,7,sekotin
6,second,4,s°g§
13,second-maître,9,s2g§dmEtR
10,secondaire,7,s°g§dER
14,secondairement,10,s°g§dER°m@
7,seconde,5,s°g§d
11,secondement,8,s°g§d°m@
8,seconder,6,s°g§de
7,secondo,6,s2g§do
10,secouement,6,s°kum@
7,secouer,5,s°kwe
8,secoueur,6,s°kw9R
10,secourable,8,s°kuRabl
8,secourir,7,s°kuRiR
10,secourisme,8,s°kuRizm
10,secouriste,8,s°kuRist
7,secours,5,s°kuR
8,secousse,5,s°kus
6,secret,5,s°kRE
7,secrète,6,s°kREt
11,secrètement,9,s°kREt°m@
10,secrétaire,8,s°kRetER
13,secrétairerie,11,s°kRetER°Ri
11,secrétariat,10,s°kRetaRja
8,secréter,7,s°kRete
8,sectaire,6,sektER
10,sectarisme,9,sektaRizm
9,sectateur,8,sektat9R
5,secte,4,sEkt
7,secteur,6,sekt9R
7,section,6,seksj§
13,sectionnement,10,seksjOn°m@
10,sectionner,8,seksjone
13,sectorisation,12,sEktORizasj§
7,secundo,6,s°g§do
5,sedan,4,s°d@
16,sedia gestatoria,15,s°djaZEstatoRja
10,seersucker,8,siRs9k9R
7,segment,5,sEgm@
11,segmentaire,8,sEgm@tER
10,seguedilla,8,s°g°dija
6,seiche,3,sES
6,seigle,4,sEgl
8,seigneur,5,sEN9R
11,seigneurial,8,sEN9Rjal
10,seigneurie,6,sEN9Ri
6,seille,3,sEj
7,seillon,4,sEj§
4,sein,2,s5
5,seine,3,sEn
5,seing,2,s5
5,seize,3,sEz
8,seizième,6,sEzjEm
3,sel,3,sEl
11,seldjoukide,9,sEldZukid
6,select,6,selEkt
4,self,4,sElf
12,self-control,10,sElfk§tRol
13,self-contrôle,10,sElfk§tRol
12,self-défense,9,sElfdef@s
13,self-made man,11,sElfmEjdman
13,self-made-man,11,sElfmEjdman
13,self-made-men,11,sElfmEjdmEn
12,self-service,10,sElfsERvis
5,selle,3,sEl
6,seller,4,sele
8,sellerie,6,sEl°Ri
8,sellette,5,sElEt
7,sellier,5,selje
5,selon,4,s°l§
5,seltz,5,sElts
5,selva,5,sElva
7,semaine,5,s°mEn
9,semainier,7,s°mEnje
9,semblable,7,s@blabl
13,semblablement,10,s@blabl°m@
9,semblance,6,s@bl@s
8,semblant,5,s@bl@
7,sembler,5,s@ble
7,semelle,5,s°mEl
12,semen-contra,10,semEnk§tRa
7,semence,5,s°m@s
5,semer,4,s°me
8,semestre,7,s°mEstR
10,semestriel,11,s°mEstRijEl
16,semestriellement,14,s2mEstRijEl°m@
6,semeur,5,s°m9R
7,semeuse,5,s°m2z
4,semi,4,s°mi
16,semi-automatique,12,s°miotomatik
15,semi-circulaire,12,s°misiRkylER
15,semi-conducteur,12,s°mik§dykt9R
12,semi-liberté,11,s°milibERte
12,semi-lunaire,9,s°milynER
13,semi-officiel,11,s°miofisjEl
11,semi-ouvert,8,s2miuvER
14,semi-perméable,12,s2mipERmeabl
15,semi-phonétique,11,s2mifOnetik
14,semi-précieuse,11,s°mipResj2z
11,semi-public,10,s2mipyblik
13,semi-remorque,10,s°miR°mORk
11,semi-rigide,9,s°miRiZid
5,semis,4,s°mi
6,semoir,6,s°mwaR
7,semonce,5,s°m§s
8,semoncer,6,s°m§se
7,semoule,5,s°mul
11,sempiternel,10,s@pitERnEl
17,sempiternellement,13,s@pitERnEl°m@
6,semtex,7,sEmtEks
3,sen,3,sEn
8,senestre,7,senEstR
6,senior,6,senjOR
4,sens,3,s@s
6,sensas,5,s@sas
7,sensass,5,s@sas
9,sensation,7,s@sasj§
16,sensationnalisme,13,s@sasjonalizm
12,sensationnel,10,s@sasjonEl
18,sensationnellement,13,s@sasjonEl°m@
7,senseur,5,s@s9R
15,sensibilisation,13,s@sibilizasj§
12,sensibiliser,10,s@sibilize
11,sensibilité,10,s@sibilite
8,sensible,6,s@sibl
12,sensiblement,9,s@sibl°m@
11,sensiblerie,9,s@sibl°Ri
8,sensitif,7,s@sitif
12,sensorialité,11,s@soRjalite
9,sensoriel,8,s@soRjEl
11,sensualiste,9,s@s8alist
10,sensualité,9,s@s8alite
7,sensuel,6,s@s8El
13,sensuellement,9,s@s8El°m@
5,sensé,4,s@se
9,sensément,6,s@sem@
8,sent-bon,4,s@b§
7,sentant,4,s@t@
5,sente,3,s@t
8,sentence,5,s@t@s
16,sentencieusement,11,s@t@sj2z°m@
11,sentencieux,7,s@t@sj2
7,senteur,5,s@t9R
5,senti,4,s@ti
7,sentier,5,s@tje
9,sentiment,6,s@tim@
11,sentimental,9,s@tim@tal
16,sentimentalement,12,s@tim@tal°m@
15,sentimentaliser,12,s@tim@talize
15,sentimentalisme,12,s@tim@talizm
14,sentimentalité,12,s@tim@talite
7,sentine,5,s@tin
10,sentinelle,7,s@tinEl
6,sentir,5,s@tiR
7,seppuku,6,sepuku
4,seps,4,sEps
4,sept,3,sEt
8,septante,6,sEpt@t
13,septante-cinq,9,sEpt@ts5k
13,septante-sept,10,sEpt@t°sEt
9,septembre,7,sEpt@bR
13,septembriseur,11,sEpt@bRiz9R
9,septennat,7,sEptena
11,septentrion,10,sEpt@tRij§
13,septentrional,13,sEpt@tRijonal
9,septicité,9,sEptisite
10,septicémie,9,sEptisemi
12,septicémique,10,sEptisemik
7,septidi,7,sEptidi
7,septime,6,sEptim
8,septique,6,sEptik
8,septième,6,sEtjEm
13,septuagénaire,11,sEpt8aZenER
6,septum,6,sEptOm
7,septuor,7,sEpt8OR
8,septuple,7,sEptypl
6,sepuku,6,s2puku
6,sequin,4,s°k5
5,serbe,4,sERb
12,serbo-croate,10,sERbokRoat
6,serein,4,s°R5
11,sereinement,8,s°REn°m@
4,serf,3,sER
10,serfouette,7,sERfwEt
5,serge,4,sERZ
7,sergent,5,sERZ@
12,sergent-chef,8,sERZ@SEf
13,sergent-major,10,sERZ@maZOR
14,sergent-pilote,10,sERZ@pilOt
6,sergot,5,sERgo
5,sergé,5,sERZe
6,serial,6,s°Rjal
5,serin,4,s°R5
7,seriner,6,s°Rine
7,seringa,6,s°R5ga
8,seringue,5,s°R5g
9,seringuer,6,s°R5ge
7,serment,5,sERm@
6,sermon,5,sERm§
9,sermonner,7,sERmone
10,sermonneur,8,sERmon9R
5,serpe,4,sERp
7,serpent,5,sERp@
11,serpentaire,8,sERp@tER
10,serpentant,7,sERp@t@
10,serpenteau,7,sERp@to
12,serpentement,9,sERp@t°m@
9,serpenter,7,sERp@te
13,serpentiforme,11,sERp@tifORm
9,serpentin,7,sERp@t5
8,serpette,6,sERpEt
11,serpillière,8,sERpijER
8,serpolet,7,sERpolE
5,serra,4,sERa
7,serrage,5,sERaZ
8,serrante,5,sER@t
5,serre,3,sER
10,serre-file,6,sERfil
11,serre-joint,6,sERZw5
12,serre-livres,7,sERlivR
10,serre-tête,6,sERtEt
9,serrement,6,sER°m@
6,serrer,4,seRe
7,serrure,5,seRyR
10,serrurerie,8,seRyR°Ri
9,serrurier,7,seRyRje
5,serré,4,sERe
4,sert,3,sER
6,sertao,6,sERtaw
5,serti,5,sERti
6,sertir,6,sERtiR
10,sertissage,8,sERtisaZ
10,sertisseur,8,sERtis9R
6,sertão,6,sERtaw
7,servage,6,sERvaZ
6,serval,6,sERval
7,servant,5,sERv@
5,serve,4,sERv
7,serveur,6,sERv9R
5,servi,5,sERvi
12,serviabilité,12,sERvjabilite
9,serviable,8,sERvjabl
7,service,6,sERvis
9,serviette,7,sERvjEt
16,serviette-éponge,11,sERvjEtep§Z
7,servile,6,sERvil
11,servilement,9,sERvil°m@
9,servilité,9,sERvilite
6,servir,6,sERviR
9,serviteur,8,sERvit9R
9,servitude,8,sERvityd
10,servofrein,8,sERvofR5
11,servomoteur,10,sERvomOt9R
14,servomécanisme,13,sERvomekanizm
3,ses,2,se
7,session,5,sesj§
3,set,3,sEt
6,setter,5,setER
5,seuil,3,s9j
4,seul,3,s9l
8,seulabre,6,s2labR
9,seulement,6,s9l°m@
6,seulet,4,s9lE
9,seventies,6,s°v@ti
7,sevrage,6,s°vRaZ
6,sevrer,5,s°vRe
10,sex-appeal,8,sEksapil
8,sex-shop,7,seksSOp
10,sex-symbol,9,sekss5bOl
11,sexagénaire,10,seksaZenER
4,sexe,4,sEks
7,sexisme,7,seksizm
7,sexiste,7,seksist
9,sexologie,9,seksoloZi
11,sexologique,10,seksoloZik
9,sexologue,8,seksolOg
7,sextant,6,sekst@
7,sextidi,8,sekstidi
5,sexto,6,sEksto
7,sextuor,8,sekst8OR
8,sextuple,8,sekstypl
10,sexualiser,10,sEks8alize
9,sexualité,10,seks8alite
6,sexuel,7,seks8El
12,sexuellement,10,seks8El°m@
5,sexué,6,seks8e
4,sexy,5,seksi
6,seyant,4,sEj@
5,señor,5,seNOR
7,shabbat,4,Saba
4,shah,2,Sa
10,shake-hand,6,SEjk@d
6,shaker,6,SEjk9R
13,shakespearien,9,SEkspiRj5
5,shako,4,Sako
5,shale,3,Sal
6,shaman,5,Saman
8,shamisen,7,Samiz°n
9,shampoing,5,S@pw5
11,shampooiner,7,S@pwine
10,shampooing,5,S@pw5
11,shampouiner,7,S@pwine
12,shampouineur,8,S@pwin9R
10,shanghaien,6,S@gaj5
8,shantung,5,S@tuG
4,shed,3,SEd
7,sheriff,5,SERif
6,sherpa,5,SERpa
6,sherry,4,SERi
8,shetland,6,SEtl@d
7,shiatsu,6,Sjatsu
5,shift,4,Sift
8,shilling,5,SiliG
6,shilom,5,SilOm
6,shimmy,4,Simi
7,shingle,4,S5gl
10,shintoïsme,7,S5toizm
10,shintoïste,7,S5toist
6,shintô,5,Sinto
12,shipchandler,9,SipS@dl9R
8,shipping,5,SipiG
8,shirting,6,SiRt5G
4,shit,3,Sit
8,shocking,5,SOkiG
7,shogoun,5,Sogun
6,shogun,5,Sogun
8,shogunal,7,Sogynal
8,shogunat,6,SOguna
5,shoot,3,Sut
7,shooter,4,Sute
8,shopping,5,SOpiG
5,short,4,SORt
4,show,2,So
13,show-business,8,SobiznEs
7,showbiz,5,Sobiz
8,shrapnel,7,SRapnEl
9,shrapnell,7,SRapnEl
5,shunt,4,S9nt
7,shunter,4,S1te
5,shéol,4,SeOl
6,shérif,5,SeRif
6,shôgun,5,Sogun
2,si,2,si
4,siam,4,sjam
7,siamois,6,sjamwa
8,sibilant,6,sibil@
7,sibylle,5,sibil
8,sibyllin,6,sibil5
8,sibérien,7,sibeRj5
10,sibérienne,8,sibeRjEn
3,sic,3,sik
24,sic transit gloria mundi,20,siktR@zitgloRjamundi
7,sicaire,5,sikER
8,sicilien,7,sisilj5
5,sicle,4,sikl
4,sida,4,sida
8,sidaïque,6,sidaik
8,side-car,7,sajdkaR
4,sidi,4,sidi
7,sidéral,7,sideRal
8,sidérant,6,sideR@
10,sidération,9,sideRasj§
7,sidérer,6,sideRe
8,sidérite,7,sideRit
10,sidérurgie,9,sideRyRZi
12,sidérurgique,10,sideRyRZik
6,sidéré,6,sideRe
4,sien,3,sj5
6,sienne,4,sjEn
7,siennes,4,sjEn
8,siennois,6,sjEnwa
5,siens,3,sj5
6,sierra,5,sjERa
6,sieste,5,sjEst
5,sieur,4,sj9R
8,sifflant,5,sifl@
9,sifflante,6,sifl@t
8,sifflard,6,siflaR
10,sifflement,7,sifl°m@
7,siffler,5,sifle
7,sifflet,5,siflE
8,siffleur,6,sifl9R
12,sifflotement,9,siflOt°m@
9,siffloter,7,siflote
9,sifflotis,7,siflOti
10,sigillaire,7,siZilER
7,sigillé,6,siZile
8,sigisbée,7,siZisbe
5,sigle,4,sigl
8,sigmoïde,7,sigmoid
6,signal,5,siNal
11,signalement,8,siNal°m@
8,signaler,6,siNale
9,signaleur,7,siNal9R
13,signalisation,11,siNalizasj§
10,signaliser,8,siNalize
7,signalé,6,siNale
12,signalétique,9,siNaletik
10,signataire,7,siNatER
9,signature,7,siNatyR
5,signe,3,siN
6,signer,4,siNe
6,signet,4,siNE
11,signifiance,8,siNifj@s
10,signifiant,7,siNifj@
12,significatif,11,siNifikatif
13,signification,11,siNifikasj§
17,significativement,14,siNifikativ°m@
9,signifier,7,siNifje
8,signifié,7,siNifje
6,signor,5,siNOR
9,signorina,8,siNoRina
5,signé,4,siNe
4,sikh,3,sik
3,sil,3,sil
7,silence,5,sil@s
15,silencieusement,11,sil@sj2z°m@
10,silencieux,7,sil@sj2
5,silex,6,silEks
10,silhouette,6,silwEt
11,silhouetter,7,silwete
8,silicate,7,silikat
6,silice,5,silis
8,siliceux,6,silis2
8,silicium,8,silisjOm
8,silicone,7,silikOn
9,siliconer,8,silikone
8,silicose,7,silikoz
8,silicosé,8,silikoze
8,silionne,6,siljOn
7,sillage,5,sijaZ
6,sillet,4,sijE
6,sillon,4,sij§
9,sillonner,6,sijone
4,silo,4,silo
8,silvaner,8,silvanER
6,silène,5,silEn
8,silésien,7,silezj5
4,sima,4,sima
8,simagrée,7,simagRe
7,simarre,5,simaR
6,simien,5,simj5
9,simiesque,7,simjEsk
9,similaire,7,similER
13,similairement,10,similER°m@
10,similarité,10,similaRite
6,simili,6,simili
10,similicuir,10,similik8iR
10,similitude,9,similityd
7,similor,7,similOR
10,simoniaque,8,simonjak
6,simoun,5,simun
6,simple,4,s5pl
10,simplement,7,s5pl°m@
9,simplesse,6,s5plEs
7,simplet,5,s5plE
9,simplette,6,s5plEt
10,simplicité,9,s5plisite
14,simplification,12,s5plifikasj§
10,simplifier,8,s5plifje
11,simplissime,8,s5plisim
9,simpliste,7,s5plist
9,simulacre,8,simylakR
10,simulateur,9,simylat9R
10,simulation,9,simylasj§
7,simuler,6,simyle
9,simultané,9,simyltane
12,simultanéité,12,simyltaneite
13,simultanément,11,simyltanem@
6,simulé,6,simyle
9,sinapisme,8,sinapizm
8,sinciput,7,s5sipyt
7,sincère,5,s5sER
11,sincèrement,8,s5sER°m@
9,sincérité,8,s5seRite
6,sindon,4,s5d§
8,sine die,8,sinedije
12,sine qua non,10,sinekwanOn
5,singe,3,s5Z
14,singe-araignée,8,s5ZaRENe
6,singer,4,s5Ze
8,singerie,6,s5Z°Ri
6,singes,3,s5Z
6,single,6,sing9l
9,singleton,7,s5gl2t§
12,singulariser,10,s5gylaRize
11,singularité,10,s5gylaRite
9,singulier,7,s5gylje
14,singulièrement,11,s5gyljER°m@
8,sinistre,7,sinistR
12,sinistrement,10,sinistR°m@
10,sinistrose,9,sinistRoz
8,sinistré,8,sinistRe
4,sino,4,sino
14,sino-américain,11,sinoameRik5
10,sino-arabe,8,sinoaRab
9,sinologie,8,sinoloZi
5,sinon,4,sin§
7,sinople,6,sinOpl
7,sinoque,5,sinOk
8,sinoquet,6,sinokE
6,sinuer,5,sin8e
12,sinueusement,9,sin82z°m@
7,sinueux,5,sin82
9,sinuosité,9,sin8ozite
5,sinus,5,sinys
7,sinusal,7,sinyzal
8,sinusite,7,sinyzit
10,sinusoïdal,10,sinyzoidal
8,sinécure,7,sinekyR
8,sionisme,7,sjonizm
8,sioniste,7,sjonist
5,sioux,3,sju
6,siphon,4,sif§
10,siphonnage,7,sifOnaZ
9,siphonner,6,sifone
8,siphonné,6,sifone
4,sipo,4,sipo
3,sir,3,siR
6,sirdar,6,siRdaR
4,sire,3,siR
7,sirocco,6,siRoko
5,sirop,4,siRo
7,siroter,6,siRote
8,sirupeux,6,siRyp2
9,sirventès,8,siRv@tEs
6,sirène,5,siREn
3,sis,2,si
5,sisal,5,sizal
8,sismique,6,sismik
11,sismographe,9,sismogRaf
10,sismologie,9,sismoloZi
12,sismologique,10,sismoloZik
10,sismologue,8,sismOlOg
10,sismomètre,9,sismomEtR
13,sismothérapie,11,sismoteRapi
8,sisymbre,6,siz5bR
6,sit-in,5,sitin
5,sitar,5,sitaR
9,sitariste,8,sitaRist
6,sitcom,6,sitkOm
4,site,3,sit
8,sittelle,5,sitEl
4,situ,4,sity
8,situable,7,sit8abl
9,situation,8,sit8asj§
12,situationnel,11,sit8asjOnEl
14,situationnisme,12,sit8asjonizm
6,situer,5,sit8e
5,situé,5,sit8e
5,sitôt,4,sito
3,six,3,sis
10,six-quatre,7,siskatR
6,sixain,5,siks5
7,sixième,6,sizjEm
11,sixièmement,9,sizjEm°m@
5,sixte,5,sikst
7,sixties,7,sikstiz
6,sixtus,7,sikstys
6,sizain,4,siz5
6,siècle,5,sjEkl
5,siège,4,sjEZ
6,siéger,5,sjeZe
3,ska,3,ska
5,skaal,4,skal
5,skate,5,skEjt
11,skate-board,9,skEjtbORd
10,skateboard,9,skEjtbORd
7,skating,7,skEjtiG
4,skaï,4,skaj
5,skeet,4,skit
6,sketch,5,skEtS
3,ski,3,ski
7,skiable,6,skjabl
5,skier,4,skje
6,skieur,5,skj9R
5,skiff,4,skif
4,skin,4,skin
8,skinhead,6,skinEd
4,skip,4,skip
7,skipper,6,skip9R
6,skunks,4,sk§s
7,skydome,7,skajdom
6,slalom,6,slalOm
8,slalomer,7,slalome
5,slang,4,sl@g
5,slash,4,slaS
5,slave,4,slav
8,slavisme,7,slavizm
6,slavon,5,slav§
8,sleeping,6,slipiG
7,slibard,6,slibaR
5,slice,4,slis
4,slip,4,slip
6,slogan,5,slog@
5,sloop,4,slup
7,sloughi,5,slugi
8,slovaque,6,slovak
7,slovène,6,slovEn
4,slow,3,slo
4,slug,4,sl9g
5,slush,4,sl9S
5,smack,4,smak
5,smala,5,smala
6,smalah,5,smala
9,smaragdin,8,smaRagd5
5,smart,5,smaRt
5,smash,4,smaS
7,smasher,5,smaSe
6,smegma,6,smEgma
7,smicard,6,smikaR
7,smigard,6,smigaR
6,smiley,6,smajli
6,smocks,4,smok
4,smog,4,smOg
7,smoking,6,smOkiG
10,smorrebrod,9,smoR°bRod
5,smurf,5,sm9Rf
9,smyrniote,8,smiRnjOt
5,snack,4,snak
9,snack-bar,7,snakbaR
4,snif,4,snif
6,snifer,5,snife
5,sniff,4,snif
7,sniffer,5,snife
9,sniffette,6,snifEt
5,snipe,4,snip
6,sniper,7,snajp9R
4,snob,4,snOb
6,snober,5,snobe
9,snobinard,8,snobinaR
8,snobisme,7,snobizm
10,soap-opéra,9,sOwpopeRa
5,sobre,4,sObR
9,sobrement,7,sObR°m@
9,sobriquet,7,sobRikE
8,sobriété,9,sobRijete
3,soc,3,sOk
6,soccer,5,sOs9R
12,sociabiliser,11,sOsjabilize
11,sociabilité,11,sosjabilite
8,sociable,7,sosjabl
6,social,6,sosjal
16,social-démocrate,14,sosjaldemokRat
17,social-démocratie,15,sosjaldemokRasi
14,social-traître,11,sOsjaltREtR
11,socialement,9,sosjal°m@
13,socialisation,12,sosjalizasj§
10,socialiser,9,sosjalize
10,socialisme,9,sosjalizm
10,socialiste,9,sosjalist
7,socialo,7,sOsjalo
18,sociaux-démocrates,13,sosjodemokRat
5,socio,5,sosjo
16,socio-économique,13,sosjoekonomik
13,sociobiologie,12,sosjobjoloZi
13,socioculturel,13,sosjokyltyREl
10,sociologie,9,sosjoloZi
12,sociologique,10,sosjoloZik
16,sociologiquement,13,sosjoloZik°m@
10,sociologue,8,sosjolOg
10,sociopathe,8,sosjopat
11,sociopathie,9,sOsjopati
14,sociopolitique,12,sOsjopOlitik
6,socius,6,sOsjys
10,sociétaire,8,sosjetER
8,sociétal,8,sOsjetal
7,société,7,sosjete
6,socket,5,sOkEt
5,socle,4,sOkl
6,socque,3,sOk
9,socquette,5,sokEt
10,socratique,8,sokRatik
4,soda,4,soda
7,sodique,5,sOdik
6,sodium,6,sodjOm
7,sodomie,6,sodomi
12,sodomisation,11,sodomizasj§
9,sodomiser,8,sodomize
8,sodomite,7,sodomit
5,soeur,3,s9R
9,soeurette,5,s9REt
4,sofa,4,sofa
4,soft,4,sOft
8,softball,7,sOftbal
3,soi,3,swa
10,soi-disant,7,swadiz@
8,soi-même,6,swamEm
4,soie,3,swa
7,soierie,5,swaRi
4,soif,4,swaf
8,soiffard,6,swafaR
9,soignable,7,swaNabl
8,soignant,5,swaN@
7,soigner,5,swaNe
8,soigneur,6,swaN9R
13,soigneusement,9,swaN2z°m@
8,soigneux,5,swaN2
6,soigné,5,swaNe
4,soin,3,sw5
4,soir,4,swaR
6,soirée,5,swaRe
11,soissonnais,7,swasonE
4,soit,3,swa
11,soixantaine,8,swas@tEn
8,soixante,6,swas@t
13,soixante-cinq,9,swas@ts5k
13,soixante-deux,8,swas@td2
17,soixante-deuxième,12,swas@td2zjEm
12,soixante-dix,9,swas@tdis
17,soixante-dix-huit,12,swas@tdiz8it
17,soixante-dix-neuf,12,swas@tdizn9f
21,soixante-dix-neuvième,15,swas@tdisn9vjEm
17,soixante-dix-sept,11,swas@tdisEt
16,soixante-dixième,12,swas@tdizjEm
14,soixante-douze,9,swas@tduz
13,soixante-huit,9,swas@t8it
16,soixante-huitard,11,swas@t8itaR
13,soixante-neuf,9,swas@tn9f
17,soixante-quatorze,12,swas@tkatORz
15,soixante-quatre,10,swas@tkatR
15,soixante-quinze,9,swas@tk5z
14,soixante-seize,9,swas@tsEz
13,soixante-sept,9,swas@tsEt
12,soixante-six,9,swas@tsis
15,soixante-treize,10,swas@ttREz
14,soixante-trois,10,swas@ttRwa
11,soixantième,9,swas@tjEm
4,soja,4,soZa
3,sol,3,sOl
7,sol-air,5,sOlER
7,solaire,5,solER
9,solanacée,8,solanase
8,solarium,8,solaRjOm
6,soldat,5,sOlda
11,soldatesque,9,sOldatEsk
5,solde,4,sOld
6,solder,5,sOlde
8,solderie,7,sOld°Ri
7,soldeur,6,sOld9R
4,sole,3,sOl
6,soleil,5,solEj
10,soleil-roi,8,solEjRwa
10,soleilleux,6,solEj2
5,solen,5,solEn
8,solennel,7,solanEl
14,solennellement,10,solanEl°m@
10,solenniser,8,sOlanize
9,solennité,8,solanite
5,solex,6,solEks
7,solfège,6,solfEZ
9,solicitor,9,solisitOR
9,solidaire,7,solidER
13,solidairement,10,solidER°m@
11,solidariser,10,solidaRize
10,solidarité,10,solidaRite
6,solide,5,solid
10,solidement,8,solid°m@
14,solidification,13,solidifikasj§
10,solidifier,9,solidifje
8,solidité,8,solidite
7,solidus,7,solidys
9,soliflore,8,soliflOR
9,soliloque,7,solilOk
10,soliloquer,8,soliloke
10,solipsisme,9,solipsizm
10,solipsiste,9,solipsist
7,soliste,6,solist
9,solitaire,7,solitER
13,solitairement,10,solitER°m@
8,solitude,7,solityd
6,solive,5,soliv
8,soliveau,6,solivo
13,sollicitation,11,solisitasj§
10,solliciter,8,solisite
11,solliciteur,9,solisit9R
11,sollicitude,9,solisityd
4,solo,4,solo
8,solognot,6,soloNo
8,solstice,7,sOlstis
10,solubilité,10,solybilite
7,soluble,6,solybl
11,solucamphre,8,solyk@fR
8,solution,7,solysj§
11,solutionner,9,solysjone
12,solutionneur,10,solysjon9R
6,soluté,6,solyte
11,solvabilité,11,sOlvabilite
8,solvable,7,sOlvabl
7,solvant,5,sOlv@
9,solénoïde,8,solenoid
4,soma,4,soma
8,somalien,7,somalj5
9,somatique,7,somatik
9,somatiser,8,somatize
6,sombre,4,s§bR
10,sombrement,7,s§bR°m@
7,sombrer,5,s§bRe
8,sombrero,7,s§bReRo
8,sommaire,5,somER
12,sommairement,8,somER°m@
9,sommation,7,somasj§
5,somme,3,sOm
7,sommeil,5,somEj
11,sommeillant,6,somEj@
10,sommeiller,6,someje
11,sommeilleux,6,somEj2
9,sommelier,7,sOm°lje
6,sommer,4,some
6,sommet,4,somE
7,sommier,5,somje
7,sommité,6,somite
10,somnambule,8,sOmn@byl
13,somnambulique,10,sOmn@bylik
17,somnambuliquement,13,sOmn@bylik°m@
13,somnambulisme,11,sOmn@bylizm
9,somnifère,8,sOmnifER
5,somno,5,sOmno
10,somnolence,8,sOmnol@s
9,somnolent,7,sOmnOl@
8,somnoler,7,sOmnole
10,somptuaire,7,s§pt8ER
14,somptueusement,10,s§pt82z°m@
9,somptueux,6,s§pt82
11,somptuosité,10,s§pt8ozite
3,son,2,s§
10,sonagramme,8,sOnagRam
5,sonar,5,sonaR
6,sonate,5,sonat
8,sonatine,7,sonatin
7,sondage,5,s§daZ
5,sonde,3,s§d
6,sonder,4,s§de
7,sondeur,5,s§d9R
5,sondé,4,s§de
4,song,3,s§g
5,songe,3,s§Z
11,songe-creux,6,s§ZkR2
6,songer,4,s§Ze
8,songerie,6,s§Z°Ri
7,songeur,5,s§Z9R
12,songeusement,8,s§Z2z°m@
7,sonique,5,sonik
9,sonnaille,5,sonaj
10,sonnailler,6,sonaje
7,sonnant,4,son@
6,sonner,4,sone
8,sonnerie,6,sOn°Ri
6,sonnet,4,sonE
8,sonnette,5,sonEt
7,sonneur,5,son9R
5,sonné,4,sone
4,sono,4,sono
16,sonoluminescence,13,sonolyminEs@s
6,sonore,5,sonOR
10,sonorement,8,sOnOR°m@
12,sonorisation,11,sonoRizasj§
9,sonoriser,8,sonoRize
8,sonorité,8,sonoRite
10,sonothèque,7,sOnOtEk
8,sonotone,7,sonotOn
5,sopha,4,sOfa
6,sophie,4,sOfi
8,sophisme,6,sofizm
8,sophiste,6,sofist
14,sophistication,12,sofistikasj§
11,sophistique,8,sOfistik
11,sophistiqué,9,sofistike
7,sophora,6,sofoRa
5,sopor,5,sopOR
11,soporifique,9,sopoRifik
7,soprano,7,sopRano
6,sorbet,5,sORbE
10,sorbetière,9,sORb°tjER
7,sorbier,6,sORbje
8,sorbitol,8,sORbitOl
8,sorbonne,6,sORbOn
11,sorcellerie,9,sORsEl°Ri
7,sorcier,6,sORsje
7,sordide,6,sORdid
11,sordidement,9,sORdid°m@
9,sordidité,9,sORdidite
6,sorgho,5,sORgo
6,sorite,5,sORit
8,sornette,6,sORnEt
7,sororal,7,soRoRal
8,sororité,8,soRoRite
4,sort,3,sOR
8,sortable,7,sORtabl
7,sortant,5,sORt@
5,sorte,4,sORt
6,sortie,5,sORti
9,sortilège,8,sORtilEZ
6,sortir,6,sORtiR
5,sosie,4,sozi
9,sostenuto,9,sOstenuto
3,sot,2,so
5,sotie,4,soti
9,sottement,6,sOt°m@
7,sottise,5,sotiz
3,sou,2,su
6,souabe,4,swab
12,soubassement,8,subas°m@
7,soubise,5,subiz
10,soubresaut,7,subR°so
9,soubrette,6,subREt
6,souche,3,suS
7,souchet,4,suSE
9,souchette,5,suSEt
5,souci,4,susi
7,soucier,5,susje
8,soucieux,5,susj2
8,soucoupe,5,sukup
7,soudage,5,sudaZ
7,soudain,4,sud5
12,soudainement,8,sudEn°m@
10,soudaineté,8,sudEn°te
9,soudanais,6,sudanE
7,soudard,5,sudaR
5,soude,3,sud
6,souder,4,sude
7,soudeur,5,sud9R
8,soudoyer,7,sudwaje
7,soudure,5,sudyR
5,soudé,4,sude
4,soue,2,su
9,soufflant,5,sufl@
7,souffle,4,sufl
11,soufflement,7,sufl°m@
8,souffler,5,sufle
10,soufflerie,7,sufl°Ri
8,soufflet,5,suflE
10,souffleter,7,sufl°te
9,souffleur,6,sufl9R
9,soufflure,6,suflyR
7,soufflé,5,sufle
10,souffrance,6,sufR@s
9,souffrant,5,sufR@
15,souffre-douleur,10,sufR°dul9R
11,souffreteux,7,sufR°t2
8,souffrir,6,sufRiR
5,soufi,4,sufi
6,soufre,4,sufR
6,soufré,5,sufRe
7,souhait,3,swE
11,souhaitable,7,swEtabl
9,souhaiter,5,swete
9,souillage,5,sujaZ
7,souille,3,suj
8,souiller,4,suje
8,souillon,4,suj§
9,souillure,5,sujyR
4,souk,3,suk
4,soul,3,sul
10,soulageant,6,sulaZ@
11,soulagement,8,sulaZ°m@
8,soulager,6,sulaZe
5,soule,3,sul
8,soulever,6,sul°ve
7,soulevé,6,sul°ve
7,soulier,5,sulje
9,souligner,6,suliNe
11,soulèvement,8,sulEv°m@
9,soumettre,6,sumEtR
6,soumis,4,sumi
10,soumission,7,sumisj§
13,soumissionner,9,sumisjone
7,soupape,5,supap
5,soupe,3,sup
8,soupente,5,sup@t
6,souper,4,supe
8,soupeser,6,sup°ze
7,soupeur,5,sup9R
7,soupier,5,supje
6,soupir,5,supiR
9,soupirail,7,supiRaj
9,soupirant,6,supiR@
8,soupirer,6,supiRe
8,soupière,6,supjER
6,souple,4,supl
10,souplement,7,supl°m@
9,souplesse,6,suplEs
7,soupçon,5,sups§
12,soupçonnable,9,supsonabl
10,soupçonner,7,supsone
11,soupçonneux,7,supson2
11,souquenille,7,suk°nij
7,souquer,4,suke
7,sourate,5,suRat
6,source,4,suRs
8,sourcier,6,suRsje
7,sourcil,5,suRsi
10,sourciller,7,suRsije
11,sourcilleux,7,suRsij2
5,sourd,3,suR
10,sourd-muet,6,suRm8E
10,sourdaient,5,suRdE
8,sourdait,5,suRdE
13,sourde-muette,8,suRdm8Et
10,sourdement,7,suRd°m@
8,sourdine,6,suRdin
10,sourdingue,6,suRd5g
7,sourdre,6,suRdR°
8,souriant,5,suRj@
9,souriceau,6,suRiso
10,souricière,8,suRisjER
7,sourire,5,suRiR
6,souris,4,suRi
8,sournois,6,suRnwa
13,sournoisement,10,suRnwaz°m@
12,sournoiserie,10,suRnwaz°Ri
4,sous,2,su
17,sous-alimentation,13,suzalim@tasj§
13,sous-alimenté,10,suzalim@te
19,sous-bibliothécaire,14,subiblijotekER
9,sous-bois,5,subwa
9,sous-chef,5,suSEf
11,sous-classe,6,suklas
11,sous-comité,8,sukomite
15,sous-commission,9,sukomisj§
14,sous-continent,8,suk§tin@
11,sous-couche,5,sukuS
8,sous-cul,4,suky
11,sous-cutané,8,sukytane
11,sous-diacre,7,sudjakR
14,sous-directeur,10,sudiREkt9R
13,sous-division,9,sudivizj§
14,sous-dominante,9,sudomin@t
18,sous-développement,12,sudev°lOp°m@
14,sous-développé,10,sudev°lope
13,sous-effectif,10,suzefEktif
11,sous-emploi,8,suz@plwa
13,sous-ensemble,8,suz@s@bl
13,sous-entendre,8,suz@t@dR
12,sous-entendu,8,suz@t@dy
11,sous-espace,8,suzEspas
11,sous-espèce,8,suzEspEs
15,sous-estimation,12,suzEstimasj§
12,sous-estimer,9,suzEstime
10,sous-fifre,6,sufifR
10,sous-garde,6,sugaRd
10,sous-genre,5,suZ@R
10,sous-gorge,6,sugORZ
11,sous-groupe,6,sugRup
10,sous-homme,5,suzOm
13,sous-humanité,10,suzymanite
14,sous-intendant,8,suz5t@d@
11,sous-jacent,6,suZas@
15,sous-lieutenant,9,sulj2t°n@
14,sous-locataire,9,sulOkatER
13,sous-location,9,sulokasj§
10,sous-louer,5,sulwe
9,sous-main,4,sum5
10,sous-marin,6,sumaR5
13,sous-marinier,9,sumaRinje
11,sous-marque,6,sumaRk
14,sous-maîtresse,8,sumEtREs
10,sous-merde,6,sumERd
13,sous-ministre,9,suministR
8,sous-off,5,suzOf
13,sous-officier,9,suzofisje
10,sous-ordre,7,suzORdR
10,sous-payer,6,supeje
9,sous-pied,5,supje
9,sous-plat,5,supla
11,sous-prieur,8,supRij9R
12,sous-produit,8,supRod8i
14,sous-programme,9,supRogRam
15,sous-prolétaire,10,supRoletER
16,sous-prolétariat,12,supRoletaRja
15,sous-préfecture,11,supRefEktyR
11,sous-préfet,7,supRefE
13,sous-qualifié,9,sukalifje
15,sous-secrétaire,10,sus°kRetER
16,sous-secrétariat,12,sus°kRetaRja
12,sous-secteur,8,susekt9R
12,sous-section,8,suseksj§
8,sous-sol,5,susOl
12,sous-station,8,sustasj§
12,sous-système,8,susistEm
10,sous-tasse,5,sutas
12,sous-tension,7,sut@sj§
12,sous-titrage,8,sutitRaZ
10,sous-titre,6,sutitR
11,sous-titrer,7,sutitRe
14,sous-traitance,8,sutREt@s
13,sous-traitant,7,sutREt@
12,sous-traiter,7,sutRete
14,sous-ventrière,10,suv@tRijER
10,sous-verge,6,suvERZ
10,sous-verre,5,suvER
13,sous-vêtement,8,suvEt°m@
12,souscripteur,10,suskRipt9R
12,souscription,10,suskRipsj§
9,souscrire,7,suskRiR
8,souscrit,6,suskRi
9,soussigné,6,susiNe
7,soussou,4,susu
12,soustraction,10,sustRaksj§
10,soustraire,7,sustRER
8,soutache,5,sutaS
7,soutane,5,sutan
10,soutanelle,7,sutanEl
5,soute,3,sut
10,soutenable,8,sut°nabl
10,soutenance,7,sut°n@s
9,soutenant,6,sut°n@
9,souteneur,7,sut°n9R
8,soutenir,7,sut°niR
7,soutenu,6,sut°ny
6,souter,4,sute
10,souterrain,6,sutER5
15,souterrainement,10,sutEREn°m@
7,soutien,5,sutj5
13,soutien-gorge,9,sutj5gORZ
7,soutier,5,sutje
6,soutif,5,sutif
9,soutirage,7,sutiRaZ
8,soutirer,6,sutiRe
6,soutra,5,sutRa
11,soutènement,8,sutEn°m@
10,souvenance,7,suv°n@s
8,souvenir,7,suv°niR
7,souvent,4,suv@
12,souventefois,9,suv@t°fwa
14,souventes fois,8,suv@tfwa
9,souverain,6,suv°R5
14,souverainement,10,suv°REn°m@
12,souveraineté,10,suv°REn°te
8,souvlaki,7,suvlaki
6,soviet,6,sovjEt
10,soviétique,8,sovjetik
13,soviétisation,12,sovjetizasj§
10,soviétisme,9,sovjetizm
8,sovkhoze,6,sOvkoz
4,soya,5,swaja
11,soyeusement,9,swaj2z°m@
6,soyeux,5,swaj2
4,soûl,2,su
7,soûlant,4,sul@
7,soûlard,5,sulaR
7,soûlaud,4,sulo
6,soûler,4,sule
8,soûlerie,6,sul°Ri
11,soûlographe,8,sulogRaf
12,soûlographie,9,sulogRafi
6,soûlot,4,sulo
3,spa,3,spa
8,spacieux,6,spasj2
9,spadassin,7,spadas5
8,spadille,6,spadij
9,spaghetti,7,spageti
5,spahi,4,spai
8,spamming,6,spamiG
9,sparadrap,8,spaRadRa
16,sparring-partner,13,spERiGpaRtn9R
6,sparte,5,spaRt
9,sparterie,8,spaRt°Ri
9,spartiate,8,spaRsjat
9,spartéine,8,spaRtein
6,spasme,5,spasm
11,spasmodique,9,spasmodik
15,spasmodiquement,12,spasmodik°m@
11,spasmophile,9,spasmofil
12,spasmophilie,10,spasmofili
10,spasticité,10,spastisite
9,spastique,7,spastik
5,spath,4,spat
7,spatial,7,spasjal
12,spatialement,10,spasjal°m@
15,spatio-temporel,13,spasjot@poREl
11,spationaute,9,spasjonot
14,spatiotemporel,13,spatjot@poREl
7,spatule,6,spatyl
8,spatuler,7,spatyle
9,speakeasy,7,spikizi
7,speaker,6,spik9R
7,species,7,spesjEs
9,spectacle,8,spEktakl
13,spectaculaire,11,spEktakylER
17,spectaculairement,14,spEktakylER°m@
10,spectateur,9,spEktat9R
8,spectral,8,spEktRal
7,spectre,6,spEktR
13,spectrogramme,11,spEktRogRam
13,spectrographe,11,spEktRogRaf
14,spectrographie,12,spEktRogRafi
16,spectrographique,13,spEktRogRafik
18,spectrohéliographe,15,spEktRoeljOgRaf
12,spectromètre,11,spEktRomEtR
13,spectrométrie,12,spEktRometRi
15,spectrométrique,13,spEktRometRik
17,spectrophotomètre,15,spEktRofOtomEtR
12,spectroscope,11,spEktRoskOp
13,spectroscopie,12,spEktRoskopi
6,speech,5,spitS
5,speed,4,spid
7,speeder,5,spide
6,speedé,5,spide
7,spencer,7,spEnsER
13,spenglérienne,10,sp@gleRjEn
10,spermaceti,10,spERmaseti
11,spermatique,9,spERmatik
8,spermato,8,spERmato
14,spermatogenèse,13,spERmatoZ°nEz
13,spermatozoïde,12,spERmatozoid
6,sperme,5,spERm
10,spermicide,9,spERmisid
12,spermogramme,10,spERmogRam
8,spetsnaz,8,spEtsnaz
8,sphaigne,4,sfEN
9,sphincter,7,sf5ktER
7,sphinge,4,sf5Z
6,sphinx,5,sf5ks
16,sphygmomanomètre,14,sfigmomanomEtR
6,sphère,4,sfER
9,sphénoïde,7,sfenoid
10,sphéricité,9,sfeRisite
9,sphérique,6,sfeRik
13,sphériquement,9,sfeRik°m@
9,sphéroïde,7,sfeRoid
3,spi,3,spi
4,spic,4,spik
5,spica,5,spika
6,spider,7,spajd9R
4,spin,4,spin
5,spina,5,spina
12,spina-bifida,11,spinabifida
13,spina-ventosa,11,spinav@toza
6,spinal,6,spinal
9,spinnaker,8,spinak°R
10,spinozisme,9,spinozizm
7,spirale,6,spiRal
8,spiraler,7,spiRale
7,spiralé,7,spiRale
5,spire,4,spiR
7,spirite,6,spiRit
10,spiritisme,9,spiRitizm
13,spiritualiser,12,spiRit8alize
13,spiritualisme,12,spiRit8alizm
13,spiritualiste,12,spiRit8alist
12,spiritualité,12,spiRit8alite
9,spirituel,9,spiRit8El
15,spirituellement,12,spiRit8El°m@
10,spiritueux,8,spiRit82
10,spirochète,8,spiROSEt
11,spirographe,9,spiRogRaf
9,spiruline,8,spiRylin
5,spitz,5,spits
6,splash,5,splaS
6,spleen,5,splin
9,splendeur,7,spl@d9R
9,splendide,7,spl@did
13,splendidement,10,spl@did°m@
8,splitter,6,splite
12,splénectomie,11,splenEktOmi
9,splénique,7,splenik
7,spoiler,7,spOjlER
10,spoliation,9,spoljasj§
7,spolier,6,spolje
6,spolié,6,spolje
15,spondylarthrose,12,sp§dilaRtRoz
10,spondylite,8,sp§dilit
9,spongieux,6,sp§Zj2
11,spongiforme,9,sp§ZifORm
7,sponsor,6,sp§sOR
10,sponsoring,8,sp§soRiG
11,sponsoriser,9,sp§soRize
10,sponsorisé,9,sp§soRize
8,spontané,7,sp§tane
11,spontanéité,10,sp§taneite
12,spontanément,9,sp§tanem@
5,spoon,4,spun
10,sporadique,8,spoRadik
14,sporadiquement,11,spoRadik°m@
5,spore,4,spOR
5,sport,4,spOR
7,sportif,7,spORtif
12,sportivement,10,spORtiv°m@
10,sportivité,10,spORtivite
9,sportsman,9,spORtsman
10,sportswear,9,spORtswER
4,spot,4,spOt
8,spoutnik,7,sputnik
5,sprat,5,spRat
5,spray,5,spREj
12,sprechgesang,10,SpReSgesaG
6,spring,5,spRiG
8,springer,8,spRing9R
9,sprinkler,9,spRinkl9R
6,sprint,6,spRint
8,sprinter,8,spRint9R
8,sprinter,7,spRinte
9,sprinteur,8,spRint9R
6,spruce,5,spRys
10,spumescent,7,spymEs@
9,spumosité,9,spymozite
7,spécial,7,spesjal
8,spéciale,7,spesjal
12,spécialement,10,spesjal°m@
14,spécialisation,13,spesjalizasj§
11,spécialiser,10,spesjalize
11,spécialiste,10,spesjalist
10,spécialisé,10,spesjalize
10,spécialité,10,spesjalite
13,spécieusement,10,spesj2z°m@
8,spécieux,6,spesj2
13,spécification,12,spesifikasj§
11,spécificité,11,spesifisite
9,spécifier,8,spesifje
10,spécifique,8,spesifik
14,spécifiquement,11,spesifik°m@
8,spécifié,8,spesifje
8,spécimen,8,spesimEn
10,spéculaire,8,spekylER
11,spéculateur,10,spekylat9R
10,spéculatif,10,spekylatif
11,spéculation,10,spekylasj§
8,spéculer,7,spekyle
9,spéculoos,8,spekylos
8,spéculum,8,spekylOm
6,spéléo,6,speleo
11,spéléologie,10,speleoloZi
11,spéléologue,9,speleolOg
11,spéléotomie,10,speleotomi
6,squale,5,skwal
8,squameux,6,skwam2
6,square,5,skwaR
6,squash,5,skwaS
5,squat,5,skwat
8,squatter,7,skwat9R
9,squatteur,7,skwat9R
5,squaw,4,skwo
7,squeeze,5,skwiz
8,squeezer,7,skwiz9R
9,squelette,6,sk°lEt
12,squelettique,8,sk°letik
6,squire,6,skwajR
11,sri lankais,7,sRil@kE
12,stabat mater,10,stabamatER
11,stabilisant,9,stabiliz@
13,stabilisateur,12,stabilizat9R
13,stabilisation,12,stabilizasj§
10,stabiliser,9,stabilize
9,stabilisé,9,stabilize
9,stabilité,9,stabilite
6,stable,5,stabl
10,stablement,8,stabl°m@
11,stabulation,10,stabylasj§
8,staccato,7,stakato
5,stade,4,stad
7,stadium,7,stadjOm
5,staff,4,staf
5,stage,4,staZ
11,stagflation,10,stagflasj§
9,stagiaire,7,staZjER
8,stagnant,6,stagn@
10,stagnation,9,stagnasj§
7,stagner,6,stagne
13,stakhanoviste,11,stakanovist
10,stalactite,9,stalaktit
6,stalag,6,stalag
10,stalagmite,9,stalagmit
9,stalinien,8,stalinj5
10,stalinisme,9,stalinizm
7,stalino,7,stalino
6,stalle,4,stal
6,stance,4,st@s
5,stand,4,st@d
8,stand-by,7,st@dbaj
8,standard,6,st@daR
15,standardisation,13,st@daRdizasj§
12,standardiste,10,st@daRdist
11,standardisé,10,st@daRdize
8,standing,6,st@diG
14,staphylococcie,12,stafilokOksi
16,staphylococcique,13,stafilokOksik
13,staphylocoque,10,stafilokOk
4,star,4,staR
11,star-system,10,staRsistEm
8,starking,7,staRkiG
9,starlette,7,staRlEt
8,staroste,7,staROst
8,start-up,7,staRt9p
7,starter,7,staRt9R
13,starting-gate,11,staRtiGgEjt
5,stase,4,staz
4,stat,4,stat
6,stater,5,state
7,station,6,stasj§
15,station-service,12,stasj§sERvis
14,station-éclair,11,stasj§eklER
12,stationnaire,9,stasjonER
13,stationnement,10,stasjOn°m@
10,stationner,8,stasjone
8,statique,6,statik
12,statisticien,11,statistisj5
11,statistique,9,statistik
15,statistiquement,12,statistik°m@
12,statistiquer,10,statistike
9,statu quo,8,statykwo
9,statuaire,7,stat8ER
6,statue,5,staty
7,statuer,6,stat8e
9,statuette,7,stat8Et
9,statufier,8,statyfje
7,stature,6,statyR
16,staturo-pondéral,14,statyRop§deRal
6,status,6,statys
6,statut,5,staty
10,statutaire,8,statytER
7,statère,6,statER
6,stayer,6,stEj9R
5,steak,4,stEk
9,steamboat,8,stimbOwt
7,steamer,6,stim9R
7,steeple,5,stipl
13,steeple-chase,11,stip°ltSEjz
8,stegomya,8,stegomia
9,stellaire,6,stElER
4,stem,4,stEm
7,stencil,7,stEnsil
11,stendhalien,8,st5dalj5
7,stentor,6,st@tOR
6,steppe,4,stEp
7,stepper,5,stEpe
11,stercoraire,9,stERkoRER
8,sterling,7,stERliG
7,sternal,7,stERnal
6,sterne,5,stERn
24,sterno-cléido-mastoïdien,21,stERnokleidomastOidj5
7,sternum,7,stERnOm
7,stetson,6,stEts§
7,steward,7,stiwaRd
5,stick,4,stik
7,sticker,6,stik9R
6,stigma,6,stigma
8,stigmate,7,stigmat
11,stigmatiser,10,stigmatize
10,stigmatisé,10,stigmatize
7,stilton,6,stilt§
9,stimulant,7,stimyl@
11,stimulateur,10,stimylat9R
11,stimulation,10,stimylasj§
8,stimuler,7,stimyle
8,stimulus,8,stimylys
16,stimulus-réponse,13,stimylysRep§s
9,stipulant,7,stipyl@
11,stipulation,10,stipylasj§
7,stipule,6,stipyl
8,stipuler,7,stipyle
7,stipulé,7,stipyle
12,stochastique,9,stOkastik
5,stock,4,stOk
9,stock-car,7,stOkkaR
8,stockage,6,stokaZ
7,stocker,5,stoke
6,stoker,6,stok9R
6,stokes,5,stOks
8,stomacal,8,stomakal
6,stomie,5,stOmi
8,stomoxys,8,stomOksi
5,stone,4,ston
4,stop,4,stOp
8,stoppage,6,stopaZ
7,stopper,5,stope
8,stoppeur,6,stop9R
7,storage,6,stORaZ
5,store,4,stOR
11,story-board,9,stoRibORd
5,stout,4,stut
8,stoïcien,7,stoisj5
9,stoïcisme,8,stoisizm
7,stoïque,5,stoik
11,stoïquement,8,stoik°m@
9,strabisme,8,stRabizm
12,stradivarius,12,stRadivaRjys
8,straight,5,stREt
9,stramoine,8,stRamwan
10,stramonium,10,stRamOnjOm
13,strangulation,11,stR@gylasj§
10,stranguler,8,stR@gyle
10,strapontin,8,stRap§t5
14,strasbourgeois,11,stRazbuRZwa
6,strass,5,stRas
7,strasse,5,stRas
10,stratagème,9,stRataZEm
6,strate,5,stRat
14,stratification,13,stRatifikasj§
9,stratifié,9,stRatifje
15,stratigraphique,12,stRatigRafik
12,stratosphère,10,stRatosfER
15,stratosphérique,12,stRatosfeRik
7,stratus,7,stRatys
8,stratège,7,stRatEZ
9,stratégie,8,stRateZi
11,stratégique,9,stRateZik
15,stratégiquement,12,stRateZik°m@
11,stratégiste,10,stRateZist
10,strelitzia,10,stRElitsja
13,streptococcie,12,stREptokOksi
15,streptococcique,13,stREptOkOksik
12,streptocoque,10,stREptokOk
13,streptokinase,12,stREptOkinaz
13,streptomycine,12,stREptomisin
6,stress,5,stREs
9,stressant,6,stREs@
8,stresser,6,stREse
7,stretch,6,stREtS
10,stretching,8,stREtSiG
6,strict,6,stRikt
11,strictement,9,stRikt°m@
13,stricto sensu,11,stRiktos5sy
9,stridence,7,stRid@s
8,strident,6,stRid@
7,strider,6,stRide
7,stridor,7,stRidOR
12,stridulation,11,stRidylasj§
9,striduler,8,stRidyle
5,strie,4,stRi
6,strier,6,stRije
6,string,5,stRiG
5,strip,5,stRip
11,strip-poker,10,stRippokER
11,strip-tease,8,stRiptiz
13,strip-teaseur,10,stRiptiz9R
8,stripper,7,stRip9R
10,striptease,8,stRiptiz
5,strié,6,stRije
11,stroboscope,10,stRObOskOp
14,stroboscopique,12,stRoboskopik
10,strontiane,8,stR§sjan
9,strontium,8,stR§sjOm
7,strophe,5,stROf
10,structural,10,stRyktyRal
15,structuralement,13,stRyktyRal°m@
14,structuralisme,13,stRyktyRalizm
14,structuraliste,13,stRyktyRalist
9,structure,8,stRyktyR
10,structurel,10,stRyktyREl
16,structurellement,13,stRyktyREl°m@
10,structurer,9,stRyktyRe
9,structuré,9,stRyktyRe
7,strudel,7,StRud9l
17,struggle for life,14,stR9g°lfoRlajf
10,strychnine,8,stRiknin
9,strychnos,8,stRiknos
4,stuc,4,styk
8,studette,6,stydEt
13,studieusement,10,stydj2z°m@
8,studieux,6,stydj2
6,studio,6,stydjo
8,studiolo,8,stydjOlo
5,stuka,5,styka
7,stupeur,6,styp9R
7,stupide,6,stypid
11,stupidement,9,stypid°m@
9,stupidité,9,stypidite
6,stupre,5,stypR
5,stups,4,styp
12,stupéfaction,11,stypefaksj§
9,stupéfait,7,stypefE
10,stupéfiant,8,stypefj@
9,stupéfier,8,stypefje
7,stygien,6,stiZj5
5,style,4,stil
6,styler,5,stile
6,stylet,5,stilE
11,stylisation,10,stilizasj§
8,stylisme,7,stilizm
8,styliste,7,stilist
11,stylistique,9,stilistik
7,stylite,6,stilit
5,stylo,5,stilo
11,stylo-bille,8,stilobij
12,stylo-feutre,9,stilof2tR
10,stylobille,8,stilobij
11,stylographe,9,stilogRaf
9,stylomine,8,stilomin
8,styloïde,7,stilOid
5,stylé,5,stile
6,styrax,7,stiRaks
7,styrène,6,stiREn
5,stèle,4,stEl
5,stère,4,stER
8,stéarate,7,steaRat
9,stéarique,7,steaRik
10,stégosaure,8,stegozoR
5,sténo,5,steno
12,sténodactylo,12,stenodaktilo
19,sténodactylographie,17,stenodaktilogRafi
11,sténographe,9,stenogRaf
12,sténographie,10,stenogRafi
14,sténographique,11,stenogRafik
7,sténopé,7,stenope
7,sténose,6,stenoz
9,sténotype,8,stenotip
12,sténotypiste,11,stenotipist
10,stéphanois,8,stefanwa
7,stérile,6,steRil
11,stérilement,9,steRil°m@
8,stérilet,7,steRilE
11,stérilisant,9,steRiliz@
13,stérilisateur,12,steRilizat9R
13,stérilisation,12,steRilizasj§
10,stériliser,9,steRilize
9,stérilisé,9,steRilize
9,stérilité,9,steRilite
8,stéroïde,7,steRoid
6,stéréo,6,steReo
12,stéréophonie,10,steReofoni
14,stéréophonique,11,steReofonik
11,stéréoscope,10,steReoskOp
12,stéréoscopie,11,steReoskopi
14,stéréoscopique,12,steReoskopik
10,stéréotype,9,steReotip
11,stéréotyper,10,steReOtipe
11,stéréotypie,10,steReotipi
10,stéréotypé,10,steReotipe
11,stéthoscope,9,stetoskOp
2,su,2,sy
6,suaire,4,s8ER
5,suant,3,s8@
5,suave,4,s8av
9,suavement,7,s8av°m@
7,suavité,7,s8avite
3,sub,3,syb
13,sub-aquatique,10,sybakwatik
12,sub-atomique,9,sybatomik
12,sub-claquant,8,sybklak@
10,sub-espace,8,sybEspas
11,sub-normaux,8,sybnORmo
9,sub-vocal,8,sybvokal
15,sub-véhiculaire,11,sybveikylER
8,sub-zéro,7,sybzeRo
10,subalterne,9,sybaltERn
12,subaquatique,10,sybakwatik
11,subatomique,9,sybatomik
13,subcarpatique,11,sypkaRpatik
13,subcellulaire,10,sypsElylER
15,subconsciemment,10,sybk§sjam@
12,subconscient,8,sypk§sj@
10,subculture,9,sybkyltyR
11,subdivision,10,sybdivizj§
10,subduction,9,sybdyksj§
5,suber,5,sybER
5,subir,5,sybiR
5,subit,4,sybi
10,subitement,8,sybit°m@
6,subito,6,sybito
9,subjectif,9,sybZEktif
14,subjectivement,12,sybZEktiv°m@
13,subjectivisme,12,sybZEktivizm
13,subjectiviste,12,sybZEktivist
12,subjectivité,12,sybZEktivite
10,subjonctif,9,sybZ§ktif
11,subjugation,10,sybZygasj§
9,subjuguer,7,sybZyge
10,sublimable,9,syblimabl
11,sublimation,10,syblimasj§
7,sublime,6,syblim
11,sublimement,9,syblim°m@
8,sublimer,7,syblime
10,subliminal,10,sybliminal
12,sublimissime,10,syblimisim
9,sublimité,9,syblimite
7,sublimé,7,syblime
10,sublingual,9,sybl5g8al
10,sublunaire,8,syblynER
9,submerger,8,sybmERZe
8,submergé,8,sybmERZe
11,submersible,10,sybmERsibl
10,submersion,9,sybmERsj§
9,subodorer,8,sybodoRe
13,subordination,12,sybORdinasj§
11,subordonner,9,sybORdone
10,subordonné,9,sybORdone
11,subordonnée,9,sybORdone
11,subornation,10,sybORnasj§
8,suborner,7,sybORne
9,suborneur,8,sybORn9R
10,subreptice,9,sybREptis
14,subrepticement,12,sybREptis°m@
11,subrogation,10,sybRogasj§
11,subrécargue,9,sybRekaRg
7,subside,6,sypzid
11,subsidiaire,9,sybzidjER
15,subsidiairement,12,sybzidjER°m@
11,subsistance,9,sybzist@s
10,subsistant,8,sybzist@
9,subsister,8,sybziste
10,subsonique,8,sypsonik
9,substance,7,sypst@s
11,substantiel,10,sypst@sjEl
17,substantiellement,13,sypst@sjEl°m@
10,substantif,9,sypst@tif
14,substantifique,11,sypst@tifik
10,substituer,9,sypstit8e
9,substitut,8,sypstity
12,substitution,11,sypstitysj§
8,substrat,7,sypstRa
10,substratum,10,sypstRatOm
12,substruction,11,sypstRyksj§
13,subséquemment,9,sypsekam@
10,subséquent,7,sybsek@
10,subterfuge,9,syptERfyZ
6,subtil,6,syptil
11,subtilement,9,syptil°m@
10,subtiliser,9,syptilize
9,subtilité,9,syptilite
11,subtropical,11,syptRopikal
9,suburbain,7,sybyRb5
8,subvenir,8,sybv°niR
10,subvention,8,sybv@sj§
13,subventionner,10,sybv@sjone
12,subventionné,10,sybv@sjone
9,subversif,9,sybvERsif
10,subversion,9,sybvERsj§
9,subvertir,9,sybvERtiR
3,suc,3,syk
10,successeur,8,sykses9R
9,successif,8,syksesif
10,succession,8,syksesj§
14,successivement,11,syksesiv°m@
11,successoral,10,syksesoRal
8,succinct,5,syks5
13,succinctement,9,syks5t°m@
7,succion,5,sysj§
9,succomber,6,syk§be
7,succube,5,sykyb
10,succulence,7,sykyl@s
9,succulent,6,sykyl@
10,succursale,8,sykyRsal
6,succès,5,syksE
9,succédané,9,syksedane
8,succéder,7,syksede
5,sucer,4,syse
7,sucette,5,sysEt
6,suceur,5,sys9R
5,sucre,4,sykR
6,sucrer,5,sykRe
8,sucrerie,7,sykR°Ri
8,sucrette,6,sykREt
7,sucrier,7,sykRije
5,sucré,5,sykRe
3,sud,3,syd
12,sud-africain,9,sydafRik5
13,sud-américain,10,sydameRik5
10,sud-coréen,8,sydkoRe5
7,sud-est,6,sydEst
9,sud-ouest,7,sydwEst
11,sud-sud-est,9,sydsydEst
14,sud-vietnamien,12,sydvjEtnamj5
8,sudation,7,sydasj§
7,sudiste,6,sydist
10,sudoripare,9,sydoRipaR
6,sudète,5,sydEt
4,suer,3,s8e
6,suerte,6,swERte
5,sueur,4,s89R
8,sufficit,7,syfisit
7,suffire,5,syfiR
12,suffisamment,8,syfizam@
10,suffisance,7,syfiz@s
9,suffisant,6,syfiz@
9,suffocant,6,syfok@
11,suffocation,9,syfokasj§
9,suffoquer,6,syfoke
8,suffrage,6,syfRaZ
11,suffragette,8,syfRaZEt
7,suffète,5,syfEt
14,suggestibilité,14,sygZEstibilite
9,suggestif,9,sygZEstif
10,suggestion,9,sygZEstj§
13,suggestionner,11,sygZEstjone
12,suggestivité,12,sygZEstivite
8,suggérer,7,sygZeRe
3,sui,3,s8i
11,sui generis,10,Es8iZ°n°Ri
10,suicidaire,8,s8isidER
9,suicidant,7,s8isid@
7,suicide,6,s8isid
8,suicider,7,s8iside
7,suicidé,7,s8iside
4,suie,3,s8i
4,suif,4,s8if
6,suifer,5,s8ife
8,suiffard,6,s8ifaR
8,suiffeux,5,s8if2
5,suint,3,s85
8,suintant,5,s85t@
10,suintement,7,s85t°m@
7,suinter,5,s85te
6,suisse,4,s8is
5,suite,4,s8it
6,suitée,5,s8ite
4,suiv,4,s8iv
7,suivant,5,s8iv@
7,suiveur,6,s8iv9R
22,suivez-moi-jeune-homme,13,s8ivemwaZ9nOm
5,suivi,5,s8ivi
6,suivre,5,s8ivR
5,sujet,4,syZE
7,sujette,5,syZEt
8,sujétion,7,syZesj§
9,sulfamide,8,sylfamid
7,sulfate,6,sylfat
8,sulfater,7,sylfate
7,sulfaté,7,sylfate
12,sulfhydrique,9,sylfidRik
7,sulfite,6,sylfit
9,sulfonate,8,sylfOnat
10,sulfonique,8,sylfOnik
7,sulfure,6,sylfyR
9,sulfureux,7,sylfyR2
10,sulfurique,8,sylfyRik
9,sulfurisé,9,sylfyRize
7,sulfuré,7,sylfyRe
5,sulky,5,sylki
9,sulpicien,8,sylpisj5
6,sultan,5,sylt@
8,sultanat,7,syltana
7,sultane,6,syltan
5,sumac,5,symak
6,summum,5,s9mOm
4,sumo,4,symo
8,sumérien,7,symeRj5
8,sunlight,7,s9nlajt
5,sunna,4,syna
5,super,5,sypER
12,super-espion,10,sypEREspj§
12,super-pilote,10,sypERpilOt
7,superbe,6,sypERb
11,superbement,9,sypERb°m@
16,supercalculateur,15,sypERkalkylat9R
14,supercarburant,12,sypERkaRbyR@
13,superchampion,10,sypERS@pj§
11,supercherie,9,sypERS°Ri
12,superfamille,10,sypERfamij
14,superficialité,14,sypERfisjalite
10,superficie,9,sypERfisi
11,superficiel,11,sypERfisjEl
17,superficiellement,14,sypERfisjEl°m@
8,superfin,7,sypERf5
8,superflu,8,sypERfly
11,superfluité,11,sypERfl8ite
14,superfétatoire,13,sypERfetatwaR
10,supergrand,8,sypERgR@
14,superintendant,10,sypER5t@d@
15,superintendante,11,sypER5t@d@t
10,superlatif,10,sypERlatif
15,superlativement,13,sypERlativ°m@
8,superman,8,sypERman
11,supermarché,10,sypERmaRSe
9,supernova,9,sypERnova
15,superordinateur,14,sypERORdinat9R
12,superposable,11,sypERpozabl
10,superposer,9,sypERpoze
13,superposition,12,sypERpozisj§
9,superposé,9,sypERpoze
15,superproduction,14,sypERpRodyksj§
14,superpuissance,11,sypERp8is@s
13,superpuissant,10,sypERp8is@
12,supersonique,10,sypERsonik
9,superstar,9,sypERstaR
18,superstitieusement,15,sypERstisj2z°m@
13,superstitieux,11,sypERstisj2
12,superstition,11,sypERstisj§
14,superstructure,13,sypERstRyktyR
11,supertanker,10,sypERt@kER
10,superviser,9,sypERvize
11,superviseur,10,sypERviz9R
11,supervision,10,sypERvizj§
5,supin,4,syp5
10,supination,9,sypinasj§
10,supplanter,7,sypl@te
9,suppliant,7,syplij@
12,supplication,10,syplikasj§
8,supplice,6,syplis
11,suppliciant,8,syplisj@
10,supplicier,8,syplisje
9,supplicié,8,syplisje
8,supplier,7,syplije
9,supplique,6,syplik
10,suppléance,7,syple@s
9,suppléant,6,syple@
8,suppléer,6,syplee
10,supplément,7,syplem@
14,supplémentaire,10,syplem@tER
12,supplémenter,9,syplem@te
7,support,5,sypOR
11,supportable,9,sypORtabl
9,supporter,8,sypoRt9R
9,supporter,7,sypoRte
10,supporteur,8,sypORt9R
10,supposable,8,sypozabl
8,supposer,6,sypoze
11,supposition,9,sypozisj§
12,suppositoire,10,sypozitwaR
7,supposé,6,sypoze
11,supposément,8,sypozem@
11,suppresseur,8,sypREs9R
11,suppression,8,sypResj§
9,supprimer,7,sypRime
9,suppurant,6,sypyR@
11,suppuration,9,sypyRasj§
8,suppurer,6,sypyRe
11,supputation,9,sypytasj§
8,supputer,6,sypyte
6,suppôt,4,sypo
5,supra,5,sypRa
12,supra-humain,8,sypRaym5
15,supraconducteur,13,sypRak§dykt9R
17,supraconductivité,16,sypRak§dyktivite
13,supranational,13,sypRanasjonal
12,supranaturel,12,sypRanatyREl
14,supraterrestre,12,sypRatEREstR
10,suprématie,9,sypRemasi
7,suprême,6,sypREm
11,suprêmement,9,sypREm°m@
9,supérette,7,sypeREt
9,supérieur,8,sypeRj9R
14,supérieurement,11,sypeRj9R°m@
11,supériorité,11,sypeRjoRite
3,sur,3,syR
12,sur-le-champ,7,syRl°S@
10,sur-mesure,8,syRm°zyR
9,sur-place,7,syRplas
14,surabondamment,10,syRab§dam@
12,surabondance,9,syRab§d@s
11,surabondant,8,syRab§d@
10,suractiver,9,syRaktive
11,suractivité,11,syRaktivite
9,suractivé,9,syRaktive
13,suradaptation,12,syRadaptasj§
9,suradapté,9,syRadapte
5,surah,4,syRa
7,suraigu,6,syRegy
10,surajouter,8,syRaZute
15,suralimentation,13,syRalim@tasj§
12,suralimenter,10,syRalim@te
7,suranné,6,syRane
6,surard,5,syRaR
11,surarmement,9,syRaRm2m@
9,surbaissé,7,syRbEse
8,surbooké,7,syRbuke
7,surboum,6,syRbum
12,surbrillance,9,syRbRij@s
8,surbrodé,8,syRbROde
11,surcapacité,11,syRkapasite
9,surcharge,7,syRSaRZ
10,surcharger,8,syRSaRZe
10,surchauffe,6,syRSof
11,surchauffer,7,syRSofe
8,surchoix,6,syRSwa
10,surclasser,8,syRklase
15,surcompensation,12,syRk§p@sasj§
12,surcompenser,9,syRk§p@se
15,surconsommation,12,syRk§sOmasj§
9,surcontre,7,syRk§tR
6,surcot,5,syRko
7,surcoût,5,syRku
8,surcroît,7,syRkRwa
14,surdimensionné,13,syRdijm@sjone
7,surdité,7,syRdite
9,surdosage,8,syRdozaZ
7,surdose,6,syRdoz
7,surdoué,6,syRdwe
13,surdévelopper,11,syRdev°lOpe
12,surdéveloppé,11,syRdev°lOpe
6,sureau,4,syRo
11,sureffectif,10,syRefEktif
9,suremploi,8,syR@plwa
10,surenchère,7,syR@SER
11,surenchérir,9,syR@SeRiR
15,surentraînement,11,syR@tREn°m@
11,surentraîné,9,syR@tREne
13,surestimation,12,syREstimasj§
10,surestimer,9,syREstime
5,suret,4,syRE
13,surexcitation,12,syREksitasj§
10,surexciter,9,syREksite
13,surexposition,13,syREkspozisj§
4,surf,4,s9Rf
7,surface,6,syRfas
8,surfacer,7,syRfase
10,surfactant,8,syRfakt@
14,surfacturation,13,syRfaktyRasj§
11,surfacturer,10,syRfaktyRe
8,surfaire,6,syRfER
7,surfait,5,syRfE
9,surfaçage,8,syRfasaZ
6,surfer,5,s9Rfe
7,surfeur,6,s9Rf9R
9,surfilage,8,syRfilaZ
6,surfin,5,syRf5
8,surgeler,7,syRZ°le
7,surgelé,7,syRZ°le
7,surgeon,5,syRZ§
6,surgir,6,syRZiR
12,surgissement,9,syRZis°m@
5,surgé,5,syRZe
13,surgénérateur,12,syRZeneRat9R
8,surhomme,5,syROm
9,surhumain,6,syRym5
11,surhumanité,10,syRymanite
4,suri,4,syRi
8,suricate,7,syRikat
6,surimi,6,syRimi
13,surimpression,10,syR5pResj§
5,surin,4,syR5
7,suriner,6,syRine
14,surinformation,12,syR5fORmasj§
13,surintendance,9,syR5t@d@s
12,surintendant,8,syR5t@d@
12,surintensité,10,syR5t@site
17,surinvestissement,13,syR5vEstis°m@
5,surir,5,syRiR
6,surjet,5,syRZE
12,surlendemain,9,syRl@d°m5
9,surligner,7,syRliNe
10,surligneur,8,syRliN9R
9,surmenage,8,syRm°naZ
9,surmenant,7,syRm°n@
8,surmener,7,syRm°ne
7,surmené,7,syRm°ne
6,surmoi,6,syRmwa
9,surmonter,7,syRm§te
8,surmulot,7,syRmylo
7,surmâle,6,syRmal
17,surmédicalisation,16,syRmedikalizasj§
10,surnageant,7,syRnaZ@
8,surnager,7,syRnaZe
10,surnaturel,10,syRnatyREl
6,surnom,5,syRn§
9,surnombre,7,syRn§bR
9,surnommer,7,syRnome
8,surnommé,7,syRnome
12,surnuméraire,10,syRnymeRER
11,suroxygéner,11,syROksiZene
10,suroxygéné,11,syROksiZene
6,suroît,5,syRwa
9,surpasser,7,syRpase
8,surpatte,6,syRpat
13,surpeuplement,10,syRp9pl°m@
10,surpeupler,8,syRp9ple
9,surpeuplé,8,syRp9ple
8,surplace,7,syRplas
7,surplis,6,syRpli
8,surplomb,6,syRpl§
11,surplombant,8,syRpl§b@
10,surplomber,8,syRpl§be
7,surplus,6,syRply
8,surpoids,6,syRpwa
13,surpopulation,12,syRpopylasj§
10,surprenant,8,syRpR°n@
10,surprendre,8,syRpR@dR
11,surpresseur,9,syRpRes9R
11,surpression,9,syRpREsj§
8,surprime,7,syRpRim
7,surpris,6,syRpRi
8,surprise,7,syRpRiz
15,surprise-partie,12,syRpRizpaRti
14,surprise-party,12,syRpRizpaRti
13,surproduction,12,syRpRodyksj§
13,surprotecteur,12,syRpRotEkt9R
11,surprotéger,10,syRpROteZe
12,surpuissance,9,syRp8is@s
11,surpuissant,8,syRp8is@
11,surqualifié,10,syRkalifje
11,surréalisme,10,syRRealizm
11,surréaliste,10,syRRealist
10,surréalité,10,syRRealite
7,surréel,7,syRReEl
9,surrégime,8,syRReZim
8,surrénal,8,syRRenal
11,surrénalien,10,syRRenalj5
14,surréservation,12,syRezERvasj§
7,sursaut,5,syRso
9,sursauter,7,syRsote
8,surseoir,7,syRswaR
6,sursis,5,syRsi
10,sursitaire,8,syRsitER
12,sursum corda,11,syRsOmkORda
7,surtaxe,7,syRtaks
8,surtaxer,8,syRtakse
8,surtendu,7,syRt@dy
10,surtension,8,syRt@sj§
7,surtout,5,syRtu
12,surveillance,8,syRvEj@s
11,surveillant,7,syRvEj@
10,surveiller,7,syRveje
8,survenir,8,syRv°niR
8,survenue,7,syRv°ny
6,survie,5,syRvi
10,survitesse,8,syRvitEs
12,survivaliste,11,syRvivalist
10,survivance,8,syRviv@s
9,survivant,7,syRviv@
8,survivre,7,syRvivR
6,survol,6,syRvOl
8,survoler,7,syRvole
10,survoltage,9,syRvOltaZ
10,survolteur,9,syRvOlt9R
8,survolté,8,syRvOlte
6,survêt,5,syRvE
11,survêtement,9,syRvEt°m@
9,surélever,8,syRel°ve
12,surélévation,11,syRelevasj§
13,surévaluation,12,syReval8asj§
3,sus,3,sys
13,sus-orbitaire,10,sysORbitER
14,susceptibilité,13,sysEptibilite
11,susceptible,9,sysEptibl
8,susciter,6,sysite
11,suscription,10,syskRipsj§
6,susdit,5,sysdi
5,sushi,4,suSi
12,susmentionné,10,sysm@sjone
8,susnommé,7,sysnome
7,suspect,5,syspE
9,suspecter,8,syspEkte
9,suspendre,7,sysp@dR
8,suspendu,7,sysp@dy
7,suspens,5,sysp@
8,suspense,7,syspEns
10,suspenseur,8,sysp@s9R
9,suspensif,8,sysp@sif
10,suspension,8,sysp@sj§
10,suspensoir,9,sysp@swaR
8,suspente,6,sysp@t
15,suspicieusement,12,syspisj2z°m@
10,suspicieux,8,syspisj2
9,suspicion,8,syspisj§
12,sustentation,10,syst@tasj§
9,sustenter,7,syst@te
4,susu,4,sysy
7,susucre,6,sysykR
11,susurrement,8,sysyR°m@
8,susurrer,6,sysyRe
5,sutra,5,sutRa
6,suture,5,sytyR
7,suturer,6,sytyRe
6,sutémi,6,sutemi
8,suzerain,5,syzR5
11,suzeraineté,9,syzREn°te
6,suçage,5,sysaZ
6,suçoir,6,syswaR
5,suçon,4,sys§
7,suçoter,6,sysote
5,suède,4,s8Ed
7,suédine,6,s8edin
7,suédois,6,s8edwa
4,suée,3,s8e
8,svastika,8,svastika
6,svelte,5,svElt
9,sveltesse,7,svEltEs
3,svp,6,Esvepe
7,swahili,6,swaili
11,sweat-shirt,8,switS9Rt
7,sweater,6,swit9R
10,sweepstake,9,swipstEjk
5,swing,4,swiG
11,sybaritisme,10,sibaRitizm
8,sycomore,7,sikomOR
10,sycophante,7,sikof@t
7,syllabe,5,silab
8,syllabus,7,silabys
8,syllepse,6,silEps
10,syllogisme,8,siloZizm
13,syllogistique,10,siloZistik
8,sylphide,6,silfid
7,sylvain,5,silv5
8,sylvaner,8,silvanER
5,sylve,4,silv
9,sylvestre,8,silvEstR
12,sylviculture,11,silvikyltyR
6,sylvie,5,silvi
9,symbionte,6,s5bj§t
8,symbiose,6,s5bjoz
8,symbiote,6,s5bjOt
11,symbiotique,8,s5bjotik
7,symbole,5,s5bOl
10,symbolique,7,s5bolik
14,symboliquement,10,s5bolik°m@
11,symbolisant,8,s5boliz@
13,symbolisation,11,s5bolizasj§
10,symboliser,8,s5bolize
10,symbolisme,8,s5bolizm
10,symboliste,8,s5bolist
5,sympa,4,s5pa
14,sympathectomie,11,s5patEktomi
9,sympathie,6,s5pati
11,sympathique,7,s5patik
12,sympathisant,8,s5patiz@
11,sympathiser,8,s5patize
17,sympathomimétique,13,s5patomimetik
9,symphonie,6,s5foni
11,symphonique,7,s5fonik
8,symphyse,5,s5fiz
9,symposium,8,s5pozjOm
13,symptomatique,10,s5ptomatik
15,symptomatologie,13,s5ptOmatOlOZi
8,symptôme,6,s5ptom
8,symétrie,7,simetRi
10,symétrique,8,simetRik
14,symétriquement,11,simetRik°m@
9,synagogue,7,sinagOg
7,synapse,6,sinaps
10,synaptique,8,sinaptik
7,synchro,5,s5kRo
9,synchrone,6,s5kRon
10,synchronie,7,s5kRoni
12,synchronique,8,s5kRonik
15,synchronisation,12,s5kRonizasj§
12,synchroniser,9,s5kRonize
13,synchroniseur,10,s5kROniz9R
12,synchronisme,9,s5kRonizm
11,synchrotron,8,s5kRotR§
8,syncopal,7,s5kopal
7,syncope,5,s5kOp
8,syncoper,6,s5kOpe
7,syncopé,6,s5kope
11,syncrétisme,9,s5kRetizm
11,syncrétiste,9,s5kRetist
9,syncytial,8,s5sitjal
6,syndic,5,s5dik
8,syndical,7,s5dikal
15,syndicalisation,13,s5dikalizasj§
12,syndicaliser,10,s5dikalize
12,syndicalisme,10,s5dikalizm
12,syndicaliste,10,s5dikalist
8,syndicat,6,s5dika
11,syndication,9,s5dikasj§
9,syndiquer,6,s5dike
8,syndiqué,6,s5dike
8,syndrome,6,s5dRom
10,synecdoque,8,sinEkdOk
8,synergie,7,sinERZi
10,synergique,8,sinERZik
12,synergétique,10,sinERZetik
11,synesthésie,9,sinEstezi
6,synode,5,sinOd
8,synonyme,7,sinonim
8,synopsie,7,sinOpsi
8,synopsis,8,sinOpsis
10,synoptique,8,sinOptik
8,synovite,7,sinOvit
8,syntagme,6,s5tagm
7,syntaxe,6,s5taks
10,syntaxique,8,s5taksik
8,synthèse,5,s5tEz
6,synthé,4,s5te
11,synthétique,7,s5tetik
15,synthétiquement,10,s5tetik°m@
11,synthétiser,8,s5tetize
12,synthétiseur,9,s5tetiz9R
8,syphilis,7,sifilis
12,syphilitique,9,sifilitik
5,syrah,4,siRa
8,syriaque,6,siRjak
6,syrien,5,siRj5
13,syringomyélie,11,siR5gOmjeli
6,syrinx,6,siR5ks
4,syro,4,siRo
7,systole,6,sistOl
10,systolique,8,sistolik
7,système,6,sistEm
12,systématique,10,sistematik
16,systématiquement,13,sistematik°m@
15,systématisation,14,sistematizasj§
12,systématiser,11,sistematize
11,systématisé,11,sistematize
10,systémique,8,sistemik
7,syzygie,6,siziZi
7,syénite,6,sjenit
13,sèche-cheveux,7,sESS°v2
11,sèche-linge,6,sESl5Z
11,sèche-mains,5,sESm5
9,sèchement,6,sES°m@
4,sème,3,sEm
4,sève,3,sEv
6,sèvres,4,sEvR
6,séance,4,se@s
5,séant,3,se@
6,sébacé,6,sebase
7,sébaste,6,sebast
6,sébile,5,sebil
9,séborrhée,6,seboRe
12,séborrhéique,8,sebOReik
5,sébum,5,sebOm
8,sécateur,7,sekat9R
9,sécession,7,sesesj§
14,sécessionniste,11,sesesjOnist
7,séchage,5,seSaZ
7,séchard,5,seSaR
6,sécher,4,seSe
10,sécheresse,7,seS°REs
8,sécherie,6,seS°Ri
7,séchoir,6,seSwaR
7,sécolle,5,sekOl
5,sécot,4,seko
8,sécréter,7,sekRete
9,sécréteur,8,sekRet9R
9,sécrétine,8,sekRetin
9,sécrétion,8,sekResj§
4,sécu,4,seky
9,séculaire,7,sekylER
13,séculairement,10,sekylER°m@
11,séculariser,10,sekylaRize
8,séculier,7,sekylje
10,sécurisant,8,sekyRiz@
12,sécurisation,11,sekyRizasj§
9,sécuriser,8,sekyRize
7,sécurit,6,sekyRi
11,sécuritaire,9,sekyRitER
8,sécurité,8,sekyRite
7,sédatif,7,sedatif
8,sédation,7,sedasj§
10,sédentaire,7,sed@tER
15,sédentarisation,13,sed@taRizasj§
12,sédentariser,10,sed@taRize
12,sédentarisme,10,sed@taRizm
11,sédentarité,10,sed@taRite
8,sédiment,6,sedim@
12,sédimentaire,9,sedim@tER
13,sédimentation,11,sedim@tasj§
9,séditieux,7,sedisj2
8,sédition,7,sedisj§
9,séducteur,8,sedykt9R
9,séduction,8,sedyksj§
7,séduire,6,sed8iR
9,séduisant,7,sed8iz@
6,séduit,5,sed8i
8,séfarade,7,sefaRad
11,ségrégation,10,segRegasj§
16,ségrégationniste,14,segRegasjOnist
10,séguedille,7,seg°dij
5,séide,4,seid
6,séisme,5,seizm
6,séjour,5,seZuR
9,séjourner,7,seZuRne
6,sélect,6,selEkt
9,sélecteur,8,selEkt9R
8,sélectif,8,selEktif
9,sélection,8,selEksj§
12,sélectionner,10,selEksjone
13,sélectionneur,11,selEksjon9R
14,sélectionneuse,11,selEksjOn2z
11,sélectionné,10,selEksjone
13,sélectivement,11,selEktiv°m@
11,sélectivité,11,selEktivite
8,sélénite,7,selenit
8,sélénium,8,selenjOm
9,séléniure,8,selenjyR
13,sélénographie,11,selenogRafi
10,sémantique,7,sem@tik
9,sémaphore,7,semafOR
9,sémillant,6,semij@
8,sémillon,6,semij§
9,séminaire,7,seminER
7,séminal,7,seminal
11,séminariste,10,seminaRist
8,séminole,7,seminOl
8,séminome,7,seminom
10,sémiologie,9,semjoloZi
10,sémiologue,8,semjolOg
10,sémiotique,8,semjotik
6,sémite,5,semit
9,sémitique,7,semitik
5,sénat,4,sena
8,sénateur,7,senat9R
10,sénatorial,10,senatoRjal
16,sénatus-consulte,13,senatysk§sylt
10,sénescence,7,senes@s
6,sénevé,6,sEn°ve
6,sénile,5,senil
10,sénilement,8,senil°m@
8,sénilité,8,senilite
4,séné,4,sene
8,sénéchal,7,seneSal
10,sénégalais,8,senegalE
8,séoudite,6,seudit
6,sépale,5,sepal
9,séparable,8,sepaRabl
10,séparateur,9,sepaRat9R
10,séparation,9,sepaRasj§
11,séparatiste,10,sepaRatist
7,séparer,6,sepaRe
6,séparé,6,sepaRe
10,séparément,8,sepaRem@
9,sépharade,7,sefaRad
5,sépia,5,sepja
9,sépulcral,9,sepylkRal
8,sépulcre,7,sepylkR
9,sépulture,8,sepyltyR
8,séquelle,5,sekEl
8,séquence,5,sek@s
9,séquencer,6,sek@se
10,séquenceur,7,sek@s9R
10,séquentiel,8,sek@sjEl
16,séquentiellement,11,sek@sjEl°m@
10,séquençage,7,sek@saZ
13,séquestration,11,sekEstRasj§
9,séquestre,7,sekEstR
10,séquestrer,8,sekEstRe
7,séquoia,6,sekoja
5,sérac,5,seRak
6,sérail,5,seRaj
8,séraphin,6,seRaf5
10,séraphique,7,seRafik
6,séreux,4,seR2
6,sérial,6,seRjal
5,série,4,seRi
6,sériel,6,seRjEl
6,sérier,5,seRje
12,sérieusement,9,seRj2z°m@
7,sérieux,5,seRj2
7,sérique,5,seRik
9,sérologie,8,seRoloZi
11,séronégatif,11,seRonegatif
6,séropo,6,seRopo
11,séropositif,11,seRopozitif
12,séropositive,11,seRopozitiv
14,séropositivité,14,seRopozitivite
8,sérosité,8,seRozite
10,sérotonine,9,seRotonin
5,sérum,5,seROm
8,sérénade,7,seRenad
11,sérénissime,9,seRenisim
8,sérénité,8,seRenite
6,sésame,5,sezam
5,séton,4,set§
7,sévices,5,sevis
8,sévillan,6,sevil@
5,sévir,5,seviR
9,sévrienne,8,sevRijEn
6,sévère,5,sevER
10,sévèrement,8,sevER°m@
8,sévérité,8,seveRite
7,sézigue,5,sezig
3,sûr,3,syR
8,sûrement,6,syR°m@
6,sûreté,6,syR°te
1,t,1,t
2,t',1,t
7,t-shirt,6,tiS9Rt
2,ta,2,ta
3,tab,3,tab
5,tabac,4,taba
7,tabagie,6,tabaZi
9,tabagisme,8,tabaZizm
6,tabard,5,tabaR
7,tabaski,7,tabaski
9,tabassage,7,tabasaZ
8,tabasser,6,tabase
8,tabassée,6,tabase
9,tabatière,8,tabatjER
9,tabellion,7,tabelj§
10,tabernacle,9,tabERnakl
5,tabla,5,tabla
9,tablature,8,tablatyR
5,table,4,tabl
12,table-bureau,9,tabl°byRo
15,table-coiffeuse,10,tablkwaf2z
7,tableau,5,tablo
10,tableautin,7,tablot5
6,tabler,5,table
8,tablette,6,tablEt
11,tabletterie,9,tablEt°Ri
7,tableur,6,tabl9R
7,tablier,7,tablije
7,tabloïd,7,tablOid
8,tabloïde,7,tabloid
6,tablée,5,table
5,tabor,5,tabOR
5,tabou,4,tabu
7,taboulé,6,tabule
8,tabouret,6,tabuRE
9,tabulaire,7,tabylER
10,tabulateur,9,tabylat9R
5,tabès,5,tabEs
3,tac,3,tak
7,tacatac,7,takatak
11,tacatacatac,11,takatakatak
5,tache,3,taS
6,tacher,4,taSe
8,tacheter,6,taS°te
8,tachiste,6,taSist
13,tachyarythmie,10,takiaRitmi
11,tachycardie,9,takikaRdi
10,tachymètre,8,takimEtR
7,tachyon,5,takj§
11,tachéomètre,9,takeomEtR
6,tacite,5,tasit
10,tacitement,8,tasit°m@
9,taciturne,8,tasityRn
11,taciturnité,11,tasityRnite
5,tacle,4,takl
6,tacler,5,takle
4,taco,4,tako
5,tacon,4,tak§
8,taconnet,6,takOnE
5,tacot,4,tako
4,tact,4,takt
9,tacticien,8,taktisj5
7,tactile,6,taktil
11,tactilement,9,taktil°m@
8,tactique,6,taktik
12,tactiquement,9,taktik°m@
6,tadjik,6,tadZik
7,tadorne,6,tadORn
6,taenia,5,tenja
3,taf,3,taf
8,tafanard,7,tafanaR
5,taffe,3,taf
8,taffetas,6,taf°ta
5,tafia,5,tafja
3,tag,3,tag
6,tagada,6,tagada
7,tagalog,7,tagalOg
6,tagger,4,tage
11,tagliatelle,9,tagliatEl
6,taguer,4,tage
7,tagueur,5,tag9R
8,tahitien,6,taisj5
7,tai-chi,6,tajtSi
4,taie,2,tE
9,taillable,6,tajabl
8,taillade,5,tajad
9,taillader,6,tajade
11,taillandier,7,taj@dje
6,taille,3,taj
13,taille-crayon,8,tajkREj§
12,taille-douce,6,tajdus
11,taille-haie,4,tajE
7,tailler,4,taje
8,tailleur,5,taj9R
17,tailleur-pantalon,11,taj9Rp@tal§
9,tailleuse,5,taj2z
7,taillis,4,taji
8,tailloir,6,tajwaR
6,taillé,4,taje
4,tain,2,t5
5,taire,3,tER
7,taiseux,4,tEz2
6,tajine,5,taZin
8,take-off,5,tEkOf
4,tala,4,tala
20,talavera de la reina,16,talav°Rad°laREna
6,talbin,5,talb5
4,talc,4,talk
6,talent,4,tal@
15,talentueusement,11,tal@t82z°m@
10,talentueux,7,tal@t82
5,taler,4,tale
6,taleth,5,talEt
7,taliban,6,talib@
6,talion,5,talj§
8,talisman,8,talisman
6,talkie,5,tOlki
13,talkie-walkie,10,tOlkiwOlki
5,talle,3,tal
6,taller,4,tale
8,tallipot,6,talipo
8,talmouse,6,talmuz
10,talmudique,8,talmydik
10,talmudiste,9,talmydist
7,taloche,5,talOS
8,talocher,6,taloSe
5,talon,4,tal§
8,talonner,6,talone
10,talonnette,7,talonEt
9,talonneur,7,talon9R
7,talquer,5,talke
5,talus,4,taly
7,tam-tam,6,tamtam
10,tamagotchi,9,tamagotSi
8,tamanoir,8,tamanwaR
7,tamarin,6,tamaR5
10,tamarinier,9,tamaRinje
7,tamaris,7,tamaRis
10,tambouille,5,t@buj
7,tambour,5,t@buR
13,tambour-major,10,t@buRmaZOR
9,tambourin,6,t@buR5
12,tambourinade,9,t@buRinad
13,tambourinaire,9,t@buRinER
14,tambourinement,10,t@buRin°m@
11,tambouriner,8,t@buRine
12,tambourineur,9,t@buRin9R
5,tamia,5,tamja
5,tamis,4,tami
8,tamisage,7,tamizaZ
6,tamise,5,tamiz
7,tamiser,6,tamize
8,tamiseur,7,tamiz9R
6,tamisé,6,tamize
6,tamoul,5,tamul
7,tamouré,6,tamuRe
6,tampax,6,t@paks
6,tampon,4,t@p§
13,tampon-buvard,9,t@p§byvaR
10,tamponnade,7,t@pOnad
10,tamponnage,7,t@ponaZ
12,tamponnement,8,t@pOn°m@
9,tamponner,6,t@pone
10,tamponneur,7,t@pon9R
10,tamponnoir,8,t@ponwaR
6,tamtam,6,tamtam
3,tan,2,t@
7,tan-sad,5,t@sad
8,tanaisie,6,tanEzi
6,tancer,4,t@se
6,tanche,3,t@S
6,tandem,5,t@dEm
9,tandis qu,5,t@dik
10,tandis que,6,t@dik2
8,tandoori,6,t@doRi
7,tangage,5,t@gaZ
7,tangara,6,t@gaRa
8,tangence,5,t@Z@s
7,tangent,4,t@Z@
8,tangente,5,t@Z@t
10,tangentiel,8,t@Z@sjEl
9,tangerine,10,t@n°Z2Rajn
11,tangibilité,10,t@Zibilite
8,tangible,6,t@Zibl
5,tango,4,t@go
6,tangon,4,t@g§
6,tangue,3,t@g
7,tanguer,4,t@ge
9,tangérois,7,t@ZeRwa
5,tanin,4,tan5
7,tanière,6,tanjER
4,tank,3,t@k
5,tanka,4,t@ka
6,tanker,5,t@k9R
8,tankiste,6,t@kist
7,tannage,5,tanaZ
7,tannant,4,tan@
5,tanne,3,tan
6,tanner,4,tane
8,tannerie,6,tan°Ri
7,tanneur,5,tan9R
6,tannin,4,tan5
5,tanné,4,tane
6,tannée,4,tane
6,tanrec,5,t@REk
6,tansad,5,t@sad
4,tant,2,t@
5,tante,3,t@t
7,tantine,5,t@tin
8,tantinet,6,t@tinE
8,tantouse,5,t@tuz
8,tantouze,5,t@tuz
6,tantra,5,t@tRa
9,tantrique,6,t@tRik
9,tantrisme,7,t@tRizm
6,tantôt,4,t@to
3,tao,3,tao
4,taon,2,t@
7,taoïsme,6,taoizm
7,taoïste,6,taoist
3,tap,3,tap
6,tapage,5,tapaZ
8,tapageur,7,tapaZ9R
6,tapant,4,tap@
4,tape,3,tap
8,tape-cul,5,tapky
13,tape-à-l'oeil,7,tapal9j
7,tapecul,5,tapky
8,tapement,6,tap°m@
8,tapenade,7,tap°nad
5,taper,4,tape
7,tapette,5,tapEt
6,tapeur,5,tap9R
4,tapi,4,tapi
5,tapin,4,tap5
8,tapinage,7,tapinaZ
7,tapiner,6,tapine
7,tapioca,7,tapjoka
5,tapir,5,tapiR
5,tapis,4,tapi
12,tapis-brosse,8,tapibROs
8,tapisser,6,tapise
10,tapisserie,8,tapis°Ri
9,tapissier,7,tapisje
10,tapotement,8,tapOt°m@
7,tapoter,6,tapote
7,tapotis,6,tapoti
4,tapé,4,tape
5,tapée,4,tape
6,taquet,4,takE
6,taquin,4,tak5
8,taquiner,6,takine
10,taquinerie,8,takin°Ri
7,taquoir,6,takwaR
10,tarabiscot,9,taRabisko
11,tarabiscoté,11,taRabiskote
10,tarabuster,9,taRabyste
6,tarama,6,taRama
6,tarare,5,taRaR
8,taratata,8,taRatata
6,taraud,4,taRo
9,taraudant,6,taRod@
8,tarauder,6,taRode
7,tarbais,5,taRbE
9,tarbouche,6,taRbuS
8,tarbouif,7,taRbuif
4,tard,3,taR
9,tard-venu,7,taRv°ny
6,tarder,5,taRde
8,tarderie,7,taRd°Ri
6,tardif,6,taRdif
10,tardigrade,9,taRdigRad
9,tardillon,7,taRdij§
11,tardivement,9,taRdiv°m@
4,tare,3,taR
10,tarentelle,7,taR@tEl
9,tarentule,7,taR@tyl
5,taret,4,taRE
5,targe,4,taRZ
8,targette,6,taRZEt
7,targuer,5,taRge
6,targui,5,taRgi
4,tari,4,taRi
6,taride,5,taRid
5,tarif,5,taRif
12,tarification,11,taRifikasj§
5,tarin,4,taR5
5,tarir,5,taRiR
11,tarissement,8,taRis°m@
7,tarière,6,taRjER
9,tarlatane,8,taRlatan
6,tarmac,6,taRmak
4,taro,4,taRo
5,tarot,4,taRo
6,tarpan,5,taRp@
6,tarpon,5,taRp§
5,tarpé,5,taRpe
10,tarpéienne,8,taRpejEn
5,tarse,4,taRs
7,tarsier,6,taRsje
6,tartan,5,taRt@
7,tartare,6,taRtaR
8,tartarin,7,taRtaR5
5,tarte,4,taRt
12,tarte-minute,9,taRtminyt
10,tartelette,8,taRt°lEt
10,tartempion,8,taRt@pj§
11,tartignolle,8,taRtiNOl
7,tartine,6,taRtin
8,tartiner,7,taRtine
6,tartir,6,taRtiR
7,tartiss,6,taRtis
10,tartouille,6,taRtuj
6,tartre,5,taRtR
7,tartufe,6,taRtyf
10,tartuferie,9,taRtyf°Ri
11,tartufferie,9,taRtyf°Ri
6,tarzan,5,taRz@
4,taré,4,taRe
3,tas,2,ta
9,tasmanien,8,tasmanj5
5,tasse,3,tas
7,tasseau,4,taso
9,tassement,6,tas°m@
6,tasser,4,tase
7,tassili,6,tasili
5,tassé,4,tase
9,taste-vin,8,tajst°v5
4,tata,4,tata
6,tatami,6,tatami
6,tatane,5,tatan
5,tatar,5,tataR
8,tatillon,6,tatij§
11,tatillonner,8,tatijone
5,tatin,4,tat5
5,tatou,4,tatu
8,tatouage,6,tatwaZ
7,tatouer,5,tatwe
8,tatoueur,6,tatw9R
6,tatoué,5,tatwe
3,tau,2,to
5,taube,3,tob
6,taudis,4,todi
7,taulard,5,tolaR
5,taule,3,tol
7,taulier,5,tolje
5,taupe,3,top
9,taupicide,7,topisid
6,taupin,4,top5
10,taupinière,8,topinjER
5,taupé,4,tope
5,taure,3,toR
7,taureau,4,toRo
9,taurillon,6,toRij§
6,taurin,4,toR5
9,taurobole,7,toRobOl
11,tauromachie,8,toRomaSi
13,tauromachique,9,toRomaSik
10,tautologie,8,totoloZi
4,taux,2,to
5,tavel,5,tavEl
6,tavelé,6,tav°le
7,taverne,6,tavERn
9,tavernier,8,tavERnje
8,taxation,8,taksasj§
9,taxaudier,8,taksodje
4,taxe,4,taks
5,taxer,5,takse
4,taxi,5,taksi
9,taxi-auto,8,taksiOto
12,taxi-brousse,9,taksibRus
9,taxi-girl,9,taksig9Rl
10,taxidermie,10,taksidERmi
12,taxidermiste,12,taksidERmist
7,taximan,8,taksiman
9,taximètre,9,taksimEtR
9,taxinomie,9,taksinomi
11,taxinomique,10,taksinomik
11,taxinomiste,11,taksinOmist
9,taxiphone,8,taksifOn
9,taxonomie,9,taksonomi
11,taxonomique,10,taksOnOmik
4,taxé,5,takse
10,taylorisme,8,tEloRizm
7,taï chi,5,tajSi
6,taïaut,4,tajo
5,taïga,5,tajga
7,tchador,6,tSadOR
5,tchao,4,tSao
8,tchatche,5,tSatS
9,tchatcher,6,tSatSe
10,tcherkesse,7,tSERkEs
11,tchernoziom,9,tSERnozj§
8,tchetnik,7,tSEtnik
11,tchin tchin,8,tSintSin
11,tchin-tchin,8,tSintSin
7,tchèque,4,tSEk
14,tchécoslovaque,11,tSekOslovak
9,tchékiste,7,tSekist
10,tchétchène,7,tSetSEn
2,te,2,t°
7,te deum,6,tedeum
8,tea-room,5,tiRum
4,team,3,tim
6,teaser,5,tiz9R
3,tec,3,tEk
10,technicien,8,tEknisj5
10,technicité,9,tEknisite
20,technico-commerciaux,15,tEknikokomERsjo
11,technicolor,10,tEknikolOR
9,technique,6,tEknik
13,techniquement,9,tEknik°m@
6,techno,5,tEkno
11,technocrate,9,tEknokRat
14,technocratique,11,tEknokRatik
14,technocratisme,12,tEknokRatizm
11,technologie,9,tEknoloZi
13,technologique,10,tEknoloZik
17,technologiquement,13,tEknoloZik°m@
10,technétium,9,tEknesjOm
4,teck,3,tEk
6,teckel,5,tekEl
10,tectonique,8,tEktonik
3,tee,2,ti
9,tee-shirt,6,tiS9Rt
8,teenager,8,tinedz9R
8,tefillin,5,tefj5
6,teigne,3,tEN
8,teigneux,4,tEN2
7,teindre,4,t5dR
5,teint,2,t5
6,teinte,3,t5t
7,teinter,4,t5te
8,teinture,5,t5tyR
11,teinturerie,8,t5tyR°Ri
10,teinturier,7,t5tyRje
3,tek,3,tEk
3,tel,3,tEl
4,tell,3,tEl
5,telle,3,tEl
9,tellement,6,tEl°m@
6,telles,3,tEl
7,tellure,5,tElyR
10,tellurique,7,tElyRik
4,tels,3,tEl
6,telson,5,tEls§
3,tem,3,tEm
5,tempe,3,t@p
7,tempera,6,t@peRa
6,temple,4,t@pl
8,templier,7,t@plije
5,tempo,5,tEmpo
10,temporaire,7,t@poRER
14,temporairement,10,t@poRER°m@
8,temporal,7,t@poRal
11,temporalité,10,t@poRalite
8,temporel,7,t@poREl
14,temporellement,10,t@poREl°m@
13,temporisateur,11,t@poRizat9R
13,temporisation,11,t@poRizasj§
10,temporiser,8,t@poRize
5,temps,2,t@
7,tempura,6,t@pyRa
11,tempérament,8,t@peRam@
10,tempérance,7,t@peR@s
11,température,9,t@peRatyR
8,tempérer,6,t@peRe
7,tempéré,6,t@peRe
10,tempétueux,7,t@pet82
7,tempête,5,t@pEt
8,tempêter,6,t@pete
7,tenable,6,t°nabl
6,tenace,5,t°nas
10,tenacement,8,t°nas°m@
8,tenaille,5,t°naj
9,tenailler,6,t°naje
9,tenancier,7,t°n@sje
6,tenant,4,t°n@
8,tendance,5,t@d@s
16,tendancieusement,11,t@d@sj2z°m@
11,tendancieux,7,t@d@sj2
8,tendelet,6,t@d°lE
6,tender,5,t@d9R
7,tendeur,5,t@d9R
9,tendinite,7,t@dinit
6,tendon,4,t@d§
6,tendre,4,t@dR
10,tendrement,7,t@dR°m@
9,tendresse,6,t@dREs
8,tendreté,7,t@dR°te
7,tendron,5,t@dR§
5,tendu,4,t@dy
6,teneur,5,t°n9R
5,tenir,5,t°niR
6,tennis,5,tenis
13,tennis-ballon,9,tenisbal§
11,tennis-club,9,teniskl9b
9,tennisman,8,tenisman
5,tenon,4,t°n§
7,tenseur,5,t@s9R
11,tensiomètre,9,t@sjomEtR
7,tension,5,t@sj§
12,tentaculaire,9,t@takylER
9,tentacule,7,t@takyl
7,tentant,4,t@t@
9,tentateur,7,t@tat9R
9,tentation,7,t@tasj§
9,tentative,7,t@tativ
5,tente,3,t@t
6,tenter,4,t@te
9,tentiaire,6,t@sjER
7,tenture,5,t@tyR
5,tenté,4,t@te
4,tenu,4,t°ny
5,tenue,4,t°ny
6,tenure,5,t2nyR
10,tepidarium,10,tepidaRjOm
7,tequila,6,tekila
3,ter,3,tER
6,tercer,5,tERse
6,tercio,6,tERsjo
6,tergal,6,tERgal
14,tergiversation,13,tERZivERsasj§
11,tergiverser,10,tERZivERse
5,terme,4,tERm
11,terminaison,9,tERminEz§
8,terminal,8,tERminal
11,terminateur,10,tERminat9R
8,terminer,7,tERmine
12,terminologie,11,tERminoloZi
14,terminologique,12,tERminoloZik
8,terminus,8,tERminys
7,termite,6,tERmit
10,termitière,9,tERmitjER
8,ternaire,6,tERnER
5,terne,4,tERn
5,terni,5,tERni
6,ternir,6,tERniR
15,terra incognita,13,tERainkOgnita
7,terrage,5,tERaZ
7,terrain,4,tER5
11,terramycine,9,tERamisin
10,terraplane,8,tERaplan
9,terrarium,8,tERaRjOm
8,terrasse,5,tERas
12,terrassement,8,tERas°m@
9,terrasser,6,tERase
10,terrassier,7,tERasje
9,terrasson,6,tERas§
5,terre,3,tER
12,terre-neuvas,7,tERn9va
11,terre-neuve,6,tERn9v
13,terre-neuvien,8,tERn9vj5
11,terre-plein,6,tERpl5
13,terre-à-terre,7,tERatER
7,terreau,4,tERo
6,terrer,4,tERe
9,terrestre,7,tEREstR
7,terreur,5,tER9R
7,terreux,4,tER2
5,terri,4,tERi
8,terrible,6,tERibl
12,terriblement,9,tERibl°m@
7,terrien,5,tERj5
7,terrier,5,tERje
10,terrifiant,7,tERifj@
9,terrifier,7,tERifje
10,terrifique,7,teRifik
8,terrifié,7,tERifje
6,terril,4,tERi
7,terrine,5,tERin
10,territoire,8,tERitwaR
11,territorial,10,tERitoRjal
16,territorialement,13,tERitoRjal°m@
14,territorialité,13,teRitORjalite
7,terroir,6,tERwaR
11,terrorisant,8,tERoRiz@
10,terroriser,8,tERoRize
10,terrorisme,8,tERoRizm
10,terroriste,8,tERoRist
9,terrorisé,8,tERoRize
9,tertiaire,7,tERsjER
6,tertio,6,tERsjo
6,tertre,5,tERtR
3,tes,2,te
5,tesla,5,tEsla
9,tessiture,7,tesityR
6,tesson,4,tes§
4,test,4,tEst
10,test-match,8,tEstmatS
9,testament,7,tEstam@
13,testamentaire,10,tEstam@tER
5,teste,4,tEst
6,tester,5,tEste
7,testeur,6,tEst9R
12,testiculaire,10,tEstikylER
9,testicule,8,tEstikyl
12,testostérone,11,tEstosteROn
5,testu,5,tEsty
5,tette,3,tEt
9,teuf-teuf,6,t9ft9f
6,teuton,4,t2t§
10,teutonique,7,t2tonik
8,teutonne,5,t2tOn
3,tex,4,tEks
5,texan,5,tEks@
5,texte,5,tEkst
7,textile,7,tEkstil
5,texto,6,tEksto
10,textologie,10,tEkstOlOZi
7,textuel,8,tEkst8El
13,textuellement,11,tEkst8El°m@
7,texture,7,tEkstyR
10,thalamique,7,talamik
8,thalamus,7,talamys
8,thalasso,6,talaso
16,thalassothérapie,12,talasoteRapi
11,thalassémie,8,talasemi
6,thaler,5,talER
11,thalidomide,9,talidomid
8,thallium,6,taljOm
7,thalweg,6,talvEg
12,thanatologie,10,tanatoloZi
14,thanatologique,11,tanatoloZik
13,thanatopraxie,12,tanatopRaksi
8,thanatos,7,tanatOs
12,thanksgiving,9,t@ksgiviG
11,thaumaturge,8,tomatyRZ
12,thaumaturgie,9,tomatyRZi
4,thaï,3,taj
11,thaïlandais,7,tajl@dE
7,thermal,6,tERmal
7,thermes,4,tERm
9,thermidor,8,tERmidOR
9,thermique,6,tERmik
8,thermite,6,tERmit
6,thermo,5,tERmo
15,thermodynamique,12,tERmodinamik
13,thermoformage,11,tERmofORmaZ
12,thermographe,9,tERmogRaf
13,thermographie,10,tERmogRafi
10,thermogène,8,tERmoZEn
18,thermoluminescence,14,tERmolyminEs@s
11,thermomètre,9,tERmomEtR
15,thermonucléaire,12,tERmonykleER
16,thermorégulateur,14,tERmoRegylat9R
7,thermos,6,tERmos
14,thermosensible,11,tERmos@sibl
10,thermostat,8,tERmosta
9,thesaurus,7,tesORys
10,thessalien,7,tEsalj5
8,thiamine,6,tjamin
8,thibaude,5,tibod
6,thomas,4,toma
8,thomisme,6,tomizm
8,thomiste,6,tomist
4,thon,2,t§
7,thonier,5,tonje
12,thoracentèse,9,tORas5tEz
10,thoracique,7,toRasik
12,thoracotomie,10,tORakOtOmi
6,thorax,6,toRaks
7,thorine,5,tORin
6,thoron,4,tOR§
6,thrace,4,tRas
6,thrill,4,tRil
8,thriller,6,tRil9R
11,thrombolyse,8,tR§bOliz
14,thrombolytique,10,tR§bOlitik
9,thrombose,6,tR§boz
9,thrombosé,7,tR§boze
12,thrombotique,8,tR§bOtik
6,thrène,4,tREn
4,thug,3,tyg
5,thune,3,tyn
12,thuriféraire,9,tyRifeRER
5,thuya,4,tyja
4,thym,2,t5
11,thymectomie,9,timEktOmi
7,thymine,5,timin
6,thymus,5,timys
9,thyroxine,8,tiROksin
8,thyroïde,6,tiRoid
14,thyroïdectomie,12,tiROidEktOmi
10,thyroïdien,8,tiRoidj5
14,thyréotoxicose,13,tiReotOksikoz
5,thème,3,tEm
5,thèse,3,tEz
3,thé,2,te
8,thébaïde,6,tebaid
8,thébaïne,6,tebain
6,théier,4,teje
6,théine,4,tein
7,théiste,5,teist
7,théière,5,tejER
10,thématique,7,tematik
14,thématiquement,10,tematik°m@
4,théo,3,teo
12,théocratique,9,teokRatik
10,théodolite,8,teOdOlit
9,théologie,7,teoloZi
10,théologien,8,teoloZj5
11,théologique,8,teoloZik
15,théologiquement,11,teOlOZik°m@
12,théophylline,8,teOfilin
7,théorbe,5,teORb
10,théoricien,8,teoRisj5
7,théorie,5,teoRi
9,théorique,6,teoRik
13,théoriquement,9,teoRik°m@
9,théoriser,7,teoRize
8,théorème,6,teoREm
10,théosophie,7,teozofi
12,théosophique,8,teozofik
10,thérapeute,7,teRap2t
13,thérapeutique,9,teRap2tik
8,thérapie,6,teRapi
7,thésard,5,tezaR
11,thésauriser,8,tezoRize
9,thésaurus,7,tesORys
8,théâtral,7,teatRal
13,théâtralement,10,teatRal°m@
11,théâtralité,10,teatRalite
7,théâtre,5,teatR
9,théâtreux,6,teatR2
5,thêta,4,tEta
5,tiama,5,tjama
4,tian,4,tij@
5,tiare,4,tjaR
5,tiaré,5,tjaRe
5,tibia,5,tibja
6,tibial,6,tibjal
8,tibétain,6,tibet5
3,tic,3,tik
7,tic-tac,6,tiktak
9,ticheurte,6,tiS9Rt
6,ticket,4,tikE
9,tictaquer,7,tiktake
9,tie-break,7,tajbREk
4,tien,3,tj5
6,tienne,4,tjEn
7,tiennes,4,tjEn
5,tiens,3,tj5
12,tiens-la-moi,8,tj5lamwa
13,tiercefeuille,9,tjERs°f9j
9,tiercelet,8,tjERs°lE
6,tiercé,6,tjERse
5,tiers,4,tjER
11,tiers-monde,7,tjERm§d
14,tiers-mondisme,10,tjERm§dizm
14,tiers-mondiste,10,tjERm§dist
11,tiers-ordre,8,tjERORdR
11,tiers-point,7,tjERpw5
10,tiers-état,7,tjEReta
3,tif,3,tif
4,tige,3,tiZ
8,tignasse,5,tiNas
5,tigre,4,tigR
7,tigrure,6,tigRyR
5,tigré,5,tigRe
4,tiki,4,tiki
7,tilbury,7,tilbyRi
4,till,3,til
6,tillac,5,tijak
5,tille,3,tij
6,tiller,4,tije
7,tilleul,5,tij9l
4,tilt,4,tilt
7,timbale,5,t5bal
9,timbalier,7,t5balje
8,timbrage,6,t5bRaZ
6,timbre,4,t5bR
12,timbre-poste,9,t5bR°pOst
7,timbrer,5,t5bRe
6,timbré,5,t5bRe
12,time-sharing,9,tajmSERiG
6,timide,5,timid
10,timidement,8,timid°m@
8,timidité,8,timidite
6,timing,6,tajmiG
5,timon,4,tim§
9,timonerie,8,timOn°Ri
8,timonier,7,timonje
6,timoré,6,timoRe
3,tin,2,t5
4,tine,3,tin
7,tinette,5,tinEt
10,tintamarre,7,t5tamaR
14,tintamarresque,10,t5tamaREsk
9,tintement,6,t5t°m@
6,tinter,4,t5te
6,tintin,4,t5t5
14,tintinnabulant,10,t5tinabyl@
16,tintinnabulement,12,t5tinabyl°m@
13,tintinnabuler,10,t5tinabyle
8,tintouin,5,t5tw5
5,tinée,4,tine
4,tipi,4,tipi
6,tipper,5,tip9R
6,tipule,5,tipyl
5,tique,3,tik
6,tiquer,4,tike
7,tiqueté,6,tik°te
3,tir,3,tiR
6,tirade,5,tiRad
6,tirage,5,tiRaZ
12,tiraillement,8,tiRaj°m@
9,tirailler,6,tiRaje
10,tirailleur,7,tiRaj9R
8,tiraillé,6,tiRaje
8,tiramisu,8,tiRamizy
6,tirant,4,tiR@
4,tire,3,tiR
11,tire-au-cul,6,tiRoky
13,tire-au-flanc,7,tiRofl@
10,tire-botte,6,tiRbOt
12,tire-bouchon,7,tiRbuS§
11,tire-bouton,7,tiRbut§
11,tire-d'aile,6,tiRdEl
10,tire-fesse,6,tiRfEs
8,tire-jus,5,tiRZy
10,tire-laine,6,tiRlEn
9,tire-lait,5,tiRlE
12,tire-larigot,9,tiRlaRigo
10,tire-ligne,6,tiRliN
9,tire-lire,6,tiRliR
14,tirebouchonner,10,tiR°buSone
8,tirelire,7,tiR°liR
5,tirer,4,tiRe
5,tiret,4,tiRE
7,tirette,5,tiREt
6,tireur,5,tiR9R
6,tiroir,6,tiRwaR
13,tiroir-caisse,9,tiRwaRkEs
4,tiré,4,tiRe
5,tirée,4,tiRe
6,tisane,5,tizan
9,tisanière,8,tizanjER
5,tiser,4,tize
5,tison,4,tiz§
8,tisonner,6,tizone
9,tisonnier,7,tizonje
7,tisonné,6,tizone
7,tissage,5,tisaZ
6,tisser,4,tise
9,tisserand,6,tis°R@
7,tisseur,5,tis9R
5,tissu,4,tisy
12,tissu-éponge,8,tisyep§Z
10,tissulaire,7,tisylER
10,tissuterie,8,tisyt°Ri
9,tissutier,7,tisytje
5,tissé,4,tise
5,titan,4,tit@
6,titane,5,titan
10,titanesque,8,titanEsk
9,titanique,7,titanik
4,titi,4,titi
11,titillation,9,titijasj§
11,titillement,8,titij°m@
8,titiller,6,titije
7,titisme,6,titizm
7,titrage,6,titRaZ
5,titre,4,titR
6,titrer,5,titRe
5,titré,5,titRe
8,titubant,6,tityb@
10,titubation,9,titybasj§
10,titubement,8,tityb°m@
7,tituber,6,titybe
9,titulaire,7,titylER
14,titularisation,13,titylaRizasj§
11,titulariser,10,titylaRize
5,tiède,4,tjEd
9,tièdement,7,tjEd°m@
8,tiédasse,6,tjedas
7,tiédeur,6,tjed9R
6,tiédir,6,tjediR
2,to,2,to
5,toast,4,tost
7,toaster,6,toaste
8,toasteur,6,tost9R
8,toboggan,6,tobog@
3,toc,3,tOk
6,tocade,5,tokad
7,tocante,5,tok@t
6,tocard,5,tokaR
7,toccata,6,tokata
6,tocsin,5,tOks5
6,toffee,4,tOfi
4,tofu,4,tofy
4,toge,3,tOZ
8,togolais,6,togolE
9,tohu-bohu,6,toyboy
3,toi,3,twa
8,toi-même,6,twamEm
5,toile,4,twal
10,toilettage,8,twalEtaZ
8,toilette,6,twalEt
9,toiletter,7,twalEte
10,toiletteur,8,twalEt9R
5,toise,4,twaz
6,toiser,5,twaze
6,toison,5,twaz§
4,toit,3,twa
7,toiture,6,twatyR
7,tokamak,7,tOkamak
5,tokay,4,tokE
9,tokharien,7,tokaRj5
5,tolar,5,tolaR
5,tolet,4,tolE
5,tollé,4,tole
9,tolstoïen,8,tOlstoj5
8,toltèque,6,tOltEk
4,tolu,4,toly
9,toluidine,8,tOl8idin
7,toluène,6,tol8En
9,tolérable,8,toleRabl
9,tolérance,7,toleR@s
8,tolérant,6,toleR@
7,tolérer,6,toleRe
3,tom,3,tOm
9,tom-pouce,6,tOmpus
7,tom-tom,6,tOmtOm
8,tomahawk,6,tomaOk
5,toman,5,tOman
6,tomate,5,tomat
6,tombal,5,t§bal
7,tombant,4,t§b@
5,tombe,3,t§b
7,tombeau,4,t§bo
6,tomber,4,t§be
9,tombereau,6,t§b°Ro
7,tombeur,5,t§b9R
7,tombola,6,t§bola
5,tombé,4,t§be
6,tombée,4,t§be
4,tome,3,tOm
5,tomme,3,tOm
8,tommette,5,tomEt
7,tommies,4,tomi
5,tommy,4,tOmi
16,tomodensitomètre,14,tomod@sitOmEtR
17,tomodensitométrie,15,tomod@sitOmEtRi
10,tomographe,8,tomogRaf
11,tomographie,9,tomogRafi
3,ton,2,t§
5,tonal,5,tonal
8,tonalité,8,tonalite
7,tondeur,5,t§d9R
6,tondre,4,t§dR
5,tondu,4,t§dy
5,toner,5,tonER
4,tong,3,t§g
5,tonic,5,tonik
13,tonicardiaque,11,tonikaRdjak
8,tonicité,8,tonisite
5,tonie,4,toni
9,tonifiant,7,tonifj@
8,tonifier,7,tonifje
7,tonique,5,tonik
11,tonitruance,9,tonitRy@s
10,tonitruant,8,tonitRy@
9,tonitruer,8,tonitR8e
5,tonka,4,t§ka
9,tonkinois,7,t§kinwa
7,tonnage,5,tonaZ
7,tonnant,4,ton@
5,tonne,3,tOn
7,tonneau,4,tono
8,tonnelet,6,tOn°lE
9,tonnelier,7,ton°lje
8,tonnelle,5,tonEl
11,tonnellerie,8,tonEl°Ri
6,tonner,4,tone
8,tonnerre,5,tonER
7,tonsure,5,t§syR
5,tonte,3,t§t
6,tonton,4,t§t§
5,tonus,5,tonys
8,too much,6,tum9tS
3,top,3,tOp
10,top-modèle,8,tOpmodEl
6,topaze,5,topaz
4,tope,3,tOp
5,toper,4,tope
7,topette,5,topEt
6,tophus,5,tofys
11,topinambour,9,topin@buR
7,topique,5,topik
7,topless,6,toplEs
4,topo,4,topo
11,topographie,9,topogRafi
13,topographique,10,topogRafik
17,topographiquement,13,topogRafik°m@
9,topologie,8,topoloZi
11,topologique,9,topoloZik
9,toponymie,8,toponimi
7,toquade,5,tokad
8,toquante,5,tok@t
7,toquard,5,tokaR
5,toque,3,tOk
6,toquer,4,toke
5,toqué,4,toke
6,torana,6,tORana
6,torche,4,tORS
10,torche-cul,7,tORS°ky
7,torcher,5,tORSe
7,torchis,5,tORSi
7,torchon,5,tORS§
10,torchonner,7,tORSone
8,torchère,6,tORSER
11,tord-boyaux,8,tORbwajo
8,tord-nez,5,tORne
7,tordage,6,tORdaZ
7,tordant,5,tORd@
7,tordeur,6,tORd9R
7,tordion,6,tORdj§
6,tordre,5,tORdR
5,tordu,5,tORdy
4,tore,3,tOR
6,torera,6,tOReRa
6,torero,6,toReRo
8,torgnole,6,tORNOl
6,tories,4,toRi
5,toril,5,toRil
7,tornade,6,tORnad
4,toro,4,tORo
7,torpeur,6,tORp9R
7,torpide,6,tORpid
10,torpillage,8,tORpijaZ
8,torpille,6,tORpij
9,torpiller,7,tORpije
10,torpilleur,8,tORpij9R
8,torpillé,7,tORpije
7,torpédo,7,tORpedo
6,torque,4,tORk
7,torrent,4,toR@
10,torrentiel,8,toR@sjEl
11,torrentueux,7,toR@t82
7,torride,5,toRid
12,torréfaction,10,toRefaksj§
8,torréfié,7,toRefje
4,tors,3,tOR
7,torsade,6,tORsad
5,torse,4,tORs
7,torsion,6,tORsj§
4,tort,3,tOR
10,tortellini,9,tORtElini
10,torticolis,9,tORtikoli
6,tortil,6,tORtil
8,tortilla,7,tORtija
10,tortillard,8,tORtijaR
8,tortille,6,tORtij
12,tortillement,9,tORtij°m@
9,tortiller,7,tORtije
9,tortillon,7,tORtij§
12,tortionnaire,9,tORsjonER
7,tortore,6,tORtOR
8,tortorer,7,tORtoRe
5,tortu,5,tORty
6,tortue,5,tORty
8,tortueux,6,tORt82
9,torturant,7,tORtyR@
7,torture,6,tORtyR
8,torturer,7,tORtyRe
7,torturé,7,tORtyRe
5,torve,4,tORv
8,toréador,8,toReadOR
16,toréador-vedette,13,toReadORv°dEt
6,toréer,5,toRee
6,toscan,5,tOsk@
4,toss,3,tOs
5,total,5,total
10,totalement,8,total°m@
10,totalisant,8,totaliz@
12,totalisateur,11,totalizat9R
12,totalisation,11,totalizasj§
9,totaliser,8,totalize
11,totalitaire,9,totalitER
13,totalitarisme,12,totalitaRizm
8,totalité,8,totalite
5,totem,5,totEm
4,toto,4,toto
7,totoche,5,totOS
5,toton,4,tot§
9,totémique,7,totemik
9,totémisme,8,totemism
7,touareg,6,twaReg
6,toubab,5,tubab
6,toubib,5,tubib
6,toucan,4,tuk@
8,touchant,4,tuS@
6,touche,3,tuS
11,touche-pipi,7,tuSpipi
13,touche-touche,6,tuStuS
7,toucher,4,tuSe
9,touchette,5,tuSEt
10,touchotter,6,tuSOte
6,touché,4,tuSe
4,toue,2,tu
5,touer,3,twe
6,touffe,3,tuf
8,touffeur,5,tuf9R
6,touffu,4,tufy
7,touille,3,tuj
8,touiller,4,tuje
7,touillé,4,tuje
8,toujours,5,tuZuR
10,toulonnais,6,tulonE
10,toulousain,6,tuluz5
7,toundra,6,tundRa
9,toungouse,5,tuGuz
6,toupet,4,tupE
6,toupie,4,tupi
10,toupilleur,7,tupij9R
6,touque,3,tuk
4,tour,3,tuR
10,tourangeau,6,tuR@Zo
6,tourbe,4,tuRb
8,tourbeux,5,tuRb2
10,tourbillon,7,tuRbij§
15,tourbillonnaire,10,tuRbijonER
14,tourbillonnant,9,tuRbijon@
16,tourbillonnement,11,tuRbijOn°m@
13,tourbillonner,9,tuRbijone
9,tourbière,7,tuRbjER
8,tourelle,5,tuREl
6,touret,4,tuRE
9,tourillon,6,tuRij§
8,tourisme,6,tuRizm
8,touriste,6,tuRist
11,touristique,8,tuRistik
10,tourlourou,7,tuRluRu
11,tourlousine,8,tuRluzin
8,tourment,5,tuRm@
11,tourmentant,7,tuRm@t@
9,tourmente,6,tuRm@t
10,tourmenter,7,tuRm@te
11,tourmenteur,8,tuRm@t9R
10,tourmentin,7,tuRm@t5
9,tourmenté,7,tuRm@te
8,tournage,6,tuRnaZ
11,tournailler,7,tuRnaje
8,tournant,5,tuRn@
6,tourne,4,tuRn
13,tourne-disque,9,tuRn°disk
12,tournebroche,9,tuRn°bROS
9,tournedos,7,tuRn°do
9,tournelle,6,tuRnEl
10,tournemain,7,tuRn°m5
7,tourner,5,tuRne
9,tournesol,8,tuRn°sOl
9,tournette,6,tuRnEt
8,tourneur,6,tuRn9R
9,tournevis,8,tuRn°vis
11,tournicoter,9,tuRnikote
10,tourniquer,7,tuRnike
10,tourniquet,7,tuRnikE
7,tournis,5,tuRni
7,tournoi,6,tuRnwa
12,tournoiement,8,tuRnwam@
8,tournois,6,tuRnwa
10,tournoyant,8,tuRnwaj@
9,tournoyer,8,tuRnwaje
8,tournure,6,tuRnyR
6,tourné,5,tuRne
7,tournée,5,tuRne
12,tours-minute,8,tuRminyt
6,tourte,4,tuRt
8,tourteau,5,tuRto
10,tourtereau,7,tuRt2Ro
9,tourtière,7,tuRtjER
4,tous,3,tus
13,tous-terrains,6,tutER5
9,toussaint,4,tus5
7,tousser,4,tuse
8,tousseur,5,tus9R
8,tousseux,4,tus2
12,toussotement,8,tusOt°m@
9,toussoter,6,tusote
10,toussoteux,6,tusot2
4,tout,2,tu
9,tout-fait,4,tufE
8,tout-fou,4,tufu
10,tout-paris,6,tupaRi
10,tout-petit,6,tup°ti
13,tout-puissant,7,tup8is@
12,tout-terrain,6,tutER5
11,tout-venant,6,tuv°n@
14,tout-à-l'égout,8,tutalegu
11,tout-étoile,8,tutetwal
5,toute,3,tut
15,toute-puissance,9,tutp8is@s
9,toutefois,7,tut°fwa
6,toutes,3,tut
6,toutim,5,tutim
7,toutime,5,tutim
6,toutou,4,tutu
4,toux,2,tu
8,toxicité,9,tOksisite
6,toxico,7,tOksiko
11,toxicologie,11,tOksikoloZi
13,toxicologique,12,tOksikoloZik
11,toxicologue,10,tOksikolOg
10,toxicomane,10,tOksikoman
11,toxicomanie,11,tOksikomani
6,toxine,6,tOksin
7,toxique,6,tOksik
12,toxoplasmose,12,tOksoplasmoz
7,trabuco,7,tRabyko
4,trac,4,tRak
6,tracas,5,tRaka
9,tracasser,7,tRakase
11,tracasserie,9,tRakas°Ri
10,tracassier,8,tRakasje
9,tracassin,7,tRakas5
5,trace,4,tRas
6,tracer,5,tRase
7,traceur,6,tRas9R
8,trachome,6,tRakom
8,trachéal,7,tRakeal
7,trachée,5,tRaSe
14,trachée-artère,10,tRaSeaRtER
9,trachéite,7,tRakeit
12,trachéotomie,10,tRakeotomi
5,tract,5,tRakt
8,tractage,7,tRaktaZ
10,tractation,9,tRaktasj§
7,tracter,6,tRakte
8,tracteur,7,tRakt9R
8,traction,7,tRaksj§
14,traction-avant,10,tRaksj§av@
11,tractopelle,9,tRaktOpEl
11,tractoriste,10,tRaktoRist
7,tractus,7,tRaktys
6,tracté,6,tRakte
5,tracé,5,tRase
6,trader,6,tREd9R
9,tradition,8,tRadisj§
15,traditionalisme,14,tRadisjonalizm
15,traditionaliste,14,tRadisjonalist
12,traditionnel,11,tRadisjonEl
18,traditionnellement,14,tRadisjonEl°m@
6,traduc,6,tRadyk
10,traducteur,9,tRadykt9R
10,traduction,9,tRadyksj§
8,traduire,7,tRad8iR
9,trafalgar,9,tRafalgaR
6,trafic,6,tRafik
10,traficoter,9,tRafikote
10,trafiquant,7,tRafik@
17,trafiquant-espion,12,tRafik@Espj§
9,trafiquer,7,tRafike
13,tragi-comique,10,tRaZikomik
13,tragi-comédie,11,tRaZikomedi
8,tragique,6,tRaZik
12,tragiquement,9,tRaZik°m@
8,tragédie,7,tRaZedi
9,tragédien,8,tRaZedj5
5,trahi,4,tRai
6,trahir,5,tRaiR
8,trahison,6,tRaiz§
10,trahissant,6,tRais@
5,train,3,tR5
11,train-train,6,tR5tR5
8,training,7,tREjniG
10,traintrain,6,tR5tR5
6,traire,4,tRER
5,trait,3,tRE
9,traitable,7,tREtabl
8,traitant,5,tREt@
6,traite,4,tREt
10,traitement,7,tREt°m@
7,traiter,5,tRete
8,traiteur,6,tREt9R
6,traité,5,tRete
15,trajectographie,13,tRaZEktogRafi
11,trajectoire,10,tRaZEktwaR
6,trajet,5,tRaZE
7,tralala,7,tRalala
4,tram,4,tRam
7,tramail,6,tRamaj
5,trame,4,tRam
6,tramer,5,tRame
10,tramontane,8,tRam§tan
5,tramp,4,tR@p
10,trampoline,8,tR@polin
7,tramway,6,tRamwE
9,tranchage,6,tR@SaZ
9,tranchant,5,tR@S@
7,tranche,4,tR@S
16,tranche-montagne,9,tR@Sm§taN
13,tranchecaille,7,tR@Skaj
8,trancher,5,tR@Se
8,tranchet,5,tR@SE
9,trancheur,6,tR@S9R
9,tranchoir,7,tR@SwaR
7,tranché,5,tR@Se
8,tranchée,5,tR@Se
13,tranchée-abri,9,tR@SeabRi
10,tranquille,6,tR@kil
14,tranquillement,9,tR@kil°m@
14,tranquillisant,9,tR@kiliz@
13,tranquilliser,9,tR@kilize
12,tranquillité,9,tR@kilite
11,tranquillos,8,tR@kilos
5,trans,4,tR@s
11,transaction,9,tR@zaksj§
13,transafricain,10,tR@zafRik5
12,transaminase,10,tR@zaminaz
7,transat,6,tR@zat
15,transatlantique,11,tR@zatl@tik
12,transbahuter,9,tR@sbayte
14,transbordement,11,tR@sbORd°m@
11,transborder,9,tR@sbORde
12,transbordeur,10,tR@sbORd9R
15,transcanadienne,12,tR@skanadjEn
12,transcaspien,10,tR@skaspj5
13,transcendance,8,tR@s@d@s
12,transcendant,7,tR@s@d@
14,transcendantal,10,tR@s@d@tal
11,transcender,7,tR@s@de
16,transcontinental,13,tR@sk§tin@tal
13,transcriptase,11,tR@skRiptaz
13,transcripteur,11,tR@skRipt9R
13,transcription,11,tR@skRipsj§
10,transcrire,8,tR@skRiR
11,transcutané,10,tR@skytane
13,transdermique,10,tR@sdERmik
12,transducteur,10,tR@sdykt9R
12,transduction,10,tR@sdyksj§
6,transe,4,tR@s
8,transept,7,tR@sEpt
9,transfert,7,tR@sfER
15,transfiguration,13,tR@sfigyRasj§
12,transfigurer,10,tR@sfigyRe
7,transfo,6,tR@sfo
13,transformable,11,tR@sfORmabl
12,transformant,9,tR@sfORm@
14,transformateur,12,tR@sfORmat9R
14,transformation,12,tR@sfORmasj§
11,transformer,9,tR@sfORme
13,transformiste,11,tR@sfORmist
10,transformé,9,tR@sfORme
9,transfuge,7,tR@sfyZ
10,transfuser,8,tR@sfyze
11,transfuseur,9,tR@sfyz9R
11,transfusion,9,tR@sfyzj§
9,transfusé,8,tR@sfyze
13,transfèrement,10,tR@sfER°m@
12,transférable,10,tR@sfeRabl
10,transférer,8,tR@sfeRe
12,transgresser,9,tR@sgRese
13,transgresseur,10,tR@sgRes9R
13,transgression,10,tR@sgREsj§
12,transgénique,9,tR@zZenik
15,transhistorique,11,tR@sistoRik
12,transhumance,8,tR@zym@s
11,transhumant,7,tR@zym@
6,transi,5,tR@zi
9,transiger,7,tR@ziZe
17,transillumination,14,tR@zilyminasj§
7,transir,6,tR@ziR
10,transistor,9,tR@zistOR
7,transit,6,tR@zit
11,transitaire,8,tR@zitER
9,transiter,7,tR@zite
9,transitif,8,tR@zitif
10,transition,8,tR@zisj§
13,transitionnel,11,tR@zisjonEl
11,transitoire,9,tR@zitwaR
15,transitoirement,12,tR@zitwaR°m@
10,translater,8,tR@slate
11,translation,9,tR@slasj§
13,translocation,11,tR@slOkasj§
11,translucide,9,tR@slysid
13,translucidité,12,tR@slysidite
12,transmetteur,9,tR@smEt9R
11,transmettre,8,tR@smEtR
14,transmigration,12,tR@smigRasj§
8,transmis,6,tR@smi
13,transmissible,10,tR@smisibl
12,transmission,9,tR@smisj§
9,transmuer,7,tR@sm8e
13,transmutation,11,tR@smytasj§
10,transmuter,8,tR@smyte
13,transnational,12,tR@snasjOnal
14,transocéanique,11,tR@zOseanik
13,transparaître,10,tR@spaREtR
12,transparence,9,tR@spaR@s
11,transparent,8,tR@spaR@
11,transpercer,9,tR@spERse
11,transpirant,8,tR@spiR@
13,transpiration,11,tR@spiRasj§
10,transpirer,8,tR@spiRe
14,transplantable,11,tR@spl@tabl
15,transplantation,12,tR@spl@tasj§
12,transplanter,9,tR@spl@te
11,transplanté,9,tR@spl@te
12,transpondeur,9,tR@sp§d9R
9,transport,7,tR@spOR
13,transportable,11,tR@spORtabl
14,transportation,12,tR@spORtasj§
11,transporter,9,tR@spORte
12,transporteur,10,tR@spORt9R
10,transporté,9,tR@spORte
12,transposable,10,tR@spozabl
10,transposer,8,tR@spoze
13,transposition,11,tR@spozisj§
10,transposon,8,tR@spoz§
10,transposée,8,tR@spoze
15,transsexualisme,13,tR@seksyalizm
14,transsexualité,14,tR@ssEks8alite
11,transsexuel,11,tR@sseks8El
13,transsibérien,11,tR@ssibeRj5
19,transsubstantiation,16,tR@ssypst@tjasj§
10,transsudat,8,tR@ssyda
10,transvaser,8,tR@svaze
11,transversal,10,tR@svERsal
16,transversalement,13,tR@svERsal°m@
10,transverse,8,tR@svERs
13,transvestisme,11,tR@svEstism
11,transylvain,8,tR@silv5
6,trappe,4,tRap
8,trappeur,6,tRap9R
9,trappiste,7,tRapist
7,trappon,5,tRap§
5,trapu,5,tRapy
7,trapèze,6,tRapEz
10,trapéziste,9,tRapezist
11,trapézoïdal,11,tRapezoidal
10,trapézoïde,9,tRapezOid
6,traque,4,tRak
10,traquenard,8,tRak°naR
7,traquer,5,tRake
7,traquet,5,tRakE
8,traqueur,6,tRak9R
9,trattoria,8,tRatoRja
6,trauma,5,tRoma
11,traumatique,8,tRomatik
12,traumatisant,9,tRomatiz@
11,traumatiser,9,tRomatize
11,traumatisme,9,tRomatizm
13,traumatologie,11,tRomatoloZi
15,traumatologique,12,tRomatOlOZik
13,traumatologue,10,tRomatolOg
7,travail,6,tRavaj
10,travailler,7,tRavaje
11,travailleur,8,tRavaj9R
12,travailliste,9,tRavajist
9,travaillé,7,tRavaje
5,trave,4,tRav
9,traveller,8,tRav°l9R
10,travelling,8,tRav°liG
7,travelo,7,tRav°lo
7,travers,6,tRavER
11,traversable,10,tRavERsabl
10,traversant,8,tRavERs@
8,traverse,7,tRavERs
9,traverser,8,tRavERse
10,traversier,9,tRavERsje
9,traversin,8,tRavERs5
10,traversine,9,tRavERsin
8,traversé,8,tRavERse
9,traversée,8,tRavERse
9,travertin,8,tRavERt5
8,travesti,8,tRavEsti
9,travestir,9,tRavEstiR
11,travestisme,10,tRavEstizm
15,travestissement,12,tRavEstis°m@
7,travois,6,tRavwa
6,travée,5,tRave
4,trax,5,tRaks
6,trayon,5,tREj§
11,traçabilité,11,tRasabilite
7,traçage,6,tRasaZ
8,traînage,6,tREnaZ
11,traînailler,7,tREnaje
8,traînant,5,tREn@
8,traînard,6,tREnaR
10,traînasser,7,tREnase
6,traîne,4,tREn
13,traîne-misère,9,tREnmizER
13,traîne-patins,8,tREnpat5
13,traîne-savate,9,tREnsavat
14,traîne-savates,9,tREnsavat
14,traîne-semelle,9,tREns°mEl
15,traîne-semelles,9,tREns°mEl
8,traîneau,5,tREno
10,traînement,7,tREn°m@
7,traîner,5,tRene
8,traîneur,6,tREn9R
8,traînier,6,tREnje
7,traînée,5,tRene
7,traître,5,tREtR
10,traîtresse,7,tREtREs
14,traîtreusement,10,tREtR2z°m@
9,traîtrise,7,tRetRiz
8,trecento,9,tRetSEnto
9,treillage,6,tREjaZ
9,treillard,6,tREjaR
7,treille,4,tREj
8,treillis,5,tReji
6,treize,4,tREz
9,treizième,7,tREzjEm
4,trek,4,tREk
8,trekkeur,6,tREk9R
8,trekking,6,tREkiG
9,tremblant,6,tR@bl@
7,tremble,5,tR@bl
11,tremblement,8,tR@bl°m@
8,trembler,6,tR@ble
9,trembleur,7,tR@bl9R
11,tremblotant,8,tR@blot@
9,tremblote,7,tR@blOt
13,tremblotement,10,tR@blOt°m@
10,trembloter,8,tR@blote
7,tremblé,6,tR@ble
8,trempage,6,tR@paZ
6,trempe,4,tR@p
7,tremper,5,tR@pe
9,trempette,6,tR@pEt
8,trempeur,6,tR@p9R
8,tremplin,6,tR@pl5
10,trempoline,8,tR@pOlin
6,trempé,5,tR@pe
6,trench,5,tREnS
11,trench-coat,9,tREnSkOwt
9,trentaine,6,tR@tEn
6,trente,4,tR@t
11,trente-cinq,7,tR@ts5k
16,trente-cinquième,10,tR@ts5kjEm
11,trente-deux,6,tR@td2
18,trente-et-quarante,10,tR@tekaR@t
12,trente-et-un,6,tR@te1
16,trente-et-unième,10,tR@teynjEm
11,trente-huit,7,tR@t8it
15,trente-huitième,10,tR@t8itjEm
11,trente-neuf,7,tR@tn9f
15,trente-neuvième,10,tR@tn9vjEm
13,trente-quatre,8,tR@tkatR
16,trente-quatrième,12,tR@tkatRijEm
11,trente-sept,7,tR@tsEt
15,trente-septième,10,tR@tsEtjEm
10,trente-six,7,tR@tsis
14,trente-sixième,10,tR@tsizjEm
12,trente-trois,8,tR@ttRwa
16,trente-troisième,12,tR@ttRwazjEm
11,trentenaire,8,tR@t°nER
9,trentième,7,tR@tjEm
14,tressaillement,9,tResaj°m@
11,tressaillir,8,tResajiR
11,tressautant,7,tREsot@
13,tressautement,9,tResot°m@
10,tressauter,7,tResote
6,tresse,4,tREs
7,tresser,5,tRese
6,treuil,4,tR9j
9,treuiller,5,tR9je
3,tri,3,tRi
6,triade,6,tRijad
6,triage,6,tRijaZ
5,trial,6,tRijal
8,triangle,7,tRij@gl
12,triangulaire,10,tRij@gylER
16,triangulairement,13,tRij@gylER°m@
13,triangulation,12,tRij@gylasj§
10,trianguler,8,tRi@gyle
7,trianon,7,tRijan§
5,trias,6,tRijas
9,triasique,8,tRijasik
9,triathlon,8,tRijatl§
10,triathlète,8,tRiatlEt
6,tribal,6,tRibal
7,tribart,6,tRibaR
7,tribord,6,tRibOR
5,tribu,5,tRiby
11,tribulation,10,tRibylasj§
6,tribun,5,tRib1
8,tribunal,8,tRibynal
8,tribunat,7,tRibyna
7,tribune,6,tRibyn
6,tribut,5,tRiby
10,tributaire,8,tRibytER
4,tric,4,tRik
7,tricard,6,tRikaR
13,tricentenaire,10,tRis@t°nER
7,triceps,7,tRisEps
6,triche,4,tRiS
7,tricher,5,tRiSe
9,tricherie,7,tRiS°Ri
8,tricheur,6,tRiS9R
10,trichinose,8,tRikinoz
16,trichloracétique,13,tRiklORasetik
11,trichlorure,9,tRiklORyR
16,trichloréthylène,13,tRikloRetilEn
5,trick,4,tRik
9,tricoises,7,tRikwaz
9,tricolore,8,tRikolOR
8,tricorne,7,tRikORn
6,tricot,5,tRiko
9,tricotage,8,tRikotaZ
8,tricoter,7,tRikote
9,tricoteur,8,tRikot9R
8,trictrac,8,tRiktRak
10,tricuspide,9,tRikyspid
8,tricycle,7,tRisikl
11,tricycliste,10,tRisiklist
10,tricéphale,8,tRisefal
11,tricératops,11,tRiseRatOps
7,trident,5,tRid@
5,tridi,5,tRidi
15,tridimensionnel,13,tRidim@sjonEl
5,trier,5,tRije
6,trieur,6,tRij9R
9,trifolium,9,tRifoljOm
9,triforium,9,tRifoRjOm
11,trifouiller,7,tRifuje
7,trigger,6,tRig9R
12,triglycéride,11,tRigliseRid
13,trigonométrie,12,tRigonometRi
9,trilingue,6,tRil5g
6,trille,4,tRij
8,trillion,6,tRilj§
9,trilobite,8,tRilobit
8,trilogie,7,tRiloZi
7,trimard,6,tRimaR
9,trimarder,8,tRimaRde
10,trimardeur,9,tRimaRd9R
9,trimbaler,7,tR5bale
11,trimballage,8,tR5balaZ
10,trimballer,7,tR5bale
6,trimer,5,tRime
9,trimestre,8,tRimEstR
11,trimestriel,12,tRimEstRijEl
17,trimestriellement,15,tRimEstRijEl°m@
7,trimeur,6,tRim9R
7,trimmer,6,tRim9R
9,trinacrie,8,tRinakRi
7,tringle,5,tR5gl
8,tringler,6,tR5gle
10,tringlette,7,tR5glEt
8,tringlot,6,tR5glo
13,trinidadienne,11,tRinidadjEn
10,trinitaire,8,tRinitER
10,trinitrine,9,tRinitRin
7,trinité,7,tRinite
8,trinquer,5,tR5ke
10,trinquette,6,tR5kEt
7,trinôme,6,tRinom
4,trio,5,tRijo
6,triode,6,tRijOd
7,triolet,7,tRijolE
9,triolisme,8,tRiolizm
9,triomphal,8,tRij§fal
14,triomphalement,11,tRij§fal°m@
13,triomphalisme,11,tRij§falism
13,triomphaliste,11,tRij§falist
10,triomphant,7,tRij§f@
12,triomphateur,10,tRij§fat9R
8,triomphe,6,tRij§f
9,triompher,7,tRij§fe
7,trional,8,tRijOnal
7,trionix,9,tRijOniks
4,trip,4,tRip
9,tripaille,6,tRipaj
7,tripang,5,tRip@
7,tripant,5,tRip@
10,tripartite,9,tRipaRtit
14,tripatouillage,10,tRipatujaZ
13,tripatouiller,9,tRipatuje
5,tripe,4,tRip
6,triper,5,tRipe
8,triperie,7,tRip°Ri
8,tripette,6,tRipEt
8,triphasé,7,tRifaze
12,triphosphate,9,tRifOsfat
7,tripier,6,tRipje
8,triplace,7,tRiplas
6,triple,5,tRipl
10,triplement,8,tRipl°m@
7,tripler,6,tRiple
9,triplette,7,tRiplEt
7,triplex,8,tRiplEks
8,triplice,7,tRiplis
9,triploïde,8,tRiplOid
6,triplé,6,tRiple
7,tripode,6,tRipOd
7,tripoli,7,tRipoli
10,triporteur,9,tRipORt9R
6,tripot,5,tRipo
9,tripotage,8,tRipotaZ
8,tripoter,7,tRipote
9,tripoteur,8,tRipot9R
8,tripotée,7,tRipote
7,tripoux,5,tRipu
9,triptyque,7,tRiptik
6,trique,4,tRik
11,triqueballe,8,tRik°bal
7,triquer,5,tRike
7,trirème,6,tRiREm
9,trisaïeul,8,tRizaj9l
9,trismique,7,tRismik
7,trismus,7,tRismys
11,trismégiste,10,tRismeZist
8,trisomie,7,tRizOmi
10,trisomique,8,tRizOmik
7,trisser,5,tRise
6,triste,5,tRist
10,tristement,8,tRist°m@
9,tristesse,7,tRistEs
13,tristouillard,9,tRistujaR
11,tristouille,7,tRistuj
10,tristounet,8,tRistunE
10,trithéisme,8,tRiteizm
11,trithérapie,9,tRiteRapi
7,tritium,7,tRitjOm
6,triton,5,tRit§
9,triturant,7,tRityR@
11,trituration,10,tRityRasj§
8,triturer,7,tRityRe
8,triumvir,9,tRijOmviR
10,triumvirat,10,tRijOmviRa
7,trivial,7,tRivjal
12,trivialement,10,tRivjal°m@
11,trivialiser,10,tRivjalize
10,trivialité,10,tRivjalite
7,trivium,7,tRivjOm
12,trobriandais,10,tRobRij@dE
4,troc,4,tROk
7,trocart,6,tRokaR
10,trochanter,8,tROk@tER
10,trochaïque,7,tRokaik
6,troche,4,tROS
7,trochée,5,tRoSe
10,troglodyte,9,tRoglodit
13,troglodytique,11,tROglOditik
6,trogne,4,tRON
7,trognon,5,tRoN§
5,trois,4,tRwa
10,trois-deux,6,tRwad2
10,trois-huit,7,tRwa8it
10,trois-mâts,6,tRwama
12,trois-points,7,tRwapw5
12,trois-quarts,7,tRwakaR
12,trois-quatre,8,tRwakatR
9,trois-six,7,tRwasis
9,troisième,8,tRwazjEm
13,troisièmement,11,tRwazjEm°m@
5,troll,4,tROl
6,trolle,4,tROl
7,trolley,5,tRolE
10,trolleybus,8,tRolEbys
6,trombe,4,tR§b
8,trombine,6,tR§bin
13,trombinoscope,11,tR§binoskOp
8,tromblon,6,tR§bl§
8,trombone,6,tR§bOn
11,tromboniste,9,tR§bOnist
7,trommel,6,tRomEl
6,trompe,4,tR§p
13,trompe-l'oeil,7,tR§pl9j
7,tromper,5,tR§pe
9,tromperie,7,tR§p°Ri
9,trompeter,7,tR§p°te
9,trompette,6,tR§pEt
12,trompettiste,9,tR§petist
8,trompeur,6,tR§p9R
13,trompeusement,9,tR§p2z°m@
6,trompé,5,tR§pe
5,tronc,3,tR§
7,tronche,4,tR§S
8,troncher,5,tR§Se
11,tronconique,8,tR§konik
8,tronquer,5,tR§ke
7,tronqué,5,tR§ke
7,tronçon,5,tR§s§
10,tronçonner,7,tR§sone
4,trop,3,tRo
10,trop-perçu,8,tRopERsy
10,trop-plein,6,tRopl5
5,trope,4,tROp
7,trophée,5,tRofe
8,tropical,8,tRopikal
8,tropique,6,tRopik
8,tropisme,7,tRopizm
11,troposphère,9,tRoposfER
14,troposphérique,11,tRoposfeRik
7,troquer,5,tRoke
7,troquet,5,tRokE
4,trot,3,tRo
10,trotskisme,9,tROtskizm
10,trotskiste,9,tROtskist
6,trotte,4,tROt
11,trotte-menu,8,tROtm°ny
7,trotter,5,tRote
8,trotteur,6,tRot9R
7,trottin,5,tRot5
10,trottinant,7,tRotin@
12,trottinement,9,tRotin°m@
9,trottiner,7,tRotine
11,trottinette,8,tRotinEt
8,trottoir,7,tRotwaR
4,trou,3,tRu
11,trou-du-cul,7,tRudyky
9,trou-trou,6,tRutRu
10,troubadour,8,tRubaduR
9,troublant,6,tRubl@
7,trouble,5,tRubl
8,troubler,6,tRuble
7,troublé,6,tRuble
7,trouduc,6,tRudyk
6,trouer,4,tRue
11,troufignard,8,tRufiNaR
10,troufignon,7,tRufiN§
8,troufion,6,tRufj§
10,trouillard,6,tRujaR
8,trouille,4,tRuj
13,trouillomètre,9,tRujomEtR
6,troupe,4,tRup
8,troupeau,5,tRupo
8,troupier,6,tRupje
7,trousse,4,tRus
9,trousseau,5,tRuso
11,troussequin,6,tRusk5
8,trousser,5,tRuse
9,trousseur,6,tRus9R
9,trouvable,7,tRuvabl
10,trouvaille,6,tRuvaj
7,trouver,5,tRuve
8,trouveur,6,tRuv9R
8,trouvère,6,tRuvER
6,trouvé,5,tRuve
5,troué,4,tRue
6,trouée,4,tRue
6,troyen,6,tRwaj5
6,troène,5,tRoEn
6,troïka,6,tRoika
6,truand,4,tRy@
9,truandage,7,tRy@daZ
11,truandaille,7,tRy@daj
8,truander,6,tRy@de
10,truanderie,8,tRy@d°Ri
8,trublion,8,tRyblij§
4,truc,4,tRyk
7,trucage,6,tRykaZ
10,truchement,7,tRyS°m@
8,trucider,7,tRyside
5,truck,4,tRyk
9,trucmuche,7,tRykmyS
10,truculence,8,tRykyl@s
9,truculent,7,tRykyl@
7,truelle,5,tRyEl
6,truffe,4,tRyf
7,truffer,5,tRyfe
8,truffier,6,tRyfje
5,truie,4,tR8i
7,truisme,6,tR8izm
6,truite,5,tR8it
9,truitelle,7,tR8itEl
7,trumeau,5,tRymo
8,truquage,6,tRykaZ
7,truquer,5,tRyke
8,truqueur,6,tRyk9R
6,truqué,5,tRyke
8,trusquin,6,tRysk5
5,trust,5,tR9st
7,trustee,6,tR9sti
11,trusteeship,9,tR9stiSip
7,truster,6,tR9ste
11,trypanosome,10,tRipanozom
14,trypanosomiase,13,tRipanozomjaz
8,trypsine,7,tRipsin
11,tryptophane,9,tRiptofan
6,trâlée,5,tRale
6,trèfle,5,tREfl
5,trèpe,4,tREp
4,très,3,tRE
10,trébuchant,7,tRebyS@
12,trébuchement,9,tRebyS°m@
9,trébucher,7,tRebySe
9,trébuchet,7,tRebySE
8,tréfonds,5,tRef§
5,tréma,5,tRema
7,trémail,6,tRemaj
6,trémie,5,tRemi
8,trémière,7,tRemjER
7,trémois,6,tRemwa
7,trémolo,7,tRemolo
13,trémoussement,9,tRemus°m@
10,trémousser,7,tRemuse
9,trémulant,7,tRemyl@
11,trémulation,10,tRemylasj§
8,trémuler,7,tRemyle
6,trépan,5,tRep@
11,trépanation,10,tRepanasj§
8,trépaner,7,tRepane
7,trépané,7,tRepane
6,trépas,5,tRepa
9,trépasser,7,tRepase
8,trépassé,7,tRepase
9,trépidant,7,tRepid@
11,trépidation,10,tRepidasj§
8,trépider,7,tRepide
7,trépied,6,tRepje
10,trépignant,7,tRepiN@
12,trépignement,9,tRepiN°m@
9,trépigner,7,tRepiNe
9,tréponème,8,tReponEm
6,trésor,6,tRezOR
10,trésorerie,9,tRezOR°Ri
9,trésorier,8,tRezoRje
16,trésorier-payeur,13,tRezoRjepEj9R
7,tréteau,5,tReto
5,trêve,4,tREv
6,trôler,5,tRole
5,trône,4,tRon
6,trôner,5,tRone
4,tsar,4,tsaR
8,tsarisme,7,tsaRizm
8,tsariste,7,tsaRist
10,tsarévitch,9,tsaRevitS
7,tsigane,6,tsigan
11,tsoin-tsoin,8,tsw5tsw5
7,tss-tss,4,tsts
6,tsuica,6,ts8ika
7,tsunami,7,tsynami
7,tsé-tsé,6,tsetse
2,tu,2,ty
8,tu autem,6,tyotEm
5,tuant,3,t8@
3,tub,3,t9b
4,tuba,4,tyba
6,tubard,5,tybaR
9,tubardise,8,tybaRdiz
4,tube,3,tyb
5,tuber,4,tybe
9,tubercule,8,tybERkyl
11,tuberculeux,9,tybERkyl2
11,tuberculine,10,tybERkylin
11,tuberculose,10,tybERkyloz
9,tubulaire,7,tybylER
6,tubule,5,tybyl
8,tubulure,7,tybylyR
8,tubéreux,6,tybeR2
10,tubérosité,10,tybeRozite
8,tudesque,6,tydEsk
6,tudieu,5,tydj2
8,tue-loup,4,tylu
10,tue-mouche,5,tymuS
4,tuer,3,t8e
6,tuerie,4,tyRi
5,tueur,4,t89R
6,tueuse,4,t82z
3,tuf,3,tyf
7,tuffeau,4,tyfo
5,tuile,4,t8il
8,tuilerie,7,t8il°Ri
9,tularémie,8,tylaRemi
6,tulipe,5,tylip
8,tulipier,7,tylipje
5,tulle,3,tyl
10,tumescence,7,tymEs@s
9,tumescent,6,tymEs@
6,tumeur,5,tym9R
7,tumulte,6,tymylt
11,tumultuaire,9,tymylt8ER
15,tumultueusement,12,tymylt82z°m@
10,tumultueux,8,tymylt82
7,tumulus,7,tymylys
11,tuméfaction,10,tymefaksj§
8,tuméfier,7,tymefje
7,tuméfié,7,tymefje
4,tune,3,tyn
5,tuner,5,tynER
9,tungstène,7,t1kstEn
7,tunique,5,tynik
8,tunisien,7,tynizj5
6,tunnel,5,tynEl
5,tuque,3,tyk
6,turban,5,tyRb@
6,turbin,5,tyRb5
7,turbine,6,tyRbin
8,turbiner,7,tyRbine
5,turbo,5,tyRbo
16,turbocompresseur,13,tyRbok§pRes9R
15,turbopropulseur,14,tyRbopRopyls9R
13,turboréacteur,12,tyRboReakt9R
6,turbot,5,tyRbo
10,turbotière,9,tyRbotjER
10,turbulence,8,tyRbyl@s
9,turbulent,7,tyRbyl@
5,turbé,5,tyRbe
4,turc,4,tyRk
5,turco,5,tyRko
8,turcoman,8,tyRkoman
6,turdus,5,tyRdy
8,turelure,7,tyR°lyR
4,turf,4,tyRf
8,turfiste,7,tyRfist
11,turgescence,8,tyRZes@s
10,turgescent,7,tyRZes@
7,turgide,6,tyRZid
9,turgotine,8,tyRgotin
8,turinois,7,tyRinwa
7,turista,7,tyRista
5,turlu,5,tyRly
11,turlupinade,10,tyRlypinad
10,turlupiner,9,tyRlypine
8,turluter,7,tyRlyte
8,turlutte,6,tyRlyt
9,turlututu,9,tyRlytyty
5,turne,4,tyRn
8,turnover,8,t9Rnov9R
9,turpitude,8,tyRpityd
9,turquerie,7,tyRk°Ri
7,turquin,5,tyRk5
9,turquoise,7,tyRkwaz
9,tussilage,7,tysilaZ
6,tussor,5,tysOR
7,tutelle,5,tytEl
6,tuteur,5,tyt9R
10,tutoiement,7,tytwam@
7,tutorat,6,tytORa
8,tutorial,8,tytoRjal
7,tutoyer,7,tytwaje
12,tutti frutti,9,tytifRyti
12,tutti quanti,10,tytikwanti
4,tutu,4,tyty
9,tutélaire,7,tytelER
5,tuyau,5,t8ijo
8,tuyauter,7,t8ijote
10,tuyauterie,9,t8ijot°Ri
9,tuyauteur,8,t8ijot9R
7,tuyauté,7,t8ijote
6,tuyère,6,t8ijER
3,tué,3,t8e
5,tweed,4,twid
5,twill,4,twil
8,twin-set,7,twinsEt
5,twist,5,twist
7,twister,6,twiste
6,tympan,4,t5p@
10,tympanique,7,t5panik
8,tympanon,6,t5pan§
4,type,3,tip
5,typer,4,tipe
8,typhique,5,tifik
6,typhon,4,tif§
8,typhoïde,6,tifoid
6,typhus,5,tifys
7,typique,5,tipik
11,typiquement,8,tipik°m@
4,typo,4,tipo
10,typographe,8,tipogRaf
11,typographie,9,tipogRafi
12,typographier,10,tipogRafje
13,typographique,10,tipogRafik
9,typologie,8,tipoloZi
9,typomètre,8,tipomEtR
4,typé,4,tipe
5,tyran,4,tiR@
9,tyranneau,6,tiRano
11,tyrannicide,9,tiRanisid
8,tyrannie,6,tiRani
10,tyrannique,7,tiRanik
14,tyranniquement,10,tiRanik°m@
10,tyranniser,8,tiRanize
12,tyrannosaure,9,tiRanozoR
8,tyrolien,7,tiRolj5
12,tyrrhénienne,8,tiRenjEn
4,tzar,4,tsaR
10,tzarevitch,9,tsaRevitS
7,tzigane,6,tsigan
5,tâche,3,taS
6,tâcher,4,taSe
8,tâcheron,6,taS°R§
5,tâter,4,tate
9,tâtonnant,6,taton@
11,tâtonnement,8,tatOn°m@
8,tâtonner,6,tatone
2,té,2,te
6,téflon,5,tefl§
8,tégument,6,tegym@
12,tégumentaire,9,tegym@tER
3,tél,3,tEl
4,tél.,3,tel
12,télencéphale,9,tel@sefal
11,télescopage,10,telEskopaZ
9,télescope,8,telEskOp
10,télescoper,9,telEskope
12,télescopique,10,telEskopik
5,télex,6,telEks
7,télexer,7,telEkse
7,téloche,5,telOS
7,télègue,5,telEg
4,télé,4,tele
9,téléachat,7,teleaSa
15,téléavertisseur,13,teleavERtis9R
10,télécabine,9,telekabin
14,téléchargement,11,teleSaRZ°m@
11,télécharger,9,teleSaRZe
10,télécinéma,10,telesinema
12,télécommande,9,telekom@d
13,télécommander,10,telekom@de
17,télécommunication,15,telekomynikasj§
14,téléconférence,11,telek§feR@s
11,télécopieur,10,telekopj9R
8,télécran,7,telekR@
12,télédiffuser,10,teledifyze
13,télédiffusion,11,teledifyzj§
7,téléfax,8,telefaks
8,téléfilm,8,telefilm
10,télégramme,8,telegRam
10,télégraphe,8,telegRaf
11,télégraphie,9,telegRafi
12,télégraphier,10,telegRafje
13,télégraphique,10,telegRafik
13,télégraphiste,11,telegRafist
11,téléguidage,9,telegidaZ
10,téléguider,8,telegide
9,télégénie,8,teleZeni
11,télégénique,9,teleZenik
11,télékinésie,10,telekinezi
8,télémark,8,telemaRk
13,télémarketing,12,telemaRk°tiG
11,télématique,9,telematik
10,télémesure,9,telem°zyR
9,télémètre,8,telemEtR
10,télémétrie,9,telemetRi
12,télémétrique,10,telemetRik
12,téléobjectif,12,teleobZEktif
12,téléologique,10,teleoloZik
9,télépathe,7,telepat
10,télépathie,8,telepati
12,télépathique,9,telepatik
16,télépathiquement,12,telepatik°m@
11,téléphonage,9,telefonaZ
9,téléphone,7,telefOn
10,téléphoner,8,telefone
10,téléphonie,8,telefoni
12,téléphonique,9,telefonik
16,téléphoniquement,12,telefonik°m@
12,téléphoniste,10,telefonist
9,téléphoné,8,telefone
12,téléphérique,9,telefeRik
8,téléport,7,telepOR
13,téléportation,12,telepORtasj§
13,téléprompteur,11,telepR§pt9R
13,téléreportage,12,teleR°pORtaZ
9,téléroman,8,teleROm@
13,téléscripteur,12,teleskRipt9R
9,télésiège,8,telesjEZ
7,téléski,7,teleski
14,téléspectateur,13,telespEktat9R
16,télésurveillance,12,telesyRvEj@s
9,télétexte,10,teletEks°t
11,télétravail,10,teletRavaj
8,télétype,7,teletip
14,télévangéliste,12,telev@Zelist
11,télévendeur,9,telev@d9R
9,télévente,7,telev@t
10,téléviseur,9,televiz9R
10,télévision,9,televizj§
10,télévisuel,10,televiz8El
8,télévisé,8,televize
10,témoignage,8,temwaNaZ
9,témoigner,7,temwaNe
6,témoin,5,temw5
10,témoin-clé,8,temw5kle
14,témoin-vedette,10,temw5v°dEt
9,téméraire,7,temeRER
13,témérairement,10,temeRER°m@
8,témérité,8,temeRite
8,ténacité,8,tenasite
5,ténia,5,tenja
5,ténor,5,tenOR
4,ténu,4,teny
7,ténuité,7,ten8ite
7,ténèbre,6,tenEbR
8,ténèbres,6,tenEbR
9,ténébreux,7,tenebR2
12,ténébrionidé,12,tenebRionide
13,tératologique,11,teRatoloZik
8,tératome,7,teRatom
12,térébenthine,9,teReb@tin
10,térébinthe,7,teReb5t
9,térébrant,7,teRebR@
7,tétanie,6,tetani
9,tétanique,7,tetanik
12,tétanisation,11,tetanizasj§
9,tétaniser,8,tetanize
8,tétanisé,8,tetanize
7,tétanos,7,tetanos
5,téter,4,tete
6,téteur,5,tet9R
6,tétine,5,tetin
5,téton,4,tet§
5,tétra,5,tetRa
13,tétrachlorure,11,tetRakloRyR
12,tétracycline,11,tetRasiklin
12,tétradrachme,10,tetRadRakm
11,tétragramme,9,tetRagRam
10,tétralogie,9,tetRaloZi
9,tétramère,8,tetRamER
10,tétramètre,9,tetRamEtR
11,tétraplégie,10,tetRapleZi
13,tétraplégique,11,tetRapleZik
9,tétrarque,7,tetRaRk
6,tétras,6,tetRas
13,tétrodotoxine,13,tetROdotOksin
5,tétée,4,tete
4,tévé,4,teve
5,tézig,5,tezig
7,tézigue,5,tezig
3,têt,2,tE
6,têtard,5,tEtaR
4,tête,3,tEt
10,tête-bêche,6,tEtbES
12,tête-de-mort,8,tEtd°mOR
13,tête-de-nègre,9,tEtd°nEgR
12,tête-à-queue,6,tEtak2
11,tête-à-tête,7,tEtatEt
7,têtière,6,tEtjER
4,têtu,4,tety
4,tôle,3,tol
7,tôlerie,6,tol°Ri
6,tôlier,5,tolje
3,tôt,2,to
8,tôt-fait,4,tofE
1,u,1,y
4,ubac,4,ybak
6,ubique,4,ybik
9,ubiquiste,8,ybik8ist
11,ubiquitaire,9,ybik8itER
8,ubiquité,8,ybik8ite
8,ubuesque,6,ybyEsk
8,ufologie,7,yfOlOZi
5,uhlan,3,yl@
3,uht,2,yt
5,ukase,4,ykaz
9,ukrainien,7,ykREnj5
7,ukulélé,7,ykylele
6,ulcère,5,ylsER
8,ulcéreux,6,ylseR2
6,ulcéré,6,ylseRe
4,ulna,4,ylna
7,ulnaire,5,ylnER
12,ultima ratio,11,yltimaRasjo
9,ultimatum,9,yltimatOm
6,ultime,5,yltim
10,ultimement,8,yltim°m@
6,ultimo,6,yltimo
5,ultra,5,yltRa
16,ultra-catholique,12,yltRakatOlik
10,ultra-chic,8,yltRaSik
12,ultra-gauche,8,yltRagoS
12,ultra-rapide,10,yltRaRapid
12,ultra-secret,10,yltRas2kRE
14,ultra-sensible,11,yltRas@sibl
12,ultra-violet,10,yltRavjolE
8,ultrafin,7,yltRaf5
11,ultragauche,8,yltRagoS
10,ultraléger,9,yltRaleZe
12,ultramoderne,11,yltRamodERn
12,ultramontain,9,yltRam§t5
15,ultraperformant,13,yltRapERfORm@
11,ultrarapide,10,yltRaRapid
11,ultrasecret,10,yltRas°kRE
13,ultrasensible,11,yltRas@sibl
8,ultrason,7,yltRas§
12,ultrasonique,10,yltRasonik
11,ultraviolet,10,yltRavjolE
10,ultravirus,10,yltRaviRys
9,ultérieur,8,ylteRj9R
14,ultérieurement,11,ylteRj9R°m@
9,ululement,7,ylyl°m@
6,ululer,5,ylyle
7,umbanda,6,umb@da
2,un,1,1
7,unanime,6,ynanim
11,unanimement,9,ynanim°m@
10,unanimisme,9,ynanimizm
9,unanimité,9,ynanimite
4,unau,3,yno
11,underground,11,9nd9RgRawnd
3,une,2,yn
4,unes,2,yn
8,unetelle,6,yn°tEl
7,unguéal,6,§g8eal
3,uni,3,yni
6,uniate,5,ynjat
13,unicellulaire,10,ynisElylER
7,unicité,7,ynisite
8,unicorne,7,ynikORn
15,unidimensionnel,13,ynidim@sjonEl
15,unidirectionnel,14,ynidiREksjonEl
11,unification,10,ynifikasj§
7,unifier,6,ynifje
8,uniforme,7,ynifORm
14,uniformisation,13,ynifORmizasj§
11,uniformiser,10,ynifORmize
10,uniformité,10,ynifORmite
12,uniformément,10,ynifORmem@
11,unijambiste,9,yniZ@bist
10,unilatéral,10,ynilateRal
15,unilatéralement,13,ynilateRal°m@
13,unilatéralité,13,ynilateRalite
7,uniment,5,ynim@
10,uninominal,10,yninominal
5,union,4,ynj§
9,unioniste,8,ynjonist
7,uniprix,6,ynipRi
6,unique,4,ynik
10,uniquement,7,ynik°m@
4,unir,4,yniR
7,unisexe,7,ynisEks
7,unisson,5,ynis§
8,unitaire,6,ynitER
9,unitarien,8,ynitaRj5
5,unité,5,ynite
7,univers,6,ynivER
9,universal,9,ynivERsal
13,universalisme,12,ynivERsalizm
13,universaliste,12,ynivERsalist
12,universalité,12,ynivERsalite
9,universel,9,ynivERsEl
15,universellement,12,ynivERsEl°m@
13,universitaire,11,ynivERsitER
10,université,10,ynivERsite
8,univoque,6,ynivOk
6,unième,5,ynjEm
3,uns,1,1
5,untel,4,1tEl
9,upanishad,7,ypaniSa
4,upas,4,ypas
6,update,6,9pdajt
7,updater,6,9pdate
8,uppercut,7,ypERkyt
5,urane,4,yRan
8,uranisme,7,yRanizm
8,uraniste,7,yRanist
7,uranium,7,yRanjOm
6,urbain,4,yRb5
12,urbanisation,11,yRbanizasj§
9,urbanisme,8,yRbanizm
9,urbaniste,8,yRbanist
8,urbanité,8,yRbanite
12,urbi et orbi,10,uRbiEtORbi
4,urdu,4,yRdy
7,uretère,6,yR°tER
3,urf,3,yRf
9,urgemment,6,yRZam@
7,urgence,5,yRZ@s
6,urgent,4,yRZ@
12,urgentissime,9,yRZ@tisim
10,urgentiste,8,yRZ@tist
5,urger,4,yRZe
8,urinaire,6,yRinER
6,urinal,6,yRinal
5,urine,4,yRin
6,uriner,5,yRine
7,urinoir,7,yRinwaR
6,urique,4,yRik
4,urne,3,yRn
10,urographie,8,yRogRafi
9,urokinase,8,yRokinaz
8,urologie,7,yRoloZi
10,urologique,8,yROlOZik
8,urologue,6,yRolOg
9,uroscopie,8,yRoskopi
8,ursuline,7,yRsylin
9,urticaire,7,yRtikER
5,urubu,5,yRyby
9,uruguayen,8,yRygwEj5
4,urus,4,yRys
6,urètre,5,yREtR
4,urée,3,yRe
6,urémie,5,yRemi
8,urémique,6,yRemik
8,uréthane,6,yRetan
8,urétrite,7,yRetRit
2,us,2,ys
5,usage,4,yzaZ
6,usager,5,yzaZe
5,usagé,5,yzaZe
5,usant,3,yz@
4,user,3,yze
7,usinage,6,yzinaZ
5,usine,4,yzin
12,usine-pilote,9,yzinpilOt
6,usiner,5,yzine
7,usinier,6,yzinje
5,usité,5,yzite
9,ustensile,7,yst@sil
6,ustion,5,ystj§
5,usuel,5,yz8El
11,usuellement,8,yz8El°m@
8,usufruit,7,yzyfR8i
11,usufruitier,10,yzyfR8itje
8,usuraire,6,yzyRER
5,usure,4,yzyR
7,usurier,6,yzyRje
10,usurpateur,9,yzyRpat9R
10,usurpation,9,yzyRpasj§
7,usurper,6,yzyRpe
3,usé,3,yze
2,ut,2,yt
5,utile,4,ytil
9,utilement,7,ytil°m@
10,utilisable,9,ytilizabl
11,utilisateur,10,ytilizat9R
11,utilisation,10,ytilizasj§
8,utiliser,7,ytilize
7,utilisé,7,ytilize
10,utilitaire,8,ytilitER
12,utilitarisme,11,ytilitaRizm
7,utilité,7,ytilite
6,utopie,5,ytopi
8,utopique,6,ytopik
8,utopiste,7,ytopist
6,utérin,5,yteR5
6,utérus,6,yteRys
10,uxorilocal,11,yksoRilokal
1,v,2,ve
2,va,2,va
11,va-et-vient,6,vaevj5
7,va-tout,4,vatu
7,vacance,5,vak@s
9,vacancier,7,vak@sje
6,vacant,4,vak@
7,vacarme,6,vakaRm
9,vacataire,7,vakatER
8,vacation,7,vakasj§
6,vaccin,5,vaks5
8,vaccinal,8,vaksinal
9,vaccinant,7,vaksin@
11,vaccination,10,vaksinasj§
7,vaccine,6,vaksin
8,vacciner,7,vaksine
7,vacciné,7,vaksine
7,vachard,5,vaSaR
10,vachardise,8,vaSaRdiz
5,vache,3,vaS
9,vachement,6,vaS°m@
6,vacher,4,vaSe
8,vacherie,6,vaS°Ri
8,vacherin,6,vaS°R5
8,vachette,5,vaSEt
7,vachère,5,vaSER
9,vacillant,6,vasij@
11,vacillement,8,vasij°m@
8,vaciller,6,vasije
7,vacuité,7,vak8ite
7,vacuole,6,vak8Ol
13,vacuolisation,12,vak8Olizasj§
6,vacuum,6,vak8Om
10,vade retro,9,vadeRetRo
10,vadrouille,6,vadRuj
11,vadrouiller,7,vadRuje
12,vadrouilleur,8,vadRuj9R
8,vae soli,7,vaesoli
10,vae victis,9,vaeviktis
8,vagabond,6,vagab§
11,vagabondage,9,vagab§daZ
10,vagabonder,8,vagab§de
5,vagal,5,vagal
5,vagin,4,vaZ5
7,vaginal,7,vaZinal
8,vaginite,7,vaZinit
5,vagir,5,vaZiR
9,vagissant,6,vaZis@
11,vagissement,8,vaZis°m@
9,vagotomie,8,vagOtOmi
5,vague,3,vag
10,vaguelette,7,vag°lEt
9,vaguement,6,vag°m@
11,vaguemestre,9,vag°mEstR
6,vaguer,4,vage
6,vahiné,5,vaine
11,vaillamment,6,vajam@
9,vaillance,5,vaj@s
8,vaillant,4,vaj@
4,vain,2,v5
7,vaincre,4,v5kR
6,vaincu,4,v5ky
9,vainement,6,vEn°m@
9,vainqueur,5,v5k9R
4,vair,3,vER
6,vairon,4,vER§
8,vaisseau,4,vEso
15,vaisseau-amiral,10,vEsoamiRal
10,vaisselier,7,vEs°lje
9,vaisselle,5,vEsEl
3,val,3,val
7,valable,6,valabl
11,valablement,9,valabl°m@
7,valaque,5,valak
10,valdinguer,7,vald5ge
7,valence,5,val@s
9,valencien,7,val@sj5
8,valentin,6,val@t5
11,valentinien,9,val@tinj5
5,valet,4,valE
10,valetaille,7,val°taj
7,valeter,6,val°te
6,valeur,5,val9R
13,valeur-refuge,10,val9RR°fyZ
14,valeureusement,10,val9R2z°m@
9,valeureux,6,val2R2
6,valgus,6,valgys
10,validation,9,validasj§
6,valide,5,valid
7,valider,6,valide
8,validité,8,validite
6,validé,6,valide
6,valise,5,valiz
8,valleuse,5,val2z
6,vallon,4,val§
12,vallonnement,8,valOn°m@
9,vallonner,6,valone
8,vallonné,6,valone
6,vallée,4,vale
7,valoche,5,valOS
6,valoir,6,valwaR
10,valorisant,8,valoRiz@
12,valorisation,11,valoRizasj§
9,valoriser,8,valoRize
12,valpolicella,12,valpolitSEla
5,valse,4,vals
16,valse-hésitation,12,valsezitasj§
6,valser,5,valse
7,valseur,6,vals9R
5,valve,4,valv
7,valvule,6,valvyl
9,valériane,8,valeRjan
13,valétudinaire,11,valetydinER
4,vamp,3,v@p
9,vamp-club,7,v@pkl9b
6,vamper,4,v@pe
7,vampire,5,v@piR
10,vampirique,7,v@piRik
10,vampirisme,8,v@piRizm
3,van,3,van
8,vanadium,8,vanadjOm
7,vandale,5,v@dal
10,vandaliser,8,v@dalize
10,vandalisme,8,v@dalizm
7,vanille,5,vanij
7,vanillé,6,vanije
13,vaniteusement,10,vanit2z°m@
8,vaniteux,6,vanit2
11,vanity-case,10,vanitikEjs
6,vanité,6,vanite
5,vanne,3,van
7,vanneau,4,vano
6,vanner,4,vane
8,vannerie,6,van°Ri
7,vanneur,5,van9R
7,vannier,5,vanje
5,vanné,4,vane
7,vantail,5,v@taj
7,vantard,5,v@taR
10,vantardise,8,v@taRdiz
6,vanter,4,v@te
8,vanterie,6,v@t°Ri
4,vape,3,vap
6,vapeur,5,vap9R
9,vaporetto,8,vapoREto
8,vaporeux,6,vapoR2
12,vaporisateur,11,vapoRizat9R
12,vaporisation,11,vapoRizasj§
9,vaporiser,8,vapoRize
4,vaps,3,vap
6,vaquer,4,vake
7,vaquero,6,vakeRo
3,var,3,vaR
4,vara,4,vaRa
5,varan,4,vaR@
7,varappe,5,vaRap
8,varapper,6,vaRape
9,varappeur,7,vaRap9R
6,varech,5,vaREk
7,varenne,5,vaREn
7,vareuse,5,vaR2z
5,varia,5,vaRja
11,variabilité,11,vaRjabilite
8,variable,7,vaRjabl
8,variance,6,vaRj@s
7,variant,5,vaRj@
8,variante,6,vaRj@t
9,variateur,8,vaRjat9R
9,variation,8,vaRjasj§
6,varice,5,vaRis
9,varicelle,7,vaRisEl
6,varier,5,vaRje
7,variole,6,vaRjOl
8,variorum,8,vaRjoROm
9,variqueux,6,vaRik2
5,varié,5,vaRje
8,variétal,8,vaRjetal
7,variété,7,vaRjete
6,varlet,5,vaRlE
7,varlope,6,vaRlOp
5,varon,4,vaR§
9,varsovien,8,vaRsOvj5
6,vasais,4,vazE
10,vasculaire,8,vaskylER
11,vascularisé,11,vaskylaRize
15,vasculo-nerveux,12,vaskylonERv2
4,vase,3,vaz
10,vasectomie,9,vazEktomi
8,vaseline,7,vaz°lin
9,vaseliner,8,vaz°line
5,vaser,4,vaze
6,vaseux,4,vaz2
8,vasistas,8,vazistas
7,vasière,6,vazjER
16,vasoconstricteur,14,vazok§stRikt9R
16,vasoconstriction,14,vazok§stRiksj§
14,vasodilatateur,13,vazodilatat9R
14,vasodilatation,13,vazodilatasj§
12,vasopressine,10,vazopResin
11,vasouillard,7,vazujaR
10,vasouiller,6,vazuje
6,vasque,4,vask
6,vassal,5,vasal
9,vassalité,8,vasalite
5,vaste,4,vast
9,vastitude,8,vastityd
7,vastité,7,vastite
5,vater,5,vat9R
8,vaticane,7,vatikan
12,vaticanesque,10,vatikanEsk
12,vaticination,11,vatisinasj§
9,vaticiner,8,vatisine
3,vau,2,vo
9,vau-l'eau,4,volo
10,vauclusien,8,voklyzj5
10,vaudeville,7,vod°vil
14,vaudevillesque,10,vod°vilEsk
7,vaudois,5,vodwa
6,vaudou,4,vodu
10,vaudouisme,7,voduizm
7,vaurien,5,voRj5
7,vautour,5,votuR
6,vautre,4,votR
7,vautrer,5,votRe
6,vautré,5,votRe
7,vauvert,5,vovER
8,vauxhall,6,voksol
4,veau,2,vo
7,vecteur,6,vEkt9R
9,vectoriel,9,vEktoRjEl
11,vedettariat,9,v°dEtaRja
7,vedette,5,v°dEt
6,veille,3,vEj
7,veiller,4,veje
8,veilleur,5,vEj9R
9,veilleuse,5,vEj2z
6,veillé,4,veje
7,veillée,4,veje
7,veinard,5,vEnaR
5,veine,3,vEn
7,veineux,4,vEn2
7,veinule,5,venyl
7,veinulé,6,venyle
5,veiné,4,vene
6,velcro,6,vElkRo
4,veld,4,vEld
5,veldt,4,vElt
7,vellave,5,vElav
11,velléitaire,8,vEleitER
8,velléité,7,vEleite
7,velours,5,v°luR
8,velouter,6,v°lute
9,velouteux,6,v°lut2
7,velouté,6,v°lute
5,velte,4,vElt
4,velu,4,v°ly
5,velum,5,velOm
5,velux,6,v2luks
6,velvet,6,vElvEt
8,venaison,6,v°nEz§
6,venant,4,v°n@
8,vendable,6,v@dabl
8,vendange,5,v@d@Z
9,vendanger,6,v@d@Ze
10,vendangeur,7,v@d@Z9R
8,vendetta,6,v@dEta
7,vendeur,5,v@d9R
6,vendre,4,v@dR
8,vendredi,7,v@dR°di
5,vendu,4,v@dy
7,vendéen,5,v@de5
11,vendémiaire,8,v@demjER
9,vendômois,7,v@domwa
7,venelle,5,v°nEl
7,venette,5,v°nEt
6,veneur,5,v°n9R
9,vengeance,5,v@Z@s
6,venger,4,v@Ze
7,vengeur,5,v@Z9R
13,venimeusement,10,venim2z°m@
8,venimeux,6,v°nim2
5,venin,4,v°n5
5,venir,5,v°niR
6,venise,5,v2niz
4,vent,2,v@
7,ventail,5,v@taj
5,vente,3,v@t
6,venter,4,v@te
7,venteux,4,v@t2
11,ventilateur,9,v@tilat9R
11,ventilation,9,v@tilasj§
8,ventiler,6,v@tile
7,ventilo,6,v@tilo
7,ventilé,6,v@tile
6,ventis,4,v@ti
8,ventouse,5,v@tuz
7,ventral,6,v@tRal
6,ventre,4,v@tR
17,ventre-saint-gris,10,v@tR°s5gRi
10,ventrebleu,8,v@tR°bl2
13,ventriculaire,10,v@tRikylER
10,ventricule,8,v@tRikyl
11,ventriloque,8,v@tRilOk
12,ventriloquie,9,v@tRiloki
12,ventripotent,9,v@tRipot@
9,ventrière,8,v@tRijER
6,ventru,5,v@tRy
7,ventrée,5,v@tRe
5,venté,4,v@te
7,ventôse,5,v@toz
4,venu,4,v°ny
5,venue,4,v°ny
3,ver,3,vER
6,verbal,6,vERbal
11,verbalement,9,vERbal°m@
13,verbalisation,12,vERbalizasj§
10,verbaliser,9,vERbalize
10,verbalisme,9,vERbalizm
10,verbaliste,9,vERbalist
8,verbatim,8,vERbatim
5,verbe,4,vERb
7,verbeux,5,vERb2
8,verbiage,7,vERbjaZ
9,verbosité,9,vERbozite
8,verdelet,7,vERd°lE
7,verdeur,6,vERd9R
5,verdi,5,vERdi
7,verdict,7,vERdikt
7,verdier,6,vERdje
6,verdir,6,vERdiR
10,verdissant,7,vERdis@
11,verdoiement,8,vERdwam@
9,verdoyant,8,vERdwaj@
8,verdoyer,8,vERdwaje
7,verdure,6,vERdyR
8,verdâtre,7,vERdatR
5,verge,4,vERZ
8,vergence,6,vERZ@s
6,verger,5,vERZe
9,vergeture,8,vERZ°tyR
8,verglacé,8,vERglase
7,verglas,6,vERgla
6,vergne,4,vERN
8,vergogne,6,vERgON
10,vergogneux,7,vERgoN2
6,vergue,4,vERg
5,vergé,5,vERZe
6,verjus,5,vERZy
6,verlan,5,vERl@
7,vermeil,6,vERmEj
10,vermicelle,8,vERmisEl
12,vermiculaire,10,vERmikylER
9,vermifuge,8,vERmifyZ
9,vermillon,7,vERmij§
7,vermine,6,vERmin
9,vermineux,7,vERmin2
10,vermisseau,7,vERmiso
8,vermoulu,7,vERmuly
10,vermoulure,8,vERmulyR
7,vermout,6,vERmut
8,vermouth,6,vERmut
12,vernaculaire,10,vERnakylER
6,vernal,6,vERnal
5,verne,4,vERn
5,verni,5,vERni
7,vernier,6,vERnje
6,vernir,6,vERniR
6,vernis,5,vERni
10,vernissage,8,vERnisaZ
9,vernisser,7,vERnise
10,vernisseur,8,vERnis9R
8,vernissé,7,vERnise
6,verrat,4,vERa
5,verre,3,vER
8,verrerie,6,vER°Ri
7,verrier,5,vERje
8,verrière,6,vERjER
10,verroterie,8,veROt°Ri
6,verrou,4,veRu
12,verrouillage,7,veRujaZ
11,verrouiller,6,veRuje
10,verrouillé,6,veRuje
6,verrue,4,veRy
4,vers,3,vER
11,versaillais,7,vERsajE
7,versant,5,vERs@
9,versatile,8,vERsatil
11,versatilité,11,vERsatilite
5,verse,4,vERs
7,verseau,5,vERso
9,versement,7,vERs°m@
6,verser,5,vERse
6,verset,5,vERsE
7,verseur,6,vERs9R
13,versificateur,12,vERsifikat9R
13,versification,12,vERsifikasj§
9,versifier,8,vERsifje
7,version,6,vERsj§
5,verso,5,vERso
6,versus,6,vERsys
5,versé,5,vERse
4,vert,3,vER
12,vert-de-gris,8,vERd°gRi
13,vert-de-grisé,10,vERd°gRize
11,vert-galant,7,vERgal@
10,vert-jaune,6,vERZon
9,vertement,7,vERt°m@
6,vertex,7,vERtEks
8,vertical,8,vERtikal
9,verticale,8,vERtikal
13,verticalement,11,vERtikal°m@
11,verticalité,11,vERtikalite
10,verticille,8,vERtisil
7,vertige,6,vERtiZ
16,vertigineusement,13,vERtiZin2z°m@
11,vertigineux,9,vERtiZin2
7,vertigo,7,vERtigo
5,vertu,5,vERty
9,vertubleu,8,vERtybl2
13,vertueusement,10,vERt82z°m@
8,vertueux,6,vERt82
10,vertugadin,9,vERtygad5
8,vertèbre,7,vERtEbR
9,vertébral,9,vERtebRal
8,vertébré,8,vERtebRe
5,verve,4,vERv
8,verveine,6,vERvEn
7,verveux,5,vERv2
5,vesce,3,vEs
5,vespa,5,vEspa
11,vespasienne,9,vEspazjEn
7,vesprée,6,vEspRe
8,vespéral,8,vEspeRal
13,vesse-de-loup,7,vEsd°lu
6,vessie,4,vesi
8,vestalat,7,vestala
7,vestale,6,vEstal
5,veste,4,vEst
9,vestiaire,7,vEstjER
9,vestibule,8,vEstibyl
7,vestige,6,vEstiZ
13,vestimentaire,10,vEstim@tER
6,veston,5,vEst§
4,veto,4,veto
4,veuf,3,v9f
5,veule,3,v2l
8,veulerie,6,v2l°Ri
7,veuvage,5,v9vaZ
6,vexant,5,vEks@
8,vexation,8,vEksasj§
9,vexatoire,9,vEksatwaR
5,vexer,5,vEkse
4,vexé,5,vEkse
3,via,3,vja
9,viabilité,9,vjabilite
6,viable,5,vjabl
6,viaduc,6,vjadyk
6,viager,5,vjaZe
6,viagra,6,vjagRa
8,viandard,6,vj@daR
6,viande,4,vj@d
7,viander,5,vj@de
7,viandox,7,vj@dOks
8,viatique,6,vjatik
7,vibrant,5,vibR@
10,vibraphone,8,vibRafOn
9,vibrateur,8,vibRat9R
9,vibratile,8,vibRatil
9,vibration,8,vibRasj§
7,vibrato,7,vibRato
10,vibratoire,9,vibRatwaR
6,vibrer,5,vibRe
7,vibreur,6,vibR9R
13,vibro-masseur,10,vibRomas9R
12,vibromasseur,10,vibRomas9R
7,vicaire,5,vikER
4,vice,3,vis
11,vice-amiral,9,visamiRal
15,vice-chancelier,11,vis°S@s2lje
11,vice-consul,8,visk§syl
13,vice-ministre,10,visministR
12,vice-premier,9,vispR°mje
15,vice-présidence,11,vispRezid@s
14,vice-président,10,vispRezid@
12,vice-recteur,9,visREkt9R
8,vice-roi,6,visRwa
10,vice-versa,8,visvERsa
8,vicelard,7,vis°laR
11,vicelardise,10,vis°laRdiz
5,vichy,4,viSi
8,vichysme,6,viSism
10,vichyssois,7,viSiswa
8,vichyste,6,viSist
6,vicier,5,visje
12,vicieusement,9,visj2z°m@
7,vicieux,5,visj2
7,vicinal,7,visinal
10,vicinalité,10,visinalite
11,vicissitude,9,visisityd
5,vicié,5,visje
7,vicomte,5,vik§t
7,vicomté,6,vik§te
10,victimaire,8,viktimER
7,victime,6,viktim
12,victimologie,11,viktimOlOZi
8,victoire,7,viktwaR
8,victoria,8,viktoRja
9,victorien,8,viktoRj5
15,victorieusement,12,viktoRj2z°m@
10,victorieux,8,viktoRj2
10,victuaille,7,vikt8aj
6,vidage,5,vidaZ
6,vidame,5,vidam
7,vidange,5,vid@Z
8,vidanger,6,vid@Ze
9,vidangeur,7,vid@Z9R
4,vide,3,vid
12,vide-gousset,8,vid°gusE
13,vide-greniers,9,vidgR2nje
11,vide-ordure,8,vidORdyR
12,vide-ordures,8,vidORdyR
10,vide-poche,6,vidpOS
11,vide-poches,6,vidpOS
5,vider,4,vide
6,videur,5,vid9R
7,vidicon,6,vidik§
7,viduité,7,vid8ite
4,vidé,4,vide
8,vidéaste,7,videast
5,vidéo,5,video
10,vidéo-clip,9,videoklip
10,vidéo-club,9,videokl9b
12,vidéo-espion,10,videoEspj§
13,vidéocassette,10,videokasEt
9,vidéoclip,9,videoklip
9,vidéoclub,9,videokl9b
15,vidéoconférence,12,videok§feR@s
11,vidéogramme,9,videOgRam
10,vidéophone,8,videofOn
11,vidéophonie,9,videOfOni
17,vidéosurveillance,13,videosyRvEj@s
11,vidéothèque,8,videotEk
3,vie,2,vi
5,vieil,4,vjEj
9,vieillard,6,vjEjaR
10,vieillerie,7,vjEj°Ri
10,vieillesse,6,vjEjEs
7,vieilli,5,vjeji
8,vieillir,6,vjejiR
12,vieillissant,7,vjejis@
14,vieillissement,9,vjejis°m@
8,vieillot,5,vjEjo
6,vielle,4,vjEl
8,vielleux,5,vjEl2
8,viennois,6,vjEnwa
12,viennoiserie,10,vjEnwaz°Ri
6,vierge,5,vjERZ
10,vietnamien,9,vjEtnamj5
5,vieux,3,vj2
10,vieux-rose,6,vj2Roz
3,vif,3,vif
10,vif-argent,7,vifaRZ@
5,vigie,4,viZi
5,vigil,5,viZil
9,vigilance,7,viZil@s
8,vigilant,6,viZil@
6,vigile,5,viZil
7,vigiler,6,viZile
5,vigne,3,viN
8,vigneron,6,viN°R§
8,vignette,5,viNEt
8,vignoble,6,viNObl
7,vigogne,5,vigON
14,vigoureusement,10,viguR2z°m@
9,vigoureux,6,viguR2
8,vigousse,5,vigus
7,vigueur,5,vig9R
7,viguier,5,vigje
6,viking,5,vikiG
3,vil,3,vil
6,vilain,4,vil5
11,vilainement,8,vilEn°m@
11,vilebrequin,9,vil°bR°k5
8,vilement,6,vil°m@
7,vilenie,6,vileni
10,vilipender,8,vilip@de
9,vilipendé,8,vilip@de
5,villa,5,villa
7,village,5,vilaZ
10,villageois,7,vilaZwa
5,ville,3,vil
16,ville-champignon,9,vilS@piN§
13,ville-dortoir,10,vildORtwaR
8,villette,5,vilEt
12,villégiature,10,vileZjatyR
13,villégiaturer,11,vileZjatyRe
3,vin,2,v5
4,vina,4,vina
8,vinaigre,6,vinEgR
9,vinaigrer,7,vinEgRe
11,vinaigrette,8,vinEgREt
7,vinasse,5,vinas
10,vindicatif,9,v5dikatif
15,vindicativement,12,v5dikativ°m@
8,vindicte,6,v5dikt
5,viner,4,vine
6,vineux,4,vin2
5,vingt,2,v5
10,vingt-cinq,6,v5ts5k
15,vingt-cinquième,9,v5ts5kjEm
10,vingt-deux,5,v5td2
14,vingt-deuxième,9,v5td2zjEm
11,vingt-et-un,5,v5te1
15,vingt-et-unième,9,v5teynjEm
10,vingt-huit,6,v5t8it
14,vingt-huitième,9,v5t8itjEm
10,vingt-neuf,6,v5tn9f
14,vingt-neuvième,9,v5tn9vjEm
12,vingt-quatre,7,v5tkatR
15,vingt-quatrième,11,v5tkatRijEm
10,vingt-sept,6,v5tsEt
14,vingt-septième,9,v5tsEtjEm
9,vingt-six,6,v5tsis
13,vingt-sixième,9,v5tsizjEm
11,vingt-trois,7,v5ttRwa
15,vingt-troisième,11,v5ttRwazjEm
9,vingtaine,5,v5tEn
9,vingtième,6,v5tjEm
8,vinicole,7,vinikOl
4,vins,2,v5
7,vintage,5,v5taZ
6,vinyle,5,vinil
9,vinylique,7,vinilik
4,vioc,4,vjOk
7,viocard,6,vjOkaR
7,viocque,4,vjOk
4,viol,4,vjOl
8,violacer,7,vjolase
7,violacé,7,vjolase
9,violation,8,vjolasj§
5,viole,4,vjOl
10,violemment,7,vjolam@
8,violence,6,vjol@s
7,violent,4,vjOl
7,violent,5,vjol@
9,violenter,7,vjol@te
6,violer,5,vjole
6,violet,5,vjolE
8,violette,6,vjolEt
7,violeur,6,vjol9R
7,violine,6,vjolin
6,violon,5,vjol§
11,violoncelle,8,vjol§sEl
14,violoncelliste,11,vjol§selist
9,violoneux,7,vjolon2
10,violoniste,9,vjolonist
8,violâtre,7,vjolatR
6,vioque,4,vjOk
6,viorne,5,vjORn
6,vipère,5,vipER
8,vipéreau,6,vipeRo
6,virage,5,viRaZ
6,virago,6,viRago
5,viral,5,viRal
4,vire,3,viR
8,virement,6,viR°m@
5,virer,4,viRe
11,virevoltant,9,viR°vOlt@
9,virevolte,8,viR°vOlt
10,virevolter,9,viR°vOlte
9,virgilien,8,viRZilj5
8,virginal,8,viRZinal
13,virginalement,11,viRZinal°m@
8,virginie,7,viRZini
9,virginien,8,viRZinj5
9,virginité,9,viRZinite
7,virgule,6,viRgyl
5,viril,5,viRil
10,virilement,8,viRil°m@
9,viriliser,8,viRilize
8,virilité,8,viRilite
7,virolet,6,viROlE
9,virologie,8,viRoloZi
11,virologiste,10,viROlOZist
9,virologue,7,viRolOg
10,virtualité,10,viRt8alite
7,virtuel,7,viRt8El
13,virtuellement,10,viRt8El°m@
8,virtuose,7,viRt8oz
10,virtuosité,10,viRt8ozite
9,virulence,7,viRyl@s
8,virulent,6,viRyl@
5,virus,5,viRys
5,virée,4,viRe
3,vis,3,vis
9,vis-à-vis,6,vizavi
4,visa,4,viza
6,visage,5,vizaZ
9,visagiste,8,vizaZist
7,viscose,6,viskoz
9,viscosité,9,viskozite
7,viscère,5,visER
8,viscéral,7,viseRal
13,viscéralement,10,viseRal°m@
5,viser,4,vize
6,viseur,5,viz9R
11,vishnouisme,8,viSnuism
10,visibilité,10,vizibilite
7,visible,6,vizibl
11,visiblement,9,vizibl°m@
15,visioconférence,12,vizjok§feR@s
6,vision,5,vizj§
10,visionnage,8,vizjonaZ
11,visionnaire,8,vizjonER
9,visionner,7,vizjone
10,visiophone,8,vizjofOn
10,visitation,9,vizitasj§
6,visite,5,vizit
13,visite-éclair,10,viziteklER
7,visiter,6,vizite
8,visiteur,7,vizit9R
7,visière,6,vizjER
5,vison,4,viz§
8,visqueux,5,visk2
6,visser,4,vise
8,visserie,6,vis°Ri
5,vissé,4,vise
5,vista,5,vista
13,visualisation,12,viz8alizasj§
10,visualiser,9,viz8alize
6,visuel,6,viz8El
12,visuellement,9,viz8El°m@
4,visé,4,vize
5,visée,4,vize
5,vital,5,vital
9,vitaliser,8,vitalize
8,vitalité,8,vitalite
8,vitamine,7,vitamin
9,vitaminer,8,vitamine
8,vitaminé,8,vitamine
4,vite,3,vit
8,vitellin,6,vitel5
8,vitement,6,vit°m@
7,vitesse,5,vitEs
8,viticole,7,vitikOl
11,viticulteur,10,vitikylt9R
11,viticulture,10,vitikyltyR
8,vitiligo,8,vitiligo
7,vitrage,6,vitRaZ
7,vitrail,6,vitRaj
12,vitrauphanie,9,vitRofani
5,vitre,4,vitR
7,vitreux,5,vitR2
7,vitrier,7,vitRije
9,vitrifier,8,vitRifje
7,vitrine,6,vitRin
7,vitriol,8,vitRijOl
9,vitrioler,8,vitRiole
11,vitriolique,10,vitRijOlik
11,vitrophanie,9,vitRofani
5,vitré,5,vitRe
9,vitupérer,8,vitypeRe
7,vivable,6,vivabl
6,vivace,5,vivas
8,vivacité,8,vivasite
9,vivandier,7,viv@dje
6,vivant,4,viv@
8,vivarium,8,vivaRjOm
5,vivat,4,viva
6,vivats,4,viva
4,vive,3,viv
8,vivement,6,viv°m@
6,viveur,5,viv9R
6,vivier,5,vivje
9,vivifiant,7,vivifj@
12,vivification,11,vivifikasj§
8,vivifier,7,vivifje
11,vivisecteur,10,vivisekt9R
11,vivisection,10,viviseksj§
7,vivoter,6,vivote
5,vivre,4,vivR
5,vizir,5,viziR
4,vlan,3,vl@
5,vlouf,4,vluf
7,vocable,6,vokabl
11,vocabulaire,9,vokabylER
5,vocal,5,vokal
10,vocalement,8,vokal°m@
9,vocalique,7,vokalik
12,vocalisation,11,vokalizasj§
8,vocalise,7,vokaliz
9,vocaliser,8,vokalize
9,vocaliste,8,vokalist
7,vocatif,7,vokatif
8,vocation,7,vokasj§
10,vociférant,8,vosifeR@
12,vocifération,11,vosifeRasj§
9,vociférer,8,vosifeRe
8,vocodeur,7,vOkOd9R
5,vodka,5,vOdka
5,vodou,4,vodu
4,voeu,2,v2
5,vogue,3,vOg
6,voguer,4,voge
5,voici,5,vwasi
4,voie,3,vwa
7,voilage,6,vwalaZ
5,voile,4,vwal
6,voiler,5,vwale
8,voilette,6,vwalEt
7,voilier,6,vwalje
7,voilure,6,vwalyR
5,voilà,5,vwala
5,voilé,5,vwale
4,voir,4,vwaR
5,voire,4,vwaR
6,voirie,5,vwaRi
6,voisin,5,vwaz5
9,voisinage,8,vwazinaZ
8,voisiner,7,vwazine
7,voiture,6,vwatyR
13,voiture-balai,10,vwatyRbalE
11,voiture-bar,9,vwatyRbaR
11,voiture-lit,8,vwatyRli
18,voiture-restaurant,13,vwatyRREstOR@
8,voiturer,7,vwatyRe
10,voiturette,8,vwatyREt
9,voiturier,8,vwatyRje
8,voiturin,7,vwatyR5
4,voix,3,vwa
8,voix-off,5,vwaOf
3,vol,3,vOl
11,vol-au-vent,6,volov@
6,volage,5,volaZ
8,volaille,5,volaj
9,volailler,6,volaje
6,volant,4,vol@
7,volapük,7,volapyk
7,volatil,7,volatil
8,volatile,7,volatil
14,volatilisation,13,volatilizasj§
11,volatiliser,10,volatilize
10,volatilité,10,volatilite
6,volcan,5,vOlk@
10,volcanique,8,vOlkanik
14,volcanologique,12,vOlkanoloZik
12,volcanologue,10,vOlkanolOg
4,vole,3,vOl
5,voler,4,vole
7,volerie,6,vOl°Ri
5,volet,4,volE
8,voletant,6,vOl°t@
7,voleter,6,vOl°te
6,voleur,5,vol9R
6,volige,5,voliZ
8,volition,7,volisj§
7,volière,6,voljER
6,volley,4,volE
11,volley-ball,7,volEbOl
9,volleyeur,7,volEj9R
10,volontaire,7,vol§tER
14,volontairement,10,vol§tER°m@
11,volontariat,9,vol§taRja
12,volontarisme,10,vol§taRizm
12,volontariste,10,vol§taRist
10,volontiers,7,vol§tje
7,volonté,6,vol§te
4,volt,4,vOlt
7,voltage,6,vOltaZ
8,voltaire,6,vOltER
10,voltairien,8,vOltERj5
9,voltaïque,7,vOltaik
5,volte,4,vOlt
10,volte-face,8,vOlt°fas
6,volter,5,vOlte
7,voltige,6,vOltiZ
11,voltigement,9,vOltiZ°m@
8,voltiger,7,vOltiZe
9,voltigeur,8,vOltiZ9R
9,voltmètre,8,vOltmEtR
8,volubile,7,volybil
12,volubilement,10,volybil°m@
9,volubilis,9,volybilis
10,volubilité,10,volybilite
6,volume,5,volym
10,volumineux,8,volymin2
9,volumique,7,vOlymik
12,volumétrique,10,volymetRik
15,voluptueusement,12,volypt82z°m@
10,voluptueux,8,volypt82
7,volupté,7,volypte
6,volute,5,volyt
5,volve,4,vOlv
4,volé,4,vole
5,volée,4,vole
7,volémie,6,vOlemi
4,vomi,4,vomi
7,vomique,5,vomik
5,vomir,5,vomiR
9,vomissant,6,vomis@
11,vomissement,8,vomis°m@
9,vomisseur,7,vomis9R
9,vomissure,7,vomisyR
7,vomitif,7,vomitif
12,vomito negro,11,vomitonegRo
9,vomitoire,8,vomitwaR
4,vopo,4,vopo
6,vorace,5,voRas
10,voracement,8,voRas°m@
8,voracité,8,voRasite
6,vortex,7,vORtEks
3,vos,2,vo
7,vosgien,5,voZj5
6,votant,4,vot@
4,vote,3,vOt
5,voter,4,vote
5,votif,5,votif
5,votre,4,vOtR
5,vouer,3,vwe
5,vouge,3,vuZ
7,vouivre,5,vwivR
7,vouloir,6,vulwaR
5,voulu,4,vuly
4,vous,2,vu
9,vous-même,5,vumEm
10,vous-mêmes,5,vumEm
12,voussoiement,7,vuswam@
9,voussoyer,7,vuswaje
8,voussure,5,vusyR
11,vouvoiement,7,vuvwam@
8,vouvoyer,7,vuvwaje
7,vouvray,5,vuvRE
4,voué,3,vwe
10,vox populi,10,vOkspopyli
6,voyage,6,vwajaZ
7,voyager,7,vwajaZe
8,voyageur,8,vwajaZ9R
7,voyance,6,vwaj@s
6,voyant,5,vwaj@
7,voyelle,6,vwajEl
5,voyer,5,vwaje
6,voyeur,6,vwaj9R
10,voyeurisme,9,vwaj9Rizm
5,voyou,5,vwaju
11,voyoucratie,10,vwajukRasi
10,voyouterie,9,vwajut°Ri
10,voyoutisme,9,vwajutizm
8,voïvodie,7,vojvOdi
5,voûte,3,vut
6,voûter,4,vute
5,voûté,4,vute
4,vrac,4,vRak
4,vrai,3,vRE
9,vrai-faux,5,vREfo
8,vraiment,5,vREm@
13,vraisemblable,10,vREs@blabl
17,vraisemblablement,13,vREs@blabl°m@
13,vraisemblance,9,vREs@bl@s
8,vraquier,6,vRakje
6,vrille,4,vRij
10,vrillement,7,vRij°m@
7,vriller,5,vRije
9,vrillette,6,vRijEt
6,vrillé,5,vRije
7,vrombir,6,vR§biR
11,vrombissant,7,vR§bis@
13,vrombissement,9,vR§bis°m@
5,vroom,4,vRum
5,vroum,4,vRum
2,vu,2,vy
3,vue,2,vy
7,vulcain,5,vylk5
11,vulcanienne,9,vylkanjEn
13,vulcanisation,12,vylkanizasj§
10,vulcaniser,9,vylkanize
9,vulcanisé,9,vylkanize
12,vulcanologue,10,vylkanolOg
8,vulgaire,6,vylgER
12,vulgairement,9,vylgER°m@
13,vulgarisation,12,vylgaRizasj§
10,vulgariser,9,vylgaRize
9,vulgarité,9,vylgaRite
7,vulgate,6,vylgat
12,vulgum pecus,11,vylgOmpekys
13,vulnérabilité,13,vylneRabilite
10,vulnérable,9,vylneRabl
10,vulnéraire,8,vylneRER
9,vulnérant,7,vylneR@
6,vulpin,5,vylp5
8,vulvaire,6,vylvER
5,vulve,4,vylv
4,vécu,4,veky
5,vécés,4,vese
7,végétal,7,veZetal
10,végétalien,9,veZetalj5
11,végétalisme,10,veZetalism
10,végétarien,9,veZetaRj5
11,végétarisme,10,veZetaRizm
9,végétatif,9,veZetatif
10,végétation,9,veZetasj§
7,végéter,6,veZete
8,véhicule,6,veikyl
9,véhiculer,7,veikyle
9,véhémence,6,veem@s
8,véhément,5,veem@
13,véhémentement,9,veem@t°m@
5,vélar,5,velaR
5,vélin,4,vel5
14,véliplanchiste,11,velipl@Sist
7,vélique,5,velik
4,vélo,4,velo
10,vélo-cross,8,velokROs
11,vélo-pousse,7,velopus
6,véloce,5,velOs
10,vélocement,8,velOs°m@
10,vélocipède,9,velosipEd
13,vélocipédique,11,velosipedik
8,vélocité,8,velosite
9,vélodrome,8,velodRom
10,vélomoteur,9,velomot9R
5,vélum,5,velOm
5,vénal,5,venal
8,vénalité,8,venalite
7,vénerie,6,vEn°Ri
6,véniel,6,venjEl
8,vénitien,7,venisj5
10,vénitienne,8,venisjEn
5,vénus,5,venys
8,vénusien,7,venyzj5
7,vénusté,7,venyste
8,vénéneux,6,venen2
9,vénérable,8,veneRabl
10,vénération,9,veneRasj§
7,vénérer,6,veneRe
8,vénérien,7,veneRj5
6,vénéré,6,veneRe
12,vénéréologie,11,veneReoloZi
11,vénézuélien,10,venez8elj5
6,vérace,5,veRas
8,véracité,8,veRasite
7,véranda,6,veR@da
6,véreux,4,veR2
9,véridique,7,veRidik
13,véridiquement,10,veRidik°m@
5,vérif,5,veRif
10,vérifiable,9,veRifjabl
12,vérificateur,11,veRifikat9R
12,vérification,11,veRifikasj§
8,vérifier,7,veRifje
9,vérifieur,8,veRifj9R
7,vérifié,7,veRifje
5,vérin,4,veR5
7,vériste,6,veRist
9,véritable,8,veRitabl
13,véritablement,11,veRitabl°m@
6,vérité,6,veRite
6,vérole,5,veROl
6,vérolé,6,veRole
7,véronal,7,veRonal
9,véronique,7,veRonik
7,vésanie,6,vezani
11,vésicatoire,10,vezikatwaR
11,vésiculaire,9,vezikylER
8,vésicule,7,vezikyl
7,vétille,5,vetij
9,vétilleux,6,vetij2
7,vétiver,6,vetive
7,vétuste,6,vetyst
7,vétusté,7,vetyste
7,vétyver,7,vetivER
7,vétéran,6,veteR@
11,vétérinaire,9,veteRinER
6,vêlage,5,vElaZ
5,vêler,4,vele
8,vêtement,6,vEt°m@
5,vêtir,5,vetiR
4,vêtu,4,vety
6,vêture,5,vEtyR
5,vôtre,4,votR
6,vôtres,4,votR
1,w,7,dubl°ve
9,wagnérien,8,vagneRj5
5,wagon,4,vag§
9,wagon-bar,7,vag§baR
9,wagon-lit,6,vag§li
10,wagon-lits,6,vag§li
16,wagon-restaurant,11,vag§REstoR@
11,wagon-salon,8,vag§sal§
8,wagonnet,6,vagonE
12,wait and see,9,wEjt5ndsi
4,wali,4,wali
13,walkie-talkie,10,wOlkitOlki
7,walkman,7,wOlkman
8,walkyrie,7,valkiRi
11,wall street,8,wOlstRit
7,wallaby,6,walabi
7,wallace,5,walas
6,wallon,4,wal§
6,walter,6,waltER
6,wapiti,6,wapiti
7,warning,6,waRniG
9,wassingue,5,was5g
5,water,5,watER
12,water-closet,11,watERklozEt
10,water-polo,9,watERpolo
8,waterman,8,wat2Rman
10,waterproof,9,watERpRuf
4,watt,3,wat
7,wattman,6,watman
3,wax,4,waks
11,way of life,9,wEjOflajf
3,web,3,wEb
6,webcam,6,wEbkam
8,week-end,6,wikEnd
14,weltanschauung,11,vEltanSawuG
6,welter,6,vElt9R
7,western,7,wEstERn
17,western-spaghetti,14,wEstERnspageti
11,westphalien,9,vEstpalj5
5,wharf,4,waRf
4,whig,3,wig
8,whipcord,7,wipkORd
7,whiskey,5,wiski
8,whiskies,5,wiski
6,whisky,5,wiski
11,whisky-soda,9,wiskisoda
5,whist,4,wist
12,white-spirit,10,wajtspiRit
6,wicket,5,wikEt
6,wigwam,6,wigwam
7,wildcat,8,wajldkat
10,wilhelmien,8,vilElmj5
7,willaya,6,wilEja
7,william,6,wiljam
8,williams,7,wiljams
10,winchester,10,wintSEstER
8,windsurf,8,winds9Rf
11,wintergreen,10,wint2RgRin
8,wishbone,6,wiSbon
12,wisigothique,9,vizigotik
4,witz,4,witz
6,wombat,4,w§ba
6,woofer,5,wuf9R
11,world music,11,w9Rldmjuzik
5,wouah,2,wa
14,wurtembergeois,12,vuRtEmbERZwa
1,x,3,iks
6,xavier,6,gzavje
5,xiang,5,gzj@g
9,xiphidion,8,gzifidj§
8,xiphoïde,7,ksifoid
5,xième,6,iksjEm
11,xylographie,10,ksilOgRafi
9,xylophone,8,gzilofOn
12,xylophoniste,11,gzilofonist
6,xylène,6,ksilEn
10,xénogenèse,10,gzenoZ°nEz
10,xénogreffe,9,gzenogREf
5,xénon,5,gzen§
10,xénophilie,9,gzenofili
9,xénophobe,8,gzenofOb
10,xénophobie,9,gzenofobi
11,xérographie,10,kseROgRafi
13,xérographique,11,gzeRogRafik
5,xérès,6,kseREs
1,y,1,i
2,ya,2,ja
5,yacht,3,jOt
10,yacht-club,7,jOtkl9b
8,yachting,5,jOtiG
8,yachtman,6,jOtman
10,yachtwoman,8,jOtwuman
4,yack,3,jak
3,yak,3,jak
8,yakitori,8,jakitORi
6,yakusa,6,jakuza
6,yakuza,6,jakuza
4,yali,4,jali
4,yama,4,jama
4,yang,3,j@g
6,yankee,4,j@ki
6,yaourt,5,jauRt
4,yard,3,jaR
7,yatagan,6,jatag@
4,yeah,2,jE
8,yearling,6,j9RliG
3,yen,3,jEn
7,yeshiva,6,jESiva
4,yeti,4,jeti
5,yeuse,3,j2z
7,yiddish,5,jidiS
3,yin,3,jin
11,ylang-ylang,6,il@il@
5,yo-yo,4,jojo
6,yodler,5,jOdle
4,yoga,4,joga
8,yoghourt,6,joguRt
4,yogi,4,jogi
7,yogourt,6,joguRt
4,yole,3,jOl
11,yom kippour,8,jOmkipuR
10,yom kippur,8,jOmkipuR
4,york,4,jORk
9,yorkshire,7,jORkSiR
7,you-you,4,juju
10,yougoslave,8,jugOslav
4,youp,3,jup
5,youpi,4,jupi
6,youpin,4,jup5
6,yourte,4,juRt
6,youtre,4,jutR
6,youyou,4,juju
4,yoyo,4,jojo
7,ypérite,6,ipeRit
4,yuan,4,jyan
5,yucca,4,juka
3,yue,2,jy
6,yuppie,4,jupi
5,yé-yé,4,jeje
4,yéti,4,jeti
4,yéyé,4,jeje
1,z,3,zEd
8,zaibatsu,8,zajbatsu
4,zain,2,z5
8,zakouski,7,zakuski
4,zani,4,zani
8,zanimaux,6,zanimo
5,zanzi,4,z@zi
8,zanzibar,7,z@zibaR
6,zapper,4,zape
7,zappeur,5,zap9R
7,zapping,5,zapiG
6,zarabe,5,zaRab
5,zarbi,5,zaRbi
5,zazou,4,zazu
7,zaïrois,6,zaiRwa
3,zeb,3,zEb
3,zef,3,zEf
5,zelle,3,zEl
7,zemstvo,7,zemstvo
3,zen,3,zEn
8,zeppelin,6,zEp°l5
4,zest,4,zEst
5,zeste,4,zEst
6,zester,5,zEste
8,zibeline,7,zib°lin
5,zicmu,5,zikmy
7,zieuter,5,zj2te
3,zig,3,zig
7,zig-zig,6,zigzig
9,ziggourat,7,ziguRat
7,zigomar,7,zigomaR
6,zigoto,6,zigoto
10,zigouiller,6,ziguje
10,zigounette,7,zigunEt
5,zigue,3,zig
6,zigzag,6,zigzag
9,zigzagant,7,zigzag@
9,zigzaguer,7,zigzage
4,zinc,3,z5g
7,zingage,5,z5gaZ
7,zingaro,7,zingaRo
6,zinnia,5,zinja
6,zinzin,4,z5z5
8,zinzolin,6,z5zol5
3,zip,3,zip
6,zipper,4,zipe
6,zircon,5,ziRk§
9,zirconium,9,ziRkonjom
7,zizanie,6,zizani
4,zizi,4,zizi
7,zizique,5,zizik
5,zloty,5,zloti
3,zob,3,zOb
6,zodiac,6,zOdjak
8,zodiacal,8,zodjakal
8,zodiaque,6,zodjak
5,zombi,4,z§bi
6,zombie,4,z§bi
13,zombification,11,z§bifikasj§
4,zona,4,zona
6,zonage,5,zonaZ
5,zonal,5,zonal
6,zonard,5,zonaR
4,zone,3,zon
5,zoner,4,zone
6,zoning,5,zoniG
6,zonzon,4,z§z§
3,zoo,3,zoo
8,zoologie,7,zooloZi
10,zoologique,8,zooloZik
10,zoologiste,9,zooloZist
8,zoologue,6,zoolOg
4,zoom,3,zum
6,zoomer,4,zume
8,zoophile,6,zoofil
9,zoophilie,7,zoofili
8,zoreille,5,zOREj
7,zorille,5,zoRij
11,zoroastrien,11,zoRoastRij5
12,zoroastrisme,11,zoRoastRizm
3,zou,2,zu
6,zouave,4,zwav
4,zouk,3,zuk
6,zoulou,4,zulu
7,zoziaux,5,zozjo
4,zozo,4,zozo
10,zozotement,8,zozOt°m@
9,zurichois,7,zyRikwa
3,zut,3,zyt
6,zydeco,6,zid2ko
7,zyeuter,5,zj2te
6,zygoma,6,zigoma
11,zygomatique,9,zigomatik
6,zygote,5,zigOt
6,zyklon,5,zikl§
3,zzz,1,z
4,zzzz,1,z
5,zèbre,4,zEbR
4,zèle,3,zEl
6,zébrer,5,zebRe
7,zébrure,6,zebRyR
5,zébré,5,zebRe
4,zébu,4,zeby
8,zélateur,7,zelat9R
6,zélote,5,zelOt
4,zélé,4,zele
6,zénana,6,zenana
6,zénith,5,zenit
7,zéphire,5,zefiR
6,zéphyr,5,zefiR
4,zéro,4,zeRo
10,zézaiement,6,zezEm@
7,zézayer,6,zezeje
7,zézette,5,zezEt
1,à,1,a
17,à brûle-pourpoint,11,abRylpuRpw5
13,à cloche-pied,8,aklOSpje
11,à cropetons,8,akROp°t§
12,à croupetons,8,akRup°t§
10,à fortiori,9,afORsjoRi
8,à giorno,8,adZjORno
8,à glagla,7,aglagla
6,à jeun,3,aZ1
14,à l'aveuglette,9,alav9glEt
9,à l'encan,5,al@k@
12,à l'encontre,7,al@k§tR
8,à l'envi,5,al@vi
14,à l'improviste,10,al5pRovist
10,à l'instar,7,al5staR
12,à la daumont,7,aladom§
19,à la saint-glinglin,11,alas5gl5gl5
15,à leur encontre,9,al9R@k§tR
10,à lurelure,8,alyR°lyR
14,à mon encontre,9,am§n@k§tR
16,à notre encontre,10,anOtR@k§tR
16,à rebrousse-poil,11,aR°bRuspwal
14,à son encontre,9,as§n@k§tR
14,à tire-larigot,10,atiRlaRigo
14,à ton encontre,9,at§n@k§tR
15,à touche-touche,7,atuStuS
10,à tue-tête,6,atytEt
8,à tâtons,5,atat§
16,à votre encontre,10,avOtR@k§tR
6,à-coup,3,aku
6,à-côté,5,akote
10,à-dieu-vat,6,adj2va
10,à-peu-près,6,ap2pRE
5,à-pic,4,apik
6,à-plat,4,apla
8,à-propos,6,apRopo
8,à-valoir,7,avalwaR
4,âcre,3,akR
8,âcrement,6,akR°m@
6,âcreté,6,akR°te
3,âge,2,aZ
6,âgisme,5,aZism
3,âgé,3,aZe
3,âme,2,am
9,âme-soeur,5,ams9R
3,âne,2,an
6,ânerie,5,an°Ri
6,ânesse,4,anEs
5,ânier,4,anje
4,ânon,3,an§
10,ânonnement,7,anOn°m@
7,ânonner,5,anone
4,âpre,3,apR
8,âprement,6,apR°m@
6,âpreté,6,apR°te
4,âtre,3,atR
2,ça,2,sa
5,çruti,5,sRyti
2,çà,2,sa
3,ère,2,ER
2,ès,2,Es
3,ève,2,Ev
1,é,1,e
5,ébahi,4,ebai
6,ébahir,5,ebaiR
12,ébahissement,8,ebais°m@
8,ébarbage,7,ebaRbaZ
7,ébarber,6,ebaRbe
7,ébattre,5,ebatR
6,ébaubi,5,ebobi
7,ébauche,4,eboS
8,ébaucher,5,eboSe
7,ébauché,5,eboSe
8,éberluer,7,ebERl8e
7,éberlué,7,ebERl8e
6,ébloui,5,eblui
7,éblouir,6,ebluiR
11,éblouissant,7,ebluis@
13,éblouissement,9,ebluis°m@
7,ébonite,6,ebonit
8,éborgner,6,ebORNe
7,éboueur,5,ebw9R
12,ébouillanter,7,ebuj@te
11,ébouillanté,7,ebuj@te
10,éboulement,7,ebul°m@
7,ébouler,5,ebule
7,éboulis,5,ebuli
11,ébouriffant,7,ebuRif@
10,ébouriffer,7,ebuRife
9,ébouriffé,7,ebuRife
7,ébouser,5,ebuze
7,ébouzer,5,ebuze
12,ébranchement,8,ebR@S°m@
9,ébrancher,6,ebR@Se
8,ébranché,6,ebR@Se
11,ébranlement,8,ebR@l°m@
8,ébranler,6,ebR@le
7,ébriété,8,ebRijete
10,ébrouement,6,ebRum@
7,ébrouer,5,ebRue
8,ébruiter,7,ebR8ite
8,ébrécher,6,ebReSe
9,ébréchure,7,ebReSyR
7,ébréché,6,ebReSe
10,ébullition,8,ebylisj§
5,ébène,4,ebEn
8,ébéniste,7,ebenist
11,ébénisterie,10,ebenist°Ri
9,écaillage,6,ekajaZ
7,écaille,4,ekaj
8,écailler,5,ekaje
9,écailleur,6,ekaj9R
9,écailleux,5,ekaj2
9,écaillure,6,ekajyR
7,écaillé,5,ekaje
5,écale,4,ekal
6,écaler,5,ekale
8,écarlate,7,ekaRlat
14,écarquillement,10,ekaRkij°m@
11,écarquiller,8,ekaRkije
5,écart,4,ekaR
9,écarteler,8,ekaRt°le
8,écartelé,8,ekaRt°le
10,écartement,8,ekaRt°m@
7,écarter,6,ekaRte
8,écarteur,7,ekaRt9R
12,écartèlement,10,ekaRtEl°m@
6,écarté,6,ekaRte
8,écervelé,8,esERv°le
8,échafaud,5,eSafo
11,échafaudage,8,eSafodaZ
10,échafauder,7,eSafode
7,échalas,5,eSala
8,échalier,6,eSalje
8,échalote,6,eSalOt
9,échancrer,6,eS@kRe
10,échancrure,7,eS@kRyR
8,échancré,6,eS@kRe
7,échange,4,eS@Z
8,échanger,5,eS@Ze
9,échangeur,6,eS@Z9R
10,échangisme,7,eS@Zizm
10,échangiste,7,eS@Zist
8,échanson,5,eS@s§
11,échantillon,7,eS@tij§
15,échantillonnage,10,eS@tijonaZ
12,échappatoire,9,eSapatwaR
11,échappement,7,eSap°m@
8,échapper,5,eSape
7,échappé,5,eSape
8,échappée,5,eSape
7,écharde,5,eSaRd
8,écharner,6,eSaRne
7,écharpe,5,eSaRp
8,écharper,6,eSaRpe
7,échasse,4,eSas
9,échassier,6,eSasje
8,échauder,5,eSode
7,échaudé,5,eSode
12,échauffement,6,eSofm@
9,échauffer,5,eSofe
12,échauffourée,7,eSofuRe
11,échauguette,6,eSogEt
5,échec,4,eSEk
7,échelle,4,eSEl
7,échelon,5,eS°l§
10,échelonner,7,eS°lone
5,écher,3,eSe
8,écheveau,5,ES°vo
9,écheveler,7,eS°v°le
13,échevellement,9,eS°vEl°m@
8,échevelé,7,eS°v°le
7,échevin,5,ES°v5
6,échine,4,eSin
7,échiner,5,eSine
9,échiquier,6,eSikje
4,écho,3,eko
16,échocardiogramme,13,ekokaRdjOgRam
17,échocardiographie,14,ekokaRdjOgRafi
11,échographie,8,ekogRafi
12,échographier,9,ekogRafje
13,échographiste,10,ekogRafist
6,échoir,5,eSwaR
16,écholocalisation,14,ekolOkalizasj§
12,écholocation,10,ekolOkasj§
7,échoppe,4,eSOp
8,échotier,6,ekotje
8,échouage,5,eSwaZ
10,échouement,5,eSum@
7,échouer,4,eSwe
8,échéance,5,eSe@s
10,échéancier,7,eSe@sje
7,échéant,4,eSe@
12,éclaboussant,8,eklabus@
14,éclaboussement,10,eklabus°m@
11,éclabousser,8,eklabuse
12,éclaboussure,9,eklabusyR
6,éclair,5,eklER
9,éclairage,7,eklERaZ
12,éclairagiste,10,eklERaZist
9,éclairant,6,eklER@
9,éclaircie,7,eklERsi
9,éclaircir,8,eklERsiR
13,éclaircissage,10,eklERsisaZ
15,éclaircissement,11,eklERsis°m@
7,éclaire,5,eklER
11,éclairement,8,eklER°m@
8,éclairer,6,ekleRe
9,éclaireur,7,eklER9R
7,éclairé,6,ekleRe
9,éclampsie,7,ekl@psi
11,éclamptique,8,ekl@ptik
5,éclat,4,ekla
8,éclatage,7,eklataZ
8,éclatant,6,eklat@
10,éclatement,8,eklat°m@
7,éclater,6,eklate
6,éclaté,6,eklate
10,éclectique,8,eklEktik
10,éclectisme,9,eklEktizm
7,éclipse,6,eklips
8,éclipser,7,eklipse
10,écliptique,8,ekliptik
7,éclisse,5,eklis
7,écloper,6,eklOpe
6,éclopé,6,eklope
6,éclore,5,eklOR
5,éclos,4,eklo
8,éclosion,7,eklozj§
6,écluse,5,eklyz
7,écluser,6,eklyze
8,éclusier,7,eklyzje
9,écoeurant,5,ek9R@
11,écoeurement,7,ek9R°m@
8,écoeurer,5,ek9Re
7,écoeuré,5,ek9Re
8,écoinçon,6,ekw5s§
5,école,4,ekOl
7,écolier,6,ekolje
5,écolo,5,ekolo
8,écologie,7,ekoloZi
10,écologique,8,ekoloZik
14,écologiquement,11,ekoloZik°m@
10,écologiste,9,ekoloZist
9,éconduire,7,ek§d8iR
12,éconocroques,9,ekOnOkROk
8,économat,7,ekonoma
7,économe,6,ekonOm
8,économie,7,ekonomi
10,économique,8,ekonomik
14,économiquement,11,ekonomik°m@
10,économiser,9,ekonomize
11,économiseur,10,ekonomiz9R
10,économisme,9,ekonomizm
10,économiste,9,ekonomist
5,écope,4,ekOp
6,écoper,5,ekope
6,écorce,5,ekORs
7,écorcer,6,ekORse
9,écorchage,7,ekORSaZ
11,écorchement,8,ekORS°m@
8,écorcher,6,ekORSe
10,écorcherie,8,ekORS°Ri
9,écorcheur,7,ekORS9R
9,écorchure,7,ekORSyR
7,écorché,6,ekORSe
6,écorcé,6,ekORse
7,écorner,6,ekORne
10,écornifler,9,ekORnifle
6,écorné,6,ekORne
9,écosphère,7,ekosfER
8,écossais,5,ekosE
6,écosse,4,ekOs
7,écosser,5,ekose
10,écosystème,9,ekosistEm
4,écot,3,eko
7,écotone,6,ekOtOn
10,écoulement,7,ekul°m@
7,écouler,5,ekule
6,écoulé,5,ekule
8,écourter,6,ekuRte
7,écourté,6,ekuRte
8,écoutant,5,ekut@
6,écoute,4,ekut
7,écouter,5,ekute
8,écouteur,6,ekut9R
9,écoutille,6,ekutij
10,écouvillon,7,ekuvij§
13,écrabouillage,9,ekRabujaZ
15,écrabouillement,10,ekRabuj°m@
12,écrabouiller,8,ekRabuje
5,écran,4,ekR@
8,écrasage,7,ekRazaZ
8,écrasant,6,ekRaz@
12,écrase-merde,9,ekRazmERd
10,écrasement,8,ekRaz°m@
7,écraser,6,ekRaze
8,écraseur,7,ekRaz9R
8,écrasure,7,ekRazyR
6,écrasé,6,ekRaze
9,écrevisse,7,ekR°vis
6,écrier,6,ekRije
5,écrin,4,ekR5
6,écrire,5,ekRiR
5,écrit,4,ekRi
8,écriteau,6,ekRito
9,écritoire,8,ekRitwaR
8,écriture,7,ekRityR
11,écrivailler,8,ekRivaje
12,écrivailleur,9,ekRivaj9R
11,écrivaillon,8,ekRivaj§
8,écrivain,6,ekRiv5
8,écriveur,7,ekRiv9R
5,écrou,4,ekRu
10,écrouelles,6,ekRuEl
7,écrouer,5,ekRue
11,écroulement,8,ekRul°m@
8,écrouler,6,ekRule
4,écru,4,ekRy
8,écrémage,7,ekRemaZ
7,écrémer,6,ekReme
7,écrêter,6,ekREte
3,écu,3,eky
7,écubier,6,ekybje
6,écueil,4,ek9j
7,écuelle,5,ek8El
8,écuellée,6,ek8Ele
6,éculer,5,ekyle
5,éculé,5,ekyle
7,écumant,5,ekym@
5,écume,4,ekym
6,écumer,5,ekyme
7,écumeur,6,ekym9R
7,écumeux,5,ekym2
8,écumoire,7,ekymwaR
8,écureuil,6,ekyR9j
6,écurie,5,ekyRi
7,écusson,5,ekys§
6,écuyer,6,ek8ije
4,édam,4,edam
4,éden,4,edEn
6,édenté,5,ed@te
7,édicter,6,edikte
7,édicule,6,edikyl
8,édifiant,6,edifj@
11,édification,10,edifikasj§
7,édifice,6,edifis
7,édifier,6,edifje
10,édilitaire,8,edilitER
4,édit,3,edi
6,éditer,5,edite
7,éditeur,6,edit9R
7,édition,6,edisj§
5,édito,5,edito
9,éditorial,9,editoRjal
13,éditorialiste,12,editoRjalist
7,édredon,6,edR°d§
8,éducable,7,edykabl
9,éducateur,8,edykat9R
8,éducatif,8,edykatif
9,éducation,8,edykasj§
12,éducationnel,11,edykasjOnEl
5,éduen,4,edy5
10,édulcorant,8,edylkoR@
9,édulcorer,8,edylkoRe
7,éduquer,5,edyke
8,édénique,6,edenik
8,égailler,5,egeje
4,égal,4,egal
8,égalable,7,egalabl
9,également,7,egal°m@
6,égaler,5,egale
11,égalisateur,10,egalizat9R
11,égalisation,10,egalizasj§
8,égaliser,7,egalize
9,égaliseur,8,egaliz9R
10,égalitaire,8,egalitER
12,égalitarisme,11,egalitaRizm
7,égalité,7,egalite
5,égard,4,egaR
9,égarement,7,egaR°m@
6,égarer,5,egaRe
5,égaré,5,egaRe
6,égayer,5,egeje
5,égide,4,eZid
6,égipan,5,eZip@
9,églantier,7,egl@tje
9,églantine,7,egl@tin
6,église,5,egliz
7,églogue,5,eglOg
12,égocentrique,9,egos@tRik
12,égocentrisme,10,egos@tRizm
12,égocentriste,10,egos@tRist
10,égorgement,8,egORZ°m@
9,égorgeoir,8,egORZwaR
7,égorger,6,egORZe
8,égorgeur,7,egORZ9R
9,égosiller,7,egozije
8,égotisme,7,egotizm
8,égotiste,7,egotist
5,égout,3,egu
8,égoutier,6,egutje
11,égouttement,7,egut°m@
8,égoutter,5,egute
8,égouttis,5,eguti
9,égouttoir,7,egutwaR
6,égoïne,5,egoin
7,égoïsme,6,egoizm
7,égoïste,6,egoist
11,égoïstement,9,egoist°m@
8,égrainer,6,egREne
10,égratigner,8,egRatiNe
11,égratignure,9,egRatiNyR
8,égrenage,7,egR°naZ
7,égrener,6,egR°ne
9,égrillard,7,egRijaR
8,égrotant,6,egRot@
8,égyptien,7,eZipsj5
11,égyptologie,10,eZiptoloZi
11,égyptologue,9,eZiptolOg
6,égérie,5,eZeRi
6,éhonté,4,e§te
8,éjaculat,7,eZakyla
11,éjaculateur,10,eZakylat9R
11,éjaculation,10,eZakylasj§
8,éjaculer,7,eZakyle
9,éjectable,8,eZEktabl
7,éjecter,6,eZEkte
8,éjecteur,7,eZEkt9R
8,éjection,7,eZEksj§
11,élaboration,10,elaboRasj§
8,élaborer,7,elaboRe
7,élaboré,7,elaboRe
7,élagage,6,elagaZ
7,élaguer,5,elage
8,élagueur,6,elag9R
4,élan,3,el@
10,élancement,7,el@s°m@
7,élancer,5,el@se
6,élancé,5,el@se
7,élargir,7,elaRZiR
13,élargissement,10,elaRZis°m@
14,élasticimétrie,13,elastisimetRi
10,élasticité,10,elastisite
9,élastique,7,elastik
10,élastomère,9,elastomER
8,électeur,7,elEkt9R
7,électif,7,elEktif
8,élection,7,elEksj§
12,électivement,10,elEktiv°m@
9,électoral,9,elEktoRal
14,électoralement,12,elEktoRal°m@
9,électorat,8,elEktoRa
11,électricien,10,elEktRisj5
11,électricité,11,elEktRisite
15,électrification,14,elEktRifikasj§
11,électrifier,10,elEktRifje
10,électrique,8,elEktRik
14,électriquement,11,elEktRik°m@
11,électrisant,9,elEktRiz@
13,électrisation,12,elEktRizasj§
10,électriser,9,elEktRize
18,électro-acoustique,14,elEktRoakustik
14,électro-aimant,10,elEktRoEm@
23,électro-encéphalogramme,18,elEktRo@sefalogRam
17,électroacoustique,14,elEktRoakustik
13,électroaimant,10,elEktRoEm@
15,électrobiologie,14,elEktRobjoloZi
19,électrocardiogramme,17,elEktRokaRdiogRam
13,électrochimie,11,elEktRoSimi
15,électrochimique,12,elEktRoSimik
11,électrochoc,10,elEktRoSOk
12,électrocuter,11,elEktRokyte
13,électrocution,12,elEktRokysj§
9,électrode,8,elEktROd
16,électrodynamique,14,elEktRodinamik
22,électroencéphalogramme,18,elEktRo@sefalogRam
23,électroencéphalographie,19,elEktRo@sefalOgRafi
11,électrogène,10,elEktRoZEn
12,électrologie,11,elEktROlOZi
11,électrolyse,10,elEktRoliz
11,électrolyte,10,elEktRolit
14,électrolytique,12,elEktRolitik
17,électromagnétique,14,elEktRomaNetik
17,électromagnétisme,15,elEktRomaNetizm
12,électromètre,11,elEktROmEtR
14,électroménager,13,elEktRomenaZe
8,électron,7,elEktR§
13,électronicien,12,elEktRonisj5
12,électronique,10,elEktRonik
16,électroniquement,13,elEktRonik°m@
16,électronucléaire,14,elEktRonykleER
12,électrophone,10,elEktRofOn
14,électrophorèse,12,elEktROfOREz
15,électrostatique,13,elEktRostatik
8,électrum,8,elEktROm
7,élevage,6,El°vaZ
6,élever,5,El°ve
7,éleveur,6,El°v9R
5,élevé,5,El°ve
8,éliciter,7,elisite
11,éligibilité,11,eliZibilite
8,éligible,7,eliZibl
6,élimer,5,elime
11,éliminateur,10,eliminat9R
11,élimination,10,eliminasj§
12,éliminatoire,11,eliminatwaR
8,éliminer,7,elimine
7,éliminé,7,elimine
5,élimé,5,elime
7,élingue,4,el5g
5,élire,4,eliR
12,élisabéthain,9,elizabet5
5,élite,4,elit
8,élitisme,7,elitizm
8,élitiste,7,elitist
6,élixir,7,eliksiR
9,élocution,8,elokysj§
5,éloge,4,elOZ
8,élogieux,6,eloZj2
11,éloignement,8,elwaN°m@
8,éloigner,6,elwaNe
7,éloigné,6,elwaNe
10,élongation,8,el§gasj§
11,éloquemment,7,elokam@
9,éloquence,6,elok@s
8,éloquent,5,elok@
3,élu,3,ely
11,élucidation,10,elysidasj§
8,élucider,7,elyside
12,élucubration,11,elykybRasj§
9,élucubrer,8,elykybRe
6,éluder,5,elyde
6,élysée,5,elize
7,élyséen,6,elize5
6,élytre,5,elitR
5,élève,4,elEv
10,élégamment,7,elegam@
8,élégance,6,eleg@s
7,élégant,5,eleg@
9,élégiaque,7,eleZjak
6,élégie,5,eleZi
7,élément,5,elem@
11,élément-clé,8,elem@kle
11,élémentaire,8,elem@tER
12,élémentarité,11,elem@taRite
8,éléphant,5,elef@
11,éléphanteau,7,elef@to
13,éléphantesque,9,elef@tEsk
15,éléphantiasique,11,elef@tjazik
13,éléphantiasis,11,elef@tjazis
9,élévateur,8,elevat9R
9,élévation,8,elevasj§
6,émacié,6,emasje
5,émail,4,emaj
8,émailler,5,emaje
7,émaillé,5,emaje
9,émanation,8,emanasj§
12,émancipateur,10,em@sipat9R
12,émancipation,10,em@sipasj§
9,émanciper,7,em@sipe
8,émancipé,7,em@sipe
6,émaner,5,emane
10,émargement,8,emaRZ°m@
7,émarger,6,emaRZe
12,émasculation,11,emaskylasj§
9,émasculer,8,emaskyle
8,émeraude,6,Em°Rod
9,émergeant,6,emERZ@
9,émergence,7,emERZ@s
8,émergent,6,emERZ@
7,émerger,6,emERZe
6,émergé,6,emERZe
5,émeri,5,Em°Ri
9,émerillon,7,Em°Rij§
11,émerillonné,9,Em°Rijone
8,émersion,7,emERsj§
14,émerveillement,10,emERvEj°m@
11,émerveiller,8,emERveje
8,émetteur,6,emet9R
18,émetteur-récepteur,14,emet9RResEpt9R
7,émettre,5,emEtR
4,émeu,3,em2
6,émeute,4,em2t
8,émeutier,6,em2tje
11,émiettement,8,emjEt°m@
8,émietter,6,emjete
8,émigrant,6,emigR@
10,émigration,9,emigRasj§
7,émigrer,6,emigRe
6,émigré,6,emigRe
7,émilien,6,emilj5
7,émincer,5,em5se
6,émincé,5,em5se
10,éminemment,7,eminam@
8,éminence,6,emin@s
7,éminent,5,emin@
4,émir,4,emiR
6,émirat,5,emiRa
9,émissaire,6,emisER
8,émission,6,emisj§
4,émoi,4,emwa
9,émollient,6,emolj@
7,émonder,5,em§de
8,émondeur,6,em§d9R
6,émotif,6,emotif
7,émotion,6,emosj§
10,émotionnel,9,emosjonEl
16,émotionnellement,12,emosjonEl°m@
9,émotivité,9,emotivite
6,émoulu,5,emuly
11,émoussement,7,emus°m@
8,émousser,5,emuse
7,émoussé,5,emuse
12,émoustillant,8,emustij@
11,émoustiller,8,emustije
8,émouvant,5,emuv@
8,émouvoir,7,emuvwaR
3,ému,3,emy
9,émulation,8,emylasj§
5,émule,4,emyl
6,émuler,5,emyle
11,émulsifiant,9,emylsifj@
10,émulsifier,9,emylsifje
8,émulsion,7,emylsj§
6,éméché,5,emeSe
7,émérite,6,emeRit
7,émétine,6,emetin
8,émétique,6,emetik
8,énamouré,7,enamuRe
7,énarque,5,enaRk
7,énergie,6,enERZi
9,énergique,7,enERZik
13,énergiquement,10,enERZik°m@
10,énergisant,8,enERZiz@
10,énergumène,9,enERgymEn
11,énergétique,9,enERZetik
8,énervant,6,enERv@
10,énervement,8,enERv°m@
7,énerver,6,enERve
6,énervé,6,enERve
11,énigmatique,9,enigmatik
15,énigmatiquement,12,enigmatik°m@
6,énigme,5,enigm
6,énième,5,EnjEm
7,énoncer,5,en§se
11,énonciation,9,en§sjasj§
6,énoncé,5,en§se
6,énorme,5,enORm
8,énormité,8,enORmite
10,énormément,8,enORmem@
11,énucléation,10,enykleasj§
8,énucléer,7,enyklee
11,énumération,10,enymeRasj§
8,énumérer,7,enymeRe
8,énurésie,7,enyRezi
10,énurétique,8,enyRetik
6,éocène,5,eOsEn
6,éolien,5,eolj5
3,éon,2,e§
7,éonisme,6,eonizm
6,éosine,5,eOzin
8,épagneul,6,epaN9l
5,épais,3,epE
11,épaissement,7,epEs°m@
9,épaisseur,6,epEs9R
8,épaissir,6,epesiR
14,épaississement,9,epesis°m@
11,épanchement,7,ep@S°m@
8,épancher,5,ep@Se
8,épandage,6,ep@daZ
8,épandeur,6,ep@d9R
7,épandre,5,ep@dR
7,épanoui,6,epanwi
8,épanouir,7,epanwiR
12,épanouissant,8,epanwis@
14,épanouissement,10,epanwis°m@
9,épargnant,6,epaRN@
7,épargne,5,epaRN
8,épargner,6,epaRNe
13,éparpillement,10,epaRpij°m@
10,éparpiller,8,epaRpije
9,éparpillé,8,epaRpije
5,épars,4,epaR
5,épart,4,epaR
14,épastrouillant,9,epastRuj@
10,épatamment,7,epatam@
7,épatant,5,epat@
5,épate,4,epat
9,épatement,7,epat°m@
6,épater,5,epate
7,épateur,6,epat9R
5,épaté,5,epate
8,épaulard,6,epolaR
6,épaule,4,epol
10,épaulement,7,epol°m@
7,épauler,5,epole
9,épaulette,6,epolEt
9,épaulière,7,epoljER
6,épaulé,5,epole
5,épave,4,epav
8,épeautre,5,epotR
8,épectase,7,epEktaz
10,épeichette,6,epESEt
6,épeire,4,epER
6,épeler,5,ep°le
10,épellation,8,epElasj§
8,épendyme,6,ep@dim
6,éperdu,6,epERdy
10,éperdument,8,epERdym@
7,éperlan,6,epERl@
6,éperon,5,ep°R§
9,éperonner,7,ep°Rone
8,épervier,7,epERvje
9,épervière,8,epERvjER
7,épeurer,5,ep9Re
6,éphèbe,4,efEb
7,éphébie,5,efebi
9,éphédrine,7,efedRin
8,éphémère,6,efemER
12,éphémèrement,9,efemER°m@
10,éphéméride,8,efemeRid
3,épi,3,epi
10,épicanthus,8,epik@tys
5,épice,4,epis
9,épicemard,8,epis°maR
9,épicentre,7,epis@tR
6,épicer,5,epise
8,épicerie,7,epis°Ri
7,épicier,6,episje
10,épicondyle,8,epik§dil
9,épicurien,8,epikyRj5
10,épicurisme,9,epikyRizm
5,épicé,5,epise
6,épicéa,6,episea
8,épiderme,7,epidERm
11,épidermique,9,epidERmik
9,épididyme,8,epididim
8,épidural,8,epidyRal
8,épidémie,7,epidemi
13,épidémiologie,12,epidemjoloZi
15,épidémiologique,13,epidemjOlOgik
15,épidémiologiste,14,epidemjoloZist
10,épidémique,8,epidemik
5,épier,4,epje
8,épierrer,6,epjeRe
5,épieu,4,epj2
6,épieux,4,epj2
9,épigastre,8,epigastR
12,épigastrique,10,epigastRik
9,épiglotte,7,epiglOt
7,épigone,6,epigon
9,épigramme,7,epigRam
9,épigraphe,7,epigRaf
10,épigraphie,8,epigRafi
9,épilateur,8,epilat9R
9,épilation,8,epilasj§
10,épilatoire,9,epilatwaR
9,épilepsie,8,epilEpsi
13,épileptiforme,12,epilEptifORm
11,épileptique,9,epilEptik
6,épiler,5,epile
8,épilogue,6,epilOg
9,épiloguer,7,epiloge
7,épinaie,5,epinE
7,épinard,6,epinaR
5,épine,4,epin
13,épine-vinette,9,epinvinEt
8,épinette,6,epinEt
7,épineux,5,epin2
9,épinglage,7,ep5glaZ
7,épingle,5,ep5gl
8,épingler,6,ep5gle
10,épinglette,7,ep5glEt
7,épinglé,6,ep5gle
8,épiphane,6,epifan
9,épiphanie,7,epifani
9,épiphylle,6,epifil
11,épiphysaire,8,epifizER
8,épiphyse,6,epifiz
8,épiphyte,6,epifit
12,épiphénomène,10,epifenomEn
8,épiploon,7,epiplun
6,épique,4,epik
9,épiscopal,9,episkopal
12,épiscopalien,11,episkopalj5
9,épiscopat,8,episkopa
11,épisiotomie,10,epizjotomi
7,épisode,6,epizOd
10,épisodique,8,epizodik
14,épisodiquement,11,epizodik°m@
7,épisser,5,epise
11,épistolaire,9,epistolER
10,épistolier,9,epistolje
13,épistémologie,12,epistemoloZi
15,épistémologique,13,epistemoloZik
8,épitaphe,6,epitaf
10,épithalame,8,epitalam
8,épithète,6,epitEt
10,épithélial,9,epiteljal
11,épithélioma,10,epiteljoma
10,épithélium,9,epiteljOm
7,épitoge,6,epitOZ
7,épitomé,7,epitome
6,éploré,6,eploRe
7,éployer,7,eplwaje
9,épluchage,7,eplySaZ
15,épluche-légumes,10,eplySlegym
8,éplucher,6,eplySe
9,éplucheur,7,eplyS9R
9,épluchure,7,eplySyR
6,éponge,4,ep§Z
9,épongeage,6,ep§ZaZ
7,éponger,5,ep§Ze
7,éponyme,6,eponim
6,épopée,5,epope
6,époque,4,epOk
10,épouillage,6,epujaZ
9,épouiller,5,epuje
9,époumoner,7,epumone
9,épousable,7,epuzabl
11,épousailles,6,epuzaj
7,épouser,5,epuze
8,épouseur,6,epuz9R
11,époussetage,7,epustaZ
10,épousseter,6,epuste
13,époustouflant,9,epustufl@
12,époustoufler,9,epustufle
7,épousée,5,epuze
12,épouvantable,9,epuv@tabl
16,épouvantablement,12,epuv@tabl°m@
11,épouvantail,8,epuv@taj
9,épouvante,6,epuv@t
13,épouvantement,9,epuv@t°m@
10,épouvanter,7,epuv@te
9,épouvanté,7,epuv@te
5,époux,3,epu
5,époxy,6,epOksi
7,époxyde,7,epOksid
8,éprendre,6,epR@dR
7,épreuve,5,epR9v
5,épris,4,epRi
9,éprouvant,6,epRuv@
8,éprouver,6,epRuve
10,éprouvette,7,epRuvEt
7,éprouvé,6,epRuve
6,épucer,5,epyse
8,épuisant,6,ep8iz@
10,épuisement,8,ep8iz°m@
7,épuiser,6,ep8ize
9,épuisette,7,ep8izEt
6,épuisé,6,ep8ize
6,épulie,5,epyli
9,épurateur,8,epyRat9R
9,épuration,8,epyRasj§
5,épure,4,epyR
6,épurer,5,epyRe
4,épée,3,epe
7,épéiste,6,epeist
6,épître,5,epitR
10,équanimité,10,ekwanimite
11,équarisseur,8,ekaRis9R
7,équarri,5,ekaRi
8,équarrir,6,ekaRiR
12,équarrissage,8,ekaRisaZ
12,équarrisseur,8,ekaRis9R
8,équateur,7,ekwat9R
8,équation,7,ekwasj§
10,équatorial,10,ekwatoRjal
10,équatorien,9,ekwatoRj5
9,équerrage,6,ekERaZ
7,équerre,4,ekER
8,équestre,6,ekEstR
8,équeuter,5,ek2te
12,équidistance,10,ek8idist@s
11,équidistant,9,ek8idist@
11,équilatéral,11,ek8ilateRal
11,équilibrage,9,ekilibRaZ
9,équilibre,7,ekilibR
10,équilibrer,8,ekilibRe
11,équilibreur,9,ekilibR9R
12,équilibrisme,10,ekilibRizm
12,équilibriste,10,ekilibRist
9,équilibré,8,ekilibRe
5,équin,4,ekin
8,équinoxe,7,ekinOks
8,équipage,6,ekipaZ
6,équipe,4,ekip
10,équipement,7,ekip°m@
7,équiper,5,ekipe
8,équipier,6,ekipje
6,équipé,5,ekipe
7,équipée,5,ekipe
9,équitable,7,ekitabl
13,équitablement,10,ekitabl°m@
10,équitation,8,ekitasj§
6,équité,5,ekite
11,équivalence,8,ekival@s
10,équivalent,7,ekival@
10,équivaloir,9,ekivalwaR
9,équivoque,6,ekivOk
10,équivoquer,7,ekivOke
6,érable,6,eRabl°
11,éradicateur,10,eRadikat9R
11,éradication,10,eRadikasj§
9,éradiquer,7,eRadike
7,érafler,6,eRafle
8,éraflure,7,eRaflyR
8,érailler,5,eRaje
7,éraillé,5,eRaje
8,érectile,7,eREktil
8,érection,7,eREksj§
9,éreintant,5,eR5t@
11,éreintement,7,eR5t°m@
8,éreinter,5,eR5te
9,éreinteur,6,eR5t9R
7,éreinté,5,eR5te
6,ériger,5,eRiZe
6,éroder,5,eRode
5,érodé,5,eRode
7,érogène,6,eRoZEn
4,éros,4,eRos
7,érosion,6,eRozj§
8,érotique,6,eRotik
12,érotiquement,9,eRotik°m@
8,érotiser,7,eRotize
8,érotisme,7,eRotizm
9,érotomane,8,eRotoman
10,érotomanie,9,eRotomani
10,éructation,9,eRyktasj§
7,éructer,6,eRykte
6,érudit,5,eRydi
9,érudition,8,eRydisj§
8,éruption,7,eRypsj§
13,érythromycine,11,eRitRomisin
13,érythrophobie,10,eRitRofObi
8,érythème,6,eRitEm
12,érythémateux,9,eRitemat2
10,ésotérique,8,ezoteRik
10,ésotérisme,9,ezoteRizm
6,étable,5,etabl
6,établi,6,etabli
7,établir,7,etabliR
13,établissement,10,etablis°m@
5,étage,4,etaZ
7,étagère,6,etaZER
5,étagé,5,etaZe
4,étai,3,etE
5,étain,3,et5
4,étal,4,etal
7,étalage,6,etalaZ
10,étalagiste,9,etalaZist
5,étale,4,etal
9,étalement,7,etal°m@
6,étaler,5,etale
6,étalon,5,etal§
10,étalonnage,8,etalonaZ
9,étalonner,7,etalone
7,étambot,5,et@bo
7,étameur,6,etam9R
7,étamine,6,etamin
5,étamé,5,etame
7,étanche,4,et@S
11,étanchement,7,et@S°m@
8,étancher,5,et@Se
10,étanchéité,8,et@Seite
5,étang,3,et@
7,étançon,5,et@s§
5,étape,4,etap
4,état,3,eta
10,état-civil,8,etasivil
10,état-major,8,etamaZOR
8,étatique,6,etatik
11,étatisation,10,etatizasj§
8,étatisme,7,etatizm
4,étau,3,eto
7,étayage,6,etejaZ
6,étayer,5,eteje
9,éteignoir,7,etENwaR
8,éteindre,5,et5dR
6,éteint,3,et5
8,étendage,6,et@daZ
8,étendard,6,et@daR
8,étendoir,7,et@dwaR
7,étendre,5,et@dR
6,étendu,5,et@dy
7,étendue,5,et@dy
7,éternel,7,etERnEl
13,éternellement,10,etERnEl°m@
9,éterniser,8,etERnize
8,éternité,8,etERnite
11,éternuement,8,etERnym@
8,éternuer,7,etERn8e
6,éteule,4,et9l
6,éthane,4,etan
7,éthanol,6,etanOl
5,éther,4,etER
9,éthiopien,7,etjopj5
7,éthique,4,etik
11,éthiquement,7,etik°m@
9,éthologie,7,etoloZi
9,éthologue,6,EtOlOg
6,éthyle,4,etil
9,éthylique,6,etilik
9,éthylisme,7,etilizm
10,éthylotest,9,etilOtEst
8,éthylène,6,etilEn
9,éthérique,6,eteRik
6,éthéré,5,eteRe
6,étiage,5,etjaZ
5,étier,4,etje
10,étincelant,7,et5s°l@
9,étinceler,7,et5s°le
9,étincelle,6,et5sEl
13,étincellement,9,et5sEl°m@
10,étiolement,8,etjOl°m@
7,étioler,6,etjole
9,étiologie,8,etjOlOZi
11,étiologique,9,etjOlOZik
6,étique,4,etik
10,étiquetage,8,etik°taZ
9,étiqueter,7,etik°te
9,étiquette,6,etikEt
8,étirable,7,etiRabl
7,étirage,6,etiRaZ
9,étirement,7,etiR°m@
6,étirer,5,etiRe
6,étisie,5,etizi
6,étoffe,4,etOf
7,étoffer,5,etofe
6,étoffé,5,etofe
6,étoile,5,etwal
6,étoilé,6,etwale
5,étole,4,etOl
11,étonnamment,7,etonam@
8,étonnant,5,eton@
10,étonnement,7,etOn°m@
7,étonner,5,etone
6,étonné,5,etone
9,étouffant,5,etuf@
16,étouffe-chrétien,10,etufkRetj5
11,étouffement,6,etufm@
8,étouffer,5,etufe
9,étouffeur,6,etuf9R
9,étouffoir,7,etufwaR
7,étouffé,5,etufe
8,étouffée,5,etufe
6,étoupe,4,etup
10,étourderie,8,etuRd°Ri
7,étourdi,6,etuRdi
11,étourdiment,8,etuRdim@
8,étourdir,7,etuRdiR
12,étourdissant,8,etuRdis@
14,étourdissement,10,etuRdis°m@
9,étourneau,6,etuRno
7,étrange,5,etR@Z
11,étrangement,8,etR@Z°m@
8,étranger,6,etR@Ze
9,étrangeté,8,etR@Z°te
12,étranglement,9,etR@gl°m@
9,étrangler,7,etR@gle
10,étrangleur,8,etR@gl9R
8,étranglé,7,etR@gle
10,étrangéité,9,etR@Zeite
6,étrave,5,etRav
9,étreindre,6,etR5dR
8,étreinte,5,etR5t
7,étrenne,5,etREn
8,étrenner,6,etRene
6,étrier,6,etRije
9,étrillage,7,etRijaZ
7,étrille,5,etRij
8,étriller,6,etRije
8,étripage,7,etRipaZ
7,étriper,6,etRipe
7,étriqué,6,etRike
9,étrivière,8,etRivjER
6,étroit,5,etRwa
11,étroitement,9,etRwat°m@
10,étroitesse,8,etRwatEs
5,étron,4,etR§
8,étrusque,6,etRysk
7,étrécir,7,etResiR
13,étrécissement,10,etResis°m@
10,étrésillon,8,etRezij§
5,étude,4,etyd
8,étudiant,6,etydj@
7,étudier,6,etydje
6,étudié,6,etydje
4,étui,4,et8i
5,étuve,4,etyv
6,étuver,5,etyve
6,étuvée,5,etyve
10,étymologie,9,etimoloZi
12,étymologique,10,etimoloZik
16,étymologiquement,13,etimoloZik°m@
12,étymologiste,11,etimoloZist
3,été,3,ete
10,évacuation,9,evak8asj§
7,évacuer,6,evak8e
6,évacué,6,evak8e
6,évader,5,evade
5,évadé,5,evade
10,évaluateur,9,eval8at9R
10,évaluation,9,eval8asj§
7,évaluer,6,eval8e
11,évanescence,8,evanes@s
10,évanescent,7,evanes@
8,évangile,6,ev@Zil
12,évangéliaire,9,ev@ZeljER
11,évangélique,8,ev@Zelik
14,évangélisateur,12,ev@Zelizat9R
14,évangélisation,12,ev@Zelizasj§
11,évangéliser,9,ev@Zelize
11,évangéliste,9,ev@Zelist
7,évanoui,6,evanwi
8,évanouir,7,evanuiR
14,évanouissement,10,evanwis°m@
11,évaporateur,10,evapoRat9R
11,évaporation,10,evapoRasj§
8,évaporer,7,evapoRe
7,évaporé,7,evapoRe
9,évasement,7,evaz°m@
6,évaser,5,evaze
6,évasif,6,evazif
7,évasion,6,evazj§
11,évasivement,9,evaziv°m@
5,évasé,5,evaze
5,éveil,4,evEj
9,éveillant,5,evEj@
8,éveiller,5,eveje
9,éveilleur,6,evEj9R
7,éveillé,5,eveje
8,éveinage,6,evEnaZ
5,évent,3,ev@
8,éventail,6,ev@taj
9,éventaire,6,ev@tER
7,éventer,5,ev@te
11,éventration,9,ev@tRasj§
11,éventrement,8,ev@tR°m@
8,éventrer,6,ev@tRe
9,éventreur,7,ev@tR9R
7,éventré,6,ev@tRe
11,éventualité,10,ev@t8alite
8,éventuel,7,ev@t8El
14,éventuellement,10,ev@t8El°m@
6,éventé,5,ev@te
8,évergète,7,evERZEt
6,éversé,6,evERse
8,évertuer,7,evERtye
8,éviction,7,eviksj§
9,évidement,7,evid°m@
10,évidemment,7,evidam@
8,évidence,6,evid@s
7,évident,5,evid@
6,évider,5,evide
5,évidé,5,evide
5,évier,4,evje
7,évincer,5,ev5se
12,éviscération,10,eviseRasj§
9,éviscérer,7,eviseRe
8,évitable,7,evitabl
9,évitement,7,evit°m@
6,éviter,5,evite
6,évitée,5,evite
9,évocateur,8,evokat9R
9,évocation,8,evokasj§
7,évoluer,6,evol8e
8,évolutif,8,evolytif
9,évolution,8,evolysj§
14,évolutionniste,12,evolysjonist
6,évolué,6,evol8e
7,évoquer,5,evoke
9,évènement,7,evEn°m@
9,événement,7,evEn°m@
12,événementiel,11,even°m@sjEl
6,évêché,5,eveSe
6,évêque,4,evEk
3,éwé,3,eve
4,être,3,EtR
7,être-là,5,EtRla
3,île,2,il
6,îlette,4,ilEt
4,îlot,3,ilo
7,îlotier,6,ilotje
1,ô,1,o
4,ôter,3,ote
3,ôté,3,ote
